host_ms,board_ms,cycle_ms,seq,accepted,drops,consent,active,fault,stop_reason,left_mv,right_mv,forward_mm,lateral_right_mm,imu_deg,gyro_dps,motor_l1_mm,motor_l2_mm,motor_l3_mm,motor_r1_mm,motor_r2_mm,motor_r3_mm,session_mm,nexus_x_mm,nexus_y_mm,nexus_h_deg,lemlib_x_mm,lemlib_y_mm,lemlib_h_deg,interlocks
4,389884,10,2,2,0,0,0,0,7,0,0,168.167,3.351,0.13731,-0.000,165.458,51.003,167.533,173.238,57.227,173.757,173.757,3.929,168.203,0.13998,3.918,168.202,0.13725,2
48,389894,10,2,2,0,0,0,0,7,0,0,168.167,3.427,0.13733,-0.000,165.458,51.003,167.533,173.238,57.227,173.757,173.757,4.005,168.203,0.14000,3.918,168.202,0.13731,2
48,389904,10,2,2,0,0,0,0,7,0,0,168.167,3.351,0.13732,-0.000,165.458,51.003,167.533,173.238,57.227,173.757,173.757,3.929,168.203,0.13999,3.994,168.202,0.13733,2
48,389914,10,2,2,0,0,0,0,7,0,0,168.167,3.351,0.13735,-0.000,165.458,51.003,167.533,173.238,57.227,173.757,173.757,3.929,168.203,0.14003,3.918,168.202,0.13732,2
48,389924,10,2,2,0,0,0,0,7,0,0,168.167,3.427,0.13714,-0.000,165.458,51.003,167.533,173.238,57.227,173.757,173.757,4.005,168.203,0.13982,3.918,168.202,0.13735,2
64,389934,10,2,2,0,0,0,0,7,0,0,168.167,3.427,0.13703,-0.000,165.458,51.003,167.533,173.238,57.227,173.757,173.757,4.004,168.203,0.13970,3.993,168.202,0.13714,2
64,389944,10,2,2,0,0,0,0,7,0,0,168.167,3.351,0.13674,-0.000,165.458,51.003,167.533,173.238,57.227,173.757,173.757,3.929,168.203,0.13941,3.993,168.202,0.13703,2
79,389954,10,2,2,0,0,0,0,7,0,0,168.167,3.351,0.13687,-0.000,165.458,51.003,167.533,173.238,57.227,173.757,173.757,3.929,168.203,0.13955,3.918,168.202,0.13674,2
79,389964,10,2,2,0,0,0,0,7,0,0,168.167,3.427,0.13694,-0.000,165.458,51.003,167.533,173.238,57.227,173.757,173.757,4.004,168.203,0.13962,3.918,168.202,0.13687,2
96,389974,10,2,2,0,0,0,0,7,0,0,168.167,3.351,0.13713,-0.000,165.458,51.003,167.533,173.238,57.227,173.757,173.757,3.929,168.203,0.13981,3.993,168.202,0.13694,2
111,389984,10,2,2,0,0,0,0,7,0,0,168.167,3.427,0.13709,-0.000,165.458,51.003,167.533,173.238,57.227,173.757,173.757,4.004,168.203,0.13977,3.918,168.202,0.13713,2
111,389994,10,2,2,0,0,0,0,7,0,0,168.167,3.351,0.13704,-0.000,165.458,51.003,167.533,173.238,57.227,173.757,173.757,3.929,168.203,0.13972,3.993,168.202,0.13709,2
127,390004,10,2,2,0,0,0,0,7,0,0,168.167,3.427,0.13698,-0.000,165.458,51.003,167.533,173.238,57.227,173.757,173.757,4.004,168.203,0.13965,3.918,168.202,0.13704,2
142,390014,10,2,2,0,0,0,0,7,0,0,168.167,3.351,0.13686,-0.000,165.458,51.003,167.533,173.238,57.227,173.757,173.757,3.929,168.203,0.13953,3.993,168.202,0.13698,2
142,390024,10,2,2,0,0,0,0,7,0,0,168.167,3.351,0.13669,-0.000,165.458,51.003,167.533,173.238,57.227,173.757,173.757,3.929,168.203,0.13937,3.918,168.202,0.13686,2
158,390034,10,2,2,0,0,0,0,7,0,0,168.167,3.351,0.13658,-0.000,165.458,51.003,167.533,173.238,57.227,173.757,173.757,3.928,168.203,0.13926,3.917,168.202,0.13669,2
174,390044,10,2,2,0,0,0,0,7,0,0,168.167,3.427,0.13677,-0.000,165.458,51.003,167.533,173.238,57.227,173.757,173.757,4.004,168.203,0.13944,3.917,168.202,0.13658,2
174,390054,10,2,2,0,0,0,0,7,0,0,168.167,3.351,0.13686,-0.000,165.458,51.003,167.533,173.238,57.227,173.757,173.757,3.929,168.203,0.13954,3.993,168.202,0.13677,2
189,390064,10,2,2,0,0,0,0,7,0,0,168.167,3.427,0.13674,-0.000,165.458,51.003,167.533,173.238,57.227,173.757,173.757,4.004,168.203,0.13941,3.918,168.202,0.13686,2
189,390074,10,2,2,0,0,0,0,7,0,0,168.167,3.427,0.13677,-0.000,165.458,51.003,167.533,173.238,57.227,173.757,173.757,4.004,168.203,0.13945,3.993,168.202,0.13674,2
205,390084,10,2,2,0,0,0,0,7,0,0,168.167,3.351,0.13661,-0.000,165.458,51.003,167.533,173.238,57.227,173.757,173.757,3.929,168.203,0.13929,3.993,168.202,0.13677,2
221,390094,10,2,2,0,0,0,0,7,0,0,168.167,3.427,0.13655,-0.000,165.458,51.003,167.533,173.238,57.227,173.757,173.757,4.004,168.203,0.13923,3.917,168.202,0.13661,2
221,390104,10,2,2,0,0,0,0,7,0,0,168.167,3.351,0.13663,-0.000,165.458,51.003,167.533,173.238,57.227,173.757,173.757,3.929,168.203,0.13931,3.993,168.201,0.13655,2
237,390114,10,2,2,0,0,0,0,7,0,0,168.167,3.351,0.13666,-0.000,165.458,51.003,167.533,173.238,57.227,173.757,173.757,3.929,168.203,0.13933,3.917,168.202,0.13663,2
252,390124,10,2,2,0,0,0,0,7,0,0,168.167,3.351,0.13668,-0.000,165.458,51.003,167.533,173.238,57.227,173.757,173.757,3.929,168.203,0.13936,3.917,168.202,0.13666,2
252,390134,10,2,2,0,0,0,0,7,0,0,168.167,3.351,0.13661,-0.000,165.458,51.003,167.533,173.238,57.227,173.757,173.757,3.929,168.203,0.13928,3.917,168.202,0.13668,2
268,390144,10,2,2,0,0,0,0,7,0,0,168.167,3.427,0.13652,-0.000,165.458,51.003,167.533,173.238,57.227,173.757,173.757,4.004,168.203,0.13920,3.917,168.202,0.13661,2
284,390154,10,2,2,0,0,0,0,7,0,0,168.167,3.351,0.13664,-0.000,165.458,51.003,167.533,173.238,57.227,173.757,173.757,3.929,168.203,0.13931,3.993,168.201,0.13652,2
284,390164,10,2,2,0,0,0,0,7,0,0,168.167,3.351,0.13679,-0.000,165.458,51.003,167.533,173.238,57.227,173.757,173.757,3.929,168.203,0.13946,3.917,168.202,0.13664,2
300,390174,10,2,2,0,0,0,0,7,0,0,168.167,3.351,0.13672,-0.000,165.458,51.003,167.533,173.238,57.227,173.757,173.757,3.929,168.203,0.13940,3.918,168.202,0.13679,2
300,390184,10,2,2,0,0,0,0,7,0,0,168.167,3.351,0.13663,-0.000,165.458,51.003,167.533,173.238,57.227,173.757,173.757,3.929,168.203,0.13930,3.918,168.202,0.13672,2
315,390194,10,2,2,0,0,0,0,7,0,0,168.167,3.427,0.13683,-0.000,165.458,51.003,167.533,173.238,57.227,173.757,173.757,4.004,168.203,0.13950,3.917,168.202,0.13663,2
331,390204,10,2,2,0,0,0,0,7,0,0,168.167,3.427,0.13663,-0.000,165.458,51.003,167.533,173.238,57.227,173.757,173.757,4.004,168.203,0.13930,3.993,168.202,0.13683,2
331,390214,10,2,2,0,0,0,0,7,0,0,168.167,3.351,0.13649,-0.000,165.458,51.003,167.533,173.238,57.227,173.757,173.757,3.928,168.203,0.13917,3.993,168.202,0.13663,2
346,390224,10,2,2,0,0,0,0,7,0,0,168.167,3.351,0.13632,-0.000,165.458,51.003,167.533,173.238,57.227,173.757,173.757,3.928,168.203,0.13899,3.917,168.202,0.13649,2
363,390234,10,2,2,0,0,0,0,7,0,0,168.167,3.351,0.13633,-0.000,165.458,51.003,167.533,173.238,57.227,173.757,173.757,3.928,168.203,0.13901,3.917,168.202,0.13632,2
363,390244,10,2,2,0,0,0,0,7,0,0,168.167,3.427,0.13637,-0.000,165.458,51.003,167.533,173.238,57.227,173.757,173.757,4.004,168.203,0.13904,3.917,168.202,0.13633,2
378,390254,10,2,2,0,0,0,0,7,0,0,168.167,3.427,0.13637,-0.000,165.458,51.003,167.533,173.238,57.227,173.757,173.757,4.004,168.203,0.13904,3.992,168.201,0.13637,2
378,390264,10,2,2,0,0,0,0,7,0,0,168.167,3.427,0.13668,-0.000,165.458,51.003,167.533,173.238,57.227,173.757,173.757,4.004,168.203,0.13935,3.992,168.201,0.13637,2
394,390274,10,2,2,0,0,0,0,7,0,0,168.167,3.351,0.13667,-0.000,165.458,51.003,167.533,173.238,57.227,173.757,173.757,3.929,168.203,0.13934,3.993,168.202,0.13668,2
409,390284,10,2,2,0,0,0,0,7,0,0,168.167,3.351,0.13685,-0.000,165.458,51.003,167.533,173.238,57.227,173.757,173.757,3.929,168.203,0.13952,3.917,168.202,0.13667,2
409,390294,10,2,2,0,0,0,0,7,0,0,168.167,3.351,0.13690,-0.000,165.458,51.003,167.533,173.238,57.227,173.757,173.757,3.929,168.203,0.13957,3.918,168.202,0.13685,2
425,390304,10,2,2,0,0,0,0,7,0,0,168.167,3.351,0.13693,-0.000,165.458,51.003,167.533,173.238,57.227,173.757,173.757,3.929,168.203,0.13961,3.918,168.202,0.13690,2
441,390314,10,2,2,0,0,0,0,7,0,0,168.167,3.351,0.13683,-0.000,165.458,51.003,167.533,173.238,57.227,173.757,173.757,3.929,168.203,0.13950,3.918,168.202,0.13693,2
441,390324,10,2,2,0,0,0,0,7,0,0,168.167,3.427,0.13685,-0.000,165.458,51.003,167.533,173.238,57.227,173.757,173.757,4.004,168.203,0.13953,3.918,168.202,0.13683,2
457,390334,10,2,2,0,0,0,0,7,0,0,168.167,3.351,0.13685,-0.000,165.458,51.003,167.533,173.238,57.227,173.757,173.757,3.929,168.203,0.13953,3.993,168.202,0.13685,2
472,390344,10,2,2,0,0,0,0,7,0,0,168.167,3.427,0.13672,-0.000,165.458,51.003,167.533,173.238,57.227,173.757,173.757,4.004,168.203,0.13940,3.918,168.202,0.13685,2
472,390354,10,2,2,0,0,0,0,7,0,0,168.167,3.427,0.13695,-0.000,165.458,51.003,167.533,173.238,57.227,173.757,173.757,4.004,168.203,0.13962,3.993,168.202,0.13672,2
488,390364,10,2,2,0,0,0,0,7,0,0,168.167,3.351,0.13684,-0.000,165.458,51.003,167.533,173.238,57.227,173.757,173.757,3.929,168.203,0.13951,3.993,168.202,0.13695,2
504,390374,10,2,2,0,0,0,0,7,0,0,168.167,3.351,0.13674,-0.000,165.458,51.003,167.533,173.238,57.227,173.757,173.757,3.929,168.203,0.13941,3.918,168.202,0.13684,2
504,390384,10,2,2,0,0,0,0,7,0,0,168.167,3.351,0.13676,-0.000,165.458,51.003,167.533,173.238,57.227,173.757,173.757,3.929,168.203,0.13943,3.918,168.202,0.13674,2
520,390394,10,2,2,0,0,0,0,7,0,0,168.167,3.351,0.13699,-0.000,165.458,51.003,167.533,173.238,57.227,173.757,173.757,3.929,168.203,0.13966,3.918,168.202,0.13676,2
520,390404,10,2,2,0,0,0,0,7,0,0,168.167,3.427,0.13700,-0.000,165.458,51.003,167.533,173.238,57.227,173.757,173.757,4.004,168.203,0.13967,3.918,168.202,0.13699,2
535,390414,10,2,2,0,0,0,0,7,0,0,168.167,3.351,0.13696,-0.000,165.458,51.003,167.533,173.238,57.227,173.757,173.757,3.929,168.203,0.13963,3.993,168.202,0.13700,2
550,390424,10,2,2,0,0,0,0,7,0,0,168.167,3.427,0.13687,-0.000,165.458,51.003,167.533,173.238,57.227,173.757,173.757,4.004,168.203,0.13954,3.918,168.202,0.13696,2
550,390434,10,2,2,0,0,0,0,7,0,0,168.167,3.351,0.13673,-0.000,165.458,51.003,167.533,173.238,57.227,173.757,173.757,3.929,168.203,0.13941,3.993,168.202,0.13687,2
566,390444,10,2,2,0,0,0,0,7,0,0,168.167,3.427,0.13670,-0.000,165.458,51.003,167.533,173.238,57.227,173.757,173.757,4.004,168.203,0.13938,3.918,168.202,0.13673,2
582,390454,10,2,2,0,0,0,0,7,0,0,168.167,3.351,0.13684,-0.000,165.458,51.003,167.533,173.238,57.227,173.757,173.757,3.929,168.203,0.13951,3.993,168.202,0.13670,2
582,390464,10,2,2,0,0,0,0,7,0,0,168.167,3.351,0.13681,-0.000,165.458,51.003,167.533,173.238,57.227,173.757,173.757,3.929,168.203,0.13948,3.918,168.202,0.13684,2
598,390474,10,2,2,0,0,0,0,7,0,0,168.167,3.427,0.13694,-0.000,165.458,51.003,167.533,173.238,57.227,173.757,173.757,4.004,168.203,0.13962,3.918,168.202,0.13681,2
614,390484,10,2,2,0,0,0,0,7,0,0,168.167,3.351,0.13688,-0.000,165.458,51.003,167.533,173.238,57.227,173.757,173.757,3.929,168.203,0.13955,3.993,168.202,0.13694,2
614,390494,10,2,2,0,0,0,0,7,0,0,168.167,3.427,0.13695,-0.000,165.458,51.003,167.533,173.238,57.227,173.757,173.757,4.004,168.203,0.13962,3.918,168.202,0.13688,2
629,390504,10,2,2,0,0,0,0,7,0,0,168.167,3.351,0.13689,-0.000,165.458,51.003,167.533,173.238,57.227,173.757,173.757,3.929,168.203,0.13957,3.993,168.202,0.13695,2
629,390514,10,2,2,0,0,0,0,7,0,0,168.167,3.427,0.13701,-0.000,165.458,51.003,167.533,173.238,57.227,173.757,173.757,4.004,168.203,0.13968,3.918,168.202,0.13689,2
645,390524,10,2,2,0,0,0,0,7,0,0,168.167,3.427,0.13704,-0.000,165.458,51.003,167.533,173.238,57.227,173.757,173.757,4.004,168.203,0.13971,3.993,168.202,0.13701,2
660,390534,10,2,2,0,0,0,0,7,0,0,168.167,3.427,0.13684,-0.000,165.458,51.003,167.533,173.238,57.227,173.757,173.757,4.004,168.203,0.13952,3.993,168.202,0.13704,2
660,390544,10,2,2,0,0,0,0,7,0,0,168.167,3.351,0.13668,-0.000,165.458,51.003,167.533,173.238,57.227,173.757,173.757,3.929,168.203,0.13935,3.993,168.202,0.13684,2
676,390554,10,2,2,0,0,0,0,7,0,0,168.167,3.427,0.13660,-0.000,165.458,51.003,167.533,173.238,57.227,173.757,173.757,4.004,168.203,0.13928,3.917,168.202,0.13668,2
692,390564,10,2,2,0,0,0,0,7,0,0,168.167,3.351,0.13653,-0.000,165.458,51.003,167.533,173.238,57.227,173.757,173.757,3.928,168.203,0.13920,3.993,168.201,0.13660,2
692,390574,10,2,2,0,0,0,0,7,0,0,168.167,3.427,0.13663,-0.000,165.458,51.003,167.533,173.238,57.227,173.757,173.757,4.004,168.203,0.13931,3.917,168.202,0.13653,2
708,390584,10,2,2,0,0,0,0,7,0,0,168.167,3.427,0.13680,-0.000,165.458,51.003,167.533,173.238,57.227,173.757,173.757,4.004,168.203,0.13948,3.993,168.201,0.13663,2
739,390594,10,2,2,0,0,0,0,7,0,0,168.167,3.351,0.13662,-0.000,165.458,51.003,167.533,173.238,57.227,173.757,173.757,3.929,168.203,0.13930,3.993,168.202,0.13680,2
739,390604,10,2,2,0,0,0,0,7,0,0,168.167,3.427,0.13645,-0.000,165.458,51.003,167.533,173.238,57.227,173.757,173.757,4.004,168.203,0.13912,3.917,168.202,0.13662,2
739,390614,10,2,2,0,0,0,0,7,0,0,168.167,3.351,0.13639,-0.000,165.458,51.003,167.533,173.238,57.227,173.757,173.757,3.928,168.203,0.13907,3.993,168.201,0.13645,2
739,390624,10,2,2,0,0,0,0,7,0,0,168.167,3.351,0.13642,-0.000,165.458,51.003,167.533,173.238,57.227,173.757,173.757,3.928,168.203,0.13909,3.917,168.202,0.13639,2
754,390634,10,2,2,0,0,0,0,7,0,0,168.167,3.427,0.13657,-0.000,165.458,51.003,167.533,173.238,57.227,173.757,173.757,4.004,168.203,0.13925,3.917,168.202,0.13642,2
771,390644,10,2,2,0,0,0,0,7,0,0,168.167,3.427,0.13671,-0.000,165.458,51.003,167.533,173.238,57.227,173.757,173.757,4.004,168.203,0.13939,3.993,168.201,0.13657,2
771,390654,10,2,2,0,0,0,0,7,0,0,168.167,3.351,0.13691,-0.000,165.458,51.003,167.533,173.238,57.227,173.757,173.757,3.929,168.203,0.13958,3.993,168.202,0.13671,2
786,390664,10,2,2,0,0,0,0,7,0,0,168.167,3.351,0.13699,-0.000,165.458,51.003,167.533,173.238,57.227,173.757,173.757,3.929,168.203,0.13966,3.918,168.202,0.13691,2
803,390674,10,2,2,0,0,0,0,7,0,0,168.167,3.427,0.13700,-0.000,165.458,51.003,167.533,173.238,57.227,173.757,173.757,4.004,168.203,0.13968,3.918,168.202,0.13699,2
803,390684,10,2,2,0,0,0,0,7,0,0,168.167,3.351,0.13708,-0.000,165.458,51.003,167.533,173.238,57.227,173.757,173.757,3.929,168.203,0.13976,3.993,168.202,0.13700,2
833,390694,10,2,2,0,0,0,0,7,0,0,168.167,3.351,0.13712,-0.000,165.458,51.003,167.533,173.238,57.227,173.757,173.757,3.929,168.203,0.13980,3.918,168.202,0.13708,2
833,390704,10,2,2,0,0,0,0,7,0,0,168.167,3.351,0.13702,-0.000,165.458,51.003,167.533,173.238,57.227,173.757,173.757,3.929,168.203,0.13969,3.918,168.202,0.13712,2
833,390714,10,2,2,0,0,0,0,7,0,0,168.167,3.351,0.13702,-0.000,165.458,51.003,167.533,173.238,57.227,173.757,173.757,3.929,168.203,0.13969,3.918,168.202,0.13702,2
848,390724,10,2,2,0,0,0,0,7,0,0,168.167,3.427,0.13687,-0.000,165.458,51.003,167.533,173.238,57.227,173.757,173.757,4.004,168.203,0.13954,3.918,168.202,0.13702,2
864,390734,10,2,2,0,0,0,0,7,0,0,168.167,3.427,0.13687,-0.000,165.458,51.003,167.533,173.238,57.227,173.757,173.757,4.004,168.203,0.13955,3.993,168.202,0.13687,2
864,390744,10,2,2,0,0,0,0,7,0,0,168.167,3.427,0.13699,-0.000,165.458,51.003,167.533,173.238,57.227,173.757,173.757,4.004,168.203,0.13966,3.993,168.202,0.13687,2
880,390754,10,2,2,0,0,0,0,7,0,0,168.167,3.351,0.13717,-0.000,165.458,51.003,167.533,173.238,57.227,173.757,173.757,3.929,168.203,0.13984,3.993,168.202,0.13699,2
880,390764,10,2,2,0,0,0,0,7,0,0,168.167,3.427,0.13722,-0.000,165.458,51.003,167.533,173.238,57.227,173.757,173.757,4.005,168.203,0.13989,3.918,168.202,0.13717,2
895,390774,10,2,2,0,0,0,0,7,0,0,168.167,3.427,0.13707,-0.000,165.458,51.003,167.533,173.238,57.227,173.757,173.757,4.004,168.203,0.13974,3.993,168.202,0.13722,2
911,390784,10,2,2,0,0,0,0,7,0,0,168.167,3.427,0.13697,-0.000,165.458,51.003,167.533,173.238,57.227,173.757,173.757,4.004,168.203,0.13964,3.993,168.202,0.13707,2
911,390794,10,2,2,0,0,0,0,7,0,0,168.167,3.351,0.13682,-0.000,165.458,51.003,167.533,173.238,57.227,173.757,173.757,3.929,168.203,0.13949,3.993,168.202,0.13697,2
927,390804,10,2,2,0,0,0,0,7,0,0,168.167,3.351,0.13699,-0.000,165.458,51.003,167.533,173.238,57.227,173.757,173.757,3.929,168.203,0.13966,3.918,168.202,0.13682,2
958,390814,10,2,2,0,0,0,0,7,0,0,168.167,3.427,0.13694,-0.000,165.458,51.003,167.533,173.238,57.227,173.757,173.757,4.004,168.203,0.13961,3.918,168.202,0.13699,2
958,390824,10,2,2,0,0,0,0,7,0,0,168.167,3.351,0.13696,-0.000,165.458,51.003,167.533,173.238,57.227,173.757,173.757,3.929,168.203,0.13964,3.993,168.202,0.13694,2
958,390834,10,2,2,0,0,0,0,7,0,0,168.167,3.351,0.13679,-0.000,165.458,51.003,167.533,173.238,57.227,173.757,173.757,3.929,168.203,0.13947,3.918,168.202,0.13696,2
958,390844,10,2,2,0,0,0,0,7,0,0,168.167,3.351,0.13670,-0.000,165.458,51.003,167.533,173.238,57.227,173.757,173.757,3.929,168.203,0.13938,3.918,168.202,0.13679,2
990,390854,10,2,2,0,0,0,0,7,0,0,168.167,3.351,0.13677,-0.000,165.458,51.003,167.533,173.238,57.227,173.757,173.757,3.929,168.203,0.13945,3.917,168.202,0.13670,2
990,390864,10,2,2,0,0,0,0,7,0,0,168.167,3.427,0.13693,-0.000,165.458,51.003,167.533,173.238,57.227,173.757,173.757,4.004,168.203,0.13961,3.918,168.202,0.13677,2
990,390874,10,2,2,0,0,0,0,7,0,0,168.167,3.427,0.13682,-0.000,165.458,51.003,167.533,173.238,57.227,173.757,173.757,4.004,168.203,0.13950,3.993,168.202,0.13693,2
1007,390884,10,2,2,0,0,0,0,7,0,0,168.167,3.351,0.13672,-0.000,165.458,51.003,167.533,173.238,57.227,173.757,173.757,3.929,168.203,0.13939,3.993,168.202,0.13682,2
1023,390894,10,2,2,0,0,0,0,7,0,0,168.167,3.351,0.13691,-0.000,165.458,51.003,167.533,173.238,57.227,173.757,173.757,3.929,168.203,0.13958,3.918,168.202,0.13672,2
1023,390904,10,2,2,0,0,0,0,7,0,0,168.167,3.351,0.13712,-0.000,165.458,51.003,167.533,173.238,57.227,173.757,173.757,3.929,168.203,0.13979,3.918,168.202,0.13691,2
1038,390914,10,2,2,0,0,0,0,7,0,0,168.167,3.427,0.13714,-0.000,165.458,51.003,167.533,173.238,57.227,173.757,173.757,4.005,168.203,0.13982,3.918,168.202,0.13712,2
1054,390924,10,2,2,0,0,0,0,7,0,0,168.167,3.351,0.13681,-0.000,165.458,51.003,167.533,173.238,57.227,173.757,173.757,3.929,168.203,0.13949,3.993,168.202,0.13714,2
1054,390934,10,2,2,0,0,0,0,7,0,0,168.167,3.351,0.13689,-0.000,165.458,51.003,167.533,173.238,57.227,173.757,173.757,3.929,168.203,0.13957,3.918,168.202,0.13681,2
1070,390944,10,2,2,0,0,0,0,7,0,0,168.167,3.427,0.13682,-0.000,165.458,51.003,167.533,173.238,57.227,173.757,173.757,4.004,168.203,0.13950,3.918,168.202,0.13689,2
1070,390954,10,2,2,0,0,0,0,7,0,0,168.167,3.427,0.13664,-0.000,165.458,51.003,167.533,173.238,57.227,173.757,173.757,4.004,168.203,0.13932,3.993,168.202,0.13682,2
1086,390964,10,2,2,0,0,0,0,7,0,0,168.167,3.427,0.13683,-0.000,165.458,51.003,167.533,173.238,57.227,173.757,173.757,4.004,168.203,0.13951,3.993,168.201,0.13664,2
1101,390974,10,2,2,0,0,0,0,7,0,0,168.167,3.351,0.13664,-0.000,165.458,51.003,167.533,173.238,57.227,173.757,173.757,3.929,168.203,0.13931,3.993,168.202,0.13683,2
1101,390984,10,2,2,0,0,0,0,7,0,0,168.167,3.351,0.13661,-0.000,165.458,51.003,167.533,173.238,57.227,173.757,173.757,3.929,168.203,0.13929,3.917,168.202,0.13664,2
1116,390994,10,2,2,0,0,0,0,7,0,0,168.167,3.427,0.13670,-0.000,165.458,51.003,167.533,173.238,57.227,173.757,173.757,4.004,168.203,0.13938,3.917,168.202,0.13661,2
1132,391004,10,2,2,0,0,0,0,7,0,0,168.167,3.351,0.13687,-0.000,165.458,51.003,167.533,173.238,57.227,173.757,173.757,3.929,168.203,0.13955,3.993,168.201,0.13670,2
1132,391014,10,2,2,0,0,0,0,7,0,0,168.167,3.427,0.13690,-0.000,165.458,51.003,167.533,173.238,57.227,173.757,173.757,4.004,168.203,0.13957,3.918,168.202,0.13687,2
1149,391024,10,2,2,0,0,0,0,7,0,0,168.167,3.427,0.13698,-0.000,165.458,51.003,167.533,173.238,57.227,173.757,173.757,4.004,168.203,0.13966,3.993,168.202,0.13690,2
1149,391034,10,2,2,0,0,0,0,7,0,0,168.167,3.351,0.13717,-0.000,165.458,51.003,167.533,173.238,57.227,173.757,173.757,3.929,168.203,0.13984,3.993,168.202,0.13698,2
1163,391044,10,2,2,0,0,0,0,7,0,0,168.167,3.427,0.13703,-0.000,165.458,51.003,167.533,173.238,57.227,173.757,173.757,4.004,168.203,0.13971,3.918,168.202,0.13717,2
1179,391054,10,2,2,0,0,0,0,7,0,0,168.167,3.351,0.13689,-0.000,165.458,51.003,167.533,173.238,57.227,173.757,173.757,3.929,168.203,0.13956,3.993,168.202,0.13703,2
1179,391064,10,2,2,0,0,0,0,7,0,0,168.167,3.351,0.13685,-0.000,165.458,51.003,167.533,173.238,57.227,173.757,173.757,3.929,168.203,0.13952,3.918,168.202,0.13689,2
1195,391074,10,2,2,0,0,0,0,7,0,0,168.167,3.427,0.13668,-0.000,165.458,51.003,167.533,173.238,57.227,173.757,173.757,4.004,168.203,0.13935,3.918,168.202,0.13685,2
1211,391084,10,2,2,0,0,0,0,7,0,0,168.167,3.427,0.13669,-0.000,165.458,51.003,167.533,173.238,57.227,173.757,173.757,4.004,168.203,0.13936,3.993,168.201,0.13668,2
1211,391094,10,2,2,0,0,0,0,7,0,0,168.167,3.351,0.13674,-0.000,165.458,51.003,167.533,173.238,57.227,173.757,173.757,3.929,168.203,0.13942,3.993,168.201,0.13669,2
1226,391104,10,2,2,0,0,0,0,7,0,0,168.167,3.351,0.13655,-0.000,165.458,51.003,167.533,173.238,57.227,173.757,173.757,3.928,168.203,0.13922,3.918,168.202,0.13674,2
1242,391114,10,2,2,0,0,0,0,7,0,0,168.167,3.351,0.13648,-0.000,165.458,51.003,167.533,173.238,57.227,173.757,173.757,3.928,168.203,0.13916,3.917,168.202,0.13655,2
1242,391124,10,2,2,0,0,0,0,7,0,0,168.167,3.351,0.13630,-0.000,165.458,51.003,167.533,173.238,57.227,173.757,173.757,3.928,168.203,0.13897,3.917,168.202,0.13648,2
1258,391134,10,2,2,0,0,0,0,7,0,0,168.167,3.351,0.13658,-0.000,165.458,51.003,167.533,173.238,57.227,173.757,173.757,3.928,168.203,0.13926,3.917,168.202,0.13630,2
1273,391144,10,2,2,0,0,0,0,7,0,0,168.167,3.351,0.13673,-0.000,165.458,51.003,167.533,173.238,57.227,173.757,173.757,3.929,168.203,0.13940,3.917,168.202,0.13658,2
1273,391154,10,2,2,0,0,0,0,7,0,0,168.167,3.427,0.13692,-0.000,165.458,51.003,167.533,173.238,57.227,173.757,173.757,4.004,168.203,0.13959,3.918,168.202,0.13673,2
1288,391164,10,2,2,0,0,0,0,7,0,0,168.167,3.351,0.13659,-0.000,165.458,51.003,167.533,173.238,57.227,173.757,173.757,3.928,168.203,0.13927,3.993,168.202,0.13692,2
1304,391174,10,2,2,0,0,0,0,7,0,0,168.167,3.351,0.13657,-0.000,165.458,51.003,167.533,173.238,57.227,173.757,173.757,3.928,168.203,0.13925,3.917,168.202,0.13659,2
1304,391184,10,2,2,0,0,0,0,7,0,0,168.167,3.351,0.13684,-0.000,165.458,51.003,167.533,173.238,57.227,173.757,173.757,3.929,168.203,0.13951,3.917,168.202,0.13657,2
1320,391194,10,2,2,0,0,0,0,7,0,0,168.167,3.351,0.13713,-0.000,165.458,51.003,167.533,173.238,57.227,173.757,173.757,3.929,168.203,0.13980,3.918,168.202,0.13684,2
1320,391204,10,2,2,0,0,0,0,7,0,0,168.167,3.351,0.13703,-0.000,165.458,51.003,167.533,173.238,57.227,173.757,173.757,3.929,168.203,0.13971,3.918,168.202,0.13713,2
1336,391214,10,2,2,0,0,0,0,7,0,0,168.167,3.427,0.13676,-0.000,165.458,51.003,167.533,173.238,57.227,173.757,173.757,4.004,168.203,0.13944,3.918,168.202,0.13703,2
1352,391224,10,2,2,0,0,0,0,7,0,0,168.167,3.427,0.13666,-0.000,165.458,51.003,167.533,173.238,57.227,173.757,173.757,4.004,168.203,0.13933,3.993,168.202,0.13676,2
1352,391234,10,2,2,0,0,0,0,7,0,0,168.167,3.427,0.13647,-0.000,165.458,51.003,167.533,173.238,57.227,173.757,173.757,4.004,168.203,0.13914,3.993,168.201,0.13666,2
1367,391244,10,2,2,0,0,0,0,7,0,0,168.167,3.427,0.13634,-0.000,165.458,51.003,167.533,173.238,57.227,173.757,173.757,4.004,168.203,0.13901,3.993,168.201,0.13647,2
1383,391254,10,2,2,0,0,0,0,7,0,0,168.167,3.351,0.13618,-0.000,165.458,51.003,167.533,173.238,57.227,173.757,173.757,3.928,168.203,0.13886,3.992,168.201,0.13634,2
1383,391264,10,2,2,0,0,0,0,7,0,0,168.167,3.427,0.13598,-0.000,165.458,51.003,167.533,173.238,57.227,173.757,173.757,4.003,168.202,0.13866,3.917,168.201,0.13618,2
1398,391274,10,2,2,0,0,0,0,7,0,0,168.167,3.427,0.13627,-0.000,165.458,51.003,167.533,173.238,57.227,173.757,173.757,4.003,168.203,0.13894,3.992,168.201,0.13598,2
1413,391284,10,2,2,0,0,0,0,7,0,0,168.167,3.351,0.13634,-0.000,165.458,51.003,167.533,173.238,57.227,173.757,173.757,3.928,168.203,0.13902,3.992,168.201,0.13627,2
1413,391294,10,2,2,0,0,0,0,7,0,0,168.167,3.427,0.13646,-0.000,165.458,51.003,167.533,173.238,57.227,173.757,173.757,4.004,168.203,0.13913,3.917,168.202,0.13634,2
1429,391304,10,2,2,0,0,0,0,7,0,0,168.167,3.351,0.13656,-0.000,165.458,51.003,167.533,173.238,57.227,173.757,173.757,3.928,168.203,0.13923,3.993,168.201,0.13646,2
1429,391314,10,2,2,0,0,0,0,7,0,0,168.167,3.427,0.13652,-0.000,165.458,51.003,167.533,173.238,57.227,173.757,173.757,4.004,168.203,0.13920,3.917,168.202,0.13656,2
1444,391324,10,2,2,0,0,0,0,7,0,0,168.167,3.351,0.13643,-0.000,165.458,51.003,167.533,173.238,57.227,173.757,173.757,3.928,168.203,0.13911,3.993,168.201,0.13652,2
1472,391334,10,2,2,0,0,0,0,7,0,0,168.167,3.351,0.13670,-0.000,165.458,51.003,167.533,173.238,57.227,173.757,173.757,3.929,168.203,0.13937,3.917,168.202,0.13643,2
1472,391344,10,2,2,0,0,0,0,7,0,0,168.167,3.427,0.13679,-0.000,165.458,51.003,167.533,173.238,57.227,173.757,173.757,4.004,168.203,0.13946,3.917,168.202,0.13670,2
1472,391354,10,2,2,0,0,0,0,7,0,0,168.167,3.351,0.13690,-0.000,165.458,51.003,167.533,173.238,57.227,173.757,173.757,3.929,168.203,0.13957,3.993,168.202,0.13679,2
1512,391364,10,2,2,0,0,0,0,7,0,0,168.167,3.427,0.13678,-0.000,165.458,51.003,167.533,173.238,57.227,173.757,173.757,4.004,168.203,0.13946,3.918,168.202,0.13690,2
1512,391374,10,2,2,0,0,0,0,7,0,0,168.167,3.427,0.13697,-0.000,165.458,51.003,167.533,173.238,57.227,173.757,173.757,4.004,168.203,0.13964,3.993,168.202,0.13678,2
1512,391384,10,2,2,0,0,0,0,7,0,0,168.167,3.427,0.13695,-0.000,165.458,51.003,167.533,173.238,57.227,173.757,173.757,4.004,168.203,0.13963,3.993,168.202,0.13697,2
1512,391394,10,2,2,0,0,0,0,7,0,0,168.167,3.351,0.13671,-0.000,165.458,51.003,167.533,173.238,57.227,173.757,173.757,3.929,168.203,0.13938,3.993,168.202,0.13695,2
1529,391404,10,2,2,0,0,0,0,7,0,0,168.167,3.427,0.13665,-0.000,165.458,51.003,167.533,173.238,57.227,173.757,173.757,4.004,168.203,0.13932,3.917,168.202,0.13671,2
1529,391414,10,2,2,0,0,0,0,7,0,0,168.167,3.351,0.13671,-0.000,165.458,51.003,167.533,173.238,57.227,173.757,173.757,3.929,168.203,0.13938,3.993,168.201,0.13665,2
1554,391424,10,2,2,0,0,0,0,7,0,0,168.167,3.427,0.13671,-0.000,165.458,51.003,167.533,173.238,57.227,173.757,173.757,4.004,168.203,0.13939,3.917,168.202,0.13671,2
1554,391434,10,2,2,0,0,0,0,7,0,0,168.167,3.351,0.13668,-0.000,165.458,51.003,167.533,173.238,57.227,173.757,173.757,3.929,168.203,0.13936,3.993,168.202,0.13671,2
1569,391444,10,2,2,0,0,0,0,7,0,0,168.167,3.427,0.13655,-0.000,165.458,51.003,167.533,173.238,57.227,173.757,173.757,4.004,168.203,0.13923,3.917,168.202,0.13668,2
1569,391454,10,2,2,0,0,0,0,7,0,0,168.167,3.351,0.13649,-0.000,165.458,51.003,167.533,173.238,57.227,173.757,173.757,3.928,168.203,0.13916,3.993,168.201,0.13655,2
1585,391464,10,2,2,0,0,0,0,7,0,0,168.167,3.351,0.13648,-0.000,165.458,51.003,167.533,173.238,57.227,173.757,173.757,3.928,168.203,0.13915,3.917,168.202,0.13649,2
1600,391474,10,2,2,0,0,0,0,7,0,0,168.167,3.427,0.13674,-0.000,165.458,51.003,167.533,173.238,57.227,173.757,173.757,4.004,168.203,0.13941,3.917,168.202,0.13648,2
1600,391484,10,2,2,0,0,0,0,7,0,0,168.167,3.427,0.13702,-0.000,165.458,51.003,167.533,173.238,57.227,173.757,173.757,4.004,168.203,0.13970,3.993,168.202,0.13674,2
1616,391494,10,2,2,0,0,0,0,7,0,0,168.167,3.351,0.13710,-0.000,165.458,51.003,167.533,173.238,57.227,173.757,173.757,3.929,168.203,0.13978,3.993,168.202,0.13702,2
1647,391504,10,2,2,0,0,0,0,7,0,0,168.167,3.351,0.13711,-0.000,165.458,51.003,167.533,173.238,57.227,173.757,173.757,3.929,168.203,0.13979,3.918,168.202,0.13710,2
1647,391514,10,2,2,0,0,0,0,7,0,0,168.167,3.351,0.13715,-0.000,165.458,51.003,167.533,173.238,57.227,173.757,173.757,3.929,168.203,0.13983,3.918,168.202,0.13711,2
1647,391524,10,2,2,0,0,0,0,7,0,0,168.167,3.427,0.13713,-0.000,165.458,51.003,167.533,173.238,57.227,173.757,173.757,4.005,168.203,0.13981,3.918,168.202,0.13715,2
1663,391534,10,2,2,0,0,0,0,7,0,0,168.167,3.351,0.13710,-0.000,165.458,51.003,167.533,173.238,57.227,173.757,173.757,3.929,168.203,0.13977,3.993,168.202,0.13713,2
1663,391544,10,2,2,0,0,0,0,7,0,0,168.167,3.427,0.13695,-0.000,165.458,51.003,167.533,173.238,57.227,173.757,173.757,4.004,168.203,0.13962,3.918,168.202,0.13710,2
1679,391554,10,2,2,0,0,0,0,7,0,0,168.167,3.427,0.13681,-0.000,165.458,51.003,167.533,173.238,57.227,173.757,173.757,4.004,168.203,0.13949,3.993,168.202,0.13695,2
1679,391564,10,2,2,0,0,0,0,7,0,0,168.167,3.351,0.13666,-0.000,165.458,51.003,167.533,173.238,57.227,173.757,173.757,3.929,168.203,0.13934,3.993,168.202,0.13681,2
1694,391574,10,2,2,0,0,0,0,7,0,0,168.167,3.351,0.13659,-0.000,165.458,51.003,167.533,173.238,57.227,173.757,173.757,3.928,168.203,0.13927,3.917,168.202,0.13666,2
1709,391584,10,2,2,0,0,0,0,7,0,0,168.167,3.427,0.13664,-0.000,165.458,51.003,167.533,173.238,57.227,173.757,173.757,4.004,168.203,0.13931,3.917,168.202,0.13659,2
1709,391594,10,2,2,0,0,0,0,7,0,0,168.167,3.427,0.13670,-0.000,165.458,51.003,167.533,173.238,57.227,173.757,173.757,4.004,168.203,0.13937,3.993,168.201,0.13664,2
1726,391604,10,2,2,0,0,0,0,7,0,0,168.167,3.351,0.13678,-0.000,165.458,51.003,167.533,173.238,57.227,173.757,173.757,3.929,168.203,0.13945,3.993,168.201,0.13670,2
1756,391614,10,2,2,0,0,0,0,7,0,0,168.167,3.427,0.13670,-0.000,165.458,51.003,167.533,173.238,57.227,173.757,173.757,4.004,168.203,0.13938,3.918,168.202,0.13678,2
1756,391624,10,2,2,0,0,0,0,7,0,0,168.167,3.427,0.13669,-0.000,165.458,51.003,167.533,173.238,57.227,173.757,173.757,4.004,168.203,0.13937,3.993,168.201,0.13670,2
1756,391634,10,2,2,0,0,0,0,7,0,0,168.167,3.351,0.13665,-0.000,165.458,51.003,167.533,173.238,57.227,173.757,173.757,3.929,168.203,0.13932,3.993,168.201,0.13669,2
1772,391644,10,2,2,0,0,0,0,7,0,0,168.167,3.351,0.13686,-0.000,165.458,51.003,167.533,173.238,57.227,173.757,173.757,3.929,168.203,0.13953,3.917,168.202,0.13665,2
1772,391654,10,2,2,0,0,0,0,7,0,0,168.167,3.351,0.13663,-0.000,165.458,51.003,167.533,173.238,57.227,173.757,173.757,3.929,168.203,0.13931,3.918,168.202,0.13686,2
1803,391664,10,2,2,0,0,0,0,7,0,0,168.167,3.427,0.13667,-0.000,165.458,51.003,167.533,173.238,57.227,173.757,173.757,4.004,168.203,0.13935,3.917,168.202,0.13663,2
1803,391674,10,2,2,0,0,0,0,7,0,0,168.167,3.351,0.13662,-0.000,165.458,51.003,167.533,173.238,57.227,173.757,173.757,3.929,168.203,0.13930,3.993,168.201,0.13667,2
1803,391684,10,2,2,0,0,0,0,7,0,0,168.167,3.427,0.13657,-0.000,165.458,51.003,167.533,173.238,57.227,173.757,173.757,4.004,168.203,0.13925,3.917,168.202,0.13662,2
1819,391694,10,2,2,0,0,0,0,7,0,0,168.167,3.427,0.13657,-0.000,165.458,51.003,167.533,173.238,57.227,173.757,173.757,4.004,168.203,0.13925,3.993,168.201,0.13657,2
1819,391704,10,2,2,0,0,0,0,7,0,0,168.167,3.427,0.13627,-0.000,165.458,51.003,167.533,173.238,57.227,173.757,173.757,4.003,168.203,0.13894,3.993,168.201,0.13657,2
1850,391714,10,2,2,0,0,0,0,7,0,0,168.167,3.351,0.13635,-0.000,165.458,51.003,167.533,173.238,57.227,173.757,173.757,3.928,168.203,0.13902,3.992,168.201,0.13627,2
1850,391724,10,2,2,0,0,0,0,7,0,0,168.167,3.351,0.13669,-0.000,165.458,51.003,167.533,173.238,57.227,173.757,173.757,3.929,168.203,0.13936,3.917,168.202,0.13635,2
1850,391734,10,2,2,0,0,0,0,7,0,0,168.167,3.427,0.13655,-0.000,165.458,51.003,167.533,173.238,57.227,173.757,173.757,4.004,168.203,0.13922,3.917,168.202,0.13669,2
1881,391744,10,2,2,0,0,0,0,7,0,0,168.167,3.351,0.13649,-0.000,165.458,51.003,167.533,173.238,57.227,173.757,173.757,3.928,168.203,0.13917,3.993,168.201,0.13655,2
1881,391754,10,2,2,0,0,0,0,7,0,0,168.167,3.351,0.13657,-0.000,165.458,51.003,167.533,173.238,57.227,173.757,173.757,3.928,168.203,0.13924,3.917,168.202,0.13649,2
1881,391764,10,2,2,0,0,0,0,7,0,0,168.167,3.427,0.13657,-0.000,165.458,51.003,167.533,173.238,57.227,173.757,173.757,4.004,168.203,0.13925,3.917,168.202,0.13657,2
1897,391774,10,2,2,0,0,0,0,7,0,0,168.167,3.351,0.13643,-0.000,165.458,51.003,167.533,173.238,57.227,173.757,173.757,3.928,168.203,0.13911,3.993,168.201,0.13657,2
1913,391784,10,2,2,0,0,0,0,7,0,0,168.167,3.351,0.13661,-0.000,165.458,51.003,167.533,173.238,57.227,173.757,173.757,3.929,168.203,0.13928,3.917,168.202,0.13643,2
1913,391794,10,2,2,0,0,0,0,7,0,0,168.167,3.351,0.13671,-0.000,165.458,51.003,167.533,173.238,57.227,173.757,173.757,3.929,168.203,0.13938,3.917,168.202,0.13661,2
1944,391804,10,2,2,0,0,0,0,7,0,0,168.167,3.427,0.13687,-0.000,165.458,51.003,167.533,173.238,57.227,173.757,173.757,4.004,168.203,0.13955,3.917,168.202,0.13671,2
1944,391814,10,2,2,0,0,0,0,7,0,0,168.167,3.351,0.13690,-0.000,165.458,51.003,167.533,173.238,57.227,173.757,173.757,3.929,168.203,0.13958,3.993,168.202,0.13687,2
1944,391824,10,2,2,0,0,0,0,7,0,0,168.167,3.351,0.13695,-0.000,165.458,51.003,167.533,173.238,57.227,173.757,173.757,3.929,168.203,0.13963,3.918,168.202,0.13690,2
1975,391834,10,2,2,0,0,0,0,7,0,0,168.167,3.427,0.13701,-0.000,165.458,51.003,167.533,173.238,57.227,173.757,173.757,4.004,168.203,0.13969,3.918,168.202,0.13695,2
1975,391844,10,2,2,0,0,0,0,7,0,0,168.167,3.351,0.13690,-0.000,165.458,51.003,167.533,173.238,57.227,173.757,173.757,3.929,168.203,0.13957,3.993,168.202,0.13701,2
1975,391854,10,2,2,0,0,0,0,7,0,0,168.167,3.427,0.13681,-0.000,165.458,51.003,167.533,173.238,57.227,173.757,173.757,4.004,168.203,0.13949,3.918,168.202,0.13690,2
2006,391864,10,2,2,0,0,0,0,7,0,0,168.167,3.351,0.13672,-0.000,165.458,51.003,167.533,173.238,57.227,173.757,173.757,3.929,168.203,0.13939,3.993,168.202,0.13681,2
2006,391874,10,2,2,0,0,0,0,7,0,0,168.167,3.351,0.13688,-0.000,165.458,51.003,167.533,173.238,57.227,173.757,173.757,3.929,168.203,0.13956,3.918,168.202,0.13672,2
2006,391884,10,2,2,0,0,0,0,7,0,0,168.167,3.351,0.13688,-0.000,165.458,51.003,167.533,173.238,57.227,173.757,173.757,3.929,168.203,0.13956,3.918,168.202,0.13688,2
2038,391894,10,2,2,0,0,0,0,7,0,0,168.167,3.427,0.13673,-0.000,165.458,51.003,167.533,173.238,57.227,173.757,173.757,4.004,168.203,0.13941,3.918,168.202,0.13688,2
2038,391904,10,2,2,0,0,0,0,7,0,0,168.167,3.427,0.13690,-0.000,165.458,51.003,167.533,173.238,57.227,173.757,173.757,4.004,168.203,0.13958,3.993,168.201,0.13673,2
2038,391914,10,2,2,0,0,0,0,7,0,0,168.167,3.427,0.13665,-0.000,165.458,51.003,167.533,173.238,57.227,173.757,173.757,4.004,168.203,0.13933,3.993,168.202,0.13690,2
2068,391924,10,2,2,0,0,0,0,7,0,0,168.167,3.427,0.13654,-0.000,165.458,51.003,167.533,173.238,57.227,173.757,173.757,4.004,168.203,0.13921,3.993,168.201,0.13665,2
2068,391934,10,2,2,0,0,0,0,7,0,0,168.167,3.427,0.13650,-0.000,165.458,51.003,167.533,173.238,57.227,173.757,173.757,4.004,168.203,0.13918,3.993,168.201,0.13654,2
2068,391944,10,2,2,0,0,0,0,7,0,0,168.167,3.427,0.13664,-0.000,165.458,51.003,167.533,173.238,57.227,173.757,173.757,4.004,168.203,0.13932,3.993,168.201,0.13650,2
2099,391954,10,2,2,0,0,0,0,7,0,0,168.167,3.427,0.13679,-0.000,165.458,51.003,167.533,173.238,57.227,173.757,173.757,4.004,168.203,0.13947,3.993,168.201,0.13664,2
2099,391964,10,2,2,0,0,0,0,7,0,0,168.167,3.351,0.13664,-0.000,165.458,51.003,167.533,173.238,57.227,173.757,173.757,3.929,168.203,0.13932,3.993,168.202,0.13679,2
2099,391974,10,2,2,0,0,0,0,7,0,0,168.167,3.427,0.13661,-0.000,165.458,51.003,167.533,173.238,57.227,173.757,173.757,4.004,168.203,0.13928,3.917,168.202,0.13664,2
2099,391984,10,2,2,0,0,0,0,7,0,0,168.167,3.351,0.13666,-0.000,165.458,51.003,167.533,173.238,57.227,173.757,173.757,3.929,168.203,0.13934,3.993,168.201,0.13661,2
2115,391994,10,2,2,0,0,0,0,7,0,0,168.167,3.427,0.13676,-0.000,165.458,51.003,167.533,173.238,57.227,173.757,173.757,4.004,168.203,0.13944,3.917,168.202,0.13666,2
2131,392004,10,2,2,0,0,0,0,7,0,0,168.167,3.427,0.13670,-0.000,165.458,51.003,167.533,173.238,57.227,173.757,173.757,4.004,168.203,0.13938,3.993,168.202,0.13676,2
2131,392014,10,2,2,0,0,0,0,7,0,0,168.167,3.351,0.13688,-0.000,165.458,51.003,167.533,173.238,57.227,173.757,173.757,3.929,168.203,0.13956,3.993,168.201,0.13670,2
2161,392024,10,2,2,0,0,0,0,7,0,0,168.167,3.351,0.13715,-0.000,165.458,51.003,167.533,173.238,57.227,173.757,173.757,3.929,168.203,0.13982,3.918,168.202,0.13688,2
2161,392034,10,2,2,0,0,0,0,7,0,0,168.167,3.427,0.13719,-0.000,165.458,51.003,167.533,173.238,57.227,173.757,173.757,4.005,168.203,0.13986,3.918,168.202,0.13715,2
2161,392044,10,2,2,0,0,0,0,7,0,0,168.167,3.427,0.13735,-0.000,165.458,51.003,167.533,173.238,57.227,173.757,173.757,4.005,168.203,0.14002,3.993,168.202,0.13719,2
2177,392054,10,2,2,0,0,0,0,7,0,0,168.167,3.351,0.13727,-0.000,165.458,51.003,167.533,173.238,57.227,173.757,173.757,3.929,168.203,0.13995,3.994,168.202,0.13735,2
2193,392064,10,2,2,0,0,0,0,7,0,0,168.167,3.427,0.13701,-0.000,165.458,51.003,167.533,173.238,57.227,173.757,173.757,4.004,168.203,0.13968,3.918,168.202,0.13727,2
2193,392074,10,2,2,0,0,0,0,7,0,0,168.167,3.351,0.13691,-0.000,165.458,51.003,167.533,173.238,57.227,173.757,173.757,3.929,168.203,0.13958,3.993,168.202,0.13701,2
2209,392084,10,2,2,0,0,0,0,7,0,0,168.167,3.427,0.13684,-0.000,165.458,51.003,167.533,173.238,57.227,173.757,173.757,4.004,168.203,0.13952,3.918,168.202,0.13691,2
2209,392094,10,2,2,0,0,0,0,7,0,0,168.167,3.427,0.13678,-0.000,165.458,51.003,167.533,173.238,57.227,173.757,173.757,4.004,168.203,0.13946,3.993,168.202,0.13684,2
2224,392104,10,2,2,0,0,0,0,7,0,0,168.167,3.427,0.13670,-0.000,165.458,51.003,167.533,173.238,57.227,173.757,173.757,4.004,168.203,0.13937,3.993,168.202,0.13678,2
2255,392114,10,2,2,0,0,0,0,7,0,0,168.167,3.351,0.13653,-0.000,165.458,51.003,167.533,173.238,57.227,173.757,173.757,3.928,168.203,0.13921,3.993,168.201,0.13670,2
2255,392124,10,2,2,0,0,0,0,7,0,0,168.167,3.351,0.13653,-0.000,165.458,51.003,167.533,173.238,57.227,173.757,173.757,3.928,168.203,0.13921,3.917,168.202,0.13653,2
2255,392134,10,2,2,0,0,0,0,7,0,0,168.167,3.427,0.13650,-0.000,165.458,51.003,167.533,173.238,57.227,173.757,173.757,4.004,168.203,0.13917,3.917,168.202,0.13653,2
2288,392144,10,2,2,0,0,0,0,7,0,0,168.167,3.427,0.13652,-0.000,165.458,51.003,167.533,173.238,57.227,173.757,173.757,4.004,168.203,0.13920,3.993,168.201,0.13650,2
2288,392154,10,2,2,0,0,0,0,7,0,0,168.167,3.351,0.13647,-0.000,165.458,51.003,167.533,173.238,57.227,173.757,173.757,3.928,168.203,0.13915,3.993,168.201,0.13652,2
2288,392164,10,2,2,0,0,0,0,7,0,0,168.167,3.427,0.13653,-0.000,165.458,51.003,167.533,173.238,57.227,173.757,173.757,4.004,168.203,0.13920,3.917,168.202,0.13647,2
2334,392174,10,2,2,0,0,0,0,7,0,0,168.167,3.351,0.13632,-0.000,165.458,51.003,167.533,173.238,57.227,173.757,173.757,3.928,168.203,0.13899,3.993,168.201,0.13653,2
2334,392184,10,2,2,0,0,0,0,7,0,0,168.167,3.427,0.13628,-0.000,165.458,51.003,167.533,173.238,57.227,173.757,173.757,4.003,168.203,0.13895,3.917,168.202,0.13632,2
2334,392194,10,2,2,0,0,0,0,7,0,0,168.167,3.351,0.13625,-0.000,165.458,51.003,167.533,173.238,57.227,173.757,173.757,3.928,168.203,0.13893,3.992,168.201,0.13628,2
2334,392204,10,2,2,0,0,0,0,7,0,0,168.167,3.427,0.13627,-0.000,165.458,51.003,167.533,173.238,57.227,173.757,173.757,4.003,168.203,0.13894,3.917,168.202,0.13625,2
2334,392214,10,2,2,0,0,0,0,7,0,0,168.167,3.351,0.13640,-0.000,165.458,51.003,167.533,173.238,57.227,173.757,173.757,3.928,168.203,0.13908,3.992,168.201,0.13627,2
2350,392224,10,2,2,0,0,0,0,7,0,0,168.167,3.351,0.13653,-0.000,165.458,51.003,167.533,173.238,57.227,173.757,173.757,3.928,168.203,0.13920,3.917,168.202,0.13640,2
2350,392234,10,2,2,0,0,0,0,7,0,0,168.167,3.351,0.13648,-0.000,165.458,51.003,167.533,173.238,57.227,173.757,173.757,3.928,168.203,0.13915,3.917,168.202,0.13653,2
2366,392244,10,2,2,0,0,0,0,7,0,0,168.167,3.351,0.13661,-0.000,165.458,51.003,167.533,173.238,57.227,173.757,173.757,3.929,168.203,0.13929,3.917,168.202,0.13648,2
2383,392254,10,2,2,0,0,0,0,7,0,0,168.167,3.351,0.13636,-0.000,165.458,51.003,167.533,173.238,57.227,173.757,173.757,3.928,168.203,0.13903,3.917,168.202,0.13661,2
2383,392264,10,2,2,0,0,0,0,7,0,0,168.167,3.351,0.13641,-0.000,165.458,51.003,167.533,173.238,57.227,173.757,173.757,3.928,168.203,0.13908,3.917,168.202,0.13636,2
2398,392274,10,2,2,0,0,0,0,7,0,0,168.167,3.351,0.13636,-0.000,165.458,51.003,167.533,173.238,57.227,173.757,173.757,3.928,168.203,0.13903,3.917,168.202,0.13641,2
2414,392284,10,2,2,0,0,0,0,7,0,0,168.167,3.351,0.13626,-0.000,165.458,51.003,167.533,173.238,57.227,173.757,173.757,3.928,168.203,0.13894,3.917,168.202,0.13636,2
2414,392294,10,2,2,0,0,0,0,7,0,0,168.167,3.427,0.13616,-0.000,165.458,51.003,167.533,173.238,57.227,173.757,173.757,4.003,168.203,0.13883,3.917,168.202,0.13626,2
2429,392304,10,2,2,0,0,0,0,7,0,0,168.167,3.351,0.13636,-0.000,165.458,51.003,167.533,173.238,57.227,173.757,173.757,3.928,168.203,0.13904,3.992,168.201,0.13616,2
2429,392314,10,2,2,0,0,0,0,7,0,0,168.167,3.351,0.13658,-0.000,165.458,51.003,167.533,173.238,57.227,173.757,173.757,3.928,168.203,0.13925,3.917,168.202,0.13636,2
2444,392324,10,2,2,0,0,0,0,7,0,0,168.167,3.351,0.13660,-0.000,165.458,51.003,167.533,173.238,57.227,173.757,173.757,3.929,168.203,0.13927,3.917,168.202,0.13658,2
2460,392334,10,2,2,0,0,0,0,7,0,0,168.167,3.351,0.13679,-0.000,165.458,51.003,167.533,173.238,57.227,173.757,173.757,3.929,168.203,0.13947,3.917,168.202,0.13660,2
2460,392344,10,2,2,0,0,0,0,7,0,0,168.167,3.351,0.13683,-0.000,165.458,51.003,167.533,173.238,57.227,173.757,173.757,3.929,168.203,0.13950,3.918,168.202,0.13679,2
2477,392354,10,2,2,0,0,0,0,7,0,0,168.167,3.351,0.13678,-0.000,165.458,51.003,167.533,173.238,57.227,173.757,173.757,3.929,168.203,0.13945,3.918,168.202,0.13683,2
2492,392364,10,2,2,0,0,0,0,7,0,0,168.167,3.351,0.13664,-0.000,165.458,51.003,167.533,173.238,57.227,173.757,173.757,3.929,168.203,0.13932,3.918,168.202,0.13678,2
2492,392374,10,2,2,0,0,0,0,7,0,0,168.167,3.427,0.13639,-0.000,165.458,51.003,167.533,173.238,57.227,173.757,173.757,4.004,168.203,0.13907,3.917,168.202,0.13664,2
2508,392384,10,2,2,0,0,0,0,7,0,0,168.167,3.351,0.13651,-0.000,165.458,51.003,167.533,173.238,57.227,173.757,173.757,3.928,168.203,0.13919,3.992,168.201,0.13639,2
2523,392394,10,2,2,0,0,0,0,7,0,0,168.167,3.427,0.13656,-0.000,165.458,51.003,167.533,173.238,57.227,173.757,173.757,4.004,168.203,0.13924,3.917,168.202,0.13651,2
2523,392404,10,2,2,0,0,0,0,7,0,0,168.167,3.427,0.13662,-0.000,165.458,51.003,167.533,173.238,57.227,173.757,173.757,4.004,168.203,0.13929,3.993,168.201,0.13656,2
2539,392414,10,2,2,0,0,0,0,7,0,0,168.167,3.427,0.13653,-0.000,165.458,51.003,167.533,173.238,57.227,173.757,173.757,4.004,168.203,0.13920,3.993,168.201,0.13662,2
2539,392424,10,2,2,0,0,0,0,7,0,0,168.167,3.427,0.13648,-0.000,165.458,51.003,167.533,173.238,57.227,173.757,173.757,4.004,168.203,0.13915,3.993,168.201,0.13653,2
2555,392434,10,2,2,0,0,0,0,7,0,0,168.167,3.427,0.13653,-0.000,165.458,51.003,167.533,173.238,57.227,173.757,173.757,4.004,168.203,0.13921,3.993,168.201,0.13648,2
2570,392444,10,2,2,0,0,0,0,7,0,0,168.167,3.351,0.13668,-0.000,165.458,51.003,167.533,173.238,57.227,173.757,173.757,3.929,168.203,0.13935,3.993,168.201,0.13653,2
2570,392454,10,2,2,0,0,0,0,7,0,0,168.167,3.351,0.13675,-0.000,165.458,51.003,167.533,173.238,57.227,173.757,173.757,3.929,168.203,0.13942,3.917,168.202,0.13668,2
2585,392464,10,2,2,0,0,0,0,7,0,0,168.167,3.351,0.13683,-0.000,165.458,51.003,167.533,173.238,57.227,173.757,173.757,3.929,168.203,0.13950,3.918,168.202,0.13675,2
2600,392474,10,2,2,0,0,0,0,7,0,0,168.167,3.427,0.13664,-0.000,165.458,51.003,167.533,173.238,57.227,173.757,173.757,4.004,168.203,0.13932,3.918,168.202,0.13683,2
2600,392484,10,2,2,0,0,0,0,7,0,0,168.167,3.351,0.13659,-0.000,165.458,51.003,167.533,173.238,57.227,173.757,173.757,3.928,168.203,0.13927,3.993,168.201,0.13664,2
2616,392494,10,2,2,0,0,0,0,7,0,0,168.167,3.351,0.13672,-0.000,165.458,51.003,167.533,173.238,57.227,173.757,173.757,3.929,168.203,0.13940,3.917,168.202,0.13659,2
2646,392504,10,2,2,0,0,0,0,7,0,0,168.167,3.427,0.13696,-0.000,165.458,51.003,167.533,173.238,57.227,173.757,173.757,4.004,168.203,0.13963,3.918,168.202,0.13672,2
2646,392514,10,2,2,0,0,0,0,7,0,0,168.167,3.351,0.13717,-0.000,165.458,51.003,167.533,173.238,57.227,173.757,173.757,3.929,168.203,0.13985,3.993,168.202,0.13696,2
2646,392524,10,2,2,0,0,0,0,7,0,0,168.167,3.351,0.13706,-0.000,165.458,51.003,167.533,173.238,57.227,173.757,173.757,3.929,168.203,0.13973,3.918,168.202,0.13717,2
2678,392534,10,2,2,0,0,0,0,7,0,0,168.167,3.351,0.13696,-0.000,165.458,51.003,167.533,173.238,57.227,173.757,173.757,3.929,168.203,0.13964,3.918,168.202,0.13706,2
2678,392544,10,2,2,0,0,0,0,7,0,0,168.167,3.351,0.13705,-0.000,165.458,51.003,167.533,173.238,57.227,173.757,173.757,3.929,168.203,0.13973,3.918,168.202,0.13696,2
2678,392554,10,2,2,0,0,0,0,7,0,0,168.167,3.427,0.13736,-0.000,165.458,51.003,167.533,173.238,57.227,173.757,173.757,4.005,168.203,0.14003,3.918,168.202,0.13705,2
2709,392564,10,2,2,0,0,0,0,7,0,0,168.167,3.427,0.13755,-0.000,165.458,51.003,167.533,173.238,57.227,173.757,173.757,4.005,168.203,0.14023,3.994,168.202,0.13736,2
2709,392574,10,2,2,0,0,0,0,7,0,0,168.167,3.351,0.13739,-0.000,165.458,51.003,167.533,173.238,57.227,173.757,173.757,3.929,168.203,0.14007,3.994,168.202,0.13755,2
2709,392584,10,2,2,0,0,0,0,7,0,0,168.167,3.351,0.13750,-0.000,165.458,51.003,167.533,173.238,57.227,173.757,173.757,3.930,168.203,0.14018,3.918,168.202,0.13739,2
2709,392594,10,2,2,0,0,0,0,7,0,0,168.167,3.351,0.13751,-0.000,165.458,51.003,167.533,173.238,57.227,173.757,173.757,3.930,168.203,0.14018,3.918,168.202,0.13750,2
2739,392604,10,2,2,0,0,0,0,7,0,0,168.167,3.427,0.13732,-0.000,165.458,51.003,167.533,173.238,57.227,173.757,173.757,4.005,168.203,0.14000,3.918,168.202,0.13751,2
2739,392614,10,2,2,0,0,0,0,7,0,0,168.167,3.427,0.13710,-0.000,165.458,51.003,167.533,173.238,57.227,173.757,173.757,4.004,168.203,0.13977,3.994,168.202,0.13732,2
2739,392624,10,2,2,0,0,0,0,7,0,0,168.167,3.427,0.13707,-0.000,165.458,51.003,167.533,173.238,57.227,173.757,173.757,4.004,168.203,0.13975,3.993,168.202,0.13710,2
2756,392634,10,2,2,0,0,0,0,7,0,0,168.167,3.427,0.13704,-0.000,165.458,51.003,167.533,173.238,57.227,173.757,173.757,4.004,168.203,0.13972,3.993,168.202,0.13707,2
2772,392644,10,2,2,0,0,0,0,7,0,0,168.167,3.427,0.13658,-0.000,165.458,51.003,167.533,173.238,57.227,173.757,173.757,4.004,168.203,0.13926,3.993,168.202,0.13704,2
2772,392654,10,2,2,0,0,0,0,7,0,0,168.167,3.427,0.13666,-0.000,165.458,51.003,167.533,173.238,57.227,173.757,173.757,4.004,168.203,0.13934,3.993,168.202,0.13658,2
2788,392664,10,2,2,0,0,0,0,7,0,0,168.167,3.427,0.13665,-0.000,165.458,51.003,167.533,173.238,57.227,173.757,173.757,4.004,168.203,0.13932,3.993,168.202,0.13666,2
2818,392674,10,2,2,0,0,0,0,7,0,0,168.167,3.351,0.13653,-0.000,165.458,51.003,167.533,173.238,57.227,173.757,173.757,3.928,168.203,0.13921,3.993,168.202,0.13665,2
2818,392684,10,2,2,0,0,0,0,7,0,0,168.167,3.351,0.13693,-0.000,165.458,51.003,167.533,173.238,57.227,173.757,173.757,3.929,168.203,0.13960,3.917,168.202,0.13653,2
2818,392694,10,2,2,0,0,0,0,7,0,0,168.167,3.427,0.13713,-0.000,165.458,51.003,167.533,173.238,57.227,173.757,173.757,4.005,168.203,0.13980,3.918,168.202,0.13693,2
2849,392704,10,2,2,0,0,0,0,7,0,0,168.167,3.427,0.13720,-0.000,165.458,51.003,167.533,173.238,57.227,173.757,173.757,4.005,168.203,0.13987,3.993,168.202,0.13713,2
2849,392714,10,2,2,0,0,0,0,7,0,0,168.167,3.351,0.13698,-0.000,165.458,51.003,167.533,173.238,57.227,173.757,173.757,3.929,168.203,0.13965,3.993,168.202,0.13720,2
2849,392724,10,2,2,0,0,0,0,7,0,0,168.167,3.351,0.13704,-0.000,165.458,51.003,167.533,173.238,57.227,173.757,173.757,3.929,168.203,0.13972,3.918,168.202,0.13698,2
2849,392734,10,2,2,0,0,0,0,7,0,0,168.167,3.351,0.13695,-0.000,165.458,51.003,167.533,173.238,57.227,173.757,173.757,3.929,168.203,0.13963,3.918,168.202,0.13704,2
2880,392744,10,2,2,0,0,0,0,7,0,0,168.167,3.351,0.13701,-0.000,165.458,51.003,167.533,173.238,57.227,173.757,173.757,3.929,168.203,0.13969,3.918,168.202,0.13695,2
2880,392754,10,2,2,0,0,0,0,7,0,0,168.167,3.427,0.13691,-0.000,165.458,51.003,167.533,173.238,57.227,173.757,173.757,4.004,168.203,0.13959,3.918,168.202,0.13701,2
2880,392764,10,2,2,0,0,0,0,7,0,0,168.167,3.351,0.13702,-0.000,165.458,51.003,167.533,173.238,57.227,173.757,173.757,3.929,168.203,0.13969,3.993,168.202,0.13691,2
2912,392774,10,2,2,0,0,0,0,7,0,0,168.167,3.427,0.13724,-0.000,165.458,51.003,167.533,173.238,57.227,173.757,173.757,4.005,168.203,0.13991,3.918,168.202,0.13702,2
2912,392784,10,2,2,0,0,0,0,7,0,0,168.167,3.351,0.13730,-0.000,165.458,51.003,167.533,173.238,57.227,173.757,173.757,3.929,168.203,0.13997,3.994,168.202,0.13724,2
2912,392794,10,2,2,0,0,0,0,7,0,0,168.167,3.427,0.13692,-0.000,165.458,51.003,167.533,173.238,57.227,173.757,173.757,4.004,168.203,0.13959,3.918,168.202,0.13730,2
2927,392804,10,2,2,0,0,0,0,7,0,0,168.167,3.351,0.13699,-0.000,165.458,51.003,167.533,173.238,57.227,173.757,173.757,3.929,168.203,0.13966,3.993,168.202,0.13692,2
2943,392814,10,2,2,0,0,0,0,7,0,0,168.167,3.427,0.13698,-0.000,165.458,51.003,167.533,173.238,57.227,173.757,173.757,4.004,168.203,0.13965,3.918,168.202,0.13699,2
2943,392824,10,2,2,0,0,0,0,7,0,0,168.167,3.427,0.13670,-0.000,165.458,51.003,167.533,173.238,57.227,173.757,173.757,4.004,168.203,0.13937,3.993,168.202,0.13698,2
2974,392834,10,2,2,0,0,0,0,7,0,0,168.167,3.427,0.13659,-0.000,165.458,51.003,167.533,173.238,57.227,173.757,173.757,4.004,168.203,0.13926,3.993,168.202,0.13670,2
2974,392844,10,2,2,0,0,0,0,7,0,0,168.167,3.427,0.13694,-0.000,165.458,51.003,167.533,173.238,57.227,173.757,173.757,4.004,168.203,0.13962,3.993,168.202,0.13659,2
2974,392854,10,2,2,0,0,0,0,7,0,0,168.167,3.427,0.13703,-0.000,165.458,51.003,167.533,173.238,57.227,173.757,173.757,4.004,168.203,0.13971,3.993,168.202,0.13694,2
3006,392864,10,2,2,0,0,0,0,7,0,0,168.167,3.351,0.13684,-0.000,165.458,51.003,167.533,173.238,57.227,173.757,173.757,3.929,168.203,0.13951,3.993,168.202,0.13703,2
3006,392874,10,2,2,0,0,0,0,7,0,0,168.167,3.427,0.13656,-0.000,165.458,51.003,167.533,173.238,57.227,173.757,173.757,4.004,168.203,0.13923,3.918,168.202,0.13684,2
3006,392884,10,2,2,0,0,0,0,7,0,0,168.167,3.351,0.13647,-0.000,165.458,51.003,167.533,173.238,57.227,173.757,173.757,3.928,168.203,0.13915,3.993,168.202,0.13656,2
3037,392894,10,2,2,0,0,0,0,7,0,0,168.167,3.351,0.13666,-0.000,165.458,51.003,167.533,173.238,57.227,173.757,173.757,3.929,168.203,0.13934,3.917,168.202,0.13647,2
3037,392904,10,2,2,0,0,0,0,7,0,0,168.167,3.351,0.13689,-0.000,165.458,51.003,167.533,173.238,57.227,173.757,173.757,3.929,168.203,0.13957,3.917,168.202,0.13666,2
3037,392914,10,2,2,0,0,0,0,7,0,0,168.167,3.427,0.13680,-0.000,165.458,51.003,167.533,173.238,57.227,173.757,173.757,4.004,168.203,0.13948,3.918,168.202,0.13689,2
3068,392924,10,2,2,0,0,0,0,7,0,0,168.167,3.427,0.13720,-0.000,165.458,51.003,167.533,173.238,57.227,173.757,173.757,4.005,168.203,0.13987,3.993,168.202,0.13680,2
3068,392934,10,2,2,0,0,0,0,7,0,0,168.167,3.351,0.13736,-0.000,165.458,51.003,167.533,173.238,57.227,173.757,173.757,3.929,168.203,0.14003,3.993,168.202,0.13720,2
3068,392944,10,2,2,0,0,0,0,7,0,0,168.167,3.351,0.13718,-0.000,165.458,51.003,167.533,173.238,57.227,173.757,173.757,3.929,168.203,0.13985,3.918,168.202,0.13736,2
3084,392954,10,2,2,0,0,0,0,7,0,0,168.167,3.351,0.13726,-0.000,165.458,51.003,167.533,173.238,57.227,173.757,173.757,3.929,168.203,0.13993,3.918,168.202,0.13718,2
3084,392964,10,2,2,0,0,0,0,7,0,0,168.167,3.427,0.13723,-0.000,165.458,51.003,167.533,173.238,57.227,173.757,173.757,4.005,168.203,0.13991,3.918,168.202,0.13726,2
3114,392974,10,2,2,0,0,0,0,7,0,0,168.167,3.427,0.13729,-0.000,165.458,51.003,167.533,173.238,57.227,173.757,173.757,4.005,168.203,0.13996,3.994,168.202,0.13723,2
3114,392984,10,2,2,0,0,0,0,7,0,0,168.167,3.427,0.13717,-0.000,165.458,51.003,167.533,173.238,57.227,173.757,173.757,4.005,168.203,0.13985,3.994,168.202,0.13729,2
3114,392994,10,2,2,0,0,0,0,7,0,0,168.167,3.351,0.13701,-0.000,165.458,51.003,167.533,173.238,57.227,173.757,173.757,3.929,168.203,0.13969,3.993,168.202,0.13717,2
3129,393004,10,2,2,0,0,0,0,7,0,0,168.167,3.427,0.13690,-0.000,165.458,51.003,167.533,173.238,57.227,173.757,173.757,4.004,168.203,0.13957,3.918,168.202,0.13701,2
3129,393014,10,2,2,0,0,0,0,7,0,0,168.167,3.351,0.13685,-0.000,165.458,51.003,167.533,173.238,57.227,173.757,173.757,3.929,168.203,0.13953,3.993,168.202,0.13690,2
3145,393024,10,2,2,0,0,0,0,7,0,0,168.167,3.427,0.13689,-0.000,165.458,51.003,167.533,173.238,57.227,173.757,173.757,4.004,168.203,0.13957,3.918,168.202,0.13685,2
3160,393034,10,2,2,0,0,0,0,7,0,0,168.167,3.351,0.13703,-0.000,165.458,51.003,167.533,173.238,57.227,173.757,173.757,3.929,168.203,0.13971,3.993,168.202,0.13689,2
3160,393044,10,2,2,0,0,0,0,7,0,0,168.167,3.427,0.13709,-0.000,165.458,51.003,167.533,173.238,57.227,173.757,173.757,4.004,168.203,0.13976,3.918,168.202,0.13703,2
3177,393054,10,2,2,0,0,0,0,7,0,0,168.167,3.351,0.13715,-0.000,165.458,51.003,167.533,173.238,57.227,173.757,173.757,3.929,168.203,0.13983,3.993,168.202,0.13709,2
3207,393064,10,2,2,0,0,0,0,7,0,0,168.167,3.351,0.13729,-0.000,165.458,51.003,167.533,173.238,57.227,173.757,173.757,3.929,168.203,0.13996,3.918,168.202,0.13715,2
3207,393074,10,2,2,0,0,0,0,7,0,0,168.167,3.427,0.13721,-0.000,165.458,51.003,167.533,173.238,57.227,173.757,173.757,4.005,168.203,0.13988,3.918,168.202,0.13729,2
3207,393084,10,2,2,0,0,0,0,7,0,0,168.167,3.351,0.13723,-0.000,165.458,51.003,167.533,173.238,57.227,173.757,173.757,3.929,168.203,0.13991,3.993,168.202,0.13721,2
3223,393094,10,2,2,0,0,0,0,7,0,0,168.167,3.351,0.13721,-0.000,165.458,51.003,167.533,173.238,57.227,173.757,173.757,3.929,168.203,0.13988,3.918,168.202,0.13723,2
3223,393104,10,2,2,0,0,0,0,7,0,0,168.167,3.351,0.13706,-0.000,165.458,51.003,167.533,173.238,57.227,173.757,173.757,3.929,168.203,0.13974,3.918,168.202,0.13721,2
3239,393114,10,2,2,0,0,0,0,7,0,0,168.167,3.427,0.13695,-0.000,165.458,51.003,167.533,173.238,57.227,173.757,173.757,4.004,168.203,0.13962,3.918,168.202,0.13706,2
3254,393124,10,2,2,0,0,0,0,7,0,0,168.167,3.427,0.13698,-0.000,165.458,51.003,167.533,173.238,57.227,173.757,173.757,4.004,168.203,0.13966,3.993,168.202,0.13695,2
3254,393134,10,2,2,0,0,0,0,7,0,0,168.167,3.427,0.13695,-0.000,165.458,51.003,167.533,173.238,57.227,173.757,173.757,4.004,168.203,0.13962,3.993,168.202,0.13698,2
3270,393144,10,2,2,0,0,0,0,7,0,0,168.167,3.427,0.13696,-0.000,165.458,51.003,167.533,173.238,57.227,173.757,173.757,4.004,168.203,0.13963,3.993,168.202,0.13695,2
3270,393154,10,2,2,0,0,0,0,7,0,0,168.167,3.427,0.13678,-0.000,165.458,51.003,167.533,173.238,57.227,173.757,173.757,4.004,168.203,0.13946,3.993,168.202,0.13696,2
3286,393164,10,2,2,0,0,0,0,7,0,0,168.167,3.351,0.13675,-0.000,165.458,51.003,167.533,173.238,57.227,173.757,173.757,3.929,168.203,0.13943,3.993,168.202,0.13678,2
3302,393174,10,2,2,0,0,0,0,7,0,0,168.167,3.427,0.13691,-0.000,165.458,51.003,167.533,173.238,57.227,173.757,173.757,4.004,168.203,0.13958,3.918,168.202,0.13675,2
3302,393184,10,2,2,0,0,0,0,7,0,0,168.167,3.351,0.13693,-0.000,165.458,51.003,167.533,173.238,57.227,173.757,173.757,3.929,168.203,0.13961,3.993,168.202,0.13691,2
3318,393194,10,2,2,0,0,0,0,7,0,0,168.167,3.351,0.13729,-0.000,165.458,51.003,167.533,173.238,57.227,173.757,173.757,3.929,168.203,0.13996,3.918,168.202,0.13693,2
3333,393204,10,2,2,0,0,0,0,7,0,0,168.167,3.427,0.13737,-0.000,165.458,51.003,167.533,173.238,57.227,173.757,173.757,4.005,168.203,0.14004,3.918,168.202,0.13729,2
3333,393214,10,2,2,0,0,0,0,7,0,0,168.167,3.427,0.13734,-0.000,165.458,51.003,167.533,173.238,57.227,173.757,173.757,4.005,168.203,0.14001,3.994,168.202,0.13737,2
3349,393224,10,2,2,0,0,0,0,7,0,0,168.167,3.427,0.13733,-0.000,165.458,51.003,167.533,173.238,57.227,173.757,173.757,4.005,168.203,0.14000,3.994,168.202,0.13734,2
3364,393234,10,2,2,0,0,0,0,7,0,0,168.167,3.351,0.13720,-0.000,165.458,51.003,167.533,173.238,57.227,173.757,173.757,3.929,168.203,0.13988,3.994,168.202,0.13733,2
3364,393244,10,2,2,0,0,0,0,7,0,0,168.167,3.351,0.13702,-0.000,165.458,51.003,167.533,173.238,57.227,173.757,173.757,3.929,168.203,0.13969,3.918,168.202,0.13720,2
3379,393254,10,2,2,0,0,0,0,7,0,0,168.167,3.351,0.13689,-0.000,165.458,51.003,167.533,173.238,57.227,173.757,173.757,3.929,168.203,0.13957,3.918,168.202,0.13702,2
3379,393264,10,2,2,0,0,0,0,7,0,0,168.167,3.427,0.13695,-0.000,165.458,51.003,167.533,173.238,57.227,173.757,173.757,4.004,168.203,0.13963,3.918,168.202,0.13689,2
3395,393274,10,2,2,0,0,0,0,7,0,0,168.167,3.351,0.13701,-0.000,165.458,51.003,167.533,173.238,57.227,173.757,173.757,3.929,168.203,0.13969,3.993,168.202,0.13695,2
3411,393284,10,2,2,0,0,0,0,7,0,0,168.167,3.351,0.13701,-0.000,165.458,51.003,167.533,173.238,57.227,173.757,173.757,3.929,168.203,0.13969,3.918,168.202,0.13701,2
3411,393294,10,2,2,0,0,0,0,7,0,0,168.167,3.351,0.13724,-0.000,165.458,51.003,167.533,173.238,57.227,173.757,173.757,3.929,168.203,0.13991,3.918,168.202,0.13701,2
3426,393304,10,2,2,0,0,0,0,7,0,0,168.167,3.427,0.13720,-0.000,165.458,51.003,167.533,173.238,57.227,173.757,173.757,4.005,168.203,0.13988,3.918,168.202,0.13724,2
3442,393314,10,2,2,0,0,0,0,7,0,0,168.167,3.351,0.13730,-0.000,165.458,51.003,167.533,173.238,57.227,173.757,173.757,3.929,168.203,0.13997,3.993,168.202,0.13720,2
3442,393324,10,2,2,0,0,0,0,7,0,0,168.167,3.351,0.13717,-0.000,165.458,51.003,167.533,173.238,57.227,173.757,173.757,3.929,168.203,0.13984,3.918,168.202,0.13730,2
3458,393334,10,2,2,0,0,0,0,7,0,0,168.167,3.427,0.13709,-0.000,165.458,51.003,167.533,173.238,57.227,173.757,173.757,4.004,168.203,0.13977,3.918,168.202,0.13717,2
3489,393344,10,2,2,0,0,0,0,7,0,0,168.167,3.427,0.13692,-0.000,165.458,51.003,167.533,173.238,57.227,173.757,173.757,4.004,168.203,0.13960,3.993,168.202,0.13709,2
3489,393354,10,2,2,0,0,0,0,7,0,0,168.167,3.427,0.13677,-0.000,165.458,51.003,167.533,173.238,57.227,173.757,173.757,4.004,168.203,0.13945,3.993,168.202,0.13692,2
3489,393364,10,2,2,0,0,0,0,7,0,0,168.167,3.427,0.13681,-0.000,165.458,51.003,167.533,173.238,57.227,173.757,173.757,4.004,168.203,0.13948,3.993,168.202,0.13677,2
3489,393374,10,2,2,0,0,0,0,7,0,0,168.167,3.351,0.13687,-0.000,165.458,51.003,167.533,173.238,57.227,173.757,173.757,3.929,168.203,0.13954,3.993,168.202,0.13681,2
3504,393384,10,2,2,0,0,0,0,7,0,0,168.167,3.351,0.13669,-0.000,165.458,51.003,167.533,173.238,57.227,173.757,173.757,3.929,168.203,0.13936,3.918,168.202,0.13687,2
3520,393394,10,2,2,0,0,0,0,7,0,0,168.167,3.351,0.13674,-0.000,165.458,51.003,167.533,173.238,57.227,173.757,173.757,3.929,168.203,0.13942,3.917,168.202,0.13669,2
3520,393404,10,2,2,0,0,0,0,7,0,0,168.167,3.427,0.13673,-0.000,165.458,51.003,167.533,173.238,57.227,173.757,173.757,4.004,168.203,0.13940,3.918,168.202,0.13674,2
3535,393414,10,2,2,0,0,0,0,7,0,0,168.167,3.427,0.13679,-0.000,165.458,51.003,167.533,173.238,57.227,173.757,173.757,4.004,168.203,0.13947,3.993,168.202,0.13673,2
3550,393424,10,2,2,0,0,0,0,7,0,0,168.167,3.351,0.13682,-0.000,165.458,51.003,167.533,173.238,57.227,173.757,173.757,3.929,168.203,0.13949,3.993,168.202,0.13679,2
3550,393434,10,2,2,0,0,0,0,7,0,0,168.167,3.427,0.13696,-0.000,165.458,51.003,167.533,173.238,57.227,173.757,173.757,4.004,168.203,0.13964,3.918,168.202,0.13682,2
3566,393444,10,2,2,0,0,0,0,7,0,0,168.167,3.351,0.13699,-0.000,165.458,51.003,167.533,173.238,57.227,173.757,173.757,3.929,168.203,0.13966,3.993,168.202,0.13696,2
3582,393454,10,2,2,0,0,0,0,7,0,0,168.167,3.427,0.13686,-0.000,165.458,51.003,167.533,173.238,57.227,173.757,173.757,4.004,168.203,0.13953,3.918,168.202,0.13699,2
3582,393464,10,2,2,0,0,0,0,7,0,0,168.167,3.351,0.13672,-0.000,165.458,51.003,167.533,173.238,57.227,173.757,173.757,3.929,168.203,0.13940,3.993,168.202,0.13686,2
3597,393474,10,2,2,0,0,0,0,7,0,0,168.167,3.351,0.13668,-0.000,165.458,51.003,167.533,173.238,57.227,173.757,173.757,3.929,168.203,0.13935,3.918,168.202,0.13672,2
3613,393484,10,2,2,0,0,0,0,7,0,0,168.167,3.351,0.13662,-0.000,165.458,51.003,167.533,173.238,57.227,173.757,173.757,3.929,168.203,0.13930,3.917,168.202,0.13668,2
3613,393494,10,2,2,0,0,0,0,7,0,0,168.167,3.427,0.13692,-0.000,165.458,51.003,167.533,173.238,57.227,173.757,173.757,4.004,168.203,0.13960,3.917,168.202,0.13662,2
3628,393504,10,2,2,0,0,0,0,7,0,0,168.167,3.427,0.13717,-0.000,165.458,51.003,167.533,173.238,57.227,173.757,173.757,4.005,168.203,0.13984,3.993,168.202,0.13692,2
3644,393514,10,2,2,0,0,0,0,7,0,0,168.167,3.427,0.13710,-0.000,165.458,51.003,167.533,173.238,57.227,173.757,173.757,4.004,168.203,0.13978,3.993,168.202,0.13717,2
3644,393524,10,2,2,0,0,0,0,7,0,0,168.167,3.427,0.13705,-0.000,165.458,51.003,167.533,173.238,57.227,173.757,173.757,4.004,168.203,0.13973,3.993,168.202,0.13710,2
3660,393534,10,2,2,0,0,0,0,7,0,0,168.167,3.351,0.13705,-0.000,165.458,51.003,167.533,173.238,57.227,173.757,173.757,3.929,168.203,0.13973,3.993,168.202,0.13705,2
3660,393544,10,2,2,0,0,0,0,7,0,0,168.167,3.351,0.13672,-0.000,165.458,51.003,167.533,173.238,57.227,173.757,173.757,3.929,168.203,0.13939,3.918,168.202,0.13705,2
3675,393554,10,2,2,0,0,0,0,7,0,0,168.167,3.427,0.13679,-0.000,165.458,51.003,167.533,173.238,57.227,173.757,173.757,4.004,168.203,0.13947,3.918,168.202,0.13672,2
3691,393564,10,2,2,0,0,0,0,7,0,0,168.167,3.427,0.13687,-0.000,165.458,51.003,167.533,173.238,57.227,173.757,173.757,4.004,168.203,0.13955,3.993,168.202,0.13679,2
3691,393574,10,2,2,0,0,0,0,7,0,0,168.167,3.351,0.13683,-0.000,165.458,51.003,167.533,173.238,57.227,173.757,173.757,3.929,168.203,0.13950,3.993,168.202,0.13687,2
3707,393584,10,2,2,0,0,0,0,7,0,0,168.167,3.427,0.13702,-0.000,165.458,51.003,167.533,173.238,57.227,173.757,173.757,4.004,168.203,0.13970,3.918,168.202,0.13683,2
3723,393594,10,2,2,0,0,0,0,7,0,0,168.167,3.351,0.13697,-0.000,165.458,51.003,167.533,173.238,57.227,173.757,173.757,3.929,168.203,0.13965,3.993,168.202,0.13702,2
3723,393604,10,2,2,0,0,0,0,7,0,0,168.167,3.351,0.13693,-0.000,165.458,51.003,167.533,173.238,57.227,173.757,173.757,3.929,168.203,0.13961,3.918,168.202,0.13697,2
3738,393614,10,2,2,0,0,0,0,7,0,0,168.167,3.351,0.13684,-0.000,165.458,51.003,167.533,173.238,57.227,173.757,173.757,3.929,168.203,0.13951,3.918,168.202,0.13693,2
3754,393624,10,2,2,0,0,0,0,7,0,0,168.167,3.427,0.13683,-0.000,165.458,51.003,167.533,173.238,57.227,173.757,173.757,4.004,168.203,0.13951,3.918,168.202,0.13684,2
3754,393634,10,2,2,0,0,0,0,7,0,0,168.167,3.351,0.13669,-0.000,165.458,51.003,167.533,173.238,57.227,173.757,173.757,3.929,168.203,0.13937,3.993,168.202,0.13683,2
3769,393644,10,2,2,0,0,0,0,7,0,0,168.167,3.351,0.13668,-0.000,165.458,51.003,167.533,173.238,57.227,173.757,173.757,3.929,168.203,0.13936,3.917,168.202,0.13669,2
3769,393654,10,2,2,0,0,0,0,7,0,0,168.167,3.351,0.13686,-0.000,165.458,51.003,167.533,173.238,57.227,173.757,173.757,3.929,168.203,0.13953,3.917,168.202,0.13668,2
3785,393664,10,2,2,0,0,0,0,7,0,0,168.167,3.427,0.13692,-0.000,165.458,51.003,167.533,173.238,57.227,173.757,173.757,4.004,168.203,0.13960,3.918,168.202,0.13686,2
3800,393674,10,2,2,0,0,0,0,7,0,0,168.167,3.427,0.13707,-0.000,165.458,51.003,167.533,173.238,57.227,173.757,173.757,4.004,168.203,0.13975,3.993,168.202,0.13692,2
3800,393684,10,2,2,0,0,0,0,7,0,0,168.167,3.351,0.13720,-0.000,165.458,51.003,167.533,173.238,57.227,173.757,173.757,3.929,168.203,0.13988,3.993,168.202,0.13707,2
3816,393694,10,2,2,0,0,0,0,7,0,0,168.167,3.427,0.13694,-0.000,165.458,51.003,167.533,173.238,57.227,173.757,173.757,4.004,168.203,0.13961,3.918,168.202,0.13720,2
3832,393704,10,2,2,0,0,0,0,7,0,0,168.167,3.427,0.13701,-0.000,165.458,51.003,167.533,173.238,57.227,173.757,173.757,4.004,168.203,0.13968,3.993,168.202,0.13694,2
3832,393714,10,2,2,0,0,0,0,7,0,0,168.167,3.351,0.13694,-0.000,165.458,51.003,167.533,173.238,57.227,173.757,173.757,3.929,168.203,0.13962,3.993,168.202,0.13701,2
3847,393724,10,2,2,0,0,0,0,7,0,0,168.167,3.427,0.13686,-0.000,165.458,51.003,167.533,173.238,57.227,173.757,173.757,4.004,168.203,0.13954,3.918,168.202,0.13694,2
3862,393734,10,2,2,0,0,0,0,7,0,0,168.167,3.351,0.13684,-0.000,165.458,51.003,167.533,173.238,57.227,173.757,173.757,3.929,168.203,0.13952,3.993,168.202,0.13686,2
3862,393744,10,2,2,0,0,0,0,7,0,0,168.167,3.427,0.13676,-0.000,165.458,51.003,167.533,173.238,57.227,173.757,173.757,4.004,168.203,0.13943,3.918,168.202,0.13684,2
3878,393754,10,2,2,0,0,0,0,7,0,0,168.167,3.351,0.13682,-0.000,165.458,51.003,167.533,173.238,57.227,173.757,173.757,3.929,168.203,0.13949,3.993,168.202,0.13676,2
3908,393764,10,2,2,0,0,0,0,7,0,0,168.167,3.427,0.13658,-0.000,165.458,51.003,167.533,173.238,57.227,173.757,173.757,4.004,168.203,0.13926,3.918,168.202,0.13682,2
3908,393774,10,2,2,0,0,0,0,7,0,0,168.167,3.351,0.13654,-0.000,165.458,51.003,167.533,173.238,57.227,173.757,173.757,3.928,168.203,0.13921,3.993,168.202,0.13658,2
3908,393784,10,2,2,0,0,0,0,7,0,0,168.167,3.351,0.13690,-0.000,165.458,51.003,167.533,173.238,57.227,173.757,173.757,3.929,168.203,0.13957,3.917,168.202,0.13654,2
3924,393794,10,2,2,0,0,0,0,7,0,0,168.167,3.351,0.13709,-0.000,165.458,51.003,167.533,173.238,57.227,173.757,173.757,3.929,168.203,0.13976,3.918,168.202,0.13690,2
3924,393804,10,2,2,0,0,0,0,7,0,0,168.167,3.427,0.13685,-0.000,165.458,51.003,167.533,173.238,57.227,173.757,173.757,4.004,168.203,0.13953,3.918,168.202,0.13709,2
3940,393814,10,2,2,0,0,0,0,7,0,0,168.167,3.351,0.13674,-0.000,165.458,51.003,167.533,173.238,57.227,173.757,173.757,3.929,168.203,0.13942,3.993,168.202,0.13685,2
3940,393824,10,2,2,0,0,0,0,7,0,0,168.167,3.427,0.13660,-0.000,165.458,51.003,167.533,173.238,57.227,173.757,173.757,4.004,168.203,0.13927,3.918,168.202,0.13674,2
3956,393834,10,2,2,0,0,0,0,7,0,0,168.167,3.351,0.13678,-0.000,165.458,51.003,167.533,173.238,57.227,173.757,173.757,3.929,168.203,0.13946,3.993,168.202,0.13660,2
3971,393844,10,2,2,0,0,0,0,7,0,0,168.167,3.427,0.13695,-0.000,165.458,51.003,167.533,173.238,57.227,173.757,173.757,4.004,168.203,0.13962,3.918,168.202,0.13678,2
3971,393854,10,2,2,0,0,0,0,7,0,0,168.167,3.427,0.13690,-0.000,165.458,51.003,167.533,173.238,57.227,173.757,173.757,4.004,168.203,0.13957,3.993,168.202,0.13695,2
3987,393864,10,2,2,0,0,0,0,7,0,0,168.167,3.351,0.13677,-0.000,165.458,51.003,167.533,173.238,57.227,173.757,173.757,3.929,168.203,0.13945,3.993,168.202,0.13690,2
4003,393874,10,2,2,0,0,0,0,7,0,0,168.167,3.351,0.13673,-0.000,165.458,51.003,167.533,173.238,57.227,173.757,173.757,3.929,168.203,0.13941,3.918,168.202,0.13677,2
4003,393884,10,2,2,0,0,0,0,7,0,0,168.167,3.427,0.13665,-0.000,165.458,51.003,167.533,173.238,57.227,173.757,173.757,4.004,168.203,0.13932,3.918,168.202,0.13673,2
4019,393894,10,2,2,0,0,0,0,7,0,0,168.167,3.427,0.13681,-0.000,165.458,51.003,167.533,173.238,57.227,173.757,173.757,4.004,168.203,0.13949,3.993,168.202,0.13665,2
4019,393904,10,2,2,0,0,0,0,7,0,0,168.167,3.427,0.13676,-0.000,165.458,51.003,167.533,173.238,57.227,173.757,173.757,4.004,168.203,0.13944,3.993,168.202,0.13681,2
4034,393914,10,2,2,0,0,0,0,7,0,0,168.167,3.351,0.13657,-0.000,165.458,51.003,167.533,173.238,57.227,173.757,173.757,3.928,168.203,0.13924,3.993,168.202,0.13676,2
4050,393924,10,2,2,0,0,0,0,7,0,0,168.167,3.351,0.13657,-0.000,165.458,51.003,167.533,173.238,57.227,173.757,173.757,3.928,168.203,0.13924,3.917,168.202,0.13657,2
4050,393934,10,2,2,0,0,0,0,7,0,0,168.167,3.427,0.13674,-0.000,165.458,51.003,167.533,173.238,57.227,173.757,173.757,4.004,168.203,0.13941,3.917,168.202,0.13657,2
4066,393944,10,2,2,0,0,0,0,7,0,0,168.167,3.427,0.13704,-0.000,165.458,51.003,167.533,173.238,57.227,173.757,173.757,4.004,168.203,0.13972,3.993,168.202,0.13674,2
4082,393954,10,2,2,0,0,0,0,7,0,0,168.167,3.427,0.13690,-0.000,165.458,51.003,167.533,173.238,57.227,173.757,173.757,4.004,168.203,0.13957,3.993,168.202,0.13704,2
4082,393964,10,2,2,0,0,0,0,7,0,0,168.167,3.351,0.13700,-0.000,165.458,51.003,167.533,173.238,57.227,173.757,173.757,3.929,168.203,0.13968,3.993,168.202,0.13690,2
4097,393974,10,2,2,0,0,0,0,7,0,0,168.167,3.351,0.13700,-0.000,165.458,51.003,167.533,173.238,57.227,173.757,173.757,3.929,168.203,0.13968,3.918,168.202,0.13700,2
4113,393984,10,2,2,0,0,0,0,7,0,0,168.167,3.351,0.13683,-0.000,165.458,51.003,167.533,173.238,57.227,173.757,173.757,3.929,168.203,0.13950,3.918,168.202,0.13700,2
4113,393994,10,2,2,0,0,0,0,7,0,0,168.167,3.427,0.13698,-0.000,165.458,51.003,167.533,173.238,57.227,173.757,173.757,4.004,168.203,0.13965,3.918,168.202,0.13683,2
4129,394004,10,2,2,0,0,0,0,7,0,0,168.167,3.351,0.13695,-0.000,165.458,51.003,167.533,173.238,57.227,173.757,173.757,3.929,168.203,0.13962,3.993,168.202,0.13698,2
4129,394014,10,2,2,0,0,0,0,7,0,0,168.167,3.351,0.13709,-0.000,165.458,51.003,167.533,173.238,57.227,173.757,173.757,3.929,168.203,0.13977,3.918,168.202,0.13695,2
4144,394024,10,2,2,0,0,0,0,7,0,0,168.167,3.351,0.13697,-0.000,165.458,51.003,167.533,173.238,57.227,173.757,173.757,3.929,168.203,0.13965,3.918,168.202,0.13709,2
4161,394034,10,2,2,0,0,0,0,7,0,0,168.167,3.427,0.13679,-0.000,165.458,51.003,167.533,173.238,57.227,173.757,173.757,4.004,168.203,0.13946,3.918,168.202,0.13697,2
4161,394044,10,2,2,0,0,0,0,7,0,0,168.167,3.351,0.13695,-0.000,165.458,51.003,167.533,173.238,57.227,173.757,173.757,3.929,168.203,0.13963,3.993,168.202,0.13679,2
4177,394054,10,2,2,0,0,0,0,7,0,0,168.167,3.351,0.13726,-0.000,165.458,51.003,167.533,173.238,57.227,173.757,173.757,3.929,168.203,0.13994,3.918,168.202,0.13695,2
4192,394064,10,2,2,0,0,0,0,7,0,0,168.167,3.351,0.13727,-0.000,165.458,51.003,167.533,173.238,57.227,173.757,173.757,3.929,168.203,0.13995,3.918,168.202,0.13726,2
4192,394074,10,2,2,0,0,0,0,7,0,0,168.167,3.427,0.13707,-0.000,165.458,51.003,167.533,173.238,57.227,173.757,173.757,4.004,168.203,0.13975,3.918,168.202,0.13727,2
4207,394084,10,2,2,0,0,0,0,7,0,0,168.167,3.427,0.13683,-0.000,165.458,51.003,167.533,173.238,57.227,173.757,173.757,4.004,168.203,0.13950,3.993,168.202,0.13707,2
4222,394094,10,2,2,0,0,0,0,7,0,0,168.167,3.427,0.13666,-0.000,165.458,51.003,167.533,173.238,57.227,173.757,173.757,4.004,168.203,0.13933,3.993,168.202,0.13683,2
4222,394104,10,2,2,0,0,0,0,7,0,0,168.167,3.427,0.13676,-0.000,165.458,51.003,167.533,173.238,57.227,173.757,173.757,4.004,168.203,0.13944,3.993,168.202,0.13666,2
4237,394114,10,2,2,0,0,0,0,7,0,0,168.167,3.427,0.13652,-0.000,165.458,51.003,167.533,173.238,57.227,173.757,173.757,4.004,168.203,0.13919,3.993,168.202,0.13676,2
4252,394124,10,2,2,0,0,0,0,7,0,0,168.167,3.427,0.13635,-0.000,165.458,51.003,167.533,173.238,57.227,173.757,173.757,4.004,168.203,0.13903,3.993,168.202,0.13652,2
4252,394134,10,2,2,0,0,0,0,7,0,0,168.167,3.351,0.13639,-0.000,165.458,51.003,167.533,173.238,57.227,173.757,173.757,3.928,168.203,0.13907,3.992,168.201,0.13635,2
4268,394144,10,2,2,0,0,0,0,7,0,0,168.167,3.427,0.13655,-0.000,165.458,51.003,167.533,173.238,57.227,173.757,173.757,4.004,168.203,0.13923,3.917,168.202,0.13639,2
4284,394154,10,2,2,0,0,0,0,7,0,0,168.167,3.351,0.13680,-0.000,165.458,51.003,167.533,173.238,57.227,173.757,173.757,3.929,168.203,0.13947,3.993,168.202,0.13655,2
4284,394164,10,2,2,0,0,0,0,7,0,0,168.167,3.351,0.13691,-0.000,165.458,51.003,167.533,173.238,57.227,173.757,173.757,3.929,168.203,0.13958,3.918,168.202,0.13680,2
4299,394174,10,2,2,0,0,0,0,7,0,0,168.167,3.351,0.13697,-0.000,165.458,51.003,167.533,173.238,57.227,173.757,173.757,3.929,168.203,0.13965,3.918,168.202,0.13691,2
4299,394184,10,2,2,0,0,0,0,7,0,0,168.167,3.351,0.13716,-0.000,165.458,51.003,167.533,173.238,57.227,173.757,173.757,3.929,168.203,0.13984,3.918,168.202,0.13697,2
4315,394194,10,2,2,0,0,0,0,7,0,0,168.167,3.351,0.13722,-0.000,165.458,51.003,167.533,173.238,57.227,173.757,173.757,3.929,168.203,0.13989,3.918,168.202,0.13716,2
4331,394204,10,2,2,0,0,0,0,7,0,0,168.167,3.351,0.13725,-0.000,165.458,51.003,167.533,173.238,57.227,173.757,173.757,3.929,168.203,0.13992,3.918,168.202,0.13722,2
4331,394214,10,2,2,0,0,0,0,7,0,0,168.167,3.351,0.13713,-0.000,165.458,51.003,167.533,173.238,57.227,173.757,173.757,3.929,168.203,0.13981,3.918,168.202,0.13725,2
4347,394224,10,2,2,0,0,0,0,7,0,0,168.167,3.427,0.13722,-0.000,165.458,51.003,167.533,173.238,57.227,173.757,173.757,4.005,168.203,0.13989,3.918,168.202,0.13713,2
4362,394234,10,2,2,0,0,0,0,7,0,0,168.167,3.351,0.13719,-0.000,165.458,51.003,167.533,173.238,57.227,173.757,173.757,3.929,168.203,0.13987,3.993,168.202,0.13722,2
4362,394244,10,2,2,0,0,0,0,7,0,0,168.167,3.427,0.13720,-0.000,165.458,51.003,167.533,173.238,57.227,173.757,173.757,4.005,168.203,0.13987,3.918,168.202,0.13719,2
4378,394254,10,2,2,0,0,0,0,7,0,0,168.167,3.427,0.13728,-0.000,165.458,51.003,167.533,173.238,57.227,173.757,173.757,4.005,168.203,0.13996,3.993,168.202,0.13720,2
4393,394264,10,2,2,0,0,0,0,7,0,0,168.167,3.351,0.13733,-0.000,165.458,51.003,167.533,173.238,57.227,173.757,173.757,3.929,168.203,0.14001,3.994,168.202,0.13728,2
4393,394274,10,2,2,0,0,0,0,7,0,0,168.167,3.351,0.13725,-0.000,165.458,51.003,167.533,173.238,57.227,173.757,173.757,3.929,168.203,0.13992,3.918,168.202,0.13733,2
4409,394284,10,2,2,0,0,0,0,7,0,0,168.167,3.351,0.13718,-0.000,165.458,51.003,167.533,173.238,57.227,173.757,173.757,3.929,168.203,0.13985,3.918,168.202,0.13725,2
4409,394294,10,2,2,0,0,0,0,7,0,0,168.167,3.427,0.13722,-0.000,165.458,51.003,167.533,173.238,57.227,173.757,173.757,4.005,168.203,0.13990,3.918,168.202,0.13718,2
4424,394304,10,2,2,0,0,0,0,7,0,0,168.167,3.427,0.13719,-0.000,165.458,51.003,167.533,173.238,57.227,173.757,173.757,4.005,168.203,0.13987,3.993,168.202,0.13722,2
4440,394314,10,2,2,0,0,0,0,7,0,0,168.167,3.427,0.13695,-0.000,165.458,51.003,167.533,173.238,57.227,173.757,173.757,4.004,168.203,0.13962,3.993,168.202,0.13719,2
4440,394324,10,2,2,0,0,0,0,7,0,0,168.167,3.351,0.13675,-0.000,165.458,51.003,167.533,173.238,57.227,173.757,173.757,3.929,168.203,0.13943,3.993,168.202,0.13695,2
4456,394334,10,2,2,0,0,0,0,7,0,0,168.167,3.351,0.13687,-0.000,165.458,51.003,167.533,173.238,57.227,173.757,173.757,3.929,168.203,0.13955,3.918,168.202,0.13675,2
4472,394344,10,2,2,0,0,0,0,7,0,0,168.167,3.427,0.13697,-0.000,165.458,51.003,167.533,173.238,57.227,173.757,173.757,4.004,168.203,0.13964,3.918,168.202,0.13687,2
4472,394354,10,2,2,0,0,0,0,7,0,0,168.167,3.427,0.13687,-0.000,165.458,51.003,167.533,173.238,57.227,173.757,173.757,4.004,168.203,0.13955,3.993,168.202,0.13697,2
4488,394364,10,2,2,0,0,0,0,7,0,0,168.167,3.351,0.13652,-0.000,165.458,51.003,167.533,173.238,57.227,173.757,173.757,3.928,168.203,0.13920,3.993,168.202,0.13687,2
4503,394374,10,2,2,0,0,0,0,7,0,0,168.167,3.351,0.13637,-0.000,165.458,51.003,167.533,173.238,57.227,173.757,173.757,3.928,168.203,0.13905,3.917,168.202,0.13652,2
4503,394384,10,2,2,0,0,0,0,7,0,0,168.167,3.427,0.13648,-0.000,165.458,51.003,167.533,173.238,57.227,173.757,173.757,4.004,168.203,0.13916,3.917,168.202,0.13637,2
4519,394394,10,2,2,0,0,0,0,7,0,0,168.167,3.427,0.13661,-0.000,165.458,51.003,167.533,173.238,57.227,173.757,173.757,4.004,168.203,0.13928,3.993,168.202,0.13648,2
4519,394404,10,2,2,0,0,0,0,7,0,0,168.167,3.351,0.13680,-0.000,165.458,51.003,167.533,173.238,57.227,173.757,173.757,3.929,168.203,0.13947,3.993,168.202,0.13661,2
4535,394414,10,2,2,0,0,0,0,7,0,0,168.167,3.427,0.13677,-0.000,165.458,51.003,167.533,173.238,57.227,173.757,173.757,4.004,168.203,0.13945,3.918,168.202,0.13680,2
4551,394424,10,2,2,0,0,0,0,7,0,0,168.167,3.427,0.13688,-0.000,165.458,51.003,167.533,173.238,57.227,173.757,173.757,4.004,168.203,0.13956,3.993,168.202,0.13677,2
4551,394434,10,2,2,0,0,0,0,7,0,0,168.167,3.351,0.13701,-0.000,165.458,51.003,167.533,173.238,57.227,173.757,173.757,3.929,168.203,0.13968,3.993,168.202,0.13688,2
4567,394444,10,2,2,0,0,0,0,7,0,0,168.167,3.351,0.13735,-0.000,165.458,51.003,167.533,173.238,57.227,173.757,173.757,3.929,168.203,0.14002,3.918,168.202,0.13701,2
4582,394454,10,2,2,0,0,0,0,7,0,0,168.167,3.351,0.13736,-0.000,165.458,51.003,167.533,173.238,57.227,173.757,173.757,3.929,168.203,0.14003,3.918,168.202,0.13735,2
4582,394464,10,2,2,0,0,0,0,7,0,0,168.167,3.427,0.13751,-0.000,165.458,51.003,167.533,173.238,57.227,173.757,173.757,4.005,168.203,0.14019,3.918,168.202,0.13736,2
4598,394474,10,2,2,0,0,0,0,7,0,0,168.167,3.427,0.13727,-0.000,165.458,51.003,167.533,173.238,57.227,173.757,173.757,4.005,168.203,0.13995,3.994,168.202,0.13751,2
4614,394484,10,2,2,0,0,0,0,7,0,0,168.167,3.427,0.13710,-0.000,165.458,51.003,167.533,173.238,57.227,173.757,173.757,4.004,168.203,0.13977,3.994,168.202,0.13727,2
4614,394494,10,2,2,0,0,0,0,7,0,0,168.167,3.427,0.13699,-0.000,165.458,51.003,167.533,173.238,57.227,173.757,173.757,4.004,168.203,0.13966,3.993,168.202,0.13710,2
4629,394504,10,2,2,0,0,0,0,7,0,0,168.167,3.427,0.13675,-0.000,165.458,51.003,167.533,173.238,57.227,173.757,173.757,4.004,168.203,0.13942,3.993,168.202,0.13699,2
4629,394514,10,2,2,0,0,0,0,7,0,0,168.167,3.427,0.13685,-0.000,165.458,51.003,167.533,173.238,57.227,173.757,173.757,4.004,168.203,0.13953,3.993,168.202,0.13675,2
4645,394524,10,2,2,0,0,0,0,7,0,0,168.167,3.351,0.13680,-0.000,165.458,51.003,167.533,173.238,57.227,173.757,173.757,3.929,168.203,0.13948,3.993,168.202,0.13685,2
4661,394534,10,2,2,0,0,0,0,7,0,0,168.167,3.427,0.13675,-0.000,165.458,51.003,167.533,173.238,57.227,173.757,173.757,4.004,168.203,0.13943,3.918,168.202,0.13680,2
4661,394544,10,2,2,0,0,0,0,7,0,0,168.167,3.427,0.13660,-0.000,165.458,51.003,167.533,173.238,57.227,173.757,173.757,4.004,168.203,0.13927,3.993,168.202,0.13675,2
4676,394554,10,2,2,0,0,0,0,7,0,0,168.167,3.427,0.13651,-0.000,165.458,51.003,167.533,173.238,57.227,173.757,173.757,4.004,168.203,0.13919,3.993,168.202,0.13660,2
4692,394564,10,2,2,0,0,0,0,7,0,0,168.167,3.351,0.13660,-0.000,165.458,51.003,167.533,173.238,57.227,173.757,173.757,3.929,168.203,0.13927,3.993,168.202,0.13651,2
4692,394574,10,2,2,0,0,0,0,7,0,0,168.167,3.427,0.13664,-0.000,165.458,51.003,167.533,173.238,57.227,173.757,173.757,4.004,168.203,0.13931,3.917,168.202,0.13660,2
4707,394584,10,2,2,0,0,0,0,7,0,0,168.167,3.427,0.13671,-0.000,165.458,51.003,167.533,173.238,57.227,173.757,173.757,4.004,168.203,0.13939,3.993,168.202,0.13664,2
4723,394594,10,2,2,0,0,0,0,7,0,0,168.167,3.427,0.13673,-0.000,165.458,51.003,167.533,173.238,57.227,173.757,173.757,4.004,168.203,0.13940,3.993,168.202,0.13671,2
4723,394604,10,2,2,0,0,0,0,7,0,0,168.167,3.427,0.13675,-0.000,165.458,51.003,167.533,173.238,57.227,173.757,173.757,4.004,168.203,0.13943,3.993,168.202,0.13673,2
4738,394614,10,2,2,0,0,0,0,7,0,0,168.167,3.427,0.13659,-0.000,165.458,51.003,167.533,173.238,57.227,173.757,173.757,4.004,168.203,0.13926,3.993,168.202,0.13675,2
4753,394624,10,2,2,0,0,0,0,7,0,0,168.167,3.351,0.13681,-0.000,165.458,51.003,167.533,173.238,57.227,173.757,173.757,3.929,168.203,0.13948,3.993,168.202,0.13659,2
4753,394634,10,2,2,0,0,0,0,7,0,0,168.167,3.427,0.13663,-0.000,165.458,51.003,167.533,173.238,57.227,173.757,173.757,4.004,168.203,0.13930,3.918,168.202,0.13681,2
4769,394644,10,2,2,0,0,0,0,7,0,0,168.167,3.427,0.13665,-0.000,165.458,51.003,167.533,173.238,57.227,173.757,173.757,4.004,168.203,0.13932,3.993,168.202,0.13663,2
4785,394654,10,2,2,0,0,0,0,7,0,0,168.167,3.351,0.13673,-0.000,165.458,51.003,167.533,173.238,57.227,173.757,173.757,3.929,168.203,0.13940,3.993,168.202,0.13665,2
4785,394664,10,2,2,0,0,0,0,7,0,0,168.167,3.351,0.13663,-0.000,165.458,51.003,167.533,173.238,57.227,173.757,173.757,3.929,168.203,0.13930,3.918,168.202,0.13673,2
4800,394674,10,2,2,0,0,0,0,7,0,0,168.167,3.427,0.13655,-0.000,165.458,51.003,167.533,173.238,57.227,173.757,173.757,4.004,168.203,0.13923,3.917,168.202,0.13663,2
4800,394684,10,2,2,0,0,0,0,7,0,0,168.167,3.427,0.13673,-0.000,165.458,51.003,167.533,173.238,57.227,173.757,173.757,4.004,168.203,0.13940,3.993,168.202,0.13655,2
4816,394694,10,2,2,0,0,0,0,7,0,0,168.167,3.427,0.13681,-0.000,165.458,51.003,167.533,173.238,57.227,173.757,173.757,4.004,168.203,0.13948,3.993,168.202,0.13673,2
4832,394704,10,2,2,0,0,0,0,7,0,0,168.167,3.351,0.13673,-0.000,165.458,51.003,167.533,173.238,57.227,173.757,173.757,3.929,168.203,0.13940,3.993,168.202,0.13681,2
4832,394714,10,2,2,0,0,0,0,7,0,0,168.167,3.351,0.13667,-0.000,165.458,51.003,167.533,173.238,57.227,173.757,173.757,3.929,168.203,0.13934,3.918,168.202,0.13673,2
4847,394724,10,2,2,0,0,0,0,7,0,0,168.167,3.427,0.13668,-0.000,165.458,51.003,167.533,173.238,57.227,173.757,173.757,4.004,168.203,0.13935,3.917,168.202,0.13667,2
4863,394734,10,2,2,0,0,0,0,7,0,0,168.167,3.427,0.13675,-0.000,165.458,51.003,167.533,173.238,57.227,173.757,173.757,4.004,168.203,0.13942,3.993,168.202,0.13668,2
4863,394744,10,2,2,0,0,0,0,7,0,0,168.167,3.351,0.13680,-0.000,165.458,51.003,167.533,173.238,57.227,173.757,173.757,3.929,168.203,0.13947,3.993,168.202,0.13675,2
4878,394754,10,2,2,0,0,0,0,7,0,0,168.167,3.427,0.13695,-0.000,165.458,51.003,167.533,173.238,57.227,173.757,173.757,4.004,168.203,0.13962,3.918,168.202,0.13680,2
4894,394764,10,2,2,0,0,0,0,7,0,0,168.167,3.351,0.13665,-0.000,165.458,51.003,167.533,173.238,57.227,173.757,173.757,3.929,168.203,0.13932,3.993,168.202,0.13695,2
4894,394774,10,2,2,0,0,0,0,7,0,0,168.167,3.427,0.13647,-0.000,165.458,51.003,167.533,173.238,57.227,173.757,173.757,4.004,168.203,0.13914,3.917,168.202,0.13665,2
4909,394784,10,2,2,0,0,0,0,7,0,0,168.167,3.351,0.13646,-0.000,165.458,51.003,167.533,173.238,57.227,173.757,173.757,3.928,168.203,0.13914,3.993,168.202,0.13647,2
4909,394794,10,2,2,0,0,0,0,7,0,0,168.167,3.351,0.13634,-0.000,165.458,51.003,167.533,173.238,57.227,173.757,173.757,3.928,168.203,0.13902,3.917,168.202,0.13646,2
4924,394804,10,2,2,0,0,0,0,7,0,0,168.167,3.427,0.13651,-0.000,165.458,51.003,167.533,173.238,57.227,173.757,173.757,4.004,168.203,0.13918,3.917,168.202,0.13634,2
4941,394814,10,2,2,0,0,0,0,7,0,0,168.167,3.351,0.13666,-0.000,165.458,51.003,167.533,173.238,57.227,173.757,173.757,3.929,168.203,0.13934,3.993,168.202,0.13651,2
4941,394824,10,2,2,0,0,0,0,7,0,0,168.167,3.427,0.13662,-0.000,165.458,51.003,167.533,173.238,57.227,173.757,173.757,4.004,168.203,0.13929,3.917,168.202,0.13666,2
4957,394834,10,2,2,0,0,0,0,7,0,0,168.167,3.351,0.13643,-0.000,165.458,51.003,167.533,173.238,57.227,173.757,173.757,3.928,168.203,0.13911,3.993,168.202,0.13662,2
4972,394844,10,2,2,0,0,0,0,7,0,0,168.167,3.351,0.13640,-0.000,165.458,51.003,167.533,173.238,57.227,173.757,173.757,3.928,168.203,0.13908,3.917,168.202,0.13643,2
4972,394854,10,2,2,0,0,0,0,7,0,0,168.167,3.427,0.13632,-0.000,165.458,51.003,167.533,173.238,57.227,173.757,173.757,4.004,168.203,0.13900,3.917,168.202,0.13640,2
4987,394864,10,2,2,0,0,0,0,7,0,0,168.167,3.351,0.13640,-0.000,165.458,51.003,167.533,173.238,57.227,173.757,173.757,3.928,168.203,0.13908,3.992,168.201,0.13632,2
5003,394874,10,2,2,0,0,0,0,7,0,0,168.167,3.427,0.13639,-0.000,165.458,51.003,167.533,173.238,57.227,173.757,173.757,4.004,168.203,0.13907,3.917,168.202,0.13640,2
5003,394884,10,2,2,0,0,0,0,7,0,0,168.167,3.427,0.13647,-0.000,165.458,51.003,167.533,173.238,57.227,173.757,173.757,4.004,168.203,0.13915,3.992,168.201,0.13639,2
5018,394894,10,2,2,0,0,0,0,7,0,0,168.167,3.427,0.13654,-0.000,165.458,51.003,167.533,173.238,57.227,173.757,173.757,4.004,168.203,0.13921,3.993,168.202,0.13647,2
5033,394904,10,2,2,0,0,0,0,7,0,0,168.167,3.427,0.13671,-0.000,165.458,51.003,167.533,173.238,57.227,173.757,173.757,4.004,168.203,0.13939,3.993,168.202,0.13654,2
5033,394914,10,2,2,0,0,0,0,7,0,0,168.167,3.427,0.13671,-0.000,165.458,51.003,167.533,173.238,57.227,173.757,173.757,4.004,168.203,0.13938,3.993,168.202,0.13671,2
5049,394924,10,2,2,0,0,0,0,7,0,0,168.167,3.351,0.13667,-0.000,165.458,51.003,167.533,173.238,57.227,173.757,173.757,3.929,168.203,0.13935,3.993,168.202,0.13671,2
5049,394934,10,2,2,0,0,0,0,7,0,0,168.167,3.351,0.13664,-0.000,165.458,51.003,167.533,173.238,57.227,173.757,173.757,3.929,168.203,0.13931,3.917,168.202,0.13667,2
5064,394944,10,2,2,0,0,0,0,7,0,0,168.167,3.351,0.13667,-0.000,165.458,51.003,167.533,173.238,57.227,173.757,173.757,3.929,168.203,0.13934,3.917,168.202,0.13664,2
5080,394954,10,2,2,0,0,0,0,7,0,0,168.167,3.351,0.13661,-0.000,165.458,51.003,167.533,173.238,57.227,173.757,173.757,3.929,168.203,0.13929,3.917,168.202,0.13667,2
5080,394964,10,2,2,0,0,0,0,7,0,0,168.167,3.351,0.13671,-0.000,165.458,51.003,167.533,173.238,57.227,173.757,173.757,3.929,168.203,0.13939,3.917,168.202,0.13661,2
5095,394974,10,2,2,0,0,0,0,7,0,0,168.167,3.351,0.13648,-0.000,165.458,51.003,167.533,173.238,57.227,173.757,173.757,3.928,168.203,0.13915,3.917,168.202,0.13671,2
5111,394984,10,2,2,0,0,0,0,7,0,0,168.167,3.427,0.13633,-0.000,165.458,51.003,167.533,173.238,57.227,173.757,173.757,4.004,168.203,0.13901,3.917,168.202,0.13648,2
5111,394994,10,2,2,0,0,0,0,7,0,0,168.167,3.351,0.13640,-0.000,165.458,51.003,167.533,173.238,57.227,173.757,173.757,3.928,168.203,0.13907,3.992,168.201,0.13633,2
5128,395004,10,2,2,0,0,0,0,7,0,0,168.167,3.427,0.13646,-0.000,165.458,51.003,167.533,173.238,57.227,173.757,173.757,4.004,168.203,0.13914,3.917,168.202,0.13640,2
5143,395014,10,2,2,0,0,0,0,7,0,0,168.167,3.427,0.13653,-0.000,165.458,51.003,167.533,173.238,57.227,173.757,173.757,4.004,168.203,0.13921,3.993,168.202,0.13646,2
5143,395024,10,2,2,0,0,0,0,7,0,0,168.167,3.351,0.13663,-0.000,165.458,51.003,167.533,173.238,57.227,173.757,173.757,3.929,168.203,0.13930,3.993,168.202,0.13653,2
5159,395034,10,2,2,0,0,0,0,7,0,0,168.167,3.351,0.13657,-0.000,165.458,51.003,167.533,173.238,57.227,173.757,173.757,3.928,168.203,0.13925,3.917,168.202,0.13663,2
5159,395044,10,2,2,0,0,0,0,7,0,0,168.167,3.427,0.13665,-0.000,165.458,51.003,167.533,173.238,57.227,173.757,173.757,4.004,168.203,0.13933,3.917,168.202,0.13657,2
5175,395054,10,2,2,0,0,0,0,7,0,0,168.167,3.427,0.13679,-0.000,165.458,51.003,167.533,173.238,57.227,173.757,173.757,4.004,168.203,0.13947,3.993,168.202,0.13665,2
5190,395064,10,2,2,0,0,0,0,7,0,0,168.167,3.427,0.13691,-0.000,165.458,51.003,167.533,173.238,57.227,173.757,173.757,4.004,168.203,0.13959,3.993,168.202,0.13679,2
5190,395074,10,2,2,0,0,0,0,7,0,0,168.167,3.351,0.13673,-0.000,165.458,51.003,167.533,173.238,57.227,173.757,173.757,3.929,168.203,0.13941,3.993,168.202,0.13691,2
5206,395084,10,2,2,0,0,0,0,7,0,0,168.167,3.351,0.13682,-0.000,165.458,51.003,167.533,173.238,57.227,173.757,173.757,3.929,168.203,0.13949,3.918,168.202,0.13673,2
5222,395094,10,2,2,0,0,0,0,7,0,0,168.167,3.427,0.13714,-0.000,165.458,51.003,167.533,173.238,57.227,173.757,173.757,4.005,168.203,0.13982,3.918,168.202,0.13682,2
5222,395104,10,2,2,0,0,0,0,7,0,0,168.167,3.427,0.13712,-0.000,165.458,51.003,167.533,173.238,57.227,173.757,173.757,4.005,168.203,0.13979,3.993,168.202,0.13714,2
5237,395114,10,2,2,0,0,0,0,7,0,0,168.167,3.351,0.13711,-0.000,165.458,51.003,167.533,173.238,57.227,173.757,173.757,3.929,168.203,0.13979,3.993,168.202,0.13712,2
5254,395124,10,2,2,0,0,0,0,7,0,0,168.167,3.427,0.13709,-0.000,165.458,51.003,167.533,173.238,57.227,173.757,173.757,4.004,168.203,0.13977,3.918,168.202,0.13711,2
5254,395134,10,2,2,0,0,0,0,7,0,0,168.167,3.427,0.13703,-0.000,165.458,51.003,167.533,173.238,57.227,173.757,173.757,4.004,168.203,0.13971,3.993,168.202,0.13709,2
5269,395144,10,2,2,0,0,0,0,7,0,0,168.167,3.351,0.13708,-0.000,165.458,51.003,167.533,173.238,57.227,173.757,173.757,3.929,168.203,0.13976,3.993,168.202,0.13703,2
5269,395154,10,2,2,0,0,0,0,7,0,0,168.167,3.351,0.13715,-0.000,165.458,51.003,167.533,173.238,57.227,173.757,173.757,3.929,168.203,0.13983,3.918,168.202,0.13708,2
5285,395164,10,2,2,0,0,0,0,7,0,0,168.167,3.351,0.13712,-0.000,165.458,51.003,167.533,173.238,57.227,173.757,173.757,3.929,168.203,0.13980,3.918,168.202,0.13715,2
5316,395174,10,2,2,0,0,0,0,7,0,0,168.167,3.351,0.13700,-0.000,165.458,51.003,167.533,173.238,57.227,173.757,173.757,3.929,168.203,0.13968,3.918,168.202,0.13712,2
5316,395184,10,2,2,0,0,0,0,7,0,0,168.167,3.351,0.13678,-0.000,165.458,51.003,167.533,173.238,57.227,173.757,173.757,3.929,168.203,0.13946,3.918,168.202,0.13700,2
5316,395194,10,2,2,0,0,0,0,7,0,0,168.167,3.427,0.13673,-0.000,165.458,51.003,167.533,173.238,57.227,173.757,173.757,4.004,168.203,0.13941,3.918,168.202,0.13678,2
5332,395204,10,2,2,0,0,0,0,7,0,0,168.167,3.427,0.13718,-0.000,165.458,51.003,167.533,173.238,57.227,173.757,173.757,4.005,168.203,0.13986,3.993,168.202,0.13673,2
5332,395214,10,2,2,0,0,0,0,7,0,0,168.167,3.427,0.13707,-0.000,165.458,51.003,167.533,173.238,57.227,173.757,173.757,4.004,168.203,0.13975,3.993,168.202,0.13718,2
5347,395224,10,2,2,0,0,0,0,7,0,0,168.167,3.351,0.13706,-0.000,165.458,51.003,167.533,173.238,57.227,173.757,173.757,3.929,168.203,0.13973,3.993,168.202,0.13707,2
5363,395234,10,2,2,0,0,0,0,7,0,0,168.167,3.427,0.13703,-0.000,165.458,51.003,167.533,173.238,57.227,173.757,173.757,4.004,168.203,0.13970,3.918,168.202,0.13706,2
5363,395244,10,2,2,0,0,0,0,7,0,0,168.167,3.351,0.13699,-0.000,165.458,51.003,167.533,173.238,57.227,173.757,173.757,3.929,168.203,0.13967,3.993,168.202,0.13703,2
5379,395254,10,2,2,0,0,0,0,7,0,0,168.167,3.427,0.13702,-0.000,165.458,51.003,167.533,173.238,57.227,173.757,173.757,4.004,168.203,0.13969,3.918,168.202,0.13699,2
5379,395264,10,2,2,0,0,0,0,7,0,0,168.167,3.351,0.13684,-0.000,165.458,51.003,167.533,173.238,57.227,173.757,173.757,3.929,168.203,0.13951,3.993,168.202,0.13702,2
5395,395274,10,2,2,0,0,0,0,7,0,0,168.167,3.427,0.13715,-0.000,165.458,51.003,167.533,173.238,57.227,173.757,173.757,4.005,168.203,0.13982,3.918,168.202,0.13684,2
5411,395284,10,2,2,0,0,0,0,7,0,0,168.167,3.351,0.13695,-0.000,165.458,51.003,167.533,173.238,57.227,173.757,173.757,3.929,168.203,0.13962,3.993,168.202,0.13715,2
5411,395294,10,2,2,0,0,0,0,7,0,0,168.167,3.427,0.13678,-0.000,165.458,51.003,167.533,173.238,57.227,173.757,173.757,4.004,168.203,0.13946,3.918,168.202,0.13695,2
5426,395304,10,2,2,0,0,0,0,7,0,0,168.167,3.427,0.13674,-0.000,165.458,51.003,167.533,173.238,57.227,173.757,173.757,4.004,168.203,0.13941,3.993,168.202,0.13678,2
5442,395314,10,2,2,0,0,0,0,7,0,0,168.167,3.351,0.13674,-0.000,165.458,51.003,167.533,173.238,57.227,173.757,173.757,3.929,168.203,0.13942,3.993,168.202,0.13674,2
5442,395324,10,2,2,0,0,0,0,7,0,0,168.167,3.427,0.13665,-0.000,165.458,51.003,167.533,173.238,57.227,173.757,173.757,4.004,168.203,0.13933,3.918,168.202,0.13674,2
5458,395334,10,2,2,0,0,0,0,7,0,0,168.167,3.427,0.13659,-0.000,165.458,51.003,167.533,173.238,57.227,173.757,173.757,4.004,168.203,0.13926,3.993,168.202,0.13665,2
5474,395344,10,2,2,0,0,0,0,7,0,0,168.167,3.427,0.13652,-0.000,165.458,51.003,167.533,173.238,57.227,173.757,173.757,4.004,168.203,0.13919,3.993,168.202,0.13659,2
5474,395354,10,2,2,0,0,0,0,7,0,0,168.167,3.427,0.13657,-0.000,165.458,51.003,167.533,173.238,57.227,173.757,173.757,4.004,168.203,0.13925,3.993,168.202,0.13652,2
5489,395364,10,2,2,0,0,0,0,7,0,0,168.167,3.427,0.13674,-0.000,165.458,51.003,167.533,173.238,57.227,173.757,173.757,4.004,168.203,0.13941,3.993,168.202,0.13657,2
5489,395374,10,2,2,0,0,0,0,7,0,0,168.167,3.427,0.13691,-0.000,165.458,51.003,167.533,173.238,57.227,173.757,173.757,4.004,168.203,0.13958,3.993,168.202,0.13674,2
5506,395384,10,2,2,0,0,0,0,7,0,0,168.167,3.351,0.13699,-0.000,165.458,51.003,167.533,173.238,57.227,173.757,173.757,3.929,168.203,0.13966,3.993,168.202,0.13691,2
5537,395394,10,2,2,0,0,0,0,7,0,0,168.167,3.351,0.13678,-0.000,165.458,51.003,167.533,173.238,57.227,173.757,173.757,3.929,168.203,0.13946,3.918,168.202,0.13699,2
5537,395404,10,2,2,0,0,0,0,7,0,0,168.167,3.351,0.13689,-0.000,165.458,51.003,167.533,173.238,57.227,173.757,173.757,3.929,168.203,0.13956,3.918,168.202,0.13678,2
5537,395414,10,2,2,0,0,0,0,7,0,0,168.167,3.427,0.13696,-0.000,165.458,51.003,167.533,173.238,57.227,173.757,173.757,4.004,168.203,0.13964,3.918,168.202,0.13689,2
5568,395424,10,2,2,0,0,0,0,7,0,0,168.167,3.427,0.13670,-0.000,165.458,51.003,167.533,173.238,57.227,173.757,173.757,4.004,168.203,0.13938,3.993,168.202,0.13696,2
5568,395434,10,2,2,0,0,0,0,7,0,0,168.167,3.351,0.13687,-0.000,165.458,51.003,167.533,173.238,57.227,173.757,173.757,3.929,168.203,0.13954,3.993,168.202,0.13670,2
5568,395444,10,2,2,0,0,0,0,7,0,0,168.167,3.351,0.13680,-0.000,165.458,51.003,167.533,173.238,57.227,173.757,173.757,3.929,168.203,0.13948,3.918,168.202,0.13687,2
5601,395454,10,2,2,0,0,0,0,7,0,0,168.167,3.427,0.13691,-0.000,165.458,51.003,167.533,173.238,57.227,173.757,173.757,4.004,168.203,0.13959,3.918,168.202,0.13680,2
5601,395464,10,2,2,0,0,0,0,7,0,0,168.167,3.427,0.13719,-0.000,165.458,51.003,167.533,173.238,57.227,173.757,173.757,4.005,168.203,0.13986,3.993,168.202,0.13691,2
5601,395474,10,2,2,0,0,0,0,7,0,0,168.167,3.427,0.13750,-0.000,165.458,51.003,167.533,173.238,57.227,173.757,173.757,4.005,168.203,0.14017,3.993,168.202,0.13719,2
5601,395484,10,2,2,0,0,0,0,7,0,0,168.167,3.351,0.13731,-0.000,165.458,51.003,167.533,173.238,57.227,173.757,173.757,3.929,168.203,0.13999,3.994,168.202,0.13750,2
5616,395494,10,2,2,0,0,0,0,7,0,0,168.167,3.351,0.13716,-0.000,165.458,51.003,167.533,173.238,57.227,173.757,173.757,3.929,168.203,0.13984,3.918,168.202,0.13731,2
5646,395504,10,2,2,0,0,0,0,7,0,0,168.167,3.351,0.13696,-0.000,165.458,51.003,167.533,173.238,57.227,173.757,173.757,3.929,168.203,0.13964,3.918,168.202,0.13716,2
5646,395514,10,2,2,0,0,0,0,7,0,0,168.167,3.427,0.13686,-0.000,165.458,51.003,167.533,173.238,57.227,173.757,173.757,4.004,168.203,0.13953,3.918,168.202,0.13696,2
5646,395524,10,2,2,0,0,0,0,7,0,0,168.167,3.427,0.13720,-0.000,165.458,51.003,167.533,173.238,57.227,173.757,173.757,4.005,168.203,0.13988,3.993,168.202,0.13686,2
5677,395534,10,2,2,0,0,0,0,7,0,0,168.167,3.427,0.13733,-0.000,165.458,51.003,167.533,173.238,57.227,173.757,173.757,4.005,168.203,0.14000,3.993,168.202,0.13720,2
5677,395544,10,2,2,0,0,0,0,7,0,0,168.167,3.427,0.13750,-0.000,165.458,51.003,167.533,173.238,57.227,173.757,173.757,4.005,168.203,0.14017,3.994,168.202,0.13733,2
5677,395554,10,2,2,0,0,0,0,7,0,0,168.167,3.351,0.13718,-0.000,165.458,51.003,167.533,173.238,57.227,173.757,173.757,3.929,168.203,0.13986,3.994,168.202,0.13750,2
5693,395564,10,2,2,0,0,0,0,7,0,0,168.167,3.427,0.13739,-0.000,165.458,51.003,167.533,173.238,57.227,173.757,173.757,4.005,168.203,0.14006,3.918,168.202,0.13718,2
5693,395574,10,2,2,0,0,0,0,7,0,0,168.167,3.351,0.13754,-0.000,165.458,51.003,167.533,173.238,57.227,173.757,173.757,3.930,168.203,0.14022,3.994,168.202,0.13739,2
5708,395584,10,2,2,0,0,0,0,7,0,0,168.167,3.427,0.13741,-0.000,165.458,51.003,167.533,173.238,57.227,173.757,173.757,4.005,168.203,0.14009,3.919,168.202,0.13754,2
5740,395594,10,2,2,0,0,0,0,7,0,0,168.167,3.427,0.13720,-0.000,165.458,51.003,167.533,173.238,57.227,173.757,173.757,4.005,168.203,0.13988,3.994,168.202,0.13741,2
5740,395604,10,2,2,0,0,0,0,7,0,0,168.167,3.427,0.13714,-0.000,165.458,51.003,167.533,173.238,57.227,173.757,173.757,4.005,168.203,0.13982,3.993,168.202,0.13720,2
5740,395614,10,2,2,0,0,0,0,7,0,0,168.167,3.351,0.13712,-0.000,165.458,51.003,167.533,173.238,57.227,173.757,173.757,3.929,168.203,0.13979,3.993,168.202,0.13714,2
5740,395624,10,2,2,0,0,0,0,7,0,0,168.167,3.351,0.13696,-0.000,165.458,51.003,167.533,173.238,57.227,173.757,173.757,3.929,168.203,0.13964,3.918,168.202,0.13712,2
5771,395634,10,2,2,0,0,0,0,7,0,0,168.167,3.351,0.13698,-0.000,165.458,51.003,167.533,173.238,57.227,173.757,173.757,3.929,168.203,0.13965,3.918,168.202,0.13696,2
5771,395644,10,2,2,0,0,0,0,7,0,0,168.167,3.351,0.13672,-0.000,165.458,51.003,167.533,173.238,57.227,173.757,173.757,3.929,168.203,0.13939,3.918,168.202,0.13698,2
5771,395654,10,2,2,0,0,0,0,7,0,0,168.167,3.351,0.13694,-0.000,165.458,51.003,167.533,173.238,57.227,173.757,173.757,3.929,168.203,0.13961,3.918,168.202,0.13672,2
5786,395664,10,2,2,0,0,0,0,7,0,0,168.167,3.351,0.13702,-0.000,165.458,51.003,167.533,173.238,57.227,173.757,173.757,3.929,168.203,0.13969,3.918,168.202,0.13694,2
5803,395674,10,2,2,0,0,0,0,7,0,0,168.167,3.427,0.13685,-0.000,165.458,51.003,167.533,173.238,57.227,173.757,173.757,4.004,168.203,0.13952,3.918,168.202,0.13702,2
5803,395684,10,2,2,0,0,0,0,7,0,0,168.167,3.427,0.13676,-0.000,165.458,51.003,167.533,173.238,57.227,173.757,173.757,4.004,168.203,0.13943,3.993,168.202,0.13685,2
5833,395694,10,2,2,0,0,0,0,7,0,0,168.167,3.427,0.13687,-0.000,165.458,51.003,167.533,173.238,57.227,173.757,173.757,4.004,168.203,0.13954,3.993,168.202,0.13676,2
5833,395704,10,2,2,0,0,0,0,7,0,0,168.167,3.351,0.13706,-0.000,165.458,51.003,167.533,173.238,57.227,173.757,173.757,3.929,168.203,0.13973,3.993,168.202,0.13687,2
5833,395714,10,2,2,0,0,0,0,7,0,0,168.167,3.351,0.13690,-0.000,165.458,51.003,167.533,173.238,57.227,173.757,173.757,3.929,168.203,0.13958,3.918,168.202,0.13706,2
5849,395724,10,2,2,0,0,0,0,7,0,0,168.167,3.427,0.13674,-0.000,165.458,51.003,167.533,173.238,57.227,173.757,173.757,4.004,168.203,0.13941,3.918,168.202,0.13690,2
5849,395734,10,2,2,0,0,0,0,7,0,0,168.167,3.427,0.13661,-0.000,165.458,51.003,167.533,173.238,57.227,173.757,173.757,4.004,168.203,0.13929,3.993,168.202,0.13674,2
5865,395744,10,2,2,0,0,0,0,7,0,0,168.167,3.427,0.13644,-0.000,165.458,51.003,167.533,173.238,57.227,173.757,173.757,4.004,168.203,0.13911,3.993,168.201,0.13661,2
5896,395754,10,2,2,0,0,0,0,7,0,0,168.167,3.351,0.13670,-0.000,165.458,51.003,167.533,173.238,57.227,173.757,173.757,3.929,168.203,0.13938,3.993,168.201,0.13644,2
5896,395764,10,2,2,0,0,0,0,7,0,0,168.167,3.427,0.13673,-0.000,165.458,51.003,167.533,173.238,57.227,173.757,173.757,4.004,168.203,0.13941,3.917,168.202,0.13670,2
5896,395774,10,2,2,0,0,0,0,7,0,0,168.167,3.351,0.13680,-0.000,165.458,51.003,167.533,173.238,57.227,173.757,173.757,3.929,168.203,0.13947,3.993,168.202,0.13673,2
5927,395784,10,2,2,0,0,0,0,7,0,0,168.167,3.351,0.13676,-0.000,165.458,51.003,167.533,173.238,57.227,173.757,173.757,3.929,168.203,0.13943,3.918,168.202,0.13680,2
5927,395794,10,2,2,0,0,0,0,7,0,0,168.167,3.427,0.13677,-0.000,165.458,51.003,167.533,173.238,57.227,173.757,173.757,4.004,168.203,0.13945,3.918,168.202,0.13676,2
5927,395804,10,2,2,0,0,0,0,7,0,0,168.167,3.427,0.13684,-0.000,165.458,51.003,167.533,173.238,57.227,173.757,173.757,4.004,168.203,0.13952,3.993,168.202,0.13677,2
5942,395814,10,2,2,0,0,0,0,7,0,0,168.167,3.351,0.13663,-0.000,165.458,51.003,167.533,173.238,57.227,173.757,173.757,3.929,168.203,0.13931,3.993,168.202,0.13684,2
5942,395824,10,2,2,0,0,0,0,7,0,0,168.167,3.427,0.13679,-0.000,165.458,51.003,167.533,173.238,57.227,173.757,173.757,4.004,168.203,0.13946,3.917,168.202,0.13663,2
5958,395834,10,2,2,0,0,0,0,7,0,0,168.167,3.351,0.13682,-0.000,165.458,51.003,167.533,173.238,57.227,173.757,173.757,3.929,168.203,0.13950,3.993,168.202,0.13679,2
5974,395844,10,2,2,0,0,0,0,7,0,0,168.167,3.427,0.13697,-0.000,165.458,51.003,167.533,173.238,57.227,173.757,173.757,4.004,168.203,0.13964,3.918,168.202,0.13682,2
5974,395854,10,2,2,0,0,0,0,7,0,0,168.167,3.427,0.13715,-0.000,165.458,51.003,167.533,173.238,57.227,173.757,173.757,4.005,168.203,0.13982,3.993,168.202,0.13697,2
6004,395864,10,2,2,0,0,0,0,7,0,0,168.167,3.351,0.13705,-0.000,165.458,51.003,167.533,173.238,57.227,173.757,173.757,3.929,168.203,0.13973,3.993,168.202,0.13715,2
6004,395874,10,2,2,0,0,0,0,7,0,0,168.167,3.427,0.13683,-0.000,165.458,51.003,167.533,173.238,57.227,173.757,173.757,4.004,168.203,0.13950,3.918,168.202,0.13705,2
6004,395884,10,2,2,0,0,0,0,7,0,0,168.167,3.427,0.13683,-0.000,165.458,51.003,167.533,173.238,57.227,173.757,173.757,4.004,168.203,0.13951,3.993,168.202,0.13683,2
6019,395894,10,2,2,0,0,0,0,7,0,0,168.167,3.427,0.13686,-0.000,165.458,51.003,167.533,173.238,57.227,173.757,173.757,4.004,168.203,0.13954,3.993,168.202,0.13683,2
6034,395904,10,2,2,0,0,0,0,7,0,0,168.167,3.351,0.13673,-0.000,165.458,51.003,167.533,173.238,57.227,173.757,173.757,3.929,168.203,0.13940,3.993,168.202,0.13686,2
6034,395914,10,2,2,0,0,0,0,7,0,0,168.167,3.427,0.13650,-0.000,165.458,51.003,167.533,173.238,57.227,173.757,173.757,4.004,168.203,0.13917,3.918,168.202,0.13673,2
6050,395924,10,2,2,0,0,0,0,7,0,0,168.167,3.427,0.13666,-0.000,165.458,51.003,167.533,173.238,57.227,173.757,173.757,4.004,168.203,0.13933,3.993,168.201,0.13650,2
6050,395934,10,2,2,0,0,0,0,7,0,0,168.167,3.427,0.13685,-0.000,165.458,51.003,167.533,173.238,57.227,173.757,173.757,4.004,168.203,0.13953,3.993,168.202,0.13666,2
6065,395944,10,2,2,0,0,0,0,7,0,0,168.167,3.427,0.13695,-0.000,165.458,51.003,167.533,173.238,57.227,173.757,173.757,4.004,168.203,0.13963,3.993,168.202,0.13685,2
6081,395954,10,2,2,0,0,0,0,7,0,0,168.167,3.351,0.13684,-0.000,165.458,51.003,167.533,173.238,57.227,173.757,173.757,3.929,168.203,0.13952,3.993,168.202,0.13695,2
6081,395964,10,2,2,0,0,0,0,7,0,0,168.167,3.427,0.13675,-0.000,165.458,51.003,167.533,173.238,57.227,173.757,173.757,4.004,168.203,0.13943,3.918,168.202,0.13684,2
6097,395974,10,2,2,0,0,0,0,7,0,0,168.167,3.427,0.13688,-0.000,165.458,51.003,167.533,173.238,57.227,173.757,173.757,4.004,168.203,0.13956,3.993,168.202,0.13675,2
6112,395984,10,2,2,0,0,0,0,7,0,0,168.167,3.427,0.13699,-0.000,165.458,51.003,167.533,173.238,57.227,173.757,173.757,4.004,168.203,0.13966,3.993,168.202,0.13688,2
6112,395994,10,2,2,0,0,0,0,7,0,0,168.167,3.427,0.13708,-0.000,165.458,51.003,167.533,173.238,57.227,173.757,173.757,4.004,168.203,0.13976,3.993,168.202,0.13699,2
6128,396004,10,2,2,0,0,0,0,7,0,0,168.167,3.427,0.13702,-0.000,165.458,51.003,167.533,173.238,57.227,173.757,173.757,4.004,168.203,0.13969,3.993,168.202,0.13708,2
6143,396014,10,2,2,0,0,0,0,7,0,0,168.167,3.351,0.13696,-0.000,165.458,51.003,167.533,173.238,57.227,173.757,173.757,3.929,168.203,0.13964,3.993,168.202,0.13702,2
6143,396024,10,2,2,0,0,0,0,7,0,0,168.167,3.351,0.13694,-0.000,165.458,51.003,167.533,173.238,57.227,173.757,173.757,3.929,168.203,0.13961,3.918,168.202,0.13696,2
6158,396034,10,2,2,0,0,0,0,7,0,0,168.167,3.427,0.13676,-0.000,165.458,51.003,167.533,173.238,57.227,173.757,173.757,4.004,168.203,0.13944,3.918,168.202,0.13694,2
6174,396044,10,2,2,0,0,0,0,7,0,0,168.167,3.351,0.13695,-0.000,165.458,51.003,167.533,173.238,57.227,173.757,173.757,3.929,168.203,0.13963,3.993,168.202,0.13676,2
6174,396054,10,2,2,0,0,0,0,7,0,0,168.167,3.427,0.13707,-0.000,165.458,51.003,167.533,173.238,57.227,173.757,173.757,4.004,168.203,0.13975,3.918,168.202,0.13695,2
6189,396064,10,2,2,0,0,0,0,7,0,0,168.167,3.351,0.13702,-0.000,165.458,51.003,167.533,173.238,57.227,173.757,173.757,3.929,168.203,0.13969,3.993,168.202,0.13707,2
6189,396074,10,2,2,0,0,0,0,7,0,0,168.167,3.351,0.13715,-0.000,165.458,51.003,167.533,173.238,57.227,173.757,173.757,3.929,168.203,0.13983,3.918,168.202,0.13702,2
6204,396084,10,2,2,0,0,0,0,7,0,0,168.167,3.351,0.13685,-0.000,165.458,51.003,167.533,173.238,57.227,173.757,173.757,3.929,168.203,0.13953,3.918,168.202,0.13715,2
6220,396094,10,2,2,0,0,0,0,7,0,0,168.167,3.351,0.13663,-0.000,165.458,51.003,167.533,173.238,57.227,173.757,173.757,3.929,168.203,0.13931,3.918,168.202,0.13685,2
6220,396104,10,2,2,0,0,0,0,7,0,0,168.167,3.351,0.13676,-0.000,165.458,51.003,167.533,173.238,57.227,173.757,173.757,3.929,168.203,0.13944,3.917,168.202,0.13663,2
6236,396114,10,2,2,0,0,0,0,7,0,0,168.167,3.351,0.13691,-0.000,165.458,51.003,167.533,173.238,57.227,173.757,173.757,3.929,168.203,0.13959,3.918,168.202,0.13676,2
6251,396124,10,2,2,0,0,0,0,7,0,0,168.167,3.427,0.13702,-0.000,165.458,51.003,167.533,173.238,57.227,173.757,173.757,4.004,168.203,0.13969,3.918,168.202,0.13691,2
6251,396134,10,2,2,0,0,0,0,7,0,0,168.167,3.351,0.13710,-0.000,165.458,51.003,167.533,173.238,57.227,173.757,173.757,3.929,168.203,0.13978,3.993,168.202,0.13702,2
6266,396144,10,2,2,0,0,0,0,7,0,0,168.167,3.351,0.13698,-0.000,165.458,51.003,167.533,173.238,57.227,173.757,173.757,3.929,168.203,0.13966,3.918,168.202,0.13710,2
6282,396154,10,2,2,0,0,0,0,7,0,0,168.167,3.427,0.13723,-0.000,165.458,51.003,167.533,173.238,57.227,173.757,173.757,4.005,168.203,0.13990,3.918,168.202,0.13698,2
6282,396164,10,2,2,0,0,0,0,7,0,0,168.167,3.427,0.13725,-0.000,165.458,51.003,167.533,173.238,57.227,173.757,173.757,4.005,168.203,0.13992,3.993,168.202,0.13723,2
6298,396174,10,2,2,0,0,0,0,7,0,0,168.167,3.351,0.13723,-0.000,165.458,51.003,167.533,173.238,57.227,173.757,173.757,3.929,168.203,0.13990,3.994,168.202,0.13725,2
6313,396184,10,2,2,0,0,0,0,7,0,0,168.167,3.351,0.13737,-0.000,165.458,51.003,167.533,173.238,57.227,173.757,173.757,3.929,168.203,0.14005,3.918,168.202,0.13723,2
6313,396194,10,2,2,0,0,0,0,7,0,0,168.167,3.351,0.13737,-0.000,165.458,51.003,167.533,173.238,57.227,173.757,173.757,3.929,168.203,0.14004,3.918,168.202,0.13737,2
6328,396204,10,2,2,0,0,0,0,7,0,0,168.167,3.351,0.13730,-0.000,165.458,51.003,167.533,173.238,57.227,173.757,173.757,3.929,168.203,0.13998,3.918,168.202,0.13737,2
6344,396214,10,2,2,0,0,0,0,7,0,0,168.167,3.351,0.13721,-0.000,165.458,51.003,167.533,173.238,57.227,173.757,173.757,3.929,168.203,0.13988,3.918,168.202,0.13730,2
6344,396224,10,2,2,0,0,0,0,7,0,0,168.167,3.427,0.13724,-0.000,165.458,51.003,167.533,173.238,57.227,173.757,173.757,4.005,168.203,0.13992,3.918,168.202,0.13721,2
6361,396234,10,2,2,0,0,0,0,7,0,0,168.167,3.427,0.13727,-0.000,165.458,51.003,167.533,173.238,57.227,173.757,173.757,4.005,168.203,0.13995,3.994,168.202,0.13724,2
6361,396244,10,2,2,0,0,0,0,7,0,0,168.167,3.427,0.13716,-0.000,165.458,51.003,167.533,173.238,57.227,173.757,173.757,4.005,168.203,0.13983,3.994,168.202,0.13727,2
6376,396254,10,2,2,0,0,0,0,7,0,0,168.167,3.427,0.13714,-0.000,165.458,51.003,167.533,173.238,57.227,173.757,173.757,4.005,168.203,0.13982,3.993,168.202,0.13716,2
6393,396264,10,2,2,0,0,0,0,7,0,0,168.167,3.427,0.13727,-0.000,165.458,51.003,167.533,173.238,57.227,173.757,173.757,4.005,168.203,0.13995,3.993,168.202,0.13714,2
6393,396274,10,2,2,0,0,0,0,7,0,0,168.167,3.351,0.13685,-0.000,165.458,51.003,167.533,173.238,57.227,173.757,173.757,3.929,168.203,0.13953,3.994,168.202,0.13727,2
6408,396284,10,2,2,0,0,0,0,7,0,0,168.167,3.351,0.13692,-0.000,165.458,51.003,167.533,173.238,57.227,173.757,173.757,3.929,168.203,0.13959,3.918,168.202,0.13685,2
6423,396294,10,2,2,0,0,0,0,7,0,0,168.167,3.351,0.13676,-0.000,165.458,51.003,167.533,173.238,57.227,173.757,173.757,3.929,168.203,0.13943,3.918,168.202,0.13692,2
6423,396304,10,2,2,0,0,0,0,7,0,0,168.167,3.427,0.13675,-0.000,165.458,51.003,167.533,173.238,57.227,173.757,173.757,4.004,168.203,0.13943,3.918,168.202,0.13676,2
6439,396314,10,2,2,0,0,0,0,7,0,0,168.167,3.351,0.13684,-0.000,165.458,51.003,167.533,173.238,57.227,173.757,173.757,3.929,168.203,0.13951,3.993,168.202,0.13675,2
6439,396324,10,2,2,0,0,0,0,7,0,0,168.167,3.351,0.13708,-0.000,165.458,51.003,167.533,173.238,57.227,173.757,173.757,3.929,168.203,0.13975,3.918,168.202,0.13684,2
6455,396334,10,2,2,0,0,0,0,7,0,0,168.167,3.427,0.13693,-0.000,165.458,51.003,167.533,173.238,57.227,173.757,173.757,4.004,168.203,0.13961,3.918,168.202,0.13708,2
6471,396344,10,2,2,0,0,0,0,7,0,0,168.167,3.427,0.13697,-0.000,165.458,51.003,167.533,173.238,57.227,173.757,173.757,4.004,168.203,0.13965,3.993,168.202,0.13693,2
6471,396354,10,2,2,0,0,0,0,7,0,0,168.167,3.427,0.13696,-0.000,165.458,51.003,167.533,173.238,57.227,173.757,173.757,4.004,168.203,0.13964,3.993,168.202,0.13697,2
6487,396364,10,2,2,0,0,0,0,7,0,0,168.167,3.427,0.13685,-0.000,165.458,51.003,167.533,173.238,57.227,173.757,173.757,4.004,168.203,0.13953,3.993,168.202,0.13696,2
6503,396374,10,2,2,0,0,0,0,7,0,0,168.167,3.351,0.13678,-0.000,165.458,51.003,167.533,173.238,57.227,173.757,173.757,3.929,168.203,0.13945,3.993,168.202,0.13685,2
6503,396384,10,2,2,0,0,0,0,7,0,0,168.167,3.351,0.13688,-0.000,165.458,51.003,167.533,173.238,57.227,173.757,173.757,3.929,168.203,0.13956,3.918,168.202,0.13678,2
6518,396394,10,2,2,0,0,0,0,7,0,0,168.167,3.351,0.13685,-0.000,165.458,51.003,167.533,173.238,57.227,173.757,173.757,3.929,168.203,0.13953,3.918,168.202,0.13688,2
6533,396404,10,2,2,0,0,0,0,7,0,0,168.167,3.427,0.13681,-0.000,165.458,51.003,167.533,173.238,57.227,173.757,173.757,4.004,168.203,0.13948,3.918,168.202,0.13685,2
6533,396414,10,2,2,0,0,0,0,7,0,0,168.167,3.351,0.13676,-0.000,165.458,51.003,167.533,173.238,57.227,173.757,173.757,3.929,168.203,0.13944,3.993,168.202,0.13681,2
6549,396424,10,2,2,0,0,0,0,7,0,0,168.167,3.427,0.13676,-0.000,165.458,51.003,167.533,173.238,57.227,173.757,173.757,4.004,168.203,0.13943,3.918,168.202,0.13676,2
6549,396434,10,2,2,0,0,0,0,7,0,0,168.167,3.427,0.13670,-0.000,165.458,51.003,167.533,173.238,57.227,173.757,173.757,4.004,168.203,0.13937,3.993,168.202,0.13676,2
6565,396444,10,2,2,0,0,0,0,7,0,0,168.167,3.427,0.13658,-0.000,165.458,51.003,167.533,173.238,57.227,173.757,173.757,4.004,168.203,0.13926,3.993,168.202,0.13670,2
6580,396454,10,2,2,0,0,0,0,7,0,0,168.167,3.427,0.13656,-0.000,165.458,51.003,167.533,173.238,57.227,173.757,173.757,4.004,168.203,0.13924,3.993,168.202,0.13658,2
6580,396464,10,2,2,0,0,0,0,7,0,0,168.167,3.427,0.13650,-0.000,165.458,51.003,167.533,173.238,57.227,173.757,173.757,4.004,168.203,0.13917,3.993,168.201,0.13656,2
6595,396474,10,2,2,0,0,0,0,7,0,0,168.167,3.427,0.13653,-0.000,165.458,51.003,167.533,173.238,57.227,173.757,173.757,4.004,168.203,0.13921,3.993,168.201,0.13650,2
6611,396484,10,2,2,0,0,0,0,7,0,0,168.167,3.427,0.13688,-0.000,165.458,51.003,167.533,173.238,57.227,173.757,173.757,4.004,168.203,0.13955,3.993,168.201,0.13653,2
6611,396494,10,2,2,0,0,0,0,7,0,0,168.167,3.351,0.13686,-0.000,165.458,51.003,167.533,173.238,57.227,173.757,173.757,3.929,168.203,0.13953,3.993,168.202,0.13688,2
6627,396504,10,2,2,0,0,0,0,7,0,0,168.167,3.427,0.13691,-0.000,165.458,51.003,167.533,173.238,57.227,173.757,173.757,4.004,168.203,0.13959,3.918,168.202,0.13686,2
6643,396514,10,2,2,0,0,0,0,7,0,0,168.167,3.351,0.13692,-0.000,165.458,51.003,167.533,173.238,57.227,173.757,173.757,3.929,168.203,0.13960,3.993,168.202,0.13691,2
6643,396524,10,2,2,0,0,0,0,7,0,0,168.167,3.351,0.13685,-0.000,165.458,51.003,167.533,173.238,57.227,173.757,173.757,3.929,168.203,0.13952,3.918,168.202,0.13692,2
6659,396534,10,2,2,0,0,0,0,7,0,0,168.167,3.351,0.13667,-0.000,165.458,51.003,167.533,173.238,57.227,173.757,173.757,3.929,168.203,0.13935,3.918,168.202,0.13685,2
6675,396544,10,2,2,0,0,0,0,7,0,0,168.167,3.351,0.13660,-0.000,165.458,51.003,167.533,173.238,57.227,173.757,173.757,3.928,168.203,0.13927,3.917,168.202,0.13667,2
6675,396554,10,2,2,0,0,0,0,7,0,0,168.167,3.427,0.13669,-0.000,165.458,51.003,167.533,173.238,57.227,173.757,173.757,4.004,168.203,0.13937,3.917,168.202,0.13660,2
6690,396564,10,2,2,0,0,0,0,7,0,0,168.167,3.351,0.13682,-0.000,165.458,51.003,167.533,173.238,57.227,173.757,173.757,3.929,168.203,0.13950,3.993,168.202,0.13669,2
6690,396574,10,2,2,0,0,0,0,7,0,0,168.167,3.351,0.13707,-0.000,165.458,51.003,167.533,173.238,57.227,173.757,173.757,3.929,168.203,0.13975,3.918,168.202,0.13682,2
6705,396584,10,2,2,0,0,0,0,7,0,0,168.167,3.351,0.13675,-0.000,165.458,51.003,167.533,173.238,57.227,173.757,173.757,3.929,168.203,0.13943,3.918,168.202,0.13707,2
6721,396594,10,2,2,0,0,0,0,7,0,0,168.167,3.351,0.13662,-0.000,165.458,51.003,167.533,173.238,57.227,173.757,173.757,3.929,168.203,0.13930,3.918,168.202,0.13675,2
6721,396604,10,2,2,0,0,0,0,7,0,0,168.167,3.351,0.13669,-0.000,165.458,51.003,167.533,173.238,57.227,173.757,173.757,3.929,168.203,0.13937,3.917,168.202,0.13662,2
6737,396614,10,2,2,0,0,0,0,7,0,0,168.167,3.351,0.13703,-0.000,165.458,51.003,167.533,173.238,57.227,173.757,173.757,3.929,168.203,0.13971,3.917,168.202,0.13669,2
6753,396624,10,2,2,0,0,0,0,7,0,0,168.167,3.351,0.13715,-0.000,165.458,51.003,167.533,173.238,57.227,173.757,173.757,3.929,168.203,0.13982,3.918,168.202,0.13703,2
6753,396634,10,2,2,0,0,0,0,7,0,0,168.167,3.427,0.13717,-0.000,165.458,51.003,167.533,173.238,57.227,173.757,173.757,4.005,168.203,0.13985,3.918,168.202,0.13715,2
6769,396644,10,2,2,0,0,0,0,7,0,0,168.167,3.427,0.13695,-0.000,165.458,51.003,167.533,173.238,57.227,173.757,173.757,4.004,168.203,0.13962,3.993,168.202,0.13717,2
6784,396654,10,2,2,0,0,0,0,7,0,0,168.167,3.427,0.13672,-0.000,165.458,51.003,167.533,173.238,57.227,173.757,173.757,4.004,168.203,0.13940,3.993,168.202,0.13695,2
6784,396664,10,2,2,0,0,0,0,7,0,0,168.167,3.427,0.13670,-0.000,165.458,51.003,167.533,173.238,57.227,173.757,173.757,4.004,168.203,0.13937,3.993,168.202,0.13672,2
6800,396674,10,2,2,0,0,0,0,7,0,0,168.167,3.351,0.13667,-0.000,165.458,51.003,167.533,173.238,57.227,173.757,173.757,3.929,168.203,0.13935,3.993,168.202,0.13670,2
6800,396684,10,2,2,0,0,0,0,7,0,0,168.167,3.351,0.13679,-0.000,165.458,51.003,167.533,173.238,57.227,173.757,173.757,3.929,168.203,0.13947,3.917,168.202,0.13667,2
6816,396694,10,2,2,0,0,0,0,7,0,0,168.167,3.427,0.13688,-0.000,165.458,51.003,167.533,173.238,57.227,173.757,173.757,4.004,168.203,0.13956,3.918,168.202,0.13679,2
6833,396704,10,2,2,0,0,0,0,7,0,0,168.167,3.351,0.13720,-0.000,165.458,51.003,167.533,173.238,57.227,173.757,173.757,3.929,168.203,0.13988,3.993,168.202,0.13688,2
6833,396714,10,2,2,0,0,0,0,7,0,0,168.167,3.427,0.13713,-0.000,165.458,51.003,167.533,173.238,57.227,173.757,173.757,4.005,168.203,0.13981,3.918,168.202,0.13720,2
6846,396724,10,2,2,0,0,0,0,7,0,0,168.167,3.351,0.13708,-0.000,165.458,51.003,167.533,173.238,57.227,173.757,173.757,3.929,168.203,0.13975,3.993,168.202,0.13713,2
6862,396734,10,2,2,0,0,0,0,7,0,0,168.167,3.351,0.13704,-0.000,165.458,51.003,167.533,173.238,57.227,173.757,173.757,3.929,168.203,0.13972,3.918,168.202,0.13708,2
6862,396744,10,2,2,0,0,0,0,7,0,0,168.167,3.427,0.13712,-0.000,165.458,51.003,167.533,173.238,57.227,173.757,173.757,4.005,168.203,0.13980,3.918,168.202,0.13704,2
6877,396754,10,2,2,0,0,0,0,7,0,0,168.167,3.427,0.13708,-0.000,165.458,51.003,167.533,173.238,57.227,173.757,173.757,4.004,168.203,0.13976,3.993,168.202,0.13712,2
6893,396764,10,2,2,0,0,0,0,7,0,0,168.167,3.427,0.13708,-0.000,165.458,51.003,167.533,173.238,57.227,173.757,173.757,4.004,168.203,0.13975,3.993,168.202,0.13708,2
6893,396774,10,2,2,0,0,0,0,7,0,0,168.167,3.351,0.13698,-0.000,165.458,51.003,167.533,173.238,57.227,173.757,173.757,3.929,168.203,0.13965,3.993,168.202,0.13708,2
6910,396784,10,2,2,0,0,0,0,7,0,0,168.167,3.427,0.13716,-0.000,165.458,51.003,167.533,173.238,57.227,173.757,173.757,4.005,168.203,0.13983,3.918,168.202,0.13698,2
6910,396794,10,2,2,0,0,0,0,7,0,0,168.167,3.427,0.13727,-0.000,165.458,51.003,167.533,173.238,57.227,173.757,173.757,4.005,168.203,0.13994,3.993,168.202,0.13716,2
6924,396804,10,2,2,0,0,0,0,7,0,0,168.167,3.351,0.13702,-0.000,165.458,51.003,167.533,173.238,57.227,173.757,173.757,3.929,168.203,0.13969,3.994,168.202,0.13727,2
6940,396814,10,2,2,0,0,0,0,7,0,0,168.167,3.427,0.13707,-0.000,165.458,51.003,167.533,173.238,57.227,173.757,173.757,4.004,168.203,0.13975,3.918,168.202,0.13702,2
6940,396824,10,2,2,0,0,0,0,7,0,0,168.167,3.351,0.13706,-0.000,165.458,51.003,167.533,173.238,57.227,173.757,173.757,3.929,168.203,0.13974,3.993,168.202,0.13707,2
6955,396834,10,2,2,0,0,0,0,7,0,0,168.167,3.351,0.13721,-0.000,165.458,51.003,167.533,173.238,57.227,173.757,173.757,3.929,168.203,0.13989,3.918,168.202,0.13706,2
6971,396844,10,2,2,0,0,0,0,7,0,0,168.167,3.427,0.13697,-0.000,165.458,51.003,167.533,173.238,57.227,173.757,173.757,4.004,168.203,0.13965,3.918,168.202,0.13721,2
6971,396854,10,2,2,0,0,0,0,7,0,0,168.167,3.351,0.13691,-0.000,165.458,51.003,167.533,173.238,57.227,173.757,173.757,3.929,168.203,0.13959,3.993,168.202,0.13697,2
6986,396864,10,2,2,0,0,0,0,7,0,0,168.167,3.427,0.13684,-0.000,165.458,51.003,167.533,173.238,57.227,173.757,173.757,4.004,168.203,0.13952,3.918,168.202,0.13691,2
7002,396874,10,2,2,0,0,0,0,7,0,0,168.167,3.427,0.13703,-0.000,165.458,51.003,167.533,173.238,57.227,173.757,173.757,4.004,168.203,0.13971,3.993,168.202,0.13684,2
7002,396884,10,2,2,0,0,0,0,7,0,0,168.167,3.351,0.13727,-0.000,165.458,51.003,167.533,173.238,57.227,173.757,173.757,3.929,168.203,0.13995,3.993,168.202,0.13703,2
7018,396894,10,2,2,0,0,0,0,7,0,0,168.167,3.427,0.13721,-0.000,165.458,51.003,167.533,173.238,57.227,173.757,173.757,4.005,168.203,0.13988,3.918,168.202,0.13727,2
7033,396904,10,2,2,0,0,0,0,7,0,0,168.167,3.427,0.13724,-0.000,165.458,51.003,167.533,173.238,57.227,173.757,173.757,4.005,168.203,0.13991,3.993,168.202,0.13721,2
7033,396914,10,2,2,0,0,0,0,7,0,0,168.167,3.427,0.13734,-0.000,165.458,51.003,167.533,173.238,57.227,173.757,173.757,4.005,168.203,0.14002,3.994,168.202,0.13724,2
7049,396924,10,2,2,0,0,0,0,7,0,0,168.167,3.427,0.13722,-0.000,165.458,51.003,167.533,173.238,57.227,173.757,173.757,4.005,168.203,0.13989,3.994,168.202,0.13734,2
7049,396934,10,2,2,0,0,0,0,7,0,0,168.167,3.351,0.13708,-0.000,165.458,51.003,167.533,173.238,57.227,173.757,173.757,3.929,168.203,0.13975,3.993,168.202,0.13722,2
7065,396944,10,2,2,0,0,0,0,7,0,0,168.167,3.351,0.13710,-0.000,165.458,51.003,167.533,173.238,57.227,173.757,173.757,3.929,168.203,0.13977,3.918,168.202,0.13708,2
7080,396954,10,2,2,0,0,0,0,7,0,0,168.167,3.351,0.13714,-0.000,165.458,51.003,167.533,173.238,57.227,173.757,173.757,3.929,168.203,0.13982,3.918,168.202,0.13710,2
7080,396964,10,2,2,0,0,0,0,7,0,0,168.167,3.427,0.13725,-0.000,165.458,51.003,167.533,173.238,57.227,173.757,173.757,4.005,168.203,0.13992,3.918,168.202,0.13714,2
7096,396974,10,2,2,0,0,0,0,7,0,0,168.167,3.351,0.13713,-0.000,165.458,51.003,167.533,173.238,57.227,173.757,173.757,3.929,168.203,0.13980,3.994,168.202,0.13725,2
7111,396984,10,2,2,0,0,0,0,7,0,0,168.167,3.427,0.13707,-0.000,165.458,51.003,167.533,173.238,57.227,173.757,173.757,4.004,168.203,0.13975,3.918,168.202,0.13713,2
7111,396994,10,2,2,0,0,0,0,7,0,0,168.167,3.427,0.13687,-0.000,165.458,51.003,167.533,173.238,57.227,173.757,173.757,4.004,168.203,0.13955,3.993,168.202,0.13707,2
7126,397004,10,2,2,0,0,0,0,7,0,0,168.167,3.427,0.13695,-0.000,165.458,51.003,167.533,173.238,57.227,173.757,173.757,4.004,168.203,0.13962,3.993,168.202,0.13687,2
7143,397014,10,2,2,0,0,0,0,7,0,0,168.167,3.351,0.13727,-0.000,165.458,51.003,167.533,173.238,57.227,173.757,173.757,3.929,168.203,0.13995,3.993,168.202,0.13695,2
7143,397024,10,2,2,0,0,0,0,7,0,0,168.167,3.427,0.13726,-0.000,165.458,51.003,167.533,173.238,57.227,173.757,173.757,4.005,168.203,0.13994,3.918,168.202,0.13727,2
7158,397034,10,2,2,0,0,0,0,7,0,0,168.167,3.427,0.13719,-0.000,165.458,51.003,167.533,173.238,57.227,173.757,173.757,4.005,168.203,0.13987,3.994,168.202,0.13726,2
7174,397044,10,2,2,0,0,0,0,7,0,0,168.167,3.351,0.13683,-0.000,165.458,51.003,167.533,173.238,57.227,173.757,173.757,3.929,168.203,0.13950,3.993,168.202,0.13719,2
7174,397054,10,2,2,0,0,0,0,7,0,0,168.167,3.351,0.13673,-0.000,165.458,51.003,167.533,173.238,57.227,173.757,173.757,3.929,168.203,0.13941,3.918,168.202,0.13683,2
7189,397064,10,2,2,0,0,0,0,7,0,0,168.167,3.427,0.13670,-0.000,165.458,51.003,167.533,173.238,57.227,173.757,173.757,4.004,168.203,0.13937,3.918,168.202,0.13673,2
7189,397074,10,2,2,0,0,0,0,7,0,0,168.167,3.427,0.13670,-0.000,165.458,51.003,167.533,173.238,57.227,173.757,173.757,4.004,168.203,0.13938,3.993,168.202,0.13670,2
7206,397084,10,2,2,0,0,0,0,7,0,0,168.167,3.427,0.13677,-0.000,165.458,51.003,167.533,173.238,57.227,173.757,173.757,4.004,168.203,0.13944,3.993,168.202,0.13670,2
7221,397094,10,2,2,0,0,0,0,7,0,0,168.167,3.427,0.13672,-0.000,165.458,51.003,167.533,173.238,57.227,173.757,173.757,4.004,168.203,0.13940,3.993,168.202,0.13677,2
7221,397104,10,2,2,0,0,0,0,7,0,0,168.167,3.351,0.13662,-0.000,165.458,51.003,167.533,173.238,57.227,173.757,173.757,3.929,168.203,0.13930,3.993,168.202,0.13672,2
7236,397114,10,2,2,0,0,0,0,7,0,0,168.167,3.427,0.13663,-0.000,165.458,51.003,167.533,173.238,57.227,173.757,173.757,4.004,168.203,0.13931,3.917,168.202,0.13662,2
7252,397124,10,2,2,0,0,0,0,7,0,0,168.167,3.351,0.13687,-0.000,165.458,51.003,167.533,173.238,57.227,173.757,173.757,3.929,168.203,0.13955,3.993,168.202,0.13663,2
7252,397134,10,2,2,0,0,0,0,7,0,0,168.167,3.427,0.13683,-0.000,165.458,51.003,167.533,173.238,57.227,173.757,173.757,4.004,168.203,0.13950,3.918,168.202,0.13687,2
7267,397144,10,2,2,0,0,0,0,7,0,0,168.167,3.427,0.13682,-0.000,165.458,51.003,167.533,173.238,57.227,173.757,173.757,4.004,168.203,0.13949,3.993,168.202,0.13683,2
7283,397154,10,2,2,0,0,0,0,7,0,0,168.167,3.427,0.13665,-0.000,165.458,51.003,167.533,173.238,57.227,173.757,173.757,4.004,168.203,0.13932,3.993,168.202,0.13682,2
7283,397164,10,2,2,0,0,0,0,7,0,0,168.167,3.427,0.13673,-0.000,165.458,51.003,167.533,173.238,57.227,173.757,173.757,4.004,168.203,0.13941,3.993,168.202,0.13665,2
7299,397174,10,2,2,0,0,0,0,7,0,0,168.167,3.351,0.13689,-0.000,165.458,51.003,167.533,173.238,57.227,173.757,173.757,3.929,168.203,0.13956,3.993,168.202,0.13673,2
7314,397184,10,2,2,0,0,0,0,7,0,0,168.167,3.351,0.13708,-0.000,165.458,51.003,167.533,173.238,57.227,173.757,173.757,3.929,168.203,0.13976,3.918,168.202,0.13689,2
7314,397194,10,2,2,0,0,0,0,7,0,0,168.167,3.427,0.13700,-0.000,165.458,51.003,167.533,173.238,57.227,173.757,173.757,4.004,168.203,0.13968,3.918,168.202,0.13708,2
7330,397204,10,2,2,0,0,0,0,7,0,0,168.167,3.351,0.13701,-0.000,165.458,51.003,167.533,173.238,57.227,173.757,173.757,3.929,168.203,0.13969,3.993,168.202,0.13700,2
7330,397214,10,2,2,0,0,0,0,7,0,0,168.167,3.427,0.13684,-0.000,165.458,51.003,167.533,173.238,57.227,173.757,173.757,4.004,168.203,0.13952,3.918,168.202,0.13701,2
7345,397224,10,2,2,0,0,0,0,7,0,0,168.167,3.427,0.13678,-0.000,165.458,51.003,167.533,173.238,57.227,173.757,173.757,4.004,168.203,0.13946,3.993,168.202,0.13684,2
7361,397234,10,2,2,0,0,0,0,7,0,0,168.167,3.351,0.13678,-0.000,165.458,51.003,167.533,173.238,57.227,173.757,173.757,3.929,168.203,0.13945,3.993,168.202,0.13678,2
7361,397244,10,2,2,0,0,0,0,7,0,0,168.167,3.427,0.13695,-0.000,165.458,51.003,167.533,173.238,57.227,173.757,173.757,4.004,168.203,0.13962,3.918,168.202,0.13678,2
7376,397254,10,2,2,0,0,0,0,7,0,0,168.167,3.427,0.13698,-0.000,165.458,51.003,167.533,173.238,57.227,173.757,173.757,4.004,168.203,0.13966,3.993,168.202,0.13695,2
7392,397264,10,2,2,0,0,0,0,7,0,0,168.167,3.351,0.13686,-0.000,165.458,51.003,167.533,173.238,57.227,173.757,173.757,3.929,168.203,0.13953,3.993,168.202,0.13698,2
7392,397274,10,2,2,0,0,0,0,7,0,0,168.167,3.427,0.13689,-0.000,165.458,51.003,167.533,173.238,57.227,173.757,173.757,4.004,168.203,0.13956,3.918,168.202,0.13686,2
7407,397284,10,2,2,0,0,0,0,7,0,0,168.167,3.351,0.13699,-0.000,165.458,51.003,167.533,173.238,57.227,173.757,173.757,3.929,168.203,0.13966,3.993,168.202,0.13689,2
7423,397294,10,2,2,0,0,0,0,7,0,0,168.167,3.427,0.13700,-0.000,165.458,51.003,167.533,173.238,57.227,173.757,173.757,4.004,168.203,0.13967,3.918,168.202,0.13699,2
7423,397304,10,2,2,0,0,0,0,7,0,0,168.167,3.351,0.13688,-0.000,165.458,51.003,167.533,173.238,57.227,173.757,173.757,3.929,168.203,0.13956,3.993,168.202,0.13700,2
7438,397314,10,2,2,0,0,0,0,7,0,0,168.167,3.427,0.13678,-0.000,165.458,51.003,167.533,173.238,57.227,173.757,173.757,4.004,168.203,0.13946,3.918,168.202,0.13688,2
7454,397324,10,2,2,0,0,0,0,7,0,0,168.167,3.351,0.13685,-0.000,165.458,51.003,167.533,173.238,57.227,173.757,173.757,3.929,168.203,0.13952,3.993,168.202,0.13678,2
7454,397334,10,2,2,0,0,0,0,7,0,0,168.167,3.351,0.13666,-0.000,165.458,51.003,167.533,173.238,57.227,173.757,173.757,3.929,168.203,0.13934,3.918,168.202,0.13685,2
7469,397344,10,2,2,0,0,0,0,7,0,0,168.167,3.427,0.13663,-0.000,165.458,51.003,167.533,173.238,57.227,173.757,173.757,4.004,168.203,0.13931,3.917,168.202,0.13666,2
7469,397354,10,2,2,0,0,0,0,7,0,0,168.167,3.427,0.13668,-0.000,165.458,51.003,167.533,173.238,57.227,173.757,173.757,4.004,168.203,0.13936,3.993,168.202,0.13663,2
7485,397364,10,2,2,0,0,0,0,7,0,0,168.167,3.351,0.13672,-0.000,165.458,51.003,167.533,173.238,57.227,173.757,173.757,3.929,168.203,0.13940,3.993,168.202,0.13668,2
7500,397374,10,2,2,0,0,0,0,7,0,0,168.167,3.351,0.13648,-0.000,165.458,51.003,167.533,173.238,57.227,173.757,173.757,3.928,168.203,0.13915,3.918,168.202,0.13672,2
7500,397384,10,2,2,0,0,0,0,7,0,0,168.167,3.351,0.13646,-0.000,165.458,51.003,167.533,173.238,57.227,173.757,173.757,3.928,168.203,0.13913,3.917,168.202,0.13648,2
7516,397394,10,2,2,0,0,0,0,7,0,0,168.167,3.351,0.13659,-0.000,165.458,51.003,167.533,173.238,57.227,173.757,173.757,3.928,168.203,0.13927,3.917,168.202,0.13646,2
7531,397404,10,2,2,0,0,0,0,7,0,0,168.167,3.427,0.13689,-0.000,165.458,51.003,167.533,173.238,57.227,173.757,173.757,4.004,168.203,0.13956,3.917,168.202,0.13659,2
7531,397414,10,2,2,0,0,0,0,7,0,0,168.167,3.427,0.13681,-0.000,165.458,51.003,167.533,173.238,57.227,173.757,173.757,4.004,168.203,0.13949,3.993,168.202,0.13689,2
7547,397424,10,2,2,0,0,0,0,7,0,0,168.167,3.427,0.13684,-0.000,165.458,51.003,167.533,173.238,57.227,173.757,173.757,4.004,168.203,0.13952,3.993,168.202,0.13681,2
7562,397434,10,2,2,0,0,0,0,7,0,0,168.167,3.427,0.13683,-0.000,165.458,51.003,167.533,173.238,57.227,173.757,173.757,4.004,168.203,0.13951,3.993,168.202,0.13684,2
7562,397444,10,2,2,0,0,0,0,7,0,0,168.167,3.351,0.13673,-0.000,165.458,51.003,167.533,173.238,57.227,173.757,173.757,3.929,168.203,0.13941,3.993,168.202,0.13683,2
7578,397454,10,2,2,0,0,0,0,7,0,0,168.167,3.351,0.13674,-0.000,165.458,51.003,167.533,173.238,57.227,173.757,173.757,3.929,168.203,0.13942,3.918,168.202,0.13673,2
7593,397464,10,2,2,0,0,0,0,7,0,0,168.167,3.427,0.13675,-0.000,165.458,51.003,167.533,173.238,57.227,173.757,173.757,4.004,168.203,0.13942,3.918,168.202,0.13674,2
7593,397474,10,2,2,0,0,0,0,7,0,0,168.167,3.351,0.13681,-0.000,165.458,51.003,167.533,173.238,57.227,173.757,173.757,3.929,168.203,0.13948,3.993,168.202,0.13675,2
7609,397484,10,2,2,0,0,0,0,7,0,0,168.167,3.427,0.13672,-0.000,165.458,51.003,167.533,173.238,57.227,173.757,173.757,4.004,168.203,0.13940,3.918,168.202,0.13681,2
7625,397494,10,2,2,0,0,0,0,7,0,0,168.167,3.351,0.13687,-0.000,165.458,51.003,167.533,173.238,57.227,173.757,173.757,3.929,168.203,0.13955,3.993,168.202,0.13672,2
7625,397504,10,2,2,0,0,0,0,7,0,0,168.167,3.351,0.13687,-0.000,165.458,51.003,167.533,173.238,57.227,173.757,173.757,3.929,168.203,0.13955,3.918,168.202,0.13687,2
7641,397514,10,2,2,0,0,0,0,7,0,0,168.167,3.351,0.13662,-0.000,165.458,51.003,167.533,173.238,57.227,173.757,173.757,3.929,168.203,0.13930,3.918,168.202,0.13687,2
7641,397524,10,2,2,0,0,0,0,7,0,0,168.167,3.351,0.13630,-0.000,165.458,51.003,167.533,173.238,57.227,173.757,173.757,3.928,168.203,0.13898,3.917,168.202,0.13662,2
7656,397534,10,2,2,0,0,0,0,7,0,0,168.167,3.427,0.13647,-0.000,165.458,51.003,167.533,173.238,57.227,173.757,173.757,4.004,168.203,0.13914,3.917,168.202,0.13630,2
7672,397544,10,2,2,0,0,0,0,7,0,0,168.167,3.427,0.13642,-0.000,165.458,51.003,167.533,173.238,57.227,173.757,173.757,4.004,168.203,0.13910,3.993,168.201,0.13647,2
7672,397554,10,2,2,0,0,0,0,7,0,0,168.167,3.351,0.13659,-0.000,165.458,51.003,167.533,173.238,57.227,173.757,173.757,3.928,168.203,0.13927,3.993,168.201,0.13642,2
7688,397564,10,2,2,0,0,0,0,7,0,0,168.167,3.427,0.13682,-0.000,165.458,51.003,167.533,173.238,57.227,173.757,173.757,4.004,168.203,0.13950,3.917,168.202,0.13659,2
7703,397574,10,2,2,0,0,0,0,7,0,0,168.167,3.351,0.13688,-0.000,165.458,51.003,167.533,173.238,57.227,173.757,173.757,3.929,168.203,0.13955,3.993,168.202,0.13682,2
7703,397584,10,2,2,0,0,0,0,7,0,0,168.167,3.427,0.13700,-0.000,165.458,51.003,167.533,173.238,57.227,173.757,173.757,4.004,168.203,0.13968,3.918,168.202,0.13688,2
7719,397594,10,2,2,0,0,0,0,7,0,0,168.167,3.427,0.13695,-0.000,165.458,51.003,167.533,173.238,57.227,173.757,173.757,4.004,168.203,0.13963,3.993,168.202,0.13700,2
7734,397604,10,2,2,0,0,0,0,7,0,0,168.167,3.427,0.13693,-0.000,165.458,51.003,167.533,173.238,57.227,173.757,173.757,4.004,168.203,0.13961,3.993,168.202,0.13695,2
7734,397614,10,2,2,0,0,0,0,7,0,0,168.167,3.427,0.13673,-0.000,165.458,51.003,167.533,173.238,57.227,173.757,173.757,4.004,168.203,0.13940,3.993,168.202,0.13693,2
7749,397624,10,2,2,0,0,0,0,7,0,0,168.167,3.427,0.13690,-0.000,165.458,51.003,167.533,173.238,57.227,173.757,173.757,4.004,168.203,0.13958,3.993,168.202,0.13673,2
7749,397634,10,2,2,0,0,0,0,7,0,0,168.167,3.427,0.13684,-0.000,165.458,51.003,167.533,173.238,57.227,173.757,173.757,4.004,168.203,0.13952,3.993,168.202,0.13690,2
7765,397644,10,2,2,0,0,0,0,7,0,0,168.167,3.427,0.13688,-0.000,165.458,51.003,167.533,173.238,57.227,173.757,173.757,4.004,168.203,0.13956,3.993,168.202,0.13684,2
7780,397654,10,2,2,0,0,0,0,7,0,0,168.167,3.427,0.13682,-0.000,165.458,51.003,167.533,173.238,57.227,173.757,173.757,4.004,168.203,0.13950,3.993,168.202,0.13688,2
7780,397664,10,2,2,0,0,0,0,7,0,0,168.167,3.427,0.13685,-0.000,165.458,51.003,167.533,173.238,57.227,173.757,173.757,4.004,168.203,0.13952,3.993,168.202,0.13682,2
7795,397674,10,2,2,0,0,0,0,7,0,0,168.167,3.427,0.13702,-0.000,165.458,51.003,167.533,173.238,57.227,173.757,173.757,4.004,168.203,0.13970,3.993,168.202,0.13685,2
7811,397684,10,2,2,0,0,0,0,7,0,0,168.167,3.427,0.13703,-0.000,165.458,51.003,167.533,173.238,57.227,173.757,173.757,4.004,168.203,0.13971,3.993,168.202,0.13702,2
7811,397694,10,2,2,0,1,0,0,7,0,0,168.167,3.351,0.13701,-0.000,165.458,51.003,167.533,173.238,57.227,173.757,173.757,3.929,168.203,0.13969,3.993,168.202,0.13703,0
7843,397704,10,2,2,0,1,0,0,7,0,0,168.167,3.351,0.13677,-0.000,165.458,51.003,167.533,173.238,57.227,173.757,173.757,3.929,168.203,0.13945,3.918,168.202,0.13701,0
7843,397714,10,3,3,0,1,1,0,0,3000,1500,168.167,3.351,0.13662,-0.000,165.458,51.003,167.533,173.238,57.227,173.757,173.757,3.929,168.203,0.13929,3.918,168.202,0.13677,0
7843,397724,10,3,3,0,1,1,0,0,3000,1500,168.167,3.427,0.13684,-0.000,165.458,51.003,167.533,173.238,57.227,173.757,173.757,4.004,168.203,0.13951,3.917,168.202,0.13662,0
7858,397734,10,3,3,0,1,1,0,0,3000,1500,168.167,3.427,0.13679,-0.000,167.014,51.868,169.607,173.757,57.573,174.275,174.275,4.004,168.203,0.13947,3.993,168.202,0.13684,0
7874,397744,10,3,3,0,1,1,0,0,3000,1500,168.167,3.427,0.13627,-0.000,169.607,53.251,171.163,174.794,58.610,175.313,175.313,4.003,168.203,0.13895,3.993,168.202,0.13679,0
7874,397754,10,3,3,0,1,1,0,0,3000,1500,168.246,3.427,0.15406,2.686,171.682,54.807,171.682,176.350,59.648,176.350,176.350,4.025,168.289,0.15674,3.992,168.201,0.13627,0
7890,397764,10,3,3,0,1,1,0,0,3000,1500,168.477,3.427,0.20627,6.378,172.201,56.882,172.719,177.906,60.858,177.388,177.906,4.090,168.537,0.20895,4.014,168.287,0.15406,0
7890,397774,10,3,3,0,1,1,0,0,3000,1500,168.712,3.427,0.27320,6.684,172.201,59.129,173.238,178.425,61.895,178.944,178.944,4.173,168.795,0.27588,4.079,168.536,0.20627,0
7905,397784,10,3,3,0,1,1,0,0,3000,1500,169.182,3.427,0.33339,6.317,173.238,59.475,174.275,178.425,63.106,179.462,179.462,4.249,169.286,0.33607,4.162,168.794,0.27320,0
7921,397794,10,3,3,0,1,1,0,0,3000,1500,169.727,3.507,0.39105,5.921,173.757,59.475,174.794,178.944,64.143,179.462,179.462,4.403,169.850,0.39372,4.238,169.284,0.33339,0
7921,397804,10,3,3,0,1,1,0,0,3000,1500,170.077,3.507,0.44294,4.822,174.794,59.129,175.313,179.462,65.008,179.981,179.981,4.469,170.218,0.44562,4.392,169.849,0.39105,0
7937,397814,10,3,3,0,1,1,0,0,3000,1500,170.738,3.582,0.46130,1.160,175.313,59.129,175.831,180.500,65.353,180.500,180.500,4.572,170.884,0.46398,4.458,170.217,0.44294,0
7953,397824,10,3,3,0,1,1,0,0,3000,1500,171.478,3.702,0.45590,-0.702,175.831,59.129,176.350,181.018,65.353,181.537,181.537,4.691,171.622,0.45857,4.561,170.883,0.46130,0
7953,397834,10,3,3,0,1,1,0,0,3000,1500,172.218,3.777,0.42584,-2.747,176.869,59.475,177.388,181.537,65.353,182.574,182.574,4.735,172.351,0.42852,4.680,171.620,0.45590,0
7968,397844,10,3,3,0,1,1,0,0,3000,1500,172.883,3.777,0.40897,-1.221,177.388,59.648,178.425,182.574,65.699,183.093,183.093,4.720,173.010,0.41164,4.724,172.350,0.42584,0
7984,397854,10,3,3,0,1,1,0,0,3000,1500,173.624,3.777,0.41313,0.732,178.425,59.994,178.944,183.093,66.045,184.130,184.130,4.730,173.752,0.41580,4.708,173.009,0.40897,0
7984,397864,10,3,3,0,1,1,0,0,3000,1500,174.400,3.777,0.44082,2.930,178.944,59.994,179.981,184.130,66.391,184.649,184.649,4.770,174.537,0.44350,4.719,173.751,0.41313,0
7999,397874,10,3,3,0,1,1,0,0,3000,1500,175.025,3.777,0.46192,1.709,179.981,59.994,180.500,184.649,66.391,185.686,185.686,4.801,175.169,0.46459,4.758,174.536,0.44082,0
8015,397884,10,3,3,0,1,1,0,0,3000,1500,175.650,3.777,0.48083,2.136,181.018,59.994,181.537,185.168,66.736,186.205,186.205,4.829,175.801,0.48351,4.789,175.168,0.46192,0
8015,397894,10,3,3,0,1,1,0,0,3000,1500,176.350,3.777,0.49975,1.984,181.537,60.685,182.056,186.205,67.082,186.724,186.724,4.858,176.508,0.50243,4.817,175.800,0.48083,0
8030,397904,10,3,3,0,1,1,0,0,3000,1500,177.011,3.777,0.52227,2.289,182.574,61.377,183.093,186.724,67.082,187.761,187.761,4.892,177.176,0.52494,4.847,176.506,0.49975,0
8030,397914,10,3,3,0,1,1,0,0,3000,1500,177.946,3.777,0.54781,3.021,183.612,62.068,184.130,187.761,67.428,188.280,188.280,4.932,178.120,0.55049,4.880,177.175,0.52227,0
8046,397924,10,3,3,0,1,1,0,0,3000,1500,178.842,3.777,0.59078,5.097,184.649,62.241,185.168,188.280,67.601,189.317,189.317,4.993,179.030,0.59346,4.920,178.119,0.54781,0
8062,397934,10,3,3,0,1,1,0,0,3000,1500,179.702,3.702,0.64722,5.768,185.686,62.241,186.205,189.317,67.947,190.354,190.354,4.996,179.909,0.64989,4.982,179.029,0.59078,0
8062,397944,10,3,3,0,1,1,0,0,3000,1500,180.752,3.702,0.69930,4.975,187.242,62.587,187.242,190.354,68.292,190.873,190.873,5.073,180.977,0.70198,4.985,179.908,0.64722,0
8077,397954,10,3,3,0,1,1,0,0,3000,1500,181.728,3.702,0.74332,4.242,188.280,63.279,188.798,190.873,68.638,191.910,191.910,5.139,181.967,0.74600,5.061,180.976,0.69930,0
8093,397964,10,3,3,0,1,1,0,0,3000,1500,183.013,3.702,0.78456,4.578,189.317,63.970,189.836,191.910,68.984,192.429,192.429,5.207,183.267,0.78723,5.127,181.966,0.74332,0
8093,397974,10,3,3,0,1,1,0,0,3000,1500,184.064,3.702,0.82837,4.669,190.873,64.316,190.873,192.948,69.330,193.467,193.467,5.275,184.332,0.83104,5.195,183.265,0.78456,0
8108,397984,10,3,3,0,1,1,0,0,3000,1500,185.194,3.702,0.88193,5.951,191.910,64.316,192.429,193.985,69.676,194.504,194.504,5.358,185.480,0.88461,5.263,184.331,0.82837,0
8123,397994,10,3,3,0,1,1,0,0,3000,1500,186.325,3.702,0.94652,6.745,193.467,64.662,193.985,195.023,70.021,195.541,195.541,5.455,186.631,0.94919,5.346,185.479,0.88193,0
8123,398004,10,3,3,0,1,1,0,0,3000,1500,187.570,3.702,1.01281,6.592,195.023,64.835,195.023,196.060,70.194,197.097,197.097,5.558,187.899,1.01548,5.443,186.630,0.94652,0
8139,398014,10,3,3,0,1,1,0,0,3000,1500,188.701,3.702,1.06819,5.310,196.060,65.872,196.579,197.097,70.540,198.135,198.135,5.647,189.047,1.07086,5.546,187.897,1.01281,0
8154,398024,10,3,3,0,1,1,0,0,3000,1500,189.947,3.702,1.11762,5.341,197.616,66.909,198.135,198.135,70.886,199.172,199.172,5.731,190.308,1.12030,5.634,189.046,1.06819,0
8154,398034,10,3,3,0,1,1,0,0,3000,1500,192.012,3.702,1.17531,6.256,199.691,67.255,199.691,199.691,71.232,200.209,200.209,5.843,192.393,1.17799,5.719,190.307,1.11762,0
8170,398044,10,3,3,0,1,1,0,0,3000,1500,193.378,3.702,1.24544,7.569,201.247,67.255,201.247,200.728,71.577,201.247,201.247,5.958,193.780,1.24812,5.831,192.392,1.17531,0
8170,398054,10,3,3,0,1,1,0,0,3000,1500,194.739,3.702,1.32545,7.996,202.803,67.428,202.803,201.765,71.923,202.803,202.803,6.087,195.167,1.32813,5.946,193.779,1.24544,0
8186,398064,10,3,3,0,1,1,0,0,3000,1500,196.024,3.702,1.40623,7.904,204.359,68.465,204.877,203.321,72.615,203.840,204.877,6.217,196.478,1.40890,6.075,195.166,1.32545,0
8202,398074,10,3,3,0,1,1,0,0,3000,1500,197.155,3.702,1.48291,7.843,205.915,69.503,206.433,204.359,72.788,204.877,206.433,6.340,197.632,1.48559,6.205,196.477,1.40623,0
8202,398084,10,3,3,0,1,1,0,0,3000,1500,198.636,3.702,1.55719,7.660,207.989,70.021,207.989,205.915,73.479,206.433,207.989,6.471,199.136,1.55986,6.328,197.631,1.48291,0
8217,398094,10,3,3,0,1,1,0,0,3000,1500,200.231,3.702,1.63841,8.576,210.064,70.713,210.064,206.952,73.825,207.471,210.064,6.616,200.757,1.64108,6.458,199.135,1.55719,0
8233,398104,10,3,3,0,1,1,0,0,3000,1500,201.752,3.702,1.72944,9.461,212.139,71.059,212.139,208.508,74.171,209.027,212.139,6.772,202.305,1.73211,6.603,200.756,1.63841,0
8233,398114,10,3,3,0,1,1,0,0,3000,1500,203.078,3.702,1.82950,10.010,213.695,71.405,213.695,210.064,74.862,210.064,213.695,6.937,203.661,1.83218,6.760,202.304,1.72944,0
8248,398124,10,3,3,0,1,1,0,0,3000,1500,204.869,3.777,1.92688,9.735,215.770,72.442,215.770,211.102,75.208,211.620,215.770,7.191,205.479,1.92956,6.924,203.660,1.82950,0
8264,398134,10,3,3,0,1,1,0,0,3000,1500,206.699,3.702,2.02278,9.827,217.844,73.306,217.844,212.658,75.727,213.176,217.844,7.297,207.341,2.02546,7.178,205.478,1.92688,0
8264,398144,10,3,3,0,1,1,0,0,3000,1500,208.145,3.702,2.11593,9.583,219.919,73.998,219.919,214.214,76.418,214.732,219.919,7.464,208.813,2.11861,7.284,207.340,2.02278,0
8280,398154,10,3,3,0,1,1,0,0,3000,1500,209.661,3.702,2.21043,9.583,221.994,74.689,221.994,215.770,76.764,216.288,221.994,7.638,210.357,2.21310,7.451,208.812,2.11593,0
8280,398164,10,3,3,0,1,1,0,0,3000,1500,211.261,3.702,2.30923,9.949,224.587,75.208,224.068,217.326,77.456,217.844,224.587,7.823,211.986,2.31191,7.625,210.356,2.21043,0
8295,398174,10,3,3,0,1,1,0,0,3000,1500,212.972,3.622,2.41132,10.315,226.143,75.900,226.143,218.882,77.974,219.400,226.143,7.940,213.729,2.41400,7.810,211.985,2.30923,0
8310,398184,10,3,3,0,1,1,0,0,3000,1500,214.808,3.547,2.51269,10.193,228.218,76.591,228.218,220.438,78.666,220.956,228.218,8.069,215.596,2.51536,7.927,213.728,2.41132,0
8310,398194,10,3,3,0,1,1,0,0,3000,1500,216.599,3.387,2.61424,10.102,230.811,77.283,230.811,221.994,79.012,222.512,230.811,8.115,217.422,2.61691,8.056,215.595,2.51269,0
8326,398204,10,3,3,0,1,1,0,0,3000,1500,218.314,3.312,2.71471,10.041,232.886,78.147,232.886,223.550,79.703,224.587,232.886,8.244,219.169,2.71739,8.102,217.421,2.61424,0
8342,398214,10,3,3,0,1,1,0,0,3000,1500,220.416,3.312,2.81614,10.254,235.479,79.185,234.961,225.624,80.395,226.143,235.479,8.471,221.297,2.81881,8.231,219.168,2.71471,0
8342,398224,10,3,3,0,1,1,0,0,3000,1500,222.441,3.232,2.92421,10.987,237.554,79.876,237.554,227.181,80.568,227.699,237.554,8.627,223.356,2.92689,8.458,221.296,2.81614,0
8358,398234,10,3,3,0,1,1,0,0,3000,1500,224.428,3.077,3.04272,11.994,240.147,80.222,239.629,228.737,81.259,229.255,240.147,8.722,225.381,3.04540,8.613,223.355,2.92421,0
8373,398244,10,3,3,0,1,1,0,0,3000,1500,226.573,2.921,3.16453,11.933,242.222,81.086,241.703,230.293,81.951,231.330,242.222,8.834,227.566,3.16721,8.708,225.380,3.04272,0
8373,398254,10,3,3,0,1,1,0,0,3000,1500,228.324,2.842,3.27743,11.109,244.816,82.124,244.297,231.849,82.643,232.886,244.816,8.993,229.350,3.28011,8.820,227.565,3.16453,0
8388,398264,10,3,3,0,1,1,0,0,3000,1500,230.350,2.842,3.38157,10.468,247.409,82.988,246.890,233.405,82.988,234.442,247.409,9.240,231.402,3.38424,8.979,229.349,3.27743,0
8403,398274,10,3,3,0,1,1,0,0,3000,1500,232.416,2.766,3.48686,10.987,249.484,83.680,249.484,235.479,83.507,235.998,249.484,9.419,233.497,3.48953,9.226,231.401,3.38157,0
8403,398284,10,3,3,0,1,1,0,0,3000,1500,234.562,2.766,3.59662,11.170,252.077,84.717,251.558,237.035,84.199,238.073,252.077,9.688,235.669,3.59930,9.405,233.497,3.48686,0
8419,398294,10,3,3,0,1,1,0,0,3000,1500,236.393,2.686,3.70065,10.224,254.152,85.409,254.152,238.591,84.890,239.629,254.152,9.854,237.529,3.70332,9.674,235.668,3.59662,0
8434,398304,10,3,3,0,1,1,0,0,3000,1500,238.379,2.686,3.80082,9.766,256.745,86.273,256.745,240.147,85.236,241.185,256.745,10.109,239.538,3.80350,9.840,237.528,3.70065,0
8434,398314,10,3,3,0,1,1,0,0,3000,1500,240.520,2.686,3.89245,9.125,259.338,87.311,258.820,241.703,86.100,242.741,259.338,10.366,241.699,3.89512,10.094,239.537,3.80082,0
8450,398324,10,3,3,0,1,1,0,0,3000,1500,242.586,2.611,3.97982,8.728,261.932,88.002,261.413,243.259,86.792,244.297,261.932,10.541,243.788,3.98250,10.352,241.698,3.89245,0
8450,398334,10,3,3,0,1,1,0,0,3000,1500,244.731,2.611,4.06777,9.033,264.007,88.175,264.007,244.816,87.484,246.372,264.007,10.801,245.951,4.07044,10.527,243.787,3.97983,0
8465,398344,10,3,3,0,1,1,0,0,3000,1500,246.562,2.611,4.15698,8.789,266.600,88.867,266.081,246.372,88.175,247.928,266.600,11.044,247.801,4.15965,10.787,245.951,4.06777,0
8481,398354,10,3,3,0,1,1,0,0,3000,1500,248.624,2.611,4.24084,7.965,269.193,89.904,268.675,248.446,88.694,249.484,269.193,11.299,249.878,4.24351,11.029,247.800,4.15698,0
8481,398364,10,3,3,0,1,1,0,0,3000,1500,250.729,2.611,4.31511,7.294,271.787,91.460,271.268,250.002,89.385,251.040,271.787,11.549,251.997,4.31779,11.284,249.878,4.24084,0
8497,398374,10,3,3,0,1,1,0,0,3000,1500,252.910,2.531,4.38618,7.111,274.380,92.497,273.861,252.077,90.077,253.114,274.380,11.723,254.196,4.38885,11.534,251.997,4.31511,0
8512,398384,10,3,3,0,1,1,0,0,3000,1500,254.861,2.531,4.45824,7.508,276.973,92.843,276.455,254.152,90.768,254.670,276.973,11.963,256.159,4.46091,11.708,254.196,4.38618,0
8512,398394,10,3,3,0,1,1,0,0,3000,1500,257.472,2.531,4.53225,7.385,279.048,93.362,279.048,255.708,91.633,256.745,279.048,12.260,258.781,4.53493,11.948,256.159,4.45824,0
8528,398404,10,3,3,0,1,1,0,0,3000,1500,259.653,2.296,4.61055,7.691,281.642,94.399,281.642,257.782,92.324,258.301,281.642,12.298,260.994,4.61323,12.245,258.780,4.53225,0
8544,398414,10,3,3,0,1,1,0,0,3000,1500,262.145,1.986,4.68700,7.477,284.235,95.437,284.235,259.338,93.016,259.857,284.235,12.286,263.521,4.68968,12.282,260.993,4.61055,0
8544,398424,10,3,3,0,1,1,0,0,3000,1500,264.366,1.986,4.76520,7.904,286.828,96.301,286.828,261.413,93.535,261.932,286.828,12.566,265.754,4.76787,12.270,263.520,4.68700,0
8560,398434,10,3,3,0,1,1,0,0,3000,1500,266.782,1.986,4.85079,8.667,289.422,96.993,289.422,263.488,94.226,263.488,289.422,12.876,268.182,4.85347,12.551,265.753,4.76520,0
8560,398444,10,3,3,0,1,1,0,0,3000,1500,269.158,1.906,4.98781,9.125,292.015,97.684,292.015,265.044,94.918,265.563,292.015,13.171,270.590,4.99049,12.860,268.182,4.85079,0
8575,398454,10,3,3,0,1,1,0,0,3000,1500,271.534,1.906,5.07779,8.789,294.609,98.549,294.609,267.119,95.609,267.119,294.609,13.492,272.979,5.08047,13.155,270.589,4.98781,0
8591,398464,10,3,3,0,1,1,0,0,3000,1500,273.950,1.906,5.16719,8.972,297.202,99.932,297.202,268.675,96.128,269.193,297.202,13.819,275.406,5.16986,13.476,272.978,5.07779,0
8591,398474,10,3,3,0,1,1,0,0,3000,1500,276.136,1.906,5.25833,9.278,299.795,100.969,299.795,270.749,97.165,270.749,299.795,14.131,277.604,5.26101,13.803,275.406,5.16719,0
8606,398484,10,3,3,0,1,1,0,0,3000,1500,278.392,1.986,5.35279,9.552,302.389,101.488,302.389,272.824,97.857,272.824,302.389,14.538,279.866,5.35547,14.115,277.604,5.25833,0
8622,398494,10,3,3,0,1,1,0,0,3000,1500,280.928,1.986,5.44589,9.033,304.982,102.179,304.982,274.899,98.549,274.899,304.982,14.893,282.412,5.44856,14.521,279.865,5.35279,0
8622,398504,10,3,3,0,1,1,0,0,3000,1500,283.304,1.986,5.53769,9.247,307.575,102.871,307.575,276.973,99.067,276.455,307.575,15.235,284.798,5.54037,14.876,282.411,5.44589,0
8637,398514,10,3,3,0,1,1,0,0,3000,1500,285.445,1.986,5.62864,9.156,310.169,104.081,310.169,279.048,99.759,278.530,310.169,15.557,286.950,5.63132,15.218,284.798,5.53769,0
8652,398524,10,3,3,0,1,1,0,0,3000,1500,287.626,1.986,5.71985,9.369,312.762,105.119,312.762,280.604,100.450,280.604,312.762,15.887,289.141,5.72253,15.540,286.950,5.62864,0
8652,398534,10,3,3,0,1,1,0,0,3000,1500,290.002,1.986,5.81223,9.552,315.356,105.810,315.356,282.679,101.142,282.679,315.356,16.241,291.526,5.81490,15.870,289.141,5.71985,0
8667,398544,10,3,3,0,1,0,0,4,0,0,292.383,1.986,5.91224,10.193,318.468,106.329,317.949,284.754,101.661,284.754,318.468,16.610,293.917,5.91492,16.224,291.526,5.81223,0
8683,398554,10,3,3,0,1,0,0,4,0,0,294.564,1.986,6.01604,10.407,321.061,107.020,320.542,286.828,102.352,286.828,321.061,16.966,296.109,6.01871,16.592,293.916,5.91224,0
8683,398564,10,3,3,0,1,0,0,4,0,0,296.745,1.986,6.11063,8.820,322.617,107.366,321.580,288.384,102.698,288.384,322.617,17.315,298.298,6.11330,16.949,296.108,6.01604,0
8698,398574,10,3,3,0,1,0,0,4,0,0,298.886,1.906,6.19532,8.484,323.136,107.366,322.098,289.422,102.698,289.422,323.136,17.571,300.454,6.19799,17.298,298.298,6.11063,0
8713,398584,10,3,3,0,1,0,0,4,0,0,300.682,1.716,6.29032,9.552,323.654,107.366,322.617,290.978,102.698,290.978,323.654,17.696,302.280,6.29300,17.554,300.453,6.19532,0
8713,398594,10,3,3,0,1,0,0,4,0,0,302.473,1.556,6.38701,9.064,323.654,107.366,323.136,292.534,102.698,292.534,323.654,17.856,304.098,6.38969,17.679,302.279,6.29032,0
8729,398604,10,3,3,0,1,0,0,4,0,0,303.993,1.556,6.44690,4.456,323.654,107.366,324.173,294.090,102.698,294.090,324.173,18.102,305.622,6.44957,17.839,304.097,6.38701,0
8745,398614,10,3,3,0,1,0,0,4,0,0,305.354,1.556,6.45744,-0.000,324.173,107.366,326.248,295.646,102.698,295.646,326.248,18.268,306.976,6.46012,18.084,305.621,6.44690,0
8745,398624,10,3,3,0,1,0,0,4,0,0,306.565,1.556,6.43298,-3.632,324.692,107.366,327.285,296.683,102.698,296.683,327.285,18.373,308.174,6.43565,18.250,306.976,6.45744,0
8760,398634,10,3,3,0,1,0,0,4,0,0,307.695,1.556,6.37871,-6.104,325.729,107.366,328.323,297.721,102.698,297.721,328.323,18.431,309.286,6.38138,18.355,308.173,6.43298,0
8760,398644,10,3,3,0,1,0,0,4,0,0,308.396,1.556,6.31321,-6.775,326.766,107.366,328.841,298.758,102.698,298.758,328.841,18.427,309.968,6.31589,18.413,309.285,6.37871,0
8776,398654,10,3,3,0,1,0,0,4,0,0,309.021,1.636,6.25312,-5.707,327.285,107.366,329.360,299.795,102.698,299.795,329.360,18.499,310.568,6.25580,18.409,309.967,6.31321,0
8792,398664,10,3,3,0,1,0,0,4,0,0,309.601,1.871,6.20577,-4.944,327.804,107.366,329.879,300.314,102.698,300.314,329.879,18.736,311.109,6.20844,18.481,310.567,6.25312,0
8792,398674,10,3,3,0,1,0,0,4,0,0,309.991,1.986,6.16485,-3.815,328.323,107.366,330.397,300.833,102.698,301.351,330.397,18.842,311.476,6.16752,18.719,311.109,6.20577,0
8808,398684,10,3,3,0,1,0,0,4,0,0,310.306,2.066,6.14910,-1.129,328.323,107.366,330.397,301.351,102.698,301.351,330.397,18.935,311.777,6.15177,18.824,311.475,6.16485,0
8824,398694,10,3,3,0,1,0,0,4,0,0,310.537,2.066,6.15003,-0.000,328.323,107.366,330.397,301.351,102.698,301.351,330.397,18.961,312.006,6.15271,18.917,311.776,6.14910,0
8824,398704,10,3,3,0,1,0,0,4,0,0,310.617,2.066,6.15116,-0.305,328.323,107.366,330.916,301.351,102.698,301.870,330.916,18.971,312.086,6.15384,18.943,312.006,6.15003,0
8839,398714,10,3,3,0,1,0,0,4,0,0,310.692,2.066,6.15227,-0.000,328.323,107.366,330.916,301.351,102.698,301.870,330.916,18.980,312.161,6.15495,18.953,312.085,6.15116,0
8854,398724,10,3,3,0,1,0,0,4,0,0,310.617,2.141,6.15824,0.488,328.323,107.366,330.916,301.351,102.698,301.870,330.916,19.055,312.079,6.16092,18.963,312.160,6.15227,0
8854,398734,10,3,3,0,1,0,0,4,0,0,310.617,2.141,6.16045,-0.000,328.323,107.366,330.916,301.351,102.698,301.870,330.916,19.058,312.080,6.16312,19.037,312.079,6.15824,0
8870,398744,10,3,3,0,1,0,0,4,0,0,310.617,2.141,6.16048,-0.000,328.323,107.366,330.916,301.351,102.698,301.870,330.916,19.058,312.080,6.16316,19.040,312.079,6.16045,0
8870,398754,10,3,3,0,1,0,0,4,0,0,310.537,2.141,6.16416,0.488,328.323,107.366,330.916,301.351,102.698,301.870,330.916,19.054,312.001,6.16684,19.040,312.079,6.16048,0
8885,398764,10,3,3,0,1,0,0,4,0,0,310.342,2.066,6.16671,0.397,328.323,107.366,330.916,301.351,102.698,301.870,330.916,18.961,311.816,6.16939,19.036,312.001,6.16416,0
8902,398774,10,3,3,0,1,0,0,4,0,0,310.071,2.066,6.16707,0.244,328.323,107.366,330.916,301.351,102.698,301.870,330.916,18.932,311.547,6.16975,18.943,311.815,6.16671,0
8902,398784,10,3,3,0,1,0,0,4,0,0,309.991,2.066,6.16985,0.610,328.323,107.366,330.916,301.351,102.698,301.870,330.916,18.927,311.468,6.17252,18.914,311.547,6.16707,0
8917,398794,10,3,3,0,1,0,0,4,0,0,309.916,2.066,6.17265,0.519,328.323,107.366,330.916,301.351,102.698,301.870,330.916,18.923,311.394,6.17532,18.909,311.468,6.16985,0
8933,398804,10,3,3,0,1,0,0,4,0,0,309.916,2.066,6.17046,-0.000,328.323,107.366,330.916,301.351,102.698,301.870,330.916,18.920,311.394,6.17314,18.905,311.394,6.17265,0
8933,398814,10,3,3,0,1,0,0,4,0,0,309.916,2.066,6.16880,-0.000,328.323,107.366,330.916,301.351,102.698,301.870,330.916,18.918,311.393,6.17148,18.902,311.393,6.17046,0
8948,398824,10,3,3,0,1,0,0,4,0,0,309.836,2.066,6.16730,-0.000,328.323,107.366,330.916,301.351,102.698,301.870,330.916,18.907,311.314,6.16997,18.900,311.393,6.16880,0
8964,398834,10,3,3,0,1,0,0,4,0,0,309.836,2.066,6.16557,-0.000,328.323,107.366,330.916,301.351,102.698,301.870,330.916,18.905,311.313,6.16825,18.890,311.313,6.16730,0
8964,398844,10,3,3,0,1,0,0,4,0,0,309.836,2.066,6.16372,-0.000,328.323,107.366,330.916,301.351,102.698,301.870,330.916,18.903,311.313,6.16639,18.887,311.313,6.16557,0
8980,398854,10,3,3,0,1,0,0,4,0,0,309.836,2.066,6.16186,-0.000,328.323,107.366,330.916,301.351,102.698,301.870,330.916,18.901,311.312,6.16454,18.885,311.312,6.16372,0
8980,398864,10,3,3,0,1,0,0,4,0,0,309.836,2.066,6.15997,-0.000,328.323,107.366,330.916,301.351,102.698,301.870,330.916,18.898,311.312,6.16264,18.883,311.312,6.16186,0
8996,398874,10,3,3,0,1,0,0,4,0,0,309.836,2.066,6.15799,-0.000,328.323,107.366,330.916,301.351,102.698,301.870,330.916,18.896,311.312,6.16066,18.880,311.311,6.15997,0
9012,398884,10,3,3,0,1,0,0,4,0,0,309.836,2.066,6.15615,-0.000,328.323,107.366,330.916,301.351,102.698,301.870,330.916,18.893,311.311,6.15883,18.878,311.311,6.15799,0
9012,398894,10,3,3,0,1,0,0,4,0,0,309.836,2.066,6.15436,-0.000,328.323,107.366,330.916,301.351,102.698,301.870,330.916,18.891,311.311,6.15703,18.876,311.311,6.15615,0
9027,398904,10,3,3,0,1,0,0,4,0,0,309.836,2.066,6.15268,-0.000,328.323,107.366,330.916,301.351,102.698,301.870,330.916,18.889,311.310,6.15536,18.873,311.310,6.15436,0
9043,398914,10,3,3,0,1,0,0,4,0,0,309.836,2.066,6.15018,-0.305,328.323,107.366,330.916,301.351,102.698,301.870,330.916,18.886,311.310,6.15286,18.871,311.310,6.15268,0
9043,398924,10,3,3,0,1,0,0,4,0,0,309.836,2.066,6.15054,-0.000,328.323,107.366,330.916,301.351,102.698,301.870,330.916,18.886,311.310,6.15322,18.868,311.309,6.15018,0
9058,398934,10,3,3,0,1,0,0,4,0,0,309.916,2.066,6.15139,-0.000,328.323,107.366,330.916,301.351,102.698,301.870,330.916,18.896,311.389,6.15407,18.869,311.309,6.15054,0
9074,398944,10,3,3,0,1,0,0,4,0,0,309.916,1.986,6.15233,-0.000,328.323,107.366,330.916,301.351,102.698,301.870,330.916,18.818,311.398,6.15500,18.878,311.389,6.15139,0
9074,398954,10,3,3,0,1,0,0,4,0,0,309.916,2.066,6.15335,-0.000,328.323,107.366,330.916,301.351,102.698,301.870,330.916,18.898,311.390,6.15603,18.800,311.398,6.15233,0
9090,398964,10,3,3,0,1,0,0,4,0,0,309.991,2.066,6.15423,-0.000,328.323,107.366,330.916,301.351,102.698,301.870,330.916,18.908,311.465,6.15690,18.881,311.389,6.15335,0
9090,398974,10,3,3,0,1,0,0,4,0,0,309.991,2.066,6.15538,-0.000,328.323,107.366,330.916,301.351,102.698,301.870,330.916,18.909,311.465,6.15805,18.890,311.465,6.15423,0
9106,398984,10,3,3,0,1,0,0,4,0,0,309.991,2.066,6.15667,-0.000,328.323,107.366,330.916,301.351,102.698,301.870,330.916,18.911,311.465,6.15935,18.891,311.465,6.15538,0
9121,398994,10,3,3,0,1,0,0,4,0,0,309.991,2.066,6.15768,-0.000,328.323,107.366,330.916,301.351,102.698,301.870,330.916,18.912,311.466,6.16036,18.893,311.465,6.15667,0
9121,399004,10,3,3,0,1,0,0,4,0,0,309.991,2.066,6.15871,-0.000,328.323,107.366,330.916,301.351,102.698,301.870,330.916,18.913,311.466,6.16138,18.894,311.465,6.15768,0
9137,399014,10,3,3,0,1,0,0,4,0,0,309.991,2.066,6.15938,-0.000,328.323,107.366,330.916,301.351,102.698,301.870,330.916,18.914,311.466,6.16206,18.895,311.466,6.15871,0
9153,399024,10,3,3,0,1,0,0,4,0,0,309.991,2.066,6.15976,-0.000,328.323,107.366,330.916,301.351,102.698,301.870,330.916,18.915,311.466,6.16244,18.896,311.466,6.15938,0
9153,399034,10,3,3,0,1,0,0,4,0,0,309.991,2.066,6.15929,-0.000,328.323,107.366,330.916,301.351,102.698,301.870,330.916,18.914,311.466,6.16196,18.897,311.466,6.15976,0
9168,399044,10,3,3,0,1,0,0,4,0,0,309.991,2.066,6.15854,-0.000,328.323,107.366,330.916,301.351,102.698,301.870,330.916,18.913,311.466,6.16121,18.896,311.466,6.15929,0
9184,399054,10,3,3,0,1,0,0,4,0,0,309.991,2.066,6.15673,-0.000,328.323,107.366,330.916,301.351,102.698,301.870,330.916,18.911,311.466,6.15941,18.895,311.465,6.15854,0
9184,399064,10,3,3,0,1,0,0,4,0,0,309.991,2.066,6.15537,-0.000,328.323,107.366,330.916,301.351,102.698,301.870,330.916,18.909,311.465,6.15805,18.893,311.465,6.15673,0
9200,399074,10,3,3,0,1,0,0,4,0,0,309.991,2.066,6.15397,-0.000,328.323,107.366,330.916,301.351,102.698,301.870,330.916,18.907,311.465,6.15665,18.891,311.465,6.15537,0
9200,399084,10,3,3,0,1,0,0,4,0,0,309.991,2.066,6.15243,-0.000,328.323,107.366,330.916,301.351,102.698,301.870,330.916,18.905,311.465,6.15510,18.889,311.464,6.15397,0
9215,399094,10,3,3,0,1,0,0,4,0,0,309.991,2.066,6.15137,-0.000,328.323,107.366,330.916,301.351,102.698,301.870,330.916,18.904,311.464,6.15405,18.888,311.464,6.15243,0
9231,399104,10,3,3,0,1,0,0,4,0,0,309.991,2.066,6.15087,-0.000,328.323,107.366,330.916,301.351,102.698,301.870,330.916,18.903,311.464,6.15354,18.886,311.464,6.15137,0
9231,399114,10,3,3,0,1,0,0,4,0,0,309.991,2.066,6.15079,-0.000,328.323,107.366,330.916,301.351,102.698,301.870,330.916,18.903,311.464,6.15347,18.886,311.464,6.15087,0
9246,399124,10,3,3,0,1,0,0,4,0,0,309.991,2.066,6.15081,-0.000,328.323,107.366,330.916,301.351,102.698,301.870,330.916,18.903,311.464,6.15349,18.885,311.464,6.15079,0
9262,399134,10,3,3,0,1,0,0,4,0,0,309.991,2.066,6.15121,-0.000,328.323,107.366,330.916,301.351,102.698,301.870,330.916,18.904,311.464,6.15388,18.885,311.464,6.15081,0
9262,399144,10,3,3,0,1,0,0,4,0,0,309.991,2.066,6.15168,-0.000,328.323,107.366,330.916,301.351,102.698,301.870,330.916,18.904,311.464,6.15435,18.886,311.464,6.15121,0
9277,399154,10,3,3,0,1,0,0,4,0,0,309.991,2.066,6.15213,-0.000,328.323,107.366,330.916,301.351,102.698,301.870,330.916,18.905,311.465,6.15481,18.887,311.464,6.15168,0
9293,399164,10,3,3,0,1,0,0,4,0,0,309.991,2.066,6.15239,-0.000,328.323,107.366,330.916,301.351,102.698,301.870,330.916,18.905,311.465,6.15507,18.887,311.464,6.15213,0
9293,399174,10,3,3,0,1,0,0,4,0,0,309.991,2.066,6.15253,-0.000,328.323,107.366,330.916,301.351,102.698,301.870,330.916,18.905,311.465,6.15520,18.887,311.464,6.15239,0
9308,399184,10,3,3,0,1,0,0,4,0,0,309.991,2.066,6.15260,-0.000,328.323,107.366,330.916,301.351,102.698,301.870,330.916,18.906,311.465,6.15528,18.888,311.464,6.15253,0
9323,399194,10,3,3,0,1,0,0,4,0,0,309.991,2.066,6.15262,-0.000,328.323,107.366,330.916,301.351,102.698,301.870,330.916,18.906,311.465,6.15530,18.888,311.464,6.15260,0
9323,399204,10,3,3,0,1,0,0,4,0,0,309.991,2.066,6.15280,-0.000,328.323,107.366,330.916,301.351,102.698,301.870,330.916,18.906,311.465,6.15548,18.888,311.464,6.15262,0
9338,399214,10,3,3,0,1,0,0,4,0,0,309.991,2.066,6.15300,-0.000,328.323,107.366,330.916,301.351,102.698,301.870,330.916,18.906,311.465,6.15568,18.888,311.464,6.15280,0
9354,399224,10,3,3,0,1,0,0,4,0,0,309.991,2.066,6.15306,-0.000,328.323,107.366,330.916,301.351,102.698,301.870,330.916,18.906,311.465,6.15573,18.888,311.464,6.15300,0
9354,399234,10,3,3,0,1,0,0,4,0,0,309.991,2.066,6.15277,-0.000,328.323,107.366,330.916,301.351,102.698,301.870,330.916,18.906,311.465,6.15545,18.888,311.464,6.15306,0
9370,399244,10,3,3,0,1,0,0,4,0,0,309.991,2.066,6.15262,-0.000,328.323,107.366,330.916,301.351,102.698,301.870,330.916,18.906,311.465,6.15529,18.888,311.464,6.15277,0
9370,399254,10,3,3,0,1,0,0,4,0,0,309.991,2.066,6.15219,-0.000,328.323,107.366,330.916,301.351,102.698,301.870,330.916,18.905,311.465,6.15486,18.888,311.464,6.15262,0
9384,399264,10,3,3,0,1,0,0,4,0,0,309.991,2.066,6.15153,-0.000,328.323,107.366,330.916,301.351,102.698,301.870,330.916,18.904,311.464,6.15420,18.887,311.464,6.15219,0
9400,399274,10,3,3,0,1,0,0,4,0,0,309.991,2.066,6.15094,-0.000,328.323,107.366,330.916,301.351,102.698,301.870,330.916,18.903,311.464,6.15362,18.886,311.464,6.15153,0
9400,399284,10,3,3,0,1,0,0,4,0,0,309.991,2.066,6.15106,-0.000,328.323,107.366,330.916,301.351,102.698,301.870,330.916,18.904,311.464,6.15374,18.886,311.464,6.15094,0
9416,399294,10,3,3,0,1,0,0,4,0,0,309.991,2.066,6.15115,-0.000,328.323,107.366,330.916,301.351,102.698,301.870,330.916,18.904,311.464,6.15382,18.886,311.464,6.15106,0
9431,399304,10,3,3,0,1,0,0,4,0,0,309.991,2.066,6.15101,-0.000,328.323,107.366,330.916,301.351,102.698,301.870,330.916,18.904,311.464,6.15369,18.886,311.464,6.15115,0
9431,399314,10,3,3,0,1,0,0,4,0,0,309.991,2.066,6.15129,-0.000,328.323,107.366,330.916,301.351,102.698,301.870,330.916,18.904,311.464,6.15396,18.886,311.464,6.15101,0
9448,399324,10,3,3,0,1,0,0,4,0,0,309.991,2.066,6.15131,-0.000,328.323,107.366,330.916,301.351,102.698,301.870,330.916,18.904,311.464,6.15399,18.886,311.464,6.15129,0
9463,399334,10,3,3,0,1,0,0,4,0,0,309.991,2.066,6.15147,-0.000,328.323,107.366,330.916,301.351,102.698,301.870,330.916,18.904,311.464,6.15415,18.886,311.464,6.15131,0
9463,399344,10,3,3,0,1,0,0,4,0,0,309.991,2.066,6.15177,-0.000,328.323,107.366,330.916,301.351,102.698,301.870,330.916,18.905,311.464,6.15445,18.886,311.464,6.15147,0
9478,399354,10,3,3,0,1,0,0,4,0,0,309.991,2.066,6.15250,-0.000,328.323,107.366,330.916,301.351,102.698,301.870,330.916,18.905,311.465,6.15517,18.887,311.464,6.15177,0
9494,399364,10,3,3,0,1,0,0,4,0,0,309.991,2.066,6.15296,-0.000,328.323,107.366,330.916,301.351,102.698,301.870,330.916,18.906,311.465,6.15564,18.888,311.464,6.15250,0
9494,399374,10,3,3,0,1,0,0,4,0,0,309.991,2.066,6.15301,-0.000,328.323,107.366,330.916,301.351,102.698,301.870,330.916,18.906,311.465,6.15568,18.888,311.464,6.15296,0
9509,399384,10,3,3,0,1,0,0,4,0,0,309.991,2.066,6.15294,-0.000,328.323,107.366,330.916,301.351,102.698,301.870,330.916,18.906,311.465,6.15562,18.888,311.464,6.15301,0
9525,399394,10,3,3,0,1,0,0,4,0,0,309.991,2.066,6.15284,-0.000,328.323,107.366,330.916,301.351,102.698,301.870,330.916,18.906,311.465,6.15551,18.888,311.464,6.15294,0
9525,399404,10,3,3,0,1,0,0,4,0,0,309.991,2.066,6.15234,-0.000,328.323,107.366,330.916,301.351,102.698,301.870,330.916,18.905,311.465,6.15501,18.888,311.464,6.15284,0
9540,399414,10,3,3,0,1,0,0,4,0,0,309.991,2.066,6.15211,-0.000,328.323,107.366,330.916,301.351,102.698,301.870,330.916,18.905,311.465,6.15479,18.887,311.464,6.15234,0
9540,399424,10,3,3,0,1,0,0,4,0,0,309.991,2.066,6.15194,-0.000,328.323,107.366,330.916,301.351,102.698,301.870,330.916,18.905,311.464,6.15461,18.887,311.464,6.15211,0
9556,399434,10,3,3,0,1,0,0,4,0,0,309.991,2.066,6.15174,-0.000,328.323,107.366,330.916,301.351,102.698,301.870,330.916,18.904,311.464,6.15441,18.887,311.464,6.15194,0
9571,399444,10,3,3,0,1,0,0,4,0,0,309.991,2.066,6.15132,-0.000,328.323,107.366,330.916,301.351,102.698,301.870,330.916,18.904,311.464,6.15399,18.887,311.464,6.15174,0
9571,399454,10,3,3,0,1,0,0,4,0,0,309.991,2.066,6.15106,-0.000,328.323,107.366,330.916,301.351,102.698,301.870,330.916,18.904,311.464,6.15374,18.886,311.464,6.15132,0
9587,399464,10,3,3,0,1,0,0,4,0,0,309.991,2.066,6.15125,-0.000,328.323,107.366,330.916,301.351,102.698,301.870,330.916,18.904,311.464,6.15393,18.886,311.464,6.15106,0
9602,399474,10,3,3,0,1,0,0,4,0,0,309.991,2.066,6.15125,-0.000,328.323,107.366,330.916,301.351,102.698,301.870,330.916,18.904,311.464,6.15392,18.886,311.464,6.15125,0
9602,399484,10,3,3,0,1,0,0,4,0,0,309.991,2.066,6.15130,-0.000,328.323,107.366,330.916,301.351,102.698,301.870,330.916,18.904,311.464,6.15397,18.886,311.464,6.15125,0
9618,399494,10,3,3,0,1,0,0,4,0,0,309.991,2.066,6.15131,-0.000,328.323,107.366,330.916,301.351,102.698,301.870,330.916,18.904,311.464,6.15399,18.886,311.464,6.15130,0
9634,399504,10,3,3,0,1,0,0,4,0,0,309.991,2.066,6.15158,-0.000,328.323,107.366,330.916,301.351,102.698,301.870,330.916,18.904,311.464,6.15426,18.886,311.464,6.15131,0
9634,399514,10,3,3,0,1,0,0,4,0,0,309.991,2.066,6.15174,-0.000,328.323,107.366,330.916,301.351,102.698,301.870,330.916,18.904,311.464,6.15441,18.886,311.464,6.15158,0
9650,399524,10,3,3,0,1,0,0,4,0,0,309.991,2.066,6.15193,-0.000,328.323,107.366,330.916,301.351,102.698,301.870,330.916,18.905,311.464,6.15461,18.887,311.464,6.15174,0
9650,399534,10,3,3,0,1,0,0,4,0,0,309.991,2.066,6.15217,-0.000,328.323,107.366,330.916,301.351,102.698,301.870,330.916,18.905,311.465,6.15484,18.887,311.464,6.15193,0
9665,399544,10,3,3,0,1,0,0,4,0,0,309.991,1.986,6.15224,-0.000,328.323,107.366,330.916,301.351,102.698,301.870,330.916,18.826,311.473,6.15491,18.887,311.464,6.15217,0
9681,399554,10,3,3,0,1,0,0,4,0,0,309.991,2.066,6.15220,-0.000,328.323,107.366,330.916,301.351,102.698,301.870,330.916,18.905,311.465,6.15488,18.808,311.473,6.15224,0
9681,399564,10,3,3,0,1,0,0,4,0,0,309.991,2.066,6.15209,-0.000,328.323,107.366,330.916,301.351,102.698,301.870,330.916,18.905,311.465,6.15476,18.887,311.464,6.15220,0
9696,399574,10,3,3,0,1,0,0,4,0,0,309.991,2.066,6.15160,-0.000,328.323,107.366,330.916,301.351,102.698,301.870,330.916,18.904,311.464,6.15428,18.887,311.464,6.15209,0
9712,399584,10,3,3,0,1,0,0,4,0,0,309.991,2.066,6.15153,-0.000,328.323,107.366,330.916,301.351,102.698,301.870,330.916,18.904,311.464,6.15420,18.886,311.464,6.15160,0
9712,399594,10,3,3,0,1,0,0,4,0,0,309.991,2.066,6.15147,-0.000,328.323,107.366,330.916,301.351,102.698,301.870,330.916,18.904,311.464,6.15414,18.886,311.464,6.15153,0
9728,399604,10,3,3,0,1,0,0,4,0,0,309.991,2.066,6.15135,-0.000,328.323,107.366,330.916,301.351,102.698,301.870,330.916,18.904,311.464,6.15403,18.886,311.464,6.15147,0
9744,399614,10,3,3,0,1,0,0,4,0,0,309.991,2.066,6.15140,-0.000,328.323,107.366,330.916,301.351,102.698,301.870,330.916,18.904,311.464,6.15408,18.886,311.464,6.15135,0
9744,399624,10,3,3,0,1,0,0,4,0,0,309.991,2.066,6.15136,-0.000,328.323,107.366,330.916,301.351,102.698,301.870,330.916,18.904,311.464,6.15403,18.886,311.464,6.15140,0
9760,399634,10,3,3,0,1,0,0,4,0,0,309.991,2.066,6.15177,-0.000,328.323,107.366,330.916,301.351,102.698,301.870,330.916,18.905,311.464,6.15444,18.886,311.464,6.15136,0
9760,399644,10,3,3,0,1,0,0,4,0,0,309.991,2.066,6.15195,-0.000,328.323,107.366,330.916,301.351,102.698,301.870,330.916,18.905,311.464,6.15462,18.887,311.464,6.15176,0
9774,399654,10,3,3,0,1,0,0,4,0,0,309.991,2.066,6.15215,-0.000,328.323,107.366,330.916,301.351,102.698,301.870,330.916,18.905,311.465,6.15482,18.887,311.464,6.15195,0
9790,399664,10,3,3,0,1,0,0,4,0,0,309.991,2.066,6.15231,-0.000,328.323,107.366,330.916,301.351,102.698,301.870,330.916,18.905,311.465,6.15498,18.887,311.464,6.15215,0
9790,399674,10,3,3,0,1,0,0,4,0,0,309.991,2.066,6.15207,-0.000,328.323,107.366,330.916,301.351,102.698,301.870,330.916,18.905,311.465,6.15475,18.887,311.464,6.15231,0
9807,399684,10,3,3,0,1,0,0,4,0,0,309.991,2.066,6.15183,-0.000,328.323,107.366,330.916,301.351,102.698,301.870,330.916,18.905,311.464,6.15451,18.887,311.464,6.15207,0
9823,399694,10,3,3,0,1,0,0,4,0,0,309.991,2.066,6.15161,-0.000,328.323,107.366,330.916,301.351,102.698,301.870,330.916,18.904,311.464,6.15428,18.887,311.464,6.15183,0
9823,399704,10,3,3,0,1,0,0,4,0,0,309.991,2.066,6.15154,-0.000,328.323,107.366,330.916,301.351,102.698,301.870,330.916,18.904,311.464,6.15422,18.886,311.464,6.15161,0
9838,399714,10,3,3,0,1,0,0,4,0,0,309.991,2.066,6.15144,-0.000,328.323,107.366,330.916,301.351,102.698,301.870,330.916,18.904,311.464,6.15411,18.886,311.464,6.15154,0
9854,399724,10,3,3,0,1,0,0,4,0,0,309.991,2.066,6.15166,-0.000,328.323,107.366,330.916,301.351,102.698,301.870,330.916,18.904,311.464,6.15434,18.886,311.464,6.15144,0
9854,399734,10,3,3,0,1,0,0,4,0,0,309.991,2.066,6.15171,-0.000,328.323,107.366,330.916,301.351,102.698,301.870,330.916,18.904,311.464,6.15438,18.887,311.464,6.15166,0
9870,399744,10,3,3,0,1,0,0,4,0,0,309.991,2.066,6.15147,-0.000,328.323,107.366,330.916,301.351,102.698,301.870,330.916,18.904,311.464,6.15415,18.887,311.464,6.15171,0
9870,399754,10,3,3,0,1,0,0,4,0,0,309.991,2.066,6.15158,-0.000,328.323,107.366,330.916,301.351,102.698,301.870,330.916,18.904,311.464,6.15426,18.886,311.464,6.15147,0
9886,399764,10,3,3,0,1,0,0,4,0,0,309.991,2.066,6.15187,-0.000,328.323,107.366,330.916,301.351,102.698,301.870,330.916,18.905,311.464,6.15455,18.886,311.464,6.15158,0
9900,399774,10,3,3,0,1,0,0,4,0,0,309.991,2.066,6.15191,-0.000,328.323,107.366,330.916,301.351,102.698,301.870,330.916,18.905,311.464,6.15459,18.887,311.464,6.15187,0
9900,399784,10,3,3,0,1,0,0,4,0,0,309.991,2.066,6.15196,-0.000,328.323,107.366,330.916,301.351,102.698,301.870,330.916,18.905,311.464,6.15463,18.887,311.464,6.15191,0
9917,399794,10,3,3,0,1,0,0,4,0,0,309.991,2.066,6.15217,-0.000,328.323,107.366,330.916,301.351,102.698,301.870,330.916,18.905,311.465,6.15485,18.887,311.464,6.15196,0
9932,399804,10,3,3,0,1,0,0,4,0,0,309.991,2.066,6.15219,-0.000,328.323,107.366,330.916,301.351,102.698,301.870,330.916,18.905,311.465,6.15487,18.887,311.464,6.15217,0
9932,399814,10,3,3,0,1,0,0,4,0,0,309.991,2.066,6.15222,-0.000,328.323,107.366,330.916,301.351,102.698,301.870,330.916,18.905,311.465,6.15490,18.887,311.464,6.15219,0
9948,399824,10,3,3,0,1,0,0,4,0,0,309.991,2.066,6.15242,-0.000,328.323,107.366,330.916,301.351,102.698,301.870,330.916,18.905,311.465,6.15510,18.887,311.464,6.15222,0
9964,399834,10,3,3,0,1,0,0,4,0,0,309.991,2.066,6.15235,-0.000,328.323,107.366,330.916,301.351,102.698,301.870,330.916,18.905,311.465,6.15503,18.888,311.464,6.15242,0
9964,399844,10,3,3,0,1,0,0,4,0,0,309.991,2.066,6.15220,-0.000,328.323,107.366,330.916,301.351,102.698,301.870,330.916,18.905,311.465,6.15488,18.887,311.464,6.15235,0
9980,399854,10,3,3,0,1,0,0,4,0,0,309.991,2.066,6.15201,-0.000,328.323,107.366,330.916,301.351,102.698,301.870,330.916,18.905,311.464,6.15469,18.887,311.464,6.15220,0
9980,399864,10,3,3,0,1,0,0,4,0,0,309.991,2.066,6.15178,-0.000,328.323,107.366,330.916,301.351,102.698,301.870,330.916,18.905,311.464,6.15446,18.887,311.464,6.15201,0
9994,399874,10,3,3,0,1,0,0,4,0,0,309.991,2.066,6.15163,-0.000,328.323,107.366,330.916,301.351,102.698,301.870,330.916,18.904,311.464,6.15430,18.887,311.464,6.15178,0
10011,399884,10,3,3,0,1,0,0,4,0,0,309.991,2.066,6.15165,-0.000,328.323,107.366,330.916,301.351,102.698,301.870,330.916,18.904,311.464,6.15432,18.887,311.464,6.15163,0
10011,399894,10,3,3,0,1,0,0,4,0,0,309.991,2.066,6.15184,-0.000,328.323,107.366,330.916,301.351,102.698,301.870,330.916,18.905,311.464,6.15452,18.887,311.464,6.15165,0
10026,399904,10,3,3,0,1,0,0,4,0,0,309.991,2.066,6.15186,-0.000,328.323,107.366,330.916,301.351,102.698,301.870,330.916,18.905,311.464,6.15454,18.887,311.464,6.15184,0
10042,399914,10,3,3,0,1,0,0,4,0,0,309.991,2.066,6.15194,-0.000,328.323,107.366,330.916,301.351,102.698,301.870,330.916,18.905,311.464,6.15461,18.887,311.464,6.15186,0
10042,399924,10,3,3,0,1,0,0,4,0,0,309.991,2.066,6.15202,-0.000,328.323,107.366,330.916,301.351,102.698,301.870,330.916,18.905,311.464,6.15469,18.887,311.464,6.15194,0
10058,399934,10,3,3,0,1,0,0,4,0,0,309.991,2.066,6.15219,-0.000,328.323,107.366,330.916,301.351,102.698,301.870,330.916,18.905,311.465,6.15487,18.887,311.464,6.15202,0
10073,399944,10,3,3,0,1,0,0,4,0,0,309.991,2.066,6.15249,-0.000,328.323,107.366,330.916,301.351,102.698,301.870,330.916,18.905,311.465,6.15516,18.887,311.464,6.15219,0
10073,399954,10,3,3,0,1,0,0,4,0,0,309.991,2.066,6.15251,-0.000,328.323,107.366,330.916,301.351,102.698,301.870,330.916,18.905,311.465,6.15519,18.888,311.464,6.15249,0
10089,399964,10,3,3,0,1,0,0,4,0,0,309.991,2.066,6.15226,-0.000,328.323,107.366,330.916,301.351,102.698,301.870,330.916,18.905,311.465,6.15494,18.888,311.464,6.15251,0
10105,399974,10,3,3,0,1,0,0,4,0,0,309.991,2.066,6.15227,-0.000,328.323,107.366,330.916,301.351,102.698,301.870,330.916,18.905,311.465,6.15494,18.887,311.464,6.15226,0
10105,399984,10,3,3,0,1,0,0,4,0,0,309.991,2.066,6.15222,-0.000,328.323,107.366,330.916,301.351,102.698,301.870,330.916,18.905,311.465,6.15489,18.887,311.464,6.15227,0
10121,399994,10,3,3,0,1,0,0,4,0,0,309.991,2.066,6.15223,-0.000,328.323,107.366,330.916,301.351,102.698,301.870,330.916,18.905,311.465,6.15491,18.887,311.464,6.15222,0
10121,400004,10,3,3,0,1,0,0,4,0,0,309.991,2.066,6.15206,-0.000,328.323,107.366,330.916,301.351,102.698,301.870,330.916,18.905,311.464,6.15474,18.887,311.464,6.15223,0
10138,400014,10,3,3,0,1,0,0,4,0,0,309.991,2.066,6.15211,-0.000,328.323,107.366,330.916,301.351,102.698,301.870,330.916,18.905,311.465,6.15479,18.887,311.464,6.15206,0
10154,400024,10,3,3,0,1,0,0,4,0,0,309.991,2.066,6.15208,-0.000,328.323,107.366,330.916,301.351,102.698,301.870,330.916,18.905,311.465,6.15476,18.887,311.464,6.15211,0
10154,400034,10,3,3,0,1,0,0,4,0,0,309.991,2.066,6.15198,-0.000,328.323,107.366,330.916,301.351,102.698,301.870,330.916,18.905,311.464,6.15465,18.887,311.464,6.15208,0
10168,400044,10,3,3,0,1,0,0,4,0,0,309.991,2.066,6.15188,-0.000,328.323,107.366,330.916,301.351,102.698,301.870,330.916,18.905,311.464,6.15456,18.887,311.464,6.15198,0
10183,400054,10,3,3,0,1,0,0,4,0,0,309.991,2.066,6.15194,-0.000,328.323,107.366,330.916,301.351,102.698,301.870,330.916,18.905,311.464,6.15462,18.887,311.464,6.15188,0
10183,400064,10,3,3,0,1,0,0,4,0,0,309.991,2.066,6.15188,-0.000,328.323,107.366,330.916,301.351,102.698,301.870,330.916,18.905,311.464,6.15456,18.887,311.464,6.15194,0
10199,400074,10,3,3,0,1,0,0,4,0,0,309.991,2.066,6.15182,-0.000,328.323,107.366,330.916,301.351,102.698,301.870,330.916,18.905,311.464,6.15449,18.887,311.464,6.15188,0
10199,400084,10,3,3,0,1,0,0,4,0,0,309.991,2.066,6.15180,-0.000,328.323,107.366,330.916,301.351,102.698,301.870,330.916,18.905,311.464,6.15447,18.887,311.464,6.15182,0
10214,400094,10,3,3,0,1,0,0,4,0,0,309.991,2.066,6.15188,-0.000,328.323,107.366,330.916,301.351,102.698,301.870,330.916,18.905,311.464,6.15455,18.887,311.464,6.15180,0
10230,400104,10,3,3,0,1,0,0,4,0,0,309.991,2.066,6.15176,-0.000,328.323,107.366,330.916,301.351,102.698,301.870,330.916,18.905,311.464,6.15444,18.887,311.464,6.15188,0
10230,400114,10,3,3,0,1,0,0,4,0,0,309.991,2.066,6.15160,-0.000,328.323,107.366,330.916,301.351,102.698,301.870,330.916,18.904,311.464,6.15428,18.887,311.464,6.15176,0
10245,400124,10,3,3,0,1,0,0,4,0,0,309.991,2.066,6.15142,-0.000,328.323,107.366,330.916,301.351,102.698,301.870,330.916,18.904,311.464,6.15410,18.886,311.464,6.15160,0
10261,400134,10,3,3,0,1,0,0,4,0,0,309.991,2.066,6.15156,-0.000,328.323,107.366,330.916,301.351,102.698,301.870,330.916,18.904,311.464,6.15424,18.886,311.464,6.15142,0
10261,400144,10,3,3,0,1,0,0,4,0,0,309.991,2.066,6.15152,-0.000,328.323,107.366,330.916,301.351,102.698,301.870,330.916,18.904,311.464,6.15420,18.886,311.464,6.15156,0
10276,400154,10,3,3,0,1,0,0,4,0,0,309.991,2.066,6.15164,-0.000,328.323,107.366,330.916,301.351,102.698,301.870,330.916,18.904,311.464,6.15432,18.886,311.464,6.15152,0
10291,400164,10,3,3,0,1,0,0,4,0,0,309.991,2.066,6.15164,-0.000,328.323,107.366,330.916,301.351,102.698,301.870,330.916,18.904,311.464,6.15431,18.887,311.464,6.15164,0
10291,400174,10,3,3,0,1,0,0,4,0,0,309.991,2.066,6.15190,-0.000,328.323,107.366,330.916,301.351,102.698,301.870,330.916,18.905,311.464,6.15457,18.887,311.464,6.15164,0
10306,400184,10,3,3,0,1,0,0,4,0,0,309.991,2.066,6.15186,-0.000,328.323,107.366,330.916,301.351,102.698,301.870,330.916,18.905,311.464,6.15453,18.887,311.464,6.15190,0
10322,400194,10,3,3,0,1,0,0,4,0,0,309.991,2.066,6.15176,-0.000,328.323,107.366,330.916,301.351,102.698,301.870,330.916,18.905,311.464,6.15444,18.887,311.464,6.15186,0
10322,400204,10,3,3,0,1,0,0,4,0,0,309.991,2.066,6.15186,-0.000,328.323,107.366,330.916,301.351,102.698,301.870,330.916,18.905,311.464,6.15454,18.887,311.464,6.15176,0
10337,400214,10,3,3,0,1,0,0,4,0,0,309.991,2.066,6.15191,-0.000,328.323,107.366,330.916,301.351,102.698,301.870,330.916,18.905,311.464,6.15459,18.887,311.464,6.15186,0
10352,400224,10,3,3,0,1,0,0,4,0,0,309.991,2.066,6.15176,-0.000,328.323,107.366,330.916,301.351,102.698,301.870,330.916,18.905,311.464,6.15443,18.887,311.464,6.15191,0
10352,400234,10,3,3,0,1,0,0,4,0,0,309.991,2.066,6.15148,-0.000,328.323,107.366,330.916,301.351,102.698,301.870,330.916,18.904,311.464,6.15416,18.887,311.464,6.15176,0
10367,400244,10,3,3,0,1,0,0,4,0,0,309.991,2.066,6.15172,-0.000,328.323,107.366,330.916,301.351,102.698,301.870,330.916,18.904,311.464,6.15440,18.886,311.464,6.15148,0
10382,400254,10,3,3,0,1,0,0,4,0,0,309.991,2.066,6.15147,-0.000,328.323,107.366,330.916,301.351,102.698,301.870,330.916,18.904,311.464,6.15415,18.887,311.464,6.15172,0
10382,400264,10,3,3,0,1,0,0,4,0,0,309.991,2.066,6.15129,-0.000,328.323,107.366,330.916,301.351,102.698,301.870,330.916,18.904,311.464,6.15397,18.886,311.464,6.15147,0
10398,400274,10,3,3,0,1,0,0,4,0,0,309.991,2.066,6.15132,-0.000,328.323,107.366,330.916,301.351,102.698,301.870,330.916,18.904,311.464,6.15399,18.886,311.464,6.15129,0
10414,400284,10,3,3,0,1,0,0,4,0,0,309.991,2.066,6.15159,-0.000,328.323,107.366,330.916,301.351,102.698,301.870,330.916,18.904,311.464,6.15426,18.886,311.464,6.15132,0
10414,400294,10,3,3,0,1,0,0,4,0,0,309.991,2.066,6.15175,-0.000,328.323,107.366,330.916,301.351,102.698,301.870,330.916,18.905,311.464,6.15443,18.886,311.464,6.15159,0
10430,400304,10,3,3,0,1,0,0,4,0,0,309.991,2.066,6.15175,-0.000,328.323,107.366,330.916,301.351,102.698,301.870,330.916,18.905,311.464,6.15442,18.887,311.464,6.15175,0
10430,400314,10,3,3,0,1,0,0,4,0,0,309.991,2.066,6.15180,-0.000,328.323,107.366,330.916,301.351,102.698,301.870,330.916,18.905,311.464,6.15448,18.887,311.464,6.15174,0
10445,400324,10,3,3,0,1,0,0,4,0,0,309.991,2.066,6.15174,-0.000,328.323,107.366,330.916,301.351,102.698,301.870,330.916,18.904,311.464,6.15441,18.887,311.464,6.15180,0
10461,400334,10,3,3,0,1,0,0,4,0,0,309.991,2.066,6.15181,-0.000,328.323,107.366,330.916,301.351,102.698,301.870,330.916,18.905,311.464,6.15449,18.887,311.464,6.15174,0
10461,400344,10,3,3,0,1,0,0,4,0,0,309.991,2.066,6.15184,-0.000,328.323,107.366,330.916,301.351,102.698,301.870,330.916,18.905,311.464,6.15451,18.887,311.464,6.15181,0
10477,400354,10,3,3,0,1,0,0,4,0,0,309.991,2.066,6.15173,-0.000,328.323,107.366,330.916,301.351,102.698,301.870,330.916,18.904,311.464,6.15441,18.887,311.464,6.15184,0
10492,400364,10,3,3,0,1,0,0,4,0,0,309.991,2.066,6.15179,-0.000,328.323,107.366,330.916,301.351,102.698,301.870,330.916,18.905,311.464,6.15447,18.887,311.464,6.15173,0
10492,400374,10,3,3,0,1,0,0,4,0,0,309.991,2.066,6.15170,-0.000,328.323,107.366,330.916,301.351,102.698,301.870,330.916,18.904,311.464,6.15437,18.887,311.464,6.15179,0
10508,400384,10,3,3,0,1,0,0,4,0,0,309.991,2.066,6.15158,-0.000,328.323,107.366,330.916,301.351,102.698,301.870,330.916,18.904,311.464,6.15425,18.887,311.464,6.15170,0
10524,400394,10,3,3,0,1,0,0,4,0,0,309.991,2.066,6.15190,-0.000,328.323,107.366,330.916,301.351,102.698,301.870,330.916,18.905,311.464,6.15458,18.886,311.464,6.15158,0
10524,400404,10,3,3,0,1,0,0,4,0,0,309.991,2.066,6.15172,-0.000,328.323,107.366,330.916,301.351,102.698,301.870,330.916,18.904,311.464,6.15439,18.887,311.464,6.15190,0
10538,400414,10,3,3,0,1,0,0,4,0,0,309.991,2.066,6.15162,-0.000,328.323,107.366,330.916,301.351,102.698,301.870,330.916,18.904,311.464,6.15429,18.887,311.464,6.15172,0
10555,400424,10,3,3,0,1,0,0,4,0,0,309.991,2.066,6.15167,-0.000,328.323,107.366,330.916,301.351,102.698,301.870,330.916,18.904,311.464,6.15435,18.887,311.464,6.15162,0
10555,400434,10,3,3,0,1,0,0,4,0,0,309.991,2.066,6.15180,-0.000,328.323,107.366,330.916,301.351,102.698,301.870,330.916,18.905,311.464,6.15447,18.887,311.464,6.15167,0
10570,400444,10,3,3,0,1,0,0,4,0,0,309.991,2.066,6.15177,-0.000,328.323,107.366,330.916,301.351,102.698,301.870,330.916,18.905,311.464,6.15444,18.887,311.464,6.15180,0
10570,400454,10,3,3,0,1,0,0,4,0,0,309.991,2.066,6.15172,-0.000,328.323,107.366,330.916,301.351,102.698,301.870,330.916,18.904,311.464,6.15440,18.887,311.464,6.15177,0
10586,400464,10,3,3,0,1,0,0,4,0,0,309.991,2.066,6.15185,-0.000,328.323,107.366,330.916,301.351,102.698,301.870,330.916,18.905,311.464,6.15453,18.887,311.464,6.15172,0
10601,400474,10,3,3,0,1,0,0,4,0,0,309.991,2.066,6.15175,-0.000,328.323,107.366,330.916,301.351,102.698,301.870,330.916,18.905,311.464,6.15442,18.887,311.464,6.15185,0
10601,400484,10,3,3,0,1,0,0,4,0,0,309.991,2.066,6.15197,-0.000,328.323,107.366,330.916,301.351,102.698,301.870,330.916,18.905,311.464,6.15465,18.887,311.464,6.15175,0
10616,400494,10,3,3,0,1,0,0,4,0,0,309.991,2.066,6.15187,-0.000,328.323,107.366,330.916,301.351,102.698,301.870,330.916,18.905,311.464,6.15454,18.887,311.464,6.15197,0
10632,400504,10,3,3,0,1,0,0,4,0,0,309.991,2.066,6.15182,-0.000,328.323,107.366,330.916,301.351,102.698,301.870,330.916,18.905,311.464,6.15450,18.887,311.464,6.15187,0
10632,400514,10,3,3,0,1,0,0,4,0,0,309.991,2.066,6.15171,-0.000,328.323,107.366,330.916,301.351,102.698,301.870,330.916,18.904,311.464,6.15439,18.887,311.464,6.15182,0
10648,400524,10,3,3,0,1,0,0,4,0,0,309.991,2.066,6.15153,-0.000,328.323,107.366,330.916,301.351,102.698,301.870,330.916,18.904,311.464,6.15421,18.887,311.464,6.15171,0
10663,400534,10,3,3,0,1,0,0,4,0,0,309.991,2.066,6.15153,-0.000,328.323,107.366,330.916,301.351,102.698,301.870,330.916,18.904,311.464,6.15420,18.886,311.464,6.15154,0
10663,400544,10,3,3,0,1,0,0,4,0,0,309.991,2.066,6.15165,-0.000,328.323,107.366,330.916,301.351,102.698,301.870,330.916,18.904,311.464,6.15433,18.886,311.464,6.15153,0
10679,400554,10,3,3,0,1,0,0,4,0,0,309.991,2.066,6.15171,-0.000,328.323,107.366,330.916,301.351,102.698,301.870,330.916,18.904,311.464,6.15439,18.887,311.464,6.15165,0
10695,400564,10,3,3,0,1,0,0,4,0,0,309.991,2.066,6.15184,-0.000,328.323,107.366,330.916,301.351,102.698,301.870,330.916,18.905,311.464,6.15452,18.887,311.464,6.15171,0
10695,400574,10,3,3,0,1,0,0,4,0,0,309.991,2.066,6.15162,-0.000,328.323,107.366,330.916,301.351,102.698,301.870,330.916,18.904,311.464,6.15430,18.887,311.464,6.15184,0
10710,400584,10,3,3,0,1,0,0,4,0,0,309.991,2.066,6.15142,-0.000,328.323,107.366,330.916,301.351,102.698,301.870,330.916,18.904,311.464,6.15410,18.887,311.464,6.15162,0
10710,400594,10,3,3,0,1,0,0,4,0,0,309.991,2.066,6.15144,-0.000,328.323,107.366,330.916,301.351,102.698,301.870,330.916,18.904,311.464,6.15411,18.886,311.464,6.15142,0
10726,400604,10,3,3,0,1,0,0,4,0,0,309.991,2.066,6.15177,-0.000,328.323,107.366,330.916,301.351,102.698,301.870,330.916,18.905,311.464,6.15444,18.886,311.464,6.15144,0
10742,400614,10,3,3,0,1,0,0,4,0,0,309.991,2.066,6.15200,-0.000,328.323,107.366,330.916,301.351,102.698,301.870,330.916,18.905,311.464,6.15467,18.887,311.464,6.15177,0
10742,400624,10,3,3,0,1,0,0,4,0,0,309.991,2.066,6.15206,-0.000,328.323,107.366,330.916,301.351,102.698,301.870,330.916,18.905,311.464,6.15473,18.887,311.464,6.15200,0
10758,400634,10,3,3,0,1,0,0,4,0,0,309.991,2.066,6.15187,-0.000,328.323,107.366,330.916,301.351,102.698,301.870,330.916,18.905,311.464,6.15454,18.887,311.464,6.15206,0
10773,400644,10,3,3,0,1,0,0,4,0,0,309.991,2.066,6.15211,-0.000,328.323,107.366,330.916,301.351,102.698,301.870,330.916,18.905,311.465,6.15479,18.887,311.464,6.15187,0
10773,400654,10,3,3,0,1,0,0,4,0,0,309.991,2.066,6.15224,-0.000,328.323,107.366,330.916,301.351,102.698,301.870,330.916,18.905,311.465,6.15491,18.887,311.464,6.15211,0
10789,400664,10,3,3,0,1,0,0,4,0,0,309.991,2.066,6.15221,-0.000,328.323,107.366,330.916,301.351,102.698,301.870,330.916,18.905,311.465,6.15488,18.887,311.464,6.15224,0
10804,400674,10,3,3,0,1,0,0,4,0,0,309.991,2.066,6.15205,-0.000,328.323,107.366,330.916,301.351,102.698,301.870,330.916,18.905,311.464,6.15472,18.887,311.464,6.15221,0
10804,400684,10,3,3,0,1,0,0,4,0,0,309.991,2.066,6.15194,-0.000,328.323,107.366,330.916,301.351,102.698,301.870,330.916,18.905,311.464,6.15461,18.887,311.464,6.15205,0
10820,400694,10,3,3,0,1,0,0,4,0,0,309.991,2.066,6.15199,-0.000,328.323,107.366,330.916,301.351,102.698,301.870,330.916,18.905,311.464,6.15467,18.887,311.464,6.15194,0
10820,400704,10,3,3,0,1,0,0,4,0,0,309.991,2.066,6.15191,-0.000,328.323,107.366,330.916,301.351,102.698,301.870,330.916,18.905,311.464,6.15459,18.887,311.464,6.15199,0
10836,400714,10,3,3,0,1,0,0,4,0,0,309.991,2.066,6.15194,-0.000,328.323,107.366,330.916,301.351,102.698,301.870,330.916,18.905,311.464,6.15461,18.887,311.464,6.15191,0
10852,400724,10,3,3,0,1,0,0,4,0,0,309.991,2.066,6.15203,-0.000,328.323,107.366,330.916,301.351,102.698,301.870,330.916,18.905,311.464,6.15471,18.887,311.464,6.15194,0
10852,400734,10,3,3,0,1,0,0,4,0,0,309.991,2.066,6.15199,-0.000,328.323,107.366,330.916,301.351,102.698,301.870,330.916,18.905,311.464,6.15467,18.887,311.464,6.15203,0
10867,400744,10,3,3,0,1,0,0,4,0,0,309.991,2.066,6.15197,-0.000,328.323,107.366,330.916,301.351,102.698,301.870,330.916,18.905,311.464,6.15465,18.887,311.464,6.15199,0
10882,400754,10,3,3,0,1,0,0,4,0,0,309.991,2.066,6.15173,-0.000,328.323,107.366,330.916,301.351,102.698,301.870,330.916,18.904,311.464,6.15441,18.887,311.464,6.15197,0
10882,400764,10,3,3,0,1,0,0,4,0,0,309.991,2.066,6.15162,-0.000,328.323,107.366,330.916,301.351,102.698,301.870,330.916,18.904,311.464,6.15429,18.887,311.464,6.15173,0
10898,400774,10,3,3,0,1,0,0,4,0,0,309.991,2.066,6.15161,-0.000,328.323,107.366,330.916,301.351,102.698,301.870,330.916,18.904,311.464,6.15428,18.887,311.464,6.15162,0
10914,400784,10,3,3,0,1,0,0,4,0,0,309.991,2.066,6.15184,-0.000,328.323,107.366,330.916,301.351,102.698,301.870,330.916,18.905,311.464,6.15451,18.886,311.464,6.15161,0
10914,400794,10,3,3,0,1,0,0,4,0,0,309.991,2.066,6.15171,-0.000,328.323,107.366,330.916,301.351,102.698,301.870,330.916,18.904,311.464,6.15438,18.887,311.464,6.15184,0
10929,400804,10,3,3,0,1,0,0,4,0,0,309.991,2.066,6.15163,-0.000,328.323,107.366,330.916,301.351,102.698,301.870,330.916,18.904,311.464,6.15431,18.887,311.464,6.15171,0
10945,400814,10,3,3,0,1,0,0,4,0,0,309.991,2.066,6.15143,-0.000,328.323,107.366,330.916,301.351,102.698,301.870,330.916,18.904,311.464,6.15411,18.887,311.464,6.15163,0
10945,400824,10,3,3,0,1,0,0,4,0,0,309.991,2.066,6.15134,-0.000,328.323,107.366,330.916,301.351,102.698,301.870,330.916,18.904,311.464,6.15402,18.886,311.464,6.15143,0
10960,400834,10,3,3,0,1,0,0,4,0,0,309.991,2.066,6.15144,-0.000,328.323,107.366,330.916,301.351,102.698,301.870,330.916,18.904,311.464,6.15412,18.886,311.464,6.15134,0
10960,400844,10,3,3,0,1,0,0,4,0,0,309.991,2.066,6.15167,-0.000,328.323,107.366,330.916,301.351,102.698,301.870,330.916,18.904,311.464,6.15435,18.886,311.464,6.15144,0
10976,400854,10,3,3,0,1,0,0,4,0,0,309.991,2.066,6.15144,-0.000,328.323,107.366,330.916,301.351,102.698,301.870,330.916,18.904,311.464,6.15411,18.887,311.464,6.15167,0
10992,400864,10,3,3,0,1,0,0,4,0,0,309.991,2.066,6.15142,-0.000,328.323,107.366,330.916,301.351,102.698,301.870,330.916,18.904,311.464,6.15409,18.886,311.464,6.15144,0
10992,400874,10,3,3,0,1,0,0,4,0,0,309.991,2.066,6.15143,-0.000,328.323,107.366,330.916,301.351,102.698,301.870,330.916,18.904,311.464,6.15410,18.886,311.464,6.15142,0
11007,400884,10,3,3,0,1,0,0,4,0,0,309.991,2.066,6.15148,-0.000,328.323,107.366,330.916,301.351,102.698,301.870,330.916,18.904,311.464,6.15415,18.886,311.464,6.15143,0
11023,400894,10,3,3,0,1,0,0,4,0,0,309.991,2.066,6.15142,-0.000,328.323,107.366,330.916,301.351,102.698,301.870,330.916,18.904,311.464,6.15409,18.886,311.464,6.15148,0
11023,400904,10,3,3,0,1,0,0,4,0,0,309.991,2.066,6.15151,-0.000,328.323,107.366,330.916,301.351,102.698,301.870,330.916,18.904,311.464,6.15418,18.886,311.464,6.15142,0
11038,400914,10,3,3,0,1,0,0,4,0,0,309.991,2.066,6.15175,-0.000,328.323,107.366,330.916,301.351,102.698,301.870,330.916,18.905,311.464,6.15442,18.886,311.464,6.15151,0
11054,400924,10,3,3,0,1,0,0,4,0,0,309.991,2.066,6.15163,-0.000,328.323,107.366,330.916,301.351,102.698,301.870,330.916,18.904,311.464,6.15431,18.887,311.464,6.15175,0
11054,400934,10,3,3,0,1,0,0,4,0,0,309.991,2.066,6.15148,-0.000,328.323,107.366,330.916,301.351,102.698,301.870,330.916,18.904,311.464,6.15416,18.887,311.464,6.15163,0
11081,400944,10,3,3,0,1,0,0,4,0,0,309.991,2.066,6.15151,-0.000,328.323,107.366,330.916,301.351,102.698,301.870,330.916,18.904,311.464,6.15419,18.886,311.464,6.15148,0
11081,400954,10,3,3,0,1,0,0,4,0,0,309.991,2.066,6.15154,-0.000,328.323,107.366,330.916,301.351,102.698,301.870,330.916,18.904,311.464,6.15422,18.886,311.464,6.15151,0
11081,400964,10,3,3,0,1,0,0,4,0,0,309.991,2.066,6.15146,-0.000,328.323,107.366,330.916,301.351,102.698,301.870,330.916,18.904,311.464,6.15413,18.886,311.464,6.15154,0
11102,400974,10,3,3,0,1,0,0,4,0,0,309.991,2.066,6.15165,-0.000,328.323,107.366,330.916,301.351,102.698,301.870,330.916,18.904,311.464,6.15433,18.886,311.464,6.15146,0
11102,400984,10,3,3,0,1,0,0,4,0,0,309.991,2.066,6.15171,-0.000,328.323,107.366,330.916,301.351,102.698,301.870,330.916,18.904,311.464,6.15439,18.887,311.464,6.15165,0
11116,400994,10,3,3,0,1,0,0,4,0,0,309.991,2.066,6.15167,-0.000,328.323,107.366,330.916,301.351,102.698,301.870,330.916,18.904,311.464,6.15435,18.887,311.464,6.15171,0
11132,401004,10,3,3,0,1,0,0,4,0,0,309.991,2.066,6.15171,-0.000,328.323,107.366,330.916,301.351,102.698,301.870,330.916,18.904,311.464,6.15438,18.887,311.464,6.15167,0
11132,401014,10,3,3,0,1,0,0,4,0,0,309.991,2.066,6.15171,-0.000,328.323,107.366,330.916,301.351,102.698,301.870,330.916,18.904,311.464,6.15439,18.887,311.464,6.15171,0
11148,401024,10,3,3,0,1,0,0,4,0,0,309.991,2.066,6.15177,-0.000,328.323,107.366,330.916,301.351,102.698,301.870,330.916,18.905,311.464,6.15445,18.887,311.464,6.15171,0
11164,401034,10,3,3,0,1,0,0,4,0,0,309.991,2.066,6.15198,-0.000,328.323,107.366,330.916,301.351,102.698,301.870,330.916,18.905,311.464,6.15465,18.887,311.464,6.15177,0
11164,401044,10,3,3,0,1,0,0,4,0,0,309.991,2.066,6.15208,-0.000,328.323,107.366,330.916,301.351,102.698,301.870,330.916,18.905,311.465,6.15476,18.887,311.464,6.15198,0
11179,401054,10,3,3,0,1,0,0,4,0,0,309.991,2.066,6.15212,-0.000,328.323,107.366,330.916,301.351,102.698,301.870,330.916,18.905,311.465,6.15480,18.887,311.464,6.15208,0
11195,401064,10,3,3,0,1,0,0,4,0,0,309.991,2.066,6.15203,-0.000,328.323,107.366,330.916,301.351,102.698,301.870,330.916,18.905,311.464,6.15470,18.887,311.464,6.15212,0
11195,401074,10,3,3,0,1,0,0,4,0,0,309.991,2.066,6.15186,-0.000,328.323,107.366,330.916,301.351,102.698,301.870,330.916,18.905,311.464,6.15454,18.887,311.464,6.15203,0
11210,401084,10,3,3,0,1,0,0,4,0,0,309.991,2.066,6.15182,-0.000,328.323,107.366,330.916,301.351,102.698,301.870,330.916,18.905,311.464,6.15449,18.887,311.464,6.15186,0
11210,401094,10,3,3,0,1,0,0,4,0,0,309.991,2.066,6.15189,-0.000,328.323,107.366,330.916,301.351,102.698,301.870,330.916,18.905,311.464,6.15456,18.887,311.464,6.15182,0
11226,401104,10,3,3,0,1,0,0,4,0,0,309.991,2.066,6.15176,-0.000,328.323,107.366,330.916,301.351,102.698,301.870,330.916,18.905,311.464,6.15444,18.887,311.464,6.15189,0
11241,401114,10,3,3,0,1,0,0,4,0,0,309.991,2.066,6.15186,-0.000,328.323,107.366,330.916,301.351,102.698,301.870,330.916,18.905,311.464,6.15454,18.887,311.464,6.15176,0
11241,401124,10,3,3,0,1,0,0,4,0,0,309.991,2.066,6.15162,-0.000,328.323,107.366,330.916,301.351,102.698,301.870,330.916,18.904,311.464,6.15430,18.887,311.464,6.15186,0
11257,401134,10,3,3,0,1,0,0,4,0,0,309.991,2.066,6.15164,-0.000,328.323,107.366,330.916,301.351,102.698,301.870,330.916,18.904,311.464,6.15431,18.887,311.464,6.15162,0
11272,401144,10,3,3,0,1,0,0,4,0,0,309.991,2.066,6.15167,-0.000,328.323,107.366,330.916,301.351,102.698,301.870,330.916,18.904,311.464,6.15434,18.887,311.464,6.15164,0
11272,401154,10,3,3,0,1,0,0,4,0,0,309.991,2.066,6.15156,-0.000,328.323,107.366,330.916,301.351,102.698,301.870,330.916,18.904,311.464,6.15423,18.887,311.464,6.15167,0
11288,401164,10,3,3,0,1,0,0,4,0,0,309.991,2.066,6.15144,-0.000,328.323,107.366,330.916,301.351,102.698,301.870,330.916,18.904,311.464,6.15412,18.886,311.464,6.15156,0
11304,401174,10,3,3,0,1,0,0,4,0,0,309.991,2.066,6.15154,-0.000,328.323,107.366,330.916,301.351,102.698,301.870,330.916,18.904,311.464,6.15421,18.886,311.464,6.15144,0
11304,401184,10,3,3,0,1,0,0,4,0,0,309.991,2.066,6.15157,-0.000,328.323,107.366,330.916,301.351,102.698,301.870,330.916,18.904,311.464,6.15424,18.886,311.464,6.15154,0
11334,401194,10,3,3,0,1,0,0,4,0,0,309.991,2.066,6.15175,-0.000,328.323,107.366,330.916,301.351,102.698,301.870,330.916,18.905,311.464,6.15442,18.886,311.464,6.15157,0
11334,401204,10,3,3,0,1,0,0,4,0,0,309.991,2.066,6.15203,-0.000,328.323,107.366,330.916,301.351,102.698,301.870,330.916,18.905,311.464,6.15470,18.887,311.464,6.15175,0
11334,401214,10,3,3,0,1,0,0,4,0,0,309.991,2.066,6.15192,-0.000,328.323,107.366,330.916,301.351,102.698,301.870,330.916,18.905,311.464,6.15460,18.887,311.464,6.15203,0
11350,401224,10,3,3,0,1,0,0,4,0,0,309.991,2.066,6.15182,-0.000,328.323,107.366,330.916,301.351,102.698,301.870,330.916,18.905,311.464,6.15450,18.887,311.464,6.15192,0
11350,401234,10,3,3,0,1,0,0,4,0,0,309.991,2.066,6.15168,-0.000,328.323,107.366,330.916,301.351,102.698,301.870,330.916,18.904,311.464,6.15435,18.887,311.464,6.15182,0
11366,401244,10,3,3,0,1,0,0,4,0,0,309.991,2.066,6.15165,-0.000,328.323,107.366,330.916,301.351,102.698,301.870,330.916,18.904,311.464,6.15433,18.887,311.464,6.15168,0
11397,401254,10,3,3,0,1,0,0,4,0,0,309.991,2.066,6.15152,-0.000,328.323,107.366,330.916,301.351,102.698,301.870,330.916,18.904,311.464,6.15420,18.887,311.464,6.15165,0
11397,401264,10,3,3,0,1,0,0,4,0,0,309.991,2.066,6.15140,-0.000,328.323,107.366,330.916,301.351,102.698,301.870,330.916,18.904,311.464,6.15408,18.886,311.464,6.15152,0
11397,401274,10,3,3,0,1,0,0,4,0,0,309.991,2.066,6.15140,-0.000,328.323,107.366,330.916,301.351,102.698,301.870,330.916,18.904,311.464,6.15408,18.886,311.464,6.15140,0
11427,401284,10,3,3,0,1,0,0,4,0,0,309.991,2.066,6.15144,-0.000,328.323,107.366,330.916,301.351,102.698,301.870,330.916,18.904,311.464,6.15412,18.886,311.464,6.15140,0
11427,401294,10,3,3,0,1,0,0,4,0,0,309.991,2.066,6.15146,-0.000,328.323,107.366,330.916,301.351,102.698,301.870,330.916,18.904,311.464,6.15414,18.886,311.464,6.15144,0
11427,401304,10,3,3,0,1,0,0,4,0,0,309.991,2.066,6.15155,-0.000,328.323,107.366,330.916,301.351,102.698,301.870,330.916,18.904,311.464,6.15422,18.886,311.464,6.15146,0
11459,401314,10,3,3,0,1,0,0,4,0,0,309.991,2.066,6.15167,-0.000,328.323,107.366,330.916,301.351,102.698,301.870,330.916,18.904,311.464,6.15435,18.886,311.464,6.15155,0
11459,401324,10,3,3,0,1,0,0,4,0,0,309.991,2.066,6.15164,-0.000,328.323,107.366,330.916,301.351,102.698,301.870,330.916,18.904,311.464,6.15431,18.887,311.464,6.15167,0
11459,401334,10,3,3,0,1,0,0,4,0,0,309.991,2.066,6.15159,-0.000,328.323,107.366,330.916,301.351,102.698,301.870,330.916,18.904,311.464,6.15427,18.887,311.464,6.15164,0
11475,401344,10,3,3,0,1,0,0,4,0,0,309.991,2.066,6.15145,-0.000,328.323,107.366,330.916,301.351,102.698,301.870,330.916,18.904,311.464,6.15413,18.886,311.464,6.15159,0
11475,401354,10,3,3,0,1,0,0,4,0,0,309.991,2.066,6.15154,-0.000,328.323,107.366,330.916,301.351,102.698,301.870,330.916,18.904,311.464,6.15421,18.886,311.464,6.15145,0
11506,401364,10,3,3,0,1,0,0,4,0,0,309.991,2.066,6.15140,-0.000,328.323,107.366,330.916,301.351,102.698,301.870,330.916,18.904,311.464,6.15408,18.886,311.464,6.15154,0
11506,401374,10,3,3,0,1,0,0,4,0,0,309.991,2.066,6.15130,-0.000,328.323,107.366,330.916,301.351,102.698,301.870,330.916,18.904,311.464,6.15397,18.886,311.464,6.15140,0
11506,401384,10,3,3,0,1,0,0,4,0,0,309.991,2.066,6.15157,-0.000,328.323,107.366,330.916,301.351,102.698,301.870,330.916,18.904,311.464,6.15424,18.886,311.464,6.15130,0
11537,401394,10,3,3,0,1,0,0,4,0,0,309.991,2.066,6.15166,-0.000,328.323,107.366,330.916,301.351,102.698,301.870,330.916,18.904,311.464,6.15434,18.886,311.464,6.15157,0
11537,401404,10,3,3,0,1,0,0,4,0,0,309.991,2.066,6.15177,-0.000,328.323,107.366,330.916,301.351,102.698,301.870,330.916,18.905,311.464,6.15445,18.887,311.464,6.15166,0
11537,401414,10,3,3,0,1,0,0,4,0,0,309.991,2.066,6.15190,-0.000,328.323,107.366,330.916,301.351,102.698,301.870,330.916,18.905,311.464,6.15458,18.887,311.464,6.15177,0
11567,401424,10,3,3,0,1,0,0,4,0,0,309.991,2.066,6.15191,-0.000,328.323,107.366,330.916,301.351,102.698,301.870,330.916,18.905,311.464,6.15459,18.887,311.464,6.15190,0
11567,401434,10,3,3,0,1,0,0,4,0,0,309.991,2.066,6.15187,-0.000,328.323,107.366,330.916,301.351,102.698,301.870,330.916,18.905,311.464,6.15454,18.887,311.464,6.15191,0
11567,401444,10,3,3,0,1,0,0,4,0,0,309.991,2.066,6.15181,-0.000,328.323,107.366,330.916,301.351,102.698,301.870,330.916,18.905,311.464,6.15448,18.887,311.464,6.15187,0
11582,401454,10,3,3,0,1,0,0,4,0,0,309.991,2.066,6.15158,-0.000,328.323,107.366,330.916,301.351,102.698,301.870,330.916,18.904,311.464,6.15426,18.887,311.464,6.15181,0
11582,401464,10,3,3,0,1,0,0,4,0,0,309.991,2.066,6.15167,-0.000,328.323,107.366,330.916,301.351,102.698,301.870,330.916,18.904,311.464,6.15434,18.886,311.464,6.15158,0
11597,401474,10,3,3,0,1,0,0,4,0,0,309.991,2.066,6.15156,-0.000,328.323,107.366,330.916,301.351,102.698,301.870,330.916,18.904,311.464,6.15423,18.887,311.464,6.15167,0
11613,401484,10,3,3,0,1,0,0,4,0,0,309.991,2.066,6.15148,-0.000,328.323,107.366,330.916,301.351,102.698,301.870,330.916,18.904,311.464,6.15416,18.886,311.464,6.15156,0
11613,401494,10,3,3,0,1,0,0,4,0,0,309.991,2.066,6.15142,-0.000,328.323,107.366,330.916,301.351,102.698,301.870,330.916,18.904,311.464,6.15409,18.886,311.464,6.15148,0
11629,401504,10,3,3,0,1,0,0,4,0,0,309.991,2.066,6.15167,-0.000,328.323,107.366,330.916,301.351,102.698,301.870,330.916,18.904,311.464,6.15434,18.886,311.464,6.15142,0
11644,401514,10,3,3,0,1,0,0,4,0,0,309.991,2.066,6.15167,-0.000,328.323,107.366,330.916,301.351,102.698,301.870,330.916,18.904,311.464,6.15435,18.887,311.464,6.15167,0
11644,401524,10,3,3,0,1,0,0,4,0,0,309.991,2.066,6.15168,-0.000,328.323,107.366,330.916,301.351,102.698,301.870,330.916,18.904,311.464,6.15435,18.887,311.464,6.15167,0
11661,401534,10,3,3,0,1,0,0,4,0,0,309.991,2.066,6.15148,-0.000,328.323,107.366,330.916,301.351,102.698,301.870,330.916,18.904,311.464,6.15415,18.887,311.464,6.15168,0
11661,401544,10,3,3,0,1,0,0,4,0,0,309.991,2.066,6.15168,-0.000,328.323,107.366,330.916,301.351,102.698,301.870,330.916,18.904,311.464,6.15435,18.886,311.464,6.15148,0
11676,401554,10,3,3,0,1,0,0,4,0,0,309.991,2.066,6.15178,-0.000,328.323,107.366,330.916,301.351,102.698,301.870,330.916,18.905,311.464,6.15445,18.887,311.464,6.15168,0
11691,401564,10,3,3,0,1,0,0,4,0,0,309.991,2.066,6.15185,-0.000,328.323,107.366,330.916,301.351,102.698,301.870,330.916,18.905,311.464,6.15452,18.887,311.464,6.15178,0
11691,401574,10,3,3,0,1,0,0,4,0,0,309.991,2.066,6.15195,-0.000,328.323,107.366,330.916,301.351,102.698,301.870,330.916,18.905,311.464,6.15462,18.887,311.464,6.15185,0
11707,401584,10,3,3,0,1,0,0,4,0,0,309.991,2.066,6.15167,-0.000,328.323,107.366,330.916,301.351,102.698,301.870,330.916,18.904,311.464,6.15434,18.887,311.464,6.15195,0
11722,401594,10,3,3,0,1,0,0,4,0,0,309.991,2.066,6.15172,-0.000,328.323,107.366,330.916,301.351,102.698,301.870,330.916,18.904,311.464,6.15439,18.887,311.464,6.15167,0
11722,401604,10,3,3,0,1,0,0,4,0,0,309.991,2.066,6.15154,-0.000,328.323,107.366,330.916,301.351,102.698,301.870,330.916,18.904,311.464,6.15422,18.887,311.464,6.15172,0
11738,401614,10,3,3,0,1,0,0,4,0,0,309.991,2.066,6.15158,-0.000,328.323,107.366,330.916,301.351,102.698,301.870,330.916,18.904,311.464,6.15425,18.886,311.464,6.15155,0
11754,401624,10,3,3,0,1,0,0,4,0,0,309.991,2.066,6.15179,-0.000,328.323,107.366,330.916,301.351,102.698,301.870,330.916,18.905,311.464,6.15446,18.886,311.464,6.15158,0
11754,401634,10,3,3,0,1,0,0,4,0,0,309.991,2.066,6.15190,-0.000,328.323,107.366,330.916,301.351,102.698,301.870,330.916,18.905,311.464,6.15457,18.887,311.464,6.15178,0
11769,401644,10,3,3,0,1,0,0,4,0,0,309.991,2.066,6.15190,-0.000,328.323,107.366,330.916,301.351,102.698,301.870,330.916,18.905,311.464,6.15458,18.887,311.464,6.15190,0
11784,401654,10,3,3,0,1,0,0,4,0,0,309.991,2.066,6.15169,-0.000,328.323,107.366,330.916,301.351,102.698,301.870,330.916,18.904,311.464,6.15436,18.887,311.464,6.15190,0
11784,401664,10,3,3,0,1,0,0,4,0,0,309.991,2.066,6.15171,-0.000,328.323,107.366,330.916,301.351,102.698,301.870,330.916,18.904,311.464,6.15438,18.887,311.464,6.15169,0
11800,401674,10,3,3,0,1,0,0,4,0,0,309.991,2.066,6.15164,-0.000,328.323,107.366,330.916,301.351,102.698,301.870,330.916,18.904,311.464,6.15432,18.887,311.464,6.15171,0
11800,401684,10,3,3,0,1,0,0,4,0,0,309.991,2.066,6.15165,-0.000,328.323,107.366,330.916,301.351,102.698,301.870,330.916,18.904,311.464,6.15432,18.887,311.464,6.15164,0
11816,401694,10,3,3,0,1,0,0,4,0,0,309.991,2.066,6.15167,-0.000,328.323,107.366,330.916,301.351,102.698,301.870,330.916,18.904,311.464,6.15435,18.887,311.464,6.15165,0
11832,401704,10,3,3,0,1,0,0,4,0,0,309.991,2.066,6.15190,-0.000,328.323,107.366,330.916,301.351,102.698,301.870,330.916,18.905,311.464,6.15457,18.887,311.464,6.15167,0
11832,401714,10,3,3,0,1,0,0,4,0,0,309.991,2.066,6.15195,-0.000,328.323,107.366,330.916,301.351,102.698,301.870,330.916,18.905,311.464,6.15463,18.887,311.464,6.15190,0
11847,401724,10,3,3,0,1,0,0,4,0,0,309.991,2.066,6.15174,-0.000,328.323,107.366,330.916,301.351,102.698,301.870,330.916,18.905,311.464,6.15442,18.887,311.464,6.15195,0
11863,401734,10,3,3,0,1,0,0,4,0,0,309.991,2.066,6.15164,-0.000,328.323,107.366,330.916,301.351,102.698,301.870,330.916,18.904,311.464,6.15431,18.887,311.464,6.15174,0
11863,401744,10,3,3,0,1,0,0,4,0,0,309.991,2.066,6.15173,-0.000,328.323,107.366,330.916,301.351,102.698,301.870,330.916,18.904,311.464,6.15441,18.887,311.464,6.15164,0
11878,401754,10,3,3,0,1,0,0,4,0,0,309.991,2.066,6.15164,-0.000,328.323,107.366,330.916,301.351,102.698,301.870,330.916,18.904,311.464,6.15432,18.887,311.464,6.15173,0
11894,401764,10,3,3,0,1,0,0,4,0,0,309.991,2.066,6.15169,-0.000,328.323,107.366,330.916,301.351,102.698,301.870,330.916,18.904,311.464,6.15436,18.887,311.464,6.15164,0
11894,401774,10,3,3,0,1,0,0,4,0,0,309.991,2.066,6.15191,-0.000,328.323,107.366,330.916,301.351,102.698,301.870,330.916,18.905,311.464,6.15458,18.887,311.464,6.15169,0
11910,401784,10,3,3,0,1,0,0,4,0,0,309.991,2.066,6.15191,-0.000,328.323,107.366,330.916,301.351,102.698,301.870,330.916,18.905,311.464,6.15458,18.887,311.464,6.15191,0
11910,401794,10,3,3,0,1,0,0,4,0,0,309.991,2.066,6.15226,-0.000,328.323,107.366,330.916,301.351,102.698,301.870,330.916,18.905,311.465,6.15493,18.887,311.464,6.15191,0
11925,401804,10,3,3,0,1,0,0,4,0,0,309.991,2.066,6.15226,-0.000,328.323,107.366,330.916,301.351,102.698,301.870,330.916,18.905,311.465,6.15494,18.887,311.464,6.15226,0
11941,401814,10,3,3,0,1,0,0,4,0,0,309.991,2.066,6.15217,-0.000,328.323,107.366,330.916,301.351,102.698,301.870,330.916,18.905,311.465,6.15485,18.887,311.464,6.15226,0
11941,401824,10,3,3,0,1,0,0,4,0,0,309.991,2.066,6.15235,-0.000,328.323,107.366,330.916,301.351,102.698,301.870,330.916,18.905,311.465,6.15502,18.887,311.464,6.15217,0
11957,401834,10,3,3,0,1,0,0,4,0,0,309.991,2.066,6.15230,-0.000,328.323,107.366,330.916,301.351,102.698,301.870,330.916,18.905,311.465,6.15498,18.887,311.464,6.15235,0
11973,401844,10,3,3,0,1,0,0,4,0,0,309.991,2.066,6.15246,-0.000,328.323,107.366,330.916,301.351,102.698,301.870,330.916,18.905,311.465,6.15513,18.887,311.464,6.15230,0
11973,401854,10,3,3,0,1,0,0,4,0,0,309.991,2.066,6.15235,-0.000,328.323,107.366,330.916,301.351,102.698,301.870,330.916,18.905,311.465,6.15502,18.888,311.464,6.15246,0
11988,401864,10,3,3,0,1,0,0,4,0,0,309.991,2.066,6.15233,-0.000,328.323,107.366,330.916,301.351,102.698,301.870,330.916,18.905,311.465,6.15501,18.887,311.464,6.15235,0
12003,401874,10,3,3,0,1,0,0,4,0,0,309.991,2.066,6.15223,-0.000,328.323,107.366,330.916,301.351,102.698,301.870,330.916,18.905,311.465,6.15491,18.887,311.464,6.15233,0
12003,401884,10,3,3,0,1,0,0,4,0,0,309.991,2.066,6.15215,-0.000,328.323,107.366,330.916,301.351,102.698,301.870,330.916,18.905,311.465,6.15482,18.887,311.464,6.15223,0
12019,401894,10,3,3,0,1,0,0,4,0,0,309.991,2.066,6.15208,-0.000,328.323,107.366,330.916,301.351,102.698,301.870,330.916,18.905,311.465,6.15475,18.887,311.464,6.15214,0
12034,401904,10,3,3,0,1,0,0,4,0,0,309.991,2.066,6.15190,-0.000,328.323,107.366,330.916,301.351,102.698,301.870,330.916,18.905,311.464,6.15458,18.887,311.464,6.15208,0
12034,401914,10,3,3,0,1,0,0,4,0,0,309.991,2.066,6.15190,-0.000,328.323,107.366,330.916,301.351,102.698,301.870,330.916,18.905,311.464,6.15457,18.887,311.464,6.15190,0
12050,401924,10,3,3,0,1,0,0,4,0,0,309.991,2.066,6.15193,-0.000,328.323,107.366,330.916,301.351,102.698,301.870,330.916,18.905,311.464,6.15461,18.887,311.464,6.15190,0
12050,401934,10,3,3,0,1,0,0,4,0,0,309.991,2.066,6.15169,-0.000,328.323,107.366,330.916,301.351,102.698,301.870,330.916,18.904,311.464,6.15437,18.887,311.464,6.15193,0
12066,401944,10,3,3,0,1,0,0,4,0,0,309.991,2.066,6.15160,-0.000,328.323,107.366,330.916,301.351,102.698,301.870,330.916,18.904,311.464,6.15428,18.887,311.464,6.15169,0
12083,401954,10,3,3,0,1,0,0,4,0,0,309.991,2.066,6.15162,-0.000,328.323,107.366,330.916,301.351,102.698,301.870,330.916,18.904,311.464,6.15430,18.886,311.464,6.15160,0
12083,401964,10,3,3,0,1,0,0,4,0,0,309.991,2.066,6.15164,-0.000,328.323,107.366,330.916,301.351,102.698,301.870,330.916,18.904,311.464,6.15431,18.886,311.464,6.15162,0
12112,401974,10,3,3,0,1,0,0,4,0,0,309.991,2.066,6.15160,-0.000,328.323,107.366,330.916,301.351,102.698,301.870,330.916,18.904,311.464,6.15428,18.887,311.464,6.15164,0
12112,401984,10,3,3,0,1,0,0,4,0,0,309.991,2.066,6.15177,-0.000,328.323,107.366,330.916,301.351,102.698,301.870,330.916,18.905,311.464,6.15445,18.886,311.464,6.15160,0
12112,401994,10,3,3,0,1,0,0,4,0,0,309.991,2.066,6.15176,-0.000,328.323,107.366,330.916,301.351,102.698,301.870,330.916,18.905,311.464,6.15444,18.887,311.464,6.15177,0
12128,402004,10,3,3,0,1,0,0,4,0,0,309.991,2.066,6.15158,-0.000,328.323,107.366,330.916,301.351,102.698,301.870,330.916,18.904,311.464,6.15425,18.887,311.464,6.15176,0
12144,402014,10,3,3,0,1,0,0,4,0,0,309.991,2.066,6.15141,-0.000,328.323,107.366,330.916,301.351,102.698,301.870,330.916,18.904,311.464,6.15408,18.886,311.464,6.15158,0
12144,402024,10,3,3,0,1,0,0,4,0,0,309.991,2.066,6.15141,-0.000,328.323,107.366,330.916,301.351,102.698,301.870,330.916,18.904,311.464,6.15408,18.886,311.464,6.15141,0
12159,402034,10,3,3,0,1,0,0,4,0,0,309.991,2.066,6.15146,-0.000,328.323,107.366,330.916,301.351,102.698,301.870,330.916,18.904,311.464,6.15414,18.886,311.464,6.15140,0
12174,402044,10,3,3,0,1,0,0,4,0,0,309.991,2.066,6.15146,-0.000,328.323,107.366,330.916,301.351,102.698,301.870,330.916,18.904,311.464,6.15413,18.886,311.464,6.15146,0
12174,402054,10,3,3,0,1,0,0,4,0,0,309.991,2.066,6.15156,-0.000,328.323,107.366,330.916,301.351,102.698,301.870,330.916,18.904,311.464,6.15423,18.886,311.464,6.15146,0
12190,402064,10,3,3,0,1,0,0,4,0,0,309.991,2.066,6.15150,-0.000,328.323,107.366,330.916,301.351,102.698,301.870,330.916,18.904,311.464,6.15418,18.886,311.464,6.15156,0
12190,402074,10,3,3,0,1,0,0,4,0,0,309.991,2.066,6.15179,-0.000,328.323,107.366,330.916,301.351,102.698,301.870,330.916,18.905,311.464,6.15446,18.886,311.464,6.15150,0
12206,402084,10,3,3,0,1,0,0,4,0,0,309.991,2.066,6.15165,-0.000,328.323,107.366,330.916,301.351,102.698,301.870,330.916,18.904,311.464,6.15432,18.887,311.464,6.15178,0
12221,402094,10,3,3,0,1,0,0,4,0,0,309.991,2.066,6.15154,-0.000,328.323,107.366,330.916,301.351,102.698,301.870,330.916,18.904,311.464,6.15421,18.887,311.464,6.15165,0
12221,402104,10,3,3,0,1,0,0,4,0,0,309.991,2.066,6.15163,-0.000,328.323,107.366,330.916,301.351,102.698,301.870,330.916,18.904,311.464,6.15430,18.886,311.464,6.15154,0
12237,402114,10,3,3,0,1,0,0,4,0,0,309.991,2.066,6.15148,-0.000,328.323,107.366,330.916,301.351,102.698,301.870,330.916,18.904,311.464,6.15416,18.887,311.464,6.15163,0
12253,402124,10,3,3,0,1,0,0,4,0,0,309.991,2.066,6.15166,-0.000,328.323,107.366,330.916,301.351,102.698,301.870,330.916,18.904,311.464,6.15433,18.886,311.464,6.15148,0
12253,402134,10,3,3,0,1,0,0,4,0,0,309.991,2.066,6.15162,-0.000,328.323,107.366,330.916,301.351,102.698,301.870,330.916,18.904,311.464,6.15429,18.887,311.464,6.15166,0
12269,402144,10,3,3,0,1,0,0,4,0,0,309.991,2.066,6.15152,-0.000,328.323,107.366,330.916,301.351,102.698,301.870,330.916,18.904,311.464,6.15420,18.886,311.464,6.15162,0
12284,402154,10,3,3,0,1,0,0,4,0,0,309.991,2.066,6.15143,-0.000,328.323,107.366,330.916,301.351,102.698,301.870,330.916,18.904,311.464,6.15411,18.886,311.464,6.15152,0
12284,402164,10,3,3,0,1,0,0,4,0,0,309.991,2.066,6.15145,-0.000,328.323,107.366,330.916,301.351,102.698,301.870,330.916,18.904,311.464,6.15413,18.886,311.464,6.15143,0
12299,402174,10,3,3,0,1,0,0,4,0,0,309.991,2.066,6.15128,-0.000,328.323,107.366,330.916,301.351,102.698,301.870,330.916,18.904,311.464,6.15395,18.886,311.464,6.15145,0
12315,402184,10,3,3,0,1,0,0,4,0,0,309.991,2.066,6.15149,-0.000,328.323,107.366,330.916,301.351,102.698,301.870,330.916,18.904,311.464,6.15417,18.886,311.464,6.15128,0
12315,402194,10,3,3,0,1,0,0,4,0,0,309.991,2.066,6.15151,-0.000,328.323,107.366,330.916,301.351,102.698,301.870,330.916,18.904,311.464,6.15418,18.886,311.464,6.15149,0
12332,402204,10,3,3,0,1,0,0,4,0,0,309.991,2.066,6.15173,-0.000,328.323,107.366,330.916,301.351,102.698,301.870,330.916,18.904,311.464,6.15441,18.886,311.464,6.15151,0
12332,402214,10,3,3,0,1,0,0,4,0,0,309.991,2.066,6.15160,-0.000,328.323,107.366,330.916,301.351,102.698,301.870,330.916,18.904,311.464,6.15428,18.887,311.464,6.15173,0
12348,402224,10,3,3,0,1,0,0,4,0,0,309.991,2.066,6.15171,-0.000,328.323,107.366,330.916,301.351,102.698,301.870,330.916,18.904,311.464,6.15438,18.886,311.464,6.15160,0
12364,402234,10,3,3,0,1,0,0,4,0,0,309.991,2.066,6.15152,-0.000,328.323,107.366,330.916,301.351,102.698,301.870,330.916,18.904,311.464,6.15419,18.887,311.464,6.15171,0
12364,402244,10,3,3,0,1,0,0,4,0,0,309.991,2.066,6.15136,-0.000,328.323,107.366,330.916,301.351,102.698,301.870,330.916,18.904,311.464,6.15403,18.886,311.464,6.15152,0
12379,402254,10,3,3,0,1,0,0,4,0,0,309.991,2.066,6.15149,-0.000,328.323,107.366,330.916,301.351,102.698,301.870,330.916,18.904,311.464,6.15417,18.886,311.464,6.15136,0
12395,402264,10,3,3,0,1,0,0,4,0,0,309.991,2.066,6.15151,-0.000,328.323,107.366,330.916,301.351,102.698,301.870,330.916,18.904,311.464,6.15419,18.886,311.464,6.15149,0
12395,402274,10,3,3,0,1,0,0,4,0,0,309.991,2.066,6.15168,-0.000,328.323,107.366,330.916,301.351,102.698,301.870,330.916,18.904,311.464,6.15436,18.886,311.464,6.15151,0
12411,402284,10,3,3,0,1,0,0,4,0,0,309.991,2.066,6.15179,-0.000,328.323,107.366,330.916,301.351,102.698,301.870,330.916,18.905,311.464,6.15447,18.887,311.464,6.15168,0
12411,402294,10,3,3,0,1,0,0,4,0,0,309.991,2.066,6.15183,-0.000,328.323,107.366,330.916,301.351,102.698,301.870,330.916,18.905,311.464,6.15451,18.887,311.464,6.15179,0
12425,402304,10,3,3,0,1,0,0,4,0,0,309.991,2.066,6.15162,-0.000,328.323,107.366,330.916,301.351,102.698,301.870,330.916,18.904,311.464,6.15429,18.887,311.464,6.15183,0
12441,402314,10,3,3,0,1,0,0,4,0,0,309.991,2.066,6.15173,-0.000,328.323,107.366,330.916,301.351,102.698,301.870,330.916,18.904,311.464,6.15441,18.886,311.464,6.15162,0
12441,402324,10,3,3,0,1,0,0,4,0,0,309.991,2.066,6.15180,-0.000,328.323,107.366,330.916,301.351,102.698,301.870,330.916,18.905,311.464,6.15448,18.887,311.464,6.15173,0
12457,402334,10,3,3,0,1,0,0,4,0,0,309.991,2.066,6.15153,-0.000,328.323,107.366,330.916,301.351,102.698,301.870,330.916,18.904,311.464,6.15421,18.887,311.464,6.15180,0
12472,402344,10,3,3,0,1,0,0,4,0,0,309.991,2.066,6.15150,-0.000,328.323,107.366,330.916,301.351,102.698,301.870,330.916,18.904,311.464,6.15417,18.886,311.464,6.15153,0
12472,402354,10,3,3,0,1,0,0,4,0,0,309.991,2.066,6.15162,-0.000,328.323,107.366,330.916,301.351,102.698,301.870,330.916,18.904,311.464,6.15429,18.886,311.464,6.15150,0
12488,402364,10,3,3,0,1,0,0,4,0,0,309.991,2.066,6.15173,-0.000,328.323,107.366,330.916,301.351,102.698,301.870,330.916,18.904,311.464,6.15441,18.886,311.464,6.15162,0
12504,402374,10,3,3,0,1,0,0,4,0,0,309.991,2.066,6.15184,-0.000,328.323,107.366,330.916,301.351,102.698,301.870,330.916,18.905,311.464,6.15451,18.887,311.464,6.15173,0
12504,402384,10,3,3,0,1,0,0,4,0,0,309.991,2.066,6.15160,-0.000,328.323,107.366,330.916,301.351,102.698,301.870,330.916,18.904,311.464,6.15427,18.887,311.464,6.15184,0
12519,402394,10,3,3,0,1,0,0,4,0,0,309.991,2.066,6.15138,-0.000,328.323,107.366,330.916,301.351,102.698,301.870,330.916,18.904,311.464,6.15406,18.886,311.464,6.15160,0
12534,402404,10,3,3,0,1,0,0,4,0,0,309.991,2.066,6.15131,-0.000,328.323,107.366,330.916,301.351,102.698,301.870,330.916,18.904,311.464,6.15398,18.886,311.464,6.15138,0
12534,402414,10,3,3,0,1,0,0,4,0,0,309.991,2.066,6.15120,-0.000,328.323,107.366,330.916,301.351,102.698,301.870,330.916,18.904,311.464,6.15388,18.886,311.464,6.15131,0
12550,402424,10,3,3,0,1,0,0,4,0,0,309.991,2.066,6.15137,-0.000,328.323,107.366,330.916,301.351,102.698,301.870,330.916,18.904,311.464,6.15404,18.886,311.464,6.15120,0
12550,402434,10,3,3,0,1,0,0,4,0,0,309.991,2.066,6.15156,-0.000,328.323,107.366,330.916,301.351,102.698,301.870,330.916,18.904,311.464,6.15423,18.886,311.464,6.15137,0
12566,402444,10,3,3,0,1,0,0,4,0,0,309.991,2.066,6.15159,-0.000,328.323,107.366,330.916,301.351,102.698,301.870,330.916,18.904,311.464,6.15427,18.886,311.464,6.15156,0
12582,402454,10,3,3,0,1,0,0,4,0,0,309.991,2.066,6.15159,-0.000,328.323,107.366,330.916,301.351,102.698,301.870,330.916,18.904,311.464,6.15427,18.886,311.464,6.15159,0
12582,402464,10,3,3,0,1,0,0,4,0,0,309.991,2.066,6.15156,-0.000,328.323,107.366,330.916,301.351,102.698,301.870,330.916,18.904,311.464,6.15423,18.886,311.464,6.15159,0
12597,402474,10,3,3,0,1,0,0,4,0,0,309.991,2.066,6.15147,-0.000,328.323,107.366,330.916,301.351,102.698,301.870,330.916,18.904,311.464,6.15414,18.886,311.464,6.15156,0
12613,402484,10,3,3,0,1,0,0,4,0,0,309.991,2.066,6.15146,-0.000,328.323,107.366,330.916,301.351,102.698,301.870,330.916,18.904,311.464,6.15413,18.886,311.464,6.15147,0
12613,402494,10,3,3,0,1,0,0,4,0,0,309.991,2.066,6.15130,-0.000,328.323,107.366,330.916,301.351,102.698,301.870,330.916,18.904,311.464,6.15397,18.886,311.464,6.15146,0
12629,402504,10,3,3,0,1,0,0,4,0,0,309.991,2.066,6.15119,-0.000,328.323,107.366,330.916,301.351,102.698,301.870,330.916,18.904,311.464,6.15386,18.886,311.464,6.15130,0
12645,402514,10,3,3,0,1,0,0,4,0,0,309.991,2.066,6.15146,-0.000,328.323,107.366,330.916,301.351,102.698,301.870,330.916,18.904,311.464,6.15414,18.886,311.464,6.15119,0
12645,402524,10,3,3,0,1,0,0,4,0,0,309.991,2.066,6.15165,-0.000,328.323,107.366,330.916,301.351,102.698,301.870,330.916,18.904,311.464,6.15433,18.886,311.464,6.15146,0
12660,402534,10,3,3,0,1,0,0,4,0,0,309.991,2.066,6.15182,-0.000,328.323,107.366,330.916,301.351,102.698,301.870,330.916,18.905,311.464,6.15449,18.887,311.464,6.15165,0
12660,402544,10,3,3,0,1,0,0,4,0,0,309.991,2.066,6.15186,-0.000,328.323,107.366,330.916,301.351,102.698,301.870,330.916,18.905,311.464,6.15454,18.887,311.464,6.15182,0
12676,402554,10,3,3,0,1,0,0,4,0,0,309.991,2.066,6.15169,-0.000,328.323,107.366,330.916,301.351,102.698,301.870,330.916,18.904,311.464,6.15437,18.887,311.464,6.15186,0
12692,402564,10,3,3,0,1,0,0,4,0,0,309.991,2.066,6.15126,-0.000,328.323,107.366,330.916,301.351,102.698,301.870,330.916,18.904,311.464,6.15394,18.887,311.464,6.15169,0
12692,402574,10,3,3,0,1,0,0,4,0,0,309.991,2.066,6.15154,-0.000,328.323,107.366,330.916,301.351,102.698,301.870,330.916,18.904,311.464,6.15422,18.886,311.464,6.15126,0
12708,402584,10,3,3,0,1,0,0,4,0,0,309.991,2.066,6.15162,-0.000,328.323,107.366,330.916,301.351,102.698,301.870,330.916,18.904,311.464,6.15429,18.886,311.464,6.15154,0
12740,402594,10,3,3,0,1,0,0,4,0,0,309.991,2.066,6.15148,-0.000,328.323,107.366,330.916,301.351,102.698,301.870,330.916,18.904,311.464,6.15416,18.886,311.464,6.15162,0
12740,402604,10,3,3,0,1,0,0,4,0,0,309.991,2.066,6.15146,-0.000,328.323,107.366,330.916,301.351,102.698,301.870,330.916,18.904,311.464,6.15414,18.886,311.464,6.15148,0
12740,402614,10,3,3,0,1,0,0,4,0,0,309.991,2.066,6.15146,-0.000,328.323,107.366,330.916,301.351,102.698,301.870,330.916,18.904,311.464,6.15414,18.886,311.464,6.15146,0
12740,402624,10,3,3,0,1,0,0,4,0,0,309.991,2.066,6.15150,-0.000,328.323,107.366,330.916,301.351,102.698,301.870,330.916,18.904,311.464,6.15417,18.886,311.464,6.15146,0
12772,402634,10,3,3,0,1,0,0,4,0,0,309.991,2.066,6.15164,-0.000,328.323,107.366,330.916,301.351,102.698,301.870,330.916,18.904,311.464,6.15431,18.886,311.464,6.15149,0
12772,402644,10,3,3,0,1,0,0,4,0,0,309.991,2.066,6.15176,-0.000,328.323,107.366,330.916,301.351,102.698,301.870,330.916,18.905,311.464,6.15444,18.887,311.464,6.15164,0
12772,402654,10,3,3,0,1,0,0,4,0,0,309.991,2.066,6.15192,-0.000,328.323,107.366,330.916,301.351,102.698,301.870,330.916,18.905,311.464,6.15459,18.887,311.464,6.15176,0
12802,402664,10,3,3,0,1,0,0,4,0,0,309.991,2.066,6.15200,-0.000,328.323,107.366,330.916,301.351,102.698,301.870,330.916,18.905,311.464,6.15468,18.887,311.464,6.15192,0
12802,402674,10,3,3,0,1,0,0,4,0,0,309.991,2.066,6.15206,-0.000,328.323,107.366,330.916,301.351,102.698,301.870,330.916,18.905,311.465,6.15474,18.887,311.464,6.15200,0
12802,402684,10,3,3,0,1,0,0,4,0,0,309.991,2.066,6.15227,-0.000,328.323,107.366,330.916,301.351,102.698,301.870,330.916,18.905,311.465,6.15495,18.887,311.464,6.15206,0
12835,402694,10,3,3,0,1,0,0,4,0,0,309.991,2.066,6.15240,-0.000,328.323,107.366,330.916,301.351,102.698,301.870,330.916,18.905,311.465,6.15508,18.887,311.464,6.15227,0
12835,402704,10,3,3,0,1,0,0,4,0,0,309.991,2.066,6.15236,-0.000,328.323,107.366,330.916,301.351,102.698,301.870,330.916,18.905,311.465,6.15503,18.887,311.464,6.15240,0
12835,402714,10,3,3,0,1,0,0,4,0,0,309.991,2.066,6.15214,-0.000,328.323,107.366,330.916,301.351,102.698,301.870,330.916,18.905,311.465,6.15482,18.887,311.464,6.15236,0
12866,402724,10,3,3,0,1,0,0,4,0,0,309.991,2.066,6.15187,-0.000,328.323,107.366,330.916,301.351,102.698,301.870,330.916,18.905,311.464,6.15455,18.887,311.464,6.15214,0
12866,402734,10,3,3,0,1,0,0,4,0,0,309.991,2.066,6.15193,-0.000,328.323,107.366,330.916,301.351,102.698,301.870,330.916,18.905,311.464,6.15461,18.887,311.464,6.15187,0
12866,402744,10,3,3,0,1,0,0,4,0,0,309.991,2.066,6.15181,-0.000,328.323,107.366,330.916,301.351,102.698,301.870,330.916,18.905,311.464,6.15449,18.887,311.464,6.15193,0
12897,402754,10,3,3,0,1,0,0,4,0,0,309.991,2.066,6.15176,-0.000,328.323,107.366,330.916,301.351,102.698,301.870,330.916,18.905,311.464,6.15444,18.887,311.464,6.15181,0
12897,402764,10,3,3,0,1,0,0,4,0,0,309.991,2.066,6.15184,-0.000,328.323,107.366,330.916,301.351,102.698,301.870,330.916,18.905,311.464,6.15451,18.887,311.464,6.15176,0
12897,402774,10,3,3,0,1,0,0,4,0,0,309.991,2.066,6.15185,-0.000,328.323,107.366,330.916,301.351,102.698,301.870,330.916,18.905,311.464,6.15453,18.887,311.464,6.15184,0
12913,402784,10,3,3,0,1,0,0,4,0,0,309.991,2.066,6.15184,-0.000,328.323,107.366,330.916,301.351,102.698,301.870,330.916,18.905,311.464,6.15451,18.887,311.464,6.15185,0
12913,402794,10,3,3,0,1,0,0,4,0,0,309.991,2.066,6.15180,-0.000,328.323,107.366,330.916,301.351,102.698,301.870,330.916,18.905,311.464,6.15447,18.887,311.464,6.15184,0
12944,402804,10,3,3,0,1,0,0,4,0,0,309.991,2.066,6.15187,-0.000,328.323,107.366,330.916,301.351,102.698,301.870,330.916,18.905,311.464,6.15455,18.887,311.464,6.15180,0
12944,402814,10,3,3,0,1,0,0,4,0,0,309.991,2.066,6.15173,-0.000,328.323,107.366,330.916,301.351,102.698,301.870,330.916,18.904,311.464,6.15440,18.887,311.464,6.15187,0
12944,402824,10,3,3,0,1,0,0,4,0,0,309.991,2.066,6.15139,-0.000,328.323,107.366,330.916,301.351,102.698,301.870,330.916,18.904,311.464,6.15407,18.887,311.464,6.15173,0
12960,402834,10,3,3,0,1,0,0,4,0,0,309.991,2.066,6.15134,-0.000,328.323,107.366,330.916,301.351,102.698,301.870,330.916,18.904,311.464,6.15401,18.886,311.464,6.15139,0
12991,402844,10,3,3,0,1,0,0,4,0,0,309.991,2.066,6.15161,-0.000,328.323,107.366,330.916,301.351,102.698,301.870,330.916,18.904,311.464,6.15429,18.886,311.464,6.15134,0
12991,402854,10,3,3,0,0,0,0,4,0,0,309.991,2.066,6.15142,-0.000,328.323,107.366,330.916,301.351,102.698,301.870,330.916,18.904,311.464,6.15410,18.886,311.464,6.15161,2
12991,402864,10,3,3,0,0,0,0,4,0,0,309.991,2.066,6.15171,-0.000,328.323,107.366,330.916,301.351,102.698,301.870,330.916,18.904,311.464,6.15438,18.886,311.464,6.15142,2
12991,402874,10,3,3,0,0,0,0,4,0,0,309.991,1.986,6.15183,-0.000,328.323,107.366,330.916,301.351,102.698,301.870,330.916,18.825,311.473,6.15450,18.887,311.464,6.15171,2
13022,402884,10,3,3,0,0,0,0,4,0,0,309.991,2.066,6.15158,-0.000,328.323,107.366,330.916,301.351,102.698,301.870,330.916,18.904,311.464,6.15426,18.807,311.473,6.15183,2
13022,402894,10,3,3,0,0,0,0,4,0,0,309.991,2.066,6.15144,-0.000,328.323,107.366,330.916,301.351,102.698,301.870,330.916,18.904,311.464,6.15411,18.886,311.464,6.15158,2
13022,402904,10,3,3,0,0,0,0,4,0,0,309.991,2.066,6.15112,-0.000,328.323,107.366,330.916,301.351,102.698,301.870,330.916,18.904,311.464,6.15379,18.886,311.464,6.15144,2
13037,402914,10,3,3,0,0,0,0,4,0,0,309.991,2.066,6.15100,-0.000,328.323,107.366,330.916,301.351,102.698,301.870,330.916,18.904,311.464,6.15368,18.886,311.464,6.15112,2
13069,402924,10,3,3,0,0,0,0,4,0,0,309.991,2.066,6.15109,-0.000,328.323,107.366,330.916,301.351,102.698,301.870,330.916,18.904,311.464,6.15376,18.886,311.464,6.15100,2
13069,402934,10,3,3,0,0,0,0,4,0,0,309.991,2.066,6.15115,-0.000,328.323,107.366,330.916,301.351,102.698,301.870,330.916,18.904,311.464,6.15383,18.886,311.464,6.15109,2
13069,402944,10,3,3,0,0,0,0,4,0,0,309.991,2.066,6.15119,-0.000,328.323,107.366,330.916,301.351,102.698,301.870,330.916,18.904,311.464,6.15386,18.886,311.464,6.15115,2
13100,402954,10,3,3,0,0,0,0,4,0,0,309.991,2.066,6.15128,-0.000,328.323,107.366,330.916,301.351,102.698,301.870,330.916,18.904,311.464,6.15396,18.886,311.464,6.15119,2
13100,402964,10,3,3,0,0,0,0,4,0,0,309.991,2.066,6.15103,-0.000,328.323,107.366,330.916,301.351,102.698,301.870,330.916,18.904,311.464,6.15371,18.886,311.464,6.15128,2
13100,402974,10,3,3,0,0,0,0,4,0,0,309.991,2.066,6.15104,-0.000,328.323,107.366,330.916,301.351,102.698,301.870,330.916,18.904,311.464,6.15371,18.886,311.464,6.15103,2
13130,402984,10,3,3,0,0,0,0,4,0,0,309.991,2.066,6.15111,-0.000,328.323,107.366,330.916,301.351,102.698,301.870,330.916,18.904,311.464,6.15378,18.886,311.464,6.15104,2
13130,402994,10,3,3,0,0,0,0,4,0,0,309.991,2.066,6.15135,-0.000,328.323,107.366,330.916,301.351,102.698,301.870,330.916,18.904,311.464,6.15403,18.886,311.464,6.15111,2
13130,403004,10,3,3,0,0,0,0,4,0,0,309.991,2.066,6.15130,-0.000,328.323,107.366,330.916,301.351,102.698,301.870,330.916,18.904,311.464,6.15398,18.886,311.464,6.15135,2
13130,403014,10,3,3,0,0,0,0,4,0,0,309.991,2.066,6.15165,-0.000,328.323,107.366,330.916,301.351,102.698,301.870,330.916,18.904,311.464,6.15432,18.886,311.464,6.15130,2
13146,403024,10,3,3,0,0,0,0,4,0,0,309.991,2.066,6.15151,-0.000,328.323,107.366,330.916,301.351,102.698,301.870,330.916,18.904,311.464,6.15419,18.887,311.464,6.15165,2
13177,403034,10,3,3,0,0,0,0,4,0,0,309.991,2.066,6.15154,-0.000,328.323,107.366,330.916,301.351,102.698,301.870,330.916,18.904,311.464,6.15421,18.886,311.464,6.15151,2
13177,403044,10,3,3,0,0,0,0,4,0,0,309.991,2.066,6.15160,-0.000,328.323,107.366,330.916,301.351,102.698,301.870,330.916,18.904,311.464,6.15427,18.886,311.464,6.15154,2
13177,403054,10,3,3,0,0,0,0,4,0,0,309.991,2.066,6.15150,-0.000,328.323,107.366,330.916,301.351,102.698,301.870,330.916,18.904,311.464,6.15418,18.886,311.464,6.15160,2
13193,403064,10,3,3,0,0,0,0,4,0,0,309.991,2.066,6.15143,-0.000,328.323,107.366,330.916,301.351,102.698,301.870,330.916,18.904,311.464,6.15410,18.886,311.464,6.15150,2
13193,403074,10,3,3,0,0,0,0,4,0,0,309.991,2.066,6.15153,-0.000,328.323,107.366,330.916,301.351,102.698,301.870,330.916,18.904,311.464,6.15420,18.886,311.464,6.15143,2
13209,403084,10,3,3,0,0,0,0,4,0,0,309.991,2.066,6.15181,-0.000,328.323,107.366,330.916,301.351,102.698,301.870,330.916,18.905,311.464,6.15448,18.886,311.464,6.15153,2
13240,403094,10,3,3,0,0,0,0,4,0,0,309.991,2.066,6.15177,-0.000,328.323,107.366,330.916,301.351,102.698,301.870,330.916,18.905,311.464,6.15445,18.887,311.464,6.15181,2
13240,403104,10,3,3,0,0,0,0,4,0,0,309.991,2.066,6.15172,-0.000,328.323,107.366,330.916,301.351,102.698,301.870,330.916,18.904,311.464,6.15439,18.887,311.464,6.15177,2
13240,403114,10,3,3,0,0,0,0,4,0,0,309.991,2.066,6.15173,-0.000,328.323,107.366,330.916,301.351,102.698,301.870,330.916,18.904,311.464,6.15441,18.887,311.464,6.15172,2
13271,403124,10,3,3,0,0,0,0,4,0,0,309.991,2.066,6.15168,-0.000,328.323,107.366,330.916,301.351,102.698,301.870,330.916,18.904,311.464,6.15435,18.887,311.464,6.15173,2
13271,403134,10,3,3,0,0,0,0,4,0,0,309.991,2.066,6.15194,-0.000,328.323,107.366,330.916,301.351,102.698,301.870,330.916,18.905,311.464,6.15461,18.887,311.464,6.15168,2
13271,403144,10,3,3,0,0,0,0,4,0,0,309.991,2.066,6.15184,-0.000,328.323,107.366,330.916,301.351,102.698,301.870,330.916,18.905,311.464,6.15451,18.887,311.464,6.15194,2
13271,403154,10,3,3,0,0,0,0,4,0,0,309.991,2.066,6.15194,-0.000,328.323,107.366,330.916,301.351,102.698,301.870,330.916,18.905,311.464,6.15462,18.887,311.464,6.15184,2
13302,403164,10,3,3,0,0,0,0,4,0,0,309.991,2.066,6.15181,-0.000,328.323,107.366,330.916,301.351,102.698,301.870,330.916,18.905,311.464,6.15448,18.887,311.464,6.15194,2
13302,403174,10,3,3,0,0,0,0,4,0,0,309.991,2.066,6.15188,-0.000,328.323,107.366,330.916,301.351,102.698,301.870,330.916,18.905,311.464,6.15455,18.887,311.464,6.15181,2
13302,403184,10,3,3,0,0,0,0,4,0,0,309.991,2.066,6.15187,-0.000,328.323,107.366,330.916,301.351,102.698,301.870,330.916,18.905,311.464,6.15455,18.887,311.464,6.15188,2
13317,403194,10,3,3,0,0,0,0,4,0,0,309.991,2.066,6.15187,-0.000,328.323,107.366,330.916,301.351,102.698,301.870,330.916,18.905,311.464,6.15454,18.887,311.464,6.15187,2
13333,403204,10,3,3,0,0,0,0,4,0,0,309.991,2.066,6.15190,-0.000,328.323,107.366,330.916,301.351,102.698,301.870,330.916,18.905,311.464,6.15458,18.887,311.464,6.15187,2
13333,403214,10,3,3,0,0,0,0,4,0,0,309.991,2.066,6.15183,-0.000,328.323,107.366,330.916,301.351,102.698,301.870,330.916,18.905,311.464,6.15450,18.887,311.464,6.15190,2
13349,403224,10,3,3,0,0,0,0,4,0,0,309.991,2.066,6.15171,-0.000,328.323,107.366,330.916,301.351,102.698,301.870,330.916,18.904,311.464,6.15438,18.887,311.464,6.15183,2
13364,403234,10,3,3,0,0,0,0,4,0,0,309.991,2.066,6.15170,-0.000,328.323,107.366,330.916,301.351,102.698,301.870,330.916,18.904,311.464,6.15438,18.887,311.464,6.15171,2
13364,403244,10,3,3,0,0,0,0,4,0,0,309.991,2.066,6.15170,-0.000,328.323,107.366,330.916,301.351,102.698,301.870,330.916,18.904,311.464,6.15437,18.887,311.464,6.15170,2
13395,403254,10,3,3,0,0,0,0,4,0,0,309.991,2.066,6.15149,-0.000,328.323,107.366,330.916,301.351,102.698,301.870,330.916,18.904,311.464,6.15417,18.887,311.464,6.15170,2
13395,403264,10,3,3,0,0,0,0,4,0,0,309.991,2.066,6.15148,-0.000,328.323,107.366,330.916,301.351,102.698,301.870,330.916,18.904,311.464,6.15416,18.886,311.464,6.15149,2
13395,403274,10,3,3,0,0,0,0,4,0,0,309.991,2.066,6.15135,-0.000,328.323,107.366,330.916,301.351,102.698,301.870,330.916,18.904,311.464,6.15402,18.886,311.464,6.15148,2
13411,403284,10,3,3,0,0,0,0,4,0,0,309.991,2.066,6.15135,-0.000,328.323,107.366,330.916,301.351,102.698,301.870,330.916,18.904,311.464,6.15402,18.886,311.464,6.15135,2
13411,403294,10,3,3,0,0,0,0,4,0,0,309.991,2.066,6.15142,-0.000,328.323,107.366,330.916,301.351,102.698,301.870,330.916,18.904,311.464,6.15409,18.886,311.464,6.15135,2
13426,403304,10,3,3,0,0,0,0,4,0,0,309.991,2.066,6.15133,-0.000,328.323,107.366,330.916,301.351,102.698,301.870,330.916,18.904,311.464,6.15401,18.886,311.464,6.15142,2
13442,403314,10,3,3,0,0,0,0,4,0,0,309.991,2.066,6.15126,-0.000,328.323,107.366,330.916,301.351,102.698,301.870,330.916,18.904,311.464,6.15394,18.886,311.464,6.15133,2
13442,403324,10,3,3,0,0,0,0,4,0,0,309.991,2.066,6.15126,-0.000,328.323,107.366,330.916,301.351,102.698,301.870,330.916,18.904,311.464,6.15393,18.886,311.464,6.15126,2
13458,403334,10,3,3,0,0,0,0,4,0,0,309.991,2.066,6.15166,-0.000,328.323,107.366,330.916,301.351,102.698,301.870,330.916,18.904,311.464,6.15433,18.886,311.464,6.15126,2
13474,403344,10,3,3,0,0,0,0,4,0,0,309.991,2.066,6.15162,-0.000,328.323,107.366,330.916,301.351,102.698,301.870,330.916,18.904,311.464,6.15430,18.887,311.464,6.15166,2
13474,403354,10,3,3,0,0,0,0,4,0,0,309.991,2.066,6.15149,-0.000,328.323,107.366,330.916,301.351,102.698,301.870,330.916,18.904,311.464,6.15416,18.887,311.464,6.15162,2
13489,403364,10,3,3,0,0,0,0,4,0,0,309.991,2.066,6.15142,-0.000,328.323,107.366,330.916,301.351,102.698,301.870,330.916,18.904,311.464,6.15410,18.886,311.464,6.15149,2
13505,403374,10,3,3,0,0,0,0,4,0,0,309.991,2.066,6.15144,-0.000,328.323,107.366,330.916,301.351,102.698,301.870,330.916,18.904,311.464,6.15411,18.886,311.464,6.15142,2
13505,403384,10,3,3,0,0,0,0,4,0,0,309.991,2.066,6.15138,-0.000,328.323,107.366,330.916,301.351,102.698,301.870,330.916,18.904,311.464,6.15406,18.886,311.464,6.15144,2
13536,403394,10,3,3,0,0,0,0,4,0,0,309.991,2.066,6.15127,-0.000,328.323,107.366,330.916,301.351,102.698,301.870,330.916,18.904,311.464,6.15394,18.886,311.464,6.15138,2
13536,403404,10,3,3,0,0,0,0,4,0,0,309.991,2.066,6.15124,-0.000,328.323,107.366,330.916,301.351,102.698,301.870,330.916,18.904,311.464,6.15392,18.886,311.464,6.15127,2
13536,403414,10,3,3,0,0,0,0,4,0,0,309.991,2.066,6.15119,-0.000,328.323,107.366,330.916,301.351,102.698,301.870,330.916,18.904,311.464,6.15386,18.886,311.464,6.15124,2
13552,403424,10,3,3,0,0,0,0,4,0,0,309.991,2.066,6.15119,-0.000,328.323,107.366,330.916,301.351,102.698,301.870,330.916,18.904,311.464,6.15386,18.886,311.464,6.15119,2
13552,403434,10,3,3,0,0,0,0,4,0,0,309.991,2.066,6.15128,-0.000,328.323,107.366,330.916,301.351,102.698,301.870,330.916,18.904,311.464,6.15395,18.886,311.464,6.15119,2
13567,403444,10,3,3,0,0,0,0,4,0,0,309.991,2.066,6.15116,-0.000,328.323,107.366,330.916,301.351,102.698,301.870,330.916,18.904,311.464,6.15384,18.886,311.464,6.15128,2
13582,403454,10,3,3,0,0,0,0,4,0,0,309.991,2.066,6.15087,-0.000,328.323,107.366,330.916,301.351,102.698,301.870,330.916,18.903,311.464,6.15355,18.886,311.464,6.15117,2
13582,403464,10,3,3,0,0,0,0,4,0,0,309.991,2.066,6.15093,-0.000,328.323,107.366,330.916,301.351,102.698,301.870,330.916,18.903,311.464,6.15360,18.886,311.464,6.15087,2
13598,403474,10,3,3,0,0,0,0,4,0,0,309.991,2.066,6.15120,-0.000,328.323,107.366,330.916,301.351,102.698,301.870,330.916,18.904,311.464,6.15387,18.886,311.464,6.15093,2
13614,403484,10,3,3,0,0,0,0,4,0,0,309.991,2.066,6.15145,-0.000,328.323,107.366,330.916,301.351,102.698,301.870,330.916,18.904,311.464,6.15413,18.886,311.464,6.15120,2
13614,403494,10,3,3,0,0,0,0,4,0,0,309.991,2.066,6.15152,-0.000,328.323,107.366,330.916,301.351,102.698,301.870,330.916,18.904,311.464,6.15420,18.886,311.464,6.15145,2
13630,403504,10,3,3,0,0,0,0,4,0,0,309.991,2.066,6.15151,-0.000,328.323,107.366,330.916,301.351,102.698,301.870,330.916,18.904,311.464,6.15418,18.886,311.464,6.15152,2
13630,403514,10,3,3,0,0,0,0,4,0,0,309.991,2.066,6.15140,-0.000,328.323,107.366,330.916,301.351,102.698,301.870,330.916,18.904,311.464,6.15407,18.886,311.464,6.15151,2
13645,403524,10,3,3,0,0,0,0,4,0,0,309.991,2.066,6.15146,-0.000,328.323,107.366,330.916,301.351,102.698,301.870,330.916,18.904,311.464,6.15413,18.886,311.464,6.15140,2
13661,403534,10,3,3,0,0,0,0,4,0,0,309.991,2.066,6.15178,-0.000,328.323,107.366,330.916,301.351,102.698,301.870,330.916,18.905,311.464,6.15445,18.886,311.464,6.15146,2
13661,403544,10,3,3,0,0,0,0,4,0,0,309.991,2.066,6.15198,-0.000,328.323,107.366,330.916,301.351,102.698,301.870,330.916,18.905,311.464,6.15466,18.887,311.464,6.15178,2
13676,403554,10,3,3,0,0,0,0,4,0,0,309.991,2.066,6.15214,-0.000,328.323,107.366,330.916,301.351,102.698,301.870,330.916,18.905,311.465,6.15482,18.887,311.464,6.15198,2
13692,403564,10,3,3,0,0,0,0,4,0,0,309.991,2.066,6.15196,-0.000,328.323,107.366,330.916,301.351,102.698,301.870,330.916,18.905,311.464,6.15464,18.887,311.464,6.15214,2
13692,403574,10,3,3,0,0,0,0,4,0,0,309.991,2.066,6.15194,-0.000,328.323,107.366,330.916,301.351,102.698,301.870,330.916,18.905,311.464,6.15462,18.887,311.464,6.15196,2
13708,403584,10,3,3,0,0,0,0,4,0,0,309.991,2.066,6.15193,-0.000,328.323,107.366,330.916,301.351,102.698,301.870,330.916,18.905,311.464,6.15461,18.887,311.464,6.15194,2
13723,403594,10,3,3,0,0,0,0,4,0,0,309.991,2.066,6.15206,-0.000,328.323,107.366,330.916,301.351,102.698,301.870,330.916,18.905,311.464,6.15473,18.887,311.464,6.15193,2
13723,403604,10,3,3,0,0,0,0,4,0,0,309.991,2.066,6.15188,-0.000,328.323,107.366,330.916,301.351,102.698,301.870,330.916,18.905,311.464,6.15456,18.887,311.464,6.15206,2
13739,403614,10,3,3,0,0,0,0,4,0,0,309.991,2.066,6.15172,-0.000,328.323,107.366,330.916,301.351,102.698,301.870,330.916,18.904,311.464,6.15440,18.887,311.464,6.15188,2
13755,403624,10,3,3,0,0,0,0,4,0,0,309.991,2.066,6.15168,-0.000,328.323,107.366,330.916,301.351,102.698,301.870,330.916,18.904,311.464,6.15435,18.887,311.464,6.15172,2
13755,403634,10,3,3,0,0,0,0,4,0,0,309.991,2.066,6.15178,-0.000,328.323,107.366,330.916,301.351,102.698,301.870,330.916,18.905,311.464,6.15445,18.887,311.464,6.15168,2
13770,403644,10,3,3,0,0,0,0,4,0,0,309.991,2.066,6.15195,-0.000,328.323,107.366,330.916,301.351,102.698,301.870,330.916,18.905,311.464,6.15463,18.887,311.464,6.15178,2
13770,403654,10,3,3,0,0,0,0,4,0,0,309.991,2.066,6.15219,-0.000,328.323,107.366,330.916,301.351,102.698,301.870,330.916,18.905,311.465,6.15486,18.887,311.464,6.15195,2
13787,403664,10,3,3,0,0,0,0,4,0,0,309.991,2.066,6.15217,-0.000,328.323,107.366,330.916,301.351,102.698,301.870,330.916,18.905,311.465,6.15485,18.887,311.464,6.15219,2
13801,403674,10,3,3,0,0,0,0,4,0,0,309.991,2.066,6.15193,-0.000,328.323,107.366,330.916,301.351,102.698,301.870,330.916,18.905,311.464,6.15461,18.887,311.464,6.15217,2
13801,403684,10,3,3,0,0,0,0,4,0,0,309.991,1.986,6.15169,-0.000,328.323,107.366,330.916,301.351,102.698,301.870,330.916,18.825,311.473,6.15437,18.887,311.464,6.15193,2
13817,403694,10,3,3,0,0,0,0,4,0,0,309.991,2.066,6.15155,-0.000,328.323,107.366,330.916,301.351,102.698,301.870,330.916,18.904,311.464,6.15422,18.807,311.473,6.15169,2
13833,403704,10,3,3,0,0,0,0,4,0,0,309.991,2.066,6.15161,-0.000,328.323,107.366,330.916,301.351,102.698,301.870,330.916,18.904,311.464,6.15428,18.886,311.464,6.15155,2
13833,403714,10,3,3,0,0,0,0,4,0,0,309.991,2.066,6.15164,-0.000,328.323,107.366,330.916,301.351,102.698,301.870,330.916,18.904,311.464,6.15431,18.886,311.464,6.15161,2
13849,403724,10,3,3,0,0,0,0,4,0,0,309.991,2.066,6.15192,-0.000,328.323,107.366,330.916,301.351,102.698,301.870,330.916,18.905,311.464,6.15459,18.887,311.464,6.15164,2
13865,403734,10,3,3,0,0,0,0,4,0,0,309.991,2.066,6.15186,-0.000,328.323,107.366,330.916,301.351,102.698,301.870,330.916,18.905,311.464,6.15454,18.887,311.464,6.15192,2
13865,403744,10,3,3,0,0,0,0,4,0,0,309.991,2.066,6.15181,-0.000,328.323,107.366,330.916,301.351,102.698,301.870,330.916,18.905,311.464,6.15449,18.887,311.464,6.15186,2
13880,403754,10,3,3,0,0,0,0,4,0,0,309.991,2.066,6.15155,-0.000,328.323,107.366,330.916,301.351,102.698,301.870,330.916,18.904,311.464,6.15423,18.887,311.464,6.15181,2
13880,403764,10,3,3,0,0,0,0,4,0,0,309.991,2.066,6.15136,-0.000,328.323,107.366,330.916,301.351,102.698,301.870,330.916,18.904,311.464,6.15404,18.886,311.464,6.15155,2
13912,403774,10,3,3,0,0,0,0,4,0,0,309.991,2.066,6.15132,-0.000,328.323,107.366,330.916,301.351,102.698,301.870,330.916,18.904,311.464,6.15400,18.886,311.464,6.15136,2
13912,403784,10,3,3,0,0,0,0,4,0,0,309.991,2.066,6.15141,-0.000,328.323,107.366,330.916,301.351,102.698,301.870,330.916,18.904,311.464,6.15408,18.886,311.464,6.15132,2
13912,403794,10,3,3,0,0,0,0,4,0,0,309.991,2.066,6.15139,-0.000,328.323,107.366,330.916,301.351,102.698,301.870,330.916,18.904,311.464,6.15406,18.886,311.464,6.15141,2
13942,403804,10,3,3,0,0,0,0,4,0,0,309.991,2.066,6.15147,-0.000,328.323,107.366,330.916,301.351,102.698,301.870,330.916,18.904,311.464,6.15415,18.886,311.464,6.15139,2
13942,403814,10,3,3,0,0,0,0,4,0,0,309.991,2.066,6.15176,-0.000,328.323,107.366,330.916,301.351,102.698,301.870,330.916,18.905,311.464,6.15443,18.886,311.464,6.15147,2
13942,403824,10,3,3,0,0,0,0,4,0,0,309.991,2.066,6.15168,-0.000,328.323,107.366,330.916,301.351,102.698,301.870,330.916,18.904,311.464,6.15436,18.887,311.464,6.15176,2
13958,403834,10,3,3,0,0,0,0,4,0,0,309.991,2.066,6.15158,-0.000,328.323,107.366,330.916,301.351,102.698,301.870,330.916,18.904,311.464,6.15426,18.887,311.464,6.15168,2
13973,403844,10,3,3,0,0,0,0,4,0,0,309.991,2.066,6.15146,-0.000,328.323,107.366,330.916,301.351,102.698,301.870,330.916,18.904,311.464,6.15414,18.886,311.464,6.15158,2
13973,403854,10,3,3,0,0,0,0,4,0,0,309.991,2.066,6.15132,-0.000,328.323,107.366,330.916,301.351,102.698,301.870,330.916,18.904,311.464,6.15399,18.886,311.464,6.15146,2
13989,403864,10,3,3,0,0,0,0,4,0,0,309.991,2.066,6.15123,-0.000,328.323,107.366,330.916,301.351,102.698,301.870,330.916,18.904,311.464,6.15391,18.886,311.464,6.15132,2
14005,403874,10,3,3,0,0,0,0,4,0,0,309.991,2.066,6.15142,-0.000,328.323,107.366,330.916,301.351,102.698,301.870,330.916,18.904,311.464,6.15410,18.886,311.464,6.15123,2
14005,403884,10,3,3,0,0,0,0,4,0,0,309.991,2.066,6.15163,-0.000,328.323,107.366,330.916,301.351,102.698,301.870,330.916,18.904,311.464,6.15430,18.886,311.464,6.15142,2
14020,403894,10,3,3,0,0,0,0,4,0,0,309.991,2.066,6.15157,-0.000,328.323,107.366,330.916,301.351,102.698,301.870,330.916,18.904,311.464,6.15424,18.887,311.464,6.15163,2
14020,403904,10,3,3,0,0,0,0,4,0,0,309.991,2.066,6.15148,-0.000,328.323,107.366,330.916,301.351,102.698,301.870,330.916,18.904,311.464,6.15416,18.886,311.464,6.15157,2
14035,403914,10,3,3,0,0,0,0,4,0,0,309.991,2.066,6.15142,-0.000,328.323,107.366,330.916,301.351,102.698,301.870,330.916,18.904,311.464,6.15409,18.886,311.464,6.15148,2
14051,403924,10,3,3,0,0,0,0,4,0,0,309.991,2.066,6.15141,-0.000,328.323,107.366,330.916,301.351,102.698,301.870,330.916,18.904,311.464,6.15409,18.886,311.464,6.15141,2
14051,403934,10,3,3,0,0,0,0,4,0,0,309.991,2.066,6.15144,-0.000,328.323,107.366,330.916,301.351,102.698,301.870,330.916,18.904,311.464,6.15412,18.886,311.464,6.15141,2
14066,403944,10,3,3,0,0,0,0,4,0,0,309.991,2.066,6.15136,-0.000,328.323,107.366,330.916,301.351,102.698,301.870,330.916,18.904,311.464,6.15403,18.886,311.464,6.15144,2
14081,403954,10,3,3,0,0,0,0,4,0,0,309.991,2.066,6.15165,-0.000,328.323,107.366,330.916,301.351,102.698,301.870,330.916,18.904,311.464,6.15432,18.886,311.464,6.15136,2
14081,403964,10,3,3,0,0,0,0,4,0,0,309.991,2.066,6.15149,-0.000,328.323,107.366,330.916,301.351,102.698,301.870,330.916,18.904,311.464,6.15417,18.887,311.464,6.15165,2
14097,403974,10,3,3,0,0,0,0,4,0,0,309.991,2.066,6.15150,-0.000,328.323,107.366,330.916,301.351,102.698,301.870,330.916,18.904,311.464,6.15417,18.886,311.464,6.15149,2
14112,403984,10,3,3,0,0,0,0,4,0,0,309.991,2.066,6.15169,-0.000,328.323,107.366,330.916,301.351,102.698,301.870,330.916,18.904,311.464,6.15436,18.886,311.464,6.15150,2
14112,403994,10,3,3,0,0,0,0,4,0,0,309.991,2.066,6.15186,-0.000,328.323,107.366,330.916,301.351,102.698,301.870,330.916,18.905,311.464,6.15453,18.887,311.464,6.15169,2
14127,404004,10,3,3,0,0,0,0,4,0,0,309.991,2.066,6.15154,-0.000,328.323,107.366,330.916,301.351,102.698,301.870,330.916,18.904,311.464,6.15421,18.887,311.464,6.15186,2
14143,404014,10,3,3,0,0,0,0,4,0,0,309.991,2.066,6.15149,-0.000,328.323,107.366,330.916,301.351,102.698,301.870,330.916,18.904,311.464,6.15417,18.886,311.464,6.15154,2
14143,404024,10,3,3,0,0,0,0,4,0,0,309.991,2.066,6.15148,-0.000,328.323,107.366,330.916,301.351,102.698,301.870,330.916,18.904,311.464,6.15416,18.886,311.464,6.15149,2
14158,404034,10,3,3,0,0,0,0,4,0,0,309.991,2.066,6.15150,-0.000,328.323,107.366,330.916,301.351,102.698,301.870,330.916,18.904,311.464,6.15418,18.886,311.464,6.15148,2
14174,404044,10,3,3,0,0,0,0,4,0,0,309.991,2.066,6.15127,-0.000,328.323,107.366,330.916,301.351,102.698,301.870,330.916,18.904,311.464,6.15395,18.886,311.464,6.15150,2
14174,404054,10,3,3,0,0,0,0,4,0,0,309.991,2.066,6.15115,-0.000,328.323,107.366,330.916,301.351,102.698,301.870,330.916,18.904,311.464,6.15383,18.886,311.464,6.15128,2
14190,404064,10,3,3,0,0,0,0,4,0,0,309.991,2.066,6.15088,-0.000,328.323,107.366,330.916,301.351,102.698,301.870,330.916,18.903,311.464,6.15356,18.886,311.464,6.15115,2
14190,404074,10,3,3,0,0,0,0,4,0,0,309.991,2.066,6.15102,-0.000,328.323,107.366,330.916,301.351,102.698,301.870,330.916,18.904,311.464,6.15369,18.886,311.464,6.15088,2
14206,404084,10,3,3,0,0,0,0,4,0,0,309.991,2.066,6.15123,-0.000,328.323,107.366,330.916,301.351,102.698,301.870,330.916,18.904,311.464,6.15391,18.886,311.464,6.15102,2
14222,404094,10,3,3,0,0,0,0,4,0,0,309.991,2.066,6.15140,-0.000,328.323,107.366,330.916,301.351,102.698,301.870,330.916,18.904,311.464,6.15408,18.886,311.464,6.15123,2
14222,404104,10,3,3,0,0,0,0,4,0,0,309.991,2.066,6.15166,-0.000,328.323,107.366,330.916,301.351,102.698,301.870,330.916,18.904,311.464,6.15433,18.886,311.464,6.15140,2
14237,404114,10,3,3,0,0,0,0,4,0,0,309.991,2.066,6.15157,-0.000,328.323,107.366,330.916,301.351,102.698,301.870,330.916,18.904,311.464,6.15424,18.887,311.464,6.15166,2
14253,404124,10,3,3,0,0,0,0,4,0,0,309.991,2.066,6.15162,-0.000,328.323,107.366,330.916,301.351,102.698,301.870,330.916,18.904,311.464,6.15429,18.886,311.464,6.15157,2
14253,404134,10,3,3,0,0,0,0,4,0,0,309.991,2.066,6.15176,-0.000,328.323,107.366,330.916,301.351,102.698,301.870,330.916,18.905,311.464,6.15443,18.886,311.464,6.15162,2
14269,404144,10,3,3,0,0,0,0,4,0,0,309.991,2.066,6.15189,-0.000,328.323,107.366,330.916,301.351,102.698,301.870,330.916,18.905,311.464,6.15456,18.887,311.464,6.15176,2
14284,404154,10,3,3,0,0,0,0,4,0,0,309.991,2.066,6.15203,-0.000,328.323,107.366,330.916,301.351,102.698,301.870,330.916,18.905,311.464,6.15470,18.887,311.464,6.15189,2
14284,404164,10,3,3,0,0,0,0,4,0,0,309.991,2.066,6.15197,-0.000,328.323,107.366,330.916,301.351,102.698,301.870,330.916,18.905,311.464,6.15464,18.887,311.464,6.15203,2
14300,404174,10,3,3,0,0,0,0,4,0,0,309.991,2.066,6.15192,-0.000,328.323,107.366,330.916,301.351,102.698,301.870,330.916,18.905,311.464,6.15460,18.887,311.464,6.15197,2
14300,404184,10,3,3,0,0,0,0,4,0,0,309.991,2.066,6.15168,-0.000,328.323,107.366,330.916,301.351,102.698,301.870,330.916,18.904,311.464,6.15435,18.887,311.464,6.15192,2
14315,404194,10,3,3,0,0,0,0,4,0,0,309.991,2.066,6.15162,-0.000,328.323,107.366,330.916,301.351,102.698,301.870,330.916,18.904,311.464,6.15429,18.887,311.464,6.15168,2
14331,404204,10,3,3,0,0,0,0,4,0,0,309.991,2.066,6.15194,-0.000,328.323,107.366,330.916,301.351,102.698,301.870,330.916,18.905,311.464,6.15462,18.886,311.464,6.15162,2
14331,404214,10,3,3,0,0,0,0,4,0,0,309.991,2.066,6.15187,-0.000,328.323,107.366,330.916,301.351,102.698,301.870,330.916,18.905,311.464,6.15454,18.887,311.464,6.15194,2
14347,404224,10,3,3,0,0,0,0,4,0,0,309.991,2.066,6.15180,-0.000,328.323,107.366,330.916,301.351,102.698,301.870,330.916,18.905,311.464,6.15447,18.887,311.464,6.15187,2
14361,404234,10,3,3,0,0,0,0,4,0,0,309.991,2.066,6.15165,-0.000,328.323,107.366,330.916,301.351,102.698,301.870,330.916,18.904,311.464,6.15432,18.887,311.464,6.15180,2
14361,404244,10,3,3,0,0,0,0,4,0,0,309.991,2.066,6.15161,-0.000,328.323,107.366,330.916,301.351,102.698,301.870,330.916,18.904,311.464,6.15429,18.887,311.464,6.15165,2
14377,404254,10,3,3,0,0,0,0,4,0,0,309.991,2.066,6.15181,-0.000,328.323,107.366,330.916,301.351,102.698,301.870,330.916,18.905,311.464,6.15449,18.886,311.464,6.15161,2
14392,404264,10,3,3,0,0,0,0,4,0,0,309.991,2.066,6.15190,-0.000,328.323,107.366,330.916,301.351,102.698,301.870,330.916,18.905,311.464,6.15457,18.887,311.464,6.15181,2
14392,404274,10,3,3,0,0,0,0,4,0,0,309.991,2.066,6.15189,-0.000,328.323,107.366,330.916,301.351,102.698,301.870,330.916,18.905,311.464,6.15456,18.887,311.464,6.15190,2
14407,404284,10,3,3,0,0,0,0,4,0,0,309.991,2.066,6.15180,-0.000,328.323,107.366,330.916,301.351,102.698,301.870,330.916,18.905,311.464,6.15447,18.887,311.464,6.15189,2
14423,404294,10,3,3,0,0,0,0,4,0,0,309.991,2.066,6.15185,-0.000,328.323,107.366,330.916,301.351,102.698,301.870,330.916,18.905,311.464,6.15453,18.887,311.464,6.15180,2
14423,404304,10,3,3,0,0,0,0,4,0,0,309.991,2.066,6.15199,-0.000,328.323,107.366,330.916,301.351,102.698,301.870,330.916,18.905,311.464,6.15467,18.887,311.464,6.15185,2
14438,404314,10,3,3,0,0,0,0,4,0,0,309.991,2.066,6.15167,-0.000,328.323,107.366,330.916,301.351,102.698,301.870,330.916,18.904,311.464,6.15434,18.887,311.464,6.15199,2
14453,404324,10,3,3,0,0,0,0,4,0,0,309.991,2.066,6.15157,-0.000,328.323,107.366,330.916,301.351,102.698,301.870,330.916,18.904,311.464,6.15424,18.887,311.464,6.15167,2
14453,404334,10,3,3,0,0,0,0,4,0,0,309.991,2.066,6.15143,-0.000,328.323,107.366,330.916,301.351,102.698,301.870,330.916,18.904,311.464,6.15410,18.886,311.464,6.15157,2
14470,404344,10,3,3,0,0,0,0,4,0,0,309.991,2.066,6.15149,-0.000,328.323,107.366,330.916,301.351,102.698,301.870,330.916,18.904,311.464,6.15417,18.886,311.464,6.15143,2
14485,404354,10,3,3,0,0,0,0,4,0,0,309.991,2.066,6.15160,-0.000,328.323,107.366,330.916,301.351,102.698,301.870,330.916,18.904,311.464,6.15428,18.886,311.464,6.15149,2
14485,404364,10,3,3,0,0,0,0,4,0,0,309.991,2.066,6.15185,-0.000,328.323,107.366,330.916,301.351,102.698,301.870,330.916,18.905,311.464,6.15452,18.886,311.464,6.15160,2
14500,404374,10,3,3,0,0,0,0,4,0,0,309.991,2.066,6.15194,-0.000,328.323,107.366,330.916,301.351,102.698,301.870,330.916,18.905,311.464,6.15462,18.887,311.464,6.15185,2
14500,404384,10,3,3,0,0,0,0,4,0,0,309.991,2.066,6.15181,-0.000,328.323,107.366,330.916,301.351,102.698,301.870,330.916,18.905,311.464,6.15449,18.887,311.464,6.15194,2
14517,404394,10,3,3,0,0,0,0,4,0,0,309.991,2.066,6.15194,-0.000,328.323,107.366,330.916,301.351,102.698,301.870,330.916,18.905,311.464,6.15461,18.887,311.464,6.15181,2
14532,404404,10,3,3,0,0,0,0,4,0,0,309.991,2.066,6.15203,-0.000,328.323,107.366,330.916,301.351,102.698,301.870,330.916,18.905,311.464,6.15471,18.887,311.464,6.15194,2
14532,404414,10,3,3,0,0,0,0,4,0,0,309.991,2.066,6.15203,-0.000,328.323,107.366,330.916,301.351,102.698,301.870,330.916,18.905,311.464,6.15470,18.887,311.464,6.15203,2
14547,404424,10,3,3,0,0,0,0,4,0,0,309.991,2.066,6.15216,-0.000,328.323,107.366,330.916,301.351,102.698,301.870,330.916,18.905,311.465,6.15483,18.887,311.464,6.15203,2
14563,404434,10,3,3,0,0,0,0,4,0,0,309.991,2.066,6.15202,-0.000,328.323,107.366,330.916,301.351,102.698,301.870,330.916,18.905,311.464,6.15469,18.887,311.464,6.15216,2
14563,404444,10,3,3,0,0,0,0,4,0,0,309.991,2.066,6.15174,-0.000,328.323,107.366,330.916,301.351,102.698,301.870,330.916,18.904,311.464,6.15441,18.887,311.464,6.15202,2
14578,404454,10,3,3,0,0,0,0,4,0,0,309.991,2.066,6.15149,-0.000,328.323,107.366,330.916,301.351,102.698,301.870,330.916,18.904,311.464,6.15417,18.887,311.464,6.15174,2
14594,404464,10,3,3,0,0,0,0,4,0,0,309.991,2.066,6.15138,-0.000,328.323,107.366,330.916,301.351,102.698,301.870,330.916,18.904,311.464,6.15406,18.886,311.464,6.15149,2
14594,404474,10,3,3,0,0,0,0,4,0,0,309.991,2.066,6.15136,-0.000,328.323,107.366,330.916,301.351,102.698,301.870,330.916,18.904,311.464,6.15403,18.886,311.464,6.15138,2
14610,404484,10,3,3,0,0,0,0,4,0,0,309.991,2.066,6.15161,-0.000,328.323,107.366,330.916,301.351,102.698,301.870,330.916,18.904,311.464,6.15429,18.886,311.464,6.15136,2
14610,404494,10,3,3,0,0,0,0,4,0,0,309.991,2.066,6.15163,-0.000,328.323,107.366,330.916,301.351,102.698,301.870,330.916,18.904,311.464,6.15431,18.886,311.464,6.15161,2
14625,404504,10,3,3,0,0,0,0,4,0,0,309.991,2.066,6.15127,-0.000,328.323,107.366,330.916,301.351,102.698,301.870,330.916,18.904,311.464,6.15394,18.887,311.464,6.15163,2
14640,404514,10,3,3,0,0,0,0,4,0,0,309.991,2.066,6.15142,-0.000,328.323,107.366,330.916,301.351,102.698,301.870,330.916,18.904,311.464,6.15410,18.886,311.464,6.15127,2
14640,404524,10,3,3,0,0,0,0,4,0,0,309.991,2.066,6.15141,-0.000,328.323,107.366,330.916,301.351,102.698,301.870,330.916,18.904,311.464,6.15409,18.886,311.464,6.15142,2
14657,404534,10,3,3,0,0,0,0,4,0,0,309.991,2.066,6.15147,-0.000,328.323,107.366,330.916,301.351,102.698,301.870,330.916,18.904,311.464,6.15415,18.886,311.464,6.15141,2
14672,404544,10,3,3,0,0,0,0,4,0,0,309.991,2.066,6.15157,-0.000,328.323,107.366,330.916,301.351,102.698,301.870,330.916,18.904,311.464,6.15425,18.886,311.464,6.15147,2
14672,404554,10,3,3,0,0,0,0,4,0,0,309.991,2.066,6.15170,-0.000,328.323,107.366,330.916,301.351,102.698,301.870,330.916,18.904,311.464,6.15437,18.886,311.464,6.15157,2
14687,404564,10,3,3,0,0,0,0,4,0,0,309.991,2.066,6.15177,-0.000,328.323,107.366,330.916,301.351,102.698,301.870,330.916,18.905,311.464,6.15445,18.887,311.464,6.15170,2
14703,404574,10,3,3,0,0,0,0,4,0,0,309.991,2.066,6.15189,-0.000,328.323,107.366,330.916,301.351,102.698,301.870,330.916,18.905,311.464,6.15457,18.887,311.464,6.15177,2
14703,404584,10,3,3,0,0,0,0,4,0,0,309.991,2.066,6.15178,-0.000,328.323,107.366,330.916,301.351,102.698,301.870,330.916,18.905,311.464,6.15445,18.887,311.464,6.15189,2
14719,404594,10,3,3,0,0,0,0,4,0,0,309.991,2.066,6.15164,-0.000,328.323,107.366,330.916,301.351,102.698,301.870,330.916,18.904,311.464,6.15432,18.887,311.464,6.15178,2
14734,404604,10,3,3,0,0,0,0,4,0,0,309.991,2.066,6.15161,-0.000,328.323,107.366,330.916,301.351,102.698,301.870,330.916,18.904,311.464,6.15428,18.887,311.464,6.15164,2
14734,404614,10,3,3,0,0,0,0,4,0,0,309.991,2.066,6.15151,-0.000,328.323,107.366,330.916,301.351,102.698,301.870,330.916,18.904,311.464,6.15419,18.886,311.464,6.15161,2
14750,404624,10,3,3,0,0,0,0,4,0,0,309.991,2.066,6.15150,-0.000,328.323,107.366,330.916,301.351,102.698,301.870,330.916,18.904,311.464,6.15417,18.886,311.464,6.15151,2
14750,404634,10,3,3,0,0,0,0,4,0,0,309.991,2.066,6.15151,-0.000,328.323,107.366,330.916,301.351,102.698,301.870,330.916,18.904,311.464,6.15418,18.886,311.464,6.15150,2
14765,404644,10,3,3,0,0,0,0,4,0,0,309.991,2.066,6.15149,-0.000,328.323,107.366,330.916,301.351,102.698,301.870,330.916,18.904,311.464,6.15416,18.886,311.464,6.15151,2
14782,404654,10,3,3,0,0,0,0,4,0,0,309.991,2.066,6.15135,-0.000,328.323,107.366,330.916,301.351,102.698,301.870,330.916,18.904,311.464,6.15402,18.886,311.464,6.15149,2
14782,404664,10,3,3,0,0,0,0,4,0,0,309.991,2.066,6.15147,-0.000,328.323,107.366,330.916,301.351,102.698,301.870,330.916,18.904,311.464,6.15415,18.886,311.464,6.15135,2
14797,404674,10,3,3,0,0,0,0,4,0,0,309.991,2.066,6.15151,-0.000,328.323,107.366,330.916,301.351,102.698,301.870,330.916,18.904,311.464,6.15419,18.886,311.464,6.15147,2
14812,404684,10,3,3,0,0,0,0,4,0,0,309.991,2.066,6.15154,-0.000,328.323,107.366,330.916,301.351,102.698,301.870,330.916,18.904,311.464,6.15421,18.886,311.464,6.15152,2
14812,404694,10,3,3,0,0,0,0,4,0,0,309.991,2.066,6.15151,-0.000,328.323,107.366,330.916,301.351,102.698,301.870,330.916,18.904,311.464,6.15418,18.886,311.464,6.15154,2
14828,404704,10,3,3,0,0,0,0,4,0,0,309.991,2.066,6.15132,-0.000,328.323,107.366,330.916,301.351,102.698,301.870,330.916,18.904,311.464,6.15399,18.886,311.464,6.15151,2
14843,404714,10,3,3,0,0,0,0,4,0,0,309.991,2.066,6.15158,-0.000,328.323,107.366,330.916,301.351,102.698,301.870,330.916,18.904,311.464,6.15426,18.886,311.464,6.15132,2
14843,404724,10,3,3,0,0,0,0,4,0,0,309.991,2.066,6.15166,-0.000,328.323,107.366,330.916,301.351,102.698,301.870,330.916,18.904,311.464,6.15433,18.886,311.464,6.15158,2
14859,404734,10,3,3,0,0,0,0,4,0,0,309.991,2.066,6.15195,-0.000,328.323,107.366,330.916,301.351,102.698,301.870,330.916,18.905,311.464,6.15462,18.887,311.464,6.15166,2
14874,404744,10,3,3,0,0,0,0,4,0,0,309.991,2.066,6.15191,-0.000,328.323,107.366,330.916,301.351,102.698,301.870,330.916,18.905,311.464,6.15458,18.887,311.464,6.15195,2
14874,404754,10,3,3,0,0,0,0,4,0,0,309.991,2.066,6.15209,-0.000,328.323,107.366,330.916,301.351,102.698,301.870,330.916,18.905,311.465,6.15477,18.887,311.464,6.15191,2
14890,404764,10,3,3,0,0,0,0,4,0,0,309.991,2.066,6.15224,-0.000,328.323,107.366,330.916,301.351,102.698,301.870,330.916,18.905,311.465,6.15492,18.887,311.464,6.15209,2
14890,404774,10,3,3,0,0,0,0,4,0,0,309.991,2.066,6.15198,-0.000,328.323,107.366,330.916,301.351,102.698,301.870,330.916,18.905,311.464,6.15466,18.887,311.464,6.15224,2
14905,404784,10,3,3,0,0,0,0,4,0,0,309.991,2.066,6.15192,-0.000,328.323,107.366,330.916,301.351,102.698,301.870,330.916,18.905,311.464,6.15459,18.887,311.464,6.15198,2
14921,404794,10,3,3,0,0,0,0,4,0,0,309.991,2.066,6.15203,-0.000,328.323,107.366,330.916,301.351,102.698,301.870,330.916,18.905,311.464,6.15470,18.887,311.464,6.15192,2
14921,404804,10,3,3,0,0,0,0,4,0,0,309.991,2.066,6.15207,-0.000,328.323,107.366,330.916,301.351,102.698,301.870,330.916,18.905,311.465,6.15474,18.887,311.464,6.15203,2
14936,404814,10,3,3,0,0,0,0,4,0,0,309.991,2.066,6.15184,-0.000,328.323,107.366,330.916,301.351,102.698,301.870,330.916,18.905,311.464,6.15452,18.887,311.464,6.15207,2
14952,404824,10,3,3,0,0,0,0,4,0,0,309.991,2.066,6.15214,-0.000,328.323,107.366,330.916,301.351,102.698,301.870,330.916,18.905,311.465,6.15481,18.887,311.464,6.15184,2
14952,404834,10,3,3,0,0,0,0,4,0,0,309.991,2.066,6.15221,-0.000,328.323,107.366,330.916,301.351,102.698,301.870,330.916,18.905,311.465,6.15488,18.887,311.464,6.15214,2
14967,404844,10,3,3,0,0,0,0,4,0,0,309.991,2.066,6.15224,-0.000,328.323,107.366,330.916,301.351,102.698,301.870,330.916,18.905,311.465,6.15492,18.887,311.464,6.15221,2
14983,404854,10,3,3,0,0,0,0,4,0,0,309.991,2.066,6.15221,-0.000,328.323,107.366,330.916,301.351,102.698,301.870,330.916,18.905,311.465,6.15489,18.887,311.464,6.15224,2
14983,404864,10,3,3,0,0,0,0,4,0,0,309.991,2.066,6.15225,-0.000,328.323,107.366,330.916,301.351,102.698,301.870,330.916,18.905,311.465,6.15492,18.887,311.464,6.15221,2
14999,404874,10,3,3,0,0,0,0,4,0,0,309.991,2.066,6.15221,-0.000,328.323,107.366,330.916,301.351,102.698,301.870,330.916,18.905,311.465,6.15489,18.887,311.464,6.15225,2
15014,404884,10,3,3,0,0,0,0,4,0,0,309.991,2.066,6.15229,-0.000,328.323,107.366,330.916,301.351,102.698,301.870,330.916,18.905,311.465,6.15497,18.887,311.464,6.15221,2
15014,404894,10,3,3,0,0,0,0,4,0,0,309.991,2.066,6.15217,-0.000,328.323,107.366,330.916,301.351,102.698,301.870,330.916,18.905,311.465,6.15485,18.887,311.464,6.15229,2
15030,404904,10,3,3,0,0,0,0,4,0,0,309.991,2.066,6.15215,-0.000,328.323,107.366,330.916,301.351,102.698,301.870,330.916,18.905,311.465,6.15482,18.887,311.464,6.15217,2
15045,404914,10,3,3,0,0,0,0,4,0,0,309.991,2.066,6.15218,-0.000,328.323,107.366,330.916,301.351,102.698,301.870,330.916,18.905,311.465,6.15485,18.887,311.464,6.15214,2
15045,404924,10,3,3,0,0,0,0,4,0,0,309.991,2.066,6.15217,-0.000,328.323,107.366,330.916,301.351,102.698,301.870,330.916,18.905,311.465,6.15484,18.887,311.464,6.15218,2
15060,404934,10,3,3,0,0,0,0,4,0,0,309.991,2.066,6.15209,-0.000,328.323,107.366,330.916,301.351,102.698,301.870,330.916,18.905,311.465,6.15477,18.887,311.464,6.15217,2
15060,404944,10,3,3,0,0,0,0,4,0,0,309.991,2.066,6.15204,-0.000,328.323,107.366,330.916,301.351,102.698,301.870,330.916,18.905,311.464,6.15471,18.887,311.464,6.15209,2
15075,404954,10,3,3,0,0,0,0,4,0,0,309.991,2.066,6.15201,-0.000,328.323,107.366,330.916,301.351,102.698,301.870,330.916,18.905,311.464,6.15468,18.887,311.464,6.15204,2
15091,404964,10,3,3,0,0,0,0,4,0,0,309.991,2.066,6.15194,-0.000,328.323,107.366,330.916,301.351,102.698,301.870,330.916,18.905,311.464,6.15462,18.887,311.464,6.15201,2
15091,404974,10,3,3,0,0,0,0,4,0,0,309.991,2.066,6.15181,-0.000,328.323,107.366,330.916,301.351,102.698,301.870,330.916,18.905,311.464,6.15448,18.887,311.464,6.15194,2
15106,404984,10,3,3,0,0,0,0,4,0,0,309.991,2.066,6.15182,-0.000,328.323,107.366,330.916,301.351,102.698,301.870,330.916,18.905,311.464,6.15450,18.887,311.464,6.15181,2
15122,404994,10,3,3,0,0,0,0,4,0,0,309.991,2.066,6.15159,-0.000,328.323,107.366,330.916,301.351,102.698,301.870,330.916,18.904,311.464,6.15427,18.887,311.464,6.15182,2
15122,405004,10,3,3,0,0,0,0,4,0,0,309.991,2.066,6.15160,-0.000,328.323,107.366,330.916,301.351,102.698,301.870,330.916,18.904,311.464,6.15427,18.886,311.464,6.15159,2
15137,405014,10,3,3,0,0,0,0,4,0,0,309.991,2.066,6.15169,-0.000,328.323,107.366,330.916,301.351,102.698,301.870,330.916,18.904,311.464,6.15437,18.886,311.464,6.15160,2
15153,405024,10,3,3,0,0,0,0,4,0,0,309.991,2.066,6.15182,-0.000,328.323,107.366,330.916,301.351,102.698,301.870,330.916,18.905,311.464,6.15450,18.887,311.464,6.15169,2
15153,405034,10,3,3,0,0,0,0,4,0,0,309.991,2.066,6.15171,-0.000,328.323,107.366,330.916,301.351,102.698,301.870,330.916,18.904,311.464,6.15438,18.887,311.464,6.15182,2
15168,405044,10,3,3,0,0,0,0,4,0,0,309.991,2.066,6.15167,-0.000,328.323,107.366,330.916,301.351,102.698,301.870,330.916,18.904,311.464,6.15434,18.887,311.464,6.15171,2
15184,405054,10,3,3,0,0,0,0,4,0,0,309.991,2.066,6.15174,-0.000,328.323,107.366,330.916,301.351,102.698,301.870,330.916,18.904,311.464,6.15441,18.887,311.464,6.15167,2
15184,405064,10,3,3,0,0,0,0,4,0,0,309.991,2.066,6.15171,-0.000,328.323,107.366,330.916,301.351,102.698,301.870,330.916,18.904,311.464,6.15438,18.887,311.464,6.15174,2
15200,405074,10,3,3,0,0,0,0,4,0,0,309.991,2.066,6.15147,-0.000,328.323,107.366,330.916,301.351,102.698,301.870,330.916,18.904,311.464,6.15414,18.887,311.464,6.15171,2
15200,405084,10,3,3,0,0,0,0,4,0,0,309.991,2.066,6.15145,-0.000,328.323,107.366,330.916,301.351,102.698,301.870,330.916,18.904,311.464,6.15413,18.886,311.464,6.15147,2
15216,405094,10,3,3,0,0,0,0,4,0,0,309.991,2.066,6.15150,-0.000,328.323,107.366,330.916,301.351,102.698,301.870,330.916,18.904,311.464,6.15418,18.886,311.464,6.15145,2
15232,405104,10,3,3,0,0,0,0,4,0,0,309.991,2.066,6.15143,-0.000,328.323,107.366,330.916,301.351,102.698,301.870,330.916,18.904,311.464,6.15411,18.886,311.464,6.15150,2
15232,405114,10,3,3,0,0,0,0,4,0,0,309.991,2.066,6.15156,-0.000,328.323,107.366,330.916,301.351,102.698,301.870,330.916,18.904,311.464,6.15424,18.886,311.464,6.15143,2
15248,405124,10,3,3,0,0,0,0,4,0,0,309.991,2.066,6.15157,-0.000,328.323,107.366,330.916,301.351,102.698,301.870,330.916,18.904,311.464,6.15425,18.886,311.464,6.15156,2
15264,405134,10,3,3,0,0,0,0,4,0,0,309.991,2.066,6.15154,-0.000,328.323,107.366,330.916,301.351,102.698,301.870,330.916,18.904,311.464,6.15422,18.886,311.464,6.15157,2
15264,405144,10,3,3,0,0,0,0,4,0,0,309.991,2.066,6.15161,-0.000,328.323,107.366,330.916,301.351,102.698,301.870,330.916,18.904,311.464,6.15429,18.886,311.464,6.15154,2
15279,405154,10,3,3,0,0,0,0,4,0,0,309.991,2.066,6.15141,-0.000,328.323,107.366,330.916,301.351,102.698,301.870,330.916,18.904,311.464,6.15408,18.886,311.464,6.15161,2
15294,405164,10,3,3,0,0,0,0,4,0,0,309.991,2.066,6.15107,-0.000,328.323,107.366,330.916,301.351,102.698,301.870,330.916,18.904,311.464,6.15375,18.886,311.464,6.15141,2
15294,405174,10,3,3,0,0,0,0,4,0,0,309.991,2.066,6.15117,-0.000,328.323,107.366,330.916,301.351,102.698,301.870,330.916,18.904,311.464,6.15384,18.886,311.464,6.15107,2
15309,405184,10,3,3,0,0,0,0,4,0,0,309.991,2.066,6.15115,-0.000,328.323,107.366,330.916,301.351,102.698,301.870,330.916,18.904,311.464,6.15383,18.886,311.464,6.15117,2
15325,405194,10,3,3,0,0,0,0,4,0,0,309.991,2.066,6.15122,-0.000,328.323,107.366,330.916,301.351,102.698,301.870,330.916,18.904,311.464,6.15389,18.886,311.464,6.15115,2
15325,405204,10,3,3,0,0,0,0,4,0,0,309.991,2.066,6.15137,-0.000,328.323,107.366,330.916,301.351,102.698,301.870,330.916,18.904,311.464,6.15404,18.886,311.464,6.15122,2
15340,405214,10,3,3,0,0,0,0,4,0,0,309.991,2.066,6.15140,-0.000,328.323,107.366,330.916,301.351,102.698,301.870,330.916,18.904,311.464,6.15407,18.886,311.464,6.15137,2
15356,405224,10,3,3,0,0,0,0,4,0,0,309.991,2.066,6.15133,-0.000,328.323,107.366,330.916,301.351,102.698,301.870,330.916,18.904,311.464,6.15400,18.886,311.464,6.15140,2
15356,405234,10,3,3,0,0,0,0,4,0,0,309.991,2.066,6.15118,-0.000,328.323,107.366,330.916,301.351,102.698,301.870,330.916,18.904,311.464,6.15386,18.886,311.464,6.15133,2
15371,405244,10,3,3,0,0,0,0,4,0,0,309.991,2.066,6.15123,-0.000,328.323,107.366,330.916,301.351,102.698,301.870,330.916,18.904,311.464,6.15391,18.886,311.464,6.15118,2
15371,405254,10,3,3,0,0,0,0,4,0,0,309.991,2.066,6.15133,-0.000,328.323,107.366,330.916,301.351,102.698,301.870,330.916,18.904,311.464,6.15401,18.886,311.464,6.15123,2
15386,405264,10,3,3,0,0,0,0,4,0,0,309.991,2.066,6.15128,-0.000,328.323,107.366,330.916,301.351,102.698,301.870,330.916,18.904,311.464,6.15395,18.886,311.464,6.15133,2
15402,405274,10,3,3,0,0,0,0,4,0,0,309.991,2.066,6.15112,-0.000,328.323,107.366,330.916,301.351,102.698,301.870,330.916,18.904,311.464,6.15380,18.886,311.464,6.15128,2
15402,405284,10,3,3,0,0,0,0,4,0,0,309.991,2.066,6.15111,-0.000,328.323,107.366,330.916,301.351,102.698,301.870,330.916,18.904,311.464,6.15379,18.886,311.464,6.15112,2
15418,405294,10,3,3,0,0,0,0,4,0,0,309.991,2.066,6.15137,-0.000,328.323,107.366,330.916,301.351,102.698,301.870,330.916,18.904,311.464,6.15405,18.886,311.464,6.15111,2
15433,405304,10,3,3,0,0,0,0,4,0,0,309.991,2.066,6.15136,-0.000,328.323,107.366,330.916,301.351,102.698,301.870,330.916,18.904,311.464,6.15404,18.886,311.464,6.15137,2
15433,405314,10,3,3,0,0,0,0,4,0,0,309.991,2.066,6.15131,-0.000,328.323,107.366,330.916,301.351,102.698,301.870,330.916,18.904,311.464,6.15399,18.886,311.464,6.15136,2
15449,405324,10,3,3,0,0,0,0,4,0,0,309.991,2.066,6.15163,-0.000,328.323,107.366,330.916,301.351,102.698,301.870,330.916,18.904,311.464,6.15431,18.886,311.464,6.15131,2
15464,405334,10,3,3,0,0,0,0,4,0,0,309.991,2.066,6.15161,-0.000,328.323,107.366,330.916,301.351,102.698,301.870,330.916,18.904,311.464,6.15429,18.886,311.464,6.15163,2
15464,405344,10,3,3,0,0,0,0,4,0,0,309.991,2.066,6.15165,-0.000,328.323,107.366,330.916,301.351,102.698,301.870,330.916,18.904,311.464,6.15433,18.886,311.464,6.15161,2
15480,405354,10,3,3,0,0,0,0,4,0,0,309.991,2.066,6.15157,-0.000,328.323,107.366,330.916,301.351,102.698,301.870,330.916,18.904,311.464,6.15424,18.887,311.464,6.15165,2
15480,405364,10,3,3,0,0,0,0,4,0,0,309.991,2.066,6.15164,-0.000,328.323,107.366,330.916,301.351,102.698,301.870,330.916,18.904,311.464,6.15432,18.886,311.464,6.15157,2
15495,405374,10,3,3,0,0,0,0,4,0,0,309.991,2.066,6.15175,-0.000,328.323,107.366,330.916,301.351,102.698,301.870,330.916,18.905,311.464,6.15443,18.887,311.464,6.15164,2
15511,405384,10,3,3,0,0,0,0,4,0,0,309.991,2.066,6.15177,-0.000,328.323,107.366,330.916,301.351,102.698,301.870,330.916,18.905,311.464,6.15444,18.887,311.464,6.15175,2
15511,405394,10,3,3,0,0,0,0,4,0,0,309.991,2.066,6.15176,-0.000,328.323,107.366,330.916,301.351,102.698,301.870,330.916,18.905,311.464,6.15443,18.887,311.464,6.15177,2
15526,405404,10,3,3,0,0,0,0,4,0,0,309.991,2.066,6.15172,-0.000,328.323,107.366,330.916,301.351,102.698,301.870,330.916,18.904,311.464,6.15439,18.887,311.464,6.15176,2
15542,405414,10,3,3,0,0,0,0,4,0,0,309.991,2.066,6.15174,-0.000,328.323,107.366,330.916,301.351,102.698,301.870,330.916,18.904,311.464,6.15441,18.887,311.464,6.15172,2
15542,405424,10,3,3,0,0,0,0,4,0,0,309.991,2.066,6.15189,-0.000,328.323,107.366,330.916,301.351,102.698,301.870,330.916,18.905,311.464,6.15457,18.887,311.464,6.15174,2
15558,405434,10,3,3,0,0,0,0,4,0,0,309.991,2.066,6.15206,-0.000,328.323,107.366,330.916,301.351,102.698,301.870,330.916,18.905,311.464,6.15473,18.887,311.464,6.15189,2
15574,405444,10,3,3,0,0,0,0,4,0,0,309.991,2.066,6.15181,-0.000,328.323,107.366,330.916,301.351,102.698,301.870,330.916,18.905,311.464,6.15448,18.887,311.464,6.15206,2
15574,405454,10,3,3,0,0,0,0,4,0,0,309.991,2.066,6.15178,-0.000,328.323,107.366,330.916,301.351,102.698,301.870,330.916,18.905,311.464,6.15446,18.887,311.464,6.15181,2
15589,405464,10,3,3,0,0,0,0,4,0,0,309.991,2.066,6.15181,-0.000,328.323,107.366,330.916,301.351,102.698,301.870,330.916,18.905,311.464,6.15448,18.887,311.464,6.15178,2
15604,405474,10,3,3,0,0,0,0,4,0,0,309.991,2.066,6.15177,-0.000,328.323,107.366,330.916,301.351,102.698,301.870,330.916,18.905,311.464,6.15444,18.887,311.464,6.15181,2
15604,405484,10,3,3,0,0,0,0,4,0,0,309.991,2.066,6.15179,-0.000,328.323,107.366,330.916,301.351,102.698,301.870,330.916,18.905,311.464,6.15447,18.887,311.464,6.15177,2
15620,405494,10,3,3,0,0,0,0,4,0,0,309.991,2.066,6.15180,-0.000,328.323,107.366,330.916,301.351,102.698,301.870,330.916,18.905,311.464,6.15448,18.887,311.464,6.15179,2
15636,405504,10,3,3,0,0,0,0,4,0,0,309.991,2.066,6.15151,-0.000,328.323,107.366,330.916,301.351,102.698,301.870,330.916,18.904,311.464,6.15419,18.887,311.464,6.15180,2
15636,405514,10,3,3,0,0,0,0,4,0,0,309.991,2.066,6.15167,-0.000,328.323,107.366,330.916,301.351,102.698,301.870,330.916,18.904,311.464,6.15434,18.886,311.464,6.15151,2
15651,405524,10,3,3,0,0,0,0,4,0,0,309.991,2.066,6.15168,-0.000,328.323,107.366,330.916,301.351,102.698,301.870,330.916,18.904,311.464,6.15435,18.887,311.464,6.15167,2
15651,405534,10,3,3,0,0,0,0,4,0,0,309.991,2.066,6.15178,-0.000,328.323,107.366,330.916,301.351,102.698,301.870,330.916,18.905,311.464,6.15446,18.887,311.464,6.15168,2
15667,405544,10,3,3,0,0,0,0,4,0,0,309.991,2.066,6.15171,-0.000,328.323,107.366,330.916,301.351,102.698,301.870,330.916,18.904,311.464,6.15439,18.887,311.464,6.15178,2
15683,405554,10,3,3,0,0,0,0,4,0,0,309.991,2.066,6.15200,-0.000,328.323,107.366,330.916,301.351,102.698,301.870,330.916,18.905,311.464,6.15468,18.887,311.464,6.15171,2
15683,405564,10,3,3,0,0,0,0,4,0,0,309.991,2.066,6.15234,-0.000,328.323,107.366,330.916,301.351,102.698,301.870,330.916,18.905,311.465,6.15501,18.887,311.464,6.15200,2
15699,405574,10,3,3,0,0,0,0,4,0,0,309.991,2.066,6.15219,-0.000,328.323,107.366,330.916,301.351,102.698,301.870,330.916,18.905,311.465,6.15487,18.887,311.464,6.15234,2
15714,405584,10,3,3,0,0,0,0,4,0,0,309.991,2.066,6.15199,-0.000,328.323,107.366,330.916,301.351,102.698,301.870,330.916,18.905,311.464,6.15466,18.887,311.464,6.15219,2
15714,405594,10,3,3,0,0,0,0,4,0,0,309.991,2.066,6.15207,-0.000,328.323,107.366,330.916,301.351,102.698,301.870,330.916,18.905,311.465,6.15474,18.887,311.464,6.15199,2
15729,405604,10,3,3,0,0,0,0,4,0,0,309.991,2.066,6.15210,-0.000,328.323,107.366,330.916,301.351,102.698,301.870,330.916,18.905,311.465,6.15478,18.887,311.464,6.15207,2
15745,405614,10,3,3,0,0,0,0,4,0,0,309.991,2.066,6.15215,-0.000,328.323,107.366,330.916,301.351,102.698,301.870,330.916,18.905,311.465,6.15483,18.887,311.464,6.15210,2
15745,405624,10,3,3,0,0,0,0,4,0,0,309.991,2.066,6.15190,-0.000,328.323,107.366,330.916,301.351,102.698,301.870,330.916,18.905,311.464,6.15458,18.887,311.464,6.15215,2
15761,405634,10,3,3,0,0,0,0,4,0,0,309.991,2.066,6.15191,-0.000,328.323,107.366,330.916,301.351,102.698,301.870,330.916,18.905,311.464,6.15458,18.887,311.464,6.15190,2
15761,405644,10,3,3,0,0,0,0,4,0,0,309.991,2.066,6.15183,-0.000,328.323,107.366,330.916,301.351,102.698,301.870,330.916,18.905,311.464,6.15451,18.887,311.464,6.15191,2
15776,405654,10,3,3,0,0,0,0,4,0,0,309.991,2.066,6.15197,-0.000,328.323,107.366,330.916,301.351,102.698,301.870,330.916,18.905,311.464,6.15464,18.887,311.464,6.15183,2
15792,405664,10,3,3,0,0,0,0,4,0,0,309.991,2.066,6.15192,-0.000,328.323,107.366,330.916,301.351,102.698,301.870,330.916,18.905,311.464,6.15460,18.887,311.464,6.15197,2
15792,405674,10,3,3,0,0,0,0,4,0,0,309.991,2.066,6.15187,-0.000,328.323,107.366,330.916,301.351,102.698,301.870,330.916,18.905,311.464,6.15454,18.887,311.464,6.15192,2
15808,405684,10,3,3,0,0,0,0,4,0,0,309.991,2.066,6.15173,-0.000,328.323,107.366,330.916,301.351,102.698,301.870,330.916,18.904,311.464,6.15440,18.887,311.464,6.15187,2
15823,405694,10,3,3,0,0,0,0,4,0,0,309.991,2.066,6.15156,-0.000,328.323,107.366,330.916,301.351,102.698,301.870,330.916,18.904,311.464,6.15424,18.887,311.464,6.15173,2
15823,405704,10,3,3,0,0,0,0,4,0,0,309.991,2.066,6.15163,-0.000,328.323,107.366,330.916,301.351,102.698,301.870,330.916,18.904,311.464,6.15430,18.886,311.464,6.15156,2
15839,405714,10,3,3,0,0,0,0,4,0,0,309.991,2.066,6.15149,-0.000,328.323,107.366,330.916,301.351,102.698,301.870,330.916,18.904,311.464,6.15416,18.887,311.464,6.15163,2
15855,405724,10,3,3,0,0,0,0,4,0,0,309.991,2.066,6.15162,-0.000,328.323,107.366,330.916,301.351,102.698,301.870,330.916,18.904,311.464,6.15430,18.886,311.464,6.15149,2
15855,405734,10,3,3,0,0,0,0,4,0,0,309.991,2.066,6.15174,-0.000,328.323,107.366,330.916,301.351,102.698,301.870,330.916,18.904,311.464,6.15442,18.886,311.464,6.15162,2
15871,405744,10,3,3,0,0,0,0,4,0,0,309.991,2.066,6.15167,-0.000,328.323,107.366,330.916,301.351,102.698,301.870,330.916,18.904,311.464,6.15434,18.887,311.464,6.15174,2
15871,405754,10,3,3,0,0,0,0,4,0,0,309.991,2.066,6.15144,-0.000,328.323,107.366,330.916,301.351,102.698,301.870,330.916,18.904,311.464,6.15412,18.887,311.464,6.15167,2
15886,405764,10,3,3,0,0,0,0,4,0,0,309.991,2.066,6.15135,-0.000,328.323,107.366,330.916,301.351,102.698,301.870,330.916,18.904,311.464,6.15403,18.886,311.464,6.15144,2
15902,405774,10,3,3,0,0,0,0,4,0,0,309.991,2.066,6.15120,-0.000,328.323,107.366,330.916,301.351,102.698,301.870,330.916,18.904,311.464,6.15388,18.886,311.464,6.15135,2
15902,405784,10,3,3,0,0,0,0,4,0,0,309.991,2.066,6.15132,-0.000,328.323,107.366,330.916,301.351,102.698,301.870,330.916,18.904,311.464,6.15399,18.886,311.464,6.15120,2
15917,405794,10,3,3,0,0,0,0,4,0,0,309.991,2.066,6.15118,-0.000,328.323,107.366,330.916,301.351,102.698,301.870,330.916,18.904,311.464,6.15385,18.886,311.464,6.15132,2
15933,405804,10,3,3,0,0,0,0,4,0,0,309.991,2.066,6.15102,-0.000,328.323,107.366,330.916,301.351,102.698,301.870,330.916,18.904,311.464,6.15370,18.886,311.464,6.15118,2
15933,405814,10,3,3,0,0,0,0,4,0,0,309.991,2.066,6.15117,-0.000,328.323,107.366,330.916,301.351,102.698,301.870,330.916,18.904,311.464,6.15385,18.886,311.464,6.15102,2
15948,405824,10,3,3,0,0,0,0,4,0,0,309.991,2.066,6.15099,-0.000,328.323,107.366,330.916,301.351,102.698,301.870,330.916,18.904,311.464,6.15367,18.886,311.464,6.15117,2
15963,405834,10,3,3,0,0,0,0,4,0,0,309.991,2.066,6.15110,-0.000,328.323,107.366,330.916,301.351,102.698,301.870,330.916,18.904,311.464,6.15377,18.886,311.464,6.15099,2
15963,405844,10,3,3,0,0,0,0,4,0,0,309.991,2.066,6.15106,-0.000,328.323,107.366,330.916,301.351,102.698,301.870,330.916,18.904,311.464,6.15373,18.886,311.464,6.15110,2
15980,405854,10,3,3,0,0,0,0,4,0,0,309.991,2.066,6.15107,-0.000,328.323,107.366,330.916,301.351,102.698,301.870,330.916,18.904,311.464,6.15375,18.886,311.464,6.15106,2
15994,405864,10,3,3,0,0,0,0,4,0,0,309.991,2.066,6.15118,-0.000,328.323,107.366,330.916,301.351,102.698,301.870,330.916,18.904,311.464,6.15385,18.886,311.464,6.15107,2
15994,405874,10,3,3,0,0,0,0,4,0,0,309.991,2.066,6.15135,-0.000,328.323,107.366,330.916,301.351,102.698,301.870,330.916,18.904,311.464,6.15402,18.886,311.464,6.15118,2
16011,405884,10,3,3,0,0,0,0,4,0,0,309.991,2.066,6.15124,-0.000,328.323,107.366,330.916,301.351,102.698,301.870,330.916,18.904,311.464,6.15391,18.886,311.464,6.15135,2
16011,405894,10,3,3,0,0,0,0,4,0,0,309.991,2.066,6.15138,-0.000,328.323,107.366,330.916,301.351,102.698,301.870,330.916,18.904,311.464,6.15405,18.886,311.464,6.15124,2
16027,405904,10,3,3,0,0,0,0,4,0,0,309.991,2.066,6.15138,-0.000,328.323,107.366,330.916,301.351,102.698,301.870,330.916,18.904,311.464,6.15405,18.886,311.464,6.15138,2
16042,405914,10,3,3,0,0,0,0,4,0,0,309.991,2.066,6.15148,-0.000,328.323,107.366,330.916,301.351,102.698,301.870,330.916,18.904,311.464,6.15415,18.886,311.464,6.15138,2
16042,405924,10,3,3,0,0,0,0,4,0,0,309.991,2.066,6.15124,-0.000,328.323,107.366,330.916,301.351,102.698,301.870,330.916,18.904,311.464,6.15392,18.886,311.464,6.15148,2
16058,405934,10,3,3,0,0,0,0,4,0,0,309.991,2.066,6.15120,-0.000,328.323,107.366,330.916,301.351,102.698,301.870,330.916,18.904,311.464,6.15387,18.886,311.464,6.15124,2
16074,405944,10,3,3,0,0,0,0,4,0,0,309.991,2.066,6.15122,-0.000,328.323,107.366,330.916,301.351,102.698,301.870,330.916,18.904,311.464,6.15389,18.886,311.463,6.15120,2
16074,405954,10,3,3,0,0,0,0,4,0,0,309.991,2.066,6.15111,-0.000,328.323,107.366,330.916,301.351,102.698,301.870,330.916,18.904,311.464,6.15379,18.886,311.463,6.15122,2
16089,405964,10,3,3,0,0,0,0,4,0,0,309.991,2.066,6.15132,-0.000,328.323,107.366,330.916,301.351,102.698,301.870,330.916,18.904,311.464,6.15399,18.886,311.463,6.15111,2
16104,405974,10,3,3,0,0,0,0,4,0,0,309.991,2.066,6.15150,-0.000,328.323,107.366,330.916,301.351,102.698,301.870,330.916,18.904,311.464,6.15417,18.886,311.464,6.15132,2
16104,405984,10,3,3,0,0,0,0,4,0,0,309.991,2.066,6.15174,-0.000,328.323,107.366,330.916,301.351,102.698,301.870,330.916,18.904,311.464,6.15441,18.886,311.464,6.15150,2
16120,405994,10,3,3,0,0,0,0,4,0,0,309.991,2.066,6.15187,-0.000,328.323,107.366,330.916,301.351,102.698,301.870,330.916,18.905,311.464,6.15454,18.887,311.464,6.15174,2
16120,406004,10,3,3,0,0,0,0,4,0,0,309.991,2.066,6.15181,-0.000,328.323,107.366,330.916,301.351,102.698,301.870,330.916,18.905,311.464,6.15449,18.887,311.464,6.15187,2
16135,406014,10,3,3,0,0,0,0,4,0,0,309.991,2.066,6.15175,-0.000,328.323,107.366,330.916,301.351,102.698,301.870,330.916,18.905,311.464,6.15443,18.887,311.464,6.15181,2
16150,406024,10,3,3,0,0,0,0,4,0,0,309.991,2.066,6.15152,-0.000,328.323,107.366,330.916,301.351,102.698,301.870,330.916,18.904,311.464,6.15419,18.887,311.464,6.15175,2
16150,406034,10,3,3,0,0,0,0,4,0,0,309.991,2.066,6.15147,-0.000,328.323,107.366,330.916,301.351,102.698,301.870,330.916,18.904,311.464,6.15414,18.886,311.464,6.15152,2
16166,406044,10,3,3,0,0,0,0,4,0,0,309.991,2.066,6.15131,-0.000,328.323,107.366,330.916,301.351,102.698,301.870,330.916,18.904,311.464,6.15399,18.886,311.464,6.15147,2
16182,406054,10,3,3,0,0,0,0,4,0,0,309.991,2.066,6.15134,-0.000,328.323,107.366,330.916,301.351,102.698,301.870,330.916,18.904,311.464,6.15401,18.886,311.463,6.15131,2
16182,406064,10,3,3,0,0,0,0,4,0,0,309.991,2.066,6.15168,-0.000,328.323,107.366,330.916,301.351,102.698,301.870,330.916,18.904,311.464,6.15436,18.886,311.463,6.15134,2
16197,406074,10,3,3,0,0,0,0,4,0,0,309.991,2.066,6.15184,-0.000,328.323,107.366,330.916,301.351,102.698,301.870,330.916,18.905,311.464,6.15452,18.887,311.464,6.15168,2
16212,406084,10,3,3,0,0,0,0,4,0,0,309.991,2.066,6.15170,-0.000,328.323,107.366,330.916,301.351,102.698,301.870,330.916,18.904,311.464,6.15438,18.887,311.464,6.15184,2
16212,406094,10,3,3,0,0,0,0,4,0,0,309.991,2.066,6.15158,-0.000,328.323,107.366,330.916,301.351,102.698,301.870,330.916,18.904,311.464,6.15425,18.887,311.464,6.15170,2
16228,406104,10,3,3,0,0,0,0,4,0,0,309.991,2.066,6.15145,-0.000,328.323,107.366,330.916,301.351,102.698,301.870,330.916,18.904,311.464,6.15412,18.886,311.464,6.15158,2
16243,406114,10,3,3,0,0,0,0,4,0,0,309.991,2.066,6.15148,-0.000,328.323,107.366,330.916,301.351,102.698,301.870,330.916,18.904,311.464,6.15415,18.886,311.464,6.15145,2
16243,406124,10,3,3,0,0,0,0,4,0,0,309.991,2.066,6.15129,-0.000,328.323,107.366,330.916,301.351,102.698,301.870,330.916,18.904,311.464,6.15396,18.886,311.464,6.15148,2
16259,406134,10,3,3,0,0,0,0,4,0,0,309.991,2.066,6.15139,-0.000,328.323,107.366,330.916,301.351,102.698,301.870,330.916,18.904,311.464,6.15406,18.886,311.463,6.15129,2
16275,406144,10,3,3,0,0,0,0,4,0,0,309.991,2.066,6.15119,-0.000,328.323,107.366,330.916,301.351,102.698,301.870,330.916,18.904,311.464,6.15386,18.886,311.463,6.15139,2
16275,406154,10,3,3,0,0,0,0,4,0,0,309.991,2.066,6.15122,-0.000,328.323,107.366,330.916,301.351,102.698,301.870,330.916,18.904,311.464,6.15390,18.886,311.463,6.15119,2
16290,406164,10,3,3,0,0,0,0,4,0,0,309.991,2.066,6.15124,-0.000,328.323,107.366,330.916,301.351,102.698,301.870,330.916,18.904,311.464,6.15392,18.886,311.463,6.15122,2
16305,406174,10,3,3,0,0,0,0,4,0,0,309.991,2.066,6.15113,-0.000,328.323,107.366,330.916,301.351,102.698,301.870,330.916,18.904,311.464,6.15380,18.886,311.463,6.15124,2
16305,406184,10,3,3,0,0,0,0,4,0,0,309.991,2.066,6.15126,-0.000,328.323,107.366,330.916,301.351,102.698,301.870,330.916,18.904,311.464,6.15394,18.886,311.463,6.15113,2
16320,406194,10,3,3,0,0,0,0,4,0,0,309.991,2.066,6.15141,-0.000,328.323,107.366,330.916,301.351,102.698,301.870,330.916,18.904,311.464,6.15409,18.886,311.463,6.15126,2
16335,406204,10,3,3,0,0,0,0,4,0,0,309.991,2.066,6.15124,-0.000,328.323,107.366,330.916,301.351,102.698,301.870,330.916,18.904,311.464,6.15392,18.886,311.463,6.15141,2
16335,406214,10,3,3,0,0,0,0,4,0,0,309.991,2.066,6.15128,-0.000,328.323,107.366,330.916,301.351,102.698,301.870,330.916,18.904,311.464,6.15396,18.886,311.463,6.15124,2
16352,406224,10,3,3,0,0,0,0,4,0,0,309.991,2.066,6.15155,-0.000,328.323,107.366,330.916,301.351,102.698,301.870,330.916,18.904,311.464,6.15422,18.886,311.463,6.15128,2
16352,406234,10,3,3,0,0,0,0,4,0,0,309.991,2.066,6.15172,-0.000,328.323,107.366,330.916,301.351,102.698,301.870,330.916,18.904,311.464,6.15440,18.886,311.464,6.15155,2
16367,406244,10,3,3,0,0,0,0,4,0,0,309.991,2.066,6.15171,-0.000,328.323,107.366,330.916,301.351,102.698,301.870,330.916,18.904,311.464,6.15438,18.887,311.464,6.15172,2
16383,406254,10,3,3,0,0,0,0,4,0,0,309.991,2.066,6.15161,-0.000,328.323,107.366,330.916,301.351,102.698,301.870,330.916,18.904,311.464,6.15428,18.887,311.464,6.15171,2
16383,406264,10,3,3,0,0,0,0,4,0,0,309.991,2.066,6.15159,-0.000,328.323,107.366,330.916,301.351,102.698,301.870,330.916,18.904,311.464,6.15426,18.886,311.464,6.15161,2
16398,406274,10,3,3,0,0,0,0,4,0,0,309.991,2.066,6.15172,-0.000,328.323,107.366,330.916,301.351,102.698,301.870,330.916,18.904,311.464,6.15440,18.886,311.464,6.15159,2
16413,406284,10,3,3,0,0,0,0,4,0,0,309.991,2.066,6.15186,-0.000,328.323,107.366,330.916,301.351,102.698,301.870,330.916,18.905,311.464,6.15454,18.887,311.464,6.15172,2
16413,406294,10,3,3,0,0,0,0,4,0,0,309.991,2.066,6.15181,-0.000,328.323,107.366,330.916,301.351,102.698,301.870,330.916,18.905,311.464,6.15448,18.887,311.464,6.15186,2
16429,406304,10,3,3,0,0,0,0,4,0,0,309.991,2.066,6.15163,-0.000,328.323,107.366,330.916,301.351,102.698,301.870,330.916,18.904,311.464,6.15431,18.887,311.464,6.15181,2
16444,406314,10,3,3,0,0,0,0,4,0,0,309.991,2.066,6.15174,-0.000,328.323,107.366,330.916,301.351,102.698,301.870,330.916,18.904,311.464,6.15442,18.887,311.464,6.15163,2
16444,406324,10,3,3,0,0,0,0,4,0,0,309.991,2.066,6.15159,-0.000,328.323,107.366,330.916,301.351,102.698,301.870,330.916,18.904,311.464,6.15427,18.887,311.464,6.15174,2
16461,406334,10,3,3,0,0,0,0,4,0,0,309.991,2.066,6.15168,-0.000,328.323,107.366,330.916,301.351,102.698,301.870,330.916,18.904,311.464,6.15435,18.886,311.464,6.15159,2
16461,406344,10,3,3,0,0,0,0,4,0,0,309.991,2.066,6.15170,-0.000,328.323,107.366,330.916,301.351,102.698,301.870,330.916,18.904,311.464,6.15438,18.887,311.464,6.15168,2
16476,406354,10,3,3,0,0,0,0,4,0,0,309.991,2.066,6.15163,-0.000,328.323,107.366,330.916,301.351,102.698,301.870,330.916,18.904,311.464,6.15431,18.887,311.464,6.15170,2
16492,406364,10,3,3,0,0,0,0,4,0,0,309.991,2.066,6.15173,-0.000,328.323,107.366,330.916,301.351,102.698,301.870,330.916,18.904,311.464,6.15441,18.887,311.464,6.15163,2
16492,406374,10,3,3,0,0,0,0,4,0,0,309.991,2.066,6.15170,-0.000,328.323,107.366,330.916,301.351,102.698,301.870,330.916,18.904,311.464,6.15438,18.887,311.464,6.15173,2
16507,406384,10,3,3,0,0,0,0,4,0,0,309.991,2.066,6.15169,-0.000,328.323,107.366,330.916,301.351,102.698,301.870,330.916,18.904,311.464,6.15437,18.887,311.464,6.15170,2
16524,406394,10,3,3,0,0,0,0,4,0,0,309.991,2.066,6.15180,-0.000,328.323,107.366,330.916,301.351,102.698,301.870,330.916,18.905,311.464,6.15448,18.887,311.464,6.15169,2
16524,406404,10,3,3,0,0,0,0,4,0,0,309.991,2.066,6.15164,-0.000,328.323,107.366,330.916,301.351,102.698,301.870,330.916,18.904,311.464,6.15431,18.887,311.464,6.15180,2
16539,406414,10,3,3,0,0,0,0,4,0,0,309.991,2.066,6.15163,-0.000,328.323,107.366,330.916,301.351,102.698,301.870,330.916,18.904,311.464,6.15430,18.887,311.464,6.15164,2
16554,406424,10,3,3,0,0,0,0,4,0,0,309.991,2.066,6.15178,-0.000,328.323,107.366,330.916,301.351,102.698,301.870,330.916,18.905,311.464,6.15445,18.886,311.464,6.15163,2
16554,406434,10,3,3,0,0,0,0,4,0,0,309.991,2.066,6.15169,-0.000,328.323,107.366,330.916,301.351,102.698,301.870,330.916,18.904,311.464,6.15436,18.887,311.464,6.15178,2
16571,406444,10,3,3,0,0,0,0,4,0,0,309.991,2.066,6.15147,-0.000,328.323,107.366,330.916,301.351,102.698,301.870,330.916,18.904,311.464,6.15415,18.887,311.464,6.15169,2
16571,406454,10,3,3,0,0,0,0,4,0,0,309.991,2.066,6.15145,-0.000,328.323,107.366,330.916,301.351,102.698,301.870,330.916,18.904,311.464,6.15412,18.886,311.463,6.15147,2
16586,406464,10,3,3,0,0,0,0,4,0,0,309.991,2.066,6.15145,-0.000,328.323,107.366,330.916,301.351,102.698,301.870,330.916,18.904,311.464,6.15413,18.886,311.463,6.15145,2
16602,406474,10,3,3,0,0,0,0,4,0,0,309.991,2.066,6.15145,-0.000,328.323,107.366,330.916,301.351,102.698,301.870,330.916,18.904,311.464,6.15413,18.886,311.463,6.15145,2
16602,406484,10,3,3,0,0,0,0,4,0,0,309.991,2.066,6.15142,-0.000,328.323,107.366,330.916,301.351,102.698,301.870,330.916,18.904,311.464,6.15410,18.886,311.463,6.15145,2
16618,406494,10,3,3,0,0,0,0,4,0,0,309.991,2.066,6.15165,-0.000,328.323,107.366,330.916,301.351,102.698,301.870,330.916,18.904,311.464,6.15432,18.886,311.463,6.15142,2
16634,406504,10,3,3,0,0,0,0,4,0,0,309.991,2.066,6.15159,-0.000,328.323,107.366,330.916,301.351,102.698,301.870,330.916,18.904,311.464,6.15427,18.887,311.464,6.15165,2
16634,406514,10,3,3,0,0,0,0,4,0,0,309.991,2.066,6.15167,-0.000,328.323,107.366,330.916,301.351,102.698,301.870,330.916,18.904,311.464,6.15435,18.886,311.464,6.15159,2
16649,406524,10,3,3,0,0,0,0,4,0,0,309.991,2.066,6.15179,-0.000,328.323,107.366,330.916,301.351,102.698,301.870,330.916,18.905,311.464,6.15446,18.887,311.464,6.15167,2
16665,406534,10,3,3,0,0,0,0,4,0,0,309.991,2.066,6.15180,-0.000,328.323,107.366,330.916,301.351,102.698,301.870,330.916,18.905,311.464,6.15448,18.887,311.464,6.15179,2
16665,406544,10,3,3,0,0,0,0,4,0,0,309.991,2.066,6.15212,-0.000,328.323,107.366,330.916,301.351,102.698,301.870,330.916,18.905,311.465,6.15480,18.887,311.464,6.15180,2
16680,406554,10,3,3,0,0,0,0,4,0,0,309.991,2.066,6.15205,-0.000,328.323,107.366,330.916,301.351,102.698,301.870,330.916,18.905,311.464,6.15473,18.887,311.464,6.15212,2
16680,406564,10,3,3,0,0,0,0,4,0,0,309.991,2.066,6.15200,-0.000,328.323,107.366,330.916,301.351,102.698,301.870,330.916,18.905,311.464,6.15467,18.887,311.464,6.15205,2
16695,406574,10,3,3,0,0,0,0,4,0,0,309.991,2.066,6.15217,-0.000,328.323,107.366,330.916,301.351,102.698,301.870,330.916,18.905,311.465,6.15484,18.887,311.464,6.15200,2
16710,406584,10,3,3,0,0,0,0,4,0,0,309.991,2.066,6.15201,-0.000,328.323,107.366,330.916,301.351,102.698,301.870,330.916,18.905,311.464,6.15469,18.887,311.464,6.15217,2
16726,406594,10,3,3,0,0,0,0,4,0,0,309.991,2.066,6.15201,-0.000,328.323,107.366,330.916,301.351,102.698,301.870,330.916,18.905,311.464,6.15469,18.887,311.464,6.15201,2
16726,406604,10,3,3,0,0,0,0,4,0,0,309.991,2.066,6.15206,-0.000,328.323,107.366,330.916,301.351,102.698,301.870,330.916,18.905,311.464,6.15473,18.887,311.464,6.15201,2
16741,406614,10,3,3,0,0,0,0,4,0,0,309.991,2.066,6.15204,-0.000,328.323,107.366,330.916,301.351,102.698,301.870,330.916,18.905,311.464,6.15472,18.887,311.464,6.15206,2
16741,406624,10,3,3,0,0,0,0,4,0,0,309.991,2.066,6.15208,-0.000,328.323,107.366,330.916,301.351,102.698,301.870,330.916,18.905,311.465,6.15476,18.887,311.464,6.15204,2
16772,406634,10,3,3,0,0,0,0,4,0,0,309.991,2.066,6.15203,-0.000,328.323,107.366,330.916,301.351,102.698,301.870,330.916,18.905,311.464,6.15471,18.887,311.464,6.15208,2
16772,406644,10,3,3,0,0,0,0,4,0,0,309.991,2.066,6.15193,-0.000,328.323,107.366,330.916,301.351,102.698,301.870,330.916,18.905,311.464,6.15460,18.887,311.464,6.15203,2
16772,406654,10,3,3,0,0,0,0,4,0,0,309.991,2.066,6.15187,-0.000,328.323,107.366,330.916,301.351,102.698,301.870,330.916,18.905,311.464,6.15454,18.887,311.464,6.15193,2
16788,406664,10,3,3,0,0,0,0,4,0,0,309.991,2.066,6.15176,-0.000,328.323,107.366,330.916,301.351,102.698,301.870,330.916,18.905,311.464,6.15443,18.887,311.464,6.15187,2
16803,406674,10,3,3,0,0,0,0,4,0,0,309.991,2.066,6.15169,-0.000,328.323,107.366,330.916,301.351,102.698,301.870,330.916,18.904,311.464,6.15436,18.887,311.464,6.15176,2
16803,406684,10,3,3,0,0,0,0,4,0,0,309.991,2.066,6.15192,-0.000,328.323,107.366,330.916,301.351,102.698,301.870,330.916,18.905,311.464,6.15459,18.887,311.464,6.15169,2
16819,406694,10,3,3,0,0,0,0,4,0,0,309.991,2.066,6.15206,-0.000,328.323,107.366,330.916,301.351,102.698,301.870,330.916,18.905,311.465,6.15474,18.887,311.464,6.15192,2
16835,406704,10,3,3,0,0,0,0,4,0,0,309.991,2.066,6.15200,-0.000,328.323,107.366,330.916,301.351,102.698,301.870,330.916,18.905,311.464,6.15468,18.887,311.464,6.15206,2
16835,406714,10,3,3,0,0,0,0,4,0,0,309.991,2.066,6.15198,-0.000,328.323,107.366,330.916,301.351,102.698,301.870,330.916,18.905,311.464,6.15465,18.887,311.464,6.15200,2
16850,406724,10,3,3,0,0,0,0,4,0,0,309.991,2.066,6.15193,-0.000,328.323,107.366,330.916,301.351,102.698,301.870,330.916,18.905,311.464,6.15460,18.887,311.464,6.15198,2
16850,406734,10,3,3,0,0,0,0,4,0,0,309.991,2.066,6.15196,-0.000,328.323,107.366,330.916,301.351,102.698,301.870,330.916,18.905,311.464,6.15464,18.887,311.464,6.15193,2
16866,406744,10,3,3,0,0,0,0,4,0,0,309.991,2.066,6.15207,-0.000,328.323,107.366,330.916,301.351,102.698,301.870,330.916,18.905,311.465,6.15474,18.887,311.464,6.15196,2
16882,406754,10,3,3,0,0,0,0,4,0,0,309.991,2.066,6.15196,-0.000,328.323,107.366,330.916,301.351,102.698,301.870,330.916,18.905,311.464,6.15463,18.887,311.464,6.15207,2
16882,406764,10,3,3,0,0,0,0,4,0,0,309.991,2.066,6.15186,-0.000,328.323,107.366,330.916,301.351,102.698,301.870,330.916,18.905,311.464,6.15454,18.887,311.464,6.15196,2
16897,406774,10,3,3,0,0,0,0,4,0,0,309.991,2.066,6.15171,-0.000,328.323,107.366,330.916,301.351,102.698,301.870,330.916,18.904,311.464,6.15438,18.887,311.464,6.15186,2
16913,406784,10,3,3,0,0,0,0,4,0,0,309.991,2.066,6.15157,-0.000,328.323,107.366,330.916,301.351,102.698,301.870,330.916,18.904,311.464,6.15425,18.887,311.464,6.15171,2
16913,406794,10,3,3,0,0,0,0,4,0,0,309.991,2.066,6.15141,-0.000,328.323,107.366,330.916,301.351,102.698,301.870,330.916,18.904,311.464,6.15409,18.886,311.464,6.15157,2
16928,406804,10,3,3,0,0,0,0,4,0,0,309.991,2.066,6.15169,-0.000,328.323,107.366,330.916,301.351,102.698,301.870,330.916,18.904,311.464,6.15436,18.886,311.464,6.15141,2
16944,406814,10,3,3,0,0,0,0,4,0,0,309.991,2.066,6.15145,-0.000,328.323,107.366,330.916,301.351,102.698,301.870,330.916,18.904,311.464,6.15412,18.887,311.464,6.15169,2
16944,406824,10,3,3,0,0,0,0,4,0,0,309.991,2.066,6.15128,-0.000,328.323,107.366,330.916,301.351,102.698,301.870,330.916,18.904,311.464,6.15395,18.886,311.464,6.15145,2
16960,406834,10,3,3,0,0,0,0,4,0,0,309.991,2.066,6.15121,-0.000,328.323,107.366,330.916,301.351,102.698,301.870,330.916,18.904,311.464,6.15388,18.886,311.464,6.15128,2
16975,406844,10,3,3,0,0,0,0,4,0,0,309.991,2.066,6.15108,-0.000,328.323,107.366,330.916,301.351,102.698,301.870,330.916,18.904,311.464,6.15376,18.886,311.463,6.15121,2
16975,406854,10,3,3,0,0,0,0,4,0,0,309.991,2.066,6.15127,-0.000,328.323,107.366,330.916,301.351,102.698,301.870,330.916,18.904,311.464,6.15395,18.886,311.463,6.15108,2
17007,406864,10,3,3,0,0,0,0,4,0,0,309.991,2.066,6.15137,-0.000,328.323,107.366,330.916,301.351,102.698,301.870,330.916,18.904,311.464,6.15405,18.886,311.464,6.15127,2
17007,406874,10,3,3,0,0,0,0,4,0,0,309.991,2.066,6.15155,-0.000,328.323,107.366,330.916,301.351,102.698,301.870,330.916,18.904,311.464,6.15422,18.886,311.464,6.15137,2
17007,406884,10,3,3,0,0,0,0,4,0,0,309.991,2.066,6.15151,-0.000,328.323,107.366,330.916,301.351,102.698,301.870,330.916,18.904,311.464,6.15419,18.886,311.464,6.15155,2
17022,406894,10,3,3,0,0,0,0,4,0,0,309.991,2.066,6.15128,-0.000,328.323,107.366,330.916,301.351,102.698,301.870,330.916,18.904,311.464,6.15395,18.886,311.464,6.15151,2
17022,406904,10,3,3,0,0,0,0,4,0,0,309.991,2.066,6.15125,-0.000,328.323,107.366,330.916,301.351,102.698,301.870,330.916,18.904,311.464,6.15393,18.886,311.463,6.15128,2
17038,406914,10,3,3,0,0,0,0,4,0,0,309.991,2.066,6.15150,-0.000,328.323,107.366,330.916,301.351,102.698,301.870,330.916,18.904,311.464,6.15418,18.886,311.463,6.15125,2
17054,406924,10,3,3,0,0,0,0,4,0,0,309.991,2.066,6.15156,-0.000,328.323,107.366,330.916,301.351,102.698,301.870,330.916,18.904,311.464,6.15424,18.886,311.464,6.15150,2
17054,406934,10,3,3,0,0,0,0,4,0,0,309.991,2.066,6.15172,-0.000,328.323,107.366,330.916,301.351,102.698,301.870,330.916,18.904,311.464,6.15440,18.886,311.464,6.15156,2
17069,406944,10,3,3,0,0,0,0,4,0,0,309.991,2.066,6.15184,-0.000,328.323,107.366,330.916,301.351,102.698,301.870,330.916,18.905,311.464,6.15452,18.887,311.464,6.15172,2
17085,406954,10,3,3,0,0,0,0,4,0,0,309.991,2.066,6.15202,-0.000,328.323,107.366,330.916,301.351,102.698,301.870,330.916,18.905,311.464,6.15470,18.887,311.464,6.15184,2
17085,406964,10,3,3,0,0,0,0,4,0,0,309.991,2.066,6.15199,-0.000,328.323,107.366,330.916,301.351,102.698,301.870,330.916,18.905,311.464,6.15466,18.887,311.464,6.15202,2
17101,406974,10,3,3,0,0,0,0,4,0,0,309.991,2.066,6.15199,-0.000,328.323,107.366,330.916,301.351,102.698,301.870,330.916,18.905,311.464,6.15467,18.887,311.464,6.15199,2
17101,406984,10,3,3,0,0,0,0,4,0,0,309.991,1.986,6.15191,-0.000,328.323,107.366,330.916,301.351,102.698,301.870,330.916,18.825,311.473,6.15458,18.887,311.464,6.15200,2
17117,406994,10,3,3,0,0,0,0,4,0,0,309.991,2.066,6.15186,-0.000,328.323,107.366,330.916,301.351,102.698,301.870,330.916,18.905,311.464,6.15454,18.808,311.472,6.15191,2
17132,407004,10,3,3,0,0,0,0,4,0,0,309.991,2.066,6.15194,-0.000,328.323,107.366,330.916,301.351,102.698,301.870,330.916,18.905,311.464,6.15462,18.887,311.464,6.15186,2
17132,407014,10,3,3,0,0,0,0,4,0,0,309.991,2.066,6.15170,-0.000,328.323,107.366,330.916,301.351,102.698,301.870,330.916,18.904,311.464,6.15438,18.887,311.464,6.15194,2
17147,407024,10,3,3,0,0,0,0,4,0,0,309.991,2.066,6.15175,-0.000,328.323,107.366,330.916,301.351,102.698,301.870,330.916,18.905,311.464,6.15443,18.887,311.464,6.15170,2
17163,407034,10,3,3,0,0,0,0,4,0,0,309.991,2.066,6.15161,-0.000,328.323,107.366,330.916,301.351,102.698,301.870,330.916,18.904,311.464,6.15429,18.887,311.464,6.15175,2
17163,407044,10,3,3,0,0,0,0,4,0,0,309.991,2.066,6.15152,-0.000,328.323,107.366,330.916,301.351,102.698,301.870,330.916,18.904,311.464,6.15420,18.886,311.464,6.15161,2
17194,407054,10,3,3,0,0,0,0,4,0,0,309.991,2.066,6.15157,-0.000,328.323,107.366,330.916,301.351,102.698,301.870,330.916,18.904,311.464,6.15425,18.886,311.464,6.15152,2
17194,407064,10,3,3,0,0,0,0,4,0,0,309.991,2.066,6.15166,-0.000,328.323,107.366,330.916,301.351,102.698,301.870,330.916,18.904,311.464,6.15434,18.886,311.464,6.15157,2
17194,407074,10,3,3,0,0,0,0,4,0,0,309.991,2.066,6.15155,-0.000,328.323,107.366,330.916,301.351,102.698,301.870,330.916,18.904,311.464,6.15422,18.887,311.464,6.15166,2
17210,407084,10,3,3,0,0,0,0,4,0,0,309.991,2.066,6.15145,-0.000,328.323,107.366,330.916,301.351,102.698,301.870,330.916,18.904,311.464,6.15413,18.886,311.464,6.15155,2
17210,407094,10,3,3,0,0,0,0,4,0,0,309.991,2.066,6.15146,-0.000,328.323,107.366,330.916,301.351,102.698,301.870,330.916,18.904,311.464,6.15414,18.886,311.464,6.15145,2
17225,407104,10,3,3,0,0,0,0,4,0,0,309.991,2.066,6.15161,-0.000,328.323,107.366,330.916,301.351,102.698,301.870,330.916,18.904,311.464,6.15428,18.886,311.464,6.15146,2
17241,407114,10,3,3,0,0,0,0,4,0,0,309.991,2.066,6.15155,-0.000,328.323,107.366,330.916,301.351,102.698,301.870,330.916,18.904,311.464,6.15422,18.886,311.464,6.15161,2
17241,407124,10,3,3,0,0,0,0,4,0,0,309.991,2.066,6.15158,-0.000,328.323,107.366,330.916,301.351,102.698,301.870,330.916,18.904,311.464,6.15426,18.886,311.464,6.15155,2
17272,407134,10,3,3,0,0,0,0,4,0,0,309.991,2.066,6.15166,-0.000,328.323,107.366,330.916,301.351,102.698,301.870,330.916,18.904,311.464,6.15434,18.886,311.464,6.15158,2
17272,407144,10,3,3,0,0,0,0,4,0,0,309.991,2.066,6.15169,-0.000,328.323,107.366,330.916,301.351,102.698,301.870,330.916,18.904,311.464,6.15437,18.887,311.464,6.15166,2
17272,407154,10,3,3,0,0,0,0,4,0,0,309.991,2.066,6.15167,-0.000,328.323,107.366,330.916,301.351,102.698,301.870,330.916,18.904,311.464,6.15435,18.887,311.464,6.15169,2
17288,407164,10,3,3,0,0,0,0,4,0,0,309.991,2.066,6.15149,-0.000,328.323,107.366,330.916,301.351,102.698,301.870,330.916,18.904,311.464,6.15417,18.887,311.464,6.15167,2
17318,407174,10,3,3,0,0,0,0,4,0,0,309.991,2.066,6.15150,-0.000,328.323,107.366,330.916,301.351,102.698,301.870,330.916,18.904,311.464,6.15418,18.886,311.464,6.15149,2
17318,407184,10,3,3,0,0,0,0,4,0,0,309.991,2.066,6.15151,-0.000,328.323,107.366,330.916,301.351,102.698,301.870,330.916,18.904,311.464,6.15418,18.886,311.464,6.15150,2
17318,407194,10,3,3,0,0,0,0,4,0,0,309.991,2.066,6.15166,-0.000,328.323,107.366,330.916,301.351,102.698,301.870,330.916,18.904,311.464,6.15434,18.886,311.464,6.15151,2
17350,407204,10,3,3,0,0,0,0,4,0,0,309.991,2.066,6.15163,-0.000,328.323,107.366,330.916,301.351,102.698,301.870,330.916,18.904,311.464,6.15430,18.887,311.464,6.15166,2
17350,407214,10,3,3,0,0,0,0,4,0,0,309.991,2.066,6.15162,-0.000,328.323,107.366,330.916,301.351,102.698,301.870,330.916,18.904,311.464,6.15429,18.886,311.464,6.15163,2
17350,407224,10,3,3,0,0,0,0,4,0,0,309.991,2.066,6.15148,-0.000,328.323,107.366,330.916,301.351,102.698,301.870,330.916,18.904,311.464,6.15415,18.886,311.464,6.15162,2
17366,407234,10,3,3,0,0,0,0,4,0,0,309.991,2.066,6.15165,-0.000,328.323,107.366,330.916,301.351,102.698,301.870,330.916,18.904,311.464,6.15433,18.886,311.464,6.15147,2
17366,407244,10,3,3,0,0,0,0,4,0,0,309.991,2.066,6.15189,-0.000,328.323,107.366,330.916,301.351,102.698,301.870,330.916,18.905,311.464,6.15456,18.887,311.464,6.15165,2
17397,407254,10,3,3,0,0,0,0,4,0,0,309.991,2.066,6.15192,-0.000,328.323,107.366,330.916,301.351,102.698,301.870,330.916,18.905,311.464,6.15459,18.887,311.464,6.15189,2
17397,407264,10,3,3,0,0,0,0,4,0,0,309.991,2.066,6.15194,-0.000,328.323,107.366,330.916,301.351,102.698,301.870,330.916,18.905,311.464,6.15461,18.887,311.464,6.15192,2
17397,407274,10,3,3,0,0,0,0,4,0,0,309.991,2.066,6.15161,-0.000,328.323,107.366,330.916,301.351,102.698,301.870,330.916,18.904,311.464,6.15429,18.887,311.464,6.15194,2
17428,407284,10,3,3,0,0,0,0,4,0,0,309.991,2.066,6.15163,-0.000,328.323,107.366,330.916,301.351,102.698,301.870,330.916,18.904,311.464,6.15430,18.886,311.464,6.15161,2
17428,407294,10,3,3,0,0,0,0,4,0,0,309.991,2.066,6.15179,-0.000,328.323,107.366,330.916,301.351,102.698,301.870,330.916,18.905,311.464,6.15447,18.886,311.464,6.15163,2
17428,407304,10,3,3,0,0,0,0,4,0,0,309.991,2.066,6.15172,-0.000,328.323,107.366,330.916,301.351,102.698,301.870,330.916,18.904,311.464,6.15439,18.887,311.464,6.15179,2
17444,407314,10,3,3,0,0,0,0,4,0,0,309.991,2.066,6.15151,-0.000,328.323,107.366,330.916,301.351,102.698,301.870,330.916,18.904,311.464,6.15419,18.887,311.464,6.15172,2
17444,407324,10,3,3,0,0,0,0,4,0,0,309.991,2.066,6.15152,-0.000,328.323,107.366,330.916,301.351,102.698,301.870,330.916,18.904,311.464,6.15420,18.886,311.464,6.15151,2
17476,407334,10,3,3,0,0,0,0,4,0,0,309.991,2.066,6.15156,-0.000,328.323,107.366,330.916,301.351,102.698,301.870,330.916,18.904,311.464,6.15423,18.886,311.464,6.15152,2
17476,407344,10,3,3,0,0,0,0,4,0,0,309.991,2.066,6.15160,-0.000,328.323,107.366,330.916,301.351,102.698,301.870,330.916,18.904,311.464,6.15428,18.886,311.464,6.15156,2
17476,407354,10,3,3,0,0,0,0,4,0,0,309.991,2.066,6.15159,-0.000,328.323,107.366,330.916,301.351,102.698,301.870,330.916,18.904,311.464,6.15427,18.886,311.464,6.15160,2
17491,407364,10,3,3,0,0,0,0,4,0,0,309.991,2.066,6.15154,-0.000,328.323,107.366,330.916,301.351,102.698,301.870,330.916,18.904,311.464,6.15422,18.886,311.464,6.15159,2
17491,407374,10,3,3,0,0,0,0,4,0,0,309.991,2.066,6.15163,-0.000,328.323,107.366,330.916,301.351,102.698,301.870,330.916,18.904,311.464,6.15431,18.886,311.464,6.15154,2
17506,407384,10,3,3,0,0,0,0,4,0,0,309.991,2.066,6.15122,-0.000,328.323,107.366,330.916,301.351,102.698,301.870,330.916,18.904,311.464,6.15390,18.886,311.464,6.15163,2
17522,407394,10,3,3,0,0,0,0,4,0,0,309.991,2.066,6.15126,-0.000,328.323,107.366,330.916,301.351,102.698,301.870,330.916,18.904,311.464,6.15394,18.886,311.464,6.15122,2
17522,407404,10,3,3,0,0,0,0,4,0,0,309.991,2.066,6.15151,-0.000,328.323,107.366,330.916,301.351,102.698,301.870,330.916,18.904,311.464,6.15418,18.886,311.464,6.15126,2
17538,407414,10,3,3,0,0,0,0,4,0,0,309.991,2.066,6.15158,-0.000,328.323,107.366,330.916,301.351,102.698,301.870,330.916,18.904,311.464,6.15426,18.886,311.464,6.15151,2
17569,407424,10,3,3,0,0,0,0,4,0,0,309.991,2.066,6.15140,-0.000,328.323,107.366,330.916,301.351,102.698,301.870,330.916,18.904,311.464,6.15408,18.886,311.464,6.15158,2
17569,407434,10,3,3,0,0,0,0,4,0,0,309.991,2.066,6.15147,-0.000,328.323,107.366,330.916,301.351,102.698,301.870,330.916,18.904,311.464,6.15414,18.886,311.464,6.15140,2
17569,407444,10,3,3,0,0,0,0,4,0,0,309.991,2.066,6.15152,-0.000,328.323,107.366,330.916,301.351,102.698,301.870,330.916,18.904,311.464,6.15419,18.886,311.464,6.15147,2
17599,407454,10,3,3,0,0,0,0,4,0,0,309.991,2.066,6.15137,-0.000,328.323,107.366,330.916,301.351,102.698,301.870,330.916,18.904,311.464,6.15405,18.886,311.464,6.15152,2
17599,407464,10,3,3,0,0,0,0,4,0,0,309.991,2.066,6.15118,-0.000,328.323,107.366,330.916,301.351,102.698,301.870,330.916,18.904,311.464,6.15385,18.886,311.464,6.15137,2
17599,407474,10,3,3,0,0,0,0,4,0,0,309.991,2.066,6.15125,-0.000,328.323,107.366,330.916,301.351,102.698,301.870,330.916,18.904,311.464,6.15393,18.886,311.464,6.15118,2
17631,407484,10,3,3,0,0,0,0,4,0,0,309.991,2.066,6.15120,-0.000,328.323,107.366,330.916,301.351,102.698,301.870,330.916,18.904,311.464,6.15387,18.886,311.464,6.15125,2
17631,407494,10,3,3,0,0,0,0,4,0,0,309.991,2.066,6.15125,-0.000,328.323,107.366,330.916,301.351,102.698,301.870,330.916,18.904,311.464,6.15392,18.886,311.464,6.15120,2
17631,407504,10,3,3,0,0,0,0,4,0,0,309.991,2.066,6.15134,-0.000,328.323,107.366,330.916,301.351,102.698,301.870,330.916,18.904,311.464,6.15401,18.886,311.464,6.15125,2
17631,407514,10,3,3,0,0,0,0,4,0,0,309.991,2.066,6.15153,-0.000,328.323,107.366,330.916,301.351,102.698,301.870,330.916,18.904,311.464,6.15421,18.886,311.464,6.15134,2
17662,407524,10,3,3,0,0,0,0,4,0,0,309.991,2.066,6.15151,-0.000,328.323,107.366,330.916,301.351,102.698,301.870,330.916,18.904,311.464,6.15419,18.886,311.464,6.15153,2
17662,407534,10,3,3,0,0,0,0,4,0,0,309.991,2.066,6.15176,-0.000,328.323,107.366,330.916,301.351,102.698,301.870,330.916,18.905,311.464,6.15443,18.886,311.464,6.15151,2
17662,407544,10,3,3,0,0,0,0,4,0,0,309.991,2.066,6.15167,-0.000,328.323,107.366,330.916,301.351,102.698,301.870,330.916,18.904,311.464,6.15434,18.887,311.464,6.15176,2
17692,407554,10,3,3,0,0,0,0,4,0,0,309.991,2.066,6.15161,-0.000,328.323,107.366,330.916,301.351,102.698,301.870,330.916,18.904,311.464,6.15429,18.887,311.464,6.15167,2
17692,407564,10,3,3,0,0,0,0,4,0,0,309.991,2.066,6.15144,-0.000,328.323,107.366,330.916,301.351,102.698,301.870,330.916,18.904,311.464,6.15412,18.886,311.464,6.15161,2
17692,407574,10,3,3,0,0,0,0,4,0,0,309.991,2.066,6.15137,-0.000,328.323,107.366,330.916,301.351,102.698,301.870,330.916,18.904,311.464,6.15405,18.886,311.464,6.15144,2
17708,407584,10,3,3,0,0,0,0,4,0,0,309.991,2.066,6.15146,-0.000,328.323,107.366,330.916,301.351,102.698,301.870,330.916,18.904,311.464,6.15414,18.886,311.464,6.15137,2
17724,407594,10,3,3,0,0,0,0,4,0,0,309.991,2.066,6.15158,-0.000,328.323,107.366,330.916,301.351,102.698,301.870,330.916,18.904,311.464,6.15425,18.886,311.464,6.15146,2
17724,407604,10,3,3,0,0,0,0,4,0,0,309.991,2.066,6.15151,-0.000,328.323,107.366,330.916,301.351,102.698,301.870,330.916,18.904,311.464,6.15419,18.886,311.464,6.15158,2
17739,407614,10,3,3,0,0,0,0,4,0,0,309.991,2.066,6.15180,-0.000,328.323,107.366,330.916,301.351,102.698,301.870,330.916,18.905,311.464,6.15448,18.886,311.464,6.15151,2
17754,407624,10,3,3,0,0,0,0,4,0,0,309.991,2.066,6.15175,-0.000,328.323,107.366,330.916,301.351,102.698,301.870,330.916,18.905,311.464,6.15443,18.887,311.464,6.15180,2
17754,407634,10,3,3,0,0,0,0,4,0,0,309.991,2.066,6.15155,-0.000,328.323,107.366,330.916,301.351,102.698,301.870,330.916,18.904,311.464,6.15423,18.887,311.464,6.15175,2
17770,407644,10,3,3,0,0,0,0,4,0,0,309.991,2.066,6.15172,-0.000,328.323,107.366,330.916,301.351,102.698,301.870,330.916,18.904,311.464,6.15440,18.886,311.464,6.15155,2
17770,407654,10,3,3,0,0,0,0,4,0,0,309.991,2.066,6.15153,-0.000,328.323,107.366,330.916,301.351,102.698,301.870,330.916,18.904,311.464,6.15421,18.887,311.464,6.15172,2
17786,407664,10,3,3,0,0,0,0,4,0,0,309.991,2.066,6.15139,-0.000,328.323,107.366,330.916,301.351,102.698,301.870,330.916,18.904,311.464,6.15407,18.886,311.464,6.15153,2
17802,407674,10,3,3,0,0,0,0,4,0,0,309.991,2.066,6.15143,-0.000,328.323,107.366,330.916,301.351,102.698,301.870,330.916,18.904,311.464,6.15410,18.886,311.464,6.15139,2
17802,407684,10,3,3,0,0,0,0,4,0,0,309.991,2.066,6.15152,-0.000,328.323,107.366,330.916,301.351,102.698,301.870,330.916,18.904,311.464,6.15420,18.886,311.464,6.15143,2
17817,407694,10,3,3,0,0,0,0,4,0,0,309.991,2.066,6.15177,-0.000,328.323,107.366,330.916,301.351,102.698,301.870,330.916,18.905,311.464,6.15444,18.886,311.464,6.15152,2
17832,407704,10,3,3,0,0,0,0,4,0,0,309.991,2.066,6.15173,-0.000,328.323,107.366,330.916,301.351,102.698,301.870,330.916,18.904,311.464,6.15441,18.887,311.464,6.15177,2
17832,407714,10,3,3,0,0,0,0,4,0,0,309.991,2.066,6.15160,-0.000,328.323,107.366,330.916,301.351,102.698,301.870,330.916,18.904,311.464,6.15428,18.887,311.464,6.15173,2
17848,407724,10,3,3,0,0,0,0,4,0,0,309.991,2.066,6.15162,-0.000,328.323,107.366,330.916,301.351,102.698,301.870,330.916,18.904,311.464,6.15430,18.886,311.464,6.15160,2
17865,407734,10,3,3,0,0,0,0,4,0,0,309.991,2.066,6.15149,-0.000,328.323,107.366,330.916,301.351,102.698,301.870,330.916,18.904,311.464,6.15416,18.886,311.464,6.15162,2
17865,407744,10,3,3,0,0,0,0,4,0,0,309.991,2.066,6.15155,-0.000,328.323,107.366,330.916,301.351,102.698,301.870,330.916,18.904,311.464,6.15422,18.886,311.464,6.15149,2
17881,407754,10,3,3,0,0,0,0,4,0,0,309.991,2.066,6.15151,-0.000,328.323,107.366,330.916,301.351,102.698,301.870,330.916,18.904,311.464,6.15418,18.886,311.464,6.15155,2
17881,407764,10,3,3,0,0,0,0,4,0,0,309.991,2.066,6.15153,-0.000,328.323,107.366,330.916,301.351,102.698,301.870,330.916,18.904,311.464,6.15421,18.886,311.464,6.15151,2
17899,407774,10,3,3,0,0,0,0,4,0,0,309.991,2.066,6.15169,-0.000,328.323,107.366,330.916,301.351,102.698,301.870,330.916,18.904,311.464,6.15436,18.886,311.464,6.15153,2
17927,407784,10,3,3,0,0,0,0,4,0,0,309.991,2.066,6.15156,-0.000,328.323,107.366,330.916,301.351,102.698,301.870,330.916,18.904,311.464,6.15424,18.887,311.464,6.15169,2
17927,407794,10,3,3,0,0,0,0,4,0,0,309.991,2.066,6.15153,-0.000,328.323,107.366,330.916,301.351,102.698,301.870,330.916,18.904,311.464,6.15421,18.886,311.464,6.15156,2
17927,407804,10,3,3,0,0,0,0,4,0,0,309.991,2.066,6.15149,-0.000,328.323,107.366,330.916,301.351,102.698,301.870,330.916,18.904,311.464,6.15416,18.886,311.464,6.15153,2
17959,407814,10,3,3,0,0,0,0,4,0,0,309.991,2.066,6.15153,-0.000,328.323,107.366,330.916,301.351,102.698,301.870,330.916,18.904,311.464,6.15421,18.886,311.464,6.15149,2
17959,407824,10,3,3,0,0,0,0,4,0,0,309.991,2.066,6.15152,-0.000,328.323,107.366,330.916,301.351,102.698,301.870,330.916,18.904,311.464,6.15419,18.886,311.464,6.15153,2
17959,407834,10,3,3,0,0,0,0,4,0,0,309.991,2.066,6.15156,-0.000,328.323,107.366,330.916,301.351,102.698,301.870,330.916,18.904,311.464,6.15423,18.886,311.464,6.15152,2
17990,407844,10,3,3,0,0,0,0,4,0,0,309.991,2.066,6.15159,-0.000,328.323,107.366,330.916,301.351,102.698,301.870,330.916,18.904,311.464,6.15427,18.886,311.464,6.15156,2
17990,407854,10,3,3,0,0,0,0,4,0,0,309.991,2.066,6.15148,-0.000,328.323,107.366,330.916,301.351,102.698,301.870,330.916,18.904,311.464,6.15416,18.886,311.464,6.15159,2
17990,407864,10,3,3,0,0,0,0,4,0,0,309.991,2.066,6.15174,-0.000,328.323,107.366,330.916,301.351,102.698,301.870,330.916,18.904,311.464,6.15441,18.886,311.464,6.15148,2
18007,407874,10,3,3,0,0,0,0,4,0,0,309.991,2.066,6.15184,-0.000,328.323,107.366,330.916,301.351,102.698,301.870,330.916,18.905,311.464,6.15451,18.887,311.464,6.15174,2
18007,407884,10,3,3,0,0,0,0,4,0,0,309.991,2.066,6.15182,-0.000,328.323,107.366,330.916,301.351,102.698,301.870,330.916,18.905,311.464,6.15450,18.887,311.464,6.15184,2
18022,407894,10,3,3,0,0,0,0,4,0,0,309.991,2.066,6.15192,-0.000,328.323,107.366,330.916,301.351,102.698,301.870,330.916,18.905,311.464,6.15459,18.887,311.464,6.15182,2
18022,407904,10,3,3,0,0,0,0,4,0,0,309.991,2.066,6.15209,-0.000,328.323,107.366,330.916,301.351,102.698,301.870,330.916,18.905,311.465,6.15476,18.887,311.464,6.15192,2
18038,407914,10,3,3,0,0,0,0,4,0,0,309.991,2.066,6.15191,-0.000,328.323,107.366,330.916,301.351,102.698,301.870,330.916,18.905,311.464,6.15458,18.887,311.464,6.15209,2
18068,407924,10,3,3,0,0,0,0,4,0,0,309.991,2.066,6.15215,-0.000,328.323,107.366,330.916,301.351,102.698,301.870,330.916,18.905,311.465,6.15483,18.887,311.464,6.15191,2
18068,407934,10,3,3,0,0,0,0,4,0,0,309.991,2.066,6.15218,-0.000,328.323,107.366,330.916,301.351,102.698,301.870,330.916,18.905,311.465,6.15485,18.887,311.464,6.15215,2
18068,407944,10,3,3,0,0,0,0,4,0,0,309.991,2.066,6.15200,-0.000,328.323,107.366,330.916,301.351,102.698,301.870,330.916,18.905,311.464,6.15468,18.887,311.464,6.15218,2
18100,407954,10,3,3,0,0,0,0,4,0,0,309.991,2.066,6.15177,-0.000,328.323,107.366,330.916,301.351,102.698,301.870,330.916,18.905,311.464,6.15445,18.887,311.464,6.15200,2
18100,407964,10,3,3,0,0,0,0,4,0,0,309.991,2.066,6.15175,-0.000,328.323,107.366,330.916,301.351,102.698,301.870,330.916,18.905,311.464,6.15442,18.887,311.464,6.15177,2
18100,407974,10,3,3,0,0,0,0,4,0,0,309.991,2.066,6.15166,-0.000,328.323,107.366,330.916,301.351,102.698,301.870,330.916,18.904,311.464,6.15434,18.887,311.464,6.15175,2
18100,407984,10,3,3,0,0,0,0,4,0,0,309.991,2.066,6.15141,-0.000,328.323,107.366,330.916,301.351,102.698,301.870,330.916,18.904,311.464,6.15409,18.887,311.464,6.15166,2
18116,407994,10,3,3,0,0,0,0,4,0,0,309.991,2.066,6.15142,-0.000,328.323,107.366,330.916,301.351,102.698,301.870,330.916,18.904,311.464,6.15409,18.886,311.464,6.15141,2
18132,408004,10,3,3,0,0,0,0,4,0,0,309.991,2.066,6.15129,-0.000,328.323,107.366,330.916,301.351,102.698,301.870,330.916,18.904,311.464,6.15396,18.886,311.464,6.15142,2
18132,408014,10,3,3,0,0,0,0,4,0,0,309.991,2.066,6.15116,-0.000,328.323,107.366,330.916,301.351,102.698,301.870,330.916,18.904,311.464,6.15383,18.886,311.464,6.15129,2
18147,408024,10,3,3,0,0,0,0,4,0,0,309.991,2.066,6.15120,-0.000,328.323,107.366,330.916,301.351,102.698,301.870,330.916,18.904,311.464,6.15388,18.886,311.464,6.15116,2
18163,408034,10,3,3,0,0,0,0,4,0,0,309.991,2.066,6.15107,-0.000,328.323,107.366,330.916,301.351,102.698,301.870,330.916,18.904,311.464,6.15375,18.886,311.464,6.15120,2
18163,408044,10,3,3,0,0,0,0,4,0,0,309.991,2.066,6.15120,-0.000,328.323,107.366,330.916,301.351,102.698,301.870,330.916,18.904,311.464,6.15388,18.886,311.464,6.15107,2
18179,408054,10,3,3,0,0,0,0,4,0,0,309.991,2.066,6.15119,-0.000,328.323,107.366,330.916,301.351,102.698,301.870,330.916,18.904,311.464,6.15387,18.886,311.464,6.15120,2
18194,408064,10,3,3,0,0,0,0,4,0,0,309.991,2.066,6.15119,-0.000,328.323,107.366,330.916,301.351,102.698,301.870,330.916,18.904,311.464,6.15387,18.886,311.464,6.15120,2
18194,408074,10,3,3,0,0,0,0,4,0,0,309.991,2.066,6.15117,-0.000,328.323,107.366,330.916,301.351,102.698,301.870,330.916,18.904,311.464,6.15384,18.886,311.464,6.15119,2
18210,408084,10,3,3,0,0,0,0,4,0,0,309.991,2.066,6.15114,-0.000,328.323,107.366,330.916,301.351,102.698,301.870,330.916,18.904,311.464,6.15381,18.886,311.464,6.15117,2
18210,408094,10,3,3,0,0,0,0,4,0,0,309.991,2.066,6.15110,-0.000,328.323,107.366,330.916,301.351,102.698,301.870,330.916,18.904,311.464,6.15378,18.886,311.464,6.15114,2
18226,408104,10,3,3,0,0,0,0,4,0,0,309.991,2.066,6.15119,-0.000,328.323,107.366,330.916,301.351,102.698,301.870,330.916,18.904,311.464,6.15386,18.886,311.464,6.15110,2
18241,408114,10,3,3,0,0,0,0,4,0,0,309.991,2.066,6.15130,-0.000,328.323,107.366,330.916,301.351,102.698,301.870,330.916,18.904,311.464,6.15398,18.886,311.464,6.15119,2
18241,408124,10,3,3,0,0,0,0,4,0,0,309.991,2.066,6.15143,-0.000,328.323,107.366,330.916,301.351,102.698,301.870,330.916,18.904,311.464,6.15411,18.886,311.464,6.15130,2
18256,408134,10,3,3,0,0,0,0,4,0,0,309.991,2.066,6.15155,-0.000,328.323,107.366,330.916,301.351,102.698,301.870,330.916,18.904,311.464,6.15423,18.886,311.464,6.15143,2
18272,408144,10,3,3,0,0,0,0,4,0,0,309.991,2.066,6.15170,-0.000,328.323,107.366,330.916,301.351,102.698,301.870,330.916,18.904,311.464,6.15437,18.886,311.464,6.15155,2
18272,408154,10,3,3,0,0,0,0,4,0,0,309.991,2.066,6.15157,-0.000,328.323,107.366,330.916,301.351,102.698,301.870,330.916,18.904,311.464,6.15425,18.887,311.464,6.15170,2
18288,408164,10,3,3,0,0,0,0,4,0,0,309.991,2.066,6.15167,-0.000,328.323,107.366,330.916,301.351,102.698,301.870,330.916,18.904,311.464,6.15435,18.886,311.464,6.15157,2
18304,408174,10,3,3,0,0,0,0,4,0,0,309.991,2.066,6.15154,-0.000,328.323,107.366,330.916,301.351,102.698,301.870,330.916,18.904,311.464,6.15421,18.887,311.464,6.15167,2
18304,408184,10,3,3,0,0,0,0,4,0,0,309.991,2.066,6.15168,-0.000,328.323,107.366,330.916,301.351,102.698,301.870,330.916,18.904,311.464,6.15436,18.886,311.464,6.15154,2
18320,408194,10,3,3,0,0,0,0,4,0,0,309.991,2.066,6.15176,-0.000,328.323,107.366,330.916,301.351,102.698,301.870,330.916,18.905,311.464,6.15444,18.887,311.464,6.15168,2
18335,408204,10,3,3,0,0,0,0,4,0,0,309.991,2.066,6.15162,-0.000,328.323,107.366,330.916,301.351,102.698,301.870,330.916,18.904,311.464,6.15429,18.887,311.464,6.15176,2
18335,408214,10,3,3,0,0,0,0,4,0,0,309.991,2.066,6.15150,-0.000,328.323,107.366,330.916,301.351,102.698,301.870,330.916,18.904,311.464,6.15418,18.886,311.464,6.15162,2
18350,408224,10,3,3,0,0,0,0,4,0,0,309.991,2.066,6.15168,-0.000,328.323,107.366,330.916,301.351,102.698,301.870,330.916,18.904,311.464,6.15436,18.886,311.464,6.15150,2
18366,408234,10,3,3,0,0,0,0,4,0,0,309.991,2.066,6.15144,-0.000,328.323,107.366,330.916,301.351,102.698,301.870,330.916,18.904,311.464,6.15412,18.887,311.464,6.15168,2
18366,408244,10,3,3,0,0,0,0,4,0,0,309.991,2.066,6.15155,-0.000,328.323,107.366,330.916,301.351,102.698,301.870,330.916,18.904,311.464,6.15423,18.886,311.464,6.15144,2
18397,408254,10,3,3,0,0,0,0,4,0,0,309.991,2.066,6.15155,-0.000,328.323,107.366,330.916,301.351,102.698,301.870,330.916,18.904,311.464,6.15423,18.886,311.464,6.15155,2
18397,408264,10,3,3,0,0,0,0,4,0,0,309.991,2.066,6.15147,-0.000,328.323,107.366,330.916,301.351,102.698,301.870,330.916,18.904,311.464,6.15414,18.886,311.464,6.15155,2
18397,408274,10,3,3,0,0,0,0,4,0,0,309.991,2.066,6.15144,-0.000,328.323,107.366,330.916,301.351,102.698,301.870,330.916,18.904,311.464,6.15412,18.886,311.464,6.15147,2
18413,408284,10,3,3,0,0,0,0,4,0,0,309.991,2.066,6.15166,-0.000,328.323,107.366,330.916,301.351,102.698,301.870,330.916,18.904,311.464,6.15433,18.886,311.464,6.15144,2
18413,408294,10,3,3,0,0,0,0,4,0,0,309.991,2.066,6.15151,-0.000,328.323,107.366,330.916,301.351,102.698,301.870,330.916,18.904,311.464,6.15419,18.887,311.464,6.15166,2
18429,408304,10,3,3,0,0,0,0,4,0,0,309.991,2.066,6.15150,-0.000,328.323,107.366,330.916,301.351,102.698,301.870,330.916,18.904,311.464,6.15418,18.886,311.464,6.15151,2
18444,408314,10,3,3,0,0,0,0,4,0,0,309.991,2.066,6.15134,-0.000,328.323,107.366,330.916,301.351,102.698,301.870,330.916,18.904,311.464,6.15402,18.886,311.464,6.15150,2
18444,408324,10,3,3,0,0,0,0,4,0,0,309.991,2.066,6.15123,-0.000,328.323,107.366,330.916,301.351,102.698,301.870,330.916,18.904,311.464,6.15391,18.886,311.464,6.15134,2
18460,408334,10,3,3,0,0,0,0,4,0,0,309.991,2.066,6.15116,-0.000,328.323,107.366,330.916,301.351,102.698,301.870,330.916,18.904,311.464,6.15384,18.886,311.464,6.15123,2
18460,408344,10,3,3,0,0,0,0,4,0,0,309.991,2.066,6.15140,-0.000,328.323,107.366,330.916,301.351,102.698,301.870,330.916,18.904,311.464,6.15408,18.886,311.464,6.15116,2
18476,408354,10,3,3,0,0,0,0,4,0,0,309.991,2.066,6.15132,-0.000,328.323,107.366,330.916,301.351,102.698,301.870,330.916,18.904,311.464,6.15400,18.886,311.464,6.15140,2
18491,408364,10,3,3,0,0,0,0,4,0,0,309.991,2.066,6.15140,-0.000,328.323,107.366,330.916,301.351,102.698,301.870,330.916,18.904,311.464,6.15408,18.886,311.464,6.15132,2
18491,408374,10,3,3,0,0,0,0,4,0,0,309.991,2.066,6.15134,-0.000,328.323,107.366,330.916,301.351,102.698,301.870,330.916,18.904,311.464,6.15401,18.886,311.464,6.15140,2
18507,408384,10,3,3,0,0,0,0,4,0,0,309.991,2.066,6.15137,-0.000,328.323,107.366,330.916,301.351,102.698,301.870,330.916,18.904,311.464,6.15405,18.886,311.464,6.15134,2
18524,408394,10,3,3,0,0,0,0,4,0,0,309.991,2.066,6.15134,-0.000,328.323,107.366,330.916,301.351,102.698,301.870,330.916,18.904,311.464,6.15401,18.886,311.464,6.15137,2
18524,408404,10,3,3,0,0,0,0,4,0,0,309.991,2.066,6.15125,-0.000,328.323,107.366,330.916,301.351,102.698,301.870,330.916,18.904,311.464,6.15393,18.886,311.464,6.15134,2
18539,408414,10,3,3,0,0,0,0,4,0,0,309.991,2.066,6.15130,-0.000,328.323,107.366,330.916,301.351,102.698,301.870,330.916,18.904,311.464,6.15397,18.886,311.464,6.15125,2
18554,408424,10,3,3,0,0,0,0,4,0,0,309.991,2.066,6.15151,-0.000,328.323,107.366,330.916,301.351,102.698,301.870,330.916,18.904,311.464,6.15419,18.886,311.464,6.15130,2
18554,408434,10,3,3,0,0,0,0,4,0,0,309.991,2.066,6.15198,-0.000,328.323,107.366,330.916,301.351,102.698,301.870,330.916,18.905,311.464,6.15465,18.886,311.464,6.15151,2
18570,408444,10,3,3,0,0,0,0,4,0,0,309.991,2.066,6.15212,-0.000,328.323,107.366,330.916,301.351,102.698,301.870,330.916,18.905,311.465,6.15479,18.887,311.464,6.15198,2
18586,408454,10,3,3,0,0,0,0,4,0,0,309.991,2.066,6.15204,-0.000,328.323,107.366,330.916,301.351,102.698,301.870,330.916,18.905,311.464,6.15472,18.887,311.464,6.15212,2
18586,408464,10,3,3,0,0,0,0,4,0,0,309.991,2.066,6.15204,-0.000,328.323,107.366,330.916,301.351,102.698,301.870,330.916,18.905,311.464,6.15471,18.887,311.464,6.15204,2
18601,408474,10,3,3,0,0,0,0,4,0,0,309.991,2.066,6.15216,-0.000,328.323,107.366,330.916,301.351,102.698,301.870,330.916,18.905,311.465,6.15483,18.887,311.464,6.15204,2
18601,408484,10,3,3,0,0,0,0,4,0,0,309.991,2.066,6.15189,-0.000,328.323,107.366,330.916,301.351,102.698,301.870,330.916,18.905,311.464,6.15456,18.887,311.464,6.15216,2
18616,408494,10,3,3,0,0,0,0,4,0,0,309.991,2.066,6.15168,-0.000,328.323,107.366,330.916,301.351,102.698,301.870,330.916,18.904,311.464,6.15436,18.887,311.464,6.15189,2
18633,408504,10,3,3,0,0,0,0,4,0,0,309.991,2.066,6.15190,-0.000,328.323,107.366,330.916,301.351,102.698,301.870,330.916,18.905,311.464,6.15458,18.887,311.464,6.15168,2
18633,408514,10,3,3,0,0,0,0,4,0,0,309.991,2.066,6.15203,-0.000,328.323,107.366,330.916,301.351,102.698,301.870,330.916,18.905,311.464,6.15471,18.887,311.464,6.15190,2
18648,408524,10,3,3,0,0,0,0,4,0,0,309.991,2.066,6.15194,-0.000,328.323,107.366,330.916,301.351,102.698,301.870,330.916,18.905,311.464,6.15462,18.887,311.464,6.15203,2
18663,408534,10,3,3,0,0,0,0,4,0,0,309.991,2.066,6.15183,-0.000,328.323,107.366,330.916,301.351,102.698,301.870,330.916,18.905,311.464,6.15450,18.887,311.464,6.15194,2
18663,408544,10,3,3,0,0,0,0,4,0,0,309.991,2.066,6.15180,-0.000,328.323,107.366,330.916,301.351,102.698,301.870,330.916,18.905,311.464,6.15447,18.887,311.464,6.15183,2
18679,408554,10,3,3,0,0,0,0,4,0,0,309.991,2.066,6.15202,-0.000,328.323,107.366,330.916,301.351,102.698,301.870,330.916,18.905,311.464,6.15469,18.887,311.464,6.15180,2
18694,408564,10,3,3,0,0,0,0,4,0,0,309.991,2.066,6.15195,-0.000,328.323,107.366,330.916,301.351,102.698,301.870,330.916,18.905,311.464,6.15462,18.887,311.464,6.15202,2
18694,408574,10,3,3,0,0,0,0,4,0,0,309.991,2.066,6.15162,-0.000,328.323,107.366,330.916,301.351,102.698,301.870,330.916,18.904,311.464,6.15430,18.887,311.464,6.15195,2
18709,408584,10,3,3,0,0,0,0,4,0,0,309.991,2.066,6.15165,-0.000,328.323,107.366,330.916,301.351,102.698,301.870,330.916,18.904,311.464,6.15432,18.886,311.464,6.15162,2
18740,408594,10,3,3,0,0,0,0,4,0,0,309.991,2.066,6.15169,-0.000,328.323,107.366,330.916,301.351,102.698,301.870,330.916,18.904,311.464,6.15436,18.887,311.464,6.15165,2
18740,408604,10,3,3,0,0,0,0,4,0,0,309.991,2.066,6.15174,-0.000,328.323,107.366,330.916,301.351,102.698,301.870,330.916,18.904,311.464,6.15442,18.887,311.464,6.15169,2
18740,408614,10,3,3,0,0,0,0,4,0,0,309.991,2.066,6.15207,-0.000,328.323,107.366,330.916,301.351,102.698,301.870,330.916,18.905,311.465,6.15474,18.887,311.464,6.15174,2
18740,408624,10,3,3,0,0,0,0,4,0,0,309.991,2.066,6.15188,-0.000,328.323,107.366,330.916,301.351,102.698,301.870,330.916,18.905,311.464,6.15456,18.887,311.464,6.15207,2
18771,408634,10,3,3,0,0,0,0,4,0,0,309.991,2.066,6.15181,-0.000,328.323,107.366,330.916,301.351,102.698,301.870,330.916,18.905,311.464,6.15448,18.887,311.464,6.15188,2
18771,408644,10,3,3,0,0,0,0,4,0,0,309.991,2.066,6.15171,-0.000,328.323,107.366,330.916,301.351,102.698,301.870,330.916,18.904,311.464,6.15438,18.887,311.464,6.15181,2
18771,408654,10,3,3,0,0,0,0,4,0,0,309.991,2.066,6.15181,-0.000,328.323,107.366,330.916,301.351,102.698,301.870,330.916,18.905,311.464,6.15448,18.887,311.464,6.15171,2
18803,408664,10,3,3,0,0,0,0,4,0,0,309.991,2.066,6.15161,-0.000,328.323,107.366,330.916,301.351,102.698,301.870,330.916,18.904,311.464,6.15429,18.887,311.464,6.15181,2
18803,408674,10,3,3,0,0,0,0,4,0,0,309.991,2.066,6.15185,-0.000,328.323,107.366,330.916,301.351,102.698,301.870,330.916,18.905,311.464,6.15453,18.886,311.464,6.15161,2
18803,408684,10,3,3,0,0,0,0,4,0,0,309.991,2.066,6.15175,-0.000,328.323,107.366,330.916,301.351,102.698,301.870,330.916,18.905,311.464,6.15442,18.887,311.464,6.15185,2
18834,408694,10,3,3,0,0,0,0,4,0,0,309.991,2.066,6.15169,-0.000,328.323,107.366,330.916,301.351,102.698,301.870,330.916,18.904,311.464,6.15436,18.887,311.464,6.15175,2
18834,408704,10,3,3,0,0,0,0,4,0,0,309.991,2.066,6.15179,-0.000,328.323,107.366,330.916,301.351,102.698,301.870,330.916,18.905,311.464,6.15446,18.887,311.464,6.15169,2
18834,408714,10,3,3,0,0,0,0,4,0,0,309.991,2.066,6.15160,-0.000,328.323,107.366,330.916,301.351,102.698,301.870,330.916,18.904,311.464,6.15428,18.887,311.464,6.15179,2
18865,408724,10,3,3,0,0,0,0,4,0,0,309.991,2.066,6.15167,-0.000,328.323,107.366,330.916,301.351,102.698,301.870,330.916,18.904,311.464,6.15434,18.886,311.464,6.15160,2
18865,408734,10,3,3,0,0,0,0,4,0,0,309.991,2.066,6.15183,-0.000,328.323,107.366,330.916,301.351,102.698,301.870,330.916,18.905,311.464,6.15450,18.887,311.464,6.15167,2
18865,408744,10,3,3,0,0,0,0,4,0,0,309.991,2.066,6.15195,-0.000,328.323,107.366,330.916,301.351,102.698,301.870,330.916,18.905,311.464,6.15462,18.887,311.464,6.15182,2
18881,408754,10,3,3,0,0,0,0,4,0,0,309.991,2.066,6.15194,-0.000,328.323,107.366,330.916,301.351,102.698,301.870,330.916,18.905,311.464,6.15461,18.887,311.464,6.15195,2
18881,408764,10,3,3,0,0,0,0,4,0,0,309.991,2.066,6.15184,-0.000,328.323,107.366,330.916,301.351,102.698,301.870,330.916,18.905,311.464,6.15452,18.887,311.464,6.15194,2
18897,408774,10,3,3,0,0,0,0,4,0,0,309.991,2.066,6.15189,-0.000,328.323,107.366,330.916,301.351,102.698,301.870,330.916,18.905,311.464,6.15456,18.887,311.464,6.15184,2
18913,408784,10,3,3,0,0,0,0,4,0,0,309.991,2.066,6.15177,-0.000,328.323,107.366,330.916,301.351,102.698,301.870,330.916,18.905,311.464,6.15445,18.887,311.464,6.15189,2
18913,408794,10,3,3,0,0,0,0,4,0,0,309.991,2.066,6.15160,-0.000,328.323,107.366,330.916,301.351,102.698,301.870,330.916,18.904,311.464,6.15428,18.887,311.464,6.15177,2
18943,408804,10,3,3,0,0,0,0,4,0,0,309.991,2.066,6.15159,-0.000,328.323,107.366,330.916,301.351,102.698,301.870,330.916,18.904,311.464,6.15426,18.886,311.464,6.15160,2
18943,408814,10,3,3,0,0,0,0,4,0,0,309.991,2.066,6.15176,-0.000,328.323,107.366,330.916,301.351,102.698,301.870,330.916,18.905,311.464,6.15443,18.886,311.464,6.15159,2
18943,408824,10,3,3,0,0,0,0,4,0,0,309.991,2.066,6.15166,-0.000,328.323,107.366,330.916,301.351,102.698,301.870,330.916,18.904,311.464,6.15433,18.887,311.464,6.15176,2
18959,408834,10,3,3,0,0,0,0,4,0,0,309.991,2.066,6.15139,-0.000,328.323,107.366,330.916,301.351,102.698,301.870,330.916,18.904,311.464,6.15407,18.887,311.464,6.15166,2
18976,408844,10,3,3,0,0,0,0,4,0,0,309.991,2.066,6.15139,-0.000,328.323,107.366,330.916,301.351,102.698,301.870,330.916,18.904,311.464,6.15406,18.886,311.464,6.15139,2
18976,408854,10,3,3,0,0,0,0,4,0,0,309.991,2.066,6.15150,-0.000,328.323,107.366,330.916,301.351,102.698,301.870,330.916,18.904,311.464,6.15417,18.886,311.464,6.15139,2
19006,408864,10,3,3,0,0,0,0,4,0,0,309.991,2.066,6.15133,-0.000,328.323,107.366,330.916,301.351,102.698,301.870,330.916,18.904,311.464,6.15401,18.886,311.464,6.15150,2
19006,408874,10,3,3,0,0,0,0,4,0,0,309.991,2.066,6.15123,-0.000,328.323,107.366,330.916,301.351,102.698,301.870,330.916,18.904,311.464,6.15390,18.886,311.464,6.15133,2
19006,408884,10,3,3,0,0,0,0,4,0,0,309.991,2.066,6.15139,-0.000,328.323,107.366,330.916,301.351,102.698,301.870,330.916,18.904,311.464,6.15407,18.886,311.464,6.15123,2
19023,408894,10,3,3,0,0,0,0,4,0,0,309.991,2.066,6.15146,-0.000,328.323,107.366,330.916,301.351,102.698,301.870,330.916,18.904,311.464,6.15414,18.886,311.464,6.15139,2
19023,408904,10,3,3,0,0,0,0,4,0,0,309.991,2.066,6.15145,-0.000,328.323,107.366,330.916,301.351,102.698,301.870,330.916,18.904,311.464,6.15413,18.886,311.464,6.15146,2
19038,408914,10,3,3,0,0,0,0,4,0,0,309.991,2.066,6.15159,-0.000,328.323,107.366,330.916,301.351,102.698,301.870,330.916,18.904,311.464,6.15426,18.886,311.464,6.15145,2
19054,408924,10,3,3,0,0,0,0,4,0,0,309.991,2.066,6.15172,-0.000,328.323,107.366,330.916,301.351,102.698,301.870,330.916,18.904,311.464,6.15440,18.886,311.464,6.15159,2
19054,408934,10,3,3,0,0,0,0,4,0,0,309.991,2.066,6.15178,-0.000,328.323,107.366,330.916,301.351,102.698,301.870,330.916,18.905,311.464,6.15445,18.887,311.464,6.15172,2
19070,408944,10,3,3,0,0,0,0,4,0,0,309.991,2.066,6.15158,-0.000,328.323,107.366,330.916,301.351,102.698,301.870,330.916,18.904,311.464,6.15425,18.887,311.464,6.15178,2
19085,408954,10,3,3,0,0,0,0,4,0,0,309.991,2.066,6.15148,-0.000,328.323,107.366,330.916,301.351,102.698,301.870,330.916,18.904,311.464,6.15416,18.886,311.464,6.15158,2
19085,408964,10,3,3,0,0,0,0,4,0,0,309.991,2.066,6.15175,-0.000,328.323,107.366,330.916,301.351,102.698,301.870,330.916,18.905,311.464,6.15442,18.886,311.464,6.15148,2
19101,408974,10,3,3,0,0,0,0,4,0,0,309.991,2.066,6.15178,-0.000,328.323,107.366,330.916,301.351,102.698,301.870,330.916,18.905,311.464,6.15446,18.887,311.464,6.15175,2
19101,408984,10,3,3,0,0,0,0,4,0,0,309.991,2.066,6.15180,-0.000,328.323,107.366,330.916,301.351,102.698,301.870,330.916,18.905,311.464,6.15448,18.887,311.464,6.15178,2
19116,408994,10,3,3,0,0,0,0,4,0,0,309.991,2.066,6.15168,-0.000,328.323,107.366,330.916,301.351,102.698,301.870,330.916,18.904,311.464,6.15435,18.887,311.464,6.15180,2
19146,409004,10,3,3,0,0,0,0,4,0,0,309.991,2.066,6.15159,-0.000,328.323,107.366,330.916,301.351,102.698,301.870,330.916,18.904,311.464,6.15426,18.887,311.464,6.15168,2
19146,409014,10,3,3,0,0,0,0,4,0,0,309.991,2.066,6.15133,-0.000,328.323,107.366,330.916,301.351,102.698,301.870,330.916,18.904,311.464,6.15401,18.886,311.464,6.15159,2
19146,409024,10,3,3,0,0,0,0,4,0,0,309.991,2.066,6.15155,-0.000,328.323,107.366,330.916,301.351,102.698,301.870,330.916,18.904,311.464,6.15423,18.886,311.464,6.15133,2
19178,409034,10,3,3,0,0,0,0,4,0,0,309.991,2.066,6.15156,-0.000,328.323,107.366,330.916,301.351,102.698,301.870,330.916,18.904,311.464,6.15424,18.886,311.464,6.15155,2
19178,409044,10,3,3,0,0,0,0,4,0,0,309.991,2.066,6.15152,-0.000,328.323,107.366,330.916,301.351,102.698,301.870,330.916,18.904,311.464,6.15420,18.886,311.464,6.15156,2
19178,409054,10,3,3,0,0,0,0,4,0,0,309.991,2.066,6.15140,-0.000,328.323,107.366,330.916,301.351,102.698,301.870,330.916,18.904,311.464,6.15407,18.886,311.464,6.15152,2
19209,409064,10,3,3,0,0,0,0,4,0,0,309.991,2.066,6.15165,-0.000,328.323,107.366,330.916,301.351,102.698,301.870,330.916,18.904,311.464,6.15433,18.886,311.464,6.15140,2
19209,409074,10,3,3,0,0,0,0,4,0,0,309.991,2.066,6.15152,-0.000,328.323,107.366,330.916,301.351,102.698,301.870,330.916,18.904,311.464,6.15420,18.887,311.464,6.15165,2
19209,409084,10,3,3,0,0,0,0,4,0,0,309.991,2.066,6.15152,-0.000,328.323,107.366,330.916,301.351,102.698,301.870,330.916,18.904,311.464,6.15419,18.886,311.464,6.15152,2
19241,409094,10,3,3,0,0,0,0,4,0,0,309.991,2.066,6.15153,-0.000,328.323,107.366,330.916,301.351,102.698,301.870,330.916,18.904,311.464,6.15420,18.886,311.464,6.15152,2
19241,409104,10,3,3,0,0,0,0,4,0,0,309.991,2.066,6.15163,-0.000,328.323,107.366,330.916,301.351,102.698,301.870,330.916,18.904,311.464,6.15431,18.886,311.464,6.15153,2
19241,409114,10,3,3,0,0,0,0,4,0,0,309.991,2.066,6.15187,-0.000,328.323,107.366,330.916,301.351,102.698,301.870,330.916,18.905,311.464,6.15455,18.887,311.464,6.15163,2
19241,409124,10,3,3,0,0,0,0,4,0,0,309.991,2.066,6.15189,-0.000,328.323,107.366,330.916,301.351,102.698,301.870,330.916,18.905,311.464,6.15457,18.887,311.464,6.15187,2
19271,409134,10,3,3,0,0,0,0,4,0,0,309.991,2.066,6.15175,-0.000,328.323,107.366,330.916,301.351,102.698,301.870,330.916,18.905,311.464,6.15443,18.887,311.464,6.15189,2
19271,409144,10,3,3,0,0,0,0,4,0,0,309.991,2.066,6.15157,-0.000,328.323,107.366,330.916,301.351,102.698,301.870,330.916,18.904,311.464,6.15425,18.887,311.464,6.15175,2
19271,409154,10,3,3,0,0,0,0,4,0,0,309.991,2.066,6.15168,-0.000,328.323,107.366,330.916,301.351,102.698,301.870,330.916,18.904,311.464,6.15436,18.886,311.464,6.15157,2
19303,409164,10,3,3,0,0,0,0,4,0,0,309.991,2.066,6.15186,-0.000,328.323,107.366,330.916,301.351,102.698,301.870,330.916,18.905,311.464,6.15453,18.887,311.464,6.15168,2
19303,409174,10,3,3,0,0,0,0,4,0,0,309.991,2.066,6.15190,-0.000,328.323,107.366,330.916,301.351,102.698,301.870,330.916,18.905,311.464,6.15457,18.887,311.464,6.15186,2
19303,409184,10,3,3,0,0,0,0,4,0,0,309.991,2.066,6.15171,-0.000,328.323,107.366,330.916,301.351,102.698,301.870,330.916,18.904,311.464,6.15439,18.887,311.464,6.15190,2
19321,409194,10,3,3,0,0,0,0,4,0,0,309.991,2.066,6.15164,-0.000,328.323,107.366,330.916,301.351,102.698,301.870,330.916,18.904,311.464,6.15432,18.887,311.464,6.15171,2
19321,409204,10,3,3,0,0,0,0,4,0,0,309.991,2.066,6.15174,-0.000,328.323,107.366,330.916,301.351,102.698,301.870,330.916,18.904,311.464,6.15442,18.887,311.464,6.15164,2
19334,409214,10,3,3,0,0,0,0,4,0,0,309.991,2.066,6.15187,-0.000,328.323,107.366,330.916,301.351,102.698,301.870,330.916,18.905,311.464,6.15454,18.887,311.464,6.15174,2
19366,409224,10,3,3,0,0,0,0,4,0,0,309.991,2.066,6.15208,-0.000,328.323,107.366,330.916,301.351,102.698,301.870,330.916,18.905,311.465,6.15475,18.887,311.464,6.15187,2
19366,409234,10,3,3,0,0,0,0,4,0,0,309.991,2.066,6.15178,-0.000,328.323,107.366,330.916,301.351,102.698,301.870,330.916,18.905,311.464,6.15446,18.887,311.464,6.15208,2
19366,409244,10,3,3,0,0,0,0,4,0,0,309.991,2.066,6.15179,-0.000,328.323,107.366,330.916,301.351,102.698,301.870,330.916,18.905,311.464,6.15446,18.887,311.464,6.15178,2
19382,409254,10,3,3,0,0,0,0,4,0,0,309.991,2.066,6.15194,-0.000,328.323,107.366,330.916,301.351,102.698,301.870,330.916,18.905,311.464,6.15462,18.887,311.464,6.15179,2
19382,409264,10,3,3,0,0,0,0,4,0,0,309.991,2.066,6.15180,-0.000,328.323,107.366,330.916,301.351,102.698,301.870,330.916,18.905,311.464,6.15447,18.887,311.464,6.15194,2
19412,409274,10,3,3,0,0,0,0,4,0,0,309.991,2.066,6.15181,-0.000,328.323,107.366,330.916,301.351,102.698,301.870,330.916,18.905,311.464,6.15448,18.887,311.464,6.15180,2
19412,409284,10,3,3,0,0,0,0,4,0,0,309.991,2.066,6.15156,-0.000,328.323,107.366,330.916,301.351,102.698,301.870,330.916,18.904,311.464,6.15424,18.887,311.464,6.15181,2
19412,409294,10,3,3,0,0,0,0,4,0,0,309.991,2.066,6.15174,-0.000,328.323,107.366,330.916,301.351,102.698,301.870,330.916,18.904,311.464,6.15442,18.886,311.464,6.15156,2
19443,409304,10,3,3,0,0,0,0,4,0,0,309.991,2.066,6.15187,-0.000,328.323,107.366,330.916,301.351,102.698,301.870,330.916,18.905,311.464,6.15454,18.887,311.464,6.15174,2
19443,409314,10,3,3,0,0,0,0,4,0,0,309.991,2.066,6.15204,-0.000,328.323,107.366,330.916,301.351,102.698,301.870,330.916,18.905,311.464,6.15472,18.887,311.464,6.15187,2
19443,409324,10,3,3,0,0,0,0,4,0,0,309.991,2.066,6.15183,-0.000,328.323,107.366,330.916,301.351,102.698,301.870,330.916,18.905,311.464,6.15451,18.887,311.464,6.15204,2
19458,409334,10,3,3,0,0,0,0,4,0,0,309.991,2.066,6.15145,-0.000,328.323,107.366,330.916,301.351,102.698,301.870,330.916,18.904,311.464,6.15412,18.887,311.464,6.15183,2
19474,409344,10,3,3,0,0,0,0,4,0,0,309.991,2.066,6.15151,-0.000,328.323,107.366,330.916,301.351,102.698,301.870,330.916,18.904,311.464,6.15419,18.886,311.464,6.15145,2
19474,409354,10,3,3,0,0,0,0,4,0,0,309.991,2.066,6.15159,-0.000,328.323,107.366,330.916,301.351,102.698,301.870,330.916,18.904,311.464,6.15426,18.886,311.464,6.15151,2
19504,409364,10,3,3,0,0,0,0,4,0,0,309.991,2.066,6.15165,-0.000,328.323,107.366,330.916,301.351,102.698,301.870,330.916,18.904,311.464,6.15432,18.886,311.464,6.15159,2
19504,409374,10,3,3,0,0,0,0,4,0,0,309.991,2.066,6.15163,-0.000,328.323,107.366,330.916,301.351,102.698,301.870,330.916,18.904,311.464,6.15431,18.887,311.464,6.15165,2
19504,409384,10,3,3,0,0,0,0,4,0,0,309.991,2.066,6.15160,-0.000,328.323,107.366,330.916,301.351,102.698,301.870,330.916,18.904,311.464,6.15427,18.886,311.464,6.15163,2
19520,409394,10,3,3,0,0,0,0,4,0,0,309.991,2.066,6.15168,-0.000,328.323,107.366,330.916,301.351,102.698,301.870,330.916,18.904,311.464,6.15436,18.886,311.464,6.15160,2
19535,409404,10,3,3,0,0,0,0,4,0,0,309.991,2.066,6.15165,-0.000,328.323,107.366,330.916,301.351,102.698,301.870,330.916,18.904,311.464,6.15432,18.887,311.464,6.15168,2
19535,409414,10,3,3,0,0,0,0,4,0,0,309.991,2.066,6.15167,-0.000,328.323,107.366,330.916,301.351,102.698,301.870,330.916,18.904,311.464,6.15435,18.887,311.464,6.15165,2
19551,409424,10,3,3,0,0,0,0,4,0,0,309.991,2.066,6.15168,-0.000,328.323,107.366,330.916,301.351,102.698,301.870,330.916,18.904,311.464,6.15436,18.887,311.464,6.15167,2
19551,409434,10,3,3,0,0,0,0,4,0,0,309.991,2.066,6.15147,-0.000,328.323,107.366,330.916,301.351,102.698,301.870,330.916,18.904,311.464,6.15415,18.887,311.464,6.15168,2
19566,409444,10,3,3,0,0,0,0,4,0,0,309.991,2.066,6.15160,-0.000,328.323,107.366,330.916,301.351,102.698,301.870,330.916,18.904,311.464,6.15427,18.886,311.464,6.15147,2
19581,409454,10,3,3,0,0,0,0,4,0,0,309.991,2.066,6.15158,-0.000,328.323,107.366,330.916,301.351,102.698,301.870,330.916,18.904,311.464,6.15425,18.886,311.464,6.15160,2
19581,409464,10,3,3,0,0,0,0,4,0,0,309.991,2.066,6.15184,-0.000,328.323,107.366,330.916,301.351,102.698,301.870,330.916,18.905,311.464,6.15451,18.886,311.464,6.15158,2
19597,409474,10,3,3,0,0,0,0,4,0,0,309.991,2.066,6.15173,-0.000,328.323,107.366,330.916,301.351,102.698,301.870,330.916,18.904,311.464,6.15441,18.887,311.464,6.15184,2
19613,409484,10,3,3,0,0,0,0,4,0,0,309.991,2.066,6.15184,-0.000,328.323,107.366,330.916,301.351,102.698,301.870,330.916,18.905,311.464,6.15451,18.887,311.464,6.15173,2
19613,409494,10,3,3,0,0,0,0,4,0,0,309.991,2.066,6.15195,-0.000,328.323,107.366,330.916,301.351,102.698,301.870,330.916,18.905,311.464,6.15463,18.887,311.464,6.15184,2
19629,409504,10,3,3,0,0,0,0,4,0,0,309.991,2.066,6.15221,-0.000,328.323,107.366,330.916,301.351,102.698,301.870,330.916,18.905,311.465,6.15488,18.887,311.464,6.15195,2
19644,409514,10,3,3,0,0,0,0,4,0,0,309.991,2.066,6.15200,-0.000,328.323,107.366,330.916,301.351,102.698,301.870,330.916,18.905,311.464,6.15467,18.887,311.464,6.15221,2
19644,409524,10,3,3,0,0,0,0,4,0,0,309.991,2.066,6.15176,-0.000,328.323,107.366,330.916,301.351,102.698,301.870,330.916,18.905,311.464,6.15444,18.887,311.464,6.15200,2
19660,409534,10,3,3,0,0,0,0,4,0,0,309.991,2.066,6.15150,-0.000,328.323,107.366,330.916,301.351,102.698,301.870,330.916,18.904,311.464,6.15417,18.887,311.464,6.15176,2
19676,409544,10,3,3,0,0,0,0,4,0,0,309.991,2.066,6.15134,-0.000,328.323,107.366,330.916,301.351,102.698,301.870,330.916,18.904,311.464,6.15401,18.886,311.464,6.15150,2
19676,409554,10,3,3,0,0,0,0,4,0,0,309.991,2.066,6.15133,-0.000,328.323,107.366,330.916,301.351,102.698,301.870,330.916,18.904,311.464,6.15401,18.886,311.464,6.15134,2
19691,409564,10,3,3,0,0,0,0,4,0,0,309.991,2.066,6.15125,-0.000,328.323,107.366,330.916,301.351,102.698,301.870,330.916,18.904,311.464,6.15393,18.886,311.464,6.15133,2
19691,409574,10,3,3,0,0,0,0,4,0,0,309.991,2.066,6.15121,-0.000,328.323,107.366,330.916,301.351,102.698,301.870,330.916,18.904,311.464,6.15389,18.886,311.464,6.15126,2
19706,409584,10,3,3,0,0,0,0,4,0,0,309.991,2.066,6.15146,-0.000,328.323,107.366,330.916,301.351,102.698,301.870,330.916,18.904,311.464,6.15413,18.886,311.464,6.15121,2
19722,409594,10,3,3,0,0,0,0,4,0,0,309.991,2.066,6.15144,-0.000,328.323,107.366,330.916,301.351,102.698,301.870,330.916,18.904,311.464,6.15412,18.886,311.464,6.15146,2
19722,409604,10,3,3,0,0,0,0,4,0,0,309.991,2.066,6.15123,-0.000,328.323,107.366,330.916,301.351,102.698,301.870,330.916,18.904,311.464,6.15390,18.886,311.464,6.15144,2
19737,409614,10,3,3,0,0,0,0,4,0,0,309.991,2.066,6.15121,-0.000,328.323,107.366,330.916,301.351,102.698,301.870,330.916,18.904,311.464,6.15389,18.886,311.464,6.15123,2
19753,409624,10,3,3,0,0,0,0,4,0,0,309.991,2.066,6.15116,-0.000,328.323,107.366,330.916,301.351,102.698,301.870,330.916,18.904,311.464,6.15383,18.886,311.464,6.15121,2
19753,409634,10,3,3,0,0,0,0,4,0,0,309.991,2.066,6.15110,-0.000,328.323,107.366,330.916,301.351,102.698,301.870,330.916,18.904,311.464,6.15378,18.886,311.464,6.15115,2
19768,409644,10,3,3,0,0,0,0,4,0,0,309.991,2.066,6.15096,-0.000,328.323,107.366,330.916,301.351,102.698,301.870,330.916,18.904,311.464,6.15363,18.886,311.464,6.15110,2
19784,409654,10,3,3,0,0,0,0,4,0,0,309.991,2.066,6.15096,-0.000,328.323,107.366,330.916,301.351,102.698,301.870,330.916,18.904,311.464,6.15363,18.886,311.464,6.15096,2
19784,409664,10,3,3,0,0,0,0,4,0,0,309.991,2.066,6.15140,-0.000,328.323,107.366,330.916,301.351,102.698,301.870,330.916,18.904,311.464,6.15408,18.886,311.464,6.15096,2
19799,409674,10,3,3,0,0,0,0,4,0,0,309.991,2.066,6.15156,-0.000,328.323,107.366,330.916,301.351,102.698,301.870,330.916,18.904,311.464,6.15424,18.886,311.464,6.15140,2
19814,409684,10,3,3,0,0,0,0,4,0,0,309.991,2.066,6.15168,-0.000,328.323,107.366,330.916,301.351,102.698,301.870,330.916,18.904,311.464,6.15435,18.886,311.464,6.15156,2
19814,409694,10,3,3,0,0,0,0,4,0,0,309.991,2.066,6.15156,-0.000,328.323,107.366,330.916,301.351,102.698,301.870,330.916,18.904,311.464,6.15423,18.887,311.464,6.15168,2
19829,409704,10,3,3,0,0,0,0,4,0,0,309.991,2.066,6.15139,-0.000,328.323,107.366,330.916,301.351,102.698,301.870,330.916,18.904,311.464,6.15407,18.886,311.464,6.15156,2
19845,409714,10,3,3,0,0,0,0,4,0,0,309.991,2.066,6.15107,-0.000,328.323,107.366,330.916,301.351,102.698,301.870,330.916,18.904,311.464,6.15375,18.886,311.464,6.15139,2
19845,409724,10,3,3,0,0,0,0,4,0,0,309.991,2.066,6.15125,-0.000,328.323,107.366,330.916,301.351,102.698,301.870,330.916,18.904,311.464,6.15392,18.886,311.464,6.15107,2
19861,409734,10,3,3,0,0,0,0,4,0,0,309.991,2.066,6.15107,-0.000,328.323,107.366,330.916,301.351,102.698,301.870,330.916,18.904,311.464,6.15374,18.886,311.464,6.15125,2
19861,409744,10,3,3,0,0,0,0,4,0,0,309.991,2.066,6.15121,-0.000,328.323,107.366,330.916,301.351,102.698,301.870,330.916,18.904,311.464,6.15389,18.886,311.464,6.15107,2
19876,409754,10,3,3,0,0,0,0,4,0,0,309.991,2.066,6.15109,-0.000,328.323,107.366,330.916,301.351,102.698,301.870,330.916,18.904,311.464,6.15377,18.886,311.464,6.15121,2
19892,409764,10,3,3,0,0,0,0,4,0,0,309.991,2.066,6.15114,-0.000,328.323,107.366,330.916,301.351,102.698,301.870,330.916,18.904,311.464,6.15381,18.886,311.464,6.15109,2
19892,409774,10,3,3,0,0,0,0,4,0,0,309.991,2.066,6.15112,-0.000,328.323,107.366,330.916,301.351,102.698,301.870,330.916,18.904,311.464,6.15379,18.886,311.464,6.15114,2
19907,409784,10,3,3,0,0,0,0,4,0,0,309.991,2.066,6.15109,-0.000,328.323,107.366,330.916,301.351,102.698,301.870,330.916,18.904,311.464,6.15376,18.886,311.464,6.15112,2
19923,409794,10,3,3,0,0,0,0,4,0,0,309.991,2.066,6.15125,-0.000,328.323,107.366,330.916,301.351,102.698,301.870,330.916,18.904,311.464,6.15393,18.886,311.464,6.15109,2
19923,409804,10,3,3,0,0,0,0,4,0,0,309.991,2.066,6.15125,-0.000,328.323,107.366,330.916,301.351,102.698,301.870,330.916,18.904,311.464,6.15392,18.886,311.464,6.15126,2
19939,409814,10,3,3,0,0,0,0,4,0,0,309.991,2.066,6.15133,-0.000,328.323,107.366,330.916,301.351,102.698,301.870,330.916,18.904,311.464,6.15401,18.886,311.464,6.15125,2
19954,409824,10,3,3,0,0,0,0,4,0,0,309.991,2.066,6.15131,-0.000,328.323,107.366,330.916,301.351,102.698,301.870,330.916,18.904,311.464,6.15399,18.886,311.464,6.15133,2
19954,409834,10,3,3,0,0,0,0,4,0,0,309.991,2.066,6.15101,-0.000,328.323,107.366,330.916,301.351,102.698,301.870,330.916,18.904,311.464,6.15369,18.886,311.464,6.15131,2
19969,409844,10,3,3,0,0,0,0,4,0,0,309.991,2.066,6.15105,-0.000,328.323,107.366,330.916,301.351,102.698,301.870,330.916,18.904,311.464,6.15372,18.886,311.464,6.15101,2
19985,409854,10,3,3,0,0,0,0,4,0,0,309.991,2.066,6.15109,-0.000,328.323,107.366,330.916,301.351,102.698,301.870,330.916,18.904,311.464,6.15377,18.886,311.464,6.15105,2
19985,409864,10,3,3,0,0,0,0,4,0,0,309.991,2.066,6.15115,-0.000,328.323,107.366,330.916,301.351,102.698,301.870,330.916,18.904,311.464,6.15383,18.886,311.464,6.15109,2
19999,409874,10,3,3,0,0,0,0,4,0,0,309.991,2.066,6.15114,-0.000,328.323,107.366,330.916,301.351,102.698,301.870,330.916,18.904,311.464,6.15382,18.886,311.464,6.15115,2
20014,409884,10,3,3,0,0,0,0,4,0,0,309.991,2.066,6.15125,-0.000,328.323,107.366,330.916,301.351,102.698,301.870,330.916,18.904,311.464,6.15393,18.886,311.464,6.15114,2
20014,409894,10,3,3,0,0,0,0,4,0,0,309.991,2.066,6.15133,-0.000,328.323,107.366,330.916,301.351,102.698,301.870,330.916,18.904,311.464,6.15400,18.886,311.464,6.15125,2
20031,409904,10,3,3,0,0,0,0,4,0,0,309.991,2.066,6.15154,-0.000,328.323,107.366,330.916,301.351,102.698,301.870,330.916,18.904,311.464,6.15421,18.886,311.464,6.15133,2
20031,409914,10,3,3,0,0,0,0,4,0,0,309.991,2.066,6.15135,-0.000,328.323,107.366,330.916,301.351,102.698,301.870,330.916,18.904,311.464,6.15402,18.886,311.464,6.15154,2
20046,409924,10,3,3,0,0,0,0,4,0,0,309.991,2.066,6.15129,-0.000,328.323,107.366,330.916,301.351,102.698,301.870,330.916,18.904,311.464,6.15396,18.886,311.464,6.15135,2
20061,409934,10,3,3,0,0,0,0,4,0,0,309.991,2.066,6.15152,-0.000,328.323,107.366,330.916,301.351,102.698,301.870,330.916,18.904,311.464,6.15419,18.886,311.464,6.15129,2
20061,409944,10,3,3,0,0,0,0,4,0,0,309.991,2.066,6.15141,-0.000,328.323,107.366,330.916,301.351,102.698,301.870,330.916,18.904,311.464,6.15408,18.886,311.464,6.15152,2
20077,409954,10,3,3,0,0,0,0,4,0,0,309.991,2.066,6.15135,-0.000,328.323,107.366,330.916,301.351,102.698,301.870,330.916,18.904,311.464,6.15403,18.886,311.464,6.15141,2
20093,409964,10,3,3,0,0,0,0,4,0,0,309.991,2.066,6.15136,-0.000,328.323,107.366,330.916,301.351,102.698,301.870,330.916,18.904,311.464,6.15403,18.886,311.464,6.15135,2
20093,409974,10,3,3,0,0,0,0,4,0,0,309.991,2.066,6.15167,-0.000,328.323,107.366,330.916,301.351,102.698,301.870,330.916,18.904,311.464,6.15434,18.886,311.464,6.15136,2
20108,409984,10,3,3,0,0,0,0,4,0,0,309.991,2.066,6.15176,-0.000,328.323,107.366,330.916,301.351,102.698,301.870,330.916,18.905,311.464,6.15443,18.887,311.464,6.15167,2
20123,409994,10,3,3,0,0,0,0,4,0,0,309.991,2.066,6.15154,-0.000,328.323,107.366,330.916,301.351,102.698,301.870,330.916,18.904,311.464,6.15421,18.887,311.464,6.15176,2
20123,410004,10,3,3,0,0,0,0,4,0,0,309.991,2.066,6.15123,-0.000,328.323,107.366,330.916,301.351,102.698,301.870,330.916,18.904,311.464,6.15390,18.886,311.464,6.15154,2
20138,410014,10,3,3,0,0,0,0,4,0,0,309.991,2.066,6.15138,-0.000,328.323,107.366,330.916,301.351,102.698,301.870,330.916,18.904,311.464,6.15405,18.886,311.464,6.15123,2
20154,410024,10,3,3,0,0,0,0,4,0,0,309.991,2.066,6.15142,-0.000,328.323,107.366,330.916,301.351,102.698,301.870,330.916,18.904,311.464,6.15409,18.886,311.464,6.15138,2
20154,410034,10,3,3,0,0,0,0,4,0,0,309.991,2.066,6.15157,-0.000,328.323,107.366,330.916,301.351,102.698,301.870,330.916,18.904,311.464,6.15425,18.886,311.464,6.15142,2
20170,410044,10,3,3,0,0,0,0,4,0,0,309.991,2.066,6.15150,-0.000,328.323,107.366,330.916,301.351,102.698,301.870,330.916,18.904,311.464,6.15417,18.886,311.464,6.15157,2
20185,410054,10,3,3,0,0,0,0,4,0,0,309.991,2.066,6.15135,-0.000,328.323,107.366,330.916,301.351,102.698,301.870,330.916,18.904,311.464,6.15403,18.886,311.464,6.15150,2
20185,410064,10,3,3,0,0,0,0,4,0,0,309.991,2.066,6.15108,-0.000,328.323,107.366,330.916,301.351,102.698,301.870,330.916,18.904,311.464,6.15375,18.886,311.464,6.15135,2
20201,410074,10,3,3,0,0,0,0,4,0,0,309.991,2.066,6.15129,-0.000,328.323,107.366,330.916,301.351,102.698,301.870,330.916,18.904,311.464,6.15397,18.886,311.464,6.15108,2
20201,410084,10,3,3,0,0,0,0,4,0,0,309.991,2.066,6.15133,-0.000,328.323,107.366,330.916,301.351,102.698,301.870,330.916,18.904,311.464,6.15400,18.886,311.464,6.15129,2
20216,410094,10,3,3,0,0,0,0,4,0,0,309.991,2.066,6.15147,-0.000,328.323,107.366,330.916,301.351,102.698,301.870,330.916,18.904,311.464,6.15415,18.886,311.464,6.15133,2
20231,410104,10,3,3,0,0,0,0,4,0,0,309.991,2.066,6.15151,-0.000,328.323,107.366,330.916,301.351,102.698,301.870,330.916,18.904,311.464,6.15419,18.886,311.464,6.15147,2
20231,410114,10,3,3,0,0,0,0,4,0,0,309.991,2.066,6.15157,-0.000,328.323,107.366,330.916,301.351,102.698,301.870,330.916,18.904,311.464,6.15424,18.886,311.464,6.15151,2
20247,410124,10,3,3,0,0,0,0,4,0,0,309.991,2.066,6.15158,-0.000,328.323,107.366,330.916,301.351,102.698,301.870,330.916,18.904,311.464,6.15426,18.886,311.464,6.15157,2
20263,410134,10,3,3,0,0,0,0,4,0,0,309.991,2.066,6.15170,-0.000,328.323,107.366,330.916,301.351,102.698,301.870,330.916,18.904,311.464,6.15437,18.886,311.464,6.15158,2
20263,410144,10,3,3,0,0,0,0,4,0,0,309.991,2.066,6.15171,-0.000,328.323,107.366,330.916,301.351,102.698,301.870,330.916,18.904,311.464,6.15438,18.887,311.464,6.15170,2
20278,410154,10,3,3,0,0,0,0,4,0,0,309.991,2.066,6.15166,-0.000,328.323,107.366,330.916,301.351,102.698,301.870,330.916,18.904,311.464,6.15434,18.887,311.464,6.15171,2
20294,410164,10,3,3,0,0,0,0,4,0,0,309.991,2.066,6.15164,-0.000,328.323,107.366,330.916,301.351,102.698,301.870,330.916,18.904,311.464,6.15431,18.887,311.464,6.15167,2
20294,410174,10,3,3,0,0,0,0,4,0,0,309.991,2.066,6.15183,-0.000,328.323,107.366,330.916,301.351,102.698,301.870,330.916,18.905,311.464,6.15451,18.887,311.464,6.15164,2
20310,410184,10,3,3,0,0,0,0,4,0,0,309.991,2.066,6.15193,-0.000,328.323,107.366,330.916,301.351,102.698,301.870,330.916,18.905,311.464,6.15461,18.887,311.464,6.15183,2
20326,410194,10,3,3,0,0,0,0,4,0,0,309.991,2.066,6.15193,-0.000,328.323,107.366,330.916,301.351,102.698,301.870,330.916,18.905,311.464,6.15460,18.887,311.464,6.15193,2
20326,410204,10,3,3,0,0,0,0,4,0,0,309.991,2.066,6.15194,-0.000,328.323,107.366,330.916,301.351,102.698,301.870,330.916,18.905,311.464,6.15462,18.887,311.464,6.15193,2
20340,410214,10,3,3,0,0,0,0,4,0,0,309.991,2.066,6.15158,-0.000,328.323,107.366,330.916,301.351,102.698,301.870,330.916,18.904,311.464,6.15426,18.887,311.464,6.15194,2
20356,410224,10,3,3,0,0,0,0,4,0,0,309.991,2.066,6.15175,-0.000,328.323,107.366,330.916,301.351,102.698,301.870,330.916,18.905,311.464,6.15443,18.886,311.464,6.15159,2
20356,410234,10,3,3,0,0,0,0,4,0,0,309.991,2.066,6.15178,-0.000,328.323,107.366,330.916,301.351,102.698,301.870,330.916,18.905,311.464,6.15445,18.887,311.464,6.15175,2
20372,410244,10,3,3,0,0,0,0,4,0,0,309.991,2.066,6.15172,-0.000,328.323,107.366,330.916,301.351,102.698,301.870,330.916,18.904,311.464,6.15440,18.887,311.464,6.15178,2
20372,410254,10,3,3,0,0,0,0,4,0,0,309.991,2.066,6.15165,-0.000,328.323,107.366,330.916,301.351,102.698,301.870,330.916,18.904,311.464,6.15433,18.887,311.464,6.15172,2
20387,410264,10,3,3,0,0,0,0,4,0,0,309.991,2.066,6.15158,-0.000,328.323,107.366,330.916,301.351,102.698,301.870,330.916,18.904,311.464,6.15426,18.887,311.464,6.15165,2
20402,410274,10,3,3,0,0,0,0,4,0,0,309.991,2.066,6.15144,-0.000,328.323,107.366,330.916,301.351,102.698,301.870,330.916,18.904,311.464,6.15411,18.886,311.464,6.15158,2
20402,410284,10,3,3,0,0,0,0,4,0,0,309.991,2.066,6.15130,-0.000,328.323,107.366,330.916,301.351,102.698,301.870,330.916,18.904,311.464,6.15398,18.886,311.464,6.15144,2
20417,410294,10,3,3,0,0,0,0,4,0,0,309.991,2.066,6.15119,-0.000,328.323,107.366,330.916,301.351,102.698,301.870,330.916,18.904,311.464,6.15387,18.886,311.464,6.15130,2
20433,410304,10,3,3,0,0,0,0,4,0,0,309.991,2.066,6.15128,-0.000,328.323,107.366,330.916,301.351,102.698,301.870,330.916,18.904,311.464,6.15396,18.886,311.464,6.15119,2
20433,410314,10,3,3,0,0,0,0,4,0,0,309.991,2.066,6.15123,-0.000,328.323,107.366,330.916,301.351,102.698,301.870,330.916,18.904,311.464,6.15390,18.886,311.464,6.15128,2
20448,410324,10,3,3,0,0,0,0,4,0,0,309.991,2.066,6.15149,-0.000,328.323,107.366,330.916,301.351,102.698,301.870,330.916,18.904,311.464,6.15417,18.886,311.464,6.15123,2
20464,410334,10,3,3,0,0,0,0,4,0,0,309.991,2.066,6.15181,-0.000,328.323,107.366,330.916,301.351,102.698,301.870,330.916,18.905,311.464,6.15449,18.886,311.464,6.15149,2
20464,410344,10,3,3,0,0,0,0,4,0,0,309.991,2.066,6.15182,-0.000,328.323,107.366,330.916,301.351,102.698,301.870,330.916,18.905,311.464,6.15450,18.887,311.464,6.15181,2
20480,410354,10,3,3,0,0,0,0,4,0,0,309.991,2.066,6.15180,-0.000,328.323,107.366,330.916,301.351,102.698,301.870,330.916,18.905,311.464,6.15448,18.887,311.464,6.15182,2
20496,410364,10,3,3,0,0,0,0,4,0,0,309.991,2.066,6.15181,-0.000,328.323,107.366,330.916,301.351,102.698,301.870,330.916,18.905,311.464,6.15449,18.887,311.464,6.15180,2
20496,410374,10,3,3,0,0,0,0,4,0,0,309.991,2.066,6.15182,-0.000,328.323,107.366,330.916,301.351,102.698,301.870,330.916,18.905,311.464,6.15449,18.887,311.464,6.15181,2
20511,410384,10,3,3,0,0,0,0,4,0,0,309.991,2.066,6.15176,-0.000,328.323,107.366,330.916,301.351,102.698,301.870,330.916,18.905,311.464,6.15444,18.887,311.464,6.15182,2
20511,410394,10,3,3,0,0,0,0,4,0,0,309.991,2.066,6.15166,-0.000,328.323,107.366,330.916,301.351,102.698,301.870,330.916,18.904,311.464,6.15434,18.887,311.464,6.15176,2
20527,410404,10,3,3,0,0,0,0,4,0,0,309.991,2.066,6.15163,-0.000,328.323,107.366,330.916,301.351,102.698,301.870,330.916,18.904,311.464,6.15430,18.887,311.464,6.15166,2
20543,410414,10,3,3,0,0,0,0,4,0,0,309.991,2.066,6.15166,-0.000,328.323,107.366,330.916,301.351,102.698,301.870,330.916,18.904,311.464,6.15434,18.886,311.464,6.15163,2
20543,410424,10,3,3,0,0,0,0,4,0,0,309.991,2.066,6.15161,-0.000,328.323,107.366,330.916,301.351,102.698,301.870,330.916,18.904,311.464,6.15428,18.887,311.464,6.15166,2
20558,410434,10,3,3,0,0,0,0,4,0,0,309.991,2.066,6.15160,-0.000,328.323,107.366,330.916,301.351,102.698,301.870,330.916,18.904,311.464,6.15428,18.886,311.464,6.15161,2
20574,410444,10,3,3,0,0,0,0,4,0,0,309.991,2.066,6.15144,-0.000,328.323,107.366,330.916,301.351,102.698,301.870,330.916,18.904,311.464,6.15412,18.886,311.464,6.15160,2
20574,410454,10,3,3,0,0,0,0,4,0,0,309.991,2.066,6.15161,-0.000,328.323,107.366,330.916,301.351,102.698,301.870,330.916,18.904,311.464,6.15429,18.886,311.464,6.15144,2
20590,410464,10,3,3,0,0,0,0,4,0,0,309.991,2.066,6.15171,-0.000,328.323,107.366,330.916,301.351,102.698,301.870,330.916,18.904,311.464,6.15438,18.886,311.464,6.15161,2
20606,410474,10,3,3,0,0,0,0,4,0,0,309.991,2.066,6.15183,-0.000,328.323,107.366,330.916,301.351,102.698,301.870,330.916,18.905,311.464,6.15451,18.887,311.464,6.15171,2
20606,410484,10,3,3,0,0,0,0,4,0,0,309.991,2.066,6.15179,-0.000,328.323,107.366,330.916,301.351,102.698,301.870,330.916,18.905,311.464,6.15447,18.887,311.464,6.15183,2
20622,410494,10,3,3,0,0,0,0,4,0,0,309.991,2.066,6.15159,-0.000,328.323,107.366,330.916,301.351,102.698,301.870,330.916,18.904,311.464,6.15426,18.887,311.464,6.15179,2
20622,410504,10,3,3,0,0,0,0,4,0,0,309.991,2.066,6.15166,-0.000,328.323,107.366,330.916,301.351,102.698,301.870,330.916,18.904,311.464,6.15434,18.886,311.464,6.15159,2
20638,410514,10,3,3,0,0,0,0,4,0,0,309.991,2.066,6.15169,-0.000,328.323,107.366,330.916,301.351,102.698,301.870,330.916,18.904,311.464,6.15437,18.887,311.464,6.15166,2
20653,410524,10,3,3,0,0,0,0,4,0,0,309.991,2.066,6.15169,-0.000,328.323,107.366,330.916,301.351,102.698,301.870,330.916,18.904,311.464,6.15437,18.887,311.464,6.15169,2
20653,410534,10,3,3,0,0,0,0,4,0,0,309.991,2.066,6.15180,-0.000,328.323,107.366,330.916,301.351,102.698,301.870,330.916,18.905,311.464,6.15448,18.887,311.464,6.15169,2
20668,410544,10,3,3,0,0,0,0,4,0,0,309.991,2.066,6.15185,-0.000,328.323,107.366,330.916,301.351,102.698,301.870,330.916,18.905,311.464,6.15452,18.887,311.464,6.15180,2
20685,410554,10,3,3,0,0,0,0,4,0,0,309.991,2.066,6.15179,-0.000,328.323,107.366,330.916,301.351,102.698,301.870,330.916,18.905,311.464,6.15447,18.887,311.464,6.15185,2
20685,410564,10,3,3,0,0,0,0,4,0,0,309.991,2.066,6.15164,-0.000,328.323,107.366,330.916,301.351,102.698,301.870,330.916,18.904,311.464,6.15432,18.887,311.464,6.15179,2
20701,410574,10,3,3,0,0,0,0,4,0,0,309.991,2.066,6.15142,-0.000,328.323,107.366,330.916,301.351,102.698,301.870,330.916,18.904,311.464,6.15410,18.887,311.464,6.15164,2
20701,410584,10,3,3,0,0,0,0,4,0,0,309.991,2.066,6.15137,-0.000,328.323,107.366,330.916,301.351,102.698,301.870,330.916,18.904,311.464,6.15405,18.886,311.464,6.15142,2
20717,410594,10,3,3,0,0,0,0,4,0,0,309.991,2.066,6.15134,-0.000,328.323,107.366,330.916,301.351,102.698,301.870,330.916,18.904,311.464,6.15402,18.886,311.464,6.15137,2
20731,410604,10,3,3,0,0,0,0,4,0,0,309.991,2.066,6.15144,-0.000,328.323,107.366,330.916,301.351,102.698,301.870,330.916,18.904,311.464,6.15412,18.886,311.464,6.15134,2
20731,410614,10,3,3,0,0,0,0,4,0,0,309.991,2.066,6.15146,-0.000,328.323,107.366,330.916,301.351,102.698,301.870,330.916,18.904,311.464,6.15414,18.886,311.464,6.15144,2
20746,410624,10,3,3,0,0,0,0,4,0,0,309.991,2.066,6.15134,-0.000,328.323,107.366,330.916,301.351,102.698,301.870,330.916,18.904,311.464,6.15401,18.886,311.464,6.15146,2
20761,410634,10,3,3,0,0,0,0,4,0,0,309.991,1.986,6.15130,-0.000,328.323,107.366,330.916,301.351,102.698,301.870,330.916,18.825,311.473,6.15397,18.886,311.464,6.15134,2
20761,410644,10,3,3,0,0,0,0,4,0,0,309.991,2.066,6.15142,-0.000,328.323,107.366,330.916,301.351,102.698,301.870,330.916,18.904,311.464,6.15410,18.807,311.472,6.15130,2
20777,410654,10,3,3,0,0,0,0,4,0,0,309.991,2.066,6.15150,-0.000,328.323,107.366,330.916,301.351,102.698,301.870,330.916,18.904,311.464,6.15418,18.886,311.464,6.15142,2
20792,410664,10,3,3,0,0,0,0,4,0,0,309.991,2.066,6.15142,-0.000,328.323,107.366,330.916,301.351,102.698,301.870,330.916,18.904,311.464,6.15410,18.886,311.464,6.15150,2
20792,410674,10,3,3,0,0,0,0,4,0,0,309.991,2.066,6.15161,-0.000,328.323,107.366,330.916,301.351,102.698,301.870,330.916,18.904,311.464,6.15429,18.886,311.464,6.15142,2
20808,410684,10,3,3,0,0,0,0,4,0,0,309.991,2.066,6.15158,-0.000,328.323,107.366,330.916,301.351,102.698,301.870,330.916,18.904,311.464,6.15425,18.886,311.464,6.15161,2
20824,410694,10,3,3,0,0,0,0,4,0,0,309.991,2.066,6.15144,-0.000,328.323,107.366,330.916,301.351,102.698,301.870,330.916,18.904,311.464,6.15411,18.886,311.464,6.15158,2
20824,410704,10,3,3,0,0,0,0,4,0,0,309.991,2.066,6.15125,-0.000,328.323,107.366,330.916,301.351,102.698,301.870,330.916,18.904,311.464,6.15392,18.886,311.464,6.15144,2
20840,410714,10,3,3,0,0,0,0,4,0,0,309.991,2.066,6.15119,-0.000,328.323,107.366,330.916,301.351,102.698,301.870,330.916,18.904,311.464,6.15387,18.886,311.464,6.15125,2
20855,410724,10,3,3,0,0,0,0,4,0,0,309.991,2.066,6.15153,-0.000,328.323,107.366,330.916,301.351,102.698,301.870,330.916,18.904,311.464,6.15421,18.886,311.464,6.15119,2
20855,410734,10,3,3,0,0,0,0,4,0,0,309.991,2.066,6.15149,-0.000,328.323,107.366,330.916,301.351,102.698,301.870,330.916,18.904,311.464,6.15417,18.886,311.464,6.15153,2
20870,410744,10,3,3,0,0,0,0,4,0,0,309.991,2.066,6.15154,-0.000,328.323,107.366,330.916,301.351,102.698,301.870,330.916,18.904,311.464,6.15422,18.886,311.464,6.15149,2
20886,410754,10,3,3,0,0,0,0,4,0,0,309.991,2.066,6.15170,-0.000,328.323,107.366,330.916,301.351,102.698,301.870,330.916,18.904,311.464,6.15438,18.886,311.464,6.15154,2
20886,410764,10,3,3,0,0,0,0,4,0,0,309.991,2.066,6.15163,-0.000,328.323,107.366,330.916,301.351,102.698,301.870,330.916,18.904,311.464,6.15431,18.887,311.464,6.15170,2
20901,410774,10,3,3,0,0,0,0,4,0,0,309.991,2.066,6.15167,-0.000,328.323,107.366,330.916,301.351,102.698,301.870,330.916,18.904,311.464,6.15435,18.886,311.464,6.15163,2
20901,410784,10,3,3,0,0,0,0,4,0,0,309.991,2.066,6.15159,-0.000,328.323,107.366,330.916,301.351,102.698,301.870,330.916,18.904,311.464,6.15427,18.887,311.464,6.15167,2
20917,410794,10,3,3,0,0,0,0,4,0,0,309.991,2.066,6.15158,-0.000,328.323,107.366,330.916,301.351,102.698,301.870,330.916,18.904,311.464,6.15425,18.886,311.464,6.15159,2
20932,410804,10,3,3,0,0,0,0,4,0,0,309.991,2.066,6.15147,-0.000,328.323,107.366,330.916,301.351,102.698,301.870,330.916,18.904,311.464,6.15415,18.886,311.464,6.15158,2
20932,410814,10,3,3,0,0,0,0,4,0,0,309.991,2.066,6.15138,-0.000,328.323,107.366,330.916,301.351,102.698,301.870,330.916,18.904,311.464,6.15406,18.886,311.464,6.15147,2
20948,410824,10,3,3,0,0,0,0,4,0,0,309.991,2.066,6.15119,-0.000,328.323,107.366,330.916,301.351,102.698,301.870,330.916,18.904,311.464,6.15386,18.886,311.464,6.15138,2
20964,410834,10,3,3,0,0,0,0,4,0,0,309.991,2.066,6.15119,-0.000,328.323,107.366,330.916,301.351,102.698,301.870,330.916,18.904,311.464,6.15386,18.886,311.464,6.15119,2
20964,410844,10,3,3,0,0,0,0,4,0,0,309.991,2.066,6.15127,-0.000,328.323,107.366,330.916,301.351,102.698,301.870,330.916,18.904,311.464,6.15394,18.886,311.464,6.15119,2
20980,410854,10,3,3,0,0,0,0,4,0,0,309.991,2.066,6.15128,-0.000,328.323,107.366,330.916,301.351,102.698,301.870,330.916,18.904,311.464,6.15396,18.886,311.464,6.15127,2
20995,410864,10,3,3,0,0,0,0,4,0,0,309.991,2.066,6.15131,-0.000,328.323,107.366,330.916,301.351,102.698,301.870,330.916,18.904,311.464,6.15398,18.886,311.464,6.15128,2
20995,410874,10,3,3,0,0,0,0,4,0,0,309.991,2.066,6.15130,-0.000,328.323,107.366,330.916,301.351,102.698,301.870,330.916,18.904,311.464,6.15398,18.886,311.464,6.15131,2
21011,410884,10,3,3,0,0,0,0,4,0,0,309.991,2.066,6.15130,-0.000,328.323,107.366,330.916,301.351,102.698,301.870,330.916,18.904,311.464,6.15398,18.886,311.464,6.15130,2
21011,410894,10,3,3,0,0,0,0,4,0,0,309.991,2.066,6.15136,-0.000,328.323,107.366,330.916,301.351,102.698,301.870,330.916,18.904,311.464,6.15403,18.886,311.464,6.15130,2
21027,410904,10,3,3,0,0,0,0,4,0,0,309.991,2.066,6.15120,-0.000,328.323,107.366,330.916,301.351,102.698,301.870,330.916,18.904,311.464,6.15388,18.886,311.464,6.15136,2
21042,410914,10,3,3,0,0,0,0,4,0,0,309.991,2.066,6.15128,-0.000,328.323,107.366,330.916,301.351,102.698,301.870,330.916,18.904,311.464,6.15395,18.886,311.464,6.15120,2
21042,410924,10,3,3,0,0,0,0,4,0,0,309.991,2.066,6.15141,-0.000,328.323,107.366,330.916,301.351,102.698,301.870,330.916,18.904,311.464,6.15409,18.886,311.464,6.15128,2
21058,410934,10,3,3,0,0,0,0,4,0,0,309.991,2.066,6.15148,-0.000,328.323,107.366,330.916,301.351,102.698,301.870,330.916,18.904,311.464,6.15416,18.886,311.464,6.15141,2
21073,410944,10,3,3,0,0,0,0,4,0,0,309.991,2.066,6.15155,-0.000,328.323,107.366,330.916,301.351,102.698,301.870,330.916,18.904,311.464,6.15423,18.886,311.464,6.15148,2
21073,410954,10,3,3,0,0,0,0,4,0,0,309.991,2.066,6.15145,-0.000,328.323,107.366,330.916,301.351,102.698,301.870,330.916,18.904,311.464,6.15413,18.886,311.464,6.15155,2
21089,410964,10,3,3,0,0,0,0,4,0,0,309.991,2.066,6.15142,-0.000,328.323,107.366,330.916,301.351,102.698,301.870,330.916,18.904,311.464,6.15409,18.886,311.464,6.15145,2
21105,410974,10,3,3,0,0,0,0,4,0,0,309.991,2.066,6.15154,-0.000,328.323,107.366,330.916,301.351,102.698,301.870,330.916,18.904,311.464,6.15422,18.886,311.464,6.15142,2
21105,410984,10,3,3,0,0,0,0,4,0,0,309.991,2.066,6.15141,-0.000,328.323,107.366,330.916,301.351,102.698,301.870,330.916,18.904,311.464,6.15409,18.886,311.464,6.15154,2
21121,410994,10,3,3,0,0,0,0,4,0,0,309.991,2.066,6.15140,-0.000,328.323,107.366,330.916,301.351,102.698,301.870,330.916,18.904,311.464,6.15407,18.886,311.464,6.15141,2
21121,411004,10,3,3,0,0,0,0,4,0,0,309.991,2.066,6.15145,-0.000,328.323,107.366,330.916,301.351,102.698,301.870,330.916,18.904,311.464,6.15413,18.886,311.464,6.15140,2
21136,411014,10,3,3,0,0,0,0,4,0,0,309.991,2.066,6.15123,-0.000,328.323,107.366,330.916,301.351,102.698,301.870,330.916,18.904,311.464,6.15390,18.886,311.464,6.15145,2
21151,411024,10,3,3,0,0,0,0,4,0,0,309.991,2.066,6.15118,-0.000,328.323,107.366,330.916,301.351,102.698,301.870,330.916,18.904,311.464,6.15386,18.886,311.464,6.15123,2
21151,411034,10,3,3,0,0,0,0,4,0,0,309.991,2.066,6.15108,-0.000,328.323,107.366,330.916,301.351,102.698,301.870,330.916,18.904,311.464,6.15375,18.886,311.464,6.15118,2
21167,411044,10,3,3,0,0,0,0,4,0,0,309.991,2.066,6.15100,-0.000,328.323,107.366,330.916,301.351,102.698,301.870,330.916,18.904,311.464,6.15367,18.886,311.464,6.15108,2
21183,411054,10,3,3,0,0,0,0,4,0,0,309.991,2.066,6.15103,-0.000,328.323,107.366,330.916,301.351,102.698,301.870,330.916,18.904,311.464,6.15371,18.886,311.464,6.15100,2
21183,411064,10,3,3,0,0,0,0,4,0,0,309.991,2.066,6.15128,-0.000,328.323,107.366,330.916,301.351,102.698,301.870,330.916,18.904,311.464,6.15396,18.886,311.464,6.15103,2
21198,411074,10,3,3,0,0,0,0,4,0,0,309.991,2.066,6.15104,-0.000,328.323,107.366,330.916,301.351,102.698,301.870,330.916,18.904,311.464,6.15372,18.886,311.464,6.15128,2
21214,411084,10,3,3,0,0,0,0,4,0,0,309.991,2.066,6.15128,-0.000,328.323,107.366,330.916,301.351,102.698,301.870,330.916,18.904,311.464,6.15395,18.886,311.464,6.15104,2
21214,411094,10,3,3,0,0,0,0,4,0,0,309.991,2.066,6.15134,-0.000,328.323,107.366,330.916,301.351,102.698,301.870,330.916,18.904,311.464,6.15402,18.886,311.464,6.15128,2
21229,411104,10,3,3,0,0,0,0,4,0,0,309.991,2.066,6.15138,-0.000,328.323,107.366,330.916,301.351,102.698,301.870,330.916,18.904,311.464,6.15406,18.886,311.464,6.15134,2
21244,411114,10,3,3,0,0,0,0,4,0,0,309.991,2.066,6.15146,-0.000,328.323,107.366,330.916,301.351,102.698,301.870,330.916,18.904,311.464,6.15413,18.886,311.464,6.15138,2
21244,411124,10,3,3,0,0,0,0,4,0,0,309.991,2.066,6.15143,-0.000,328.323,107.366,330.916,301.351,102.698,301.870,330.916,18.904,311.464,6.15410,18.886,311.464,6.15146,2
21261,411134,10,3,3,0,0,0,0,4,0,0,309.991,2.066,6.15144,-0.000,328.323,107.366,330.916,301.351,102.698,301.870,330.916,18.904,311.464,6.15412,18.886,311.464,6.15143,2
21276,411144,10,3,3,0,0,0,0,4,0,0,309.991,2.066,6.15153,-0.000,328.323,107.366,330.916,301.351,102.698,301.870,330.916,18.904,311.464,6.15421,18.886,311.464,6.15144,2
21276,411154,10,3,3,0,0,0,0,4,0,0,309.991,2.066,6.15160,-0.000,328.323,107.366,330.916,301.351,102.698,301.870,330.916,18.904,311.464,6.15427,18.886,311.464,6.15153,2
21291,411164,10,3,3,0,0,0,0,4,0,0,309.991,2.066,6.15159,-0.000,328.323,107.366,330.916,301.351,102.698,301.870,330.916,18.904,311.464,6.15427,18.886,311.464,6.15160,2
21291,411174,10,3,3,0,0,0,0,4,0,0,309.991,2.066,6.15146,-0.000,328.323,107.366,330.916,301.351,102.698,301.870,330.916,18.904,311.464,6.15414,18.886,311.464,6.15159,2
21307,411184,10,3,3,0,0,0,0,4,0,0,309.991,2.066,6.15142,-0.000,328.323,107.366,330.916,301.351,102.698,301.870,330.916,18.904,311.464,6.15409,18.886,311.464,6.15146,2
21323,411194,10,3,3,0,0,0,0,4,0,0,309.991,2.066,6.15133,-0.000,328.323,107.366,330.916,301.351,102.698,301.870,330.916,18.904,311.464,6.15401,18.886,311.464,6.15142,2
21323,411204,10,3,3,0,0,0,0,4,0,0,309.991,2.066,6.15145,-0.000,328.323,107.366,330.916,301.351,102.698,301.870,330.916,18.904,311.464,6.15412,18.886,311.464,6.15133,2
21338,411214,10,3,3,0,0,0,0,4,0,0,309.991,2.066,6.15169,-0.000,328.323,107.366,330.916,301.351,102.698,301.870,330.916,18.904,311.464,6.15437,18.886,311.464,6.15145,2
21353,411224,10,3,3,0,0,0,0,4,0,0,309.991,2.066,6.15161,-0.000,328.323,107.366,330.916,301.351,102.698,301.870,330.916,18.904,311.464,6.15428,18.887,311.464,6.15169,2
21353,411234,10,3,3,0,0,0,0,4,0,0,309.991,2.066,6.15152,-0.000,328.323,107.366,330.916,301.351,102.698,301.870,330.916,18.904,311.464,6.15420,18.886,311.464,6.15161,2
21370,411244,10,3,3,0,0,0,0,4,0,0,309.991,2.066,6.15130,-0.000,328.323,107.366,330.916,301.351,102.698,301.870,330.916,18.904,311.464,6.15398,18.886,311.464,6.15152,2
21385,411254,10,3,3,0,0,0,0,4,0,0,309.991,2.066,6.15129,-0.000,328.323,107.366,330.916,301.351,102.698,301.870,330.916,18.904,311.464,6.15396,18.886,311.464,6.15130,2
21385,411264,10,3,3,0,0,0,0,4,0,0,309.991,2.066,6.15131,-0.000,328.323,107.366,330.916,301.351,102.698,301.870,330.916,18.904,311.464,6.15399,18.886,311.464,6.15128,2
21401,411274,10,3,3,0,0,0,0,4,0,0,309.991,2.066,6.15116,-0.000,328.323,107.366,330.916,301.351,102.698,301.870,330.916,18.904,311.464,6.15383,18.886,311.464,6.15131,2
21401,411284,10,3,3,0,0,0,0,4,0,0,309.991,2.066,6.15092,-0.000,328.323,107.366,330.916,301.351,102.698,301.870,330.916,18.903,311.464,6.15360,18.886,311.464,6.15116,2
21417,411294,10,3,3,0,0,0,0,4,0,0,309.991,2.066,6.15124,-0.000,328.323,107.366,330.916,301.351,102.698,301.870,330.916,18.904,311.464,6.15391,18.886,311.464,6.15092,2
21433,411304,10,3,3,0,0,0,0,4,0,0,309.991,2.066,6.15141,-0.000,328.323,107.366,330.916,301.351,102.698,301.870,330.916,18.904,311.464,6.15409,18.886,311.464,6.15124,2
21433,411314,10,3,3,0,0,0,0,4,0,0,309.991,2.066,6.15160,-0.000,328.323,107.366,330.916,301.351,102.698,301.870,330.916,18.904,311.464,6.15428,18.886,311.464,6.15141,2
21448,411324,10,3,3,0,0,0,0,4,0,0,309.991,2.066,6.15147,-0.000,328.323,107.366,330.916,301.351,102.698,301.870,330.916,18.904,311.464,6.15415,18.886,311.464,6.15160,2
21465,411334,10,3,3,0,0,0,0,4,0,0,309.991,2.066,6.15148,-0.000,328.323,107.366,330.916,301.351,102.698,301.870,330.916,18.904,311.464,6.15416,18.886,311.464,6.15147,2
21465,411344,10,3,3,0,0,0,0,4,0,0,309.991,2.066,6.15188,-0.000,328.323,107.366,330.916,301.351,102.698,301.870,330.916,18.905,311.464,6.15456,18.886,311.464,6.15148,2
21479,411354,10,3,3,0,0,0,0,4,0,0,309.991,2.066,6.15204,-0.000,328.323,107.366,330.916,301.351,102.698,301.870,330.916,18.905,311.464,6.15472,18.887,311.464,6.15188,2
21494,411364,10,3,3,0,0,0,0,4,0,0,309.991,2.066,6.15203,-0.000,328.323,107.366,330.916,301.351,102.698,301.870,330.916,18.905,311.464,6.15470,18.887,311.464,6.15204,2
21494,411374,10,3,3,0,0,0,0,4,0,0,309.991,2.066,6.15199,-0.000,328.323,107.366,330.916,301.351,102.698,301.870,330.916,18.905,311.464,6.15467,18.887,311.464,6.15203,2
21511,411384,10,3,3,0,0,0,0,4,0,0,309.991,2.066,6.15204,-0.000,328.323,107.366,330.916,301.351,102.698,301.870,330.916,18.905,311.464,6.15472,18.887,311.464,6.15199,2
21527,411394,10,3,3,0,0,0,0,4,0,0,309.991,2.066,6.15189,-0.000,328.323,107.366,330.916,301.351,102.698,301.870,330.916,18.905,311.464,6.15456,18.887,311.464,6.15204,2
21527,411404,10,3,3,0,0,0,0,4,0,0,309.991,2.066,6.15212,-0.000,328.323,107.366,330.916,301.351,102.698,301.870,330.916,18.905,311.465,6.15479,18.887,311.464,6.15189,2
21542,411414,10,3,3,0,0,0,0,4,0,0,309.991,2.066,6.15190,-0.000,328.323,107.366,330.916,301.351,102.698,301.870,330.916,18.905,311.464,6.15458,18.887,311.464,6.15212,2
21542,411424,10,3,3,0,0,0,0,4,0,0,309.991,2.066,6.15154,-0.000,328.323,107.366,330.916,301.351,102.698,301.870,330.916,18.904,311.464,6.15422,18.887,311.464,6.15190,2
21557,411434,10,3,3,0,0,0,0,4,0,0,309.991,2.066,6.15149,-0.000,328.323,107.366,330.916,301.351,102.698,301.870,330.916,18.904,311.464,6.15417,18.886,311.464,6.15154,2
21572,411444,10,3,3,0,0,0,0,4,0,0,309.991,2.066,6.15149,-0.000,328.323,107.366,330.916,301.351,102.698,301.870,330.916,18.904,311.464,6.15417,18.886,311.464,6.15149,2
21572,411454,10,3,3,0,0,0,0,4,0,0,309.991,2.066,6.15136,-0.000,328.323,107.366,330.916,301.351,102.698,301.870,330.916,18.904,311.464,6.15404,18.886,311.464,6.15149,2
21590,411464,10,3,3,0,0,0,0,4,0,0,309.991,2.066,6.15149,-0.000,328.323,107.366,330.916,301.351,102.698,301.870,330.916,18.904,311.464,6.15417,18.886,311.464,6.15136,2
21604,411474,10,3,3,0,0,0,0,4,0,0,309.991,2.066,6.15154,-0.000,328.323,107.366,330.916,301.351,102.698,301.870,330.916,18.904,311.464,6.15421,18.886,311.464,6.15149,2
21604,411484,10,3,3,0,0,0,0,4,0,0,309.991,2.066,6.15173,-0.000,328.323,107.366,330.916,301.351,102.698,301.870,330.916,18.904,311.464,6.15440,18.886,311.464,6.15154,2
21620,411494,10,3,3,0,0,0,0,4,0,0,309.991,2.066,6.15180,-0.000,328.323,107.366,330.916,301.351,102.698,301.870,330.916,18.905,311.464,6.15448,18.887,311.464,6.15173,2
21636,411504,10,3,3,0,0,0,0,4,0,0,309.991,2.066,6.15166,-0.000,328.323,107.366,330.916,301.351,102.698,301.870,330.916,18.904,311.464,6.15434,18.887,311.464,6.15180,2
21636,411514,10,3,3,0,0,0,0,4,0,0,309.991,2.066,6.15155,-0.000,328.323,107.366,330.916,301.351,102.698,301.870,330.916,18.904,311.464,6.15423,18.887,311.464,6.15166,2
21651,411524,10,3,3,0,0,0,0,4,0,0,309.991,2.066,6.15170,-0.000,328.323,107.366,330.916,301.351,102.698,301.870,330.916,18.904,311.464,6.15437,18.886,311.464,6.15155,2
21651,411534,10,3,3,0,0,0,0,4,0,0,309.991,2.066,6.15175,-0.000,328.323,107.366,330.916,301.351,102.698,301.870,330.916,18.905,311.464,6.15443,18.887,311.464,6.15170,2
21667,411544,10,3,3,0,0,0,0,4,0,0,309.991,2.066,6.15164,-0.000,328.323,107.366,330.916,301.351,102.698,301.870,330.916,18.904,311.464,6.15431,18.887,311.464,6.15175,2
21683,411554,10,3,3,0,0,0,0,4,0,0,309.991,2.066,6.15171,-0.000,328.323,107.366,330.916,301.351,102.698,301.870,330.916,18.904,311.464,6.15438,18.887,311.464,6.15164,2
21683,411564,10,3,3,0,0,0,0,4,0,0,309.991,2.066,6.15173,-0.000,328.323,107.366,330.916,301.351,102.698,301.870,330.916,18.904,311.464,6.15441,18.887,311.464,6.15170,2
21697,411574,10,3,3,0,0,0,0,4,0,0,309.991,2.066,6.15161,-0.000,328.323,107.366,330.916,301.351,102.698,301.870,330.916,18.904,311.464,6.15429,18.887,311.464,6.15173,2
21712,411584,10,3,3,0,0,0,0,4,0,0,309.991,2.066,6.15183,-0.000,328.323,107.366,330.916,301.351,102.698,301.870,330.916,18.905,311.464,6.15451,18.886,311.464,6.15161,2
21712,411594,10,3,3,0,0,0,0,4,0,0,309.991,2.066,6.15193,-0.000,328.323,107.366,330.916,301.351,102.698,301.870,330.916,18.905,311.464,6.15460,18.887,311.464,6.15183,2
21729,411604,10,3,3,0,0,0,0,4,0,0,309.991,2.066,6.15195,-0.000,328.323,107.366,330.916,301.351,102.698,301.870,330.916,18.905,311.464,6.15463,18.887,311.464,6.15193,2
21744,411614,10,3,3,0,0,0,0,4,0,0,309.991,2.066,6.15203,-0.000,328.323,107.366,330.916,301.351,102.698,301.870,330.916,18.905,311.464,6.15470,18.887,311.464,6.15195,2
21744,411624,10,3,3,0,0,0,0,4,0,0,309.991,2.066,6.15205,-0.000,328.323,107.366,330.916,301.351,102.698,301.870,330.916,18.905,311.464,6.15472,18.887,311.464,6.15203,2
21759,411634,10,3,3,0,0,0,0,4,0,0,309.991,2.066,6.15198,-0.000,328.323,107.366,330.916,301.351,102.698,301.870,330.916,18.905,311.464,6.15466,18.887,311.464,6.15205,2
21776,411644,10,3,3,0,0,0,0,4,0,0,309.991,2.066,6.15183,-0.000,328.323,107.366,330.916,301.351,102.698,301.870,330.916,18.905,311.464,6.15451,18.887,311.464,6.15198,2
21776,411654,10,3,3,0,0,0,0,4,0,0,309.991,2.066,6.15203,-0.000,328.323,107.366,330.916,301.351,102.698,301.870,330.916,18.905,311.464,6.15471,18.887,311.464,6.15183,2
21791,411664,10,3,3,0,0,0,0,4,0,0,309.991,2.066,6.15179,-0.000,328.323,107.366,330.916,301.351,102.698,301.870,330.916,18.905,311.464,6.15447,18.887,311.464,6.15203,2
21806,411674,10,3,3,0,0,0,0,4,0,0,309.991,2.066,6.15171,-0.000,328.323,107.366,330.916,301.351,102.698,301.870,330.916,18.904,311.464,6.15439,18.887,311.464,6.15179,2
21806,411684,10,3,3,0,0,0,0,4,0,0,309.991,2.066,6.15165,-0.000,328.323,107.366,330.916,301.351,102.698,301.870,330.916,18.904,311.464,6.15433,18.887,311.464,6.15171,2
21822,411694,10,3,3,0,0,0,0,4,0,0,309.991,2.066,6.15163,-0.000,328.323,107.366,330.916,301.351,102.698,301.870,330.916,18.904,311.464,6.15430,18.887,311.464,6.15165,2
21822,411704,10,3,3,0,0,0,0,4,0,0,309.991,2.066,6.15157,-0.000,328.323,107.366,330.916,301.351,102.698,301.870,330.916,18.904,311.464,6.15425,18.886,311.464,6.15163,2
21838,411714,10,3,3,0,0,0,0,4,0,0,309.991,2.066,6.15135,-0.000,328.323,107.366,330.916,301.351,102.698,301.870,330.916,18.904,311.464,6.15402,18.886,311.464,6.15157,2
21854,411724,10,3,3,0,0,0,0,4,0,0,309.991,2.066,6.15142,-0.000,328.323,107.366,330.916,301.351,102.698,301.870,330.916,18.904,311.464,6.15410,18.886,311.464,6.15135,2
21854,411734,10,3,3,0,0,0,0,4,0,0,309.991,2.066,6.15140,-0.000,328.323,107.366,330.916,301.351,102.698,301.870,330.916,18.904,311.464,6.15407,18.886,311.464,6.15142,2
21868,411744,10,3,3,0,0,0,0,4,0,0,309.991,2.066,6.15127,-0.000,328.323,107.366,330.916,301.351,102.698,301.870,330.916,18.904,311.464,6.15395,18.886,311.464,6.15140,2
21885,411754,10,3,3,0,0,0,0,4,0,0,309.991,2.066,6.15125,-0.000,328.323,107.366,330.916,301.351,102.698,301.870,330.916,18.904,311.464,6.15392,18.886,311.464,6.15127,2
21885,411764,10,3,3,0,0,0,0,4,0,0,309.991,2.066,6.15119,-0.000,328.323,107.366,330.916,301.351,102.698,301.870,330.916,18.904,311.464,6.15386,18.886,311.464,6.15125,2
21901,411774,10,3,3,0,0,0,0,4,0,0,309.991,2.066,6.15129,-0.000,328.323,107.366,330.916,301.351,102.698,301.870,330.916,18.904,311.464,6.15397,18.886,311.464,6.15119,2
21916,411784,10,3,3,0,0,0,0,4,0,0,309.991,2.066,6.15136,-0.000,328.323,107.366,330.916,301.351,102.698,301.870,330.916,18.904,311.464,6.15403,18.886,311.464,6.15129,2
21916,411794,10,3,3,0,0,0,0,4,0,0,309.991,2.066,6.15170,-0.000,328.323,107.366,330.916,301.351,102.698,301.870,330.916,18.904,311.464,6.15438,18.886,311.464,6.15136,2
21931,411804,10,3,3,0,0,0,0,4,0,0,309.991,2.066,6.15164,-0.000,328.323,107.366,330.916,301.351,102.698,301.870,330.916,18.904,311.464,6.15431,18.887,311.464,6.15170,2
21946,411814,10,3,3,0,0,0,0,4,0,0,309.991,2.066,6.15140,-0.000,328.323,107.366,330.916,301.351,102.698,301.870,330.916,18.904,311.464,6.15408,18.886,311.464,6.15164,2
21946,411824,10,3,3,0,0,0,0,4,0,0,309.991,2.066,6.15142,-0.000,328.323,107.366,330.916,301.351,102.698,301.870,330.916,18.904,311.464,6.15409,18.886,311.464,6.15140,2
21961,411834,10,3,3,0,0,0,0,4,0,0,309.991,2.066,6.15137,-0.000,328.323,107.366,330.916,301.351,102.698,301.870,330.916,18.904,311.464,6.15405,18.886,311.464,6.15142,2
21961,411844,10,3,3,0,0,0,0,4,0,0,309.991,2.066,6.15128,-0.000,328.323,107.366,330.916,301.351,102.698,301.870,330.916,18.904,311.464,6.15395,18.886,311.464,6.15137,2
21977,411854,10,3,3,0,0,0,0,4,0,0,309.991,2.066,6.15145,-0.000,328.323,107.366,330.916,301.351,102.698,301.870,330.916,18.904,311.464,6.15413,18.886,311.464,6.15128,2
21993,411864,10,3,3,0,0,0,0,4,0,0,309.991,2.066,6.15153,-0.000,328.323,107.366,330.916,301.351,102.698,301.870,330.916,18.904,311.464,6.15420,18.886,311.464,6.15145,2
21993,411874,10,3,3,0,0,0,0,4,0,0,309.991,2.066,6.15135,-0.000,328.323,107.366,330.916,301.351,102.698,301.870,330.916,18.904,311.464,6.15403,18.886,311.464,6.15153,2
22009,411884,10,3,3,0,0,0,0,4,0,0,309.991,2.066,6.15100,-0.000,328.323,107.366,330.916,301.351,102.698,301.870,330.916,18.904,311.464,6.15367,18.886,311.464,6.15135,2
22024,411894,10,3,3,0,0,0,0,4,0,0,309.991,2.066,6.15105,-0.000,328.323,107.366,330.916,301.351,102.698,301.870,330.916,18.904,311.464,6.15372,18.886,311.464,6.15100,2
22024,411904,10,3,3,0,0,0,0,4,0,0,309.991,2.066,6.15134,-0.000,328.323,107.366,330.916,301.351,102.698,301.870,330.916,18.904,311.464,6.15401,18.886,311.464,6.15105,2
22040,411914,10,3,3,0,0,0,0,4,0,0,309.991,2.066,6.15122,-0.000,328.323,107.366,330.916,301.351,102.698,301.870,330.916,18.904,311.464,6.15390,18.886,311.464,6.15134,2
22055,411924,10,3,3,0,0,0,0,4,0,0,309.991,2.066,6.15144,-0.000,328.323,107.366,330.916,301.351,102.698,301.870,330.916,18.904,311.464,6.15411,18.886,311.464,6.15122,2
22055,411934,10,3,3,0,0,0,0,4,0,0,309.991,2.066,6.15138,-0.000,328.323,107.366,330.916,301.351,102.698,301.870,330.916,18.904,311.464,6.15405,18.886,311.464,6.15143,2
22070,411944,10,3,3,0,0,0,0,4,0,0,309.991,2.066,6.15164,-0.000,328.323,107.366,330.916,301.351,102.698,301.870,330.916,18.904,311.464,6.15432,18.886,311.464,6.15138,2
22085,411954,10,3,3,0,0,0,0,4,0,0,309.991,2.066,6.15166,-0.000,328.323,107.366,330.916,301.351,102.698,301.870,330.916,18.904,311.464,6.15433,18.887,311.464,6.15164,2
22085,411964,10,3,3,0,0,0,0,4,0,0,309.991,2.066,6.15182,-0.000,328.323,107.366,330.916,301.351,102.698,301.870,330.916,18.905,311.464,6.15450,18.887,311.464,6.15166,2
22101,411974,10,3,3,0,0,0,0,4,0,0,309.991,2.066,6.15180,-0.000,328.323,107.366,330.916,301.351,102.698,301.870,330.916,18.905,311.464,6.15447,18.887,311.464,6.15182,2
22101,411984,10,3,3,0,0,0,0,4,0,0,309.991,2.066,6.15184,-0.000,328.323,107.366,330.916,301.351,102.698,301.870,330.916,18.905,311.464,6.15451,18.887,311.464,6.15180,2
22116,411994,10,3,3,0,0,0,0,4,0,0,309.991,2.066,6.15190,-0.000,328.323,107.366,330.916,301.351,102.698,301.870,330.916,18.905,311.464,6.15457,18.887,311.464,6.15184,2
22133,412004,10,3,3,0,0,0,0,4,0,0,309.991,2.066,6.15191,-0.000,328.323,107.366,330.916,301.351,102.698,301.870,330.916,18.905,311.464,6.15459,18.887,311.464,6.15190,2
22133,412014,10,3,3,0,0,0,0,4,0,0,309.991,2.066,6.15187,-0.000,328.323,107.366,330.916,301.351,102.698,301.870,330.916,18.905,311.464,6.15454,18.887,311.464,6.15191,2
22148,412024,10,3,3,0,0,0,0,4,0,0,309.991,2.066,6.15190,-0.000,328.323,107.366,330.916,301.351,102.698,301.870,330.916,18.905,311.464,6.15457,18.887,311.464,6.15187,2
22164,412034,10,3,3,0,0,0,0,4,0,0,309.991,2.066,6.15185,-0.000,328.323,107.366,330.916,301.351,102.698,301.870,330.916,18.905,311.464,6.15452,18.887,311.464,6.15190,2
22164,412044,10,3,3,0,0,0,0,4,0,0,309.991,2.066,6.15166,-0.000,328.323,107.366,330.916,301.351,102.698,301.870,330.916,18.904,311.464,6.15433,18.887,311.464,6.15185,2
22180,412054,10,3,3,0,0,0,0,4,0,0,309.991,2.066,6.15169,-0.000,328.323,107.366,330.916,301.351,102.698,301.870,330.916,18.904,311.464,6.15436,18.887,311.464,6.15166,2
22195,412064,10,3,3,0,0,0,0,4,0,0,309.991,2.066,6.15176,-0.000,328.323,107.366,330.916,301.351,102.698,301.870,330.916,18.905,311.464,6.15444,18.887,311.464,6.15169,2
22195,412074,10,3,3,0,0,0,0,4,0,0,309.991,2.066,6.15178,-0.000,328.323,107.366,330.916,301.351,102.698,301.870,330.916,18.905,311.464,6.15446,18.887,311.464,6.15176,2
22211,412084,10,3,3,0,0,0,0,4,0,0,309.991,2.066,6.15190,-0.000,328.323,107.366,330.916,301.351,102.698,301.870,330.916,18.905,311.464,6.15458,18.887,311.464,6.15178,2
22211,412094,10,3,3,0,0,0,0,4,0,0,309.991,2.066,6.15199,-0.000,328.323,107.366,330.916,301.351,102.698,301.870,330.916,18.905,311.464,6.15467,18.887,311.464,6.15190,2
22227,412104,10,3,3,0,0,0,0,4,0,0,309.991,2.066,6.15178,-0.000,328.323,107.366,330.916,301.351,102.698,301.870,330.916,18.905,311.464,6.15446,18.887,311.464,6.15199,2
22243,412114,10,3,3,0,0,0,0,4,0,0,309.991,2.066,6.15171,-0.000,328.323,107.366,330.916,301.351,102.698,301.870,330.916,18.904,311.464,6.15439,18.887,311.464,6.15178,2
22243,412124,10,3,3,0,0,0,0,4,0,0,309.991,2.066,6.15168,-0.000,328.323,107.366,330.916,301.351,102.698,301.870,330.916,18.904,311.464,6.15435,18.887,311.464,6.15171,2
22257,412134,10,3,3,0,0,0,0,4,0,0,309.991,2.066,6.15162,-0.000,328.323,107.366,330.916,301.351,102.698,301.870,330.916,18.904,311.464,6.15430,18.887,311.464,6.15168,2
22273,412144,10,3,3,0,0,0,0,4,0,0,309.991,2.066,6.15152,-0.000,328.323,107.366,330.916,301.351,102.698,301.870,330.916,18.904,311.464,6.15420,18.886,311.464,6.15162,2
22273,412154,10,3,3,0,0,0,0,4,0,0,309.991,2.066,6.15168,-0.000,328.323,107.366,330.916,301.351,102.698,301.870,330.916,18.904,311.464,6.15435,18.886,311.464,6.15152,2
22288,412164,10,3,3,0,0,0,0,4,0,0,309.991,2.066,6.15174,-0.000,328.323,107.366,330.916,301.351,102.698,301.870,330.916,18.905,311.464,6.15442,18.887,311.464,6.15168,2
22304,412174,10,3,3,0,0,0,0,4,0,0,309.991,2.066,6.15182,-0.000,328.323,107.366,330.916,301.351,102.698,301.870,330.916,18.905,311.464,6.15450,18.887,311.464,6.15174,2
22304,412184,10,3,3,0,0,0,0,4,0,0,309.991,2.066,6.15146,-0.000,328.323,107.366,330.916,301.351,102.698,301.870,330.916,18.904,311.464,6.15413,18.887,311.464,6.15182,2
22334,412194,10,3,3,0,0,0,0,4,0,0,309.991,2.066,6.15145,-0.000,328.323,107.366,330.916,301.351,102.698,301.870,330.916,18.904,311.464,6.15413,18.886,311.464,6.15146,2
22334,412204,10,3,3,0,0,0,0,4,0,0,309.991,2.066,6.15139,-0.000,328.323,107.366,330.916,301.351,102.698,301.870,330.916,18.904,311.464,6.15406,18.886,311.464,6.15145,2
22334,412214,10,3,3,0,0,0,0,4,0,0,309.991,2.066,6.15140,-0.000,328.323,107.366,330.916,301.351,102.698,301.870,330.916,18.904,311.464,6.15408,18.886,311.464,6.15139,2
22365,412224,10,3,3,0,0,0,0,4,0,0,309.991,2.066,6.15162,-0.000,328.323,107.366,330.916,301.351,102.698,301.870,330.916,18.904,311.464,6.15429,18.886,311.464,6.15140,2
22365,412234,10,3,3,0,0,0,0,4,0,0,309.991,2.066,6.15162,-0.000,328.323,107.366,330.916,301.351,102.698,301.870,330.916,18.904,311.464,6.15430,18.886,311.464,6.15162,2
22365,412244,10,3,3,0,0,0,0,4,0,0,309.991,2.066,6.15166,-0.000,328.323,107.366,330.916,301.351,102.698,301.870,330.916,18.904,311.464,6.15434,18.886,311.464,6.15162,2
22396,412254,10,3,3,0,0,0,0,4,0,0,309.991,2.066,6.15181,-0.000,328.323,107.366,330.916,301.351,102.698,301.870,330.916,18.905,311.464,6.15449,18.887,311.464,6.15166,2
22396,412264,10,3,3,0,0,0,0,4,0,0,309.991,2.066,6.15218,-0.000,328.323,107.366,330.916,301.351,102.698,301.870,330.916,18.905,311.465,6.15486,18.887,311.464,6.15181,2
22396,412274,10,3,3,0,0,0,0,4,0,0,309.991,2.066,6.15212,-0.000,328.323,107.366,330.916,301.351,102.698,301.870,330.916,18.905,311.465,6.15479,18.887,311.464,6.15218,2
22411,412284,10,3,3,0,0,0,0,4,0,0,309.991,2.066,6.15195,-0.000,328.323,107.366,330.916,301.351,102.698,301.870,330.916,18.905,311.464,6.15463,18.887,311.464,6.15212,2
22411,412294,10,3,3,0,0,0,0,4,0,0,309.991,2.066,6.15195,-0.000,328.323,107.366,330.916,301.351,102.698,301.870,330.916,18.905,311.464,6.15462,18.887,311.464,6.15196,2
22428,412304,10,3,3,0,0,0,0,4,0,0,309.991,2.066,6.15200,-0.000,328.323,107.366,330.916,301.351,102.698,301.870,330.916,18.905,311.464,6.15467,18.887,311.464,6.15195,2
22459,412314,10,3,3,0,0,0,0,4,0,0,309.991,2.066,6.15184,-0.000,328.323,107.366,330.916,301.351,102.698,301.870,330.916,18.905,311.464,6.15452,18.887,311.464,6.15200,2
22459,412324,10,3,3,0,0,0,0,4,0,0,309.991,2.066,6.15191,-0.000,328.323,107.366,330.916,301.351,102.698,301.870,330.916,18.905,311.464,6.15459,18.887,311.464,6.15184,2
22459,412334,10,3,3,0,0,0,0,4,0,0,309.991,2.066,6.15190,-0.000,328.323,107.366,330.916,301.351,102.698,301.870,330.916,18.905,311.464,6.15457,18.887,311.464,6.15191,2
22490,412344,10,3,3,0,0,0,0,4,0,0,309.991,2.066,6.15173,-0.000,328.323,107.366,330.916,301.351,102.698,301.870,330.916,18.904,311.464,6.15441,18.887,311.464,6.15190,2
22490,412354,10,3,3,0,0,0,0,4,0,0,309.991,2.066,6.15182,-0.000,328.323,107.366,330.916,301.351,102.698,301.870,330.916,18.905,311.464,6.15449,18.887,311.464,6.15173,2
22490,412364,10,3,3,0,0,0,0,4,0,0,309.991,2.066,6.15172,-0.000,328.323,107.366,330.916,301.351,102.698,301.870,330.916,18.904,311.464,6.15439,18.887,311.464,6.15182,2
22521,412374,10,3,3,0,0,0,0,4,0,0,309.991,2.066,6.15160,-0.000,328.323,107.366,330.916,301.351,102.698,301.870,330.916,18.904,311.464,6.15428,18.887,311.464,6.15172,2
22521,412384,10,3,3,0,0,0,0,4,0,0,309.991,2.066,6.15176,-0.000,328.323,107.366,330.916,301.351,102.698,301.870,330.916,18.905,311.464,6.15443,18.886,311.464,6.15160,2
22521,412394,10,3,3,0,0,0,0,4,0,0,309.991,2.066,6.15159,-0.000,328.323,107.366,330.916,301.351,102.698,301.870,330.916,18.904,311.464,6.15426,18.887,311.464,6.15176,2
22521,412404,10,3,3,0,0,0,0,4,0,0,309.991,2.066,6.15141,-0.000,328.323,107.366,330.916,301.351,102.698,301.870,330.916,18.904,311.464,6.15408,18.886,311.464,6.15159,2
22552,412414,10,3,3,0,0,0,0,4,0,0,309.991,2.066,6.15148,-0.000,328.323,107.366,330.916,301.351,102.698,301.870,330.916,18.904,311.464,6.15416,18.886,311.464,6.15141,2
22552,412424,10,3,3,0,0,0,0,4,0,0,309.991,2.066,6.15147,-0.000,328.323,107.366,330.916,301.351,102.698,301.870,330.916,18.904,311.464,6.15415,18.886,311.464,6.15148,2
22552,412434,10,3,3,0,0,0,0,4,0,0,309.991,2.066,6.15154,-0.000,328.323,107.366,330.916,301.351,102.698,301.870,330.916,18.904,311.464,6.15422,18.886,311.464,6.15147,2
22569,412444,10,3,3,0,0,0,0,4,0,0,309.991,2.066,6.15146,-0.000,328.323,107.366,330.916,301.351,102.698,301.870,330.916,18.904,311.464,6.15413,18.886,311.464,6.15154,2
22584,412454,10,3,3,0,0,0,0,4,0,0,309.991,2.066,6.15152,-0.000,328.323,107.366,330.916,301.351,102.698,301.870,330.916,18.904,311.464,6.15419,18.886,311.464,6.15146,2
22584,412464,10,3,3,0,0,0,0,4,0,0,309.991,2.066,6.15145,-0.000,328.323,107.366,330.916,301.351,102.698,301.870,330.916,18.904,311.464,6.15413,18.886,311.464,6.15152,2
22616,412474,10,3,3,0,0,0,0,4,0,0,309.991,2.066,6.15133,-0.000,328.323,107.366,330.916,301.351,102.698,301.870,330.916,18.904,311.464,6.15401,18.886,311.464,6.15145,2
22616,412484,10,3,3,0,0,0,0,4,0,0,309.991,2.066,6.15134,-0.000,328.323,107.366,330.916,301.351,102.698,301.870,330.916,18.904,311.464,6.15401,18.886,311.464,6.15133,2
22616,412494,10,3,3,0,0,0,0,4,0,0,309.991,2.066,6.15141,-0.000,328.323,107.366,330.916,301.351,102.698,301.870,330.916,18.904,311.464,6.15409,18.886,311.464,6.15134,2
22632,412504,10,3,3,0,0,0,0,4,0,0,309.991,2.066,6.15133,-0.000,328.323,107.366,330.916,301.351,102.698,301.870,330.916,18.904,311.464,6.15401,18.886,311.464,6.15141,2
22632,412514,10,3,3,0,0,0,0,4,0,0,309.991,2.066,6.15136,-0.000,328.323,107.366,330.916,301.351,102.698,301.870,330.916,18.904,311.464,6.15403,18.886,311.464,6.15134,2
22647,412524,10,3,3,0,0,0,0,4,0,0,309.991,2.066,6.15147,-0.000,328.323,107.366,330.916,301.351,102.698,301.870,330.916,18.904,311.464,6.15414,18.886,311.464,6.15136,2
22663,412534,10,3,3,0,0,0,0,4,0,0,309.991,2.066,6.15142,-0.000,328.323,107.366,330.916,301.351,102.698,301.870,330.916,18.904,311.464,6.15409,18.886,311.464,6.15147,2
22663,412544,10,3,3,0,0,0,0,4,0,0,309.991,2.066,6.15162,-0.000,328.323,107.366,330.916,301.351,102.698,301.870,330.916,18.904,311.464,6.15429,18.886,311.464,6.15142,2
22678,412554,10,3,3,0,0,0,0,4,0,0,309.991,2.066,6.15158,-0.000,328.323,107.366,330.916,301.351,102.698,301.870,330.916,18.904,311.464,6.15425,18.886,311.464,6.15162,2
22710,412564,10,3,3,0,0,0,0,4,0,0,309.991,2.066,6.15171,-0.000,328.323,107.366,330.916,301.351,102.698,301.870,330.916,18.904,311.464,6.15439,18.886,311.464,6.15158,2
22710,412574,10,3,3,0,0,0,0,4,0,0,309.991,2.066,6.15169,-0.000,328.323,107.366,330.916,301.351,102.698,301.870,330.916,18.904,311.464,6.15437,18.887,311.464,6.15171,2
22710,412584,10,3,3,0,0,0,0,4,0,0,309.991,2.066,6.15163,-0.000,328.323,107.366,330.916,301.351,102.698,301.870,330.916,18.904,311.464,6.15430,18.887,311.464,6.15169,2
22741,412594,10,3,3,0,0,0,0,4,0,0,309.991,2.066,6.15145,-0.000,328.323,107.366,330.916,301.351,102.698,301.870,330.916,18.904,311.464,6.15413,18.886,311.464,6.15163,2
22741,412604,10,3,3,0,0,0,0,4,0,0,309.991,2.066,6.15178,-0.000,328.323,107.366,330.916,301.351,102.698,301.870,330.916,18.905,311.464,6.15445,18.886,311.464,6.15145,2
22741,412614,10,3,3,0,0,0,0,4,0,0,309.991,2.066,6.15166,-0.000,328.323,107.366,330.916,301.351,102.698,301.870,330.916,18.904,311.464,6.15434,18.887,311.464,6.15178,2
22771,412624,10,3,3,0,0,0,0,4,0,0,309.991,2.066,6.15183,-0.000,328.323,107.366,330.916,301.351,102.698,301.870,330.916,18.905,311.464,6.15451,18.887,311.464,6.15166,2
22771,412634,10,3,3,0,0,0,0,4,0,0,309.991,2.066,6.15205,-0.000,328.323,107.366,330.916,301.351,102.698,301.870,330.916,18.905,311.464,6.15472,18.887,311.464,6.15183,2
22771,412644,10,3,3,0,0,0,0,4,0,0,309.991,2.066,6.15186,-0.000,328.323,107.366,330.916,301.351,102.698,301.870,330.916,18.905,311.464,6.15454,18.887,311.464,6.15205,2
22771,412654,10,3,3,0,0,0,0,4,0,0,309.991,2.066,6.15170,-0.000,328.323,107.366,330.916,301.351,102.698,301.870,330.916,18.904,311.464,6.15437,18.887,311.464,6.15187,2
22802,412664,10,3,3,0,0,0,0,4,0,0,309.991,2.066,6.15158,-0.000,328.323,107.366,330.916,301.351,102.698,301.870,330.916,18.904,311.464,6.15426,18.887,311.464,6.15170,2
22802,412674,10,3,3,0,0,0,0,4,0,0,309.991,2.066,6.15148,-0.000,328.323,107.366,330.916,301.351,102.698,301.870,330.916,18.904,311.464,6.15416,18.886,311.464,6.15158,2
22802,412684,10,3,3,0,0,0,0,4,0,0,309.991,2.066,6.15130,-0.000,328.323,107.366,330.916,301.351,102.698,301.870,330.916,18.904,311.464,6.15397,18.886,311.464,6.15148,2
22818,412694,10,3,3,0,0,0,0,4,0,0,309.991,2.066,6.15133,-0.000,328.323,107.366,330.916,301.351,102.698,301.870,330.916,18.904,311.464,6.15400,18.886,311.464,6.15130,2
22836,412704,10,3,3,0,0,0,0,4,0,0,309.991,2.066,6.15129,-0.000,328.323,107.366,330.916,301.351,102.698,301.870,330.916,18.904,311.464,6.15397,18.886,311.464,6.15133,2
22836,412714,10,3,3,0,0,0,0,4,0,0,309.991,2.066,6.15138,-0.000,328.323,107.366,330.916,301.351,102.698,301.870,330.916,18.904,311.464,6.15406,18.886,311.464,6.15129,2
22866,412724,10,3,3,0,0,0,0,4,0,0,309.991,2.066,6.15149,-0.000,328.323,107.366,330.916,301.351,102.698,301.870,330.916,18.904,311.464,6.15417,18.886,311.464,6.15138,2
22866,412734,10,3,3,0,0,0,0,4,0,0,309.991,2.066,6.15158,-0.000,328.323,107.366,330.916,301.351,102.698,301.870,330.916,18.904,311.464,6.15425,18.886,311.464,6.15149,2
22866,412744,10,3,3,0,0,0,0,4,0,0,309.991,2.066,6.15171,-0.000,328.323,107.366,330.916,301.351,102.698,301.870,330.916,18.904,311.464,6.15438,18.886,311.464,6.15158,2
22881,412754,10,3,3,0,0,0,0,4,0,0,309.991,2.066,6.15168,-0.000,328.323,107.366,330.916,301.351,102.698,301.870,330.916,18.904,311.464,6.15436,18.887,311.464,6.15170,2
22881,412764,10,3,3,0,0,0,0,4,0,0,309.991,2.066,6.15169,-0.000,328.323,107.366,330.916,301.351,102.698,301.870,330.916,18.904,311.464,6.15437,18.887,311.464,6.15168,2
22911,412774,10,3,3,0,0,0,0,4,0,0,309.991,2.066,6.15176,-0.000,328.323,107.366,330.916,301.351,102.698,301.870,330.916,18.905,311.464,6.15444,18.887,311.464,6.15169,2
22911,412784,10,3,3,0,0,0,0,4,0,0,309.991,2.066,6.15165,-0.000,328.323,107.366,330.916,301.351,102.698,301.870,330.916,18.904,311.464,6.15432,18.887,311.464,6.15176,2
22911,412794,10,3,3,0,0,0,0,4,0,0,309.991,2.066,6.15133,-0.000,328.323,107.366,330.916,301.351,102.698,301.870,330.916,18.904,311.464,6.15401,18.887,311.464,6.15165,2
22943,412804,10,3,3,0,0,0,0,4,0,0,309.991,2.066,6.15131,-0.000,328.323,107.366,330.916,301.351,102.698,301.870,330.916,18.904,311.464,6.15398,18.886,311.464,6.15133,2
22943,412814,10,3,3,0,0,0,0,4,0,0,309.991,2.066,6.15141,-0.000,328.323,107.366,330.916,301.351,102.698,301.870,330.916,18.904,311.464,6.15409,18.886,311.464,6.15131,2
22943,412824,10,3,3,0,0,0,0,4,0,0,309.991,2.066,6.15133,-0.000,328.323,107.366,330.916,301.351,102.698,301.870,330.916,18.904,311.464,6.15400,18.886,311.464,6.15141,2
22974,412834,10,3,3,0,0,0,0,4,0,0,309.991,2.066,6.15134,-0.000,328.323,107.366,330.916,301.351,102.698,301.870,330.916,18.904,311.464,6.15401,18.886,311.464,6.15133,2
22974,412844,10,3,3,0,0,0,0,4,0,0,309.991,2.066,6.15132,-0.000,328.323,107.366,330.916,301.351,102.698,301.870,330.916,18.904,311.464,6.15400,18.886,311.464,6.15134,2
22974,412854,10,3,3,0,0,0,0,4,0,0,309.991,2.066,6.15143,-0.000,328.323,107.366,330.916,301.351,102.698,301.870,330.916,18.904,311.464,6.15410,18.886,311.464,6.15132,2
23005,412864,10,3,3,0,0,0,0,4,0,0,309.991,2.066,6.15128,-0.000,328.323,107.366,330.916,301.351,102.698,301.870,330.916,18.904,311.464,6.15396,18.886,311.464,6.15143,2
23005,412874,10,3,3,0,0,0,0,4,0,0,309.991,2.066,6.15142,-0.000,328.323,107.366,330.916,301.351,102.698,301.870,330.916,18.904,311.464,6.15410,18.886,311.464,6.15128,2
23005,412884,10,3,3,0,0,0,0,4,0,0,309.991,2.066,6.15158,-0.000,328.323,107.366,330.916,301.351,102.698,301.870,330.916,18.904,311.464,6.15426,18.886,311.464,6.15142,2
23020,412894,10,3,3,0,0,0,0,4,0,0,309.991,2.066,6.15138,-0.000,328.323,107.366,330.916,301.351,102.698,301.870,330.916,18.904,311.464,6.15405,18.886,311.464,6.15158,2
23035,412904,10,3,3,0,0,0,0,4,0,0,309.991,2.066,6.15152,-0.000,328.323,107.366,330.916,301.351,102.698,301.870,330.916,18.904,311.464,6.15420,18.886,311.464,6.15138,2
23035,412914,10,3,3,0,0,0,0,4,0,0,309.991,2.066,6.15156,-0.000,328.323,107.366,330.916,301.351,102.698,301.870,330.916,18.904,311.464,6.15423,18.886,311.464,6.15152,2
23051,412924,10,3,3,0,0,0,0,4,0,0,309.991,2.066,6.15168,-0.000,328.323,107.366,330.916,301.351,102.698,301.870,330.916,18.904,311.464,6.15435,18.886,311.464,6.15156,2
23051,412934,10,3,3,0,0,0,0,4,0,0,309.991,2.066,6.15145,-0.000,328.323,107.366,330.916,301.351,102.698,301.870,330.916,18.904,311.464,6.15412,18.887,311.464,6.15168,2
23066,412944,10,3,3,0,0,0,0,4,0,0,309.991,2.066,6.15126,-0.000,328.323,107.366,330.916,301.351,102.698,301.870,330.916,18.904,311.464,6.15394,18.886,311.464,6.15145,2
23081,412954,10,3,3,0,0,0,0,4,0,0,309.991,2.066,6.15117,-0.000,328.323,107.366,330.916,301.351,102.698,301.870,330.916,18.904,311.464,6.15385,18.886,311.464,6.15126,2
23081,412964,10,3,3,0,0,0,0,4,0,0,309.991,2.066,6.15131,-0.000,328.323,107.366,330.916,301.351,102.698,301.870,330.916,18.904,311.464,6.15398,18.886,311.464,6.15117,2
23098,412974,10,3,3,0,0,0,0,4,0,0,309.991,2.066,6.15136,-0.000,328.323,107.366,330.916,301.351,102.698,301.870,330.916,18.904,311.464,6.15403,18.886,311.464,6.15131,2
23113,412984,10,3,3,0,0,0,0,4,0,0,309.991,2.066,6.15150,-0.000,328.323,107.366,330.916,301.351,102.698,301.870,330.916,18.904,311.464,6.15418,18.886,311.464,6.15136,2
23113,412994,10,3,3,0,0,0,0,4,0,0,309.991,2.066,6.15147,-0.000,328.323,107.366,330.916,301.351,102.698,301.870,330.916,18.904,311.464,6.15415,18.886,311.464,6.15150,2
23129,413004,10,3,3,0,0,0,0,4,0,0,309.991,2.066,6.15148,-0.000,328.323,107.366,330.916,301.351,102.698,301.870,330.916,18.904,311.464,6.15416,18.886,311.464,6.15147,2
23144,413014,10,3,3,0,0,0,0,4,0,0,309.991,2.066,6.15150,-0.000,328.323,107.366,330.916,301.351,102.698,301.870,330.916,18.904,311.464,6.15418,18.886,311.464,6.15148,2
23144,413024,10,3,3,0,0,0,0,4,0,0,309.991,2.066,6.15160,-0.000,328.323,107.366,330.916,301.351,102.698,301.870,330.916,18.904,311.464,6.15428,18.886,311.464,6.15150,2
23161,413034,10,3,3,0,0,0,0,4,0,0,309.991,2.066,6.15153,-0.000,328.323,107.366,330.916,301.351,102.698,301.870,330.916,18.904,311.464,6.15421,18.886,311.464,6.15160,2
23176,413044,10,3,3,0,0,0,0,4,0,0,309.991,2.066,6.15160,-0.000,328.323,107.366,330.916,301.351,102.698,301.870,330.916,18.904,311.464,6.15428,18.886,311.464,6.15153,2
23176,413054,10,3,3,0,0,0,0,4,0,0,309.991,2.066,6.15167,-0.000,328.323,107.366,330.916,301.351,102.698,301.870,330.916,18.904,311.464,6.15435,18.886,311.464,6.15160,2
23191,413064,10,3,3,0,0,0,0,4,0,0,309.991,2.066,6.15144,-0.000,328.323,107.366,330.916,301.351,102.698,301.870,330.916,18.904,311.464,6.15411,18.887,311.464,6.15167,2
23206,413074,10,3,3,0,0,0,0,4,0,0,309.991,2.066,6.15143,-0.000,328.323,107.366,330.916,301.351,102.698,301.870,330.916,18.904,311.464,6.15411,18.886,311.464,6.15144,2
23206,413084,10,3,3,0,0,0,0,4,0,0,309.991,2.066,6.15133,-0.000,328.323,107.366,330.916,301.351,102.698,301.870,330.916,18.904,311.464,6.15401,18.886,311.464,6.15143,2
23222,413094,10,3,3,0,0,0,0,4,0,0,309.991,2.066,6.15147,-0.000,328.323,107.366,330.916,301.351,102.698,301.870,330.916,18.904,311.464,6.15414,18.886,311.464,6.15133,2
23222,413104,10,3,3,0,0,0,0,4,0,0,309.991,2.066,6.15142,-0.000,328.323,107.366,330.916,301.351,102.698,301.870,330.916,18.904,311.464,6.15410,18.886,311.464,6.15147,2
23237,413114,10,3,3,0,0,0,0,4,0,0,309.991,2.066,6.15143,-0.000,328.323,107.366,330.916,301.351,102.698,301.870,330.916,18.904,311.464,6.15410,18.886,311.464,6.15142,2
23252,413124,10,3,3,0,0,0,0,4,0,0,309.991,2.066,6.15125,-0.000,328.323,107.366,330.916,301.351,102.698,301.870,330.916,18.904,311.464,6.15392,18.886,311.464,6.15143,2
23252,413134,10,3,3,0,0,0,0,4,0,0,309.991,2.066,6.15112,-0.000,328.323,107.366,330.916,301.351,102.698,301.870,330.916,18.904,311.464,6.15380,18.886,311.464,6.15125,2
23267,413144,10,3,3,0,0,0,0,4,0,0,309.991,2.066,6.15113,-0.000,328.323,107.366,330.916,301.351,102.698,301.870,330.916,18.904,311.464,6.15380,18.886,311.464,6.15112,2
23283,413154,10,3,3,0,0,0,0,4,0,0,309.991,2.066,6.15129,-0.000,328.323,107.366,330.916,301.351,102.698,301.870,330.916,18.904,311.464,6.15396,18.886,311.464,6.15112,2
23283,413164,10,3,3,0,0,0,0,4,0,0,309.991,2.066,6.15138,-0.000,328.323,107.366,330.916,301.351,102.698,301.870,330.916,18.904,311.464,6.15405,18.886,311.464,6.15129,2
23298,413174,10,3,3,0,0,0,0,4,0,0,309.991,2.066,6.15144,-0.000,328.323,107.366,330.916,301.351,102.698,301.870,330.916,18.904,311.464,6.15412,18.886,311.464,6.15138,2
23314,413184,10,3,3,0,0,0,0,4,0,0,309.991,2.066,6.15154,-0.000,328.323,107.366,330.916,301.351,102.698,301.870,330.916,18.904,311.464,6.15421,18.886,311.464,6.15144,2
23314,413194,10,3,3,0,0,0,0,4,0,0,309.991,2.066,6.15160,-0.000,328.323,107.366,330.916,301.351,102.698,301.870,330.916,18.904,311.464,6.15427,18.886,311.464,6.15154,2
23330,413204,10,3,3,0,0,0,0,4,0,0,309.991,2.066,6.15170,-0.000,328.323,107.366,330.916,301.351,102.698,301.870,330.916,18.904,311.464,6.15438,18.886,311.464,6.15160,2
23345,413214,10,3,3,0,0,0,0,4,0,0,309.991,2.066,6.15167,-0.000,328.323,107.366,330.916,301.351,102.698,301.870,330.916,18.904,311.464,6.15435,18.887,311.464,6.15170,2
23345,413224,10,3,3,0,0,0,0,4,0,0,309.991,2.066,6.15156,-0.000,328.323,107.366,330.916,301.351,102.698,301.870,330.916,18.904,311.464,6.15424,18.887,311.464,6.15167,2
23361,413234,10,3,3,0,0,0,0,4,0,0,309.991,2.066,6.15167,-0.000,328.323,107.366,330.916,301.351,102.698,301.870,330.916,18.904,311.464,6.15435,18.886,311.464,6.15156,2
23361,413244,10,3,3,0,0,0,0,4,0,0,309.991,2.066,6.15171,-0.000,328.323,107.366,330.916,301.351,102.698,301.870,330.916,18.904,311.464,6.15439,18.887,311.464,6.15167,2
23377,413254,10,3,3,0,0,0,0,4,0,0,309.991,2.066,6.15161,-0.000,328.323,107.366,330.916,301.351,102.698,301.870,330.916,18.904,311.464,6.15429,18.887,311.464,6.15171,2
23392,413264,10,3,3,0,0,0,0,4,0,0,309.991,2.066,6.15187,-0.000,328.323,107.366,330.916,301.351,102.698,301.870,330.916,18.905,311.464,6.15455,18.886,311.464,6.15161,2
23392,413274,10,3,3,0,0,0,0,4,0,0,309.991,2.066,6.15161,-0.000,328.323,107.366,330.916,301.351,102.698,301.870,330.916,18.904,311.464,6.15429,18.887,311.464,6.15187,2
23408,413284,10,3,3,0,0,0,0,4,0,0,309.991,2.066,6.15156,-0.000,328.323,107.366,330.916,301.351,102.698,301.870,330.916,18.904,311.464,6.15424,18.886,311.464,6.15161,2
23425,413294,10,3,3,0,0,0,0,4,0,0,309.991,2.066,6.15163,-0.000,328.323,107.366,330.916,301.351,102.698,301.870,330.916,18.904,311.464,6.15431,18.886,311.464,6.15156,2
23425,413304,10,3,3,0,0,0,0,4,0,0,309.991,2.066,6.15160,-0.000,328.323,107.366,330.916,301.351,102.698,301.870,330.916,18.904,311.464,6.15428,18.886,311.464,6.15163,2
23440,413314,10,3,3,0,0,0,0,4,0,0,309.991,2.066,6.15143,-0.000,328.323,107.366,330.916,301.351,102.698,301.870,330.916,18.904,311.464,6.15411,18.886,311.464,6.15161,2
23455,413324,10,3,3,0,0,0,0,4,0,0,309.991,2.066,6.15131,-0.000,328.323,107.366,330.916,301.351,102.698,301.870,330.916,18.904,311.464,6.15398,18.886,311.464,6.15143,2
23455,413334,10,3,3,0,0,0,0,4,0,0,309.991,2.066,6.15133,-0.000,328.323,107.366,330.916,301.351,102.698,301.870,330.916,18.904,311.464,6.15401,18.886,311.464,6.15131,2
23471,413344,10,3,3,0,0,0,0,4,0,0,309.991,2.066,6.15157,-0.000,328.323,107.366,330.916,301.351,102.698,301.870,330.916,18.904,311.464,6.15425,18.886,311.464,6.15133,2
23471,413354,10,3,3,0,0,0,0,4,0,0,309.991,2.066,6.15165,-0.000,328.323,107.366,330.916,301.351,102.698,301.870,330.916,18.904,311.464,6.15433,18.886,311.464,6.15157,2
23487,413364,10,3,3,0,0,0,0,4,0,0,309.991,2.066,6.15191,-0.000,328.323,107.366,330.916,301.351,102.698,301.870,330.916,18.905,311.464,6.15458,18.887,311.464,6.15165,2
23502,413374,10,3,3,0,0,0,0,4,0,0,309.991,2.066,6.15218,-0.000,328.323,107.366,330.916,301.351,102.698,301.870,330.916,18.905,311.465,6.15486,18.887,311.464,6.15191,2
23502,413384,10,3,3,0,0,0,0,4,0,0,309.991,2.066,6.15204,-0.000,328.323,107.366,330.916,301.351,102.698,301.870,330.916,18.905,311.464,6.15472,18.887,311.464,6.15218,2
23518,413394,10,3,3,0,0,0,0,4,0,0,309.991,2.066,6.15179,-0.000,328.323,107.366,330.916,301.351,102.698,301.870,330.916,18.905,311.464,6.15447,18.887,311.464,6.15204,2
23534,413404,10,3,3,0,0,0,0,4,0,0,309.991,2.066,6.15180,-0.000,328.323,107.366,330.916,301.351,102.698,301.870,330.916,18.905,311.464,6.15448,18.887,311.464,6.15179,2
23534,413414,10,3,3,0,0,0,0,4,0,0,309.991,2.066,6.15196,-0.000,328.323,107.366,330.916,301.351,102.698,301.870,330.916,18.905,311.464,6.15464,18.887,311.464,6.15180,2
23549,413424,10,3,3,0,0,0,0,4,0,0,309.991,2.066,6.15192,-0.000,328.323,107.366,330.916,301.351,102.698,301.870,330.916,18.905,311.464,6.15459,18.887,311.464,6.15196,2
23564,413434,10,3,3,0,0,0,0,4,0,0,309.991,2.066,6.15181,-0.000,328.323,107.366,330.916,301.351,102.698,301.870,330.916,18.905,311.464,6.15449,18.887,311.464,6.15192,2
23564,413444,10,3,3,0,0,0,0,4,0,0,309.991,2.066,6.15172,-0.000,328.323,107.366,330.916,301.351,102.698,301.870,330.916,18.904,311.464,6.15439,18.887,311.464,6.15181,2
23580,413454,10,3,3,0,0,0,0,4,0,0,309.991,2.066,6.15152,-0.000,328.323,107.366,330.916,301.351,102.698,301.870,330.916,18.904,311.464,6.15419,18.887,311.464,6.15172,2
23595,413464,10,3,3,0,0,0,0,4,0,0,309.991,2.066,6.15147,-0.000,328.323,107.366,330.916,301.351,102.698,301.870,330.916,18.904,311.464,6.15414,18.886,311.464,6.15152,2
23595,413474,10,3,3,0,0,0,0,4,0,0,309.991,2.066,6.15158,-0.000,328.323,107.366,330.916,301.351,102.698,301.870,330.916,18.904,311.464,6.15426,18.886,311.464,6.15147,2
23611,413484,10,3,3,0,0,0,0,4,0,0,309.991,2.066,6.15147,-0.000,328.323,107.366,330.916,301.351,102.698,301.870,330.916,18.904,311.464,6.15415,18.886,311.464,6.15158,2
23611,413494,10,3,3,0,0,0,0,4,0,0,309.991,2.066,6.15149,-0.000,328.323,107.366,330.916,301.351,102.698,301.870,330.916,18.904,311.464,6.15417,18.886,311.464,6.15147,2
23626,413504,10,3,3,0,0,0,0,4,0,0,309.991,2.066,6.15155,-0.000,328.323,107.366,330.916,301.351,102.698,301.870,330.916,18.904,311.464,6.15422,18.886,311.464,6.15149,2
23642,413514,10,3,3,0,0,0,0,4,0,0,309.991,2.066,6.15155,-0.000,328.323,107.366,330.916,301.351,102.698,301.870,330.916,18.904,311.464,6.15423,18.886,311.464,6.15155,2
23642,413524,10,3,3,0,0,0,0,4,0,0,309.991,2.066,6.15142,-0.000,328.323,107.366,330.916,301.351,102.698,301.870,330.916,18.904,311.464,6.15410,18.886,311.464,6.15155,2
23657,413534,10,3,3,0,0,0,0,4,0,0,309.991,2.066,6.15154,-0.000,328.323,107.366,330.916,301.351,102.698,301.870,330.916,18.904,311.464,6.15421,18.886,311.464,6.15142,2
23673,413544,10,3,3,0,0,0,0,4,0,0,309.991,2.066,6.15144,-0.000,328.323,107.366,330.916,301.351,102.698,301.870,330.916,18.904,311.464,6.15412,18.886,311.464,6.15154,2
23673,413554,10,3,3,0,0,0,0,4,0,0,309.991,2.066,6.15146,-0.000,328.323,107.366,330.916,301.351,102.698,301.870,330.916,18.904,311.464,6.15414,18.886,311.464,6.15144,2
23688,413564,10,3,3,0,0,0,0,4,0,0,309.991,2.066,6.15152,-0.000,328.323,107.366,330.916,301.351,102.698,301.870,330.916,18.904,311.464,6.15419,18.886,311.464,6.15146,2
23703,413574,10,3,3,0,0,0,0,4,0,0,309.991,2.066,6.15159,-0.000,328.323,107.366,330.916,301.351,102.698,301.870,330.916,18.904,311.464,6.15427,18.886,311.464,6.15152,2
23703,413584,10,3,3,0,0,0,0,4,0,0,309.991,2.066,6.15161,-0.000,328.323,107.366,330.916,301.351,102.698,301.870,330.916,18.904,311.464,6.15429,18.886,311.464,6.15159,2
23719,413594,10,3,3,0,0,0,0,4,0,0,309.991,2.066,6.15172,-0.000,328.323,107.366,330.916,301.351,102.698,301.870,330.916,18.904,311.464,6.15439,18.886,311.464,6.15161,2
23734,413604,10,3,3,0,0,0,0,4,0,0,309.991,2.066,6.15164,-0.000,328.323,107.366,330.916,301.351,102.698,301.870,330.916,18.904,311.464,6.15431,18.887,311.464,6.15172,2
23734,413614,10,3,3,0,0,0,0,4,0,0,309.991,2.066,6.15141,-0.000,328.323,107.366,330.916,301.351,102.698,301.870,330.916,18.904,311.464,6.15409,18.886,311.464,6.15164,2
23750,413624,10,3,3,0,0,0,0,4,0,0,309.991,2.066,6.15143,-0.000,328.323,107.366,330.916,301.351,102.698,301.870,330.916,18.904,311.464,6.15410,18.886,311.464,6.15141,2
23766,413634,10,3,3,0,0,0,0,4,0,0,309.991,2.066,6.15146,-0.000,328.323,107.366,330.916,301.351,102.698,301.870,330.916,18.904,311.464,6.15413,18.886,311.464,6.15143,2
23766,413644,10,3,3,0,0,0,0,4,0,0,309.991,2.066,6.15144,-0.000,328.323,107.366,330.916,301.351,102.698,301.870,330.916,18.904,311.464,6.15412,18.886,311.464,6.15146,2
23782,413654,10,3,3,0,0,0,0,4,0,0,309.991,2.066,6.15143,-0.000,328.323,107.366,330.916,301.351,102.698,301.870,330.916,18.904,311.464,6.15411,18.886,311.464,6.15144,2
23782,413664,10,3,3,0,0,0,0,4,0,0,309.991,2.066,6.15133,-0.000,328.323,107.366,330.916,301.351,102.698,301.870,330.916,18.904,311.464,6.15400,18.886,311.464,6.15143,2
23797,413674,10,3,3,0,0,0,0,4,0,0,309.991,2.066,6.15138,-0.000,328.323,107.366,330.916,301.351,102.698,301.870,330.916,18.904,311.464,6.15406,18.886,311.464,6.15133,2
23813,413684,10,3,3,0,0,0,0,4,0,0,309.991,2.066,6.15171,-0.000,328.323,107.366,330.916,301.351,102.698,301.870,330.916,18.904,311.464,6.15438,18.886,311.464,6.15138,2
23813,413694,10,3,3,0,0,0,0,4,0,0,309.991,2.066,6.15183,-0.000,328.323,107.366,330.916,301.351,102.698,301.870,330.916,18.905,311.464,6.15451,18.887,311.464,6.15171,2
23828,413704,10,3,3,0,0,0,0,4,0,0,309.991,2.066,6.15169,-0.000,328.323,107.366,330.916,301.351,102.698,301.870,330.916,18.904,311.464,6.15436,18.887,311.464,6.15183,2
23844,413714,10,3,3,0,0,0,0,4,0,0,309.991,2.066,6.15149,-0.000,328.323,107.366,330.916,301.351,102.698,301.870,330.916,18.904,311.464,6.15416,18.887,311.464,6.15169,2
23844,413724,10,3,3,0,0,0,0,4,0,0,309.991,2.066,6.15130,-0.000,328.323,107.366,330.916,301.351,102.698,301.870,330.916,18.904,311.464,6.15398,18.886,311.464,6.15149,2
23859,413734,10,3,3,0,0,0,0,4,0,0,309.991,2.066,6.15134,-0.000,328.323,107.366,330.916,301.351,102.698,301.870,330.916,18.904,311.464,6.15401,18.886,311.464,6.15130,2
23876,413744,10,3,3,0,0,0,0,4,0,0,309.991,2.066,6.15135,-0.000,328.323,107.366,330.916,301.351,102.698,301.870,330.916,18.904,311.464,6.15402,18.886,311.464,6.15134,2
23876,413754,10,3,3,0,0,0,0,4,0,0,309.991,2.066,6.15141,-0.000,328.323,107.366,330.916,301.351,102.698,301.870,330.916,18.904,311.464,6.15408,18.886,311.464,6.15135,2
23891,413764,10,3,3,0,0,0,0,4,0,0,309.991,2.066,6.15138,-0.000,328.323,107.366,330.916,301.351,102.698,301.870,330.916,18.904,311.464,6.15405,18.886,311.464,6.15141,2
23907,413774,10,3,3,0,0,0,0,4,0,0,309.991,2.066,6.15134,-0.000,328.323,107.366,330.916,301.351,102.698,301.870,330.916,18.904,311.464,6.15401,18.886,311.464,6.15138,2
23907,413784,10,3,3,0,0,0,0,4,0,0,309.991,2.066,6.15125,-0.000,328.323,107.366,330.916,301.351,102.698,301.870,330.916,18.904,311.464,6.15392,18.886,311.464,6.15134,2
23922,413794,10,3,3,0,0,0,0,4,0,0,309.991,2.066,6.15124,-0.000,328.323,107.366,330.916,301.351,102.698,301.870,330.916,18.904,311.464,6.15391,18.886,311.464,6.15125,2
23922,413804,10,3,3,0,0,0,0,4,0,0,309.991,2.066,6.15118,-0.000,328.323,107.366,330.916,301.351,102.698,301.870,330.916,18.904,311.464,6.15385,18.886,311.464,6.15124,2
23938,413814,10,3,3,0,0,0,0,4,0,0,309.991,2.066,6.15154,-0.000,328.323,107.366,330.916,301.351,102.698,301.870,330.916,18.904,311.464,6.15421,18.886,311.464,6.15118,2
23954,413824,10,3,3,0,0,0,0,4,0,0,309.991,2.066,6.15149,-0.000,328.323,107.366,330.916,301.351,102.698,301.870,330.916,18.904,311.464,6.15416,18.886,311.464,6.15154,2
23954,413834,10,3,3,0,0,0,0,4,0,0,309.991,2.066,6.15144,-0.000,328.323,107.366,330.916,301.351,102.698,301.870,330.916,18.904,311.464,6.15412,18.886,311.464,6.15149,2
23970,413844,10,3,3,0,0,0,0,4,0,0,309.991,2.066,6.15138,-0.000,328.323,107.366,330.916,301.351,102.698,301.870,330.916,18.904,311.464,6.15406,18.886,311.464,6.15144,2
23985,413854,10,3,3,0,0,0,0,4,0,0,309.991,2.066,6.15124,-0.000,328.323,107.366,330.916,301.351,102.698,301.870,330.916,18.904,311.464,6.15391,18.886,311.464,6.15138,2
23985,413864,10,3,3,0,0,0,0,4,0,0,309.991,2.066,6.15129,-0.000,328.323,107.366,330.916,301.351,102.698,301.870,330.916,18.904,311.464,6.15397,18.886,311.464,6.15124,2
24000,413874,10,3,3,0,0,0,0,4,0,0,309.991,2.066,6.15121,-0.000,328.323,107.366,330.916,301.351,102.698,301.870,330.916,18.904,311.464,6.15389,18.886,311.464,6.15129,2
24016,413884,10,3,3,0,0,0,0,4,0,0,309.991,2.066,6.15136,-0.000,328.323,107.366,330.916,301.351,102.698,301.870,330.916,18.904,311.464,6.15403,18.886,311.464,6.15121,2
24016,413894,10,3,3,0,0,0,0,4,0,0,309.991,2.066,6.15139,-0.000,328.323,107.366,330.916,301.351,102.698,301.870,330.916,18.904,311.464,6.15406,18.886,311.464,6.15136,2
24032,413904,10,3,3,0,0,0,0,4,0,0,309.991,2.066,6.15127,-0.000,328.323,107.366,330.916,301.351,102.698,301.870,330.916,18.904,311.464,6.15395,18.886,311.464,6.15139,2
24032,413914,10,3,3,0,0,0,0,4,0,0,309.991,2.066,6.15134,-0.000,328.323,107.366,330.916,301.351,102.698,301.870,330.916,18.904,311.464,6.15401,18.886,311.464,6.15127,2
24048,413924,10,3,3,0,0,0,0,4,0,0,309.991,2.066,6.15140,-0.000,328.323,107.366,330.916,301.351,102.698,301.870,330.916,18.904,311.464,6.15407,18.886,311.464,6.15134,2
24063,413934,10,3,3,0,0,0,0,4,0,0,309.991,2.066,6.15135,-0.000,328.323,107.366,330.916,301.351,102.698,301.870,330.916,18.904,311.464,6.15403,18.886,311.464,6.15140,2
24063,413944,10,3,3,0,0,0,0,4,0,0,309.991,2.066,6.15139,-0.000,328.323,107.366,330.916,301.351,102.698,301.870,330.916,18.904,311.464,6.15406,18.886,311.464,6.15135,2
24080,413954,10,3,3,0,0,0,0,4,0,0,309.991,2.066,6.15136,-0.000,328.323,107.366,330.916,301.351,102.698,301.870,330.916,18.904,311.464,6.15404,18.886,311.464,6.15139,2
24094,413964,10,3,3,0,0,0,0,4,0,0,309.991,2.066,6.15142,-0.000,328.323,107.366,330.916,301.351,102.698,301.870,330.916,18.904,311.464,6.15410,18.886,311.464,6.15136,2
24094,413974,10,3,3,0,0,0,0,4,0,0,309.991,2.066,6.15136,-0.000,328.323,107.366,330.916,301.351,102.698,301.870,330.916,18.904,311.464,6.15404,18.886,311.464,6.15142,2
24111,413984,10,3,3,0,0,0,0,4,0,0,309.991,2.066,6.15140,-0.000,328.323,107.366,330.916,301.351,102.698,301.870,330.916,18.904,311.464,6.15408,18.886,311.464,6.15136,2
24126,413994,10,3,3,0,0,0,0,4,0,0,309.991,2.066,6.15148,-0.000,328.323,107.366,330.916,301.351,102.698,301.870,330.916,18.904,311.464,6.15416,18.886,311.464,6.15140,2
24126,414004,10,3,3,0,0,0,0,4,0,0,309.991,2.066,6.15157,-0.000,328.323,107.366,330.916,301.351,102.698,301.870,330.916,18.904,311.464,6.15424,18.886,311.464,6.15148,2
24142,414014,10,3,3,0,0,0,0,4,0,0,309.991,2.066,6.15134,-0.000,328.323,107.366,330.916,301.351,102.698,301.870,330.916,18.904,311.464,6.15401,18.886,311.464,6.15157,2
24142,414024,10,3,3,0,0,0,0,4,0,0,309.991,2.066,6.15120,-0.000,328.323,107.366,330.916,301.351,102.698,301.870,330.916,18.904,311.464,6.15388,18.886,311.464,6.15134,2
24157,414034,10,3,3,0,0,0,0,4,0,0,309.991,2.066,6.15107,-0.000,328.323,107.366,330.916,301.351,102.698,301.870,330.916,18.904,311.464,6.15375,18.886,311.464,6.15120,2
24173,414044,10,3,3,0,0,0,0,4,0,0,309.991,2.066,6.15105,-0.000,328.323,107.366,330.916,301.351,102.698,301.870,330.916,18.904,311.464,6.15373,18.886,311.464,6.15107,2
24173,414054,10,3,3,0,0,0,0,4,0,0,309.991,2.066,6.15096,-0.000,328.323,107.366,330.916,301.351,102.698,301.870,330.916,18.904,311.464,6.15364,18.886,311.464,6.15105,2
24189,414064,10,3,3,0,0,0,0,4,0,0,309.991,2.066,6.15091,-0.000,328.323,107.366,330.916,301.351,102.698,301.870,330.916,18.903,311.464,6.15359,18.886,311.464,6.15096,2
24205,414074,10,3,3,0,0,0,0,4,0,0,309.991,2.066,6.15101,-0.000,328.323,107.366,330.916,301.351,102.698,301.870,330.916,18.904,311.464,6.15369,18.886,311.464,6.15091,2
24205,414084,10,3,3,0,0,0,0,4,0,0,309.991,2.066,6.15102,-0.000,328.323,107.366,330.916,301.351,102.698,301.870,330.916,18.904,311.464,6.15370,18.886,311.464,6.15101,2
24220,414094,10,3,3,0,0,0,0,4,0,0,309.991,2.066,6.15111,-0.000,328.323,107.366,330.916,301.351,102.698,301.870,330.916,18.904,311.464,6.15379,18.886,311.464,6.15102,2
24236,414104,10,3,3,0,0,0,0,4,0,0,309.991,2.066,6.15128,-0.000,328.323,107.366,330.916,301.351,102.698,301.870,330.916,18.904,311.464,6.15396,18.886,311.464,6.15111,2
24236,414114,10,3,3,0,0,0,0,4,0,0,309.991,2.066,6.15129,-0.000,328.323,107.366,330.916,301.351,102.698,301.870,330.916,18.904,311.464,6.15396,18.886,311.464,6.15128,2
24251,414124,10,3,3,0,0,0,0,4,0,0,309.991,2.066,6.15125,-0.000,328.323,107.366,330.916,301.351,102.698,301.870,330.916,18.904,311.464,6.15392,18.886,311.464,6.15129,2
24251,414134,10,3,3,0,0,0,0,4,0,0,309.991,2.066,6.15106,-0.000,328.323,107.366,330.916,301.351,102.698,301.870,330.916,18.904,311.464,6.15374,18.886,311.464,6.15125,2
24267,414144,10,3,3,0,0,0,0,4,0,0,309.991,2.066,6.15097,-0.000,328.323,107.366,330.916,301.351,102.698,301.870,330.916,18.904,311.464,6.15365,18.886,311.464,6.15106,2
24282,414154,10,3,3,0,0,0,0,4,0,0,309.991,2.066,6.15087,-0.000,328.323,107.366,330.916,301.351,102.698,301.870,330.916,18.903,311.464,6.15354,18.886,311.464,6.15097,2
24282,414164,10,3,3,0,0,0,0,4,0,0,309.991,2.066,6.15075,-0.000,328.323,107.366,330.916,301.351,102.698,301.870,330.916,18.903,311.464,6.15343,18.886,311.464,6.15087,2
24298,414174,10,3,3,0,0,0,0,4,0,0,309.991,2.066,6.15089,-0.000,328.323,107.366,330.916,301.351,102.698,301.870,330.916,18.903,311.464,6.15357,18.885,311.464,6.15075,2
24314,414184,10,3,3,0,0,0,0,4,0,0,309.991,2.066,6.15112,-0.000,328.323,107.366,330.916,301.351,102.698,301.870,330.916,18.904,311.464,6.15379,18.886,311.464,6.15089,2
24314,414194,10,3,3,0,0,0,0,4,0,0,309.991,2.066,6.15107,-0.000,328.323,107.366,330.916,301.351,102.698,301.870,330.916,18.904,311.464,6.15374,18.886,311.464,6.15112,2
24329,414204,10,3,3,0,0,0,0,4,0,0,309.991,2.066,6.15114,-0.000,328.323,107.366,330.916,301.351,102.698,301.870,330.916,18.904,311.464,6.15381,18.886,311.464,6.15106,2
24345,414214,10,3,3,0,0,0,0,4,0,0,309.991,2.066,6.15114,-0.000,328.323,107.366,330.916,301.351,102.698,301.870,330.916,18.904,311.464,6.15381,18.886,311.464,6.15114,2
24345,414224,10,3,3,0,0,0,0,4,0,0,309.991,2.066,6.15126,-0.000,328.323,107.366,330.916,301.351,102.698,301.870,330.916,18.904,311.464,6.15394,18.886,311.464,6.15114,2
24360,414234,10,3,3,0,0,0,0,4,0,0,309.991,2.066,6.15133,-0.000,328.323,107.366,330.916,301.351,102.698,301.870,330.916,18.904,311.464,6.15401,18.886,311.464,6.15126,2
24376,414244,10,3,3,0,0,0,0,4,0,0,309.991,2.066,6.15126,-0.000,328.323,107.366,330.916,301.351,102.698,301.870,330.916,18.904,311.464,6.15393,18.886,311.464,6.15133,2
24376,414254,10,3,3,0,0,0,0,4,0,0,309.991,2.066,6.15123,-0.000,328.323,107.366,330.916,301.351,102.698,301.870,330.916,18.904,311.464,6.15390,18.886,311.464,6.15126,2
24392,414264,10,3,3,0,0,0,0,4,0,0,309.991,2.066,6.15143,-0.000,328.323,107.366,330.916,301.351,102.698,301.870,330.916,18.904,311.464,6.15410,18.886,311.464,6.15123,2
24392,414274,10,3,3,0,0,0,0,4,0,0,309.991,2.066,6.15155,-0.000,328.323,107.366,330.916,301.351,102.698,301.870,330.916,18.904,311.464,6.15423,18.886,311.464,6.15143,2
24408,414284,10,3,3,0,0,0,0,4,0,0,309.991,2.066,6.15172,-0.000,328.323,107.366,330.916,301.351,102.698,301.870,330.916,18.904,311.464,6.15439,18.886,311.464,6.15155,2
24423,414294,10,3,3,0,0,0,0,4,0,0,309.991,2.066,6.15175,-0.000,328.323,107.366,330.916,301.351,102.698,301.870,330.916,18.905,311.464,6.15443,18.887,311.464,6.15172,2
24423,414304,10,3,3,0,0,0,0,4,0,0,309.991,2.066,6.15173,-0.000,328.323,107.366,330.916,301.351,102.698,301.870,330.916,18.904,311.464,6.15440,18.887,311.464,6.15175,2
24438,414314,10,3,3,0,0,0,0,4,0,0,309.991,2.066,6.15171,-0.000,328.323,107.366,330.916,301.351,102.698,301.870,330.916,18.904,311.464,6.15438,18.887,311.464,6.15173,2
24454,414324,10,3,3,0,0,0,0,4,0,0,309.991,2.066,6.15166,-0.000,328.323,107.366,330.916,301.351,102.698,301.870,330.916,18.904,311.464,6.15433,18.887,311.464,6.15171,2
24454,414334,10,3,3,0,0,0,0,4,0,0,309.991,2.066,6.15147,-0.000,328.323,107.366,330.916,301.351,102.698,301.870,330.916,18.904,311.464,6.15415,18.887,311.464,6.15166,2
24470,414344,10,3,3,0,0,0,0,4,0,0,309.991,2.066,6.15142,-0.000,328.323,107.366,330.916,301.351,102.698,301.870,330.916,18.904,311.464,6.15409,18.886,311.464,6.15147,2
24485,414354,10,3,3,0,0,0,0,4,0,0,309.991,2.066,6.15144,-0.000,328.323,107.366,330.916,301.351,102.698,301.870,330.916,18.904,311.464,6.15411,18.886,311.464,6.15142,2
24485,414364,10,3,3,0,0,0,0,4,0,0,309.991,2.066,6.15127,-0.000,328.323,107.366,330.916,301.351,102.698,301.870,330.916,18.904,311.464,6.15394,18.886,311.464,6.15144,2
24501,414374,10,3,3,0,0,0,0,4,0,0,309.991,2.066,6.15153,-0.000,328.323,107.366,330.916,301.351,102.698,301.870,330.916,18.904,311.464,6.15421,18.886,311.464,6.15127,2
24517,414384,10,3,3,0,0,0,0,4,0,0,309.991,2.066,6.15151,-0.000,328.323,107.366,330.916,301.351,102.698,301.870,330.916,18.904,311.464,6.15418,18.886,311.464,6.15153,2
24517,414394,10,3,3,0,0,0,0,4,0,0,309.991,2.066,6.15148,-0.000,328.323,107.366,330.916,301.351,102.698,301.870,330.916,18.904,311.464,6.15416,18.886,311.464,6.15151,2
24531,414404,10,3,3,0,0,0,0,4,0,0,309.991,2.066,6.15149,-0.000,328.323,107.366,330.916,301.351,102.698,301.870,330.916,18.904,311.464,6.15417,18.886,311.464,6.15148,2
24531,414414,10,3,3,0,0,0,0,4,0,0,309.991,2.066,6.15152,-0.000,328.323,107.366,330.916,301.351,102.698,301.870,330.916,18.904,311.464,6.15420,18.886,311.464,6.15149,2
24547,414424,10,3,3,0,0,0,0,4,0,0,309.991,2.066,6.15154,-0.000,328.323,107.366,330.916,301.351,102.698,301.870,330.916,18.904,311.464,6.15422,18.886,311.464,6.15152,2
24562,414434,10,3,3,0,0,0,0,4,0,0,309.991,2.066,6.15181,-0.000,328.323,107.366,330.916,301.351,102.698,301.870,330.916,18.905,311.464,6.15449,18.886,311.464,6.15154,2
24562,414444,10,3,3,0,0,0,0,4,0,0,309.991,2.066,6.15172,-0.000,328.323,107.366,330.916,301.351,102.698,301.870,330.916,18.904,311.464,6.15440,18.887,311.464,6.15181,2
24578,414454,10,3,3,0,0,0,0,4,0,0,309.991,2.066,6.15178,-0.000,328.323,107.366,330.916,301.351,102.698,301.870,330.916,18.905,311.464,6.15446,18.887,311.464,6.15172,2
24593,414464,10,3,3,0,0,0,0,4,0,0,309.991,2.066,6.15171,-0.000,328.323,107.366,330.916,301.351,102.698,301.870,330.916,18.904,311.464,6.15438,18.887,311.464,6.15178,2
24593,414474,10,3,3,0,0,0,0,4,0,0,309.991,2.066,6.15175,-0.000,328.323,107.366,330.916,301.351,102.698,301.870,330.916,18.905,311.464,6.15442,18.887,311.464,6.15171,2
24609,414484,10,3,3,0,0,0,0,4,0,0,309.991,2.066,6.15153,-0.000,328.323,107.366,330.916,301.351,102.698,301.870,330.916,18.904,311.464,6.15420,18.887,311.464,6.15175,2
24624,414494,10,3,3,0,0,0,0,4,0,0,309.991,2.066,6.15157,-0.000,328.323,107.366,330.916,301.351,102.698,301.870,330.916,18.904,311.464,6.15425,18.886,311.464,6.15153,2
24624,414504,10,3,3,0,0,0,0,4,0,0,309.991,2.066,6.15158,-0.000,328.323,107.366,330.916,301.351,102.698,301.870,330.916,18.904,311.464,6.15426,18.886,311.464,6.15158,2
24639,414514,10,3,3,0,0,0,0,4,0,0,309.991,2.066,6.15157,-0.000,328.323,107.366,330.916,301.351,102.698,301.870,330.916,18.904,311.464,6.15424,18.886,311.464,6.15158,2
24655,414524,10,3,3,0,0,0,0,4,0,0,309.991,2.066,6.15155,-0.000,328.323,107.366,330.916,301.351,102.698,301.870,330.916,18.904,311.464,6.15422,18.886,311.464,6.15157,2
24655,414534,10,3,3,0,0,0,0,4,0,0,309.991,2.066,6.15125,-0.000,328.323,107.366,330.916,301.351,102.698,301.870,330.916,18.904,311.464,6.15393,18.886,311.464,6.15155,2
24671,414544,10,3,3,0,0,0,0,4,0,0,309.991,2.066,6.15119,-0.000,328.323,107.366,330.916,301.351,102.698,301.870,330.916,18.904,311.464,6.15386,18.886,311.464,6.15125,2
24686,414554,10,3,3,0,0,0,0,4,0,0,309.991,2.066,6.15096,-0.000,328.323,107.366,330.916,301.351,102.698,301.870,330.916,18.904,311.464,6.15364,18.886,311.464,6.15119,2
24686,414564,10,3,3,0,0,0,0,4,0,0,309.991,2.066,6.15094,-0.000,328.323,107.366,330.916,301.351,102.698,301.870,330.916,18.903,311.464,6.15362,18.886,311.464,6.15096,2
24701,414574,10,3,3,0,0,0,0,4,0,0,309.991,2.066,6.15112,-0.000,328.323,107.366,330.916,301.351,102.698,301.870,330.916,18.904,311.464,6.15379,18.886,311.464,6.15094,2
24701,414584,10,3,3,0,0,0,0,4,0,0,309.991,2.066,6.15143,-0.000,328.323,107.366,330.916,301.351,102.698,301.870,330.916,18.904,311.464,6.15411,18.886,311.464,6.15112,2
24718,414594,10,3,3,0,0,0,0,4,0,0,309.991,2.066,6.15135,-0.000,328.323,107.366,330.916,301.351,102.698,301.870,330.916,18.904,311.464,6.15403,18.886,311.464,6.15143,2
24734,414604,10,3,3,0,0,0,0,4,0,0,309.991,2.066,6.15152,-0.000,328.323,107.366,330.916,301.351,102.698,301.870,330.916,18.904,311.464,6.15419,18.886,311.464,6.15135,2
24734,414614,10,3,3,0,0,0,0,4,0,0,309.991,2.066,6.15190,-0.000,328.323,107.366,330.916,301.351,102.698,301.870,330.916,18.905,311.464,6.15457,18.886,311.464,6.15152,2
24749,414624,10,3,3,0,0,0,0,4,0,0,309.991,2.066,6.15184,-0.000,328.323,107.366,330.916,301.351,102.698,301.870,330.916,18.905,311.464,6.15452,18.887,311.464,6.15190,2
24765,414634,10,3,3,0,0,0,0,4,0,0,309.991,2.066,6.15169,-0.000,328.323,107.366,330.916,301.351,102.698,301.870,330.916,18.904,311.464,6.15437,18.887,311.464,6.15184,2
24765,414644,10,3,3,0,0,0,0,4,0,0,309.991,2.066,6.15167,-0.000,328.323,107.366,330.916,301.351,102.698,301.870,330.916,18.904,311.464,6.15434,18.887,311.464,6.15169,2
24781,414654,10,3,3,0,0,0,0,4,0,0,309.991,2.066,6.15168,-0.000,328.323,107.366,330.916,301.351,102.698,301.870,330.916,18.904,311.464,6.15436,18.887,311.464,6.15167,2
24781,414664,10,3,3,0,0,0,0,4,0,0,309.991,2.066,6.15153,-0.000,328.323,107.366,330.916,301.351,102.698,301.870,330.916,18.904,311.464,6.15420,18.887,311.464,6.15168,2
24797,414674,10,3,3,0,0,0,0,4,0,0,309.991,2.066,6.15135,-0.000,328.323,107.366,330.916,301.351,102.698,301.870,330.916,18.904,311.464,6.15403,18.886,311.464,6.15153,2
24812,414684,10,3,3,0,0,0,0,4,0,0,309.991,2.066,6.15128,-0.000,328.323,107.366,330.916,301.351,102.698,301.870,330.916,18.904,311.464,6.15396,18.886,311.464,6.15135,2
24812,414694,10,3,3,0,0,0,0,4,0,0,309.991,2.066,6.15122,-0.000,328.323,107.366,330.916,301.351,102.698,301.870,330.916,18.904,311.464,6.15389,18.886,311.464,6.15128,2
24828,414704,10,3,3,0,0,0,0,4,0,0,309.991,2.066,6.15131,-0.000,328.323,107.366,330.916,301.351,102.698,301.870,330.916,18.904,311.464,6.15399,18.886,311.464,6.15122,2
24844,414714,10,3,3,0,0,0,0,4,0,0,309.991,2.066,6.15123,-0.000,328.323,107.366,330.916,301.351,102.698,301.870,330.916,18.904,311.464,6.15390,18.886,311.464,6.15131,2
24844,414724,10,3,3,0,0,0,0,4,0,0,309.991,2.066,6.15126,-0.000,328.323,107.366,330.916,301.351,102.698,301.870,330.916,18.904,311.464,6.15393,18.886,311.464,6.15123,2
24860,414734,10,3,3,0,0,0,0,4,0,0,309.991,2.066,6.15121,-0.000,328.323,107.366,330.916,301.351,102.698,301.870,330.916,18.904,311.464,6.15388,18.886,311.464,6.15126,2
24875,414744,10,3,3,0,0,0,0,4,0,0,309.991,2.066,6.15123,-0.000,328.323,107.366,330.916,301.351,102.698,301.870,330.916,18.904,311.464,6.15391,18.886,311.464,6.15121,2
24875,414754,10,3,3,0,0,0,0,4,0,0,309.991,2.066,6.15119,-0.000,328.323,107.366,330.916,301.351,102.698,301.870,330.916,18.904,311.464,6.15387,18.886,311.464,6.15124,2
24890,414764,10,3,3,0,0,0,0,4,0,0,309.991,2.066,6.15113,-0.000,328.323,107.366,330.916,301.351,102.698,301.870,330.916,18.904,311.464,6.15381,18.886,311.464,6.15119,2
24906,414774,10,3,3,0,0,0,0,4,0,0,309.991,2.066,6.15120,-0.000,328.323,107.366,330.916,301.351,102.698,301.870,330.916,18.904,311.464,6.15388,18.886,311.464,6.15113,2
24906,414784,10,3,3,0,0,0,0,4,0,0,309.991,2.066,6.15109,-0.000,328.323,107.366,330.916,301.351,102.698,301.870,330.916,18.904,311.464,6.15376,18.886,311.464,6.15120,2
24922,414794,10,3,3,0,0,0,0,4,0,0,309.991,2.066,6.15094,-0.000,328.323,107.366,330.916,301.351,102.698,301.870,330.916,18.903,311.464,6.15361,18.886,311.464,6.15109,2
24922,414804,10,3,3,0,0,0,0,4,0,0,309.991,2.066,6.15087,-0.000,328.323,107.366,330.916,301.351,102.698,301.870,330.916,18.903,311.464,6.15354,18.886,311.464,6.15094,2
24937,414814,10,3,3,0,0,0,0,4,0,0,309.991,2.066,6.15089,-0.000,328.323,107.366,330.916,301.351,102.698,301.870,330.916,18.903,311.464,6.15356,18.886,311.464,6.15087,2
24953,414824,10,3,3,0,0,0,0,4,0,0,309.991,2.066,6.15123,-0.000,328.323,107.366,330.916,301.351,102.698,301.870,330.916,18.904,311.464,6.15390,18.886,311.464,6.15089,2
24953,414834,10,3,3,0,0,0,0,4,0,0,309.991,2.066,6.15117,-0.000,328.323,107.366,330.916,301.351,102.698,301.870,330.916,18.904,311.464,6.15385,18.886,311.464,6.15123,2
24969,414844,10,3,3,0,0,0,0,4,0,0,309.991,2.066,6.15127,-0.000,328.323,107.366,330.916,301.351,102.698,301.870,330.916,18.904,311.464,6.15394,18.886,311.464,6.15117,2
24985,414854,10,3,3,0,0,0,0,4,0,0,309.991,2.066,6.15141,-0.000,328.323,107.366,330.916,301.351,102.698,301.870,330.916,18.904,311.464,6.15408,18.886,311.464,6.15127,2
24985,414864,10,3,3,0,0,0,0,4,0,0,309.991,2.066,6.15142,-0.000,328.323,107.366,330.916,301.351,102.698,301.870,330.916,18.904,311.464,6.15410,18.886,311.464,6.15141,2
25000,414874,10,3,3,0,0,0,0,4,0,0,309.991,2.066,6.15161,-0.000,328.323,107.366,330.916,301.351,102.698,301.870,330.916,18.904,311.464,6.15428,18.886,311.464,6.15142,2
25016,414884,10,3,3,0,0,0,0,4,0,0,309.991,2.066,6.15187,-0.000,328.323,107.366,330.916,301.351,102.698,301.870,330.916,18.905,311.464,6.15455,18.886,311.464,6.15161,2
25016,414894,10,3,3,0,0,0,0,4,0,0,309.991,2.066,6.15204,-0.000,328.323,107.366,330.916,301.351,102.698,301.870,330.916,18.905,311.464,6.15471,18.887,311.464,6.15187,2
25031,414904,10,3,3,0,0,0,0,4,0,0,309.991,2.066,6.15192,-0.000,328.323,107.366,330.916,301.351,102.698,301.870,330.916,18.905,311.464,6.15459,18.887,311.464,6.15204,2
25047,414914,10,3,3,0,0,0,0,4,0,0,309.991,2.066,6.15181,-0.000,328.323,107.366,330.916,301.351,102.698,301.870,330.916,18.905,311.464,6.15449,18.887,311.464,6.15192,2
25047,414924,10,3,3,0,0,0,0,4,0,0,309.991,2.066,6.15181,-0.000,328.323,107.366,330.916,301.351,102.698,301.870,330.916,18.905,311.464,6.15449,18.887,311.464,6.15181,2
25062,414934,10,3,3,0,0,0,0,4,0,0,309.991,2.066,6.15163,-0.000,328.323,107.366,330.916,301.351,102.698,301.870,330.916,18.904,311.464,6.15430,18.887,311.464,6.15181,2
25062,414944,10,3,3,0,0,0,0,4,0,0,309.991,2.066,6.15151,-0.000,328.323,107.366,330.916,301.351,102.698,301.870,330.916,18.904,311.464,6.15419,18.886,311.464,6.15163,2
25077,414954,10,3,3,0,0,0,0,4,0,0,309.991,2.066,6.15137,-0.000,328.323,107.366,330.916,301.351,102.698,301.870,330.916,18.904,311.464,6.15404,18.886,311.464,6.15151,2
25092,414964,10,3,3,0,0,0,0,4,0,0,309.991,2.066,6.15134,-0.000,328.323,107.366,330.916,301.351,102.698,301.870,330.916,18.904,311.464,6.15402,18.886,311.464,6.15137,2
25092,414974,10,3,3,0,0,0,0,4,0,0,309.991,2.066,6.15129,-0.000,328.323,107.366,330.916,301.351,102.698,301.870,330.916,18.904,311.464,6.15396,18.886,311.464,6.15134,2
25107,414984,10,3,3,0,0,0,0,4,0,0,309.991,2.066,6.15147,-0.000,328.323,107.366,330.916,301.351,102.698,301.870,330.916,18.904,311.464,6.15414,18.886,311.464,6.15129,2
25123,414994,10,3,3,0,0,0,0,4,0,0,309.991,2.066,6.15149,-0.000,328.323,107.366,330.916,301.351,102.698,301.870,330.916,18.904,311.464,6.15417,18.886,311.464,6.15147,2
25123,415004,10,3,3,0,0,0,0,4,0,0,309.991,2.066,6.15157,-0.000,328.323,107.366,330.916,301.351,102.698,301.870,330.916,18.904,311.464,6.15425,18.886,311.464,6.15149,2
25138,415014,10,3,3,0,0,0,0,4,0,0,309.991,2.066,6.15155,-0.000,328.323,107.366,330.916,301.351,102.698,301.870,330.916,18.904,311.464,6.15422,18.886,311.464,6.15157,2
25154,415024,10,3,3,0,0,0,0,4,0,0,309.991,2.066,6.15161,-0.000,328.323,107.366,330.916,301.351,102.698,301.870,330.916,18.904,311.464,6.15429,18.886,311.464,6.15155,2
25154,415034,10,3,3,0,0,0,0,4,0,0,309.991,2.066,6.15179,-0.000,328.323,107.366,330.916,301.351,102.698,301.870,330.916,18.905,311.464,6.15447,18.886,311.464,6.15161,2
25170,415044,10,3,3,0,0,0,0,4,0,0,309.991,2.066,6.15176,-0.000,328.323,107.366,330.916,301.351,102.698,301.870,330.916,18.905,311.464,6.15443,18.887,311.464,6.15179,2
25185,415054,10,3,3,0,0,0,0,4,0,0,309.991,2.066,6.15192,-0.000,328.323,107.366,330.916,301.351,102.698,301.870,330.916,18.905,311.464,6.15459,18.887,311.464,6.15176,2
25185,415064,10,3,3,0,0,0,0,4,0,0,309.991,2.066,6.15180,-0.000,328.323,107.366,330.916,301.351,102.698,301.870,330.916,18.905,311.464,6.15447,18.887,311.464,6.15192,2
25200,415074,10,3,3,0,0,0,0,4,0,0,309.991,2.066,6.15167,-0.000,328.323,107.366,330.916,301.351,102.698,301.870,330.916,18.904,311.464,6.15435,18.887,311.464,6.15180,2
25216,415084,10,3,3,0,0,0,0,4,0,0,309.991,2.066,6.15167,-0.000,328.323,107.366,330.916,301.351,102.698,301.870,330.916,18.904,311.464,6.15435,18.887,311.464,6.15167,2
25216,415094,10,3,3,0,0,0,0,4,0,0,309.991,2.066,6.15170,-0.000,328.323,107.366,330.916,301.351,102.698,301.870,330.916,18.904,311.464,6.15438,18.887,311.464,6.15167,2
25232,415104,10,3,3,0,0,0,0,4,0,0,309.991,2.066,6.15158,-0.000,328.323,107.366,330.916,301.351,102.698,301.870,330.916,18.904,311.464,6.15425,18.887,311.464,6.15170,2
25232,415114,10,3,3,0,0,0,0,4,0,0,309.991,2.066,6.15167,-0.000,328.323,107.366,330.916,301.351,102.698,301.870,330.916,18.904,311.464,6.15434,18.886,311.464,6.15158,2
25247,415124,10,3,3,0,0,0,0,4,0,0,309.991,2.066,6.15167,-0.000,328.323,107.366,330.916,301.351,102.698,301.870,330.916,18.904,311.464,6.15435,18.887,311.464,6.15167,2
25262,415134,10,3,3,0,0,0,0,4,0,0,309.991,2.066,6.15164,-0.000,328.323,107.366,330.916,301.351,102.698,301.870,330.916,18.904,311.464,6.15432,18.887,311.464,6.15167,2
25262,415144,10,3,3,0,0,0,0,4,0,0,309.991,2.066,6.15178,-0.000,328.323,107.366,330.916,301.351,102.698,301.870,330.916,18.905,311.464,6.15446,18.886,311.464,6.15164,2
25278,415154,10,3,3,0,0,0,0,4,0,0,309.991,2.066,6.15192,-0.000,328.323,107.366,330.916,301.351,102.698,301.870,330.916,18.905,311.464,6.15459,18.887,311.464,6.15178,2
25294,415164,10,3,3,0,0,0,0,4,0,0,309.991,2.066,6.15183,-0.000,328.323,107.366,330.916,301.351,102.698,301.870,330.916,18.905,311.464,6.15450,18.887,311.464,6.15192,2
25294,415174,10,3,3,0,0,0,0,4,0,0,309.991,2.066,6.15204,-0.000,328.323,107.366,330.916,301.351,102.698,301.870,330.916,18.905,311.464,6.15471,18.887,311.464,6.15183,2
25310,415184,10,3,3,0,0,0,0,4,0,0,309.991,2.066,6.15172,-0.000,328.323,107.366,330.916,301.351,102.698,301.870,330.916,18.904,311.464,6.15440,18.887,311.464,6.15204,2
25326,415194,10,3,3,0,0,0,0,4,0,0,309.991,2.066,6.15154,-0.000,328.323,107.366,330.916,301.351,102.698,301.870,330.916,18.904,311.464,6.15422,18.887,311.464,6.15172,2
25326,415204,10,3,3,0,0,0,0,4,0,0,309.991,2.066,6.15142,-0.000,328.323,107.366,330.916,301.351,102.698,301.870,330.916,18.904,311.464,6.15409,18.886,311.464,6.15154,2
25342,415214,10,3,3,0,0,0,0,4,0,0,309.991,2.066,6.15144,-0.000,328.323,107.366,330.916,301.351,102.698,301.870,330.916,18.904,311.464,6.15412,18.886,311.464,6.15142,2
25342,415224,10,3,3,0,0,0,0,4,0,0,309.991,2.066,6.15161,-0.000,328.323,107.366,330.916,301.351,102.698,301.870,330.916,18.904,311.464,6.15429,18.886,311.464,6.15144,2
25357,415234,10,3,3,0,0,0,0,4,0,0,309.991,2.066,6.15163,-0.000,328.323,107.366,330.916,301.351,102.698,301.870,330.916,18.904,311.464,6.15431,18.886,311.464,6.15161,2
25373,415244,10,3,3,0,0,0,0,4,0,0,309.991,2.066,6.15144,-0.000,328.323,107.366,330.916,301.351,102.698,301.870,330.916,18.904,311.464,6.15412,18.886,311.464,6.15163,2
25373,415254,10,3,3,0,0,0,0,4,0,0,309.991,2.066,6.15149,-0.000,328.323,107.366,330.916,301.351,102.698,301.870,330.916,18.904,311.464,6.15417,18.886,311.464,6.15144,2
25389,415264,10,3,3,0,0,0,0,4,0,0,309.991,2.066,6.15142,-0.000,328.323,107.366,330.916,301.351,102.698,301.870,330.916,18.904,311.464,6.15409,18.886,311.464,6.15149,2
25404,415274,10,3,3,0,0,0,0,4,0,0,309.991,2.066,6.15131,-0.000,328.323,107.366,330.916,301.351,102.698,301.870,330.916,18.904,311.464,6.15398,18.886,311.464,6.15142,2
25404,415284,10,3,3,0,0,0,0,4,0,0,309.991,2.066,6.15121,-0.000,328.323,107.366,330.916,301.351,102.698,301.870,330.916,18.904,311.464,6.15388,18.886,311.464,6.15131,2
25420,415294,10,3,3,0,0,0,0,4,0,0,309.991,2.066,6.15131,-0.000,328.323,107.366,330.916,301.351,102.698,301.870,330.916,18.904,311.464,6.15399,18.886,311.464,6.15121,2
25435,415304,10,3,3,0,0,0,0,4,0,0,309.991,2.066,6.15147,-0.000,328.323,107.366,330.916,301.351,102.698,301.870,330.916,18.904,311.464,6.15414,18.886,311.464,6.15131,2
25435,415314,10,3,3,0,0,0,0,4,0,0,309.991,2.066,6.15154,-0.000,328.323,107.366,330.916,301.351,102.698,301.870,330.916,18.904,311.464,6.15422,18.886,311.464,6.15147,2
25451,415324,10,3,3,0,0,0,0,4,0,0,309.991,2.066,6.15158,-0.000,328.323,107.366,330.916,301.351,102.698,301.870,330.916,18.904,311.464,6.15426,18.886,311.464,6.15154,2
25466,415334,10,3,3,0,0,0,0,4,0,0,309.991,2.066,6.15156,-0.000,328.323,107.366,330.916,301.351,102.698,301.870,330.916,18.904,311.464,6.15423,18.886,311.464,6.15158,2
25466,415344,10,3,3,0,0,0,0,4,0,0,309.991,2.066,6.15168,-0.000,328.323,107.366,330.916,301.351,102.698,301.870,330.916,18.904,311.464,6.15436,18.886,311.464,6.15156,2
25482,415354,10,3,3,0,0,0,0,4,0,0,309.991,2.066,6.15180,-0.000,328.323,107.366,330.916,301.351,102.698,301.870,330.916,18.905,311.464,6.15448,18.887,311.464,6.15168,2
25482,415364,10,3,3,0,0,0,0,4,0,0,309.991,2.066,6.15179,-0.000,328.323,107.366,330.916,301.351,102.698,301.870,330.916,18.905,311.464,6.15446,18.887,311.464,6.15180,2
25497,415374,10,3,3,0,0,0,0,4,0,0,309.991,2.066,6.15188,-0.000,328.323,107.366,330.916,301.351,102.698,301.870,330.916,18.905,311.464,6.15456,18.887,311.464,6.15179,2
25513,415384,10,3,3,0,0,0,0,4,0,0,309.991,2.066,6.15188,-0.000,328.323,107.366,330.916,301.351,102.698,301.870,330.916,18.905,311.464,6.15456,18.887,311.464,6.15188,2
25513,415394,10,3,3,0,0,0,0,4,0,0,309.991,2.066,6.15200,-0.000,328.323,107.366,330.916,301.351,102.698,301.870,330.916,18.905,311.464,6.15467,18.887,311.464,6.15188,2
25529,415404,10,3,3,0,0,0,0,4,0,0,309.991,2.066,6.15174,-0.000,328.323,107.366,330.916,301.351,102.698,301.870,330.916,18.904,311.464,6.15441,18.887,311.464,6.15200,2
25544,415414,10,3,3,0,0,0,0,4,0,0,309.991,2.066,6.15147,-0.000,328.323,107.366,330.916,301.351,102.698,301.870,330.916,18.904,311.464,6.15414,18.887,311.464,6.15174,2
25544,415424,10,3,3,0,0,0,0,4,0,0,309.991,2.066,6.15139,-0.000,328.323,107.366,330.916,301.351,102.698,301.870,330.916,18.904,311.464,6.15407,18.886,311.464,6.15147,2
25560,415434,10,3,3,0,0,0,0,4,0,0,309.991,2.066,6.15141,-0.000,328.323,107.366,330.916,301.351,102.698,301.870,330.916,18.904,311.464,6.15408,18.886,311.464,6.15139,2
25576,415444,10,3,3,0,0,0,0,4,0,0,309.991,2.066,6.15161,-0.000,328.323,107.366,330.916,301.351,102.698,301.870,330.916,18.904,311.464,6.15428,18.886,311.464,6.15140,2
25576,415454,10,3,3,0,0,0,0,4,0,0,309.991,2.066,6.15147,-0.000,328.323,107.366,330.916,301.351,102.698,301.870,330.916,18.904,311.464,6.15414,18.886,311.464,6.15161,2
25591,415464,10,3,3,0,0,0,0,4,0,0,309.991,2.066,6.15120,-0.000,328.323,107.366,330.916,301.351,102.698,301.870,330.916,18.904,311.464,6.15387,18.886,311.464,6.15147,2
25607,415474,10,3,3,0,0,0,0,4,0,0,309.991,2.066,6.15126,-0.000,328.323,107.366,330.916,301.351,102.698,301.870,330.916,18.904,311.464,6.15393,18.886,311.464,6.15120,2
25607,415484,10,3,3,0,0,0,0,4,0,0,309.991,2.066,6.15138,-0.000,328.323,107.366,330.916,301.351,102.698,301.870,330.916,18.904,311.464,6.15405,18.886,311.464,6.15126,2
25623,415494,10,3,3,0,0,0,0,4,0,0,309.991,2.066,6.15149,-0.000,328.323,107.366,330.916,301.351,102.698,301.870,330.916,18.904,311.464,6.15417,18.886,311.464,6.15138,2
25623,415504,10,3,3,0,0,0,0,4,0,0,309.991,2.066,6.15145,-0.000,328.323,107.366,330.916,301.351,102.698,301.870,330.916,18.904,311.464,6.15412,18.886,311.464,6.15149,2
25638,415514,10,3,3,0,0,0,0,4,0,0,309.991,2.066,6.15155,-0.000,328.323,107.366,330.916,301.351,102.698,301.870,330.916,18.904,311.464,6.15423,18.886,311.464,6.15145,2
25654,415524,10,3,3,0,0,0,0,4,0,0,309.991,2.066,6.15152,-0.000,328.323,107.366,330.916,301.351,102.698,301.870,330.916,18.904,311.464,6.15420,18.886,311.464,6.15155,2
25654,415534,10,3,3,0,0,0,0,4,0,0,309.991,2.066,6.15135,-0.000,328.323,107.366,330.916,301.351,102.698,301.870,330.916,18.904,311.464,6.15402,18.886,311.464,6.15152,2
25670,415544,10,3,3,0,0,0,0,4,0,0,309.991,2.066,6.15136,-0.000,328.323,107.366,330.916,301.351,102.698,301.870,330.916,18.904,311.464,6.15403,18.886,311.464,6.15135,2
25686,415554,10,3,3,0,0,0,0,4,0,0,309.991,2.066,6.15139,-0.000,328.323,107.366,330.916,301.351,102.698,301.870,330.916,18.904,311.464,6.15406,18.886,311.464,6.15136,2
25686,415564,10,3,3,0,0,0,0,4,0,0,309.991,2.066,6.15136,-0.000,328.323,107.366,330.916,301.351,102.698,301.870,330.916,18.904,311.464,6.15404,18.886,311.464,6.15139,2
25701,415574,10,3,3,0,0,0,0,4,0,0,309.991,2.066,6.15141,-0.000,328.323,107.366,330.916,301.351,102.698,301.870,330.916,18.904,311.464,6.15409,18.886,311.464,6.15136,2
25717,415584,10,3,3,0,0,0,0,4,0,0,309.991,2.066,6.15141,-0.000,328.323,107.366,330.916,301.351,102.698,301.870,330.916,18.904,311.464,6.15409,18.886,311.464,6.15141,2
25717,415594,10,3,3,0,0,0,0,4,0,0,309.991,2.066,6.15139,-0.000,328.323,107.366,330.916,301.351,102.698,301.870,330.916,18.904,311.464,6.15406,18.886,311.464,6.15141,2
25732,415604,10,3,3,0,0,0,0,4,0,0,309.991,2.066,6.15149,-0.000,328.323,107.366,330.916,301.351,102.698,301.870,330.916,18.904,311.464,6.15416,18.886,311.464,6.15139,2
25732,415614,10,3,3,0,0,0,0,4,0,0,309.991,2.066,6.15148,-0.000,328.323,107.366,330.916,301.351,102.698,301.870,330.916,18.904,311.464,6.15415,18.886,311.464,6.15149,2
25747,415624,10,3,3,0,0,0,0,4,0,0,309.991,2.066,6.15160,-0.000,328.323,107.366,330.916,301.351,102.698,301.870,330.916,18.904,311.464,6.15427,18.886,311.464,6.15148,2
25764,415634,10,3,3,0,0,0,0,4,0,0,309.991,2.066,6.15153,-0.000,328.323,107.366,330.916,301.351,102.698,301.870,330.916,18.904,311.464,6.15421,18.886,311.464,6.15160,2
25764,415644,10,3,3,0,0,0,0,4,0,0,309.991,2.066,6.15125,-0.000,328.323,107.366,330.916,301.351,102.698,301.870,330.916,18.904,311.464,6.15392,18.886,311.464,6.15153,2
25780,415654,10,3,3,0,0,0,0,4,0,0,309.991,2.066,6.15142,-0.000,328.323,107.366,330.916,301.351,102.698,301.870,330.916,18.904,311.464,6.15410,18.886,311.464,6.15125,2
25795,415664,10,3,3,0,0,0,0,4,0,0,309.991,2.066,6.15143,-0.000,328.323,107.366,330.916,301.351,102.698,301.870,330.916,18.904,311.464,6.15411,18.886,311.464,6.15142,2
25795,415674,10,3,3,0,0,0,0,4,0,0,309.991,2.066,6.15159,-0.000,328.323,107.366,330.916,301.351,102.698,301.870,330.916,18.904,311.464,6.15427,18.886,311.464,6.15143,2
25810,415684,10,3,3,0,0,0,0,4,0,0,309.991,2.066,6.15155,-0.000,328.323,107.366,330.916,301.351,102.698,301.870,330.916,18.904,311.464,6.15423,18.886,311.464,6.15159,2
25826,415694,10,3,3,0,0,0,0,4,0,0,309.991,2.066,6.15126,-0.000,328.323,107.366,330.916,301.351,102.698,301.870,330.916,18.904,311.464,6.15394,18.886,311.464,6.15155,2
25826,415704,10,3,3,0,0,0,0,4,0,0,309.991,2.066,6.15125,-0.000,328.323,107.366,330.916,301.351,102.698,301.870,330.916,18.904,311.464,6.15393,18.886,311.463,6.15126,2
25842,415714,10,3,3,0,0,0,0,4,0,0,309.991,2.066,6.15161,-0.000,328.323,107.366,330.916,301.351,102.698,301.870,330.916,18.904,311.464,6.15428,18.886,311.463,6.15125,2
25842,415724,10,3,3,0,0,0,0,4,0,0,309.991,2.066,6.15153,-0.000,328.323,107.366,330.916,301.351,102.698,301.870,330.916,18.904,311.464,6.15420,18.886,311.464,6.15161,2
25857,415734,10,3,3,0,0,0,0,4,0,0,309.991,2.066,6.15155,-0.000,328.323,107.366,330.916,301.351,102.698,301.870,330.916,18.904,311.464,6.15422,18.886,311.464,6.15153,2
25872,415744,10,3,3,0,0,0,0,4,0,0,309.991,2.066,6.15147,-0.000,328.323,107.366,330.916,301.351,102.698,301.870,330.916,18.904,311.464,6.15415,18.886,311.464,6.15155,2
25872,415754,10,3,3,0,0,0,0,4,0,0,309.991,2.066,6.15126,-0.000,328.323,107.366,330.916,301.351,102.698,301.870,330.916,18.904,311.464,6.15394,18.886,311.464,6.15147,2
25888,415764,10,3,3,0,0,0,0,4,0,0,309.991,2.066,6.15125,-0.000,328.323,107.366,330.916,301.351,102.698,301.870,330.916,18.904,311.464,6.15393,18.886,311.463,6.15126,2
25903,415774,10,3,3,0,0,0,0,4,0,0,309.991,2.066,6.15110,-0.000,328.323,107.366,330.916,301.351,102.698,301.870,330.916,18.904,311.464,6.15377,18.886,311.463,6.15125,2
25903,415784,10,3,3,0,0,0,0,4,0,0,309.991,2.066,6.15120,-0.000,328.323,107.366,330.916,301.351,102.698,301.870,330.916,18.904,311.464,6.15388,18.886,311.463,6.15110,2
25919,415794,10,3,3,0,0,0,0,4,0,0,309.991,2.066,6.15143,-0.000,328.323,107.366,330.916,301.351,102.698,301.870,330.916,18.904,311.464,6.15411,18.886,311.463,6.15120,2
25935,415804,10,3,3,0,0,0,0,4,0,0,309.991,2.066,6.15133,-0.000,328.323,107.366,330.916,301.351,102.698,301.870,330.916,18.904,311.464,6.15401,18.886,311.463,6.15143,2
25935,415814,10,3,3,0,0,0,0,4,0,0,309.991,2.066,6.15126,-0.000,328.323,107.366,330.916,301.351,102.698,301.870,330.916,18.904,311.464,6.15394,18.886,311.463,6.15133,2
25951,415824,10,3,3,0,0,0,0,4,0,0,309.991,2.066,6.15115,-0.000,328.323,107.366,330.916,301.351,102.698,301.870,330.916,18.904,311.464,6.15382,18.886,311.463,6.15126,2
25966,415834,10,3,3,0,0,0,0,4,0,0,309.991,2.066,6.15118,-0.000,328.323,107.366,330.916,301.351,102.698,301.870,330.916,18.904,311.464,6.15385,18.886,311.463,6.15115,2
25966,415844,10,3,3,0,0,0,0,4,0,0,309.991,2.066,6.15137,-0.000,328.323,107.366,330.916,301.351,102.698,301.870,330.916,18.904,311.464,6.15404,18.886,311.463,6.15118,2
25982,415854,10,3,3,0,0,0,0,4,0,0,309.991,2.066,6.15137,-0.000,328.323,107.366,330.916,301.351,102.698,301.870,330.916,18.904,311.464,6.15405,18.886,311.463,6.15137,2
25982,415864,10,3,3,0,0,0,0,4,0,0,309.991,2.066,6.15150,-0.000,328.323,107.366,330.916,301.351,102.698,301.870,330.916,18.904,311.464,6.15418,18.886,311.463,6.15137,2
25997,415874,10,3,3,0,0,0,0,4,0,0,309.991,2.066,6.15127,-0.000,328.323,107.366,330.916,301.351,102.698,301.870,330.916,18.904,311.464,6.15395,18.886,311.464,6.15150,2
26013,415884,10,3,3,0,0,0,0,4,0,0,309.991,2.066,6.15102,-0.000,328.323,107.366,330.916,301.351,102.698,301.870,330.916,18.904,311.464,6.15370,18.886,311.463,6.15127,2
26013,415894,10,3,3,0,0,0,0,4,0,0,309.991,2.066,6.15103,-0.000,328.323,107.366,330.916,301.351,102.698,301.870,330.916,18.904,311.464,6.15370,18.886,311.463,6.15102,2
26028,415904,10,3,3,0,0,0,0,4,0,0,309.991,2.066,6.15124,-0.000,328.323,107.366,330.916,301.351,102.698,301.870,330.916,18.904,311.464,6.15391,18.886,311.463,6.15103,2
26044,415914,10,3,3,0,0,0,0,4,0,0,309.991,2.066,6.15144,-0.000,328.323,107.366,330.916,301.351,102.698,301.870,330.916,18.904,311.464,6.15412,18.886,311.463,6.15124,2
26044,415924,10,3,3,0,0,0,0,4,0,0,309.991,2.066,6.15147,-0.000,328.323,107.366,330.916,301.351,102.698,301.870,330.916,18.904,311.464,6.15414,18.886,311.463,6.15144,2
26059,415934,10,3,3,0,0,0,0,4,0,0,309.991,2.066,6.15148,-0.000,328.323,107.366,330.916,301.351,102.698,301.870,330.916,18.904,311.464,6.15415,18.886,311.463,6.15147,2
26074,415944,10,3,3,0,0,0,0,4,0,0,309.991,2.066,6.15165,-0.000,328.323,107.366,330.916,301.351,102.698,301.870,330.916,18.904,311.464,6.15432,18.886,311.463,6.15148,2
26074,415954,10,3,3,0,0,0,0,4,0,0,309.991,2.066,6.15166,-0.000,328.323,107.366,330.916,301.351,102.698,301.870,330.916,18.904,311.464,6.15434,18.886,311.464,6.15165,2
26090,415964,10,3,3,0,0,0,0,4,0,0,309.991,2.066,6.15177,-0.000,328.323,107.366,330.916,301.351,102.698,301.870,330.916,18.905,311.464,6.15444,18.887,311.464,6.15166,2
26106,415974,10,3,3,0,0,0,0,4,0,0,309.991,2.066,6.15171,-0.000,328.323,107.366,330.916,301.351,102.698,301.870,330.916,18.904,311.464,6.15438,18.887,311.464,6.15177,2
26106,415984,10,3,3,0,0,0,0,4,0,0,309.991,2.066,6.15168,-0.000,328.323,107.366,330.916,301.351,102.698,301.870,330.916,18.904,311.464,6.15436,18.887,311.464,6.15171,2
26123,415994,10,3,3,0,0,0,0,4,0,0,309.991,2.066,6.15170,-0.000,328.323,107.366,330.916,301.351,102.698,301.870,330.916,18.904,311.464,6.15437,18.887,311.464,6.15168,2
26123,416004,10,3,3,0,0,0,0,4,0,0,309.991,2.066,6.15177,-0.000,328.323,107.366,330.916,301.351,102.698,301.870,330.916,18.905,311.464,6.15444,18.887,311.464,6.15170,2
26138,416014,10,3,3,0,0,0,0,4,0,0,309.991,2.066,6.15189,-0.000,328.323,107.366,330.916,301.351,102.698,301.870,330.916,18.905,311.464,6.15456,18.887,311.464,6.15177,2
26153,416024,10,3,3,0,0,0,0,4,0,0,309.991,2.066,6.15188,-0.000,328.323,107.366,330.916,301.351,102.698,301.870,330.916,18.905,311.464,6.15455,18.887,311.464,6.15189,2
26153,416034,10,3,3,0,0,0,0,4,0,0,309.991,2.066,6.15169,-0.000,328.323,107.366,330.916,301.351,102.698,301.870,330.916,18.904,311.464,6.15437,18.887,311.464,6.15188,2
26169,416044,10,3,3,0,0,0,0,4,0,0,309.991,2.066,6.15139,-0.000,328.323,107.366,330.916,301.351,102.698,301.870,330.916,18.904,311.464,6.15407,18.887,311.464,6.15169,2
26185,416054,10,3,3,0,0,0,0,4,0,0,309.991,2.066,6.15134,-0.000,328.323,107.366,330.916,301.351,102.698,301.870,330.916,18.904,311.464,6.15401,18.886,311.463,6.15139,2
26185,416064,10,3,3,0,0,0,0,4,0,0,309.991,2.066,6.15110,-0.000,328.323,107.366,330.916,301.351,102.698,301.870,330.916,18.904,311.464,6.15378,18.886,311.463,6.15134,2
26200,416074,10,3,3,0,0,0,0,4,0,0,309.991,2.066,6.15125,-0.000,328.323,107.366,330.916,301.351,102.698,301.870,330.916,18.904,311.464,6.15392,18.886,311.463,6.15110,2
26216,416084,10,3,3,0,0,0,0,4,0,0,309.991,2.066,6.15131,-0.000,328.323,107.366,330.916,301.351,102.698,301.870,330.916,18.904,311.464,6.15399,18.886,311.463,6.15125,2
26216,416094,10,3,3,0,0,0,0,4,0,0,309.991,2.066,6.15122,-0.000,328.323,107.366,330.916,301.351,102.698,301.870,330.916,18.904,311.464,6.15390,18.886,311.463,6.15132,2
26231,416104,10,3,3,0,0,0,0,4,0,0,309.991,2.066,6.15113,-0.000,328.323,107.366,330.916,301.351,102.698,301.870,330.916,18.904,311.464,6.15380,18.886,311.463,6.15122,2
26231,416114,10,3,3,0,0,0,0,4,0,0,309.991,2.066,6.15121,-0.000,328.323,107.366,330.916,301.351,102.698,301.870,330.916,18.904,311.464,6.15389,18.886,311.463,6.15113,2
26248,416124,10,3,3,0,0,0,0,4,0,0,309.991,2.066,6.15136,-0.000,328.323,107.366,330.916,301.351,102.698,301.870,330.916,18.904,311.464,6.15403,18.886,311.463,6.15121,2
26263,416134,10,3,3,0,0,0,0,4,0,0,309.991,2.066,6.15126,-0.000,328.323,107.366,330.916,301.351,102.698,301.870,330.916,18.904,311.464,6.15394,18.886,311.463,6.15136,2
26263,416144,10,3,3,0,0,0,0,4,0,0,309.991,2.066,6.15125,-0.000,328.323,107.366,330.916,301.351,102.698,301.870,330.916,18.904,311.464,6.15392,18.886,311.463,6.15126,2
26279,416154,10,3,3,0,0,0,0,4,0,0,309.991,2.066,6.15140,-0.000,328.323,107.366,330.916,301.351,102.698,301.870,330.916,18.904,311.464,6.15408,18.886,311.463,6.15125,2
26295,416164,10,3,3,0,0,0,0,4,0,0,309.991,2.066,6.15161,-0.000,328.323,107.366,330.916,301.351,102.698,301.870,330.916,18.904,311.464,6.15429,18.886,311.463,6.15140,2
26295,416174,10,3,3,0,0,0,0,4,0,0,309.991,2.066,6.15126,-0.000,328.323,107.366,330.916,301.351,102.698,301.870,330.916,18.904,311.464,6.15393,18.886,311.464,6.15161,2
26310,416184,10,3,3,0,0,0,0,4,0,0,309.991,2.066,6.15108,-0.000,328.323,107.366,330.916,301.351,102.698,301.870,330.916,18.904,311.464,6.15375,18.886,311.463,6.15126,2
26326,416194,10,3,3,0,0,0,0,4,0,0,309.991,2.066,6.15145,-0.000,328.323,107.366,330.916,301.351,102.698,301.870,330.916,18.904,311.464,6.15412,18.886,311.463,6.15108,2
26326,416204,10,3,3,0,0,0,0,4,0,0,309.991,2.066,6.15150,-0.000,328.323,107.366,330.916,301.351,102.698,301.870,330.916,18.904,311.464,6.15418,18.886,311.463,6.15145,2
26342,416214,10,3,3,0,0,0,0,4,0,0,309.991,2.066,6.15114,-0.000,328.323,107.366,330.916,301.351,102.698,301.870,330.916,18.904,311.464,6.15381,18.886,311.464,6.15150,2
26342,416224,10,3,3,0,0,0,0,4,0,0,309.991,2.066,6.15126,-0.000,328.323,107.366,330.916,301.351,102.698,301.870,330.916,18.904,311.464,6.15393,18.886,311.463,6.15114,2
26358,416234,10,3,3,0,0,0,0,4,0,0,309.991,2.066,6.15131,-0.000,328.323,107.366,330.916,301.351,102.698,301.870,330.916,18.904,311.464,6.15399,18.886,311.463,6.15126,2
26373,416244,10,3,3,0,0,0,0,4,0,0,309.991,2.066,6.15141,-0.000,328.323,107.366,330.916,301.351,102.698,301.870,330.916,18.904,311.464,6.15408,18.886,311.463,6.15131,2
26373,416254,10,3,3,0,0,0,0,4,0,0,309.991,2.066,6.15152,-0.000,328.323,107.366,330.916,301.351,102.698,301.870,330.916,18.904,311.464,6.15419,18.886,311.463,6.15141,2
26388,416264,10,3,3,0,0,0,0,4,0,0,309.991,2.066,6.15153,-0.000,328.323,107.366,330.916,301.351,102.698,301.870,330.916,18.904,311.464,6.15421,18.886,311.464,6.15152,2
26404,416274,10,3,3,0,0,0,0,4,0,0,309.991,2.066,6.15152,-0.000,328.323,107.366,330.916,301.351,102.698,301.870,330.916,18.904,311.464,6.15420,18.886,311.464,6.15153,2
26404,416284,10,3,3,0,0,0,0,4,0,0,309.991,2.066,6.15144,-0.000,328.323,107.366,330.916,301.351,102.698,301.870,330.916,18.904,311.464,6.15411,18.886,311.464,6.15152,2
26420,416294,10,3,3,0,0,0,0,4,0,0,309.991,2.066,6.15141,-0.000,328.323,107.366,330.916,301.351,102.698,301.870,330.916,18.904,311.464,6.15409,18.886,311.463,6.15144,2
26435,416304,10,3,3,0,0,0,0,4,0,0,309.991,2.066,6.15153,-0.000,328.323,107.366,330.916,301.351,102.698,301.870,330.916,18.904,311.464,6.15421,18.886,311.463,6.15141,2
26435,416314,10,3,3,0,0,0,0,4,0,0,309.991,2.066,6.15168,-0.000,328.323,107.366,330.916,301.351,102.698,301.870,330.916,18.904,311.464,6.15436,18.886,311.464,6.15153,2
26450,416324,10,3,3,0,0,0,0,4,0,0,309.991,2.066,6.15163,-0.000,328.323,107.366,330.916,301.351,102.698,301.870,330.916,18.904,311.464,6.15430,18.887,311.464,6.15168,2
26466,416334,10,3,3,0,0,0,0,4,0,0,309.991,2.066,6.15176,-0.000,328.323,107.366,330.916,301.351,102.698,301.870,330.916,18.905,311.464,6.15444,18.886,311.464,6.15163,2
26466,416344,10,3,3,0,0,0,0,4,0,0,309.991,2.066,6.15164,-0.000,328.323,107.366,330.916,301.351,102.698,301.870,330.916,18.904,311.464,6.15432,18.887,311.464,6.15176,2
26481,416354,10,3,3,0,0,0,0,4,0,0,309.991,2.066,6.15141,-0.000,328.323,107.366,330.916,301.351,102.698,301.870,330.916,18.904,311.464,6.15408,18.886,311.464,6.15164,2
26496,416364,10,3,3,0,0,0,0,4,0,0,309.991,2.066,6.15149,-0.000,328.323,107.366,330.916,301.351,102.698,301.870,330.916,18.904,311.464,6.15417,18.886,311.463,6.15141,2
26496,416374,10,3,3,0,0,0,0,4,0,0,309.991,2.066,6.15134,-0.000,328.323,107.366,330.916,301.351,102.698,301.870,330.916,18.904,311.464,6.15402,18.886,311.463,6.15149,2
26511,416384,10,3,3,0,0,0,0,4,0,0,309.991,2.066,6.15124,-0.000,328.323,107.366,330.916,301.351,102.698,301.870,330.916,18.904,311.464,6.15391,18.886,311.463,6.15134,2
26511,416394,10,3,3,0,0,0,0,4,0,0,309.991,2.066,6.15128,-0.000,328.323,107.366,330.916,301.351,102.698,301.870,330.916,18.904,311.464,6.15395,18.886,311.463,6.15124,2
26527,416404,10,3,3,0,0,0,0,4,0,0,309.991,2.066,6.15143,-0.000,328.323,107.366,330.916,301.351,102.698,301.870,330.916,18.904,311.464,6.15410,18.886,311.463,6.15128,2
26543,416414,10,3,3,0,0,0,0,4,0,0,309.991,2.066,6.15149,-0.000,328.323,107.366,330.916,301.351,102.698,301.870,330.916,18.904,311.464,6.15416,18.886,311.463,6.15143,2
26543,416424,10,3,3,0,0,0,0,4,0,0,309.991,2.066,6.15168,-0.000,328.323,107.366,330.916,301.351,102.698,301.870,330.916,18.904,311.464,6.15436,18.886,311.464,6.15148,2
26558,416434,10,3,3,0,0,0,0,4,0,0,309.991,2.066,6.15167,-0.000,328.323,107.366,330.916,301.351,102.698,301.870,330.916,18.904,311.464,6.15435,18.887,311.464,6.15168,2
26574,416444,10,3,3,0,0,0,0,4,0,0,309.991,2.066,6.15161,-0.000,328.323,107.366,330.916,301.351,102.698,301.870,330.916,18.904,311.464,6.15428,18.887,311.464,6.15167,2
26574,416454,10,3,3,0,0,0,0,4,0,0,309.991,2.066,6.15168,-0.000,328.323,107.366,330.916,301.351,102.698,301.870,330.916,18.904,311.464,6.15435,18.886,311.464,6.15161,2
26590,416464,10,3,3,0,0,0,0,4,0,0,309.991,2.066,6.15170,-0.000,328.323,107.366,330.916,301.351,102.698,301.870,330.916,18.904,311.464,6.15437,18.887,311.464,6.15168,2
26606,416474,10,3,3,0,0,0,0,4,0,0,309.991,2.066,6.15170,-0.000,328.323,107.366,330.916,301.351,102.698,301.870,330.916,18.904,311.464,6.15437,18.887,311.464,6.15170,2
26606,416484,10,3,3,0,0,0,0,4,0,0,309.991,2.066,6.15183,-0.000,328.323,107.366,330.916,301.351,102.698,301.870,330.916,18.905,311.464,6.15451,18.887,311.464,6.15170,2
26621,416494,10,3,3,0,0,0,0,4,0,0,309.991,2.066,6.15174,-0.000,328.323,107.366,330.916,301.351,102.698,301.870,330.916,18.904,311.464,6.15442,18.887,311.464,6.15183,2
26637,416504,10,3,3,0,0,0,0,4,0,0,309.991,2.066,6.15172,-0.000,328.323,107.366,330.916,301.351,102.698,301.870,330.916,18.904,311.464,6.15439,18.887,311.464,6.15174,2
26637,416514,10,3,3,0,0,0,0,4,0,0,309.991,2.066,6.15184,-0.000,328.323,107.366,330.916,301.351,102.698,301.870,330.916,18.905,311.464,6.15452,18.887,311.464,6.15172,2
26653,416524,10,3,3,0,0,0,0,4,0,0,309.991,2.066,6.15178,-0.000,328.323,107.366,330.916,301.351,102.698,301.870,330.916,18.905,311.464,6.15446,18.887,311.464,6.15184,2
26653,416534,10,3,3,0,0,0,0,4,0,0,309.991,2.066,6.15154,-0.000,328.323,107.366,330.916,301.351,102.698,301.870,330.916,18.904,311.464,6.15422,18.887,311.464,6.15178,2
26668,416544,10,3,3,0,0,0,0,4,0,0,309.991,2.066,6.15141,-0.000,328.323,107.366,330.916,301.351,102.698,301.870,330.916,18.904,311.464,6.15409,18.886,311.464,6.15154,2
26684,416554,10,3,3,0,0,0,0,4,0,0,309.991,2.066,6.15134,-0.000,328.323,107.366,330.916,301.351,102.698,301.870,330.916,18.904,311.464,6.15402,18.886,311.463,6.15141,2
26684,416564,10,3,3,0,0,0,0,4,0,0,309.991,2.066,6.15119,-0.000,328.323,107.366,330.916,301.351,102.698,301.870,330.916,18.904,311.464,6.15387,18.886,311.463,6.15134,2
26699,416574,10,3,3,0,0,0,0,4,0,0,309.991,2.066,6.15104,-0.000,328.323,107.366,330.916,301.351,102.698,301.870,330.916,18.904,311.464,6.15371,18.886,311.463,6.15119,2
26715,416584,10,3,3,0,0,0,0,4,0,0,309.991,2.066,6.15096,-0.000,328.323,107.366,330.916,301.351,102.698,301.870,330.916,18.904,311.464,6.15363,18.886,311.463,6.15104,2
26715,416594,10,3,3,0,0,0,0,4,0,0,309.991,2.066,6.15111,-0.000,328.323,107.366,330.916,301.351,102.698,301.870,330.916,18.904,311.464,6.15379,18.886,311.463,6.15096,2
26731,416604,10,3,3,0,0,0,0,4,0,0,309.991,2.066,6.15094,-0.000,328.323,107.366,330.916,301.351,102.698,301.870,330.916,18.903,311.464,6.15361,18.886,311.463,6.15111,2
26731,416614,10,3,3,0,0,0,0,4,0,0,309.991,2.066,6.15086,-0.000,328.323,107.366,330.916,301.351,102.698,301.870,330.916,18.903,311.464,6.15353,18.886,311.463,6.15094,2
26746,416624,10,3,3,0,0,0,0,4,0,0,309.991,2.066,6.15084,-0.000,328.323,107.366,330.916,301.351,102.698,301.870,330.916,18.903,311.464,6.15352,18.885,311.463,6.15086,2
26762,416634,10,3,3,0,0,0,0,4,0,0,309.991,2.066,6.15104,-0.000,328.323,107.366,330.916,301.351,102.698,301.870,330.916,18.904,311.464,6.15371,18.885,311.463,6.15084,2
26762,416644,10,3,3,0,0,0,0,4,0,0,309.991,2.066,6.15140,-0.000,328.323,107.366,330.916,301.351,102.698,301.870,330.916,18.904,311.464,6.15407,18.886,311.463,6.15104,2
26777,416654,10,3,3,0,0,0,0,4,0,0,309.991,2.066,6.15135,-0.000,328.323,107.366,330.916,301.351,102.698,301.870,330.916,18.904,311.464,6.15402,18.886,311.463,6.15140,2
26792,416664,10,3,3,0,0,0,0,4,0,0,309.991,2.066,6.15128,-0.000,328.323,107.366,330.916,301.351,102.698,301.870,330.916,18.904,311.464,6.15395,18.886,311.463,6.15135,2
26792,416674,10,3,3,0,0,0,0,4,0,0,309.991,2.066,6.15115,-0.000,328.323,107.366,330.916,301.351,102.698,301.870,330.916,18.904,311.464,6.15383,18.886,311.463,6.15128,2
26808,416684,10,3,3,0,0,0,0,4,0,0,309.991,2.066,6.15120,-0.000,328.323,107.366,330.916,301.351,102.698,301.870,330.916,18.904,311.464,6.15387,18.886,311.463,6.15115,2
26824,416694,10,3,3,0,0,0,0,4,0,0,309.991,2.066,6.15139,-0.000,328.323,107.366,330.916,301.351,102.698,301.870,330.916,18.904,311.464,6.15407,18.886,311.463,6.15120,2
26824,416704,10,3,3,0,0,0,0,4,0,0,309.991,2.066,6.15126,-0.000,328.323,107.366,330.916,301.351,102.698,301.870,330.916,18.904,311.464,6.15393,18.886,311.463,6.15139,2
26840,416714,10,3,3,0,0,0,0,4,0,0,309.991,2.066,6.15118,-0.000,328.323,107.366,330.916,301.351,102.698,301.870,330.916,18.904,311.464,6.15386,18.886,311.463,6.15126,2
26856,416724,10,3,3,0,0,0,0,4,0,0,309.991,2.066,6.15100,-0.000,328.323,107.366,330.916,301.351,102.698,301.870,330.916,18.904,311.464,6.15368,18.886,311.463,6.15118,2
26856,416734,10,3,3,0,0,0,0,4,0,0,309.991,2.066,6.15123,-0.000,328.323,107.366,330.916,301.351,102.698,301.870,330.916,18.904,311.464,6.15391,18.886,311.463,6.15100,2
26871,416744,10,3,3,0,0,0,0,4,0,0,309.991,2.066,6.15129,-0.000,328.323,107.366,330.916,301.351,102.698,301.870,330.916,18.904,311.464,6.15397,18.886,311.463,6.15123,2
26887,416754,10,3,3,0,0,0,0,4,0,0,309.991,2.066,6.15141,-0.000,328.323,107.366,330.916,301.351,102.698,301.870,330.916,18.904,311.464,6.15408,18.886,311.463,6.15129,2
26887,416764,10,3,3,0,0,0,0,4,0,0,309.991,2.066,6.15131,-0.000,328.323,107.366,330.916,301.351,102.698,301.870,330.916,18.904,311.464,6.15398,18.886,311.463,6.15141,2
26903,416774,10,3,3,0,0,0,0,4,0,0,309.991,2.066,6.15163,-0.000,328.323,107.366,330.916,301.351,102.698,301.870,330.916,18.904,311.464,6.15430,18.886,311.463,6.15131,2
26903,416784,10,3,3,0,0,0,0,4,0,0,309.991,2.066,6.15162,-0.000,328.323,107.366,330.916,301.351,102.698,301.870,330.916,18.904,311.464,6.15430,18.886,311.464,6.15163,2
26919,416794,10,3,3,0,0,0,0,4,0,0,309.991,2.066,6.15171,-0.000,328.323,107.366,330.916,301.351,102.698,301.870,330.916,18.904,311.464,6.15439,18.886,311.464,6.15162,2
26934,416804,10,3,3,0,0,0,0,4,0,0,309.991,2.066,6.15163,-0.000,328.323,107.366,330.916,301.351,102.698,301.870,330.916,18.904,311.464,6.15430,18.887,311.464,6.15171,2
26934,416814,10,3,3,0,0,0,0,4,0,0,309.991,2.066,6.15160,-0.000,328.323,107.366,330.916,301.351,102.698,301.870,330.916,18.904,311.464,6.15428,18.886,311.464,6.15163,2
26950,416824,10,3,3,0,0,0,0,4,0,0,309.991,2.066,6.15138,-0.000,328.323,107.366,330.916,301.351,102.698,301.870,330.916,18.904,311.464,6.15405,18.886,311.464,6.15160,2
26965,416834,10,3,3,0,0,0,0,4,0,0,309.991,2.066,6.15127,-0.000,328.323,107.366,330.916,301.351,102.698,301.870,330.916,18.904,311.464,6.15394,18.886,311.463,6.15138,2
26965,416844,10,3,3,0,0,0,0,4,0,0,309.991,2.066,6.15132,-0.000,328.323,107.366,330.916,301.351,102.698,301.870,330.916,18.904,311.464,6.15400,18.886,311.463,6.15127,2
26980,416854,10,3,3,0,0,0,0,4,0,0,309.991,2.066,6.15154,-0.000,328.323,107.366,330.916,301.351,102.698,301.870,330.916,18.904,311.464,6.15422,18.886,311.463,6.15132,2
26995,416864,10,3,3,0,0,0,0,4,0,0,309.991,2.066,6.15178,-0.000,328.323,107.366,330.916,301.351,102.698,301.870,330.916,18.905,311.464,6.15446,18.886,311.464,6.15154,2
26995,416874,10,3,3,0,0,0,0,4,0,0,309.991,2.066,6.15185,-0.000,328.323,107.366,330.916,301.351,102.698,301.870,330.916,18.905,311.464,6.15452,18.887,311.464,6.15178,2
27011,416884,10,3,3,0,0,0,0,4,0,0,309.991,2.066,6.15172,-0.000,328.323,107.366,330.916,301.351,102.698,301.870,330.916,18.904,311.464,6.15440,18.887,311.464,6.15185,2
27011,416894,10,3,3,0,0,0,0,4,0,0,309.991,2.066,6.15168,-0.000,328.323,107.366,330.916,301.351,102.698,301.870,330.916,18.904,311.464,6.15435,18.887,311.464,6.15172,2
27026,416904,10,3,3,0,0,0,0,4,0,0,309.991,2.066,6.15160,-0.000,328.323,107.366,330.916,301.351,102.698,301.870,330.916,18.904,311.464,6.15428,18.887,311.464,6.15168,2
27042,416914,10,3,3,0,0,0,0,4,0,0,309.991,2.066,6.15145,-0.000,328.323,107.366,330.916,301.351,102.698,301.870,330.916,18.904,311.464,6.15413,18.886,311.464,6.15160,2
27042,416924,10,3,3,0,0,0,0,4,0,0,309.991,2.066,6.15159,-0.000,328.323,107.366,330.916,301.351,102.698,301.870,330.916,18.904,311.464,6.15426,18.886,311.464,6.15145,2
27058,416934,10,3,3,0,0,0,0,4,0,0,309.991,2.066,6.15178,-0.000,328.323,107.366,330.916,301.351,102.698,301.870,330.916,18.905,311.464,6.15445,18.886,311.464,6.15159,2
27074,416944,10,3,3,0,0,0,0,4,0,0,309.991,2.066,6.15184,-0.000,328.323,107.366,330.916,301.351,102.698,301.870,330.916,18.905,311.464,6.15451,18.887,311.464,6.15178,2
27074,416954,10,3,3,0,0,0,0,4,0,0,309.991,2.066,6.15162,-0.000,328.323,107.366,330.916,301.351,102.698,301.870,330.916,18.904,311.464,6.15430,18.887,311.464,6.15184,2
27090,416964,10,3,3,0,0,0,0,4,0,0,309.991,2.066,6.15177,-0.000,328.323,107.366,330.916,301.351,102.698,301.870,330.916,18.905,311.464,6.15445,18.886,311.464,6.15162,2
27105,416974,10,3,3,0,0,0,0,4,0,0,309.991,2.066,6.15194,-0.000,328.323,107.366,330.916,301.351,102.698,301.870,330.916,18.905,311.464,6.15462,18.887,311.464,6.15177,2
27105,416984,10,3,3,0,0,0,0,4,0,0,309.991,2.066,6.15176,-0.000,328.323,107.366,330.916,301.351,102.698,301.870,330.916,18.905,311.464,6.15444,18.887,311.464,6.15194,2
27121,416994,10,3,3,0,0,0,0,4,0,0,309.991,2.066,6.15155,-0.000,328.323,107.366,330.916,301.351,102.698,301.870,330.916,18.904,311.464,6.15422,18.887,311.464,6.15176,2
27121,417004,10,3,3,0,0,0,0,4,0,0,309.991,2.066,6.15164,-0.000,328.323,107.366,330.916,301.351,102.698,301.870,330.916,18.904,311.464,6.15431,18.886,311.464,6.15155,2
27137,417014,10,3,3,0,0,0,0,4,0,0,309.991,2.066,6.15187,-0.000,328.323,107.366,330.916,301.351,102.698,301.870,330.916,18.905,311.464,6.15455,18.886,311.464,6.15164,2
27153,417024,10,3,3,0,0,0,0,4,0,0,309.991,2.066,6.15164,-0.000,328.323,107.366,330.916,301.351,102.698,301.870,330.916,18.904,311.464,6.15431,18.887,311.464,6.15187,2
27153,417034,10,3,3,0,0,0,0,4,0,0,309.991,2.066,6.15169,-0.000,328.323,107.366,330.916,301.351,102.698,301.870,330.916,18.904,311.464,6.15437,18.886,311.464,6.15164,2
27169,417044,10,3,3,0,0,0,0,4,0,0,309.991,2.066,6.15167,-0.000,328.323,107.366,330.916,301.351,102.698,301.870,330.916,18.904,311.464,6.15435,18.887,311.464,6.15169,2
27183,417054,10,3,3,0,0,0,0,4,0,0,309.991,2.066,6.15186,-0.000,328.323,107.366,330.916,301.351,102.698,301.870,330.916,18.905,311.464,6.15454,18.887,311.464,6.15167,2
27183,417064,10,3,3,0,0,0,0,4,0,0,309.991,2.066,6.15166,-0.000,328.323,107.366,330.916,301.351,102.698,301.870,330.916,18.904,311.464,6.15434,18.887,311.464,6.15186,2
27199,417074,10,3,3,0,0,0,0,4,0,0,309.991,2.066,6.15153,-0.000,328.323,107.366,330.916,301.351,102.698,301.870,330.916,18.904,311.464,6.15420,18.886,311.464,6.15166,2
27215,417084,10,3,3,0,0,0,0,4,0,0,309.991,2.066,6.15153,-0.000,328.323,107.366,330.916,301.351,102.698,301.870,330.916,18.904,311.464,6.15421,18.886,311.464,6.15153,2
27215,417094,10,3,3,0,0,0,0,4,0,0,309.991,2.066,6.15142,-0.000,328.323,107.366,330.916,301.351,102.698,301.870,330.916,18.904,311.464,6.15409,18.886,311.464,6.15153,2
27231,417104,10,3,3,0,0,0,0,4,0,0,309.991,2.066,6.15154,-0.000,328.323,107.366,330.916,301.351,102.698,301.870,330.916,18.904,311.464,6.15421,18.886,311.464,6.15142,2
27245,417114,10,3,3,0,0,0,0,4,0,0,309.991,2.066,6.15152,-0.000,328.323,107.366,330.916,301.351,102.698,301.870,330.916,18.904,311.464,6.15420,18.886,311.464,6.15154,2
27245,417124,10,3,3,0,0,0,0,4,0,0,309.991,2.066,6.15144,-0.000,328.323,107.366,330.916,301.351,102.698,301.870,330.916,18.904,311.464,6.15411,18.886,311.464,6.15152,2
27261,417134,10,3,3,0,0,0,0,4,0,0,309.991,2.066,6.15172,-0.000,328.323,107.366,330.916,301.351,102.698,301.870,330.916,18.904,311.464,6.15439,18.886,311.464,6.15144,2
27261,417144,10,3,3,0,0,0,0,4,0,0,309.991,2.066,6.15204,-0.000,328.323,107.366,330.916,301.351,102.698,301.870,330.916,18.905,311.464,6.15472,18.887,311.464,6.15172,2
27277,417154,10,3,3,0,0,0,0,4,0,0,309.991,2.066,6.15208,-0.000,328.323,107.366,330.916,301.351,102.698,301.870,330.916,18.905,311.465,6.15475,18.887,311.464,6.15204,2
27293,417164,10,3,3,0,0,0,0,4,0,0,309.991,2.066,6.15177,-0.000,328.323,107.366,330.916,301.351,102.698,301.870,330.916,18.905,311.464,6.15444,18.887,311.464,6.15208,2
27293,417174,10,3,3,0,0,0,0,4,0,0,309.991,2.066,6.15185,-0.000,328.323,107.366,330.916,301.351,102.698,301.870,330.916,18.905,311.464,6.15452,18.887,311.464,6.15176,2
27308,417184,10,3,3,0,0,0,0,4,0,0,309.991,2.066,6.15195,-0.000,328.323,107.366,330.916,301.351,102.698,301.870,330.916,18.905,311.464,6.15463,18.887,311.464,6.15185,2
27324,417194,10,3,3,0,0,0,0,4,0,0,309.991,2.066,6.15203,-0.000,328.323,107.366,330.916,301.351,102.698,301.870,330.916,18.905,311.464,6.15471,18.887,311.464,6.15195,2
27324,417204,10,3,3,0,0,0,0,4,0,0,309.991,2.066,6.15184,-0.000,328.323,107.366,330.916,301.351,102.698,301.870,330.916,18.905,311.464,6.15451,18.887,311.464,6.15203,2
27339,417214,10,3,3,0,0,0,0,4,0,0,309.991,2.066,6.15174,-0.000,328.323,107.366,330.916,301.351,102.698,301.870,330.916,18.904,311.464,6.15441,18.887,311.464,6.15184,2
27355,417224,10,3,3,0,0,0,0,4,0,0,309.991,2.066,6.15146,-0.000,328.323,107.366,330.916,301.351,102.698,301.870,330.916,18.904,311.464,6.15413,18.887,311.464,6.15174,2
27355,417234,10,3,3,0,0,0,0,4,0,0,309.991,2.066,6.15151,-0.000,328.323,107.366,330.916,301.351,102.698,301.870,330.916,18.904,311.464,6.15418,18.886,311.464,6.15146,2
27371,417244,10,3,3,0,0,0,0,4,0,0,309.991,2.066,6.15160,-0.000,328.323,107.366,330.916,301.351,102.698,301.870,330.916,18.904,311.464,6.15427,18.886,311.464,6.15151,2
27386,417254,10,3,3,0,0,0,0,4,0,0,309.991,2.066,6.15165,-0.000,328.323,107.366,330.916,301.351,102.698,301.870,330.916,18.904,311.464,6.15433,18.886,311.464,6.15160,2
27386,417264,10,3,3,0,0,0,0,4,0,0,309.991,2.066,6.15151,-0.000,328.323,107.366,330.916,301.351,102.698,301.870,330.916,18.904,311.464,6.15418,18.886,311.464,6.15165,2
27401,417274,10,3,3,0,0,0,0,4,0,0,309.991,2.066,6.15161,-0.000,328.323,107.366,330.916,301.351,102.698,301.870,330.916,18.904,311.464,6.15428,18.886,311.464,6.15151,2
27417,417284,10,3,3,0,0,0,0,4,0,0,309.991,2.066,6.15152,-0.000,328.323,107.366,330.916,301.351,102.698,301.870,330.916,18.904,311.464,6.15420,18.886,311.464,6.15161,2
27417,417294,10,3,3,0,0,0,0,4,0,0,309.991,2.066,6.15151,-0.000,328.323,107.366,330.916,301.351,102.698,301.870,330.916,18.904,311.464,6.15419,18.886,311.464,6.15152,2
27433,417304,10,3,3,0,0,0,0,4,0,0,309.991,2.066,6.15162,-0.000,328.323,107.366,330.916,301.351,102.698,301.870,330.916,18.904,311.464,6.15429,18.886,311.464,6.15151,2
27433,417314,10,3,3,0,0,0,0,4,0,0,309.991,2.066,6.15158,-0.000,328.323,107.366,330.916,301.351,102.698,301.870,330.916,18.904,311.464,6.15426,18.886,311.464,6.15162,2
27448,417324,10,3,3,0,0,0,0,4,0,0,309.991,2.066,6.15128,-0.000,328.323,107.366,330.916,301.351,102.698,301.870,330.916,18.904,311.464,6.15395,18.886,311.464,6.15158,2
27463,417334,10,3,3,0,0,0,0,4,0,0,309.991,2.066,6.15150,-0.000,328.323,107.366,330.916,301.351,102.698,301.870,330.916,18.904,311.464,6.15418,18.886,311.464,6.15128,2
27463,417344,10,3,3,0,0,0,0,4,0,0,309.991,2.066,6.15156,-0.000,328.323,107.366,330.916,301.351,102.698,301.870,330.916,18.904,311.464,6.15423,18.886,311.464,6.15150,2
27479,417354,10,3,3,0,0,0,0,4,0,0,309.991,2.066,6.15160,-0.000,328.323,107.366,330.916,301.351,102.698,301.870,330.916,18.904,311.464,6.15427,18.886,311.464,6.15156,2
27494,417364,10,3,3,0,0,0,0,4,0,0,309.991,2.066,6.15162,-0.000,328.323,107.366,330.916,301.351,102.698,301.870,330.916,18.904,311.464,6.15429,18.886,311.464,6.15160,2
27494,417374,10,3,3,0,0,0,0,4,0,0,309.991,2.066,6.15183,-0.000,328.323,107.366,330.916,301.351,102.698,301.870,330.916,18.905,311.464,6.15451,18.886,311.464,6.15162,2
27510,417384,10,3,3,0,0,0,0,4,0,0,309.991,2.066,6.15151,-0.000,328.323,107.366,330.916,301.351,102.698,301.870,330.916,18.904,311.464,6.15418,18.887,311.464,6.15183,2
27525,417394,10,3,3,0,0,0,0,4,0,0,309.991,2.066,6.15173,-0.000,328.323,107.366,330.916,301.351,102.698,301.870,330.916,18.904,311.464,6.15441,18.886,311.464,6.15151,2
27525,417404,10,3,3,0,0,0,0,4,0,0,309.991,2.066,6.15182,-0.000,328.323,107.366,330.916,301.351,102.698,301.870,330.916,18.905,311.464,6.15450,18.887,311.464,6.15173,2
27541,417414,10,3,3,0,0,0,0,4,0,0,309.991,2.066,6.15176,-0.000,328.323,107.366,330.916,301.351,102.698,301.870,330.916,18.905,311.464,6.15444,18.887,311.464,6.15182,2
27557,417424,10,3,3,0,0,0,0,4,0,0,309.991,2.066,6.15189,-0.000,328.323,107.366,330.916,301.351,102.698,301.870,330.916,18.905,311.464,6.15456,18.887,311.464,6.15176,2
27557,417434,10,3,3,0,0,0,0,4,0,0,309.991,2.066,6.15194,-0.000,328.323,107.366,330.916,301.351,102.698,301.870,330.916,18.905,311.464,6.15462,18.887,311.464,6.15189,2
27572,417444,10,3,3,0,0,0,0,4,0,0,309.991,2.066,6.15194,-0.000,328.323,107.366,330.916,301.351,102.698,301.870,330.916,18.905,311.464,6.15462,18.887,311.464,6.15194,2
27572,417454,10,3,3,0,0,0,0,4,0,0,309.991,2.066,6.15183,-0.000,328.323,107.366,330.916,301.351,102.698,301.870,330.916,18.905,311.464,6.15450,18.887,311.464,6.15194,2
27588,417464,10,3,3,0,0,0,0,4,0,0,309.991,2.066,6.15164,-0.000,328.323,107.366,330.916,301.351,102.698,301.870,330.916,18.904,311.464,6.15431,18.887,311.464,6.15183,2
27603,417474,10,3,3,0,0,0,0,4,0,0,309.991,2.066,6.15143,-0.000,328.323,107.366,330.916,301.351,102.698,301.870,330.916,18.904,311.464,6.15410,18.886,311.464,6.15164,2
27603,417484,10,3,3,0,0,0,0,4,0,0,309.991,2.066,6.15173,-0.000,328.323,107.366,330.916,301.351,102.698,301.870,330.916,18.904,311.464,6.15440,18.886,311.464,6.15143,2
27619,417494,10,3,3,0,0,0,0,4,0,0,309.991,2.066,6.15186,-0.000,328.323,107.366,330.916,301.351,102.698,301.870,330.916,18.905,311.464,6.15453,18.887,311.464,6.15173,2
27635,417504,10,3,3,0,0,0,0,4,0,0,309.991,2.066,6.15165,-0.000,328.323,107.366,330.916,301.351,102.698,301.870,330.916,18.904,311.464,6.15432,18.887,311.464,6.15185,2
27635,417514,10,3,3,0,0,0,0,4,0,0,309.991,2.066,6.15158,-0.000,328.323,107.366,330.916,301.351,102.698,301.870,330.916,18.904,311.464,6.15425,18.886,311.464,6.15165,2
27651,417524,10,3,3,0,0,0,0,4,0,0,309.991,2.066,6.15157,-0.000,328.323,107.366,330.916,301.351,102.698,301.870,330.916,18.904,311.464,6.15424,18.886,311.464,6.15158,2
27651,417534,10,3,3,0,0,0,0,4,0,0,309.991,2.066,6.15148,-0.000,328.323,107.366,330.916,301.351,102.698,301.870,330.916,18.904,311.464,6.15415,18.886,311.464,6.15157,2
27667,417544,10,3,3,0,0,0,0,4,0,0,309.991,2.066,6.15159,-0.000,328.323,107.366,330.916,301.351,102.698,301.870,330.916,18.904,311.464,6.15427,18.886,311.464,6.15148,2
27683,417554,10,3,3,0,0,0,0,4,0,0,309.991,2.066,6.15146,-0.000,328.323,107.366,330.916,301.351,102.698,301.870,330.916,18.904,311.464,6.15413,18.886,311.464,6.15159,2
27683,417564,10,3,3,0,0,0,0,4,0,0,309.991,2.066,6.15142,-0.000,328.323,107.366,330.916,301.351,102.698,301.870,330.916,18.904,311.464,6.15410,18.886,311.464,6.15146,2
27699,417574,10,3,3,0,0,0,0,4,0,0,309.991,2.066,6.15144,-0.000,328.323,107.366,330.916,301.351,102.698,301.870,330.916,18.904,311.464,6.15411,18.886,311.464,6.15142,2
27714,417584,10,3,3,0,0,0,0,4,0,0,309.991,2.066,6.15128,-0.000,328.323,107.366,330.916,301.351,102.698,301.870,330.916,18.904,311.464,6.15396,18.886,311.464,6.15144,2
27714,417594,10,3,3,0,0,0,0,4,0,0,309.991,2.066,6.15120,-0.000,328.323,107.366,330.916,301.351,102.698,301.870,330.916,18.904,311.464,6.15388,18.886,311.464,6.15128,2
27729,417604,10,3,3,0,0,0,0,4,0,0,309.991,2.066,6.15080,-0.000,328.323,107.366,330.916,301.351,102.698,301.870,330.916,18.903,311.464,6.15347,18.886,311.463,6.15120,2
27745,417614,10,3,3,0,0,0,0,4,0,0,309.991,2.066,6.15081,-0.000,328.323,107.366,330.916,301.351,102.698,301.870,330.916,18.903,311.464,6.15348,18.885,311.463,6.15080,2
27745,417624,10,3,3,0,0,0,0,4,0,0,309.991,2.066,6.15103,-0.000,328.323,107.366,330.916,301.351,102.698,301.870,330.916,18.904,311.464,6.15370,18.885,311.463,6.15081,2
27761,417634,10,3,3,0,0,0,0,4,0,0,309.991,2.066,6.15128,-0.000,328.323,107.366,330.916,301.351,102.698,301.870,330.916,18.904,311.464,6.15396,18.886,311.463,6.15103,2
27776,417644,10,3,3,0,0,0,0,4,0,0,309.991,2.066,6.15129,-0.000,328.323,107.366,330.916,301.351,102.698,301.870,330.916,18.904,311.464,6.15397,18.886,311.464,6.15128,2
27776,417654,10,3,3,0,0,0,0,4,0,0,309.991,2.066,6.15119,-0.000,328.323,107.366,330.916,301.351,102.698,301.870,330.916,18.904,311.464,6.15386,18.886,311.464,6.15129,2
27791,417664,10,3,3,0,0,0,0,4,0,0,309.991,2.066,6.15116,-0.000,328.323,107.366,330.916,301.351,102.698,301.870,330.916,18.904,311.464,6.15383,18.886,311.463,6.15119,2
27807,417674,10,3,3,0,0,0,0,4,0,0,309.991,2.066,6.15136,-0.000,328.323,107.366,330.916,301.351,102.698,301.870,330.916,18.904,311.464,6.15404,18.886,311.463,6.15116,2
27807,417684,10,3,3,0,0,0,0,4,0,0,309.991,2.066,6.15131,-0.000,328.323,107.366,330.916,301.351,102.698,301.870,330.916,18.904,311.464,6.15399,18.886,311.464,6.15136,2
27823,417694,10,3,3,0,0,0,0,4,0,0,309.991,2.066,6.15134,-0.000,328.323,107.366,330.916,301.351,102.698,301.870,330.916,18.904,311.464,6.15401,18.886,311.464,6.15131,2
27823,417704,10,3,3,0,0,0,0,4,0,0,309.991,2.066,6.15147,-0.000,328.323,107.366,330.916,301.351,102.698,301.870,330.916,18.904,311.464,6.15415,18.886,311.464,6.15134,2
27839,417714,10,3,3,0,0,0,0,4,0,0,309.991,2.066,6.15141,-0.000,328.323,107.366,330.916,301.351,102.698,301.870,330.916,18.904,311.464,6.15409,18.886,311.464,6.15147,2
27855,417724,10,3,3,0,0,0,0,4,0,0,309.991,2.066,6.15157,-0.000,328.323,107.366,330.916,301.351,102.698,301.870,330.916,18.904,311.464,6.15424,18.886,311.464,6.15141,2
27855,417734,10,3,3,0,0,0,0,4,0,0,309.991,2.066,6.15141,-0.000,328.323,107.366,330.916,301.351,102.698,301.870,330.916,18.904,311.464,6.15408,18.886,311.464,6.15157,2
27870,417744,10,3,3,0,0,0,0,4,0,0,309.991,2.066,6.15137,-0.000,328.323,107.366,330.916,301.351,102.698,301.870,330.916,18.904,311.464,6.15404,18.886,311.464,6.15141,2
27886,417754,10,3,3,0,0,0,0,4,0,0,309.991,2.066,6.15151,-0.000,328.323,107.366,330.916,301.351,102.698,301.870,330.916,18.904,311.464,6.15419,18.886,311.463,6.15137,2
27886,417764,10,3,3,0,0,0,0,4,0,0,309.991,2.066,6.15148,-0.000,328.323,107.366,330.916,301.351,102.698,301.870,330.916,18.904,311.464,6.15416,18.886,311.464,6.15152,2
27901,417774,10,3,3,0,0,0,0,4,0,0,309.991,2.066,6.15131,-0.000,328.323,107.366,330.916,301.351,102.698,301.870,330.916,18.904,311.464,6.15399,18.886,311.464,6.15148,2
27917,417784,10,3,3,0,0,0,0,4,0,0,309.991,2.066,6.15129,-0.000,328.323,107.366,330.916,301.351,102.698,301.870,330.916,18.904,311.464,6.15397,18.886,311.463,6.15131,2
27917,417794,10,3,3,0,0,0,0,4,0,0,309.991,2.066,6.15141,-0.000,328.323,107.366,330.916,301.351,102.698,301.870,330.916,18.904,311.464,6.15408,18.886,311.463,6.15129,2
27933,417804,10,3,3,0,0,0,0,4,0,0,309.991,2.066,6.15152,-0.000,328.323,107.366,330.916,301.351,102.698,301.870,330.916,18.904,311.464,6.15419,18.886,311.464,6.15141,2
27933,417814,10,3,3,0,0,0,0,4,0,0,309.991,2.066,6.15165,-0.000,328.323,107.366,330.916,301.351,102.698,301.870,330.916,18.904,311.464,6.15433,18.886,311.464,6.15152,2
27948,417824,10,3,3,0,0,0,0,4,0,0,309.991,2.066,6.15172,-0.000,328.323,107.366,330.916,301.351,102.698,301.870,330.916,18.904,311.464,6.15440,18.886,311.464,6.15165,2
27964,417834,10,3,3,0,0,0,0,4,0,0,309.991,2.066,6.15181,-0.000,328.323,107.366,330.916,301.351,102.698,301.870,330.916,18.905,311.464,6.15449,18.887,311.464,6.15172,2
27964,417844,10,3,3,0,0,0,0,4,0,0,309.991,2.066,6.15188,-0.000,328.323,107.366,330.916,301.351,102.698,301.870,330.916,18.905,311.464,6.15455,18.887,311.464,6.15181,2
27979,417854,10,3,3,0,0,0,0,4,0,0,309.991,2.066,6.15162,-0.000,328.323,107.366,330.916,301.351,102.698,301.870,330.916,18.904,311.464,6.15430,18.887,311.464,6.15188,2
27994,417864,10,3,3,0,0,0,0,4,0,0,309.991,2.066,6.15175,-0.000,328.323,107.366,330.916,301.351,102.698,301.870,330.916,18.905,311.464,6.15443,18.886,311.464,6.15162,2
27994,417874,10,3,3,0,0,0,0,4,0,0,309.991,2.066,6.15163,-0.000,328.323,107.366,330.916,301.351,102.698,301.870,330.916,18.904,311.464,6.15430,18.887,311.464,6.15175,2
28010,417884,10,3,3,0,0,0,0,4,0,0,309.991,2.066,6.15142,-0.000,328.323,107.366,330.916,301.351,102.698,301.870,330.916,18.904,311.464,6.15409,18.886,311.464,6.15163,2
28026,417894,10,3,3,0,0,0,0,4,0,0,309.991,2.066,6.15158,-0.000,328.323,107.366,330.916,301.351,102.698,301.870,330.916,18.904,311.464,6.15426,18.886,311.464,6.15142,2
28026,417904,10,3,3,0,0,0,0,4,0,0,309.991,2.066,6.15166,-0.000,328.323,107.366,330.916,301.351,102.698,301.870,330.916,18.904,311.464,6.15434,18.886,311.464,6.15158,2
28042,417914,10,3,3,0,0,0,0,4,0,0,309.991,2.066,6.15165,-0.000,328.323,107.366,330.916,301.351,102.698,301.870,330.916,18.904,311.464,6.15433,18.886,311.464,6.15166,2
28042,417924,10,3,3,0,0,0,0,4,0,0,309.991,2.066,6.15152,-0.000,328.323,107.366,330.916,301.351,102.698,301.870,330.916,18.904,311.464,6.15419,18.886,311.464,6.15165,2
28057,417934,10,3,3,0,0,0,0,4,0,0,309.991,2.066,6.15144,-0.000,328.323,107.366,330.916,301.351,102.698,301.870,330.916,18.904,311.464,6.15411,18.886,311.464,6.15152,2
28073,417944,10,3,3,0,0,0,0,4,0,0,309.991,2.066,6.15128,-0.000,328.323,107.366,330.916,301.351,102.698,301.870,330.916,18.904,311.464,6.15395,18.886,311.464,6.15144,2
28073,417954,10,3,3,0,0,0,0,4,0,0,309.991,2.066,6.15124,-0.000,328.323,107.366,330.916,301.351,102.698,301.870,330.916,18.904,311.464,6.15391,18.886,311.463,6.15128,2
28089,417964,10,3,3,0,0,0,0,4,0,0,309.991,2.066,6.15147,-0.000,328.323,107.366,330.916,301.351,102.698,301.870,330.916,18.904,311.464,6.15414,18.886,311.463,6.15124,2
28104,417974,10,3,3,0,0,0,0,4,0,0,309.991,2.066,6.15160,-0.000,328.323,107.366,330.916,301.351,102.698,301.870,330.916,18.904,311.464,6.15427,18.886,311.464,6.15147,2
28104,417984,10,3,3,0,0,0,0,4,0,0,309.991,2.066,6.15141,-0.000,328.323,107.366,330.916,301.351,102.698,301.870,330.916,18.904,311.464,6.15409,18.886,311.464,6.15160,2
28120,417994,10,3,3,0,0,0,0,4,0,0,309.991,2.066,6.15128,-0.000,328.323,107.366,330.916,301.351,102.698,301.870,330.916,18.904,311.464,6.15395,18.886,311.463,6.15141,2
28136,418004,10,3,3,0,0,0,0,4,0,0,309.991,2.066,6.15141,-0.000,328.323,107.366,330.916,301.351,102.698,301.870,330.916,18.904,311.464,6.15409,18.886,311.463,6.15128,2
28136,418014,10,3,3,0,0,0,0,4,0,0,309.991,2.066,6.15156,-0.000,328.323,107.366,330.916,301.351,102.698,301.870,330.916,18.904,311.464,6.15424,18.886,311.463,6.15141,2
28152,418024,10,3,3,0,0,0,0,4,0,0,309.991,2.066,6.15159,-0.000,328.323,107.366,330.916,301.351,102.698,301.870,330.916,18.904,311.464,6.15427,18.886,311.464,6.15156,2
28152,418034,10,3,3,0,0,0,0,4,0,0,309.991,2.066,6.15168,-0.000,328.323,107.366,330.916,301.351,102.698,301.870,330.916,18.904,311.464,6.15435,18.886,311.464,6.15159,2
28167,418044,10,3,3,0,0,0,0,4,0,0,309.991,2.066,6.15147,-0.000,328.323,107.366,330.916,301.351,102.698,301.870,330.916,18.904,311.464,6.15415,18.887,311.464,6.15168,2
28182,418054,10,3,3,0,0,0,0,4,0,0,309.991,2.066,6.15129,-0.000,328.323,107.366,330.916,301.351,102.698,301.870,330.916,18.904,311.464,6.15397,18.886,311.463,6.15147,2
28182,418064,10,3,3,0,0,0,0,4,0,0,309.991,2.066,6.15158,-0.000,328.323,107.366,330.916,301.351,102.698,301.870,330.916,18.904,311.464,6.15426,18.886,311.463,6.15129,2
28198,418074,10,3,3,0,0,0,0,4,0,0,309.991,2.066,6.15181,-0.000,328.323,107.366,330.916,301.351,102.698,301.870,330.916,18.905,311.464,6.15449,18.886,311.463,6.15158,2
28214,418084,10,3,3,0,0,0,0,4,0,0,309.991,2.066,6.15184,-0.000,328.323,107.366,330.916,301.351,102.698,301.870,330.916,18.905,311.464,6.15451,18.887,311.464,6.15181,2
28214,418094,10,3,3,0,0,0,0,4,0,0,309.991,2.066,6.15178,-0.000,328.323,107.366,330.916,301.351,102.698,301.870,330.916,18.905,311.464,6.15446,18.887,311.464,6.15184,2
28229,418104,10,3,3,0,0,0,0,4,0,0,309.991,2.066,6.15176,-0.000,328.323,107.366,330.916,301.351,102.698,301.870,330.916,18.905,311.464,6.15443,18.887,311.464,6.15178,2
28245,418114,10,3,3,0,0,0,0,4,0,0,309.991,2.066,6.15160,-0.000,328.323,107.366,330.916,301.351,102.698,301.870,330.916,18.904,311.464,6.15428,18.887,311.464,6.15176,2
28245,418124,10,3,3,0,0,0,0,4,0,0,309.991,2.066,6.15152,-0.000,328.323,107.366,330.916,301.351,102.698,301.870,330.916,18.904,311.464,6.15419,18.886,311.463,6.15160,2
28260,418134,10,3,3,0,0,0,0,4,0,0,309.991,2.066,6.15149,-0.000,328.323,107.366,330.916,301.351,102.698,301.870,330.916,18.904,311.464,6.15417,18.886,311.463,6.15152,2
28276,418144,10,3,3,0,0,0,0,4,0,0,309.991,2.066,6.15144,-0.000,328.323,107.366,330.916,301.351,102.698,301.870,330.916,18.904,311.464,6.15411,18.886,311.463,6.15149,2
28276,418154,10,3,3,0,0,0,0,4,0,0,309.991,2.066,6.15134,-0.000,328.323,107.366,330.916,301.351,102.698,301.870,330.916,18.904,311.464,6.15402,18.886,311.463,6.15144,2
28292,418164,10,3,3,0,0,0,0,4,0,0,309.991,2.066,6.15114,-0.000,328.323,107.366,330.916,301.351,102.698,301.870,330.916,18.904,311.464,6.15381,18.886,311.463,6.15134,2
28292,418174,10,3,3,0,0,0,0,4,0,0,309.991,2.066,6.15110,-0.000,328.323,107.366,330.916,301.351,102.698,301.870,330.916,18.904,311.464,6.15377,18.886,311.463,6.15114,2
28307,418184,10,3,3,0,0,0,0,4,0,0,309.991,2.066,6.15109,-0.000,328.323,107.366,330.916,301.351,102.698,301.870,330.916,18.904,311.464,6.15376,18.886,311.463,6.15110,2
28324,418194,10,3,3,0,0,0,0,4,0,0,309.991,2.066,6.15124,-0.000,328.323,107.366,330.916,301.351,102.698,301.870,330.916,18.904,311.464,6.15391,18.886,311.463,6.15109,2
28324,418204,10,3,3,0,0,0,0,4,0,0,309.991,2.066,6.15141,-0.000,328.323,107.366,330.916,301.351,102.698,301.870,330.916,18.904,311.464,6.15409,18.886,311.463,6.15124,2
28340,418214,10,3,3,0,0,0,0,4,0,0,309.991,2.066,6.15132,-0.000,328.323,107.366,330.916,301.351,102.698,301.870,330.916,18.904,311.464,6.15400,18.886,311.463,6.15141,2
28355,418224,10,3,3,0,0,0,0,4,0,0,309.991,2.066,6.15127,-0.000,328.323,107.366,330.916,301.351,102.698,301.870,330.916,18.904,311.464,6.15394,18.886,311.463,6.15132,2
28355,418234,10,3,3,0,0,0,0,4,0,0,309.991,2.066,6.15144,-0.000,328.323,107.366,330.916,301.351,102.698,301.870,330.916,18.904,311.464,6.15411,18.886,311.463,6.15127,2
28371,418244,10,3,3,0,0,0,0,4,0,0,309.991,2.066,6.15127,-0.000,328.323,107.366,330.916,301.351,102.698,301.870,330.916,18.904,311.464,6.15395,18.886,311.463,6.15144,2
28371,418254,10,3,3,0,0,0,0,4,0,0,309.991,2.066,6.15126,-0.000,328.323,107.366,330.916,301.351,102.698,301.870,330.916,18.904,311.464,6.15393,18.886,311.463,6.15127,2
28387,418264,10,3,3,0,0,0,0,4,0,0,309.991,2.066,6.15128,-0.000,328.323,107.366,330.916,301.351,102.698,301.870,330.916,18.904,311.464,6.15395,18.886,311.463,6.15126,2
28402,418274,10,3,3,0,0,0,0,4,0,0,309.991,2.066,6.15125,-0.000,328.323,107.366,330.916,301.351,102.698,301.870,330.916,18.904,311.464,6.15393,18.886,311.463,6.15128,2
28402,418284,10,3,3,0,0,0,0,4,0,0,309.991,2.066,6.15141,-0.000,328.323,107.366,330.916,301.351,102.698,301.870,330.916,18.904,311.464,6.15409,18.886,311.463,6.15125,2
28417,418294,10,3,3,0,0,0,0,4,0,0,309.991,2.066,6.15152,-0.000,328.323,107.366,330.916,301.351,102.698,301.870,330.916,18.904,311.464,6.15419,18.886,311.463,6.15141,2
28433,418304,10,3,3,0,0,0,0,4,0,0,309.991,2.066,6.15173,-0.000,328.323,107.366,330.916,301.351,102.698,301.870,330.916,18.904,311.464,6.15440,18.886,311.463,6.15152,2
28433,418314,10,3,3,0,0,0,0,4,0,0,309.991,2.066,6.15192,-0.000,328.323,107.366,330.916,301.351,102.698,301.870,330.916,18.905,311.464,6.15459,18.887,311.463,6.15173,2
28449,418324,10,3,3,0,0,0,0,4,0,0,309.991,2.066,6.15187,-0.000,328.323,107.366,330.916,301.351,102.698,301.870,330.916,18.905,311.464,6.15455,18.887,311.464,6.15192,2
28465,418334,10,3,3,0,0,0,0,4,0,0,309.991,2.066,6.15182,-0.000,328.323,107.366,330.916,301.351,102.698,301.870,330.916,18.905,311.464,6.15450,18.887,311.463,6.15187,2
28465,418344,10,3,3,0,0,0,0,4,0,0,309.991,2.066,6.15150,-0.000,328.323,107.366,330.916,301.351,102.698,301.870,330.916,18.904,311.464,6.15417,18.887,311.463,6.15182,2
28480,418354,10,3,3,0,0,0,0,4,0,0,309.991,2.066,6.15109,-0.000,328.323,107.366,330.916,301.351,102.698,301.870,330.916,18.904,311.464,6.15376,18.886,311.463,6.15150,2
28495,418364,10,3,3,0,0,0,0,4,0,0,309.991,2.066,6.15111,-0.000,328.323,107.366,330.916,301.351,102.698,301.870,330.916,18.904,311.464,6.15378,18.886,311.463,6.15109,2
28495,418374,10,3,3,0,0,0,0,4,0,0,309.991,2.066,6.15111,-0.000,328.323,107.366,330.916,301.351,102.698,301.870,330.916,18.904,311.464,6.15378,18.886,311.463,6.15111,2
28511,418384,10,3,3,0,0,0,0,4,0,0,309.991,2.066,6.15115,-0.000,328.323,107.366,330.916,301.351,102.698,301.870,330.916,18.904,311.464,6.15383,18.886,311.463,6.15111,2
28527,418394,10,3,3,0,0,0,0,4,0,0,309.991,2.066,6.15102,-0.000,328.323,107.366,330.916,301.351,102.698,301.870,330.916,18.904,311.464,6.15370,18.886,311.463,6.15115,2
28527,418404,10,3,3,0,0,0,0,4,0,0,309.991,2.066,6.15109,-0.000,328.323,107.366,330.916,301.351,102.698,301.870,330.916,18.904,311.464,6.15376,18.886,311.463,6.15102,2
28543,418414,10,3,3,0,0,0,0,4,0,0,309.991,2.066,6.15119,-0.000,328.323,107.366,330.916,301.351,102.698,301.870,330.916,18.904,311.464,6.15387,18.886,311.463,6.15109,2
28543,418424,10,3,3,0,0,0,0,4,0,0,309.991,2.066,6.15106,-0.000,328.323,107.366,330.916,301.351,102.698,301.870,330.916,18.904,311.464,6.15374,18.886,311.463,6.15119,2
28559,418434,10,3,3,0,0,0,0,4,0,0,309.991,2.066,6.15092,-0.000,328.323,107.366,330.916,301.351,102.698,301.870,330.916,18.903,311.464,6.15359,18.886,311.463,6.15106,2
28574,418444,10,3,3,0,0,0,0,4,0,0,309.991,2.066,6.15097,-0.000,328.323,107.366,330.916,301.351,102.698,301.870,330.916,18.904,311.464,6.15364,18.886,311.463,6.15092,2
28574,418454,10,3,3,0,0,0,0,4,0,0,309.991,2.066,6.15112,-0.000,328.323,107.366,330.916,301.351,102.698,301.870,330.916,18.904,311.464,6.15380,18.886,311.463,6.15097,2
28590,418464,10,3,3,0,0,0,0,4,0,0,309.991,2.066,6.15133,-0.000,328.323,107.366,330.916,301.351,102.698,301.870,330.916,18.904,311.464,6.15401,18.886,311.463,6.15112,2
28604,418474,10,3,3,0,0,0,0,4,0,0,309.991,2.066,6.15127,-0.000,328.323,107.366,330.916,301.351,102.698,301.870,330.916,18.904,311.464,6.15394,18.886,311.463,6.15133,2
28604,418484,10,3,3,0,0,0,0,4,0,0,309.991,2.066,6.15131,-0.000,328.323,107.366,330.916,301.351,102.698,301.870,330.916,18.904,311.464,6.15398,18.886,311.463,6.15127,2
28621,418494,10,3,3,0,0,0,0,4,0,0,309.991,2.066,6.15137,-0.000,328.323,107.366,330.916,301.351,102.698,301.870,330.916,18.904,311.464,6.15404,18.886,311.463,6.15131,2
28636,418504,10,3,3,0,0,0,0,4,0,0,309.991,2.066,6.15095,-0.000,328.323,107.366,330.916,301.351,102.698,301.870,330.916,18.904,311.464,6.15362,18.886,311.463,6.15137,2
28636,418514,10,3,3,0,0,0,0,4,0,0,309.991,2.066,6.15087,-0.000,328.323,107.366,330.916,301.351,102.698,301.870,330.916,18.903,311.464,6.15355,18.886,311.463,6.15095,2
28652,418524,10,3,3,0,0,0,0,4,0,0,309.991,2.066,6.15106,-0.000,328.323,107.366,330.916,301.351,102.698,301.870,330.916,18.904,311.464,6.15373,18.886,311.463,6.15087,2
28652,418534,10,3,3,0,0,0,0,4,0,0,309.991,2.066,6.15123,-0.000,328.323,107.366,330.916,301.351,102.698,301.870,330.916,18.904,311.464,6.15390,18.886,311.463,6.15106,2
28668,418544,10,3,3,0,0,0,0,4,0,0,309.991,2.066,6.15102,-0.000,328.323,107.366,330.916,301.351,102.698,301.870,330.916,18.904,311.464,6.15370,18.886,311.463,6.15123,2
28683,418554,10,3,3,0,0,0,0,4,0,0,309.991,2.066,6.15116,-0.000,328.323,107.366,330.916,301.351,102.698,301.870,330.916,18.904,311.464,6.15384,18.886,311.463,6.15102,2
28683,418564,10,3,3,0,0,0,0,4,0,0,309.991,2.066,6.15134,-0.000,328.323,107.366,330.916,301.351,102.698,301.870,330.916,18.904,311.464,6.15402,18.886,311.463,6.15116,2
28699,418574,10,3,3,0,0,0,0,4,0,0,309.991,2.066,6.15152,-0.000,328.323,107.366,330.916,301.351,102.698,301.870,330.916,18.904,311.464,6.15420,18.886,311.463,6.15134,2
28714,418584,10,3,3,0,0,0,0,4,0,0,309.991,2.066,6.15162,-0.000,328.323,107.366,330.916,301.351,102.698,301.870,330.916,18.904,311.464,6.15430,18.886,311.463,6.15152,2
28714,418594,10,3,3,0,0,0,0,4,0,0,309.991,2.066,6.15164,-0.000,328.323,107.366,330.916,301.351,102.698,301.870,330.916,18.904,311.464,6.15431,18.886,311.463,6.15162,2
28729,418604,10,3,3,0,0,0,0,4,0,0,309.991,2.066,6.15167,-0.000,328.323,107.366,330.916,301.351,102.698,301.870,330.916,18.904,311.464,6.15435,18.886,311.463,6.15164,2
28745,418614,10,3,3,0,0,0,0,4,0,0,309.991,2.066,6.15146,-0.000,328.323,107.366,330.916,301.351,102.698,301.870,330.916,18.904,311.464,6.15414,18.887,311.463,6.15167,2
28745,418624,10,3,3,0,0,0,0,4,0,0,309.991,2.066,6.15144,-0.000,328.323,107.366,330.916,301.351,102.698,301.870,330.916,18.904,311.464,6.15412,18.886,311.463,6.15146,2
28760,418634,10,3,3,0,0,0,0,4,0,0,309.991,2.066,6.15158,-0.000,328.323,107.366,330.916,301.351,102.698,301.870,330.916,18.904,311.464,6.15425,18.886,311.463,6.15144,2
28776,418644,10,3,3,0,0,0,0,4,0,0,309.991,2.066,6.15167,-0.000,328.323,107.366,330.916,301.351,102.698,301.870,330.916,18.904,311.464,6.15435,18.886,311.463,6.15158,2
28776,418654,10,3,3,0,0,0,0,4,0,0,309.991,2.066,6.15169,-0.000,328.323,107.366,330.916,301.351,102.698,301.870,330.916,18.904,311.464,6.15436,18.887,311.463,6.15167,2
28791,418664,10,3,3,0,0,0,0,4,0,0,309.991,2.066,6.15155,-0.000,328.323,107.366,330.916,301.351,102.698,301.870,330.916,18.904,311.464,6.15423,18.887,311.463,6.15169,2
28807,418674,10,3,3,0,0,0,0,4,0,0,309.991,2.066,6.15156,-0.000,328.323,107.366,330.916,301.351,102.698,301.870,330.916,18.904,311.464,6.15423,18.886,311.463,6.15155,2
28807,418684,10,3,3,0,0,0,0,4,0,0,309.991,2.066,6.15151,-0.000,328.323,107.366,330.916,301.351,102.698,301.870,330.916,18.904,311.464,6.15418,18.886,311.463,6.15156,2
28823,418694,10,3,3,0,0,0,0,4,0,0,309.991,2.066,6.15149,-0.000,328.323,107.366,330.916,301.351,102.698,301.870,330.916,18.904,311.464,6.15417,18.886,311.463,6.15151,2
28823,418704,10,3,3,0,0,0,0,4,0,0,309.991,2.066,6.15148,-0.000,328.323,107.366,330.916,301.351,102.698,301.870,330.916,18.904,311.464,6.15416,18.886,311.463,6.15149,2
28838,418714,10,3,3,0,0,0,0,4,0,0,309.991,2.066,6.15156,-0.000,328.323,107.366,330.916,301.351,102.698,301.870,330.916,18.904,311.464,6.15423,18.886,311.463,6.15148,2
28853,418724,10,3,3,0,0,0,0,4,0,0,309.991,2.066,6.15140,-0.000,328.323,107.366,330.916,301.351,102.698,301.870,330.916,18.904,311.464,6.15407,18.886,311.463,6.15156,2
28853,418734,10,3,3,0,0,0,0,4,0,0,309.991,2.066,6.15124,-0.000,328.323,107.366,330.916,301.351,102.698,301.870,330.916,18.904,311.464,6.15392,18.886,311.463,6.15140,2
28869,418744,10,3,3,0,0,0,0,4,0,0,309.991,2.066,6.15135,-0.000,328.323,107.366,330.916,301.351,102.698,301.870,330.916,18.904,311.464,6.15402,18.886,311.463,6.15124,2
28885,418754,10,3,3,0,0,0,0,4,0,0,309.991,2.066,6.15137,-0.000,328.323,107.366,330.916,301.351,102.698,301.870,330.916,18.904,311.464,6.15405,18.886,311.463,6.15135,2
28885,418764,10,3,3,0,0,0,0,4,0,0,309.991,2.066,6.15145,-0.000,328.323,107.366,330.916,301.351,102.698,301.870,330.916,18.904,311.464,6.15413,18.886,311.463,6.15137,2
28901,418774,10,3,3,0,0,0,0,4,0,0,309.991,2.066,6.15122,-0.000,328.323,107.366,330.916,301.351,102.698,301.870,330.916,18.904,311.464,6.15390,18.886,311.463,6.15145,2
28916,418784,10,3,3,0,0,0,0,4,0,0,309.991,2.066,6.15118,-0.000,328.323,107.366,330.916,301.351,102.698,301.870,330.916,18.904,311.464,6.15385,18.886,311.463,6.15122,2
28916,418794,10,3,3,0,0,0,0,4,0,0,309.991,2.066,6.15134,-0.000,328.323,107.366,330.916,301.351,102.698,301.870,330.916,18.904,311.464,6.15402,18.886,311.463,6.15118,2
28932,418804,10,3,3,0,0,0,0,4,0,0,309.991,2.066,6.15127,-0.000,328.323,107.366,330.916,301.351,102.698,301.870,330.916,18.904,311.464,6.15394,18.886,311.463,6.15134,2
28932,418814,10,3,3,0,0,0,0,4,0,0,309.991,2.066,6.15109,-0.000,328.323,107.366,330.916,301.351,102.698,301.870,330.916,18.904,311.464,6.15377,18.886,311.463,6.15127,2
28947,418824,10,3,3,0,0,0,0,4,0,0,309.991,2.066,6.15104,-0.000,328.323,107.366,330.916,301.351,102.698,301.870,330.916,18.904,311.464,6.15372,18.886,311.463,6.15110,2
28962,418834,10,3,3,0,0,0,0,4,0,0,309.991,2.066,6.15129,-0.000,328.323,107.366,330.916,301.351,102.698,301.870,330.916,18.904,311.464,6.15396,18.886,311.463,6.15104,2
28962,418844,10,3,3,0,0,0,0,4,0,0,309.991,2.066,6.15131,-0.000,328.323,107.366,330.916,301.351,102.698,301.870,330.916,18.904,311.464,6.15399,18.886,311.463,6.15129,2
28978,418854,10,3,3,0,0,0,0,4,0,0,309.991,2.066,6.15147,-0.000,328.323,107.366,330.916,301.351,102.698,301.870,330.916,18.904,311.464,6.15415,18.886,311.463,6.15131,2
28994,418864,10,3,3,0,0,0,0,4,0,0,309.991,2.066,6.15150,-0.000,328.323,107.366,330.916,301.351,102.698,301.870,330.916,18.904,311.464,6.15418,18.886,311.463,6.15147,2
28994,418874,10,3,3,0,0,0,0,4,0,0,309.991,2.066,6.15124,-0.000,328.323,107.366,330.916,301.351,102.698,301.870,330.916,18.904,311.464,6.15392,18.886,311.463,6.15150,2
29010,418884,10,3,3,0,0,0,0,4,0,0,309.991,2.066,6.15120,-0.000,328.323,107.366,330.916,301.351,102.698,301.870,330.916,18.904,311.464,6.15388,18.886,311.463,6.15124,2
29025,418894,10,3,3,0,0,0,0,4,0,0,309.991,2.066,6.15132,-0.000,328.323,107.366,330.916,301.351,102.698,301.870,330.916,18.904,311.464,6.15399,18.886,311.463,6.15120,2
29025,418904,10,3,3,0,0,0,0,4,0,0,309.991,2.066,6.15176,-0.000,328.323,107.366,330.916,301.351,102.698,301.870,330.916,18.905,311.464,6.15443,18.886,311.463,6.15132,2
29041,418914,10,3,3,0,0,0,0,4,0,0,309.991,2.066,6.15194,-0.000,328.323,107.366,330.916,301.351,102.698,301.870,330.916,18.905,311.464,6.15461,18.887,311.463,6.15176,2
29056,418924,10,3,3,0,0,0,0,4,0,0,309.991,2.066,6.15188,-0.000,328.323,107.366,330.916,301.351,102.698,301.870,330.916,18.905,311.464,6.15456,18.887,311.463,6.15194,2
29056,418934,10,3,3,0,0,0,0,4,0,0,309.991,2.066,6.15165,-0.000,328.323,107.366,330.916,301.351,102.698,301.870,330.916,18.904,311.464,6.15433,18.887,311.463,6.15188,2
29072,418944,10,3,3,0,0,0,0,4,0,0,309.991,2.066,6.15144,-0.000,328.323,107.366,330.916,301.351,102.698,301.870,330.916,18.904,311.464,6.15411,18.886,311.463,6.15165,2
29072,418954,10,3,3,0,0,0,0,4,0,0,309.991,2.066,6.15136,-0.000,328.323,107.366,330.916,301.351,102.698,301.870,330.916,18.904,311.464,6.15403,18.886,311.463,6.15144,2
29088,418964,10,3,3,0,0,0,0,4,0,0,309.991,2.066,6.15137,-0.000,328.323,107.366,330.916,301.351,102.698,301.870,330.916,18.904,311.464,6.15404,18.886,311.463,6.15136,2
29103,418974,10,3,3,0,0,0,0,4,0,0,309.991,2.066,6.15153,-0.000,328.323,107.366,330.916,301.351,102.698,301.870,330.916,18.904,311.464,6.15421,18.886,311.463,6.15137,2
29103,418984,10,3,3,0,0,0,0,4,0,0,309.991,2.066,6.15185,-0.000,328.323,107.366,330.916,301.351,102.698,301.870,330.916,18.905,311.464,6.15452,18.886,311.463,6.15153,2
29119,418994,10,3,3,0,0,0,0,4,0,0,309.991,2.066,6.15170,-0.000,328.323,107.366,330.916,301.351,102.698,301.870,330.916,18.904,311.464,6.15437,18.887,311.463,6.15185,2
29134,419004,10,3,3,0,0,0,0,4,0,0,309.991,2.066,6.15169,-0.000,328.323,107.366,330.916,301.351,102.698,301.870,330.916,18.904,311.464,6.15437,18.887,311.463,6.15170,2
29134,419014,10,3,3,0,0,0,0,4,0,0,309.991,2.066,6.15168,-0.000,328.323,107.366,330.916,301.351,102.698,301.870,330.916,18.904,311.464,6.15435,18.887,311.463,6.15169,2
29149,419024,10,3,3,0,0,0,0,4,0,0,309.991,2.066,6.15151,-0.000,328.323,107.366,330.916,301.351,102.698,301.870,330.916,18.904,311.464,6.15419,18.887,311.463,6.15168,2
29165,419034,10,3,3,0,0,0,0,4,0,0,309.991,2.066,6.15144,-0.000,328.323,107.366,330.916,301.351,102.698,301.870,330.916,18.904,311.464,6.15411,18.886,311.463,6.15151,2
29165,419044,10,3,3,0,0,0,0,4,0,0,309.991,2.066,6.15148,-0.000,328.323,107.366,330.916,301.351,102.698,301.870,330.916,18.904,311.464,6.15416,18.886,311.463,6.15144,2
29181,419054,10,3,3,0,0,0,0,4,0,0,309.991,2.066,6.15164,-0.000,328.323,107.366,330.916,301.351,102.698,301.870,330.916,18.904,311.464,6.15431,18.886,311.463,6.15148,2
29195,419064,10,3,3,0,0,0,0,4,0,0,309.991,2.066,6.15174,-0.000,328.323,107.366,330.916,301.351,102.698,301.870,330.916,18.904,311.464,6.15442,18.886,311.463,6.15164,2
29195,419074,10,3,3,0,0,0,0,4,0,0,309.991,2.066,6.15138,-0.000,328.323,107.366,330.916,301.351,102.698,301.870,330.916,18.904,311.464,6.15406,18.887,311.463,6.15174,2
29212,419084,10,3,3,0,0,0,0,4,0,0,309.991,2.066,6.15120,-0.000,328.323,107.366,330.916,301.351,102.698,301.870,330.916,18.904,311.464,6.15388,18.886,311.463,6.15138,2
29212,419094,10,3,3,0,0,0,0,4,0,0,309.991,2.066,6.15125,-0.000,328.323,107.366,330.916,301.351,102.698,301.870,330.916,18.904,311.464,6.15392,18.886,311.463,6.15120,2
29228,419104,10,3,3,0,0,0,0,4,0,0,309.991,2.066,6.15137,-0.000,328.323,107.366,330.916,301.351,102.698,301.870,330.916,18.904,311.464,6.15405,18.886,311.463,6.15125,2
29243,419114,10,3,3,0,0,0,0,4,0,0,309.991,2.066,6.15134,-0.000,328.323,107.366,330.916,301.351,102.698,301.870,330.916,18.904,311.464,6.15402,18.886,311.463,6.15137,2
29243,419124,10,3,3,0,0,0,0,4,0,0,309.991,2.066,6.15149,-0.000,328.323,107.366,330.916,301.351,102.698,301.870,330.916,18.904,311.464,6.15417,18.886,311.463,6.15134,2
29258,419134,10,3,3,0,0,0,0,4,0,0,309.991,2.066,6.15142,-0.000,328.323,107.366,330.916,301.351,102.698,301.870,330.916,18.904,311.464,6.15410,18.886,311.463,6.15149,2
29274,419144,10,3,3,0,0,0,0,4,0,0,309.991,2.066,6.15156,-0.000,328.323,107.366,330.916,301.351,102.698,301.870,330.916,18.904,311.464,6.15424,18.886,311.463,6.15142,2
29274,419154,10,3,3,0,0,0,0,4,0,0,309.991,2.066,6.15147,-0.000,328.323,107.366,330.916,301.351,102.698,301.870,330.916,18.904,311.464,6.15415,18.886,311.463,6.15156,2
29290,419164,10,3,3,0,0,0,0,4,0,0,309.991,2.066,6.15119,-0.000,328.323,107.366,330.916,301.351,102.698,301.870,330.916,18.904,311.464,6.15387,18.886,311.463,6.15147,2
29306,419174,10,3,3,0,0,0,0,4,0,0,309.991,2.066,6.15133,-0.000,328.323,107.366,330.916,301.351,102.698,301.870,330.916,18.904,311.464,6.15401,18.886,311.463,6.15120,2
29306,419184,10,3,3,0,0,0,0,4,0,0,309.991,2.066,6.15127,-0.000,328.323,107.366,330.916,301.351,102.698,301.870,330.916,18.904,311.464,6.15394,18.886,311.463,6.15134,2
29320,419194,10,3,3,0,0,0,0,4,0,0,309.991,2.066,6.15150,-0.000,328.323,107.366,330.916,301.351,102.698,301.870,330.916,18.904,311.464,6.15417,18.886,311.463,6.15127,2
29337,419204,10,3,3,0,0,0,0,4,0,0,309.991,2.066,6.15181,-0.000,328.323,107.366,330.916,301.351,102.698,301.870,330.916,18.905,311.464,6.15448,18.886,311.463,6.15150,2
29337,419214,10,3,3,0,0,0,0,4,0,0,309.991,2.066,6.15185,-0.000,328.323,107.366,330.916,301.351,102.698,301.870,330.916,18.905,311.464,6.15453,18.887,311.463,6.15181,2
29352,419224,10,3,3,0,0,0,0,4,0,0,309.991,2.066,6.15184,-0.000,328.323,107.366,330.916,301.351,102.698,301.870,330.916,18.905,311.464,6.15451,18.887,311.463,6.15185,2
29352,419234,10,3,3,0,0,0,0,4,0,0,309.991,2.066,6.15200,-0.000,328.323,107.366,330.916,301.351,102.698,301.870,330.916,18.905,311.464,6.15468,18.887,311.463,6.15184,2
29368,419244,10,3,3,0,0,0,0,4,0,0,309.991,2.066,6.15183,-0.000,328.323,107.366,330.916,301.351,102.698,301.870,330.916,18.905,311.464,6.15450,18.887,311.463,6.15200,2
29384,419254,10,3,3,0,0,0,0,4,0,0,309.991,2.066,6.15172,-0.000,328.323,107.366,330.916,301.351,102.698,301.870,330.916,18.904,311.464,6.15439,18.887,311.463,6.15183,2
29384,419264,10,3,3,0,0,0,0,4,0,0,309.991,2.066,6.15157,-0.000,328.323,107.366,330.916,301.351,102.698,301.870,330.916,18.904,311.464,6.15425,18.887,311.463,6.15172,2
29400,419274,10,3,3,0,0,0,0,4,0,0,309.991,2.066,6.15174,-0.000,328.323,107.366,330.916,301.351,102.698,301.870,330.916,18.904,311.464,6.15442,18.886,311.463,6.15157,2
29415,419284,10,3,3,0,0,0,0,4,0,0,309.991,2.066,6.15166,-0.000,328.323,107.366,330.916,301.351,102.698,301.870,330.916,18.904,311.464,6.15433,18.887,311.463,6.15174,2
29415,419294,10,3,3,0,0,0,0,4,0,0,309.991,2.066,6.15142,-0.000,328.323,107.366,330.916,301.351,102.698,301.870,330.916,18.904,311.464,6.15409,18.886,311.463,6.15166,2
29431,419304,10,3,3,0,0,0,0,4,0,0,309.991,2.066,6.15134,-0.000,328.323,107.366,330.916,301.351,102.698,301.870,330.916,18.904,311.464,6.15402,18.886,311.463,6.15142,2
29447,419314,10,3,3,0,0,0,0,4,0,0,309.991,2.066,6.15124,-0.000,328.323,107.366,330.916,301.351,102.698,301.870,330.916,18.904,311.464,6.15392,18.886,311.463,6.15134,2
29447,419324,10,3,3,0,0,0,0,4,0,0,309.991,2.066,6.15128,-0.000,328.323,107.366,330.916,301.351,102.698,301.870,330.916,18.904,311.464,6.15395,18.886,311.463,6.15124,2
29462,419334,10,3,3,0,0,0,0,4,0,0,309.991,2.066,6.15127,-0.000,328.323,107.366,330.916,301.351,102.698,301.870,330.916,18.904,311.464,6.15394,18.886,311.463,6.15128,2
29462,419344,10,3,3,0,0,0,0,4,0,0,309.991,2.066,6.15123,-0.000,328.323,107.366,330.916,301.351,102.698,301.870,330.916,18.904,311.464,6.15390,18.886,311.463,6.15127,2
29477,419354,10,3,3,0,0,0,0,4,0,0,309.991,2.066,6.15114,-0.000,328.323,107.366,330.916,301.351,102.698,301.870,330.916,18.904,311.464,6.15382,18.886,311.463,6.15123,2
29493,419364,10,3,3,0,0,0,0,4,0,0,309.991,2.066,6.15128,-0.000,328.323,107.366,330.916,301.351,102.698,301.870,330.916,18.904,311.464,6.15396,18.886,311.463,6.15114,2
29493,419374,10,3,3,0,0,0,0,4,0,0,309.991,2.066,6.15127,-0.000,328.323,107.366,330.916,301.351,102.698,301.870,330.916,18.904,311.464,6.15394,18.886,311.463,6.15128,2
29508,419384,10,3,3,0,0,0,0,4,0,0,309.991,2.066,6.15134,-0.000,328.323,107.366,330.916,301.351,102.698,301.870,330.916,18.904,311.464,6.15401,18.886,311.463,6.15127,2
29525,419394,10,3,3,0,0,0,0,4,0,0,309.991,2.066,6.15146,-0.000,328.323,107.366,330.916,301.351,102.698,301.870,330.916,18.904,311.464,6.15413,18.886,311.463,6.15134,2
29525,419404,10,3,3,0,0,0,0,4,0,0,309.991,2.066,6.15160,-0.000,328.323,107.366,330.916,301.351,102.698,301.870,330.916,18.904,311.464,6.15427,18.886,311.463,6.15146,2
29539,419414,10,3,3,0,0,0,0,4,0,0,309.991,2.066,6.15145,-0.000,328.323,107.366,330.916,301.351,102.698,301.870,330.916,18.904,311.464,6.15413,18.886,311.463,6.15160,2
29555,419424,10,3,3,0,0,0,0,4,0,0,309.991,2.066,6.15138,-0.000,328.323,107.366,330.916,301.351,102.698,301.870,330.916,18.904,311.464,6.15406,18.886,311.463,6.15145,2
29555,419434,10,3,3,0,0,0,0,4,0,0,309.991,2.066,6.15122,-0.000,328.323,107.366,330.916,301.351,102.698,301.870,330.916,18.904,311.464,6.15389,18.886,311.463,6.15138,2
29571,419444,10,3,3,0,0,0,0,4,0,0,309.991,2.066,6.15124,-0.000,328.323,107.366,330.916,301.351,102.698,301.870,330.916,18.904,311.464,6.15391,18.886,311.463,6.15122,2
29587,419454,10,3,3,0,0,0,0,4,0,0,309.991,2.066,6.15135,-0.000,328.323,107.366,330.916,301.351,102.698,301.870,330.916,18.904,311.464,6.15403,18.886,311.463,6.15124,2
29587,419464,10,3,3,0,0,0,0,4,0,0,309.991,2.066,6.15128,-0.000,328.323,107.366,330.916,301.351,102.698,301.870,330.916,18.904,311.464,6.15396,18.886,311.463,6.15135,2
29602,419474,10,3,3,0,0,0,0,4,0,0,309.991,2.066,6.15130,-0.000,328.323,107.366,330.916,301.351,102.698,301.870,330.916,18.904,311.464,6.15397,18.886,311.463,6.15128,2
29602,419484,10,3,3,0,0,0,0,4,0,0,309.991,2.066,6.15134,-0.000,328.323,107.366,330.916,301.351,102.698,301.870,330.916,18.904,311.464,6.15402,18.886,311.463,6.15130,2
29617,419494,10,3,3,0,0,0,0,4,0,0,309.991,2.066,6.15145,-0.000,328.323,107.366,330.916,301.351,102.698,301.870,330.916,18.904,311.464,6.15413,18.886,311.463,6.15134,2
29632,419504,10,3,3,0,0,0,0,4,0,0,309.991,2.066,6.15143,-0.000,328.323,107.366,330.916,301.351,102.698,301.870,330.916,18.904,311.464,6.15410,18.886,311.463,6.15145,2
29632,419514,10,3,3,0,0,0,0,4,0,0,309.991,2.066,6.15164,-0.000,328.323,107.366,330.916,301.351,102.698,301.870,330.916,18.904,311.464,6.15432,18.886,311.463,6.15143,2
29647,419524,10,3,3,0,0,0,0,4,0,0,309.991,2.066,6.15154,-0.000,328.323,107.366,330.916,301.351,102.698,301.870,330.916,18.904,311.464,6.15421,18.886,311.463,6.15164,2
29663,419534,10,3,3,0,0,0,0,4,0,0,309.991,2.066,6.15150,-0.000,328.323,107.366,330.916,301.351,102.698,301.870,330.916,18.904,311.464,6.15418,18.886,311.463,6.15154,2
29663,419544,10,3,3,0,0,0,0,4,0,0,309.991,2.066,6.15155,-0.000,328.323,107.366,330.916,301.351,102.698,301.870,330.916,18.904,311.464,6.15422,18.886,311.463,6.15150,2
29678,419554,10,3,3,0,0,0,0,4,0,0,309.991,2.066,6.15133,-0.000,328.323,107.366,330.916,301.351,102.698,301.870,330.916,18.904,311.464,6.15401,18.886,311.463,6.15155,2
29695,419564,10,3,3,0,0,0,0,4,0,0,309.991,2.066,6.15139,-0.000,328.323,107.366,330.916,301.351,102.698,301.870,330.916,18.904,311.464,6.15406,18.886,311.463,6.15133,2
29695,419574,10,3,3,0,0,0,0,4,0,0,309.991,2.066,6.15145,-0.000,328.323,107.366,330.916,301.351,102.698,301.870,330.916,18.904,311.464,6.15413,18.886,311.463,6.15139,2
29711,419584,10,3,3,0,0,0,0,4,0,0,309.991,2.066,6.15142,-0.000,328.323,107.366,330.916,301.351,102.698,301.870,330.916,18.904,311.464,6.15410,18.886,311.463,6.15145,2
29725,419594,10,3,3,0,0,0,0,4,0,0,309.991,2.066,6.15154,-0.000,328.323,107.366,330.916,301.351,102.698,301.870,330.916,18.904,311.464,6.15421,18.886,311.463,6.15142,2
29725,419604,10,3,3,0,0,0,0,4,0,0,309.991,2.066,6.15148,-0.000,328.323,107.366,330.916,301.351,102.698,301.870,330.916,18.904,311.464,6.15415,18.886,311.463,6.15154,2
29742,419614,10,3,3,0,0,0,0,4,0,0,309.991,2.066,6.15183,-0.000,328.323,107.366,330.916,301.351,102.698,301.870,330.916,18.905,311.464,6.15450,18.886,311.463,6.15148,2
29742,419624,10,3,3,0,0,0,0,4,0,0,309.991,2.066,6.15169,-0.000,328.323,107.366,330.916,301.351,102.698,301.870,330.916,18.904,311.464,6.15436,18.887,311.463,6.15183,2
29757,419634,10,3,3,0,0,0,0,4,0,0,309.991,2.066,6.15162,-0.000,328.323,107.366,330.916,301.351,102.698,301.870,330.916,18.904,311.464,6.15430,18.887,311.463,6.15169,2
29772,419644,10,3,3,0,0,0,0,4,0,0,309.991,2.066,6.15167,-0.000,328.323,107.366,330.916,301.351,102.698,301.870,330.916,18.904,311.464,6.15434,18.886,311.463,6.15162,2
29772,419654,10,3,3,0,0,0,0,4,0,0,309.991,2.066,6.15174,-0.000,328.323,107.366,330.916,301.351,102.698,301.870,330.916,18.904,311.464,6.15441,18.887,311.463,6.15167,2
29789,419664,10,3,3,0,0,0,0,4,0,0,309.991,2.066,6.15144,-0.000,328.323,107.366,330.916,301.351,102.698,301.870,330.916,18.904,311.464,6.15411,18.887,311.463,6.15174,2
29804,419674,10,3,3,0,0,0,0,4,0,0,309.991,2.066,6.15148,-0.000,328.323,107.366,330.916,301.351,102.698,301.870,330.916,18.904,311.464,6.15415,18.886,311.463,6.15144,2
29804,419684,10,3,3,0,0,0,0,4,0,0,309.991,2.066,6.15140,-0.000,328.323,107.366,330.916,301.351,102.698,301.870,330.916,18.904,311.464,6.15407,18.886,311.463,6.15148,2
29821,419694,10,3,3,0,0,0,0,4,0,0,309.991,2.066,6.15153,-0.000,328.323,107.366,330.916,301.351,102.698,301.870,330.916,18.904,311.464,6.15420,18.886,311.463,6.15140,2
29836,419704,10,3,3,0,0,0,0,4,0,0,309.991,2.066,6.15137,-0.000,328.323,107.366,330.916,301.351,102.698,301.870,330.916,18.904,311.464,6.15404,18.886,311.463,6.15153,2
29836,419714,10,3,3,0,0,0,0,4,0,0,309.991,2.066,6.15148,-0.000,328.323,107.366,330.916,301.351,102.698,301.870,330.916,18.904,311.464,6.15415,18.886,311.463,6.15137,2
29851,419724,10,3,3,0,0,0,0,4,0,0,309.991,2.066,6.15156,-0.000,328.323,107.366,330.916,301.351,102.698,301.870,330.916,18.904,311.464,6.15424,18.886,311.463,6.15148,2
29866,419734,10,3,3,0,0,0,0,4,0,0,309.991,2.066,6.15157,-0.000,328.323,107.366,330.916,301.351,102.698,301.870,330.916,18.904,311.464,6.15425,18.886,311.463,6.15156,2
29866,419744,10,3,3,0,0,0,0,4,0,0,309.991,2.066,6.15175,-0.000,328.323,107.366,330.916,301.351,102.698,301.870,330.916,18.905,311.464,6.15442,18.886,311.463,6.15157,2
29897,419754,10,3,3,0,0,0,0,4,0,0,309.991,2.066,6.15177,-0.000,328.323,107.366,330.916,301.351,102.698,301.870,330.916,18.905,311.464,6.15444,18.887,311.463,6.15175,2
29897,419764,10,3,3,0,0,0,0,4,0,0,309.991,2.066,6.15167,-0.000,328.323,107.366,330.916,301.351,102.698,301.870,330.916,18.904,311.464,6.15435,18.887,311.463,6.15177,2
29897,419774,10,3,3,0,0,0,0,4,0,0,309.991,2.066,6.15177,-0.000,328.323,107.366,330.916,301.351,102.698,301.870,330.916,18.905,311.464,6.15445,18.887,311.463,6.15167,2
29929,419784,10,3,3,0,0,0,0,4,0,0,309.991,2.066,6.15199,-0.000,328.323,107.366,330.916,301.351,102.698,301.870,330.916,18.905,311.464,6.15466,18.887,311.463,6.15177,2
29929,419794,10,3,3,0,0,0,0,4,0,0,309.991,2.066,6.15187,-0.000,328.323,107.366,330.916,301.351,102.698,301.870,330.916,18.905,311.464,6.15454,18.887,311.463,6.15199,2
29929,419804,10,3,3,0,0,0,0,4,0,0,309.991,2.066,6.15193,-0.000,328.323,107.366,330.916,301.351,102.698,301.870,330.916,18.905,311.464,6.15461,18.887,311.463,6.15187,2
29959,419814,10,3,3,0,0,0,0,4,0,0,309.991,2.066,6.15183,-0.000,328.323,107.366,330.916,301.351,102.698,301.870,330.916,18.905,311.464,6.15450,18.887,311.463,6.15193,2
29959,419824,10,3,3,0,0,0,0,4,0,0,309.991,2.066,6.15166,-0.000,328.323,107.366,330.916,301.351,102.698,301.870,330.916,18.904,311.464,6.15434,18.887,311.463,6.15183,2
29959,419834,10,3,3,0,0,0,0,4,0,0,309.991,2.066,6.15169,-0.000,328.323,107.366,330.916,301.351,102.698,301.870,330.916,18.904,311.464,6.15436,18.887,311.463,6.15166,2
29975,419844,10,3,3,0,0,0,0,4,0,0,309.991,2.066,6.15156,-0.000,328.323,107.366,330.916,301.351,102.698,301.870,330.916,18.904,311.464,6.15424,18.887,311.463,6.15169,2
29975,419854,10,3,3,0,0,0,0,4,0,0,309.991,2.066,6.15159,-0.000,328.323,107.366,330.916,301.351,102.698,301.870,330.916,18.904,311.464,6.15427,18.886,311.463,6.15156,2
