host_ms,board_ms,cycle_ms,seq,accepted,drops,consent,active,fault,stop_reason,left_mv,right_mv,forward_mm,lateral_right_mm,imu_deg,gyro_dps,motor_l1_mm,motor_l2_mm,motor_l3_mm,motor_r1_mm,motor_r2_mm,motor_r3_mm,session_mm,nexus_x_mm,nexus_y_mm,nexus_h_deg,lemlib_x_mm,lemlib_y_mm,lemlib_h_deg,interlocks
7,63774,10,1,0,0,0,0,0,7,0,0,0.000,0.000,0.03180,-0.000,0.000,-0.000,0.000,-0.000,0.000,-0.000,0.000,0.042,0.012,0.03448,0.039,0.011,0.03177,8
80,63784,10,1,0,0,0,0,0,7,0,0,0.000,0.000,0.03163,-0.000,0.000,-0.000,0.000,-0.000,0.000,-0.000,0.000,0.042,0.012,0.03430,0.039,0.011,0.03180,8
80,63794,10,1,0,0,0,0,0,7,0,0,0.000,0.075,0.03159,-0.000,0.000,-0.000,0.000,-0.000,0.000,-0.000,0.000,0.117,0.012,0.03427,0.039,0.011,0.03163,8
80,63804,10,1,0,0,0,0,0,7,0,0,0.000,0.075,0.03160,-0.000,0.000,-0.000,0.000,-0.000,0.000,-0.000,0.000,0.117,0.012,0.03427,0.114,0.011,0.03159,8
80,63814,10,1,0,0,0,0,0,7,0,0,0.000,0.000,0.03170,-0.000,0.000,-0.000,0.000,-0.000,0.000,-0.000,0.000,0.042,0.012,0.03438,0.114,0.011,0.03160,8
80,63824,10,1,0,0,0,0,0,7,0,0,0.000,0.000,0.03160,-0.000,0.000,-0.000,0.000,-0.000,0.000,-0.000,0.000,0.042,0.012,0.03427,0.039,0.011,0.03170,8
80,63834,10,1,0,0,0,0,0,7,0,0,0.000,0.000,0.03173,-0.000,0.000,-0.000,0.000,-0.000,0.000,-0.000,0.000,0.042,0.012,0.03440,0.039,0.011,0.03160,8
80,63844,10,1,0,0,0,0,0,7,0,0,0.000,0.000,0.03186,-0.000,0.000,-0.000,0.000,-0.000,0.000,-0.000,0.000,0.042,0.012,0.03453,0.039,0.011,0.03173,8
112,63854,10,1,0,0,0,0,0,7,0,0,0.000,0.000,0.03156,-0.000,0.000,-0.000,0.000,-0.000,0.000,-0.000,0.000,0.042,0.012,0.03424,0.039,0.011,0.03186,8
112,63864,10,1,0,0,0,0,0,7,0,0,0.000,0.000,0.03145,-0.000,0.000,-0.000,0.000,-0.000,0.000,-0.000,0.000,0.042,0.012,0.03413,0.039,0.011,0.03156,8
112,63874,10,1,0,0,0,0,0,7,0,0,0.000,0.000,0.03137,-0.000,0.000,-0.000,0.000,-0.000,0.000,-0.000,0.000,0.042,0.012,0.03404,0.038,0.011,0.03145,8
142,63884,10,1,0,0,0,0,0,7,0,0,0.000,0.000,0.03155,-0.000,0.000,-0.000,0.000,-0.000,0.000,-0.000,0.000,0.042,0.012,0.03423,0.038,0.011,0.03137,8
142,63894,10,1,0,0,0,0,0,7,0,0,0.000,0.000,0.03162,-0.000,0.000,-0.000,0.000,-0.000,0.000,-0.000,0.000,0.042,0.012,0.03429,0.039,0.011,0.03155,8
142,63904,10,1,0,0,0,0,0,7,0,0,0.000,0.000,0.03179,-0.000,0.000,-0.000,0.000,-0.000,0.000,-0.000,0.000,0.042,0.012,0.03447,0.039,0.011,0.03162,8
157,63914,10,1,0,0,0,0,0,7,0,0,0.000,0.000,0.03182,-0.000,0.000,-0.000,0.000,-0.000,0.000,-0.000,0.000,0.042,0.012,0.03450,0.039,0.011,0.03179,8
157,63924,10,1,0,0,0,0,0,7,0,0,0.000,0.000,0.03212,-0.000,0.000,-0.000,0.000,-0.000,0.000,-0.000,0.000,0.043,0.012,0.03479,0.039,0.011,0.03182,8
172,63934,10,1,0,0,0,0,0,7,0,0,0.000,0.000,0.03233,-0.000,0.000,-0.000,0.000,-0.000,0.000,-0.000,0.000,0.043,0.012,0.03501,0.039,0.011,0.03212,8
187,63944,10,1,0,0,0,0,0,7,0,0,0.000,0.000,0.03207,-0.000,0.000,-0.000,0.000,-0.000,0.000,-0.000,0.000,0.042,0.012,0.03474,0.040,0.011,0.03233,8
187,63954,10,1,0,0,0,0,0,7,0,0,0.000,0.000,0.03204,-0.000,0.000,-0.000,0.000,-0.000,0.000,-0.000,0.000,0.042,0.012,0.03472,0.039,0.011,0.03207,8
203,63964,10,1,0,0,0,0,0,7,0,0,0.000,0.000,0.03214,-0.000,0.000,-0.000,0.000,-0.000,0.000,-0.000,0.000,0.043,0.012,0.03482,0.039,0.011,0.03204,8
218,63974,10,1,0,0,0,0,0,7,0,0,0.000,0.000,0.03209,-0.000,0.000,-0.000,0.000,-0.000,0.000,-0.000,0.000,0.042,0.012,0.03476,0.039,0.011,0.03214,8
218,63984,10,1,0,0,0,0,0,7,0,0,0.000,0.075,0.03184,-0.000,0.000,-0.000,0.000,-0.000,0.000,-0.000,0.000,0.118,0.012,0.03452,0.039,0.011,0.03209,8
233,63994,10,1,0,0,0,0,0,7,0,0,0.000,0.000,0.03198,-0.000,0.000,-0.000,0.000,-0.000,0.000,-0.000,0.000,0.042,0.012,0.03465,0.114,0.011,0.03184,8
250,64004,10,1,0,0,0,0,0,7,0,0,0.000,0.000,0.03184,-0.000,0.000,-0.000,0.000,-0.000,0.000,-0.000,0.000,0.042,0.012,0.03452,0.039,0.011,0.03198,8
250,64014,10,1,0,0,0,0,0,7,0,0,0.000,0.000,0.03151,-0.000,0.000,-0.000,0.000,-0.000,0.000,-0.000,0.000,0.042,0.012,0.03419,0.039,0.011,0.03184,8
264,64024,10,1,0,0,0,0,0,7,0,0,0.000,0.000,0.03144,-0.000,0.000,-0.000,0.000,-0.000,0.000,-0.000,0.000,0.042,0.012,0.03411,0.039,0.011,0.03151,8
280,64034,10,1,0,0,0,0,0,7,0,0,0.000,0.000,0.03121,-0.000,0.000,-0.000,0.000,-0.000,0.000,-0.000,0.000,0.041,0.012,0.03389,0.038,0.011,0.03144,8
280,64044,10,1,0,0,0,0,0,7,0,0,0.000,0.000,0.03123,-0.000,0.000,-0.000,0.000,-0.000,0.000,-0.000,0.000,0.041,0.012,0.03390,0.038,0.011,0.03121,8
296,64054,10,1,0,0,0,0,0,7,0,0,0.000,0.000,0.03119,-0.000,0.000,-0.000,0.000,-0.000,0.000,-0.000,0.000,0.041,0.012,0.03386,0.038,0.011,0.03123,8
311,64064,10,1,0,0,0,0,0,7,0,0,0.000,0.000,0.03132,-0.000,0.000,-0.000,0.000,-0.000,0.000,-0.000,0.000,0.042,0.012,0.03400,0.038,0.011,0.03119,8
311,64074,10,1,0,0,0,0,0,7,0,0,0.000,0.000,0.03147,-0.000,0.000,-0.000,0.000,-0.000,0.000,-0.000,0.000,0.042,0.012,0.03414,0.038,0.011,0.03132,8
326,64084,10,1,0,0,0,0,0,7,0,0,0.000,0.000,0.03156,-0.000,0.000,-0.000,0.000,-0.000,0.000,-0.000,0.000,0.042,0.012,0.03424,0.038,0.011,0.03147,8
341,64094,10,1,0,0,0,0,0,7,0,0,0.000,0.000,0.03159,-0.000,0.000,-0.000,0.000,-0.000,0.000,-0.000,0.000,0.042,0.012,0.03426,0.039,0.011,0.03156,8
341,64104,10,1,0,0,0,0,0,7,0,0,0.000,0.000,0.03139,-0.000,0.000,-0.000,0.000,-0.000,0.000,-0.000,0.000,0.042,0.012,0.03407,0.039,0.011,0.03159,8
356,64114,10,1,0,0,0,0,0,7,0,0,0.000,0.000,0.03130,-0.000,0.000,-0.000,0.000,-0.000,0.000,-0.000,0.000,0.042,0.012,0.03398,0.038,0.011,0.03139,8
372,64124,10,1,0,0,0,0,0,7,0,0,0.000,0.000,0.03134,-0.000,0.000,-0.000,0.000,-0.000,0.000,-0.000,0.000,0.042,0.012,0.03402,0.038,0.011,0.03130,8
372,64134,10,1,0,0,0,0,0,7,0,0,0.000,0.000,0.03130,-0.000,0.000,-0.000,0.000,-0.000,0.000,-0.000,0.000,0.042,0.012,0.03398,0.038,0.011,0.03134,8
387,64144,10,1,0,0,0,0,0,7,0,0,0.000,0.000,0.03127,-0.000,0.000,-0.000,0.000,-0.000,0.000,-0.000,0.000,0.041,0.012,0.03395,0.038,0.011,0.03130,8
387,64154,10,1,0,0,0,0,0,7,0,0,0.000,0.000,0.03109,-0.000,0.000,-0.000,0.000,-0.000,0.000,-0.000,0.000,0.041,0.012,0.03376,0.038,0.011,0.03127,8
402,64164,10,1,0,0,0,0,0,7,0,0,0.000,0.000,0.03125,-0.000,0.000,-0.000,0.000,-0.000,0.000,-0.000,0.000,0.041,0.012,0.03392,0.038,0.011,0.03109,8
417,64174,10,1,0,0,0,0,0,7,0,0,0.000,0.000,0.03117,-0.000,0.000,-0.000,0.000,-0.000,0.000,-0.000,0.000,0.041,0.012,0.03385,0.038,0.011,0.03125,8
417,64184,10,1,0,0,0,0,0,7,0,0,0.000,0.000,0.03135,-0.000,0.000,-0.000,0.000,-0.000,0.000,-0.000,0.000,0.042,0.012,0.03403,0.038,0.011,0.03117,8
433,64194,10,1,0,0,0,0,0,7,0,0,0.000,0.000,0.03123,-0.000,0.000,-0.000,0.000,-0.000,0.000,-0.000,0.000,0.041,0.012,0.03391,0.038,0.011,0.03135,8
448,64204,10,1,0,0,0,0,0,7,0,0,0.000,0.000,0.03105,-0.000,0.000,-0.000,0.000,-0.000,0.000,-0.000,0.000,0.041,0.012,0.03373,0.038,0.011,0.03123,8
448,64214,10,1,0,0,0,0,0,7,0,0,0.000,0.000,0.03111,-0.000,0.000,-0.000,0.000,-0.000,0.000,-0.000,0.000,0.041,0.012,0.03379,0.038,0.011,0.03105,8
463,64224,10,1,0,0,0,0,0,7,0,0,0.000,0.000,0.03118,-0.000,0.000,-0.000,0.000,-0.000,0.000,-0.000,0.000,0.041,0.012,0.03386,0.038,0.011,0.03111,8
480,64234,10,1,0,0,0,0,0,7,0,0,0.000,0.000,0.03146,-0.000,0.000,-0.000,0.000,-0.000,0.000,-0.000,0.000,0.042,0.012,0.03413,0.038,0.011,0.03118,8
480,64244,10,1,0,0,0,0,0,7,0,0,0.000,0.000,0.03132,-0.000,0.000,-0.000,0.000,-0.000,0.000,-0.000,0.000,0.042,0.012,0.03399,0.038,0.011,0.03146,8
495,64254,10,1,0,0,0,0,0,7,0,0,0.000,0.000,0.03128,-0.000,0.000,-0.000,0.000,-0.000,0.000,-0.000,0.000,0.041,0.012,0.03396,0.038,0.011,0.03132,8
511,64264,10,1,0,0,0,0,0,7,0,0,0.000,0.000,0.03151,-0.000,0.000,-0.000,0.000,-0.000,0.000,-0.000,0.000,0.042,0.012,0.03419,0.038,0.011,0.03128,8
511,64274,10,1,0,0,0,0,0,7,0,0,0.000,0.000,0.03150,-0.000,0.000,-0.000,0.000,-0.000,0.000,-0.000,0.000,0.042,0.012,0.03417,0.039,0.011,0.03151,8
526,64284,10,1,0,0,0,0,0,7,0,0,0.000,0.000,0.03161,-0.000,0.000,-0.000,0.000,-0.000,0.000,-0.000,0.000,0.042,0.012,0.03428,0.038,0.011,0.03150,8
542,64294,10,1,0,0,0,0,0,7,0,0,0.000,0.000,0.03163,-0.000,0.000,-0.000,0.000,-0.000,0.000,-0.000,0.000,0.042,0.012,0.03430,0.039,0.011,0.03161,8
542,64304,10,1,0,0,0,0,0,7,0,0,0.000,0.000,0.03181,-0.000,0.000,-0.000,0.000,-0.000,0.000,-0.000,0.000,0.042,0.012,0.03448,0.039,0.011,0.03163,8
558,64314,10,1,0,0,0,0,0,7,0,0,0.000,0.000,0.03201,-0.000,0.000,-0.000,0.000,-0.000,0.000,-0.000,0.000,0.042,0.012,0.03469,0.039,0.011,0.03181,8
558,64324,10,1,0,0,0,0,0,7,0,0,0.000,0.000,0.03189,-0.000,0.000,-0.000,0.000,-0.000,0.000,-0.000,0.000,0.042,0.012,0.03457,0.039,0.011,0.03201,8
574,64334,10,1,0,0,0,0,0,7,0,0,0.000,0.000,0.03181,-0.000,0.000,-0.000,0.000,-0.000,0.000,-0.000,0.000,0.042,0.012,0.03449,0.039,0.011,0.03189,8
589,64344,10,1,0,0,0,0,0,7,0,0,0.000,0.000,0.03166,-0.000,0.000,-0.000,0.000,-0.000,0.000,-0.000,0.000,0.042,0.012,0.03434,0.039,0.011,0.03181,8
589,64354,10,1,0,0,0,0,0,7,0,0,0.000,0.000,0.03187,-0.000,0.000,-0.000,0.000,-0.000,0.000,-0.000,0.000,0.042,0.012,0.03454,0.039,0.011,0.03166,8
605,64364,10,1,0,0,0,0,0,7,0,0,0.000,0.000,0.03179,-0.000,0.000,-0.000,0.000,-0.000,0.000,-0.000,0.000,0.042,0.012,0.03447,0.039,0.011,0.03187,8
620,64374,10,1,0,0,0,0,0,7,0,0,0.000,0.000,0.03187,-0.000,0.000,-0.000,0.000,-0.000,0.000,-0.000,0.000,0.042,0.012,0.03455,0.039,0.011,0.03179,8
620,64384,10,1,0,0,0,0,0,7,0,0,0.000,0.000,0.03192,-0.000,0.000,-0.000,0.000,-0.000,0.000,-0.000,0.000,0.042,0.012,0.03460,0.039,0.011,0.03187,8
636,64394,10,1,0,0,0,0,0,7,0,0,0.000,0.000,0.03180,-0.000,0.000,-0.000,0.000,-0.000,0.000,-0.000,0.000,0.042,0.012,0.03447,0.039,0.011,0.03192,8
651,64404,10,1,0,0,0,0,0,7,0,0,0.000,0.000,0.03169,-0.000,0.000,-0.000,0.000,-0.000,0.000,-0.000,0.000,0.042,0.012,0.03436,0.039,0.011,0.03180,8
651,64414,10,1,0,0,0,0,0,7,0,0,0.000,0.000,0.03168,-0.000,0.000,-0.000,0.000,-0.000,0.000,-0.000,0.000,0.042,0.012,0.03436,0.039,0.011,0.03169,8
667,64424,10,1,0,0,0,0,0,7,0,0,0.000,0.000,0.03155,-0.000,0.000,-0.000,0.000,-0.000,0.000,-0.000,0.000,0.042,0.012,0.03423,0.039,0.011,0.03168,8
683,64434,10,1,0,0,0,0,0,7,0,0,0.000,0.000,0.03158,-0.000,0.000,-0.000,0.000,-0.000,0.000,-0.000,0.000,0.042,0.012,0.03425,0.039,0.011,0.03155,8
683,64444,10,1,0,0,0,0,0,7,0,0,0.000,0.000,0.03172,-0.000,0.000,-0.000,0.000,-0.000,0.000,-0.000,0.000,0.042,0.012,0.03439,0.039,0.011,0.03158,8
698,64454,10,1,0,0,0,0,0,7,0,0,0.000,0.000,0.03167,-0.000,0.000,-0.000,0.000,-0.000,0.000,-0.000,0.000,0.042,0.012,0.03435,0.039,0.011,0.03172,8
698,64464,10,1,0,0,0,0,0,7,0,0,0.000,0.000,0.03147,-0.000,0.000,-0.000,0.000,-0.000,0.000,-0.000,0.000,0.042,0.012,0.03414,0.039,0.011,0.03167,8
729,64474,10,1,0,0,0,0,0,7,0,0,0.000,0.000,0.03153,-0.000,0.000,-0.000,0.000,-0.000,0.000,-0.000,0.000,0.042,0.012,0.03421,0.038,0.011,0.03147,8
729,64484,10,1,0,0,0,0,0,7,0,0,0.000,0.000,0.03157,-0.000,0.000,-0.000,0.000,-0.000,0.000,-0.000,0.000,0.042,0.012,0.03424,0.039,0.011,0.03153,8
729,64494,10,1,0,0,0,0,0,7,0,0,0.000,0.000,0.03178,-0.000,0.000,-0.000,0.000,-0.000,0.000,-0.000,0.000,0.042,0.012,0.03445,0.039,0.011,0.03157,8
745,64504,10,1,0,0,0,0,0,7,0,0,0.000,0.000,0.03171,-0.000,0.000,-0.000,0.000,-0.000,0.000,-0.000,0.000,0.042,0.012,0.03438,0.039,0.011,0.03178,8
761,64514,10,1,0,0,0,0,0,7,0,0,0.000,0.000,0.03186,-0.000,0.000,-0.000,0.000,-0.000,0.000,-0.000,0.000,0.042,0.012,0.03453,0.039,0.011,0.03171,8
761,64524,10,1,0,0,0,0,0,7,0,0,0.000,0.000,0.03200,-0.000,0.000,-0.000,0.000,-0.000,0.000,-0.000,0.000,0.042,0.012,0.03467,0.039,0.011,0.03186,8
776,64534,10,1,0,0,0,0,0,7,0,0,0.000,0.000,0.03203,-0.000,0.000,-0.000,0.000,-0.000,0.000,-0.000,0.000,0.042,0.012,0.03471,0.039,0.011,0.03200,8
791,64544,10,1,0,0,0,0,0,7,0,0,0.000,0.000,0.03198,-0.000,0.000,-0.000,0.000,-0.000,0.000,-0.000,0.000,0.042,0.012,0.03466,0.039,0.011,0.03203,8
791,64554,10,1,0,0,0,0,0,7,0,0,0.000,0.000,0.03212,-0.000,0.000,-0.000,0.000,-0.000,0.000,-0.000,0.000,0.043,0.012,0.03479,0.039,0.011,0.03198,8
807,64564,10,1,0,0,0,0,0,7,0,0,0.000,0.000,0.03200,-0.000,0.000,-0.000,0.000,-0.000,0.000,-0.000,0.000,0.042,0.012,0.03467,0.039,0.011,0.03212,8
823,64574,10,1,0,0,0,0,0,7,0,0,0.000,0.000,0.03206,-0.000,0.000,-0.000,0.000,-0.000,0.000,-0.000,0.000,0.042,0.012,0.03473,0.039,0.011,0.03200,8
823,64584,10,1,0,0,0,0,0,7,0,0,0.000,0.000,0.03214,-0.000,0.000,-0.000,0.000,-0.000,0.000,-0.000,0.000,0.043,0.012,0.03481,0.039,0.011,0.03206,8
838,64594,10,1,0,0,0,0,0,7,0,0,0.000,0.000,0.03221,-0.000,0.000,-0.000,0.000,-0.000,0.000,-0.000,0.000,0.043,0.012,0.03489,0.039,0.011,0.03214,8
838,64604,10,1,0,0,0,0,0,7,0,0,0.000,0.000,0.03208,-0.000,0.000,-0.000,0.000,-0.000,0.000,-0.000,0.000,0.042,0.012,0.03476,0.039,0.011,0.03221,8
854,64614,10,1,0,0,0,0,0,7,0,0,0.000,0.000,0.03206,-0.000,0.000,-0.000,0.000,-0.000,0.000,-0.000,0.000,0.042,0.012,0.03474,0.039,0.011,0.03208,8
870,64624,10,1,0,0,0,0,0,7,0,0,0.000,0.000,0.03212,-0.000,0.000,-0.000,0.000,-0.000,0.000,-0.000,0.000,0.043,0.012,0.03479,0.039,0.011,0.03206,8
870,64634,10,1,0,0,0,0,0,7,0,0,0.000,0.000,0.03185,-0.000,0.000,-0.000,0.000,-0.000,0.000,-0.000,0.000,0.042,0.012,0.03453,0.039,0.011,0.03212,8
885,64644,10,1,0,0,0,0,0,7,0,0,0.000,0.000,0.03171,-0.000,0.000,-0.000,0.000,-0.000,0.000,-0.000,0.000,0.042,0.012,0.03438,0.039,0.011,0.03185,8
901,64654,10,1,0,0,0,0,0,7,0,0,0.000,0.000,0.03161,-0.000,0.000,-0.000,0.000,-0.000,0.000,-0.000,0.000,0.042,0.012,0.03428,0.039,0.011,0.03171,8
901,64664,10,1,0,0,0,0,0,7,0,0,0.000,0.075,0.03139,-0.000,0.000,-0.000,0.000,-0.000,0.000,-0.000,0.000,0.117,0.012,0.03407,0.039,0.011,0.03161,8
917,64674,10,1,0,0,0,0,0,7,0,0,0.000,0.000,0.03141,-0.000,0.000,-0.000,0.000,-0.000,0.000,-0.000,0.000,0.042,0.012,0.03409,0.114,0.011,0.03139,8
917,64684,10,1,0,0,0,0,0,7,0,0,0.000,0.000,0.03142,-0.000,0.000,-0.000,0.000,-0.000,0.000,-0.000,0.000,0.042,0.012,0.03409,0.038,0.011,0.03141,8
933,64694,10,1,0,0,0,0,0,7,0,0,0.000,0.000,0.03153,-0.000,0.000,-0.000,0.000,-0.000,0.000,-0.000,0.000,0.042,0.012,0.03421,0.038,0.011,0.03142,8
949,64704,10,1,0,0,0,0,0,7,0,0,0.000,0.000,0.03149,-0.000,0.000,-0.000,0.000,-0.000,0.000,-0.000,0.000,0.042,0.012,0.03416,0.039,0.011,0.03153,8
949,64714,10,1,0,0,0,0,0,7,0,0,0.000,0.000,0.03161,-0.000,0.000,-0.000,0.000,-0.000,0.000,-0.000,0.000,0.042,0.012,0.03429,0.038,0.011,0.03149,8
964,64724,10,1,0,0,0,0,0,7,0,0,0.000,0.000,0.03148,-0.000,0.000,-0.000,0.000,-0.000,0.000,-0.000,0.000,0.042,0.012,0.03415,0.039,0.011,0.03161,8
980,64734,10,1,0,0,0,0,0,7,0,0,0.000,0.000,0.03177,-0.000,0.000,-0.000,0.000,-0.000,0.000,-0.000,0.000,0.042,0.012,0.03445,0.038,0.011,0.03148,8
980,64744,10,1,0,0,0,0,0,7,0,0,0.000,0.000,0.03179,-0.000,0.000,-0.000,0.000,-0.000,0.000,-0.000,0.000,0.042,0.012,0.03447,0.039,0.011,0.03177,8
996,64754,10,1,0,0,0,0,0,7,0,0,0.000,0.000,0.03174,-0.000,0.000,-0.000,0.000,-0.000,0.000,-0.000,0.000,0.042,0.012,0.03441,0.039,0.011,0.03179,8
1012,64764,10,1,0,0,0,0,0,7,0,0,0.000,0.000,0.03162,-0.000,0.000,-0.000,0.000,-0.000,0.000,-0.000,0.000,0.042,0.012,0.03430,0.039,0.011,0.03174,8
1012,64774,10,1,0,0,0,0,0,7,0,0,0.000,0.000,0.03161,-0.000,0.000,-0.000,0.000,-0.000,0.000,-0.000,0.000,0.042,0.012,0.03428,0.039,0.011,0.03162,8
1027,64784,10,1,0,0,0,0,0,7,0,0,0.000,0.075,0.03172,-0.000,0.000,-0.000,0.000,-0.000,0.000,-0.000,0.000,0.117,0.012,0.03440,0.039,0.011,0.03161,8
1027,64794,10,1,0,0,0,0,0,7,0,0,0.000,0.000,0.03154,-0.000,0.000,-0.000,0.000,-0.000,0.000,-0.000,0.000,0.042,0.012,0.03422,0.114,0.011,0.03172,8
1043,64804,10,1,0,0,0,0,0,7,0,0,0.000,0.000,0.03167,-0.000,0.000,-0.000,0.000,-0.000,0.000,-0.000,0.000,0.042,0.012,0.03435,0.039,0.011,0.03154,8
1059,64814,10,1,0,0,0,0,0,7,0,0,0.000,0.000,0.03172,-0.000,0.000,-0.000,0.000,-0.000,0.000,-0.000,0.000,0.042,0.012,0.03440,0.039,0.011,0.03167,8
1059,64824,10,1,0,0,0,0,0,7,0,0,0.000,0.000,0.03145,-0.000,0.000,-0.000,0.000,-0.000,0.000,-0.000,0.000,0.042,0.012,0.03413,0.039,0.011,0.03172,8
1074,64834,10,1,0,0,0,0,0,7,0,0,0.000,0.000,0.03140,-0.000,0.000,-0.000,0.000,-0.000,0.000,-0.000,0.000,0.042,0.012,0.03408,0.038,0.011,0.03145,8
1090,64844,10,1,0,0,0,0,0,7,0,0,0.000,0.000,0.03117,-0.000,0.000,-0.000,0.000,-0.000,0.000,-0.000,0.000,0.041,0.012,0.03385,0.038,0.011,0.03140,8
1090,64854,10,1,0,0,0,0,0,7,0,0,0.000,0.000,0.03147,-0.000,0.000,-0.000,0.000,-0.000,0.000,-0.000,0.000,0.042,0.012,0.03415,0.038,0.011,0.03117,8
1105,64864,10,1,0,0,0,0,0,7,0,0,0.000,0.000,0.03155,-0.000,0.000,-0.000,0.000,-0.000,0.000,-0.000,0.000,0.042,0.012,0.03422,0.038,0.011,0.03147,8
1121,64874,10,1,0,0,0,0,0,7,0,0,0.000,0.000,0.03149,-0.000,0.000,-0.000,0.000,-0.000,0.000,-0.000,0.000,0.042,0.012,0.03417,0.039,0.011,0.03155,8
1121,64884,10,1,0,0,0,0,0,7,0,0,0.000,0.000,0.03152,-0.000,0.000,-0.000,0.000,-0.000,0.000,-0.000,0.000,0.042,0.012,0.03420,0.038,0.011,0.03149,8
1137,64894,10,1,0,0,0,0,0,7,0,0,0.000,0.000,0.03160,-0.000,0.000,-0.000,0.000,-0.000,0.000,-0.000,0.000,0.042,0.012,0.03427,0.039,0.011,0.03152,8
1152,64904,10,1,0,0,0,0,0,7,0,0,0.000,0.000,0.03170,-0.000,0.000,-0.000,0.000,-0.000,0.000,-0.000,0.000,0.042,0.012,0.03437,0.039,0.011,0.03160,8
1152,64914,10,1,0,0,0,0,0,7,0,0,0.000,0.000,0.03182,-0.000,0.000,-0.000,0.000,-0.000,0.000,-0.000,0.000,0.042,0.012,0.03450,0.039,0.011,0.03170,8
1168,64924,10,1,0,0,0,0,0,7,0,0,0.000,0.000,0.03178,-0.000,0.000,-0.000,0.000,-0.000,0.000,-0.000,0.000,0.042,0.012,0.03446,0.039,0.011,0.03183,8
1168,64934,10,1,0,0,0,0,0,7,0,0,0.000,0.000,0.03198,-0.000,0.000,-0.000,0.000,-0.000,0.000,-0.000,0.000,0.042,0.012,0.03465,0.039,0.011,0.03178,8
1184,64944,10,1,0,0,0,0,0,7,0,0,0.000,0.000,0.03204,-0.000,0.000,-0.000,0.000,-0.000,0.000,-0.000,0.000,0.042,0.012,0.03472,0.039,0.011,0.03198,8
1199,64954,10,1,0,0,0,0,0,7,0,0,0.000,0.000,0.03215,-0.000,0.000,-0.000,0.000,-0.000,0.000,-0.000,0.000,0.043,0.012,0.03483,0.039,0.011,0.03204,8
1199,64964,10,1,0,0,0,0,0,7,0,0,0.000,0.000,0.03203,-0.000,0.000,-0.000,0.000,-0.000,0.000,-0.000,0.000,0.042,0.012,0.03471,0.039,0.011,0.03215,8
1215,64974,10,1,0,0,0,0,0,7,0,0,0.000,0.000,0.03216,-0.000,0.000,-0.000,0.000,-0.000,0.000,-0.000,0.000,0.043,0.012,0.03484,0.039,0.011,0.03203,8
1231,64984,10,1,0,0,0,0,0,7,0,0,0.000,0.000,0.03223,-0.000,0.000,-0.000,0.000,-0.000,0.000,-0.000,0.000,0.043,0.012,0.03490,0.039,0.011,0.03216,8
1231,64994,10,1,0,0,0,0,0,7,0,0,0.000,0.000,0.03230,-0.000,0.000,-0.000,0.000,-0.000,0.000,-0.000,0.000,0.043,0.012,0.03498,0.039,0.011,0.03223,8
1247,65004,10,1,0,0,0,0,0,7,0,0,0.000,0.000,0.03251,-0.000,0.000,-0.000,0.000,-0.000,0.000,-0.000,0.000,0.043,0.012,0.03518,0.039,0.011,0.03230,8
1263,65014,10,1,0,0,0,0,0,7,0,0,0.000,0.000,0.03250,-0.000,0.000,-0.000,0.000,-0.000,0.000,-0.000,0.000,0.043,0.012,0.03518,0.040,0.011,0.03251,8
1263,65024,10,1,0,0,0,0,0,7,0,0,0.000,0.000,0.03233,-0.000,0.000,-0.000,0.000,-0.000,0.000,-0.000,0.000,0.043,0.012,0.03501,0.040,0.011,0.03250,8
1279,65034,10,1,0,0,0,0,0,7,0,0,0.000,0.000,0.03220,-0.000,0.000,-0.000,0.000,-0.000,0.000,-0.000,0.000,0.043,0.012,0.03487,0.040,0.011,0.03233,8
1279,65044,10,1,0,0,0,0,0,7,0,0,0.000,0.000,0.03214,-0.000,0.000,-0.000,0.000,-0.000,0.000,-0.000,0.000,0.043,0.012,0.03481,0.039,0.011,0.03220,8
1294,65054,10,1,0,0,0,0,0,7,0,0,0.000,0.000,0.03219,-0.000,0.000,-0.000,0.000,-0.000,0.000,-0.000,0.000,0.043,0.012,0.03487,0.039,0.011,0.03214,8
1310,65064,10,1,0,0,0,0,0,7,0,0,0.000,0.000,0.03214,-0.000,0.000,-0.000,0.000,-0.000,0.000,-0.000,0.000,0.043,0.012,0.03482,0.039,0.011,0.03219,8
1310,65074,10,1,0,0,0,0,0,7,0,0,0.000,0.000,0.03208,-0.000,0.000,-0.000,0.000,-0.000,0.000,-0.000,0.000,0.042,0.012,0.03475,0.039,0.011,0.03214,8
1326,65084,10,1,0,0,0,0,0,7,0,0,0.000,0.000,0.03204,-0.000,0.000,-0.000,0.000,-0.000,0.000,-0.000,0.000,0.042,0.012,0.03472,0.039,0.011,0.03208,8
1343,65094,10,1,0,0,0,0,0,7,0,0,0.000,0.000,0.03186,-0.000,0.000,-0.000,0.000,-0.000,0.000,-0.000,0.000,0.042,0.012,0.03453,0.039,0.011,0.03204,8
1343,65104,10,1,0,0,0,0,0,7,0,0,0.000,0.000,0.03160,-0.000,0.000,-0.000,0.000,-0.000,0.000,-0.000,0.000,0.042,0.012,0.03427,0.039,0.011,0.03186,8
1358,65114,10,1,0,0,0,0,0,7,0,0,0.000,0.000,0.03180,-0.000,0.000,-0.000,0.000,-0.000,0.000,-0.000,0.000,0.042,0.012,0.03448,0.039,0.011,0.03160,8
1358,65124,10,1,0,0,0,0,0,7,0,0,0.000,0.000,0.03194,-0.000,0.000,-0.000,0.000,-0.000,0.000,-0.000,0.000,0.042,0.012,0.03462,0.039,0.011,0.03180,8
1374,65134,10,1,0,0,0,0,0,7,0,0,0.000,0.000,0.03175,-0.000,0.000,-0.000,0.000,-0.000,0.000,-0.000,0.000,0.042,0.012,0.03443,0.039,0.011,0.03194,8
1389,65144,10,1,0,0,0,0,0,7,0,0,0.000,0.000,0.03166,-0.000,0.000,-0.000,0.000,-0.000,0.000,-0.000,0.000,0.042,0.012,0.03434,0.039,0.011,0.03175,8
1389,65154,10,1,0,0,0,0,0,7,0,0,0.000,0.000,0.03181,-0.000,0.000,-0.000,0.000,-0.000,0.000,-0.000,0.000,0.042,0.012,0.03449,0.039,0.011,0.03166,8
1405,65164,10,1,0,0,0,0,0,7,0,0,0.000,0.000,0.03179,-0.000,0.000,-0.000,0.000,-0.000,0.000,-0.000,0.000,0.042,0.012,0.03446,0.039,0.011,0.03181,8
1421,65174,10,1,0,0,0,0,0,7,0,0,0.000,0.000,0.03171,-0.000,0.000,-0.000,0.000,-0.000,0.000,-0.000,0.000,0.042,0.012,0.03438,0.039,0.011,0.03179,8
1421,65184,10,1,0,0,0,0,0,7,0,0,0.000,0.000,0.03172,-0.000,0.000,-0.000,0.000,-0.000,0.000,-0.000,0.000,0.042,0.012,0.03440,0.039,0.011,0.03171,8
1436,65194,10,1,0,0,0,0,0,7,0,0,0.000,0.000,0.03176,-0.000,0.000,-0.000,0.000,-0.000,0.000,-0.000,0.000,0.042,0.012,0.03444,0.039,0.011,0.03172,8
1451,65204,10,1,0,0,0,0,0,7,0,0,0.000,0.000,0.03171,-0.000,0.000,-0.000,0.000,-0.000,0.000,-0.000,0.000,0.042,0.012,0.03438,0.039,0.011,0.03176,8
1451,65214,10,1,0,0,0,0,0,7,0,0,0.000,0.000,0.03186,-0.000,0.000,-0.000,0.000,-0.000,0.000,-0.000,0.000,0.042,0.012,0.03454,0.039,0.011,0.03171,8
1466,65224,10,1,0,0,0,0,0,7,0,0,0.000,0.000,0.03209,-0.000,0.000,-0.000,0.000,-0.000,0.000,-0.000,0.000,0.042,0.012,0.03476,0.039,0.011,0.03186,8
1481,65234,10,1,0,0,0,0,0,7,0,0,0.000,0.000,0.03195,-0.000,0.000,-0.000,0.000,-0.000,0.000,-0.000,0.000,0.042,0.012,0.03463,0.039,0.011,0.03209,8
1481,65244,10,1,0,0,0,0,0,7,0,0,0.000,0.000,0.03198,-0.000,0.000,-0.000,0.000,-0.000,0.000,-0.000,0.000,0.042,0.012,0.03466,0.039,0.011,0.03195,8
1498,65254,10,1,0,0,0,0,0,7,0,0,0.000,0.000,0.03206,-0.000,0.000,-0.000,0.000,-0.000,0.000,-0.000,0.000,0.042,0.012,0.03473,0.039,0.011,0.03198,8
1498,65264,10,1,0,0,0,0,0,7,0,0,0.000,0.000,0.03209,-0.000,0.000,-0.000,0.000,-0.000,0.000,-0.000,0.000,0.042,0.012,0.03477,0.039,0.011,0.03206,8
1513,65274,10,1,0,0,0,0,0,7,0,0,0.000,0.000,0.03222,-0.000,0.000,-0.000,0.000,-0.000,0.000,-0.000,0.000,0.043,0.012,0.03489,0.039,0.011,0.03209,8
1529,65284,10,1,0,0,0,0,0,7,0,0,0.000,0.000,0.03213,-0.000,0.000,-0.000,0.000,-0.000,0.000,-0.000,0.000,0.043,0.012,0.03481,0.039,0.011,0.03222,8
1529,65294,10,1,0,0,0,0,0,7,0,0,0.000,0.000,0.03262,-0.000,0.000,-0.000,0.000,-0.000,0.000,-0.000,0.000,0.043,0.012,0.03529,0.039,0.011,0.03213,8
1544,65304,10,1,0,0,0,0,0,7,0,0,0.000,0.000,0.03242,-0.000,0.000,-0.000,0.000,-0.000,0.000,-0.000,0.000,0.043,0.012,0.03510,0.040,0.011,0.03262,8
1560,65314,10,1,0,0,0,0,0,7,0,0,0.000,0.000,0.03231,-0.000,0.000,-0.000,0.000,-0.000,0.000,-0.000,0.000,0.043,0.012,0.03498,0.040,0.011,0.03242,8
1560,65324,10,1,0,0,0,0,0,7,0,0,0.000,0.000,0.03201,-0.000,0.000,-0.000,0.000,-0.000,0.000,-0.000,0.000,0.042,0.012,0.03469,0.039,0.011,0.03231,8
1577,65334,10,1,0,0,0,0,0,7,0,0,0.000,0.000,0.03193,-0.000,0.000,-0.000,0.000,-0.000,0.000,-0.000,0.000,0.042,0.012,0.03461,0.039,0.011,0.03201,8
1592,65344,10,1,0,0,0,0,0,7,0,0,0.000,0.000,0.03172,-0.000,0.000,-0.000,0.000,-0.000,0.000,-0.000,0.000,0.042,0.012,0.03440,0.039,0.011,0.03193,8
1592,65354,10,1,0,0,0,0,0,7,0,0,0.000,0.000,0.03175,-0.000,0.000,-0.000,0.000,-0.000,0.000,-0.000,0.000,0.042,0.012,0.03442,0.039,0.011,0.03172,8
1607,65364,10,1,0,0,0,0,0,7,0,0,0.000,0.000,0.03170,-0.000,0.000,-0.000,0.000,-0.000,0.000,-0.000,0.000,0.042,0.012,0.03437,0.039,0.011,0.03175,8
1623,65374,10,1,0,0,0,0,0,7,0,0,0.000,0.000,0.03187,-0.000,0.000,-0.000,0.000,-0.000,0.000,-0.000,0.000,0.042,0.012,0.03455,0.039,0.011,0.03170,8
1623,65384,10,1,0,0,0,0,0,7,0,0,0.000,0.000,0.03191,-0.000,0.000,-0.000,0.000,-0.000,0.000,-0.000,0.000,0.042,0.012,0.03459,0.039,0.011,0.03187,8
1639,65394,10,1,0,0,0,0,0,7,0,0,0.000,0.000,0.03180,-0.000,0.000,-0.000,0.000,-0.000,0.000,-0.000,0.000,0.042,0.012,0.03448,0.039,0.011,0.03191,8
1639,65404,10,1,0,0,0,0,0,7,0,0,0.000,0.000,0.03190,-0.000,0.000,-0.000,0.000,-0.000,0.000,-0.000,0.000,0.042,0.012,0.03458,0.039,0.011,0.03180,8
1655,65414,10,1,0,0,0,0,0,7,0,0,0.000,0.000,0.03185,-0.000,0.000,-0.000,0.000,-0.000,0.000,-0.000,0.000,0.042,0.012,0.03453,0.039,0.011,0.03190,8
1671,65424,10,1,0,0,0,0,0,7,0,0,0.000,0.000,0.03175,-0.000,0.000,-0.000,0.000,-0.000,0.000,-0.000,0.000,0.042,0.012,0.03443,0.039,0.011,0.03185,8
1671,65434,10,1,0,0,0,0,0,7,0,0,0.000,0.000,0.03176,-0.000,0.000,-0.000,0.000,-0.000,0.000,-0.000,0.000,0.042,0.012,0.03444,0.039,0.011,0.03175,8
1686,65444,10,1,0,0,0,0,0,7,0,0,0.000,0.000,0.03183,-0.000,0.000,-0.000,0.000,-0.000,0.000,-0.000,0.000,0.042,0.012,0.03450,0.039,0.011,0.03176,8
1702,65454,10,1,0,0,0,0,0,7,0,0,0.000,0.075,0.03176,-0.000,0.000,-0.000,0.000,-0.000,0.000,-0.000,0.000,0.117,0.012,0.03444,0.039,0.011,0.03183,8
1702,65464,10,1,0,0,0,0,0,7,0,0,0.000,0.000,0.03178,-0.000,0.000,-0.000,0.000,-0.000,0.000,-0.000,0.000,0.042,0.012,0.03446,0.114,0.011,0.03176,8
1718,65474,10,1,0,0,0,0,0,7,0,0,0.000,0.000,0.03192,-0.000,0.000,-0.000,0.000,-0.000,0.000,-0.000,0.000,0.042,0.012,0.03460,0.039,0.011,0.03178,8
1718,65484,10,1,0,0,0,0,0,7,0,0,0.000,0.000,0.03181,-0.000,0.000,-0.000,0.000,-0.000,0.000,-0.000,0.000,0.042,0.012,0.03448,0.039,0.011,0.03192,8
1733,65494,10,1,0,0,0,0,0,7,0,0,0.000,0.000,0.03169,-0.000,0.000,-0.000,0.000,-0.000,0.000,-0.000,0.000,0.042,0.012,0.03436,0.039,0.011,0.03181,8
1748,65504,10,1,0,0,0,0,0,7,0,0,0.000,0.000,0.03184,-0.000,0.000,-0.000,0.000,-0.000,0.000,-0.000,0.000,0.042,0.012,0.03451,0.039,0.011,0.03169,8
1748,65514,10,1,0,0,0,0,0,7,0,0,0.000,0.000,0.03190,-0.000,0.000,-0.000,0.000,-0.000,0.000,-0.000,0.000,0.042,0.012,0.03457,0.039,0.011,0.03184,8
1764,65524,10,1,0,0,0,0,0,7,0,0,0.000,0.000,0.03175,-0.000,0.000,-0.000,0.000,-0.000,0.000,-0.000,0.000,0.042,0.012,0.03443,0.039,0.011,0.03190,8
1780,65534,10,1,0,0,0,0,0,7,0,0,0.000,0.000,0.03182,-0.000,0.000,-0.000,0.000,-0.000,0.000,-0.000,0.000,0.042,0.012,0.03450,0.039,0.011,0.03175,8
1780,65544,10,1,0,0,0,0,0,7,0,0,0.000,0.000,0.03185,-0.000,0.000,-0.000,0.000,-0.000,0.000,-0.000,0.000,0.042,0.012,0.03452,0.039,0.011,0.03182,8
1795,65554,10,1,0,0,0,0,0,7,0,0,0.000,0.000,0.03190,-0.000,0.000,-0.000,0.000,-0.000,0.000,-0.000,0.000,0.042,0.012,0.03457,0.039,0.011,0.03185,8
1811,65564,10,1,0,0,0,0,0,7,0,0,0.000,0.000,0.03186,-0.000,0.000,-0.000,0.000,-0.000,0.000,-0.000,0.000,0.042,0.012,0.03453,0.039,0.011,0.03190,8
1811,65574,10,1,0,0,0,0,0,7,0,0,0.000,0.000,0.03203,-0.000,0.000,-0.000,0.000,-0.000,0.000,-0.000,0.000,0.042,0.012,0.03470,0.039,0.011,0.03186,8
1827,65584,10,1,0,0,0,0,0,7,0,0,0.000,0.000,0.03207,-0.000,0.000,-0.000,0.000,-0.000,0.000,-0.000,0.000,0.042,0.012,0.03475,0.039,0.011,0.03203,8
1842,65594,10,1,0,0,0,0,0,7,0,0,0.000,0.000,0.03228,-0.000,0.000,-0.000,0.000,-0.000,0.000,-0.000,0.000,0.043,0.012,0.03496,0.039,0.011,0.03207,8
1842,65604,10,1,0,0,0,0,0,7,0,0,0.000,0.000,0.03230,-0.000,0.000,-0.000,0.000,-0.000,0.000,-0.000,0.000,0.043,0.012,0.03498,0.039,0.011,0.03228,8
1858,65614,10,1,0,0,0,0,0,7,0,0,0.000,0.000,0.03192,-0.000,0.000,-0.000,0.000,-0.000,0.000,-0.000,0.000,0.042,0.012,0.03459,0.039,0.011,0.03230,8
1858,65624,10,1,0,0,0,0,0,7,0,0,0.000,0.000,0.03189,-0.000,0.000,-0.000,0.000,-0.000,0.000,-0.000,0.000,0.042,0.012,0.03457,0.039,0.011,0.03192,8
1873,65634,10,1,0,0,0,0,0,7,0,0,0.000,0.000,0.03191,-0.000,0.000,-0.000,0.000,-0.000,0.000,-0.000,0.000,0.042,0.012,0.03459,0.039,0.011,0.03189,8
1888,65644,10,1,0,0,0,0,0,7,0,0,0.000,0.000,0.03208,-0.000,0.000,-0.000,0.000,-0.000,0.000,-0.000,0.000,0.042,0.012,0.03475,0.039,0.011,0.03191,8
1888,65654,10,1,0,0,0,0,0,7,0,0,0.000,0.000,0.03191,-0.000,0.000,-0.000,0.000,-0.000,0.000,-0.000,0.000,0.042,0.012,0.03459,0.039,0.011,0.03208,8
1904,65664,10,1,0,0,0,0,0,7,0,0,0.000,0.000,0.03168,-0.000,0.000,-0.000,0.000,-0.000,0.000,-0.000,0.000,0.042,0.012,0.03435,0.039,0.011,0.03191,8
1920,65674,10,1,0,0,0,0,0,7,0,0,0.000,0.000,0.03192,-0.000,0.000,-0.000,0.000,-0.000,0.000,-0.000,0.000,0.042,0.012,0.03459,0.039,0.011,0.03168,8
1920,65684,10,1,0,0,0,0,0,7,0,0,0.000,0.000,0.03215,-0.000,0.000,-0.000,0.000,-0.000,0.000,-0.000,0.000,0.043,0.012,0.03482,0.039,0.011,0.03192,8
1936,65694,10,1,0,0,0,0,0,7,0,0,0.000,0.000,0.03207,-0.000,0.000,-0.000,0.000,-0.000,0.000,-0.000,0.000,0.042,0.012,0.03475,0.039,0.011,0.03215,8
1951,65704,10,1,0,0,0,0,0,7,0,0,0.000,0.000,0.03186,-0.000,0.000,-0.000,0.000,-0.000,0.000,-0.000,0.000,0.042,0.012,0.03454,0.039,0.011,0.03207,8
1951,65714,10,1,0,0,0,0,0,7,0,0,0.000,0.000,0.03184,-0.000,0.000,-0.000,0.000,-0.000,0.000,-0.000,0.000,0.042,0.012,0.03452,0.039,0.011,0.03186,8
1967,65724,10,1,0,0,0,0,0,7,0,0,0.000,0.000,0.03184,-0.000,0.000,-0.000,0.000,-0.000,0.000,-0.000,0.000,0.042,0.012,0.03452,0.039,0.011,0.03184,8
1982,65734,10,1,0,0,0,0,0,7,0,0,0.000,0.000,0.03168,-0.000,0.000,-0.000,0.000,-0.000,0.000,-0.000,0.000,0.042,0.012,0.03435,0.039,0.011,0.03184,8
1982,65744,10,1,0,0,0,0,0,7,0,0,0.000,0.000,0.03156,-0.000,0.000,-0.000,0.000,-0.000,0.000,-0.000,0.000,0.042,0.012,0.03424,0.039,0.011,0.03168,8
1998,65754,10,1,0,0,0,0,0,7,0,0,0.000,0.000,0.03160,-0.000,0.000,-0.000,0.000,-0.000,0.000,-0.000,0.000,0.042,0.012,0.03428,0.039,0.011,0.03156,8
1998,65764,10,1,0,0,0,0,0,7,0,0,0.000,0.000,0.03148,-0.000,0.000,-0.000,0.000,-0.000,0.000,-0.000,0.000,0.042,0.012,0.03415,0.039,0.011,0.03160,8
2013,65774,10,1,0,0,0,0,0,7,0,0,0.000,0.000,0.03154,-0.000,0.000,-0.000,0.000,-0.000,0.000,-0.000,0.000,0.042,0.012,0.03422,0.038,0.011,0.03148,8
2029,65784,10,1,0,0,0,0,0,7,0,0,0.000,0.000,0.03170,-0.000,0.000,-0.000,0.000,-0.000,0.000,-0.000,0.000,0.042,0.012,0.03437,0.039,0.011,0.03154,8
2029,65794,10,1,0,0,0,0,0,7,0,0,0.000,0.000,0.03199,-0.000,0.000,-0.000,0.000,-0.000,0.000,-0.000,0.000,0.042,0.012,0.03466,0.039,0.011,0.03170,8
2045,65804,10,1,0,0,0,0,0,7,0,0,0.000,0.000,0.03187,-0.000,0.000,-0.000,0.000,-0.000,0.000,-0.000,0.000,0.042,0.012,0.03454,0.039,0.011,0.03199,8
2060,65814,10,1,0,0,0,0,0,7,0,0,0.000,0.000,0.03177,-0.000,0.000,-0.000,0.000,-0.000,0.000,-0.000,0.000,0.042,0.012,0.03444,0.039,0.011,0.03187,8
2060,65824,10,1,0,0,0,0,0,7,0,0,0.000,0.000,0.03167,-0.000,0.000,-0.000,0.000,-0.000,0.000,-0.000,0.000,0.042,0.012,0.03434,0.039,0.011,0.03177,8
2075,65834,10,1,0,0,0,0,0,7,0,0,0.000,0.000,0.03168,-0.000,0.000,-0.000,0.000,-0.000,0.000,-0.000,0.000,0.042,0.012,0.03435,0.039,0.011,0.03167,8
2091,65844,10,1,0,0,0,0,0,7,0,0,0.000,0.000,0.03151,-0.000,0.000,-0.000,0.000,-0.000,0.000,-0.000,0.000,0.042,0.012,0.03418,0.039,0.011,0.03168,8
2091,65854,10,1,0,0,0,0,0,7,0,0,0.000,0.000,0.03152,-0.000,0.000,-0.000,0.000,-0.000,0.000,-0.000,0.000,0.042,0.012,0.03420,0.038,0.011,0.03151,8
2106,65864,10,1,0,0,0,0,0,7,0,0,0.000,0.000,0.03154,-0.000,0.000,-0.000,0.000,-0.000,0.000,-0.000,0.000,0.042,0.012,0.03422,0.039,0.011,0.03152,8
2121,65874,10,1,0,0,0,0,0,7,0,0,0.000,0.000,0.03169,-0.000,0.000,-0.000,0.000,-0.000,0.000,-0.000,0.000,0.042,0.012,0.03436,0.039,0.011,0.03154,8
2121,65884,10,1,0,0,0,0,0,7,0,0,0.000,0.000,0.03158,-0.000,0.000,-0.000,0.000,-0.000,0.000,-0.000,0.000,0.042,0.012,0.03425,0.039,0.011,0.03169,8
2136,65894,10,1,0,0,0,0,0,7,0,0,0.000,0.000,0.03183,-0.000,0.000,-0.000,0.000,-0.000,0.000,-0.000,0.000,0.042,0.012,0.03451,0.039,0.011,0.03158,8
2153,65904,10,1,0,0,0,0,0,7,0,0,0.000,0.000,0.03198,-0.000,0.000,-0.000,0.000,-0.000,0.000,-0.000,0.000,0.042,0.012,0.03466,0.039,0.011,0.03183,8
2153,65914,10,1,0,0,0,0,0,7,0,0,0.000,0.000,0.03180,-0.000,0.000,-0.000,0.000,-0.000,0.000,-0.000,0.000,0.042,0.012,0.03447,0.039,0.011,0.03198,8
2168,65924,10,1,0,0,0,0,0,7,0,0,0.000,0.000,0.03191,-0.000,0.000,-0.000,0.000,-0.000,0.000,-0.000,0.000,0.042,0.012,0.03459,0.039,0.011,0.03180,8
2168,65934,10,1,0,0,0,0,0,7,0,0,0.000,0.075,0.03185,-0.000,0.000,-0.000,0.000,-0.000,0.000,-0.000,0.000,0.118,0.012,0.03452,0.039,0.011,0.03191,8
2183,65944,10,1,0,0,0,0,0,7,0,0,0.000,0.000,0.03161,-0.000,0.000,-0.000,0.000,-0.000,0.000,-0.000,0.000,0.042,0.012,0.03428,0.114,0.011,0.03185,8
2199,65954,10,1,0,0,0,0,0,7,0,0,0.000,0.000,0.03177,-0.000,0.000,-0.000,0.000,-0.000,0.000,-0.000,0.000,0.042,0.012,0.03444,0.039,0.011,0.03161,8
2199,65964,10,1,0,0,0,0,0,7,0,0,0.000,0.000,0.03161,-0.000,0.000,-0.000,0.000,-0.000,0.000,-0.000,0.000,0.042,0.012,0.03429,0.039,0.011,0.03177,8
2214,65974,10,1,0,0,0,0,0,7,0,0,0.000,0.000,0.03170,-0.000,0.000,-0.000,0.000,-0.000,0.000,-0.000,0.000,0.042,0.012,0.03438,0.039,0.011,0.03161,8
2229,65984,10,1,0,0,0,0,0,7,0,0,0.000,0.000,0.03167,-0.000,0.000,-0.000,0.000,-0.000,0.000,-0.000,0.000,0.042,0.012,0.03435,0.039,0.011,0.03170,8
2229,65994,10,1,0,0,0,0,0,7,0,0,0.000,0.000,0.03143,-0.000,0.000,-0.000,0.000,-0.000,0.000,-0.000,0.000,0.042,0.012,0.03410,0.039,0.011,0.03167,8
2245,66004,10,1,0,0,0,0,0,7,0,0,0.000,0.000,0.03147,-0.000,0.000,-0.000,0.000,-0.000,0.000,-0.000,0.000,0.042,0.012,0.03414,0.038,0.011,0.03143,8
2261,66014,10,1,0,0,0,0,0,7,0,0,0.000,0.000,0.03157,-0.000,0.000,-0.000,0.000,-0.000,0.000,-0.000,0.000,0.042,0.012,0.03425,0.038,0.011,0.03147,8
2261,66024,10,1,0,0,0,0,0,7,0,0,0.000,0.000,0.03144,-0.000,0.000,-0.000,0.000,-0.000,0.000,-0.000,0.000,0.042,0.012,0.03411,0.039,0.011,0.03157,8
2276,66034,10,1,0,0,0,0,0,7,0,0,0.000,0.000,0.03151,-0.000,0.000,-0.000,0.000,-0.000,0.000,-0.000,0.000,0.042,0.012,0.03418,0.038,0.011,0.03144,8
2292,66044,10,1,0,0,0,0,0,7,0,0,0.000,0.000,0.03184,-0.000,0.000,-0.000,0.000,-0.000,0.000,-0.000,0.000,0.042,0.012,0.03452,0.038,0.011,0.03151,8
2292,66054,10,1,0,0,0,0,0,7,0,0,0.000,0.000,0.03186,-0.000,0.000,-0.000,0.000,-0.000,0.000,-0.000,0.000,0.042,0.012,0.03454,0.039,0.011,0.03184,8
2307,66064,10,1,0,0,0,0,0,7,0,0,0.000,0.000,0.03190,-0.000,0.000,-0.000,0.000,-0.000,0.000,-0.000,0.000,0.042,0.012,0.03457,0.039,0.011,0.03186,8
2322,66074,10,1,0,0,0,0,0,7,0,0,0.000,0.000,0.03174,-0.000,0.000,-0.000,0.000,-0.000,0.000,-0.000,0.000,0.042,0.012,0.03442,0.039,0.011,0.03190,8
2322,66084,10,1,0,0,0,0,0,7,0,0,0.000,0.000,0.03173,-0.000,0.000,-0.000,0.000,-0.000,0.000,-0.000,0.000,0.042,0.012,0.03441,0.039,0.011,0.03174,8
2337,66094,10,1,0,0,0,0,0,7,0,0,0.000,0.000,0.03161,-0.000,0.000,-0.000,0.000,-0.000,0.000,-0.000,0.000,0.042,0.012,0.03429,0.039,0.011,0.03173,8
2337,66104,10,1,0,0,0,0,0,7,0,0,0.000,0.000,0.03133,-0.000,0.000,-0.000,0.000,-0.000,0.000,-0.000,0.000,0.042,0.012,0.03400,0.039,0.011,0.03161,8
2353,66114,10,1,0,0,0,0,0,7,0,0,0.000,0.000,0.03125,-0.000,0.000,-0.000,0.000,-0.000,0.000,-0.000,0.000,0.041,0.012,0.03393,0.038,0.011,0.03133,8
2369,66124,10,1,0,0,0,0,0,7,0,0,0.000,0.000,0.03168,-0.000,0.000,-0.000,0.000,-0.000,0.000,-0.000,0.000,0.042,0.012,0.03436,0.038,0.011,0.03125,8
2369,66134,10,1,0,0,0,0,0,7,0,0,0.000,0.000,0.03159,-0.000,0.000,-0.000,0.000,-0.000,0.000,-0.000,0.000,0.042,0.012,0.03427,0.039,0.011,0.03168,8
2385,66144,10,1,0,0,0,0,0,7,0,0,0.000,0.000,0.03171,-0.000,0.000,-0.000,0.000,-0.000,0.000,-0.000,0.000,0.042,0.012,0.03438,0.039,0.011,0.03159,8
2400,66154,10,1,0,0,0,0,0,7,0,0,0.000,0.000,0.03197,-0.000,0.000,-0.000,0.000,-0.000,0.000,-0.000,0.000,0.042,0.012,0.03465,0.039,0.011,0.03171,8
2400,66164,10,1,0,0,0,0,0,7,0,0,0.000,0.000,0.03185,-0.000,0.000,-0.000,0.000,-0.000,0.000,-0.000,0.000,0.042,0.012,0.03452,0.039,0.011,0.03197,8
2416,66174,10,1,0,0,0,0,0,7,0,0,0.000,0.000,0.03170,-0.000,0.000,-0.000,0.000,-0.000,0.000,-0.000,0.000,0.042,0.012,0.03437,0.039,0.011,0.03185,8
2431,66184,10,1,0,0,0,0,0,7,0,0,0.000,0.000,0.03167,-0.000,0.000,-0.000,0.000,-0.000,0.000,-0.000,0.000,0.042,0.012,0.03434,0.039,0.011,0.03170,8
2431,66194,10,1,0,0,0,0,0,7,0,0,0.000,0.000,0.03168,-0.000,0.000,-0.000,0.000,-0.000,0.000,-0.000,0.000,0.042,0.012,0.03436,0.039,0.011,0.03167,8
2447,66204,10,1,0,0,0,0,0,7,0,0,0.000,0.000,0.03165,-0.000,0.000,-0.000,0.000,-0.000,0.000,-0.000,0.000,0.042,0.012,0.03432,0.039,0.011,0.03168,8
2462,66214,10,1,0,0,0,0,0,7,0,0,0.000,0.000,0.03150,-0.000,0.000,-0.000,0.000,-0.000,0.000,-0.000,0.000,0.042,0.012,0.03417,0.039,0.011,0.03165,8
2462,66224,10,1,0,0,0,0,0,7,0,0,0.000,0.000,0.03152,-0.000,0.000,-0.000,0.000,-0.000,0.000,-0.000,0.000,0.042,0.012,0.03420,0.038,0.011,0.03150,8
2477,66234,10,1,0,0,0,0,0,7,0,0,0.000,0.000,0.03136,-0.000,0.000,-0.000,0.000,-0.000,0.000,-0.000,0.000,0.042,0.012,0.03403,0.039,0.011,0.03152,8
2477,66244,10,1,0,0,0,0,0,7,0,0,0.000,0.000,0.03134,-0.000,0.000,-0.000,0.000,-0.000,0.000,-0.000,0.000,0.042,0.012,0.03402,0.038,0.011,0.03136,8
2493,66254,10,1,0,0,0,0,0,7,0,0,0.000,0.000,0.03153,-0.000,0.000,-0.000,0.000,-0.000,0.000,-0.000,0.000,0.042,0.012,0.03420,0.038,0.011,0.03134,8
2509,66264,10,1,0,0,0,0,0,7,0,0,0.000,0.000,0.03170,-0.000,0.000,-0.000,0.000,-0.000,0.000,-0.000,0.000,0.042,0.012,0.03438,0.039,0.011,0.03153,8
2509,66274,10,1,0,0,0,0,0,7,0,0,0.000,0.000,0.03181,-0.000,0.000,-0.000,0.000,-0.000,0.000,-0.000,0.000,0.042,0.012,0.03448,0.039,0.011,0.03170,8
2524,66284,10,1,0,0,0,0,0,7,0,0,0.000,0.000,0.03189,-0.000,0.000,-0.000,0.000,-0.000,0.000,-0.000,0.000,0.042,0.012,0.03457,0.039,0.011,0.03181,8
2540,66294,10,1,0,0,0,0,0,7,0,0,0.000,0.000,0.03178,-0.000,0.000,-0.000,0.000,-0.000,0.000,-0.000,0.000,0.042,0.012,0.03446,0.039,0.011,0.03189,8
2540,66304,10,1,0,0,0,0,0,7,0,0,0.000,0.000,0.03187,-0.000,0.000,-0.000,0.000,-0.000,0.000,-0.000,0.000,0.042,0.012,0.03454,0.039,0.011,0.03178,8
2556,66314,10,1,0,0,0,0,0,7,0,0,0.000,0.000,0.03195,-0.000,0.000,-0.000,0.000,-0.000,0.000,-0.000,0.000,0.042,0.012,0.03462,0.039,0.011,0.03187,8
2572,66324,10,1,0,0,0,0,0,7,0,0,0.000,0.000,0.03176,-0.000,0.000,-0.000,0.000,-0.000,0.000,-0.000,0.000,0.042,0.012,0.03443,0.039,0.011,0.03195,8
2572,66334,10,1,0,0,0,0,0,7,0,0,0.000,0.000,0.03187,-0.000,0.000,-0.000,0.000,-0.000,0.000,-0.000,0.000,0.042,0.012,0.03454,0.039,0.011,0.03176,8
2587,66344,10,1,0,0,0,0,0,7,0,0,0.000,0.000,0.03208,-0.000,0.000,-0.000,0.000,-0.000,0.000,-0.000,0.000,0.042,0.012,0.03476,0.039,0.011,0.03187,8
2587,66354,10,1,0,0,0,0,0,7,0,0,0.000,0.000,0.03209,-0.000,0.000,-0.000,0.000,-0.000,0.000,-0.000,0.000,0.042,0.012,0.03477,0.039,0.011,0.03208,8
2602,66364,10,1,0,0,0,0,0,7,0,0,0.000,0.000,0.03196,-0.000,0.000,-0.000,0.000,-0.000,0.000,-0.000,0.000,0.042,0.012,0.03464,0.039,0.011,0.03209,8
2619,66374,10,1,0,0,0,0,0,7,0,0,0.000,0.075,0.03181,-0.000,0.000,-0.000,0.000,-0.000,0.000,-0.000,0.000,0.118,0.012,0.03449,0.039,0.011,0.03196,8
2619,66384,10,1,0,0,0,0,0,7,0,0,0.000,0.000,0.03169,-0.000,0.000,-0.000,0.000,-0.000,0.000,-0.000,0.000,0.042,0.012,0.03437,0.114,0.011,0.03181,8
2634,66394,10,1,0,0,0,0,0,7,0,0,0.000,0.000,0.03166,-0.000,0.000,-0.000,0.000,-0.000,0.000,-0.000,0.000,0.042,0.012,0.03434,0.039,0.011,0.03169,8
2650,66404,10,1,0,0,0,0,0,7,0,0,0.000,0.000,0.03160,-0.000,0.000,-0.000,0.000,-0.000,0.000,-0.000,0.000,0.042,0.012,0.03427,0.039,0.011,0.03166,8
2650,66414,10,1,0,0,0,0,0,7,0,0,0.000,0.000,0.03161,-0.000,0.000,-0.000,0.000,-0.000,0.000,-0.000,0.000,0.042,0.012,0.03428,0.039,0.011,0.03160,8
2665,66424,10,1,0,0,0,0,0,7,0,0,0.000,0.000,0.03162,-0.000,0.000,-0.000,0.000,-0.000,0.000,-0.000,0.000,0.042,0.012,0.03430,0.039,0.011,0.03161,8
2681,66434,10,1,0,0,0,0,0,7,0,0,0.000,0.000,0.03162,-0.000,0.000,-0.000,0.000,-0.000,0.000,-0.000,0.000,0.042,0.012,0.03430,0.039,0.011,0.03162,8
2681,66444,10,1,0,0,0,0,0,7,0,0,0.000,0.000,0.03172,-0.000,0.000,-0.000,0.000,-0.000,0.000,-0.000,0.000,0.042,0.012,0.03439,0.039,0.011,0.03162,8
2696,66454,10,1,0,0,0,0,0,7,0,0,0.000,0.000,0.03182,-0.000,0.000,-0.000,0.000,-0.000,0.000,-0.000,0.000,0.042,0.012,0.03449,0.039,0.011,0.03172,8
2711,66464,10,1,0,0,0,0,0,7,0,0,0.000,0.000,0.03199,-0.000,0.000,-0.000,0.000,-0.000,0.000,-0.000,0.000,0.042,0.012,0.03466,0.039,0.011,0.03182,8
2711,66474,10,1,0,0,0,0,0,7,0,0,0.000,0.000,0.03190,-0.000,0.000,-0.000,0.000,-0.000,0.000,-0.000,0.000,0.042,0.012,0.03457,0.039,0.011,0.03199,8
2727,66484,10,1,0,0,0,0,0,7,0,0,0.000,0.000,0.03184,-0.000,0.000,-0.000,0.000,-0.000,0.000,-0.000,0.000,0.042,0.012,0.03452,0.039,0.011,0.03190,8
2742,66494,10,1,0,0,0,0,0,7,0,0,0.000,0.000,0.03155,-0.000,0.000,-0.000,0.000,-0.000,0.000,-0.000,0.000,0.042,0.012,0.03423,0.039,0.011,0.03184,8
2742,66504,10,1,0,0,0,0,0,7,0,0,0.000,0.000,0.03139,-0.000,0.000,-0.000,0.000,-0.000,0.000,-0.000,0.000,0.042,0.012,0.03406,0.039,0.011,0.03155,8
2758,66514,10,1,0,0,0,0,0,7,0,0,0.000,0.000,0.03149,-0.000,0.000,-0.000,0.000,-0.000,0.000,-0.000,0.000,0.042,0.012,0.03417,0.038,0.011,0.03139,8
2758,66524,10,1,0,0,0,0,0,7,0,0,0.000,0.000,0.03159,-0.000,0.000,-0.000,0.000,-0.000,0.000,-0.000,0.000,0.042,0.012,0.03426,0.038,0.011,0.03149,8
2773,66534,10,1,0,0,0,0,0,7,0,0,0.000,0.000,0.03165,-0.000,0.000,-0.000,0.000,-0.000,0.000,-0.000,0.000,0.042,0.012,0.03432,0.039,0.011,0.03159,8
2789,66544,10,1,0,0,0,0,0,7,0,0,0.000,0.000,0.03156,-0.000,0.000,-0.000,0.000,-0.000,0.000,-0.000,0.000,0.042,0.012,0.03423,0.039,0.011,0.03165,8
2789,66554,10,1,0,0,0,0,0,7,0,0,0.000,0.000,0.03171,-0.000,0.000,-0.000,0.000,-0.000,0.000,-0.000,0.000,0.042,0.012,0.03438,0.039,0.011,0.03156,8
2805,66564,10,1,0,0,0,0,0,7,0,0,0.000,0.000,0.03170,-0.000,0.000,-0.000,0.000,-0.000,0.000,-0.000,0.000,0.042,0.012,0.03438,0.039,0.011,0.03171,8
2821,66574,10,1,0,0,0,0,0,7,0,0,0.000,0.000,0.03168,-0.000,0.000,-0.000,0.000,-0.000,0.000,-0.000,0.000,0.042,0.012,0.03435,0.039,0.011,0.03170,8
2821,66584,10,1,0,0,0,0,0,7,0,0,0.000,0.000,0.03153,-0.000,0.000,-0.000,0.000,-0.000,0.000,-0.000,0.000,0.042,0.012,0.03420,0.039,0.011,0.03168,8
2835,66594,10,1,0,0,0,0,0,7,0,0,0.000,0.000,0.03157,-0.000,0.000,-0.000,0.000,-0.000,0.000,-0.000,0.000,0.042,0.012,0.03425,0.039,0.011,0.03153,8
2851,66604,10,1,0,0,0,0,0,7,0,0,0.000,0.000,0.03152,-0.000,0.000,-0.000,0.000,-0.000,0.000,-0.000,0.000,0.042,0.012,0.03420,0.039,0.011,0.03157,8
2851,66614,10,1,0,0,0,0,0,7,0,0,0.000,0.000,0.03159,-0.000,0.000,-0.000,0.000,-0.000,0.000,-0.000,0.000,0.042,0.012,0.03426,0.039,0.011,0.03152,8
2867,66624,10,1,0,0,0,0,0,7,0,0,0.000,0.000,0.03177,-0.000,0.000,-0.000,0.000,-0.000,0.000,-0.000,0.000,0.042,0.012,0.03444,0.039,0.011,0.03159,8
2882,66634,10,1,0,0,0,0,0,7,0,0,0.000,0.000,0.03175,-0.000,0.000,-0.000,0.000,-0.000,0.000,-0.000,0.000,0.042,0.012,0.03443,0.039,0.011,0.03177,8
2882,66644,10,1,0,0,0,0,0,7,0,0,0.000,0.000,0.03164,-0.000,0.000,-0.000,0.000,-0.000,0.000,-0.000,0.000,0.042,0.012,0.03431,0.039,0.011,0.03175,8
2898,66654,10,1,0,0,0,0,0,7,0,0,0.000,0.000,0.03166,-0.000,0.000,-0.000,0.000,-0.000,0.000,-0.000,0.000,0.042,0.012,0.03434,0.039,0.011,0.03164,8
2898,66664,10,1,0,0,0,0,0,7,0,0,0.000,0.000,0.03179,-0.000,0.000,-0.000,0.000,-0.000,0.000,-0.000,0.000,0.042,0.012,0.03447,0.039,0.011,0.03166,8
2914,66674,10,1,0,0,0,0,0,7,0,0,0.000,0.000,0.03161,-0.000,0.000,-0.000,0.000,-0.000,0.000,-0.000,0.000,0.042,0.012,0.03428,0.039,0.011,0.03179,8
2929,66684,10,1,0,0,0,0,0,7,0,0,0.000,0.000,0.03175,-0.000,0.000,-0.000,0.000,-0.000,0.000,-0.000,0.000,0.042,0.012,0.03442,0.039,0.011,0.03161,8
2929,66694,10,1,0,0,0,0,0,7,0,0,0.000,0.000,0.03167,-0.000,0.000,-0.000,0.000,-0.000,0.000,-0.000,0.000,0.042,0.012,0.03434,0.039,0.011,0.03175,8
2946,66704,10,1,0,0,0,0,0,7,0,0,0.000,0.000,0.03177,-0.000,0.000,-0.000,0.000,-0.000,0.000,-0.000,0.000,0.042,0.012,0.03445,0.039,0.011,0.03167,8
2961,66714,10,1,0,0,0,0,0,7,0,0,0.000,0.000,0.03181,-0.000,0.000,-0.000,0.000,-0.000,0.000,-0.000,0.000,0.042,0.012,0.03448,0.039,0.011,0.03177,8
2961,66724,10,1,0,0,0,0,0,7,0,0,0.000,0.000,0.03168,-0.000,0.000,-0.000,0.000,-0.000,0.000,-0.000,0.000,0.042,0.012,0.03435,0.039,0.011,0.03181,8
2977,66734,10,1,0,0,0,0,0,7,0,0,0.000,0.000,0.03174,-0.000,0.000,-0.000,0.000,-0.000,0.000,-0.000,0.000,0.042,0.012,0.03442,0.039,0.011,0.03168,8
2992,66744,10,1,0,0,0,0,0,7,0,0,0.000,0.000,0.03189,-0.000,0.000,-0.000,0.000,-0.000,0.000,-0.000,0.000,0.042,0.012,0.03456,0.039,0.011,0.03174,8
2992,66754,10,1,0,0,0,0,0,7,0,0,0.000,0.000,0.03192,-0.000,0.000,-0.000,0.000,-0.000,0.000,-0.000,0.000,0.042,0.012,0.03460,0.039,0.011,0.03189,8
3007,66764,10,1,0,0,0,0,0,7,0,0,0.000,0.000,0.03193,-0.000,0.000,-0.000,0.000,-0.000,0.000,-0.000,0.000,0.042,0.012,0.03461,0.039,0.011,0.03192,8
3023,66774,10,1,0,0,0,0,0,7,0,0,0.000,0.000,0.03186,-0.000,0.000,-0.000,0.000,-0.000,0.000,-0.000,0.000,0.042,0.012,0.03454,0.039,0.011,0.03193,8
3023,66784,10,1,0,0,0,0,0,7,0,0,0.000,0.000,0.03204,-0.000,0.000,-0.000,0.000,-0.000,0.000,-0.000,0.000,0.042,0.012,0.03472,0.039,0.011,0.03186,8
3038,66794,10,1,0,0,0,0,0,7,0,0,0.000,0.000,0.03222,-0.000,0.000,-0.000,0.000,-0.000,0.000,-0.000,0.000,0.043,0.012,0.03490,0.039,0.011,0.03204,8
3038,66804,10,1,0,0,0,0,0,7,0,0,0.000,0.000,0.03248,-0.000,0.000,-0.000,0.000,-0.000,0.000,-0.000,0.000,0.043,0.012,0.03516,0.039,0.011,0.03222,8
3055,66814,10,1,0,0,0,0,0,7,0,0,0.000,0.000,0.03236,-0.000,0.000,-0.000,0.000,-0.000,0.000,-0.000,0.000,0.043,0.012,0.03504,0.040,0.011,0.03248,8
3071,66824,10,1,0,0,0,0,0,7,0,0,0.000,0.000,0.03223,-0.000,0.000,-0.000,0.000,-0.000,0.000,-0.000,0.000,0.043,0.012,0.03491,0.040,0.011,0.03236,8
3071,66834,10,1,0,0,0,0,0,7,0,0,0.000,0.000,0.03228,-0.000,0.000,-0.000,0.000,-0.000,0.000,-0.000,0.000,0.043,0.012,0.03495,0.039,0.011,0.03223,8
3086,66844,10,1,0,0,0,0,0,7,0,0,0.000,0.000,0.03223,-0.000,0.000,-0.000,0.000,-0.000,0.000,-0.000,0.000,0.043,0.012,0.03491,0.039,0.011,0.03228,8
3102,66854,10,1,0,0,0,0,0,7,0,0,0.000,0.000,0.03225,-0.000,0.000,-0.000,0.000,-0.000,0.000,-0.000,0.000,0.043,0.012,0.03493,0.039,0.011,0.03223,8
3102,66864,10,1,0,0,0,0,0,7,0,0,0.000,0.000,0.03231,-0.000,0.000,-0.000,0.000,-0.000,0.000,-0.000,0.000,0.043,0.012,0.03498,0.039,0.011,0.03225,8
3117,66874,10,1,0,0,0,0,0,7,0,0,0.000,0.000,0.03198,-0.000,0.000,-0.000,0.000,-0.000,0.000,-0.000,0.000,0.042,0.012,0.03466,0.039,0.011,0.03231,8
3133,66884,10,1,0,0,0,0,0,7,0,0,0.000,0.000,0.03186,-0.000,0.000,-0.000,0.000,-0.000,0.000,-0.000,0.000,0.042,0.012,0.03454,0.039,0.011,0.03198,8
3133,66894,10,1,0,0,0,0,0,7,0,0,0.000,0.000,0.03163,-0.000,0.000,-0.000,0.000,-0.000,0.000,-0.000,0.000,0.042,0.012,0.03430,0.039,0.011,0.03186,8
3149,66904,10,1,0,0,0,0,0,7,0,0,0.000,0.000,0.03162,-0.000,0.000,-0.000,0.000,-0.000,0.000,-0.000,0.000,0.042,0.012,0.03430,0.039,0.011,0.03163,8
3149,66914,10,1,0,0,0,0,0,7,0,0,0.000,0.000,0.03144,-0.000,0.000,-0.000,0.000,-0.000,0.000,-0.000,0.000,0.042,0.012,0.03412,0.039,0.011,0.03162,8
3164,66924,10,1,0,0,0,0,0,7,0,0,0.000,0.000,0.03158,-0.000,0.000,-0.000,0.000,-0.000,0.000,-0.000,0.000,0.042,0.012,0.03425,0.038,0.011,0.03144,8
3180,66934,10,1,0,0,0,0,0,7,0,0,0.000,0.000,0.03170,-0.000,0.000,-0.000,0.000,-0.000,0.000,-0.000,0.000,0.042,0.012,0.03437,0.039,0.011,0.03158,8
3180,66944,10,1,0,0,0,0,0,7,0,0,0.000,0.000,0.03162,-0.000,0.000,-0.000,0.000,-0.000,0.000,-0.000,0.000,0.042,0.012,0.03429,0.039,0.011,0.03170,8
3196,66954,10,1,0,0,0,0,0,7,0,0,0.000,0.000,0.03174,-0.000,0.000,-0.000,0.000,-0.000,0.000,-0.000,0.000,0.042,0.012,0.03442,0.039,0.011,0.03162,8
3211,66964,10,1,0,0,0,0,0,7,0,0,0.000,0.000,0.03142,-0.000,0.000,-0.000,0.000,-0.000,0.000,-0.000,0.000,0.042,0.012,0.03409,0.039,0.011,0.03174,8
3211,66974,10,1,0,0,0,0,0,7,0,0,0.000,0.000,0.03183,-0.000,0.000,-0.000,0.000,-0.000,0.000,-0.000,0.000,0.042,0.012,0.03450,0.038,0.011,0.03142,8
3226,66984,10,1,0,0,0,0,0,7,0,0,0.000,0.000,0.03222,-0.000,0.000,-0.000,0.000,-0.000,0.000,-0.000,0.000,0.043,0.012,0.03490,0.039,0.011,0.03183,8
3241,66994,10,1,0,0,0,0,0,7,0,0,0.000,0.000,0.03225,-0.000,0.000,-0.000,0.000,-0.000,0.000,-0.000,0.000,0.043,0.012,0.03492,0.039,0.011,0.03222,8
3241,67004,10,1,0,0,0,0,0,7,0,0,0.000,0.000,0.03209,-0.000,0.000,-0.000,0.000,-0.000,0.000,-0.000,0.000,0.042,0.012,0.03476,0.039,0.011,0.03225,8
3257,67014,10,1,0,0,0,0,0,7,0,0,0.000,0.000,0.03176,-0.000,0.000,-0.000,0.000,-0.000,0.000,-0.000,0.000,0.042,0.012,0.03444,0.039,0.011,0.03209,8
3257,67024,10,1,0,0,0,0,0,7,0,0,0.000,0.000,0.03183,-0.000,0.000,-0.000,0.000,-0.000,0.000,-0.000,0.000,0.042,0.012,0.03451,0.039,0.011,0.03176,8
3274,67034,10,1,0,0,0,0,0,7,0,0,0.000,0.000,0.03176,-0.000,0.000,-0.000,0.000,-0.000,0.000,-0.000,0.000,0.042,0.012,0.03443,0.039,0.011,0.03183,8
3289,67044,10,1,0,0,0,0,0,7,0,0,0.000,0.000,0.03193,-0.000,0.000,-0.000,0.000,-0.000,0.000,-0.000,0.000,0.042,0.012,0.03461,0.039,0.011,0.03176,8
3289,67054,10,1,0,0,0,0,0,7,0,0,0.000,0.000,0.03184,-0.000,0.000,-0.000,0.000,-0.000,0.000,-0.000,0.000,0.042,0.012,0.03451,0.039,0.011,0.03193,8
3304,67064,10,1,0,0,0,0,0,7,0,0,0.000,0.000,0.03172,-0.000,0.000,-0.000,0.000,-0.000,0.000,-0.000,0.000,0.042,0.012,0.03440,0.039,0.011,0.03184,8
3320,67074,10,1,0,0,0,0,0,7,0,0,0.000,0.000,0.03161,-0.000,0.000,-0.000,0.000,-0.000,0.000,-0.000,0.000,0.042,0.012,0.03428,0.039,0.011,0.03172,8
3320,67084,10,1,0,0,0,0,0,7,0,0,0.000,0.000,0.03160,-0.000,0.000,-0.000,0.000,-0.000,0.000,-0.000,0.000,0.042,0.012,0.03427,0.039,0.011,0.03161,8
3335,67094,10,1,0,0,0,0,0,7,0,0,0.000,0.000,0.03147,-0.000,0.000,-0.000,0.000,-0.000,0.000,-0.000,0.000,0.042,0.012,0.03415,0.039,0.011,0.03160,8
3350,67104,10,1,0,0,0,0,0,7,0,0,0.000,0.000,0.03145,-0.000,0.000,-0.000,0.000,-0.000,0.000,-0.000,0.000,0.042,0.012,0.03412,0.038,0.011,0.03147,8
3350,67114,10,1,0,0,0,0,0,7,0,0,0.000,0.000,0.03154,-0.000,0.000,-0.000,0.000,-0.000,0.000,-0.000,0.000,0.042,0.012,0.03421,0.038,0.011,0.03145,8
3365,67124,10,1,0,0,0,0,0,7,0,0,0.000,0.000,0.03170,-0.000,0.000,-0.000,0.000,-0.000,0.000,-0.000,0.000,0.042,0.012,0.03437,0.039,0.011,0.03154,8
3381,67134,10,1,0,0,0,0,0,7,0,0,0.000,0.000,0.03177,-0.000,0.000,-0.000,0.000,-0.000,0.000,-0.000,0.000,0.042,0.012,0.03444,0.039,0.011,0.03170,8
3381,67144,10,1,0,0,0,0,0,7,0,0,0.000,0.000,0.03186,-0.000,0.000,-0.000,0.000,-0.000,0.000,-0.000,0.000,0.042,0.012,0.03454,0.039,0.011,0.03177,8
3396,67154,10,1,0,0,0,0,0,7,0,0,0.000,0.000,0.03212,-0.000,0.000,-0.000,0.000,-0.000,0.000,-0.000,0.000,0.043,0.012,0.03480,0.039,0.011,0.03186,8
3412,67164,10,1,0,0,0,0,0,7,0,0,0.000,0.000,0.03216,-0.000,0.000,-0.000,0.000,-0.000,0.000,-0.000,0.000,0.043,0.012,0.03483,0.039,0.011,0.03212,8
3412,67174,10,1,0,0,0,0,0,7,0,0,0.000,0.000,0.03217,-0.000,0.000,-0.000,0.000,-0.000,0.000,-0.000,0.000,0.043,0.012,0.03485,0.039,0.011,0.03216,8
3428,67184,10,1,0,0,0,0,0,7,0,0,0.000,0.000,0.03215,-0.000,0.000,-0.000,0.000,-0.000,0.000,-0.000,0.000,0.043,0.012,0.03483,0.039,0.011,0.03217,8
3428,67194,10,1,0,0,0,0,0,7,0,0,0.000,0.000,0.03204,-0.000,0.000,-0.000,0.000,-0.000,0.000,-0.000,0.000,0.042,0.012,0.03471,0.039,0.011,0.03215,8
3444,67204,10,1,0,0,0,0,0,7,0,0,0.000,0.000,0.03196,-0.000,0.000,-0.000,0.000,-0.000,0.000,-0.000,0.000,0.042,0.012,0.03464,0.039,0.011,0.03204,8
3459,67214,10,1,0,0,0,0,0,7,0,0,0.000,0.000,0.03192,-0.000,0.000,-0.000,0.000,-0.000,0.000,-0.000,0.000,0.042,0.012,0.03460,0.039,0.011,0.03196,8
3459,67224,10,1,0,0,0,0,0,7,0,0,0.000,0.000,0.03187,-0.000,0.000,-0.000,0.000,-0.000,0.000,-0.000,0.000,0.042,0.012,0.03455,0.039,0.011,0.03192,8
3474,67234,10,1,0,0,0,0,0,7,0,0,0.000,0.000,0.03196,-0.000,0.000,-0.000,0.000,-0.000,0.000,-0.000,0.000,0.042,0.012,0.03464,0.039,0.011,0.03187,8
3490,67244,10,1,0,0,0,0,0,7,0,0,0.000,0.000,0.03218,-0.000,0.000,-0.000,0.000,-0.000,0.000,-0.000,0.000,0.043,0.012,0.03486,0.039,0.011,0.03196,8
3490,67254,10,1,0,0,0,0,0,7,0,0,0.000,0.000,0.03207,-0.000,0.000,-0.000,0.000,-0.000,0.000,-0.000,0.000,0.042,0.012,0.03475,0.039,0.011,0.03218,8
3506,67264,10,1,0,0,0,0,0,7,0,0,0.000,0.000,0.03212,-0.000,0.000,-0.000,0.000,-0.000,0.000,-0.000,0.000,0.043,0.012,0.03480,0.039,0.011,0.03207,8
3521,67274,10,1,0,0,0,0,0,7,0,0,0.000,0.000,0.03229,-0.000,0.000,-0.000,0.000,-0.000,0.000,-0.000,0.000,0.043,0.012,0.03497,0.039,0.011,0.03212,8
3521,67284,10,1,0,0,0,0,0,7,0,0,0.000,0.000,0.03225,-0.000,0.000,-0.000,0.000,-0.000,0.000,-0.000,0.000,0.043,0.012,0.03492,0.039,0.011,0.03229,8
3553,67294,10,1,0,0,0,0,0,7,0,0,0.000,0.000,0.03185,-0.000,0.000,-0.000,0.000,-0.000,0.000,-0.000,0.000,0.042,0.012,0.03452,0.039,0.011,0.03225,8
3553,67304,10,1,0,0,0,0,0,7,0,0,0.000,0.000,0.03182,-0.000,0.000,-0.000,0.000,-0.000,0.000,-0.000,0.000,0.042,0.012,0.03449,0.039,0.011,0.03185,8
3553,67314,10,1,0,0,0,0,0,7,0,0,0.000,0.000,0.03179,-0.000,0.000,-0.000,0.000,-0.000,0.000,-0.000,0.000,0.042,0.012,0.03446,0.039,0.011,0.03182,8
3568,67324,10,1,0,0,0,0,0,7,0,0,0.000,0.000,0.03174,-0.000,0.000,-0.000,0.000,-0.000,0.000,-0.000,0.000,0.042,0.012,0.03442,0.039,0.011,0.03179,8
3568,67334,10,1,0,0,0,0,0,7,0,0,0.000,0.000,0.03192,-0.000,0.000,-0.000,0.000,-0.000,0.000,-0.000,0.000,0.042,0.012,0.03460,0.039,0.011,0.03174,8
3584,67344,10,1,0,0,0,0,0,7,0,0,0.000,0.000,0.03184,-0.000,0.000,-0.000,0.000,-0.000,0.000,-0.000,0.000,0.042,0.012,0.03452,0.039,0.011,0.03192,8
3599,67354,10,1,0,0,0,0,0,7,0,0,0.000,0.000,0.03179,-0.000,0.000,-0.000,0.000,-0.000,0.000,-0.000,0.000,0.042,0.012,0.03446,0.039,0.011,0.03184,8
3599,67364,10,1,0,0,0,0,0,7,0,0,0.000,0.000,0.03158,-0.000,0.000,-0.000,0.000,-0.000,0.000,-0.000,0.000,0.042,0.012,0.03425,0.039,0.011,0.03179,8
3615,67374,10,1,0,0,0,0,0,7,0,0,0.000,0.000,0.03150,-0.000,0.000,-0.000,0.000,-0.000,0.000,-0.000,0.000,0.042,0.012,0.03418,0.039,0.011,0.03158,8
3630,67384,10,1,0,0,0,0,0,7,0,0,0.000,0.000,0.03153,-0.000,0.000,-0.000,0.000,-0.000,0.000,-0.000,0.000,0.042,0.012,0.03420,0.038,0.011,0.03150,8
3630,67394,10,1,0,0,0,0,0,7,0,0,0.000,0.000,0.03154,-0.000,0.000,-0.000,0.000,-0.000,0.000,-0.000,0.000,0.042,0.012,0.03421,0.039,0.011,0.03153,8
3646,67404,10,1,0,0,0,0,0,7,0,0,0.000,0.000,0.03156,-0.000,0.000,-0.000,0.000,-0.000,0.000,-0.000,0.000,0.042,0.012,0.03424,0.039,0.011,0.03154,8
3662,67414,10,1,0,0,0,0,0,7,0,0,0.000,0.000,0.03168,-0.000,0.000,-0.000,0.000,-0.000,0.000,-0.000,0.000,0.042,0.012,0.03435,0.039,0.011,0.03156,8
3662,67424,10,1,0,0,0,0,0,7,0,0,0.000,0.000,0.03180,-0.000,0.000,-0.000,0.000,-0.000,0.000,-0.000,0.000,0.042,0.012,0.03448,0.039,0.011,0.03168,8
3677,67434,10,1,0,0,0,0,0,7,0,0,0.000,0.000,0.03189,-0.000,0.000,-0.000,0.000,-0.000,0.000,-0.000,0.000,0.042,0.012,0.03457,0.039,0.011,0.03180,8
3708,67444,10,1,0,0,0,0,0,7,0,0,0.000,0.000,0.03184,-0.000,0.000,-0.000,0.000,-0.000,0.000,-0.000,0.000,0.042,0.012,0.03451,0.039,0.011,0.03189,8
3708,67454,10,1,0,0,0,0,0,7,0,0,0.000,0.075,0.03157,-0.000,0.000,-0.000,0.000,-0.000,0.000,-0.000,0.000,0.117,0.012,0.03425,0.039,0.011,0.03184,8
3708,67464,10,1,0,0,0,0,0,7,0,0,0.000,0.000,0.03124,-0.000,0.000,-0.000,0.000,-0.000,0.000,-0.000,0.000,0.041,0.012,0.03392,0.114,0.011,0.03157,8
3708,67474,10,1,0,0,0,0,0,7,0,0,0.000,0.000,0.03115,-0.000,0.000,-0.000,0.000,-0.000,0.000,-0.000,0.000,0.041,0.012,0.03382,0.038,0.011,0.03124,8
3724,67484,10,1,0,0,0,0,0,7,0,0,0.000,0.000,0.03101,-0.000,0.000,-0.000,0.000,-0.000,0.000,-0.000,0.000,0.041,0.012,0.03368,0.038,0.011,0.03115,8
3755,67494,10,1,0,0,0,0,0,7,0,0,0.000,0.000,0.03120,-0.000,0.000,-0.000,0.000,-0.000,0.000,-0.000,0.000,0.041,0.012,0.03388,0.038,0.011,0.03101,8
3755,67504,10,1,0,0,0,0,0,7,0,0,0.000,0.000,0.03121,-0.000,0.000,-0.000,0.000,-0.000,0.000,-0.000,0.000,0.041,0.012,0.03388,0.038,0.011,0.03120,8
3755,67514,10,1,0,0,0,0,0,7,0,0,0.000,0.000,0.03114,-0.000,0.000,-0.000,0.000,-0.000,0.000,-0.000,0.000,0.041,0.012,0.03382,0.038,0.011,0.03121,8
3786,67524,10,1,0,0,0,0,0,7,0,0,0.000,0.000,0.03115,-0.000,0.000,-0.000,0.000,-0.000,0.000,-0.000,0.000,0.041,0.012,0.03382,0.038,0.011,0.03114,8
3786,67534,10,1,0,0,0,0,0,7,0,0,0.000,0.000,0.03115,-0.000,0.000,-0.000,0.000,-0.000,0.000,-0.000,0.000,0.041,0.012,0.03383,0.038,0.011,0.03115,8
3786,67544,10,1,0,0,0,0,0,7,0,0,0.000,0.000,0.03131,-0.000,0.000,-0.000,0.000,-0.000,0.000,-0.000,0.000,0.042,0.012,0.03398,0.038,0.011,0.03115,8
3817,67554,10,1,0,0,0,0,0,7,0,0,0.000,0.000,0.03148,-0.000,0.000,-0.000,0.000,-0.000,0.000,-0.000,0.000,0.042,0.012,0.03415,0.038,0.011,0.03131,8
3817,67564,10,1,0,0,0,0,0,7,0,0,0.000,0.000,0.03146,-0.000,0.000,-0.000,0.000,-0.000,0.000,-0.000,0.000,0.042,0.012,0.03413,0.038,0.011,0.03148,8
3817,67574,10,1,0,0,0,0,0,7,0,0,0.000,0.000,0.03149,-0.000,0.000,-0.000,0.000,-0.000,0.000,-0.000,0.000,0.042,0.012,0.03416,0.038,0.011,0.03146,8
3848,67584,10,1,0,0,0,0,0,7,0,0,0.000,0.000,0.03159,-0.000,0.000,-0.000,0.000,-0.000,0.000,-0.000,0.000,0.042,0.012,0.03426,0.038,0.011,0.03149,8
3848,67594,10,1,0,0,0,0,0,7,0,0,0.000,0.000,0.03154,-0.000,0.000,-0.000,0.000,-0.000,0.000,-0.000,0.000,0.042,0.012,0.03421,0.039,0.011,0.03159,8
3848,67604,10,1,0,0,0,0,0,7,0,0,0.000,0.000,0.03151,-0.000,0.000,-0.000,0.000,-0.000,0.000,-0.000,0.000,0.042,0.012,0.03419,0.039,0.011,0.03154,8
3848,67614,10,1,0,0,0,0,0,7,0,0,0.000,0.000,0.03152,-0.000,0.000,-0.000,0.000,-0.000,0.000,-0.000,0.000,0.042,0.012,0.03420,0.039,0.011,0.03151,8
3865,67624,10,1,0,0,0,0,0,7,0,0,0.000,0.000,0.03177,-0.000,0.000,-0.000,0.000,-0.000,0.000,-0.000,0.000,0.042,0.012,0.03445,0.039,0.011,0.03152,8
3894,67634,10,1,0,0,0,0,0,7,0,0,0.000,0.000,0.03185,-0.000,0.000,-0.000,0.000,-0.000,0.000,-0.000,0.000,0.042,0.012,0.03453,0.039,0.011,0.03177,8
3894,67644,10,1,0,0,0,0,0,7,0,0,0.000,0.000,0.03213,-0.000,0.000,-0.000,0.000,-0.000,0.000,-0.000,0.000,0.043,0.012,0.03481,0.039,0.011,0.03185,8
3894,67654,10,1,0,0,0,0,0,7,0,0,0.000,0.000,0.03212,-0.000,0.000,-0.000,0.000,-0.000,0.000,-0.000,0.000,0.043,0.012,0.03479,0.039,0.011,0.03213,8
3914,67664,10,1,0,0,0,0,0,7,0,0,0.000,0.000,0.03229,-0.000,0.000,-0.000,0.000,-0.000,0.000,-0.000,0.000,0.043,0.012,0.03496,0.039,0.011,0.03212,8
3914,67674,10,1,0,0,0,0,0,7,0,0,0.000,0.000,0.03219,-0.000,0.000,-0.000,0.000,-0.000,0.000,-0.000,0.000,0.043,0.012,0.03486,0.039,0.011,0.03229,8
3941,67684,10,1,0,0,0,0,0,7,0,0,0.000,0.000,0.03209,-0.000,0.000,-0.000,0.000,-0.000,0.000,-0.000,0.000,0.042,0.012,0.03476,0.039,0.011,0.03219,8
3941,67694,10,1,0,0,0,0,0,7,0,0,0.000,0.000,0.03211,-0.000,0.000,-0.000,0.000,-0.000,0.000,-0.000,0.000,0.043,0.012,0.03479,0.039,0.011,0.03209,8
3941,67704,10,1,0,0,0,0,0,7,0,0,0.000,0.000,0.03219,-0.000,0.000,-0.000,0.000,-0.000,0.000,-0.000,0.000,0.043,0.012,0.03486,0.039,0.011,0.03211,8
3974,67714,10,1,0,0,0,0,0,7,0,0,0.000,0.000,0.03227,-0.000,0.000,-0.000,0.000,-0.000,0.000,-0.000,0.000,0.043,0.012,0.03494,0.039,0.011,0.03219,8
3974,67724,10,1,0,0,0,0,0,7,0,0,0.000,0.000,0.03225,-0.000,0.000,-0.000,0.000,-0.000,0.000,-0.000,0.000,0.043,0.012,0.03493,0.039,0.011,0.03227,8
3974,67734,10,1,0,0,0,0,0,7,0,0,0.000,0.000,0.03226,-0.000,0.000,-0.000,0.000,-0.000,0.000,-0.000,0.000,0.043,0.012,0.03493,0.039,0.011,0.03225,8
4003,67744,10,1,0,0,0,0,0,7,0,0,0.000,0.000,0.03193,-0.000,0.000,-0.000,0.000,-0.000,0.000,-0.000,0.000,0.042,0.012,0.03461,0.039,0.011,0.03226,8
4003,67754,10,1,0,0,0,0,0,7,0,0,0.000,0.000,0.03166,-0.000,0.000,-0.000,0.000,-0.000,0.000,-0.000,0.000,0.042,0.012,0.03434,0.039,0.011,0.03193,8
4003,67764,10,1,0,0,0,0,0,7,0,0,0.000,0.000,0.03163,-0.000,0.000,-0.000,0.000,-0.000,0.000,-0.000,0.000,0.042,0.012,0.03430,0.039,0.011,0.03166,8
4019,67774,10,1,0,0,0,0,0,7,0,0,0.000,0.000,0.03165,-0.000,0.000,-0.000,0.000,-0.000,0.000,-0.000,0.000,0.042,0.012,0.03433,0.039,0.011,0.03163,8
4019,67784,10,1,0,0,0,0,0,7,0,0,0.000,0.000,0.03183,-0.000,0.000,-0.000,0.000,-0.000,0.000,-0.000,0.000,0.042,0.012,0.03450,0.039,0.011,0.03165,8
4034,67794,10,1,0,0,0,0,0,7,0,0,0.000,0.000,0.03200,-0.000,0.000,-0.000,0.000,-0.000,0.000,-0.000,0.000,0.042,0.012,0.03467,0.039,0.011,0.03183,8
4050,67804,10,1,0,0,0,0,0,7,0,0,0.000,0.000,0.03213,-0.000,0.000,-0.000,0.000,-0.000,0.000,-0.000,0.000,0.043,0.012,0.03480,0.039,0.011,0.03200,8
4050,67814,10,1,0,0,0,0,0,7,0,0,0.000,0.000,0.03211,-0.000,0.000,-0.000,0.000,-0.000,0.000,-0.000,0.000,0.042,0.012,0.03478,0.039,0.011,0.03213,8
4066,67824,10,1,0,0,0,0,0,7,0,0,0.000,0.000,0.03185,-0.000,0.000,-0.000,0.000,-0.000,0.000,-0.000,0.000,0.042,0.012,0.03452,0.039,0.011,0.03211,8
4082,67834,10,1,0,0,0,0,0,7,0,0,0.000,0.075,0.03204,-0.000,0.000,-0.000,0.000,-0.000,0.000,-0.000,0.000,0.118,0.012,0.03472,0.039,0.011,0.03185,8
4082,67844,10,1,0,0,0,0,0,7,0,0,0.000,0.000,0.03197,-0.000,0.000,-0.000,0.000,-0.000,0.000,-0.000,0.000,0.042,0.012,0.03465,0.115,0.011,0.03204,8
4112,67854,10,1,0,0,0,0,0,7,0,0,0.000,0.000,0.03206,-0.000,0.000,-0.000,0.000,-0.000,0.000,-0.000,0.000,0.042,0.012,0.03474,0.039,0.011,0.03197,8
4112,67864,10,1,0,0,0,0,0,7,0,0,0.000,0.000,0.03188,-0.000,0.000,-0.000,0.000,-0.000,0.000,-0.000,0.000,0.042,0.012,0.03455,0.039,0.011,0.03206,8
4112,67874,10,1,0,0,0,0,0,7,0,0,0.000,0.000,0.03193,-0.000,0.000,-0.000,0.000,-0.000,0.000,-0.000,0.000,0.042,0.012,0.03460,0.039,0.011,0.03188,8
4128,67884,10,1,0,0,0,0,0,7,0,0,0.000,0.000,0.03185,-0.000,0.000,-0.000,0.000,-0.000,0.000,-0.000,0.000,0.042,0.012,0.03453,0.039,0.011,0.03193,8
4128,67894,10,1,0,0,0,0,0,7,0,0,0.000,0.000,0.03184,-0.000,0.000,-0.000,0.000,-0.000,0.000,-0.000,0.000,0.042,0.012,0.03451,0.039,0.011,0.03185,8
4143,67904,10,1,0,0,0,0,0,7,0,0,0.000,0.000,0.03190,-0.000,0.000,-0.000,0.000,-0.000,0.000,-0.000,0.000,0.042,0.012,0.03458,0.039,0.011,0.03184,8
4158,67914,10,1,0,0,0,0,0,7,0,0,0.000,0.000,0.03184,-0.000,0.000,-0.000,0.000,-0.000,0.000,-0.000,0.000,0.042,0.012,0.03451,0.039,0.011,0.03190,8
4158,67924,10,1,0,0,0,0,0,7,0,0,0.000,0.000,0.03174,-0.000,0.000,-0.000,0.000,-0.000,0.000,-0.000,0.000,0.042,0.012,0.03442,0.039,0.011,0.03184,8
4175,67934,10,1,0,0,0,0,0,7,0,0,0.000,0.000,0.03178,-0.000,0.000,-0.000,0.000,-0.000,0.000,-0.000,0.000,0.042,0.012,0.03446,0.039,0.011,0.03174,8
4190,67944,10,1,0,0,0,0,0,7,0,0,0.000,0.000,0.03182,-0.000,0.000,-0.000,0.000,-0.000,0.000,-0.000,0.000,0.042,0.012,0.03450,0.039,0.011,0.03178,8
4190,67954,10,1,0,0,0,0,0,7,0,0,0.000,0.000,0.03172,-0.000,0.000,-0.000,0.000,-0.000,0.000,-0.000,0.000,0.042,0.012,0.03440,0.039,0.011,0.03182,8
4206,67964,10,1,0,0,0,0,0,7,0,0,0.000,0.000,0.03144,-0.000,0.000,-0.000,0.000,-0.000,0.000,-0.000,0.000,0.042,0.012,0.03411,0.039,0.011,0.03172,8
4222,67974,10,1,0,0,0,0,0,7,0,0,0.000,0.000,0.03153,-0.000,0.000,-0.000,0.000,-0.000,0.000,-0.000,0.000,0.042,0.012,0.03420,0.038,0.011,0.03144,8
4222,67984,10,1,0,0,0,0,0,7,0,0,0.000,0.000,0.03142,-0.000,0.000,-0.000,0.000,-0.000,0.000,-0.000,0.000,0.042,0.012,0.03410,0.039,0.011,0.03153,8
4238,67994,10,1,0,0,0,0,0,7,0,0,0.000,0.000,0.03148,-0.000,0.000,-0.000,0.000,-0.000,0.000,-0.000,0.000,0.042,0.012,0.03415,0.038,0.011,0.03142,8
4238,68004,10,1,0,0,0,0,0,7,0,0,0.000,0.000,0.03176,-0.000,0.000,-0.000,0.000,-0.000,0.000,-0.000,0.000,0.042,0.012,0.03444,0.038,0.011,0.03148,8
4253,68014,10,1,0,0,0,0,0,7,0,0,0.000,0.000,0.03204,-0.000,0.000,-0.000,0.000,-0.000,0.000,-0.000,0.000,0.042,0.012,0.03471,0.039,0.011,0.03176,8
4269,68024,10,1,0,0,0,0,0,7,0,0,0.000,0.000,0.03230,-0.000,0.000,-0.000,0.000,-0.000,0.000,-0.000,0.000,0.043,0.012,0.03497,0.039,0.011,0.03204,8
4269,68034,10,1,0,0,0,0,0,7,0,0,0.000,0.000,0.03213,-0.000,0.000,-0.000,0.000,-0.000,0.000,-0.000,0.000,0.043,0.012,0.03480,0.039,0.011,0.03230,8
4284,68044,10,1,0,0,0,0,0,7,0,0,0.000,0.000,0.03206,-0.000,0.000,-0.000,0.000,-0.000,0.000,-0.000,0.000,0.042,0.012,0.03473,0.039,0.011,0.03213,8
4300,68054,10,1,0,0,0,0,0,7,0,0,0.000,0.000,0.03230,-0.000,0.000,-0.000,0.000,-0.000,0.000,-0.000,0.000,0.043,0.012,0.03497,0.039,0.011,0.03206,8
4300,68064,10,1,0,0,0,0,0,7,0,0,0.000,0.000,0.03229,-0.000,0.000,-0.000,0.000,-0.000,0.000,-0.000,0.000,0.043,0.012,0.03496,0.039,0.011,0.03230,8
4315,68074,10,1,0,0,0,0,0,7,0,0,0.000,0.000,0.03246,-0.000,0.000,-0.000,0.000,-0.000,0.000,-0.000,0.000,0.043,0.012,0.03514,0.039,0.011,0.03229,8
4331,68084,10,1,0,0,0,0,0,7,0,0,0.000,0.000,0.03244,-0.000,0.000,-0.000,0.000,-0.000,0.000,-0.000,0.000,0.043,0.012,0.03511,0.040,0.011,0.03246,8
4331,68094,10,1,0,0,0,0,0,7,0,0,0.000,0.000,0.03202,-0.000,0.000,-0.000,0.000,-0.000,0.000,-0.000,0.000,0.042,0.012,0.03469,0.040,0.011,0.03244,8
4347,68104,10,1,0,0,0,0,0,7,0,0,0.000,0.000,0.03201,-0.000,0.000,-0.000,0.000,-0.000,0.000,-0.000,0.000,0.042,0.012,0.03469,0.039,0.011,0.03202,8
4362,68114,10,1,0,0,0,0,0,7,0,0,0.000,0.000,0.03181,-0.000,0.000,-0.000,0.000,-0.000,0.000,-0.000,0.000,0.042,0.012,0.03449,0.039,0.011,0.03201,8
4362,68124,10,1,0,0,0,0,0,7,0,0,0.000,0.000,0.03182,-0.000,0.000,-0.000,0.000,-0.000,0.000,-0.000,0.000,0.042,0.012,0.03450,0.039,0.011,0.03181,8
4378,68134,10,1,0,0,0,0,0,7,0,0,0.000,0.000,0.03156,-0.000,0.000,-0.000,0.000,-0.000,0.000,-0.000,0.000,0.042,0.012,0.03424,0.039,0.011,0.03182,8
4378,68144,10,1,0,0,0,0,0,7,0,0,0.000,0.000,0.03140,-0.000,0.000,-0.000,0.000,-0.000,0.000,-0.000,0.000,0.042,0.012,0.03407,0.039,0.011,0.03156,8
4393,68154,10,1,0,0,0,0,0,7,0,0,0.000,0.000,0.03155,-0.000,0.000,-0.000,0.000,-0.000,0.000,-0.000,0.000,0.042,0.012,0.03423,0.038,0.011,0.03140,8
4409,68164,10,1,0,0,0,0,0,7,0,0,0.000,0.000,0.03162,-0.000,0.000,-0.000,0.000,-0.000,0.000,-0.000,0.000,0.042,0.012,0.03430,0.039,0.011,0.03155,8
4409,68174,10,1,0,0,0,0,0,7,0,0,0.000,0.000,0.03178,-0.000,0.000,-0.000,0.000,-0.000,0.000,-0.000,0.000,0.042,0.012,0.03446,0.039,0.011,0.03162,8
4425,68184,10,1,0,0,0,0,0,7,0,0,0.000,0.000,0.03174,-0.000,0.000,-0.000,0.000,-0.000,0.000,-0.000,0.000,0.042,0.012,0.03442,0.039,0.011,0.03178,8
4456,68194,10,1,0,0,0,0,0,7,0,0,0.000,0.000,0.03194,-0.000,0.000,-0.000,0.000,-0.000,0.000,-0.000,0.000,0.042,0.012,0.03461,0.039,0.011,0.03174,8
4456,68204,10,1,0,0,0,0,0,7,0,0,0.000,0.000,0.03193,-0.000,0.000,-0.000,0.000,-0.000,0.000,-0.000,0.000,0.042,0.012,0.03460,0.039,0.011,0.03194,8
4456,68214,10,1,0,0,0,0,0,7,0,0,0.000,0.000,0.03217,-0.000,0.000,-0.000,0.000,-0.000,0.000,-0.000,0.000,0.043,0.012,0.03485,0.039,0.011,0.03193,8
4471,68224,10,1,0,0,0,0,0,7,0,0,0.000,0.000,0.03230,-0.000,0.000,-0.000,0.000,-0.000,0.000,-0.000,0.000,0.043,0.012,0.03498,0.039,0.011,0.03217,8
4471,68234,10,1,0,0,0,0,0,7,0,0,0.000,0.000,0.03226,-0.000,0.000,-0.000,0.000,-0.000,0.000,-0.000,0.000,0.043,0.012,0.03493,0.039,0.011,0.03230,8
4486,68244,10,1,0,0,0,0,0,7,0,0,0.000,0.000,0.03205,-0.000,0.000,-0.000,0.000,-0.000,0.000,-0.000,0.000,0.042,0.012,0.03473,0.039,0.011,0.03226,8
4501,68254,10,1,0,0,0,0,0,7,0,0,0.000,0.000,0.03199,-0.000,0.000,-0.000,0.000,-0.000,0.000,-0.000,0.000,0.042,0.012,0.03466,0.039,0.011,0.03205,8
4501,68264,10,1,0,0,0,0,0,7,0,0,0.000,0.000,0.03203,-0.000,0.000,-0.000,0.000,-0.000,0.000,-0.000,0.000,0.042,0.012,0.03471,0.039,0.011,0.03199,8
4517,68274,10,1,0,0,0,0,0,7,0,0,0.000,0.000,0.03211,-0.000,0.000,-0.000,0.000,-0.000,0.000,-0.000,0.000,0.043,0.012,0.03479,0.039,0.011,0.03203,8
4531,68284,10,1,0,0,0,0,0,7,0,0,0.000,0.000,0.03223,-0.000,0.000,-0.000,0.000,-0.000,0.000,-0.000,0.000,0.043,0.012,0.03491,0.039,0.011,0.03211,8
4531,68294,10,1,0,0,0,0,0,7,0,0,0.000,0.000,0.03263,-0.000,0.000,-0.000,0.000,-0.000,0.000,-0.000,0.000,0.043,0.012,0.03530,0.039,0.011,0.03223,8
4548,68304,10,1,0,0,0,0,0,7,0,0,0.000,0.000,0.03240,-0.000,0.000,-0.000,0.000,-0.000,0.000,-0.000,0.000,0.043,0.012,0.03507,0.040,0.011,0.03263,8
4548,68314,10,1,0,0,0,0,0,7,0,0,0.000,0.000,0.03222,-0.000,0.000,-0.000,0.000,-0.000,0.000,-0.000,0.000,0.043,0.012,0.03490,0.040,0.011,0.03240,8
4563,68324,10,1,0,0,0,0,0,7,0,0,0.000,0.000,0.03212,-0.000,0.000,-0.000,0.000,-0.000,0.000,-0.000,0.000,0.043,0.012,0.03480,0.039,0.011,0.03222,8
4578,68334,10,1,0,0,0,0,0,7,0,0,0.000,0.000,0.03192,-0.000,0.000,-0.000,0.000,-0.000,0.000,-0.000,0.000,0.042,0.012,0.03460,0.039,0.011,0.03212,8
4578,68344,10,1,0,0,0,0,0,7,0,0,0.000,0.000,0.03191,-0.000,0.000,-0.000,0.000,-0.000,0.000,-0.000,0.000,0.042,0.012,0.03458,0.039,0.011,0.03192,8
4594,68354,10,1,0,0,0,0,0,7,0,0,0.000,0.000,0.03190,-0.000,0.000,-0.000,0.000,-0.000,0.000,-0.000,0.000,0.042,0.012,0.03457,0.039,0.011,0.03191,8
4609,68364,10,1,0,0,0,0,0,7,0,0,0.000,0.000,0.03192,-0.000,0.000,-0.000,0.000,-0.000,0.000,-0.000,0.000,0.042,0.012,0.03460,0.039,0.011,0.03190,8
4609,68374,10,1,0,0,0,0,0,7,0,0,0.000,0.000,0.03188,-0.000,0.000,-0.000,0.000,-0.000,0.000,-0.000,0.000,0.042,0.012,0.03456,0.039,0.011,0.03192,8
4625,68384,10,1,0,0,0,0,0,7,0,0,0.000,0.000,0.03175,-0.000,0.000,-0.000,0.000,-0.000,0.000,-0.000,0.000,0.042,0.012,0.03443,0.039,0.011,0.03188,8
4640,68394,10,1,0,0,0,0,0,7,0,0,0.000,0.000,0.03186,-0.000,0.000,-0.000,0.000,-0.000,0.000,-0.000,0.000,0.042,0.012,0.03453,0.039,0.011,0.03175,8
4640,68404,10,1,0,0,0,0,0,7,0,0,0.000,0.000,0.03205,-0.000,0.000,-0.000,0.000,-0.000,0.000,-0.000,0.000,0.042,0.012,0.03473,0.039,0.011,0.03186,8
4657,68414,10,1,0,0,0,0,0,7,0,0,0.000,0.000,0.03196,-0.000,0.000,-0.000,0.000,-0.000,0.000,-0.000,0.000,0.042,0.012,0.03464,0.039,0.011,0.03205,8
4672,68424,10,1,0,0,0,0,0,7,0,0,0.000,0.000,0.03189,-0.000,0.000,-0.000,0.000,-0.000,0.000,-0.000,0.000,0.042,0.012,0.03457,0.039,0.011,0.03196,8
4672,68434,10,1,0,0,0,0,0,7,0,0,0.000,0.000,0.03175,-0.000,0.000,-0.000,0.000,-0.000,0.000,-0.000,0.000,0.042,0.012,0.03442,0.039,0.011,0.03189,8
4688,68444,10,1,0,0,0,0,0,7,0,0,0.000,0.000,0.03205,-0.000,0.000,-0.000,0.000,-0.000,0.000,-0.000,0.000,0.042,0.012,0.03472,0.039,0.011,0.03175,8
4688,68454,10,1,0,0,0,0,0,7,0,0,0.000,0.000,0.03180,-0.000,0.000,-0.000,0.000,-0.000,0.000,-0.000,0.000,0.042,0.012,0.03448,0.039,0.011,0.03205,8
4704,68464,10,1,0,0,0,0,0,7,0,0,0.000,0.000,0.03174,-0.000,0.000,-0.000,0.000,-0.000,0.000,-0.000,0.000,0.042,0.012,0.03442,0.039,0.011,0.03180,8
4719,68474,10,1,0,0,0,0,0,7,0,0,0.000,0.000,0.03155,-0.000,0.000,-0.000,0.000,-0.000,0.000,-0.000,0.000,0.042,0.012,0.03422,0.039,0.011,0.03174,8
4719,68484,10,1,0,0,0,0,0,7,0,0,0.000,0.000,0.03168,-0.000,0.000,-0.000,0.000,-0.000,0.000,-0.000,0.000,0.042,0.012,0.03435,0.039,0.011,0.03155,8
4734,68494,10,1,0,0,0,0,0,7,0,0,0.000,0.000,0.03177,-0.000,0.000,-0.000,0.000,-0.000,0.000,-0.000,0.000,0.042,0.012,0.03444,0.039,0.011,0.03168,8
4750,68504,10,1,0,0,0,0,0,7,0,0,0.000,0.000,0.03204,-0.000,0.000,-0.000,0.000,-0.000,0.000,-0.000,0.000,0.042,0.012,0.03472,0.039,0.011,0.03177,8
4750,68514,10,1,0,0,0,0,0,7,0,0,0.000,0.000,0.03235,-0.000,0.000,-0.000,0.000,-0.000,0.000,-0.000,0.000,0.043,0.012,0.03503,0.039,0.011,0.03204,8
4766,68524,10,1,0,0,0,0,0,7,0,0,0.000,0.000,0.03256,-0.000,0.000,-0.000,0.000,-0.000,0.000,-0.000,0.000,0.043,0.012,0.03523,0.040,0.011,0.03235,8
4782,68534,10,1,0,0,0,0,0,7,0,0,0.000,0.000,0.03243,-0.000,0.000,-0.000,0.000,-0.000,0.000,-0.000,0.000,0.043,0.012,0.03511,0.040,0.011,0.03256,8
4782,68544,10,1,0,0,0,0,0,7,0,0,0.000,0.000,0.03229,-0.000,0.000,-0.000,0.000,-0.000,0.000,-0.000,0.000,0.043,0.012,0.03497,0.040,0.011,0.03243,8
4797,68554,10,1,0,0,0,0,0,7,0,0,0.000,0.000,0.03229,-0.000,0.000,-0.000,0.000,-0.000,0.000,-0.000,0.000,0.043,0.012,0.03496,0.039,0.011,0.03229,8
4813,68564,10,1,0,0,0,0,0,7,0,0,0.000,0.000,0.03242,-0.000,0.000,-0.000,0.000,-0.000,0.000,-0.000,0.000,0.043,0.012,0.03509,0.039,0.011,0.03229,8
4813,68574,10,1,0,0,0,0,0,7,0,0,0.000,0.000,0.03239,-0.000,0.000,-0.000,0.000,-0.000,0.000,-0.000,0.000,0.043,0.012,0.03507,0.040,0.011,0.03242,8
4829,68584,10,1,0,0,0,0,0,7,0,0,0.000,0.000,0.03225,-0.000,0.000,-0.000,0.000,-0.000,0.000,-0.000,0.000,0.043,0.012,0.03493,0.040,0.011,0.03239,8
4829,68594,10,1,0,0,0,0,0,7,0,0,0.000,0.000,0.03227,-0.000,0.000,-0.000,0.000,-0.000,0.000,-0.000,0.000,0.043,0.012,0.03494,0.039,0.011,0.03225,8
4845,68604,10,1,0,0,0,0,0,7,0,0,0.000,0.000,0.03236,-0.000,0.000,-0.000,0.000,-0.000,0.000,-0.000,0.000,0.043,0.012,0.03503,0.039,0.011,0.03227,8
4860,68614,10,1,0,0,0,0,0,7,0,0,0.000,0.000,0.03223,-0.000,0.000,-0.000,0.000,-0.000,0.000,-0.000,0.000,0.043,0.012,0.03490,0.040,0.011,0.03236,8
4860,68624,10,1,0,0,0,0,0,7,0,0,0.000,0.000,0.03214,-0.000,0.000,-0.000,0.000,-0.000,0.000,-0.000,0.000,0.043,0.012,0.03482,0.039,0.011,0.03223,8
4876,68634,10,1,0,0,0,0,0,7,0,0,0.000,0.000,0.03247,-0.000,0.000,-0.000,0.000,-0.000,0.000,-0.000,0.000,0.043,0.012,0.03515,0.039,0.011,0.03214,8
4891,68644,10,1,0,0,0,0,0,7,0,0,0.000,0.000,0.03231,-0.000,0.000,-0.000,0.000,-0.000,0.000,-0.000,0.000,0.043,0.012,0.03499,0.040,0.011,0.03247,8
4891,68654,10,1,0,0,0,0,0,7,0,0,0.000,0.000,0.03196,-0.000,0.000,-0.000,0.000,-0.000,0.000,-0.000,0.000,0.042,0.012,0.03463,0.039,0.011,0.03231,8
4907,68664,10,1,0,0,0,0,0,7,0,0,0.000,0.000,0.03191,-0.000,0.000,-0.000,0.000,-0.000,0.000,-0.000,0.000,0.042,0.012,0.03458,0.039,0.011,0.03196,8
4922,68674,10,1,0,0,0,0,0,7,0,0,0.000,0.000,0.03226,-0.000,0.000,-0.000,0.000,-0.000,0.000,-0.000,0.000,0.043,0.012,0.03494,0.039,0.011,0.03191,8
4922,68684,10,1,0,0,0,0,0,7,0,0,0.000,0.000,0.03217,-0.000,0.000,-0.000,0.000,-0.000,0.000,-0.000,0.000,0.043,0.012,0.03484,0.039,0.011,0.03226,8
4938,68694,10,1,0,0,0,0,0,7,0,0,0.000,0.000,0.03212,-0.000,0.000,-0.000,0.000,-0.000,0.000,-0.000,0.000,0.043,0.012,0.03480,0.039,0.011,0.03217,8
4938,68704,10,1,0,0,0,0,0,7,0,0,0.000,0.000,0.03218,-0.000,0.000,-0.000,0.000,-0.000,0.000,-0.000,0.000,0.043,0.012,0.03485,0.039,0.011,0.03212,8
4954,68714,10,1,0,0,0,0,0,7,0,0,0.000,0.000,0.03239,-0.000,0.000,-0.000,0.000,-0.000,0.000,-0.000,0.000,0.043,0.012,0.03507,0.039,0.011,0.03218,8
4970,68724,10,1,0,0,0,0,0,7,0,0,0.000,0.000,0.03229,-0.000,0.000,-0.000,0.000,-0.000,0.000,-0.000,0.000,0.043,0.012,0.03496,0.040,0.011,0.03239,8
4970,68734,10,1,0,0,0,0,0,7,0,0,0.000,0.000,0.03206,-0.000,0.000,-0.000,0.000,-0.000,0.000,-0.000,0.000,0.042,0.012,0.03474,0.039,0.011,0.03229,8
4986,68744,10,1,0,0,0,0,0,7,0,0,0.000,0.000,0.03197,-0.000,0.000,-0.000,0.000,-0.000,0.000,-0.000,0.000,0.042,0.012,0.03465,0.039,0.011,0.03206,8
5000,68754,10,1,0,0,0,0,0,7,0,0,0.000,0.000,0.03187,-0.000,0.000,-0.000,0.000,-0.000,0.000,-0.000,0.000,0.042,0.012,0.03454,0.039,0.011,0.03197,8
5000,68764,10,1,0,0,0,0,0,7,0,0,0.000,0.000,0.03164,-0.000,0.000,-0.000,0.000,-0.000,0.000,-0.000,0.000,0.042,0.012,0.03431,0.039,0.011,0.03187,8
5016,68774,10,1,0,0,0,0,0,7,0,0,0.000,0.000,0.03170,-0.000,0.000,-0.000,0.000,-0.000,0.000,-0.000,0.000,0.042,0.012,0.03437,0.039,0.011,0.03164,8
5031,68784,10,1,0,0,0,0,0,7,0,0,0.000,0.000,0.03178,-0.000,0.000,-0.000,0.000,-0.000,0.000,-0.000,0.000,0.042,0.012,0.03445,0.039,0.011,0.03170,8
5031,68794,10,1,0,0,0,0,0,7,0,0,0.000,0.000,0.03167,-0.000,0.000,-0.000,0.000,-0.000,0.000,-0.000,0.000,0.042,0.012,0.03434,0.039,0.011,0.03178,8
5047,68804,10,1,0,0,0,0,0,7,0,0,0.000,0.000,0.03158,-0.000,0.000,-0.000,0.000,-0.000,0.000,-0.000,0.000,0.042,0.012,0.03426,0.039,0.011,0.03167,8
5062,68814,10,1,0,0,0,0,0,7,0,0,0.000,0.000,0.03174,-0.000,0.000,-0.000,0.000,-0.000,0.000,-0.000,0.000,0.042,0.012,0.03442,0.039,0.011,0.03158,8
5062,68824,10,1,0,0,0,0,0,7,0,0,0.000,0.000,0.03174,-0.000,0.000,-0.000,0.000,-0.000,0.000,-0.000,0.000,0.042,0.012,0.03441,0.039,0.011,0.03174,8
5094,68834,10,1,0,0,0,0,0,7,0,0,0.000,0.000,0.03179,-0.000,0.000,-0.000,0.000,-0.000,0.000,-0.000,0.000,0.042,0.012,0.03447,0.039,0.011,0.03174,8
5094,68844,10,1,0,0,0,0,0,7,0,0,0.000,0.000,0.03177,-0.000,0.000,-0.000,0.000,-0.000,0.000,-0.000,0.000,0.042,0.012,0.03444,0.039,0.011,0.03179,8
5094,68854,10,1,0,0,0,0,0,7,0,0,0.000,0.000,0.03194,-0.000,0.000,-0.000,0.000,-0.000,0.000,-0.000,0.000,0.042,0.012,0.03461,0.039,0.011,0.03177,8
5109,68864,10,1,0,0,0,0,0,7,0,0,0.000,0.000,0.03179,-0.000,0.000,-0.000,0.000,-0.000,0.000,-0.000,0.000,0.042,0.012,0.03446,0.039,0.011,0.03194,8
5109,68874,10,1,0,0,0,0,0,7,0,0,0.000,0.000,0.03157,-0.000,0.000,-0.000,0.000,-0.000,0.000,-0.000,0.000,0.042,0.012,0.03425,0.039,0.011,0.03179,8
5125,68884,10,1,0,0,0,0,0,7,0,0,0.000,0.000,0.03186,-0.000,0.000,-0.000,0.000,-0.000,0.000,-0.000,0.000,0.042,0.012,0.03453,0.039,0.011,0.03157,8
5141,68894,10,1,0,0,0,0,0,7,0,0,0.000,0.000,0.03208,-0.000,0.000,-0.000,0.000,-0.000,0.000,-0.000,0.000,0.042,0.012,0.03476,0.039,0.011,0.03186,8
5141,68904,10,1,0,0,0,0,0,7,0,0,0.000,0.000,0.03198,-0.000,0.000,-0.000,0.000,-0.000,0.000,-0.000,0.000,0.042,0.012,0.03466,0.039,0.011,0.03208,8
5156,68914,10,1,0,0,0,0,0,7,0,0,0.000,0.000,0.03203,-0.000,0.000,-0.000,0.000,-0.000,0.000,-0.000,0.000,0.042,0.012,0.03470,0.039,0.011,0.03198,8
5172,68924,10,1,0,0,0,0,0,7,0,0,0.000,0.000,0.03202,-0.000,0.000,-0.000,0.000,-0.000,0.000,-0.000,0.000,0.042,0.012,0.03470,0.039,0.011,0.03203,8
5172,68934,10,1,0,0,0,0,0,7,0,0,0.000,0.000,0.03209,-0.000,0.000,-0.000,0.000,-0.000,0.000,-0.000,0.000,0.042,0.012,0.03477,0.039,0.011,0.03202,8
5187,68944,10,1,0,0,0,0,0,7,0,0,0.000,0.000,0.03238,-0.000,0.000,-0.000,0.000,-0.000,0.000,-0.000,0.000,0.043,0.012,0.03506,0.039,0.011,0.03209,8
5203,68954,10,1,0,0,0,0,0,7,0,0,0.000,0.000,0.03257,-0.000,0.000,-0.000,0.000,-0.000,0.000,-0.000,0.000,0.043,0.012,0.03524,0.040,0.011,0.03238,8
5203,68964,10,1,0,0,0,0,0,7,0,0,0.000,0.000,0.03256,-0.000,0.000,-0.000,0.000,-0.000,0.000,-0.000,0.000,0.043,0.012,0.03523,0.040,0.011,0.03257,8
5219,68974,10,1,0,0,0,0,0,7,0,0,0.000,0.000,0.03259,-0.000,0.000,-0.000,0.000,-0.000,0.000,-0.000,0.000,0.043,0.012,0.03527,0.040,0.011,0.03256,8
5219,68984,10,1,0,0,0,0,0,7,0,0,0.000,0.000,0.03231,-0.000,0.000,-0.000,0.000,-0.000,0.000,-0.000,0.000,0.043,0.012,0.03499,0.040,0.011,0.03259,8
5233,68994,10,1,0,0,0,0,0,7,0,0,0.000,0.000,0.03238,-0.000,0.000,-0.000,0.000,-0.000,0.000,-0.000,0.000,0.043,0.012,0.03505,0.039,0.011,0.03231,8
5250,69004,10,1,0,0,0,0,0,7,0,0,0.000,0.000,0.03222,-0.000,0.000,-0.000,0.000,-0.000,0.000,-0.000,0.000,0.043,0.012,0.03490,0.040,0.011,0.03238,8
5250,69014,10,1,0,0,0,0,0,7,0,0,0.000,0.000,0.03221,-0.000,0.000,-0.000,0.000,-0.000,0.000,-0.000,0.000,0.043,0.012,0.03488,0.039,0.011,0.03222,8
5265,69024,10,1,0,0,0,0,0,7,0,0,0.000,0.000,0.03210,-0.000,0.000,-0.000,0.000,-0.000,0.000,-0.000,0.000,0.042,0.012,0.03478,0.039,0.011,0.03221,8
5281,69034,10,1,0,0,0,0,0,7,0,0,0.000,0.000,0.03197,-0.000,0.000,-0.000,0.000,-0.000,0.000,-0.000,0.000,0.042,0.012,0.03464,0.039,0.011,0.03210,8
5281,69044,10,1,0,0,0,0,0,7,0,0,0.000,0.000,0.03203,-0.000,0.000,-0.000,0.000,-0.000,0.000,-0.000,0.000,0.042,0.012,0.03470,0.039,0.011,0.03197,8
5296,69054,10,1,0,0,0,0,0,7,0,0,0.000,0.000,0.03212,-0.000,0.000,-0.000,0.000,-0.000,0.000,-0.000,0.000,0.043,0.012,0.03480,0.039,0.011,0.03203,8
5312,69064,10,1,0,0,0,0,0,7,0,0,0.000,0.000,0.03201,-0.000,0.000,-0.000,0.000,-0.000,0.000,-0.000,0.000,0.042,0.012,0.03468,0.039,0.011,0.03212,8
5312,69074,10,1,0,0,0,0,0,7,0,0,0.000,0.000,0.03204,-0.000,0.000,-0.000,0.000,-0.000,0.000,-0.000,0.000,0.042,0.012,0.03471,0.039,0.011,0.03201,8
5328,69084,10,1,0,0,0,0,0,7,0,0,0.000,0.000,0.03223,-0.000,0.000,-0.000,0.000,-0.000,0.000,-0.000,0.000,0.043,0.012,0.03490,0.039,0.011,0.03204,8
5343,69094,10,1,0,0,0,0,0,7,0,0,0.000,0.000,0.03206,-0.000,0.000,-0.000,0.000,-0.000,0.000,-0.000,0.000,0.042,0.012,0.03474,0.039,0.011,0.03223,8
5343,69104,10,1,0,0,0,0,0,7,0,0,0.000,0.000,0.03185,-0.000,0.000,-0.000,0.000,-0.000,0.000,-0.000,0.000,0.042,0.012,0.03453,0.039,0.011,0.03206,8
5359,69114,10,1,0,0,0,0,0,7,0,0,0.000,0.000,0.03169,-0.000,0.000,-0.000,0.000,-0.000,0.000,-0.000,0.000,0.042,0.012,0.03437,0.039,0.011,0.03185,8
5359,69124,10,1,0,0,0,0,0,7,0,0,0.000,0.000,0.03181,-0.000,0.000,-0.000,0.000,-0.000,0.000,-0.000,0.000,0.042,0.012,0.03448,0.039,0.011,0.03169,8
5374,69134,10,1,0,0,0,0,0,7,0,0,0.000,0.000,0.03191,-0.000,0.000,-0.000,0.000,-0.000,0.000,-0.000,0.000,0.042,0.012,0.03458,0.039,0.011,0.03181,8
5390,69144,10,1,0,0,0,0,0,7,0,0,0.000,0.000,0.03197,-0.000,0.000,-0.000,0.000,-0.000,0.000,-0.000,0.000,0.042,0.012,0.03465,0.039,0.011,0.03191,8
5390,69154,10,1,0,0,0,0,0,7,0,0,0.000,0.000,0.03213,-0.000,0.000,-0.000,0.000,-0.000,0.000,-0.000,0.000,0.043,0.012,0.03480,0.039,0.011,0.03197,8
5405,69164,10,1,0,0,0,0,0,7,0,0,0.000,0.000,0.03188,-0.000,0.000,-0.000,0.000,-0.000,0.000,-0.000,0.000,0.042,0.012,0.03455,0.039,0.011,0.03213,8
5421,69174,10,1,0,0,0,0,0,7,0,0,0.000,0.000,0.03190,-0.000,0.000,-0.000,0.000,-0.000,0.000,-0.000,0.000,0.042,0.012,0.03458,0.039,0.011,0.03188,8
5421,69184,10,1,0,0,0,0,0,7,0,0,0.000,0.000,0.03186,-0.000,0.000,-0.000,0.000,-0.000,0.000,-0.000,0.000,0.042,0.012,0.03453,0.039,0.011,0.03190,8
5436,69194,10,1,0,0,0,0,0,7,0,0,0.000,0.000,0.03175,-0.000,0.000,-0.000,0.000,-0.000,0.000,-0.000,0.000,0.042,0.012,0.03443,0.039,0.011,0.03186,8
5451,69204,10,1,0,0,0,0,0,7,0,0,0.000,0.000,0.03160,-0.000,0.000,-0.000,0.000,-0.000,0.000,-0.000,0.000,0.042,0.012,0.03428,0.039,0.011,0.03175,8
5451,69214,10,1,0,0,0,0,0,7,0,0,0.000,0.000,0.03166,-0.000,0.000,-0.000,0.000,-0.000,0.000,-0.000,0.000,0.042,0.012,0.03434,0.039,0.011,0.03160,8
5467,69224,10,1,0,0,0,0,0,7,0,0,0.000,0.000,0.03170,-0.000,0.000,-0.000,0.000,-0.000,0.000,-0.000,0.000,0.042,0.012,0.03437,0.039,0.011,0.03166,8
5483,69234,10,1,0,0,0,0,0,7,0,0,0.000,0.000,0.03179,-0.000,0.000,-0.000,0.000,-0.000,0.000,-0.000,0.000,0.042,0.012,0.03447,0.039,0.011,0.03170,8
5483,69244,10,1,0,0,0,0,0,7,0,0,0.000,0.000,0.03168,-0.000,0.000,-0.000,0.000,-0.000,0.000,-0.000,0.000,0.042,0.012,0.03435,0.039,0.011,0.03179,8
5498,69254,10,1,0,0,0,0,0,7,0,0,0.000,0.000,0.03169,-0.000,0.000,-0.000,0.000,-0.000,0.000,-0.000,0.000,0.042,0.012,0.03436,0.039,0.011,0.03168,8
5498,69264,10,1,0,0,0,0,0,7,0,0,0.000,0.075,0.03180,-0.000,0.000,-0.000,0.000,-0.000,0.000,-0.000,0.000,0.117,0.012,0.03447,0.039,0.011,0.03169,8
5514,69274,10,1,0,0,0,0,0,7,0,0,0.000,0.000,0.03157,-0.000,0.000,-0.000,0.000,-0.000,0.000,-0.000,0.000,0.042,0.012,0.03424,0.114,0.011,0.03180,8
5529,69284,10,1,0,0,0,0,0,7,0,0,0.000,0.000,0.03135,-0.000,0.000,-0.000,0.000,-0.000,0.000,-0.000,0.000,0.042,0.012,0.03402,0.039,0.011,0.03157,8
5529,69294,10,1,0,0,0,0,0,7,0,0,0.000,0.000,0.03148,-0.000,0.000,-0.000,0.000,-0.000,0.000,-0.000,0.000,0.042,0.012,0.03416,0.038,0.011,0.03135,8
5545,69304,10,1,0,0,0,0,0,7,0,0,0.000,0.000,0.03154,-0.000,0.000,-0.000,0.000,-0.000,0.000,-0.000,0.000,0.042,0.012,0.03421,0.038,0.011,0.03148,8
5561,69314,10,1,0,0,0,0,0,7,0,0,0.000,0.000,0.03166,-0.000,0.000,-0.000,0.000,-0.000,0.000,-0.000,0.000,0.042,0.012,0.03434,0.039,0.011,0.03154,8
5561,69324,10,1,0,0,0,0,0,7,0,0,0.000,0.000,0.03160,-0.000,0.000,-0.000,0.000,-0.000,0.000,-0.000,0.000,0.042,0.012,0.03427,0.039,0.011,0.03166,8
5577,69334,10,1,0,0,0,0,0,7,0,0,0.000,0.000,0.03136,-0.000,0.000,-0.000,0.000,-0.000,0.000,-0.000,0.000,0.042,0.012,0.03404,0.039,0.011,0.03160,8
5593,69344,10,1,0,0,0,0,0,7,0,0,0.000,0.000,0.03133,-0.000,0.000,-0.000,0.000,-0.000,0.000,-0.000,0.000,0.042,0.012,0.03401,0.038,0.011,0.03136,8
5593,69354,10,1,0,0,0,0,0,7,0,0,0.000,0.000,0.03137,-0.000,0.000,-0.000,0.000,-0.000,0.000,-0.000,0.000,0.042,0.012,0.03404,0.038,0.011,0.03133,8
5609,69364,10,1,0,0,0,0,0,7,0,0,0.000,0.000,0.03144,-0.000,0.000,-0.000,0.000,-0.000,0.000,-0.000,0.000,0.042,0.012,0.03411,0.038,0.011,0.03137,8
5609,69374,10,1,0,0,0,0,0,7,0,0,0.000,0.000,0.03157,-0.000,0.000,-0.000,0.000,-0.000,0.000,-0.000,0.000,0.042,0.012,0.03424,0.038,0.011,0.03144,8
5625,69384,10,1,0,0,0,0,0,7,0,0,0.000,0.000,0.03157,-0.000,0.000,-0.000,0.000,-0.000,0.000,-0.000,0.000,0.042,0.012,0.03425,0.039,0.011,0.03157,8
5640,69394,10,1,0,0,0,0,0,7,0,0,0.000,0.000,0.03167,-0.000,0.000,-0.000,0.000,-0.000,0.000,-0.000,0.000,0.042,0.012,0.03434,0.039,0.011,0.03157,8
5640,69404,10,1,0,0,0,0,0,7,0,0,0.000,0.000,0.03161,-0.000,0.000,-0.000,0.000,-0.000,0.000,-0.000,0.000,0.042,0.012,0.03429,0.039,0.011,0.03167,8
5655,69414,10,1,0,0,0,0,0,7,0,0,0.000,0.000,0.03159,-0.000,0.000,-0.000,0.000,-0.000,0.000,-0.000,0.000,0.042,0.012,0.03427,0.039,0.011,0.03161,8
5672,69424,10,1,0,0,0,0,0,7,0,0,0.000,0.000,0.03166,-0.000,0.000,-0.000,0.000,-0.000,0.000,-0.000,0.000,0.042,0.012,0.03433,0.039,0.011,0.03159,8
5672,69434,10,1,0,0,0,0,0,7,0,0,0.000,0.000,0.03180,-0.000,0.000,-0.000,0.000,-0.000,0.000,-0.000,0.000,0.042,0.012,0.03448,0.039,0.011,0.03166,8
5687,69444,10,1,0,0,0,0,0,7,0,0,0.000,0.000,0.03175,-0.000,0.000,-0.000,0.000,-0.000,0.000,-0.000,0.000,0.042,0.012,0.03442,0.039,0.011,0.03180,8
5701,69454,10,1,0,0,0,0,0,7,0,0,0.000,0.000,0.03196,-0.000,0.000,-0.000,0.000,-0.000,0.000,-0.000,0.000,0.042,0.012,0.03464,0.039,0.011,0.03175,8
5701,69464,10,1,0,0,0,0,0,7,0,0,0.000,0.000,0.03166,-0.000,0.000,-0.000,0.000,-0.000,0.000,-0.000,0.000,0.042,0.012,0.03434,0.039,0.011,0.03196,8
5716,69474,10,1,0,0,0,0,0,7,0,0,0.000,0.000,0.03167,-0.000,0.000,-0.000,0.000,-0.000,0.000,-0.000,0.000,0.042,0.012,0.03435,0.039,0.011,0.03166,8
5732,69484,10,1,0,0,0,0,0,7,0,0,0.000,0.000,0.03166,-0.000,0.000,-0.000,0.000,-0.000,0.000,-0.000,0.000,0.042,0.012,0.03433,0.039,0.011,0.03167,8
5732,69494,10,1,0,0,0,0,0,7,0,0,0.000,0.000,0.03193,-0.000,0.000,-0.000,0.000,-0.000,0.000,-0.000,0.000,0.042,0.012,0.03460,0.039,0.011,0.03166,8
5747,69504,10,1,0,0,0,0,0,7,0,0,0.000,0.000,0.03213,-0.000,0.000,-0.000,0.000,-0.000,0.000,-0.000,0.000,0.043,0.012,0.03481,0.039,0.011,0.03193,8
5763,69514,10,1,0,0,0,0,0,7,0,0,0.000,0.000,0.03200,-0.000,0.000,-0.000,0.000,-0.000,0.000,-0.000,0.000,0.042,0.012,0.03468,0.039,0.011,0.03213,8
5763,69524,10,1,0,0,0,0,0,7,0,0,0.000,0.000,0.03173,-0.000,0.000,-0.000,0.000,-0.000,0.000,-0.000,0.000,0.042,0.012,0.03441,0.039,0.011,0.03200,8
5779,69534,10,1,0,0,0,0,0,7,0,0,0.000,0.000,0.03166,-0.000,0.000,-0.000,0.000,-0.000,0.000,-0.000,0.000,0.042,0.012,0.03433,0.039,0.011,0.03173,8
5779,69544,10,1,0,0,0,0,0,7,0,0,0.000,0.000,0.03146,-0.000,0.000,-0.000,0.000,-0.000,0.000,-0.000,0.000,0.042,0.012,0.03414,0.039,0.011,0.03166,8
5794,69554,10,1,0,0,0,0,0,7,0,0,0.000,0.000,0.03159,-0.000,0.000,-0.000,0.000,-0.000,0.000,-0.000,0.000,0.042,0.012,0.03427,0.038,0.011,0.03146,8
5810,69564,10,1,0,0,0,0,0,7,0,0,0.000,0.000,0.03166,-0.000,0.000,-0.000,0.000,-0.000,0.000,-0.000,0.000,0.042,0.012,0.03434,0.039,0.011,0.03159,8
5810,69574,10,1,0,0,0,0,0,7,0,0,0.000,0.000,0.03167,-0.000,0.000,-0.000,0.000,-0.000,0.000,-0.000,0.000,0.042,0.012,0.03434,0.039,0.011,0.03166,8
5825,69584,10,1,0,0,0,0,0,7,0,0,0.000,0.000,0.03181,-0.000,0.000,-0.000,0.000,-0.000,0.000,-0.000,0.000,0.042,0.012,0.03448,0.039,0.011,0.03167,8
5841,69594,10,1,0,0,0,0,0,7,0,0,0.000,0.000,0.03177,-0.000,0.000,-0.000,0.000,-0.000,0.000,-0.000,0.000,0.042,0.012,0.03445,0.039,0.011,0.03181,8
5841,69604,10,1,0,0,0,0,0,7,0,0,0.000,0.000,0.03174,-0.000,0.000,-0.000,0.000,-0.000,0.000,-0.000,0.000,0.042,0.012,0.03441,0.039,0.011,0.03177,8
5857,69614,10,1,0,0,0,0,0,7,0,0,0.000,0.000,0.03165,-0.000,0.000,-0.000,0.000,-0.000,0.000,-0.000,0.000,0.042,0.012,0.03433,0.039,0.011,0.03174,8
5872,69624,10,1,0,0,0,0,0,7,0,0,0.000,0.000,0.03133,-0.000,0.000,-0.000,0.000,-0.000,0.000,-0.000,0.000,0.042,0.012,0.03401,0.039,0.011,0.03165,8
5872,69634,10,1,0,0,0,0,0,7,0,0,0.000,0.000,0.03128,-0.000,0.000,-0.000,0.000,-0.000,0.000,-0.000,0.000,0.041,0.012,0.03396,0.038,0.011,0.03133,8
5887,69644,10,1,0,0,0,0,0,7,0,0,0.000,0.000,0.03151,-0.000,0.000,-0.000,0.000,-0.000,0.000,-0.000,0.000,0.042,0.012,0.03418,0.038,0.011,0.03128,8
5903,69654,10,1,0,0,0,0,0,7,0,0,0.000,0.000,0.03168,-0.000,0.000,-0.000,0.000,-0.000,0.000,-0.000,0.000,0.042,0.012,0.03436,0.038,0.011,0.03151,8
5903,69664,10,1,0,0,0,0,0,7,0,0,0.000,0.000,0.03173,-0.000,0.000,-0.000,0.000,-0.000,0.000,-0.000,0.000,0.042,0.012,0.03441,0.039,0.011,0.03168,8
5918,69674,10,1,0,0,0,0,0,7,0,0,0.000,0.000,0.03191,-0.000,0.000,-0.000,0.000,-0.000,0.000,-0.000,0.000,0.042,0.012,0.03459,0.039,0.011,0.03173,8
5918,69684,10,1,0,0,0,0,0,7,0,0,0.000,0.000,0.03211,-0.000,0.000,-0.000,0.000,-0.000,0.000,-0.000,0.000,0.043,0.012,0.03479,0.039,0.011,0.03191,8
5934,69694,10,1,0,0,0,0,0,7,0,0,0.000,0.000,0.03219,-0.000,0.000,-0.000,0.000,-0.000,0.000,-0.000,0.000,0.043,0.012,0.03487,0.039,0.011,0.03211,8
5952,69704,10,1,0,0,0,0,0,7,0,0,0.000,0.000,0.03225,-0.000,0.000,-0.000,0.000,-0.000,0.000,-0.000,0.000,0.043,0.012,0.03493,0.039,0.011,0.03219,8
5952,69714,10,1,0,0,0,0,0,7,0,0,0.000,0.000,0.03213,-0.000,0.000,-0.000,0.000,-0.000,0.000,-0.000,0.000,0.043,0.012,0.03481,0.039,0.011,0.03225,8
5966,69724,10,1,0,0,0,0,0,7,0,0,0.000,0.000,0.03205,-0.000,0.000,-0.000,0.000,-0.000,0.000,-0.000,0.000,0.042,0.012,0.03473,0.039,0.011,0.03213,8
5982,69734,10,1,0,0,0,0,0,7,0,0,0.000,0.000,0.03195,-0.000,0.000,-0.000,0.000,-0.000,0.000,-0.000,0.000,0.042,0.012,0.03462,0.039,0.011,0.03205,8
5982,69744,10,1,0,0,0,0,0,7,0,0,0.000,0.000,0.03182,-0.000,0.000,-0.000,0.000,-0.000,0.000,-0.000,0.000,0.042,0.012,0.03449,0.039,0.011,0.03195,8
5997,69754,10,1,0,0,0,0,0,7,0,0,0.000,0.000,0.03175,-0.000,0.000,-0.000,0.000,-0.000,0.000,-0.000,0.000,0.042,0.012,0.03443,0.039,0.011,0.03182,8
6013,69764,10,1,0,0,0,0,0,7,0,0,0.000,0.000,0.03175,-0.000,0.000,-0.000,0.000,-0.000,0.000,-0.000,0.000,0.042,0.012,0.03442,0.039,0.011,0.03175,8
6013,69774,10,1,0,0,0,0,0,7,0,0,0.000,0.000,0.03207,-0.000,0.000,-0.000,0.000,-0.000,0.000,-0.000,0.000,0.042,0.012,0.03475,0.039,0.011,0.03175,8
6029,69784,10,1,0,0,0,0,0,7,0,0,0.000,0.000,0.03197,-0.000,0.000,-0.000,0.000,-0.000,0.000,-0.000,0.000,0.042,0.012,0.03464,0.039,0.011,0.03207,8
6029,69794,10,1,0,0,0,0,0,7,0,0,0.000,0.000,0.03187,-0.000,0.000,-0.000,0.000,-0.000,0.000,-0.000,0.000,0.042,0.012,0.03454,0.039,0.011,0.03197,8
6043,69804,10,1,0,0,0,0,0,7,0,0,0.000,0.000,0.03176,-0.000,0.000,-0.000,0.000,-0.000,0.000,-0.000,0.000,0.042,0.012,0.03443,0.039,0.011,0.03187,8
6059,69814,10,1,0,0,0,0,0,7,0,0,0.000,0.000,0.03187,-0.000,0.000,-0.000,0.000,-0.000,0.000,-0.000,0.000,0.042,0.012,0.03454,0.039,0.011,0.03176,8
6059,69824,10,1,0,0,0,0,0,7,0,0,0.000,0.000,0.03179,-0.000,0.000,-0.000,0.000,-0.000,0.000,-0.000,0.000,0.042,0.012,0.03447,0.039,0.011,0.03187,8
6074,69834,10,1,0,0,0,0,0,7,0,0,0.000,0.000,0.03191,-0.000,0.000,-0.000,0.000,-0.000,0.000,-0.000,0.000,0.042,0.012,0.03458,0.039,0.011,0.03179,8
6089,69844,10,1,0,0,0,0,0,7,0,0,0.000,0.000,0.03210,-0.000,0.000,-0.000,0.000,-0.000,0.000,-0.000,0.000,0.042,0.012,0.03478,0.039,0.011,0.03191,8
6089,69854,10,1,0,0,0,0,0,7,0,0,0.000,0.000,0.03198,-0.000,0.000,-0.000,0.000,-0.000,0.000,-0.000,0.000,0.042,0.012,0.03466,0.039,0.011,0.03210,8
6105,69864,10,1,0,0,0,0,0,7,0,0,0.000,0.000,0.03202,-0.000,0.000,-0.000,0.000,-0.000,0.000,-0.000,0.000,0.042,0.012,0.03470,0.039,0.011,0.03198,8
6120,69874,10,1,0,0,0,0,0,7,0,0,0.000,0.000,0.03185,-0.000,0.000,-0.000,0.000,-0.000,0.000,-0.000,0.000,0.042,0.012,0.03453,0.039,0.011,0.03202,8
6120,69884,10,1,0,0,0,0,0,7,0,0,0.000,0.000,0.03194,-0.000,0.000,-0.000,0.000,-0.000,0.000,-0.000,0.000,0.042,0.012,0.03461,0.039,0.011,0.03185,8
6135,69894,10,1,0,0,0,0,0,7,0,0,0.000,0.000,0.03190,-0.000,0.000,-0.000,0.000,-0.000,0.000,-0.000,0.000,0.042,0.012,0.03458,0.039,0.011,0.03194,8
6151,69904,10,1,0,0,0,0,0,7,0,0,0.000,0.000,0.03188,-0.000,0.000,-0.000,0.000,-0.000,0.000,-0.000,0.000,0.042,0.012,0.03455,0.039,0.011,0.03190,8
6151,69914,10,1,0,0,0,0,0,7,0,0,0.000,0.000,0.03184,-0.000,0.000,-0.000,0.000,-0.000,0.000,-0.000,0.000,0.042,0.012,0.03452,0.039,0.011,0.03188,8
6167,69924,10,1,0,0,0,0,0,7,0,0,0.000,0.000,0.03171,-0.000,0.000,-0.000,0.000,-0.000,0.000,-0.000,0.000,0.042,0.012,0.03438,0.039,0.011,0.03184,8
6182,69934,10,1,0,0,0,0,0,7,0,0,0.000,0.000,0.03169,-0.000,0.000,-0.000,0.000,-0.000,0.000,-0.000,0.000,0.042,0.012,0.03436,0.039,0.011,0.03171,8
6182,69944,10,1,0,0,0,0,0,7,0,0,0.000,0.000,0.03171,-0.000,0.000,-0.000,0.000,-0.000,0.000,-0.000,0.000,0.042,0.012,0.03439,0.039,0.011,0.03169,8
6198,69954,10,1,0,0,0,0,0,7,0,0,0.000,0.000,0.03193,-0.000,0.000,-0.000,0.000,-0.000,0.000,-0.000,0.000,0.042,0.012,0.03461,0.039,0.011,0.03171,8
6198,69964,10,1,0,0,0,0,0,7,0,0,0.000,0.000,0.03204,-0.000,0.000,-0.000,0.000,-0.000,0.000,-0.000,0.000,0.042,0.012,0.03472,0.039,0.011,0.03193,8
6213,69974,10,1,0,0,0,0,0,7,0,0,0.000,0.000,0.03185,-0.000,0.000,-0.000,0.000,-0.000,0.000,-0.000,0.000,0.042,0.012,0.03453,0.039,0.011,0.03204,8
6228,69984,10,1,0,0,0,0,0,7,0,0,0.000,0.000,0.03172,-0.000,0.000,-0.000,0.000,-0.000,0.000,-0.000,0.000,0.042,0.012,0.03439,0.039,0.011,0.03185,8
6228,69994,10,1,0,0,0,0,0,7,0,0,0.000,0.000,0.03172,-0.000,0.000,-0.000,0.000,-0.000,0.000,-0.000,0.000,0.042,0.012,0.03440,0.039,0.011,0.03172,8
6244,70004,10,1,0,0,0,0,0,7,0,0,0.000,0.000,0.03172,-0.000,0.000,-0.000,0.000,-0.000,0.000,-0.000,0.000,0.042,0.012,0.03439,0.039,0.011,0.03172,8
6259,70014,10,1,0,0,0,0,0,7,0,0,0.000,0.000,0.03183,-0.000,0.000,-0.000,0.000,-0.000,0.000,-0.000,0.000,0.042,0.012,0.03450,0.039,0.011,0.03172,8
6259,70024,10,1,0,0,0,0,0,7,0,0,0.000,0.000,0.03202,-0.000,0.000,-0.000,0.000,-0.000,0.000,-0.000,0.000,0.042,0.012,0.03470,0.039,0.011,0.03183,8
6275,70034,10,1,0,0,0,0,0,7,0,0,0.000,0.000,0.03191,-0.000,0.000,-0.000,0.000,-0.000,0.000,-0.000,0.000,0.042,0.012,0.03459,0.039,0.011,0.03202,8
6291,70044,10,1,0,0,0,0,0,7,0,0,0.000,0.000,0.03197,-0.000,0.000,-0.000,0.000,-0.000,0.000,-0.000,0.000,0.042,0.012,0.03464,0.039,0.011,0.03191,8
6291,70054,10,1,0,0,0,0,0,7,0,0,0.000,0.000,0.03216,-0.000,0.000,-0.000,0.000,-0.000,0.000,-0.000,0.000,0.043,0.012,0.03484,0.039,0.011,0.03197,8
6307,70064,10,1,0,0,0,0,0,7,0,0,0.000,0.000,0.03196,-0.000,0.000,-0.000,0.000,-0.000,0.000,-0.000,0.000,0.042,0.012,0.03463,0.039,0.011,0.03216,8
6321,70074,10,1,0,0,0,0,0,7,0,0,0.000,0.000,0.03179,-0.000,0.000,-0.000,0.000,-0.000,0.000,-0.000,0.000,0.042,0.012,0.03447,0.039,0.011,0.03196,8
6321,70084,10,1,0,0,0,0,0,7,0,0,0.000,0.075,0.03204,-0.000,0.000,-0.000,0.000,-0.000,0.000,-0.000,0.000,0.118,0.012,0.03472,0.039,0.011,0.03179,8
6338,70094,10,1,0,0,0,0,0,7,0,0,0.000,0.000,0.03212,-0.000,0.000,-0.000,0.000,-0.000,0.000,-0.000,0.000,0.043,0.012,0.03479,0.115,0.011,0.03204,8
6353,70104,10,1,0,0,0,0,0,7,0,0,0.000,0.000,0.03184,-0.000,0.000,-0.000,0.000,-0.000,0.000,-0.000,0.000,0.042,0.012,0.03451,0.039,0.011,0.03212,8
6353,70114,10,1,0,0,0,0,0,7,0,0,0.000,0.000,0.03156,-0.000,0.000,-0.000,0.000,-0.000,0.000,-0.000,0.000,0.042,0.012,0.03424,0.039,0.011,0.03184,8
6369,70124,10,1,0,0,0,0,0,7,0,0,0.000,0.000,0.03172,-0.000,0.000,-0.000,0.000,-0.000,0.000,-0.000,0.000,0.042,0.012,0.03440,0.039,0.011,0.03156,8
6369,70134,10,1,0,0,0,0,0,7,0,0,0.000,0.000,0.03170,-0.000,0.000,-0.000,0.000,-0.000,0.000,-0.000,0.000,0.042,0.012,0.03437,0.039,0.011,0.03172,8
6385,70144,10,1,0,0,0,0,0,7,0,0,0.000,0.000,0.03168,-0.000,0.000,-0.000,0.000,-0.000,0.000,-0.000,0.000,0.042,0.012,0.03435,0.039,0.011,0.03170,8
6401,70154,10,1,0,0,0,0,0,7,0,0,0.000,0.000,0.03182,-0.000,0.000,-0.000,0.000,-0.000,0.000,-0.000,0.000,0.042,0.012,0.03450,0.039,0.011,0.03168,8
6401,70164,10,1,0,0,0,0,0,7,0,0,0.000,0.000,0.03187,-0.000,0.000,-0.000,0.000,-0.000,0.000,-0.000,0.000,0.042,0.012,0.03454,0.039,0.011,0.03182,8
6416,70174,10,1,0,0,0,0,0,7,0,0,0.000,0.000,0.03196,-0.000,0.000,-0.000,0.000,-0.000,0.000,-0.000,0.000,0.042,0.012,0.03464,0.039,0.011,0.03187,8
6432,70184,10,1,0,0,0,0,0,7,0,0,0.000,0.000,0.03189,-0.000,0.000,-0.000,0.000,-0.000,0.000,-0.000,0.000,0.042,0.012,0.03457,0.039,0.011,0.03196,8
6432,70194,10,1,0,0,0,0,0,7,0,0,0.000,0.000,0.03206,-0.000,0.000,-0.000,0.000,-0.000,0.000,-0.000,0.000,0.042,0.012,0.03473,0.039,0.011,0.03189,8
6447,70204,10,1,0,0,0,0,0,7,0,0,0.000,0.000,0.03192,-0.000,0.000,-0.000,0.000,-0.000,0.000,-0.000,0.000,0.042,0.012,0.03460,0.039,0.011,0.03206,8
6463,70214,10,1,0,0,0,0,0,7,0,0,0.000,0.000,0.03187,-0.000,0.000,-0.000,0.000,-0.000,0.000,-0.000,0.000,0.042,0.012,0.03454,0.039,0.011,0.03192,8
6463,70224,10,1,0,0,0,0,0,7,0,0,0.000,0.000,0.03165,-0.000,0.000,-0.000,0.000,-0.000,0.000,-0.000,0.000,0.042,0.012,0.03433,0.039,0.011,0.03187,8
6478,70234,10,1,0,0,0,0,0,7,0,0,0.000,0.000,0.03164,-0.000,0.000,-0.000,0.000,-0.000,0.000,-0.000,0.000,0.042,0.012,0.03432,0.039,0.011,0.03165,8
6478,70244,10,1,0,0,0,0,0,7,0,0,0.000,0.000,0.03148,-0.000,0.000,-0.000,0.000,-0.000,0.000,-0.000,0.000,0.042,0.012,0.03415,0.039,0.011,0.03164,8
6497,70254,10,1,0,0,0,0,0,7,0,0,0.000,0.000,0.03148,-0.000,0.000,-0.000,0.000,-0.000,0.000,-0.000,0.000,0.042,0.012,0.03416,0.038,0.011,0.03148,8
6509,70264,10,1,0,0,0,0,0,7,0,0,0.000,0.000,0.03137,-0.000,0.000,-0.000,0.000,-0.000,0.000,-0.000,0.000,0.042,0.012,0.03404,0.038,0.011,0.03148,8
6509,70274,10,1,0,0,0,0,0,7,0,0,0.000,0.000,0.03134,-0.000,0.000,-0.000,0.000,-0.000,0.000,-0.000,0.000,0.042,0.012,0.03401,0.038,0.011,0.03137,8
6525,70284,10,1,0,0,0,0,0,7,0,0,0.000,0.000,0.03131,-0.000,0.000,-0.000,0.000,-0.000,0.000,-0.000,0.000,0.042,0.012,0.03398,0.038,0.011,0.03134,8
6541,70294,10,1,0,0,0,0,0,7,0,0,0.000,0.000,0.03157,-0.000,0.000,-0.000,0.000,-0.000,0.000,-0.000,0.000,0.042,0.012,0.03425,0.038,0.011,0.03131,8
6541,70304,10,1,0,0,0,0,0,7,0,0,0.000,0.000,0.03148,-0.000,0.000,-0.000,0.000,-0.000,0.000,-0.000,0.000,0.042,0.012,0.03416,0.039,0.011,0.03157,8
6557,70314,10,1,0,0,0,0,0,7,0,0,0.000,0.000,0.03154,-0.000,0.000,-0.000,0.000,-0.000,0.000,-0.000,0.000,0.042,0.012,0.03422,0.038,0.011,0.03148,8
6573,70324,10,1,0,0,0,0,0,7,0,0,0.000,0.000,0.03153,-0.000,0.000,-0.000,0.000,-0.000,0.000,-0.000,0.000,0.042,0.012,0.03421,0.039,0.011,0.03154,8
6573,70334,10,1,0,0,0,0,0,7,0,0,0.000,0.000,0.03162,-0.000,0.000,-0.000,0.000,-0.000,0.000,-0.000,0.000,0.042,0.012,0.03429,0.039,0.011,0.03153,8
6588,70344,10,1,0,0,0,0,0,7,0,0,0.000,0.000,0.03144,-0.000,0.000,-0.000,0.000,-0.000,0.000,-0.000,0.000,0.042,0.012,0.03411,0.039,0.011,0.03162,8
6588,70354,10,1,0,0,0,0,0,7,0,0,0.000,0.000,0.03117,-0.000,0.000,-0.000,0.000,-0.000,0.000,-0.000,0.000,0.041,0.012,0.03385,0.038,0.011,0.03144,8
6604,70364,10,1,0,0,0,0,0,7,0,0,0.000,0.000,0.03089,-0.000,0.000,-0.000,0.000,-0.000,0.000,-0.000,0.000,0.041,0.012,0.03356,0.038,0.011,0.03117,8
6620,70374,10,1,0,0,0,0,0,7,0,0,0.000,0.000,0.03118,-0.000,0.000,-0.000,0.000,-0.000,0.000,-0.000,0.000,0.041,0.012,0.03385,0.038,0.011,0.03089,8
6620,70384,10,1,0,0,0,0,0,7,0,0,0.000,0.000,0.03116,-0.000,0.000,-0.000,0.000,-0.000,0.000,-0.000,0.000,0.041,0.012,0.03383,0.038,0.011,0.03118,8
6635,70394,10,1,0,0,0,0,0,7,0,0,0.000,0.000,0.03109,-0.000,0.000,-0.000,0.000,-0.000,0.000,-0.000,0.000,0.041,0.012,0.03376,0.038,0.011,0.03116,8
6651,70404,10,1,0,0,0,0,0,7,0,0,0.000,0.000,0.03128,-0.000,0.000,-0.000,0.000,-0.000,0.000,-0.000,0.000,0.041,0.012,0.03396,0.038,0.011,0.03109,8
6651,70414,10,1,0,0,0,0,0,7,0,0,0.000,0.000,0.03137,-0.000,0.000,-0.000,0.000,-0.000,0.000,-0.000,0.000,0.042,0.012,0.03405,0.038,0.011,0.03128,8
6666,70424,10,1,0,0,0,0,0,7,0,0,0.000,0.000,0.03160,-0.000,0.000,-0.000,0.000,-0.000,0.000,-0.000,0.000,0.042,0.012,0.03427,0.038,0.011,0.03137,8
6682,70434,10,1,0,0,0,0,0,7,0,0,0.000,0.000,0.03172,-0.000,0.000,-0.000,0.000,-0.000,0.000,-0.000,0.000,0.042,0.012,0.03440,0.039,0.011,0.03160,8
6682,70444,10,1,0,0,0,0,0,7,0,0,0.000,0.000,0.03153,-0.000,0.000,-0.000,0.000,-0.000,0.000,-0.000,0.000,0.042,0.012,0.03421,0.039,0.011,0.03172,8
6698,70454,10,1,0,0,0,0,0,7,0,0,0.000,0.000,0.03142,-0.000,0.000,-0.000,0.000,-0.000,0.000,-0.000,0.000,0.042,0.012,0.03409,0.039,0.011,0.03153,8
6713,70464,10,1,0,0,0,0,0,7,0,0,0.000,0.000,0.03143,-0.000,0.000,-0.000,0.000,-0.000,0.000,-0.000,0.000,0.042,0.012,0.03411,0.038,0.011,0.03142,8
6713,70474,10,1,0,0,0,0,0,7,0,0,0.000,0.000,0.03148,-0.000,0.000,-0.000,0.000,-0.000,0.000,-0.000,0.000,0.042,0.012,0.03415,0.038,0.011,0.03143,8
6728,70484,10,1,0,0,0,0,0,7,0,0,0.000,0.000,0.03148,-0.000,0.000,-0.000,0.000,-0.000,0.000,-0.000,0.000,0.042,0.012,0.03416,0.038,0.011,0.03148,8
6728,70494,10,1,0,0,0,0,0,7,0,0,0.000,0.000,0.03151,-0.000,0.000,-0.000,0.000,-0.000,0.000,-0.000,0.000,0.042,0.012,0.03418,0.038,0.011,0.03148,8
6744,70504,10,1,0,0,0,0,0,7,0,0,0.000,0.000,0.03145,-0.000,0.000,-0.000,0.000,-0.000,0.000,-0.000,0.000,0.042,0.012,0.03412,0.038,0.011,0.03151,8
6759,70514,10,1,0,0,0,0,0,7,0,0,0.000,0.000,0.03158,-0.000,0.000,-0.000,0.000,-0.000,0.000,-0.000,0.000,0.042,0.012,0.03425,0.038,0.011,0.03145,8
6759,70524,10,1,0,0,0,0,0,7,0,0,0.000,0.000,0.03178,-0.000,0.000,-0.000,0.000,-0.000,0.000,-0.000,0.000,0.042,0.012,0.03446,0.039,0.011,0.03158,8
6775,70534,10,1,0,0,0,0,0,7,0,0,0.000,0.000,0.03161,-0.000,0.000,-0.000,0.000,-0.000,0.000,-0.000,0.000,0.042,0.012,0.03428,0.039,0.011,0.03178,8
6790,70544,10,1,0,0,0,0,0,7,0,0,0.000,0.000,0.03148,-0.000,0.000,-0.000,0.000,-0.000,0.000,-0.000,0.000,0.042,0.012,0.03416,0.039,0.011,0.03161,8
6790,70554,10,1,0,0,0,0,0,7,0,0,0.000,0.000,0.03130,-0.000,0.000,-0.000,0.000,-0.000,0.000,-0.000,0.000,0.042,0.012,0.03398,0.038,0.011,0.03148,8
6806,70564,10,1,0,0,0,0,0,7,0,0,0.000,0.000,0.03142,-0.000,0.000,-0.000,0.000,-0.000,0.000,-0.000,0.000,0.042,0.012,0.03410,0.038,0.011,0.03130,8
6821,70574,10,1,0,0,0,0,0,7,0,0,0.000,0.000,0.03153,-0.000,0.000,-0.000,0.000,-0.000,0.000,-0.000,0.000,0.042,0.012,0.03421,0.038,0.011,0.03142,8
6821,70584,10,1,0,0,0,0,0,7,0,0,0.000,0.000,0.03158,-0.000,0.000,-0.000,0.000,-0.000,0.000,-0.000,0.000,0.042,0.012,0.03426,0.039,0.011,0.03153,8
6837,70594,10,1,0,0,0,0,0,7,0,0,0.000,0.000,0.03176,-0.000,0.000,-0.000,0.000,-0.000,0.000,-0.000,0.000,0.042,0.012,0.03443,0.039,0.011,0.03158,8
6852,70604,10,1,0,0,0,0,0,7,0,0,0.000,0.000,0.03189,-0.000,0.000,-0.000,0.000,-0.000,0.000,-0.000,0.000,0.042,0.012,0.03457,0.039,0.011,0.03176,8
6852,70614,10,1,0,0,0,0,0,7,0,0,0.000,0.000,0.03205,-0.000,0.000,-0.000,0.000,-0.000,0.000,-0.000,0.000,0.042,0.012,0.03472,0.039,0.011,0.03189,8
6867,70624,10,1,0,0,0,0,0,7,0,0,0.000,0.000,0.03217,-0.000,0.000,-0.000,0.000,-0.000,0.000,-0.000,0.000,0.043,0.012,0.03484,0.039,0.011,0.03205,8
6882,70634,10,1,0,0,0,0,0,7,0,0,0.000,0.000,0.03213,-0.000,0.000,-0.000,0.000,-0.000,0.000,-0.000,0.000,0.043,0.012,0.03480,0.039,0.011,0.03217,8
6882,70644,10,1,0,0,0,0,0,7,0,0,0.000,0.000,0.03227,-0.000,0.000,-0.000,0.000,-0.000,0.000,-0.000,0.000,0.043,0.012,0.03495,0.039,0.011,0.03213,8
6898,70654,10,1,0,0,0,0,0,7,0,0,0.000,0.000,0.03230,-0.000,0.000,-0.000,0.000,-0.000,0.000,-0.000,0.000,0.043,0.012,0.03497,0.039,0.011,0.03227,8
6913,70664,10,1,0,0,0,0,0,7,0,0,0.000,0.000,0.03229,-0.000,0.000,-0.000,0.000,-0.000,0.000,-0.000,0.000,0.043,0.012,0.03497,0.039,0.011,0.03230,8
6913,70674,10,1,0,0,0,0,0,7,0,0,0.000,0.075,0.03239,-0.000,0.000,-0.000,0.000,-0.000,0.000,-0.000,0.000,0.118,0.012,0.03507,0.039,0.011,0.03229,8
6929,70684,10,1,0,0,0,0,0,7,0,0,0.000,0.000,0.03244,-0.000,0.000,-0.000,0.000,-0.000,0.000,-0.000,0.000,0.043,0.012,0.03511,0.115,0.011,0.03239,8
6929,70694,10,1,0,0,0,0,0,7,0,0,0.000,0.000,0.03256,-0.000,0.000,-0.000,0.000,-0.000,0.000,-0.000,0.000,0.043,0.012,0.03524,0.040,0.011,0.03244,8
6944,70704,10,1,0,0,0,0,0,7,0,0,0.000,0.000,0.03249,-0.000,0.000,-0.000,0.000,-0.000,0.000,-0.000,0.000,0.043,0.012,0.03516,0.040,0.011,0.03256,8
6960,70714,10,1,0,0,0,0,0,7,0,0,0.000,0.000,0.03241,-0.000,0.000,-0.000,0.000,-0.000,0.000,-0.000,0.000,0.043,0.012,0.03509,0.040,0.011,0.03249,8
6960,70724,10,1,0,0,0,0,0,7,0,0,0.000,0.000,0.03243,-0.000,0.000,-0.000,0.000,-0.000,0.000,-0.000,0.000,0.043,0.012,0.03510,0.040,0.011,0.03241,8
6975,70734,10,1,0,0,0,0,0,7,0,0,0.000,0.000,0.03241,-0.000,0.000,-0.000,0.000,-0.000,0.000,-0.000,0.000,0.043,0.012,0.03509,0.040,0.011,0.03243,8
6991,70744,10,1,0,0,0,0,0,7,0,0,0.000,0.000,0.03199,-0.000,0.000,-0.000,0.000,-0.000,0.000,-0.000,0.000,0.042,0.012,0.03466,0.040,0.011,0.03241,8
6991,70754,10,1,0,0,0,0,0,7,0,0,0.000,0.000,0.03178,-0.000,0.000,-0.000,0.000,-0.000,0.000,-0.000,0.000,0.042,0.012,0.03445,0.039,0.011,0.03199,8
7006,70764,10,1,0,0,0,0,0,7,0,0,0.000,0.000,0.03177,-0.000,0.000,-0.000,0.000,-0.000,0.000,-0.000,0.000,0.042,0.012,0.03444,0.039,0.011,0.03178,8
7021,70774,10,1,0,0,0,0,0,7,0,0,0.000,0.075,0.03171,-0.000,0.000,-0.000,0.000,-0.000,0.000,-0.000,0.000,0.117,0.012,0.03439,0.039,0.011,0.03177,8
7021,70784,10,1,0,0,0,0,0,7,0,0,0.000,0.000,0.03204,-0.000,0.000,-0.000,0.000,-0.000,0.000,-0.000,0.000,0.042,0.012,0.03471,0.114,0.011,0.03171,8
7037,70794,10,1,0,0,0,0,0,7,0,0,0.000,0.000,0.03208,-0.000,0.000,-0.000,0.000,-0.000,0.000,-0.000,0.000,0.042,0.012,0.03476,0.039,0.011,0.03204,8
7053,70804,10,1,0,0,0,0,0,7,0,0,0.000,0.000,0.03239,-0.000,0.000,-0.000,0.000,-0.000,0.000,-0.000,0.000,0.043,0.012,0.03507,0.039,0.011,0.03208,8
7053,70814,10,1,0,0,0,0,0,7,0,0,0.000,0.000,0.03240,-0.000,0.000,-0.000,0.000,-0.000,0.000,-0.000,0.000,0.043,0.012,0.03508,0.040,0.011,0.03239,8
7068,70824,10,1,0,0,0,0,0,7,0,0,0.000,0.000,0.03223,-0.000,0.000,-0.000,0.000,-0.000,0.000,-0.000,0.000,0.043,0.012,0.03490,0.040,0.011,0.03240,8
7068,70834,10,1,0,0,0,0,0,7,0,0,0.000,0.000,0.03212,-0.000,0.000,-0.000,0.000,-0.000,0.000,-0.000,0.000,0.043,0.012,0.03479,0.039,0.011,0.03223,8
7083,70844,10,1,0,0,0,0,0,7,0,0,0.000,0.000,0.03205,-0.000,0.000,-0.000,0.000,-0.000,0.000,-0.000,0.000,0.042,0.012,0.03472,0.039,0.011,0.03212,8
7099,70854,10,1,0,0,0,0,0,7,0,0,0.000,0.000,0.03189,-0.000,0.000,-0.000,0.000,-0.000,0.000,-0.000,0.000,0.042,0.012,0.03457,0.039,0.011,0.03205,8
7099,70864,10,1,0,0,0,0,0,7,0,0,0.000,0.000,0.03225,-0.000,0.000,-0.000,0.000,-0.000,0.000,-0.000,0.000,0.043,0.012,0.03493,0.039,0.011,0.03189,8
7115,70874,10,1,0,0,0,0,0,7,0,0,0.000,0.000,0.03224,-0.000,0.000,-0.000,0.000,-0.000,0.000,-0.000,0.000,0.043,0.012,0.03492,0.039,0.011,0.03225,8
7130,70884,10,1,0,0,0,0,0,7,0,0,0.000,0.000,0.03234,-0.000,0.000,-0.000,0.000,-0.000,0.000,-0.000,0.000,0.043,0.012,0.03501,0.039,0.011,0.03224,8
7130,70894,10,1,0,0,0,0,0,7,0,0,0.000,0.000,0.03227,-0.000,0.000,-0.000,0.000,-0.000,0.000,-0.000,0.000,0.043,0.012,0.03495,0.040,0.011,0.03234,8
7146,70904,10,1,0,0,0,0,0,7,0,0,0.000,0.000,0.03192,-0.000,0.000,-0.000,0.000,-0.000,0.000,-0.000,0.000,0.042,0.012,0.03460,0.039,0.011,0.03227,8
7162,70914,10,1,0,0,0,0,0,7,0,0,0.000,0.000,0.03170,-0.000,0.000,-0.000,0.000,-0.000,0.000,-0.000,0.000,0.042,0.012,0.03438,0.039,0.011,0.03192,8
7162,70924,10,1,0,0,0,0,0,7,0,0,0.000,0.000,0.03189,-0.000,0.000,-0.000,0.000,-0.000,0.000,-0.000,0.000,0.042,0.012,0.03457,0.039,0.011,0.03170,8
7177,70934,10,1,0,0,0,0,0,7,0,0,0.000,0.000,0.03203,-0.000,0.000,-0.000,0.000,-0.000,0.000,-0.000,0.000,0.042,0.012,0.03471,0.039,0.011,0.03189,8
7208,70944,10,1,0,0,0,0,0,7,0,0,0.000,0.000,0.03206,-0.000,0.000,-0.000,0.000,-0.000,0.000,-0.000,0.000,0.042,0.012,0.03474,0.039,0.011,0.03203,8
7208,70954,10,1,0,0,0,0,0,7,0,0,0.000,0.000,0.03205,-0.000,0.000,-0.000,0.000,-0.000,0.000,-0.000,0.000,0.042,0.012,0.03472,0.039,0.011,0.03206,8
7208,70964,10,1,0,0,0,0,0,7,0,0,0.000,0.000,0.03201,-0.000,0.000,-0.000,0.000,-0.000,0.000,-0.000,0.000,0.042,0.012,0.03469,0.039,0.011,0.03205,8
7208,70974,10,1,0,0,0,0,0,7,0,0,0.000,0.000,0.03229,-0.000,0.000,-0.000,0.000,-0.000,0.000,-0.000,0.000,0.043,0.012,0.03496,0.039,0.011,0.03201,8
7239,70984,10,1,0,0,0,0,0,7,0,0,0.000,0.000,0.03237,-0.000,0.000,-0.000,0.000,-0.000,0.000,-0.000,0.000,0.043,0.012,0.03505,0.039,0.011,0.03229,8
7239,70994,10,1,0,0,0,0,0,7,0,0,0.000,0.000,0.03221,-0.000,0.000,-0.000,0.000,-0.000,0.000,-0.000,0.000,0.043,0.012,0.03488,0.040,0.011,0.03237,8
7239,71004,10,1,0,0,0,0,0,7,0,0,0.000,0.000,0.03216,-0.000,0.000,-0.000,0.000,-0.000,0.000,-0.000,0.000,0.043,0.012,0.03484,0.039,0.011,0.03221,8
7254,71014,10,1,0,0,0,0,0,7,0,0,0.000,0.000,0.03213,-0.000,0.000,-0.000,0.000,-0.000,0.000,-0.000,0.000,0.043,0.012,0.03481,0.039,0.011,0.03216,8
7269,71024,10,1,0,0,0,0,0,7,0,0,0.000,0.000,0.03181,-0.000,0.000,-0.000,0.000,-0.000,0.000,-0.000,0.000,0.042,0.012,0.03448,0.039,0.011,0.03213,8
7269,71034,10,1,0,0,0,0,0,7,0,0,0.000,0.000,0.03177,-0.000,0.000,-0.000,0.000,-0.000,0.000,-0.000,0.000,0.042,0.012,0.03445,0.039,0.011,0.03181,8
7286,71044,10,1,0,0,0,0,0,7,0,0,0.000,0.000,0.03185,-0.000,0.000,-0.000,0.000,-0.000,0.000,-0.000,0.000,0.042,0.012,0.03453,0.039,0.011,0.03177,8
7316,71054,10,1,0,0,0,0,0,7,0,0,0.000,0.000,0.03178,-0.000,0.000,-0.000,0.000,-0.000,0.000,-0.000,0.000,0.042,0.012,0.03446,0.039,0.011,0.03185,8
7316,71064,10,1,0,0,0,0,0,7,0,0,0.000,0.000,0.03201,-0.000,0.000,-0.000,0.000,-0.000,0.000,-0.000,0.000,0.042,0.012,0.03468,0.039,0.011,0.03178,8
7316,71074,10,1,0,0,0,0,0,7,0,0,0.000,0.000,0.03201,-0.000,0.000,-0.000,0.000,-0.000,0.000,-0.000,0.000,0.042,0.012,0.03469,0.039,0.011,0.03201,8
7332,71084,10,1,0,0,0,0,0,7,0,0,0.000,0.000,0.03223,-0.000,0.000,-0.000,0.000,-0.000,0.000,-0.000,0.000,0.043,0.012,0.03491,0.039,0.011,0.03201,8
7332,71094,10,1,0,0,0,0,0,7,0,0,0.000,0.000,0.03227,-0.000,0.000,-0.000,0.000,-0.000,0.000,-0.000,0.000,0.043,0.012,0.03494,0.039,0.011,0.03223,8
7363,71104,10,1,0,0,0,0,0,7,0,0,0.000,0.000,0.03229,-0.000,0.000,-0.000,0.000,-0.000,0.000,-0.000,0.000,0.043,0.012,0.03497,0.039,0.011,0.03227,8
7363,71114,10,1,0,0,0,0,0,7,0,0,0.000,0.000,0.03217,-0.000,0.000,-0.000,0.000,-0.000,0.000,-0.000,0.000,0.043,0.012,0.03484,0.039,0.011,0.03229,8
7363,71124,10,1,0,0,0,0,0,7,0,0,0.000,0.000,0.03232,-0.000,0.000,-0.000,0.000,-0.000,0.000,-0.000,0.000,0.043,0.012,0.03500,0.039,0.011,0.03217,8
7379,71134,10,1,0,0,0,0,0,7,0,0,0.000,0.000,0.03249,-0.000,0.000,-0.000,0.000,-0.000,0.000,-0.000,0.000,0.043,0.012,0.03517,0.039,0.011,0.03232,8
7379,71144,10,1,0,0,0,0,0,7,0,0,0.000,0.000,0.03254,-0.000,0.000,-0.000,0.000,-0.000,0.000,-0.000,0.000,0.043,0.012,0.03521,0.040,0.011,0.03249,8
7395,71154,10,1,0,0,0,0,0,7,0,0,0.000,0.000,0.03274,-0.000,0.000,-0.000,0.000,-0.000,0.000,-0.000,0.000,0.043,0.012,0.03541,0.040,0.011,0.03254,8
7410,71164,10,1,0,0,0,0,0,7,0,0,0.000,0.000,0.03279,-0.000,0.000,-0.000,0.000,-0.000,0.000,-0.000,0.000,0.043,0.012,0.03546,0.040,0.011,0.03274,8
7410,71174,10,1,0,0,0,0,0,7,0,0,0.000,0.000,0.03244,-0.000,0.000,-0.000,0.000,-0.000,0.000,-0.000,0.000,0.043,0.012,0.03512,0.040,0.011,0.03279,8
7425,71184,10,1,0,0,0,0,0,7,0,0,0.000,0.000,0.03216,-0.000,0.000,-0.000,0.000,-0.000,0.000,-0.000,0.000,0.043,0.012,0.03483,0.040,0.011,0.03244,8
7441,71194,10,1,0,0,0,0,0,7,0,0,0.000,0.000,0.03203,-0.000,0.000,-0.000,0.000,-0.000,0.000,-0.000,0.000,0.042,0.012,0.03471,0.039,0.011,0.03216,8
7441,71204,10,1,0,0,0,0,0,7,0,0,0.000,0.000,0.03184,-0.000,0.000,-0.000,0.000,-0.000,0.000,-0.000,0.000,0.042,0.012,0.03452,0.039,0.011,0.03203,8
7456,71214,10,1,0,0,0,0,0,7,0,0,0.000,0.000,0.03180,-0.000,0.000,-0.000,0.000,-0.000,0.000,-0.000,0.000,0.042,0.012,0.03448,0.039,0.011,0.03184,8
7471,71224,10,1,0,0,0,0,0,7,0,0,0.000,0.000,0.03177,-0.000,0.000,-0.000,0.000,-0.000,0.000,-0.000,0.000,0.042,0.012,0.03445,0.039,0.011,0.03180,8
7471,71234,10,1,0,0,0,0,0,7,0,0,0.000,0.000,0.03202,-0.000,0.000,-0.000,0.000,-0.000,0.000,-0.000,0.000,0.042,0.012,0.03470,0.039,0.011,0.03177,8
7487,71244,10,1,0,0,0,0,0,7,0,0,0.000,0.000,0.03221,-0.000,0.000,-0.000,0.000,-0.000,0.000,-0.000,0.000,0.043,0.012,0.03488,0.039,0.011,0.03202,8
7503,71254,10,1,0,0,0,0,0,7,0,0,0.000,0.000,0.03245,-0.000,0.000,-0.000,0.000,-0.000,0.000,-0.000,0.000,0.043,0.012,0.03512,0.039,0.011,0.03221,8
7503,71264,10,1,0,0,0,0,0,7,0,0,0.000,0.000,0.03220,-0.000,0.000,-0.000,0.000,-0.000,0.000,-0.000,0.000,0.043,0.012,0.03488,0.040,0.011,0.03245,8
7519,71274,10,1,0,0,0,0,0,7,0,0,0.000,0.000,0.03217,-0.000,0.000,-0.000,0.000,-0.000,0.000,-0.000,0.000,0.043,0.012,0.03485,0.039,0.011,0.03220,8
7519,71284,10,1,0,0,0,0,0,7,0,0,0.000,0.000,0.03189,-0.000,0.000,-0.000,0.000,-0.000,0.000,-0.000,0.000,0.042,0.012,0.03456,0.039,0.011,0.03217,8
7535,71294,10,1,0,0,0,0,0,7,0,0,0.000,0.000,0.03168,-0.000,0.000,-0.000,0.000,-0.000,0.000,-0.000,0.000,0.042,0.012,0.03435,0.039,0.011,0.03189,8
7550,71304,10,1,0,0,0,0,0,7,0,0,0.000,0.000,0.03158,-0.000,0.000,-0.000,0.000,-0.000,0.000,-0.000,0.000,0.042,0.012,0.03425,0.039,0.011,0.03168,8
7550,71314,10,1,0,0,0,0,0,7,0,0,0.000,0.000,0.03166,-0.000,0.000,-0.000,0.000,-0.000,0.000,-0.000,0.000,0.042,0.012,0.03434,0.039,0.011,0.03158,8
7566,71324,10,1,0,0,0,0,0,7,0,0,0.000,0.000,0.03162,-0.000,0.000,-0.000,0.000,-0.000,0.000,-0.000,0.000,0.042,0.012,0.03429,0.039,0.011,0.03166,8
7581,71334,10,1,0,0,0,0,0,7,0,0,0.000,0.000,0.03154,-0.000,0.000,-0.000,0.000,-0.000,0.000,-0.000,0.000,0.042,0.012,0.03421,0.039,0.011,0.03162,8
7581,71344,10,1,0,0,0,0,0,7,0,0,0.000,0.000,0.03177,-0.000,0.000,-0.000,0.000,-0.000,0.000,-0.000,0.000,0.042,0.012,0.03445,0.039,0.011,0.03154,8
7596,71354,10,1,0,0,0,0,0,7,0,0,0.000,0.000,0.03203,-0.000,0.000,-0.000,0.000,-0.000,0.000,-0.000,0.000,0.042,0.012,0.03471,0.039,0.011,0.03177,8
7612,71364,10,1,0,0,0,0,0,7,0,0,0.000,0.000,0.03191,-0.000,0.000,-0.000,0.000,-0.000,0.000,-0.000,0.000,0.042,0.012,0.03459,0.039,0.011,0.03203,8
7612,71374,10,1,0,0,0,0,0,7,0,0,0.000,0.000,0.03179,-0.000,0.000,-0.000,0.000,-0.000,0.000,-0.000,0.000,0.042,0.012,0.03447,0.039,0.011,0.03191,8
7628,71384,10,1,0,0,0,0,0,7,0,0,0.000,0.000,0.03185,-0.000,0.000,-0.000,0.000,-0.000,0.000,-0.000,0.000,0.042,0.012,0.03452,0.039,0.011,0.03179,8
7628,71394,10,1,0,0,0,0,0,7,0,0,0.000,0.000,0.03205,-0.000,0.000,-0.000,0.000,-0.000,0.000,-0.000,0.000,0.042,0.012,0.03473,0.039,0.011,0.03185,8
7645,71404,10,1,0,0,0,0,0,7,0,0,0.000,0.000,0.03193,-0.000,0.000,-0.000,0.000,-0.000,0.000,-0.000,0.000,0.042,0.012,0.03460,0.039,0.011,0.03205,8
7675,71414,10,1,0,0,0,0,0,7,0,0,0.000,0.000,0.03175,-0.000,0.000,-0.000,0.000,-0.000,0.000,-0.000,0.000,0.042,0.012,0.03443,0.039,0.011,0.03193,8
7675,71424,10,1,0,0,0,0,0,7,0,0,0.000,0.000,0.03171,-0.000,0.000,-0.000,0.000,-0.000,0.000,-0.000,0.000,0.042,0.012,0.03439,0.039,0.011,0.03175,8
7675,71434,10,1,0,0,0,0,0,7,0,0,0.000,0.000,0.03178,-0.000,0.000,-0.000,0.000,-0.000,0.000,-0.000,0.000,0.042,0.012,0.03446,0.039,0.011,0.03171,8
7692,71444,10,1,0,0,0,0,0,7,0,0,0.000,0.000,0.03174,-0.000,0.000,-0.000,0.000,-0.000,0.000,-0.000,0.000,0.042,0.012,0.03442,0.039,0.011,0.03178,8
7692,71454,10,1,0,0,0,0,0,7,0,0,0.000,0.000,0.03179,-0.000,0.000,-0.000,0.000,-0.000,0.000,-0.000,0.000,0.042,0.012,0.03446,0.039,0.011,0.03174,8
7723,71464,10,1,0,0,0,0,0,7,0,0,0.000,0.000,0.03191,-0.000,0.000,-0.000,0.000,-0.000,0.000,-0.000,0.000,0.042,0.012,0.03458,0.039,0.011,0.03179,8
7723,71474,10,1,0,0,0,0,0,7,0,0,0.000,0.000,0.03197,-0.000,0.000,-0.000,0.000,-0.000,0.000,-0.000,0.000,0.042,0.012,0.03464,0.039,0.011,0.03191,8
7723,71484,10,1,0,0,0,0,0,7,0,0,0.000,0.000,0.03208,-0.000,0.000,-0.000,0.000,-0.000,0.000,-0.000,0.000,0.042,0.012,0.03476,0.039,0.011,0.03197,8
7739,71494,10,1,0,0,0,0,0,7,0,0,0.000,0.000,0.03230,-0.000,0.000,-0.000,0.000,-0.000,0.000,-0.000,0.000,0.043,0.012,0.03497,0.039,0.011,0.03208,8
7739,71504,10,1,0,0,0,0,0,7,0,0,0.000,0.000,0.03217,-0.000,0.000,-0.000,0.000,-0.000,0.000,-0.000,0.000,0.043,0.012,0.03484,0.039,0.011,0.03230,8
7771,71514,10,1,0,0,0,0,0,7,0,0,0.000,0.000,0.03202,-0.000,0.000,-0.000,0.000,-0.000,0.000,-0.000,0.000,0.042,0.012,0.03469,0.039,0.011,0.03217,8
7771,71524,10,1,0,0,0,0,0,7,0,0,0.000,0.000,0.03187,-0.000,0.000,-0.000,0.000,-0.000,0.000,-0.000,0.000,0.042,0.012,0.03455,0.039,0.011,0.03202,8
7771,71534,10,1,0,0,0,0,0,7,0,0,0.000,0.000,0.03174,-0.000,0.000,-0.000,0.000,-0.000,0.000,-0.000,0.000,0.042,0.012,0.03442,0.039,0.011,0.03187,8
7787,71544,10,1,0,0,0,0,0,7,0,0,0.000,0.000,0.03195,-0.000,0.000,-0.000,0.000,-0.000,0.000,-0.000,0.000,0.042,0.012,0.03463,0.039,0.011,0.03174,8
7802,71554,10,1,0,0,0,0,0,7,0,0,0.000,0.000,0.03191,-0.000,0.000,-0.000,0.000,-0.000,0.000,-0.000,0.000,0.042,0.012,0.03459,0.039,0.011,0.03195,8
7802,71564,10,1,0,0,0,0,0,7,0,0,0.000,0.000,0.03192,-0.000,0.000,-0.000,0.000,-0.000,0.000,-0.000,0.000,0.042,0.012,0.03459,0.039,0.011,0.03191,8
7818,71574,10,1,0,0,0,0,0,7,0,0,0.000,0.000,0.03218,-0.000,0.000,-0.000,0.000,-0.000,0.000,-0.000,0.000,0.043,0.012,0.03486,0.039,0.011,0.03192,8
7833,71584,10,1,0,0,0,0,0,7,0,0,0.000,0.000,0.03192,-0.000,0.000,-0.000,0.000,-0.000,0.000,-0.000,0.000,0.042,0.012,0.03459,0.039,0.011,0.03218,8
7833,71594,10,1,0,0,0,0,0,7,0,0,0.000,0.000,0.03181,-0.000,0.000,-0.000,0.000,-0.000,0.000,-0.000,0.000,0.042,0.012,0.03448,0.039,0.011,0.03192,8
7849,71604,10,1,0,0,0,0,0,7,0,0,0.000,0.000,0.03193,-0.000,0.000,-0.000,0.000,-0.000,0.000,-0.000,0.000,0.042,0.012,0.03461,0.039,0.011,0.03181,8
7849,71614,10,1,0,0,0,0,0,7,0,0,0.000,0.000,0.03201,-0.000,0.000,-0.000,0.000,-0.000,0.000,-0.000,0.000,0.042,0.012,0.03469,0.039,0.011,0.03193,8
7865,71624,10,1,0,0,0,0,0,7,0,0,0.000,0.000,0.03188,-0.000,0.000,-0.000,0.000,-0.000,0.000,-0.000,0.000,0.042,0.012,0.03455,0.039,0.011,0.03201,8
7880,71634,10,1,0,0,0,0,0,7,0,0,0.000,0.000,0.03180,-0.000,0.000,-0.000,0.000,-0.000,0.000,-0.000,0.000,0.042,0.012,0.03447,0.039,0.011,0.03188,8
7880,71644,10,1,0,0,0,0,0,7,0,0,0.000,0.000,0.03190,-0.000,0.000,-0.000,0.000,-0.000,0.000,-0.000,0.000,0.042,0.012,0.03457,0.039,0.011,0.03180,8
7910,71654,10,1,0,0,0,0,0,7,0,0,0.000,0.000,0.03190,-0.000,0.000,-0.000,0.000,-0.000,0.000,-0.000,0.000,0.042,0.012,0.03458,0.039,0.011,0.03190,8
7910,71664,10,1,0,0,0,0,0,7,0,0,0.000,0.000,0.03203,-0.000,0.000,-0.000,0.000,-0.000,0.000,-0.000,0.000,0.042,0.012,0.03471,0.039,0.011,0.03190,8
7910,71674,10,1,0,0,0,0,0,7,0,0,0.000,0.000,0.03225,-0.000,0.000,-0.000,0.000,-0.000,0.000,-0.000,0.000,0.043,0.012,0.03493,0.039,0.011,0.03203,8
7941,71684,10,1,0,0,0,0,0,7,0,0,0.000,0.000,0.03225,-0.000,0.000,-0.000,0.000,-0.000,0.000,-0.000,0.000,0.043,0.012,0.03493,0.039,0.011,0.03225,8
7941,71694,10,1,0,0,0,0,0,7,0,0,0.000,0.000,0.03237,-0.000,0.000,-0.000,0.000,-0.000,0.000,-0.000,0.000,0.043,0.012,0.03504,0.039,0.011,0.03225,8
7941,71704,10,1,0,0,0,0,0,7,0,0,0.000,0.000,0.03234,-0.000,0.000,-0.000,0.000,-0.000,0.000,-0.000,0.000,0.043,0.012,0.03501,0.040,0.011,0.03237,8
7957,71714,10,1,0,0,0,0,0,7,0,0,0.000,0.000,0.03245,-0.000,0.000,-0.000,0.000,-0.000,0.000,-0.000,0.000,0.043,0.012,0.03513,0.040,0.011,0.03234,8
7972,71724,10,1,0,0,0,0,0,7,0,0,0.000,0.000,0.03243,-0.000,0.000,-0.000,0.000,-0.000,0.000,-0.000,0.000,0.043,0.012,0.03511,0.040,0.011,0.03245,8
7972,71734,10,1,0,0,0,0,0,7,0,0,0.000,0.000,0.03224,-0.000,0.000,-0.000,0.000,-0.000,0.000,-0.000,0.000,0.043,0.012,0.03492,0.040,0.011,0.03243,8
7988,71744,10,1,0,0,0,0,0,7,0,0,0.000,0.000,0.03207,-0.000,0.000,-0.000,0.000,-0.000,0.000,-0.000,0.000,0.042,0.012,0.03475,0.039,0.011,0.03224,8
7988,71754,10,1,0,0,0,0,0,7,0,0,0.000,0.000,0.03229,-0.000,0.000,-0.000,0.000,-0.000,0.000,-0.000,0.000,0.043,0.012,0.03496,0.039,0.011,0.03207,8
8004,71764,10,1,0,0,0,0,0,7,0,0,0.000,0.000,0.03239,-0.000,0.000,-0.000,0.000,-0.000,0.000,-0.000,0.000,0.043,0.012,0.03507,0.039,0.011,0.03229,8
8034,71774,10,1,0,0,0,0,0,7,0,0,0.000,0.000,0.03248,-0.000,0.000,-0.000,0.000,-0.000,0.000,-0.000,0.000,0.043,0.012,0.03516,0.040,0.011,0.03239,8
8034,71784,10,1,0,0,0,0,0,7,0,0,0.000,0.000,0.03236,-0.000,0.000,-0.000,0.000,-0.000,0.000,-0.000,0.000,0.043,0.012,0.03504,0.040,0.011,0.03248,8
8034,71794,10,1,0,0,0,0,0,7,0,0,0.000,0.000,0.03250,-0.000,0.000,-0.000,0.000,-0.000,0.000,-0.000,0.000,0.043,0.012,0.03518,0.040,0.011,0.03236,8
8049,71804,10,1,0,0,0,0,0,7,0,0,0.000,0.000,0.03241,-0.000,0.000,-0.000,0.000,-0.000,0.000,-0.000,0.000,0.043,0.012,0.03508,0.040,0.011,0.03250,8
8049,71814,10,1,0,0,0,0,0,7,0,0,0.000,0.000,0.03218,-0.000,0.000,-0.000,0.000,-0.000,0.000,-0.000,0.000,0.043,0.012,0.03486,0.040,0.011,0.03241,8
8066,71824,10,1,0,0,0,0,0,7,0,0,0.000,0.000,0.03201,-0.000,0.000,-0.000,0.000,-0.000,0.000,-0.000,0.000,0.042,0.012,0.03469,0.039,0.011,0.03218,8
8081,71834,10,1,0,0,0,0,0,7,0,0,0.000,0.075,0.03211,-0.000,0.000,-0.000,0.000,-0.000,0.000,-0.000,0.000,0.118,0.012,0.03479,0.039,0.011,0.03201,8
8081,71844,10,1,0,0,0,0,0,7,0,0,0.000,0.000,0.03212,-0.000,0.000,-0.000,0.000,-0.000,0.000,-0.000,0.000,0.043,0.012,0.03480,0.115,0.011,0.03211,8
8096,71854,10,1,0,0,0,0,0,7,0,0,0.000,0.000,0.03212,-0.000,0.000,-0.000,0.000,-0.000,0.000,-0.000,0.000,0.043,0.012,0.03479,0.039,0.011,0.03212,8
8111,71864,10,1,0,0,0,0,0,7,0,0,0.000,0.000,0.03195,-0.000,0.000,-0.000,0.000,-0.000,0.000,-0.000,0.000,0.042,0.012,0.03463,0.039,0.011,0.03212,8
8111,71874,10,1,0,0,0,0,0,7,0,0,0.000,0.000,0.03170,-0.000,0.000,-0.000,0.000,-0.000,0.000,-0.000,0.000,0.042,0.012,0.03437,0.039,0.011,0.03195,8
8127,71884,10,1,0,0,0,0,0,7,0,0,0.000,0.000,0.03168,-0.000,0.000,-0.000,0.000,-0.000,0.000,-0.000,0.000,0.042,0.012,0.03436,0.039,0.011,0.03170,8
8143,71894,10,1,0,0,0,0,0,7,0,0,0.000,0.000,0.03167,-0.000,0.000,-0.000,0.000,-0.000,0.000,-0.000,0.000,0.042,0.012,0.03435,0.039,0.011,0.03168,8
8143,71904,10,1,0,0,0,0,0,7,0,0,0.000,0.000,0.03157,-0.000,0.000,-0.000,0.000,-0.000,0.000,-0.000,0.000,0.042,0.012,0.03425,0.039,0.011,0.03167,8
8159,71914,10,1,0,0,0,0,0,7,0,0,0.000,0.000,0.03168,-0.000,0.000,-0.000,0.000,-0.000,0.000,-0.000,0.000,0.042,0.012,0.03436,0.039,0.011,0.03157,8
8159,71924,10,1,0,0,0,0,0,7,0,0,0.000,0.000,0.03188,-0.000,0.000,-0.000,0.000,-0.000,0.000,-0.000,0.000,0.042,0.012,0.03455,0.039,0.011,0.03168,8
8174,71934,10,1,0,0,0,0,0,7,0,0,0.000,0.000,0.03215,-0.000,0.000,-0.000,0.000,-0.000,0.000,-0.000,0.000,0.043,0.012,0.03482,0.039,0.011,0.03188,8
8191,71944,10,1,0,0,0,0,0,7,0,0,0.000,0.000,0.03222,-0.000,0.000,-0.000,0.000,-0.000,0.000,-0.000,0.000,0.043,0.012,0.03490,0.039,0.011,0.03215,8
8191,71954,10,1,0,0,0,0,0,7,0,0,0.000,0.000,0.03234,-0.000,0.000,-0.000,0.000,-0.000,0.000,-0.000,0.000,0.043,0.012,0.03501,0.039,0.011,0.03222,8
8206,71964,10,1,0,0,0,0,0,7,0,0,0.000,0.000,0.03211,-0.000,0.000,-0.000,0.000,-0.000,0.000,-0.000,0.000,0.043,0.012,0.03478,0.040,0.011,0.03234,8
8222,71974,10,1,0,0,0,0,0,7,0,0,0.000,0.000,0.03182,-0.000,0.000,-0.000,0.000,-0.000,0.000,-0.000,0.000,0.042,0.012,0.03450,0.039,0.011,0.03211,8
8222,71984,10,1,0,0,0,0,0,7,0,0,0.000,0.000,0.03194,-0.000,0.000,-0.000,0.000,-0.000,0.000,-0.000,0.000,0.042,0.012,0.03461,0.039,0.011,0.03182,8
8253,71994,10,1,0,0,0,0,0,7,0,0,0.000,0.000,0.03191,-0.000,0.000,-0.000,0.000,-0.000,0.000,-0.000,0.000,0.042,0.012,0.03459,0.039,0.011,0.03194,8
8253,72004,10,1,0,0,0,0,0,7,0,0,0.000,0.000,0.03204,-0.000,0.000,-0.000,0.000,-0.000,0.000,-0.000,0.000,0.042,0.012,0.03471,0.039,0.011,0.03191,8
8253,72014,10,1,0,0,0,0,0,7,0,0,0.000,0.000,0.03213,-0.000,0.000,-0.000,0.000,-0.000,0.000,-0.000,0.000,0.043,0.012,0.03480,0.039,0.011,0.03204,8
8268,72024,10,1,0,0,0,0,0,7,0,0,0.000,0.000,0.03234,-0.000,0.000,-0.000,0.000,-0.000,0.000,-0.000,0.000,0.043,0.012,0.03502,0.039,0.011,0.03213,8
8268,72034,10,1,0,0,0,0,0,7,0,0,0.000,0.000,0.03224,-0.000,0.000,-0.000,0.000,-0.000,0.000,-0.000,0.000,0.043,0.012,0.03492,0.040,0.011,0.03234,8
8284,72044,10,1,0,0,0,0,0,7,0,0,0.000,0.000,0.03211,-0.000,0.000,-0.000,0.000,-0.000,0.000,-0.000,0.000,0.042,0.012,0.03478,0.039,0.011,0.03224,8
8315,72054,10,1,0,0,0,0,0,7,0,0,0.000,0.000,0.03208,-0.000,0.000,-0.000,0.000,-0.000,0.000,-0.000,0.000,0.042,0.012,0.03476,0.039,0.011,0.03211,8
8315,72064,10,1,0,0,0,0,0,7,0,0,0.000,0.000,0.03223,-0.000,0.000,-0.000,0.000,-0.000,0.000,-0.000,0.000,0.043,0.012,0.03491,0.039,0.011,0.03208,8
8315,72074,10,1,0,0,0,0,0,7,0,0,0.000,0.000,0.03239,-0.000,0.000,-0.000,0.000,-0.000,0.000,-0.000,0.000,0.043,0.012,0.03507,0.039,0.011,0.03223,8
8331,72084,10,1,0,0,0,0,0,7,0,0,0.000,0.000,0.03259,-0.000,0.000,-0.000,0.000,-0.000,0.000,-0.000,0.000,0.043,0.012,0.03526,0.040,0.011,0.03239,8
8331,72094,10,1,0,0,0,0,0,7,0,0,0.000,0.000,0.03249,-0.000,0.000,-0.000,0.000,-0.000,0.000,-0.000,0.000,0.043,0.012,0.03517,0.040,0.011,0.03259,8
8346,72104,10,1,0,0,0,0,0,7,0,0,0.000,0.000,0.03259,-0.000,0.000,-0.000,0.000,-0.000,0.000,-0.000,0.000,0.043,0.012,0.03526,0.040,0.011,0.03249,8
8362,72114,10,1,0,0,0,0,0,7,0,0,0.000,0.000,0.03277,-0.000,0.000,-0.000,0.000,-0.000,0.000,-0.000,0.000,0.043,0.012,0.03545,0.040,0.011,0.03259,8
8362,72124,10,1,0,0,0,0,0,7,0,0,0.000,0.000,0.03262,-0.000,0.000,-0.000,0.000,-0.000,0.000,-0.000,0.000,0.043,0.012,0.03530,0.040,0.011,0.03277,8
8377,72134,10,1,0,0,0,0,0,7,0,0,0.000,0.000,0.03244,-0.000,0.000,-0.000,0.000,-0.000,0.000,-0.000,0.000,0.043,0.012,0.03511,0.040,0.011,0.03262,8
8392,72144,10,1,0,0,0,0,0,7,0,0,0.000,0.000,0.03244,-0.000,0.000,-0.000,0.000,-0.000,0.000,-0.000,0.000,0.043,0.012,0.03511,0.040,0.011,0.03244,8
8392,72154,10,1,0,0,0,0,0,7,0,0,0.000,0.000,0.03218,-0.000,0.000,-0.000,0.000,-0.000,0.000,-0.000,0.000,0.043,0.012,0.03486,0.040,0.011,0.03244,8
8408,72164,10,1,0,0,0,0,0,7,0,0,0.000,0.000,0.03207,-0.000,0.000,-0.000,0.000,-0.000,0.000,-0.000,0.000,0.042,0.012,0.03474,0.039,0.011,0.03218,8
8408,72174,10,1,0,0,0,0,0,7,0,0,0.000,0.000,0.03212,-0.000,0.000,-0.000,0.000,-0.000,0.000,-0.000,0.000,0.043,0.012,0.03479,0.039,0.011,0.03207,8
8424,72184,10,1,0,0,0,0,0,7,0,0,0.000,0.000,0.03205,-0.000,0.000,-0.000,0.000,-0.000,0.000,-0.000,0.000,0.042,0.012,0.03472,0.039,0.011,0.03212,8
8440,72194,10,1,0,0,0,0,0,7,0,0,0.000,0.000,0.03195,-0.000,0.000,-0.000,0.000,-0.000,0.000,-0.000,0.000,0.042,0.012,0.03463,0.039,0.011,0.03205,8
8440,72204,10,1,0,0,0,0,0,7,0,0,0.000,0.000,0.03207,-0.000,0.000,-0.000,0.000,-0.000,0.000,-0.000,0.000,0.042,0.012,0.03475,0.039,0.011,0.03195,8
8455,72214,10,1,0,0,0,0,0,7,0,0,0.000,0.000,0.03212,-0.000,0.000,-0.000,0.000,-0.000,0.000,-0.000,0.000,0.043,0.012,0.03479,0.039,0.011,0.03207,8
8470,72224,10,1,0,0,0,0,0,7,0,0,0.000,0.000,0.03181,-0.000,0.000,-0.000,0.000,-0.000,0.000,-0.000,0.000,0.042,0.012,0.03448,0.039,0.011,0.03212,8
8470,72234,10,1,0,0,0,0,0,7,0,0,0.000,0.000,0.03156,-0.000,0.000,-0.000,0.000,-0.000,0.000,-0.000,0.000,0.042,0.012,0.03424,0.039,0.011,0.03181,8
8486,72244,10,1,0,0,0,0,0,7,0,0,0.000,0.000,0.03134,-0.000,0.000,-0.000,0.000,-0.000,0.000,-0.000,0.000,0.042,0.012,0.03402,0.039,0.011,0.03156,8
8501,72254,10,1,0,0,0,0,0,7,0,0,0.000,0.000,0.03145,-0.000,0.000,-0.000,0.000,-0.000,0.000,-0.000,0.000,0.042,0.012,0.03412,0.038,0.011,0.03134,8
8501,72264,10,1,0,0,0,0,0,7,0,0,0.000,0.000,0.03151,-0.000,0.000,-0.000,0.000,-0.000,0.000,-0.000,0.000,0.042,0.012,0.03419,0.038,0.011,0.03145,8
8517,72274,10,1,0,0,0,0,0,7,0,0,0.000,0.000,0.03137,-0.000,0.000,-0.000,0.000,-0.000,0.000,-0.000,0.000,0.042,0.012,0.03405,0.039,0.011,0.03151,8
8533,72284,10,1,0,0,0,0,0,7,0,0,0.000,0.000,0.03151,-0.000,0.000,-0.000,0.000,-0.000,0.000,-0.000,0.000,0.042,0.012,0.03418,0.038,0.011,0.03137,8
8533,72294,10,1,0,0,0,0,0,7,0,0,0.000,0.000,0.03141,-0.000,0.000,-0.000,0.000,-0.000,0.000,-0.000,0.000,0.042,0.012,0.03409,0.038,0.011,0.03151,8
8548,72304,10,1,0,0,0,0,0,7,0,0,0.000,0.000,0.03152,-0.000,0.000,-0.000,0.000,-0.000,0.000,-0.000,0.000,0.042,0.012,0.03420,0.038,0.011,0.03141,8
8548,72314,10,1,0,0,0,0,0,7,0,0,0.000,0.000,0.03151,-0.000,0.000,-0.000,0.000,-0.000,0.000,-0.000,0.000,0.042,0.012,0.03419,0.039,0.011,0.03152,8
8566,72324,10,1,0,0,0,0,0,7,0,0,0.000,0.000,0.03145,-0.000,0.000,-0.000,0.000,-0.000,0.000,-0.000,0.000,0.042,0.012,0.03413,0.039,0.011,0.03151,8
8595,72334,10,1,0,0,0,0,0,7,0,0,0.000,0.000,0.03141,-0.000,0.000,-0.000,0.000,-0.000,0.000,-0.000,0.000,0.042,0.012,0.03408,0.038,0.011,0.03145,8
8595,72344,10,1,0,0,0,0,0,7,0,0,0.000,0.000,0.03138,-0.000,0.000,-0.000,0.000,-0.000,0.000,-0.000,0.000,0.042,0.012,0.03406,0.038,0.011,0.03141,8
8595,72354,10,1,0,0,0,0,0,7,0,0,0.000,0.000,0.03141,-0.000,0.000,-0.000,0.000,-0.000,0.000,-0.000,0.000,0.042,0.012,0.03409,0.038,0.011,0.03138,8
8611,72364,10,1,0,0,0,0,0,7,0,0,0.000,0.000,0.03157,-0.000,0.000,-0.000,0.000,-0.000,0.000,-0.000,0.000,0.042,0.012,0.03425,0.038,0.011,0.03141,8
8611,72374,10,1,0,0,0,0,0,7,0,0,0.000,0.000,0.03191,-0.000,0.000,-0.000,0.000,-0.000,0.000,-0.000,0.000,0.042,0.012,0.03458,0.039,0.011,0.03157,8
8627,72384,10,1,0,0,0,0,0,7,0,0,0.000,0.000,0.03203,-0.000,0.000,-0.000,0.000,-0.000,0.000,-0.000,0.000,0.042,0.012,0.03470,0.039,0.011,0.03191,8
8643,72394,10,1,0,0,0,0,0,7,0,0,0.000,0.000,0.03213,-0.000,0.000,-0.000,0.000,-0.000,0.000,-0.000,0.000,0.043,0.012,0.03480,0.039,0.011,0.03203,8
8643,72404,10,1,0,0,0,0,0,7,0,0,0.000,0.000,0.03195,-0.000,0.000,-0.000,0.000,-0.000,0.000,-0.000,0.000,0.042,0.012,0.03463,0.039,0.011,0.03213,8
8658,72414,10,1,0,0,0,0,0,7,0,0,0.000,0.000,0.03185,-0.000,0.000,-0.000,0.000,-0.000,0.000,-0.000,0.000,0.042,0.012,0.03453,0.039,0.011,0.03195,8
8674,72424,10,1,0,0,0,0,0,7,0,0,0.000,0.000,0.03183,-0.000,0.000,-0.000,0.000,-0.000,0.000,-0.000,0.000,0.042,0.012,0.03450,0.039,0.011,0.03185,8
8674,72434,10,1,0,0,0,0,0,7,0,0,0.000,0.000,0.03185,-0.000,0.000,-0.000,0.000,-0.000,0.000,-0.000,0.000,0.042,0.012,0.03453,0.039,0.011,0.03183,8
8690,72444,10,1,0,0,0,0,0,7,0,0,0.000,0.000,0.03181,-0.000,0.000,-0.000,0.000,-0.000,0.000,-0.000,0.000,0.042,0.012,0.03448,0.039,0.011,0.03185,8
8690,72454,10,1,0,0,0,0,0,7,0,0,0.000,0.000,0.03180,-0.000,0.000,-0.000,0.000,-0.000,0.000,-0.000,0.000,0.042,0.012,0.03447,0.039,0.011,0.03181,8
8704,72464,10,1,0,0,0,0,0,7,0,0,0.000,0.000,0.03182,-0.000,0.000,-0.000,0.000,-0.000,0.000,-0.000,0.000,0.042,0.012,0.03450,0.039,0.011,0.03180,8
8720,72474,10,1,0,0,0,0,0,7,0,0,0.000,0.000,0.03175,-0.000,0.000,-0.000,0.000,-0.000,0.000,-0.000,0.000,0.042,0.012,0.03443,0.039,0.011,0.03182,8
8720,72484,10,1,0,0,0,0,0,7,0,0,0.000,0.000,0.03171,-0.000,0.000,-0.000,0.000,-0.000,0.000,-0.000,0.000,0.042,0.012,0.03439,0.039,0.011,0.03175,8
8735,72494,10,1,0,0,0,0,0,7,0,0,0.000,0.000,0.03191,-0.000,0.000,-0.000,0.000,-0.000,0.000,-0.000,0.000,0.042,0.012,0.03458,0.039,0.011,0.03171,8
8751,72504,10,1,0,0,0,0,0,7,0,0,0.000,0.000,0.03176,-0.000,0.000,-0.000,0.000,-0.000,0.000,-0.000,0.000,0.042,0.012,0.03444,0.039,0.011,0.03191,8
8751,72514,10,1,0,0,0,0,0,7,0,0,0.000,0.000,0.03182,-0.000,0.000,-0.000,0.000,-0.000,0.000,-0.000,0.000,0.042,0.012,0.03449,0.039,0.011,0.03176,8
8767,72524,10,1,0,0,0,0,0,7,0,0,0.000,0.000,0.03205,-0.000,0.000,-0.000,0.000,-0.000,0.000,-0.000,0.000,0.042,0.012,0.03472,0.039,0.011,0.03182,8
8783,72534,10,1,0,0,0,0,0,7,0,0,0.000,0.000,0.03203,-0.000,0.000,-0.000,0.000,-0.000,0.000,-0.000,0.000,0.042,0.012,0.03471,0.039,0.011,0.03205,8
8783,72544,10,1,0,0,0,0,0,7,0,0,0.000,0.000,0.03197,-0.000,0.000,-0.000,0.000,-0.000,0.000,-0.000,0.000,0.042,0.012,0.03464,0.039,0.011,0.03203,8
8798,72554,10,1,0,0,0,0,0,7,0,0,0.000,0.000,0.03186,-0.000,0.000,-0.000,0.000,-0.000,0.000,-0.000,0.000,0.042,0.012,0.03453,0.039,0.011,0.03197,8
8813,72564,10,1,0,0,0,0,0,7,0,0,0.000,0.000,0.03185,-0.000,0.000,-0.000,0.000,-0.000,0.000,-0.000,0.000,0.042,0.012,0.03453,0.039,0.011,0.03186,8
8813,72574,10,1,0,0,0,0,0,7,0,0,0.000,0.000,0.03187,-0.000,0.000,-0.000,0.000,-0.000,0.000,-0.000,0.000,0.042,0.012,0.03454,0.039,0.011,0.03185,8
8828,72584,10,1,0,0,0,0,0,7,0,0,0.000,0.000,0.03194,-0.000,0.000,-0.000,0.000,-0.000,0.000,-0.000,0.000,0.042,0.012,0.03462,0.039,0.011,0.03187,8
8828,72594,10,1,0,0,0,0,0,7,0,0,0.000,0.000,0.03175,-0.000,0.000,-0.000,0.000,-0.000,0.000,-0.000,0.000,0.042,0.012,0.03442,0.039,0.011,0.03194,8
8844,72604,10,1,0,0,0,0,0,7,0,0,0.000,0.000,0.03183,-0.000,0.000,-0.000,0.000,-0.000,0.000,-0.000,0.000,0.042,0.012,0.03450,0.039,0.011,0.03175,8
8859,72614,10,1,0,0,0,0,0,7,0,0,0.000,0.000,0.03195,-0.000,0.000,-0.000,0.000,-0.000,0.000,-0.000,0.000,0.042,0.012,0.03463,0.039,0.011,0.03183,8
8859,72624,10,1,0,0,0,0,0,7,0,0,0.000,0.000,0.03203,-0.000,0.000,-0.000,0.000,-0.000,0.000,-0.000,0.000,0.042,0.012,0.03471,0.039,0.011,0.03195,8
8874,72634,10,1,0,0,0,0,0,7,0,0,0.000,0.000,0.03198,-0.000,0.000,-0.000,0.000,-0.000,0.000,-0.000,0.000,0.042,0.012,0.03465,0.039,0.011,0.03203,8
8890,72644,10,1,0,0,0,0,0,7,0,0,0.000,0.000,0.03191,-0.000,0.000,-0.000,0.000,-0.000,0.000,-0.000,0.000,0.042,0.012,0.03458,0.039,0.011,0.03198,8
8890,72654,10,1,0,0,0,0,0,7,0,0,0.000,0.000,0.03204,-0.000,0.000,-0.000,0.000,-0.000,0.000,-0.000,0.000,0.042,0.012,0.03471,0.039,0.011,0.03191,8
8905,72664,10,1,0,0,0,0,0,7,0,0,0.000,0.000,0.03199,-0.000,0.000,-0.000,0.000,-0.000,0.000,-0.000,0.000,0.042,0.012,0.03467,0.039,0.011,0.03204,8
8920,72674,10,1,0,0,0,0,0,7,0,0,0.000,0.000,0.03191,-0.000,0.000,-0.000,0.000,-0.000,0.000,-0.000,0.000,0.042,0.012,0.03458,0.039,0.011,0.03199,8
8920,72684,10,1,0,0,0,0,0,7,0,0,0.000,0.000,0.03221,-0.000,0.000,-0.000,0.000,-0.000,0.000,-0.000,0.000,0.043,0.012,0.03489,0.039,0.011,0.03191,8
8936,72694,10,1,0,0,0,0,0,7,0,0,0.000,0.000,0.03233,-0.000,0.000,-0.000,0.000,-0.000,0.000,-0.000,0.000,0.043,0.012,0.03500,0.039,0.011,0.03221,8
8951,72704,10,1,0,0,0,0,0,7,0,0,0.000,0.000,0.03242,-0.000,0.000,-0.000,0.000,-0.000,0.000,-0.000,0.000,0.043,0.012,0.03509,0.039,0.011,0.03233,8
8951,72714,10,1,0,0,0,0,0,7,0,0,0.000,0.000,0.03240,-0.000,0.000,-0.000,0.000,-0.000,0.000,-0.000,0.000,0.043,0.012,0.03507,0.040,0.011,0.03242,8
8967,72724,10,1,0,0,0,0,0,7,0,0,0.000,0.000,0.03227,-0.000,0.000,-0.000,0.000,-0.000,0.000,-0.000,0.000,0.043,0.012,0.03494,0.040,0.011,0.03240,8
8983,72734,10,1,0,0,0,0,0,7,0,0,0.000,0.000,0.03214,-0.000,0.000,-0.000,0.000,-0.000,0.000,-0.000,0.000,0.043,0.012,0.03481,0.039,0.011,0.03227,8
8983,72744,10,1,0,0,0,0,0,7,0,0,0.000,0.000,0.03200,-0.000,0.000,-0.000,0.000,-0.000,0.000,-0.000,0.000,0.042,0.012,0.03468,0.039,0.011,0.03214,8
8998,72754,10,1,0,0,0,0,0,7,0,0,0.000,0.000,0.03174,-0.000,0.000,-0.000,0.000,-0.000,0.000,-0.000,0.000,0.042,0.012,0.03442,0.039,0.011,0.03200,8
8998,72764,10,1,0,0,0,0,0,7,0,0,0.000,0.000,0.03181,-0.000,0.000,-0.000,0.000,-0.000,0.000,-0.000,0.000,0.042,0.012,0.03448,0.039,0.011,0.03174,8
9013,72774,10,1,0,0,0,0,0,7,0,0,0.000,0.000,0.03196,-0.000,0.000,-0.000,0.000,-0.000,0.000,-0.000,0.000,0.042,0.012,0.03464,0.039,0.011,0.03181,8
9029,72784,10,1,0,0,0,0,0,7,0,0,0.000,0.000,0.03207,-0.000,0.000,-0.000,0.000,-0.000,0.000,-0.000,0.000,0.042,0.012,0.03475,0.039,0.011,0.03196,8
9029,72794,10,1,0,0,0,0,0,7,0,0,0.000,0.000,0.03201,-0.000,0.000,-0.000,0.000,-0.000,0.000,-0.000,0.000,0.042,0.012,0.03469,0.039,0.011,0.03207,8
9044,72804,10,1,0,0,0,0,0,7,0,0,0.000,0.000,0.03225,-0.000,0.000,-0.000,0.000,-0.000,0.000,-0.000,0.000,0.043,0.012,0.03492,0.039,0.011,0.03201,8
9060,72814,10,1,0,0,0,0,0,7,0,0,0.000,0.000,0.03252,-0.000,0.000,-0.000,0.000,-0.000,0.000,-0.000,0.000,0.043,0.012,0.03520,0.039,0.011,0.03225,8
9060,72824,10,1,0,0,0,0,0,7,0,0,0.000,0.000,0.03249,-0.000,0.000,-0.000,0.000,-0.000,0.000,-0.000,0.000,0.043,0.012,0.03517,0.040,0.011,0.03252,8
9075,72834,10,1,0,0,0,0,0,7,0,0,0.000,0.000,0.03252,-0.000,0.000,-0.000,0.000,-0.000,0.000,-0.000,0.000,0.043,0.012,0.03520,0.040,0.011,0.03249,8
9091,72844,10,1,0,0,0,0,0,7,0,0,0.000,0.000,0.03249,-0.000,0.000,-0.000,0.000,-0.000,0.000,-0.000,0.000,0.043,0.012,0.03517,0.040,0.011,0.03252,8
9091,72854,10,1,0,0,0,0,0,7,0,0,0.000,0.000,0.03244,-0.000,0.000,-0.000,0.000,-0.000,0.000,-0.000,0.000,0.043,0.012,0.03512,0.040,0.011,0.03249,8
9106,72864,10,1,0,0,0,0,0,7,0,0,0.000,0.000,0.03200,-0.000,0.000,-0.000,0.000,-0.000,0.000,-0.000,0.000,0.042,0.012,0.03468,0.040,0.011,0.03244,8
9121,72874,10,1,0,0,0,0,0,7,0,0,0.000,0.000,0.03177,-0.000,0.000,-0.000,0.000,-0.000,0.000,-0.000,0.000,0.042,0.012,0.03444,0.039,0.011,0.03200,8
9121,72884,10,1,0,0,0,0,0,7,0,0,0.000,0.000,0.03202,-0.000,0.000,-0.000,0.000,-0.000,0.000,-0.000,0.000,0.042,0.012,0.03470,0.039,0.011,0.03177,8
9136,72894,10,1,0,0,0,0,0,7,0,0,0.000,0.000,0.03204,-0.000,0.000,-0.000,0.000,-0.000,0.000,-0.000,0.000,0.042,0.012,0.03471,0.039,0.011,0.03202,8
9152,72904,10,1,0,0,0,0,0,7,0,0,0.000,0.000,0.03186,-0.000,0.000,-0.000,0.000,-0.000,0.000,-0.000,0.000,0.042,0.012,0.03454,0.039,0.011,0.03204,8
9152,72914,10,1,0,0,0,0,0,7,0,0,0.000,0.000,0.03208,-0.000,0.000,-0.000,0.000,-0.000,0.000,-0.000,0.000,0.042,0.012,0.03475,0.039,0.011,0.03186,8
9168,72924,10,1,0,0,0,0,0,7,0,0,0.000,0.000,0.03207,-0.000,0.000,-0.000,0.000,-0.000,0.000,-0.000,0.000,0.042,0.012,0.03474,0.039,0.011,0.03208,8
9168,72934,10,1,0,0,0,0,0,7,0,0,0.000,0.000,0.03201,-0.000,0.000,-0.000,0.000,-0.000,0.000,-0.000,0.000,0.042,0.012,0.03469,0.039,0.011,0.03207,8
9184,72944,10,1,0,0,0,0,0,7,0,0,0.000,0.000,0.03207,-0.000,0.000,-0.000,0.000,-0.000,0.000,-0.000,0.000,0.042,0.012,0.03474,0.039,0.011,0.03201,8
9199,72954,10,1,0,0,0,0,0,7,0,0,0.000,0.000,0.03228,-0.000,0.000,-0.000,0.000,-0.000,0.000,-0.000,0.000,0.043,0.012,0.03496,0.039,0.011,0.03207,8
9199,72964,10,1,0,0,0,0,0,7,0,0,0.000,0.000,0.03228,-0.000,0.000,-0.000,0.000,-0.000,0.000,-0.000,0.000,0.043,0.012,0.03496,0.039,0.011,0.03228,8
9215,72974,10,1,0,0,0,0,0,7,0,0,0.000,0.000,0.03228,-0.000,0.000,-0.000,0.000,-0.000,0.000,-0.000,0.000,0.043,0.012,0.03495,0.039,0.011,0.03228,8
9231,72984,10,1,0,0,0,0,0,7,0,0,0.000,0.000,0.03235,-0.000,0.000,-0.000,0.000,-0.000,0.000,-0.000,0.000,0.043,0.012,0.03502,0.039,0.011,0.03228,8
9231,72994,10,1,0,0,0,0,0,7,0,0,0.000,0.000,0.03226,-0.000,0.000,-0.000,0.000,-0.000,0.000,-0.000,0.000,0.043,0.012,0.03493,0.040,0.011,0.03235,8
9246,73004,10,1,0,0,0,0,0,7,0,0,0.000,0.000,0.03202,-0.000,0.000,-0.000,0.000,-0.000,0.000,-0.000,0.000,0.042,0.012,0.03470,0.039,0.011,0.03226,8
9262,73014,10,1,0,0,0,0,0,7,0,0,0.000,0.000,0.03209,-0.000,0.000,-0.000,0.000,-0.000,0.000,-0.000,0.000,0.042,0.012,0.03477,0.039,0.011,0.03202,8
9262,73024,10,1,0,0,0,0,0,7,0,0,0.000,0.000,0.03199,-0.000,0.000,-0.000,0.000,-0.000,0.000,-0.000,0.000,0.042,0.012,0.03466,0.039,0.011,0.03209,8
9277,73034,10,1,0,0,0,0,0,7,0,0,0.000,0.000,0.03193,-0.000,0.000,-0.000,0.000,-0.000,0.000,-0.000,0.000,0.042,0.012,0.03460,0.039,0.011,0.03199,8
9293,73044,10,1,0,0,0,0,0,7,0,0,0.000,0.000,0.03177,-0.000,0.000,-0.000,0.000,-0.000,0.000,-0.000,0.000,0.042,0.012,0.03445,0.039,0.011,0.03193,8
9293,73054,10,1,0,0,0,0,0,7,0,0,0.000,0.000,0.03138,-0.000,0.000,-0.000,0.000,-0.000,0.000,-0.000,0.000,0.042,0.012,0.03406,0.039,0.011,0.03177,8
9308,73064,10,1,0,0,0,0,0,7,0,0,0.000,0.000,0.03144,-0.000,0.000,-0.000,0.000,-0.000,0.000,-0.000,0.000,0.042,0.012,0.03411,0.038,0.011,0.03138,8
9323,73074,10,1,0,0,0,0,0,7,0,0,0.000,0.000,0.03158,-0.000,0.000,-0.000,0.000,-0.000,0.000,-0.000,0.000,0.042,0.012,0.03425,0.038,0.011,0.03144,8
9323,73084,10,1,0,0,0,0,0,7,0,0,0.000,0.000,0.03171,-0.000,0.000,-0.000,0.000,-0.000,0.000,-0.000,0.000,0.042,0.012,0.03438,0.039,0.011,0.03158,8
9340,73094,10,1,0,0,0,0,0,7,0,0,0.000,0.000,0.03163,-0.000,0.000,-0.000,0.000,-0.000,0.000,-0.000,0.000,0.042,0.012,0.03430,0.039,0.011,0.03171,8
9340,73104,10,1,0,0,0,0,0,7,0,0,0.000,0.000,0.03145,-0.000,0.000,-0.000,0.000,-0.000,0.000,-0.000,0.000,0.042,0.012,0.03412,0.039,0.011,0.03163,8
9355,73114,10,1,0,0,0,0,0,7,0,0,0.000,0.000,0.03162,-0.000,0.000,-0.000,0.000,-0.000,0.000,-0.000,0.000,0.042,0.012,0.03430,0.038,0.011,0.03145,8
9370,73124,10,1,0,0,0,0,0,7,0,0,0.000,0.000,0.03167,-0.000,0.000,-0.000,0.000,-0.000,0.000,-0.000,0.000,0.042,0.012,0.03434,0.039,0.011,0.03162,8
9370,73134,10,1,0,0,0,0,0,7,0,0,0.000,0.000,0.03165,-0.000,0.000,-0.000,0.000,-0.000,0.000,-0.000,0.000,0.042,0.012,0.03432,0.039,0.011,0.03167,8
9386,73144,10,1,0,0,0,0,0,7,0,0,0.000,0.000,0.03170,-0.000,0.000,-0.000,0.000,-0.000,0.000,-0.000,0.000,0.042,0.012,0.03437,0.039,0.011,0.03165,8
9402,73154,10,1,0,0,0,0,0,7,0,0,0.000,0.000,0.03171,-0.000,0.000,-0.000,0.000,-0.000,0.000,-0.000,0.000,0.042,0.012,0.03438,0.039,0.011,0.03170,8
9402,73164,10,1,0,0,0,0,0,7,0,0,0.000,0.000,0.03146,-0.000,0.000,-0.000,0.000,-0.000,0.000,-0.000,0.000,0.042,0.012,0.03413,0.039,0.011,0.03171,8
9417,73174,10,1,0,0,0,0,0,7,0,0,0.000,0.000,0.03150,-0.000,0.000,-0.000,0.000,-0.000,0.000,-0.000,0.000,0.042,0.012,0.03417,0.038,0.011,0.03146,8
9432,73184,10,1,0,0,0,0,0,7,0,0,0.000,0.000,0.03146,-0.000,0.000,-0.000,0.000,-0.000,0.000,-0.000,0.000,0.042,0.012,0.03413,0.038,0.011,0.03150,8
9432,73194,10,1,0,0,0,0,0,7,0,0,0.000,0.000,0.03160,-0.000,0.000,-0.000,0.000,-0.000,0.000,-0.000,0.000,0.042,0.012,0.03428,0.038,0.011,0.03146,8
9448,73204,10,1,0,0,0,0,0,7,0,0,0.000,0.000,0.03156,-0.000,0.000,-0.000,0.000,-0.000,0.000,-0.000,0.000,0.042,0.012,0.03424,0.039,0.011,0.03160,8
9463,73214,10,1,0,0,0,0,0,7,0,0,0.000,0.000,0.03166,-0.000,0.000,-0.000,0.000,-0.000,0.000,-0.000,0.000,0.042,0.012,0.03433,0.039,0.011,0.03156,8
9463,73224,10,1,0,0,0,0,0,7,0,0,0.000,0.000,0.03164,-0.000,0.000,-0.000,0.000,-0.000,0.000,-0.000,0.000,0.042,0.012,0.03431,0.039,0.011,0.03166,8
9479,73234,10,1,0,0,0,0,0,7,0,0,0.000,0.000,0.03182,-0.000,0.000,-0.000,0.000,-0.000,0.000,-0.000,0.000,0.042,0.012,0.03449,0.039,0.011,0.03164,8
9479,73244,10,1,0,0,0,0,0,7,0,0,0.000,0.000,0.03169,-0.000,0.000,-0.000,0.000,-0.000,0.000,-0.000,0.000,0.042,0.012,0.03436,0.039,0.011,0.03182,8
9495,73254,10,1,0,0,0,0,0,7,0,0,0.000,0.000,0.03151,-0.000,0.000,-0.000,0.000,-0.000,0.000,-0.000,0.000,0.042,0.012,0.03419,0.039,0.011,0.03169,8
9510,73264,10,1,0,0,0,0,0,7,0,0,0.000,0.000,0.03153,-0.000,0.000,-0.000,0.000,-0.000,0.000,-0.000,0.000,0.042,0.012,0.03421,0.039,0.011,0.03151,8
9510,73274,10,1,0,0,0,0,0,7,0,0,0.000,0.000,0.03150,-0.000,0.000,-0.000,0.000,-0.000,0.000,-0.000,0.000,0.042,0.012,0.03418,0.039,0.011,0.03153,8
9525,73284,10,1,0,0,0,0,0,7,0,0,0.000,0.000,0.03140,-0.000,0.000,-0.000,0.000,-0.000,0.000,-0.000,0.000,0.042,0.012,0.03408,0.038,0.011,0.03150,8
9541,73294,10,1,0,0,0,0,0,7,0,0,0.000,0.000,0.03132,-0.000,0.000,-0.000,0.000,-0.000,0.000,-0.000,0.000,0.042,0.012,0.03400,0.038,0.011,0.03140,8
9541,73304,10,1,0,0,0,0,0,7,0,0,0.000,0.000,0.03140,-0.000,0.000,-0.000,0.000,-0.000,0.000,-0.000,0.000,0.042,0.012,0.03407,0.038,0.011,0.03132,8
9558,73314,10,1,0,0,0,0,0,7,0,0,0.000,0.000,0.03152,-0.000,0.000,-0.000,0.000,-0.000,0.000,-0.000,0.000,0.042,0.012,0.03419,0.038,0.011,0.03140,8
9573,73324,10,1,0,0,0,0,0,7,0,0,0.000,0.075,0.03145,-0.000,0.000,-0.000,0.000,-0.000,0.000,-0.000,0.000,0.117,0.012,0.03412,0.039,0.011,0.03152,8
9573,73334,10,1,0,0,0,0,0,7,0,0,0.000,0.000,0.03168,-0.000,0.000,-0.000,0.000,-0.000,0.000,-0.000,0.000,0.042,0.012,0.03436,0.114,0.011,0.03145,8
9588,73344,10,1,0,0,0,0,0,7,0,0,0.000,0.000,0.03185,-0.000,0.000,-0.000,0.000,-0.000,0.000,-0.000,0.000,0.042,0.012,0.03453,0.039,0.011,0.03168,8
9603,73354,10,1,0,0,0,0,0,7,0,0,0.000,0.000,0.03188,-0.000,0.000,-0.000,0.000,-0.000,0.000,-0.000,0.000,0.042,0.012,0.03455,0.039,0.011,0.03185,8
9603,73364,10,1,0,0,0,0,0,7,0,0,0.000,0.000,0.03171,-0.000,0.000,-0.000,0.000,-0.000,0.000,-0.000,0.000,0.042,0.012,0.03439,0.039,0.011,0.03188,8
9619,73374,10,1,0,0,0,0,0,7,0,0,0.000,0.000,0.03168,-0.000,0.000,-0.000,0.000,-0.000,0.000,-0.000,0.000,0.042,0.012,0.03435,0.039,0.011,0.03171,8
9619,73384,10,1,0,0,0,0,0,7,0,0,0.000,0.000,0.03170,-0.000,0.000,-0.000,0.000,-0.000,0.000,-0.000,0.000,0.042,0.012,0.03437,0.039,0.011,0.03168,8
9634,73394,10,1,0,0,0,0,0,7,0,0,0.000,0.000,0.03166,-0.000,0.000,-0.000,0.000,-0.000,0.000,-0.000,0.000,0.042,0.012,0.03434,0.039,0.011,0.03170,8
9651,73404,10,1,0,0,0,0,0,7,0,0,0.000,0.000,0.03178,-0.000,0.000,-0.000,0.000,-0.000,0.000,-0.000,0.000,0.042,0.012,0.03446,0.039,0.011,0.03166,8
9651,73414,10,1,0,0,0,0,0,7,0,0,0.000,0.000,0.03163,-0.000,0.000,-0.000,0.000,-0.000,0.000,-0.000,0.000,0.042,0.012,0.03431,0.039,0.011,0.03178,8
9668,73424,10,1,0,0,0,0,0,7,0,0,0.000,0.000,0.03199,-0.000,0.000,-0.000,0.000,-0.000,0.000,-0.000,0.000,0.042,0.012,0.03466,0.039,0.011,0.03163,8
9668,73434,10,1,0,0,0,0,0,7,0,0,0.000,0.000,0.03196,-0.000,0.000,-0.000,0.000,-0.000,0.000,-0.000,0.000,0.042,0.012,0.03464,0.039,0.011,0.03199,8
9682,73444,10,1,0,0,0,0,0,7,0,0,0.000,0.000,0.03203,-0.000,0.000,-0.000,0.000,-0.000,0.000,-0.000,0.000,0.042,0.012,0.03471,0.039,0.011,0.03196,8
9697,73454,10,1,0,0,0,0,0,7,0,0,0.000,0.000,0.03206,-0.000,0.000,-0.000,0.000,-0.000,0.000,-0.000,0.000,0.042,0.012,0.03474,0.039,0.011,0.03203,8
9713,73464,10,1,0,0,0,0,0,7,0,0,0.000,0.000,0.03205,-0.000,0.000,-0.000,0.000,-0.000,0.000,-0.000,0.000,0.042,0.012,0.03473,0.039,0.011,0.03206,8
9713,73474,10,1,0,0,0,0,0,7,0,0,0.000,0.000,0.03226,-0.000,0.000,-0.000,0.000,-0.000,0.000,-0.000,0.000,0.043,0.012,0.03493,0.039,0.011,0.03205,8
9728,73484,10,1,0,0,0,0,0,7,0,0,0.000,0.000,0.03211,-0.000,0.000,-0.000,0.000,-0.000,0.000,-0.000,0.000,0.043,0.012,0.03479,0.039,0.011,0.03226,8
9744,73494,10,1,0,0,0,0,0,7,0,0,0.000,0.000,0.03226,-0.000,0.000,-0.000,0.000,-0.000,0.000,-0.000,0.000,0.043,0.012,0.03494,0.039,0.011,0.03211,8
9744,73504,10,1,0,0,0,0,0,7,0,0,0.000,0.000,0.03224,-0.000,0.000,-0.000,0.000,-0.000,0.000,-0.000,0.000,0.043,0.012,0.03491,0.039,0.011,0.03226,8
9759,73514,10,1,0,0,0,0,0,7,0,0,0.000,0.000,0.03217,-0.000,0.000,-0.000,0.000,-0.000,0.000,-0.000,0.000,0.043,0.012,0.03484,0.039,0.011,0.03224,8
9759,73524,10,1,0,0,0,0,0,7,0,0,0.000,0.000,0.03231,-0.000,0.000,-0.000,0.000,-0.000,0.000,-0.000,0.000,0.043,0.012,0.03499,0.039,0.011,0.03217,8
9774,73534,10,1,0,0,0,0,0,7,0,0,0.000,0.000,0.03211,-0.000,0.000,-0.000,0.000,-0.000,0.000,-0.000,0.000,0.042,0.012,0.03478,0.039,0.011,0.03231,8
9790,73544,10,1,0,0,0,0,0,7,0,0,0.000,0.000,0.03202,-0.000,0.000,-0.000,0.000,-0.000,0.000,-0.000,0.000,0.042,0.012,0.03469,0.039,0.011,0.03211,8
9790,73554,10,1,0,0,0,0,0,7,0,0,0.000,0.000,0.03206,-0.000,0.000,-0.000,0.000,-0.000,0.000,-0.000,0.000,0.042,0.012,0.03474,0.039,0.011,0.03202,8
9806,73564,10,1,0,0,0,0,0,7,0,0,0.000,0.000,0.03217,-0.000,0.000,-0.000,0.000,-0.000,0.000,-0.000,0.000,0.043,0.012,0.03484,0.039,0.011,0.03206,8
9822,73574,10,1,0,0,0,0,0,7,0,0,0.000,0.000,0.03222,-0.000,0.000,-0.000,0.000,-0.000,0.000,-0.000,0.000,0.043,0.012,0.03489,0.039,0.011,0.03217,8
9822,73584,10,1,0,0,0,0,0,7,0,0,0.000,0.000,0.03226,-0.000,0.000,-0.000,0.000,-0.000,0.000,-0.000,0.000,0.043,0.012,0.03494,0.039,0.011,0.03222,8
9838,73594,10,1,0,0,0,0,0,7,0,0,0.000,0.000,0.03218,-0.000,0.000,-0.000,0.000,-0.000,0.000,-0.000,0.000,0.043,0.012,0.03486,0.039,0.011,0.03226,8
9838,73604,10,1,0,0,0,0,0,7,0,0,0.000,0.000,0.03211,-0.000,0.000,-0.000,0.000,-0.000,0.000,-0.000,0.000,0.043,0.012,0.03479,0.039,0.011,0.03218,8
9853,73614,10,1,0,0,0,0,0,7,0,0,0.000,0.000,0.03213,-0.000,0.000,-0.000,0.000,-0.000,0.000,-0.000,0.000,0.043,0.012,0.03481,0.039,0.011,0.03211,8
9869,73624,10,1,0,0,0,0,0,7,0,0,0.000,0.000,0.03204,-0.000,0.000,-0.000,0.000,-0.000,0.000,-0.000,0.000,0.042,0.012,0.03471,0.039,0.011,0.03213,8
9869,73634,10,1,0,0,0,0,0,7,0,0,0.000,0.000,0.03235,-0.000,0.000,-0.000,0.000,-0.000,0.000,-0.000,0.000,0.043,0.012,0.03502,0.039,0.011,0.03204,8
9885,73644,10,1,0,0,0,0,0,7,0,0,0.000,0.000,0.03217,-0.000,0.000,-0.000,0.000,-0.000,0.000,-0.000,0.000,0.043,0.012,0.03484,0.040,0.011,0.03235,8
9901,73654,10,1,0,0,0,0,0,7,0,0,0.000,0.075,0.03214,-0.000,0.000,-0.000,0.000,-0.000,0.000,-0.000,0.000,0.118,0.012,0.03482,0.039,0.011,0.03217,8
9901,73664,10,1,0,0,0,0,0,7,0,0,0.000,0.000,0.03204,-0.000,0.000,-0.000,0.000,-0.000,0.000,-0.000,0.000,0.042,0.012,0.03472,0.115,0.011,0.03214,8
9916,73674,10,1,0,0,0,0,0,7,0,0,0.000,0.000,0.03210,-0.000,0.000,-0.000,0.000,-0.000,0.000,-0.000,0.000,0.042,0.012,0.03478,0.039,0.011,0.03204,8
9932,73684,10,1,0,0,0,0,0,7,0,0,0.000,0.000,0.03206,-0.000,0.000,-0.000,0.000,-0.000,0.000,-0.000,0.000,0.042,0.012,0.03473,0.039,0.011,0.03210,8
9932,73694,10,1,0,0,0,0,0,7,0,0,0.000,0.000,0.03212,-0.000,0.000,-0.000,0.000,-0.000,0.000,-0.000,0.000,0.043,0.012,0.03479,0.039,0.011,0.03206,8
9947,73704,10,1,0,0,0,0,0,7,0,0,0.000,0.000,0.03186,-0.000,0.000,-0.000,0.000,-0.000,0.000,-0.000,0.000,0.042,0.012,0.03454,0.039,0.011,0.03212,8
9962,73714,10,1,0,0,0,0,0,7,0,0,0.000,0.000,0.03187,-0.000,0.000,-0.000,0.000,-0.000,0.000,-0.000,0.000,0.042,0.012,0.03455,0.039,0.011,0.03186,8
9962,73724,10,1,0,0,0,0,0,7,0,0,0.000,0.000,0.03191,-0.000,0.000,-0.000,0.000,-0.000,0.000,-0.000,0.000,0.042,0.012,0.03458,0.039,0.011,0.03187,8
9977,73734,10,1,0,0,0,0,0,7,0,0,0.000,0.000,0.03193,-0.000,0.000,-0.000,0.000,-0.000,0.000,-0.000,0.000,0.042,0.012,0.03460,0.039,0.011,0.03191,8
9993,73744,10,1,0,0,0,0,0,7,0,0,0.000,0.000,0.03218,-0.000,0.000,-0.000,0.000,-0.000,0.000,-0.000,0.000,0.043,0.012,0.03485,0.039,0.011,0.03193,8
9993,73754,10,1,0,0,0,0,0,7,0,0,0.000,0.000,0.03215,-0.000,0.000,-0.000,0.000,-0.000,0.000,-0.000,0.000,0.043,0.012,0.03482,0.039,0.011,0.03218,8
10009,73764,10,1,0,0,0,0,0,7,0,0,0.000,0.000,0.03207,-0.000,0.000,-0.000,0.000,-0.000,0.000,-0.000,0.000,0.042,0.012,0.03475,0.039,0.011,0.03215,8
10009,73774,10,1,0,0,0,0,0,7,0,0,0.000,0.000,0.03190,-0.000,0.000,-0.000,0.000,-0.000,0.000,-0.000,0.000,0.042,0.012,0.03457,0.039,0.011,0.03207,8
10024,73784,10,1,0,0,0,0,0,7,0,0,0.000,0.000,0.03198,-0.000,0.000,-0.000,0.000,-0.000,0.000,-0.000,0.000,0.042,0.012,0.03465,0.039,0.011,0.03190,8
10039,73794,10,1,0,0,0,0,0,7,0,0,0.000,0.000,0.03201,-0.000,0.000,-0.000,0.000,-0.000,0.000,-0.000,0.000,0.042,0.012,0.03468,0.039,0.011,0.03198,8
10039,73804,10,1,0,0,0,0,0,7,0,0,0.000,0.000,0.03176,-0.000,0.000,-0.000,0.000,-0.000,0.000,-0.000,0.000,0.042,0.012,0.03444,0.039,0.011,0.03201,8
10055,73814,10,1,0,0,0,0,0,7,0,0,0.000,0.000,0.03167,-0.000,0.000,-0.000,0.000,-0.000,0.000,-0.000,0.000,0.042,0.012,0.03435,0.039,0.011,0.03176,8
10071,73824,10,1,0,0,0,0,0,7,0,0,0.000,0.000,0.03163,-0.000,0.000,-0.000,0.000,-0.000,0.000,-0.000,0.000,0.042,0.012,0.03431,0.039,0.011,0.03167,8
10071,73834,10,1,0,0,0,0,0,7,0,0,0.000,0.000,0.03174,-0.000,0.000,-0.000,0.000,-0.000,0.000,-0.000,0.000,0.042,0.012,0.03442,0.039,0.011,0.03163,8
10086,73844,10,1,0,0,0,0,0,7,0,0,0.000,0.000,0.03179,-0.000,0.000,-0.000,0.000,-0.000,0.000,-0.000,0.000,0.042,0.012,0.03446,0.039,0.011,0.03174,8
10101,73854,10,1,0,0,0,0,0,7,0,0,0.000,0.000,0.03189,-0.000,0.000,-0.000,0.000,-0.000,0.000,-0.000,0.000,0.042,0.012,0.03457,0.039,0.011,0.03179,8
10101,73864,10,1,0,0,0,0,0,7,0,0,0.000,0.000,0.03198,-0.000,0.000,-0.000,0.000,-0.000,0.000,-0.000,0.000,0.042,0.012,0.03466,0.039,0.011,0.03189,8
10117,73874,10,1,0,0,0,0,0,7,0,0,0.000,0.000,0.03212,-0.000,0.000,-0.000,0.000,-0.000,0.000,-0.000,0.000,0.043,0.012,0.03479,0.039,0.011,0.03198,8
10133,73884,10,1,0,0,0,0,0,7,0,0,0.000,0.000,0.03217,-0.000,0.000,-0.000,0.000,-0.000,0.000,-0.000,0.000,0.043,0.012,0.03484,0.039,0.011,0.03212,8
10133,73894,10,1,0,0,0,0,0,7,0,0,0.000,0.000,0.03223,-0.000,0.000,-0.000,0.000,-0.000,0.000,-0.000,0.000,0.043,0.012,0.03490,0.039,0.011,0.03217,8
10149,73904,10,1,0,0,0,0,0,7,0,0,0.000,0.000,0.03222,-0.000,0.000,-0.000,0.000,-0.000,0.000,-0.000,0.000,0.043,0.012,0.03489,0.039,0.011,0.03223,8
10149,73914,10,1,0,0,0,0,0,7,0,0,0.000,0.000,0.03203,-0.000,0.000,-0.000,0.000,-0.000,0.000,-0.000,0.000,0.042,0.012,0.03471,0.039,0.011,0.03222,8
10164,73924,10,1,0,0,0,0,0,7,0,0,0.000,0.000,0.03203,-0.000,0.000,-0.000,0.000,-0.000,0.000,-0.000,0.000,0.042,0.012,0.03471,0.039,0.011,0.03203,8
10180,73934,10,1,0,0,0,0,0,7,0,0,0.000,0.000,0.03210,-0.000,0.000,-0.000,0.000,-0.000,0.000,-0.000,0.000,0.042,0.012,0.03478,0.039,0.011,0.03203,8
10180,73944,10,1,0,0,0,0,0,7,0,0,0.000,0.000,0.03193,-0.000,0.000,-0.000,0.000,-0.000,0.000,-0.000,0.000,0.042,0.012,0.03460,0.039,0.011,0.03210,8
10195,73954,10,1,0,0,0,0,0,7,0,0,0.000,0.075,0.03229,-0.000,0.000,-0.000,0.000,-0.000,0.000,-0.000,0.000,0.118,0.012,0.03497,0.039,0.011,0.03193,8
10211,73964,10,1,0,0,0,0,0,7,0,0,0.000,0.000,0.03215,-0.000,0.000,-0.000,0.000,-0.000,0.000,-0.000,0.000,0.043,0.012,0.03483,0.115,0.011,0.03229,8
10211,73974,10,1,0,0,0,0,0,7,0,0,0.000,0.000,0.03210,-0.000,0.000,-0.000,0.000,-0.000,0.000,-0.000,0.000,0.042,0.012,0.03477,0.039,0.011,0.03215,8
10228,73984,10,1,0,0,0,0,0,7,0,0,0.000,0.000,0.03202,-0.000,0.000,-0.000,0.000,-0.000,0.000,-0.000,0.000,0.042,0.012,0.03470,0.039,0.011,0.03210,8
10243,73994,10,1,0,0,0,0,0,7,0,0,0.000,0.000,0.03181,-0.000,0.000,-0.000,0.000,-0.000,0.000,-0.000,0.000,0.042,0.012,0.03449,0.039,0.011,0.03202,8
10243,74004,10,1,0,0,0,0,0,7,0,0,0.000,0.000,0.03172,-0.000,0.000,-0.000,0.000,-0.000,0.000,-0.000,0.000,0.042,0.012,0.03440,0.039,0.011,0.03181,8
10258,74014,10,1,0,0,0,0,0,7,0,0,0.000,0.000,0.03181,-0.000,0.000,-0.000,0.000,-0.000,0.000,-0.000,0.000,0.042,0.012,0.03449,0.039,0.011,0.03172,8
10258,74024,10,1,0,0,0,0,0,7,0,0,0.000,0.000,0.03196,-0.000,0.000,-0.000,0.000,-0.000,0.000,-0.000,0.000,0.042,0.012,0.03463,0.039,0.011,0.03181,8
10274,74034,10,1,0,0,0,0,0,7,0,0,0.000,0.000,0.03192,-0.000,0.000,-0.000,0.000,-0.000,0.000,-0.000,0.000,0.042,0.012,0.03459,0.039,0.011,0.03196,8
10289,74044,10,1,0,0,0,0,0,7,0,0,0.000,0.000,0.03187,-0.000,0.000,-0.000,0.000,-0.000,0.000,-0.000,0.000,0.042,0.012,0.03455,0.039,0.011,0.03192,8
10289,74054,10,1,0,0,0,0,0,7,0,0,0.000,0.000,0.03191,-0.000,0.000,-0.000,0.000,-0.000,0.000,-0.000,0.000,0.042,0.012,0.03458,0.039,0.011,0.03187,8
10304,74064,10,1,0,0,0,0,0,7,0,0,0.000,0.000,0.03164,-0.000,0.000,-0.000,0.000,-0.000,0.000,-0.000,0.000,0.042,0.012,0.03432,0.039,0.011,0.03191,8
10319,74074,10,1,0,0,0,0,0,7,0,0,0.000,0.000,0.03169,-0.000,0.000,-0.000,0.000,-0.000,0.000,-0.000,0.000,0.042,0.012,0.03436,0.039,0.011,0.03164,8
10319,74084,10,1,0,0,0,0,0,7,0,0,0.000,0.000,0.03199,-0.000,0.000,-0.000,0.000,-0.000,0.000,-0.000,0.000,0.042,0.012,0.03467,0.039,0.011,0.03169,8
10336,74094,10,1,0,0,0,0,0,7,0,0,0.000,0.000,0.03205,-0.000,0.000,-0.000,0.000,-0.000,0.000,-0.000,0.000,0.042,0.012,0.03473,0.039,0.011,0.03199,8
10352,74104,10,1,0,0,0,0,0,7,0,0,0.000,0.000,0.03223,-0.000,0.000,-0.000,0.000,-0.000,0.000,-0.000,0.000,0.043,0.012,0.03491,0.039,0.011,0.03205,8
10352,74114,10,1,0,0,0,0,0,7,0,0,0.000,0.000,0.03202,-0.000,0.000,-0.000,0.000,-0.000,0.000,-0.000,0.000,0.042,0.012,0.03470,0.039,0.011,0.03223,8
10367,74124,10,1,0,0,0,0,0,7,0,0,0.000,0.000,0.03178,-0.000,0.000,-0.000,0.000,-0.000,0.000,-0.000,0.000,0.042,0.012,0.03446,0.039,0.011,0.03202,8
10382,74134,10,1,0,0,0,0,0,7,0,0,0.000,0.000,0.03201,-0.000,0.000,-0.000,0.000,-0.000,0.000,-0.000,0.000,0.042,0.012,0.03469,0.039,0.011,0.03178,8
10382,74144,10,1,0,0,0,0,0,7,0,0,0.000,0.000,0.03176,-0.000,0.000,-0.000,0.000,-0.000,0.000,-0.000,0.000,0.042,0.012,0.03444,0.039,0.011,0.03201,8
10398,74154,10,1,0,0,0,0,0,7,0,0,0.000,0.000,0.03164,-0.000,0.000,-0.000,0.000,-0.000,0.000,-0.000,0.000,0.042,0.012,0.03431,0.039,0.011,0.03176,8
10398,74164,10,1,0,0,0,0,0,7,0,0,0.000,0.000,0.03170,-0.000,0.000,-0.000,0.000,-0.000,0.000,-0.000,0.000,0.042,0.012,0.03437,0.039,0.011,0.03164,8
10414,74174,10,1,0,0,0,0,0,7,0,0,0.000,0.000,0.03191,-0.000,0.000,-0.000,0.000,-0.000,0.000,-0.000,0.000,0.042,0.012,0.03458,0.039,0.011,0.03170,8
10429,74184,10,1,0,0,0,0,0,7,0,0,0.000,0.000,0.03218,-0.000,0.000,-0.000,0.000,-0.000,0.000,-0.000,0.000,0.043,0.012,0.03485,0.039,0.011,0.03191,8
10429,74194,10,1,0,0,0,0,0,7,0,0,0.000,0.000,0.03215,-0.000,0.000,-0.000,0.000,-0.000,0.000,-0.000,0.000,0.043,0.012,0.03483,0.039,0.011,0.03218,8
10444,74204,10,1,0,0,0,0,0,7,0,0,0.000,0.000,0.03223,-0.000,0.000,-0.000,0.000,-0.000,0.000,-0.000,0.000,0.043,0.012,0.03491,0.039,0.011,0.03215,8
10461,74214,10,1,0,0,0,0,0,7,0,0,0.000,0.000,0.03229,-0.000,0.000,-0.000,0.000,-0.000,0.000,-0.000,0.000,0.043,0.012,0.03496,0.039,0.011,0.03223,8
10461,74224,10,1,0,0,0,0,0,7,0,0,0.000,0.000,0.03235,-0.000,0.000,-0.000,0.000,-0.000,0.000,-0.000,0.000,0.043,0.012,0.03503,0.039,0.011,0.03229,8
10477,74234,10,1,0,0,0,0,0,7,0,0,0.000,0.000,0.03214,-0.000,0.000,-0.000,0.000,-0.000,0.000,-0.000,0.000,0.043,0.012,0.03482,0.040,0.011,0.03235,8
10492,74244,10,1,0,0,0,0,0,7,0,0,0.000,0.000,0.03198,-0.000,0.000,-0.000,0.000,-0.000,0.000,-0.000,0.000,0.042,0.012,0.03465,0.039,0.011,0.03214,8
10492,74254,10,1,0,0,0,0,0,7,0,0,0.000,0.000,0.03196,-0.000,0.000,-0.000,0.000,-0.000,0.000,-0.000,0.000,0.042,0.012,0.03464,0.039,0.011,0.03198,8
10507,74264,10,1,0,0,0,0,0,7,0,0,0.000,0.000,0.03204,-0.000,0.000,-0.000,0.000,-0.000,0.000,-0.000,0.000,0.042,0.012,0.03472,0.039,0.011,0.03196,8
10523,74274,10,1,0,0,0,0,0,7,0,0,0.000,0.000,0.03203,-0.000,0.000,-0.000,0.000,-0.000,0.000,-0.000,0.000,0.042,0.012,0.03471,0.039,0.011,0.03204,8
10523,74284,10,1,0,0,0,0,0,7,0,0,0.000,0.000,0.03210,-0.000,0.000,-0.000,0.000,-0.000,0.000,-0.000,0.000,0.042,0.012,0.03477,0.039,0.011,0.03203,8
10539,74294,10,1,0,0,0,0,0,7,0,0,0.000,0.000,0.03225,-0.000,0.000,-0.000,0.000,-0.000,0.000,-0.000,0.000,0.043,0.012,0.03492,0.039,0.011,0.03210,8
10539,74304,10,1,0,0,0,0,0,7,0,0,0.000,0.000,0.03213,-0.000,0.000,-0.000,0.000,-0.000,0.000,-0.000,0.000,0.043,0.012,0.03481,0.039,0.011,0.03225,8
10554,74314,10,1,0,0,0,0,0,7,0,0,0.000,0.000,0.03196,-0.000,0.000,-0.000,0.000,-0.000,0.000,-0.000,0.000,0.042,0.012,0.03464,0.039,0.011,0.03213,8
10570,74324,10,1,0,0,0,0,0,7,0,0,0.000,0.000,0.03189,-0.000,0.000,-0.000,0.000,-0.000,0.000,-0.000,0.000,0.042,0.012,0.03456,0.039,0.011,0.03196,8
10570,74334,10,1,0,0,0,0,0,7,0,0,0.000,0.000,0.03177,-0.000,0.000,-0.000,0.000,-0.000,0.000,-0.000,0.000,0.042,0.012,0.03444,0.039,0.011,0.03189,8
10586,74344,10,1,0,0,0,0,0,7,0,0,0.000,0.000,0.03172,-0.000,0.000,-0.000,0.000,-0.000,0.000,-0.000,0.000,0.042,0.012,0.03439,0.039,0.011,0.03177,8
10601,74354,10,1,0,0,0,0,0,7,0,0,0.000,0.000,0.03168,-0.000,0.000,-0.000,0.000,-0.000,0.000,-0.000,0.000,0.042,0.012,0.03435,0.039,0.011,0.03172,8
10601,74364,10,1,0,0,0,0,0,7,0,0,0.000,0.000,0.03162,-0.000,0.000,-0.000,0.000,-0.000,0.000,-0.000,0.000,0.042,0.012,0.03430,0.039,0.011,0.03168,8
10616,74374,10,1,0,0,0,0,0,7,0,0,0.000,0.000,0.03144,-0.000,0.000,-0.000,0.000,-0.000,0.000,-0.000,0.000,0.042,0.012,0.03411,0.039,0.011,0.03162,8
10632,74384,10,1,0,0,0,0,0,7,0,0,0.000,0.000,0.03127,-0.000,0.000,-0.000,0.000,-0.000,0.000,-0.000,0.000,0.041,0.012,0.03394,0.038,0.011,0.03144,8
10632,74394,10,1,0,0,0,0,0,7,0,0,0.000,0.000,0.03142,-0.000,0.000,-0.000,0.000,-0.000,0.000,-0.000,0.000,0.042,0.012,0.03410,0.038,0.011,0.03127,8
10647,74404,10,1,0,0,0,0,0,7,0,0,0.000,0.000,0.03153,-0.000,0.000,-0.000,0.000,-0.000,0.000,-0.000,0.000,0.042,0.012,0.03420,0.038,0.011,0.03142,8
10662,74414,10,1,0,0,0,0,0,7,0,0,0.000,0.000,0.03158,-0.000,0.000,-0.000,0.000,-0.000,0.000,-0.000,0.000,0.042,0.012,0.03426,0.039,0.011,0.03153,8
10662,74424,10,1,0,0,0,0,0,7,0,0,0.000,0.000,0.03151,-0.000,0.000,-0.000,0.000,-0.000,0.000,-0.000,0.000,0.042,0.012,0.03418,0.039,0.011,0.03158,8
10678,74434,10,1,0,0,0,0,0,7,0,0,0.000,0.000,0.03159,-0.000,0.000,-0.000,0.000,-0.000,0.000,-0.000,0.000,0.042,0.012,0.03427,0.038,0.011,0.03151,8
10694,74444,10,1,0,0,0,0,0,7,0,0,0.000,0.000,0.03181,-0.000,0.000,-0.000,0.000,-0.000,0.000,-0.000,0.000,0.042,0.012,0.03449,0.039,0.011,0.03159,8
10694,74454,10,1,0,0,0,0,0,7,0,0,0.000,0.000,0.03213,-0.000,0.000,-0.000,0.000,-0.000,0.000,-0.000,0.000,0.043,0.012,0.03480,0.039,0.011,0.03181,8
10710,74464,10,1,0,0,0,0,0,7,0,0,0.000,0.000,0.03207,-0.000,0.000,-0.000,0.000,-0.000,0.000,-0.000,0.000,0.042,0.012,0.03475,0.039,0.011,0.03213,8
10710,74474,10,1,0,0,0,0,0,7,0,0,0.000,0.000,0.03229,-0.000,0.000,-0.000,0.000,-0.000,0.000,-0.000,0.000,0.043,0.012,0.03496,0.039,0.011,0.03207,8
10725,74484,10,1,0,0,0,0,0,7,0,0,0.000,0.000,0.03225,-0.000,0.000,-0.000,0.000,-0.000,0.000,-0.000,0.000,0.043,0.012,0.03492,0.039,0.011,0.03229,8
10741,74494,10,1,0,0,0,0,0,7,0,0,0.000,0.000,0.03204,-0.000,0.000,-0.000,0.000,-0.000,0.000,-0.000,0.000,0.042,0.012,0.03472,0.039,0.011,0.03225,8
10741,74504,10,1,0,0,0,0,0,7,0,0,0.000,0.000,0.03193,-0.000,0.000,-0.000,0.000,-0.000,0.000,-0.000,0.000,0.042,0.012,0.03461,0.039,0.011,0.03204,8
10756,74514,10,1,0,0,0,0,0,7,0,0,0.000,0.000,0.03198,-0.000,0.000,-0.000,0.000,-0.000,0.000,-0.000,0.000,0.042,0.012,0.03466,0.039,0.011,0.03193,8
10771,74524,10,1,0,0,0,0,0,7,0,0,0.000,0.000,0.03208,-0.000,0.000,-0.000,0.000,-0.000,0.000,-0.000,0.000,0.042,0.012,0.03475,0.039,0.011,0.03198,8
10771,74534,10,1,0,0,0,0,0,7,0,0,0.000,0.000,0.03202,-0.000,0.000,-0.000,0.000,-0.000,0.000,-0.000,0.000,0.042,0.012,0.03469,0.039,0.011,0.03208,8
10788,74544,10,1,0,0,0,0,0,7,0,0,0.000,0.000,0.03202,-0.000,0.000,-0.000,0.000,-0.000,0.000,-0.000,0.000,0.042,0.012,0.03469,0.039,0.011,0.03202,8
10803,74554,10,1,0,0,0,0,0,7,0,0,0.000,0.000,0.03225,-0.000,0.000,-0.000,0.000,-0.000,0.000,-0.000,0.000,0.043,0.012,0.03493,0.039,0.011,0.03202,8
10803,74564,10,1,0,0,0,0,0,7,0,0,0.000,0.000,0.03226,-0.000,0.000,-0.000,0.000,-0.000,0.000,-0.000,0.000,0.043,0.012,0.03494,0.039,0.011,0.03225,8
10819,74574,10,1,0,0,0,0,0,7,0,0,0.000,0.000,0.03244,-0.000,0.000,-0.000,0.000,-0.000,0.000,-0.000,0.000,0.043,0.012,0.03511,0.039,0.011,0.03226,8
10819,74584,10,1,0,0,0,0,0,7,0,0,0.000,0.000,0.03235,-0.000,0.000,-0.000,0.000,-0.000,0.000,-0.000,0.000,0.043,0.012,0.03503,0.040,0.011,0.03244,8
10834,74594,10,1,0,0,0,0,0,7,0,0,0.000,0.000,0.03224,-0.000,0.000,-0.000,0.000,-0.000,0.000,-0.000,0.000,0.043,0.012,0.03491,0.040,0.011,0.03235,8
10850,74604,10,1,0,0,0,0,0,7,0,0,0.000,0.000,0.03222,-0.000,0.000,-0.000,0.000,-0.000,0.000,-0.000,0.000,0.043,0.012,0.03490,0.039,0.011,0.03224,8
10850,74614,10,1,0,0,0,0,0,7,0,0,0.000,0.000,0.03237,-0.000,0.000,-0.000,0.000,-0.000,0.000,-0.000,0.000,0.043,0.012,0.03504,0.039,0.011,0.03222,8
10865,74624,10,1,0,0,0,0,0,7,0,0,0.000,0.000,0.03248,-0.000,0.000,-0.000,0.000,-0.000,0.000,-0.000,0.000,0.043,0.012,0.03515,0.040,0.011,0.03237,8
10882,74634,10,1,0,0,0,0,0,7,0,0,0.000,0.000,0.03265,-0.000,0.000,-0.000,0.000,-0.000,0.000,-0.000,0.000,0.043,0.012,0.03532,0.040,0.011,0.03248,8
10882,74644,10,1,0,0,0,0,0,7,0,0,0.000,0.000,0.03267,-0.000,0.000,-0.000,0.000,-0.000,0.000,-0.000,0.000,0.043,0.012,0.03535,0.040,0.011,0.03265,8
10897,74654,10,1,0,0,0,0,0,7,0,0,0.000,0.000,0.03250,-0.000,0.000,-0.000,0.000,-0.000,0.000,-0.000,0.000,0.043,0.012,0.03517,0.040,0.011,0.03267,8
10913,74664,10,1,0,0,0,0,0,7,0,0,0.000,0.000,0.03250,-0.000,0.000,-0.000,0.000,-0.000,0.000,-0.000,0.000,0.043,0.012,0.03518,0.040,0.011,0.03250,8
10913,74674,10,1,0,0,0,0,0,7,0,0,0.000,0.000,0.03238,-0.000,0.000,-0.000,0.000,-0.000,0.000,-0.000,0.000,0.043,0.012,0.03505,0.040,0.011,0.03250,8
10929,74684,10,1,0,0,0,0,0,7,0,0,0.000,0.000,0.03220,-0.000,0.000,-0.000,0.000,-0.000,0.000,-0.000,0.000,0.043,0.012,0.03487,0.040,0.011,0.03238,8
10929,74694,10,1,0,0,0,0,0,7,0,0,0.000,0.000,0.03232,-0.000,0.000,-0.000,0.000,-0.000,0.000,-0.000,0.000,0.043,0.012,0.03499,0.039,0.011,0.03220,8
10945,74704,10,1,0,0,0,0,0,7,0,0,0.000,0.000,0.03239,-0.000,0.000,-0.000,0.000,-0.000,0.000,-0.000,0.000,0.043,0.012,0.03506,0.039,0.011,0.03232,8
10961,74714,10,1,0,0,0,0,0,7,0,0,0.000,0.000,0.03223,-0.000,0.000,-0.000,0.000,-0.000,0.000,-0.000,0.000,0.043,0.012,0.03491,0.040,0.011,0.03239,8
10961,74724,10,1,0,0,0,0,0,7,0,0,0.000,0.000,0.03203,-0.000,0.000,-0.000,0.000,-0.000,0.000,-0.000,0.000,0.042,0.012,0.03470,0.039,0.011,0.03223,8
10977,74734,10,1,0,0,0,0,0,7,0,0,0.000,0.000,0.03217,-0.000,0.000,-0.000,0.000,-0.000,0.000,-0.000,0.000,0.043,0.012,0.03484,0.039,0.011,0.03203,8
10992,74744,10,1,0,0,0,0,0,7,0,0,0.000,0.000,0.03215,-0.000,0.000,-0.000,0.000,-0.000,0.000,-0.000,0.000,0.043,0.012,0.03483,0.039,0.011,0.03217,8
10992,74754,10,1,0,0,0,0,0,7,0,0,0.000,0.000,0.03192,-0.000,0.000,-0.000,0.000,-0.000,0.000,-0.000,0.000,0.042,0.012,0.03460,0.039,0.011,0.03215,8
11008,74764,10,1,0,0,0,0,0,7,0,0,0.000,0.000,0.03184,-0.000,0.000,-0.000,0.000,-0.000,0.000,-0.000,0.000,0.042,0.012,0.03452,0.039,0.011,0.03192,8
11024,74774,10,1,0,0,0,0,0,7,0,0,0.000,0.000,0.03183,-0.000,0.000,-0.000,0.000,-0.000,0.000,-0.000,0.000,0.042,0.012,0.03450,0.039,0.011,0.03184,8
11024,74784,10,1,0,0,0,0,0,7,0,0,0.000,0.000,0.03183,-0.000,0.000,-0.000,0.000,-0.000,0.000,-0.000,0.000,0.042,0.012,0.03451,0.039,0.011,0.03183,8
11039,74794,10,1,0,0,0,0,0,7,0,0,0.000,0.000,0.03193,-0.000,0.000,-0.000,0.000,-0.000,0.000,-0.000,0.000,0.042,0.012,0.03460,0.039,0.011,0.03183,8
11039,74804,10,1,0,0,0,0,0,7,0,0,0.000,0.000,0.03187,-0.000,0.000,-0.000,0.000,-0.000,0.000,-0.000,0.000,0.042,0.012,0.03455,0.039,0.011,0.03193,8
11055,74814,10,1,0,0,0,0,0,7,0,0,0.000,0.000,0.03197,-0.000,0.000,-0.000,0.000,-0.000,0.000,-0.000,0.000,0.042,0.012,0.03465,0.039,0.011,0.03187,8
11070,74824,10,1,0,0,0,0,0,7,0,0,0.000,0.000,0.03208,-0.000,0.000,-0.000,0.000,-0.000,0.000,-0.000,0.000,0.042,0.012,0.03476,0.039,0.011,0.03197,8
11070,74834,10,1,0,0,0,0,0,7,0,0,0.000,0.000,0.03181,-0.000,0.000,-0.000,0.000,-0.000,0.000,-0.000,0.000,0.042,0.012,0.03449,0.039,0.011,0.03208,8
11086,74844,10,1,0,0,0,0,0,7,0,0,0.000,0.000,0.03200,-0.000,0.000,-0.000,0.000,-0.000,0.000,-0.000,0.000,0.042,0.012,0.03468,0.039,0.011,0.03181,8
11101,74854,10,1,0,0,0,0,0,7,0,0,0.000,0.000,0.03198,-0.000,0.000,-0.000,0.000,-0.000,0.000,-0.000,0.000,0.042,0.012,0.03465,0.039,0.011,0.03200,8
11101,74864,10,1,0,0,0,0,0,7,0,0,0.000,0.000,0.03198,-0.000,0.000,-0.000,0.000,-0.000,0.000,-0.000,0.000,0.042,0.012,0.03465,0.039,0.011,0.03198,8
11116,74874,10,1,0,0,0,0,0,7,0,0,0.000,0.000,0.03190,-0.000,0.000,-0.000,0.000,-0.000,0.000,-0.000,0.000,0.042,0.012,0.03457,0.039,0.011,0.03198,8
11132,74884,10,1,0,0,0,0,0,7,0,0,0.000,0.000,0.03202,-0.000,0.000,-0.000,0.000,-0.000,0.000,-0.000,0.000,0.042,0.012,0.03470,0.039,0.011,0.03190,8
11132,74894,10,1,0,0,0,0,0,7,0,0,0.000,0.000,0.03204,-0.000,0.000,-0.000,0.000,-0.000,0.000,-0.000,0.000,0.042,0.012,0.03472,0.039,0.011,0.03202,8
11147,74904,10,1,0,0,0,0,0,7,0,0,0.000,0.000,0.03230,-0.000,0.000,-0.000,0.000,-0.000,0.000,-0.000,0.000,0.043,0.012,0.03497,0.039,0.011,0.03204,8
11164,74914,10,1,0,0,0,0,0,7,0,0,0.000,0.000,0.03222,-0.000,0.000,-0.000,0.000,-0.000,0.000,-0.000,0.000,0.043,0.012,0.03490,0.039,0.011,0.03230,8
11164,74924,10,1,0,0,0,0,0,7,0,0,0.000,0.000,0.03230,-0.000,0.000,-0.000,0.000,-0.000,0.000,-0.000,0.000,0.043,0.012,0.03498,0.039,0.011,0.03222,8
11178,74934,10,1,0,0,0,0,0,7,0,0,0.000,0.000,0.03223,-0.000,0.000,-0.000,0.000,-0.000,0.000,-0.000,0.000,0.043,0.012,0.03490,0.039,0.011,0.03230,8
11193,74944,10,1,0,0,0,0,0,7,0,0,0.000,0.000,0.03215,-0.000,0.000,-0.000,0.000,-0.000,0.000,-0.000,0.000,0.043,0.012,0.03483,0.039,0.011,0.03223,8
11193,74954,10,1,0,0,0,0,0,7,0,0,0.000,0.000,0.03207,-0.000,0.000,-0.000,0.000,-0.000,0.000,-0.000,0.000,0.042,0.012,0.03475,0.039,0.011,0.03215,8
11209,74964,10,1,0,0,0,0,0,7,0,0,0.000,0.000,0.03203,-0.000,0.000,-0.000,0.000,-0.000,0.000,-0.000,0.000,0.042,0.012,0.03470,0.039,0.011,0.03207,8
11209,74974,10,1,0,0,0,0,0,7,0,0,0.000,0.000,0.03173,-0.000,0.000,-0.000,0.000,-0.000,0.000,-0.000,0.000,0.042,0.012,0.03440,0.039,0.011,0.03203,8
11224,74984,10,1,0,0,0,0,0,7,0,0,0.000,0.075,0.03165,-0.000,0.000,-0.000,0.000,-0.000,0.000,-0.000,0.000,0.117,0.012,0.03433,0.039,0.011,0.03173,8
11254,74994,10,1,0,0,0,0,0,7,0,0,0.000,0.000,0.03167,-0.000,0.000,-0.000,0.000,-0.000,0.000,-0.000,0.000,0.042,0.012,0.03434,0.114,0.011,0.03165,8
11254,75004,10,1,0,0,0,0,0,7,0,0,0.000,0.000,0.03199,-0.000,0.000,-0.000,0.000,-0.000,0.000,-0.000,0.000,0.042,0.012,0.03466,0.039,0.011,0.03167,8
11254,75014,10,1,0,0,0,0,0,7,0,0,0.000,0.000,0.03233,-0.000,0.000,-0.000,0.000,-0.000,0.000,-0.000,0.000,0.043,0.012,0.03500,0.039,0.011,0.03199,8
11286,75024,10,1,0,0,0,0,0,7,0,0,0.000,0.000,0.03228,-0.000,0.000,-0.000,0.000,-0.000,0.000,-0.000,0.000,0.043,0.012,0.03496,0.040,0.011,0.03233,8
11286,75034,10,1,0,0,0,0,0,7,0,0,0.000,0.000,0.03220,-0.000,0.000,-0.000,0.000,-0.000,0.000,-0.000,0.000,0.043,0.012,0.03487,0.039,0.011,0.03228,8
11286,75044,10,1,0,0,0,0,0,7,0,0,0.000,0.000,0.03256,-0.000,0.000,-0.000,0.000,-0.000,0.000,-0.000,0.000,0.043,0.012,0.03524,0.039,0.011,0.03220,8
11317,75054,10,1,0,0,0,0,0,7,0,0,0.000,0.000,0.03244,-0.000,0.000,-0.000,0.000,-0.000,0.000,-0.000,0.000,0.043,0.012,0.03512,0.040,0.011,0.03256,8
11317,75064,10,1,0,0,0,0,0,7,0,0,0.000,0.000,0.03238,-0.000,0.000,-0.000,0.000,-0.000,0.000,-0.000,0.000,0.043,0.012,0.03506,0.040,0.011,0.03244,8
11317,75074,10,1,0,0,0,0,0,7,0,0,0.000,0.000,0.03217,-0.000,0.000,-0.000,0.000,-0.000,0.000,-0.000,0.000,0.043,0.012,0.03484,0.040,0.011,0.03238,8
11348,75084,10,1,0,0,0,0,0,7,0,0,0.000,0.000,0.03188,-0.000,0.000,-0.000,0.000,-0.000,0.000,-0.000,0.000,0.042,0.012,0.03455,0.039,0.011,0.03217,8
11348,75094,10,1,0,0,0,0,0,7,0,0,0.000,0.000,0.03181,-0.000,0.000,-0.000,0.000,-0.000,0.000,-0.000,0.000,0.042,0.012,0.03449,0.039,0.011,0.03188,8
11348,75104,10,1,0,0,0,0,0,7,0,0,0.000,0.000,0.03186,-0.000,0.000,-0.000,0.000,-0.000,0.000,-0.000,0.000,0.042,0.012,0.03453,0.039,0.011,0.03181,8
11348,75114,10,1,0,0,0,0,0,7,0,0,0.000,0.000,0.03178,-0.000,0.000,-0.000,0.000,-0.000,0.000,-0.000,0.000,0.042,0.012,0.03446,0.039,0.011,0.03186,8
11380,75124,10,1,0,0,0,0,0,7,0,0,0.000,0.000,0.03202,-0.000,0.000,-0.000,0.000,-0.000,0.000,-0.000,0.000,0.042,0.012,0.03469,0.039,0.011,0.03178,8
11380,75134,10,1,0,0,0,0,0,7,0,0,0.000,0.000,0.03212,-0.000,0.000,-0.000,0.000,-0.000,0.000,-0.000,0.000,0.043,0.012,0.03480,0.039,0.011,0.03202,8
11380,75144,10,1,0,0,0,0,0,7,0,0,0.000,0.000,0.03196,-0.000,0.000,-0.000,0.000,-0.000,0.000,-0.000,0.000,0.042,0.012,0.03463,0.039,0.011,0.03212,8
11396,75154,10,1,0,0,0,0,0,7,0,0,0.000,0.000,0.03209,-0.000,0.000,-0.000,0.000,-0.000,0.000,-0.000,0.000,0.042,0.012,0.03477,0.039,0.011,0.03196,8
11412,75164,10,1,0,0,0,0,0,7,0,0,0.000,0.000,0.03230,-0.000,0.000,-0.000,0.000,-0.000,0.000,-0.000,0.000,0.043,0.012,0.03497,0.039,0.011,0.03209,8
11412,75174,10,1,0,0,0,0,0,7,0,0,0.000,0.000,0.03235,-0.000,0.000,-0.000,0.000,-0.000,0.000,-0.000,0.000,0.043,0.012,0.03502,0.039,0.011,0.03230,8
11441,75184,10,1,0,0,0,0,0,7,0,0,0.000,0.000,0.03209,-0.000,0.000,-0.000,0.000,-0.000,0.000,-0.000,0.000,0.042,0.012,0.03476,0.040,0.011,0.03235,8
11441,75194,10,1,0,0,0,0,0,7,0,0,0.000,0.000,0.03214,-0.000,0.000,-0.000,0.000,-0.000,0.000,-0.000,0.000,0.043,0.012,0.03482,0.039,0.011,0.03209,8
11441,75204,10,1,0,0,0,0,0,7,0,0,0.000,0.000,0.03226,-0.000,0.000,-0.000,0.000,-0.000,0.000,-0.000,0.000,0.043,0.012,0.03493,0.039,0.011,0.03214,8
11457,75214,10,1,0,0,0,0,0,7,0,0,0.000,0.000,0.03228,-0.000,0.000,-0.000,0.000,-0.000,0.000,-0.000,0.000,0.043,0.012,0.03495,0.039,0.011,0.03226,8
11473,75224,10,1,0,0,0,0,0,7,0,0,0.000,0.000,0.03219,-0.000,0.000,-0.000,0.000,-0.000,0.000,-0.000,0.000,0.043,0.012,0.03486,0.039,0.011,0.03228,8
11473,75234,10,1,0,0,0,0,0,7,0,0,0.000,0.000,0.03218,-0.000,0.000,-0.000,0.000,-0.000,0.000,-0.000,0.000,0.043,0.012,0.03486,0.039,0.011,0.03219,8
11504,75244,10,1,0,0,0,0,0,7,0,0,0.000,0.000,0.03192,-0.000,0.000,-0.000,0.000,-0.000,0.000,-0.000,0.000,0.042,0.012,0.03460,0.039,0.011,0.03218,8
11504,75254,10,1,0,0,0,0,0,7,0,0,0.000,0.000,0.03212,-0.000,0.000,-0.000,0.000,-0.000,0.000,-0.000,0.000,0.043,0.012,0.03480,0.039,0.011,0.03192,8
11504,75264,10,1,0,0,0,0,0,7,0,0,0.000,0.000,0.03204,-0.000,0.000,-0.000,0.000,-0.000,0.000,-0.000,0.000,0.042,0.012,0.03472,0.039,0.011,0.03212,8
11520,75274,10,1,0,0,0,0,0,7,0,0,0.000,0.000,0.03182,-0.000,0.000,-0.000,0.000,-0.000,0.000,-0.000,0.000,0.042,0.012,0.03450,0.039,0.011,0.03204,8
11520,75284,10,1,0,0,0,0,0,7,0,0,0.000,0.000,0.03196,-0.000,0.000,-0.000,0.000,-0.000,0.000,-0.000,0.000,0.042,0.012,0.03464,0.039,0.011,0.03182,8
11537,75294,10,1,0,0,0,0,0,7,0,0,0.000,0.000,0.03205,-0.000,0.000,-0.000,0.000,-0.000,0.000,-0.000,0.000,0.042,0.012,0.03473,0.039,0.011,0.03196,8
11552,75304,10,1,0,0,0,0,0,7,0,0,0.000,0.000,0.03193,-0.000,0.000,-0.000,0.000,-0.000,0.000,-0.000,0.000,0.042,0.012,0.03461,0.039,0.011,0.03205,8
11552,75314,10,1,0,0,0,0,0,7,0,0,0.000,0.000,0.03198,-0.000,0.000,-0.000,0.000,-0.000,0.000,-0.000,0.000,0.042,0.012,0.03466,0.039,0.011,0.03193,8
11568,75324,10,1,0,0,0,0,0,7,0,0,0.000,0.000,0.03226,-0.000,0.000,-0.000,0.000,-0.000,0.000,-0.000,0.000,0.043,0.012,0.03494,0.039,0.011,0.03198,8
11584,75334,10,1,0,0,0,0,0,7,0,0,0.000,0.000,0.03225,-0.000,0.000,-0.000,0.000,-0.000,0.000,-0.000,0.000,0.043,0.012,0.03493,0.039,0.011,0.03226,8
11584,75344,10,1,0,0,0,0,0,7,0,0,0.000,0.000,0.03218,-0.000,0.000,-0.000,0.000,-0.000,0.000,-0.000,0.000,0.043,0.012,0.03485,0.039,0.011,0.03225,8
11599,75354,10,1,0,0,0,0,0,7,0,0,0.000,0.000,0.03198,-0.000,0.000,-0.000,0.000,-0.000,0.000,-0.000,0.000,0.042,0.012,0.03465,0.039,0.011,0.03218,8
11599,75364,10,1,0,0,0,0,0,7,0,0,0.000,0.000,0.03207,-0.000,0.000,-0.000,0.000,-0.000,0.000,-0.000,0.000,0.042,0.012,0.03475,0.039,0.011,0.03198,8
11616,75374,10,1,0,0,0,0,0,7,0,0,0.000,0.000,0.03216,-0.000,0.000,-0.000,0.000,-0.000,0.000,-0.000,0.000,0.043,0.012,0.03483,0.039,0.011,0.03207,8
11631,75384,10,1,0,0,0,0,0,7,0,0,0.000,0.000,0.03199,-0.000,0.000,-0.000,0.000,-0.000,0.000,-0.000,0.000,0.042,0.012,0.03467,0.039,0.011,0.03216,8
11631,75394,10,1,0,0,0,0,0,7,0,0,0.000,0.000,0.03194,-0.000,0.000,-0.000,0.000,-0.000,0.000,-0.000,0.000,0.042,0.012,0.03461,0.039,0.011,0.03199,8
11647,75404,10,1,0,0,0,0,0,7,0,0,0.000,0.000,0.03186,-0.000,0.000,-0.000,0.000,-0.000,0.000,-0.000,0.000,0.042,0.012,0.03454,0.039,0.011,0.03194,8
11663,75414,10,1,0,0,0,0,0,7,0,0,0.000,0.000,0.03166,-0.000,0.000,-0.000,0.000,-0.000,0.000,-0.000,0.000,0.042,0.012,0.03434,0.039,0.011,0.03186,8
11663,75424,10,1,0,0,0,0,0,7,0,0,0.000,0.000,0.03194,-0.000,0.000,-0.000,0.000,-0.000,0.000,-0.000,0.000,0.042,0.012,0.03462,0.039,0.011,0.03166,8
11680,75434,10,1,0,0,0,0,0,7,0,0,0.000,0.000,0.03154,-0.000,0.000,-0.000,0.000,-0.000,0.000,-0.000,0.000,0.042,0.012,0.03422,0.039,0.011,0.03194,8
11680,75444,10,1,0,0,0,0,0,7,0,0,0.000,0.000,0.03145,-0.000,0.000,-0.000,0.000,-0.000,0.000,-0.000,0.000,0.042,0.012,0.03412,0.039,0.011,0.03154,8
11694,75454,10,1,0,0,0,0,0,7,0,0,0.000,0.000,0.03144,-0.000,0.000,-0.000,0.000,-0.000,0.000,-0.000,0.000,0.042,0.012,0.03412,0.038,0.011,0.03145,8
11709,75464,10,1,0,0,0,0,0,7,0,0,0.000,0.000,0.03130,-0.000,0.000,-0.000,0.000,-0.000,0.000,-0.000,0.000,0.042,0.012,0.03398,0.038,0.011,0.03144,8
11709,75474,10,1,0,0,0,0,0,7,0,0,0.000,0.000,0.03106,-0.000,0.000,-0.000,0.000,-0.000,0.000,-0.000,0.000,0.041,0.012,0.03374,0.038,0.011,0.03130,8
11724,75484,10,1,0,0,0,0,0,7,0,0,0.000,0.000,0.03126,-0.000,0.000,-0.000,0.000,-0.000,0.000,-0.000,0.000,0.041,0.012,0.03394,0.038,0.011,0.03106,8
11740,75494,10,1,0,0,0,0,0,7,0,0,0.000,0.000,0.03144,-0.000,0.000,-0.000,0.000,-0.000,0.000,-0.000,0.000,0.042,0.012,0.03412,0.038,0.011,0.03126,8
11740,75504,10,1,0,0,0,0,0,7,0,0,0.000,0.000,0.03140,-0.000,0.000,-0.000,0.000,-0.000,0.000,-0.000,0.000,0.042,0.012,0.03408,0.038,0.011,0.03144,8
11756,75514,10,1,0,0,0,0,0,7,0,0,0.000,0.000,0.03160,-0.000,0.000,-0.000,0.000,-0.000,0.000,-0.000,0.000,0.042,0.012,0.03427,0.038,0.011,0.03140,8
11772,75524,10,1,0,0,0,0,0,7,0,0,0.000,0.000,0.03175,-0.000,0.000,-0.000,0.000,-0.000,0.000,-0.000,0.000,0.042,0.012,0.03443,0.039,0.011,0.03160,8
11772,75534,10,1,0,0,0,0,0,7,0,0,0.000,0.000,0.03171,-0.000,0.000,-0.000,0.000,-0.000,0.000,-0.000,0.000,0.042,0.012,0.03439,0.039,0.011,0.03175,8
11788,75544,10,1,0,0,0,0,0,7,0,0,0.000,0.000,0.03164,-0.000,0.000,-0.000,0.000,-0.000,0.000,-0.000,0.000,0.042,0.012,0.03432,0.039,0.011,0.03171,8
11803,75554,10,1,0,0,0,0,0,7,0,0,0.000,0.000,0.03198,-0.000,0.000,-0.000,0.000,-0.000,0.000,-0.000,0.000,0.042,0.012,0.03466,0.039,0.011,0.03164,8
11803,75564,10,1,0,0,0,0,0,7,0,0,0.000,0.000,0.03205,-0.000,0.000,-0.000,0.000,-0.000,0.000,-0.000,0.000,0.042,0.012,0.03472,0.039,0.011,0.03198,8
11819,75574,10,1,0,0,0,0,0,7,0,0,0.000,0.000,0.03219,-0.000,0.000,-0.000,0.000,-0.000,0.000,-0.000,0.000,0.043,0.012,0.03487,0.039,0.011,0.03205,8
11819,75584,10,1,0,0,0,0,0,7,0,0,0.000,0.000,0.03199,-0.000,0.000,-0.000,0.000,-0.000,0.000,-0.000,0.000,0.042,0.012,0.03467,0.039,0.011,0.03219,8
11835,75594,10,1,0,0,0,0,0,7,0,0,0.000,0.000,0.03173,-0.000,0.000,-0.000,0.000,-0.000,0.000,-0.000,0.000,0.042,0.012,0.03441,0.039,0.011,0.03199,8
11851,75604,10,1,0,0,0,0,0,7,0,0,0.000,0.000,0.03159,-0.000,0.000,-0.000,0.000,-0.000,0.000,-0.000,0.000,0.042,0.012,0.03427,0.039,0.011,0.03173,8
11851,75614,10,1,0,0,0,0,0,7,0,0,0.000,0.000,0.03172,-0.000,0.000,-0.000,0.000,-0.000,0.000,-0.000,0.000,0.042,0.012,0.03440,0.039,0.011,0.03159,8
11866,75624,10,1,0,0,0,0,0,7,0,0,0.000,0.000,0.03193,-0.000,0.000,-0.000,0.000,-0.000,0.000,-0.000,0.000,0.042,0.012,0.03460,0.039,0.011,0.03172,8
11882,75634,10,1,0,0,0,0,0,7,0,0,0.000,0.000,0.03193,-0.000,0.000,-0.000,0.000,-0.000,0.000,-0.000,0.000,0.042,0.012,0.03460,0.039,0.011,0.03193,8
11882,75644,10,1,0,0,0,0,0,7,0,0,0.000,0.000,0.03178,-0.000,0.000,-0.000,0.000,-0.000,0.000,-0.000,0.000,0.042,0.012,0.03445,0.039,0.011,0.03193,8
11897,75654,10,1,0,0,0,0,0,7,0,0,0.000,0.075,0.03173,-0.000,0.000,-0.000,0.000,-0.000,0.000,-0.000,0.000,0.117,0.012,0.03441,0.039,0.011,0.03178,8
11913,75664,10,1,0,0,0,0,0,7,0,0,0.000,0.000,0.03180,-0.000,0.000,-0.000,0.000,-0.000,0.000,-0.000,0.000,0.042,0.012,0.03448,0.114,0.011,0.03173,8
11913,75674,10,1,0,0,0,0,0,7,0,0,0.000,0.000,0.03208,-0.000,0.000,-0.000,0.000,-0.000,0.000,-0.000,0.000,0.042,0.012,0.03476,0.039,0.011,0.03180,8
11929,75684,10,1,0,0,0,0,0,7,0,0,0.000,0.000,0.03215,-0.000,0.000,-0.000,0.000,-0.000,0.000,-0.000,0.000,0.043,0.012,0.03482,0.039,0.011,0.03208,8
11929,75694,10,1,0,0,0,0,0,7,0,0,0.000,0.000,0.03189,-0.000,0.000,-0.000,0.000,-0.000,0.000,-0.000,0.000,0.042,0.012,0.03456,0.039,0.011,0.03215,8
11945,75704,10,1,0,0,0,0,0,7,0,0,0.000,0.000,0.03193,-0.000,0.000,-0.000,0.000,-0.000,0.000,-0.000,0.000,0.042,0.012,0.03461,0.039,0.011,0.03189,8
11960,75714,10,1,0,0,0,0,0,7,0,0,0.000,0.000,0.03203,-0.000,0.000,-0.000,0.000,-0.000,0.000,-0.000,0.000,0.042,0.012,0.03471,0.039,0.011,0.03193,8
11960,75724,10,1,0,0,0,0,0,7,0,0,0.000,0.000,0.03215,-0.000,0.000,-0.000,0.000,-0.000,0.000,-0.000,0.000,0.043,0.012,0.03482,0.039,0.011,0.03203,8
11975,75734,10,1,0,0,0,0,0,7,0,0,0.000,0.000,0.03246,-0.000,0.000,-0.000,0.000,-0.000,0.000,-0.000,0.000,0.043,0.012,0.03514,0.039,0.011,0.03215,8
11990,75744,10,1,0,0,0,0,0,7,0,0,0.000,0.000,0.03252,-0.000,0.000,-0.000,0.000,-0.000,0.000,-0.000,0.000,0.043,0.012,0.03519,0.040,0.011,0.03246,8
11990,75754,10,1,0,0,0,0,0,7,0,0,0.000,0.000,0.03235,-0.000,0.000,-0.000,0.000,-0.000,0.000,-0.000,0.000,0.043,0.012,0.03503,0.040,0.011,0.03252,8
12006,75764,10,1,0,0,0,0,0,7,0,0,0.000,0.000,0.03213,-0.000,0.000,-0.000,0.000,-0.000,0.000,-0.000,0.000,0.043,0.012,0.03481,0.040,0.011,0.03235,8
12021,75774,10,1,0,0,0,0,0,7,0,0,0.000,0.000,0.03199,-0.000,0.000,-0.000,0.000,-0.000,0.000,-0.000,0.000,0.042,0.012,0.03467,0.039,0.011,0.03213,8
12021,75784,10,1,0,0,0,0,0,7,0,0,0.000,0.000,0.03215,-0.000,0.000,-0.000,0.000,-0.000,0.000,-0.000,0.000,0.043,0.012,0.03483,0.039,0.011,0.03199,8
12037,75794,10,1,0,0,0,0,0,7,0,0,0.000,0.000,0.03221,-0.000,0.000,-0.000,0.000,-0.000,0.000,-0.000,0.000,0.043,0.012,0.03489,0.039,0.011,0.03215,8
12053,75804,10,1,0,0,0,0,0,7,0,0,0.000,0.000,0.03224,-0.000,0.000,-0.000,0.000,-0.000,0.000,-0.000,0.000,0.043,0.012,0.03491,0.039,0.011,0.03221,8
12053,75814,10,1,0,0,0,0,0,7,0,0,0.000,0.000,0.03222,-0.000,0.000,-0.000,0.000,-0.000,0.000,-0.000,0.000,0.043,0.012,0.03490,0.039,0.011,0.03224,8
12069,75824,10,1,0,0,0,0,0,7,0,0,0.000,0.000,0.03228,-0.000,0.000,-0.000,0.000,-0.000,0.000,-0.000,0.000,0.043,0.012,0.03496,0.039,0.011,0.03222,8
12069,75834,10,1,0,0,0,0,0,7,0,0,0.000,0.000,0.03196,-0.000,0.000,-0.000,0.000,-0.000,0.000,-0.000,0.000,0.042,0.012,0.03463,0.039,0.011,0.03228,8
12084,75844,10,1,0,0,0,0,0,7,0,0,0.000,0.000,0.03207,-0.000,0.000,-0.000,0.000,-0.000,0.000,-0.000,0.000,0.042,0.012,0.03475,0.039,0.011,0.03196,8
12101,75854,10,1,0,0,0,0,0,7,0,0,0.000,0.000,0.03238,-0.000,0.000,-0.000,0.000,-0.000,0.000,-0.000,0.000,0.043,0.012,0.03505,0.039,0.011,0.03207,8
12101,75864,10,1,0,0,0,0,0,7,0,0,0.000,0.000,0.03260,-0.000,0.000,-0.000,0.000,-0.000,0.000,-0.000,0.000,0.043,0.012,0.03527,0.040,0.011,0.03238,8
12116,75874,10,1,0,0,0,0,0,7,0,0,0.000,0.000,0.03266,-0.000,0.000,-0.000,0.000,-0.000,0.000,-0.000,0.000,0.043,0.012,0.03534,0.040,0.011,0.03260,8
12131,75884,10,1,0,0,0,0,0,7,0,0,0.000,0.000,0.03251,-0.000,0.000,-0.000,0.000,-0.000,0.000,-0.000,0.000,0.043,0.012,0.03519,0.040,0.011,0.03266,8
12131,75894,10,1,0,0,0,0,0,7,0,0,0.000,0.000,0.03253,-0.000,0.000,-0.000,0.000,-0.000,0.000,-0.000,0.000,0.043,0.012,0.03520,0.040,0.011,0.03251,8
12147,75904,10,1,0,0,0,0,0,7,0,0,0.000,0.000,0.03262,-0.000,0.000,-0.000,0.000,-0.000,0.000,-0.000,0.000,0.043,0.012,0.03530,0.040,0.011,0.03253,8
12163,75914,10,1,0,0,0,0,0,7,0,0,0.000,0.000,0.03244,-0.000,0.000,-0.000,0.000,-0.000,0.000,-0.000,0.000,0.043,0.012,0.03512,0.040,0.011,0.03262,8
12163,75924,10,1,0,0,0,0,0,7,0,0,0.000,0.000,0.03263,-0.000,0.000,-0.000,0.000,-0.000,0.000,-0.000,0.000,0.043,0.012,0.03530,0.040,0.011,0.03244,8
12178,75934,10,1,0,0,0,0,0,7,0,0,0.000,0.000,0.03240,-0.000,0.000,-0.000,0.000,-0.000,0.000,-0.000,0.000,0.043,0.012,0.03508,0.040,0.011,0.03263,8
12194,75944,10,1,0,0,0,0,0,7,0,0,0.000,0.000,0.03240,-0.000,0.000,-0.000,0.000,-0.000,0.000,-0.000,0.000,0.043,0.012,0.03507,0.040,0.011,0.03240,8
12194,75954,10,1,0,0,0,0,0,7,0,0,0.000,0.000,0.03227,-0.000,0.000,-0.000,0.000,-0.000,0.000,-0.000,0.000,0.043,0.012,0.03494,0.040,0.011,0.03240,8
12209,75964,10,1,0,0,0,0,0,7,0,0,0.000,0.000,0.03230,-0.000,0.000,-0.000,0.000,-0.000,0.000,-0.000,0.000,0.043,0.012,0.03497,0.039,0.011,0.03227,8
12209,75974,10,1,0,0,0,0,0,7,0,0,0.000,0.000,0.03233,-0.000,0.000,-0.000,0.000,-0.000,0.000,-0.000,0.000,0.043,0.012,0.03501,0.039,0.011,0.03230,8
12224,75984,10,1,0,0,0,0,0,7,0,0,0.000,0.000,0.03216,-0.000,0.000,-0.000,0.000,-0.000,0.000,-0.000,0.000,0.043,0.012,0.03484,0.040,0.011,0.03233,8
12240,75994,10,1,0,0,0,0,0,7,0,0,0.000,0.000,0.03219,-0.000,0.000,-0.000,0.000,-0.000,0.000,-0.000,0.000,0.043,0.012,0.03487,0.039,0.011,0.03216,8
12240,76004,10,1,0,0,0,0,0,7,0,0,0.000,0.000,0.03214,-0.000,0.000,-0.000,0.000,-0.000,0.000,-0.000,0.000,0.043,0.012,0.03482,0.039,0.011,0.03219,8
12256,76014,10,1,0,0,0,0,0,7,0,0,0.000,0.000,0.03210,-0.000,0.000,-0.000,0.000,-0.000,0.000,-0.000,0.000,0.042,0.012,0.03477,0.039,0.011,0.03214,8
12272,76024,10,1,0,0,0,0,0,7,0,0,0.000,0.000,0.03207,-0.000,0.000,-0.000,0.000,-0.000,0.000,-0.000,0.000,0.042,0.012,0.03475,0.039,0.011,0.03210,8
12272,76034,10,1,0,0,0,0,0,7,0,0,0.000,0.000,0.03237,-0.000,0.000,-0.000,0.000,-0.000,0.000,-0.000,0.000,0.043,0.012,0.03505,0.039,0.011,0.03207,8
12288,76044,10,1,0,0,0,0,0,7,0,0,0.000,0.000,0.03229,-0.000,0.000,-0.000,0.000,-0.000,0.000,-0.000,0.000,0.043,0.012,0.03496,0.040,0.011,0.03237,8
12303,76054,10,1,0,0,0,0,0,7,0,0,0.000,0.000,0.03223,-0.000,0.000,-0.000,0.000,-0.000,0.000,-0.000,0.000,0.043,0.012,0.03491,0.039,0.011,0.03229,8
12303,76064,10,1,0,0,0,0,0,7,0,0,0.000,0.000,0.03211,-0.000,0.000,-0.000,0.000,-0.000,0.000,-0.000,0.000,0.042,0.012,0.03478,0.039,0.011,0.03223,8
12319,76074,10,1,0,0,0,0,0,7,0,0,0.000,0.000,0.03217,-0.000,0.000,-0.000,0.000,-0.000,0.000,-0.000,0.000,0.043,0.012,0.03485,0.039,0.011,0.03211,8
12319,76084,10,1,0,0,0,0,0,7,0,0,0.000,0.000,0.03227,-0.000,0.000,-0.000,0.000,-0.000,0.000,-0.000,0.000,0.043,0.012,0.03494,0.039,0.011,0.03217,8
12336,76094,10,1,0,0,0,0,0,7,0,0,0.000,0.000,0.03231,-0.000,0.000,-0.000,0.000,-0.000,0.000,-0.000,0.000,0.043,0.012,0.03499,0.039,0.011,0.03227,8
12350,76104,10,1,0,0,0,0,0,7,0,0,0.000,0.000,0.03209,-0.000,0.000,-0.000,0.000,-0.000,0.000,-0.000,0.000,0.042,0.012,0.03476,0.039,0.011,0.03231,8
12350,76114,10,1,0,0,0,0,0,7,0,0,0.000,0.000,0.03200,-0.000,0.000,-0.000,0.000,-0.000,0.000,-0.000,0.000,0.042,0.012,0.03468,0.039,0.011,0.03209,8
12365,76124,10,1,0,0,0,0,0,7,0,0,0.000,0.000,0.03178,-0.000,0.000,-0.000,0.000,-0.000,0.000,-0.000,0.000,0.042,0.012,0.03445,0.039,0.011,0.03200,8
12381,76134,10,1,0,0,0,0,0,7,0,0,0.000,0.000,0.03186,-0.000,0.000,-0.000,0.000,-0.000,0.000,-0.000,0.000,0.042,0.012,0.03454,0.039,0.011,0.03178,8
12381,76144,10,1,0,0,0,0,0,7,0,0,0.000,0.000,0.03192,-0.000,0.000,-0.000,0.000,-0.000,0.000,-0.000,0.000,0.042,0.012,0.03460,0.039,0.011,0.03186,8
12396,76154,10,1,0,0,0,0,0,7,0,0,0.000,0.000,0.03189,-0.000,0.000,-0.000,0.000,-0.000,0.000,-0.000,0.000,0.042,0.012,0.03456,0.039,0.011,0.03192,8
12411,76164,10,1,0,0,0,0,0,7,0,0,0.000,0.000,0.03177,-0.000,0.000,-0.000,0.000,-0.000,0.000,-0.000,0.000,0.042,0.012,0.03444,0.039,0.011,0.03189,8
12411,76174,10,1,0,0,0,0,0,7,0,0,0.000,0.000,0.03175,-0.000,0.000,-0.000,0.000,-0.000,0.000,-0.000,0.000,0.042,0.012,0.03442,0.039,0.011,0.03177,8
12442,76184,10,1,0,0,0,0,0,7,0,0,0.000,0.000,0.03188,-0.000,0.000,-0.000,0.000,-0.000,0.000,-0.000,0.000,0.042,0.012,0.03455,0.039,0.011,0.03175,8
12442,76194,10,1,0,0,0,0,0,7,0,0,0.000,0.000,0.03189,-0.000,0.000,-0.000,0.000,-0.000,0.000,-0.000,0.000,0.042,0.012,0.03457,0.039,0.011,0.03188,8
12442,76204,10,1,0,0,0,0,0,7,0,0,0.000,0.000,0.03191,-0.000,0.000,-0.000,0.000,-0.000,0.000,-0.000,0.000,0.042,0.012,0.03459,0.039,0.011,0.03189,8
12472,76214,10,1,0,0,0,0,0,7,0,0,0.000,0.000,0.03181,-0.000,0.000,-0.000,0.000,-0.000,0.000,-0.000,0.000,0.042,0.012,0.03449,0.039,0.011,0.03191,8
12472,76224,10,1,0,0,0,0,0,7,0,0,0.000,0.000,0.03186,-0.000,0.000,-0.000,0.000,-0.000,0.000,-0.000,0.000,0.042,0.012,0.03453,0.039,0.011,0.03181,8
12472,76234,10,1,0,0,0,0,0,7,0,0,0.000,0.000,0.03187,-0.000,0.000,-0.000,0.000,-0.000,0.000,-0.000,0.000,0.042,0.012,0.03455,0.039,0.011,0.03186,8
12488,76244,10,1,0,0,0,0,0,7,0,0,0.000,0.000,0.03184,-0.000,0.000,-0.000,0.000,-0.000,0.000,-0.000,0.000,0.042,0.012,0.03451,0.039,0.011,0.03187,8
12503,76254,10,1,0,0,0,0,0,7,0,0,0.000,0.000,0.03186,-0.000,0.000,-0.000,0.000,-0.000,0.000,-0.000,0.000,0.042,0.012,0.03454,0.039,0.011,0.03184,8
12503,76264,10,1,0,0,0,0,0,7,0,0,0.000,0.000,0.03202,-0.000,0.000,-0.000,0.000,-0.000,0.000,-0.000,0.000,0.042,0.012,0.03470,0.039,0.011,0.03186,8
12518,76274,10,1,0,0,0,0,0,7,0,0,0.000,0.000,0.03203,-0.000,0.000,-0.000,0.000,-0.000,0.000,-0.000,0.000,0.042,0.012,0.03470,0.039,0.011,0.03202,8
12518,76284,10,1,0,0,0,0,0,7,0,0,0.000,0.000,0.03203,-0.000,0.000,-0.000,0.000,-0.000,0.000,-0.000,0.000,0.042,0.012,0.03470,0.039,0.011,0.03203,8
12533,76294,10,1,0,0,0,0,0,7,0,0,0.000,0.000,0.03215,-0.000,0.000,-0.000,0.000,-0.000,0.000,-0.000,0.000,0.043,0.012,0.03482,0.039,0.011,0.03203,8
12548,76304,10,1,0,0,0,0,0,7,0,0,0.000,0.000,0.03223,-0.000,0.000,-0.000,0.000,-0.000,0.000,-0.000,0.000,0.043,0.012,0.03491,0.039,0.011,0.03215,8
12563,76314,10,1,0,0,0,0,0,7,0,0,0.000,0.000,0.03236,-0.000,0.000,-0.000,0.000,-0.000,0.000,-0.000,0.000,0.043,0.012,0.03504,0.039,0.011,0.03223,8
12563,76324,10,1,0,0,0,0,0,7,0,0,0.000,0.000,0.03232,-0.000,0.000,-0.000,0.000,-0.000,0.000,-0.000,0.000,0.043,0.012,0.03500,0.040,0.011,0.03236,8
12578,76334,10,1,0,0,0,0,0,7,0,0,0.000,0.000,0.03201,-0.000,0.000,-0.000,0.000,-0.000,0.000,-0.000,0.000,0.042,0.012,0.03468,0.039,0.011,0.03232,8
12578,76344,10,1,0,0,0,0,0,7,0,0,0.000,0.000,0.03218,-0.000,0.000,-0.000,0.000,-0.000,0.000,-0.000,0.000,0.043,0.012,0.03486,0.039,0.011,0.03201,8
12593,76354,10,1,0,0,0,0,0,7,0,0,0.000,0.000,0.03218,-0.000,0.000,-0.000,0.000,-0.000,0.000,-0.000,0.000,0.043,0.012,0.03485,0.039,0.011,0.03218,8
12608,76364,10,1,0,0,0,0,0,7,0,0,0.000,0.000,0.03203,-0.000,0.000,-0.000,0.000,-0.000,0.000,-0.000,0.000,0.042,0.012,0.03470,0.039,0.011,0.03218,8
12608,76374,10,1,0,0,0,0,0,7,0,0,0.000,0.000,0.03186,-0.000,0.000,-0.000,0.000,-0.000,0.000,-0.000,0.000,0.042,0.012,0.03454,0.039,0.011,0.03203,8
12624,76384,10,1,0,0,0,0,0,7,0,0,0.000,0.000,0.03196,-0.000,0.000,-0.000,0.000,-0.000,0.000,-0.000,0.000,0.042,0.012,0.03463,0.039,0.011,0.03186,8
12639,76394,10,1,0,0,0,0,0,7,0,0,0.000,0.000,0.03220,-0.000,0.000,-0.000,0.000,-0.000,0.000,-0.000,0.000,0.043,0.012,0.03488,0.039,0.011,0.03196,8
12639,76404,10,1,0,0,0,0,0,7,0,0,0.000,0.000,0.03181,-0.000,0.000,-0.000,0.000,-0.000,0.000,-0.000,0.000,0.042,0.012,0.03448,0.039,0.011,0.03220,8
12654,76414,10,1,0,0,0,0,0,7,0,0,0.000,0.000,0.03187,-0.000,0.000,-0.000,0.000,-0.000,0.000,-0.000,0.000,0.042,0.012,0.03454,0.039,0.011,0.03181,8
12670,76424,10,1,0,0,0,0,0,7,0,0,0.000,0.000,0.03184,-0.000,0.000,-0.000,0.000,-0.000,0.000,-0.000,0.000,0.042,0.012,0.03451,0.039,0.011,0.03187,8
12670,76434,10,1,0,0,0,0,0,7,0,0,0.000,0.000,0.03205,-0.000,0.000,-0.000,0.000,-0.000,0.000,-0.000,0.000,0.042,0.012,0.03472,0.039,0.011,0.03184,8
12685,76444,10,1,0,0,0,0,0,7,0,0,0.000,0.000,0.03235,-0.000,0.000,-0.000,0.000,-0.000,0.000,-0.000,0.000,0.043,0.012,0.03502,0.039,0.011,0.03205,8
12700,76454,10,1,0,0,0,0,0,7,0,0,0.000,0.000,0.03227,-0.000,0.000,-0.000,0.000,-0.000,0.000,-0.000,0.000,0.043,0.012,0.03495,0.040,0.011,0.03235,8
12700,76464,10,1,0,0,0,0,0,7,0,0,0.000,0.000,0.03209,-0.000,0.000,-0.000,0.000,-0.000,0.000,-0.000,0.000,0.042,0.012,0.03477,0.039,0.011,0.03227,8
12715,76474,10,1,0,0,0,0,0,7,0,0,0.000,0.000,0.03221,-0.000,0.000,-0.000,0.000,-0.000,0.000,-0.000,0.000,0.043,0.012,0.03488,0.039,0.011,0.03209,8
12730,76484,10,1,0,0,0,0,0,7,0,0,0.000,0.000,0.03236,-0.000,0.000,-0.000,0.000,-0.000,0.000,-0.000,0.000,0.043,0.012,0.03504,0.039,0.011,0.03221,8
12730,76494,10,1,0,0,0,0,0,7,0,0,0.000,0.000,0.03242,-0.000,0.000,-0.000,0.000,-0.000,0.000,-0.000,0.000,0.043,0.012,0.03509,0.040,0.011,0.03236,8
12746,76504,10,1,0,0,0,0,0,7,0,0,0.000,0.000,0.03256,-0.000,0.000,-0.000,0.000,-0.000,0.000,-0.000,0.000,0.043,0.012,0.03524,0.040,0.011,0.03242,8
12762,76514,10,1,0,0,0,0,0,7,0,0,0.000,0.000,0.03253,-0.000,0.000,-0.000,0.000,-0.000,0.000,-0.000,0.000,0.043,0.012,0.03520,0.040,0.011,0.03256,8
12762,76524,10,1,0,0,0,0,0,7,0,0,0.000,0.000,0.03251,-0.000,0.000,-0.000,0.000,-0.000,0.000,-0.000,0.000,0.043,0.012,0.03518,0.040,0.011,0.03253,8
12777,76534,10,1,0,0,0,0,0,7,0,0,0.000,0.000,0.03250,-0.000,0.000,-0.000,0.000,-0.000,0.000,-0.000,0.000,0.043,0.012,0.03518,0.040,0.011,0.03251,8
12792,76544,10,1,0,0,0,0,0,7,0,0,0.000,0.000,0.03236,-0.000,0.000,-0.000,0.000,-0.000,0.000,-0.000,0.000,0.043,0.012,0.03503,0.040,0.011,0.03250,8
12792,76554,10,1,0,0,0,0,0,7,0,0,0.000,0.000,0.03230,-0.000,0.000,-0.000,0.000,-0.000,0.000,-0.000,0.000,0.043,0.012,0.03498,0.040,0.011,0.03236,8
12807,76564,10,1,0,0,0,0,0,7,0,0,0.000,0.000,0.03249,-0.000,0.000,-0.000,0.000,-0.000,0.000,-0.000,0.000,0.043,0.012,0.03517,0.039,0.011,0.03230,8
12823,76574,10,1,0,0,0,0,0,7,0,0,0.000,0.000,0.03241,-0.000,0.000,-0.000,0.000,-0.000,0.000,-0.000,0.000,0.043,0.012,0.03509,0.040,0.011,0.03249,8
12823,76584,10,1,0,0,0,0,0,7,0,0,0.000,0.000,0.03221,-0.000,0.000,-0.000,0.000,-0.000,0.000,-0.000,0.000,0.043,0.012,0.03488,0.040,0.011,0.03241,8
12839,76594,10,1,0,0,0,0,0,7,0,0,0.000,0.000,0.03217,-0.000,0.000,-0.000,0.000,-0.000,0.000,-0.000,0.000,0.043,0.012,0.03485,0.039,0.011,0.03221,8
12839,76604,10,1,0,0,0,0,0,7,0,0,0.000,0.000,0.03213,-0.000,0.000,-0.000,0.000,-0.000,0.000,-0.000,0.000,0.043,0.012,0.03481,0.039,0.011,0.03217,8
12854,76614,10,1,0,0,0,0,0,7,0,0,0.000,0.000,0.03220,-0.000,0.000,-0.000,0.000,-0.000,0.000,-0.000,0.000,0.043,0.012,0.03487,0.039,0.011,0.03213,8
12870,76624,10,1,0,0,0,0,0,7,0,0,0.000,0.000,0.03201,-0.000,0.000,-0.000,0.000,-0.000,0.000,-0.000,0.000,0.042,0.012,0.03468,0.039,0.011,0.03220,8
12870,76634,10,1,0,0,0,0,0,7,0,0,0.000,0.000,0.03198,-0.000,0.000,-0.000,0.000,-0.000,0.000,-0.000,0.000,0.042,0.012,0.03465,0.039,0.011,0.03201,8
12885,76644,10,1,0,0,0,0,0,7,0,0,0.000,0.000,0.03182,-0.000,0.000,-0.000,0.000,-0.000,0.000,-0.000,0.000,0.042,0.012,0.03450,0.039,0.011,0.03198,8
12900,76654,10,1,0,0,0,0,0,7,0,0,0.000,0.000,0.03202,-0.000,0.000,-0.000,0.000,-0.000,0.000,-0.000,0.000,0.042,0.012,0.03469,0.039,0.011,0.03182,8
12900,76664,10,1,0,0,0,0,0,7,0,0,0.000,0.000,0.03183,-0.000,0.000,-0.000,0.000,-0.000,0.000,-0.000,0.000,0.042,0.012,0.03451,0.039,0.011,0.03202,8
12916,76674,10,1,0,0,0,0,0,7,0,0,0.000,0.000,0.03188,-0.000,0.000,-0.000,0.000,-0.000,0.000,-0.000,0.000,0.042,0.012,0.03455,0.039,0.011,0.03183,8
12932,76684,10,1,0,0,0,0,0,7,0,0,0.000,0.000,0.03182,-0.000,0.000,-0.000,0.000,-0.000,0.000,-0.000,0.000,0.042,0.012,0.03449,0.039,0.011,0.03188,8
12932,76694,10,1,0,0,0,0,0,7,0,0,0.000,0.000,0.03172,-0.000,0.000,-0.000,0.000,-0.000,0.000,-0.000,0.000,0.042,0.012,0.03439,0.039,0.011,0.03182,8
12947,76704,10,1,0,0,0,0,0,7,0,0,0.000,0.000,0.03205,-0.000,0.000,-0.000,0.000,-0.000,0.000,-0.000,0.000,0.042,0.012,0.03472,0.039,0.011,0.03172,8
12963,76714,10,1,0,0,0,0,0,7,0,0,0.000,0.000,0.03220,-0.000,0.000,-0.000,0.000,-0.000,0.000,-0.000,0.000,0.043,0.012,0.03488,0.039,0.011,0.03205,8
12963,76724,10,1,0,0,0,0,0,7,0,0,0.000,0.000,0.03220,-0.000,0.000,-0.000,0.000,-0.000,0.000,-0.000,0.000,0.043,0.012,0.03488,0.039,0.011,0.03220,8
12979,76734,10,1,0,0,0,0,0,7,0,0,0.000,0.000,0.03234,-0.000,0.000,-0.000,0.000,-0.000,0.000,-0.000,0.000,0.043,0.012,0.03502,0.039,0.011,0.03220,8
12979,76744,10,1,0,0,0,0,0,7,0,0,0.000,0.000,0.03218,-0.000,0.000,-0.000,0.000,-0.000,0.000,-0.000,0.000,0.043,0.012,0.03486,0.040,0.011,0.03234,8
12995,76754,10,1,0,0,0,0,0,7,0,0,0.000,0.000,0.03218,-0.000,0.000,-0.000,0.000,-0.000,0.000,-0.000,0.000,0.043,0.012,0.03486,0.039,0.011,0.03218,8
13010,76764,10,1,0,0,0,0,0,7,0,0,0.000,0.000,0.03225,-0.000,0.000,-0.000,0.000,-0.000,0.000,-0.000,0.000,0.043,0.012,0.03493,0.039,0.011,0.03218,8
13010,76774,10,1,0,0,0,0,0,7,0,0,0.000,0.000,0.03242,-0.000,0.000,-0.000,0.000,-0.000,0.000,-0.000,0.000,0.043,0.012,0.03509,0.039,0.011,0.03225,8
13025,76784,10,1,0,0,0,0,0,7,0,0,0.000,0.000,0.03250,-0.000,0.000,-0.000,0.000,-0.000,0.000,-0.000,0.000,0.043,0.012,0.03518,0.040,0.011,0.03242,8
13041,76794,10,1,0,0,0,0,0,7,0,0,0.000,0.000,0.03232,-0.000,0.000,-0.000,0.000,-0.000,0.000,-0.000,0.000,0.043,0.012,0.03500,0.040,0.011,0.03250,8
13041,76804,10,1,0,0,0,0,0,7,0,0,0.000,0.000,0.03237,-0.000,0.000,-0.000,0.000,-0.000,0.000,-0.000,0.000,0.043,0.012,0.03505,0.039,0.011,0.03232,8
13056,76814,10,1,0,0,0,0,0,7,0,0,0.000,0.000,0.03249,-0.000,0.000,-0.000,0.000,-0.000,0.000,-0.000,0.000,0.043,0.012,0.03517,0.040,0.011,0.03237,8
13072,76824,10,1,0,0,0,0,0,7,0,0,0.000,0.000,0.03261,-0.000,0.000,-0.000,0.000,-0.000,0.000,-0.000,0.000,0.043,0.012,0.03529,0.040,0.011,0.03249,8
13072,76834,10,1,0,0,0,0,0,7,0,0,0.000,0.000,0.03239,-0.000,0.000,-0.000,0.000,-0.000,0.000,-0.000,0.000,0.043,0.012,0.03507,0.040,0.011,0.03261,8
13087,76844,10,1,0,0,0,0,0,7,0,0,0.000,0.000,0.03222,-0.000,0.000,-0.000,0.000,-0.000,0.000,-0.000,0.000,0.043,0.012,0.03490,0.040,0.011,0.03239,8
13103,76854,10,1,0,0,0,0,0,7,0,0,0.000,0.000,0.03221,-0.000,0.000,-0.000,0.000,-0.000,0.000,-0.000,0.000,0.043,0.012,0.03488,0.039,0.011,0.03222,8
13103,76864,10,1,0,0,0,0,0,7,0,0,0.000,0.000,0.03218,-0.000,0.000,-0.000,0.000,-0.000,0.000,-0.000,0.000,0.043,0.012,0.03486,0.039,0.011,0.03221,8
13119,76874,10,1,0,0,0,0,0,7,0,0,0.000,0.000,0.03197,-0.000,0.000,-0.000,0.000,-0.000,0.000,-0.000,0.000,0.042,0.012,0.03465,0.039,0.011,0.03218,8
13119,76884,10,1,0,0,0,0,0,7,0,0,0.000,0.000,0.03197,-0.000,0.000,-0.000,0.000,-0.000,0.000,-0.000,0.000,0.042,0.012,0.03464,0.039,0.011,0.03197,8
13132,76894,10,1,0,0,0,0,0,7,0,0,0.000,0.000,0.03183,-0.000,0.000,-0.000,0.000,-0.000,0.000,-0.000,0.000,0.042,0.012,0.03451,0.039,0.011,0.03197,8
13150,76904,10,1,0,0,0,0,0,7,0,0,0.000,0.000,0.03164,-0.000,0.000,-0.000,0.000,-0.000,0.000,-0.000,0.000,0.042,0.012,0.03431,0.039,0.011,0.03183,8
13150,76914,10,1,0,0,0,0,0,7,0,0,0.000,0.000,0.03173,-0.000,0.000,-0.000,0.000,-0.000,0.000,-0.000,0.000,0.042,0.012,0.03440,0.039,0.011,0.03164,8
13163,76924,10,1,0,0,0,0,0,7,0,0,0.000,0.000,0.03175,-0.000,0.000,-0.000,0.000,-0.000,0.000,-0.000,0.000,0.042,0.012,0.03443,0.039,0.011,0.03173,8
13179,76934,10,1,0,0,0,0,0,7,0,0,0.000,0.000,0.03184,-0.000,0.000,-0.000,0.000,-0.000,0.000,-0.000,0.000,0.042,0.012,0.03452,0.039,0.011,0.03175,8
13179,76944,10,1,0,0,0,0,0,7,0,0,0.000,0.000,0.03184,-0.000,0.000,-0.000,0.000,-0.000,0.000,-0.000,0.000,0.042,0.012,0.03452,0.039,0.011,0.03184,8
13194,76954,10,1,0,0,0,0,0,7,0,0,0.000,0.000,0.03213,-0.000,0.000,-0.000,0.000,-0.000,0.000,-0.000,0.000,0.043,0.012,0.03481,0.039,0.011,0.03184,8
13210,76964,10,1,0,0,0,0,0,7,0,0,0.000,0.000,0.03215,-0.000,0.000,-0.000,0.000,-0.000,0.000,-0.000,0.000,0.043,0.012,0.03483,0.039,0.011,0.03213,8
13210,76974,10,1,0,0,0,0,0,7,0,0,0.000,0.000,0.03223,-0.000,0.000,-0.000,0.000,-0.000,0.000,-0.000,0.000,0.043,0.012,0.03491,0.039,0.011,0.03215,8
13225,76984,10,1,0,0,0,0,0,7,0,0,0.000,0.000,0.03219,-0.000,0.000,-0.000,0.000,-0.000,0.000,-0.000,0.000,0.043,0.012,0.03487,0.039,0.011,0.03223,8
13240,76994,10,1,0,0,0,0,0,7,0,0,0.000,0.000,0.03190,-0.000,0.000,-0.000,0.000,-0.000,0.000,-0.000,0.000,0.042,0.012,0.03458,0.039,0.011,0.03219,8
13240,77004,10,1,0,0,0,0,0,7,0,0,0.000,0.000,0.03168,-0.000,0.000,-0.000,0.000,-0.000,0.000,-0.000,0.000,0.042,0.012,0.03435,0.039,0.011,0.03190,8
13258,77014,10,1,0,0,0,0,0,7,0,0,0.000,0.000,0.03156,-0.000,0.000,-0.000,0.000,-0.000,0.000,-0.000,0.000,0.042,0.012,0.03424,0.039,0.011,0.03168,8
13271,77024,10,1,0,0,0,0,0,7,0,0,0.000,0.000,0.03164,-0.000,0.000,-0.000,0.000,-0.000,0.000,-0.000,0.000,0.042,0.012,0.03432,0.039,0.011,0.03156,8
13271,77034,10,1,0,0,0,0,0,7,0,0,0.000,0.000,0.03163,-0.000,0.000,-0.000,0.000,-0.000,0.000,-0.000,0.000,0.042,0.012,0.03430,0.039,0.011,0.03164,8
13287,77044,10,1,0,0,0,0,0,7,0,0,0.000,0.000,0.03162,-0.000,0.000,-0.000,0.000,-0.000,0.000,-0.000,0.000,0.042,0.012,0.03430,0.039,0.011,0.03163,8
13303,77054,10,1,0,0,0,0,0,7,0,0,0.000,0.000,0.03148,-0.000,0.000,-0.000,0.000,-0.000,0.000,-0.000,0.000,0.042,0.012,0.03415,0.039,0.011,0.03162,8
13303,77064,10,1,0,0,0,0,0,7,0,0,0.000,0.000,0.03181,-0.000,0.000,-0.000,0.000,-0.000,0.000,-0.000,0.000,0.042,0.012,0.03448,0.038,0.011,0.03148,8
13318,77074,10,1,0,0,0,0,0,7,0,0,0.000,0.000,0.03208,-0.000,0.000,-0.000,0.000,-0.000,0.000,-0.000,0.000,0.042,0.012,0.03475,0.039,0.011,0.03181,8
13333,77084,10,1,0,0,0,0,0,7,0,0,0.000,0.000,0.03225,-0.000,0.000,-0.000,0.000,-0.000,0.000,-0.000,0.000,0.043,0.012,0.03493,0.039,0.011,0.03208,8
13333,77094,10,1,0,0,0,0,0,7,0,0,0.000,0.000,0.03229,-0.000,0.000,-0.000,0.000,-0.000,0.000,-0.000,0.000,0.043,0.012,0.03496,0.039,0.011,0.03225,8
13349,77104,10,1,0,0,0,0,0,7,0,0,0.000,0.000,0.03248,-0.000,0.000,-0.000,0.000,-0.000,0.000,-0.000,0.000,0.043,0.012,0.03516,0.039,0.011,0.03229,8
13349,77114,10,1,0,0,0,0,0,7,0,0,0.000,0.000,0.03255,-0.000,0.000,-0.000,0.000,-0.000,0.000,-0.000,0.000,0.043,0.012,0.03522,0.040,0.011,0.03248,8
13365,77124,10,1,0,0,0,0,0,7,0,0,0.000,0.000,0.03266,-0.000,0.000,-0.000,0.000,-0.000,0.000,-0.000,0.000,0.043,0.012,0.03533,0.040,0.011,0.03255,8
13381,77134,10,1,0,0,0,0,0,7,0,0,0.000,0.000,0.03279,-0.000,0.000,-0.000,0.000,-0.000,0.000,-0.000,0.000,0.043,0.012,0.03547,0.040,0.011,0.03266,8
13381,77144,10,1,0,0,0,0,0,7,0,0,0.000,0.000,0.03283,-0.000,0.000,-0.000,0.000,-0.000,0.000,-0.000,0.000,0.043,0.012,0.03551,0.040,0.011,0.03279,8
13396,77154,10,1,0,0,0,0,0,7,0,0,0.000,0.000,0.03259,-0.000,0.000,-0.000,0.000,-0.000,0.000,-0.000,0.000,0.043,0.012,0.03526,0.040,0.011,0.03283,8
13411,77164,10,1,0,0,0,0,0,7,0,0,0.000,0.000,0.03260,-0.000,0.000,-0.000,0.000,-0.000,0.000,-0.000,0.000,0.043,0.012,0.03528,0.040,0.011,0.03259,8
13411,77174,10,1,0,0,0,0,0,7,0,0,0.000,0.000,0.03239,-0.000,0.000,-0.000,0.000,-0.000,0.000,-0.000,0.000,0.043,0.012,0.03507,0.040,0.011,0.03260,8
13427,77184,10,1,0,0,0,0,0,7,0,0,0.000,0.000,0.03223,-0.000,0.000,-0.000,0.000,-0.000,0.000,-0.000,0.000,0.043,0.012,0.03491,0.040,0.011,0.03239,8
13442,77194,10,1,0,0,0,0,0,7,0,0,0.000,0.000,0.03203,-0.000,0.000,-0.000,0.000,-0.000,0.000,-0.000,0.000,0.042,0.012,0.03470,0.039,0.011,0.03223,8
13442,77204,10,1,0,0,0,0,0,7,0,0,0.000,0.000,0.03184,-0.000,0.000,-0.000,0.000,-0.000,0.000,-0.000,0.000,0.042,0.012,0.03452,0.039,0.011,0.03203,8
13473,77214,10,1,0,0,0,0,0,7,0,0,0.000,0.000,0.03156,-0.000,0.000,-0.000,0.000,-0.000,0.000,-0.000,0.000,0.042,0.012,0.03423,0.039,0.011,0.03184,8
13473,77224,10,1,0,0,0,0,0,7,0,0,0.000,0.000,0.03165,-0.000,0.000,-0.000,0.000,-0.000,0.000,-0.000,0.000,0.042,0.012,0.03433,0.039,0.011,0.03156,8
13473,77234,10,1,0,0,0,0,0,7,0,0,0.000,0.000,0.03146,-0.000,0.000,-0.000,0.000,-0.000,0.000,-0.000,0.000,0.042,0.012,0.03413,0.039,0.011,0.03165,8
13504,77244,10,1,0,0,0,0,0,7,0,0,0.000,0.000,0.03150,-0.000,0.000,-0.000,0.000,-0.000,0.000,-0.000,0.000,0.042,0.012,0.03417,0.038,0.011,0.03146,8
13504,77254,10,1,0,0,0,0,0,7,0,0,0.000,0.000,0.03146,-0.000,0.000,-0.000,0.000,-0.000,0.000,-0.000,0.000,0.042,0.012,0.03414,0.038,0.011,0.03150,8
13504,77264,10,1,0,0,0,0,0,7,0,0,0.000,0.000,0.03165,-0.000,0.000,-0.000,0.000,-0.000,0.000,-0.000,0.000,0.042,0.012,0.03433,0.038,0.011,0.03146,8
13521,77274,10,1,0,0,0,0,0,7,0,0,0.000,0.000,0.03178,-0.000,0.000,-0.000,0.000,-0.000,0.000,-0.000,0.000,0.042,0.012,0.03446,0.039,0.011,0.03165,8
13521,77284,10,1,0,0,0,0,0,7,0,0,0.000,0.000,0.03165,-0.000,0.000,-0.000,0.000,-0.000,0.000,-0.000,0.000,0.042,0.012,0.03433,0.039,0.011,0.03178,8
13536,77294,10,1,0,0,0,0,0,7,0,0,0.000,0.000,0.03180,-0.000,0.000,-0.000,0.000,-0.000,0.000,-0.000,0.000,0.042,0.012,0.03447,0.039,0.011,0.03165,8
13552,77304,10,1,0,0,0,0,0,7,0,0,0.000,0.000,0.03168,-0.000,0.000,-0.000,0.000,-0.000,0.000,-0.000,0.000,0.042,0.012,0.03435,0.039,0.011,0.03180,8
13552,77314,10,1,0,0,0,0,0,7,0,0,0.000,0.000,0.03184,-0.000,0.000,-0.000,0.000,-0.000,0.000,-0.000,0.000,0.042,0.012,0.03452,0.039,0.011,0.03168,8
13582,77324,10,1,0,0,0,0,0,7,0,0,0.000,0.000,0.03184,-0.000,0.000,-0.000,0.000,-0.000,0.000,-0.000,0.000,0.042,0.012,0.03452,0.039,0.011,0.03184,8
13582,77334,10,1,0,0,0,0,0,7,0,0,0.000,0.075,0.03181,-0.000,0.000,-0.000,0.000,-0.000,0.000,-0.000,0.000,0.117,0.012,0.03448,0.039,0.011,0.03184,8
13582,77344,10,1,0,0,0,0,0,7,0,0,0.000,0.000,0.03189,-0.000,0.000,-0.000,0.000,-0.000,0.000,-0.000,0.000,0.042,0.012,0.03457,0.114,0.011,0.03181,8
13614,77354,10,1,0,0,0,0,0,7,0,0,0.000,0.000,0.03209,-0.000,0.000,-0.000,0.000,-0.000,0.000,-0.000,0.000,0.042,0.012,0.03477,0.039,0.011,0.03189,8
13614,77364,10,1,0,0,0,0,0,7,0,0,0.000,0.000,0.03220,-0.000,0.000,-0.000,0.000,-0.000,0.000,-0.000,0.000,0.043,0.012,0.03488,0.039,0.011,0.03209,8
13614,77374,10,1,0,0,0,0,0,7,0,0,0.000,0.000,0.03223,-0.000,0.000,-0.000,0.000,-0.000,0.000,-0.000,0.000,0.043,0.012,0.03490,0.039,0.011,0.03220,8
13645,77384,10,1,0,0,0,0,0,7,0,0,0.000,0.000,0.03190,-0.000,0.000,-0.000,0.000,-0.000,0.000,-0.000,0.000,0.042,0.012,0.03457,0.039,0.011,0.03223,8
13645,77394,10,1,0,0,0,0,0,7,0,0,0.000,0.000,0.03217,-0.000,0.000,-0.000,0.000,-0.000,0.000,-0.000,0.000,0.043,0.012,0.03484,0.039,0.011,0.03190,8
13645,77404,10,1,0,0,0,0,0,7,0,0,0.000,0.000,0.03192,-0.000,0.000,-0.000,0.000,-0.000,0.000,-0.000,0.000,0.042,0.012,0.03459,0.039,0.011,0.03217,8
13677,77414,10,1,0,0,0,0,0,7,0,0,0.000,0.000,0.03204,-0.000,0.000,-0.000,0.000,-0.000,0.000,-0.000,0.000,0.042,0.012,0.03471,0.039,0.011,0.03192,8
13677,77424,10,1,0,0,0,0,0,7,0,0,0.000,0.000,0.03196,-0.000,0.000,-0.000,0.000,-0.000,0.000,-0.000,0.000,0.042,0.012,0.03464,0.039,0.011,0.03204,8
13677,77434,10,1,0,0,0,0,0,7,0,0,0.000,0.000,0.03190,-0.000,0.000,-0.000,0.000,-0.000,0.000,-0.000,0.000,0.042,0.012,0.03458,0.039,0.011,0.03196,8
13693,77444,10,1,0,0,0,0,0,7,0,0,0.000,0.000,0.03200,-0.000,0.000,-0.000,0.000,-0.000,0.000,-0.000,0.000,0.042,0.012,0.03467,0.039,0.011,0.03190,8
13693,77454,10,1,0,0,0,0,0,7,0,0,0.000,0.000,0.03219,-0.000,0.000,-0.000,0.000,-0.000,0.000,-0.000,0.000,0.043,0.012,0.03487,0.039,0.011,0.03200,8
13723,77464,10,1,0,0,0,0,0,7,0,0,0.000,0.000,0.03228,-0.000,0.000,-0.000,0.000,-0.000,0.000,-0.000,0.000,0.043,0.012,0.03496,0.039,0.011,0.03219,8
13723,77474,10,1,0,0,0,0,0,7,0,0,0.000,0.000,0.03227,-0.000,0.000,-0.000,0.000,-0.000,0.000,-0.000,0.000,0.043,0.012,0.03494,0.039,0.011,0.03228,8
13723,77484,10,1,0,0,0,0,0,7,0,0,0.000,0.000,0.03227,-0.000,0.000,-0.000,0.000,-0.000,0.000,-0.000,0.000,0.043,0.012,0.03495,0.039,0.011,0.03227,8
13754,77494,10,1,0,0,0,0,0,7,0,0,0.000,0.000,0.03226,-0.000,0.000,-0.000,0.000,-0.000,0.000,-0.000,0.000,0.043,0.012,0.03494,0.039,0.011,0.03227,8
13754,77504,10,1,0,0,0,0,0,7,0,0,0.000,0.000,0.03230,-0.000,0.000,-0.000,0.000,-0.000,0.000,-0.000,0.000,0.043,0.012,0.03498,0.039,0.011,0.03226,8
13754,77514,10,1,0,0,0,0,0,7,0,0,0.000,0.000,0.03218,-0.000,0.000,-0.000,0.000,-0.000,0.000,-0.000,0.000,0.043,0.012,0.03485,0.039,0.011,0.03230,8
13787,77524,10,1,0,0,0,0,0,7,0,0,0.000,0.000,0.03217,-0.000,0.000,-0.000,0.000,-0.000,0.000,-0.000,0.000,0.043,0.012,0.03484,0.039,0.011,0.03218,8
13787,77534,10,1,0,0,0,0,0,7,0,0,0.000,0.000,0.03227,-0.000,0.000,-0.000,0.000,-0.000,0.000,-0.000,0.000,0.043,0.012,0.03495,0.039,0.011,0.03217,8
13787,77544,10,1,0,0,0,0,0,7,0,0,0.000,0.000,0.03210,-0.000,0.000,-0.000,0.000,-0.000,0.000,-0.000,0.000,0.042,0.012,0.03477,0.039,0.011,0.03227,8
13803,77554,10,1,0,0,0,0,0,7,0,0,0.000,0.000,0.03201,-0.000,0.000,-0.000,0.000,-0.000,0.000,-0.000,0.000,0.042,0.012,0.03468,0.039,0.011,0.03210,8
13803,77564,10,1,0,0,0,0,0,7,0,0,0.000,0.000,0.03190,-0.000,0.000,-0.000,0.000,-0.000,0.000,-0.000,0.000,0.042,0.012,0.03458,0.039,0.011,0.03201,8
13833,77574,10,1,0,0,0,0,0,7,0,0,0.000,0.075,0.03181,-0.000,0.000,-0.000,0.000,-0.000,0.000,-0.000,0.000,0.117,0.012,0.03448,0.039,0.011,0.03190,8
13833,77584,10,1,0,0,0,0,0,7,0,0,0.000,0.000,0.03175,-0.000,0.000,-0.000,0.000,-0.000,0.000,-0.000,0.000,0.042,0.012,0.03442,0.114,0.011,0.03181,8
13833,77594,10,1,0,0,0,0,0,7,0,0,0.000,0.000,0.03191,-0.000,0.000,-0.000,0.000,-0.000,0.000,-0.000,0.000,0.042,0.012,0.03458,0.039,0.011,0.03175,8
13864,77604,10,1,0,0,0,0,0,7,0,0,0.000,0.000,0.03219,-0.000,0.000,-0.000,0.000,-0.000,0.000,-0.000,0.000,0.043,0.012,0.03487,0.039,0.011,0.03191,8
13864,77614,10,1,0,0,0,0,0,7,0,0,0.000,0.000,0.03212,-0.000,0.000,-0.000,0.000,-0.000,0.000,-0.000,0.000,0.043,0.012,0.03480,0.039,0.011,0.03219,8
13864,77624,10,1,0,0,0,0,0,7,0,0,0.000,0.000,0.03204,-0.000,0.000,-0.000,0.000,-0.000,0.000,-0.000,0.000,0.042,0.012,0.03471,0.039,0.011,0.03212,8
13895,77634,10,1,0,0,0,0,0,7,0,0,0.000,0.000,0.03228,-0.000,0.000,-0.000,0.000,-0.000,0.000,-0.000,0.000,0.043,0.012,0.03496,0.039,0.011,0.03204,8
13895,77644,10,1,0,0,0,0,0,7,0,0,0.000,0.000,0.03239,-0.000,0.000,-0.000,0.000,-0.000,0.000,-0.000,0.000,0.043,0.012,0.03507,0.039,0.011,0.03228,8
13895,77654,10,1,0,0,0,0,0,7,0,0,0.000,0.000,0.03243,-0.000,0.000,-0.000,0.000,-0.000,0.000,-0.000,0.000,0.043,0.012,0.03511,0.040,0.011,0.03239,8
13926,77664,10,1,0,0,0,0,0,7,0,0,0.000,0.000,0.03252,-0.000,0.000,-0.000,0.000,-0.000,0.000,-0.000,0.000,0.043,0.012,0.03519,0.040,0.011,0.03243,8
13926,77674,10,1,0,0,0,0,0,7,0,0,0.000,0.000,0.03249,-0.000,0.000,-0.000,0.000,-0.000,0.000,-0.000,0.000,0.043,0.012,0.03516,0.040,0.011,0.03252,8
13926,77684,10,1,0,0,0,0,0,7,0,0,0.000,0.000,0.03239,-0.000,0.000,-0.000,0.000,-0.000,0.000,-0.000,0.000,0.043,0.012,0.03506,0.040,0.011,0.03249,8
13957,77694,10,1,0,0,0,0,0,7,0,0,0.000,0.000,0.03242,-0.000,0.000,-0.000,0.000,-0.000,0.000,-0.000,0.000,0.043,0.012,0.03510,0.040,0.011,0.03239,8
13957,77704,10,1,0,0,0,0,0,7,0,0,0.000,0.000,0.03224,-0.000,0.000,-0.000,0.000,-0.000,0.000,-0.000,0.000,0.043,0.012,0.03492,0.040,0.011,0.03242,8
13957,77714,10,1,0,0,0,0,0,7,0,0,0.000,0.000,0.03207,-0.000,0.000,-0.000,0.000,-0.000,0.000,-0.000,0.000,0.042,0.012,0.03475,0.039,0.011,0.03224,8
13989,77724,10,1,0,0,0,0,0,7,0,0,0.000,0.000,0.03198,-0.000,0.000,-0.000,0.000,-0.000,0.000,-0.000,0.000,0.042,0.012,0.03465,0.039,0.011,0.03207,8
13989,77734,10,1,0,0,0,0,0,7,0,0,0.000,0.000,0.03219,-0.000,0.000,-0.000,0.000,-0.000,0.000,-0.000,0.000,0.043,0.012,0.03487,0.039,0.011,0.03198,8
13989,77744,10,1,0,0,0,0,0,7,0,0,0.000,0.000,0.03230,-0.000,0.000,-0.000,0.000,-0.000,0.000,-0.000,0.000,0.043,0.012,0.03498,0.039,0.011,0.03219,8
13989,77754,10,1,0,0,0,0,0,7,0,0,0.000,0.000,0.03211,-0.000,0.000,-0.000,0.000,-0.000,0.000,-0.000,0.000,0.043,0.012,0.03479,0.039,0.011,0.03230,8
14023,77764,10,1,0,0,0,0,0,7,0,0,0.000,0.000,0.03212,-0.000,0.000,-0.000,0.000,-0.000,0.000,-0.000,0.000,0.043,0.012,0.03480,0.039,0.011,0.03211,8
14023,77774,10,1,0,0,0,0,0,7,0,0,0.000,0.000,0.03196,-0.000,0.000,-0.000,0.000,-0.000,0.000,-0.000,0.000,0.042,0.012,0.03464,0.039,0.011,0.03212,8
14023,77784,10,1,0,0,0,0,0,7,0,0,0.000,0.000,0.03202,-0.000,0.000,-0.000,0.000,-0.000,0.000,-0.000,0.000,0.042,0.012,0.03469,0.039,0.011,0.03196,8
14037,77794,10,1,0,0,0,0,0,7,0,0,0.000,0.000,0.03202,-0.000,0.000,-0.000,0.000,-0.000,0.000,-0.000,0.000,0.042,0.012,0.03470,0.039,0.011,0.03202,8
14052,77804,10,1,0,0,0,0,0,7,0,0,0.000,0.000,0.03204,-0.000,0.000,-0.000,0.000,-0.000,0.000,-0.000,0.000,0.042,0.012,0.03472,0.039,0.011,0.03202,8
14052,77814,10,1,0,0,0,0,0,7,0,0,0.000,0.000,0.03196,-0.000,0.000,-0.000,0.000,-0.000,0.000,-0.000,0.000,0.042,0.012,0.03464,0.039,0.011,0.03204,8
14082,77824,10,1,0,0,0,0,0,7,0,0,0.000,0.000,0.03189,-0.000,0.000,-0.000,0.000,-0.000,0.000,-0.000,0.000,0.042,0.012,0.03456,0.039,0.011,0.03196,8
14082,77834,10,1,0,0,0,0,0,7,0,0,0.000,0.000,0.03237,-0.000,0.000,-0.000,0.000,-0.000,0.000,-0.000,0.000,0.043,0.012,0.03504,0.039,0.011,0.03189,8
14082,77844,10,1,0,0,0,0,0,7,0,0,0.000,0.000,0.03226,-0.000,0.000,-0.000,0.000,-0.000,0.000,-0.000,0.000,0.043,0.012,0.03493,0.040,0.011,0.03237,8
14113,77854,10,1,0,0,0,0,0,7,0,0,0.000,0.000,0.03228,-0.000,0.000,-0.000,0.000,-0.000,0.000,-0.000,0.000,0.043,0.012,0.03496,0.039,0.011,0.03226,8
14113,77864,10,1,0,0,0,0,0,7,0,0,0.000,0.000,0.03200,-0.000,0.000,-0.000,0.000,-0.000,0.000,-0.000,0.000,0.042,0.012,0.03468,0.039,0.011,0.03228,8
14113,77874,10,1,0,0,0,0,0,7,0,0,0.000,0.000,0.03163,-0.000,0.000,-0.000,0.000,-0.000,0.000,-0.000,0.000,0.042,0.012,0.03431,0.039,0.011,0.03200,8
14128,77884,10,1,0,0,0,0,0,7,0,0,0.000,0.000,0.03169,-0.000,0.000,-0.000,0.000,-0.000,0.000,-0.000,0.000,0.042,0.012,0.03436,0.039,0.011,0.03163,8
14144,77894,10,1,0,0,0,0,0,7,0,0,0.000,0.000,0.03171,-0.000,0.000,-0.000,0.000,-0.000,0.000,-0.000,0.000,0.042,0.012,0.03439,0.039,0.011,0.03169,8
14144,77904,10,1,0,0,0,0,0,7,0,0,0.000,0.000,0.03191,-0.000,0.000,-0.000,0.000,-0.000,0.000,-0.000,0.000,0.042,0.012,0.03459,0.039,0.011,0.03171,8
14177,77914,10,1,0,0,0,0,0,7,0,0,0.000,0.000,0.03203,-0.000,0.000,-0.000,0.000,-0.000,0.000,-0.000,0.000,0.042,0.012,0.03470,0.039,0.011,0.03191,8
14177,77924,10,1,0,0,0,0,0,7,0,0,0.000,0.000,0.03223,-0.000,0.000,-0.000,0.000,-0.000,0.000,-0.000,0.000,0.043,0.012,0.03490,0.039,0.011,0.03203,8
14177,77934,10,1,0,0,0,0,0,7,0,0,0.000,0.000,0.03227,-0.000,0.000,-0.000,0.000,-0.000,0.000,-0.000,0.000,0.043,0.012,0.03495,0.039,0.011,0.03223,8
14193,77944,10,1,0,0,0,0,0,7,0,0,0.000,0.000,0.03225,-0.000,0.000,-0.000,0.000,-0.000,0.000,-0.000,0.000,0.043,0.012,0.03493,0.039,0.011,0.03227,8
14193,77954,10,1,0,0,0,0,0,7,0,0,0.000,0.000,0.03183,-0.000,0.000,-0.000,0.000,-0.000,0.000,-0.000,0.000,0.042,0.012,0.03450,0.039,0.011,0.03225,8
14220,77964,10,1,0,0,0,0,0,7,0,0,0.000,0.000,0.03179,-0.000,0.000,-0.000,0.000,-0.000,0.000,-0.000,0.000,0.042,0.012,0.03446,0.039,0.011,0.03183,8
14220,77974,10,1,0,0,0,0,0,7,0,0,0.000,0.000,0.03200,-0.000,0.000,-0.000,0.000,-0.000,0.000,-0.000,0.000,0.042,0.012,0.03468,0.039,0.011,0.03179,8
14220,77984,10,1,0,0,0,0,0,7,0,0,0.000,0.000,0.03206,-0.000,0.000,-0.000,0.000,-0.000,0.000,-0.000,0.000,0.042,0.012,0.03473,0.039,0.011,0.03200,8
14241,77994,10,1,0,0,0,0,0,7,0,0,0.000,0.000,0.03186,-0.000,0.000,-0.000,0.000,-0.000,0.000,-0.000,0.000,0.042,0.012,0.03453,0.039,0.011,0.03206,8
14241,78004,10,1,0,0,0,0,0,7,0,0,0.000,0.000,0.03209,-0.000,0.000,-0.000,0.000,-0.000,0.000,-0.000,0.000,0.042,0.012,0.03476,0.039,0.011,0.03186,8
14256,78014,10,1,0,0,0,0,0,7,0,0,0.000,0.000,0.03229,-0.000,0.000,-0.000,0.000,-0.000,0.000,-0.000,0.000,0.043,0.012,0.03497,0.039,0.011,0.03209,8
14286,78024,10,1,0,0,0,0,0,7,0,0,0.000,0.000,0.03227,-0.000,0.000,-0.000,0.000,-0.000,0.000,-0.000,0.000,0.043,0.012,0.03495,0.039,0.011,0.03229,8
14286,78034,10,1,0,0,0,0,0,7,0,0,0.000,0.000,0.03227,-0.000,0.000,-0.000,0.000,-0.000,0.000,-0.000,0.000,0.043,0.012,0.03495,0.039,0.011,0.03227,8
14286,78044,10,1,0,0,0,0,0,7,0,0,0.000,0.000,0.03200,-0.000,0.000,-0.000,0.000,-0.000,0.000,-0.000,0.000,0.042,0.012,0.03468,0.039,0.011,0.03227,8
14304,78054,10,1,0,0,0,0,0,7,0,0,0.000,0.000,0.03215,-0.000,0.000,-0.000,0.000,-0.000,0.000,-0.000,0.000,0.043,0.012,0.03483,0.039,0.011,0.03200,8
14304,78064,10,1,0,0,0,0,0,7,0,0,0.000,0.000,0.03220,-0.000,0.000,-0.000,0.000,-0.000,0.000,-0.000,0.000,0.043,0.012,0.03487,0.039,0.011,0.03215,8
14332,78074,10,1,0,0,0,0,0,7,0,0,0.000,0.000,0.03197,-0.000,0.000,-0.000,0.000,-0.000,0.000,-0.000,0.000,0.042,0.012,0.03465,0.039,0.011,0.03220,8
14332,78084,10,1,0,0,0,0,0,7,0,0,0.000,0.075,0.03194,-0.000,0.000,-0.000,0.000,-0.000,0.000,-0.000,0.000,0.118,0.012,0.03462,0.039,0.011,0.03197,8
14332,78094,10,1,0,0,0,0,0,7,0,0,0.000,0.000,0.03204,-0.000,0.000,-0.000,0.000,-0.000,0.000,-0.000,0.000,0.042,0.012,0.03472,0.114,0.011,0.03194,8
14348,78104,10,1,0,0,0,0,0,7,0,0,0.000,0.000,0.03221,-0.000,0.000,-0.000,0.000,-0.000,0.000,-0.000,0.000,0.043,0.012,0.03488,0.039,0.011,0.03204,8
14365,78114,10,1,0,0,0,0,0,7,0,0,0.000,0.000,0.03225,-0.000,0.000,-0.000,0.000,-0.000,0.000,-0.000,0.000,0.043,0.012,0.03492,0.039,0.011,0.03221,8
14365,78124,10,1,0,0,0,0,0,7,0,0,0.000,0.000,0.03213,-0.000,0.000,-0.000,0.000,-0.000,0.000,-0.000,0.000,0.043,0.012,0.03481,0.039,0.011,0.03225,8
14381,78134,10,1,0,0,0,0,0,7,0,0,0.000,0.000,0.03205,-0.000,0.000,-0.000,0.000,-0.000,0.000,-0.000,0.000,0.042,0.012,0.03472,0.039,0.011,0.03213,8
14381,78144,10,1,0,0,0,0,0,7,0,0,0.000,0.000,0.03213,-0.000,0.000,-0.000,0.000,-0.000,0.000,-0.000,0.000,0.043,0.012,0.03480,0.039,0.011,0.03205,8
14397,78154,10,1,0,0,0,0,0,7,0,0,0.000,0.000,0.03220,-0.000,0.000,-0.000,0.000,-0.000,0.000,-0.000,0.000,0.043,0.012,0.03488,0.039,0.011,0.03213,8
14412,78164,10,1,0,0,0,0,0,7,0,0,0.000,0.000,0.03208,-0.000,0.000,-0.000,0.000,-0.000,0.000,-0.000,0.000,0.042,0.012,0.03476,0.039,0.011,0.03220,8
14412,78174,10,1,0,0,0,0,0,7,0,0,0.000,0.000,0.03199,-0.000,0.000,-0.000,0.000,-0.000,0.000,-0.000,0.000,0.042,0.012,0.03466,0.039,0.011,0.03208,8
14428,78184,10,1,0,0,0,0,0,7,0,0,0.000,0.000,0.03185,-0.000,0.000,-0.000,0.000,-0.000,0.000,-0.000,0.000,0.042,0.012,0.03453,0.039,0.011,0.03199,8
14444,78194,10,1,0,0,0,0,0,7,0,0,0.000,0.000,0.03184,-0.000,0.000,-0.000,0.000,-0.000,0.000,-0.000,0.000,0.042,0.012,0.03452,0.039,0.011,0.03185,8
14444,78204,10,1,0,0,0,0,0,7,0,0,0.000,0.000,0.03184,-0.000,0.000,-0.000,0.000,-0.000,0.000,-0.000,0.000,0.042,0.012,0.03452,0.039,0.011,0.03184,8
14460,78214,10,1,0,0,0,0,0,7,0,0,0.000,0.000,0.03191,-0.000,0.000,-0.000,0.000,-0.000,0.000,-0.000,0.000,0.042,0.012,0.03459,0.039,0.011,0.03184,8
14460,78224,10,1,0,0,0,0,0,7,0,0,0.000,0.000,0.03189,-0.000,0.000,-0.000,0.000,-0.000,0.000,-0.000,0.000,0.042,0.012,0.03457,0.039,0.011,0.03191,8
14475,78234,10,1,0,0,0,0,0,7,0,0,0.000,0.000,0.03188,-0.000,0.000,-0.000,0.000,-0.000,0.000,-0.000,0.000,0.042,0.012,0.03456,0.039,0.011,0.03189,8
14491,78244,10,1,0,0,0,0,0,7,0,0,0.000,0.000,0.03182,-0.000,0.000,-0.000,0.000,-0.000,0.000,-0.000,0.000,0.042,0.012,0.03450,0.039,0.011,0.03188,8
14491,78254,10,1,0,0,0,0,0,7,0,0,0.000,0.000,0.03207,-0.000,0.000,-0.000,0.000,-0.000,0.000,-0.000,0.000,0.042,0.012,0.03474,0.039,0.011,0.03182,8
14507,78264,10,1,0,0,0,0,0,7,0,0,0.000,0.000,0.03218,-0.000,0.000,-0.000,0.000,-0.000,0.000,-0.000,0.000,0.043,0.012,0.03485,0.039,0.011,0.03207,8
14522,78274,10,1,0,0,0,0,0,7,0,0,0.000,0.000,0.03202,-0.000,0.000,-0.000,0.000,-0.000,0.000,-0.000,0.000,0.042,0.012,0.03470,0.039,0.011,0.03218,8
14522,78284,10,1,0,0,0,0,0,7,0,0,0.000,0.000,0.03195,-0.000,0.000,-0.000,0.000,-0.000,0.000,-0.000,0.000,0.042,0.012,0.03462,0.039,0.011,0.03202,8
14537,78294,10,1,0,0,0,0,0,7,0,0,0.000,0.000,0.03205,-0.000,0.000,-0.000,0.000,-0.000,0.000,-0.000,0.000,0.042,0.012,0.03472,0.039,0.011,0.03195,8
14554,78304,10,1,0,0,0,0,0,7,0,0,0.000,0.000,0.03202,-0.000,0.000,-0.000,0.000,-0.000,0.000,-0.000,0.000,0.042,0.012,0.03470,0.039,0.011,0.03205,8
14554,78314,10,1,0,0,0,0,0,7,0,0,0.000,0.000,0.03192,-0.000,0.000,-0.000,0.000,-0.000,0.000,-0.000,0.000,0.042,0.012,0.03459,0.039,0.011,0.03202,8
14570,78324,10,1,0,0,0,0,0,7,0,0,0.000,0.000,0.03176,-0.000,0.000,-0.000,0.000,-0.000,0.000,-0.000,0.000,0.042,0.012,0.03443,0.039,0.011,0.03192,8
14570,78334,10,1,0,0,0,0,0,7,0,0,0.000,0.000,0.03164,-0.000,0.000,-0.000,0.000,-0.000,0.000,-0.000,0.000,0.042,0.012,0.03432,0.039,0.011,0.03176,8
14584,78344,10,1,0,0,0,0,0,7,0,0,0.000,0.000,0.03186,-0.000,0.000,-0.000,0.000,-0.000,0.000,-0.000,0.000,0.042,0.012,0.03454,0.039,0.011,0.03164,8
14600,78354,10,1,0,0,0,0,0,7,0,0,0.000,0.000,0.03176,-0.000,0.000,-0.000,0.000,-0.000,0.000,-0.000,0.000,0.042,0.012,0.03444,0.039,0.011,0.03186,8
14600,78364,10,1,0,0,0,0,0,7,0,0,0.000,0.000,0.03195,-0.000,0.000,-0.000,0.000,-0.000,0.000,-0.000,0.000,0.042,0.012,0.03463,0.039,0.011,0.03176,8
14615,78374,10,1,0,0,0,0,0,7,0,0,0.000,0.000,0.03169,-0.000,0.000,-0.000,0.000,-0.000,0.000,-0.000,0.000,0.042,0.012,0.03437,0.039,0.011,0.03195,8
14630,78384,10,1,0,0,0,0,0,7,0,0,0.000,0.000,0.03167,-0.000,0.000,-0.000,0.000,-0.000,0.000,-0.000,0.000,0.042,0.012,0.03435,0.039,0.011,0.03169,8
14630,78394,10,1,0,0,0,0,0,7,0,0,0.000,0.000,0.03155,-0.000,0.000,-0.000,0.000,-0.000,0.000,-0.000,0.000,0.042,0.012,0.03422,0.039,0.011,0.03167,8
14646,78404,10,1,0,0,0,0,0,7,0,0,0.000,0.000,0.03153,-0.000,0.000,-0.000,0.000,-0.000,0.000,-0.000,0.000,0.042,0.012,0.03420,0.039,0.011,0.03155,8
14661,78414,10,1,0,0,0,0,0,7,0,0,0.000,0.000,0.03176,-0.000,0.000,-0.000,0.000,-0.000,0.000,-0.000,0.000,0.042,0.012,0.03444,0.039,0.011,0.03153,8
14661,78424,10,1,0,0,0,0,0,7,0,0,0.000,0.000,0.03201,-0.000,0.000,-0.000,0.000,-0.000,0.000,-0.000,0.000,0.042,0.012,0.03469,0.039,0.011,0.03176,8
14677,78434,10,1,0,0,0,0,0,7,0,0,0.000,0.000,0.03218,-0.000,0.000,-0.000,0.000,-0.000,0.000,-0.000,0.000,0.043,0.012,0.03486,0.039,0.011,0.03201,8
14693,78444,10,1,0,0,0,0,0,7,0,0,0.000,0.000,0.03245,-0.000,0.000,-0.000,0.000,-0.000,0.000,-0.000,0.000,0.043,0.012,0.03512,0.039,0.011,0.03218,8
14693,78454,10,1,0,0,0,0,0,7,0,0,0.000,0.000,0.03238,-0.000,0.000,-0.000,0.000,-0.000,0.000,-0.000,0.000,0.043,0.012,0.03506,0.040,0.011,0.03245,8
14708,78464,10,1,0,0,0,0,0,7,0,0,0.000,0.000,0.03222,-0.000,0.000,-0.000,0.000,-0.000,0.000,-0.000,0.000,0.043,0.012,0.03490,0.040,0.011,0.03238,8
14724,78474,10,1,0,0,0,0,0,7,0,0,0.000,0.000,0.03225,-0.000,0.000,-0.000,0.000,-0.000,0.000,-0.000,0.000,0.043,0.012,0.03493,0.039,0.011,0.03222,8
14724,78484,10,1,0,0,0,0,0,7,0,0,0.000,0.000,0.03193,-0.000,0.000,-0.000,0.000,-0.000,0.000,-0.000,0.000,0.042,0.012,0.03460,0.039,0.011,0.03225,8
14740,78494,10,1,0,0,0,0,0,7,0,0,0.000,0.000,0.03188,-0.000,0.000,-0.000,0.000,-0.000,0.000,-0.000,0.000,0.042,0.012,0.03456,0.039,0.011,0.03193,8
14740,78504,10,1,0,0,0,0,0,7,0,0,0.000,0.000,0.03199,-0.000,0.000,-0.000,0.000,-0.000,0.000,-0.000,0.000,0.042,0.012,0.03466,0.039,0.011,0.03188,8
14755,78514,10,1,0,0,0,0,0,7,0,0,0.000,0.000,0.03178,-0.000,0.000,-0.000,0.000,-0.000,0.000,-0.000,0.000,0.042,0.012,0.03446,0.039,0.011,0.03199,8
14786,78524,10,1,0,0,0,0,0,7,0,0,0.000,0.000,0.03181,-0.000,0.000,-0.000,0.000,-0.000,0.000,-0.000,0.000,0.042,0.012,0.03448,0.039,0.011,0.03178,8
14786,78534,10,1,0,0,0,0,0,7,0,0,0.000,0.000,0.03182,-0.000,0.000,-0.000,0.000,-0.000,0.000,-0.000,0.000,0.042,0.012,0.03450,0.039,0.011,0.03181,8
14786,78544,10,1,0,0,0,0,0,7,0,0,0.000,0.000,0.03185,-0.000,0.000,-0.000,0.000,-0.000,0.000,-0.000,0.000,0.042,0.012,0.03452,0.039,0.011,0.03182,8
14802,78554,10,1,0,0,0,0,0,7,0,0,0.000,0.000,0.03196,-0.000,0.000,-0.000,0.000,-0.000,0.000,-0.000,0.000,0.042,0.012,0.03464,0.039,0.011,0.03185,8
14802,78564,10,1,0,0,0,0,0,7,0,0,0.000,0.000,0.03203,-0.000,0.000,-0.000,0.000,-0.000,0.000,-0.000,0.000,0.042,0.012,0.03470,0.039,0.011,0.03196,8
14832,78574,10,1,0,0,0,0,0,7,0,0,0.000,0.000,0.03197,-0.000,0.000,-0.000,0.000,-0.000,0.000,-0.000,0.000,0.042,0.012,0.03465,0.039,0.011,0.03203,8
14832,78584,10,1,0,0,0,0,0,7,0,0,0.000,0.000,0.03200,-0.000,0.000,-0.000,0.000,-0.000,0.000,-0.000,0.000,0.042,0.012,0.03468,0.039,0.011,0.03197,8
14832,78594,10,1,0,0,0,0,0,7,0,0,0.000,0.000,0.03201,-0.000,0.000,-0.000,0.000,-0.000,0.000,-0.000,0.000,0.042,0.012,0.03469,0.039,0.011,0.03200,8
14864,78604,10,1,0,0,0,0,0,7,0,0,0.000,0.000,0.03199,-0.000,0.000,-0.000,0.000,-0.000,0.000,-0.000,0.000,0.042,0.012,0.03467,0.039,0.011,0.03201,8
14864,78614,10,1,0,0,0,0,0,7,0,0,0.000,0.000,0.03190,-0.000,0.000,-0.000,0.000,-0.000,0.000,-0.000,0.000,0.042,0.012,0.03457,0.039,0.011,0.03199,8
14864,78624,10,1,0,0,0,0,0,7,0,0,0.000,0.000,0.03177,-0.000,0.000,-0.000,0.000,-0.000,0.000,-0.000,0.000,0.042,0.012,0.03445,0.039,0.011,0.03190,8
14894,78634,10,1,0,0,0,0,0,7,0,0,0.000,0.000,0.03171,-0.000,0.000,-0.000,0.000,-0.000,0.000,-0.000,0.000,0.042,0.012,0.03439,0.039,0.011,0.03177,8
14894,78644,10,1,0,0,0,0,0,7,0,0,0.000,0.000,0.03183,-0.000,0.000,-0.000,0.000,-0.000,0.000,-0.000,0.000,0.042,0.012,0.03451,0.039,0.011,0.03171,8
14894,78654,10,1,0,0,0,0,0,7,0,0,0.000,0.000,0.03182,-0.000,0.000,-0.000,0.000,-0.000,0.000,-0.000,0.000,0.042,0.012,0.03450,0.039,0.011,0.03183,8
14910,78664,10,1,0,0,0,0,0,7,0,0,0.000,0.000,0.03170,-0.000,0.000,-0.000,0.000,-0.000,0.000,-0.000,0.000,0.042,0.012,0.03437,0.039,0.011,0.03182,8
14910,78674,10,1,0,0,0,0,0,7,0,0,0.000,0.000,0.03173,-0.000,0.000,-0.000,0.000,-0.000,0.000,-0.000,0.000,0.042,0.012,0.03441,0.039,0.011,0.03170,8
14925,78684,10,1,0,0,0,0,0,7,0,0,0.000,0.000,0.03162,-0.000,0.000,-0.000,0.000,-0.000,0.000,-0.000,0.000,0.042,0.012,0.03430,0.039,0.011,0.03173,8
14941,78694,10,1,0,0,0,0,0,7,0,0,0.000,0.000,0.03170,-0.000,0.000,-0.000,0.000,-0.000,0.000,-0.000,0.000,0.042,0.012,0.03438,0.039,0.011,0.03162,8
14941,78704,10,1,0,0,0,0,0,7,0,0,0.000,0.000,0.03178,-0.000,0.000,-0.000,0.000,-0.000,0.000,-0.000,0.000,0.042,0.012,0.03445,0.039,0.011,0.03170,8
14957,78714,10,1,0,0,0,0,0,7,0,0,0.000,0.000,0.03157,-0.000,0.000,-0.000,0.000,-0.000,0.000,-0.000,0.000,0.042,0.012,0.03425,0.039,0.011,0.03178,8
14972,78724,10,1,0,0,0,0,0,7,0,0,0.000,0.000,0.03182,-0.000,0.000,-0.000,0.000,-0.000,0.000,-0.000,0.000,0.042,0.012,0.03449,0.039,0.011,0.03157,8
14972,78734,10,1,0,0,0,0,0,7,0,0,0.000,0.000,0.03189,-0.000,0.000,-0.000,0.000,-0.000,0.000,-0.000,0.000,0.042,0.012,0.03457,0.039,0.011,0.03182,8
14988,78744,10,1,0,0,0,0,0,7,0,0,0.000,0.000,0.03176,-0.000,0.000,-0.000,0.000,-0.000,0.000,-0.000,0.000,0.042,0.012,0.03444,0.039,0.011,0.03189,8
15003,78754,10,1,0,0,0,0,0,7,0,0,0.000,0.000,0.03179,-0.000,0.000,-0.000,0.000,-0.000,0.000,-0.000,0.000,0.042,0.012,0.03446,0.039,0.011,0.03176,8
15003,78764,10,1,0,0,0,0,0,7,0,0,0.000,0.000,0.03196,-0.000,0.000,-0.000,0.000,-0.000,0.000,-0.000,0.000,0.042,0.012,0.03464,0.039,0.011,0.03179,8
15018,78774,10,1,0,0,0,0,0,7,0,0,0.000,0.000,0.03214,-0.000,0.000,-0.000,0.000,-0.000,0.000,-0.000,0.000,0.043,0.012,0.03482,0.039,0.011,0.03196,8
15033,78784,10,1,0,0,0,0,0,7,0,0,0.000,0.000,0.03215,-0.000,0.000,-0.000,0.000,-0.000,0.000,-0.000,0.000,0.043,0.012,0.03483,0.039,0.011,0.03214,8
15033,78794,10,1,0,0,0,0,0,7,0,0,0.000,0.000,0.03222,-0.000,0.000,-0.000,0.000,-0.000,0.000,-0.000,0.000,0.043,0.012,0.03490,0.039,0.011,0.03215,8
15058,78804,10,1,0,0,0,0,0,7,0,0,0.000,0.000,0.03213,-0.000,0.000,-0.000,0.000,-0.000,0.000,-0.000,0.000,0.043,0.012,0.03481,0.039,0.011,0.03222,8
15058,78814,10,1,0,0,0,0,0,7,0,0,0.000,0.000,0.03206,-0.000,0.000,-0.000,0.000,-0.000,0.000,-0.000,0.000,0.042,0.012,0.03474,0.039,0.011,0.03213,8
15068,78824,10,1,0,0,0,0,0,7,0,0,0.000,0.000,0.03195,-0.000,0.000,-0.000,0.000,-0.000,0.000,-0.000,0.000,0.042,0.012,0.03463,0.039,0.011,0.03206,8
15097,78834,10,1,0,0,0,0,0,7,0,0,0.000,0.000,0.03214,-0.000,0.000,-0.000,0.000,-0.000,0.000,-0.000,0.000,0.043,0.012,0.03481,0.039,0.011,0.03195,8
15097,78844,10,1,0,0,0,0,0,7,0,0,0.000,0.000,0.03222,-0.000,0.000,-0.000,0.000,-0.000,0.000,-0.000,0.000,0.043,0.012,0.03489,0.039,0.011,0.03214,8
15097,78854,10,1,0,0,0,0,0,7,0,0,0.000,0.000,0.03211,-0.000,0.000,-0.000,0.000,-0.000,0.000,-0.000,0.000,0.043,0.012,0.03479,0.039,0.011,0.03222,8
15112,78864,10,1,0,0,0,0,0,7,0,0,0.000,0.000,0.03211,-0.000,0.000,-0.000,0.000,-0.000,0.000,-0.000,0.000,0.043,0.012,0.03479,0.039,0.011,0.03211,8
15112,78874,10,1,0,0,0,0,0,7,0,0,0.000,0.000,0.03208,-0.000,0.000,-0.000,0.000,-0.000,0.000,-0.000,0.000,0.042,0.012,0.03475,0.039,0.011,0.03211,8
15127,78884,10,1,0,0,0,0,0,7,0,0,0.000,0.000,0.03223,-0.000,0.000,-0.000,0.000,-0.000,0.000,-0.000,0.000,0.043,0.012,0.03491,0.039,0.011,0.03208,8
15143,78894,10,1,0,0,0,0,0,7,0,0,0.000,0.000,0.03232,-0.000,0.000,-0.000,0.000,-0.000,0.000,-0.000,0.000,0.043,0.012,0.03499,0.039,0.011,0.03223,8
15143,78904,10,1,0,0,0,0,0,7,0,0,0.000,0.000,0.03221,-0.000,0.000,-0.000,0.000,-0.000,0.000,-0.000,0.000,0.043,0.012,0.03488,0.039,0.011,0.03232,8
15159,78914,10,1,0,0,0,0,0,7,0,0,0.000,0.000,0.03227,-0.000,0.000,-0.000,0.000,-0.000,0.000,-0.000,0.000,0.043,0.012,0.03495,0.039,0.011,0.03221,8
15159,78924,10,1,0,0,0,0,0,7,0,0,0.000,0.000,0.03203,-0.000,0.000,-0.000,0.000,-0.000,0.000,-0.000,0.000,0.042,0.012,0.03470,0.039,0.011,0.03227,8
15174,78934,10,1,0,0,0,0,0,7,0,0,0.000,0.000,0.03208,-0.000,0.000,-0.000,0.000,-0.000,0.000,-0.000,0.000,0.042,0.012,0.03475,0.039,0.011,0.03203,8
15189,78944,10,1,0,0,0,0,0,7,0,0,0.000,0.000,0.03227,-0.000,0.000,-0.000,0.000,-0.000,0.000,-0.000,0.000,0.043,0.012,0.03494,0.039,0.011,0.03208,8
15189,78954,10,1,0,0,0,0,0,7,0,0,0.000,0.000,0.03216,-0.000,0.000,-0.000,0.000,-0.000,0.000,-0.000,0.000,0.043,0.012,0.03484,0.039,0.011,0.03227,8
15205,78964,10,1,0,0,0,0,0,7,0,0,0.000,0.000,0.03212,-0.000,0.000,-0.000,0.000,-0.000,0.000,-0.000,0.000,0.043,0.012,0.03479,0.039,0.011,0.03216,8
15220,78974,10,1,0,0,0,0,0,7,0,0,0.000,0.000,0.03199,-0.000,0.000,-0.000,0.000,-0.000,0.000,-0.000,0.000,0.042,0.012,0.03466,0.039,0.011,0.03212,8
15220,78984,10,1,0,0,0,0,0,7,0,0,0.000,0.000,0.03219,-0.000,0.000,-0.000,0.000,-0.000,0.000,-0.000,0.000,0.043,0.012,0.03486,0.039,0.011,0.03199,8
15235,78994,10,1,0,0,0,0,0,7,0,0,0.000,0.000,0.03230,-0.000,0.000,-0.000,0.000,-0.000,0.000,-0.000,0.000,0.043,0.012,0.03498,0.039,0.011,0.03219,8
15252,79004,10,1,0,0,0,0,0,7,0,0,0.000,0.000,0.03216,-0.000,0.000,-0.000,0.000,-0.000,0.000,-0.000,0.000,0.043,0.012,0.03484,0.039,0.011,0.03230,8
15252,79014,10,1,0,0,0,0,0,7,0,0,0.000,0.000,0.03231,-0.000,0.000,-0.000,0.000,-0.000,0.000,-0.000,0.000,0.043,0.012,0.03498,0.039,0.011,0.03216,8
15267,79024,10,1,0,0,0,0,0,7,0,0,0.000,0.000,0.03209,-0.000,0.000,-0.000,0.000,-0.000,0.000,-0.000,0.000,0.042,0.012,0.03477,0.039,0.011,0.03231,8
15282,79034,10,1,0,0,0,0,0,7,0,0,0.000,0.000,0.03211,-0.000,0.000,-0.000,0.000,-0.000,0.000,-0.000,0.000,0.043,0.012,0.03479,0.039,0.011,0.03209,8
15282,79044,10,1,0,0,0,0,0,7,0,0,0.000,0.000,0.03202,-0.000,0.000,-0.000,0.000,-0.000,0.000,-0.000,0.000,0.042,0.012,0.03470,0.039,0.011,0.03211,8
15297,79054,10,1,0,0,0,0,0,7,0,0,0.000,0.000,0.03228,-0.000,0.000,-0.000,0.000,-0.000,0.000,-0.000,0.000,0.043,0.012,0.03495,0.039,0.011,0.03202,8
15313,79064,10,1,0,0,0,0,0,7,0,0,0.000,0.000,0.03231,-0.000,0.000,-0.000,0.000,-0.000,0.000,-0.000,0.000,0.043,0.012,0.03498,0.039,0.011,0.03228,8
15313,79074,10,1,0,0,0,0,0,7,0,0,0.000,0.000,0.03245,-0.000,0.000,-0.000,0.000,-0.000,0.000,-0.000,0.000,0.043,0.012,0.03513,0.039,0.011,0.03231,8
15329,79084,10,1,0,0,0,0,0,7,0,0,0.000,0.000,0.03238,-0.000,0.000,-0.000,0.000,-0.000,0.000,-0.000,0.000,0.043,0.012,0.03506,0.040,0.011,0.03245,8
15329,79094,10,1,0,0,0,0,0,7,0,0,0.000,0.000,0.03246,-0.000,0.000,-0.000,0.000,-0.000,0.000,-0.000,0.000,0.043,0.012,0.03513,0.040,0.011,0.03238,8
15344,79104,10,1,0,0,0,0,0,7,0,0,0.000,0.000,0.03235,-0.000,0.000,-0.000,0.000,-0.000,0.000,-0.000,0.000,0.043,0.012,0.03502,0.040,0.011,0.03246,8
15360,79114,10,1,0,0,0,0,0,7,0,0,0.000,0.000,0.03241,-0.000,0.000,-0.000,0.000,-0.000,0.000,-0.000,0.000,0.043,0.012,0.03509,0.040,0.011,0.03235,8
15360,79124,10,1,0,0,0,0,0,7,0,0,0.000,0.000,0.03243,-0.000,0.000,-0.000,0.000,-0.000,0.000,-0.000,0.000,0.043,0.012,0.03510,0.040,0.011,0.03241,8
15375,79134,10,1,0,0,0,0,0,7,0,0,0.000,0.000,0.03217,-0.000,0.000,-0.000,0.000,-0.000,0.000,-0.000,0.000,0.043,0.012,0.03485,0.040,0.011,0.03243,8
15390,79144,10,1,0,0,0,0,0,7,0,0,0.000,0.000,0.03217,-0.000,0.000,-0.000,0.000,-0.000,0.000,-0.000,0.000,0.043,0.012,0.03484,0.039,0.011,0.03217,8
15390,79154,10,1,0,0,0,0,0,7,0,0,0.000,0.000,0.03209,-0.000,0.000,-0.000,0.000,-0.000,0.000,-0.000,0.000,0.042,0.012,0.03477,0.039,0.011,0.03217,8
15406,79164,10,1,0,0,0,0,0,7,0,0,0.000,0.000,0.03180,-0.000,0.000,-0.000,0.000,-0.000,0.000,-0.000,0.000,0.042,0.012,0.03447,0.039,0.011,0.03209,8
15421,79174,10,1,0,0,0,0,0,7,0,0,0.000,0.000,0.03200,-0.000,0.000,-0.000,0.000,-0.000,0.000,-0.000,0.000,0.042,0.012,0.03468,0.039,0.011,0.03180,8
15421,79184,10,1,0,0,0,0,0,7,0,0,0.000,0.000,0.03220,-0.000,0.000,-0.000,0.000,-0.000,0.000,-0.000,0.000,0.043,0.012,0.03487,0.039,0.011,0.03200,8
15437,79194,10,1,0,0,0,0,0,7,0,0,0.000,0.000,0.03232,-0.000,0.000,-0.000,0.000,-0.000,0.000,-0.000,0.000,0.043,0.012,0.03500,0.039,0.011,0.03220,8
15452,79204,10,1,0,0,0,0,0,7,0,0,0.000,0.000,0.03241,-0.000,0.000,-0.000,0.000,-0.000,0.000,-0.000,0.000,0.043,0.012,0.03508,0.039,0.011,0.03232,8
15452,79214,10,1,0,0,0,0,0,7,0,0,0.000,0.000,0.03243,-0.000,0.000,-0.000,0.000,-0.000,0.000,-0.000,0.000,0.043,0.012,0.03510,0.040,0.011,0.03241,8
15468,79224,10,1,0,0,0,0,0,7,0,0,0.000,0.000,0.03260,-0.000,0.000,-0.000,0.000,-0.000,0.000,-0.000,0.000,0.043,0.012,0.03528,0.040,0.011,0.03243,8
15484,79234,10,1,0,0,0,0,0,7,0,0,0.000,0.000,0.03238,-0.000,0.000,-0.000,0.000,-0.000,0.000,-0.000,0.000,0.043,0.012,0.03506,0.040,0.011,0.03260,8
15484,79244,10,1,0,0,0,0,0,7,0,0,0.000,0.000,0.03234,-0.000,0.000,-0.000,0.000,-0.000,0.000,-0.000,0.000,0.043,0.012,0.03502,0.040,0.011,0.03238,8
15499,79254,10,1,0,0,0,0,0,7,0,0,0.000,0.000,0.03225,-0.000,0.000,-0.000,0.000,-0.000,0.000,-0.000,0.000,0.043,0.012,0.03492,0.040,0.011,0.03234,8
15499,79264,10,1,0,0,0,0,0,7,0,0,0.000,0.000,0.03223,-0.000,0.000,-0.000,0.000,-0.000,0.000,-0.000,0.000,0.043,0.012,0.03491,0.039,0.011,0.03225,8
15515,79274,10,1,0,0,0,0,0,7,0,0,0.000,0.000,0.03200,-0.000,0.000,-0.000,0.000,-0.000,0.000,-0.000,0.000,0.042,0.012,0.03468,0.039,0.011,0.03223,8
15530,79284,10,1,0,0,0,0,0,7,0,0,0.000,0.000,0.03190,-0.000,0.000,-0.000,0.000,-0.000,0.000,-0.000,0.000,0.042,0.012,0.03457,0.039,0.011,0.03200,8
15530,79294,10,1,0,0,0,0,0,7,0,0,0.000,0.000,0.03183,-0.000,0.000,-0.000,0.000,-0.000,0.000,-0.000,0.000,0.042,0.012,0.03451,0.039,0.011,0.03190,8
15545,79304,10,1,0,0,0,0,0,7,0,0,0.000,0.000,0.03169,-0.000,0.000,-0.000,0.000,-0.000,0.000,-0.000,0.000,0.042,0.012,0.03437,0.039,0.011,0.03183,8
15562,79314,10,1,0,0,0,0,0,7,0,0,0.000,0.000,0.03170,-0.000,0.000,-0.000,0.000,-0.000,0.000,-0.000,0.000,0.042,0.012,0.03438,0.039,0.011,0.03169,8
15562,79324,10,1,0,0,0,0,0,7,0,0,0.000,0.000,0.03168,-0.000,0.000,-0.000,0.000,-0.000,0.000,-0.000,0.000,0.042,0.012,0.03435,0.039,0.011,0.03170,8
15577,79334,10,1,0,0,0,0,0,7,0,0,0.000,0.000,0.03153,-0.000,0.000,-0.000,0.000,-0.000,0.000,-0.000,0.000,0.042,0.012,0.03421,0.039,0.011,0.03168,8
15593,79344,10,1,0,0,0,0,0,7,0,0,0.000,0.000,0.03144,-0.000,0.000,-0.000,0.000,-0.000,0.000,-0.000,0.000,0.042,0.012,0.03412,0.039,0.011,0.03153,8
15593,79354,10,1,0,0,0,0,0,7,0,0,0.000,0.000,0.03150,-0.000,0.000,-0.000,0.000,-0.000,0.000,-0.000,0.000,0.042,0.012,0.03417,0.038,0.011,0.03144,8
15608,79364,10,1,0,0,0,0,0,7,0,0,0.000,0.000,0.03156,-0.000,0.000,-0.000,0.000,-0.000,0.000,-0.000,0.000,0.042,0.012,0.03423,0.038,0.011,0.03150,8
15624,79374,10,1,0,0,0,0,0,7,0,0,0.000,0.000,0.03136,-0.000,0.000,-0.000,0.000,-0.000,0.000,-0.000,0.000,0.042,0.012,0.03404,0.039,0.011,0.03156,8
15624,79384,10,1,0,0,0,0,0,7,0,0,0.000,0.000,0.03136,-0.000,0.000,-0.000,0.000,-0.000,0.000,-0.000,0.000,0.042,0.012,0.03403,0.038,0.011,0.03136,8
15640,79394,10,1,0,0,0,0,0,7,0,0,0.000,0.000,0.03156,-0.000,0.000,-0.000,0.000,-0.000,0.000,-0.000,0.000,0.042,0.012,0.03424,0.038,0.011,0.03136,8
15640,79404,10,1,0,0,0,0,0,7,0,0,0.000,0.000,0.03162,-0.000,0.000,-0.000,0.000,-0.000,0.000,-0.000,0.000,0.042,0.012,0.03430,0.039,0.011,0.03156,8
15656,79414,10,1,0,0,0,0,0,7,0,0,0.000,0.000,0.03179,-0.000,0.000,-0.000,0.000,-0.000,0.000,-0.000,0.000,0.042,0.012,0.03446,0.039,0.011,0.03162,8
15671,79424,10,1,0,0,0,0,0,7,0,0,0.000,0.000,0.03208,-0.000,0.000,-0.000,0.000,-0.000,0.000,-0.000,0.000,0.042,0.012,0.03475,0.039,0.011,0.03179,8
15671,79434,10,1,0,0,0,0,0,7,0,0,0.000,0.000,0.03199,-0.000,0.000,-0.000,0.000,-0.000,0.000,-0.000,0.000,0.042,0.012,0.03467,0.039,0.011,0.03208,8
15687,79444,10,1,0,0,0,0,0,7,0,0,0.000,0.000,0.03177,-0.000,0.000,-0.000,0.000,-0.000,0.000,-0.000,0.000,0.042,0.012,0.03444,0.039,0.011,0.03199,8
15702,79454,10,1,0,0,0,0,0,7,0,0,0.000,0.000,0.03170,-0.000,0.000,-0.000,0.000,-0.000,0.000,-0.000,0.000,0.042,0.012,0.03438,0.039,0.011,0.03177,8
15702,79464,10,1,0,0,0,0,0,7,0,0,0.000,0.000,0.03156,-0.000,0.000,-0.000,0.000,-0.000,0.000,-0.000,0.000,0.042,0.012,0.03423,0.039,0.011,0.03170,8
15718,79474,10,1,0,0,0,0,0,7,0,0,0.000,0.000,0.03174,-0.000,0.000,-0.000,0.000,-0.000,0.000,-0.000,0.000,0.042,0.012,0.03441,0.039,0.011,0.03156,8
15733,79484,10,1,0,0,0,0,0,7,0,0,0.000,0.000,0.03158,-0.000,0.000,-0.000,0.000,-0.000,0.000,-0.000,0.000,0.042,0.012,0.03425,0.039,0.011,0.03174,8
15733,79494,10,1,0,0,0,0,0,7,0,0,0.000,0.000,0.03168,-0.000,0.000,-0.000,0.000,-0.000,0.000,-0.000,0.000,0.042,0.012,0.03436,0.039,0.011,0.03158,8
15749,79504,10,1,0,0,0,0,0,7,0,0,0.000,0.000,0.03180,-0.000,0.000,-0.000,0.000,-0.000,0.000,-0.000,0.000,0.042,0.012,0.03447,0.039,0.011,0.03168,8
15764,79514,10,1,0,0,0,0,0,7,0,0,0.000,0.000,0.03180,-0.000,0.000,-0.000,0.000,-0.000,0.000,-0.000,0.000,0.042,0.012,0.03448,0.039,0.011,0.03180,8
15764,79524,10,1,0,0,0,0,0,7,0,0,0.000,0.000,0.03181,-0.000,0.000,-0.000,0.000,-0.000,0.000,-0.000,0.000,0.042,0.012,0.03448,0.039,0.011,0.03180,8
15780,79534,10,1,0,0,0,0,0,7,0,0,0.000,0.000,0.03172,-0.000,0.000,-0.000,0.000,-0.000,0.000,-0.000,0.000,0.042,0.012,0.03439,0.039,0.011,0.03181,8
15780,79544,10,1,0,0,0,0,0,7,0,0,0.000,0.000,0.03174,-0.000,0.000,-0.000,0.000,-0.000,0.000,-0.000,0.000,0.042,0.012,0.03442,0.039,0.011,0.03172,8
15796,79554,10,1,0,0,0,0,0,7,0,0,0.000,0.000,0.03174,-0.000,0.000,-0.000,0.000,-0.000,0.000,-0.000,0.000,0.042,0.012,0.03441,0.039,0.011,0.03174,8
15812,79564,10,1,0,0,0,0,0,7,0,0,0.000,0.000,0.03172,-0.000,0.000,-0.000,0.000,-0.000,0.000,-0.000,0.000,0.042,0.012,0.03439,0.039,0.011,0.03174,8
15812,79574,10,1,0,0,0,0,0,7,0,0,0.000,0.000,0.03187,-0.000,0.000,-0.000,0.000,-0.000,0.000,-0.000,0.000,0.042,0.012,0.03455,0.039,0.011,0.03172,8
15827,79584,10,1,0,0,0,0,0,7,0,0,0.000,0.000,0.03192,-0.000,0.000,-0.000,0.000,-0.000,0.000,-0.000,0.000,0.042,0.012,0.03460,0.039,0.011,0.03187,8
15843,79594,10,1,0,0,0,0,0,7,0,0,0.000,0.000,0.03200,-0.000,0.000,-0.000,0.000,-0.000,0.000,-0.000,0.000,0.042,0.012,0.03467,0.039,0.011,0.03192,8
15843,79604,10,1,0,0,0,0,0,7,0,0,0.000,0.000,0.03193,-0.000,0.000,-0.000,0.000,-0.000,0.000,-0.000,0.000,0.042,0.012,0.03460,0.039,0.011,0.03200,8
15859,79614,10,1,0,0,0,0,0,7,0,0,0.000,0.000,0.03168,-0.000,0.000,-0.000,0.000,-0.000,0.000,-0.000,0.000,0.042,0.012,0.03435,0.039,0.011,0.03193,8
15859,79624,10,1,0,0,0,0,0,7,0,0,0.000,0.000,0.03165,-0.000,0.000,-0.000,0.000,-0.000,0.000,-0.000,0.000,0.042,0.012,0.03432,0.039,0.011,0.03168,8
15874,79634,10,1,0,0,0,0,0,7,0,0,0.000,0.000,0.03148,-0.000,0.000,-0.000,0.000,-0.000,0.000,-0.000,0.000,0.042,0.012,0.03415,0.039,0.011,0.03165,8
15890,79644,10,1,0,0,0,0,0,7,0,0,0.000,0.000,0.03168,-0.000,0.000,-0.000,0.000,-0.000,0.000,-0.000,0.000,0.042,0.012,0.03436,0.038,0.011,0.03148,8
15890,79654,10,1,0,0,0,0,0,7,0,0,0.000,0.000,0.03166,-0.000,0.000,-0.000,0.000,-0.000,0.000,-0.000,0.000,0.042,0.012,0.03434,0.039,0.011,0.03168,8
15906,79664,10,1,0,0,0,0,0,7,0,0,0.000,0.000,0.03162,-0.000,0.000,-0.000,0.000,-0.000,0.000,-0.000,0.000,0.042,0.012,0.03430,0.039,0.011,0.03166,8
15921,79674,10,1,0,0,0,0,0,7,0,0,0.000,0.000,0.03171,-0.000,0.000,-0.000,0.000,-0.000,0.000,-0.000,0.000,0.042,0.012,0.03438,0.039,0.011,0.03162,8
15921,79684,10,1,0,0,0,0,0,7,0,0,0.000,0.000,0.03182,-0.000,0.000,-0.000,0.000,-0.000,0.000,-0.000,0.000,0.042,0.012,0.03449,0.039,0.011,0.03171,8
15937,79694,10,1,0,0,0,0,0,7,0,0,0.000,0.000,0.03198,-0.000,0.000,-0.000,0.000,-0.000,0.000,-0.000,0.000,0.042,0.012,0.03466,0.039,0.011,0.03182,8
15953,79704,10,1,0,0,0,0,0,7,0,0,0.000,0.000,0.03224,-0.000,0.000,-0.000,0.000,-0.000,0.000,-0.000,0.000,0.043,0.012,0.03491,0.039,0.011,0.03198,8
15953,79714,10,1,0,0,0,0,0,7,0,0,0.000,0.000,0.03222,-0.000,0.000,-0.000,0.000,-0.000,0.000,-0.000,0.000,0.043,0.012,0.03489,0.039,0.011,0.03224,8
15968,79724,10,1,0,0,0,0,0,7,0,0,0.000,0.000,0.03223,-0.000,0.000,-0.000,0.000,-0.000,0.000,-0.000,0.000,0.043,0.012,0.03490,0.039,0.011,0.03222,8
15985,79734,10,1,0,0,0,0,0,7,0,0,0.000,0.000,0.03224,-0.000,0.000,-0.000,0.000,-0.000,0.000,-0.000,0.000,0.043,0.012,0.03492,0.039,0.011,0.03223,8
15985,79744,10,1,0,0,0,0,0,7,0,0,0.000,0.000,0.03236,-0.000,0.000,-0.000,0.000,-0.000,0.000,-0.000,0.000,0.043,0.012,0.03503,0.039,0.011,0.03224,8
16000,79754,10,1,0,0,0,0,0,7,0,0,0.000,0.000,0.03229,-0.000,0.000,-0.000,0.000,-0.000,0.000,-0.000,0.000,0.043,0.012,0.03497,0.040,0.011,0.03236,8
16000,79764,10,1,0,0,0,0,0,7,0,0,0.000,0.000,0.03224,-0.000,0.000,-0.000,0.000,-0.000,0.000,-0.000,0.000,0.043,0.012,0.03491,0.039,0.011,0.03229,8
16015,79774,10,1,0,0,0,0,0,7,0,0,0.000,0.000,0.03230,-0.000,0.000,-0.000,0.000,-0.000,0.000,-0.000,0.000,0.043,0.012,0.03498,0.039,0.011,0.03224,8
16030,79784,10,1,0,0,0,0,0,7,0,0,0.000,0.000,0.03234,-0.000,0.000,-0.000,0.000,-0.000,0.000,-0.000,0.000,0.043,0.012,0.03502,0.039,0.011,0.03230,8
16030,79794,10,1,0,0,0,0,0,7,0,0,0.000,0.000,0.03228,-0.000,0.000,-0.000,0.000,-0.000,0.000,-0.000,0.000,0.043,0.012,0.03496,0.040,0.011,0.03234,8
16046,79804,10,1,0,0,0,0,0,7,0,0,0.000,0.000,0.03240,-0.000,0.000,-0.000,0.000,-0.000,0.000,-0.000,0.000,0.043,0.012,0.03507,0.039,0.011,0.03228,8
16061,79814,10,1,0,0,0,0,0,7,0,0,0.000,0.000,0.03265,-0.000,0.000,-0.000,0.000,-0.000,0.000,-0.000,0.000,0.043,0.012,0.03533,0.040,0.011,0.03240,8
16061,79824,10,1,0,0,0,0,0,7,0,0,0.000,0.000,0.03244,-0.000,0.000,-0.000,0.000,-0.000,0.000,-0.000,0.000,0.043,0.012,0.03512,0.040,0.011,0.03265,8
16076,79834,10,1,0,0,0,0,0,7,0,0,0.000,0.000,0.03226,-0.000,0.000,-0.000,0.000,-0.000,0.000,-0.000,0.000,0.043,0.012,0.03493,0.040,0.011,0.03244,8
16092,79844,10,1,0,0,0,0,0,7,0,0,0.000,0.000,0.03202,-0.000,0.000,-0.000,0.000,-0.000,0.000,-0.000,0.000,0.042,0.012,0.03469,0.039,0.011,0.03226,8
16092,79854,10,1,0,0,0,0,0,7,0,0,0.000,0.000,0.03204,-0.000,0.000,-0.000,0.000,-0.000,0.000,-0.000,0.000,0.042,0.012,0.03471,0.039,0.011,0.03202,8
16108,79864,10,1,0,0,0,0,0,7,0,0,0.000,0.000,0.03188,-0.000,0.000,-0.000,0.000,-0.000,0.000,-0.000,0.000,0.042,0.012,0.03455,0.039,0.011,0.03204,8
16124,79874,10,1,0,0,0,0,0,7,0,0,0.000,0.000,0.03181,-0.000,0.000,-0.000,0.000,-0.000,0.000,-0.000,0.000,0.042,0.012,0.03449,0.039,0.011,0.03188,8
16124,79884,10,1,0,0,0,0,0,7,0,0,0.000,0.000,0.03166,-0.000,0.000,-0.000,0.000,-0.000,0.000,-0.000,0.000,0.042,0.012,0.03434,0.039,0.011,0.03181,8
16140,79894,10,1,0,0,0,0,0,7,0,0,0.000,0.000,0.03168,-0.000,0.000,-0.000,0.000,-0.000,0.000,-0.000,0.000,0.042,0.012,0.03436,0.039,0.011,0.03166,8
16140,79904,10,1,0,0,0,0,0,7,0,0,0.000,0.000,0.03185,-0.000,0.000,-0.000,0.000,-0.000,0.000,-0.000,0.000,0.042,0.012,0.03452,0.039,0.011,0.03168,8
16155,79914,10,1,0,0,0,0,0,7,0,0,0.000,0.000,0.03188,-0.000,0.000,-0.000,0.000,-0.000,0.000,-0.000,0.000,0.042,0.012,0.03456,0.039,0.011,0.03185,8
16171,79924,10,1,0,0,0,0,0,7,0,0,0.000,0.000,0.03179,-0.000,0.000,-0.000,0.000,-0.000,0.000,-0.000,0.000,0.042,0.012,0.03447,0.039,0.011,0.03188,8
16171,79934,10,1,0,0,0,0,0,7,0,0,0.000,0.000,0.03197,-0.000,0.000,-0.000,0.000,-0.000,0.000,-0.000,0.000,0.042,0.012,0.03464,0.039,0.011,0.03179,8
16186,79944,10,1,0,0,0,0,0,7,0,0,0.000,0.000,0.03175,-0.000,0.000,-0.000,0.000,-0.000,0.000,-0.000,0.000,0.042,0.012,0.03442,0.039,0.011,0.03197,8
16202,79954,10,1,0,0,0,0,0,7,0,0,0.000,0.000,0.03171,-0.000,0.000,-0.000,0.000,-0.000,0.000,-0.000,0.000,0.042,0.012,0.03439,0.039,0.011,0.03175,8
16202,79964,10,1,0,0,0,0,0,7,0,0,0.000,0.000,0.03155,-0.000,0.000,-0.000,0.000,-0.000,0.000,-0.000,0.000,0.042,0.012,0.03422,0.039,0.011,0.03171,8
16217,79974,10,1,0,0,0,0,0,7,0,0,0.000,0.000,0.03171,-0.000,0.000,-0.000,0.000,-0.000,0.000,-0.000,0.000,0.042,0.012,0.03439,0.039,0.011,0.03155,8
16232,79984,10,1,0,0,0,0,0,7,0,0,0.000,0.000,0.03172,-0.000,0.000,-0.000,0.000,-0.000,0.000,-0.000,0.000,0.042,0.012,0.03439,0.039,0.011,0.03171,8
16232,79994,10,1,0,0,0,0,0,7,0,0,0.000,0.000,0.03181,-0.000,0.000,-0.000,0.000,-0.000,0.000,-0.000,0.000,0.042,0.012,0.03448,0.039,0.011,0.03172,8
16249,80004,10,1,0,0,0,0,0,7,0,0,0.000,0.000,0.03194,-0.000,0.000,-0.000,0.000,-0.000,0.000,-0.000,0.000,0.042,0.012,0.03461,0.039,0.011,0.03181,8
16264,80014,10,1,0,0,0,0,0,7,0,0,0.000,0.000,0.03162,-0.000,0.000,-0.000,0.000,-0.000,0.000,-0.000,0.000,0.042,0.012,0.03429,0.039,0.011,0.03194,8
16264,80024,10,1,0,0,0,0,0,7,0,0,0.000,0.000,0.03155,-0.000,0.000,-0.000,0.000,-0.000,0.000,-0.000,0.000,0.042,0.012,0.03422,0.039,0.011,0.03162,8
16280,80034,10,1,0,0,0,0,0,7,0,0,0.000,0.000,0.03141,-0.000,0.000,-0.000,0.000,-0.000,0.000,-0.000,0.000,0.042,0.012,0.03408,0.039,0.011,0.03155,8
16280,80044,10,1,0,0,0,0,0,7,0,0,0.000,0.000,0.03153,-0.000,0.000,-0.000,0.000,-0.000,0.000,-0.000,0.000,0.042,0.012,0.03421,0.038,0.011,0.03141,8
16295,80054,10,1,0,0,0,0,0,7,0,0,0.000,0.000,0.03130,-0.000,0.000,-0.000,0.000,-0.000,0.000,-0.000,0.000,0.042,0.012,0.03398,0.039,0.011,0.03153,8
16310,80064,10,1,0,0,0,0,0,7,0,0,0.000,0.000,0.03140,-0.000,0.000,-0.000,0.000,-0.000,0.000,-0.000,0.000,0.042,0.012,0.03408,0.038,0.011,0.03130,8
16310,80074,10,1,0,0,0,0,0,7,0,0,0.000,0.000,0.03160,-0.000,0.000,-0.000,0.000,-0.000,0.000,-0.000,0.000,0.042,0.012,0.03428,0.038,0.011,0.03140,8
16325,80084,10,1,0,0,0,0,0,7,0,0,0.000,0.000,0.03178,-0.000,0.000,-0.000,0.000,-0.000,0.000,-0.000,0.000,0.042,0.012,0.03446,0.039,0.011,0.03160,8
16341,80094,10,1,0,0,0,0,0,7,0,0,0.000,0.000,0.03172,-0.000,0.000,-0.000,0.000,-0.000,0.000,-0.000,0.000,0.042,0.012,0.03440,0.039,0.011,0.03178,8
16341,80104,10,1,0,0,0,0,0,7,0,0,0.000,0.000,0.03151,-0.000,0.000,-0.000,0.000,-0.000,0.000,-0.000,0.000,0.042,0.012,0.03418,0.039,0.011,0.03172,8
16356,80114,10,1,0,0,0,0,0,7,0,0,0.000,0.000,0.03152,-0.000,0.000,-0.000,0.000,-0.000,0.000,-0.000,0.000,0.042,0.012,0.03420,0.038,0.011,0.03151,8
16372,80124,10,1,0,0,0,0,0,7,0,0,0.000,0.000,0.03156,-0.000,0.000,-0.000,0.000,-0.000,0.000,-0.000,0.000,0.042,0.012,0.03424,0.039,0.011,0.03152,8
16372,80134,10,1,0,0,0,0,0,7,0,0,0.000,0.000,0.03147,-0.000,0.000,-0.000,0.000,-0.000,0.000,-0.000,0.000,0.042,0.012,0.03414,0.039,0.011,0.03156,8
16387,80144,10,1,0,0,0,0,0,7,0,0,0.000,0.000,0.03170,-0.000,0.000,-0.000,0.000,-0.000,0.000,-0.000,0.000,0.042,0.012,0.03438,0.038,0.011,0.03147,8
16403,80154,10,1,0,0,0,0,0,7,0,0,0.000,0.075,0.03183,-0.000,0.000,-0.000,0.000,-0.000,0.000,-0.000,0.000,0.118,0.012,0.03450,0.039,0.011,0.03170,8
16403,80164,10,1,0,0,0,0,0,7,0,0,0.000,0.000,0.03168,-0.000,0.000,-0.000,0.000,-0.000,0.000,-0.000,0.000,0.042,0.012,0.03435,0.114,0.011,0.03183,8
16418,80174,10,1,0,0,0,0,0,7,0,0,0.000,0.000,0.03156,-0.000,0.000,-0.000,0.000,-0.000,0.000,-0.000,0.000,0.042,0.012,0.03424,0.039,0.011,0.03168,8
16434,80184,10,1,0,0,0,0,0,7,0,0,0.000,0.000,0.03170,-0.000,0.000,-0.000,0.000,-0.000,0.000,-0.000,0.000,0.042,0.012,0.03437,0.039,0.011,0.03156,8
16434,80194,10,1,0,0,0,0,0,7,0,0,0.000,0.000,0.03183,-0.000,0.000,-0.000,0.000,-0.000,0.000,-0.000,0.000,0.042,0.012,0.03450,0.039,0.011,0.03170,8
16450,80204,10,1,0,0,0,0,0,7,0,0,0.000,0.000,0.03211,-0.000,0.000,-0.000,0.000,-0.000,0.000,-0.000,0.000,0.043,0.012,0.03479,0.039,0.011,0.03183,8
16450,80214,10,1,0,0,0,0,0,7,0,0,0.000,0.000,0.03196,-0.000,0.000,-0.000,0.000,-0.000,0.000,-0.000,0.000,0.042,0.012,0.03464,0.039,0.011,0.03211,8
16465,80224,10,1,0,0,0,0,0,7,0,0,0.000,0.000,0.03205,-0.000,0.000,-0.000,0.000,-0.000,0.000,-0.000,0.000,0.042,0.012,0.03473,0.039,0.011,0.03196,8
16480,80234,10,1,0,0,0,0,0,7,0,0,0.000,0.000,0.03217,-0.000,0.000,-0.000,0.000,-0.000,0.000,-0.000,0.000,0.043,0.012,0.03485,0.039,0.011,0.03205,8
16480,80244,10,1,0,0,0,0,0,7,0,0,0.000,0.000,0.03224,-0.000,0.000,-0.000,0.000,-0.000,0.000,-0.000,0.000,0.043,0.012,0.03491,0.039,0.011,0.03217,8
16496,80254,10,1,0,0,0,0,0,7,0,0,0.000,0.000,0.03234,-0.000,0.000,-0.000,0.000,-0.000,0.000,-0.000,0.000,0.043,0.012,0.03502,0.039,0.011,0.03224,8
16512,80264,10,1,0,0,0,0,0,7,0,0,0.000,0.000,0.03231,-0.000,0.000,-0.000,0.000,-0.000,0.000,-0.000,0.000,0.043,0.012,0.03498,0.040,0.011,0.03234,8
16512,80274,10,1,0,0,0,0,0,7,0,0,0.000,0.000,0.03225,-0.000,0.000,-0.000,0.000,-0.000,0.000,-0.000,0.000,0.043,0.012,0.03492,0.039,0.011,0.03231,8
16528,80284,10,1,0,0,0,0,0,7,0,0,0.000,0.000,0.03199,-0.000,0.000,-0.000,0.000,-0.000,0.000,-0.000,0.000,0.042,0.012,0.03467,0.039,0.011,0.03225,8
16542,80294,10,1,0,0,0,0,0,7,0,0,0.000,0.000,0.03185,-0.000,0.000,-0.000,0.000,-0.000,0.000,-0.000,0.000,0.042,0.012,0.03452,0.039,0.011,0.03199,8
16542,80304,10,1,0,0,0,0,0,7,0,0,0.000,0.000,0.03194,-0.000,0.000,-0.000,0.000,-0.000,0.000,-0.000,0.000,0.042,0.012,0.03462,0.039,0.011,0.03185,8
16559,80314,10,1,0,0,0,0,0,7,0,0,0.000,0.000,0.03189,-0.000,0.000,-0.000,0.000,-0.000,0.000,-0.000,0.000,0.042,0.012,0.03456,0.039,0.011,0.03194,8
16574,80324,10,1,0,0,0,0,0,7,0,0,0.000,0.000,0.03183,-0.000,0.000,-0.000,0.000,-0.000,0.000,-0.000,0.000,0.042,0.012,0.03451,0.039,0.011,0.03189,8
16574,80334,10,1,0,0,0,0,0,7,0,0,0.000,0.000,0.03204,-0.000,0.000,-0.000,0.000,-0.000,0.000,-0.000,0.000,0.042,0.012,0.03472,0.039,0.011,0.03183,8
16588,80344,10,1,0,0,0,0,0,7,0,0,0.000,0.000,0.03199,-0.000,0.000,-0.000,0.000,-0.000,0.000,-0.000,0.000,0.042,0.012,0.03467,0.039,0.011,0.03204,8
16604,80354,10,1,0,0,0,0,0,7,0,0,0.000,0.000,0.03189,-0.000,0.000,-0.000,0.000,-0.000,0.000,-0.000,0.000,0.042,0.012,0.03457,0.039,0.011,0.03199,8
16604,80364,10,1,0,0,0,0,0,7,0,0,0.000,0.000,0.03185,-0.000,0.000,-0.000,0.000,-0.000,0.000,-0.000,0.000,0.042,0.012,0.03453,0.039,0.011,0.03189,8
16620,80374,10,1,0,0,0,0,0,7,0,0,0.000,0.000,0.03193,-0.000,0.000,-0.000,0.000,-0.000,0.000,-0.000,0.000,0.042,0.012,0.03461,0.039,0.011,0.03185,8
16620,80384,10,1,0,0,0,0,0,7,0,0,0.000,0.000,0.03219,-0.000,0.000,-0.000,0.000,-0.000,0.000,-0.000,0.000,0.043,0.012,0.03486,0.039,0.011,0.03193,8
16635,80394,10,1,0,0,0,0,0,7,0,0,0.000,0.000,0.03218,-0.000,0.000,-0.000,0.000,-0.000,0.000,-0.000,0.000,0.043,0.012,0.03485,0.039,0.011,0.03219,8
16651,80404,10,1,0,0,0,0,0,7,0,0,0.000,0.000,0.03212,-0.000,0.000,-0.000,0.000,-0.000,0.000,-0.000,0.000,0.043,0.012,0.03479,0.039,0.011,0.03218,8
16651,80414,10,1,0,0,0,0,0,7,0,0,0.000,0.000,0.03220,-0.000,0.000,-0.000,0.000,-0.000,0.000,-0.000,0.000,0.043,0.012,0.03487,0.039,0.011,0.03212,8
16666,80424,10,1,0,0,0,0,0,7,0,0,0.000,0.000,0.03233,-0.000,0.000,-0.000,0.000,-0.000,0.000,-0.000,0.000,0.043,0.012,0.03500,0.039,0.011,0.03220,8
16682,80434,10,1,0,0,0,0,0,7,0,0,0.000,0.000,0.03228,-0.000,0.000,-0.000,0.000,-0.000,0.000,-0.000,0.000,0.043,0.012,0.03495,0.039,0.011,0.03233,8
16682,80444,10,1,0,0,0,0,0,7,0,0,0.000,0.000,0.03231,-0.000,0.000,-0.000,0.000,-0.000,0.000,-0.000,0.000,0.043,0.012,0.03499,0.039,0.011,0.03228,8
16698,80454,10,1,0,0,0,0,0,7,0,0,0.000,0.000,0.03234,-0.000,0.000,-0.000,0.000,-0.000,0.000,-0.000,0.000,0.043,0.012,0.03501,0.039,0.011,0.03231,8
16713,80464,10,1,0,0,0,0,0,7,0,0,0.000,0.000,0.03212,-0.000,0.000,-0.000,0.000,-0.000,0.000,-0.000,0.000,0.043,0.012,0.03479,0.040,0.011,0.03234,8
16713,80474,10,1,0,0,0,0,0,7,0,0,0.000,0.000,0.03212,-0.000,0.000,-0.000,0.000,-0.000,0.000,-0.000,0.000,0.043,0.012,0.03480,0.039,0.011,0.03212,8
16729,80484,10,1,0,0,0,0,0,7,0,0,0.000,0.000,0.03211,-0.000,0.000,-0.000,0.000,-0.000,0.000,-0.000,0.000,0.043,0.012,0.03479,0.039,0.011,0.03212,8
16745,80494,10,1,0,0,0,0,0,7,0,0,0.000,0.000,0.03228,-0.000,0.000,-0.000,0.000,-0.000,0.000,-0.000,0.000,0.043,0.012,0.03496,0.039,0.011,0.03211,8
16745,80504,10,1,0,0,0,0,0,7,0,0,0.000,0.000,0.03226,-0.000,0.000,-0.000,0.000,-0.000,0.000,-0.000,0.000,0.043,0.012,0.03494,0.039,0.011,0.03228,8
16759,80514,10,1,0,0,0,0,0,7,0,0,0.000,0.000,0.03199,-0.000,0.000,-0.000,0.000,-0.000,0.000,-0.000,0.000,0.042,0.012,0.03466,0.039,0.011,0.03226,8
16759,80524,10,1,0,0,0,0,0,7,0,0,0.000,0.000,0.03208,-0.000,0.000,-0.000,0.000,-0.000,0.000,-0.000,0.000,0.042,0.012,0.03476,0.039,0.011,0.03199,8
16776,80534,10,1,0,0,0,0,0,7,0,0,0.000,0.000,0.03236,-0.000,0.000,-0.000,0.000,-0.000,0.000,-0.000,0.000,0.043,0.012,0.03504,0.039,0.011,0.03208,8
16792,80544,10,1,0,0,0,0,0,7,0,0,0.000,0.000,0.03225,-0.000,0.000,-0.000,0.000,-0.000,0.000,-0.000,0.000,0.043,0.012,0.03492,0.040,0.011,0.03236,8
16792,80554,10,1,0,0,0,0,0,7,0,0,0.000,0.000,0.03194,-0.000,0.000,-0.000,0.000,-0.000,0.000,-0.000,0.000,0.042,0.012,0.03462,0.039,0.011,0.03225,8
16808,80564,10,1,0,0,0,0,0,7,0,0,0.000,0.000,0.03186,-0.000,0.000,-0.000,0.000,-0.000,0.000,-0.000,0.000,0.042,0.012,0.03454,0.039,0.011,0.03194,8
16824,80574,10,1,0,0,0,0,0,7,0,0,0.000,0.000,0.03187,-0.000,0.000,-0.000,0.000,-0.000,0.000,-0.000,0.000,0.042,0.012,0.03455,0.039,0.011,0.03186,8
16824,80584,10,1,0,0,0,0,0,7,0,0,0.000,0.000,0.03176,-0.000,0.000,-0.000,0.000,-0.000,0.000,-0.000,0.000,0.042,0.012,0.03444,0.039,0.011,0.03187,8
16839,80594,10,1,0,0,0,0,0,7,0,0,0.000,0.000,0.03190,-0.000,0.000,-0.000,0.000,-0.000,0.000,-0.000,0.000,0.042,0.012,0.03457,0.039,0.011,0.03176,8
16839,80604,10,1,0,0,0,0,0,7,0,0,0.000,0.000,0.03203,-0.000,0.000,-0.000,0.000,-0.000,0.000,-0.000,0.000,0.042,0.012,0.03471,0.039,0.011,0.03190,8
16855,80614,10,1,0,0,0,0,0,7,0,0,0.000,0.000,0.03197,-0.000,0.000,-0.000,0.000,-0.000,0.000,-0.000,0.000,0.042,0.012,0.03464,0.039,0.011,0.03203,8
16870,80624,10,1,0,0,0,0,0,7,0,0,0.000,0.000,0.03211,-0.000,0.000,-0.000,0.000,-0.000,0.000,-0.000,0.000,0.043,0.012,0.03479,0.039,0.011,0.03197,8
16870,80634,10,1,0,0,0,0,0,7,0,0,0.000,0.000,0.03208,-0.000,0.000,-0.000,0.000,-0.000,0.000,-0.000,0.000,0.042,0.012,0.03476,0.039,0.011,0.03211,8
16886,80644,10,1,0,0,0,0,0,7,0,0,0.000,0.000,0.03194,-0.000,0.000,-0.000,0.000,-0.000,0.000,-0.000,0.000,0.042,0.012,0.03461,0.039,0.011,0.03208,8
16901,80654,10,1,0,0,0,0,0,7,0,0,0.000,0.000,0.03198,-0.000,0.000,-0.000,0.000,-0.000,0.000,-0.000,0.000,0.042,0.012,0.03465,0.039,0.011,0.03194,8
16901,80664,10,1,0,0,0,0,0,7,0,0,0.000,0.000,0.03192,-0.000,0.000,-0.000,0.000,-0.000,0.000,-0.000,0.000,0.042,0.012,0.03460,0.039,0.011,0.03198,8
16916,80674,10,1,0,0,0,0,0,7,0,0,0.000,0.000,0.03209,-0.000,0.000,-0.000,0.000,-0.000,0.000,-0.000,0.000,0.042,0.012,0.03477,0.039,0.011,0.03192,8
16931,80684,10,1,0,0,0,0,0,7,0,0,0.000,0.000,0.03213,-0.000,0.000,-0.000,0.000,-0.000,0.000,-0.000,0.000,0.043,0.012,0.03481,0.039,0.011,0.03209,8
16931,80694,10,1,0,0,0,0,0,7,0,0,0.000,0.000,0.03214,-0.000,0.000,-0.000,0.000,-0.000,0.000,-0.000,0.000,0.043,0.012,0.03482,0.039,0.011,0.03213,8
16948,80704,10,1,0,0,0,0,0,7,0,0,0.000,0.000,0.03181,-0.000,0.000,-0.000,0.000,-0.000,0.000,-0.000,0.000,0.042,0.012,0.03449,0.039,0.011,0.03214,8
16963,80714,10,1,0,0,0,0,0,7,0,0,0.000,0.000,0.03169,-0.000,0.000,-0.000,0.000,-0.000,0.000,-0.000,0.000,0.042,0.012,0.03437,0.039,0.011,0.03181,8
16963,80724,10,1,0,0,0,0,0,7,0,0,0.000,0.000,0.03181,-0.000,0.000,-0.000,0.000,-0.000,0.000,-0.000,0.000,0.042,0.012,0.03448,0.039,0.011,0.03169,8
16978,80734,10,1,0,0,0,0,0,7,0,0,0.000,0.000,0.03156,-0.000,0.000,-0.000,0.000,-0.000,0.000,-0.000,0.000,0.042,0.012,0.03424,0.039,0.011,0.03181,8
16994,80744,10,1,0,0,0,0,0,7,0,0,0.000,0.000,0.03187,-0.000,0.000,-0.000,0.000,-0.000,0.000,-0.000,0.000,0.042,0.012,0.03455,0.039,0.011,0.03156,8
16994,80754,10,1,0,0,0,0,0,7,0,0,0.000,0.000,0.03179,-0.000,0.000,-0.000,0.000,-0.000,0.000,-0.000,0.000,0.042,0.012,0.03447,0.039,0.011,0.03187,8
17009,80764,10,1,0,0,0,0,0,7,0,0,0.000,0.000,0.03184,-0.000,0.000,-0.000,0.000,-0.000,0.000,-0.000,0.000,0.042,0.012,0.03452,0.039,0.011,0.03179,8
17009,80774,10,1,0,0,0,0,0,7,0,0,0.000,0.000,0.03186,-0.000,0.000,-0.000,0.000,-0.000,0.000,-0.000,0.000,0.042,0.012,0.03453,0.039,0.011,0.03184,8
17025,80784,10,1,0,0,0,0,0,7,0,0,0.000,0.000,0.03180,-0.000,0.000,-0.000,0.000,-0.000,0.000,-0.000,0.000,0.042,0.012,0.03447,0.039,0.011,0.03186,8
17041,80794,10,1,0,0,0,0,0,7,0,0,0.000,0.000,0.03194,-0.000,0.000,-0.000,0.000,-0.000,0.000,-0.000,0.000,0.042,0.012,0.03462,0.039,0.011,0.03180,8
17041,80804,10,1,0,0,0,0,0,7,0,0,0.000,0.000,0.03160,-0.000,0.000,-0.000,0.000,-0.000,0.000,-0.000,0.000,0.042,0.012,0.03427,0.039,0.011,0.03194,8
17058,80814,10,1,0,0,0,0,0,7,0,0,0.000,0.000,0.03159,-0.000,0.000,-0.000,0.000,-0.000,0.000,-0.000,0.000,0.042,0.012,0.03426,0.039,0.011,0.03160,8
17073,80824,10,1,0,0,0,0,0,7,0,0,0.000,0.000,0.03168,-0.000,0.000,-0.000,0.000,-0.000,0.000,-0.000,0.000,0.042,0.012,0.03436,0.039,0.011,0.03159,8
17073,80834,10,1,0,0,0,0,0,7,0,0,0.000,0.000,0.03178,-0.000,0.000,-0.000,0.000,-0.000,0.000,-0.000,0.000,0.042,0.012,0.03446,0.039,0.011,0.03168,8
17088,80844,10,1,0,0,0,0,0,7,0,0,0.000,0.000,0.03202,-0.000,0.000,-0.000,0.000,-0.000,0.000,-0.000,0.000,0.042,0.012,0.03469,0.039,0.011,0.03178,8
17104,80854,10,1,0,0,0,0,0,7,0,0,0.000,0.000,0.03216,-0.000,0.000,-0.000,0.000,-0.000,0.000,-0.000,0.000,0.043,0.012,0.03484,0.039,0.011,0.03202,8
17104,80864,10,1,0,0,0,0,0,7,0,0,0.000,0.000,0.03213,-0.000,0.000,-0.000,0.000,-0.000,0.000,-0.000,0.000,0.043,0.012,0.03481,0.039,0.011,0.03216,8
17118,80874,10,1,0,0,0,0,0,7,0,0,0.000,0.000,0.03228,-0.000,0.000,-0.000,0.000,-0.000,0.000,-0.000,0.000,0.043,0.012,0.03495,0.039,0.011,0.03213,8
17133,80884,10,1,0,0,0,0,0,7,0,0,0.000,0.000,0.03211,-0.000,0.000,-0.000,0.000,-0.000,0.000,-0.000,0.000,0.042,0.012,0.03478,0.039,0.011,0.03228,8
17133,80894,10,1,0,0,0,0,0,7,0,0,0.000,0.000,0.03232,-0.000,0.000,-0.000,0.000,-0.000,0.000,-0.000,0.000,0.043,0.012,0.03499,0.039,0.011,0.03211,8
17150,80904,10,1,0,0,0,0,0,7,0,0,0.000,0.000,0.03231,-0.000,0.000,-0.000,0.000,-0.000,0.000,-0.000,0.000,0.043,0.012,0.03498,0.039,0.011,0.03232,8
17150,80914,10,1,0,0,0,0,0,7,0,0,0.000,0.000,0.03213,-0.000,0.000,-0.000,0.000,-0.000,0.000,-0.000,0.000,0.043,0.012,0.03481,0.039,0.011,0.03231,8
17164,80924,10,1,0,0,0,0,0,7,0,0,0.000,0.000,0.03193,-0.000,0.000,-0.000,0.000,-0.000,0.000,-0.000,0.000,0.042,0.012,0.03461,0.039,0.011,0.03213,8
17180,80934,10,1,0,0,0,0,0,7,0,0,0.000,0.000,0.03183,-0.000,0.000,-0.000,0.000,-0.000,0.000,-0.000,0.000,0.042,0.012,0.03450,0.039,0.011,0.03193,8
17180,80944,10,1,0,0,0,0,0,7,0,0,0.000,0.000,0.03157,-0.000,0.000,-0.000,0.000,-0.000,0.000,-0.000,0.000,0.042,0.012,0.03425,0.039,0.011,0.03183,8
17195,80954,10,1,0,0,0,0,0,7,0,0,0.000,0.000,0.03133,-0.000,0.000,-0.000,0.000,-0.000,0.000,-0.000,0.000,0.042,0.012,0.03401,0.039,0.011,0.03157,8
17210,80964,10,1,0,0,0,0,0,7,0,0,0.000,0.000,0.03156,-0.000,0.000,-0.000,0.000,-0.000,0.000,-0.000,0.000,0.042,0.012,0.03423,0.038,0.011,0.03133,8
17210,80974,10,1,0,0,0,0,0,7,0,0,0.000,0.000,0.03153,-0.000,0.000,-0.000,0.000,-0.000,0.000,-0.000,0.000,0.042,0.012,0.03420,0.039,0.011,0.03156,8
17226,80984,10,1,0,0,0,0,0,7,0,0,0.000,0.000,0.03143,-0.000,0.000,-0.000,0.000,-0.000,0.000,-0.000,0.000,0.042,0.012,0.03411,0.039,0.011,0.03153,2
17241,80994,10,1,0,0,0,0,0,7,0,0,0.000,0.000,0.03134,-0.000,0.000,-0.000,0.000,-0.000,0.000,-0.000,0.000,0.042,0.012,0.03401,0.038,0.011,0.03143,2
17241,81004,10,1,0,0,0,0,0,7,0,0,0.000,0.000,0.03129,-0.000,0.000,-0.000,0.000,-0.000,0.000,-0.000,0.000,0.042,0.012,0.03397,0.038,0.011,0.03134,2
17257,81014,10,1,0,0,0,0,0,7,0,0,0.000,0.000,0.03147,-0.000,0.000,-0.000,0.000,-0.000,0.000,-0.000,0.000,0.042,0.012,0.03415,0.038,0.011,0.03129,2
17273,81024,10,1,0,0,0,0,0,7,0,0,0.000,0.000,0.03145,-0.000,0.000,-0.000,0.000,-0.000,0.000,-0.000,0.000,0.042,0.012,0.03413,0.038,0.011,0.03147,2
17273,81034,10,1,0,0,0,0,0,7,0,0,0.000,0.000,0.03143,-0.000,0.000,-0.000,0.000,-0.000,0.000,-0.000,0.000,0.042,0.012,0.03411,0.038,0.011,0.03145,2
17288,81044,10,1,0,0,0,0,0,7,0,0,0.000,0.000,0.03139,-0.000,0.000,-0.000,0.000,-0.000,0.000,-0.000,0.000,0.042,0.012,0.03406,0.038,0.011,0.03143,2
17303,81054,10,1,0,0,0,0,0,7,0,0,0.000,0.000,0.03148,-0.000,0.000,-0.000,0.000,-0.000,0.000,-0.000,0.000,0.042,0.012,0.03416,0.038,0.011,0.03139,2
17303,81064,10,1,0,0,0,0,0,7,0,0,0.000,0.000,0.03165,-0.000,0.000,-0.000,0.000,-0.000,0.000,-0.000,0.000,0.042,0.012,0.03433,0.038,0.011,0.03148,2
17318,81074,10,1,0,0,0,0,0,7,0,0,0.000,0.000,0.03148,-0.000,0.000,-0.000,0.000,-0.000,0.000,-0.000,0.000,0.042,0.012,0.03415,0.039,0.011,0.03165,2
17335,81084,10,1,0,0,0,0,0,7,0,0,0.000,0.000,0.03142,-0.000,0.000,-0.000,0.000,-0.000,0.000,-0.000,0.000,0.042,0.012,0.03410,0.038,0.011,0.03148,2
17335,81094,10,1,0,0,0,0,0,7,0,0,0.000,0.000,0.03149,-0.000,0.000,-0.000,0.000,-0.000,0.000,-0.000,0.000,0.042,0.012,0.03416,0.038,0.011,0.03142,2
17351,81104,10,1,0,0,0,0,0,7,0,0,0.000,0.000,0.03138,-0.000,0.000,-0.000,0.000,-0.000,0.000,-0.000,0.000,0.042,0.012,0.03406,0.038,0.011,0.03149,2
17351,81114,10,1,0,0,0,0,0,7,0,0,0.000,0.000,0.03154,-0.000,0.000,-0.000,0.000,-0.000,0.000,-0.000,0.000,0.042,0.012,0.03422,0.038,0.011,0.03138,2
17367,81124,10,1,0,0,0,0,0,7,0,0,0.000,0.000,0.03164,-0.000,0.000,-0.000,0.000,-0.000,0.000,-0.000,0.000,0.042,0.012,0.03432,0.039,0.011,0.03154,2
17383,81134,10,1,0,0,0,0,0,7,0,0,0.000,0.000,0.03194,-0.000,0.000,-0.000,0.000,-0.000,0.000,-0.000,0.000,0.042,0.012,0.03461,0.039,0.011,0.03164,2
17383,81144,10,1,0,0,0,0,0,7,0,0,0.000,0.000,0.03189,-0.000,0.000,-0.000,0.000,-0.000,0.000,-0.000,0.000,0.042,0.012,0.03456,0.039,0.011,0.03194,2
17398,81154,10,1,0,0,0,0,0,7,0,0,0.000,0.000,0.03181,-0.000,0.000,-0.000,0.000,-0.000,0.000,-0.000,0.000,0.042,0.012,0.03448,0.039,0.011,0.03189,2
17412,81164,10,1,0,0,0,0,0,7,0,0,0.000,0.000,0.03205,-0.000,0.000,-0.000,0.000,-0.000,0.000,-0.000,0.000,0.042,0.012,0.03473,0.039,0.011,0.03181,2
17412,81174,10,1,0,0,0,0,0,7,0,0,0.000,0.000,0.03212,-0.000,0.000,-0.000,0.000,-0.000,0.000,-0.000,0.000,0.043,0.012,0.03480,0.039,0.011,0.03205,2
17428,81184,10,1,0,0,0,0,0,7,0,0,0.000,0.000,0.03217,-0.000,0.000,-0.000,0.000,-0.000,0.000,-0.000,0.000,0.043,0.012,0.03484,0.039,0.011,0.03212,2
17444,81194,10,1,0,0,0,0,0,7,0,0,0.000,0.000,0.03222,-0.000,0.000,-0.000,0.000,-0.000,0.000,-0.000,0.000,0.043,0.012,0.03489,0.039,0.011,0.03217,2
17444,81204,10,1,0,0,0,0,0,7,0,0,0.000,0.000,0.03237,-0.000,0.000,-0.000,0.000,-0.000,0.000,-0.000,0.000,0.043,0.012,0.03504,0.039,0.011,0.03222,2
17458,81214,10,1,0,0,0,0,0,7,0,0,0.000,0.000,0.03254,-0.000,0.000,-0.000,0.000,-0.000,0.000,-0.000,0.000,0.043,0.012,0.03521,0.040,0.011,0.03237,2
17474,81224,10,1,0,0,0,0,0,7,0,0,0.000,0.000,0.03251,-0.000,0.000,-0.000,0.000,-0.000,0.000,-0.000,0.000,0.043,0.012,0.03518,0.040,0.011,0.03254,2
17474,81234,10,1,0,0,0,0,0,7,0,0,0.000,0.000,0.03260,-0.000,0.000,-0.000,0.000,-0.000,0.000,-0.000,0.000,0.043,0.012,0.03527,0.040,0.011,0.03251,2
17490,81244,10,1,0,0,0,0,0,7,0,0,0.000,0.000,0.03262,-0.000,0.000,-0.000,0.000,-0.000,0.000,-0.000,0.000,0.043,0.012,0.03529,0.040,0.011,0.03260,2
17490,81254,10,1,0,0,0,0,0,7,0,0,0.000,0.000,0.03235,-0.000,0.000,-0.000,0.000,-0.000,0.000,-0.000,0.000,0.043,0.012,0.03502,0.040,0.011,0.03262,2
17505,81264,10,1,0,0,0,0,0,7,0,0,0.000,0.000,0.03198,-0.000,0.000,-0.000,0.000,-0.000,0.000,-0.000,0.000,0.042,0.012,0.03465,0.040,0.011,0.03235,2
17521,81274,10,1,0,0,0,0,0,7,0,0,0.000,0.000,0.03185,-0.000,0.000,-0.000,0.000,-0.000,0.000,-0.000,0.000,0.042,0.012,0.03453,0.039,0.011,0.03198,2
17521,81284,10,1,0,0,0,0,0,7,0,0,0.000,0.000,0.03195,-0.000,0.000,-0.000,0.000,-0.000,0.000,-0.000,0.000,0.042,0.012,0.03463,0.039,0.011,0.03185,2
17536,81294,10,1,0,0,0,0,0,7,0,0,0.000,0.000,0.03197,-0.000,0.000,-0.000,0.000,-0.000,0.000,-0.000,0.000,0.042,0.012,0.03465,0.039,0.011,0.03195,2
17567,81304,10,1,0,0,0,0,0,7,0,0,0.000,0.000,0.03214,-0.000,0.000,-0.000,0.000,-0.000,0.000,-0.000,0.000,0.043,0.012,0.03482,0.039,0.011,0.03197,2
17567,81314,10,1,0,0,0,0,0,7,0,0,0.000,0.000,0.03194,-0.000,0.000,-0.000,0.000,-0.000,0.000,-0.000,0.000,0.042,0.012,0.03461,0.039,0.011,0.03214,2
17567,81324,10,1,0,0,0,0,0,7,0,0,0.000,0.000,0.03200,-0.000,0.000,-0.000,0.000,-0.000,0.000,-0.000,0.000,0.042,0.012,0.03468,0.039,0.011,0.03194,2
17598,81334,10,1,0,0,0,0,0,7,0,0,0.000,0.000,0.03188,-0.000,0.000,-0.000,0.000,-0.000,0.000,-0.000,0.000,0.042,0.012,0.03456,0.039,0.011,0.03200,2
17598,81344,10,1,0,0,0,0,0,7,0,0,0.000,0.000,0.03174,-0.000,0.000,-0.000,0.000,-0.000,0.000,-0.000,0.000,0.042,0.012,0.03441,0.039,0.011,0.03188,2
17598,81354,10,1,0,0,0,0,0,7,0,0,0.000,0.000,0.03190,-0.000,0.000,-0.000,0.000,-0.000,0.000,-0.000,0.000,0.042,0.012,0.03457,0.039,0.011,0.03174,2
17614,81364,10,1,0,0,0,0,0,7,0,0,0.000,0.000,0.03201,-0.000,0.000,-0.000,0.000,-0.000,0.000,-0.000,0.000,0.042,0.012,0.03468,0.039,0.011,0.03190,2
17614,81374,10,1,0,0,0,0,0,7,0,0,0.000,0.000,0.03212,-0.000,0.000,-0.000,0.000,-0.000,0.000,-0.000,0.000,0.043,0.012,0.03479,0.039,0.011,0.03201,2
17644,81384,10,1,0,0,0,0,0,7,0,0,0.000,0.000,0.03201,-0.000,0.000,-0.000,0.000,-0.000,0.000,-0.000,0.000,0.042,0.012,0.03468,0.039,0.011,0.03212,2
17644,81394,10,1,0,0,0,0,0,7,0,0,0.000,0.000,0.03205,-0.000,0.000,-0.000,0.000,-0.000,0.000,-0.000,0.000,0.042,0.012,0.03472,0.039,0.011,0.03201,2
17644,81404,10,1,0,0,0,0,0,7,0,0,0.000,0.000,0.03198,-0.000,0.000,-0.000,0.000,-0.000,0.000,-0.000,0.000,0.042,0.012,0.03465,0.039,0.011,0.03205,2
17660,81414,10,1,0,0,0,0,0,7,0,0,0.000,0.000,0.03193,-0.000,0.000,-0.000,0.000,-0.000,0.000,-0.000,0.000,0.042,0.012,0.03460,0.039,0.011,0.03198,2
17660,81424,10,1,0,0,0,0,0,7,0,0,0.000,0.000,0.03194,-0.000,0.000,-0.000,0.000,-0.000,0.000,-0.000,0.000,0.042,0.012,0.03461,0.039,0.011,0.03193,2
17675,81434,10,1,0,0,0,0,0,7,0,0,0.000,0.000,0.03198,-0.000,0.000,-0.000,0.000,-0.000,0.000,-0.000,0.000,0.042,0.012,0.03465,0.039,0.011,0.03194,2
17706,81444,10,1,0,0,0,0,0,7,0,0,0.000,0.000,0.03189,-0.000,0.000,-0.000,0.000,-0.000,0.000,-0.000,0.000,0.042,0.012,0.03456,0.039,0.011,0.03198,2
17706,81454,10,1,0,0,0,0,0,7,0,0,0.000,0.000,0.03174,-0.000,0.000,-0.000,0.000,-0.000,0.000,-0.000,0.000,0.042,0.012,0.03442,0.039,0.011,0.03189,2
17706,81464,10,1,0,0,0,0,0,7,0,0,0.000,0.000,0.03175,-0.000,0.000,-0.000,0.000,-0.000,0.000,-0.000,0.000,0.042,0.012,0.03443,0.039,0.011,0.03174,2
17721,81474,10,1,0,0,0,0,0,7,0,0,0.000,0.000,0.03173,-0.000,0.000,-0.000,0.000,-0.000,0.000,-0.000,0.000,0.042,0.012,0.03441,0.039,0.011,0.03175,2
17721,81484,10,1,0,0,0,0,0,7,0,0,0.000,0.000,0.03194,-0.000,0.000,-0.000,0.000,-0.000,0.000,-0.000,0.000,0.042,0.012,0.03461,0.039,0.011,0.03173,2
17737,81494,10,1,0,0,0,0,0,7,0,0,0.000,0.000,0.03189,-0.000,0.000,-0.000,0.000,-0.000,0.000,-0.000,0.000,0.042,0.012,0.03457,0.039,0.011,0.03194,2
17752,81504,10,1,0,0,0,0,0,7,0,0,0.000,0.000,0.03197,-0.000,0.000,-0.000,0.000,-0.000,0.000,-0.000,0.000,0.042,0.012,0.03464,0.039,0.011,0.03189,2
17752,81514,10,1,0,0,0,0,0,7,0,0,0.000,0.000,0.03207,-0.000,0.000,-0.000,0.000,-0.000,0.000,-0.000,0.000,0.042,0.012,0.03475,0.039,0.011,0.03197,2
17768,81524,10,1,0,0,0,0,0,7,0,0,0.000,0.000,0.03205,-0.000,0.000,-0.000,0.000,-0.000,0.000,-0.000,0.000,0.042,0.012,0.03472,0.039,0.011,0.03207,2
17783,81534,10,1,0,0,0,0,0,7,0,0,0.000,0.000,0.03191,-0.000,0.000,-0.000,0.000,-0.000,0.000,-0.000,0.000,0.042,0.012,0.03459,0.039,0.011,0.03205,2
17783,81544,10,1,0,0,0,0,0,7,0,0,0.000,0.000,0.03211,-0.000,0.000,-0.000,0.000,-0.000,0.000,-0.000,0.000,0.043,0.012,0.03479,0.039,0.011,0.03191,2
17799,81554,10,1,0,0,0,0,0,7,0,0,0.000,0.000,0.03232,-0.000,0.000,-0.000,0.000,-0.000,0.000,-0.000,0.000,0.043,0.012,0.03499,0.039,0.011,0.03211,2
17814,81564,10,1,0,0,0,0,0,7,0,0,0.000,0.000,0.03213,-0.000,0.000,-0.000,0.000,-0.000,0.000,-0.000,0.000,0.043,0.012,0.03481,0.039,0.011,0.03232,2
17814,81574,10,1,0,0,0,0,0,7,0,0,0.000,0.000,0.03198,-0.000,0.000,-0.000,0.000,-0.000,0.000,-0.000,0.000,0.042,0.012,0.03465,0.039,0.011,0.03213,2
17830,81584,10,1,0,0,0,0,0,7,0,0,0.000,0.000,0.03185,-0.000,0.000,-0.000,0.000,-0.000,0.000,-0.000,0.000,0.042,0.012,0.03453,0.039,0.011,0.03198,2
17830,81594,10,1,0,0,0,0,0,7,0,0,0.000,0.000,0.03192,-0.000,0.000,-0.000,0.000,-0.000,0.000,-0.000,0.000,0.042,0.012,0.03459,0.039,0.011,0.03185,2
17846,81604,10,1,0,0,0,0,0,7,0,0,0.000,0.000,0.03204,-0.000,0.000,-0.000,0.000,-0.000,0.000,-0.000,0.000,0.042,0.012,0.03472,0.039,0.011,0.03192,2
17861,81614,10,1,0,0,0,0,0,7,0,0,0.000,0.000,0.03214,-0.000,0.000,-0.000,0.000,-0.000,0.000,-0.000,0.000,0.043,0.012,0.03481,0.039,0.011,0.03204,2
17861,81624,10,1,0,0,0,0,0,7,0,0,0.000,0.000,0.03214,-0.000,0.000,-0.000,0.000,-0.000,0.000,-0.000,0.000,0.043,0.012,0.03481,0.039,0.011,0.03214,2
17876,81634,10,1,0,0,0,0,0,7,0,0,0.000,0.000,0.03200,-0.000,0.000,-0.000,0.000,-0.000,0.000,-0.000,0.000,0.042,0.012,0.03468,0.039,0.011,0.03214,2
17891,81644,10,1,0,0,0,0,0,7,0,0,0.000,0.000,0.03205,-0.000,0.000,-0.000,0.000,-0.000,0.000,-0.000,0.000,0.042,0.012,0.03472,0.039,0.011,0.03200,2
17891,81654,10,1,0,0,0,0,0,7,0,0,0.000,0.000,0.03218,-0.000,0.000,-0.000,0.000,-0.000,0.000,-0.000,0.000,0.043,0.012,0.03485,0.039,0.011,0.03205,2
17907,81664,10,1,0,0,0,0,0,7,0,0,0.000,0.000,0.03209,-0.000,0.000,-0.000,0.000,-0.000,0.000,-0.000,0.000,0.042,0.012,0.03477,0.039,0.011,0.03218,2
17922,81674,10,1,0,0,0,0,0,7,0,0,0.000,0.000,0.03203,-0.000,0.000,-0.000,0.000,-0.000,0.000,-0.000,0.000,0.042,0.012,0.03471,0.039,0.011,0.03209,2
17922,81684,10,1,0,0,0,0,0,7,0,0,0.000,0.000,0.03222,-0.000,0.000,-0.000,0.000,-0.000,0.000,-0.000,0.000,0.043,0.012,0.03489,0.039,0.011,0.03203,2
17938,81694,10,1,0,0,0,0,0,7,0,0,0.000,0.000,0.03237,-0.000,0.000,-0.000,0.000,-0.000,0.000,-0.000,0.000,0.043,0.012,0.03505,0.039,0.011,0.03222,2
17953,81704,10,1,0,0,0,0,0,7,0,0,0.000,0.000,0.03235,-0.000,0.000,-0.000,0.000,-0.000,0.000,-0.000,0.000,0.043,0.012,0.03502,0.040,0.011,0.03237,2
17953,81714,10,1,0,0,0,0,0,7,0,0,0.000,0.000,0.03225,-0.000,0.000,-0.000,0.000,-0.000,0.000,-0.000,0.000,0.043,0.012,0.03492,0.040,0.011,0.03235,2
17969,81724,10,1,0,0,0,0,0,7,0,0,0.000,0.000,0.03215,-0.000,0.000,-0.000,0.000,-0.000,0.000,-0.000,0.000,0.043,0.012,0.03483,0.039,0.011,0.03225,2
17985,81734,10,1,0,0,0,0,0,7,0,0,0.000,0.000,0.03231,-0.000,0.000,-0.000,0.000,-0.000,0.000,-0.000,0.000,0.043,0.012,0.03499,0.039,0.011,0.03215,2
17985,81744,10,1,0,0,0,0,0,7,0,0,0.000,0.000,0.03264,-0.000,0.000,-0.000,0.000,-0.000,0.000,-0.000,0.000,0.043,0.012,0.03531,0.039,0.011,0.03231,2
18001,81754,10,1,0,0,0,0,0,7,0,0,0.000,0.000,0.03255,-0.000,0.000,-0.000,0.000,-0.000,0.000,-0.000,0.000,0.043,0.012,0.03523,0.040,0.011,0.03264,2
18001,81764,10,1,0,0,0,0,0,7,0,0,0.000,0.000,0.03248,-0.000,0.000,-0.000,0.000,-0.000,0.000,-0.000,0.000,0.043,0.012,0.03516,0.040,0.011,0.03255,2
18016,81774,10,1,0,0,0,0,0,7,0,0,0.000,0.000,0.03249,-0.000,0.000,-0.000,0.000,-0.000,0.000,-0.000,0.000,0.043,0.012,0.03517,0.040,0.011,0.03248,2
18032,81784,10,1,0,0,0,0,0,7,0,0,0.000,0.000,0.03235,-0.000,0.000,-0.000,0.000,-0.000,0.000,-0.000,0.000,0.043,0.012,0.03502,0.040,0.011,0.03249,2
18032,81794,10,1,0,0,0,0,0,7,0,0,0.000,0.000,0.03232,-0.000,0.000,-0.000,0.000,-0.000,0.000,-0.000,0.000,0.043,0.012,0.03500,0.040,0.011,0.03235,2
18047,81804,10,1,0,0,0,0,0,7,0,0,0.000,0.000,0.03214,-0.000,0.000,-0.000,0.000,-0.000,0.000,-0.000,0.000,0.043,0.012,0.03481,0.039,0.011,0.03232,2
18062,81814,10,1,0,0,0,0,0,7,0,0,0.000,0.000,0.03205,-0.000,0.000,-0.000,0.000,-0.000,0.000,-0.000,0.000,0.042,0.012,0.03473,0.039,0.011,0.03214,2
18062,81824,10,1,0,0,0,0,0,7,0,0,0.000,0.000,0.03192,-0.000,0.000,-0.000,0.000,-0.000,0.000,-0.000,0.000,0.042,0.012,0.03459,0.039,0.011,0.03205,2
18078,81834,10,1,0,0,0,0,0,7,0,0,0.000,0.000,0.03201,-0.000,0.000,-0.000,0.000,-0.000,0.000,-0.000,0.000,0.042,0.012,0.03468,0.039,0.011,0.03192,2
18093,81844,10,1,0,0,0,0,0,7,0,0,0.000,0.000,0.03221,-0.000,0.000,-0.000,0.000,-0.000,0.000,-0.000,0.000,0.043,0.012,0.03489,0.039,0.011,0.03201,2
18093,81854,10,1,0,0,0,0,0,7,0,0,0.000,0.000,0.03207,-0.000,0.000,-0.000,0.000,-0.000,0.000,-0.000,0.000,0.042,0.012,0.03475,0.039,0.011,0.03221,2
18109,81864,10,1,0,0,0,0,0,7,0,0,0.000,0.000,0.03217,-0.000,0.000,-0.000,0.000,-0.000,0.000,-0.000,0.000,0.043,0.012,0.03484,0.039,0.011,0.03207,2
18125,81874,10,1,0,0,0,0,0,7,0,0,0.000,0.000,0.03199,-0.000,0.000,-0.000,0.000,-0.000,0.000,-0.000,0.000,0.042,0.012,0.03466,0.039,0.011,0.03217,2
18125,81884,10,1,0,0,0,0,0,7,0,0,0.000,0.000,0.03215,-0.000,0.000,-0.000,0.000,-0.000,0.000,-0.000,0.000,0.043,0.012,0.03483,0.039,0.011,0.03199,2
18140,81894,10,1,0,0,0,0,0,7,0,0,0.000,0.000,0.03206,-0.000,0.000,-0.000,0.000,-0.000,0.000,-0.000,0.000,0.042,0.012,0.03474,0.039,0.011,0.03215,2
18140,81904,10,1,0,0,0,0,0,7,0,0,0.000,0.000,0.03193,-0.000,0.000,-0.000,0.000,-0.000,0.000,-0.000,0.000,0.042,0.012,0.03461,0.039,0.011,0.03206,2
18155,81914,10,1,0,0,0,0,0,7,0,0,0.000,0.000,0.03184,-0.000,0.000,-0.000,0.000,-0.000,0.000,-0.000,0.000,0.042,0.012,0.03451,0.039,0.011,0.03193,2
18172,81924,10,1,0,0,0,0,0,7,0,0,0.000,0.000,0.03171,-0.000,0.000,-0.000,0.000,-0.000,0.000,-0.000,0.000,0.042,0.012,0.03439,0.039,0.011,0.03184,2
18172,81934,10,1,0,0,0,0,0,7,0,0,0.000,0.000,0.03164,-0.000,0.000,-0.000,0.000,-0.000,0.000,-0.000,0.000,0.042,0.012,0.03431,0.039,0.011,0.03171,2
18187,81944,10,1,0,0,0,0,0,7,0,0,0.000,0.000,0.03186,-0.000,0.000,-0.000,0.000,-0.000,0.000,-0.000,0.000,0.042,0.012,0.03454,0.039,0.011,0.03164,2
18203,81954,10,1,0,0,0,0,0,7,0,0,0.000,0.000,0.03198,-0.000,0.000,-0.000,0.000,-0.000,0.000,-0.000,0.000,0.042,0.012,0.03466,0.039,0.011,0.03186,2
18203,81964,10,1,0,0,0,0,0,7,0,0,0.000,0.000,0.03184,-0.000,0.000,-0.000,0.000,-0.000,0.000,-0.000,0.000,0.042,0.012,0.03452,0.039,0.011,0.03198,2
18219,81974,10,1,0,0,0,0,0,7,0,0,0.000,0.000,0.03182,-0.000,0.000,-0.000,0.000,-0.000,0.000,-0.000,0.000,0.042,0.012,0.03450,0.039,0.011,0.03184,2
18234,81984,10,1,0,0,0,0,0,7,0,0,0.000,0.000,0.03172,-0.000,0.000,-0.000,0.000,-0.000,0.000,-0.000,0.000,0.042,0.012,0.03440,0.039,0.011,0.03182,2
18234,81994,10,1,0,0,0,0,0,7,0,0,0.000,0.000,0.03170,-0.000,0.000,-0.000,0.000,-0.000,0.000,-0.000,0.000,0.042,0.012,0.03437,0.039,0.011,0.03172,2
18249,82004,10,1,0,0,0,0,0,7,0,0,0.000,0.000,0.03148,-0.000,0.000,-0.000,0.000,-0.000,0.000,-0.000,0.000,0.042,0.012,0.03415,0.039,0.011,0.03170,2
18249,82014,10,1,0,0,0,0,0,7,0,0,0.000,0.000,0.03137,-0.000,0.000,-0.000,0.000,-0.000,0.000,-0.000,0.000,0.042,0.012,0.03404,0.038,0.011,0.03148,2
18265,82024,10,1,0,0,0,0,0,7,0,0,0.000,0.000,0.03153,-0.000,0.000,-0.000,0.000,-0.000,0.000,-0.000,0.000,0.042,0.012,0.03421,0.038,0.011,0.03137,2
18281,82034,10,1,0,0,0,0,0,7,0,0,0.000,0.000,0.03163,-0.000,0.000,-0.000,0.000,-0.000,0.000,-0.000,0.000,0.042,0.012,0.03430,0.039,0.011,0.03153,2
18281,82044,10,1,0,0,0,0,0,7,0,0,0.000,0.000,0.03198,-0.000,0.000,-0.000,0.000,-0.000,0.000,-0.000,0.000,0.042,0.012,0.03465,0.039,0.011,0.03163,2
18297,82054,10,1,0,0,0,0,0,7,0,0,0.000,0.000,0.03184,-0.000,0.000,-0.000,0.000,-0.000,0.000,-0.000,0.000,0.042,0.012,0.03451,0.039,0.011,0.03198,2
18312,82064,10,1,0,0,0,0,0,7,0,0,0.000,0.000,0.03188,-0.000,0.000,-0.000,0.000,-0.000,0.000,-0.000,0.000,0.042,0.012,0.03455,0.039,0.011,0.03184,2
18312,82074,10,1,0,0,0,0,0,7,0,0,0.000,0.000,0.03177,-0.000,0.000,-0.000,0.000,-0.000,0.000,-0.000,0.000,0.042,0.012,0.03444,0.039,0.011,0.03188,2
18328,82084,10,1,0,0,0,0,0,7,0,0,0.000,0.000,0.03185,-0.000,0.000,-0.000,0.000,-0.000,0.000,-0.000,0.000,0.042,0.012,0.03453,0.039,0.011,0.03177,2
18343,82094,10,1,0,0,0,0,0,7,0,0,0.000,0.000,0.03203,-0.000,0.000,-0.000,0.000,-0.000,0.000,-0.000,0.000,0.042,0.012,0.03471,0.039,0.011,0.03185,2
18343,82104,10,1,0,0,0,0,0,7,0,0,0.000,0.000,0.03213,-0.000,0.000,-0.000,0.000,-0.000,0.000,-0.000,0.000,0.043,0.012,0.03480,0.039,0.011,0.03203,2
18361,82114,10,1,0,0,0,0,0,7,0,0,0.000,0.000,0.03211,-0.000,0.000,-0.000,0.000,-0.000,0.000,-0.000,0.000,0.042,0.012,0.03478,0.039,0.011,0.03213,2
18361,82124,10,1,0,0,0,0,0,7,0,0,0.000,0.000,0.03206,-0.000,0.000,-0.000,0.000,-0.000,0.000,-0.000,0.000,0.042,0.012,0.03473,0.039,0.011,0.03211,2
18375,82134,10,1,0,0,0,0,0,7,0,0,0.000,0.000,0.03183,-0.000,0.000,-0.000,0.000,-0.000,0.000,-0.000,0.000,0.042,0.012,0.03451,0.039,0.011,0.03206,2
18390,82144,10,1,0,0,0,0,0,7,0,0,0.000,0.000,0.03201,-0.000,0.000,-0.000,0.000,-0.000,0.000,-0.000,0.000,0.042,0.012,0.03469,0.039,0.011,0.03183,2
18390,82154,10,1,0,0,0,0,0,7,0,0,0.000,0.075,0.03210,-0.000,0.000,-0.000,0.000,-0.000,0.000,-0.000,0.000,0.118,0.012,0.03478,0.039,0.011,0.03201,2
18406,82164,10,1,0,0,0,0,0,7,0,0,0.000,0.075,0.03193,-0.000,0.000,-0.000,0.000,-0.000,0.000,-0.000,0.000,0.118,0.012,0.03460,0.115,0.011,0.03210,2
18421,82174,10,1,0,0,0,0,0,7,0,0,0.000,0.000,0.03184,-0.000,0.000,-0.000,0.000,-0.000,0.000,-0.000,0.000,0.042,0.012,0.03452,0.114,0.011,0.03193,2
18421,82184,10,1,0,0,0,0,0,7,0,0,0.000,0.000,0.03181,-0.000,0.000,-0.000,0.000,-0.000,0.000,-0.000,0.000,0.042,0.012,0.03449,0.039,0.011,0.03184,2
18437,82194,10,1,0,0,0,0,0,7,0,0,0.000,0.000,0.03161,-0.000,0.000,-0.000,0.000,-0.000,0.000,-0.000,0.000,0.042,0.012,0.03428,0.039,0.011,0.03181,2
18452,82204,10,1,0,0,0,0,0,7,0,0,0.000,0.000,0.03159,-0.000,0.000,-0.000,0.000,-0.000,0.000,-0.000,0.000,0.042,0.012,0.03427,0.039,0.011,0.03161,2
18452,82214,10,1,0,0,0,0,0,7,0,0,0.000,0.000,0.03163,-0.000,0.000,-0.000,0.000,-0.000,0.000,-0.000,0.000,0.042,0.012,0.03431,0.039,0.011,0.03159,2
18468,82224,10,1,0,0,0,0,0,7,0,0,0.000,0.000,0.03184,-0.000,0.000,-0.000,0.000,-0.000,0.000,-0.000,0.000,0.042,0.012,0.03451,0.039,0.011,0.03163,2
18483,82234,10,1,0,0,0,0,0,7,0,0,0.000,0.000,0.03202,-0.000,0.000,-0.000,0.000,-0.000,0.000,-0.000,0.000,0.042,0.012,0.03469,0.039,0.011,0.03184,2
18483,82244,10,1,0,0,0,0,0,7,0,0,0.000,0.000,0.03235,-0.000,0.000,-0.000,0.000,-0.000,0.000,-0.000,0.000,0.043,0.012,0.03502,0.039,0.011,0.03202,2
18499,82254,10,1,0,0,0,0,0,7,0,0,0.000,0.000,0.03240,-0.000,0.000,-0.000,0.000,-0.000,0.000,-0.000,0.000,0.043,0.012,0.03508,0.040,0.011,0.03235,2
18514,82264,10,1,0,0,0,0,0,7,0,0,0.000,0.000,0.03219,-0.000,0.000,-0.000,0.000,-0.000,0.000,-0.000,0.000,0.043,0.012,0.03487,0.040,0.011,0.03240,2
18514,82274,10,1,0,0,0,0,0,7,0,0,0.000,0.000,0.03198,-0.000,0.000,-0.000,0.000,-0.000,0.000,-0.000,0.000,0.042,0.012,0.03466,0.039,0.011,0.03219,2
18530,82284,10,1,0,0,0,0,0,7,0,0,0.000,0.000,0.03194,-0.000,0.000,-0.000,0.000,-0.000,0.000,-0.000,0.000,0.042,0.012,0.03461,0.039,0.011,0.03198,2
18530,82294,10,1,0,0,0,0,0,7,0,0,0.000,0.000,0.03224,-0.000,0.000,-0.000,0.000,-0.000,0.000,-0.000,0.000,0.043,0.012,0.03492,0.039,0.011,0.03194,2
18545,82304,10,1,0,0,0,0,0,7,0,0,0.000,0.000,0.03229,-0.000,0.000,-0.000,0.000,-0.000,0.000,-0.000,0.000,0.043,0.012,0.03496,0.039,0.011,0.03224,2
18560,82314,10,1,0,0,0,0,0,7,0,0,0.000,0.000,0.03226,-0.000,0.000,-0.000,0.000,-0.000,0.000,-0.000,0.000,0.043,0.012,0.03494,0.039,0.011,0.03229,2
18560,82324,10,1,0,0,0,0,0,7,0,0,0.000,0.000,0.03220,-0.000,0.000,-0.000,0.000,-0.000,0.000,-0.000,0.000,0.043,0.012,0.03488,0.039,0.011,0.03226,2
18576,82334,10,1,0,0,0,0,0,7,0,0,0.000,0.000,0.03211,-0.000,0.000,-0.000,0.000,-0.000,0.000,-0.000,0.000,0.043,0.012,0.03479,0.039,0.011,0.03220,2
18592,82344,10,1,0,0,0,0,0,7,0,0,0.000,0.000,0.03219,-0.000,0.000,-0.000,0.000,-0.000,0.000,-0.000,0.000,0.043,0.012,0.03487,0.039,0.011,0.03211,2
18592,82354,10,1,0,0,0,0,0,7,0,0,0.000,0.000,0.03219,-0.000,0.000,-0.000,0.000,-0.000,0.000,-0.000,0.000,0.043,0.012,0.03487,0.039,0.011,0.03219,2
18607,82364,10,1,0,0,0,0,0,7,0,0,0.000,0.075,0.03218,-0.000,0.000,-0.000,0.000,-0.000,0.000,-0.000,0.000,0.118,0.012,0.03486,0.039,0.011,0.03219,2
18623,82374,10,1,0,0,0,0,0,7,0,0,0.000,0.000,0.03234,-0.000,0.000,-0.000,0.000,-0.000,0.000,-0.000,0.000,0.043,0.012,0.03502,0.115,0.011,0.03218,2
18623,82384,10,1,0,0,0,0,0,7,0,0,0.000,0.000,0.03226,-0.000,0.000,-0.000,0.000,-0.000,0.000,-0.000,0.000,0.043,0.012,0.03493,0.040,0.011,0.03234,2
18639,82394,10,1,0,0,0,0,0,7,0,0,0.000,0.000,0.03206,-0.000,0.000,-0.000,0.000,-0.000,0.000,-0.000,0.000,0.042,0.012,0.03473,0.039,0.011,0.03226,2
18654,82404,10,1,0,0,0,0,0,7,0,0,0.000,0.000,0.03215,-0.000,0.000,-0.000,0.000,-0.000,0.000,-0.000,0.000,0.043,0.012,0.03483,0.039,0.011,0.03206,2
18654,82414,10,1,0,0,0,0,0,7,0,0,0.000,0.000,0.03219,-0.000,0.000,-0.000,0.000,-0.000,0.000,-0.000,0.000,0.043,0.012,0.03487,0.039,0.011,0.03215,2
18670,82424,10,1,0,0,0,0,0,7,0,0,0.000,0.000,0.03240,-0.000,0.000,-0.000,0.000,-0.000,0.000,-0.000,0.000,0.043,0.012,0.03508,0.039,0.011,0.03219,2
18670,82434,10,1,0,0,0,0,0,7,0,0,0.000,0.000,0.03218,-0.000,0.000,-0.000,0.000,-0.000,0.000,-0.000,0.000,0.043,0.012,0.03485,0.040,0.011,0.03240,2
18685,82444,10,1,0,0,0,0,0,7,0,0,0.000,0.000,0.03217,-0.000,0.000,-0.000,0.000,-0.000,0.000,-0.000,0.000,0.043,0.012,0.03485,0.039,0.011,0.03218,2
18702,82454,10,1,0,0,0,0,0,7,0,0,0.000,0.000,0.03190,-0.000,0.000,-0.000,0.000,-0.000,0.000,-0.000,0.000,0.042,0.012,0.03458,0.039,0.011,0.03217,2
18702,82464,10,1,0,0,0,0,0,7,0,0,0.000,0.000,0.03199,-0.000,0.000,-0.000,0.000,-0.000,0.000,-0.000,0.000,0.042,0.012,0.03466,0.039,0.011,0.03190,2
18718,82474,10,1,0,0,0,0,0,7,0,0,0.000,0.000,0.03212,-0.000,0.000,-0.000,0.000,-0.000,0.000,-0.000,0.000,0.043,0.012,0.03480,0.039,0.011,0.03199,2
18734,82484,10,1,0,0,0,0,0,7,0,0,0.000,0.000,0.03209,-0.000,0.000,-0.000,0.000,-0.000,0.000,-0.000,0.000,0.042,0.012,0.03476,0.039,0.011,0.03212,2
18734,82494,10,1,0,0,0,0,0,7,0,0,0.000,0.000,0.03207,-0.000,0.000,-0.000,0.000,-0.000,0.000,-0.000,0.000,0.042,0.012,0.03474,0.039,0.011,0.03209,2
18749,82504,10,1,0,0,0,0,0,7,0,0,0.000,0.000,0.03213,-0.000,0.000,-0.000,0.000,-0.000,0.000,-0.000,0.000,0.043,0.012,0.03481,0.039,0.011,0.03207,2
18765,82514,10,1,0,0,0,0,0,7,0,0,0.000,0.000,0.03241,-0.000,0.000,-0.000,0.000,-0.000,0.000,-0.000,0.000,0.043,0.012,0.03508,0.039,0.011,0.03213,2
18765,82524,10,1,0,0,0,0,0,7,0,0,0.000,0.000,0.03259,-0.000,0.000,-0.000,0.000,-0.000,0.000,-0.000,0.000,0.043,0.012,0.03526,0.040,0.011,0.03241,2
18781,82534,10,1,0,0,0,0,0,7,0,0,0.000,0.000,0.03269,-0.000,0.000,-0.000,0.000,-0.000,0.000,-0.000,0.000,0.043,0.012,0.03536,0.040,0.011,0.03259,2
18781,82544,10,1,0,0,0,0,0,7,0,0,0.000,0.000,0.03255,-0.000,0.000,-0.000,0.000,-0.000,0.000,-0.000,0.000,0.043,0.012,0.03523,0.040,0.011,0.03269,2
18797,82554,10,1,0,0,0,0,0,7,0,0,0.000,0.000,0.03247,-0.000,0.000,-0.000,0.000,-0.000,0.000,-0.000,0.000,0.043,0.012,0.03515,0.040,0.011,0.03255,2
18812,82564,10,1,0,0,0,0,0,7,0,0,0.000,0.000,0.03227,-0.000,0.000,-0.000,0.000,-0.000,0.000,-0.000,0.000,0.043,0.012,0.03494,0.040,0.011,0.03247,2
18812,82574,10,1,0,0,0,0,0,7,0,0,0.000,0.000,0.03214,-0.000,0.000,-0.000,0.000,-0.000,0.000,-0.000,0.000,0.043,0.012,0.03482,0.039,0.011,0.03227,2
18827,82584,10,1,0,0,0,0,0,7,0,0,0.000,0.000,0.03201,-0.000,0.000,-0.000,0.000,-0.000,0.000,-0.000,0.000,0.042,0.012,0.03468,0.039,0.011,0.03214,2
18843,82594,10,1,0,0,0,0,0,7,0,0,0.000,0.000,0.03210,-0.000,0.000,-0.000,0.000,-0.000,0.000,-0.000,0.000,0.042,0.012,0.03477,0.039,0.011,0.03201,2
18843,82604,10,1,0,0,0,0,0,7,0,0,0.000,0.000,0.03213,-0.000,0.000,-0.000,0.000,-0.000,0.000,-0.000,0.000,0.043,0.012,0.03481,0.039,0.011,0.03210,2
18858,82614,10,1,0,0,0,0,0,7,0,0,0.000,0.000,0.03217,-0.000,0.000,-0.000,0.000,-0.000,0.000,-0.000,0.000,0.043,0.012,0.03485,0.039,0.011,0.03213,2
18874,82624,10,1,0,0,0,0,0,7,0,0,0.000,0.000,0.03211,-0.000,0.000,-0.000,0.000,-0.000,0.000,-0.000,0.000,0.042,0.012,0.03478,0.039,0.011,0.03217,2
18874,82634,10,1,0,0,0,0,0,7,0,0,0.000,0.000,0.03201,-0.000,0.000,-0.000,0.000,-0.000,0.000,-0.000,0.000,0.042,0.012,0.03469,0.039,0.011,0.03211,2
18889,82644,10,1,0,0,0,0,0,7,0,0,0.000,0.000,0.03188,-0.000,0.000,-0.000,0.000,-0.000,0.000,-0.000,0.000,0.042,0.012,0.03456,0.039,0.011,0.03201,2
18905,82654,10,1,0,0,0,0,0,7,0,0,0.000,0.000,0.03187,-0.000,0.000,-0.000,0.000,-0.000,0.000,-0.000,0.000,0.042,0.012,0.03454,0.039,0.011,0.03188,2
18905,82664,10,1,0,0,0,0,0,7,0,0,0.000,0.000,0.03205,-0.000,0.000,-0.000,0.000,-0.000,0.000,-0.000,0.000,0.042,0.012,0.03472,0.039,0.011,0.03187,2
18921,82674,10,1,0,0,0,0,0,7,0,0,0.000,0.000,0.03176,-0.000,0.000,-0.000,0.000,-0.000,0.000,-0.000,0.000,0.042,0.012,0.03444,0.039,0.011,0.03205,2
18921,82684,10,1,0,0,0,0,0,7,0,0,0.000,0.000,0.03173,-0.000,0.000,-0.000,0.000,-0.000,0.000,-0.000,0.000,0.042,0.012,0.03441,0.039,0.011,0.03176,2
18937,82694,10,1,0,0,0,0,0,7,0,0,0.000,0.000,0.03188,-0.000,0.000,-0.000,0.000,-0.000,0.000,-0.000,0.000,0.042,0.012,0.03456,0.039,0.011,0.03173,2
18952,82704,10,1,0,0,0,0,0,7,0,0,0.000,0.000,0.03218,-0.000,0.000,-0.000,0.000,-0.000,0.000,-0.000,0.000,0.043,0.012,0.03485,0.039,0.011,0.03188,2
18952,82714,10,1,0,0,0,0,0,7,0,0,0.000,0.000,0.03201,-0.000,0.000,-0.000,0.000,-0.000,0.000,-0.000,0.000,0.042,0.012,0.03469,0.039,0.011,0.03218,2
18968,82724,10,1,0,0,0,0,0,7,0,0,0.000,0.000,0.03206,-0.000,0.000,-0.000,0.000,-0.000,0.000,-0.000,0.000,0.042,0.012,0.03474,0.039,0.011,0.03201,2
18984,82734,10,1,0,0,0,0,0,7,0,0,0.000,0.000,0.03202,-0.000,0.000,-0.000,0.000,-0.000,0.000,-0.000,0.000,0.042,0.012,0.03470,0.039,0.011,0.03206,2
18984,82744,10,1,0,0,0,0,0,7,0,0,0.000,0.000,0.03194,-0.000,0.000,-0.000,0.000,-0.000,0.000,-0.000,0.000,0.042,0.012,0.03462,0.039,0.011,0.03202,2
18999,82754,10,1,0,0,0,0,0,7,0,0,0.000,0.000,0.03173,-0.000,0.000,-0.000,0.000,-0.000,0.000,-0.000,0.000,0.042,0.012,0.03440,0.039,0.011,0.03194,2
18999,82764,10,1,0,0,0,0,0,7,0,0,0.000,0.000,0.03186,-0.000,0.000,-0.000,0.000,-0.000,0.000,-0.000,0.000,0.042,0.012,0.03454,0.039,0.011,0.03173,2
19015,82774,10,1,0,0,0,0,0,7,0,0,0.000,0.000,0.03197,-0.000,0.000,-0.000,0.000,-0.000,0.000,-0.000,0.000,0.042,0.012,0.03465,0.039,0.011,0.03186,2
19031,82784,10,1,0,0,0,0,0,7,0,0,0.000,0.000,0.03175,-0.000,0.000,-0.000,0.000,-0.000,0.000,-0.000,0.000,0.042,0.012,0.03442,0.039,0.011,0.03197,2
19031,82794,10,1,0,0,0,0,0,7,0,0,0.000,0.000,0.03185,-0.000,0.000,-0.000,0.000,-0.000,0.000,-0.000,0.000,0.042,0.012,0.03452,0.039,0.011,0.03175,2
19047,82804,10,1,0,0,0,0,0,7,0,0,0.000,0.000,0.03199,-0.000,0.000,-0.000,0.000,-0.000,0.000,-0.000,0.000,0.042,0.012,0.03467,0.039,0.011,0.03185,2
19062,82814,10,1,0,0,0,0,0,7,0,0,0.000,0.000,0.03190,-0.000,0.000,-0.000,0.000,-0.000,0.000,-0.000,0.000,0.042,0.012,0.03457,0.039,0.011,0.03199,2
19062,82824,10,1,0,0,0,0,0,7,0,0,0.000,0.000,0.03179,-0.000,0.000,-0.000,0.000,-0.000,0.000,-0.000,0.000,0.042,0.012,0.03447,0.039,0.011,0.03190,2
19078,82834,10,1,0,0,0,0,0,7,0,0,0.000,0.000,0.03161,-0.000,0.000,-0.000,0.000,-0.000,0.000,-0.000,0.000,0.042,0.012,0.03428,0.039,0.011,0.03179,2
19093,82844,10,1,0,0,0,0,0,7,0,0,0.000,0.000,0.03192,-0.000,0.000,-0.000,0.000,-0.000,0.000,-0.000,0.000,0.042,0.012,0.03459,0.039,0.011,0.03161,2
19093,82854,10,1,0,0,0,0,0,7,0,0,0.000,0.000,0.03199,-0.000,0.000,-0.000,0.000,-0.000,0.000,-0.000,0.000,0.042,0.012,0.03467,0.039,0.011,0.03192,2
19109,82864,10,1,0,0,0,0,0,7,0,0,0.000,0.000,0.03177,-0.000,0.000,-0.000,0.000,-0.000,0.000,-0.000,0.000,0.042,0.012,0.03445,0.039,0.011,0.03199,2
19109,82874,10,1,0,0,0,0,0,7,0,0,0.000,0.000,0.03182,-0.000,0.000,-0.000,0.000,-0.000,0.000,-0.000,0.000,0.042,0.012,0.03449,0.039,0.011,0.03177,2
19125,82884,10,1,0,0,0,0,0,7,0,0,0.000,0.000,0.03184,-0.000,0.000,-0.000,0.000,-0.000,0.000,-0.000,0.000,0.042,0.012,0.03452,0.039,0.011,0.03182,2
19141,82894,10,1,0,0,0,0,0,7,0,0,0.000,0.000,0.03177,-0.000,0.000,-0.000,0.000,-0.000,0.000,-0.000,0.000,0.042,0.012,0.03445,0.039,0.011,0.03184,2
19141,82904,10,1,0,0,0,0,0,7,0,0,0.000,0.000,0.03177,-0.000,0.000,-0.000,0.000,-0.000,0.000,-0.000,0.000,0.042,0.012,0.03444,0.039,0.011,0.03177,2
19156,82914,10,1,0,0,0,0,0,7,0,0,0.000,0.000,0.03193,-0.000,0.000,-0.000,0.000,-0.000,0.000,-0.000,0.000,0.042,0.012,0.03461,0.039,0.011,0.03177,2
19172,82924,10,1,0,0,0,0,0,7,0,0,0.000,0.000,0.03195,-0.000,0.000,-0.000,0.000,-0.000,0.000,-0.000,0.000,0.042,0.012,0.03463,0.039,0.011,0.03193,2
19172,82934,10,1,0,0,0,0,0,7,0,0,0.000,0.000,0.03191,-0.000,0.000,-0.000,0.000,-0.000,0.000,-0.000,0.000,0.042,0.012,0.03459,0.039,0.011,0.03195,2
19187,82944,10,1,0,0,0,0,0,7,0,0,0.000,0.000,0.03185,-0.000,0.000,-0.000,0.000,-0.000,0.000,-0.000,0.000,0.042,0.012,0.03453,0.039,0.011,0.03191,2
19203,82954,10,1,0,0,0,0,0,7,0,0,0.000,0.000,0.03195,-0.000,0.000,-0.000,0.000,-0.000,0.000,-0.000,0.000,0.042,0.012,0.03462,0.039,0.011,0.03185,2
19203,82964,10,1,0,0,0,0,0,7,0,0,0.000,0.000,0.03192,-0.000,0.000,-0.000,0.000,-0.000,0.000,-0.000,0.000,0.042,0.012,0.03460,0.039,0.011,0.03195,2
19218,82974,10,1,0,0,0,0,0,7,0,0,0.000,0.000,0.03203,-0.000,0.000,-0.000,0.000,-0.000,0.000,-0.000,0.000,0.042,0.012,0.03471,0.039,0.011,0.03192,2
19234,82984,10,1,0,0,0,0,0,7,0,0,0.000,0.000,0.03190,-0.000,0.000,-0.000,0.000,-0.000,0.000,-0.000,0.000,0.042,0.012,0.03457,0.039,0.011,0.03203,2
19234,82994,10,1,0,0,0,0,0,7,0,0,0.000,0.000,0.03171,-0.000,0.000,-0.000,0.000,-0.000,0.000,-0.000,0.000,0.042,0.012,0.03438,0.039,0.011,0.03190,2
19250,83004,10,1,0,0,0,0,0,7,0,0,0.000,0.000,0.03178,-0.000,0.000,-0.000,0.000,-0.000,0.000,-0.000,0.000,0.042,0.012,0.03445,0.039,0.011,0.03171,2
19250,83014,10,1,0,0,0,0,0,7,0,0,0.000,0.000,0.03181,-0.000,0.000,-0.000,0.000,-0.000,0.000,-0.000,0.000,0.042,0.012,0.03448,0.039,0.011,0.03178,2
19265,83024,10,1,0,0,0,0,0,7,0,0,0.000,0.000,0.03180,-0.000,0.000,-0.000,0.000,-0.000,0.000,-0.000,0.000,0.042,0.012,0.03448,0.039,0.011,0.03181,2
19281,83034,10,1,0,0,0,0,0,7,0,0,0.000,0.000,0.03175,-0.000,0.000,-0.000,0.000,-0.000,0.000,-0.000,0.000,0.042,0.012,0.03442,0.039,0.011,0.03180,2
19281,83044,10,1,0,0,0,0,0,7,0,0,0.000,0.000,0.03168,-0.000,0.000,-0.000,0.000,-0.000,0.000,-0.000,0.000,0.042,0.012,0.03435,0.039,0.011,0.03175,2
19296,83054,10,1,0,0,0,0,0,7,0,0,0.000,0.000,0.03182,-0.000,0.000,-0.000,0.000,-0.000,0.000,-0.000,0.000,0.042,0.012,0.03449,0.039,0.011,0.03168,2
19312,83064,10,1,0,0,0,0,0,7,0,0,0.000,0.000,0.03201,-0.000,0.000,-0.000,0.000,-0.000,0.000,-0.000,0.000,0.042,0.012,0.03469,0.039,0.011,0.03182,2
19312,83074,10,1,0,0,0,0,0,7,0,0,0.000,0.000,0.03229,-0.000,0.000,-0.000,0.000,-0.000,0.000,-0.000,0.000,0.043,0.012,0.03497,0.039,0.011,0.03201,2
19327,83084,10,1,0,0,0,0,0,7,0,0,0.000,0.000,0.03216,-0.000,0.000,-0.000,0.000,-0.000,0.000,-0.000,0.000,0.043,0.012,0.03483,0.039,0.011,0.03229,2
19342,83094,10,1,0,0,0,0,0,7,0,0,0.000,0.000,0.03210,-0.000,0.000,-0.000,0.000,-0.000,0.000,-0.000,0.000,0.042,0.012,0.03477,0.039,0.011,0.03216,2
19342,83104,10,1,0,0,0,0,0,7,0,0,0.000,0.000,0.03193,-0.000,0.000,-0.000,0.000,-0.000,0.000,-0.000,0.000,0.042,0.012,0.03461,0.039,0.011,0.03210,2
19357,83114,10,1,0,0,0,0,0,7,0,0,0.000,0.000,0.03190,-0.000,0.000,-0.000,0.000,-0.000,0.000,-0.000,0.000,0.042,0.012,0.03457,0.039,0.011,0.03193,2
19372,83124,10,1,0,0,0,0,0,7,0,0,0.000,0.000,0.03195,-0.000,0.000,-0.000,0.000,-0.000,0.000,-0.000,0.000,0.042,0.012,0.03463,0.039,0.011,0.03190,2
19372,83134,10,1,0,0,0,0,0,7,0,0,0.000,0.000,0.03193,-0.000,0.000,-0.000,0.000,-0.000,0.000,-0.000,0.000,0.042,0.012,0.03461,0.039,0.011,0.03195,2
19387,83144,10,1,0,0,0,0,0,7,0,0,0.000,0.000,0.03178,-0.000,0.000,-0.000,0.000,-0.000,0.000,-0.000,0.000,0.042,0.012,0.03446,0.039,0.011,0.03193,2
19403,83154,10,1,0,0,0,0,0,7,0,0,0.000,0.000,0.03187,-0.000,0.000,-0.000,0.000,-0.000,0.000,-0.000,0.000,0.042,0.012,0.03454,0.039,0.011,0.03178,2
19403,83164,10,1,0,0,0,0,0,7,0,0,0.000,0.000,0.03212,-0.000,0.000,-0.000,0.000,-0.000,0.000,-0.000,0.000,0.043,0.012,0.03480,0.039,0.011,0.03187,2
19418,83174,10,1,0,0,0,0,0,7,0,0,0.000,0.000,0.03221,-0.000,0.000,-0.000,0.000,-0.000,0.000,-0.000,0.000,0.043,0.012,0.03489,0.039,0.011,0.03212,2
19435,83184,10,1,0,0,0,0,0,7,0,0,0.000,0.000,0.03216,-0.000,0.000,-0.000,0.000,-0.000,0.000,-0.000,0.000,0.043,0.012,0.03484,0.039,0.011,0.03221,2
19435,83194,10,1,0,0,0,0,0,7,0,0,0.000,0.000,0.03214,-0.000,0.000,-0.000,0.000,-0.000,0.000,-0.000,0.000,0.043,0.012,0.03481,0.039,0.011,0.03216,2
19449,83204,10,1,0,0,0,0,0,7,0,0,0.000,0.000,0.03215,-0.000,0.000,-0.000,0.000,-0.000,0.000,-0.000,0.000,0.043,0.012,0.03482,0.039,0.011,0.03214,2
19466,83214,10,1,0,0,0,0,0,7,0,0,0.000,0.000,0.03202,-0.000,0.000,-0.000,0.000,-0.000,0.000,-0.000,0.000,0.042,0.012,0.03469,0.039,0.011,0.03215,2
19466,83224,10,1,0,0,0,0,0,7,0,0,0.000,0.000,0.03175,-0.000,0.000,-0.000,0.000,-0.000,0.000,-0.000,0.000,0.042,0.012,0.03443,0.039,0.011,0.03202,2
19482,83234,10,1,0,0,0,0,0,7,0,0,0.000,0.000,0.03162,-0.000,0.000,-0.000,0.000,-0.000,0.000,-0.000,0.000,0.042,0.012,0.03429,0.039,0.011,0.03175,2
19482,83244,10,1,0,0,0,0,0,7,0,0,0.000,0.000,0.03181,-0.000,0.000,-0.000,0.000,-0.000,0.000,-0.000,0.000,0.042,0.012,0.03449,0.039,0.011,0.03162,2
19497,83254,10,1,0,0,0,0,0,7,0,0,0.000,0.000,0.03203,-0.000,0.000,-0.000,0.000,-0.000,0.000,-0.000,0.000,0.042,0.012,0.03470,0.039,0.011,0.03181,2
19512,83264,10,1,0,0,0,0,0,7,0,0,0.000,0.000,0.03205,-0.000,0.000,-0.000,0.000,-0.000,0.000,-0.000,0.000,0.042,0.012,0.03473,0.039,0.011,0.03203,2
19512,83274,10,1,0,0,0,0,0,7,0,0,0.000,0.000,0.03185,-0.000,0.000,-0.000,0.000,-0.000,0.000,-0.000,0.000,0.042,0.012,0.03452,0.039,0.011,0.03205,2
19528,83284,10,1,0,0,0,0,0,7,0,0,0.000,0.000,0.03180,-0.000,0.000,-0.000,0.000,-0.000,0.000,-0.000,0.000,0.042,0.012,0.03447,0.039,0.011,0.03185,2
19545,83294,10,1,0,0,0,0,0,7,0,0,0.000,0.000,0.03196,-0.000,0.000,-0.000,0.000,-0.000,0.000,-0.000,0.000,0.042,0.012,0.03463,0.039,0.011,0.03180,2
19545,83304,10,1,0,0,0,0,0,7,0,0,0.000,0.000,0.03198,-0.000,0.000,-0.000,0.000,-0.000,0.000,-0.000,0.000,0.042,0.012,0.03466,0.039,0.011,0.03196,2
19559,83314,10,1,0,0,0,0,0,7,0,0,0.000,0.000,0.03215,-0.000,0.000,-0.000,0.000,-0.000,0.000,-0.000,0.000,0.043,0.012,0.03482,0.039,0.011,0.03198,2
19559,83324,10,1,0,0,0,0,0,7,0,0,0.000,0.000,0.03179,-0.000,0.000,-0.000,0.000,-0.000,0.000,-0.000,0.000,0.042,0.012,0.03447,0.039,0.011,0.03215,2
19575,83334,10,1,0,0,0,0,0,7,0,0,0.000,0.000,0.03174,-0.000,0.000,-0.000,0.000,-0.000,0.000,-0.000,0.000,0.042,0.012,0.03442,0.039,0.011,0.03179,2
19590,83344,10,1,0,0,0,0,0,7,0,0,0.000,0.000,0.03189,-0.000,0.000,-0.000,0.000,-0.000,0.000,-0.000,0.000,0.042,0.012,0.03456,0.039,0.011,0.03174,2
19590,83354,10,1,0,0,0,0,0,7,0,0,0.000,0.000,0.03190,-0.000,0.000,-0.000,0.000,-0.000,0.000,-0.000,0.000,0.042,0.012,0.03458,0.039,0.011,0.03189,2
19606,83364,10,1,0,0,0,0,0,7,0,0,0.000,0.000,0.03182,-0.000,0.000,-0.000,0.000,-0.000,0.000,-0.000,0.000,0.042,0.012,0.03450,0.039,0.011,0.03190,2
19621,83374,10,1,0,0,0,0,0,7,0,0,0.000,0.000,0.03188,-0.000,0.000,-0.000,0.000,-0.000,0.000,-0.000,0.000,0.042,0.012,0.03455,0.039,0.011,0.03182,2
19621,83384,10,1,0,0,0,0,0,7,0,0,0.000,0.000,0.03184,-0.000,0.000,-0.000,0.000,-0.000,0.000,-0.000,0.000,0.042,0.012,0.03451,0.039,0.011,0.03188,2
19637,83394,10,1,0,0,0,0,0,7,0,0,0.000,0.000,0.03183,-0.000,0.000,-0.000,0.000,-0.000,0.000,-0.000,0.000,0.042,0.012,0.03450,0.039,0.011,0.03184,2
19653,83404,10,1,0,0,0,0,0,7,0,0,0.000,0.000,0.03185,-0.000,0.000,-0.000,0.000,-0.000,0.000,-0.000,0.000,0.042,0.012,0.03452,0.039,0.011,0.03183,2
19653,83414,10,1,0,0,0,0,0,7,0,0,0.000,0.000,0.03220,-0.000,0.000,-0.000,0.000,-0.000,0.000,-0.000,0.000,0.043,0.012,0.03488,0.039,0.011,0.03185,2
19668,83424,10,1,0,0,0,0,0,7,0,0,0.000,0.000,0.03224,-0.000,0.000,-0.000,0.000,-0.000,0.000,-0.000,0.000,0.043,0.012,0.03492,0.039,0.011,0.03220,2
19684,83434,10,1,0,0,0,0,0,7,0,0,0.000,0.000,0.03223,-0.000,0.000,-0.000,0.000,-0.000,0.000,-0.000,0.000,0.043,0.012,0.03491,0.039,0.011,0.03224,2
19684,83444,10,1,0,0,0,0,0,7,0,0,0.000,0.000,0.03219,-0.000,0.000,-0.000,0.000,-0.000,0.000,-0.000,0.000,0.043,0.012,0.03486,0.039,0.011,0.03223,2
19699,83454,10,1,0,0,0,0,0,7,0,0,0.000,0.000,0.03210,-0.000,0.000,-0.000,0.000,-0.000,0.000,-0.000,0.000,0.042,0.012,0.03477,0.039,0.011,0.03219,2
19713,83464,10,1,0,0,0,0,0,7,0,0,0.000,0.000,0.03217,-0.000,0.000,-0.000,0.000,-0.000,0.000,-0.000,0.000,0.043,0.012,0.03485,0.039,0.011,0.03210,2
19713,83474,10,1,0,0,0,0,0,7,0,0,0.000,0.000,0.03218,-0.000,0.000,-0.000,0.000,-0.000,0.000,-0.000,0.000,0.043,0.012,0.03486,0.039,0.011,0.03217,2
19728,83484,10,1,0,0,0,0,0,7,0,0,0.000,0.000,0.03226,-0.000,0.000,-0.000,0.000,-0.000,0.000,-0.000,0.000,0.043,0.012,0.03494,0.039,0.011,0.03218,2
19744,83494,10,1,0,0,0,0,0,7,0,0,0.000,0.000,0.03239,-0.000,0.000,-0.000,0.000,-0.000,0.000,-0.000,0.000,0.043,0.012,0.03506,0.039,0.011,0.03226,2
19744,83504,10,1,0,0,0,0,0,7,0,0,0.000,0.000,0.03208,-0.000,0.000,-0.000,0.000,-0.000,0.000,-0.000,0.000,0.042,0.012,0.03476,0.040,0.011,0.03239,2
19760,83514,10,1,0,0,0,0,0,7,0,0,0.000,0.000,0.03189,-0.000,0.000,-0.000,0.000,-0.000,0.000,-0.000,0.000,0.042,0.012,0.03456,0.039,0.011,0.03208,2
19760,83524,10,1,0,0,0,0,0,7,0,0,0.000,0.000,0.03184,-0.000,0.000,-0.000,0.000,-0.000,0.000,-0.000,0.000,0.042,0.012,0.03452,0.039,0.011,0.03189,2
19775,83534,10,1,0,0,0,0,0,7,0,0,0.000,0.000,0.03175,-0.000,0.000,-0.000,0.000,-0.000,0.000,-0.000,0.000,0.042,0.012,0.03443,0.039,0.011,0.03184,2
19791,83544,10,1,0,0,0,0,0,7,0,0,0.000,0.000,0.03180,-0.000,0.000,-0.000,0.000,-0.000,0.000,-0.000,0.000,0.042,0.012,0.03447,0.039,0.011,0.03175,2
19791,83554,10,1,0,0,0,0,0,7,0,0,0.000,0.000,0.03195,-0.000,0.000,-0.000,0.000,-0.000,0.000,-0.000,0.000,0.042,0.012,0.03462,0.039,0.011,0.03180,2
19807,83564,10,1,0,0,0,0,0,7,0,0,0.000,0.000,0.03187,-0.000,0.000,-0.000,0.000,-0.000,0.000,-0.000,0.000,0.042,0.012,0.03455,0.039,0.011,0.03195,2
19822,83574,10,1,0,0,0,0,0,7,0,0,0.000,0.000,0.03184,-0.000,0.000,-0.000,0.000,-0.000,0.000,-0.000,0.000,0.042,0.012,0.03451,0.039,0.011,0.03187,2
19822,83584,10,1,0,0,0,0,0,7,0,0,0.000,0.000,0.03187,-0.000,0.000,-0.000,0.000,-0.000,0.000,-0.000,0.000,0.042,0.012,0.03455,0.039,0.011,0.03184,2
19838,83594,10,1,0,0,0,0,0,7,0,0,0.000,0.000,0.03209,-0.000,0.000,-0.000,0.000,-0.000,0.000,-0.000,0.000,0.042,0.012,0.03477,0.039,0.011,0.03187,2
19854,83604,10,1,0,0,0,0,0,7,0,0,0.000,0.000,0.03209,-0.000,0.000,-0.000,0.000,-0.000,0.000,-0.000,0.000,0.042,0.012,0.03476,0.039,0.011,0.03209,2
19854,83614,10,1,0,0,0,0,0,7,0,0,0.000,0.000,0.03189,-0.000,0.000,-0.000,0.000,-0.000,0.000,-0.000,0.000,0.042,0.012,0.03457,0.039,0.011,0.03209,2
19869,83624,10,1,0,0,0,0,0,7,0,0,0.000,0.000,0.03184,-0.000,0.000,-0.000,0.000,-0.000,0.000,-0.000,0.000,0.042,0.012,0.03452,0.039,0.011,0.03189,2
19869,83634,10,1,0,0,0,0,0,7,0,0,0.000,0.000,0.03179,-0.000,0.000,-0.000,0.000,-0.000,0.000,-0.000,0.000,0.042,0.012,0.03447,0.039,0.011,0.03184,2
19885,83644,10,1,0,0,0,0,0,7,0,0,0.000,0.000,0.03174,-0.000,0.000,-0.000,0.000,-0.000,0.000,-0.000,0.000,0.042,0.012,0.03441,0.039,0.011,0.03179,2
19900,83654,10,1,0,0,0,0,0,7,0,0,0.000,0.000,0.03147,-0.000,0.000,-0.000,0.000,-0.000,0.000,-0.000,0.000,0.042,0.012,0.03415,0.039,0.011,0.03174,2
19900,83664,10,1,0,0,0,0,0,7,0,0,0.000,0.000,0.03153,-0.000,0.000,-0.000,0.000,-0.000,0.000,-0.000,0.000,0.042,0.012,0.03420,0.038,0.011,0.03147,2
19916,83674,10,1,0,0,0,0,0,7,0,0,0.000,0.000,0.03185,-0.000,0.000,-0.000,0.000,-0.000,0.000,-0.000,0.000,0.042,0.012,0.03452,0.039,0.011,0.03153,2
19932,83684,10,1,0,0,0,0,0,7,0,0,0.000,0.000,0.03190,-0.000,0.000,-0.000,0.000,-0.000,0.000,-0.000,0.000,0.042,0.012,0.03458,0.039,0.011,0.03185,2
19932,83694,10,1,0,0,0,0,0,7,0,0,0.000,0.000,0.03185,-0.000,0.000,-0.000,0.000,-0.000,0.000,-0.000,0.000,0.042,0.012,0.03453,0.039,0.011,0.03190,2
19947,83704,10,1,0,0,0,0,0,7,0,0,0.000,0.000,0.03168,-0.000,0.000,-0.000,0.000,-0.000,0.000,-0.000,0.000,0.042,0.012,0.03435,0.039,0.011,0.03185,2
19963,83714,10,1,0,0,0,0,0,7,0,0,0.000,0.000,0.03183,-0.000,0.000,-0.000,0.000,-0.000,0.000,-0.000,0.000,0.042,0.012,0.03450,0.039,0.011,0.03168,2
19963,83724,10,1,0,0,0,0,0,7,0,0,0.000,0.000,0.03191,-0.000,0.000,-0.000,0.000,-0.000,0.000,-0.000,0.000,0.042,0.012,0.03458,0.039,0.011,0.03183,2
19979,83734,10,1,0,0,0,0,0,7,0,0,0.000,0.000,0.03194,-0.000,0.000,-0.000,0.000,-0.000,0.000,-0.000,0.000,0.042,0.012,0.03461,0.039,0.011,0.03191,2
19995,83744,10,1,0,0,0,0,0,7,0,0,0.000,0.000,0.03168,-0.000,0.000,-0.000,0.000,-0.000,0.000,-0.000,0.000,0.042,0.012,0.03435,0.039,0.011,0.03194,2
19995,83754,10,1,0,0,0,0,0,7,0,0,0.000,0.000,0.03162,-0.000,0.000,-0.000,0.000,-0.000,0.000,-0.000,0.000,0.042,0.012,0.03429,0.039,0.011,0.03168,2
20011,83764,10,1,0,0,0,0,0,7,0,0,0.000,0.075,0.03170,-0.000,0.000,-0.000,0.000,-0.000,0.000,-0.000,0.000,0.117,0.012,0.03437,0.039,0.011,0.03162,2
20011,83774,10,1,0,0,0,0,0,7,0,0,0.000,0.075,0.03182,-0.000,0.000,-0.000,0.000,-0.000,0.000,-0.000,0.000,0.118,0.012,0.03449,0.114,0.011,0.03170,2
20028,83784,10,1,0,0,0,0,0,7,0,0,0.000,0.000,0.03176,-0.000,0.000,-0.000,0.000,-0.000,0.000,-0.000,0.000,0.042,0.012,0.03444,0.114,0.011,0.03182,2
20043,83794,10,1,0,0,0,0,0,7,0,0,0.000,0.000,0.03200,-0.000,0.000,-0.000,0.000,-0.000,0.000,-0.000,0.000,0.042,0.012,0.03468,0.039,0.011,0.03176,2
20043,83804,10,1,0,0,0,0,0,7,0,0,0.000,0.000,0.03183,-0.000,0.000,-0.000,0.000,-0.000,0.000,-0.000,0.000,0.042,0.012,0.03451,0.039,0.011,0.03200,2
20058,83814,10,1,0,0,0,0,0,7,0,0,0.000,0.000,0.03202,-0.000,0.000,-0.000,0.000,-0.000,0.000,-0.000,0.000,0.042,0.012,0.03469,0.039,0.011,0.03183,2
20074,83824,10,1,0,0,0,0,0,7,0,0,0.000,0.000,0.03205,-0.000,0.000,-0.000,0.000,-0.000,0.000,-0.000,0.000,0.042,0.012,0.03473,0.039,0.011,0.03202,2
20074,83834,10,1,0,0,0,0,0,7,0,0,0.000,0.000,0.03209,-0.000,0.000,-0.000,0.000,-0.000,0.000,-0.000,0.000,0.042,0.012,0.03477,0.039,0.011,0.03205,2
20089,83844,10,1,0,0,0,0,0,7,0,0,0.000,0.000,0.03204,-0.000,0.000,-0.000,0.000,-0.000,0.000,-0.000,0.000,0.042,0.012,0.03471,0.039,0.011,0.03209,2
20089,83854,10,1,0,0,0,0,0,7,0,0,0.000,0.000,0.03214,-0.000,0.000,-0.000,0.000,-0.000,0.000,-0.000,0.000,0.043,0.012,0.03481,0.039,0.011,0.03204,2
20106,83864,10,1,0,0,0,0,0,7,0,0,0.000,0.000,0.03225,-0.000,0.000,-0.000,0.000,-0.000,0.000,-0.000,0.000,0.043,0.012,0.03493,0.039,0.011,0.03214,2
20121,83874,10,1,0,0,0,0,0,7,0,0,0.000,0.000,0.03217,-0.000,0.000,-0.000,0.000,-0.000,0.000,-0.000,0.000,0.043,0.012,0.03484,0.039,0.011,0.03225,2
20121,83884,10,1,0,0,0,0,0,7,0,0,0.000,0.000,0.03208,-0.000,0.000,-0.000,0.000,-0.000,0.000,-0.000,0.000,0.042,0.012,0.03476,0.039,0.011,0.03217,2
20137,83894,10,1,0,0,0,0,0,7,0,0,0.000,0.000,0.03201,-0.000,0.000,-0.000,0.000,-0.000,0.000,-0.000,0.000,0.042,0.012,0.03468,0.039,0.011,0.03208,2
20153,83904,10,1,0,0,0,0,0,7,0,0,0.000,0.000,0.03208,-0.000,0.000,-0.000,0.000,-0.000,0.000,-0.000,0.000,0.042,0.012,0.03476,0.039,0.011,0.03201,2
20153,83914,10,1,0,0,0,0,0,7,0,0,0.000,0.000,0.03221,-0.000,0.000,-0.000,0.000,-0.000,0.000,-0.000,0.000,0.043,0.012,0.03488,0.039,0.011,0.03208,2
20167,83924,10,1,0,0,0,0,0,7,0,0,0.000,0.000,0.03244,-0.000,0.000,-0.000,0.000,-0.000,0.000,-0.000,0.000,0.043,0.012,0.03512,0.039,0.011,0.03221,2
20183,83934,10,1,0,0,0,0,0,7,0,0,0.000,0.000,0.03274,-0.000,0.000,-0.000,0.000,-0.000,0.000,-0.000,0.000,0.043,0.012,0.03542,0.040,0.011,0.03244,2
20183,83944,10,1,0,0,0,0,0,7,0,0,0.000,0.000,0.03268,-0.000,0.000,-0.000,0.000,-0.000,0.000,-0.000,0.000,0.043,0.012,0.03535,0.040,0.011,0.03274,2
20198,83954,10,1,0,0,0,0,0,7,0,0,0.000,0.000,0.03249,-0.000,0.000,-0.000,0.000,-0.000,0.000,-0.000,0.000,0.043,0.012,0.03517,0.040,0.011,0.03268,2
20214,83964,10,1,0,0,0,0,0,7,0,0,0.000,0.000,0.03214,-0.000,0.000,-0.000,0.000,-0.000,0.000,-0.000,0.000,0.043,0.012,0.03482,0.040,0.011,0.03249,2
20214,83974,10,1,0,0,0,0,0,7,0,0,0.000,0.000,0.03215,-0.000,0.000,-0.000,0.000,-0.000,0.000,-0.000,0.000,0.043,0.012,0.03483,0.039,0.011,0.03214,2
20229,83984,10,1,0,0,0,0,0,7,0,0,0.000,0.000,0.03212,-0.000,0.000,-0.000,0.000,-0.000,0.000,-0.000,0.000,0.043,0.012,0.03480,0.039,0.011,0.03215,2
20245,83994,10,1,0,0,0,0,0,7,0,0,0.000,0.000,0.03192,-0.000,0.000,-0.000,0.000,-0.000,0.000,-0.000,0.000,0.042,0.012,0.03460,0.039,0.011,0.03212,2
20245,84004,10,1,0,0,0,0,0,7,0,0,0.000,0.000,0.03213,-0.000,0.000,-0.000,0.000,-0.000,0.000,-0.000,0.000,0.043,0.012,0.03481,0.039,0.011,0.03192,2
20260,84014,10,1,0,0,0,0,0,7,0,0,0.000,0.000,0.03211,-0.000,0.000,-0.000,0.000,-0.000,0.000,-0.000,0.000,0.043,0.012,0.03478,0.039,0.011,0.03213,2
20260,84024,10,1,0,0,0,0,0,7,0,0,0.000,0.000,0.03208,-0.000,0.000,-0.000,0.000,-0.000,0.000,-0.000,0.000,0.042,0.012,0.03476,0.039,0.011,0.03211,2
20276,84034,10,1,0,0,0,0,0,7,0,0,0.000,0.000,0.03196,-0.000,0.000,-0.000,0.000,-0.000,0.000,-0.000,0.000,0.042,0.012,0.03464,0.039,0.011,0.03208,2
20291,84044,10,1,0,0,0,0,0,7,0,0,0.000,0.000,0.03184,-0.000,0.000,-0.000,0.000,-0.000,0.000,-0.000,0.000,0.042,0.012,0.03451,0.039,0.011,0.03196,2
20291,84054,10,1,0,0,0,0,0,7,0,0,0.000,0.000,0.03155,-0.000,0.000,-0.000,0.000,-0.000,0.000,-0.000,0.000,0.042,0.012,0.03423,0.039,0.011,0.03184,2
20307,84064,10,1,0,0,0,0,0,7,0,0,0.000,0.000,0.03179,-0.000,0.000,-0.000,0.000,-0.000,0.000,-0.000,0.000,0.042,0.012,0.03447,0.039,0.011,0.03155,2
20322,84074,10,1,0,0,0,0,0,7,0,0,0.000,0.000,0.03187,-0.000,0.000,-0.000,0.000,-0.000,0.000,-0.000,0.000,0.042,0.012,0.03455,0.039,0.011,0.03179,2
20322,84084,10,1,0,0,0,0,0,7,0,0,0.000,0.000,0.03194,-0.000,0.000,-0.000,0.000,-0.000,0.000,-0.000,0.000,0.042,0.012,0.03462,0.039,0.011,0.03187,2
20337,84094,10,1,0,0,0,0,0,7,0,0,0.000,0.000,0.03171,-0.000,0.000,-0.000,0.000,-0.000,0.000,-0.000,0.000,0.042,0.012,0.03438,0.039,0.011,0.03194,2
20353,84104,10,1,0,0,0,0,0,7,0,0,0.000,0.000,0.03173,-0.000,0.000,-0.000,0.000,-0.000,0.000,-0.000,0.000,0.042,0.012,0.03441,0.039,0.011,0.03171,2
20353,84114,10,1,0,0,0,0,0,7,0,0,0.000,0.000,0.03171,-0.000,0.000,-0.000,0.000,-0.000,0.000,-0.000,0.000,0.042,0.012,0.03438,0.039,0.011,0.03173,2
20369,84124,10,1,0,0,0,0,0,7,0,0,0.000,0.000,0.03177,-0.000,0.000,-0.000,0.000,-0.000,0.000,-0.000,0.000,0.042,0.012,0.03444,0.039,0.011,0.03171,2
20384,84134,10,1,0,0,0,0,0,7,0,0,0.000,0.000,0.03164,-0.000,0.000,-0.000,0.000,-0.000,0.000,-0.000,0.000,0.042,0.012,0.03432,0.039,0.011,0.03177,2
20384,84144,10,1,0,0,0,0,0,7,0,0,0.000,0.000,0.03168,-0.000,0.000,-0.000,0.000,-0.000,0.000,-0.000,0.000,0.042,0.012,0.03435,0.039,0.011,0.03164,2
20399,84154,10,1,0,0,0,0,0,7,0,0,0.000,0.000,0.03178,-0.000,0.000,-0.000,0.000,-0.000,0.000,-0.000,0.000,0.042,0.012,0.03446,0.039,0.011,0.03168,2
20415,84164,10,1,0,0,0,0,0,7,0,0,0.000,0.000,0.03176,-0.000,0.000,-0.000,0.000,-0.000,0.000,-0.000,0.000,0.042,0.012,0.03443,0.039,0.011,0.03178,2
20415,84174,10,1,0,0,0,0,0,7,0,0,0.000,0.000,0.03171,-0.000,0.000,-0.000,0.000,-0.000,0.000,-0.000,0.000,0.042,0.012,0.03439,0.039,0.011,0.03176,2
20430,84184,10,1,0,0,0,0,0,7,0,0,0.000,0.000,0.03222,-0.000,0.000,-0.000,0.000,-0.000,0.000,-0.000,0.000,0.043,0.012,0.03489,0.039,0.011,0.03171,2
20430,84194,10,1,0,0,0,0,0,7,0,0,0.000,0.000,0.03239,-0.000,0.000,-0.000,0.000,-0.000,0.000,-0.000,0.000,0.043,0.012,0.03507,0.039,0.011,0.03222,2
20445,84204,10,1,0,0,0,0,0,7,0,0,0.000,0.000,0.03248,-0.000,0.000,-0.000,0.000,-0.000,0.000,-0.000,0.000,0.043,0.012,0.03516,0.040,0.011,0.03239,2
20461,84214,10,1,0,0,0,0,0,7,0,0,0.000,0.000,0.03255,-0.000,0.000,-0.000,0.000,-0.000,0.000,-0.000,0.000,0.043,0.012,0.03523,0.040,0.011,0.03248,2
20461,84224,10,1,0,0,0,0,0,7,0,0,0.000,0.000,0.03225,-0.000,0.000,-0.000,0.000,-0.000,0.000,-0.000,0.000,0.043,0.012,0.03493,0.040,0.011,0.03255,2
20476,84234,10,1,0,0,0,0,0,7,0,0,0.000,0.000,0.03234,-0.000,0.000,-0.000,0.000,-0.000,0.000,-0.000,0.000,0.043,0.012,0.03501,0.039,0.011,0.03225,2
20491,84244,10,1,0,0,0,0,0,7,0,0,0.000,0.000,0.03233,-0.000,0.000,-0.000,0.000,-0.000,0.000,-0.000,0.000,0.043,0.012,0.03501,0.040,0.011,0.03234,2
20491,84254,10,1,0,0,0,0,0,7,0,0,0.000,0.000,0.03234,-0.000,0.000,-0.000,0.000,-0.000,0.000,-0.000,0.000,0.043,0.012,0.03502,0.040,0.011,0.03233,2
20506,84264,10,1,0,0,0,0,0,7,0,0,0.000,0.000,0.03216,-0.000,0.000,-0.000,0.000,-0.000,0.000,-0.000,0.000,0.043,0.012,0.03484,0.040,0.011,0.03234,2
20522,84274,10,1,0,0,0,0,0,7,0,0,0.000,0.000,0.03232,-0.000,0.000,-0.000,0.000,-0.000,0.000,-0.000,0.000,0.043,0.012,0.03499,0.039,0.011,0.03216,2
20522,84284,10,1,0,0,0,0,0,7,0,0,0.000,0.000,0.03227,-0.000,0.000,-0.000,0.000,-0.000,0.000,-0.000,0.000,0.043,0.012,0.03494,0.039,0.011,0.03232,2
20537,84294,10,1,0,0,0,0,0,7,0,0,0.000,0.000,0.03214,-0.000,0.000,-0.000,0.000,-0.000,0.000,-0.000,0.000,0.043,0.012,0.03482,0.039,0.011,0.03227,2
20553,84304,10,1,0,0,0,0,0,7,0,0,0.000,0.000,0.03213,-0.000,0.000,-0.000,0.000,-0.000,0.000,-0.000,0.000,0.043,0.012,0.03480,0.039,0.011,0.03214,2
20553,84314,10,1,0,0,0,0,0,7,0,0,0.000,0.000,0.03204,-0.000,0.000,-0.000,0.000,-0.000,0.000,-0.000,0.000,0.042,0.012,0.03472,0.039,0.011,0.03213,2
20569,84324,10,1,0,0,0,0,0,7,0,0,0.000,0.000,0.03199,-0.000,0.000,-0.000,0.000,-0.000,0.000,-0.000,0.000,0.042,0.012,0.03467,0.039,0.011,0.03204,2
20585,84334,10,1,0,0,0,0,0,7,0,0,0.000,0.000,0.03216,-0.000,0.000,-0.000,0.000,-0.000,0.000,-0.000,0.000,0.043,0.012,0.03483,0.039,0.011,0.03199,2
20585,84344,10,1,0,0,0,0,0,7,0,0,0.000,0.000,0.03226,-0.000,0.000,-0.000,0.000,-0.000,0.000,-0.000,0.000,0.043,0.012,0.03493,0.039,0.011,0.03216,2
20600,84354,10,1,0,0,0,0,0,7,0,0,0.000,0.000,0.03251,-0.000,0.000,-0.000,0.000,-0.000,0.000,-0.000,0.000,0.043,0.012,0.03519,0.039,0.011,0.03226,2
20600,84364,10,1,0,0,0,0,0,7,0,0,0.000,0.000,0.03243,-0.000,0.000,-0.000,0.000,-0.000,0.000,-0.000,0.000,0.043,0.012,0.03510,0.040,0.011,0.03251,2
20615,84374,10,1,0,0,0,0,0,7,0,0,0.000,0.000,0.03223,-0.000,0.000,-0.000,0.000,-0.000,0.000,-0.000,0.000,0.043,0.012,0.03490,0.040,0.011,0.03243,2
20631,84384,10,1,0,0,0,0,0,7,0,0,0.000,0.000,0.03218,-0.000,0.000,-0.000,0.000,-0.000,0.000,-0.000,0.000,0.043,0.012,0.03486,0.039,0.011,0.03223,2
20631,84394,10,1,0,0,0,0,0,7,0,0,0.000,0.000,0.03214,-0.000,0.000,-0.000,0.000,-0.000,0.000,-0.000,0.000,0.043,0.012,0.03481,0.039,0.011,0.03218,2
20646,84404,10,1,0,0,0,0,0,7,0,0,0.000,0.000,0.03235,-0.000,0.000,-0.000,0.000,-0.000,0.000,-0.000,0.000,0.043,0.012,0.03503,0.039,0.011,0.03214,2
20662,84414,10,1,0,0,0,0,0,7,0,0,0.000,0.000,0.03225,-0.000,0.000,-0.000,0.000,-0.000,0.000,-0.000,0.000,0.043,0.012,0.03493,0.040,0.011,0.03235,2
20662,84424,10,1,0,0,0,0,0,7,0,0,0.000,0.000,0.03224,-0.000,0.000,-0.000,0.000,-0.000,0.000,-0.000,0.000,0.043,0.012,0.03491,0.039,0.011,0.03225,2
20677,84434,10,1,0,0,0,0,0,7,0,0,0.000,0.000,0.03216,-0.000,0.000,-0.000,0.000,-0.000,0.000,-0.000,0.000,0.043,0.012,0.03483,0.039,0.011,0.03224,2
20692,84444,10,1,0,0,0,0,0,7,0,0,0.000,0.000,0.03210,-0.000,0.000,-0.000,0.000,-0.000,0.000,-0.000,0.000,0.042,0.012,0.03477,0.039,0.011,0.03216,2
20692,84454,10,1,0,0,0,0,0,7,0,0,0.000,0.000,0.03200,-0.000,0.000,-0.000,0.000,-0.000,0.000,-0.000,0.000,0.042,0.012,0.03468,0.039,0.011,0.03210,2
20709,84464,10,1,0,0,0,0,0,7,0,0,0.000,0.000,0.03211,-0.000,0.000,-0.000,0.000,-0.000,0.000,-0.000,0.000,0.043,0.012,0.03479,0.039,0.011,0.03200,2
20724,84474,10,1,0,0,0,0,0,7,0,0,0.000,0.000,0.03223,-0.000,0.000,-0.000,0.000,-0.000,0.000,-0.000,0.000,0.043,0.012,0.03491,0.039,0.011,0.03211,2
20724,84484,10,1,0,0,0,0,0,7,0,0,0.000,0.000,0.03233,-0.000,0.000,-0.000,0.000,-0.000,0.000,-0.000,0.000,0.043,0.012,0.03500,0.039,0.011,0.03223,2
20739,84494,10,1,0,0,0,0,0,7,0,0,0.000,0.000,0.03250,-0.000,0.000,-0.000,0.000,-0.000,0.000,-0.000,0.000,0.043,0.012,0.03517,0.039,0.011,0.03233,2
20739,84504,10,1,0,0,0,0,0,7,0,0,0.000,0.000,0.03255,-0.000,0.000,-0.000,0.000,-0.000,0.000,-0.000,0.000,0.043,0.012,0.03523,0.040,0.011,0.03250,2
20755,84514,10,1,0,0,0,0,0,7,0,0,0.000,0.000,0.03270,-0.000,0.000,-0.000,0.000,-0.000,0.000,-0.000,0.000,0.043,0.012,0.03537,0.040,0.011,0.03255,2
20770,84524,10,1,0,0,0,0,0,7,0,0,0.000,0.000,0.03261,-0.000,0.000,-0.000,0.000,-0.000,0.000,-0.000,0.000,0.043,0.012,0.03529,0.040,0.011,0.03270,2
20770,84534,10,1,0,0,0,0,0,7,0,0,0.000,0.000,0.03247,-0.000,0.000,-0.000,0.000,-0.000,0.000,-0.000,0.000,0.043,0.012,0.03515,0.040,0.011,0.03261,2
20787,84544,10,1,0,0,0,0,0,7,0,0,0.000,0.000,0.03228,-0.000,0.000,-0.000,0.000,-0.000,0.000,-0.000,0.000,0.043,0.012,0.03495,0.040,0.011,0.03247,2
20802,84554,10,1,0,0,0,0,0,7,0,0,0.000,0.000,0.03224,-0.000,0.000,-0.000,0.000,-0.000,0.000,-0.000,0.000,0.043,0.012,0.03492,0.039,0.011,0.03228,2
20802,84564,10,1,0,0,0,0,0,7,0,0,0.000,0.000,0.03215,-0.000,0.000,-0.000,0.000,-0.000,0.000,-0.000,0.000,0.043,0.012,0.03482,0.039,0.011,0.03224,2
20817,84574,10,1,0,0,0,0,0,7,0,0,0.000,0.000,0.03204,-0.000,0.000,-0.000,0.000,-0.000,0.000,-0.000,0.000,0.042,0.012,0.03472,0.039,0.011,0.03215,2
20833,84584,10,1,0,0,0,0,0,7,0,0,0.000,0.000,0.03199,-0.000,0.000,-0.000,0.000,-0.000,0.000,-0.000,0.000,0.042,0.012,0.03466,0.039,0.011,0.03204,2
20833,84594,10,1,0,0,0,0,0,7,0,0,0.000,0.000,0.03222,-0.000,0.000,-0.000,0.000,-0.000,0.000,-0.000,0.000,0.043,0.012,0.03489,0.039,0.011,0.03199,2
20850,84604,10,1,0,0,0,0,0,7,0,0,0.000,0.000,0.03219,-0.000,0.000,-0.000,0.000,-0.000,0.000,-0.000,0.000,0.043,0.012,0.03486,0.039,0.011,0.03222,2
20850,84614,10,1,0,0,0,0,0,7,0,0,0.000,0.000,0.03209,-0.000,0.000,-0.000,0.000,-0.000,0.000,-0.000,0.000,0.042,0.012,0.03477,0.039,0.011,0.03219,2
20866,84624,10,1,0,0,0,0,0,7,0,0,0.000,0.000,0.03197,-0.000,0.000,-0.000,0.000,-0.000,0.000,-0.000,0.000,0.042,0.012,0.03464,0.039,0.011,0.03209,2
20881,84634,10,1,0,0,0,0,0,7,0,0,0.000,0.000,0.03202,-0.000,0.000,-0.000,0.000,-0.000,0.000,-0.000,0.000,0.042,0.012,0.03469,0.039,0.011,0.03197,2
20881,84644,10,1,0,0,0,0,0,7,0,0,0.000,0.000,0.03210,-0.000,0.000,-0.000,0.000,-0.000,0.000,-0.000,0.000,0.042,0.012,0.03477,0.039,0.011,0.03202,2
20897,84654,10,1,0,0,0,0,0,7,0,0,0.000,0.000,0.03225,-0.000,0.000,-0.000,0.000,-0.000,0.000,-0.000,0.000,0.043,0.012,0.03493,0.039,0.011,0.03210,2
20912,84664,10,1,0,0,0,0,0,7,0,0,0.000,0.000,0.03210,-0.000,0.000,-0.000,0.000,-0.000,0.000,-0.000,0.000,0.042,0.012,0.03477,0.039,0.011,0.03225,2
20912,84674,10,1,0,0,0,0,0,7,0,0,0.000,0.000,0.03202,-0.000,0.000,-0.000,0.000,-0.000,0.000,-0.000,0.000,0.042,0.012,0.03470,0.039,0.011,0.03210,2
20927,84684,10,1,0,0,0,0,0,7,0,0,0.000,0.000,0.03219,-0.000,0.000,-0.000,0.000,-0.000,0.000,-0.000,0.000,0.043,0.012,0.03487,0.039,0.011,0.03202,2
20943,84694,10,1,0,0,0,0,0,7,0,0,0.000,0.000,0.03240,-0.000,0.000,-0.000,0.000,-0.000,0.000,-0.000,0.000,0.043,0.012,0.03508,0.039,0.011,0.03219,2
20943,84704,10,1,0,0,0,0,0,7,0,0,0.000,0.000,0.03243,-0.000,0.000,-0.000,0.000,-0.000,0.000,-0.000,0.000,0.043,0.012,0.03510,0.040,0.011,0.03240,2
20974,84714,10,1,0,0,0,0,0,7,0,0,0.000,0.000,0.03276,-0.000,0.000,-0.000,0.000,-0.000,0.000,-0.000,0.000,0.043,0.012,0.03544,0.040,0.011,0.03243,2
20974,84724,10,1,0,0,0,0,0,7,0,0,0.000,0.000,0.03268,-0.000,0.000,-0.000,0.000,-0.000,0.000,-0.000,0.000,0.043,0.012,0.03535,0.040,0.011,0.03276,2
20974,84734,10,1,0,0,0,0,0,7,0,0,0.000,0.000,0.03249,-0.000,0.000,-0.000,0.000,-0.000,0.000,-0.000,0.000,0.043,0.012,0.03517,0.040,0.011,0.03268,2
21005,84744,10,1,0,0,0,0,0,7,0,0,0.000,0.000,0.03259,-0.000,0.000,-0.000,0.000,-0.000,0.000,-0.000,0.000,0.043,0.012,0.03526,0.040,0.011,0.03249,2
21005,84754,10,1,0,0,0,0,0,7,0,0,0.000,0.000,0.03244,-0.000,0.000,-0.000,0.000,-0.000,0.000,-0.000,0.000,0.043,0.012,0.03511,0.040,0.011,0.03259,2
21005,84764,10,1,0,0,0,0,0,7,0,0,0.000,0.000,0.03242,-0.000,0.000,-0.000,0.000,-0.000,0.000,-0.000,0.000,0.043,0.012,0.03509,0.040,0.011,0.03244,2
21036,84774,10,1,0,0,0,0,0,7,0,0,0.000,0.000,0.03245,-0.000,0.000,-0.000,0.000,-0.000,0.000,-0.000,0.000,0.043,0.012,0.03512,0.040,0.011,0.03242,2
21036,84784,10,1,0,0,0,0,0,7,0,0,0.000,0.000,0.03235,-0.000,0.000,-0.000,0.000,-0.000,0.000,-0.000,0.000,0.043,0.012,0.03502,0.040,0.011,0.03245,2
21036,84794,10,1,0,0,0,0,0,7,0,0,0.000,0.000,0.03218,-0.000,0.000,-0.000,0.000,-0.000,0.000,-0.000,0.000,0.043,0.012,0.03486,0.040,0.011,0.03235,2
21052,84804,10,1,0,0,0,0,0,7,0,0,0.000,0.000,0.03214,-0.000,0.000,-0.000,0.000,-0.000,0.000,-0.000,0.000,0.043,0.012,0.03481,0.039,0.011,0.03218,2
21052,84814,10,1,0,0,0,0,0,7,0,0,0.000,0.000,0.03170,-0.000,0.000,-0.000,0.000,-0.000,0.000,-0.000,0.000,0.042,0.012,0.03438,0.039,0.011,0.03214,2
21068,84824,10,1,0,0,0,0,0,7,0,0,0.000,0.000,0.03170,-0.000,0.000,-0.000,0.000,-0.000,0.000,-0.000,0.000,0.042,0.012,0.03437,0.039,0.011,0.03170,2
21083,84834,10,1,0,0,0,0,0,7,0,0,0.000,0.000,0.03176,-0.000,0.000,-0.000,0.000,-0.000,0.000,-0.000,0.000,0.042,0.012,0.03444,0.039,0.011,0.03170,2
21083,84844,10,1,0,0,0,0,0,7,0,0,0.000,0.000,0.03194,-0.000,0.000,-0.000,0.000,-0.000,0.000,-0.000,0.000,0.042,0.012,0.03461,0.039,0.011,0.03176,2
21099,84854,10,1,0,0,0,0,0,7,0,0,0.000,0.000,0.03206,-0.000,0.000,-0.000,0.000,-0.000,0.000,-0.000,0.000,0.042,0.012,0.03473,0.039,0.011,0.03194,2
21115,84864,10,1,0,0,0,0,0,7,0,0,0.000,0.000,0.03183,-0.000,0.000,-0.000,0.000,-0.000,0.000,-0.000,0.000,0.042,0.012,0.03451,0.039,0.011,0.03206,2
21115,84874,10,1,0,0,0,0,0,7,0,0,0.000,0.000,0.03183,-0.000,0.000,-0.000,0.000,-0.000,0.000,-0.000,0.000,0.042,0.012,0.03450,0.039,0.011,0.03183,2
21130,84884,10,1,0,0,0,0,0,7,0,0,0.000,0.000,0.03187,-0.000,0.000,-0.000,0.000,-0.000,0.000,-0.000,0.000,0.042,0.012,0.03455,0.039,0.011,0.03183,2
21130,84894,10,1,0,0,0,0,0,7,0,0,0.000,0.000,0.03180,-0.000,0.000,-0.000,0.000,-0.000,0.000,-0.000,0.000,0.042,0.012,0.03447,0.039,0.011,0.03187,2
21146,84904,10,1,0,0,0,0,0,7,0,0,0.000,0.000,0.03154,-0.000,0.000,-0.000,0.000,-0.000,0.000,-0.000,0.000,0.042,0.012,0.03421,0.039,0.011,0.03180,2
21162,84914,10,1,0,0,0,0,0,7,0,0,0.000,0.000,0.03167,-0.000,0.000,-0.000,0.000,-0.000,0.000,-0.000,0.000,0.042,0.012,0.03435,0.039,0.011,0.03154,2
21162,84924,10,1,0,0,0,0,0,7,0,0,0.000,0.000,0.03172,-0.000,0.000,-0.000,0.000,-0.000,0.000,-0.000,0.000,0.042,0.012,0.03440,0.039,0.011,0.03167,2
21178,84934,10,1,0,0,0,0,0,7,0,0,0.000,0.000,0.03170,-0.000,0.000,-0.000,0.000,-0.000,0.000,-0.000,0.000,0.042,0.012,0.03437,0.039,0.011,0.03172,2
21194,84944,10,1,0,0,0,0,0,7,0,0,0.000,0.000,0.03183,-0.000,0.000,-0.000,0.000,-0.000,0.000,-0.000,0.000,0.042,0.012,0.03450,0.039,0.011,0.03170,2
21194,84954,10,1,0,0,0,0,0,7,0,0,0.000,0.000,0.03190,-0.000,0.000,-0.000,0.000,-0.000,0.000,-0.000,0.000,0.042,0.012,0.03458,0.039,0.011,0.03183,2
21209,84964,10,1,0,0,0,0,0,7,0,0,0.000,0.000,0.03199,-0.000,0.000,-0.000,0.000,-0.000,0.000,-0.000,0.000,0.042,0.012,0.03467,0.039,0.011,0.03190,2
21225,84974,10,1,0,0,0,0,0,7,0,0,0.000,0.000,0.03201,-0.000,0.000,-0.000,0.000,-0.000,0.000,-0.000,0.000,0.042,0.012,0.03469,0.039,0.011,0.03199,2
21225,84984,10,1,0,0,0,0,0,7,0,0,0.000,0.000,0.03198,-0.000,0.000,-0.000,0.000,-0.000,0.000,-0.000,0.000,0.042,0.012,0.03465,0.039,0.011,0.03201,2
21240,84994,10,1,0,0,0,0,0,7,0,0,0.000,0.000,0.03187,-0.000,0.000,-0.000,0.000,-0.000,0.000,-0.000,0.000,0.042,0.012,0.03455,0.039,0.011,0.03198,2
21240,85004,10,1,0,0,0,0,0,7,0,0,0.000,0.000,0.03185,-0.000,0.000,-0.000,0.000,-0.000,0.000,-0.000,0.000,0.042,0.012,0.03453,0.039,0.011,0.03187,2
21255,85014,10,1,0,0,0,0,0,7,0,0,0.000,0.000,0.03165,-0.000,0.000,-0.000,0.000,-0.000,0.000,-0.000,0.000,0.042,0.012,0.03432,0.039,0.011,0.03185,2
21270,85024,10,1,0,0,0,0,0,7,0,0,0.000,0.000,0.03144,-0.000,0.000,-0.000,0.000,-0.000,0.000,-0.000,0.000,0.042,0.012,0.03411,0.039,0.011,0.03165,2
21270,85034,10,1,0,0,0,0,0,7,0,0,0.000,0.000,0.03151,-0.000,0.000,-0.000,0.000,-0.000,0.000,-0.000,0.000,0.042,0.012,0.03419,0.038,0.011,0.03144,2
21287,85044,10,1,0,0,0,0,0,7,0,0,0.000,0.000,0.03158,-0.000,0.000,-0.000,0.000,-0.000,0.000,-0.000,0.000,0.042,0.012,0.03426,0.039,0.011,0.03151,2
21303,85054,10,1,0,0,0,0,0,7,0,0,0.000,0.000,0.03186,-0.000,0.000,-0.000,0.000,-0.000,0.000,-0.000,0.000,0.042,0.012,0.03453,0.039,0.011,0.03158,2
21303,85064,10,1,0,0,0,0,0,7,0,0,0.000,0.000,0.03207,-0.000,0.000,-0.000,0.000,-0.000,0.000,-0.000,0.000,0.042,0.012,0.03475,0.039,0.011,0.03186,2
21318,85074,10,1,0,0,0,0,0,7,0,0,0.000,0.000,0.03201,-0.000,0.000,-0.000,0.000,-0.000,0.000,-0.000,0.000,0.042,0.012,0.03468,0.039,0.011,0.03207,2
21334,85084,10,1,0,0,0,0,0,7,0,0,0.000,0.000,0.03203,-0.000,0.000,-0.000,0.000,-0.000,0.000,-0.000,0.000,0.042,0.012,0.03470,0.039,0.011,0.03201,2
21334,85094,10,1,0,0,0,0,0,7,0,0,0.000,0.000,0.03193,-0.000,0.000,-0.000,0.000,-0.000,0.000,-0.000,0.000,0.042,0.012,0.03461,0.039,0.011,0.03203,2
21349,85104,10,1,0,0,0,0,0,7,0,0,0.000,0.000,0.03179,-0.000,0.000,-0.000,0.000,-0.000,0.000,-0.000,0.000,0.042,0.012,0.03446,0.039,0.011,0.03193,2
21364,85114,10,1,0,0,0,0,0,7,0,0,0.000,0.000,0.03188,-0.000,0.000,-0.000,0.000,-0.000,0.000,-0.000,0.000,0.042,0.012,0.03456,0.039,0.011,0.03179,2
21364,85124,10,1,0,0,0,0,0,7,0,0,0.000,0.000,0.03196,-0.000,0.000,-0.000,0.000,-0.000,0.000,-0.000,0.000,0.042,0.012,0.03464,0.039,0.011,0.03188,2
21381,85134,10,1,0,0,0,0,0,7,0,0,0.000,0.000,0.03186,-0.000,0.000,-0.000,0.000,-0.000,0.000,-0.000,0.000,0.042,0.012,0.03454,0.039,0.011,0.03196,2
21381,85144,10,1,0,0,0,0,0,7,0,0,0.000,0.000,0.03201,-0.000,0.000,-0.000,0.000,-0.000,0.000,-0.000,0.000,0.042,0.012,0.03468,0.039,0.011,0.03186,2
21396,85154,10,1,0,0,0,0,0,7,0,0,0.000,0.000,0.03187,-0.000,0.000,-0.000,0.000,-0.000,0.000,-0.000,0.000,0.042,0.012,0.03455,0.039,0.011,0.03201,2
21411,85164,10,1,0,0,0,0,0,7,0,0,0.000,0.000,0.03170,-0.000,0.000,-0.000,0.000,-0.000,0.000,-0.000,0.000,0.042,0.012,0.03438,0.039,0.011,0.03187,2
21411,85174,10,1,0,0,0,0,0,7,0,0,0.000,0.000,0.03169,-0.000,0.000,-0.000,0.000,-0.000,0.000,-0.000,0.000,0.042,0.012,0.03437,0.039,0.011,0.03170,2
21427,85184,10,1,0,0,0,0,0,7,0,0,0.000,0.000,0.03162,-0.000,0.000,-0.000,0.000,-0.000,0.000,-0.000,0.000,0.042,0.012,0.03430,0.039,0.011,0.03169,2
21442,85194,10,1,0,0,0,0,0,7,0,0,0.000,0.000,0.03165,-0.000,0.000,-0.000,0.000,-0.000,0.000,-0.000,0.000,0.042,0.012,0.03433,0.039,0.011,0.03162,2
21442,85204,10,1,0,0,0,0,0,7,0,0,0.000,0.000,0.03154,-0.000,0.000,-0.000,0.000,-0.000,0.000,-0.000,0.000,0.042,0.012,0.03422,0.039,0.011,0.03165,2
21458,85214,10,1,0,0,0,0,0,7,0,0,0.000,0.000,0.03181,-0.000,0.000,-0.000,0.000,-0.000,0.000,-0.000,0.000,0.042,0.012,0.03449,0.039,0.011,0.03154,2
21474,85224,10,1,0,0,0,0,0,7,0,0,0.000,0.000,0.03218,-0.000,0.000,-0.000,0.000,-0.000,0.000,-0.000,0.000,0.043,0.012,0.03485,0.039,0.011,0.03181,2
21474,85234,10,1,0,0,0,0,0,7,0,0,0.000,0.000,0.03194,-0.000,0.000,-0.000,0.000,-0.000,0.000,-0.000,0.000,0.042,0.012,0.03462,0.039,0.011,0.03218,2
21489,85244,10,1,0,0,0,0,0,7,0,0,0.000,0.000,0.03192,-0.000,0.000,-0.000,0.000,-0.000,0.000,-0.000,0.000,0.042,0.012,0.03459,0.039,0.011,0.03194,2
21505,85254,10,1,0,0,0,0,0,7,0,0,0.000,0.000,0.03199,-0.000,0.000,-0.000,0.000,-0.000,0.000,-0.000,0.000,0.042,0.012,0.03466,0.039,0.011,0.03192,2
21505,85264,10,1,0,0,0,0,0,7,0,0,0.000,0.000,0.03203,-0.000,0.000,-0.000,0.000,-0.000,0.000,-0.000,0.000,0.042,0.012,0.03470,0.039,0.011,0.03199,2
21535,85274,10,1,0,0,0,0,0,7,0,0,0.000,0.000,0.03209,-0.000,0.000,-0.000,0.000,-0.000,0.000,-0.000,0.000,0.042,0.012,0.03476,0.039,0.011,0.03203,2
21535,85284,10,1,0,0,0,0,0,7,0,0,0.000,0.000,0.03209,-0.000,0.000,-0.000,0.000,-0.000,0.000,-0.000,0.000,0.042,0.012,0.03476,0.039,0.011,0.03209,2
21535,85294,10,1,0,0,0,0,0,7,0,0,0.000,0.000,0.03225,-0.000,0.000,-0.000,0.000,-0.000,0.000,-0.000,0.000,0.043,0.012,0.03492,0.039,0.011,0.03209,2
21567,85304,10,1,0,0,0,0,0,7,0,0,0.000,0.000,0.03210,-0.000,0.000,-0.000,0.000,-0.000,0.000,-0.000,0.000,0.042,0.012,0.03478,0.039,0.011,0.03225,2
21567,85314,10,1,0,0,0,0,0,7,0,0,0.000,0.000,0.03216,-0.000,0.000,-0.000,0.000,-0.000,0.000,-0.000,0.000,0.043,0.012,0.03484,0.039,0.011,0.03210,2
21567,85324,10,1,0,0,0,0,0,7,0,0,0.000,0.075,0.03216,-0.000,0.000,-0.000,0.000,-0.000,0.000,-0.000,0.000,0.118,0.012,0.03484,0.039,0.011,0.03216,2
21598,85334,10,1,0,0,0,0,0,7,0,0,0.000,0.000,0.03217,-0.000,0.000,-0.000,0.000,-0.000,0.000,-0.000,0.000,0.043,0.012,0.03484,0.115,0.011,0.03216,2
21598,85344,10,1,0,0,0,0,0,7,0,0,0.000,0.000,0.03207,-0.000,0.000,-0.000,0.000,-0.000,0.000,-0.000,0.000,0.042,0.012,0.03475,0.039,0.011,0.03217,2
21598,85354,10,1,0,0,0,0,0,7,0,0,0.000,0.000,0.03196,-0.000,0.000,-0.000,0.000,-0.000,0.000,-0.000,0.000,0.042,0.012,0.03463,0.039,0.011,0.03207,2
21614,85364,10,1,0,0,0,0,0,7,0,0,0.000,0.000,0.03187,-0.000,0.000,-0.000,0.000,-0.000,0.000,-0.000,0.000,0.042,0.012,0.03455,0.039,0.011,0.03196,2
21614,85374,10,1,0,0,0,0,0,7,0,0,0.000,0.000,0.03190,-0.000,0.000,-0.000,0.000,-0.000,0.000,-0.000,0.000,0.042,0.012,0.03457,0.039,0.011,0.03187,2
21631,85384,10,1,0,0,0,0,0,7,0,0,0.000,0.000,0.03177,-0.000,0.000,-0.000,0.000,-0.000,0.000,-0.000,0.000,0.042,0.012,0.03445,0.039,0.011,0.03190,2
21631,85394,10,1,0,0,0,0,0,7,0,0,0.000,0.000,0.03180,-0.000,0.000,-0.000,0.000,-0.000,0.000,-0.000,0.000,0.042,0.012,0.03448,0.039,0.011,0.03177,2
21645,85404,10,1,0,0,1,0,0,7,0,0,0.000,0.000,0.03188,-0.000,0.000,-0.000,0.000,-0.000,0.000,-0.000,0.000,0.042,0.012,0.03456,0.039,0.011,0.03180,0
21661,85414,10,1,0,0,1,0,0,7,0,0,0.000,0.000,0.03172,-0.000,0.000,-0.000,0.000,-0.000,0.000,-0.000,0.000,0.042,0.012,0.03440,0.039,0.011,0.03188,0
21661,85424,10,2,2,0,1,1,0,0,3000,3000,0.000,0.000,0.03144,-0.000,0.000,-0.000,0.000,-0.000,0.000,-0.000,0.000,0.042,0.012,0.03412,0.039,0.011,0.03172,0
21693,85434,10,2,2,0,1,1,0,0,3000,3000,0.000,0.000,0.03154,-0.000,0.000,-0.000,0.000,-0.000,0.000,-0.000,0.000,0.042,0.012,0.03421,0.038,0.011,0.03144,0
21693,85444,10,2,2,0,1,1,0,0,3000,3000,0.000,0.000,0.03800,1.617,0.519,0.692,1.037,1.556,0.864,1.037,1.556,0.050,0.014,0.04068,0.039,0.011,0.03154,0
21693,85454,10,2,2,0,1,1,0,0,3000,3000,0.080,0.000,0.07669,4.273,1.037,0.692,1.037,4.668,1.902,3.112,4.668,0.097,0.107,0.07937,0.046,0.013,0.03800,0
21723,85464,10,2,2,0,1,1,0,0,3000,3000,0.235,0.000,0.11633,4.364,1.037,0.692,1.556,7.261,3.458,5.705,7.261,0.146,0.276,0.11901,0.094,0.107,0.07669,0
21723,85474,10,2,2,0,1,1,0,0,3000,3000,0.625,0.000,0.14242,1.190,1.037,0.692,2.075,9.336,5.705,8.818,9.336,0.179,0.675,0.14509,0.143,0.275,0.11633,0
21723,85484,10,2,2,0,1,1,0,0,3000,3000,1.015,0.000,0.10705,-4.273,2.075,1.037,2.593,9.336,7.953,9.855,9.855,0.136,1.053,0.10973,0.175,0.675,0.14242,0
21738,85494,10,2,2,0,1,1,0,0,3000,3000,1.640,0.195,0.04024,-6.958,2.593,1.037,2.593,10.374,9.336,10.374,10.374,0.250,1.655,0.04291,0.133,1.052,0.10705,0
21754,85504,10,2,2,0,1,1,0,0,3000,3000,2.261,0.426,-0.04027,-8.179,2.593,1.037,3.112,11.411,9.682,11.411,11.411,0.383,2.247,-0.03760,0.247,1.654,0.04024,0
21754,85514,10,2,2,0,1,1,0,0,3000,3000,3.121,0.585,-0.12057,-7.538,3.112,1.383,3.631,12.448,9.682,12.448,12.448,0.443,3.080,-0.11790,0.379,2.247,-0.04027,0
21785,85524,10,2,2,0,1,1,0,0,3000,3000,3.897,0.585,-0.18719,-6.134,4.149,1.383,4.149,12.967,9.682,12.967,12.967,0.360,3.832,-0.18452,0.440,3.079,-0.12057,0
21785,85534,10,2,2,0,1,1,0,0,3000,3000,4.757,0.585,-0.22764,-3.418,5.187,1.729,5.187,14.523,9.682,14.004,14.523,0.307,4.678,-0.22496,0.356,3.831,-0.18719,0
21785,85544,10,2,2,0,1,1,0,0,3000,3000,5.807,0.585,-0.24283,-0.732,6.224,2.420,6.224,15.560,9.682,15.042,15.560,0.284,5.723,-0.24016,0.304,4.677,-0.22764,0
21816,85554,10,2,2,0,1,1,0,0,3000,3000,6.703,0.585,-0.22655,2.319,7.261,2.939,7.261,16.079,10.028,16.079,16.079,0.301,6.624,-0.22387,0.281,5.722,-0.24283,0
21816,85564,10,2,2,0,1,1,0,0,3000,3000,7.678,0.585,-0.19532,3.845,8.299,2.939,8.299,17.116,10.546,17.116,17.116,0.335,7.610,-0.19264,0.297,6.623,-0.22655,0
21816,85574,10,2,2,0,1,1,0,0,3000,3000,8.689,0.585,-0.15924,3.723,9.855,3.285,9.336,18.154,10.892,18.154,18.154,0.376,8.634,-0.15656,0.332,7.610,-0.19532,0
21832,85584,10,2,2,0,1,1,0,0,3000,3000,10.014,0.585,-0.13791,1.801,10.892,3.977,10.892,19.710,11.238,19.191,19.710,0.399,9.967,-0.13523,0.372,8.633,-0.15924,0
21832,85594,10,2,2,0,1,1,0,0,3000,3000,11.225,0.585,-0.12863,1.190,12.448,4.668,12.448,20.747,11.584,20.747,20.747,0.407,11.180,-0.12595,0.395,9.966,-0.13791,0
21863,85604,10,2,2,0,1,1,0,0,3000,3000,12.665,0.585,-0.12056,0.855,14.004,5.187,14.004,22.303,11.930,21.784,22.303,0.414,12.624,-0.11788,0.404,11.180,-0.12863,0
21863,85614,10,2,2,0,1,1,0,0,3000,3000,13.836,0.585,-0.11850,0.366,15.560,5.533,15.042,23.859,12.621,23.340,23.859,0.414,13.795,-0.11582,0.410,12.623,-0.12056,0
21863,85624,10,2,2,0,1,1,0,0,3000,3000,15.237,0.585,-0.11871,-0.000,16.598,5.878,16.598,24.896,13.140,24.896,24.896,0.411,15.196,-0.11603,0.410,13.794,-0.11850,0
21895,85634,10,2,2,0,1,1,0,0,3000,3000,16.717,0.585,-0.12450,-0.305,18.154,6.224,18.154,26.971,13.831,26.453,26.971,0.401,16.675,-0.12182,0.407,15.195,-0.11871,0
21895,85644,10,2,2,0,1,1,0,0,3000,3000,18.313,0.585,-0.13399,-0.916,20.228,7.261,19.710,28.527,14.177,28.009,28.527,0.386,18.267,-0.13131,0.397,16.674,-0.12450,0
21895,85654,10,2,2,0,1,1,0,0,3000,3000,19.874,0.585,-0.14605,-0.946,21.784,7.780,21.784,30.083,14.869,30.083,30.083,0.367,19.823,-0.14337,0.382,18.266,-0.13399,0
21925,85664,10,2,2,0,1,1,0,0,3000,3000,21.549,0.585,-0.14659,0.549,23.859,8.126,23.340,31.639,15.215,31.639,31.639,0.363,21.499,-0.14392,0.363,19.822,-0.14605,0
21925,85674,10,2,2,0,1,1,0,0,3000,3000,23.420,0.585,-0.13788,1.312,25.415,8.472,25.415,33.714,16.079,33.714,33.714,0.369,23.373,-0.13520,0.358,21.498,-0.14659,0
21925,85684,10,2,2,0,1,1,0,0,3000,3000,25.561,0.585,-0.12970,0.946,27.490,8.818,26.971,35.789,16.771,35.270,35.789,0.374,25.517,-0.12703,0.364,23.372,-0.13788,0
21942,85694,10,2,2,0,1,1,0,0,3000,3000,27.667,0.585,-0.12996,-0.000,29.565,9.509,29.046,37.863,17.462,37.345,37.863,0.369,27.622,-0.12728,0.369,25.516,-0.12970,0
21942,85704,10,2,2,0,1,1,0,0,3000,3000,29.538,0.585,-0.13386,-0.305,31.639,10.719,31.121,39.419,17.462,39.419,39.419,0.360,29.492,-0.13118,0.364,27.622,-0.12996,0
21972,85714,10,2,2,0,1,1,0,0,3000,3000,31.564,0.585,-0.13937,-0.488,33.714,11.757,33.195,41.494,18.327,41.494,41.494,0.348,31.516,-0.13669,0.355,29.491,-0.13386,0
21972,85724,10,2,2,0,1,1,0,0,3000,3000,33.785,0.585,-0.14507,-0.397,36.307,12.448,35.270,43.569,19.364,43.569,43.569,0.336,33.735,-0.14240,0.344,31.515,-0.13937,0
21972,85734,10,2,2,0,1,1,0,0,3000,3000,36.006,0.585,-0.14479,0.549,38.382,12.967,37.863,46.162,20.401,46.162,46.162,0.331,35.956,-0.14211,0.331,33.734,-0.14507,0
21988,85744,10,2,2,0,1,1,0,0,3000,3000,38.147,0.585,-0.13818,0.977,40.975,13.313,39.938,48.237,20.920,48.756,48.756,0.334,38.099,-0.13551,0.326,35.955,-0.14479,0
22018,85754,10,2,2,0,1,1,0,0,3000,3000,40.523,0.661,-0.12849,0.916,43.050,14.350,42.532,50.830,21.612,51.349,51.349,0.415,40.479,-0.12582,0.329,38.099,-0.13818,0
22018,85764,10,2,2,0,1,1,0,0,3000,3000,42.665,0.780,-0.12643,-0.000,45.644,15.387,45.125,53.424,22.303,53.424,53.424,0.533,42.621,-0.12375,0.410,40.478,-0.12849,0
22018,85774,10,2,2,0,1,1,0,0,3000,3000,45.276,0.856,-0.12188,0.824,48.237,16.252,47.718,56.017,23.340,56.017,56.017,0.608,45.234,-0.11920,0.528,42.620,-0.12643,0
22034,85784,10,2,2,0,1,1,0,0,3000,3000,47.266,0.856,-0.10364,2.136,50.830,17.289,50.312,58.092,23.859,58.610,58.610,0.627,47.231,-0.10097,0.603,45.233,-0.12188,0
22034,85794,10,2,2,0,1,1,0,0,3000,3000,49.758,0.856,-0.07267,3.296,53.942,18.154,52.905,61.204,24.896,61.204,61.204,0.661,49.733,-0.06999,0.621,47.230,-0.10364,0
22050,85804,10,2,2,0,1,1,0,0,3000,3000,52.289,0.856,-0.03578,3.540,56.536,18.845,56.017,63.279,26.107,63.797,63.797,0.704,52.278,-0.03310,0.655,49.733,-0.07267,0
22050,85814,10,2,2,0,1,1,0,0,3000,3000,54.940,0.935,-0.00098,3.449,59.648,20.228,58.610,66.391,27.144,66.391,66.391,0.825,54.941,0.00170,0.698,52.277,-0.03578,0
22066,85824,10,2,2,0,1,1,0,0,3000,3000,57.551,0.856,0.02759,2.838,62.760,21.093,61.723,68.984,28.181,68.984,68.984,0.781,57.562,0.03027,0.819,54.940,-0.00098,0
22081,85834,10,2,2,0,1,1,0,0,3000,3000,60.357,0.935,0.04385,1.587,65.353,22.130,64.316,71.577,28.700,72.096,72.096,0.883,60.374,0.04653,0.775,57.561,0.02759,0
22081,85844,10,2,2,0,1,1,0,0,3000,3000,63.354,0.935,0.05654,1.343,68.465,23.168,67.428,74.689,29.392,74.689,74.689,0.901,63.375,0.05921,0.877,60.373,0.04385,0
22097,85854,10,2,2,0,1,1,0,0,3000,3000,66.435,0.935,0.07098,1.312,71.577,24.032,70.540,77.283,30.083,77.802,77.802,0.922,66.461,0.07366,0.895,63.374,0.05654,0
22113,85864,10,2,2,0,1,1,0,0,3000,3000,69.356,0.935,0.08466,1.068,74.171,24.724,73.652,80.395,31.294,80.395,80.395,0.943,69.387,0.08733,0.916,66.460,0.07098,0
22113,85874,10,2,2,0,1,1,0,0,3000,3000,72.278,0.935,0.09737,1.129,77.283,25.934,76.764,82.988,32.677,83.507,83.507,0.963,72.313,0.10004,0.937,69.386,0.08466,0
22145,85884,10,2,2,0,1,1,0,0,3000,3000,75.044,0.935,0.10733,0.855,80.395,26.971,79.358,86.100,33.887,86.619,86.619,0.981,75.083,0.11000,0.957,72.312,0.09737,0
22145,85894,10,2,2,0,1,1,0,0,3000,3000,77.930,1.091,0.11208,0.427,83.507,28.009,82.988,89.212,34.578,89.731,89.731,1.147,77.970,0.11475,0.974,75.082,0.10733,0
22145,85904,10,2,2,0,1,1,0,0,3000,3000,81.047,1.206,0.11513,-0.000,87.138,29.219,86.100,92.324,35.616,92.843,92.843,1.273,81.087,0.11780,1.140,77.969,0.11208,0
22176,85914,10,2,2,0,1,1,0,0,3000,3000,84.163,1.206,0.11926,0.488,90.250,30.256,89.212,95.437,36.480,95.955,95.955,1.284,84.205,0.12194,1.265,81.087,0.11513,0
22176,85924,10,2,2,0,1,1,0,0,3000,3000,87.005,1.286,0.12954,0.946,93.362,31.466,92.324,98.549,37.863,99.067,99.067,1.383,87.050,0.13222,1.277,84.204,0.11926,0
22176,85934,10,2,2,0,1,1,0,0,3000,3000,90.006,1.286,0.14587,1.495,96.474,32.504,95.437,101.661,39.074,102.179,102.179,1.410,90.057,0.14854,1.375,87.049,0.12954,0
22192,85944,10,2,2,0,1,1,0,0,3000,3000,93.202,1.286,0.16481,1.953,99.586,33.714,98.549,104.773,40.111,105.291,105.291,1.442,93.260,0.16748,1.403,90.056,0.14587,0
22192,85954,10,2,2,0,1,1,0,0,3000,3000,96.474,1.286,0.19053,2.564,102.698,34.751,102.179,108.403,40.803,108.403,108.403,1.484,96.541,0.19321,1.434,93.259,0.16481,0
22209,85964,10,2,2,0,1,1,0,0,3000,3000,99.670,1.286,0.21879,2.899,106.329,35.789,105.291,110.997,41.494,111.516,111.516,1.530,99.747,0.22147,1.476,96.540,0.19053,0
22239,85974,10,2,2,0,1,1,0,0,3000,3000,102.982,1.286,0.26550,2.869,109.441,36.653,108.922,114.109,42.359,114.628,114.628,1.601,103.074,0.26818,1.522,99.746,0.21879,0
22239,85984,10,2,2,0,1,1,0,0,3000,3000,106.138,1.286,0.29123,2.197,113.072,38.036,112.034,117.221,44.088,117.740,117.740,1.648,106.239,0.29391,1.593,103.073,0.26550,0
22239,85994,10,2,2,0,1,1,0,0,3000,3000,109.760,1.286,0.31834,2.686,116.702,39.247,115.665,120.852,45.298,120.852,120.852,1.701,109.870,0.32102,1.640,106.238,0.29123,0
22255,86004,10,2,2,0,1,1,0,0,3000,3000,112.606,1.286,0.34235,2.503,119.814,40.284,118.777,123.964,46.854,124.482,124.482,1.747,112.725,0.34503,1.692,109.870,0.31834,0
22255,86014,10,2,2,0,1,1,0,0,3000,3000,116.348,1.401,0.36502,2.228,122.926,41.494,122.408,127.076,47.891,127.595,127.595,1.913,116.473,0.36770,1.738,112.724,0.34235,0
22286,86024,10,2,2,0,1,1,0,0,3000,3000,119.854,1.596,0.38199,1.312,126.557,42.532,126.038,130.707,48.929,131.225,131.225,2.152,119.984,0.38466,1.904,116.472,0.36502,0
22286,86034,10,2,2,0,1,1,0,0,3000,3000,123.321,1.596,0.39222,0.824,129.669,43.915,129.151,133.819,49.274,134.337,134.337,2.188,123.454,0.39489,2.143,119.983,0.38199,0
22286,86044,10,2,2,0,1,1,0,0,3000,3000,126.828,1.676,0.40139,0.732,133.300,45.125,132.263,137.449,50.485,137.449,137.449,2.303,126.963,0.40407,2.179,123.453,0.39222,0
22317,86054,10,2,2,0,1,1,0,0,3000,3000,129.829,1.676,0.41024,0.610,136.931,46.508,135.893,140.561,52.041,140.561,140.561,2.336,129.968,0.41292,2.294,126.963,0.40139,0
22317,86064,10,2,2,0,1,1,0,0,3000,3000,133.176,1.676,0.41964,0.855,140.561,47.372,139.005,143.674,53.424,144.192,144.192,2.372,133.318,0.42231,2.326,129.967,0.41024,0
22317,86074,10,2,2,0,1,1,0,0,3000,3000,136.137,1.676,0.42634,0.763,143.674,48.410,142.636,147.304,54.634,147.304,147.304,2.402,136.281,0.42902,2.362,133.317,0.41964,0
22334,86084,10,2,2,0,1,0,0,4,0,0,139.763,1.751,0.43716,1.221,147.304,49.274,145.748,150.935,55.671,150.935,150.935,2.518,139.911,0.43984,2.392,136.280,0.42634,0
22334,86094,10,2,2,0,1,0,0,4,0,0,142.645,1.751,0.44525,0.549,150.416,50.312,149.379,154.047,56.709,154.047,154.047,2.550,142.795,0.44793,2.508,139.910,0.43716,0
22349,86104,10,2,2,0,1,0,0,4,0,0,146.426,1.831,0.44971,-0.000,152.491,51.003,150.935,155.603,56.709,156.122,156.122,2.665,146.577,0.45238,2.540,142.794,0.44525,0
22364,86114,10,2,2,0,1,0,0,4,0,0,149.778,1.906,0.44545,-0.793,153.528,51.003,151.972,156.640,56.709,157.678,157.678,2.762,149.926,0.44813,2.655,146.576,0.44971,0
22364,86124,10,2,2,0,1,0,0,4,0,0,152.894,2.066,0.43245,-1.862,154.047,51.003,152.491,157.159,56.709,158.715,158.715,2.929,153.037,0.43513,2.751,149.926,0.44545,0
22396,86134,10,2,2,0,1,0,0,4,0,0,155.856,2.141,0.38429,-6.378,154.566,51.003,154.047,158.196,56.709,159.234,159.234,2.967,155.981,0.38696,2.919,153.036,0.43245,0
22396,86144,10,2,2,0,1,0,0,4,0,0,157.957,2.221,0.32745,-4.791,154.566,51.003,156.640,160.271,56.709,160.790,160.790,2.990,158.063,0.33013,2.956,155.981,0.38429,0
22396,86154,10,2,2,0,1,0,0,4,0,0,159.828,2.221,0.30275,-2.258,156.122,51.003,158.715,162.865,56.709,163.383,163.383,2.970,159.925,0.30542,2.980,158.062,0.32745,0
22426,86164,10,2,2,0,1,0,0,4,0,0,161.778,2.221,0.27887,-2.777,157.678,51.003,159.752,164.421,56.709,165.458,165.458,2.951,161.867,0.28155,2.960,159.924,0.30275,0
22426,86174,10,2,2,0,1,0,0,4,0,0,163.609,2.416,0.24765,-3.693,159.234,51.003,161.309,166.495,56.709,167.533,167.533,3.117,163.687,0.25033,2.940,161.867,0.27887,0
22426,86184,10,2,2,0,1,0,0,4,0,0,164.935,2.611,0.21686,-3.113,160.790,51.003,162.865,168.051,56.709,168.570,168.570,3.279,165.001,0.21953,3.106,163.686,0.24765,0
22442,86194,10,2,2,0,1,0,0,4,0,0,166.416,2.842,0.18187,-4.059,161.827,51.003,163.902,169.607,56.709,170.126,170.126,3.472,166.469,0.18455,3.268,165.000,0.21686,0
22442,86204,10,2,2,0,1,0,0,4,0,0,167.386,3.037,0.13374,-5.249,162.865,51.003,164.939,170.645,56.709,171.163,171.163,3.611,167.422,0.13641,3.461,166.468,0.18187,0
22458,86214,10,2,2,0,1,0,0,4,0,0,168.127,3.312,0.09237,-3.693,163.902,51.003,165.977,171.682,56.709,172.201,172.201,3.837,168.148,0.09505,3.600,167.421,0.13374,0
22489,86224,10,2,2,0,1,0,0,4,0,0,168.672,3.467,0.06620,-2.564,164.421,51.003,166.495,172.201,57.054,172.719,172.719,3.961,168.684,0.06888,3.826,168.147,0.09237,0
22489,86234,10,2,2,0,1,0,0,4,0,0,169.142,3.467,0.04352,-2.441,164.421,51.003,167.014,172.719,57.054,173.238,173.238,3.934,169.146,0.04620,3.950,168.683,0.06620,0
22489,86244,10,2,2,0,1,0,0,4,0,0,169.452,3.467,0.02806,-1.434,164.421,51.003,167.014,173.238,57.054,173.238,173.238,3.915,169.451,0.03073,3.923,169.145,0.04352,0
22520,86254,10,2,2,0,1,0,0,4,0,0,169.687,3.467,0.03741,1.465,164.421,51.003,167.014,173.238,57.054,173.238,173.238,3.927,169.689,0.04008,3.904,169.450,0.02806,0
22520,86264,10,2,2,0,1,0,0,4,0,0,169.842,3.467,0.05986,1.801,164.939,51.003,167.533,173.238,57.227,173.238,173.238,3.954,169.852,0.06253,3.915,169.688,0.03741,0
22520,86274,10,2,2,0,1,0,0,4,0,0,169.842,3.467,0.07214,0.855,164.939,51.003,167.533,173.238,57.227,173.757,173.757,3.969,169.856,0.07481,3.943,169.851,0.05986,0
22520,86284,10,2,2,0,1,0,0,4,0,0,169.763,3.467,0.08415,1.068,164.939,51.003,167.533,173.238,57.227,173.757,173.757,3.984,169.780,0.08682,3.958,169.855,0.07214,0
22551,86294,10,2,2,0,1,0,0,4,0,0,169.842,3.467,0.09810,1.190,164.939,51.003,167.533,173.238,57.227,173.757,173.757,4.001,169.865,0.10077,3.973,169.780,0.08415,0
22551,86304,10,2,2,0,1,0,0,4,0,0,169.727,3.387,0.10793,0.702,164.939,51.003,167.533,173.238,57.227,173.757,173.757,3.933,169.753,0.11061,3.990,169.864,0.09810,0
22551,86314,10,2,2,0,1,0,0,4,0,0,169.687,3.387,0.11285,0.549,165.458,51.003,167.533,173.238,57.227,173.757,173.757,3.939,169.715,0.11552,3.922,169.753,0.10793,0
22582,86324,10,2,2,0,1,0,0,4,0,0,169.607,3.387,0.12298,1.404,165.458,51.003,167.533,173.238,57.227,173.757,173.757,3.951,169.639,0.12566,3.928,169.714,0.11285,0
22582,86334,10,2,2,0,1,0,0,4,0,0,169.607,3.312,0.13364,1.221,165.458,51.003,167.533,173.238,57.227,173.757,173.757,3.889,169.643,0.13632,3.940,169.638,0.12298,0
22582,86344,10,2,2,0,1,0,0,4,0,0,169.607,3.312,0.13928,0.702,165.458,51.003,167.533,173.238,57.227,173.757,173.757,3.896,169.645,0.14196,3.878,169.642,0.13364,0
22597,86354,10,2,2,0,1,0,0,4,0,0,169.452,3.312,0.14496,0.824,165.458,51.003,167.533,173.238,57.227,173.757,173.757,3.902,169.491,0.14763,3.884,169.644,0.13928,0
22613,86364,10,2,2,0,1,0,0,4,0,0,169.182,3.312,0.15057,0.732,165.458,51.003,167.533,173.238,57.227,173.757,173.757,3.908,169.223,0.15325,3.891,169.491,0.14496,0
22613,86374,10,2,2,0,1,0,0,4,0,0,168.947,3.312,0.15087,-0.000,165.458,51.003,167.533,173.238,57.227,173.757,173.757,3.908,168.988,0.15355,3.897,169.222,0.15057,0
22628,86384,10,2,2,0,1,0,0,4,0,0,168.712,3.312,0.14800,-0.000,165.458,51.003,167.533,173.238,57.227,173.757,173.757,3.904,168.752,0.15068,3.897,168.987,0.15087,0
22643,86394,10,2,2,0,1,0,0,4,0,0,168.402,3.312,0.14599,-0.000,165.458,51.003,167.533,173.238,57.227,173.757,173.757,3.901,168.441,0.14866,3.893,168.751,0.14800,0
22643,86404,10,2,2,0,1,0,0,4,0,0,168.246,3.312,0.14394,-0.000,165.458,51.003,167.533,173.238,57.227,173.757,173.757,3.898,168.285,0.14661,3.890,168.440,0.14599,0
22659,86414,10,2,2,0,1,0,0,4,0,0,168.167,3.312,0.14078,-0.244,165.458,51.003,167.533,173.238,57.227,173.757,173.757,3.894,168.204,0.14346,3.887,168.285,0.14394,0
22675,86424,10,2,2,0,1,0,0,4,0,0,168.167,3.312,0.13893,-0.000,165.458,51.003,167.533,173.238,57.227,173.757,173.757,3.891,168.204,0.14160,3.883,168.204,0.14078,0
22675,86434,10,2,2,0,1,0,0,4,0,0,168.087,3.312,0.14066,0.427,165.458,51.003,167.533,173.238,57.227,173.757,173.757,3.893,168.125,0.14334,3.880,168.203,0.13893,0
22691,86444,10,2,2,0,1,0,0,4,0,0,168.087,3.312,0.13876,-0.000,165.458,51.003,167.533,173.238,57.227,173.757,173.757,3.891,168.124,0.14144,3.882,168.124,0.14066,0
22691,86454,10,2,2,0,1,0,0,4,0,0,168.087,3.312,0.13730,-0.000,165.458,51.003,167.533,173.238,57.227,173.757,173.757,3.889,168.123,0.13997,3.880,168.123,0.13876,0
22707,86464,10,2,2,0,1,0,0,4,0,0,168.087,3.312,0.13603,-0.000,165.458,51.003,167.533,173.238,57.227,173.757,173.757,3.888,168.123,0.13871,3.878,168.123,0.13730,0
22722,86474,10,2,2,0,1,0,0,4,0,0,168.087,3.312,0.13530,-0.000,165.458,51.003,167.533,173.238,57.227,173.757,173.757,3.887,168.123,0.13798,3.877,168.122,0.13603,0
22722,86484,10,2,2,0,1,0,0,4,0,0,168.167,3.312,0.13267,-0.366,165.458,51.003,167.533,173.238,57.227,173.757,173.757,3.884,168.202,0.13535,3.876,168.122,0.13530,0
22738,86494,10,2,2,0,1,0,0,4,0,0,168.167,3.312,0.13276,-0.000,165.458,51.003,167.533,173.238,57.227,173.757,173.757,3.884,168.202,0.13544,3.873,168.201,0.13267,0
22769,86504,10,2,2,0,1,0,0,4,0,0,168.167,3.312,0.13450,-0.000,165.458,51.003,167.533,173.238,57.227,173.757,173.757,3.886,168.202,0.13718,3.873,168.201,0.13276,0
22769,86514,10,2,2,0,1,0,0,4,0,0,168.167,3.312,0.13638,-0.000,165.458,51.003,167.533,173.238,57.227,173.757,173.757,3.888,168.203,0.13905,3.875,168.202,0.13450,0
22769,86524,10,2,2,0,1,0,0,4,0,0,168.167,3.312,0.13817,-0.000,165.458,51.003,167.533,173.238,57.227,173.757,173.757,3.891,168.204,0.14084,3.877,168.202,0.13638,0
22799,86534,10,2,2,0,1,0,0,4,0,0,168.167,3.312,0.13961,-0.000,165.458,51.003,167.533,173.238,57.227,173.757,173.757,3.892,168.204,0.14228,3.879,168.203,0.13817,0
22799,86544,10,2,2,0,1,0,0,4,0,0,168.167,3.312,0.14135,-0.000,165.458,51.003,167.533,173.238,57.227,173.757,173.757,3.894,168.205,0.14403,3.881,168.203,0.13961,0
22799,86554,10,2,2,0,1,0,0,4,0,0,168.167,3.312,0.14327,-0.000,165.458,51.003,167.533,173.238,57.227,173.757,173.757,3.897,168.205,0.14595,3.883,168.204,0.14135,0
22815,86564,10,2,2,0,1,0,0,4,0,0,168.167,3.312,0.14490,-0.000,165.458,51.003,167.533,173.238,57.227,173.757,173.757,3.899,168.206,0.14758,3.886,168.205,0.14327,0
22815,86574,10,2,2,0,1,0,0,4,0,0,168.167,3.312,0.14607,-0.000,165.458,51.003,167.533,173.238,57.227,173.757,173.757,3.900,168.206,0.14874,3.888,168.205,0.14490,0
22831,86584,10,2,2,0,1,0,0,4,0,0,168.167,3.312,0.14756,-0.000,165.458,51.003,167.533,173.238,57.227,173.757,173.757,3.902,168.207,0.15023,3.889,168.206,0.14607,0
22831,86594,10,2,2,0,1,0,0,4,0,0,168.167,3.312,0.14701,-0.000,165.458,51.003,167.533,173.238,57.227,173.757,173.757,3.901,168.207,0.14969,3.891,168.206,0.14756,0
22847,86604,10,2,2,0,1,0,0,4,0,0,168.167,3.312,0.14618,-0.000,165.458,51.003,167.533,173.238,57.227,173.757,173.757,3.900,168.206,0.14885,3.890,168.206,0.14701,0
22864,86614,10,2,2,0,1,0,0,4,0,0,168.167,3.312,0.14575,-0.000,165.458,51.003,167.533,173.238,57.227,173.757,173.757,3.900,168.206,0.14843,3.889,168.206,0.14618,0
22864,86624,10,2,2,0,1,0,0,4,0,0,168.167,3.312,0.14473,-0.000,165.458,51.003,167.533,173.238,57.227,173.757,173.757,3.899,168.206,0.14741,3.889,168.205,0.14575,0
22882,86634,10,2,2,0,1,0,0,4,0,0,168.167,3.312,0.14318,-0.000,165.458,51.003,167.533,173.238,57.227,173.757,173.757,3.897,168.205,0.14586,3.887,168.205,0.14473,0
22882,86644,10,2,2,0,1,0,0,4,0,0,168.167,3.312,0.14221,-0.000,165.458,51.003,167.533,173.238,57.227,173.757,173.757,3.895,168.205,0.14488,3.886,168.205,0.14318,0
22911,86654,10,2,2,0,1,0,0,4,0,0,168.167,3.312,0.14164,-0.000,165.458,51.003,167.533,173.238,57.227,173.757,173.757,3.895,168.205,0.14432,3.884,168.204,0.14221,0
22911,86664,10,2,2,0,1,0,0,4,0,0,168.167,3.312,0.14212,-0.000,165.458,51.003,167.533,173.238,57.227,173.757,173.757,3.895,168.205,0.14480,3.884,168.204,0.14164,0
22911,86674,10,2,2,0,1,0,0,4,0,0,168.167,3.312,0.14304,-0.000,165.458,51.003,167.533,173.238,57.227,173.757,173.757,3.896,168.205,0.14572,3.884,168.204,0.14212,0
22942,86684,10,2,2,0,1,0,0,4,0,0,168.167,3.312,0.14374,-0.000,165.458,51.003,167.533,173.238,57.227,173.757,173.757,3.897,168.205,0.14641,3.885,168.205,0.14304,0
22942,86694,10,2,2,0,1,0,0,4,0,0,168.167,3.312,0.14349,-0.000,165.458,51.003,167.533,173.238,57.227,173.757,173.757,3.897,168.205,0.14616,3.886,168.205,0.14374,0
22942,86704,10,2,2,0,1,0,0,4,0,0,168.167,3.312,0.14300,-0.000,165.458,51.003,167.533,173.238,57.227,173.757,173.757,3.896,168.205,0.14568,3.886,168.205,0.14349,0
22958,86714,10,2,2,0,1,0,0,4,0,0,168.167,3.312,0.14302,-0.000,165.458,51.003,167.533,173.238,57.227,173.757,173.757,3.896,168.205,0.14570,3.885,168.205,0.14300,0
22974,86724,10,2,2,0,1,0,0,4,0,0,168.167,3.312,0.14278,-0.000,165.458,51.003,167.533,173.238,57.227,173.757,173.757,3.896,168.205,0.14545,3.885,168.205,0.14302,0
22974,86734,10,2,2,0,1,0,0,4,0,0,168.167,3.312,0.14202,-0.000,165.458,51.003,167.533,173.238,57.227,173.757,173.757,3.895,168.205,0.14470,3.885,168.204,0.14278,0
23005,86744,10,2,2,0,1,0,0,4,0,0,168.167,3.312,0.14176,-0.000,165.458,51.003,167.533,173.238,57.227,173.757,173.757,3.895,168.205,0.14444,3.884,168.204,0.14202,0
23005,86754,10,2,2,0,1,0,0,4,0,0,168.167,3.312,0.14209,-0.000,165.458,51.003,167.533,173.238,57.227,173.757,173.757,3.895,168.205,0.14476,3.884,168.204,0.14176,0
23005,86764,10,2,2,0,1,0,0,4,0,0,168.167,3.312,0.14273,-0.000,165.458,51.003,167.533,173.238,57.227,173.757,173.757,3.896,168.205,0.14540,3.884,168.204,0.14209,0
23035,86774,10,2,2,0,1,0,0,4,0,0,168.167,3.312,0.14353,-0.000,165.458,51.003,167.533,173.238,57.227,173.757,173.757,3.897,168.205,0.14621,3.885,168.204,0.14273,0
23035,86784,10,2,2,0,1,0,0,4,0,0,168.167,3.312,0.14445,-0.000,165.458,51.003,167.533,173.238,57.227,173.757,173.757,3.898,168.206,0.14713,3.886,168.205,0.14353,0
23035,86794,10,2,2,0,1,0,0,4,0,0,168.167,3.312,0.14460,-0.000,165.458,51.003,167.533,173.238,57.227,173.757,173.757,3.898,168.206,0.14728,3.887,168.205,0.14445,0
23066,86804,10,2,2,0,1,0,0,4,0,0,168.167,3.312,0.14488,-0.000,165.458,51.003,167.533,173.238,57.227,173.757,173.757,3.899,168.206,0.14755,3.887,168.205,0.14460,0
23066,86814,10,2,2,0,1,0,0,4,0,0,168.167,3.312,0.14504,-0.000,165.458,51.003,167.533,173.238,57.227,173.757,173.757,3.899,168.206,0.14771,3.888,168.205,0.14488,0
23066,86824,10,2,2,0,1,0,0,4,0,0,168.167,3.312,0.14510,-0.000,165.458,51.003,167.533,173.238,57.227,173.757,173.757,3.899,168.206,0.14777,3.888,168.205,0.14504,0
23081,86834,10,2,2,0,1,0,0,4,0,0,168.167,3.312,0.14438,-0.000,165.458,51.003,167.533,173.238,57.227,173.757,173.757,3.898,168.206,0.14706,3.888,168.205,0.14510,0
23081,86844,10,2,2,0,1,0,0,4,0,0,168.167,3.312,0.14350,-0.000,165.458,51.003,167.533,173.238,57.227,173.757,173.757,3.897,168.205,0.14617,3.887,168.205,0.14438,0
23096,86854,10,2,2,0,1,0,0,4,0,0,168.167,3.312,0.14279,-0.000,165.458,51.003,167.533,173.238,57.227,173.757,173.757,3.896,168.205,0.14547,3.886,168.205,0.14350,0
23111,86864,10,2,2,0,1,0,0,4,0,0,168.167,3.312,0.14248,-0.000,165.458,51.003,167.533,173.238,57.227,173.757,173.757,3.896,168.205,0.14516,3.885,168.204,0.14279,0
23111,86874,10,2,2,0,1,0,0,4,0,0,168.167,3.312,0.14270,-0.000,165.458,51.003,167.533,173.238,57.227,173.757,173.757,3.896,168.205,0.14537,3.885,168.204,0.14248,0
23127,86884,10,2,2,0,1,0,0,4,0,0,168.167,3.312,0.14278,-0.000,165.458,51.003,167.533,173.238,57.227,173.757,173.757,3.896,168.205,0.14545,3.885,168.204,0.14270,0
23142,86894,10,2,2,0,1,0,0,4,0,0,168.167,3.312,0.14310,-0.000,165.458,51.003,167.533,173.238,57.227,173.757,173.757,3.897,168.205,0.14577,3.885,168.204,0.14278,0
23142,86904,10,2,2,0,1,0,0,4,0,0,168.167,3.312,0.14331,-0.000,165.458,51.003,167.533,173.238,57.227,173.757,173.757,3.897,168.205,0.14598,3.885,168.205,0.14310,0
23158,86914,10,2,2,0,1,0,0,4,0,0,168.167,3.312,0.14355,-0.000,165.458,51.003,167.533,173.238,57.227,173.757,173.757,3.897,168.205,0.14622,3.886,168.205,0.14331,0
23174,86924,10,2,2,0,1,0,0,4,0,0,168.167,3.312,0.14391,-0.000,165.458,51.003,167.533,173.238,57.227,173.757,173.757,3.898,168.206,0.14659,3.886,168.205,0.14355,0
23174,86934,10,2,2,0,1,0,0,4,0,0,168.167,3.312,0.14422,-0.000,165.458,51.003,167.533,173.238,57.227,173.757,173.757,3.898,168.206,0.14689,3.886,168.205,0.14391,0
23189,86944,10,2,2,0,1,0,0,4,0,0,168.167,3.312,0.14396,-0.000,165.458,51.003,167.533,173.238,57.227,173.757,173.757,3.898,168.206,0.14663,3.887,168.205,0.14422,0
23206,86954,10,2,2,0,1,0,0,4,0,0,168.167,3.312,0.14376,-0.000,165.458,51.003,167.533,173.238,57.227,173.757,173.757,3.897,168.205,0.14644,3.886,168.205,0.14396,0
23206,86964,10,2,2,0,1,0,0,4,0,0,168.167,3.312,0.14392,-0.000,165.458,51.003,167.533,173.238,57.227,173.757,173.757,3.898,168.206,0.14659,3.886,168.205,0.14376,0
23222,86974,10,2,2,0,1,0,0,4,0,0,168.167,3.312,0.14403,-0.000,165.458,51.003,167.533,173.238,57.227,173.757,173.757,3.898,168.206,0.14671,3.886,168.205,0.14392,0
23222,86984,10,2,2,0,1,0,0,4,0,0,168.167,3.312,0.14407,-0.000,165.458,51.003,167.533,173.238,57.227,173.757,173.757,3.898,168.206,0.14674,3.887,168.205,0.14403,0
23238,86994,10,2,2,0,1,0,0,4,0,0,168.167,3.312,0.14381,-0.000,165.458,51.003,167.533,173.238,57.227,173.757,173.757,3.897,168.205,0.14648,3.887,168.205,0.14407,0
23267,87004,10,2,2,0,1,0,0,4,0,0,168.167,3.312,0.14340,-0.000,165.458,51.003,167.533,173.238,57.227,173.757,173.757,3.897,168.205,0.14607,3.886,168.205,0.14381,0
23267,87014,10,2,2,0,1,0,0,4,0,0,168.167,3.312,0.14324,-0.000,165.458,51.003,167.533,173.238,57.227,173.757,173.757,3.897,168.205,0.14591,3.886,168.205,0.14340,0
23267,87024,10,2,2,0,1,0,0,4,0,0,168.167,3.312,0.14327,-0.000,165.458,51.003,167.533,173.238,57.227,173.757,173.757,3.897,168.205,0.14594,3.886,168.205,0.14324,0
23283,87034,10,2,2,0,1,0,0,4,0,0,168.167,3.312,0.14296,-0.000,165.458,51.003,167.533,173.238,57.227,173.757,173.757,3.896,168.205,0.14563,3.886,168.205,0.14327,0
23283,87044,10,2,2,0,1,0,0,4,0,0,168.167,3.312,0.14268,-0.000,165.458,51.003,167.533,173.238,57.227,173.757,173.757,3.896,168.205,0.14536,3.885,168.205,0.14296,0
23298,87054,10,2,2,0,1,0,0,4,0,0,168.167,3.312,0.14250,-0.000,165.458,51.003,167.533,173.238,57.227,173.757,173.757,3.896,168.205,0.14517,3.885,168.204,0.14268,0
23315,87064,10,2,2,0,1,0,0,4,0,0,168.167,3.312,0.14278,-0.000,165.458,51.003,167.533,173.238,57.227,173.757,173.757,3.896,168.205,0.14545,3.885,168.204,0.14250,0
23315,87074,10,2,2,0,1,0,0,4,0,0,168.167,3.312,0.14305,-0.000,165.458,51.003,167.533,173.238,57.227,173.757,173.757,3.896,168.205,0.14572,3.885,168.204,0.14278,0
23331,87084,10,2,2,0,1,0,0,4,0,0,168.167,3.312,0.14309,-0.000,165.458,51.003,167.533,173.238,57.227,173.757,173.757,3.897,168.205,0.14577,3.885,168.205,0.14305,0
23331,87094,10,2,2,0,1,0,0,4,0,0,168.167,3.312,0.14293,-0.000,165.458,51.003,167.533,173.238,57.227,173.757,173.757,3.896,168.205,0.14560,3.885,168.205,0.14309,0
23346,87104,10,2,2,0,1,0,0,4,0,0,168.167,3.312,0.14294,-0.000,165.458,51.003,167.533,173.238,57.227,173.757,173.757,3.896,168.205,0.14562,3.885,168.204,0.14293,0
23362,87114,10,2,2,0,1,0,0,4,0,0,168.167,3.312,0.14321,-0.000,165.458,51.003,167.533,173.238,57.227,173.757,173.757,3.897,168.205,0.14588,3.885,168.204,0.14294,0
23362,87124,10,2,2,0,1,0,0,4,0,0,168.167,3.312,0.14337,-0.000,165.458,51.003,167.533,173.238,57.227,173.757,173.757,3.897,168.205,0.14605,3.886,168.205,0.14321,0
23378,87134,10,2,2,0,1,0,0,4,0,0,168.167,3.312,0.14341,-0.000,165.458,51.003,167.533,173.238,57.227,173.757,173.757,3.897,168.205,0.14609,3.886,168.205,0.14337,0
23394,87144,10,2,2,0,1,0,0,4,0,0,168.167,3.312,0.14321,-0.000,165.458,51.003,167.533,173.238,57.227,173.757,173.757,3.897,168.205,0.14588,3.886,168.205,0.14341,0
23394,87154,10,2,2,0,1,0,0,4,0,0,168.167,3.312,0.14285,-0.000,165.458,51.003,167.533,173.238,57.227,173.757,173.757,3.896,168.205,0.14552,3.886,168.205,0.14321,0
23410,87164,10,2,2,0,1,0,0,4,0,0,168.167,3.312,0.14271,-0.000,165.458,51.003,167.533,173.238,57.227,173.757,173.757,3.896,168.205,0.14538,3.885,168.204,0.14285,0
23410,87174,10,2,2,0,1,0,0,4,0,0,168.167,3.312,0.14289,-0.000,165.458,51.003,167.533,173.238,57.227,173.757,173.757,3.896,168.205,0.14556,3.885,168.204,0.14271,0
23425,87184,10,2,2,0,1,0,0,4,0,0,168.167,3.312,0.14278,-0.000,165.458,51.003,167.533,173.238,57.227,173.757,173.757,3.896,168.205,0.14546,3.885,168.204,0.14289,0
23456,87194,10,2,2,0,1,0,0,4,0,0,168.167,3.312,0.14264,-0.000,165.458,51.003,167.533,173.238,57.227,173.757,173.757,3.896,168.205,0.14531,3.885,168.204,0.14278,0
23456,87204,10,2,2,0,1,0,0,4,0,0,168.167,3.312,0.14268,-0.000,165.458,51.003,167.533,173.238,57.227,173.757,173.757,3.896,168.205,0.14535,3.885,168.204,0.14264,0
23456,87214,10,2,2,0,1,0,0,4,0,0,168.167,3.312,0.14290,-0.000,165.458,51.003,167.533,173.238,57.227,173.757,173.757,3.896,168.205,0.14557,3.885,168.204,0.14268,0
23473,87224,10,2,2,0,1,0,0,4,0,0,168.167,3.312,0.14306,-0.000,165.458,51.003,167.533,173.238,57.227,173.757,173.757,3.897,168.205,0.14574,3.885,168.204,0.14290,0
23473,87234,10,2,2,0,1,0,0,4,0,0,168.167,3.312,0.14310,-0.000,165.458,51.003,167.533,173.238,57.227,173.757,173.757,3.897,168.205,0.14578,3.885,168.205,0.14306,0
23502,87244,10,2,2,0,1,0,0,4,0,0,168.167,3.312,0.14308,-0.000,165.458,51.003,167.533,173.238,57.227,173.757,173.757,3.897,168.205,0.14575,3.885,168.205,0.14310,0
23502,87254,10,2,2,0,1,0,0,4,0,0,168.167,3.312,0.14333,-0.000,165.458,51.003,167.533,173.238,57.227,173.757,173.757,3.897,168.205,0.14601,3.885,168.205,0.14308,0
23502,87264,10,2,2,0,1,0,0,4,0,0,168.167,3.312,0.14356,-0.000,165.458,51.003,167.533,173.238,57.227,173.757,173.757,3.897,168.205,0.14623,3.886,168.205,0.14333,0
23518,87274,10,2,2,0,1,0,0,4,0,0,168.167,3.312,0.14333,-0.000,165.458,51.003,167.533,173.238,57.227,173.757,173.757,3.897,168.205,0.14601,3.886,168.205,0.14356,0
23534,87284,10,2,2,0,1,0,0,4,0,0,168.167,3.312,0.14316,-0.000,165.458,51.003,167.533,173.238,57.227,173.757,173.757,3.897,168.205,0.14583,3.886,168.205,0.14333,0
23534,87294,10,2,2,0,1,0,0,4,0,0,168.167,3.312,0.14292,-0.000,165.458,51.003,167.533,173.238,57.227,173.757,173.757,3.896,168.205,0.14560,3.886,168.205,0.14316,0
23549,87304,10,2,2,0,1,0,0,4,0,0,168.167,3.312,0.14278,-0.000,165.458,51.003,167.533,173.238,57.227,173.757,173.757,3.896,168.205,0.14545,3.885,168.204,0.14292,0
23564,87314,10,2,2,0,1,0,0,4,0,0,168.167,3.312,0.14263,-0.000,165.458,51.003,167.533,173.238,57.227,173.757,173.757,3.896,168.205,0.14530,3.885,168.204,0.14278,0
23564,87324,10,2,2,0,1,0,0,4,0,0,168.167,3.312,0.14249,-0.000,165.458,51.003,167.533,173.238,57.227,173.757,173.757,3.896,168.205,0.14516,3.885,168.204,0.14263,0
23580,87334,10,2,2,0,1,0,0,4,0,0,168.167,3.312,0.14256,-0.000,165.458,51.003,167.533,173.238,57.227,173.757,173.757,3.896,168.205,0.14524,3.885,168.204,0.14249,0
23580,87344,10,2,2,0,1,0,0,4,0,0,168.167,3.312,0.14269,-0.000,165.458,51.003,167.533,173.238,57.227,173.757,173.757,3.896,168.205,0.14537,3.885,168.204,0.14256,0
23597,87354,10,2,2,0,1,0,0,4,0,0,168.167,3.312,0.14288,-0.000,165.458,51.003,167.533,173.238,57.227,173.757,173.757,3.896,168.205,0.14556,3.885,168.204,0.14269,0
23612,87364,10,2,2,0,1,0,0,4,0,0,168.167,3.312,0.14268,-0.000,165.458,51.003,167.533,173.238,57.227,173.757,173.757,3.896,168.205,0.14535,3.885,168.204,0.14288,0
23612,87374,10,2,2,0,1,0,0,4,0,0,168.167,3.312,0.14258,-0.000,165.458,51.003,167.533,173.238,57.227,173.757,173.757,3.896,168.205,0.14526,3.885,168.204,0.14268,0
23628,87384,10,2,2,0,1,0,0,4,0,0,168.167,3.312,0.14309,-0.000,165.458,51.003,167.533,173.238,57.227,173.757,173.757,3.897,168.205,0.14576,3.885,168.204,0.14258,0
23644,87394,10,2,2,0,1,0,0,4,0,0,168.167,3.312,0.14333,-0.000,165.458,51.003,167.533,173.238,57.227,173.757,173.757,3.897,168.205,0.14601,3.885,168.205,0.14309,0
23644,87404,10,2,2,0,1,0,0,4,0,0,168.167,3.312,0.14371,-0.000,165.458,51.003,167.533,173.238,57.227,173.757,173.757,3.897,168.205,0.14639,3.886,168.205,0.14333,0
23659,87414,10,2,2,0,1,0,0,4,0,0,168.167,3.312,0.14350,-0.000,165.458,51.003,167.533,173.238,57.227,173.757,173.757,3.897,168.205,0.14617,3.886,168.205,0.14371,0
23676,87424,10,2,2,0,1,0,0,4,0,0,168.167,3.312,0.14337,-0.000,165.458,51.003,167.533,173.238,57.227,173.757,173.757,3.897,168.205,0.14605,3.886,168.205,0.14350,0
23676,87434,10,2,2,0,1,0,0,4,0,0,168.167,3.312,0.14331,-0.000,165.458,51.003,167.533,173.238,57.227,173.757,173.757,3.897,168.205,0.14598,3.886,168.205,0.14337,0
23692,87444,10,2,2,0,1,0,0,4,0,0,168.167,3.312,0.14334,-0.000,165.458,51.003,167.533,173.238,57.227,173.757,173.757,3.897,168.205,0.14601,3.886,168.205,0.14331,0
23692,87454,10,2,2,0,1,0,0,4,0,0,168.167,3.312,0.14326,-0.000,165.458,51.003,167.533,173.238,57.227,173.757,173.757,3.897,168.205,0.14594,3.886,168.205,0.14334,0
23708,87464,10,2,2,0,1,0,0,4,0,0,168.167,3.312,0.14346,-0.000,165.458,51.003,167.533,173.238,57.227,173.757,173.757,3.897,168.205,0.14614,3.886,168.205,0.14326,0
23724,87474,10,2,2,0,1,0,0,4,0,0,168.167,3.312,0.14339,-0.000,165.458,51.003,167.533,173.238,57.227,173.757,173.757,3.897,168.205,0.14606,3.886,168.205,0.14346,0
23724,87484,10,2,2,0,1,0,0,4,0,0,168.167,3.312,0.14320,-0.000,165.458,51.003,167.533,173.238,57.227,173.757,173.757,3.897,168.205,0.14588,3.886,168.205,0.14339,0
23755,87494,10,2,2,0,1,0,0,4,0,0,168.167,3.312,0.14320,-0.000,165.458,51.003,167.533,173.238,57.227,173.757,173.757,3.897,168.205,0.14588,3.886,168.205,0.14320,0
23755,87504,10,2,2,0,1,0,0,4,0,0,168.167,3.312,0.14350,-0.000,165.458,51.003,167.533,173.238,57.227,173.757,173.757,3.897,168.205,0.14617,3.886,168.205,0.14320,0
23755,87514,10,2,2,0,1,0,0,4,0,0,168.167,3.312,0.14334,-0.000,165.458,51.003,167.533,173.238,57.227,173.757,173.757,3.897,168.205,0.14601,3.886,168.205,0.14350,0
23785,87524,10,2,2,0,1,0,0,4,0,0,168.167,3.312,0.14327,-0.000,165.458,51.003,167.533,173.238,57.227,173.757,173.757,3.897,168.205,0.14595,3.886,168.205,0.14334,0
23785,87534,10,2,2,0,1,0,0,4,0,0,168.167,3.312,0.14337,-0.000,165.458,51.003,167.533,173.238,57.227,173.757,173.757,3.897,168.205,0.14604,3.886,168.205,0.14327,0
23785,87544,10,2,2,0,1,0,0,4,0,0,168.167,3.312,0.14343,-0.000,165.458,51.003,167.533,173.238,57.227,173.757,173.757,3.897,168.205,0.14610,3.886,168.205,0.14337,0
23816,87554,10,2,2,0,1,0,0,4,0,0,168.167,3.312,0.14371,-0.000,165.458,51.003,167.533,173.238,57.227,173.757,173.757,3.897,168.205,0.14639,3.886,168.205,0.14343,0
23816,87564,10,2,2,0,1,0,0,4,0,0,168.167,3.312,0.14344,-0.000,165.458,51.003,167.533,173.238,57.227,173.757,173.757,3.897,168.205,0.14612,3.886,168.205,0.14371,0
23816,87574,10,2,2,0,1,0,0,4,0,0,168.167,3.312,0.14332,-0.000,165.458,51.003,167.533,173.238,57.227,173.757,173.757,3.897,168.205,0.14600,3.886,168.205,0.14344,0
23832,87584,10,2,2,0,1,0,0,4,0,0,168.167,3.312,0.14337,-0.000,165.458,51.003,167.533,173.238,57.227,173.757,173.757,3.897,168.205,0.14605,3.886,168.205,0.14332,0
23832,87594,10,2,2,0,1,0,0,4,0,0,168.167,3.312,0.14323,-0.000,165.458,51.003,167.533,173.238,57.227,173.757,173.757,3.897,168.205,0.14590,3.886,168.205,0.14337,0
23848,87604,10,2,2,0,1,0,0,4,0,0,168.167,3.312,0.14302,-0.000,165.458,51.003,167.533,173.238,57.227,173.757,173.757,3.896,168.205,0.14569,3.886,168.205,0.14323,0
23865,87614,10,2,2,0,1,0,0,4,0,0,168.167,3.312,0.14297,-0.000,165.458,51.003,167.533,173.238,57.227,173.757,173.757,3.896,168.205,0.14565,3.885,168.205,0.14302,0
23865,87624,10,2,2,0,1,0,0,4,0,0,168.087,3.312,0.14315,-0.000,165.458,51.003,167.533,173.238,57.227,173.757,173.757,3.896,168.125,0.14582,3.885,168.205,0.14297,0
23881,87634,10,2,2,0,1,0,0,4,0,0,168.167,3.312,0.14327,-0.000,165.458,51.003,167.533,173.238,57.227,173.757,173.757,3.897,168.205,0.14594,3.885,168.125,0.14315,0
23881,87644,10,2,2,0,1,0,0,4,0,0,168.167,3.312,0.14342,-0.000,165.458,51.003,167.533,173.238,57.227,173.757,173.757,3.897,168.205,0.14610,3.886,168.205,0.14327,0
23909,87654,10,2,2,0,1,0,0,4,0,0,168.167,3.312,0.14326,-0.000,165.458,51.003,167.533,173.238,57.227,173.757,173.757,3.897,168.205,0.14593,3.886,168.205,0.14342,0
23909,87664,10,2,2,0,1,0,0,4,0,0,168.167,3.312,0.14295,-0.000,165.458,51.003,167.533,173.238,57.227,173.757,173.757,3.896,168.205,0.14563,3.886,168.205,0.14326,0
23924,87674,10,2,2,0,1,0,0,4,0,0,168.167,3.312,0.14309,-0.000,165.458,51.003,167.533,173.238,57.227,173.757,173.757,3.897,168.205,0.14577,3.885,168.205,0.14295,0
23924,87684,10,2,2,0,1,0,0,4,0,0,168.167,3.312,0.14319,-0.000,165.458,51.003,167.533,173.238,57.227,173.757,173.757,3.897,168.205,0.14587,3.885,168.205,0.14309,0
23939,87694,10,2,2,0,1,0,0,4,0,0,168.167,3.312,0.14315,-0.000,165.458,51.003,167.533,173.238,57.227,173.757,173.757,3.897,168.205,0.14582,3.886,168.205,0.14319,0
23954,87704,10,2,2,0,1,0,0,4,0,0,168.167,3.312,0.14295,-0.000,165.458,51.003,167.533,173.238,57.227,173.757,173.757,3.896,168.205,0.14563,3.885,168.205,0.14315,0
23954,87714,10,2,2,0,1,0,0,4,0,0,168.167,3.312,0.14300,-0.000,165.458,51.003,167.533,173.238,57.227,173.757,173.757,3.896,168.205,0.14567,3.885,168.205,0.14295,0
23970,87724,10,2,2,0,1,0,0,4,0,0,168.167,3.312,0.14312,-0.000,165.458,51.003,167.533,173.238,57.227,173.757,173.757,3.897,168.205,0.14579,3.885,168.205,0.14300,0
23970,87734,10,2,2,0,1,0,0,4,0,0,168.167,3.312,0.14304,-0.000,165.458,51.003,167.533,173.238,57.227,173.757,173.757,3.896,168.205,0.14572,3.885,168.205,0.14312,0
23985,87744,10,2,2,0,1,0,0,4,0,0,168.167,3.312,0.14290,-0.000,165.458,51.003,167.533,173.238,57.227,173.757,173.757,3.896,168.205,0.14557,3.885,168.205,0.14304,0
24001,87754,10,2,2,0,1,0,0,4,0,0,168.167,3.312,0.14290,-0.000,165.458,51.003,167.533,173.238,57.227,173.757,173.757,3.896,168.205,0.14557,3.885,168.205,0.14290,0
24001,87764,10,2,2,0,1,0,0,4,0,0,168.167,3.312,0.14303,-0.000,165.458,51.003,167.533,173.238,57.227,173.757,173.757,3.896,168.205,0.14570,3.885,168.205,0.14290,0
24017,87774,10,2,2,0,1,0,0,4,0,0,168.167,3.312,0.14271,-0.000,165.458,51.003,167.533,173.238,57.227,173.757,173.757,3.896,168.205,0.14538,3.885,168.205,0.14303,0
24032,87784,10,2,2,0,1,0,0,4,0,0,168.167,3.312,0.14273,-0.000,165.458,51.003,167.533,173.238,57.227,173.757,173.757,3.896,168.205,0.14540,3.885,168.204,0.14271,0
24032,87794,10,2,2,0,1,0,0,4,0,0,168.167,3.312,0.14278,-0.000,165.458,51.003,167.533,173.238,57.227,173.757,173.757,3.896,168.205,0.14545,3.885,168.204,0.14273,0
24048,87804,10,2,2,0,1,0,0,4,0,0,168.167,3.312,0.14268,-0.000,165.458,51.003,167.533,173.238,57.227,173.757,173.757,3.896,168.205,0.14536,3.885,168.204,0.14278,0
24064,87814,10,2,2,0,1,0,0,4,0,0,168.167,3.312,0.14286,-0.000,165.458,51.003,167.533,173.238,57.227,173.757,173.757,3.896,168.205,0.14554,3.885,168.204,0.14268,0
24064,87824,10,2,2,0,1,0,0,4,0,0,168.167,3.312,0.14301,-0.000,165.458,51.003,167.533,173.238,57.227,173.757,173.757,3.896,168.205,0.14569,3.885,168.204,0.14286,0
24079,87834,10,2,2,0,1,0,0,4,0,0,168.167,3.312,0.14300,-0.000,165.458,51.003,167.533,173.238,57.227,173.757,173.757,3.896,168.205,0.14567,3.885,168.205,0.14301,0
24095,87844,10,2,2,0,1,0,0,4,0,0,168.167,3.312,0.14310,-0.000,165.458,51.003,167.533,173.238,57.227,173.757,173.757,3.897,168.205,0.14577,3.885,168.205,0.14300,0
24095,87854,10,2,2,0,1,0,0,4,0,0,168.167,3.312,0.14302,-0.000,165.458,51.003,167.533,173.238,57.227,173.757,173.757,3.896,168.205,0.14569,3.885,168.205,0.14310,0
24110,87864,10,2,2,0,1,0,0,4,0,0,168.167,3.312,0.14302,-0.000,165.458,51.003,167.533,173.238,57.227,173.757,173.757,3.896,168.205,0.14570,3.885,168.205,0.14302,0
24110,87874,10,2,2,0,1,0,0,4,0,0,168.167,3.312,0.14320,-0.000,165.458,51.003,167.533,173.238,57.227,173.757,173.757,3.897,168.205,0.14587,3.885,168.205,0.14302,0
24126,87884,10,2,2,0,1,0,0,4,0,0,168.167,3.312,0.14346,-0.000,165.458,51.003,167.533,173.238,57.227,173.757,173.757,3.897,168.205,0.14614,3.886,168.205,0.14320,0
24141,87894,10,2,2,0,1,0,0,4,0,0,168.167,3.312,0.14353,-0.000,165.458,51.003,167.533,173.238,57.227,173.757,173.757,3.897,168.205,0.14620,3.886,168.205,0.14346,0
24141,87904,10,2,2,0,1,0,0,4,0,0,168.167,3.312,0.14337,-0.000,165.458,51.003,167.533,173.238,57.227,173.757,173.757,3.897,168.205,0.14605,3.886,168.205,0.14353,0
24156,87914,10,2,2,0,1,0,0,4,0,0,168.167,3.312,0.14311,-0.000,165.458,51.003,167.533,173.238,57.227,173.757,173.757,3.897,168.205,0.14578,3.886,168.205,0.14337,0
24172,87924,10,2,2,0,1,0,0,4,0,0,168.167,3.312,0.14307,-0.000,165.458,51.003,167.533,173.238,57.227,173.757,173.757,3.897,168.205,0.14575,3.885,168.205,0.14311,0
24172,87934,10,2,2,0,1,0,0,4,0,0,168.167,3.312,0.14302,-0.000,165.458,51.003,167.533,173.238,57.227,173.757,173.757,3.896,168.205,0.14570,3.885,168.205,0.14307,0
24186,87944,10,2,2,0,1,0,0,4,0,0,168.167,3.312,0.14297,-0.000,165.458,51.003,167.533,173.238,57.227,173.757,173.757,3.896,168.205,0.14565,3.885,168.205,0.14302,0
24202,87954,10,2,2,0,1,0,0,4,0,0,168.167,3.312,0.14298,-0.000,165.458,51.003,167.533,173.238,57.227,173.757,173.757,3.896,168.205,0.14565,3.885,168.205,0.14297,0
24202,87964,10,2,2,0,1,0,0,4,0,0,168.167,3.312,0.14301,-0.000,165.458,51.003,167.533,173.238,57.227,173.757,173.757,3.896,168.205,0.14568,3.885,168.205,0.14298,0
24219,87974,10,2,2,0,1,0,0,4,0,0,168.167,3.312,0.14292,-0.000,165.458,51.003,167.533,173.238,57.227,173.757,173.757,3.896,168.205,0.14560,3.885,168.205,0.14301,0
24235,87984,10,2,2,0,1,0,0,4,0,0,168.167,3.312,0.14278,-0.000,165.458,51.003,167.533,173.238,57.227,173.757,173.757,3.896,168.205,0.14546,3.885,168.205,0.14292,0
24235,87994,10,2,2,0,1,0,0,4,0,0,168.167,3.312,0.14244,-0.000,165.458,51.003,167.533,173.238,57.227,173.757,173.757,3.896,168.205,0.14512,3.885,168.204,0.14278,0
24250,88004,10,2,2,0,1,0,0,4,0,0,168.167,3.312,0.14258,-0.000,165.458,51.003,167.533,173.238,57.227,173.757,173.757,3.896,168.205,0.14525,3.885,168.204,0.14244,0
24250,88014,10,2,2,0,1,0,0,4,0,0,168.167,3.312,0.14275,-0.000,165.458,51.003,167.533,173.238,57.227,173.757,173.757,3.896,168.205,0.14542,3.885,168.204,0.14258,0
24266,88024,10,2,2,0,1,0,0,4,0,0,168.167,3.312,0.14282,-0.000,165.458,51.003,167.533,173.238,57.227,173.757,173.757,3.896,168.205,0.14550,3.885,168.204,0.14275,0
24282,88034,10,2,2,0,1,0,0,4,0,0,168.167,3.312,0.14276,-0.000,165.458,51.003,167.533,173.238,57.227,173.757,173.757,3.896,168.205,0.14544,3.885,168.204,0.14282,0
24282,88044,10,2,2,0,1,0,0,4,0,0,168.167,3.312,0.14267,-0.000,165.458,51.003,167.533,173.238,57.227,173.757,173.757,3.896,168.205,0.14535,3.885,168.204,0.14276,0
24298,88054,10,2,2,0,1,0,0,4,0,0,168.167,3.312,0.14285,-0.000,165.458,51.003,167.533,173.238,57.227,173.757,173.757,3.896,168.205,0.14552,3.885,168.204,0.14267,0
24314,88064,10,2,2,0,1,0,0,4,0,0,168.167,3.312,0.14279,-0.000,165.458,51.003,167.533,173.238,57.227,173.757,173.757,3.896,168.205,0.14547,3.885,168.204,0.14285,0
24314,88074,10,2,2,0,1,0,0,4,0,0,168.167,3.312,0.14279,-0.000,165.458,51.003,167.533,173.238,57.227,173.757,173.757,3.896,168.205,0.14546,3.885,168.204,0.14279,0
24329,88084,10,2,2,0,1,0,0,4,0,0,168.167,3.312,0.14295,-0.000,165.458,51.003,167.533,173.238,57.227,173.757,173.757,3.896,168.205,0.14562,3.885,168.204,0.14279,0
24346,88094,10,2,2,0,1,0,0,4,0,0,168.167,3.312,0.14314,-0.000,165.458,51.003,167.533,173.238,57.227,173.757,173.757,3.897,168.205,0.14582,3.885,168.205,0.14295,0
24346,88104,10,2,2,0,1,0,0,4,0,0,168.167,3.312,0.14310,-0.000,165.458,51.003,167.533,173.238,57.227,173.757,173.757,3.897,168.205,0.14578,3.885,168.205,0.14314,0
24362,88114,10,2,2,0,1,0,0,4,0,0,168.167,3.312,0.14299,-0.000,165.458,51.003,167.533,173.238,57.227,173.757,173.757,3.896,168.205,0.14566,3.885,168.205,0.14310,0
24362,88124,10,2,2,0,1,0,0,4,0,0,168.167,3.312,0.14311,-0.000,165.458,51.003,167.533,173.238,57.227,173.757,173.757,3.897,168.205,0.14579,3.885,168.205,0.14299,0
24377,88134,10,2,2,0,1,0,0,4,0,0,168.167,3.312,0.14308,-0.000,165.458,51.003,167.533,173.238,57.227,173.757,173.757,3.897,168.205,0.14575,3.885,168.205,0.14311,0
24392,88144,10,2,2,0,1,0,0,4,0,0,168.167,3.312,0.14321,-0.000,165.458,51.003,167.533,173.238,57.227,173.757,173.757,3.897,168.205,0.14588,3.885,168.205,0.14308,0
24392,88154,10,2,2,0,1,0,0,4,0,0,168.167,3.312,0.14340,-0.000,165.458,51.003,167.533,173.238,57.227,173.757,173.757,3.897,168.205,0.14607,3.886,168.205,0.14321,0
24407,88164,10,2,2,0,1,0,0,4,0,0,168.167,3.312,0.14339,-0.000,165.458,51.003,167.533,173.238,57.227,173.757,173.757,3.897,168.205,0.14606,3.886,168.205,0.14340,0
24423,88174,10,2,2,0,1,0,0,4,0,0,168.167,3.312,0.14351,-0.000,165.458,51.003,167.533,173.238,57.227,173.757,173.757,3.897,168.205,0.14618,3.886,168.205,0.14339,0
24423,88184,10,2,2,0,1,0,0,4,0,0,168.167,3.312,0.14347,-0.000,165.458,51.003,167.533,173.238,57.227,173.757,173.757,3.897,168.205,0.14615,3.886,168.205,0.14351,0
24438,88194,10,2,2,0,1,0,0,4,0,0,168.167,3.312,0.14347,-0.000,165.458,51.003,167.533,173.238,57.227,173.757,173.757,3.897,168.205,0.14615,3.886,168.205,0.14347,0
24454,88204,10,2,2,0,1,0,0,4,0,0,168.167,3.312,0.14340,-0.000,165.458,51.003,167.533,173.238,57.227,173.757,173.757,3.897,168.205,0.14607,3.886,168.205,0.14347,0
24454,88214,10,2,2,0,1,0,0,4,0,0,168.167,3.312,0.14336,-0.000,165.458,51.003,167.533,173.238,57.227,173.757,173.757,3.897,168.205,0.14604,3.886,168.205,0.14340,0
24470,88224,10,2,2,0,1,0,0,4,0,0,168.167,3.312,0.14337,-0.000,165.458,51.003,167.533,173.238,57.227,173.757,173.757,3.897,168.205,0.14604,3.886,168.205,0.14336,0
24470,88234,10,2,2,0,1,0,0,4,0,0,168.167,3.312,0.14314,-0.000,165.458,51.003,167.533,173.238,57.227,173.757,173.757,3.897,168.205,0.14581,3.886,168.205,0.14337,0
24485,88244,10,2,2,0,1,0,0,4,0,0,168.087,3.312,0.14316,-0.000,165.458,51.003,167.533,173.238,57.227,173.757,173.757,3.896,168.125,0.14583,3.885,168.205,0.14314,0
24501,88254,10,2,2,0,1,0,0,4,0,0,168.167,3.312,0.14329,-0.000,165.458,51.003,167.533,173.238,57.227,173.757,173.757,3.897,168.205,0.14596,3.885,168.125,0.14316,0
24501,88264,10,2,2,0,1,0,0,4,0,0,168.167,3.312,0.14339,-0.000,165.458,51.003,167.533,173.238,57.227,173.757,173.757,3.897,168.205,0.14606,3.886,168.205,0.14329,0
24517,88274,10,2,2,0,1,0,0,4,0,0,168.167,3.312,0.14327,-0.000,165.458,51.003,167.533,173.238,57.227,173.757,173.757,3.897,168.205,0.14595,3.886,168.205,0.14339,0
24532,88284,10,2,2,0,1,0,0,4,0,0,168.167,3.312,0.14303,-0.000,165.458,51.003,167.533,173.238,57.227,173.757,173.757,3.896,168.205,0.14571,3.886,168.205,0.14327,0
24532,88294,10,2,2,0,1,0,0,4,0,0,168.167,3.312,0.14298,-0.000,165.458,51.003,167.533,173.238,57.227,173.757,173.757,3.896,168.205,0.14566,3.885,168.205,0.14303,0
24547,88304,10,2,2,0,1,0,0,4,0,0,168.167,3.312,0.14303,-0.000,165.458,51.003,167.533,173.238,57.227,173.757,173.757,3.896,168.205,0.14571,3.885,168.205,0.14298,0
24563,88314,10,2,2,0,1,0,0,4,0,0,168.167,3.312,0.14323,-0.000,165.458,51.003,167.533,173.238,57.227,173.757,173.757,3.897,168.205,0.14591,3.885,168.205,0.14303,0
24563,88324,10,2,2,0,1,0,0,4,0,0,168.167,3.312,0.14296,-0.000,165.458,51.003,167.533,173.238,57.227,173.757,173.757,3.896,168.205,0.14564,3.886,168.205,0.14323,0
24578,88334,10,2,2,0,1,0,0,4,0,0,168.167,3.312,0.14281,-0.000,165.458,51.003,167.533,173.238,57.227,173.757,173.757,3.896,168.205,0.14549,3.885,168.205,0.14296,0
24594,88344,10,2,2,0,1,0,0,4,0,0,168.167,3.312,0.14299,-0.000,165.458,51.003,167.533,173.238,57.227,173.757,173.757,3.896,168.205,0.14566,3.885,168.205,0.14281,0
24594,88354,10,2,2,0,1,0,0,4,0,0,168.167,3.312,0.14299,-0.000,165.458,51.003,167.533,173.238,57.227,173.757,173.757,3.896,168.205,0.14567,3.885,168.205,0.14299,0
24609,88364,10,2,2,0,1,0,0,4,0,0,168.167,3.312,0.14322,-0.000,165.458,51.003,167.533,173.238,57.227,173.757,173.757,3.897,168.205,0.14589,3.885,168.205,0.14299,0
24625,88374,10,2,2,0,1,0,0,4,0,0,168.167,3.312,0.14338,-0.000,165.458,51.003,167.533,173.238,57.227,173.757,173.757,3.897,168.205,0.14605,3.886,168.205,0.14322,0
24625,88384,10,2,2,0,1,0,0,4,0,0,168.167,3.312,0.14331,-0.000,165.458,51.003,167.533,173.238,57.227,173.757,173.757,3.897,168.205,0.14598,3.886,168.205,0.14338,0
24641,88394,10,2,2,0,1,0,0,4,0,0,168.167,3.312,0.14326,-0.000,165.458,51.003,167.533,173.238,57.227,173.757,173.757,3.897,168.205,0.14593,3.886,168.205,0.14331,0
24641,88404,10,2,2,0,1,0,0,4,0,0,168.167,3.312,0.14299,-0.000,165.458,51.003,167.533,173.238,57.227,173.757,173.757,3.896,168.205,0.14566,3.886,168.205,0.14326,0
24656,88414,10,2,2,0,1,0,0,4,0,0,168.167,3.312,0.14285,-0.000,165.458,51.003,167.533,173.238,57.227,173.757,173.757,3.896,168.205,0.14552,3.885,168.205,0.14299,0
24672,88424,10,2,2,0,1,0,0,4,0,0,168.167,3.312,0.14318,-0.000,165.458,51.003,167.533,173.238,57.227,173.757,173.757,3.897,168.205,0.14585,3.885,168.205,0.14285,0
24672,88434,10,2,2,0,1,0,0,4,0,0,168.167,3.312,0.14319,-0.000,165.458,51.003,167.533,173.238,57.227,173.757,173.757,3.897,168.205,0.14587,3.886,168.205,0.14318,0
24688,88444,10,2,2,0,1,0,0,4,0,0,168.167,3.312,0.14315,-0.000,165.458,51.003,167.533,173.238,57.227,173.757,173.757,3.897,168.205,0.14583,3.886,168.205,0.14319,0
24703,88454,10,2,2,0,1,0,0,4,0,0,168.167,3.312,0.14338,-0.000,165.458,51.003,167.533,173.238,57.227,173.757,173.757,3.897,168.205,0.14605,3.885,168.205,0.14315,0
24703,88464,10,2,2,0,1,0,0,4,0,0,168.167,3.312,0.14345,-0.000,165.458,51.003,167.533,173.238,57.227,173.757,173.757,3.897,168.205,0.14612,3.886,168.205,0.14338,0
24719,88474,10,2,2,0,1,0,0,4,0,0,168.167,3.312,0.14331,-0.000,165.458,51.003,167.533,173.238,57.227,173.757,173.757,3.897,168.205,0.14599,3.886,168.205,0.14345,0
24734,88484,10,2,2,0,1,0,0,4,0,0,168.167,3.312,0.14351,-0.000,165.458,51.003,167.533,173.238,57.227,173.757,173.757,3.897,168.205,0.14618,3.886,168.205,0.14331,0
24734,88494,10,2,2,0,1,0,0,4,0,0,168.167,3.312,0.14335,-0.000,165.458,51.003,167.533,173.238,57.227,173.757,173.757,3.897,168.205,0.14603,3.886,168.205,0.14351,0
24750,88504,10,2,2,0,1,0,0,4,0,0,168.167,3.312,0.14330,-0.000,165.458,51.003,167.533,173.238,57.227,173.757,173.757,3.897,168.205,0.14598,3.886,168.205,0.14335,0
24750,88514,10,2,2,0,1,0,0,4,0,0,168.167,3.312,0.14312,-0.000,165.458,51.003,167.533,173.238,57.227,173.757,173.757,3.897,168.205,0.14580,3.886,168.205,0.14330,0
24765,88524,10,2,2,0,1,0,0,4,0,0,168.167,3.312,0.14312,-0.000,165.458,51.003,167.533,173.238,57.227,173.757,173.757,3.897,168.205,0.14580,3.885,168.205,0.14312,0
24780,88534,10,2,2,0,1,0,0,4,0,0,168.087,3.312,0.14310,-0.000,165.458,51.003,167.533,173.238,57.227,173.757,173.757,3.896,168.125,0.14578,3.885,168.205,0.14312,0
24780,88544,10,2,2,0,1,0,0,4,0,0,168.167,3.312,0.14343,-0.000,165.458,51.003,167.533,173.238,57.227,173.757,173.757,3.897,168.205,0.14611,3.885,168.125,0.14310,0
24796,88554,10,2,2,0,1,0,0,4,0,0,168.167,3.312,0.14336,-0.000,165.458,51.003,167.533,173.238,57.227,173.757,173.757,3.897,168.205,0.14604,3.886,168.205,0.14343,0
24812,88564,10,2,2,0,1,0,0,4,0,0,168.167,3.312,0.14357,-0.000,165.458,51.003,167.533,173.238,57.227,173.757,173.757,3.897,168.205,0.14624,3.886,168.205,0.14336,0
24812,88574,10,2,2,0,1,0,0,4,0,0,168.167,3.312,0.14355,-0.000,165.458,51.003,167.533,173.238,57.227,173.757,173.757,3.897,168.205,0.14623,3.886,168.205,0.14357,0
24827,88584,10,2,2,0,1,0,0,4,0,0,168.167,3.312,0.14342,-0.000,165.458,51.003,167.533,173.238,57.227,173.757,173.757,3.897,168.205,0.14610,3.886,168.205,0.14355,0
24842,88594,10,2,2,0,1,0,0,4,0,0,168.167,3.312,0.14321,-0.000,165.458,51.003,167.533,173.238,57.227,173.757,173.757,3.897,168.205,0.14588,3.886,168.205,0.14342,0
24842,88604,10,2,2,0,1,0,0,4,0,0,168.167,3.312,0.14332,-0.000,165.458,51.003,167.533,173.238,57.227,173.757,173.757,3.897,168.205,0.14600,3.886,168.205,0.14321,0
24859,88614,10,2,2,0,1,0,0,4,0,0,168.167,3.312,0.14369,-0.000,165.458,51.003,167.533,173.238,57.227,173.757,173.757,3.897,168.205,0.14637,3.886,168.205,0.14332,0
24875,88624,10,2,2,0,1,0,0,4,0,0,168.167,3.312,0.14381,-0.000,165.458,51.003,167.533,173.238,57.227,173.757,173.757,3.897,168.205,0.14648,3.886,168.205,0.14369,0
24875,88634,10,2,2,0,1,0,0,4,0,0,168.167,3.312,0.14393,-0.000,165.458,51.003,167.533,173.238,57.227,173.757,173.757,3.898,168.206,0.14660,3.886,168.205,0.14381,0
24890,88644,10,2,2,0,1,0,0,4,0,0,168.167,3.312,0.14385,-0.000,165.458,51.003,167.533,173.238,57.227,173.757,173.757,3.897,168.205,0.14652,3.886,168.205,0.14393,0
24906,88654,10,2,2,0,1,0,0,4,0,0,168.167,3.312,0.14370,-0.000,165.458,51.003,167.533,173.238,57.227,173.757,173.757,3.897,168.205,0.14637,3.886,168.205,0.14385,0
24906,88664,10,2,2,0,1,0,0,4,0,0,168.167,3.312,0.14375,-0.000,165.458,51.003,167.533,173.238,57.227,173.757,173.757,3.897,168.205,0.14643,3.886,168.205,0.14370,0
24922,88674,10,2,2,0,1,0,0,4,0,0,168.167,3.312,0.14364,-0.000,165.458,51.003,167.533,173.238,57.227,173.757,173.757,3.897,168.205,0.14632,3.886,168.205,0.14375,0
24922,88684,10,2,2,0,1,0,0,4,0,0,168.167,3.387,0.14363,-0.000,165.458,51.003,167.533,173.238,57.227,173.757,173.757,3.973,168.205,0.14630,3.886,168.205,0.14364,0
24936,88694,10,2,2,0,1,0,0,4,0,0,168.167,3.312,0.14368,-0.000,165.458,51.003,167.533,173.238,57.227,173.757,173.757,3.897,168.205,0.14636,3.961,168.205,0.14363,0
24952,88704,10,2,2,0,1,0,0,4,0,0,168.167,3.312,0.14356,-0.000,165.458,51.003,167.533,173.238,57.227,173.757,173.757,3.897,168.205,0.14623,3.886,168.205,0.14368,0
24952,88714,10,2,2,0,1,0,0,4,0,0,168.167,3.312,0.14346,-0.000,165.458,51.003,167.533,173.238,57.227,173.757,173.757,3.897,168.205,0.14613,3.886,168.205,0.14356,0
24966,88724,10,2,2,0,1,0,0,4,0,0,168.167,3.312,0.14314,-0.000,165.458,51.003,167.533,173.238,57.227,173.757,173.757,3.897,168.205,0.14582,3.886,168.205,0.14346,0
24982,88734,10,2,2,0,1,0,0,4,0,0,168.167,3.312,0.14338,-0.000,165.458,51.003,167.533,173.238,57.227,173.757,173.757,3.897,168.205,0.14606,3.885,168.205,0.14314,0
24982,88744,10,2,2,0,1,0,0,4,0,0,168.167,3.312,0.14356,-0.000,165.458,51.003,167.533,173.238,57.227,173.757,173.757,3.897,168.205,0.14624,3.886,168.205,0.14338,0
24998,88754,10,2,2,0,1,0,0,4,0,0,168.167,3.387,0.14321,-0.000,165.458,51.003,167.533,173.238,57.227,173.757,173.757,3.972,168.205,0.14588,3.886,168.205,0.14356,0
25013,88764,10,2,2,0,1,0,0,4,0,0,168.167,3.312,0.14325,-0.000,165.458,51.003,167.533,173.238,57.227,173.757,173.757,3.897,168.205,0.14593,3.961,168.204,0.14321,0
25013,88774,10,2,2,0,1,0,0,4,0,0,168.167,3.312,0.14352,-0.000,165.458,51.003,167.533,173.238,57.227,173.757,173.757,3.897,168.205,0.14619,3.886,168.205,0.14325,0
25029,88784,10,2,2,0,1,0,0,4,0,0,168.167,3.312,0.14365,-0.000,165.458,51.003,167.533,173.238,57.227,173.757,173.757,3.897,168.205,0.14632,3.886,168.205,0.14352,0
25045,88794,10,2,2,0,1,0,0,4,0,0,168.167,3.312,0.14365,-0.000,165.458,51.003,167.533,173.238,57.227,173.757,173.757,3.897,168.205,0.14632,3.886,168.205,0.14365,0
25045,88804,10,2,2,0,1,0,0,4,0,0,168.167,3.312,0.14382,-0.000,165.458,51.003,167.533,173.238,57.227,173.757,173.757,3.897,168.205,0.14650,3.886,168.205,0.14365,0
25061,88814,10,2,2,0,1,0,0,4,0,0,168.167,3.312,0.14369,-0.000,165.458,51.003,167.533,173.238,57.227,173.757,173.757,3.897,168.205,0.14636,3.886,168.205,0.14382,0
25061,88824,10,2,2,0,1,0,0,4,0,0,168.167,3.312,0.14352,-0.000,165.458,51.003,167.533,173.238,57.227,173.757,173.757,3.897,168.205,0.14619,3.886,168.205,0.14369,0
25076,88834,10,2,2,0,1,0,0,4,0,0,168.167,3.312,0.14325,-0.000,165.458,51.003,167.533,173.238,57.227,173.757,173.757,3.897,168.205,0.14593,3.886,168.205,0.14352,0
25092,88844,10,2,2,0,1,0,0,4,0,0,168.167,3.312,0.14332,-0.000,165.458,51.003,167.533,173.238,57.227,173.757,173.757,3.897,168.205,0.14600,3.886,168.205,0.14325,0
25092,88854,10,2,2,0,1,0,0,4,0,0,168.167,3.312,0.14326,-0.000,165.458,51.003,167.533,173.238,57.227,173.757,173.757,3.897,168.205,0.14594,3.886,168.205,0.14332,0
25108,88864,10,2,2,0,1,0,0,4,0,0,168.167,3.312,0.14320,-0.000,165.458,51.003,167.533,173.238,57.227,173.757,173.757,3.897,168.205,0.14587,3.886,168.205,0.14326,0
25123,88874,10,2,2,0,1,0,0,4,0,0,168.167,3.312,0.14322,-0.000,165.458,51.003,167.533,173.238,57.227,173.757,173.757,3.897,168.205,0.14589,3.886,168.205,0.14320,0
25123,88884,10,2,2,0,1,0,0,4,0,0,168.167,3.312,0.14300,-0.000,165.458,51.003,167.533,173.238,57.227,173.757,173.757,3.896,168.205,0.14567,3.886,168.205,0.14322,0
25140,88894,10,2,2,0,1,0,0,4,0,0,168.167,3.312,0.14292,-0.000,165.458,51.003,167.533,173.238,57.227,173.757,173.757,3.896,168.205,0.14559,3.885,168.205,0.14300,0
25140,88904,10,2,2,0,1,0,0,4,0,0,168.167,3.312,0.14332,-0.000,165.458,51.003,167.533,173.238,57.227,173.757,173.757,3.897,168.205,0.14599,3.885,168.205,0.14292,0
25155,88914,10,2,2,0,1,0,0,4,0,0,168.167,3.312,0.14314,-0.000,165.458,51.003,167.533,173.238,57.227,173.757,173.757,3.897,168.205,0.14582,3.886,168.205,0.14332,0
25171,88924,10,2,2,0,1,0,0,4,0,0,168.167,3.312,0.14316,-0.000,165.458,51.003,167.533,173.238,57.227,173.757,173.757,3.897,168.205,0.14583,3.885,168.205,0.14314,0
25171,88934,10,2,2,0,1,0,0,4,0,0,168.167,3.312,0.14320,-0.000,165.458,51.003,167.533,173.238,57.227,173.757,173.757,3.897,168.205,0.14588,3.886,168.205,0.14316,0
25188,88944,10,2,2,0,1,0,0,4,0,0,168.167,3.312,0.14348,-0.000,165.458,51.003,167.533,173.238,57.227,173.757,173.757,3.897,168.205,0.14616,3.886,168.205,0.14320,0
25202,88954,10,2,2,0,1,0,0,4,0,0,168.167,3.312,0.14325,-0.000,165.458,51.003,167.533,173.238,57.227,173.757,173.757,3.897,168.205,0.14593,3.886,168.205,0.14348,0
25202,88964,10,2,2,0,1,0,0,4,0,0,168.167,3.312,0.14307,-0.000,165.458,51.003,167.533,173.238,57.227,173.757,173.757,3.897,168.205,0.14574,3.886,168.205,0.14325,0
25218,88974,10,2,2,0,1,0,0,4,0,0,168.167,3.312,0.14312,-0.000,165.458,51.003,167.533,173.238,57.227,173.757,173.757,3.897,168.205,0.14580,3.885,168.205,0.14307,0
25234,88984,10,2,2,0,1,0,0,4,0,0,168.167,3.312,0.14317,-0.000,165.458,51.003,167.533,173.238,57.227,173.757,173.757,3.897,168.205,0.14584,3.885,168.205,0.14312,0
25234,88994,10,2,2,0,1,0,0,4,0,0,168.167,3.312,0.14316,-0.000,165.458,51.003,167.533,173.238,57.227,173.757,173.757,3.897,168.205,0.14584,3.886,168.205,0.14317,0
25250,89004,10,2,2,0,1,0,0,4,0,0,168.167,3.312,0.14332,-0.000,165.458,51.003,167.533,173.238,57.227,173.757,173.757,3.897,168.205,0.14600,3.886,168.205,0.14316,0
25250,89014,10,2,2,0,1,0,0,4,0,0,168.167,3.312,0.14328,-0.000,165.458,51.003,167.533,173.238,57.227,173.757,173.757,3.897,168.205,0.14595,3.886,168.205,0.14332,0
25265,89024,10,2,2,0,1,0,0,4,0,0,168.167,3.312,0.14333,-0.000,165.458,51.003,167.533,173.238,57.227,173.757,173.757,3.897,168.205,0.14600,3.886,168.205,0.14328,0
25281,89034,10,2,2,0,1,0,0,4,0,0,168.167,3.312,0.14314,-0.000,165.458,51.003,167.533,173.238,57.227,173.757,173.757,3.897,168.205,0.14582,3.886,168.205,0.14333,0
25281,89044,10,2,2,0,1,0,0,4,0,0,168.167,3.312,0.14309,-0.000,165.458,51.003,167.533,173.238,57.227,173.757,173.757,3.897,168.205,0.14577,3.885,168.205,0.14314,0
25297,89054,10,2,2,0,1,0,0,4,0,0,168.167,3.312,0.14328,-0.000,165.458,51.003,167.533,173.238,57.227,173.757,173.757,3.897,168.205,0.14596,3.885,168.205,0.14309,0
25313,89064,10,2,2,0,1,0,0,4,0,0,168.167,3.312,0.14323,-0.000,165.458,51.003,167.533,173.238,57.227,173.757,173.757,3.897,168.205,0.14591,3.886,168.205,0.14328,0
25313,89074,10,2,2,0,1,0,0,4,0,0,168.167,3.312,0.14325,-0.000,165.458,51.003,167.533,173.238,57.227,173.757,173.757,3.897,168.205,0.14593,3.886,168.205,0.14323,0
25329,89084,10,2,2,0,1,0,0,4,0,0,168.167,3.312,0.14306,-0.000,165.458,51.003,167.533,173.238,57.227,173.757,173.757,3.897,168.205,0.14573,3.886,168.205,0.14325,0
25343,89094,10,2,2,0,1,0,0,4,0,0,168.167,3.312,0.14310,-0.000,165.458,51.003,167.533,173.238,57.227,173.757,173.757,3.897,168.205,0.14577,3.885,168.205,0.14306,0
25343,89104,10,2,2,0,1,0,0,4,0,0,168.167,3.312,0.14306,-0.000,165.458,51.003,167.533,173.238,57.227,173.757,173.757,3.896,168.205,0.14573,3.885,168.205,0.14310,0
25359,89114,10,2,2,0,1,0,0,4,0,0,168.167,3.312,0.14336,-0.000,165.458,51.003,167.533,173.238,57.227,173.757,173.757,3.897,168.205,0.14603,3.885,168.205,0.14306,0
25375,89124,10,2,2,0,1,0,0,4,0,0,168.167,3.312,0.14339,-0.000,165.458,51.003,167.533,173.238,57.227,173.757,173.757,3.897,168.205,0.14607,3.886,168.205,0.14336,0
25375,89134,10,2,2,0,1,0,0,4,0,0,168.167,3.312,0.14349,-0.000,165.458,51.003,167.533,173.238,57.227,173.757,173.757,3.897,168.205,0.14617,3.886,168.205,0.14339,0
25391,89144,10,2,2,0,1,0,0,4,0,0,168.167,3.312,0.14340,-0.000,165.458,51.003,167.533,173.238,57.227,173.757,173.757,3.897,168.205,0.14608,3.886,168.205,0.14349,0
25391,89154,10,2,2,0,1,0,0,4,0,0,168.167,3.312,0.14325,-0.000,165.458,51.003,167.533,173.238,57.227,173.757,173.757,3.897,168.205,0.14592,3.886,168.205,0.14340,0
25405,89164,10,2,2,0,1,0,0,4,0,0,168.167,3.312,0.14311,-0.000,165.458,51.003,167.533,173.238,57.227,173.757,173.757,3.897,168.205,0.14578,3.886,168.205,0.14325,0
25420,89174,10,2,2,0,1,0,0,4,0,0,168.167,3.312,0.14290,-0.000,165.458,51.003,167.533,173.238,57.227,173.757,173.757,3.896,168.205,0.14557,3.885,168.205,0.14311,0
25420,89184,10,2,2,0,1,0,0,4,0,0,168.167,3.312,0.14292,-0.000,165.458,51.003,167.533,173.238,57.227,173.757,173.757,3.896,168.205,0.14559,3.885,168.205,0.14290,0
25436,89194,10,2,2,0,1,0,0,4,0,0,168.167,3.312,0.14302,-0.000,165.458,51.003,167.533,173.238,57.227,173.757,173.757,3.896,168.205,0.14570,3.885,168.205,0.14292,0
25452,89204,10,2,2,0,1,0,0,4,0,0,168.167,3.312,0.14286,-0.000,165.458,51.003,167.533,173.238,57.227,173.757,173.757,3.896,168.205,0.14554,3.885,168.205,0.14302,0
25452,89214,10,2,2,0,1,0,0,4,0,0,168.167,3.312,0.14286,-0.000,165.458,51.003,167.533,173.238,57.227,173.757,173.757,3.896,168.205,0.14554,3.885,168.205,0.14286,0
25467,89224,10,2,2,0,1,0,0,4,0,0,168.167,3.312,0.14306,-0.000,165.458,51.003,167.533,173.238,57.227,173.757,173.757,3.897,168.205,0.14573,3.885,168.205,0.14286,0
25483,89234,10,2,2,0,1,0,0,4,0,0,168.167,3.312,0.14312,-0.000,165.458,51.003,167.533,173.238,57.227,173.757,173.757,3.897,168.205,0.14580,3.885,168.205,0.14306,0
25483,89244,10,2,2,0,1,0,0,4,0,0,168.167,3.312,0.14287,-0.000,165.458,51.003,167.533,173.238,57.227,173.757,173.757,3.896,168.205,0.14554,3.885,168.205,0.14312,0
25498,89254,10,2,2,0,1,0,0,4,0,0,168.167,3.312,0.14288,-0.000,165.458,51.003,167.533,173.238,57.227,173.757,173.757,3.896,168.205,0.14556,3.885,168.205,0.14287,0
25513,89264,10,2,2,0,1,0,0,4,0,0,168.167,3.312,0.14277,-0.000,165.458,51.003,167.533,173.238,57.227,173.757,173.757,3.896,168.205,0.14544,3.885,168.205,0.14288,0
25513,89274,10,2,2,0,1,0,0,4,0,0,168.167,3.312,0.14305,-0.000,165.458,51.003,167.533,173.238,57.227,173.757,173.757,3.896,168.205,0.14572,3.885,168.205,0.14277,0
25529,89284,10,2,2,0,1,0,0,4,0,0,168.167,3.312,0.14310,-0.000,165.458,51.003,167.533,173.238,57.227,173.757,173.757,3.897,168.205,0.14578,3.885,168.205,0.14305,0
25544,89294,10,2,2,0,1,0,0,4,0,0,168.167,3.312,0.14309,-0.000,165.458,51.003,167.533,173.238,57.227,173.757,173.757,3.897,168.205,0.14577,3.885,168.205,0.14310,0
25544,89304,10,2,2,0,1,0,0,4,0,0,168.167,3.312,0.14304,-0.000,165.458,51.003,167.533,173.238,57.227,173.757,173.757,3.896,168.205,0.14571,3.885,168.205,0.14309,0
25560,89314,10,2,2,0,1,0,0,4,0,0,168.167,3.312,0.14314,-0.000,165.458,51.003,167.533,173.238,57.227,173.757,173.757,3.897,168.205,0.14581,3.885,168.205,0.14304,0
25576,89324,10,2,2,0,1,0,0,4,0,0,168.167,3.312,0.14296,-0.000,165.458,51.003,167.533,173.238,57.227,173.757,173.757,3.896,168.205,0.14564,3.885,168.205,0.14314,0
25576,89334,10,2,2,0,1,0,0,4,0,0,168.167,3.312,0.14267,-0.000,165.458,51.003,167.533,173.238,57.227,173.757,173.757,3.896,168.205,0.14535,3.885,168.205,0.14296,0
25592,89344,10,2,2,0,1,0,0,4,0,0,168.167,3.312,0.14274,-0.000,165.458,51.003,167.533,173.238,57.227,173.757,173.757,3.896,168.205,0.14542,3.885,168.205,0.14267,0
25592,89354,10,2,2,0,1,0,0,4,0,0,168.167,3.312,0.14289,-0.000,165.458,51.003,167.533,173.238,57.227,173.757,173.757,3.896,168.205,0.14556,3.885,168.205,0.14274,0
25607,89364,10,2,2,0,1,0,0,4,0,0,168.167,3.387,0.14293,-0.000,165.458,51.003,167.533,173.238,57.227,173.757,173.757,3.972,168.205,0.14561,3.885,168.205,0.14289,0
25622,89374,10,2,2,0,1,0,0,4,0,0,168.167,3.312,0.14302,-0.000,165.458,51.003,167.533,173.238,57.227,173.757,173.757,3.896,168.205,0.14569,3.961,168.204,0.14293,0
25622,89384,10,2,2,0,1,0,0,4,0,0,168.167,3.312,0.14296,-0.000,165.458,51.003,167.533,173.238,57.227,173.757,173.757,3.896,168.205,0.14564,3.885,168.205,0.14302,0
25638,89394,10,2,2,0,1,0,0,4,0,0,168.167,3.312,0.14295,-0.000,165.458,51.003,167.533,173.238,57.227,173.757,173.757,3.896,168.205,0.14562,3.885,168.205,0.14296,0
25653,89404,10,2,2,0,1,0,0,4,0,0,168.167,3.312,0.14311,-0.000,165.458,51.003,167.533,173.238,57.227,173.757,173.757,3.897,168.205,0.14579,3.885,168.205,0.14295,0
25653,89414,10,2,2,0,1,0,0,4,0,0,168.167,3.312,0.14329,-0.000,165.458,51.003,167.533,173.238,57.227,173.757,173.757,3.897,168.205,0.14596,3.885,168.205,0.14311,0
25669,89424,10,2,2,0,1,0,0,4,0,0,168.167,3.312,0.14331,-0.000,165.458,51.003,167.533,173.238,57.227,173.757,173.757,3.897,168.205,0.14599,3.886,168.205,0.14329,0
25685,89434,10,2,2,0,1,0,0,4,0,0,168.167,3.387,0.14330,-0.000,165.458,51.003,167.533,173.238,57.227,173.757,173.757,3.972,168.205,0.14598,3.886,168.205,0.14331,0
25685,89444,10,2,2,0,1,0,0,4,0,0,168.167,3.312,0.14313,-0.000,165.458,51.003,167.533,173.238,57.227,173.757,173.757,3.897,168.205,0.14581,3.961,168.205,0.14330,0
25700,89454,10,2,2,0,1,0,0,4,0,0,168.167,3.312,0.14310,-0.000,165.458,51.003,167.533,173.238,57.227,173.757,173.757,3.897,168.205,0.14578,3.885,168.205,0.14313,0
25715,89464,10,2,2,0,1,0,0,4,0,0,168.167,3.387,0.14291,-0.000,165.458,51.003,167.533,173.238,57.227,173.757,173.757,3.972,168.205,0.14559,3.885,168.205,0.14310,0
25715,89474,10,2,2,0,1,0,0,4,0,0,168.167,3.312,0.14296,-0.000,165.458,51.003,167.533,173.238,57.227,173.757,173.757,3.896,168.205,0.14564,3.961,168.204,0.14291,0
25731,89484,10,2,2,0,1,0,0,4,0,0,168.167,3.312,0.14285,-0.000,165.458,51.003,167.533,173.238,57.227,173.757,173.757,3.896,168.205,0.14553,3.885,168.205,0.14296,0
25731,89494,10,2,2,0,1,0,0,4,0,0,168.167,3.387,0.14305,-0.000,165.458,51.003,167.533,173.238,57.227,173.757,173.757,3.972,168.205,0.14572,3.885,168.205,0.14285,0
25747,89504,10,2,2,0,1,0,0,4,0,0,168.167,3.312,0.14289,-0.000,165.458,51.003,167.533,173.238,57.227,173.757,173.757,3.896,168.205,0.14556,3.961,168.204,0.14305,0
25763,89514,10,2,2,0,1,0,0,4,0,0,168.167,3.312,0.14318,-0.000,165.458,51.003,167.533,173.238,57.227,173.757,173.757,3.897,168.205,0.14586,3.885,168.205,0.14289,0
25763,89524,10,2,2,0,1,0,0,4,0,0,168.167,3.312,0.14330,-0.000,165.458,51.003,167.533,173.238,57.227,173.757,173.757,3.897,168.205,0.14598,3.886,168.205,0.14318,0
25778,89534,10,2,2,0,1,0,0,4,0,0,168.167,3.312,0.14325,-0.000,165.458,51.003,167.533,173.238,57.227,173.757,173.757,3.897,168.205,0.14593,3.886,168.205,0.14330,0
25794,89544,10,2,2,0,1,0,0,4,0,0,168.167,3.312,0.14319,-0.000,165.458,51.003,167.533,173.238,57.227,173.757,173.757,3.897,168.205,0.14586,3.886,168.205,0.14325,0
25794,89554,10,2,2,0,1,0,0,4,0,0,168.167,3.312,0.14318,-0.000,165.458,51.003,167.533,173.238,57.227,173.757,173.757,3.897,168.205,0.14585,3.886,168.205,0.14319,0
25809,89564,10,2,2,0,1,0,0,4,0,0,168.167,3.312,0.14303,-0.000,165.458,51.003,167.533,173.238,57.227,173.757,173.757,3.896,168.205,0.14570,3.886,168.205,0.14318,0
25825,89574,10,2,2,0,1,0,0,4,0,0,168.167,3.312,0.14280,-0.000,165.458,51.003,167.533,173.238,57.227,173.757,173.757,3.896,168.205,0.14547,3.885,168.205,0.14303,0
25825,89584,10,2,2,0,1,0,0,4,0,0,168.167,3.312,0.14281,-0.000,165.458,51.003,167.533,173.238,57.227,173.757,173.757,3.896,168.205,0.14549,3.885,168.205,0.14280,0
25840,89594,10,2,2,0,1,0,0,4,0,0,168.167,3.312,0.14294,-0.000,165.458,51.003,167.533,173.238,57.227,173.757,173.757,3.896,168.205,0.14561,3.885,168.205,0.14281,0
25856,89604,10,2,2,0,1,0,0,4,0,0,168.167,3.312,0.14305,-0.000,165.458,51.003,167.533,173.238,57.227,173.757,173.757,3.896,168.205,0.14572,3.885,168.205,0.14294,0
25856,89614,10,2,2,0,1,0,0,4,0,0,168.167,3.312,0.14305,-0.000,165.458,51.003,167.533,173.238,57.227,173.757,173.757,3.896,168.205,0.14573,3.885,168.205,0.14305,0
25871,89624,10,2,2,0,1,0,0,4,0,0,168.167,3.312,0.14278,-0.000,165.458,51.003,167.533,173.238,57.227,173.757,173.757,3.896,168.205,0.14545,3.885,168.205,0.14305,0
25871,89634,10,2,2,0,1,0,0,4,0,0,168.167,3.312,0.14306,-0.000,165.458,51.003,167.533,173.238,57.227,173.757,173.757,3.897,168.205,0.14573,3.885,168.205,0.14278,0
25887,89644,10,2,2,0,1,0,0,4,0,0,168.167,3.387,0.14322,-0.000,165.458,51.003,167.533,173.238,57.227,173.757,173.757,3.972,168.205,0.14589,3.885,168.205,0.14306,0
25903,89654,10,2,2,0,1,0,0,4,0,0,168.167,3.387,0.14317,-0.000,165.458,51.003,167.533,173.238,57.227,173.757,173.757,3.972,168.205,0.14585,3.961,168.205,0.14322,0
25903,89664,10,2,2,0,1,0,0,4,0,0,168.167,3.312,0.14359,-0.000,165.458,51.003,167.533,173.238,57.227,173.757,173.757,3.897,168.205,0.14627,3.961,168.205,0.14317,0
25918,89674,10,2,2,0,1,0,0,4,0,0,168.167,3.312,0.14376,-0.000,165.458,51.003,167.533,173.238,57.227,173.757,173.757,3.897,168.205,0.14644,3.886,168.205,0.14359,0
25934,89684,10,2,2,0,1,0,0,4,0,0,168.167,3.312,0.14385,-0.000,165.458,51.003,167.533,173.238,57.227,173.757,173.757,3.897,168.206,0.14653,3.886,168.205,0.14376,0
25934,89694,10,2,2,0,1,0,0,4,0,0,168.167,3.312,0.14362,-0.000,165.458,51.003,167.533,173.238,57.227,173.757,173.757,3.897,168.205,0.14629,3.886,168.205,0.14385,0
25949,89704,10,2,2,0,1,0,0,4,0,0,168.167,3.387,0.14361,-0.000,165.458,51.003,167.533,173.238,57.227,173.757,173.757,3.973,168.205,0.14629,3.886,168.205,0.14362,0
25965,89714,10,2,2,0,1,0,0,4,0,0,168.167,3.387,0.14365,-0.000,165.458,51.003,167.533,173.238,57.227,173.757,173.757,3.973,168.205,0.14633,3.961,168.205,0.14361,0
25965,89724,10,2,2,0,1,0,0,4,0,0,168.167,3.312,0.14372,-0.000,165.458,51.003,167.533,173.238,57.227,173.757,173.757,3.897,168.205,0.14639,3.961,168.205,0.14365,0
25980,89734,10,2,2,0,1,0,0,4,0,0,168.167,3.312,0.14364,-0.000,165.458,51.003,167.533,173.238,57.227,173.757,173.757,3.897,168.205,0.14632,3.886,168.205,0.14372,0
25996,89744,10,2,2,0,1,0,0,4,0,0,168.167,3.312,0.14366,-0.000,165.458,51.003,167.533,173.238,57.227,173.757,173.757,3.897,168.205,0.14634,3.886,168.205,0.14364,0
25996,89754,10,2,2,0,1,0,0,4,0,0,168.167,3.312,0.14345,-0.000,165.458,51.003,167.533,173.238,57.227,173.757,173.757,3.897,168.205,0.14612,3.886,168.205,0.14366,0
26011,89764,10,2,2,0,1,0,0,4,0,0,168.167,3.312,0.14331,-0.000,165.458,51.003,167.533,173.238,57.227,173.757,173.757,3.897,168.205,0.14598,3.886,168.205,0.14345,0
26011,89774,10,2,2,0,1,0,0,4,0,0,168.167,3.312,0.14343,-0.000,165.458,51.003,167.533,173.238,57.227,173.757,173.757,3.897,168.205,0.14610,3.886,168.205,0.14331,0
26026,89784,10,2,2,0,1,0,0,4,0,0,168.167,3.312,0.14351,-0.000,165.458,51.003,167.533,173.238,57.227,173.757,173.757,3.897,168.205,0.14619,3.886,168.205,0.14343,0
26041,89794,10,2,2,0,1,0,0,4,0,0,168.167,3.312,0.14353,-0.000,165.458,51.003,167.533,173.238,57.227,173.757,173.757,3.897,168.205,0.14621,3.886,168.205,0.14351,0
26041,89804,10,2,2,0,1,0,0,4,0,0,168.167,3.312,0.14363,-0.000,165.458,51.003,167.533,173.238,57.227,173.757,173.757,3.897,168.205,0.14630,3.886,168.205,0.14353,0
26057,89814,10,2,2,0,1,0,0,4,0,0,168.167,3.312,0.14373,-0.000,165.458,51.003,167.533,173.238,57.227,173.757,173.757,3.897,168.205,0.14641,3.886,168.205,0.14363,0
26073,89824,10,2,2,0,1,0,0,4,0,0,168.167,3.312,0.14374,-0.000,165.458,51.003,167.533,173.238,57.227,173.757,173.757,3.897,168.205,0.14642,3.886,168.205,0.14373,0
26073,89834,10,2,2,0,1,0,0,4,0,0,168.167,3.312,0.14341,-0.000,165.458,51.003,167.533,173.238,57.227,173.757,173.757,3.897,168.205,0.14609,3.886,168.205,0.14374,0
26089,89844,10,2,2,0,1,0,0,4,0,0,168.167,3.312,0.14309,-0.000,165.458,51.003,167.533,173.238,57.227,173.757,173.757,3.897,168.205,0.14577,3.886,168.205,0.14341,0
26104,89854,10,2,2,0,1,0,0,4,0,0,168.167,3.312,0.14306,-0.000,165.458,51.003,167.533,173.238,57.227,173.757,173.757,3.897,168.205,0.14574,3.885,168.205,0.14309,0
26104,89864,10,2,2,0,1,0,0,4,0,0,168.167,3.312,0.14308,-0.000,165.458,51.003,167.533,173.238,57.227,173.757,173.757,3.897,168.205,0.14576,3.885,168.205,0.14306,0
26119,89874,10,2,2,0,1,0,0,4,0,0,168.167,3.312,0.14310,-0.000,165.458,51.003,167.533,173.238,57.227,173.757,173.757,3.897,168.205,0.14578,3.885,168.205,0.14308,0
26134,89884,10,2,2,0,1,0,0,4,0,0,168.167,3.312,0.14304,-0.000,165.458,51.003,167.533,173.238,57.227,173.757,173.757,3.896,168.205,0.14572,3.885,168.205,0.14310,0
26134,89894,10,2,2,0,1,0,0,4,0,0,168.167,3.312,0.14305,-0.000,165.458,51.003,167.533,173.238,57.227,173.757,173.757,3.896,168.205,0.14572,3.885,168.205,0.14304,0
26149,89904,10,2,2,0,1,0,0,4,0,0,168.167,3.312,0.14288,-0.000,165.458,51.003,167.533,173.238,57.227,173.757,173.757,3.896,168.205,0.14555,3.885,168.205,0.14305,0
26165,89914,10,2,2,0,1,0,0,4,0,0,168.167,3.312,0.14277,-0.000,165.458,51.003,167.533,173.238,57.227,173.757,173.757,3.896,168.205,0.14545,3.885,168.205,0.14288,0
26165,89924,10,2,2,0,1,0,0,4,0,0,168.167,3.387,0.14305,-0.000,165.458,51.003,167.533,173.238,57.227,173.757,173.757,3.972,168.205,0.14573,3.885,168.205,0.14277,0
26180,89934,10,2,2,0,1,0,0,4,0,0,168.167,3.312,0.14298,-0.000,165.458,51.003,167.533,173.238,57.227,173.757,173.757,3.896,168.205,0.14566,3.961,168.204,0.14305,0
26180,89944,10,2,2,0,1,0,0,4,0,0,168.167,3.387,0.14295,-0.000,165.458,51.003,167.533,173.238,57.227,173.757,173.757,3.972,168.205,0.14563,3.885,168.205,0.14298,0
26196,89954,10,2,2,0,1,0,0,4,0,0,168.167,3.387,0.14325,-0.000,165.458,51.003,167.533,173.238,57.227,173.757,173.757,3.972,168.205,0.14592,3.961,168.204,0.14295,0
26212,89964,10,2,2,0,1,0,0,4,0,0,168.167,3.312,0.14339,-0.000,165.458,51.003,167.533,173.238,57.227,173.757,173.757,3.897,168.205,0.14607,3.961,168.205,0.14325,0
26212,89974,10,2,2,0,1,0,0,4,0,0,168.167,3.312,0.14363,-0.000,165.458,51.003,167.533,173.238,57.227,173.757,173.757,3.897,168.205,0.14631,3.886,168.205,0.14339,0
26228,89984,10,2,2,0,1,0,0,4,0,0,168.167,3.312,0.14348,-0.000,165.458,51.003,167.533,173.238,57.227,173.757,173.757,3.897,168.205,0.14616,3.886,168.205,0.14363,0
26243,89994,10,2,2,0,1,0,0,4,0,0,168.167,3.312,0.14336,-0.000,165.458,51.003,167.533,173.238,57.227,173.757,173.757,3.897,168.205,0.14604,3.886,168.205,0.14348,0
26243,90004,10,2,2,0,1,0,0,4,0,0,168.167,3.312,0.14352,-0.000,165.458,51.003,167.533,173.238,57.227,173.757,173.757,3.897,168.205,0.14620,3.886,168.205,0.14336,0
26258,90014,10,2,2,0,1,0,0,4,0,0,168.167,3.312,0.14371,-0.000,165.458,51.003,167.533,173.238,57.227,173.757,173.757,3.897,168.205,0.14639,3.886,168.205,0.14352,0
26274,90024,10,2,2,0,1,0,0,4,0,0,168.167,3.312,0.14394,-0.000,165.458,51.003,167.533,173.238,57.227,173.757,173.757,3.898,168.206,0.14662,3.886,168.205,0.14371,0
26274,90034,10,2,2,0,1,0,0,4,0,0,168.167,3.312,0.14418,-0.000,165.458,51.003,167.533,173.238,57.227,173.757,173.757,3.898,168.206,0.14686,3.886,168.205,0.14394,0
26290,90044,10,2,2,0,1,0,0,4,0,0,168.167,3.312,0.14423,-0.000,165.458,51.003,167.533,173.238,57.227,173.757,173.757,3.898,168.206,0.14691,3.887,168.205,0.14418,0
26290,90054,10,2,2,0,1,0,0,4,0,0,168.167,3.312,0.14405,-0.000,165.458,51.003,167.533,173.238,57.227,173.757,173.757,3.898,168.206,0.14673,3.887,168.205,0.14423,0
26306,90064,10,2,2,0,1,0,0,4,0,0,168.167,3.312,0.14389,-0.000,165.458,51.003,167.533,173.238,57.227,173.757,173.757,3.898,168.206,0.14656,3.887,168.205,0.14405,0
26321,90074,10,2,2,0,1,0,0,4,0,0,168.167,3.387,0.14378,-0.000,165.458,51.003,167.533,173.238,57.227,173.757,173.757,3.973,168.205,0.14646,3.886,168.205,0.14389,0
26321,90084,10,2,2,0,1,0,0,4,0,0,168.167,3.312,0.14383,-0.000,165.458,51.003,167.533,173.238,57.227,173.757,173.757,3.897,168.205,0.14650,3.962,168.205,0.14378,0
26337,90094,10,2,2,0,1,0,0,4,0,0,168.167,3.312,0.14380,-0.000,165.458,51.003,167.533,173.238,57.227,173.757,173.757,3.897,168.205,0.14647,3.886,168.205,0.14383,0
26352,90104,10,2,2,0,1,0,0,4,0,0,168.167,3.312,0.14357,-0.000,165.458,51.003,167.533,173.238,57.227,173.757,173.757,3.897,168.205,0.14624,3.886,168.205,0.14380,0
26352,90114,10,2,2,0,1,0,0,4,0,0,168.167,3.312,0.14344,-0.000,165.458,51.003,167.533,173.238,57.227,173.757,173.757,3.897,168.205,0.14611,3.886,168.205,0.14357,0
26367,90124,10,2,2,0,1,0,0,4,0,0,168.167,3.312,0.14313,-0.000,165.458,51.003,167.533,173.238,57.227,173.757,173.757,3.897,168.205,0.14581,3.886,168.205,0.14344,0
26383,90134,10,2,2,0,1,0,0,4,0,0,168.167,3.312,0.14303,-0.000,165.458,51.003,167.533,173.238,57.227,173.757,173.757,3.896,168.205,0.14571,3.885,168.205,0.14313,0
26383,90144,10,2,2,0,1,0,0,4,0,0,168.167,3.312,0.14306,-0.000,165.458,51.003,167.533,173.238,57.227,173.757,173.757,3.897,168.205,0.14573,3.885,168.205,0.14303,0
26399,90154,10,2,2,0,1,0,0,4,0,0,168.167,3.312,0.14289,-0.000,165.458,51.003,167.533,173.238,57.227,173.757,173.757,3.896,168.205,0.14557,3.885,168.205,0.14306,0
26414,90164,10,2,2,0,1,0,0,4,0,0,168.167,3.312,0.14311,-0.000,165.458,51.003,167.533,173.238,57.227,173.757,173.757,3.897,168.205,0.14579,3.885,168.205,0.14289,0
26414,90174,10,2,2,0,1,0,0,4,0,0,168.167,3.312,0.14323,-0.000,165.458,51.003,167.533,173.238,57.227,173.757,173.757,3.897,168.205,0.14590,3.885,168.205,0.14311,0
26430,90184,10,2,2,0,1,0,0,4,0,0,168.167,3.312,0.14335,-0.000,165.458,51.003,167.533,173.238,57.227,173.757,173.757,3.897,168.205,0.14603,3.886,168.205,0.14323,0
26445,90194,10,2,2,0,1,0,0,4,0,0,168.167,3.312,0.14339,-0.000,165.458,51.003,167.533,173.238,57.227,173.757,173.757,3.897,168.205,0.14606,3.886,168.205,0.14335,0
26445,90204,10,2,2,0,1,0,0,4,0,0,168.167,3.312,0.14328,-0.000,165.458,51.003,167.533,173.238,57.227,173.757,173.757,3.897,168.205,0.14596,3.886,168.205,0.14339,0
26461,90214,10,2,2,0,1,0,0,4,0,0,168.167,3.312,0.14335,-0.000,165.458,51.003,167.533,173.238,57.227,173.757,173.757,3.897,168.205,0.14602,3.886,168.205,0.14328,0
26461,90224,10,2,2,0,1,0,0,4,0,0,168.167,3.312,0.14338,-0.000,165.458,51.003,167.533,173.238,57.227,173.757,173.757,3.897,168.205,0.14606,3.886,168.205,0.14335,0
26476,90234,10,2,2,0,1,0,0,4,0,0,168.167,3.312,0.14326,-0.000,165.458,51.003,167.533,173.238,57.227,173.757,173.757,3.897,168.205,0.14593,3.886,168.205,0.14338,0
26492,90244,10,2,2,0,1,0,0,4,0,0,168.167,3.312,0.14306,-0.000,165.458,51.003,167.533,173.238,57.227,173.757,173.757,3.897,168.205,0.14574,3.886,168.205,0.14326,0
26492,90254,10,2,2,0,1,0,0,4,0,0,168.167,3.312,0.14310,-0.000,165.458,51.003,167.533,173.238,57.227,173.757,173.757,3.897,168.205,0.14577,3.885,168.205,0.14306,0
26508,90264,10,2,2,0,1,0,0,4,0,0,168.167,3.312,0.14295,-0.000,165.458,51.003,167.533,173.238,57.227,173.757,173.757,3.896,168.205,0.14563,3.885,168.205,0.14310,0
26524,90274,10,2,2,0,1,0,0,4,0,0,168.167,3.312,0.14311,-0.000,165.458,51.003,167.533,173.238,57.227,173.757,173.757,3.897,168.205,0.14579,3.885,168.205,0.14295,0
26524,90284,10,2,2,0,1,0,0,4,0,0,168.167,3.312,0.14334,-0.000,165.458,51.003,167.533,173.238,57.227,173.757,173.757,3.897,168.205,0.14602,3.885,168.205,0.14311,0
26540,90294,10,2,2,0,1,0,0,4,0,0,168.167,3.312,0.14327,-0.000,165.458,51.003,167.533,173.238,57.227,173.757,173.757,3.897,168.205,0.14594,3.886,168.205,0.14334,0
26555,90304,10,2,2,0,1,0,0,4,0,0,168.167,3.387,0.14324,-0.000,165.458,51.003,167.533,173.238,57.227,173.757,173.757,3.972,168.205,0.14591,3.886,168.205,0.14327,0
26555,90314,10,2,2,0,1,0,0,4,0,0,168.167,3.312,0.14340,-0.000,165.458,51.003,167.533,173.238,57.227,173.757,173.757,3.897,168.205,0.14608,3.961,168.205,0.14324,0
26571,90324,10,2,2,0,1,0,0,4,0,0,168.167,3.312,0.14306,-0.000,165.458,51.003,167.533,173.238,57.227,173.757,173.757,3.896,168.205,0.14573,3.886,168.205,0.14340,0
26571,90334,10,2,2,0,1,0,0,4,0,0,168.167,3.312,0.14335,-0.000,165.458,51.003,167.533,173.238,57.227,173.757,173.757,3.897,168.205,0.14602,3.885,168.205,0.14306,0
26587,90344,10,2,2,0,1,0,0,4,0,0,168.167,3.312,0.14318,-0.000,165.458,51.003,167.533,173.238,57.227,173.757,173.757,3.897,168.205,0.14586,3.886,168.205,0.14335,0
26603,90354,10,2,2,0,1,0,0,4,0,0,168.167,3.312,0.14338,-0.000,165.458,51.003,167.533,173.238,57.227,173.757,173.757,3.897,168.205,0.14605,3.886,168.205,0.14318,0
26603,90364,10,2,2,0,1,0,0,4,0,0,168.167,3.387,0.14333,-0.000,165.458,51.003,167.533,173.238,57.227,173.757,173.757,3.972,168.205,0.14601,3.886,168.205,0.14338,0
26618,90374,10,2,2,0,1,0,0,4,0,0,168.167,3.312,0.14333,-0.000,165.458,51.003,167.533,173.238,57.227,173.757,173.757,3.897,168.205,0.14600,3.961,168.205,0.14333,0
26634,90384,10,2,2,0,1,0,0,4,0,0,168.167,3.387,0.14342,-0.000,165.458,51.003,167.533,173.238,57.227,173.757,173.757,3.972,168.205,0.14609,3.886,168.205,0.14333,0
26634,90394,10,2,2,0,1,0,0,4,0,0,168.167,3.387,0.14342,-0.000,165.458,51.003,167.533,173.238,57.227,173.757,173.757,3.972,168.205,0.14609,3.961,168.205,0.14342,0
26649,90404,10,2,2,0,1,0,0,4,0,0,168.167,3.312,0.14318,-0.000,165.458,51.003,167.533,173.238,57.227,173.757,173.757,3.897,168.205,0.14586,3.961,168.205,0.14342,0
26665,90414,10,2,2,0,1,0,0,4,0,0,168.167,3.312,0.14319,-0.000,165.458,51.003,167.533,173.238,57.227,173.757,173.757,3.897,168.205,0.14587,3.886,168.205,0.14318,0
26665,90424,10,2,2,0,1,0,0,4,0,0,168.167,3.312,0.14307,-0.000,165.458,51.003,167.533,173.238,57.227,173.757,173.757,3.897,168.205,0.14575,3.886,168.205,0.14319,0
26681,90434,10,2,2,0,1,0,0,4,0,0,168.167,3.312,0.14302,-0.000,165.458,51.003,167.533,173.238,57.227,173.757,173.757,3.896,168.205,0.14570,3.885,168.205,0.14307,0
26681,90444,10,2,2,0,1,0,0,4,0,0,168.167,3.312,0.14280,-0.000,165.458,51.003,167.533,173.238,57.227,173.757,173.757,3.896,168.205,0.14547,3.885,168.205,0.14302,0
26696,90454,10,2,2,0,1,0,0,4,0,0,168.167,3.387,0.14290,-0.000,165.458,51.003,167.533,173.238,57.227,173.757,173.757,3.972,168.205,0.14557,3.885,168.205,0.14280,0
26711,90464,10,2,2,0,1,0,0,4,0,0,168.167,3.312,0.14259,-0.000,165.458,51.003,167.533,173.238,57.227,173.757,173.757,3.896,168.205,0.14527,3.961,168.204,0.14290,0
26711,90474,10,2,2,0,1,0,0,4,0,0,168.167,3.312,0.14285,-0.000,165.458,51.003,167.533,173.238,57.227,173.757,173.757,3.896,168.205,0.14552,3.885,168.205,0.14259,0
26727,90484,10,2,2,0,1,0,0,4,0,0,168.167,3.312,0.14315,-0.000,165.458,51.003,167.533,173.238,57.227,173.757,173.757,3.897,168.205,0.14583,3.885,168.205,0.14285,0
26742,90494,10,2,2,0,1,0,0,4,0,0,168.167,3.312,0.14357,-0.000,165.458,51.003,167.533,173.238,57.227,173.757,173.757,3.897,168.205,0.14624,3.885,168.205,0.14315,0
26742,90504,10,2,2,0,1,0,0,4,0,0,168.167,3.387,0.14363,-0.000,165.458,51.003,167.533,173.238,57.227,173.757,173.757,3.973,168.205,0.14631,3.886,168.205,0.14357,0
26759,90514,10,2,2,0,1,0,0,4,0,0,168.167,3.312,0.14345,-0.000,165.458,51.003,167.533,173.238,57.227,173.757,173.757,3.897,168.205,0.14612,3.961,168.205,0.14363,0
26773,90524,10,2,2,0,1,0,0,4,0,0,168.167,3.312,0.14326,-0.000,165.458,51.003,167.533,173.238,57.227,173.757,173.757,3.897,168.205,0.14594,3.886,168.205,0.14345,0
26773,90534,10,2,2,0,1,0,0,4,0,0,168.167,3.312,0.14323,-0.000,165.458,51.003,167.533,173.238,57.227,173.757,173.757,3.897,168.205,0.14591,3.886,168.205,0.14326,0
26790,90544,10,2,2,0,1,0,0,4,0,0,168.167,3.387,0.14301,-0.000,165.458,51.003,167.533,173.238,57.227,173.757,173.757,3.972,168.205,0.14569,3.886,168.205,0.14323,0
26806,90554,10,2,2,0,1,0,0,4,0,0,168.167,3.312,0.14316,-0.000,165.458,51.003,167.533,173.238,57.227,173.757,173.757,3.897,168.205,0.14583,3.961,168.204,0.14301,0
26806,90564,10,2,2,0,1,0,0,4,0,0,168.167,3.387,0.14321,-0.000,165.458,51.003,167.533,173.238,57.227,173.757,173.757,3.972,168.205,0.14589,3.886,168.205,0.14316,0
26821,90574,10,2,2,0,1,0,0,4,0,0,168.167,3.312,0.14311,-0.000,165.458,51.003,167.533,173.238,57.227,173.757,173.757,3.897,168.205,0.14578,3.961,168.205,0.14321,0
26821,90584,10,2,2,0,1,0,0,4,0,0,168.167,3.312,0.14295,-0.000,165.458,51.003,167.533,173.238,57.227,173.757,173.757,3.896,168.205,0.14563,3.885,168.205,0.14311,0
26836,90594,10,2,2,0,1,0,0,4,0,0,168.167,3.312,0.14282,-0.000,165.458,51.003,167.533,173.238,57.227,173.757,173.757,3.896,168.205,0.14550,3.885,168.205,0.14295,0
26852,90604,10,2,2,0,1,0,0,4,0,0,168.167,3.312,0.14285,-0.000,165.458,51.003,167.533,173.238,57.227,173.757,173.757,3.896,168.205,0.14552,3.885,168.205,0.14282,0
26852,90614,10,2,2,0,1,0,0,4,0,0,168.167,3.312,0.14276,-0.000,165.458,51.003,167.533,173.238,57.227,173.757,173.757,3.896,168.205,0.14544,3.885,168.205,0.14285,0
26868,90624,10,2,2,0,1,0,0,4,0,0,168.167,3.312,0.14276,-0.000,165.458,51.003,167.533,173.238,57.227,173.757,173.757,3.896,168.205,0.14544,3.885,168.205,0.14276,0
26884,90634,10,2,2,0,1,0,0,4,0,0,168.167,3.312,0.14284,-0.000,165.458,51.003,167.533,173.238,57.227,173.757,173.757,3.896,168.205,0.14552,3.885,168.205,0.14276,0
26884,90644,10,2,2,0,1,0,0,4,0,0,168.167,3.312,0.14295,-0.000,165.458,51.003,167.533,173.238,57.227,173.757,173.757,3.896,168.205,0.14562,3.885,168.205,0.14284,0
26899,90654,10,2,2,0,1,0,0,4,0,0,168.167,3.387,0.14304,-0.000,165.458,51.003,167.533,173.238,57.227,173.757,173.757,3.972,168.205,0.14572,3.885,168.205,0.14295,0
26914,90664,10,2,2,0,1,0,0,4,0,0,168.167,3.312,0.14282,-0.000,165.458,51.003,167.533,173.238,57.227,173.757,173.757,3.896,168.205,0.14550,3.961,168.205,0.14304,0
26914,90674,10,2,2,0,1,0,0,4,0,0,168.167,3.312,0.14279,-0.000,165.458,51.003,167.533,173.238,57.227,173.757,173.757,3.896,168.205,0.14547,3.885,168.205,0.14282,0
26929,90684,10,2,2,0,1,0,0,4,0,0,168.167,3.387,0.14265,-0.000,165.458,51.003,167.533,173.238,57.227,173.757,173.757,3.971,168.205,0.14533,3.885,168.205,0.14279,0
26944,90694,10,2,2,0,1,0,0,4,0,0,168.167,3.387,0.14284,-0.000,165.458,51.003,167.533,173.238,57.227,173.757,173.757,3.972,168.205,0.14552,3.960,168.204,0.14265,0
26944,90704,10,2,2,0,1,0,0,4,0,0,168.167,3.312,0.14282,-0.000,165.458,51.003,167.533,173.238,57.227,173.757,173.757,3.896,168.205,0.14549,3.960,168.204,0.14284,0
26960,90714,10,2,2,0,1,0,0,4,0,0,168.167,3.387,0.14286,-0.000,165.458,51.003,167.533,173.238,57.227,173.757,173.757,3.972,168.205,0.14554,3.885,168.205,0.14282,0
26975,90724,10,2,2,0,1,0,0,4,0,0,168.167,3.312,0.14274,-0.000,165.458,51.003,167.533,173.238,57.227,173.757,173.757,3.896,168.205,0.14542,3.961,168.204,0.14286,0
26975,90734,10,2,2,0,1,0,0,4,0,0,168.167,3.312,0.14270,-0.000,165.458,51.003,167.533,173.238,57.227,173.757,173.757,3.896,168.205,0.14538,3.885,168.205,0.14274,0
26990,90744,10,2,2,0,1,0,0,4,0,0,168.167,3.312,0.14287,-0.000,165.458,51.003,167.533,173.238,57.227,173.757,173.757,3.896,168.205,0.14555,3.885,168.205,0.14270,0
26990,90754,10,2,2,0,1,0,0,4,0,0,168.167,3.312,0.14288,-0.000,165.458,51.003,167.533,173.238,57.227,173.757,173.757,3.896,168.205,0.14556,3.885,168.205,0.14287,0
27006,90764,10,2,2,0,1,0,0,4,0,0,168.167,3.312,0.14287,-0.000,165.458,51.003,167.533,173.238,57.227,173.757,173.757,3.896,168.205,0.14554,3.885,168.205,0.14288,0
27023,90774,10,2,2,0,1,0,0,4,0,0,168.167,3.312,0.14304,-0.000,165.458,51.003,167.533,173.238,57.227,173.757,173.757,3.896,168.205,0.14571,3.885,168.205,0.14287,0
27023,90784,10,2,2,0,1,0,0,4,0,0,168.167,3.312,0.14322,-0.000,165.458,51.003,167.533,173.238,57.227,173.757,173.757,3.897,168.205,0.14589,3.885,168.205,0.14304,0
27039,90794,10,2,2,0,1,0,0,4,0,0,168.167,3.312,0.14338,-0.000,165.458,51.003,167.533,173.238,57.227,173.757,173.757,3.897,168.205,0.14606,3.886,168.205,0.14322,0
27055,90804,10,2,2,0,1,0,0,4,0,0,168.167,3.312,0.14346,-0.000,165.458,51.003,167.533,173.238,57.227,173.757,173.757,3.897,168.205,0.14613,3.886,168.205,0.14338,0
27055,90814,10,2,2,0,1,0,0,4,0,0,168.167,3.312,0.14339,-0.000,165.458,51.003,167.533,173.238,57.227,173.757,173.757,3.897,168.205,0.14607,3.886,168.205,0.14346,0
27071,90824,10,2,2,0,1,0,0,4,0,0,168.167,3.312,0.14320,-0.000,165.458,51.003,167.533,173.238,57.227,173.757,173.757,3.897,168.205,0.14587,3.886,168.205,0.14339,0
27071,90834,10,2,2,0,1,0,0,4,0,0,168.167,3.312,0.14314,-0.000,165.458,51.003,167.533,173.238,57.227,173.757,173.757,3.897,168.205,0.14582,3.886,168.205,0.14320,0
27086,90844,10,2,2,0,1,0,0,4,0,0,168.167,3.312,0.14300,-0.000,165.458,51.003,167.533,173.238,57.227,173.757,173.757,3.896,168.205,0.14568,3.885,168.205,0.14314,0
27101,90854,10,2,2,0,1,0,0,4,0,0,168.167,3.312,0.14293,-0.000,165.458,51.003,167.533,173.238,57.227,173.757,173.757,3.896,168.205,0.14560,3.885,168.205,0.14300,0
27101,90864,10,2,2,0,1,0,0,4,0,0,168.167,3.312,0.14303,-0.000,165.458,51.003,167.533,173.238,57.227,173.757,173.757,3.896,168.205,0.14571,3.885,168.205,0.14293,0
27117,90874,10,2,2,0,1,0,0,4,0,0,168.167,3.312,0.14308,-0.000,165.458,51.003,167.533,173.238,57.227,173.757,173.757,3.897,168.205,0.14576,3.885,168.205,0.14303,0
27132,90884,10,2,2,0,1,0,0,4,0,0,168.167,3.312,0.14322,-0.000,165.458,51.003,167.533,173.238,57.227,173.757,173.757,3.897,168.205,0.14589,3.885,168.205,0.14308,0
27132,90894,10,2,2,0,1,0,0,4,0,0,168.167,3.312,0.14317,-0.000,165.458,51.003,167.533,173.238,57.227,173.757,173.757,3.897,168.205,0.14585,3.886,168.205,0.14322,0
27148,90904,10,2,2,0,1,0,0,4,0,0,168.167,3.312,0.14321,-0.000,165.458,51.003,167.533,173.238,57.227,173.757,173.757,3.897,168.205,0.14588,3.886,168.205,0.14317,0
27164,90914,10,2,2,0,1,0,0,4,0,0,168.167,3.312,0.14315,-0.000,165.458,51.003,167.533,173.238,57.227,173.757,173.757,3.897,168.205,0.14583,3.886,168.205,0.14321,0
27164,90924,10,2,2,0,1,0,0,4,0,0,168.167,3.312,0.14300,-0.000,165.458,51.003,167.533,173.238,57.227,173.757,173.757,3.896,168.205,0.14567,3.885,168.205,0.14315,0
27179,90934,10,2,2,0,1,0,0,4,0,0,168.167,3.387,0.14320,-0.000,165.458,51.003,167.533,173.238,57.227,173.757,173.757,3.972,168.205,0.14588,3.885,168.205,0.14300,0
27195,90944,10,2,2,0,1,0,0,4,0,0,168.167,3.312,0.14331,-0.000,165.458,51.003,167.533,173.238,57.227,173.757,173.757,3.897,168.205,0.14599,3.961,168.205,0.14320,0
27195,90954,10,2,2,0,1,0,0,4,0,0,168.167,3.312,0.14320,-0.000,165.458,51.003,167.533,173.238,57.227,173.757,173.757,3.897,168.205,0.14588,3.886,168.205,0.14331,0
27211,90964,10,2,2,0,1,0,0,4,0,0,168.167,3.312,0.14338,-0.000,165.458,51.003,167.533,173.238,57.227,173.757,173.757,3.897,168.205,0.14605,3.886,168.205,0.14320,0
27211,90974,10,2,2,0,1,0,0,4,0,0,168.167,3.312,0.14334,-0.000,165.458,51.003,167.533,173.238,57.227,173.757,173.757,3.897,168.205,0.14602,3.886,168.205,0.14338,0
27227,90984,10,2,2,0,1,0,0,4,0,0,168.167,3.387,0.14317,-0.000,165.458,51.003,167.533,173.238,57.227,173.757,173.757,3.972,168.205,0.14584,3.886,168.205,0.14334,0
27242,90994,10,2,2,0,1,0,0,4,0,0,168.167,3.387,0.14318,-0.000,165.458,51.003,167.533,173.238,57.227,173.757,173.757,3.972,168.205,0.14585,3.961,168.205,0.14317,0
27242,91004,10,2,2,0,1,0,0,4,0,0,168.167,3.312,0.14304,-0.000,165.458,51.003,167.533,173.238,57.227,173.757,173.757,3.896,168.205,0.14571,3.961,168.205,0.14318,0
27257,91014,10,2,2,0,1,0,0,4,0,0,168.167,3.312,0.14283,-0.000,165.458,51.003,167.533,173.238,57.227,173.757,173.757,3.896,168.205,0.14551,3.885,168.205,0.14304,0
27273,91024,10,2,2,0,1,0,0,4,0,0,168.167,3.312,0.14286,-0.000,165.458,51.003,167.533,173.238,57.227,173.757,173.757,3.896,168.205,0.14553,3.885,168.205,0.14283,0
27273,91034,10,2,2,0,1,0,0,4,0,0,168.167,3.387,0.14274,-0.000,165.458,51.003,167.533,173.238,57.227,173.757,173.757,3.971,168.205,0.14542,3.885,168.205,0.14286,0
27289,91044,10,2,2,0,1,0,0,4,0,0,168.167,3.312,0.14291,-0.000,165.458,51.003,167.533,173.238,57.227,173.757,173.757,3.896,168.205,0.14558,3.960,168.204,0.14274,0
27304,91054,10,2,2,0,1,0,0,4,0,0,168.167,3.312,0.14298,-0.000,165.458,51.003,167.533,173.238,57.227,173.757,173.757,3.896,168.205,0.14565,3.885,168.205,0.14291,0
27304,91064,10,2,2,0,1,0,0,4,0,0,168.167,3.312,0.14305,-0.000,165.458,51.003,167.533,173.238,57.227,173.757,173.757,3.896,168.205,0.14572,3.885,168.205,0.14298,0
27320,91074,10,2,2,0,1,0,0,4,0,0,168.167,3.312,0.14301,-0.000,165.458,51.003,167.533,173.238,57.227,173.757,173.757,3.896,168.205,0.14569,3.885,168.205,0.14305,0
27320,91084,10,2,2,0,1,0,0,4,0,0,168.167,3.387,0.14308,-0.000,165.458,51.003,167.533,173.238,57.227,173.757,173.757,3.972,168.205,0.14575,3.885,168.205,0.14301,0
27336,91094,10,2,2,0,1,0,0,4,0,0,168.167,3.312,0.14305,-0.000,165.458,51.003,167.533,173.238,57.227,173.757,173.757,3.896,168.205,0.14572,3.961,168.205,0.14308,0
27352,91104,10,2,2,0,1,0,0,4,0,0,168.167,3.387,0.14313,-0.000,165.458,51.003,167.533,173.238,57.227,173.757,173.757,3.972,168.205,0.14581,3.885,168.205,0.14305,0
27352,91114,10,2,2,0,1,0,0,4,0,0,168.167,3.312,0.14322,-0.000,165.458,51.003,167.533,173.238,57.227,173.757,173.757,3.897,168.205,0.14590,3.961,168.205,0.14313,0
27367,91124,10,2,2,0,1,0,0,4,0,0,168.167,3.312,0.14326,-0.000,165.458,51.003,167.533,173.238,57.227,173.757,173.757,3.897,168.205,0.14594,3.886,168.205,0.14322,0
27383,91134,10,2,2,0,1,0,0,4,0,0,168.167,3.387,0.14312,-0.000,165.458,51.003,167.533,173.238,57.227,173.757,173.757,3.972,168.205,0.14580,3.886,168.205,0.14326,0
27383,91144,10,2,2,0,1,0,0,4,0,0,168.167,3.312,0.14316,-0.000,165.458,51.003,167.533,173.238,57.227,173.757,173.757,3.897,168.205,0.14583,3.961,168.205,0.14312,0
27399,91154,10,2,2,0,1,0,0,4,0,0,168.167,3.312,0.14324,-0.000,165.458,51.003,167.533,173.238,57.227,173.757,173.757,3.897,168.205,0.14592,3.886,168.205,0.14316,0
27415,91164,10,2,2,0,1,0,0,4,0,0,168.167,3.312,0.14332,-0.000,165.458,51.003,167.533,173.238,57.227,173.757,173.757,3.897,168.205,0.14599,3.886,168.205,0.14324,0
27415,91174,10,2,2,0,1,0,0,4,0,0,168.167,3.312,0.14354,-0.000,165.458,51.003,167.533,173.238,57.227,173.757,173.757,3.897,168.205,0.14622,3.886,168.205,0.14332,0
27431,91184,10,2,2,0,1,0,0,4,0,0,168.167,3.312,0.14339,-0.000,165.458,51.003,167.533,173.238,57.227,173.757,173.757,3.897,168.205,0.14607,3.886,168.205,0.14354,0
27431,91194,10,2,2,0,1,0,0,4,0,0,168.167,3.312,0.14343,-0.000,165.458,51.003,167.533,173.238,57.227,173.757,173.757,3.897,168.205,0.14611,3.886,168.205,0.14339,0
27446,91204,10,2,2,0,1,0,0,4,0,0,168.167,3.312,0.14337,-0.000,165.458,51.003,167.533,173.238,57.227,173.757,173.757,3.897,168.205,0.14605,3.886,168.205,0.14343,0
27460,91214,10,2,2,0,1,0,0,4,0,0,168.167,3.387,0.14313,-0.000,165.458,51.003,167.533,173.238,57.227,173.757,173.757,3.972,168.205,0.14581,3.886,168.205,0.14337,0
27460,91224,10,2,2,0,1,0,0,4,0,0,168.167,3.312,0.14300,-0.000,165.458,51.003,167.533,173.238,57.227,173.757,173.757,3.896,168.205,0.14568,3.961,168.205,0.14313,0
27476,91234,10,2,2,0,1,0,0,4,0,0,168.167,3.312,0.14303,-0.000,165.458,51.003,167.533,173.238,57.227,173.757,173.757,3.896,168.205,0.14571,3.885,168.205,0.14300,0
27492,91244,10,2,2,0,1,0,0,4,0,0,168.167,3.312,0.14313,-0.000,165.458,51.003,167.533,173.238,57.227,173.757,173.757,3.897,168.205,0.14580,3.885,168.205,0.14303,0
27492,91254,10,2,2,0,1,0,0,4,0,0,168.167,3.387,0.14322,-0.000,165.458,51.003,167.533,173.238,57.227,173.757,173.757,3.972,168.205,0.14590,3.885,168.205,0.14313,0
27507,91264,10,2,2,0,1,0,0,4,0,0,168.167,3.312,0.14316,-0.000,165.458,51.003,167.533,173.238,57.227,173.757,173.757,3.897,168.205,0.14584,3.961,168.205,0.14322,0
27523,91274,10,2,2,0,1,0,0,4,0,0,168.167,3.312,0.14294,-0.000,165.458,51.003,167.533,173.238,57.227,173.757,173.757,3.896,168.205,0.14562,3.886,168.205,0.14316,0
27523,91284,10,2,2,0,1,0,0,4,0,0,168.167,3.312,0.14298,-0.000,165.458,51.003,167.533,173.238,57.227,173.757,173.757,3.896,168.205,0.14566,3.885,168.205,0.14294,0
27538,91294,10,2,2,0,1,0,0,4,0,0,168.167,3.312,0.14291,-0.000,165.458,51.003,167.533,173.238,57.227,173.757,173.757,3.896,168.205,0.14559,3.885,168.205,0.14298,0
27554,91304,10,2,2,0,1,0,0,4,0,0,168.167,3.312,0.14317,-0.000,165.458,51.003,167.533,173.238,57.227,173.757,173.757,3.897,168.205,0.14584,3.885,168.205,0.14291,0
27554,91314,10,2,2,0,1,0,0,4,0,0,168.167,3.387,0.14317,-0.000,165.458,51.003,167.533,173.238,57.227,173.757,173.757,3.972,168.205,0.14585,3.886,168.205,0.14317,0
27570,91324,10,2,2,0,1,0,0,4,0,0,168.167,3.387,0.14311,-0.000,165.458,51.003,167.533,173.238,57.227,173.757,173.757,3.972,168.205,0.14579,3.961,168.205,0.14317,0
27570,91334,10,2,2,0,1,0,0,4,0,0,168.167,3.312,0.14304,-0.000,165.458,51.003,167.533,173.238,57.227,173.757,173.757,3.896,168.205,0.14572,3.961,168.205,0.14311,0
27586,91344,10,2,2,0,1,0,0,4,0,0,168.167,3.312,0.14296,-0.000,165.458,51.003,167.533,173.238,57.227,173.757,173.757,3.896,168.205,0.14564,3.885,168.205,0.14304,0
27601,91354,10,2,2,0,1,0,0,4,0,0,168.167,3.312,0.14322,-0.000,165.458,51.003,167.533,173.238,57.227,173.757,173.757,3.897,168.205,0.14590,3.885,168.205,0.14296,0
27601,91364,10,2,2,0,1,0,0,4,0,0,168.167,3.312,0.14316,-0.000,165.458,51.003,167.533,173.238,57.227,173.757,173.757,3.897,168.205,0.14584,3.886,168.205,0.14322,0
27617,91374,10,2,2,0,1,0,0,4,0,0,168.167,3.312,0.14315,-0.000,165.458,51.003,167.533,173.238,57.227,173.757,173.757,3.897,168.205,0.14583,3.886,168.205,0.14316,0
27633,91384,10,2,2,0,1,0,0,4,0,0,168.167,3.312,0.14314,-0.000,165.458,51.003,167.533,173.238,57.227,173.757,173.757,3.897,168.205,0.14582,3.885,168.205,0.14315,0
27633,91394,10,2,2,0,1,0,0,4,0,0,168.167,3.312,0.14331,-0.000,165.458,51.003,167.533,173.238,57.227,173.757,173.757,3.897,168.205,0.14598,3.885,168.205,0.14314,0
27648,91404,10,2,2,0,1,0,0,4,0,0,168.167,3.387,0.14352,-0.000,165.458,51.003,167.533,173.238,57.227,173.757,173.757,3.972,168.205,0.14620,3.886,168.205,0.14331,0
27664,91414,10,2,2,0,1,0,0,4,0,0,168.167,3.387,0.14360,-0.000,165.458,51.003,167.533,173.238,57.227,173.757,173.757,3.973,168.205,0.14628,3.961,168.205,0.14352,0
27664,91424,10,2,2,0,1,0,0,4,0,0,168.167,3.312,0.14361,-0.000,165.458,51.003,167.533,173.238,57.227,173.757,173.757,3.897,168.205,0.14628,3.961,168.205,0.14360,0
27680,91434,10,2,2,0,1,0,0,4,0,0,168.087,3.312,0.14347,-0.000,165.458,51.003,167.533,173.238,57.227,173.757,173.757,3.897,168.126,0.14614,3.886,168.205,0.14361,0
27696,91444,10,2,2,0,1,0,0,4,0,0,168.167,3.312,0.14337,-0.000,165.458,51.003,167.533,173.238,57.227,173.757,173.757,3.897,168.205,0.14604,3.886,168.125,0.14347,0
27696,91454,10,2,2,0,1,0,0,4,0,0,168.167,3.312,0.14327,-0.000,165.458,51.003,167.533,173.238,57.227,173.757,173.757,3.897,168.205,0.14595,3.886,168.205,0.14337,0
27712,91464,10,2,2,0,1,0,0,4,0,0,168.167,3.312,0.14328,-0.000,165.458,51.003,167.533,173.238,57.227,173.757,173.757,3.897,168.205,0.14595,3.886,168.205,0.14327,0
27712,91474,10,2,2,0,1,0,0,4,0,0,168.167,3.312,0.14304,-0.000,165.458,51.003,167.533,173.238,57.227,173.757,173.757,3.896,168.205,0.14572,3.886,168.205,0.14328,0
27727,91484,10,2,2,0,1,0,0,4,0,0,168.167,3.312,0.14283,-0.000,165.458,51.003,167.533,173.238,57.227,173.757,173.757,3.896,168.205,0.14551,3.885,168.205,0.14304,0
27742,91494,10,2,2,0,1,0,0,4,0,0,168.167,3.312,0.14287,-0.000,165.458,51.003,167.533,173.238,57.227,173.757,173.757,3.896,168.205,0.14555,3.885,168.205,0.14283,0
27742,91504,10,2,2,0,1,0,0,4,0,0,168.167,3.312,0.14296,-0.000,165.458,51.003,167.533,173.238,57.227,173.757,173.757,3.896,168.205,0.14564,3.885,168.205,0.14287,0
27758,91514,10,2,2,0,1,0,0,4,0,0,168.167,3.387,0.14289,-0.000,165.458,51.003,167.533,173.238,57.227,173.757,173.757,3.972,168.205,0.14556,3.885,168.205,0.14296,0
27774,91524,10,2,2,0,1,0,0,4,0,0,168.167,3.312,0.14270,-0.000,165.458,51.003,167.533,173.238,57.227,173.757,173.757,3.896,168.205,0.14538,3.961,168.204,0.14289,0
27774,91534,10,2,2,0,1,0,0,4,0,0,168.167,3.312,0.14285,-0.000,165.458,51.003,167.533,173.238,57.227,173.757,173.757,3.896,168.205,0.14552,3.885,168.205,0.14270,0
27790,91544,10,2,2,0,1,0,0,4,0,0,168.167,3.387,0.14305,-0.000,165.458,51.003,167.533,173.238,57.227,173.757,173.757,3.972,168.205,0.14573,3.885,168.205,0.14285,0
27806,91554,10,2,2,0,1,0,0,4,0,0,168.167,3.312,0.14308,-0.000,165.458,51.003,167.533,173.238,57.227,173.757,173.757,3.897,168.205,0.14576,3.961,168.205,0.14305,0
27806,91564,10,2,2,0,1,0,0,4,0,0,168.167,3.312,0.14303,-0.000,165.458,51.003,167.533,173.238,57.227,173.757,173.757,3.896,168.205,0.14570,3.885,168.205,0.14308,0
27821,91574,10,2,2,0,1,0,0,4,0,0,168.167,3.312,0.14305,-0.000,165.458,51.003,167.533,173.238,57.227,173.757,173.757,3.896,168.205,0.14572,3.885,168.205,0.14303,0
27821,91584,10,2,2,0,1,0,0,4,0,0,168.167,3.387,0.14306,-0.000,165.458,51.003,167.533,173.238,57.227,173.757,173.757,3.972,168.205,0.14573,3.885,168.205,0.14305,0
27836,91594,10,2,2,0,1,0,0,4,0,0,168.167,3.312,0.14306,-0.000,165.458,51.003,167.533,173.238,57.227,173.757,173.757,3.897,168.205,0.14574,3.961,168.205,0.14306,0
27852,91604,10,2,2,0,1,0,0,4,0,0,168.167,3.312,0.14312,-0.000,165.458,51.003,167.533,173.238,57.227,173.757,173.757,3.897,168.205,0.14580,3.885,168.205,0.14306,0
27852,91614,10,2,2,0,1,0,0,4,0,0,168.167,3.312,0.14311,-0.000,165.458,51.003,167.533,173.238,57.227,173.757,173.757,3.897,168.205,0.14579,3.885,168.205,0.14312,0
27868,91624,10,2,2,0,1,0,0,4,0,0,168.167,3.312,0.14326,-0.000,165.458,51.003,167.533,173.238,57.227,173.757,173.757,3.897,168.205,0.14594,3.885,168.205,0.14311,0
27884,91634,10,2,2,0,1,0,0,4,0,0,168.167,3.387,0.14313,-0.000,165.458,51.003,167.533,173.238,57.227,173.757,173.757,3.972,168.205,0.14581,3.886,168.205,0.14326,0
27884,91644,10,2,2,0,1,0,0,4,0,0,168.167,3.312,0.14313,-0.000,165.458,51.003,167.533,173.238,57.227,173.757,173.757,3.897,168.205,0.14581,3.961,168.205,0.14313,0
27900,91654,10,2,2,0,1,0,0,4,0,0,168.167,3.312,0.14311,-0.000,165.458,51.003,167.533,173.238,57.227,173.757,173.757,3.897,168.205,0.14578,3.885,168.205,0.14313,0
27915,91664,10,2,2,0,1,0,0,4,0,0,168.167,3.312,0.14295,-0.000,165.458,51.003,167.533,173.238,57.227,173.757,173.757,3.896,168.205,0.14562,3.885,168.205,0.14311,0
27915,91674,10,2,2,0,1,0,0,4,0,0,168.167,3.312,0.14271,-0.000,165.458,51.003,167.533,173.238,57.227,173.757,173.757,3.896,168.205,0.14538,3.885,168.205,0.14295,0
27931,91684,10,2,2,0,1,0,0,4,0,0,168.167,3.387,0.14250,-0.000,165.458,51.003,167.533,173.238,57.227,173.757,173.757,3.971,168.205,0.14518,3.885,168.205,0.14271,0
27931,91694,10,2,2,0,1,0,0,4,0,0,168.167,3.312,0.14248,-0.000,165.458,51.003,167.533,173.238,57.227,173.757,173.757,3.896,168.205,0.14516,3.960,168.204,0.14250,0
27946,91704,10,2,2,0,1,0,0,4,0,0,168.167,3.312,0.14270,-0.000,165.458,51.003,167.533,173.238,57.227,173.757,173.757,3.896,168.205,0.14537,3.885,168.204,0.14248,0
27962,91714,10,2,2,0,1,0,0,4,0,0,168.167,3.312,0.14288,-0.000,165.458,51.003,167.533,173.238,57.227,173.757,173.757,3.896,168.205,0.14556,3.885,168.205,0.14270,0
27962,91724,10,2,2,0,1,0,0,4,0,0,168.167,3.312,0.14307,-0.000,165.458,51.003,167.533,173.238,57.227,173.757,173.757,3.897,168.205,0.14575,3.885,168.205,0.14288,0
27977,91734,10,2,2,0,1,0,0,4,0,0,168.167,3.312,0.14289,-0.000,165.458,51.003,167.533,173.238,57.227,173.757,173.757,3.896,168.205,0.14556,3.885,168.205,0.14307,0
27993,91744,10,2,2,0,1,0,0,4,0,0,168.167,3.387,0.14291,-0.000,165.458,51.003,167.533,173.238,57.227,173.757,173.757,3.972,168.205,0.14558,3.885,168.205,0.14289,0
27993,91754,10,2,2,0,1,0,0,4,0,0,168.167,3.312,0.14296,-0.000,165.458,51.003,167.533,173.238,57.227,173.757,173.757,3.896,168.205,0.14564,3.961,168.204,0.14291,0
28008,91764,10,2,2,0,1,0,0,4,0,0,168.167,3.387,0.14318,-0.000,165.458,51.003,167.533,173.238,57.227,173.757,173.757,3.972,168.205,0.14586,3.885,168.205,0.14296,0
28025,91774,10,2,2,0,1,0,0,4,0,0,168.167,3.312,0.14319,-0.000,165.458,51.003,167.533,173.238,57.227,173.757,173.757,3.897,168.205,0.14586,3.961,168.205,0.14318,0
28025,91784,10,2,2,0,1,0,0,4,0,0,168.167,3.312,0.14305,-0.000,165.458,51.003,167.533,173.238,57.227,173.757,173.757,3.896,168.205,0.14572,3.886,168.205,0.14319,0
28041,91794,10,2,2,0,1,0,0,4,0,0,168.167,3.387,0.14299,-0.000,165.458,51.003,167.533,173.238,57.227,173.757,173.757,3.972,168.205,0.14566,3.885,168.205,0.14305,0
28041,91804,10,2,2,0,1,0,0,4,0,0,168.167,3.312,0.14310,-0.000,165.458,51.003,167.533,173.238,57.227,173.757,173.757,3.897,168.205,0.14577,3.961,168.204,0.14299,0
28057,91814,10,2,2,0,1,0,0,4,0,0,168.167,3.312,0.14295,-0.000,165.458,51.003,167.533,173.238,57.227,173.757,173.757,3.896,168.205,0.14563,3.885,168.205,0.14310,0
28072,91824,10,2,2,0,1,0,0,4,0,0,168.167,3.387,0.14300,-0.000,165.458,51.003,167.533,173.238,57.227,173.757,173.757,3.972,168.205,0.14568,3.885,168.205,0.14295,0
28072,91834,10,2,2,0,1,0,0,4,0,0,168.167,3.387,0.14319,-0.000,165.458,51.003,167.533,173.238,57.227,173.757,173.757,3.972,168.205,0.14586,3.961,168.204,0.14300,0
28088,91844,10,2,2,0,1,0,0,4,0,0,168.167,3.312,0.14310,-0.000,165.458,51.003,167.533,173.238,57.227,173.757,173.757,3.897,168.205,0.14578,3.961,168.205,0.14319,0
28104,91854,10,2,2,0,1,0,0,4,0,0,168.167,3.387,0.14280,-0.000,165.458,51.003,167.533,173.238,57.227,173.757,173.757,3.972,168.205,0.14548,3.885,168.205,0.14310,0
28104,91864,10,2,2,0,1,0,0,4,0,0,168.167,3.387,0.14279,-0.000,165.458,51.003,167.533,173.238,57.227,173.757,173.757,3.972,168.205,0.14547,3.960,168.204,0.14280,0
28119,91874,10,2,2,0,1,0,0,4,0,0,168.167,3.312,0.14259,-0.000,165.458,51.003,167.533,173.238,57.227,173.757,173.757,3.896,168.205,0.14527,3.960,168.204,0.14279,0
28135,91884,10,2,2,0,1,0,0,4,0,0,168.167,3.312,0.14252,-0.000,165.458,51.003,167.533,173.238,57.227,173.757,173.757,3.896,168.205,0.14520,3.885,168.205,0.14259,0
28135,91894,10,2,2,0,1,0,0,4,0,0,168.167,3.312,0.14276,-0.000,165.458,51.003,167.533,173.238,57.227,173.757,173.757,3.896,168.205,0.14543,3.885,168.205,0.14252,0
28150,91904,10,2,2,0,1,0,0,4,0,0,168.167,3.387,0.14292,-0.000,165.458,51.003,167.533,173.238,57.227,173.757,173.757,3.972,168.205,0.14559,3.885,168.205,0.14276,0
28166,91914,10,2,2,0,1,0,0,4,0,0,168.167,3.312,0.14300,-0.000,165.458,51.003,167.533,173.238,57.227,173.757,173.757,3.896,168.205,0.14568,3.961,168.204,0.14292,0
28166,91924,10,2,2,0,1,0,0,4,0,0,168.167,3.312,0.14305,-0.000,165.458,51.003,167.533,173.238,57.227,173.757,173.757,3.896,168.205,0.14572,3.885,168.205,0.14300,0
28182,91934,10,2,2,0,1,0,0,4,0,0,168.167,3.312,0.14305,-0.000,165.458,51.003,167.533,173.238,57.227,173.757,173.757,3.896,168.205,0.14573,3.885,168.205,0.14305,0
28182,91944,10,2,2,0,1,0,0,4,0,0,168.167,3.312,0.14308,-0.000,165.458,51.003,167.533,173.238,57.227,173.757,173.757,3.897,168.205,0.14575,3.885,168.205,0.14305,0
28198,91954,10,2,2,0,1,0,0,4,0,0,168.167,3.312,0.14307,-0.000,165.458,51.003,167.533,173.238,57.227,173.757,173.757,3.897,168.205,0.14575,3.885,168.205,0.14308,0
28214,91964,10,2,2,0,1,0,0,4,0,0,168.167,3.312,0.14285,-0.000,165.458,51.003,167.533,173.238,57.227,173.757,173.757,3.896,168.205,0.14552,3.885,168.205,0.14307,0
28214,91974,10,2,2,0,1,0,0,4,0,0,168.167,3.387,0.14299,-0.000,165.458,51.003,167.533,173.238,57.227,173.757,173.757,3.972,168.205,0.14566,3.885,168.205,0.14285,0
28230,91984,10,2,2,0,1,0,0,4,0,0,168.167,3.387,0.14300,-0.000,165.458,51.003,167.533,173.238,57.227,173.757,173.757,3.972,168.205,0.14568,3.961,168.204,0.14299,0
28245,91994,10,2,2,0,1,0,0,4,0,0,168.167,3.312,0.14316,-0.000,165.458,51.003,167.533,173.238,57.227,173.757,173.757,3.897,168.205,0.14584,3.961,168.204,0.14300,0
28245,92004,10,2,2,0,1,0,0,4,0,0,168.167,3.312,0.14288,-0.000,165.458,51.003,167.533,173.238,57.227,173.757,173.757,3.896,168.205,0.14556,3.886,168.205,0.14316,0
28261,92014,10,2,2,0,1,0,0,4,0,0,168.167,3.387,0.14301,-0.000,165.458,51.003,167.533,173.238,57.227,173.757,173.757,3.972,168.205,0.14569,3.885,168.205,0.14288,0
28261,92024,10,2,2,0,1,0,0,4,0,0,168.167,3.312,0.14296,-0.000,165.458,51.003,167.533,173.238,57.227,173.757,173.757,3.896,168.205,0.14564,3.961,168.204,0.14301,0
28277,92034,10,2,2,0,1,0,0,4,0,0,168.167,3.312,0.14298,-0.000,165.458,51.003,167.533,173.238,57.227,173.757,173.757,3.896,168.205,0.14565,3.885,168.205,0.14296,0
28293,92044,10,2,2,0,1,0,0,4,0,0,168.167,3.387,0.14301,-0.000,165.458,51.003,167.533,173.238,57.227,173.757,173.757,3.972,168.205,0.14568,3.885,168.205,0.14298,0
28293,92054,10,2,2,0,1,0,0,4,0,0,168.167,3.312,0.14297,-0.000,165.458,51.003,167.533,173.238,57.227,173.757,173.757,3.896,168.205,0.14565,3.961,168.204,0.14301,0
28308,92064,10,2,2,0,1,0,0,4,0,0,168.167,3.387,0.14318,-0.000,165.458,51.003,167.533,173.238,57.227,173.757,173.757,3.972,168.205,0.14586,3.885,168.205,0.14297,0
28325,92074,10,2,2,0,1,0,0,4,0,0,168.167,3.387,0.14340,-0.000,165.458,51.003,167.533,173.238,57.227,173.757,173.757,3.972,168.205,0.14607,3.961,168.205,0.14318,0
28325,92084,10,2,2,0,1,0,0,4,0,0,168.167,3.387,0.14344,-0.000,165.458,51.003,167.533,173.238,57.227,173.757,173.757,3.972,168.205,0.14611,3.961,168.205,0.14340,0
28341,92094,10,2,2,0,1,0,0,4,0,0,168.167,3.312,0.14341,-0.000,165.458,51.003,167.533,173.238,57.227,173.757,173.757,3.897,168.205,0.14608,3.961,168.205,0.14344,0
28341,92104,10,2,2,0,1,0,0,4,0,0,168.167,3.312,0.14353,-0.000,165.458,51.003,167.533,173.238,57.227,173.757,173.757,3.897,168.205,0.14621,3.886,168.205,0.14341,0
28356,92114,10,2,2,0,1,0,0,4,0,0,168.167,3.312,0.14348,-0.000,165.458,51.003,167.533,173.238,57.227,173.757,173.757,3.897,168.205,0.14616,3.886,168.205,0.14353,0
28372,92124,10,2,2,0,1,0,0,4,0,0,168.167,3.312,0.14355,-0.000,165.458,51.003,167.533,173.238,57.227,173.757,173.757,3.897,168.205,0.14622,3.886,168.205,0.14348,0
28372,92134,10,2,2,0,1,0,0,4,0,0,168.167,3.387,0.14352,-0.000,165.458,51.003,167.533,173.238,57.227,173.757,173.757,3.972,168.205,0.14619,3.886,168.205,0.14355,0
28386,92144,10,2,2,0,1,0,0,4,0,0,168.167,3.387,0.14340,-0.000,165.458,51.003,167.533,173.238,57.227,173.757,173.757,3.972,168.205,0.14608,3.961,168.205,0.14352,0
28403,92154,10,2,2,0,1,0,0,4,0,0,168.167,3.312,0.14351,-0.000,165.458,51.003,167.533,173.238,57.227,173.757,173.757,3.897,168.205,0.14619,3.961,168.205,0.14340,0
28403,92164,10,2,2,0,1,0,0,4,0,0,168.167,3.387,0.14324,-0.000,165.458,51.003,167.533,173.238,57.227,173.757,173.757,3.972,168.205,0.14592,3.886,168.205,0.14351,0
28419,92174,10,2,2,0,1,0,0,4,0,0,168.167,3.387,0.14304,-0.000,165.458,51.003,167.533,173.238,57.227,173.757,173.757,3.972,168.205,0.14571,3.961,168.205,0.14324,0
28434,92184,10,2,2,0,1,0,0,4,0,0,168.167,3.312,0.14309,-0.000,165.458,51.003,167.533,173.238,57.227,173.757,173.757,3.897,168.205,0.14577,3.961,168.204,0.14304,0
28434,92194,10,2,2,0,1,0,0,4,0,0,168.167,3.312,0.14313,-0.000,165.458,51.003,167.533,173.238,57.227,173.757,173.757,3.897,168.205,0.14580,3.885,168.205,0.14309,0
28449,92204,10,2,2,0,1,0,0,4,0,0,168.167,3.387,0.14317,-0.000,165.458,51.003,167.533,173.238,57.227,173.757,173.757,3.972,168.205,0.14584,3.885,168.205,0.14313,0
28465,92214,10,2,2,0,1,0,0,4,0,0,168.167,3.312,0.14309,-0.000,165.458,51.003,167.533,173.238,57.227,173.757,173.757,3.897,168.205,0.14577,3.961,168.205,0.14317,0
28465,92224,10,2,2,0,1,0,0,4,0,0,168.167,3.312,0.14316,-0.000,165.458,51.003,167.533,173.238,57.227,173.757,173.757,3.897,168.205,0.14583,3.885,168.205,0.14309,0
28481,92234,10,2,2,0,1,0,0,4,0,0,168.167,3.387,0.14331,-0.000,165.458,51.003,167.533,173.238,57.227,173.757,173.757,3.972,168.205,0.14599,3.886,168.205,0.14316,0
28481,92244,10,2,2,0,1,0,0,4,0,0,168.167,3.312,0.14309,-0.000,165.458,51.003,167.533,173.238,57.227,173.757,173.757,3.897,168.205,0.14577,3.961,168.205,0.14331,0
28497,92254,10,2,2,0,1,0,0,4,0,0,168.167,3.387,0.14327,-0.000,165.458,51.003,167.533,173.238,57.227,173.757,173.757,3.972,168.205,0.14595,3.885,168.205,0.14309,0
28512,92264,10,2,2,0,1,0,0,4,0,0,168.167,3.312,0.14301,-0.000,165.458,51.003,167.533,173.238,57.227,173.757,173.757,3.896,168.205,0.14568,3.961,168.205,0.14327,0
28512,92274,10,2,2,0,1,0,0,4,0,0,168.167,3.312,0.14291,-0.000,165.458,51.003,167.533,173.238,57.227,173.757,173.757,3.896,168.205,0.14558,3.885,168.205,0.14301,0
28529,92284,10,2,2,0,1,0,0,4,0,0,168.167,3.387,0.14286,-0.000,165.458,51.003,167.533,173.238,57.227,173.757,173.757,3.972,168.205,0.14554,3.885,168.205,0.14291,0
28544,92294,10,2,2,0,1,0,0,4,0,0,168.167,3.387,0.14283,-0.000,165.458,51.003,167.533,173.238,57.227,173.757,173.757,3.972,168.205,0.14551,3.961,168.204,0.14286,0
28544,92304,10,2,2,0,1,0,0,4,0,0,168.167,3.312,0.14289,-0.000,165.458,51.003,167.533,173.238,57.227,173.757,173.757,3.896,168.205,0.14556,3.960,168.204,0.14283,0
28560,92314,10,2,2,0,1,0,0,4,0,0,168.167,3.387,0.14273,-0.000,165.458,51.003,167.533,173.238,57.227,173.757,173.757,3.971,168.205,0.14541,3.885,168.205,0.14289,0
28575,92324,10,2,2,0,1,0,0,4,0,0,168.167,3.312,0.14289,-0.000,165.458,51.003,167.533,173.238,57.227,173.757,173.757,3.896,168.205,0.14556,3.960,168.204,0.14273,0
28575,92334,10,2,2,0,1,0,0,4,0,0,168.167,3.312,0.14280,-0.000,165.458,51.003,167.533,173.238,57.227,173.757,173.757,3.896,168.205,0.14548,3.885,168.205,0.14289,0
28590,92344,10,2,2,0,1,0,0,4,0,0,168.167,3.312,0.14286,-0.000,165.458,51.003,167.533,173.238,57.227,173.757,173.757,3.896,168.205,0.14554,3.885,168.205,0.14280,0
28590,92354,10,2,2,0,1,0,0,4,0,0,168.167,3.312,0.14281,-0.000,165.458,51.003,167.533,173.238,57.227,173.757,173.757,3.896,168.205,0.14549,3.885,168.205,0.14286,0
28606,92364,10,2,2,0,1,0,0,4,0,0,168.167,3.312,0.14281,-0.000,165.458,51.003,167.533,173.238,57.227,173.757,173.757,3.896,168.205,0.14548,3.885,168.205,0.14281,0
28621,92374,10,2,2,0,1,0,0,4,0,0,168.167,3.312,0.14285,-0.000,165.458,51.003,167.533,173.238,57.227,173.757,173.757,3.896,168.205,0.14552,3.885,168.205,0.14281,0
28621,92384,10,2,2,0,1,0,0,4,0,0,168.167,3.312,0.14308,-0.000,165.458,51.003,167.533,173.238,57.227,173.757,173.757,3.897,168.205,0.14575,3.885,168.205,0.14285,0
28637,92394,10,2,2,0,1,0,0,4,0,0,168.167,3.312,0.14300,-0.000,165.458,51.003,167.533,173.238,57.227,173.757,173.757,3.896,168.205,0.14568,3.885,168.205,0.14308,0
28652,92404,10,2,2,0,1,0,0,4,0,0,168.167,3.387,0.14297,-0.000,165.458,51.003,167.533,173.238,57.227,173.757,173.757,3.972,168.205,0.14564,3.885,168.205,0.14300,0
28652,92414,10,2,2,0,1,0,0,4,0,0,168.167,3.387,0.14297,-0.000,165.458,51.003,167.533,173.238,57.227,173.757,173.757,3.972,168.205,0.14565,3.961,168.204,0.14297,0
28668,92424,10,2,2,0,1,0,0,4,0,0,168.167,3.387,0.14325,-0.000,165.458,51.003,167.533,173.238,57.227,173.757,173.757,3.972,168.205,0.14592,3.961,168.204,0.14297,0
28684,92434,10,2,2,0,1,0,0,4,0,0,168.167,3.387,0.14325,-0.000,165.458,51.003,167.533,173.238,57.227,173.757,173.757,3.972,168.205,0.14593,3.961,168.205,0.14325,0
28684,92444,10,2,2,0,1,0,0,4,0,0,168.167,3.312,0.14320,-0.000,165.458,51.003,167.533,173.238,57.227,173.757,173.757,3.897,168.205,0.14588,3.961,168.205,0.14325,0
28699,92454,10,2,2,0,1,0,0,4,0,0,168.167,3.312,0.14327,-0.000,165.458,51.003,167.533,173.238,57.227,173.757,173.757,3.897,168.205,0.14594,3.886,168.205,0.14320,0
28715,92464,10,2,2,0,1,0,0,4,0,0,168.167,3.312,0.14330,-0.000,165.458,51.003,167.533,173.238,57.227,173.757,173.757,3.897,168.205,0.14597,3.886,168.205,0.14327,0
28715,92474,10,2,2,0,1,0,0,4,0,0,168.167,3.387,0.14331,-0.000,165.458,51.003,167.533,173.238,57.227,173.757,173.757,3.972,168.205,0.14598,3.886,168.205,0.14330,0
28731,92484,10,2,2,0,1,0,0,4,0,0,168.167,3.387,0.14319,-0.000,165.458,51.003,167.533,173.238,57.227,173.757,173.757,3.972,168.205,0.14586,3.961,168.205,0.14331,0
28731,92494,10,2,2,0,1,0,0,4,0,0,168.167,3.312,0.14312,-0.000,165.458,51.003,167.533,173.238,57.227,173.757,173.757,3.897,168.205,0.14579,3.961,168.205,0.14319,0
28747,92504,10,2,2,0,1,0,0,4,0,0,168.167,3.387,0.14280,-0.000,165.458,51.003,167.533,173.238,57.227,173.757,173.757,3.972,168.205,0.14547,3.885,168.205,0.14312,0
28762,92514,10,2,2,0,1,0,0,4,0,0,168.167,3.312,0.14281,-0.000,165.458,51.003,167.533,173.238,57.227,173.757,173.757,3.896,168.205,0.14549,3.960,168.204,0.14280,0
28762,92524,10,2,2,0,1,0,0,4,0,0,168.167,3.312,0.14283,-0.000,165.458,51.003,167.533,173.238,57.227,173.757,173.757,3.896,168.205,0.14550,3.885,168.205,0.14281,0
28777,92534,10,2,2,0,1,0,0,4,0,0,168.167,3.387,0.14287,-0.000,165.458,51.003,167.533,173.238,57.227,173.757,173.757,3.972,168.205,0.14555,3.885,168.205,0.14283,0
28793,92544,10,2,2,0,1,0,0,4,0,0,168.167,3.312,0.14294,-0.000,165.458,51.003,167.533,173.238,57.227,173.757,173.757,3.896,168.205,0.14561,3.961,168.204,0.14287,0
28793,92554,10,2,2,0,1,0,0,4,0,0,168.167,3.312,0.14304,-0.000,165.458,51.003,167.533,173.238,57.227,173.757,173.757,3.896,168.205,0.14572,3.885,168.205,0.14294,0
28809,92564,10,2,2,0,1,0,0,4,0,0,168.167,3.312,0.14291,-0.000,165.458,51.003,167.533,173.238,57.227,173.757,173.757,3.896,168.205,0.14559,3.885,168.205,0.14304,0
28824,92574,10,2,2,0,1,0,0,4,0,0,168.167,3.312,0.14304,-0.000,165.458,51.003,167.533,173.238,57.227,173.757,173.757,3.896,168.205,0.14571,3.885,168.205,0.14291,0
28824,92584,10,2,2,0,1,0,0,4,0,0,168.167,3.312,0.14310,-0.000,165.458,51.003,167.533,173.238,57.227,173.757,173.757,3.897,168.205,0.14577,3.885,168.205,0.14304,0
28840,92594,10,2,2,0,1,0,0,4,0,0,168.167,3.312,0.14308,-0.000,165.458,51.003,167.533,173.238,57.227,173.757,173.757,3.897,168.205,0.14576,3.885,168.205,0.14310,0
28856,92604,10,2,2,0,1,0,0,4,0,0,168.167,3.312,0.14304,-0.000,165.458,51.003,167.533,173.238,57.227,173.757,173.757,3.896,168.205,0.14571,3.885,168.205,0.14308,0
28856,92614,10,2,2,0,1,0,0,4,0,0,168.167,3.312,0.14304,-0.000,165.458,51.003,167.533,173.238,57.227,173.757,173.757,3.896,168.205,0.14571,3.885,168.205,0.14304,0
28871,92624,10,2,2,0,1,0,0,4,0,0,168.167,3.312,0.14307,-0.000,165.458,51.003,167.533,173.238,57.227,173.757,173.757,3.897,168.205,0.14574,3.885,168.205,0.14304,0
28871,92634,10,2,2,0,1,0,0,4,0,0,168.167,3.387,0.14299,-0.000,165.458,51.003,167.533,173.238,57.227,173.757,173.757,3.972,168.205,0.14567,3.885,168.205,0.14307,0
28887,92644,10,2,2,0,1,0,0,4,0,0,168.167,3.312,0.14316,-0.000,165.458,51.003,167.533,173.238,57.227,173.757,173.757,3.897,168.205,0.14583,3.961,168.205,0.14299,0
28902,92654,10,2,2,0,1,0,0,4,0,0,168.167,3.387,0.14324,-0.000,165.458,51.003,167.533,173.238,57.227,173.757,173.757,3.972,168.205,0.14591,3.885,168.205,0.14316,0
28902,92664,10,2,2,0,1,0,0,4,0,0,168.167,3.312,0.14307,-0.000,165.458,51.003,167.533,173.238,57.227,173.757,173.757,3.897,168.205,0.14575,3.961,168.205,0.14324,0
28917,92674,10,2,2,0,1,0,0,4,0,0,168.167,3.387,0.14300,-0.000,165.458,51.003,167.533,173.238,57.227,173.757,173.757,3.972,168.205,0.14568,3.885,168.205,0.14307,0
28933,92684,10,2,2,0,1,0,0,4,0,0,168.167,3.387,0.14302,-0.000,165.458,51.003,167.533,173.238,57.227,173.757,173.757,3.972,168.205,0.14570,3.961,168.205,0.14300,0
28933,92694,10,2,2,0,1,0,0,4,0,0,168.167,3.312,0.14318,-0.000,165.458,51.003,167.533,173.238,57.227,173.757,173.757,3.897,168.205,0.14585,3.961,168.205,0.14302,0
28949,92704,10,2,2,0,1,0,0,4,0,0,168.167,3.312,0.14326,-0.000,165.458,51.003,167.533,173.238,57.227,173.757,173.757,3.897,168.205,0.14593,3.886,168.205,0.14318,0
28965,92714,10,2,2,0,1,0,0,4,0,0,168.167,3.312,0.14331,-0.000,165.458,51.003,167.533,173.238,57.227,173.757,173.757,3.897,168.205,0.14599,3.886,168.205,0.14326,0
28965,92724,10,2,2,0,1,0,0,4,0,0,168.167,3.312,0.14325,-0.000,165.458,51.003,167.533,173.238,57.227,173.757,173.757,3.897,168.205,0.14593,3.886,168.205,0.14331,0
28981,92734,10,2,2,0,1,0,0,4,0,0,168.167,3.387,0.14324,-0.000,165.458,51.003,167.533,173.238,57.227,173.757,173.757,3.972,168.205,0.14591,3.886,168.205,0.14325,0
28981,92744,10,2,2,0,1,0,0,4,0,0,168.167,3.387,0.14322,-0.000,165.458,51.003,167.533,173.238,57.227,173.757,173.757,3.972,168.205,0.14589,3.961,168.205,0.14324,0
28996,92754,10,2,2,0,1,0,0,4,0,0,168.167,3.312,0.14332,-0.000,165.458,51.003,167.533,173.238,57.227,173.757,173.757,3.897,168.205,0.14599,3.961,168.205,0.14322,0
29011,92764,10,2,2,0,1,0,0,4,0,0,168.167,3.387,0.14315,-0.000,165.458,51.003,167.533,173.238,57.227,173.757,173.757,3.972,168.205,0.14582,3.886,168.205,0.14332,0
29011,92774,10,2,2,0,1,0,0,4,0,0,168.167,3.312,0.14309,-0.000,165.458,51.003,167.533,173.238,57.227,173.757,173.757,3.897,168.205,0.14577,3.961,168.205,0.14315,0
29026,92784,10,2,2,0,1,0,0,4,0,0,168.167,3.312,0.14312,-0.000,165.458,51.003,167.533,173.238,57.227,173.757,173.757,3.897,168.205,0.14579,3.885,168.205,0.14309,0
29042,92794,10,2,2,0,1,0,0,4,0,0,168.167,3.312,0.14320,-0.000,165.458,51.003,167.533,173.238,57.227,173.757,173.757,3.897,168.205,0.14588,3.885,168.205,0.14312,0
29042,92804,10,2,2,0,1,0,0,4,0,0,168.167,3.312,0.14330,-0.000,165.458,51.003,167.533,173.238,57.227,173.757,173.757,3.897,168.205,0.14597,3.886,168.205,0.14320,0
29058,92814,10,2,2,0,1,0,0,4,0,0,168.167,3.312,0.14332,-0.000,165.458,51.003,167.533,173.238,57.227,173.757,173.757,3.897,168.205,0.14599,3.886,168.205,0.14330,0
29073,92824,10,2,2,0,1,0,0,4,0,0,168.167,3.387,0.14311,-0.000,165.458,51.003,167.533,173.238,57.227,173.757,173.757,3.972,168.205,0.14579,3.886,168.205,0.14332,0
29073,92834,10,2,2,0,1,0,0,4,0,0,168.167,3.387,0.14308,-0.000,165.458,51.003,167.533,173.238,57.227,173.757,173.757,3.972,168.205,0.14576,3.961,168.205,0.14311,0
29088,92844,10,2,2,0,1,0,0,4,0,0,168.167,3.312,0.14286,-0.000,165.458,51.003,167.533,173.238,57.227,173.757,173.757,3.896,168.205,0.14554,3.961,168.205,0.14308,0
29104,92854,10,2,2,0,1,0,0,4,0,0,168.167,3.387,0.14278,-0.000,165.458,51.003,167.533,173.238,57.227,173.757,173.757,3.972,168.205,0.14546,3.885,168.205,0.14286,0
29104,92864,10,2,2,0,1,0,0,4,0,0,168.167,3.312,0.14293,-0.000,165.458,51.003,167.533,173.238,57.227,173.757,173.757,3.896,168.205,0.14560,3.960,168.204,0.14278,0
29119,92874,10,2,2,0,1,0,0,4,0,0,168.167,3.312,0.14276,-0.000,165.458,51.003,167.533,173.238,57.227,173.757,173.757,3.896,168.205,0.14544,3.885,168.205,0.14293,0
29134,92884,10,2,2,0,1,0,0,4,0,0,168.167,3.387,0.14296,-0.000,165.458,51.003,167.533,173.238,57.227,173.757,173.757,3.972,168.205,0.14563,3.885,168.205,0.14276,0
29134,92894,10,2,2,0,1,0,0,4,0,0,168.167,3.312,0.14299,-0.000,165.458,51.003,167.533,173.238,57.227,173.757,173.757,3.896,168.205,0.14566,3.961,168.205,0.14296,0
29150,92904,10,2,2,0,1,0,0,4,0,0,168.167,3.387,0.14307,-0.000,165.458,51.003,167.533,173.238,57.227,173.757,173.757,3.972,168.205,0.14574,3.885,168.205,0.14299,0
29165,92914,10,2,2,0,1,0,0,4,0,0,168.167,3.312,0.14304,-0.000,165.458,51.003,167.533,173.238,57.227,173.757,173.757,3.896,168.205,0.14571,3.961,168.205,0.14307,0
29165,92924,10,2,2,0,1,0,0,4,0,0,168.167,3.387,0.14315,-0.000,165.458,51.003,167.533,173.238,57.227,173.757,173.757,3.972,168.205,0.14582,3.885,168.205,0.14304,0
29181,92934,10,2,2,0,1,0,0,4,0,0,168.167,3.312,0.14311,-0.000,165.458,51.003,167.533,173.238,57.227,173.757,173.757,3.897,168.205,0.14578,3.961,168.205,0.14315,0
29181,92944,10,2,2,0,1,0,0,4,0,0,168.167,3.312,0.14329,-0.000,165.458,51.003,167.533,173.238,57.227,173.757,173.757,3.897,168.205,0.14597,3.885,168.205,0.14311,0
29196,92954,10,2,2,0,1,0,0,4,0,0,168.167,3.312,0.14344,-0.000,165.458,51.003,167.533,173.238,57.227,173.757,173.757,3.897,168.205,0.14611,3.886,168.205,0.14329,0
29212,92964,10,2,2,0,1,0,0,4,0,0,168.167,3.387,0.14336,-0.000,165.458,51.003,167.533,173.238,57.227,173.757,173.757,3.972,168.205,0.14604,3.886,168.205,0.14344,0
29212,92974,10,2,2,0,1,0,0,4,0,0,168.167,3.312,0.14348,-0.000,165.458,51.003,167.533,173.238,57.227,173.757,173.757,3.897,168.205,0.14616,3.961,168.205,0.14336,0
29227,92984,10,2,2,0,1,0,0,4,0,0,168.167,3.387,0.14329,-0.000,165.458,51.003,167.533,173.238,57.227,173.757,173.757,3.972,168.205,0.14597,3.886,168.205,0.14348,0
29243,92994,10,2,2,0,1,0,0,4,0,0,168.167,3.312,0.14324,-0.000,165.458,51.003,167.533,173.238,57.227,173.757,173.757,3.897,168.205,0.14591,3.961,168.205,0.14329,0
29243,93004,10,2,2,0,1,0,0,4,0,0,168.167,3.312,0.14309,-0.000,165.458,51.003,167.533,173.238,57.227,173.757,173.757,3.897,168.205,0.14576,3.886,168.205,0.14324,0
29259,93014,10,2,2,0,1,0,0,4,0,0,168.167,3.312,0.14324,-0.000,165.458,51.003,167.533,173.238,57.227,173.757,173.757,3.897,168.205,0.14592,3.885,168.205,0.14309,0
29275,93024,10,2,2,0,1,0,0,4,0,0,168.167,3.387,0.14325,-0.000,165.458,51.003,167.533,173.238,57.227,173.757,173.757,3.972,168.205,0.14592,3.886,168.205,0.14324,0
29275,93034,10,2,2,0,1,0,0,4,0,0,168.167,3.387,0.14328,-0.000,165.458,51.003,167.533,173.238,57.227,173.757,173.757,3.972,168.205,0.14595,3.961,168.205,0.14325,0
29291,93044,10,2,2,0,1,0,0,4,0,0,168.167,3.387,0.14307,-0.000,165.458,51.003,167.533,173.238,57.227,173.757,173.757,3.972,168.205,0.14574,3.961,168.205,0.14328,0
29291,93054,10,2,2,0,1,0,0,4,0,0,168.167,3.312,0.14306,-0.000,165.458,51.003,167.533,173.238,57.227,173.757,173.757,3.897,168.205,0.14574,3.961,168.205,0.14307,0
29307,93064,10,2,2,0,1,0,0,4,0,0,168.167,3.312,0.14308,-0.000,165.458,51.003,167.533,173.238,57.227,173.757,173.757,3.897,168.205,0.14575,3.885,168.205,0.14306,0
29322,93074,10,2,2,0,1,0,0,4,0,0,168.167,3.387,0.14301,-0.000,165.458,51.003,167.533,173.238,57.227,173.757,173.757,3.972,168.205,0.14569,3.885,168.205,0.14308,0
29322,93084,10,2,2,0,1,0,0,4,0,0,168.167,3.387,0.14317,-0.000,165.458,51.003,167.533,173.238,57.227,173.757,173.757,3.972,168.205,0.14585,3.961,168.205,0.14301,0
29338,93094,10,2,2,0,1,0,0,4,0,0,168.167,3.312,0.14338,-0.000,165.458,51.003,167.533,173.238,57.227,173.757,173.757,3.897,168.205,0.14606,3.961,168.205,0.14317,0
29353,93104,10,2,2,0,1,0,0,4,0,0,168.167,3.312,0.14339,-0.000,165.458,51.003,167.533,173.238,57.227,173.757,173.757,3.897,168.205,0.14606,3.886,168.205,0.14338,0
29353,93114,10,2,2,0,1,0,0,4,0,0,168.167,3.312,0.14355,-0.000,165.458,51.003,167.533,173.238,57.227,173.757,173.757,3.897,168.205,0.14622,3.886,168.205,0.14339,0
29368,93124,10,2,2,0,1,0,0,4,0,0,168.167,3.387,0.14340,-0.000,165.458,51.003,167.533,173.238,57.227,173.757,173.757,3.972,168.205,0.14608,3.886,168.205,0.14355,0
29383,93134,10,2,2,0,1,0,0,4,0,0,168.167,3.387,0.14329,-0.000,165.458,51.003,167.533,173.238,57.227,173.757,173.757,3.972,168.205,0.14596,3.961,168.205,0.14340,0
29383,93144,10,2,2,0,1,0,0,4,0,0,168.167,3.387,0.14333,-0.000,165.458,51.003,167.533,173.238,57.227,173.757,173.757,3.972,168.205,0.14600,3.961,168.205,0.14329,0
29400,93154,10,2,2,0,1,0,0,4,0,0,168.167,3.387,0.14321,-0.000,165.458,51.003,167.533,173.238,57.227,173.757,173.757,3.972,168.205,0.14588,3.961,168.205,0.14333,0
29415,93164,10,2,2,0,1,0,0,4,0,0,168.167,3.387,0.14330,-0.000,165.458,51.003,167.533,173.238,57.227,173.757,173.757,3.972,168.205,0.14597,3.961,168.205,0.14321,0
29415,93174,10,2,2,0,1,0,0,4,0,0,168.167,3.312,0.14330,-0.000,165.458,51.003,167.533,173.238,57.227,173.757,173.757,3.897,168.205,0.14598,3.961,168.205,0.14330,0
29431,93184,10,2,2,0,1,0,0,4,0,0,168.167,3.312,0.14321,-0.000,165.458,51.003,167.533,173.238,57.227,173.757,173.757,3.897,168.205,0.14589,3.886,168.205,0.14330,0
29431,93194,10,2,2,0,1,0,0,4,0,0,168.167,3.312,0.14333,-0.000,165.458,51.003,167.533,173.238,57.227,173.757,173.757,3.897,168.205,0.14601,3.886,168.205,0.14321,0
29447,93204,10,2,2,0,1,0,0,4,0,0,168.167,3.312,0.14327,-0.000,165.458,51.003,167.533,173.238,57.227,173.757,173.757,3.897,168.205,0.14594,3.886,168.205,0.14333,0
29461,93214,10,2,2,0,1,0,0,4,0,0,168.167,3.312,0.14327,-0.000,165.458,51.003,167.533,173.238,57.227,173.757,173.757,3.897,168.205,0.14595,3.886,168.205,0.14327,0
29461,93224,10,2,2,0,1,0,0,4,0,0,168.167,3.387,0.14317,-0.000,165.458,51.003,167.533,173.238,57.227,173.757,173.757,3.972,168.205,0.14585,3.886,168.205,0.14327,0
29477,93234,10,2,2,0,1,0,0,4,0,0,168.167,3.387,0.14302,-0.000,165.458,51.003,167.533,173.238,57.227,173.757,173.757,3.972,168.205,0.14570,3.961,168.205,0.14317,0
29493,93244,10,2,2,0,1,0,0,4,0,0,168.167,3.312,0.14317,-0.000,165.458,51.003,167.533,173.238,57.227,173.757,173.757,3.897,168.205,0.14584,3.961,168.205,0.14302,0
29493,93254,10,2,2,0,1,0,0,4,0,0,168.167,3.312,0.14327,-0.000,165.458,51.003,167.533,173.238,57.227,173.757,173.757,3.897,168.205,0.14595,3.886,168.205,0.14317,0
29508,93264,10,2,2,0,1,0,0,4,0,0,168.167,3.387,0.14323,-0.000,165.458,51.003,167.533,173.238,57.227,173.757,173.757,3.972,168.205,0.14591,3.886,168.205,0.14327,0
29523,93274,10,2,2,0,1,0,0,4,0,0,168.167,3.387,0.14326,-0.000,165.458,51.003,167.533,173.238,57.227,173.757,173.757,3.972,168.205,0.14594,3.961,168.205,0.14323,0
29523,93284,10,2,2,0,1,0,0,4,0,0,168.167,3.387,0.14317,-0.000,165.458,51.003,167.533,173.238,57.227,173.757,173.757,3.972,168.205,0.14584,3.961,168.205,0.14326,0
29539,93294,10,2,2,0,1,0,0,4,0,0,168.167,3.312,0.14329,-0.000,165.458,51.003,167.533,173.238,57.227,173.757,173.757,3.897,168.205,0.14597,3.961,168.205,0.14317,0
29554,93304,10,2,2,0,1,0,0,4,0,0,168.167,3.387,0.14338,-0.000,165.458,51.003,167.533,173.238,57.227,173.757,173.757,3.972,168.205,0.14606,3.886,168.205,0.14329,0
29554,93314,10,2,2,0,1,0,0,4,0,0,168.167,3.312,0.14328,-0.000,165.458,51.003,167.533,173.238,57.227,173.757,173.757,3.897,168.205,0.14596,3.961,168.205,0.14338,0
29570,93324,10,2,2,0,1,0,0,4,0,0,168.167,3.312,0.14310,-0.000,165.458,51.003,167.533,173.238,57.227,173.757,173.757,3.897,168.205,0.14578,3.886,168.205,0.14328,0
29586,93334,10,2,2,0,1,0,0,4,0,0,168.167,3.312,0.14314,-0.000,165.458,51.003,167.533,173.238,57.227,173.757,173.757,3.897,168.205,0.14582,3.885,168.205,0.14310,0
29586,93344,10,2,2,0,1,0,0,4,0,0,168.167,3.312,0.14322,-0.000,165.458,51.003,167.533,173.238,57.227,173.757,173.757,3.897,168.205,0.14590,3.885,168.205,0.14314,0
29601,93354,10,2,2,0,1,0,0,4,0,0,168.167,3.312,0.14326,-0.000,165.458,51.003,167.533,173.238,57.227,173.757,173.757,3.897,168.205,0.14593,3.886,168.205,0.14322,0
29601,93364,10,2,2,0,1,0,0,4,0,0,168.167,3.312,0.14320,-0.000,165.458,51.003,167.533,173.238,57.227,173.757,173.757,3.897,168.205,0.14588,3.886,168.205,0.14326,0
29617,93374,10,2,2,0,1,0,0,4,0,0,168.167,3.387,0.14332,-0.000,165.458,51.003,167.533,173.238,57.227,173.757,173.757,3.972,168.205,0.14600,3.886,168.205,0.14320,0
29633,93384,10,2,2,0,1,0,0,4,0,0,168.167,3.387,0.14351,-0.000,165.458,51.003,167.533,173.238,57.227,173.757,173.757,3.972,168.205,0.14619,3.961,168.205,0.14332,0
29633,93394,10,2,2,0,1,0,0,4,0,0,168.167,3.312,0.14359,-0.000,165.458,51.003,167.533,173.238,57.227,173.757,173.757,3.897,168.205,0.14627,3.961,168.205,0.14351,0
29648,93404,10,2,2,0,1,0,0,4,0,0,168.167,3.387,0.14356,-0.000,165.458,51.003,167.533,173.238,57.227,173.757,173.757,3.972,168.205,0.14623,3.886,168.205,0.14359,0
29663,93414,10,2,2,0,1,0,0,4,0,0,168.167,3.387,0.14355,-0.000,165.458,51.003,167.533,173.238,57.227,173.757,173.757,3.972,168.205,0.14622,3.961,168.205,0.14356,0
29663,93424,10,2,2,0,1,0,0,4,0,0,168.167,3.312,0.14333,-0.000,165.458,51.003,167.533,173.238,57.227,173.757,173.757,3.897,168.205,0.14601,3.961,168.205,0.14355,0
29679,93434,10,2,2,0,1,0,0,4,0,0,168.167,3.312,0.14333,-0.000,165.458,51.003,167.533,173.238,57.227,173.757,173.757,3.897,168.205,0.14600,3.886,168.205,0.14333,0
29695,93444,10,2,2,0,1,0,0,4,0,0,168.167,3.312,0.14316,-0.000,165.458,51.003,167.533,173.238,57.227,173.757,173.757,3.897,168.205,0.14583,3.886,168.205,0.14333,0
29695,93454,10,2,2,0,1,0,0,4,0,0,168.167,3.387,0.14309,-0.000,165.458,51.003,167.533,173.238,57.227,173.757,173.757,3.972,168.205,0.14577,3.885,168.205,0.14316,0
29711,93464,10,2,2,0,1,0,0,4,0,0,168.167,3.312,0.14329,-0.000,165.458,51.003,167.533,173.238,57.227,173.757,173.757,3.897,168.205,0.14597,3.961,168.205,0.14309,0
29711,93474,10,2,2,0,1,0,0,4,0,0,168.167,3.312,0.14322,-0.000,165.458,51.003,167.533,173.238,57.227,173.757,173.757,3.897,168.205,0.14589,3.886,168.205,0.14329,0
29727,93484,10,2,2,0,1,0,0,4,0,0,168.167,3.312,0.14318,-0.000,165.458,51.003,167.533,173.238,57.227,173.757,173.757,3.897,168.205,0.14586,3.886,168.205,0.14322,0
29742,93494,10,2,2,0,1,0,0,4,0,0,168.167,3.387,0.14315,-0.000,165.458,51.003,167.533,173.238,57.227,173.757,173.757,3.972,168.205,0.14582,3.886,168.205,0.14318,0
29742,93504,10,2,2,0,1,0,0,4,0,0,168.167,3.387,0.14305,-0.000,165.458,51.003,167.533,173.238,57.227,173.757,173.757,3.972,168.205,0.14573,3.961,168.205,0.14315,0
29757,93514,10,2,2,0,1,0,0,4,0,0,168.167,3.387,0.14299,-0.000,165.458,51.003,167.533,173.238,57.227,173.757,173.757,3.972,168.205,0.14566,3.961,168.205,0.14305,0
29772,93524,10,2,2,0,1,0,0,4,0,0,168.167,3.312,0.14317,-0.000,165.458,51.003,167.533,173.238,57.227,173.757,173.757,3.897,168.205,0.14584,3.961,168.205,0.14299,0
29772,93534,10,2,2,0,1,0,0,4,0,0,168.167,3.312,0.14331,-0.000,165.458,51.003,167.533,173.238,57.227,173.757,173.757,3.897,168.205,0.14599,3.886,168.205,0.14317,0
29788,93544,10,2,2,0,1,0,0,4,0,0,168.167,3.387,0.14336,-0.000,165.458,51.003,167.533,173.238,57.227,173.757,173.757,3.972,168.205,0.14603,3.886,168.205,0.14331,0
29804,93554,10,2,2,0,1,0,0,4,0,0,168.167,3.312,0.14332,-0.000,165.458,51.003,167.533,173.238,57.227,173.757,173.757,3.897,168.205,0.14600,3.961,168.205,0.14336,0
29804,93564,10,2,2,0,1,0,0,4,0,0,168.167,3.312,0.14309,-0.000,165.458,51.003,167.533,173.238,57.227,173.757,173.757,3.897,168.205,0.14577,3.886,168.205,0.14332,0
29820,93574,10,2,2,0,1,0,0,4,0,0,168.167,3.312,0.14309,-0.000,165.458,51.003,167.533,173.238,57.227,173.757,173.757,3.897,168.205,0.14576,3.885,168.205,0.14309,0
29836,93584,10,2,2,0,1,0,0,4,0,0,168.167,3.387,0.14309,-0.000,165.458,51.003,167.533,173.238,57.227,173.757,173.757,3.972,168.205,0.14577,3.885,168.205,0.14309,0
29836,93594,10,2,2,0,1,0,0,4,0,0,168.167,3.387,0.14323,-0.000,165.458,51.003,167.533,173.238,57.227,173.757,173.757,3.972,168.205,0.14591,3.961,168.205,0.14309,0
29851,93604,10,2,2,0,1,0,0,4,0,0,168.167,3.387,0.14321,-0.000,165.458,51.003,167.533,173.238,57.227,173.757,173.757,3.972,168.205,0.14588,3.961,168.205,0.14323,0
29851,93614,10,2,2,0,1,0,0,4,0,0,168.167,3.387,0.14321,-0.000,165.458,51.003,167.533,173.238,57.227,173.757,173.757,3.972,168.205,0.14589,3.961,168.205,0.14321,0
29866,93624,10,2,2,0,1,0,0,4,0,0,168.167,3.387,0.14306,-0.000,165.458,51.003,167.533,173.238,57.227,173.757,173.757,3.972,168.205,0.14574,3.961,168.205,0.14321,0
29882,93634,10,2,2,0,1,0,0,4,0,0,168.167,3.387,0.14288,-0.000,165.458,51.003,167.533,173.238,57.227,173.757,173.757,3.972,168.205,0.14556,3.961,168.205,0.14306,0
29882,93644,10,2,2,0,1,0,0,4,0,0,168.167,3.387,0.14300,-0.000,165.458,51.003,167.533,173.238,57.227,173.757,173.757,3.972,168.205,0.14568,3.961,168.204,0.14288,0
29897,93654,10,2,2,0,1,0,0,4,0,0,168.167,3.387,0.14308,-0.000,165.458,51.003,167.533,173.238,57.227,173.757,173.757,3.972,168.205,0.14576,3.961,168.204,0.14300,0
29912,93664,10,2,2,0,1,0,0,4,0,0,168.167,3.387,0.14311,-0.000,165.458,51.003,167.533,173.238,57.227,173.757,173.757,3.972,168.205,0.14579,3.961,168.205,0.14308,0
29912,93674,10,2,2,0,1,0,0,4,0,0,168.167,3.387,0.14308,-0.000,165.458,51.003,167.533,173.238,57.227,173.757,173.757,3.972,168.205,0.14575,3.961,168.205,0.14311,0
29928,93684,10,2,2,0,1,0,0,4,0,0,168.167,3.312,0.14305,-0.000,165.458,51.003,167.533,173.238,57.227,173.757,173.757,3.896,168.205,0.14573,3.961,168.205,0.14308,0
29943,93694,10,2,2,0,1,0,0,4,0,0,168.167,3.387,0.14320,-0.000,165.458,51.003,167.533,173.238,57.227,173.757,173.757,3.972,168.205,0.14588,3.885,168.205,0.14305,0
29943,93704,10,2,2,0,1,0,0,4,0,0,168.167,3.387,0.14326,-0.000,165.458,51.003,167.533,173.238,57.227,173.757,173.757,3.972,168.205,0.14594,3.961,168.205,0.14320,0
29959,93714,10,2,2,0,1,0,0,4,0,0,168.167,3.312,0.14329,-0.000,165.458,51.003,167.533,173.238,57.227,173.757,173.757,3.897,168.205,0.14596,3.961,168.205,0.14326,0
29975,93724,10,2,2,0,1,0,0,4,0,0,168.167,3.312,0.14322,-0.000,165.458,51.003,167.533,173.238,57.227,173.757,173.757,3.897,168.205,0.14590,3.886,168.205,0.14329,0
29975,93734,10,2,2,0,1,0,0,4,0,0,168.167,3.387,0.14331,-0.000,165.458,51.003,167.533,173.238,57.227,173.757,173.757,3.972,168.205,0.14599,3.886,168.205,0.14322,0
29991,93744,10,2,2,0,1,0,0,4,0,0,168.167,3.387,0.14351,-0.000,165.458,51.003,167.533,173.238,57.227,173.757,173.757,3.972,168.205,0.14618,3.961,168.205,0.14331,0
29991,93754,10,2,2,0,1,0,0,4,0,0,168.167,3.387,0.14334,-0.000,165.458,51.003,167.533,173.238,57.227,173.757,173.757,3.972,168.205,0.14601,3.961,168.205,0.14351,0
