host_s,seq,epoch,valid,f_mm,l_mm,imu_deg,left_mm,right_mm,x_mm,y_mm,heading_deg
100.124,9813,0,31,136.952880,-2.881539,0.0,0.0,-0.0,0,0,0
100.134,9814,0,31,136.952880,-2.881539,2.9999999999960614e-06,0.0,-0.0,0,0,0
100.144,9815,0,31,136.952880,-2.881539,3.500000000000031e-05,0.0,-0.0,0,0,0
100.154,9816,0,31,136.952880,-2.881539,0.0002869999999999956,0.0,-0.0,0,0,0
100.164,9817,0,31,136.952880,-2.881539,0.00035199999999999815,0.0,-0.0,0,0,0
100.174,9818,0,31,136.952880,-2.881539,0.0003009999999999957,0.0,-0.0,0,0,0
100.184,9819,0,31,136.952880,-2.881539,0.0003109999999999988,0.0,-0.0,0,0,0
100.194,9820,0,31,136.952880,-2.881539,0.00028500000000000053,0.0,-0.0,0,0,0
100.204,9821,0,31,136.952880,-2.881539,0.0005350000000000008,0.0,-0.0,0,0,0
100.214,9822,0,31,136.952880,-2.881539,0.0005739999999999981,0.0,-0.0,0,0,0
100.224,9823,0,31,136.952880,-2.881539,0.0005290000000000017,0.0,-0.0,0,0,0
100.234,9824,0,31,136.952880,-2.881539,0.0006880000000000011,0.0,-0.0,0,0,0
100.244,9825,0,31,136.952880,-2.881539,0.0007279999999999995,0.0,-0.0,0,0,0
100.254,9826,0,31,136.952880,-2.881539,0.000673,0.0,-0.0,0,0,0
100.264,9827,0,31,136.952880,-2.881539,0.0006130000000000024,0.0,-0.0,0,0,0
100.274,9828,0,31,136.952880,-2.881539,0.0006400000000000017,0.0,-0.0,0,0,0
100.284,9829,0,31,136.952880,-2.881539,0.000560999999999999,0.0,-0.0,0,0,0
100.294,9830,0,31,136.952880,-2.881539,0.0005729999999999971,0.0,-0.0,0,0,0
100.304,9831,0,31,136.952880,-2.881539,0.0007769999999999999,0.0,-0.0,0,0,0
100.314,9832,0,31,136.952880,-2.881539,0.000787999999999997,0.0,-0.0,0,0,0
100.324,9833,0,31,136.952880,-2.881539,0.0009399999999999964,0.0,-0.0,0,0,0
100.334,9834,0,31,136.952880,-2.881539,0.0010270000000000001,0.0,-0.0,0,0,0
100.344,9835,0,31,136.952880,-2.881539,0.001126999999999996,0.0,-0.0,0,0,0
100.354,9836,0,31,136.952880,-2.881539,0.0012039999999999967,0.0,-0.0,0,0,0
100.364,9837,0,31,136.952880,-2.881539,0.001346,0.0,-0.0,0,0,0
100.374,9838,0,31,136.952880,-2.881539,0.0011959999999999957,0.0,-0.0,0,0,0
100.384,9839,0,31,136.952880,-2.881539,0.0010939999999999978,0.0,-0.0,0,0,0
100.394,9840,0,31,136.952880,-2.881539,0.0009380000000000013,0.0,-0.0,0,0,0
100.404,9841,0,31,136.952880,-2.881539,0.0008480000000000015,0.0,-0.0,0,0,0
100.414,9842,0,31,136.952880,-2.881539,0.000896000000000001,0.0,-0.0,0,0,0
100.424,9843,0,31,136.952880,-2.881539,0.000891999999999997,0.0,-0.0,0,0,0
100.434,9844,0,31,136.952880,-2.881539,0.0008760000000000018,0.0,-0.0,0,0,0
100.444,9845,0,31,136.952880,-2.881539,0.0011009999999999978,0.0,-0.0,0,0,0
100.454,9846,0,31,136.952880,-2.881539,0.000793000000000002,0.0,-0.0,0,0,0
100.464,9847,0,31,136.952880,-2.881539,0.0006029999999999994,0.0,-0.0,0,0,0
100.474,9848,0,31,136.952880,-2.881539,0.00038799999999999946,0.0,-0.0,0,0,0
100.484,9849,0,31,136.952880,-2.881539,0.0004549999999999971,0.0,-0.0,0,0,0
100.494,9850,0,31,136.952880,-2.881539,0.0005539999999999989,0.0,-0.0,0,0,0
100.504,9851,0,31,136.952880,-2.881539,0.0005119999999999986,0.0,-0.0,0,0,0
100.514,9852,0,31,136.952880,-2.881539,0.00022599999999999704,0.0,-0.0,0,0,0
100.524,9853,0,31,136.952880,-2.881539,0.00042099999999999776,0.0,-0.0,0,0,0
100.534,9854,0,31,136.952880,-2.881539,0.00031699999999999784,0.0,-0.0,0,0,0
100.544,9855,0,31,136.952880,-2.881539,0.0005459999999999979,0.0,-0.0,0,0,0
100.554,9856,0,31,136.952880,-2.881539,0.0007640000000000008,0.0,-0.0,0,0,0
100.564,9857,0,31,136.952880,-2.881539,0.0006499999999999978,0.0,-0.0,0,0,0
100.574,9858,0,31,136.952880,-2.881539,0.0007059999999999983,0.0,-0.0,0,0,0
100.584,9859,0,31,136.952880,-2.881539,0.0006460000000000007,0.0,-0.0,0,0,0
100.594,9860,0,31,136.952880,-2.881539,0.0006079999999999974,0.0,-0.0,0,0,0
100.604,9861,0,31,136.952880,-2.881539,0.00046399999999999914,0.0,-0.0,0,0,0
100.614,9862,0,31,136.952880,-2.881539,0.00022400000000000198,0.0,-0.0,0,0,0
100.624,9863,0,31,136.952880,-2.881539,0.0002489999999999992,0.0,-0.0,0,0,0
100.634,9864,0,31,136.952880,-2.881539,0.00024500000000000216,0.0,-0.0,0,0,0
100.644,9865,0,31,136.952880,-2.881539,0.00018900000000000167,0.0,-0.0,0,0,0
100.654,9866,0,31,136.952880,-2.881539,0.0003140000000000018,0.0,-0.0,0,0,0
100.664,9867,0,31,136.952880,-2.881539,0.0004170000000000007,0.0,-0.0,0,0,0
100.674,9868,0,31,136.952880,-2.881539,0.0004730000000000012,0.0,-0.0,0,0,0
100.684,9869,0,31,136.952880,-2.881539,0.0003429999999999961,0.0,-0.0,0,0,0
100.694,9870,0,31,136.952880,-2.881539,0.00026199999999999835,0.0,-0.0,0,0,0
100.704,9871,0,31,136.952880,-2.881539,0.0002669999999999964,0.0,-0.0,0,0,0
100.714,9872,0,31,136.952880,-2.881539,0.0005020000000000024,0.0,-0.0,0,0,0
100.724,9873,0,31,136.952880,-2.881539,0.0006309999999999996,0.0,-0.0,0,0,0
100.734,9874,0,31,136.952880,-2.881539,0.0005999999999999964,0.0,-0.0,0,0,0
100.744,9875,0,31,136.952880,-2.881539,0.0006149999999999975,0.0,-0.0,0,0,0
100.754,9876,0,31,136.952880,-2.881539,0.0005910000000000012,0.0,-0.0,0,0,0
100.764,9877,0,31,136.952880,-2.881539,0.0005669999999999981,0.0,-0.0,0,0,0
100.774,9878,0,31,136.952880,-2.881539,0.0006299999999999986,0.0,-0.0,0,0,0
100.784,9879,0,31,136.952880,-2.881539,0.00046399999999999914,0.0,-0.0,0,0,0
100.794,9880,0,31,136.952880,-2.881539,0.00023100000000000204,0.0,-0.0,0,0,0
100.804,9881,0,31,136.952880,-2.881539,0.00021799999999999597,0.0,-0.0,0,0,0
100.814,9882,0,31,136.952880,-2.881539,0.0002899999999999986,0.0,-0.0,0,0,0
100.824,9883,0,31,136.952880,-2.881539,0.00022099999999999898,0.0,-0.0,0,0,0
100.834,9884,0,31,136.952880,-2.881539,0.00038499999999999646,0.0,-0.0,0,0,0
100.844,9885,0,31,136.952880,-2.881539,0.0004149999999999987,0.0,-0.0,0,0,0
100.854,9886,0,31,136.952880,-2.881539,0.00046299999999999814,0.0,-0.0,0,0,0
100.864,9887,0,31,136.952880,-2.881539,0.0004359999999999989,0.0,-0.0,0,0,0
100.874,9888,0,31,136.952880,-2.881539,0.0006559999999999969,0.0,-0.0,0,0,0
100.884,9889,0,31,136.952880,-2.881539,0.0006649999999999989,0.0,-0.0,0,0,0
100.894,9890,0,31,136.952880,-2.881539,0.0005479999999999999,0.0,-0.0,0,0,0
100.904,9891,0,31,136.952880,-2.881539,0.00019399999999999973,0.0,-0.0,0,0,0
100.914,9892,0,31,136.952880,-2.881539,0.00014100000000000223,0.0,-0.0,0,0,0
100.924,9893,0,31,136.952880,-2.881539,0.00023999999999999716,0.0,-0.0,0,0,0
100.934,9894,0,31,136.952880,-2.881539,0.0004829999999999973,0.0,-0.0,0,0,0
100.944,9895,0,31,136.952880,-2.881539,0.0005770000000000011,0.0,-0.0,0,0,0
100.954,9896,0,31,136.952880,-2.881539,0.0007419999999999996,0.0,-0.0,0,0,0
100.964,9897,0,31,136.952880,-2.881539,0.0004940000000000014,0.0,-0.0,0,0,0
100.974,9898,0,31,136.952880,-2.881539,0.0006289999999999976,0.0,-0.0,0,0,0
100.984,9899,0,31,136.952880,-2.881539,0.0004329999999999959,0.0,-0.0,0,0,0
100.994,9900,0,31,136.952880,-2.881539,0.0005659999999999971,0.0,-0.0,0,0,0
101.004,9901,0,31,136.952880,-2.881539,0.000336999999999997,0.0,-0.0,0,0,0
101.014,9902,0,31,136.952880,-2.881539,0.0005869999999999972,0.0,-0.0,0,0,0
101.024,9903,0,31,136.952880,-2.881539,0.0009580000000000005,0.0,-0.0,0,0,0
101.034,9904,0,31,136.952880,-2.881539,0.0011940000000000006,0.0,-0.0,0,0,0
101.044,9905,0,31,136.952880,-2.881539,0.0010309999999999972,0.0,-0.0,0,0,0
101.054,9906,0,31,136.952880,-2.881539,0.0010560000000000014,0.0,-0.0,0,0,0
101.064,9907,0,31,136.952880,-2.881539,0.0010980000000000018,0.0,-0.0,0,0,0
101.074,9908,0,31,136.952880,-2.881539,0.0009899999999999978,0.0,-0.0,0,0,0
101.084,9909,0,31,136.952880,-2.881539,0.0007739999999999969,0.0,-0.0,0,0,0
101.094,9910,0,31,136.952880,-2.881539,0.0007059999999999983,0.0,-0.0,0,0,0
101.104,9911,0,31,136.952880,-2.881539,0.0004730000000000012,0.0,-0.0,0,0,0
101.114,9912,0,31,136.952880,-2.881539,0.00033299999999999996,0.0,-0.0,0,0,0
101.124,9913,0,31,136.952880,-2.881539,0.00015799999999999842,0.0,-0.0,0,0,0
101.134,9914,0,31,136.952880,-2.881539,0.00010799999999999699,0.0,-0.0,0,0,0
101.144,9915,0,31,136.952880,-2.881539,0.00024099999999999816,0.0,-0.0,0,0,0
101.154,9916,0,31,136.952880,-2.881539,0.0006330000000000016,0.0,-0.0,0,0,0
101.164,9917,0,31,136.952880,-2.881539,0.0006449999999999997,0.0,-0.0,0,0,0
101.174,9918,0,31,136.952880,-2.881539,0.0006969999999999962,0.0,-0.0,0,0,0
101.184,9919,0,31,136.952880,-2.881539,0.0006540000000000018,0.0,-0.0,0,0,0
101.194,9920,0,31,136.952880,-2.881539,0.000675999999999996,0.0,-0.0,0,0,0
101.204,9921,0,31,136.952880,-2.881539,0.0006419999999999967,0.0,-0.0,0,0,0
101.214,9922,0,31,136.952880,-2.881539,0.0008459999999999995,0.0,-0.0,0,0,0
101.224,9923,0,31,136.952880,-2.881539,0.0010340000000000002,0.0,-0.0,0,0,0
101.234,9924,0,31,136.952880,-2.881539,0.0009230000000000002,0.0,-0.0,0,0,0
101.244,9925,0,31,136.952880,-2.881539,0.0009129999999999971,0.0,-0.0,0,0,0
101.254,9926,0,31,136.952880,-2.881539,0.0008779999999999968,0.0,-0.0,0,0,0
101.264,9927,0,31,136.952880,-2.881539,0.0006289999999999976,0.0,-0.0,0,0,0
101.274,9928,0,31,136.952880,-2.881539,0.0006069999999999964,0.0,-0.0,0,0,0
101.284,9929,0,31,136.952880,-2.881539,0.00036800000000000027,0.0,-0.0,0,0,0
101.294,9930,0,31,136.952880,-2.881539,0.0005220000000000016,0.0,-0.0,0,0,0
101.304,9931,0,31,136.952880,-2.881539,0.00046700000000000214,0.0,-0.0,0,0,0
101.314,9932,0,31,136.952880,-2.881539,0.0005509999999999959,0.0,-0.0,0,0,0
101.324,9933,0,31,136.952880,-2.881539,0.0006680000000000019,0.0,-0.0,0,0,0
101.334,9934,0,31,136.952880,-2.881539,0.0005529999999999979,0.0,-0.0,0,0,0
101.344,9935,0,31,136.952880,-2.881539,0.0004730000000000012,0.0,-0.0,0,0,0
101.354,9936,0,31,136.952880,-2.881539,0.0007069999999999993,0.0,-0.0,0,0,0
101.364,9937,0,31,136.952880,-2.881539,0.000677999999999998,0.0,-0.0,0,0,0
101.374,9938,0,31,136.952880,-2.881539,0.0007430000000000006,0.0,-0.0,0,0,0
101.384,9939,0,31,136.952880,-2.881539,0.0010719999999999966,0.0,-0.0,0,0,0
101.394,9940,0,31,136.952880,-2.881539,0.001016999999999997,0.0,-0.0,0,0,0
101.404,9941,0,31,136.952880,-2.881539,0.000897000000000002,0.0,-0.0,0,0,0
101.414,9942,0,31,136.952880,-2.881539,0.0006890000000000021,0.0,-0.0,0,0,0
101.424,9943,0,31,136.952880,-2.881539,0.0006229999999999986,0.0,-0.0,0,0,0
101.434,9944,0,31,136.952880,-2.881539,0.0004559999999999981,0.0,-0.0,0,0,0
101.444,9945,0,31,136.952880,-2.881539,0.00026400000000000035,0.0,-0.0,0,0,0
101.454,9946,0,31,136.952880,-2.881539,0.0004170000000000007,0.0,-0.0,0,0,0
101.464,9947,0,31,136.952880,-2.881539,0.000337999999999998,0.0,-0.0,0,0,0
101.474,9948,0,31,136.952880,-2.881539,0.0005000000000000004,0.0,-0.0,0,0,0
101.484,9949,0,31,136.952880,-2.881539,0.00044399999999999995,0.0,-0.0,0,0,0
101.494,9950,0,31,136.952880,-2.881539,0.0005929999999999963,0.0,-0.0,0,0,0
101.504,9951,0,31,136.952880,-2.881539,0.00047499999999999626,0.0,-0.0,0,0,0
101.514,9952,0,31,136.952880,-2.881539,0.000342000000000002,0.0,-0.0,0,0,0
101.524,9953,0,31,136.952880,-2.881539,0.0001419999999999963,0.0,-0.0,0,0,0
101.534,9954,0,31,136.952880,-2.881539,3.0000000000002247e-05,0.0,-0.0,0,0,0
101.544,9955,0,31,136.952880,-2.881539,0.00013799999999999923,0.0,-0.0,0,0,0
101.554,9956,0,31,136.952880,-2.881539,0.0002149999999999999,0.0,-0.0,0,0,0
101.564,9957,0,31,136.952880,-2.881539,9.000000000002062e-06,0.0,-0.0,0,0,0
101.574,9958,0,31,136.952880,-2.881539,-0.00010500000000000093,0.0,-0.0,0,0,0
101.584,9959,0,31,136.952880,-2.881539,0.00010500000000000093,0.0,-0.0,0,0,0
101.594,9960,0,31,136.952880,-2.881539,0.00028500000000000053,0.0,-0.0,0,0,0
101.604,9961,0,31,136.952880,-2.881539,0.0006999999999999992,0.0,-0.0,0,0,0
101.614,9962,0,31,136.952880,-2.881539,0.0008009999999999962,0.0,-0.0,0,0,0
101.624,9963,0,31,136.952880,-2.881539,0.0008070000000000022,0.0,-0.0,0,0,0
101.634,9964,0,31,136.952880,-2.881539,0.0006940000000000002,0.0,-0.0,0,0,0
101.644,9965,0,31,136.952880,-2.881539,0.0006260000000000016,0.0,-0.0,0,0,0
101.654,9966,0,31,136.952880,-2.881539,0.00041000000000000064,0.0,-0.0,0,0,0
101.664,9967,0,31,136.952880,-2.881539,0.00040799999999999864,0.0,-0.0,0,0,0
101.674,9968,0,31,136.952880,-2.881539,0.00022099999999999898,0.0,-0.0,0,0,0
101.684,9969,0,31,136.952880,-2.881539,0.0002109999999999959,0.0,-0.0,0,0,0
101.694,9970,0,31,136.952880,-2.881539,0.0003929999999999975,0.0,-0.0,0,0,0
101.704,9971,0,31,136.952880,-2.881539,0.00010500000000000093,0.0,-0.0,0,0,0
101.714,9972,0,31,136.952880,-2.881539,0.00010500000000000093,0.0,-0.0,0,0,0
101.724,9973,0,31,136.952880,-2.881539,0.0002160000000000009,0.0,-0.0,0,0,0
101.734,9974,0,31,136.952880,-2.881539,0.0002869999999999956,0.0,-0.0,0,0,0
101.744,9975,0,31,136.952880,-2.881539,0.0004699999999999982,0.0,-0.0,0,0,0
101.754,9976,0,31,136.952880,-2.881539,0.0004559999999999981,0.0,-0.0,0,0,0
101.764,9977,0,31,136.952880,-2.881539,0.00016200000000000242,0.0,-0.0,0,0,0
101.774,9978,0,31,136.952880,-2.881539,8.79999999999978e-05,0.0,-0.0,0,0,0
101.784,9979,0,31,136.952880,-2.881539,0.00023999999999999716,0.0,-0.0,0,0,0
101.794,9980,0,31,136.952880,-2.881539,7.599999999999968e-05,0.0,-0.0,0,0,0
101.804,9981,0,31,136.952880,-2.881539,0.00010899999999999799,0.0,-0.0,0,0,0
101.814,9982,0,31,136.952880,-2.881539,0.00033199999999999896,0.0,-0.0,0,0,0
101.824,9983,0,31,136.952880,-2.881539,0.0005029999999999965,0.0,-0.0,0,0,0
101.834,9984,0,31,136.952880,-2.881539,0.000670999999999998,0.0,-0.0,0,0,0
101.844,9985,0,31,136.952880,-2.881539,0.000677999999999998,0.0,-0.0,0,0,0
101.854,9986,0,31,136.952880,-2.881539,0.0005020000000000024,0.0,-0.0,0,0,0
101.864,9987,0,31,136.952880,-2.881539,0.0004829999999999973,0.0,-0.0,0,0,0
101.874,9988,0,31,136.952880,-2.881539,0.0006250000000000006,0.0,-0.0,0,0,0
101.884,9989,0,31,136.952880,-2.881539,0.0005749999999999991,0.0,-0.0,0,0,0
101.894,9990,0,31,136.952880,-2.881539,0.0007549999999999987,0.0,-0.0,0,0,0
101.904,9991,0,31,136.952880,-2.881539,0.0008480000000000015,0.0,-0.0,0,0,0
101.914,9992,0,31,136.952880,-2.881539,0.0009520000000000015,0.0,-0.0,0,0,0
101.924,9993,0,31,136.952880,-2.881539,0.001004999999999999,0.0,-0.0,0,0,0
101.934,9994,0,31,136.952880,-2.881539,0.0012990000000000015,0.0,-0.0,0,0,0
101.944,9995,0,31,136.952880,-2.881539,0.0012609999999999982,0.0,-0.0,0,0,0
101.954,9996,0,31,136.952880,-2.881539,0.0012209999999999999,0.0,-0.0,0,0,0
101.964,9997,0,31,136.952880,-2.881539,0.0009059999999999971,0.0,-0.0,0,0,0
101.974,9998,0,31,136.952880,-2.881539,0.0007319999999999965,0.0,-0.0,0,0,0
101.984,9999,0,31,136.952880,-2.881539,0.000791,0.0,-0.0,0,0,0
101.994,10000,0,31,136.952880,-2.881539,0.0007790000000000019,0.0,-0.0,0,0,0
102.004,10001,0,31,136.952880,-2.881539,0.000682000000000002,0.0,-0.0,0,0,0
102.014,10002,0,31,136.952880,-2.881539,0.0003970000000000015,0.0,-0.0,0,0,0
102.024,10003,0,31,136.952880,-2.881539,0.00032999999999999696,0.0,-0.0,0,0,0
102.034,10004,0,31,136.952880,-2.881539,0.0003249999999999989,0.0,-0.0,0,0,0
102.044,10005,0,31,136.952880,-2.881539,0.0004320000000000018,0.0,-0.0,0,0,0
102.054,10006,0,31,136.952880,-2.881539,6.899999999999962e-05,0.0,-0.0,0,0,0
102.064,10007,0,31,136.952880,-2.881539,0.00042199999999999876,0.0,-0.0,0,0,0
102.074,10008,0,31,136.952880,-2.881539,0.000564000000000002,0.0,-0.0,0,0,0
102.084,10009,0,31,136.952880,-2.881539,0.0006680000000000019,0.0,-0.0,0,0,0
102.094,10010,0,31,136.952880,-2.881539,0.0005780000000000021,0.0,-0.0,0,0,0
102.104,10011,0,31,136.952880,-2.881539,0.00046399999999999914,0.0,-0.0,0,0,0
102.114,10012,0,31,136.952880,-2.881539,0.0004289999999999988,0.0,-0.0,0,0,0
102.124,10013,0,31,136.952880,-2.881539,0.0006619999999999959,0.0,-0.0,0,0,0
102.134,10014,0,31,136.952880,-2.881539,0.0007710000000000009,0.0,-0.0,0,0,0
102.144,10015,0,31,136.952880,-2.881539,0.0008470000000000005,0.0,-0.0,0,0,0
102.154,10016,0,31,136.952880,-2.881539,0.0007969999999999991,0.0,-0.0,0,0,0
102.164,10017,0,31,136.952880,-2.881539,0.0008239999999999983,0.0,-0.0,0,0,0
102.174,10018,0,31,136.952880,-2.881539,0.001011999999999999,0.0,-0.0,0,0,0
102.184,10019,0,31,136.952880,-2.881539,0.0009510000000000005,0.0,-0.0,0,0,0
102.194,10020,0,31,136.952880,-2.881539,0.0009320000000000023,0.0,-0.0,0,0,0
102.204,10021,0,31,136.952880,-2.881539,0.0007769999999999999,0.0,-0.0,0,0,0
102.214,10022,0,31,136.952880,-2.881539,0.0005770000000000011,0.0,-0.0,0,0,0
102.224,10023,0,31,136.952880,-2.881539,0.0004549999999999971,0.0,-0.0,0,0,0
102.234,10024,0,31,136.952880,-2.881539,0.0005690000000000001,0.0,-0.0,0,0,0
102.244,10025,0,31,136.952880,-2.881539,0.0007150000000000004,0.0,-0.0,0,0,0
102.254,10026,0,31,136.952880,-2.881539,0.0007580000000000017,0.0,-0.0,0,0,0
102.264,10027,0,31,136.952880,-2.881539,0.000786999999999996,0.0,-0.0,0,0,0
102.274,10028,0,31,136.952880,-2.881539,0.0008750000000000008,0.0,-0.0,0,0,0
102.284,10029,0,31,136.952880,-2.881539,0.0008009999999999962,0.0,-0.0,0,0,0
102.294,10030,0,31,136.952880,-2.881539,0.0009139999999999981,0.0,-0.0,0,0,0
102.304,10031,0,31,136.952880,-2.881539,0.0008079999999999962,0.0,-0.0,0,0,0
102.314,10032,0,31,136.952880,-2.881539,0.0007640000000000008,0.0,-0.0,0,0,0
102.324,10033,0,31,136.952880,-2.881539,-0.0007759999999999989,0.0,-0.0,0,0,0
102.334,10034,0,31,136.952880,-2.881539,-0.0026770000000000023,0.0,-0.0,0,0,0
102.344,10035,0,31,136.952880,-2.881539,-0.0020789999999999975,0.0,-0.0,0,0,0
102.354,10036,0,31,136.952880,-2.881539,-0.0023320000000000007,0.0,-0.0,0,0,0
102.364,10037,0,31,136.952880,-2.881539,-0.002864000000000002,0.0,-0.0,0,0,0
102.374,10038,0,31,136.952880,-2.881539,-0.0036780000000000007,0.0,-0.0,0,0,0
102.384,10039,0,31,136.952880,-2.881539,-0.004177,0.0,-0.0,0,0,0
102.394,10040,0,31,136.952880,-2.881539,-0.0052920000000000016,0.0,-0.0,0,0,0
102.404,10041,0,31,136.952880,-2.881539,-0.006426000000000001,0.0,-0.0,0,0,0
102.414,10042,0,31,136.952880,-2.881539,-0.007666000000000003,0.0,-0.0,0,0,0
102.424,10043,0,31,136.952880,-2.881539,-0.008423,0.0,-0.0,0,0,0
102.434,10044,0,31,136.952880,-2.881539,-0.009148,0.0,-0.0,0,0,0
102.444,10045,0,31,136.952880,-2.881539,-0.009527,0.0,-0.0,0,0,0
102.454,10046,0,31,136.952880,-2.881539,-0.008153,0.0,-0.0,0,0,0
102.464,10047,0,31,136.952880,-2.881539,-0.006700000000000001,0.0,-0.0,0,0,0
102.474,10048,0,31,136.952880,-2.881539,-0.005326000000000001,0.0,-0.0,0,0,0
102.484,10049,0,31,136.952880,-2.881539,-0.0040510000000000025,0.0,-0.0,0,0,0
102.494,10050,0,31,136.952880,-2.881539,-0.0029130000000000024,0.0,-0.0,0,0,0
102.504,10051,0,31,136.952880,-2.881539,-0.0043820000000000005,0.0,-0.0,0,0,0
102.514,10052,0,31,136.952880,-2.881539,-0.005368000000000001,0.0,-0.0,0,0,0
102.524,10053,0,31,136.952880,-2.881539,-0.0057950000000000015,0.0,-0.0,0,0,0
102.534,10054,0,31,136.952880,-2.881539,-0.006095,0.0,-0.0,0,0,0
102.544,10055,0,31,136.952880,-2.881539,-0.005317000000000002,0.0,-0.0,0,0,0
102.554,10056,0,31,136.952880,-2.881539,-0.004446000000000002,0.0,-0.0,0,0,0
102.564,10057,0,31,136.952880,-2.881539,-0.0038340000000000006,0.0,-0.0,0,0,0
102.574,10058,0,31,136.952880,-2.881539,-0.004036000000000001,0.0,-0.0,0,0,0
102.584,10059,0,31,136.952880,-2.881539,-0.004639000000000001,0.0,-0.0,0,0,0
102.594,10060,0,31,136.952880,-2.881539,-0.005348000000000002,0.0,-0.0,0,0,0
102.604,10061,0,31,136.952880,-2.881539,-0.005549000000000002,0.0,-0.0,0,0,0
102.614,10062,0,31,136.952880,-2.881539,-0.007617000000000002,0.0,-0.0,0,0,0
102.624,10063,0,31,136.952880,-2.881539,-0.0070230000000000015,0.0,-0.0,0,0,0
102.634,10064,0,31,136.952880,-2.881539,-0.006694000000000002,0.0,-0.0,0,0,0
102.644,10065,0,31,136.952880,-2.881539,-0.005967,0.0,-0.0,0,0,0
102.654,10066,0,31,136.952880,-2.881539,-0.0055670000000000025,0.0,-0.0,0,0,0
102.664,10067,0,31,136.952880,-2.881539,-0.00647,0.0,-0.0,0,0,0
102.674,10068,0,31,136.952880,-2.881539,-0.007385000000000003,0.0,-0.0,0,0,0
102.684,10069,0,31,136.952880,-2.881539,-0.007521,0.0,-0.0,0,0,0
102.694,10070,0,31,136.952880,-2.881539,-0.007506000000000002,0.0,-0.0,0,0,0
102.704,10071,0,31,136.952880,-2.881539,-0.007895000000000003,0.0,-0.0,0,0,0
102.714,10072,0,31,136.952880,-2.881539,-0.007870000000000002,0.0,-0.0,0,0,0
102.724,10073,0,31,136.952880,-2.881539,-0.007450999999999999,0.0,-0.0,0,0,0
102.734,10074,0,31,136.952880,-2.881539,-0.002876,0.0,-0.0,0,0,0
102.744,10075,0,31,136.952880,-2.881539,0.0067989999999999995,0.0,-0.0,0,0,0
102.754,10076,0,31,136.952880,-2.881539,0.015445,0.0,-0.0,0,0,0
102.764,10077,0,31,136.952880,-2.881539,0.016484,0.0,-0.0,0,0,0
102.774,10078,0,31,136.952880,-2.881539,0.013401999999999997,0.0,-0.0,0,0,0
102.784,10079,0,31,136.952880,-2.881539,0.008761999999999999,0.0,-0.0,0,0,0
102.794,10080,0,31,136.952880,-2.881539,0.006878999999999996,0.0,-0.0,0,0,0
102.804,10081,0,31,136.952880,-2.881539,0.005345999999999997,0.0,-0.0,0,0,0
102.814,10082,0,31,136.952880,-2.881539,0.003035999999999997,0.0,-0.0,0,0,0
102.824,10083,0,31,136.952880,-2.881539,0.0013149999999999967,0.0,-0.0,0,0,0
102.834,10084,0,31,136.952880,-2.881539,0.0013039999999999996,0.0,-0.0,0,0,0
102.844,10085,0,31,136.952880,-2.881539,0.001917999999999996,0.0,-0.0,0,0,0
102.854,10086,0,31,136.952880,-2.881539,0.0027369999999999964,0.0,-0.0,0,0,0
102.864,10087,0,31,136.952880,-2.881539,0.004000999999999998,0.0,-0.0,0,0,0
102.874,10088,0,31,136.952880,-2.881539,0.005076999999999998,0.0,-0.0,0,0,0
102.884,10089,0,31,136.952880,-2.881539,0.0022990000000000024,0.0,-0.0,0,0,0
102.894,10090,0,31,136.952880,-2.881539,-0.0021960000000000035,0.0,-0.0,0,0,0
102.904,10091,0,31,136.952880,-2.881539,-0.0048920000000000005,0.0,-0.0,0,0,0
102.914,10092,0,31,136.952880,-2.881539,-0.003928000000000001,0.0,-0.0,0,0,0
102.924,10093,0,31,136.952880,-2.881539,-0.003504,0.0,-0.0,0,0,0
102.934,10094,0,31,136.952880,-2.881539,-0.003773000000000002,0.0,-0.0,0,0,0
102.944,10095,0,31,136.952880,-2.881539,-0.0037170000000000016,0.0,-0.0,0,0,0
102.954,10096,0,31,136.952880,-2.881539,-0.0033910000000000017,0.0,-0.0,0,0,0
102.964,10097,0,31,136.952880,-2.881539,-0.0058980000000000005,0.0,-0.0,0,0,0
102.974,10098,0,31,136.952880,-2.881539,-0.008275000000000001,0.0,-0.0,0,0,0
102.984,10099,0,31,136.952880,-2.881539,-0.010778,0.0,-0.0,0,0,0
102.994,10100,0,31,136.952880,-2.881539,-0.011069000000000002,0.0,-0.0,0,0,0
103.004,10101,0,31,136.952880,-2.881539,-0.012121,0.0,-0.0,0,0,0
103.014,10102,0,31,136.952880,-2.881539,-0.01336,0.0,-0.0,0,0,0
103.024,10103,0,31,136.952880,-2.881539,-0.017835,0.0,-0.0,0,0,0
103.034,10104,0,31,136.952880,-2.881539,-0.020441,0.0,-0.0,0,0,0
103.044,10105,0,31,136.952880,-2.881539,-0.022629000000000003,0.0,-0.0,0,0,0
103.054,10106,0,31,136.952880,-2.881539,-0.023766000000000002,0.0,-0.0,0,0,0
103.064,10107,0,31,136.952880,-2.881539,-0.024856000000000003,0.0,-0.0,0,0,0
103.074,10108,0,31,136.952880,-2.881539,-0.026147,0.0,-0.0,0,0,0
103.084,10109,0,31,136.952880,-2.881539,-0.025717,0.0,-0.0,0,0,0
103.094,10110,0,31,136.952880,-2.881539,-0.02404,0.0,-0.0,0,0,0
103.104,10111,0,31,136.952880,-2.881539,-0.020265000000000002,0.0,-0.0,0,0,0
103.114,10112,0,31,136.952880,-2.881539,-0.019699,0.0,-0.0,0,0,0
103.124,10113,0,31,136.952880,-2.881539,-0.018659000000000002,0.0,-0.0,0,0,0
103.134,10114,0,31,136.952880,-2.881539,-0.018590000000000002,0.0,-0.0,0,0,0
103.144,10115,0,31,136.952880,-2.881539,-0.018999000000000002,0.0,-0.0,0,0,0
103.154,10116,0,31,136.952880,-2.881539,-0.018585,0.0,-0.0,0,0,0
103.164,10117,0,31,136.952880,-2.881539,-0.019454,0.0,-0.0,0,0,0
103.174,10118,0,31,136.952880,-2.881539,-0.019356,0.0,-0.0,0,0,0
103.184,10119,0,31,136.952880,-2.881539,-0.018415,0.0,-0.0,0,0,0
103.194,10120,0,31,136.952880,-2.881539,-0.017050000000000003,0.0,-0.0,0,0,0
103.204,10121,0,31,136.952880,-2.881539,-0.014932,0.0,-0.0,0,0,0
103.214,10122,0,31,136.952880,-2.881539,-0.014945,0.0,-0.0,0,0,0
103.224,10123,0,31,136.952880,-2.881539,-0.015753,0.0,-0.0,0,0,0
103.234,10124,0,31,136.952880,-2.881539,-0.017568,0.0,-0.0,0,0,0
103.244,10125,0,31,136.952880,-2.881539,-0.019586,0.0,-0.0,0,0,0
103.254,10126,0,31,136.952880,-2.881539,-0.020267,0.0,-0.0,0,0,0
103.264,10127,0,31,136.952880,-2.881539,-0.017843,0.0,-0.0,0,0,0
103.274,10128,0,31,136.952880,-2.881539,-0.014345,0.0,-0.0,0,0,0
103.284,10129,0,31,136.952880,-2.881539,-0.013687000000000001,0.0,-0.0,0,0,0
103.294,10130,0,31,136.952880,-2.881539,-0.012027,0.0,-0.0,0,0,0
103.304,10131,0,31,136.952880,-2.881539,-0.014187000000000002,0.0,-0.0,0,0,0
103.314,10132,0,31,136.952880,-2.881539,-0.019588,0.0,-0.0,0,0,0
103.324,10133,0,31,136.952880,-2.881539,-0.026802,0.0,-0.0,0,0,0
103.334,10134,0,31,136.952880,-2.881539,-0.034519,0.0,-0.0,0,0,0
103.344,10135,0,31,136.952880,-2.881539,-0.042336,0.0,-0.0,0,0,0
103.354,10136,0,31,136.952880,-2.881539,-0.047251,0.0,-0.0,0,0,0
103.364,10137,0,31,136.952880,-2.881539,-0.046374,0.0,-0.0,0,0,0
103.374,10138,0,31,136.952880,-2.881539,-0.036234,0.0,-0.0,0,0,0
103.384,10139,0,31,136.952880,-2.881539,-0.02469,0.0,-0.0,0,0,0
103.394,10140,0,31,136.952880,-2.881539,-0.013177000000000001,0.0,-0.0,0,0,0
103.404,10141,0,31,136.952880,-2.881539,-0.0034719999999999994,0.0,-0.0,0,0,0
103.414,10142,0,31,136.952880,-2.881539,-0.0010830000000000006,0.0,-0.0,0,0,0
103.424,10143,0,31,136.952880,-2.881539,-0.0006659999999999999,0.0,-0.0,0,0,0
103.434,10144,0,31,136.952880,-2.881539,0.0033369999999999997,0.0,-0.0,0,0,0
103.444,10145,0,31,136.952880,-2.881539,0.01006,0.0,-0.0,0,0,0
103.454,10146,0,31,136.952880,-2.881539,0.015696,0.0,-0.0,0,0,0
103.464,10147,0,31,136.952880,-2.881539,0.018177,0.0,-0.0,0,0,0
103.474,10148,0,31,136.952880,-2.881539,0.016285,0.0,-0.0,0,0,0
103.484,10149,0,31,136.952880,-2.881539,0.013075999999999997,0.0,-0.0,0,0,0
103.494,10150,0,31,136.952880,-2.881539,0.009424999999999996,0.0,-0.0,0,0,0
103.504,10151,0,31,136.952880,-2.881539,0.007110999999999999,0.0,-0.0,0,0,0
103.514,10152,0,31,136.952880,-2.881539,0.0023169999999999996,0.0,-0.0,0,0,0
103.524,10153,0,31,136.952880,-2.881539,-0.0071400000000000005,0.0,-0.0,0,0,0
103.534,10154,0,31,136.952880,-2.881539,-0.019486000000000003,0.0,-0.0,0,0,0
103.544,10155,0,31,136.952880,-2.881539,-0.032667,0.0,-0.0,0,0,0
103.554,10156,0,31,136.952880,-2.881539,-0.040617,0.0,-0.0,0,0,0
103.564,10157,0,31,136.952880,-2.881539,-0.040496000000000004,0.0,-0.0,0,0,0
103.574,10158,0,31,136.952880,-2.881539,-0.035561,0.0,-0.0,0,0,0
103.584,10159,0,31,136.952880,-2.881539,-0.030788000000000003,0.0,-0.0,0,0,0
103.594,10160,0,31,136.952880,-2.881539,-0.029068,0.0,-0.0,0,0,0
103.604,10161,0,31,137.032676,-2.881539,-0.029398,0.25933844761999003,-0.0,0,0,0
103.614,10162,0,31,137.032676,-2.881539,-0.030706,0.25933844761999003,-0.0,0,0,0
103.624,10163,0,31,137.108039,-2.881539,-0.032721,0.25933844761999003,0.5186768952399801,0,0,0
103.634,10164,0,31,137.342996,-2.881539,-0.034628,0.25933844761999003,0.5186768952399801,0,0,0
103.644,10165,0,31,137.498155,-2.881539,-0.041707,0.5186769730415222,1.0373539460830443,0,0,0
103.654,10166,0,31,137.773010,-2.881539,-0.049085000000000004,0.7780154206615122,1.0373539460830443,0,0,0
103.664,10167,0,31,138.083329,-2.881539,-0.052779,1.037353868281502,1.0373539460830443,0,0,0
103.674,10168,0,31,138.238489,-2.841640,-0.050735,1.037353868281502,1.2966923937030341,0,0,0
103.684,10169,0,31,138.473445,-2.841640,-0.048641000000000004,1.2966923937030341,1.5560308413230244,0,0,0
103.694,10170,0,31,138.668503,-2.841640,-0.050896,1.8153692889430142,2.074707736563004,0,0,0
103.704,10171,0,31,138.978823,-2.841640,-0.059333,2.074707814364546,2.5933847874060683,0,0,0
103.714,10172,0,31,139.448735,-2.801742,-0.07686699999999999,2.074707814364546,2.5933847874060683,0,0,0
103.724,10173,0,31,139.719157,-2.801742,-0.084564,2.5933847096045266,2.8527232350260587,0,0,0
103.734,10174,0,31,140.109273,-2.801742,-0.096578,2.8527232350260587,3.630738577886029,0,0,0
103.744,10175,0,31,140.614650,-2.726379,-0.105126,3.371400130266039,4.149415628729093,0,0,0
103.754,10176,0,31,141.199824,-2.726379,-0.107117,4.14941555092755,4.668092523969072,0,0,0
103.764,10177,0,31,141.784998,-2.726379,-0.109214,4.668092523969072,5.186769419209053,0,0,0
103.774,10178,0,31,142.565230,-2.686481,-0.114709,5.186769497010594,5.7054464700521175,0,0,0
103.784,10179,0,31,143.265666,-2.686481,-0.126844,5.964784917672106,6.742800260532078,0,0,0
103.794,10180,0,31,144.045898,-2.686481,-0.13652999999999998,7.002138785953609,7.261477311375142,0,0,0
103.804,10181,0,31,144.941391,-2.646582,-0.146773,7.780154206615122,8.2988311018551,0,0,0
103.814,10182,0,31,145.796987,-2.646582,-0.153311,8.558169627276634,9.076846600318156,0,0,0
103.824,10183,0,31,146.732378,-2.646582,-0.152006,9.595523573359676,10.114200468599659,0,0,0
103.834,10184,0,31,147.707668,-2.646582,-0.153442,10.632877363839638,11.15155433688116,0,0,0
103.844,10185,0,31,148.682958,-2.646582,-0.155667,11.670231309922684,12.188908282964203,0,0,0
103.854,10186,0,31,149.498655,-2.646582,-0.15977,12.707585256005727,12.966923625824174,0,0,0
103.864,10187,0,31,150.669003,-2.571219,-0.164409,13.744939046485687,14.263616019527207,0,0,0
103.874,10188,0,31,151.604395,-2.571219,-0.170893,14.782292992568731,15.300969965610253,0,0,0
103.884,10189,0,31,153.085063,-2.491423,-0.176202,15.819646938651776,16.338323833891756,0,0,0
103.894,10190,0,31,154.215512,-2.491423,-0.17949400000000001,16.857000729131734,17.375677702173256,0,0,0
103.904,10191,0,31,155.341529,-2.411626,-0.183048,17.894354675214778,18.67237009587629,0,0,0
103.914,10192,0,31,156.471979,-2.411626,-0.190133,18.67237009587629,19.709724041959337,0,0,0
103.924,10193,0,31,157.487167,-2.411626,-0.205003,19.709723964157792,21.00641635786083,0,0,0
103.934,10194,0,31,158.657515,-2.411626,-0.227381,20.747077910240836,22.043770226142332,0,0,0
103.944,10195,0,31,159.708168,-2.411626,-0.252756,22.043770303943873,23.340462619845365,0,0,0
103.954,10196,0,31,160.913981,-2.411626,-0.275589,23.081124094423835,24.637155013548398,0,0,0
103.964,10197,0,31,162.004533,-2.376161,-0.296029,24.118478040506876,25.674508881829897,0,0,0
103.974,10198,0,31,163.134983,-2.376161,-0.31484199999999996,25.15583198658992,26.711862750111404,0,0,0
103.984,10199,0,31,164.305331,-2.376161,-0.334962,26.193185777069882,28.008555143814437,0,0,0
103.994,10200,0,31,165.435780,-2.376161,-0.35929999999999995,27.230539723152923,29.04590908989748,0,0,0
104.004,10201,0,31,166.486434,-2.376161,-0.38874299999999995,28.26789366923597,30.342601405798973,0,0,0
104.014,10202,0,31,167.421826,-2.376161,-0.425948,29.30524745971593,31.379955274080476,0,0,0
104.024,10203,0,31,168.552275,-2.296365,-0.46933400000000003,30.342601405798973,32.41730922016352,0,0,0
104.034,10204,0,31,169.642827,-2.296365,-0.516094,31.120616826460488,33.71400161386656,0,0,0
104.044,10205,0,31,170.693480,-2.296365,-0.561362,31.898632247122,34.75135540434651,0,0,0
104.054,10206,0,31,171.708668,-2.216568,-0.605704,32.93598619320504,36.04804779804955,0,0,0
104.064,10207,0,31,172.759322,-2.216568,-0.651329,33.71400153606501,37.08540174413259,0,0,0
104.074,10208,0,31,173.889771,-2.141205,-0.701481,34.49201703452806,38.122755612414096,0,0,0
104.084,10209,0,31,174.904960,-1.986045,-0.755227,35.52937082500802,39.1601094806956,0,0,0
104.094,10210,0,31,175.995511,-1.906249,-0.812145,36.04804787585109,40.716140322018624,0,0,0
104.104,10211,0,31,177.006266,-1.751089,-0.874343,37.08540166633105,41.75349426810166,0,0,0
104.114,10212,0,31,178.096818,-1.671292,-0.939177,38.122755612414096,43.050186661804695,0,0,0
104.124,10213,0,31,179.151904,-1.595929,-1.006694,38.64143250765407,44.3468789777062,0,0,0
104.134,10214,0,31,180.277921,-1.440769,-1.074395,39.67878645373712,45.38423284598769,0,0,0
104.144,10215,0,31,181.253211,-1.360973,-1.142828,40.456801874398636,46.94026368731071,0,0,0
104.154,10216,0,31,182.423559,-1.205813,-1.2132669999999999,41.49415574268014,47.97761763339377,0,0,0
104.164,10217,0,31,183.593907,-1.126017,-1.28284,42.53150968876318,49.53364847471679,0,0,0
104.174,10218,0,31,184.684458,-1.050653,-1.352024,43.30952503162315,50.57100234299829,0,0,0
104.184,10219,0,31,185.735112,-0.970857,-1.4211509999999998,44.3468789777062,51.86769465889978,0,0,0
104.194,10220,0,31,186.980823,-0.815697,-1.49736,45.384232923789234,53.16438705260281,0,0,0
104.204,10221,0,31,188.306331,-0.580741,-1.581457,46.421586714269196,54.72041789392584,0,0,0
104.214,10222,0,31,189.516577,-0.350218,-1.6759089999999999,47.19960221273225,55.75777184000888,0,0,0
104.224,10223,0,31,190.802186,-0.270421,-1.775675,48.23695608101375,57.3138026813319,0,0,0
104.234,10224,0,31,192.007999,-0.270421,-1.878169,49.27430994929525,58.86983352265493,0,0,0
104.244,10225,0,31,193.333507,-0.190625,-1.9830869999999998,50.3116638953783,60.16652591635797,0,0,0
104.254,10226,0,31,194.539320,-0.035465,-2.092176,51.3490177636598,61.722556757680984,0,0,0
104.264,10227,0,31,195.629872,0.039898,-2.207569,52.3863716319413,63.27858759900401,0,0,0
104.274,10228,0,31,197.110539,0.119695,-2.329402,53.423725578024346,64.83461844032703,0,0,0
104.284,10229,0,31,198.475945,0.195058,-2.458439,54.461079446305845,66.64998772927005,0,0,0
104.294,10230,0,31,199.761555,0.274854,-2.593168,54.97975641934737,68.20601857059309,0,0,0
104.304,10231,0,31,201.047164,0.274854,-2.729631,56.017110287628874,69.76204941191611,0,0,0
104.314,10232,0,31,202.722890,0.274854,-2.869781,57.05446415591038,71.31808025323913,0,0,0
104.324,10233,0,31,204.048398,0.274854,-3.079357,58.09181810199342,73.39278798980213,0,0,0
104.334,10234,0,31,205.334007,0.354651,-3.2226879999999998,58.6104949972334,74.94881883112515,0,0,0
104.344,10235,0,31,206.694980,0.354651,-3.369519,59.64784894331644,76.50484967244819,0,0,0
104.354,10236,0,31,207.865328,0.354651,-3.5148349999999997,60.68520281159795,78.3202189613912,0,0,0
104.364,10237,0,31,209.345995,0.430014,-3.653425,61.72255667987945,79.87624980271421,0,0,0
104.374,10238,0,31,210.631605,0.509811,-3.784718,62.75991062596249,81.43228064403723,0,0,0
104.384,10239,0,31,212.036909,0.664970,-3.911381,63.797264494244,83.24765001078178,0,0,0
104.394,10240,0,31,213.397882,0.740334,-4.036603,64.8346183625255,85.06301937752636,0,0,0
104.404,10241,0,31,214.643593,0.899927,-4.161421000000001,65.87197230860855,86.61905021884938,0,0,0
104.414,10242,0,31,216.088796,1.055086,-4.286475,66.90932617689005,88.1750810601724,0,0,0
104.424,10243,0,31,217.569463,1.130450,-4.412643,67.94668004517155,90.2497887967354,0,0,0
104.434,10244,0,31,219.125494,1.210246,-4.538251000000001,69.50271088649457,91.80581963805842,0,0,0
104.444,10245,0,31,220.411104,1.210246,-4.662069000000001,70.54006483257763,93.36185047938146,0,0,0
104.454,10246,0,31,222.046931,1.290043,-4.786624000000001,71.57741870085911,95.43655821594447,0,0,0
104.464,10247,0,31,223.527599,1.365406,-4.91058,72.61477256914061,96.9925890572675,0,0,0
104.474,10248,0,31,224.932903,1.445202,-5.035914,73.91146496284365,98.80795842401204,0,0,0
104.484,10249,0,31,226.413570,1.600362,-5.163860000000001,74.94881883112515,100.62332779075659,0,0,0
104.494,10250,0,31,227.854340,1.755522,-5.295461,75.9861727772082,102.43869707969961,0,0,0
104.504,10251,0,31,229.295109,1.835318,-5.433343000000001,77.28286509310969,104.25406636864263,0,0,0
104.514,10252,0,31,230.815675,1.990478,-5.577456000000001,78.57955748681273,106.06943565758563,0,0,0
104.524,10253,0,31,232.411604,2.145638,-5.728254000000001,79.61691135509423,108.1441434719502,0,0,0
104.534,10254,0,31,234.011966,2.300798,-5.888154,80.91360374879727,110.21885128631473,0,0,0
104.544,10255,0,31,235.492633,2.380594,-6.0585830000000005,81.9509576948803,112.03422057525775,0,0,0
104.554,10256,0,31,237.048664,2.535754,-6.23555,83.24765001078178,114.3682668372423,0,0,0
104.564,10257,0,31,238.919448,2.690914,-6.410196,84.28500387906331,116.18363620398684,0,0,0
104.574,10258,0,31,240.674970,2.846074,-6.584342,85.32235782514636,118.25834394054985,0,0,0
104.584,10259,0,31,242.270899,3.001233,-6.7598720000000005,86.35971169342784,120.33305167711285,0,0,0
104.594,10260,0,31,243.866828,3.156393,-6.938701,87.91574253475086,122.1484210438574,0,0,0
104.604,10261,0,31,245.467190,3.315986,-7.1232880000000005,88.95309640303238,124.74180575346195,0,0,0
104.614,10262,0,31,246.868061,3.471146,-7.317054000000001,89.99045034911542,126.81651356782648,0,0,0
104.624,10263,0,31,248.623583,3.546509,-7.5215320000000006,91.02780421739692,128.89122138219102,0,0,0
104.634,10264,0,31,250.139716,3.626305,-7.737743,92.06515808567842,130.96592911875402,0,0,0
104.644,10265,0,31,251.970601,3.626305,-7.966719,93.10251203176148,133.04063693311858,0,0,0
104.654,10266,0,31,253.570963,3.626305,-8.207813,93.62118892700144,135.1153447474831,0,0,0
104.664,10267,0,31,255.246689,3.626305,-8.454264,94.6585428730845,137.19005248404613,0,0,0
104.674,10268,0,31,256.687458,3.626305,-8.697721,95.69589674136598,139.26476029841066,0,0,0
104.684,10269,0,31,258.558242,3.626305,-8.941365999999999,96.2145737144075,141.33946811277522,0,0,0
104.694,10270,0,31,260.233967,3.626305,-9.186961,97.25192758268902,143.41417584933822,0,0,0
104.704,10271,0,31,261.714635,3.626305,-9.435222999999999,98.02994300335052,145.48888366370278,0,0,0
104.714,10272,0,31,263.035709,3.626305,-9.686238,98.80795842401204,147.8229299256873,0,0,0
104.724,10273,0,31,264.556275,3.626305,-9.944739,99.58597384467356,149.8976376622503,0,0,0
104.734,10274,0,31,265.961579,3.626305,-10.206197999999999,100.36398926533506,151.9723455544164,0,0,0
104.744,10275,0,31,267.402348,3.626305,-10.471150999999999,101.14200468599658,154.5657302640209,0,0,0
104.754,10276,0,31,268.883016,3.626305,-10.744828,101.66068158123655,156.64043800058394,0,0,0
104.764,10277,0,31,270.243989,3.626305,-11.023665,102.17935863207961,158.71514581494847,0,0,0
104.774,10278,0,31,271.649293,3.626305,-11.305793999999999,103.21671242255958,160.789853629313,0,0,0
104.784,10279,0,31,273.169859,3.626305,-11.586483999999999,103.73538947340265,162.86456136587606,0,0,0
104.794,10280,0,31,274.650526,3.626305,-11.866776,104.25406636864263,164.9392691802406,0,0,0
104.804,10281,0,31,276.986789,3.626305,-12.149429999999999,104.7727432638826,167.01397699460512,0,0,0
104.814,10282,0,31,278.582718,3.626305,-12.427202999999999,105.81009720996566,169.08868473116812,0,0,0
104.824,10283,0,31,279.908226,3.626305,-12.705100999999999,106.32877410520562,171.16339254553267,0,0,0
104.834,10284,0,31,281.233734,3.626305,-12.977670999999999,107.36612805128867,173.2381003598972,0,0,0
104.844,10285,0,31,282.714401,3.626305,-13.243241,107.88480494652866,175.3128080964602,0,0,0
104.854,10286,0,31,284.234967,3.626305,-13.494486,108.92215889261169,177.3875159108248,0,0,0
104.864,10287,0,31,285.560475,3.626305,-13.738069999999999,109.44083578785168,179.46222372518932,0,0,0
104.874,10288,0,31,286.961346,3.626305,-13.976212,110.47818973393471,181.5369314617523,0,0,0
104.884,10289,0,31,288.442013,3.626305,-14.205389,111.51554368001777,183.61163927611688,0,0,0
104.894,10290,0,31,289.962579,3.626305,-14.424004,112.29355902287774,185.42700864286138,0,0,0
104.904,10291,0,31,291.323552,3.626305,-14.629399999999999,113.07157452134079,187.2423779318044,0,0,0
104.914,10292,0,31,292.804219,3.626305,-14.82457,114.10892831182076,189.05774722074742,0,0,0
104.924,10293,0,31,294.324785,3.626305,-15.00625,114.8869438102838,190.87311650969045,0,0,0
104.934,10294,0,31,295.725656,3.626305,-15.256158,115.66495915314378,192.4291473510135,0,0,0
104.944,10295,0,31,297.130961,3.626305,-15.412714999999999,116.70231309922681,194.50385516537804,0,0,0
104.954,10296,0,31,298.456468,3.626305,-15.561015,117.73966704530986,196.05988600670105,0,0,0
104.964,10297,0,31,299.857339,3.626305,-15.701308,118.51768238816985,197.61591684802409,0,0,0
104.974,10298,0,31,301.262644,3.546509,-15.835255,119.55503633425288,199.17194768934712,0,0,0
104.984,10299,0,31,302.583718,3.471146,-15.961789,120.33305167711285,200.72797853067013,0,0,0
104.994,10300,0,31,303.754066,3.471146,-16.079565,121.3704056231959,202.28400937199316,0,0,0
105.004,10301,0,31,305.039676,3.471146,-16.196645,122.40775956927894,203.8400402133162,0,0,0
105.014,10302,0,31,306.210024,3.471146,-16.316536,123.44511335975889,205.39607105463918,0,0,0
105.024,10303,0,31,307.455735,3.471146,-16.444903,124.22312885822195,206.95210189596224,0,0,0
105.034,10304,0,31,308.701446,3.471146,-16.578291,125.00114420108191,208.50813273728522,0,0,0
105.044,10305,0,31,309.791998,3.471146,-16.712332,126.03849814716497,209.8048251309883,0,0,0
105.054,10306,0,31,311.002244,3.471146,-16.84486,126.81651356782648,211.36085597231133,0,0,0
105.064,10307,0,31,312.168159,3.471146,-16.977681999999998,127.59452898848798,212.91688681363433,0,0,0
105.074,10308,0,31,313.418303,3.471146,-17.105211999999998,128.63188293457102,214.47291765495737,0,0,0
105.084,10309,0,31,314.664015,3.471146,-17.227601,129.409898277431,216.02894849628038,0,0,0
105.094,10310,0,31,315.989522,3.471146,-17.344262,130.44725222351406,217.32564088998342,0,0,0
105.104,10311,0,31,317.315030,3.471146,-17.45687,131.22526756637401,218.62233320588493,0,0,0
105.114,10312,0,31,318.520843,3.471146,-17.566854,132.26262151245706,220.17836404720794,0,0,0
105.124,10313,0,31,320.001511,3.471146,-17.67264,133.2999754585401,221.73439488853097,0,0,0
105.134,10314,0,31,321.247222,3.471146,-17.770525,134.3373292490201,223.29042572985398,0,0,0
105.144,10315,0,31,322.497366,3.471146,-17.861639999999998,135.3746831951031,224.846456571177,0,0,0
105.154,10316,0,31,323.703179,3.431247,-17.951359,135.8933600903431,226.40248741250005,0,0,0
105.164,10317,0,31,324.873527,3.431247,-18.040945999999998,136.93071403642614,227.43984128078154,0,0,0
105.174,10318,0,31,325.884283,3.431247,-18.127935,137.96806798250918,228.99587212210457,0,0,0
105.184,10319,0,31,327.054631,3.431247,-18.212277,139.00542177298914,230.55190296342758,0,0,0
105.194,10320,0,31,328.300342,3.431247,-18.299796,139.7834372714522,231.58925690951062,0,0,0
105.204,10321,0,31,329.546053,3.431247,-18.39193,140.56145261431215,233.14528775083366,0,0,0
105.214,10322,0,31,330.756299,3.431247,-18.484747,141.59880656039522,234.70131859215667,0,0,0
105.224,10323,0,31,332.157170,3.431247,-18.57517,142.63616050647826,235.99801090805815,0,0,0
105.234,10324,0,31,333.562475,3.431247,-18.663349,143.93285282237974,237.5540417493812,0,0,0
105.244,10325,0,31,334.923447,3.431247,-18.753442,144.97020669066123,239.36941111612575,0,0,0
105.254,10326,0,31,336.444013,3.431247,-18.847998999999998,146.00756063674427,240.92544195744878,0,0,0
105.264,10327,0,31,337.844884,3.431247,-18.950547999999998,147.30425303044734,242.4814727987718,0,0,0
105.274,10328,0,31,339.365450,3.431247,-19.056587,148.3416068209273,244.2968420877148,0,0,0
105.284,10329,0,31,340.925914,3.431247,-19.158221,149.6382992146303,246.1122113766578,0,0,0
105.294,10330,0,31,342.406582,3.431247,-19.253667,150.93499160833335,247.66824221798086,0,0,0
105.304,10331,0,31,343.847351,3.431247,-19.340201999999998,152.2316840020364,249.48361158472542,0,0,0
105.314,10332,0,31,345.328018,3.431247,-19.411521,153.52837639573943,251.29898087366843,0,0,0
105.324,10333,0,31,346.923947,3.431247,-19.472844,154.8250687116409,252.85501171499143,0,0,0
105.334,10334,0,31,348.639571,3.391349,-19.530209,156.12176102754242,254.67038100393447,0,0,0
105.344,10335,0,31,349.965079,3.391349,-19.577158,157.67779186886546,256.2264118452575,0,0,0
105.354,10336,0,31,351.680703,3.391349,-19.614983,159.23382271018846,257.7824426865805,0,0,0
105.364,10337,0,31,353.276632,3.391349,-19.650151,160.5305151038915,259.3384735279035,0,0,0
105.374,10338,0,31,354.832663,3.391349,-19.677148,162.0865459452145,260.8945043692266,0,0,0
105.384,10339,0,31,356.508388,3.391349,-19.69963,163.38323833891755,262.45053521054956,0,0,0
105.394,10340,0,31,358.028954,3.391349,-19.72107,164.9392691802406,264.0065660518726,0,0,0
105.404,10341,0,31,359.664781,3.391349,-19.744571,166.4953000215636,265.56259689319563,0,0,0
105.414,10342,0,31,361.300608,3.391349,-19.768536,167.79199241526663,267.11862773451867,0,0,0
105.424,10343,0,31,362.940869,3.391349,-19.796198999999998,169.34802325658967,268.93399710126323,0,0,0
105.434,10344,0,31,364.496900,3.391349,-19.824606,171.16339254553267,270.7493663902062,0,0,0
105.444,10345,0,31,366.172625,3.391349,-19.848686,172.7194233868557,272.30539723152924,0,0,0
105.454,10346,0,31,367.888249,3.391349,-19.864301,174.27545422817875,274.1207665204723,0,0,0
105.464,10347,0,31,369.289120,3.391349,-19.871088,175.83148506950172,275.6767973617953,0,0,0
105.474,10348,0,31,371.084540,3.391349,-19.872274,177.38751591082476,277.4921667285398,0,0,0
105.484,10349,0,31,372.600673,3.391349,-19.872162,178.94354675214777,279.0481975698629,0,0,0
105.494,10350,0,31,374.236500,3.391349,-19.865515,180.7589160410908,280.6042284111859,0,0,0
105.504,10351,0,31,375.757066,3.391349,-19.854153,182.57428533003383,282.4195977001289,0,0,0
105.514,10352,0,31,377.472690,3.391349,-19.837184,184.13031617135684,283.9756285414519,0,0,0
105.524,10353,0,31,379.108517,3.391349,-19.819853,185.68634701267987,285.53165938277493,0,0,0
105.534,10354,0,31,380.979300,3.391349,-19.799699,187.76105490484593,287.08769022409797,0,0,0
105.544,10355,0,31,382.615128,3.391349,-19.768204,189.31708574616897,288.643721065421,0,0,0
105.554,10356,0,31,384.485911,3.391349,-19.742509,191.132455035112,290.45909035436404,0,0,0
105.564,10357,0,31,386.121739,3.391349,-19.713354,192.947824324055,292.2744597211086,0,0,0
105.574,10358,0,31,387.877261,3.391349,-19.683352,195.02253206061803,293.8304905624316,0,0,0
105.584,10359,0,31,389.903204,3.391349,-19.658579,196.8379014273626,295.9051982989946,0,0,0
105.594,10360,0,31,391.773987,3.391349,-19.637056,198.65327079410713,297.46122914031764,0,0,0
105.604,10361,0,31,393.720134,3.391349,-19.622118999999998,200.72797853067013,299.5359369546822,0,0,0
105.614,10362,0,31,395.551020,3.391349,-19.612956999999998,202.80268626723316,301.6106447690467,0,0,0
105.624,10363,0,31,397.576963,3.391349,-19.604816,204.87739415939922,303.42601405798973,0,0,0
105.634,10364,0,31,399.642804,3.391349,-19.599541,206.95210189596224,305.5007218723543,0,0,0
105.644,10365,0,31,401.628849,3.391349,-19.600009,208.76747118490525,307.57542960891726,0,0,0
105.654,10366,0,31,403.499633,3.391349,-19.598837,210.84217899926978,309.6501374232818,0,0,0
105.664,10367,0,31,405.525576,3.391349,-19.598852,212.91688681363433,311.7248452376464,0,0,0
105.674,10368,0,31,407.511621,3.391349,-19.593612,214.99159455019733,313.79955297420935,0,0,0
105.684,10369,0,31,409.227245,3.391349,-19.583983,217.32564088998342,315.6149223409539,0,0,0
105.694,10370,0,31,411.603406,3.391349,-19.571061999999998,219.40034862654642,317.689630077517,0,0,0
105.704,10371,0,31,414.604639,3.391349,-19.560554,221.47505636310942,319.76433789188144,0,0,0
105.714,10372,0,31,416.550786,3.391349,-19.551573,223.5497642552755,321.83904570624605,0,0,0
105.724,10373,0,31,418.736322,3.391349,-19.550081,225.6244719918385,323.9137534428091,0,0,0
105.734,10374,0,31,420.797731,3.391349,-19.553975,227.43984128078154,325.9884612571735,0,0,0
105.744,10375,0,31,422.748311,3.391349,-19.560472999999998,229.5145490951461,328.06316907153814,0,0,0
105.754,10376,0,31,424.694458,3.391349,-19.562475,231.58925690951062,330.13787680810117,0,0,0
105.764,10377,0,31,426.410081,3.391349,-19.557890999999998,233.66396464607362,332.21258462246567,0,0,0
105.774,10378,0,31,428.356228,3.391349,-19.548777,235.21999548739666,333.7686154637887,0,0,0
105.784,10379,0,31,430.191547,3.391349,-19.53401,237.2947033017612,335.84332327815326,0,0,0
105.794,10380,0,31,431.592418,3.391349,-19.51318,239.36941111612575,337.39935411947624,0,0,0
105.804,10381,0,31,433.578463,3.391349,-19.48374,241.18478040506878,339.21472340841933,0,0,0
105.814,10382,0,31,435.409348,3.391349,-19.447551,243.00014969401178,341.03009269736225,0,0,0
105.824,10383,0,31,437.240233,3.391349,-19.403288,245.0748575083763,342.58612353868534,0,0,0
105.834,10384,0,31,438.760799,3.391349,-19.350946,246.89022687512087,344.1421543800084,0,0,0
105.844,10385,0,31,440.281365,3.391349,-19.290447,248.7055961640639,345.69818522133136,0,0,0
105.854,10386,0,31,441.837396,3.391349,-19.221749,250.7803039006269,347.5135545880759,0,0,0
105.864,10387,0,31,443.477656,3.391349,-19.143024,252.5956731895699,349.06958542939896,0,0,0
105.874,10388,0,31,444.878527,3.391349,-19.053237,254.41104255631447,350.625616270722,0,0,0
105.884,10389,0,31,446.514354,3.391349,-18.95558,256.48575037067906,351.9223085866235,0,0,0
105.894,10390,0,31,447.919659,3.391349,-18.846177,258.04178121200204,352.95966253270655,0,0,0
105.904,10391,0,31,449.400326,3.391349,-18.726314,260.11648894856506,353.99701640098806,0,0,0
105.914,10392,0,31,450.801197,3.391349,-18.593336,261.67251978988804,355.2937087168895,0,0,0
105.924,10393,0,31,451.931647,3.391349,-18.448185,263.7472276042526,356.33106266297256,0,0,0
105.934,10394,0,31,453.412314,3.391349,-18.293668999999998,265.30325844557564,357.1090780836341,0,0,0
105.944,10395,0,31,454.773287,3.391349,-18.133435,267.1186278123202,358.1464319519156,0,0,0
105.954,10396,0,31,456.098795,3.391349,-17.969276999999998,268.67465865364323,359.18378589799863,0,0,0
105.964,10397,0,31,457.384405,3.391349,-17.798945,270.2306894949662,359.70246279323857,0,0,0
105.974,10398,0,31,458.709912,3.391349,-17.622889,272.04605878390925,360.4804782139001,0,0,0
105.984,10399,0,31,459.920159,3.391349,-17.439246999999998,273.8614280728523,361.25849363456155,0,0,0
105.994,10400,0,31,461.281131,3.391349,-17.254526,275.4174589141753,362.29584758064465,0,0,0
106.004,10401,0,31,462.566741,3.391349,-17.074442,276.97348975549835,362.8145244758847,0,0,0
106.014,10402,0,31,463.892249,3.391349,-16.901587,278.7888590444413,363.8518784219676,0,0,0
106.024,10403,0,31,465.177858,3.391349,-16.728918,280.60422833338436,364.3705553172077,0,0,0
106.034,10404,0,31,466.503366,3.391349,-16.558448,282.4195977001289,365.4079092632908,0,0,0
106.044,10405,0,31,467.904237,3.391349,-16.384992,284.2349670668735,366.44526313157223,0,0,0
106.054,10406,0,31,469.269643,3.391349,-16.209794,286.0503363558165,367.4826169998537,0,0,0
106.064,10407,0,31,470.475456,3.391349,-16.033867,288.1250440923795,368.2606324983168,0,0,0
106.074,10408,0,31,471.725601,3.391349,-15.85839,289.94041338132246,369.2979862887968,0,0,0
106.084,10409,0,31,473.011210,3.391349,-15.677292999999999,291.7557827480671,370.0760017872597,0,0,0
106.094,10410,0,31,474.567241,3.391349,-15.491258,293.57115211481164,371.1133556555413,0,0,0
106.104,10411,0,31,476.008010,3.391349,-15.295200999999999,295.6458598513746,372.1507095238228,0,0,0
106.114,10412,0,31,477.298053,3.391349,-15.087226999999999,297.46122914031764,373.18806346990584,0,0,0
106.124,10413,0,31,478.619128,3.391349,-14.871399,299.5359369546822,374.22541733818736,0,0,0
106.134,10414,0,31,479.944635,3.391349,-14.649993,301.6106447690467,375.2627712064689,0,0,0
106.144,10415,0,31,481.385405,3.391349,-14.306847,303.6853525056097,376.30012515255186,0,0,0
106.154,10416,0,31,482.671014,3.391349,-14.069492,305.76006031997423,376.8188020477919,0,0,0
106.164,10417,0,31,484.311275,3.391349,-13.822697,308.0941065819588,377.85615599387495,0,0,0
106.174,10418,0,31,485.791942,3.391349,-13.567674,310.42815284394334,378.8935098621564,0,0,0
106.184,10419,0,31,487.037653,3.391349,-13.309664999999999,313.2808760011678,379.93086373043786,0,0,0
106.194,10420,0,31,488.788742,3.391349,-13.048499999999999,315.09624536791245,380.96821767652096,0,0,0
106.204,10421,0,31,490.154148,3.391349,-12.785364999999999,317.689630077517,381.48689457176096,0,0,0
106.214,10422,0,31,491.634816,3.391349,-12.522098,319.24566091884,382.52424851784394,0,0,0
106.224,10423,0,31,493.115483,3.391349,-12.257736,321.83904570624605,383.042925413084,0,0,0
106.234,10424,0,31,494.440991,3.391349,-11.9863,323.39507654756903,384.0802793591671,0,0,0
106.244,10425,0,31,495.801964,3.391349,-11.709004,325.9884612571735,384.59895625440697,0,0,0
106.254,10426,0,31,497.127472,3.391349,-11.430565999999999,328.06316907153814,385.6363102004901,0,0,0
106.264,10427,0,31,498.413081,3.391349,-11.145297999999999,330.13787680810117,386.15498709572995,0,0,0
106.274,10428,0,31,499.893749,3.391349,-10.850389999999999,332.21258462246567,386.6736640687716,0,0,0
106.284,10429,0,31,501.139460,3.391349,-10.546097,334.80596933207016,387.19234104181305,0,0,0
106.294,10430,0,31,502.425069,3.391349,-10.226526,336.8806771464348,388.22969491009457,0,0,0
106.304,10431,0,31,503.715112,3.391349,-9.889134,338.95538496079934,388.48903335771456,0,0,0
106.314,10432,0,31,505.076085,3.391349,-9.542724,341.28943122278383,389.0077103307561,0,0,0
106.324,10433,0,31,506.321796,3.391349,-9.192181,343.62347748476833,389.2670487783761,0,0,0
106.334,10434,0,31,507.607406,3.391349,-8.835098,345.69818522133136,389.78572575141754,0,0,0
106.344,10435,0,31,508.777754,3.391349,-8.464606,347.772893035696,390.3044027244591,0,0,0
106.354,10436,0,31,509.868305,3.391349,-8.079856999999999,350.10693929768047,390.3044027244591,0,0,0
106.364,10437,0,31,510.958857,3.471146,-7.688507,352.44098555966497,390.56374117207906,0,0,0
106.374,10438,0,31,512.013943,3.626305,-7.304945,354.5156933740295,390.82307969750065,0,0,0
106.384,10439,0,31,513.064597,3.701669,-6.929807,356.5904011105926,391.0824181451206,0,0,0
106.394,10440,0,31,514.039887,3.781465,-6.55937,358.66510892495705,391.0824181451206,0,0,0
106.404,10441,0,31,515.050642,3.936625,-6.194889000000001,360.73981673932167,391.3417565927406,0,0,0
106.414,10442,0,31,516.065830,4.171581,-5.837423,362.8145244758847,391.6010951181621,0,0,0
106.424,10443,0,31,516.921425,4.406537,-5.4879750000000005,364.88923229024914,391.86043356578216,0,0,0
106.434,10444,0,31,517.896715,4.637061,-5.149199,366.7046016569937,392.1197720134021,0,0,0
106.444,10445,0,31,518.832107,4.872017,-4.818024,368.51997094593673,392.1197720134021,0,0,0
106.454,10446,0,31,519.687702,5.106973,-4.480835000000001,370.59467868249976,392.1197720134021,0,0,0
106.464,10447,0,31,520.348239,5.341929,-4.140300000000001,372.1507095238228,392.1197720134021,0,0,0
106.474,10448,0,31,521.088573,5.497089,-3.80057,374.22541733818736,392.3791104610221,0,0,0
106.484,10449,0,31,521.868805,5.727612,-3.466234,375.7814481795104,392.3791104610221,0,0,0
106.494,10450,0,31,522.649037,5.887205,-3.137073,377.33747902083337,392.3791104610221,0,0,0
106.504,10451,0,31,523.349473,6.042365,-2.8133719999999998,379.15284838757793,392.3791104610221,0,0,0
106.514,10452,0,31,524.089807,6.277321,-2.495625,380.70887922890097,392.3791104610221,0,0,0
106.524,10453,0,31,524.909937,6.507844,-2.1810009999999997,382.52424851784394,392.3791104610221,0,0,0
106.534,10454,0,31,525.610372,6.702902,-1.8709419999999999,384.0802793591671,392.6384489086421,0,0,0
106.544,10455,0,31,526.465968,6.937858,-1.565324,385.89564864811,392.8977874340637,0,0,0
106.554,10456,0,31,527.130938,7.172815,-1.263363,387.4516794894331,392.8977874340637,0,0,0
106.564,10457,0,31,528.101795,7.327974,-0.968149,389.0077103307561,393.15712588168356,0,0,0
106.574,10458,0,31,528.961823,7.403338,-0.6842790000000001,391.08241806731905,393.15712588168356,0,0,0
106.584,10459,0,31,529.742055,7.562931,-0.402196,392.3791104610221,393.15712588168356,0,0,0
106.594,10460,0,31,530.442491,7.638294,-0.117343,393.9351413023451,393.41646440710514,0,0,0
106.604,10461,0,31,531.142926,7.638294,0.175565,395.4911721436682,393.41646440710514,0,0,0
106.614,10462,0,31,532.348739,7.718090,0.477842,397.30654143261114,393.9351413023451,0,0,0
106.624,10463,0,31,533.248666,7.718090,0.791648,399.1219107993557,393.9351413023451,0,0,0
106.634,10464,0,31,534.104261,7.793454,1.1125260000000001,400.93728016610027,394.45381827538665,0,0,0
106.644,10465,0,31,535.234711,7.948613,1.436307,402.75264945504324,394.71315672300665,0,0,0
106.654,10466,0,31,536.170103,8.108206,1.76428,404.82735719160627,394.71315672300665,0,0,0
106.664,10467,0,31,537.336018,8.338729,2.106,406.9020650059709,394.9724952484281,0,0,0
106.674,10468,0,31,538.466468,8.533787,2.45959,408.9767728203353,395.23183369604817,0,0,0
106.684,10469,0,31,539.636816,8.688947,2.821482,411.3108190045184,395.4911721436682,0,0,0
106.694,10470,0,31,540.922425,8.848540,3.180727,413.64486534430443,396.0098491167097,0,0,0
106.704,10471,0,31,541.973078,9.003700,3.537891,415.7195730808675,396.2691875643297,0,0,0
106.714,10472,0,31,543.183325,9.238656,3.903934,418.05361942065355,396.78786453737115,0,0,0
106.724,10473,0,31,544.313774,9.548976,4.270809,420.3876656048365,397.30654151041267,0,0,0
106.734,10474,0,31,545.479689,9.859295,4.635165,422.46237341920107,397.56587995803267,0,0,0
106.744,10475,0,31,546.610139,10.094251,5.0004789999999995,424.5370812335657,397.56587995803267,0,0,0
106.754,10476,0,31,547.665225,10.329208,5.562911,426.61178897012866,398.08455693107425,0,0,0
106.764,10477,0,31,548.791242,10.484367,5.937272999999999,429.2051737575347,398.34389537869424,0,0,0
106.774,10478,0,31,549.921692,10.714890,6.315943,431.2798814940977,398.6032339041157,0,0,0
106.784,10479,0,31,550.896982,10.874483,6.700475,433.35458930846227,398.6032339041157,0,0,0
106.794,10480,0,31,551.792475,11.069541,7.087662,435.9479740180668,399.1219107993557,0,0,0
106.804,10481,0,31,552.962823,11.339963,7.471499,438.0226818324313,399.3812492469757,0,0,0
106.814,10482,0,31,554.053375,11.574919,7.856052,440.35672809441587,399.6405877723973,0,0,0
106.824,10483,0,31,555.183825,11.809875,8.249521,442.43143583097884,399.6405877723973,0,0,0
106.834,10484,0,31,556.159115,11.965035,8.651922,444.765482170765,399.8999262200172,0,0,0
106.844,10485,0,31,557.209768,12.195558,9.066515,446.840189907328,400.15926466763716,0,0,0
106.854,10486,0,31,558.220523,12.510311,9.484846000000001,448.91489772169245,400.15926466763716,0,0,0
106.864,10487,0,31,559.195813,12.860528,9.902315,451.248943983677,400.15926466763716,0,0,0
106.874,10488,0,31,560.015943,13.170848,10.324588,453.32365179804157,400.15926466763716,0,0,0
106.884,10489,0,31,560.986800,13.405804,10.753857,455.3983595346046,400.15926466763716,0,0,0
106.894,10490,0,31,561.886727,13.716124,11.182461,457.7324057965891,400.15926466763716,0,0,0
106.904,10491,0,31,562.782220,14.030876,11.608402,459.8071136109537,400.15926466763716,0,0,0
106.914,10492,0,31,563.832873,14.341196,12.035142,461.62248297769827,400.15926466763716,0,0,0
106.924,10493,0,31,564.728367,14.651515,12.462756,463.69719071426124,400.15926466763716,0,0,0
106.934,10494,0,31,565.588395,14.886472,12.894781,465.7718984508242,400.15926466763716,0,0,0
106.944,10495,0,31,566.559252,15.156893,13.332576000000001,467.5872678175688,400.15926466763716,0,0,0
106.954,10496,0,31,567.419281,15.391849,13.771726000000001,469.6619756319334,400.15926466763716,0,0,0
106.964,10497,0,31,568.039920,15.702169,14.205431,471.7366833684963,400.15926466763716,0,0,0
106.974,10498,0,31,568.820152,16.016921,14.63588,473.5520526574394,400.15926466763716,0,0,0
106.984,10499,0,31,569.520587,16.407037,15.066117,475.3674220241839,400.15926466763716,0,0,0
106.994,10500,0,31,570.221023,16.797153,15.490619,477.44212983854845,400.15926466763716,0,0,0
107.004,10501,0,31,570.961357,17.107473,15.905065,479.2574991274915,400.15926466763716,0,0,0
107.014,10502,0,31,571.586429,17.417793,16.307354,481.0728684164345,400.15926466763716,0,0,0
107.024,10503,0,31,572.286864,17.768010,16.701179,482.88823770537755,400.15926466763716,0,0,0
107.034,10504,0,31,573.106995,18.002967,17.091308,484.7036070721221,400.15926466763716,0,0,0
107.044,10505,0,31,573.887227,18.313286,17.481904,486.5189764388666,400.15926466763716,0,0,0
107.054,10506,0,31,574.587662,18.548242,17.872626,488.59368417542964,400.15926466763716,0,0,0
107.064,10507,0,31,575.562952,18.783199,18.265851,490.4090534643726,400.15926466763716,0,0,0
107.074,10508,0,31,576.533809,18.938358,18.665984,492.2244227533157,400.15926466763716,0,0,0
107.084,10509,0,31,577.314041,19.093518,19.078635000000002,494.29913064548174,400.15926466763716,0,0,0
107.094,10510,0,31,578.014476,19.328474,19.499703,496.3738383820447,400.15926466763716,0,0,0
107.104,10511,0,31,578.599650,19.563430,19.925819,497.9298692233678,400.15926466763716,0,0,0
107.114,10512,0,31,579.144926,19.793954,20.354428000000002,500.0045769599308,400.15926466763716,0,0,0
107.124,10513,0,31,579.650304,20.028910,20.783041,501.56060780125375,400.15926466763716,0,0,0
107.134,10514,0,31,580.195580,20.303764,21.211202,503.11663864257685,400.15926466763716,0,0,0
107.144,10515,0,31,580.705390,20.653982,21.642894000000002,504.6726694838998,400.15926466763716,0,0,0
107.154,10516,0,31,581.095506,21.004200,22.076345,506.74737737606597,400.15926466763716,0,0,0
107.164,10517,0,31,581.560986,21.354418,22.50865,508.30340821738895,400.15926466763716,0,0,0
107.174,10518,0,31,582.030898,21.784432,22.938137,509.85943905871204,399.8999262200172,0,0,0
107.184,10519,0,31,582.496377,22.134650,23.357005,511.934146795275,399.6405877723973,0,0,0
107.194,10520,0,31,583.196813,22.560231,23.756939,513.490177636598,399.6405877723973,0,0,0
107.204,10521,0,31,583.861783,22.910448,24.139053,515.305546925541,399.6405877723973,0,0,0
107.214,10522,0,31,584.482422,23.225201,24.507531,517.120916214484,399.6405877723973,0,0,0
107.224,10523,0,31,585.377916,23.460157,24.866721000000002,518.6769470558071,399.6405877723973,0,0,0
107.234,10524,0,31,586.082785,23.690680,25.218702,520.4923164225515,399.6405877723973,0,0,0
107.244,10525,0,31,587.018176,23.925637,25.569816,522.0483472638747,399.6405877723973,0,0,0
107.254,10526,0,31,587.793975,24.160593,25.922943,523.8637166306193,399.6405877723973,0,0,0
107.264,10527,0,31,588.458946,24.315753,26.277269,525.4197474719422,399.6405877723973,0,0,0
107.274,10528,0,31,589.119483,24.470912,26.629999,527.4944552085052,399.6405877723973,0,0,0
107.284,10529,0,31,589.784453,24.626072,26.978212,529.0504860498282,399.6405877723973,0,0,0
107.294,10530,0,31,590.444991,24.781232,27.321746,530.6065168911513,399.6405877723973,0,0,0
107.304,10531,0,31,591.145426,24.936392,27.659844,532.1625477324743,399.6405877723973,0,0,0
107.314,10532,0,31,591.770498,25.016188,27.990617,533.9779170214173,399.6405877723973,0,0,0
107.324,10533,0,31,592.470934,25.251144,28.315360000000002,535.5339478627403,399.6405877723973,0,0,0
107.334,10534,0,31,593.251166,25.406304,28.634821000000002,537.3493171516833,399.6405877723973,0,0,0
107.344,10535,0,31,593.796442,25.561464,28.949627,538.9053479930063,399.6405877723973,0,0,0
107.354,10536,0,31,594.691935,25.796420,29.264055,540.7207173597509,399.6405877723973,0,0,0
107.364,10537,0,31,595.317007,25.871783,29.732315,542.276748201074,399.6405877723973,0,0,0
107.374,10538,0,31,596.132705,26.031376,30.044387,543.832779042397,399.6405877723973,0,0,0
107.384,10539,0,31,596.873038,26.186536,30.355204,545.38880988372,399.6405877723973,0,0,0
107.394,10540,0,31,597.613372,26.341696,30.669429,547.4635176980846,399.6405877723973,0,0,0
107.404,10541,0,31,598.313808,26.417059,30.989082,549.0195485394075,399.6405877723973,0,0,0
107.414,10542,0,31,598.938880,26.576652,31.312762,550.8349178283506,399.6405877723973,0,0,0
107.424,10543,0,31,599.794475,26.652015,31.640914000000002,552.3909486696735,399.6405877723973,0,0,0
107.434,10544,0,31,600.304286,26.807175,31.975232000000002,554.4656564062367,399.6405877723973,0,0,0
107.444,10545,0,31,600.574707,26.966768,32.318424,556.0216872475596,399.6405877723973,0,0,0
107.454,10546,0,31,601.199779,27.121928,32.672205,558.0963951397257,399.6405877723973,0,0,0
107.464,10547,0,31,601.940113,27.352451,33.038323999999996,559.6524259810487,399.6405877723973,0,0,0
107.474,10548,0,31,602.720345,27.587407,33.411983,561.7271337176118,399.6405877723973,0,0,0
107.484,10549,0,31,603.496144,27.742567,33.790617,563.2831645589348,399.6405877723973,0,0,0
107.494,10550,0,31,604.236478,27.822363,34.169807,565.0985338478778,399.6405877723973,0,0,0
107.504,10551,0,31,604.976811,27.977523,34.543146,567.1732416622424,399.6405877723973,0,0,0
107.514,10552,0,31,606.187058,28.057320,34.916892,569.2479494766069,399.6405877723973,0,0,0
107.524,10553,0,31,607.122449,28.132683,35.294584,571.3226572131699,399.6405877723973,0,0,0
107.534,10554,0,31,608.093306,28.212479,35.682294999999996,573.3973650275344,399.6405877723973,0,0,0
107.544,10555,0,31,609.183858,28.287843,36.075467999999994,575.472072841899,399.6405877723973,0,0,0
107.554,10556,0,31,610.199046,28.367639,36.47736,577.5467805784621,399.6405877723973,0,0,0
107.564,10557,0,31,611.329496,28.447436,36.885515999999996,579.8808269182481,399.6405877723973,0,0,0
107.574,10558,0,31,612.575207,28.447436,37.307091,581.9555346548111,399.6405877723973,0,0,0
107.584,10559,0,31,613.980511,28.447436,37.735893999999995,584.5489194422172,399.6405877723973,0,0,0
107.594,10560,0,31,615.226223,28.447436,38.172951999999995,587.1423040740201,399.6405877723973,0,0,0
107.604,10561,0,31,616.551730,28.447436,38.610538,589.7356888614262,399.6405877723973,0,0,0
107.614,10562,0,31,617.872805,28.447436,39.048353999999996,592.3290736488323,399.6405877723973,0,0,0
107.624,10563,0,31,619.278109,28.447436,39.486095999999996,594.9224582806353,399.6405877723973,0,0,0
107.634,10564,0,31,620.718878,28.447436,39.929277,597.5158430680412,399.6405877723973,0,0,0
107.644,10565,0,31,621.929125,28.522799,40.378088,600.1092278554473,399.6405877723973,0,0,0
107.654,10566,0,31,623.329996,28.602595,40.83665,602.7026124872503,399.6405877723973,0,0,0
107.664,10567,0,31,624.730867,28.677959,41.307691,605.2959972746564,399.6405877723973,0,0,0
107.674,10568,0,31,626.136171,28.952813,41.787349,607.8893820620625,399.6405877723973,0,0,0
107.684,10569,0,31,627.497144,29.263133,42.271516999999996,610.742105219287,399.6405877723973,0,0,0
107.694,10570,0,31,628.822652,29.573452,42.755584999999996,613.5948283765116,399.6405877723973,0,0,0
107.704,10571,0,31,630.263421,29.573452,43.232008,616.1882131639176,399.6405877723973,0,0,0
107.714,10572,0,31,631.668725,29.573452,43.699686,619.0409363989437,399.6405877723973,0,0,0
107.724,10573,0,31,633.109494,29.573452,44.166512999999995,621.8936596339697,399.6405877723973,0,0,0
107.734,10574,0,31,634.435002,29.573452,44.63724,624.7463827911944,399.6405877723973,0,0,0
107.744,10575,0,31,635.680713,29.573452,45.111582999999996,627.3397675007988,399.6405877723973,0,0,0
107.754,10576,0,31,636.926425,29.573452,45.588806,630.1924907358248,399.8999262200172,0,0,0
107.764,10577,0,31,638.176569,29.573452,46.066146999999994,632.7858755232309,400.15926466763716,0,0,0
107.774,10578,0,31,639.302586,29.573452,46.547048,635.3792601550339,400.15926466763716,0,0,0
107.784,10579,0,31,640.397570,29.573452,47.028065,637.9726449424398,400.15926466763716,0,0,0
107.794,10580,0,31,641.488122,29.573452,47.504160999999996,640.5660297298459,400.41860319305874,0,0,0
107.804,10581,0,31,642.733833,29.573452,47.97904,643.159414361649,400.6779416406788,0,0,0
107.814,10582,0,31,643.904181,29.653249,48.452906,645.7527991490551,400.93728008829873,0,0,0
107.824,10583,0,31,645.189791,29.653249,48.932202,648.3461839364612,400.93728008829873,0,0,0
107.834,10584,0,31,646.435502,29.653249,49.419608,650.9395685682641,400.93728008829873,0,0,0
107.844,10585,0,31,647.796475,29.653249,49.915656,653.2736149080501,400.93728008829873,0,0,0
107.854,10586,0,31,648.891460,29.808408,50.414628,655.8669996176548,400.93728008829873,0,0,0
107.864,10587,0,31,650.252432,29.888205,50.915851999999994,658.4603843272594,400.93728008829873,0,0,0
107.874,10588,0,31,651.422780,29.888205,51.418034,660.7944306670454,400.93728008829873,0,0,0
107.884,10589,0,31,652.593128,29.888205,51.918313,663.3878152988484,400.93728008829873,0,0,0
107.894,10590,0,31,653.603884,29.888205,52.417139999999996,665.9812000862544,400.93728008829873,0,0,0
107.904,10591,0,31,654.734333,29.888205,52.917454,668.3152463482389,400.93728008829873,0,0,0
107.914,10592,0,31,655.980045,29.888205,53.413773,670.9086310578434,400.93728008829873,0,0,0
107.924,10593,0,31,657.150393,29.888205,53.902409999999996,673.5020158452495,400.93728008829873,0,0,0
107.934,10594,0,31,658.280842,29.888205,54.38643,676.0954005548541,400.93728008829873,0,0,0
107.944,10595,0,31,659.486655,29.888205,54.870827,678.6887852644585,400.93728008829873,0,0,0
107.954,10596,0,31,660.501844,29.888205,55.35303,681.0228316042447,400.93728008829873,0,0,0
107.964,10597,0,31,661.592395,29.963568,55.832961999999995,683.6162162360476,400.93728008829873,0,0,0
107.974,10598,0,31,662.758310,29.963568,56.540253,685.9502625758337,400.93728008829873,0,0,0
107.984,10599,0,31,663.733600,29.963568,57.001433999999996,688.2843087600168,400.93728008829873,0,0,0
107.994,10600,0,31,665.019210,30.003466,57.45399,690.6183550998028,400.93728008829873,0,0,0
108.004,10601,0,31,666.109761,30.003466,57.893635999999994,693.2117398094073,401.1966185359187,0,0,0
108.014,10602,0,31,667.554963,30.003466,58.315856,695.5457860713918,401.45595706134026,0,0,0
108.024,10603,0,31,668.720878,30.043365,58.72201,697.8798323333763,401.7152955089603,0,0,0
108.034,10604,0,31,669.931125,30.043365,59.109140999999994,699.9545401477409,402.2339724820018,0,0,0
108.044,10605,0,31,671.292097,30.043365,59.482499,702.5479248573455,402.49331092962177,0,0,0
108.054,10606,0,31,672.697402,30.043365,59.850795,704.88197111933,403.2713263502833,0,0,0
108.064,10607,0,31,674.058374,30.043365,60.207457,707.2160173813145,403.79000332332475,0,0,0
108.074,10608,0,31,675.694202,30.043365,60.548967999999995,709.8094020909191,404.56801874398633,0,0,0
108.084,10609,0,31,677.139404,30.043365,60.875755999999996,712.4027868783251,405.34603416464785,0,0,0
108.094,10610,0,31,678.655537,30.043365,61.19623,714.7368330625081,406.3833880329293,0,0,0
108.104,10611,0,31,680.136204,30.083263,61.508433,717.3302178499142,407.42074197901235,0,0,0
108.114,10612,0,31,681.851828,30.083263,61.814097,719.9236026373203,408.45809584729386,0,0,0
108.124,10613,0,31,683.447757,30.083263,62.118365,722.5169872691233,409.2361112679554,0,0,0
108.134,10614,0,31,685.123483,30.083263,62.425714,724.8510336089093,410.2734651362369,0,0,0
108.144,10615,0,31,686.839106,30.083263,62.726679999999995,727.444418318514,411.0514805568984,0,0,0
108.154,10616,0,31,688.594628,30.083263,63.019008,730.0378030281183,412.08883450298146,0,0,0
108.164,10617,0,31,690.230456,30.083263,63.294374,732.3718493679045,413.12618837126297,0,0,0
108.174,10618,0,31,691.751021,30.083263,63.557207,734.9652339997075,414.1635422395445,0,0,0
108.184,10619,0,31,693.307052,30.083263,63.808505999999994,737.0399418918735,415.71957315866905,0,0,0
108.194,10620,0,31,695.098039,30.083263,64.04314500000001,739.6333265236765,417.0162654745705,0,0,0
108.204,10621,0,31,696.928925,30.083263,64.26049300000001,741.9673728634625,418.312957790472,0,0,0
108.214,10622,0,31,698.644548,30.083263,64.458572,744.5607575730671,419.60965018417505,0,0,0
108.224,10623,0,31,700.555230,30.083263,64.636544,746.8948038350517,421.16568102549803,0,0,0
108.234,10624,0,31,702.465912,30.083263,64.79214900000001,749.2288500970361,422.7217118668211,0,0,0
108.244,10625,0,31,704.491855,30.083263,64.93383,751.5628963590208,424.5370811557641,0,0,0
108.254,10626,0,31,706.398104,30.083263,65.055779,753.8969426210053,426.35245052250866,0,0,0
108.264,10627,0,31,708.424047,30.083263,65.155677,755.9716504353698,428.1678198892533,0,0,0
108.274,10628,0,31,710.334729,30.083263,65.236959,758.3056966195528,430.24252762581614,0,0,0
108.284,10629,0,31,712.010454,30.083263,65.299028,760.639742959339,432.05789691475917,0,0,0
108.294,10630,0,31,714.231456,30.083263,65.346244,762.714450695902,434.1326047291238,0,0,0
108.304,10631,0,31,716.062341,30.083263,65.377459,764.7891585102665,435.94797409586835,0,0,0
108.314,10632,0,31,718.048386,30.083263,65.391936,766.604527877011,437.7633433848114,0,0,0
108.324,10633,0,31,720.114227,30.083263,65.38854500000001,768.6792356135741,439.83805112137435,0,0,0
108.334,10634,0,31,721.750055,30.083263,65.36934500000001,770.4946049025169,441.91275893573885,0,0,0
108.344,10635,0,31,723.815896,30.083263,65.340587,772.3099741914599,443.98746675010347,0,0,0
108.354,10636,0,31,725.686680,30.083263,65.300059,774.1253435582046,445.8028360390465,0,0,0
108.364,10637,0,31,727.517565,30.083263,65.25259,775.6813743995275,447.61820532798953,0,0,0
108.374,10638,0,31,728.998233,30.083263,65.197372,777.2374052408506,449.4335746169325,0,0,0
108.384,10639,0,31,730.984278,30.003466,65.134006,778.7934360821737,451.248943983677,0,0,0
108.394,10640,0,31,732.620105,30.003466,65.058824,780.0901283980752,453.32365179804157,0,0,0
108.404,10641,0,31,734.295830,30.003466,64.96599900000001,781.3868207917782,455.1390210869846,0,0,0
108.414,10642,0,31,736.126716,30.003466,64.858883,782.6835131854813,456.9543903759276,0,0,0
108.424,10643,0,31,738.467412,30.158626,64.738344,783.9802055791844,458.7697596648706,0,0,0
108.434,10644,0,31,739.868283,30.158626,64.61175,785.2768979728874,460.58512903161517,0,0,0
108.444,10645,0,31,741.309052,30.158626,64.48197300000001,786.3142517633673,462.6598368459798,0,0,0
108.454,10646,0,31,742.594662,30.158626,64.35381000000001,787.0922672618303,464.21586768730276,0,0,0
108.464,10647,0,31,743.960068,30.158626,64.221389,788.1296211301117,465.77189852862574,0,0,0
108.474,10648,0,31,745.400837,30.158626,64.089483,788.9076365507733,467.5872678175688,0,0,0
108.484,10649,0,31,746.841606,30.158626,63.963035,789.9449904968562,469.14329865889175,0,0,0
108.494,10650,0,31,748.051852,30.238423,63.847961999999995,791.2416828127579,470.6993295002149,0,0,0
108.504,10651,0,31,749.412825,30.238423,63.745248999999994,792.2790366810393,471.7366834462979,0,0,0
108.514,10652,0,31,750.662970,30.238423,63.649803,793.3163906271222,473.292714287621,0,0,0
108.524,10653,0,31,752.023943,30.238423,63.553470999999995,794.3537444954039,474.84874512894396,0,0,0
108.534,10654,0,31,753.269654,30.238423,63.453407999999996,795.3910983636854,476.664114417887,0,0,0
108.544,10655,0,31,754.635060,30.238423,63.354146,796.4284523097684,478.47948370682997,0,0,0
108.554,10656,0,31,756.000466,30.238423,63.257182,797.4658061780499,479.516837652913,0,0,0
108.564,10657,0,31,757.361439,30.278321,63.163039999999995,798.5031600463315,481.07286849423605,0,0,0
108.574,10658,0,31,758.766743,30.278321,63.069326999999994,799.5405139924145,482.628899335559,0,0,0
108.584,10659,0,31,760.092251,30.278321,62.929202999999994,800.577867860696,484.18493017688206,0,0,0
108.594,10660,0,31,761.413325,30.278321,62.840107999999994,801.6152217289775,485.7409610182051,0,0,0
108.604,10661,0,31,762.348717,30.278321,62.753879999999995,802.9119141226805,487.29699185952813,0,0,0
108.614,10662,0,31,763.674225,30.278321,62.670128,804.2086065163835,488.85302270085117,0,0,0
108.624,10663,0,31,764.844573,30.278321,62.589323,805.2459603846652,490.40905354217415,0,0,0
108.634,10664,0,31,766.205546,30.278321,62.511382,806.5426527783682,491.9650843834972,0,0,0
108.644,10665,0,31,767.650748,30.278321,62.428628999999994,808.0986835418896,493.5211152248203,0,0,0
108.654,10666,0,31,769.131416,30.278321,62.342820999999994,809.1360374879727,495.07714606614326,0,0,0
108.664,10667,0,31,770.377127,30.278321,62.257369,810.6920683292957,496.63317690746624,0,0,0
108.674,10668,0,31,772.012954,30.278321,62.169782,811.7294222753787,498.44854619640927,0,0,0
108.684,10669,0,31,773.688680,30.278321,62.083884999999995,813.0261145912801,500.2639154853523,0,0,0
108.694,10670,0,31,775.324507,30.278321,62.00655,814.3228069071816,501.81994632667534,0,0,0
108.704,10671,0,31,776.920436,30.278321,61.932303,815.6194993008847,503.3759771679984,0,0,0
108.714,10672,0,31,778.441002,30.278321,61.863189999999996,816.9161916945877,505.4506849045613,0,0,0
108.724,10673,0,31,780.156625,30.278321,61.796243999999994,818.2128840882907,507.0067157458844,0,0,0
108.734,10674,0,31,781.792453,30.433481,61.7333,819.7689149296137,508.82208511262894,0,0,0
108.744,10675,0,31,783.468178,30.588640,61.668513,821.0656073233168,510.6374544793735,0,0,0
108.754,10676,0,31,784.948846,30.743800,61.608236999999995,822.6216381646399,512.4528237683165,0,0,0
108.764,10677,0,31,786.699935,30.823597,61.552557,824.1776690059629,514.2681930572595,0,0,0
108.774,10678,0,31,788.340195,30.978756,61.501158,825.733699847286,516.0835623462025,0,0,0
108.784,10679,0,31,789.936124,31.054120,61.451113,827.2897306886089,517.6395931875255,0,0,0
108.794,10680,0,31,791.611850,31.133916,61.403335,828.8457615299319,519.7143010018901,0,0,0
108.804,10681,0,31,793.247677,31.599396,61.350334,830.6611308188749,521.7890088162546,0,0,0
108.814,10682,0,31,795.038664,32.069308,61.293524,832.476500107818,523.3450396575777,0,0,0
108.824,10683,0,31,796.869549,32.264366,61.243773,834.032530949141,525.4197473941407,0,0,0
108.834,10684,0,31,798.740333,32.419526,61.202465,835.588561790464,527.2351167608853,0,0,0
108.844,10685,0,31,800.376160,32.419526,61.166334,837.403931079407,529.3098244974482,0,0,0
108.854,10686,0,31,802.051886,32.419526,61.131674,838.95996192073,530.8658553387713,0,0,0
108.864,10687,0,31,804.042364,32.499322,61.102919,841.0346697350946,532.9405631531358,0,0,0
108.874,10688,0,31,805.558496,32.499322,61.08244,842.5907005764177,535.0152709675003,0,0,0
108.884,10689,0,31,807.779498,32.574686,61.072466,844.4060699431623,536.8306402564434,0,0,0
108.894,10690,0,31,809.535020,32.574686,61.071315999999996,845.9621007844852,538.6460095453864,0,0,0
108.904,10691,0,31,811.445702,32.654482,61.07638,848.0368085210482,540.461378912131,0,0,0
108.914,10692,0,31,813.351950,32.654482,61.08535,849.8521778099912,542.276748201074,0,0,0
108.924,10693,0,31,815.262632,32.729845,61.098704999999995,851.6675470989343,543.832779042397,0,0,0
108.934,10694,0,31,817.013721,32.729845,61.114439,853.7422549911003,545.64814833134,0,0,0
108.944,10695,0,31,818.924402,32.809642,61.13814,855.8169627276634,547.4635176980846,0,0,0
108.954,10696,0,31,820.755288,32.885005,61.168696,857.8916704642264,549.0195485394075,0,0,0
108.964,10697,0,31,822.586173,32.964802,61.204139999999995,859.707039830971,550.8349178283506,0,0,0
108.974,10698,0,31,824.222000,32.964802,61.236968,861.7817476453356,552.6502871172936,0,0,0
108.984,10699,0,31,826.172580,32.964802,61.265789,863.5971169342785,554.2063179586166,0,0,0
108.994,10700,0,31,828.198524,32.964802,61.289355,865.4124862232214,556.0216873253612,0,0,0
109.004,10701,0,31,830.104772,32.964802,61.307319,867.4871940375859,558.0963950619242,0,0,0
109.014,10702,0,31,832.055352,32.964802,61.321954,869.5619018519506,560.1711028762887,0,0,0
109.024,10703,0,31,833.926136,32.964802,61.340523,871.6366095885136,561.7271337176118,0,0,0
109.034,10704,0,31,836.027442,32.964802,61.368261,873.7113174028782,563.8018415319763,0,0,0
109.044,10705,0,31,838.133182,32.964802,61.403468999999994,875.5266867696228,565.8765492685393,0,0,0
109.054,10706,0,31,840.238922,32.964802,61.44345,877.8607329538057,567.9512570829038,0,0,0
109.064,10707,0,31,841.950112,32.964802,61.491848999999995,879.9354407681701,569.507287924227,0,0,0
109.074,10708,0,31,844.171114,32.964802,61.547121,882.2694870301548,571.5819957385914,0,0,0
109.084,10709,0,31,846.236955,32.964802,61.612105,884.6035332921393,573.3973650275344,0,0,0
109.094,10710,0,31,848.262898,32.964802,61.687020999999994,886.6782411065038,575.2127343164775,0,0,0
109.104,10711,0,31,850.328740,32.964802,61.759724999999996,889.0122872906868,577.0281036054204,0,0,0
109.114,10712,0,31,852.199524,32.964802,61.835297999999995,891.3463336304729,579.1028114975866,0,0,0
109.124,10713,0,31,854.380627,32.964802,61.910433999999995,893.421041367036,580.9181807865295,0,0,0
109.134,10714,0,31,856.756788,32.964802,61.982077,896.0144261544419,582.9928885230926,0,0,0
109.144,10715,0,31,859.017687,33.004700,62.05477,898.6078108640465,585.0675963374571,0,0,0
109.154,10716,0,31,861.158892,33.004700,62.126773,900.9418571260311,587.1423041518217,0,0,0
109.164,10717,0,31,863.379893,33.004700,62.201071,903.2759033880155,589.2170118883847,0,0,0
109.174,10718,0,31,865.720589,33.004700,62.261185,905.8692880976203,591.5510582281707,0,0,0
109.184,10719,0,31,868.136649,33.004700,62.312234999999994,908.4626728850261,593.8851044123537,0,0,0
109.194,10720,0,31,870.198057,33.004700,62.349585999999995,911.0560575946308,595.9598122267183,0,0,0
109.204,10721,0,31,872.108739,33.004700,62.199234999999994,913.1307654089952,598.5531969363228,0,0,0
109.214,10722,0,31,873.354450,33.004700,61.893004999999995,915.4648116709798,600.6279047506873,0,0,0
109.224,10723,0,31,874.445001,33.434714,61.560143999999994,917.0208425123027,602.7026125650518,0,0,0
109.234,10724,0,31,875.344928,34.525266,61.245664999999995,918.5768732758243,604.777320301615,0,0,0
109.244,10725,0,31,876.200523,35.966035,60.920983,919.3548886964858,606.5926895905579,0,0,0
109.254,10726,0,31,877.135915,37.757022,60.533634,919.6142272219074,608.148720431881,0,0,0
109.264,10727,0,31,878.306263,39.432747,60.098440999999994,919.0955502488657,609.704751273204,0,0,0
109.274,10728,0,31,879.512076,42.083763,59.612635,918.5768733536258,611.260782114527,0,0,0
109.284,10729,0,31,880.527264,43.990012,59.109564999999996,918.3175348282044,612.8168129558501,0,0,0
109.294,10730,0,31,881.538020,45.315519,58.613223,918.3175348282044,615.1508592956361,0,0,0
109.304,10731,0,31,882.783731,46.915881,58.12077,917.7988579329643,617.4849054798191,0,0,0
109.314,10732,0,31,884.033875,48.746767,57.619383,917.2801809599227,620.0782902672253,0,0,0
109.324,10733,0,31,885.354950,50.887972,57.125206999999996,917.0208425123028,622.1529980037882,0,0,0
109.334,10734,0,31,887.030675,53.148871,56.654588999999994,917.0208425123028,624.7463827911942,0,0,0
109.344,10735,0,31,888.085762,55.250178,56.220743,917.2801809599227,626.8210905277573,0,0,0
109.354,10736,0,31,889.211778,57.901193,55.848358999999995,917.2801809599227,628.8957984199234,0,0,0
109.364,10737,0,31,890.577184,59.732079,55.545206,917.2801809599227,630.9705061564863,0,0,0
109.374,10738,0,31,891.982489,61.797920,55.322896,917.2801809599227,632.7858754454293,0,0,0
109.384,10739,0,31,893.618316,62.848573,55.152808,917.2801809599227,634.3419062867523,0,0,0
109.394,10740,0,31,895.329507,63.979023,55.037605,917.2801809599227,636.1572755756953,0,0,0
109.404,10741,0,31,897.045130,65.224734,54.967569,917.5395194075428,637.9726449424398,0,0,0
109.414,10742,0,31,898.680958,66.315286,54.933429,917.7988578551629,639.5286757837629,0,0,0
109.424,10743,0,31,900.006465,67.410271,54.89588,918.8362118012458,641.3440451505074,0,0,0
109.434,10744,0,31,901.292075,68.616084,54.855219,920.132904194949,642.9000759918306,0,0,0
109.444,10745,0,31,902.732844,69.821897,54.812889,921.429596588652,644.1967683077321,0,0,0
109.454,10746,0,31,904.098250,70.797187,54.781938,923.244965877595,645.7527991490551,0,0,0
109.464,10747,0,31,905.423758,71.927636,54.76405,924.800996718918,647.3088299903782,0,0,0
109.474,10748,0,31,906.709367,72.783232,54.756803,926.3570275602409,648.3461838586595,0,0,0
109.484,10749,0,31,908.034875,73.798420,54.766779,927.3943814285225,649.9022146999827,0,0,0
109.494,10750,0,31,909.395848,74.498856,54.801871,928.9504122698456,651.4582455413058,0,0,0
109.504,10751,0,31,910.566196,75.123928,54.859783,930.2471046635486,652.4955994873887,0,0,0
109.514,10752,0,31,911.851806,75.394349,54.93006999999999,931.28445853183,653.7922918032901,0,0,0
109.524,10753,0,31,913.057619,75.629305,55.018679,932.8404893731531,654.8296457493733,0,0,0
109.534,10754,0,31,914.307763,75.864262,55.116225,934.6558587398977,655.8669996176548,0,0,0
109.544,10755,0,31,915.668736,76.019421,55.233171,936.2118895812206,656.9043534859362,0,0,0
109.554,10756,0,31,916.994244,76.099218,55.361051999999994,938.0272588701637,657.9417074320193,0,0,0
109.564,10757,0,31,918.204490,76.174581,55.490745,939.5832897114868,658.9790613003007,0,0,0
109.574,10758,0,31,919.605361,76.409537,55.613043999999995,940.8799821051897,659.7570767209623,0,0,0
109.584,10759,0,31,920.656014,76.564697,55.730424,942.4360129465127,660.7944305892437,0,0,0
109.594,10760,0,31,921.826362,76.644493,55.840747,943.9920437878358,661.831784535327,0,0,0
109.604,10761,0,31,923.072074,76.644493,55.938905999999996,945.8074130767787,662.8691384036083,0,0,0
109.614,10762,0,31,924.122727,76.644493,56.030902,947.3634439181018,663.9064922718899,0,0,0
109.624,10763,0,31,925.448235,76.719857,56.113173999999994,949.1788132070448,665.203184665593,0,0,0
109.634,10764,0,31,926.968800,76.719857,56.181518999999994,950.7348440483679,666.4998770592958,0,0,0
109.644,10765,0,31,928.409570,76.719857,56.236788999999995,952.2908748896908,667.7965693751974,0,0,0
109.654,10766,0,31,929.735077,76.719857,56.280378999999996,953.5875672833939,669.3526002165204,0,0,0
109.664,10767,0,31,931.215745,76.719857,56.309694,955.4029365723369,670.6492926102236,0,0,0
109.674,10768,0,31,932.776209,76.719857,56.327608,956.9589674136599,671.9459850039265,0,0,0
109.684,10769,0,31,934.412036,76.719857,56.340025999999995,958.514998254983,673.5020158452495,0,0,0
109.694,10770,0,31,935.773009,76.875017,56.347111999999996,959.552352201066,675.0580466865725,0,0,0
109.704,10771,0,31,937.528531,77.030176,56.344749,961.108383042389,676.6140775278955,0,0,0
109.714,10772,0,31,939.244155,77.265133,56.332201,962.6644138837121,678.1701083692186,0,0,0
109.724,10773,0,31,940.879982,77.655249,56.305947999999994,964.220444725035,679.7261392105416,0,0,0
109.734,10774,0,31,942.631071,77.965568,56.269278,965.7764755663582,681.2821700518647,0,0,0
109.744,10775,0,31,944.266898,78.200524,56.224487999999994,967.3325064076812,683.3568777884276,0,0,0
109.754,10776,0,31,946.102217,78.355684,56.172121999999995,969.1478756966242,685.1722470773707,0,0,0
109.764,10777,0,31,947.773509,78.705902,56.117405,970.7039065379472,686.9876164441152,0,0,0
109.774,10778,0,31,949.568929,79.175814,56.060587999999996,972.5192758268902,689.0623242584796,0,0,0
109.784,10779,0,31,951.204756,79.760988,56.000668999999995,974.0753066682132,691.1370319950428,0,0,0
109.794,10780,0,31,953.075540,80.536787,55.900515999999996,975.6313375095361,693.2117398094073,0,0,0
109.804,10781,0,31,954.981789,81.161859,55.827307,977.4467067984792,695.2864476237719,0,0,0
109.814,10782,0,31,956.932369,81.981990,55.746134,979.2620760874222,697.3611553603349,0,0,0
109.824,10783,0,31,958.878515,82.917381,55.658311,980.8181069287454,699.4358631746994,0,0,0
109.834,10784,0,31,960.399081,83.928136,55.569452,982.3741377700683,701.5105709890639,0,0,0
109.844,10785,0,31,962.114705,84.708368,55.479419,983.9301686113913,703.585278725627,0,0,0
109.854,10786,0,31,963.985488,85.253644,55.387637,985.4861994527143,705.4006480145699,0,0,0
109.864,10787,0,31,965.816374,85.798920,55.288565,987.0422302940374,707.7346943543562,0,0,0
109.874,10788,0,31,967.647259,86.814108,55.186167,988.5982611353604,710.3280790639606,0,0,0
109.884,10789,0,31,969.557941,87.980023,55.075830999999994,990.413630502105,712.4027868005236,0,0,0
109.894,10790,0,31,971.504088,89.305531,54.960746,992.2289998688495,714.7368331403097,0,0,0
109.904,10791,0,31,973.139915,90.005966,54.842473999999996,993.7850307101726,716.8115408768728,0,0,0
109.914,10792,0,31,975.360916,90.901460,54.718936,995.3410615514955,719.1455872166587,0,0,0
109.924,10793,0,31,977.386859,92.071808,54.588711999999994,996.8970923928185,721.7389718484618,0,0,0
109.934,10794,0,31,979.372905,92.891938,54.448853,998.4531232341417,723.8136797406278,0,0,0
109.944,10795,0,31,981.558441,94.022388,54.301792,1000.0091540754646,726.4070643724308,0,0,0
109.954,10796,0,31,983.504588,95.188303,54.151486,1001.5651849167876,728.4817722645969,0,0,0
109.964,10797,0,31,985.220211,96.238956,53.996108,1003.3805542057306,731.0751568963999,0,0,0
109.974,10798,0,31,987.481111,97.214246,53.834719,1005.1959234946737,733.4092032361859,0,0,0
109.984,10799,0,31,989.427258,98.304797,53.665938,1006.7519543359966,736.0025879457905,0,0,0
109.994,10800,0,31,991.102983,99.515044,53.487767999999996,1008.3079851773198,738.5959726553949,0,0,0
110.004,10801,0,31,993.204290,100.680959,53.307018,1009.6046775710228,741.1893574428011,0,0,0
110.014,10802,0,31,995.389826,101.931103,53.121367,1011.1607084123458,743.5234036269841,0,0,0
110.024,10803,0,31,997.531031,103.136916,52.927111,1012.4574008060489,745.8574499667701,0,0,0
110.034,10804,0,31,999.867294,104.422526,52.723541999999995,1014.0134316473718,748.4508346763747,0,0,0
110.044,10805,0,31,1001.543019,105.863295,52.511844999999994,1015.5694624886949,751.0442193859791,0,0,0
110.054,10806,0,31,1003.688657,106.953846,52.290502,1016.8661548045964,753.6376041733853,0,0,0
110.064,10807,0,31,1005.439746,108.008933,52.060395,1018.1628471204978,755.7123119099482,0,0,0
110.074,10808,0,31,1007.585384,109.214746,51.822503999999995,1019.2002010665809,758.3056966973543,0,0,0
110.084,10809,0,31,1009.336473,110.305297,51.577366,1020.496893460284,760.899081406959,0,0,0
110.094,10810,0,31,1011.012198,111.320486,51.329117,1021.5342473285654,763.2331276689434,0,0,0
110.104,10811,0,31,1012.803185,112.371139,51.079043999999996,1022.8309396444669,765.5671739309279,0,0,0
110.114,10812,0,31,1014.518809,113.736545,50.818670999999995,1023.86829359055,768.1605586405325,0,0,0
110.124,10813,0,31,1016.389593,114.942358,50.550363999999995,1024.905647536633,770.7539434279386,0,0,0
110.134,10814,0,31,1017.950057,116.773243,50.278667,1025.943001327113,773.0879896121215,0,0,0
110.144,10815,0,31,1019.780942,118.528765,50.001177,1026.980355273196,775.6813743995276,0,0,0
110.154,10816,0,31,1021.611827,120.084796,49.716105999999996,1028.0177092192791,778.0154206615122,0,0,0
110.164,10817,0,31,1023.247655,121.645260,49.423494,1029.0550630097591,780.6088053711167,0,0,0
110.174,10818,0,31,1024.688424,122.890971,49.121230999999995,1029.8330785082221,782.9428517109027,0,0,0
110.184,10819,0,31,1026.479411,123.946058,48.812317,1030.611093851082,785.5362363427058,0,0,0
110.194,10820,0,31,1028.115238,125.581885,48.496990999999994,1031.648447797165,788.1296211301117,0,0,0
110.204,10821,0,31,1029.635804,127.137916,48.17046,1032.6858017432482,790.4636673920963,0,0,0
110.214,10822,0,31,1031.196268,128.698380,47.832708,1033.2044786384881,792.7977136540808,0,0,0
110.224,10823,0,31,1032.637037,130.409571,47.488054,1034.241832584571,795.3910984414869,0,0,0
110.234,10824,0,31,1034.312763,132.125194,47.139663999999996,1034.7605094798112,797.98448307329,0,0,0
110.244,10825,0,31,1036.923880,133.800920,46.78331,1035.279186375051,800.577867860696,0,0,0
110.254,10826,0,31,1038.754765,135.166326,46.422112999999996,1035.797863425894,802.652575597259,0,0,0
110.264,10827,0,31,1040.430491,136.646993,46.04959899999999,1036.3165403211342,805.2459603846651,0,0,0
110.274,10828,0,31,1042.026420,138.167559,45.67619,1036.835217216374,807.5800066466495,0,0,0
110.284,10829,0,31,1043.467189,139.608328,45.304291,1037.3538942672174,809.9140529086342,0,0,0
110.294,10830,0,31,1044.987755,141.164359,44.941855999999994,1037.8725711624572,811.9887606451972,0,0,0
110.304,10831,0,31,1046.313263,142.645027,44.58600199999999,1038.1319096100772,814.0634685373632,0,0,0
110.314,10832,0,31,1047.638770,144.280854,44.223338,1038.3912480576973,816.1381762739262,0,0,0
110.324,10833,0,31,1048.999743,145.726056,43.855109999999996,1038.9099251085402,818.4722225359108,0,0,0
110.334,10834,0,31,1050.170091,147.011666,43.493275999999994,1038.9099251085402,820.5469303502754,0,0,0
110.344,10835,0,31,1051.300541,148.297276,43.136232,1038.9099251085402,822.8809765344582,0,0,0
110.354,10836,0,31,1052.315729,149.463190,42.769667999999996,1039.16926355616,824.9556844266244,0,0,0
110.364,10837,0,31,1053.326484,150.748800,42.392419,1039.16926355616,826.7710537155673,0,0,0
110.374,10838,0,31,1054.807152,152.424525,42.014371,1039.16926355616,828.5864230045105,0,0,0
110.384,10839,0,31,1055.897703,153.984989,41.640792,1039.16926355616,830.6611307410734,0,0,0
110.394,10840,0,31,1056.988255,155.660715,41.273258,1039.16926355616,832.2171615823964,0,0,0
110.404,10841,0,31,1057.883748,157.021688,40.744206,1039.16926355616,834.0325309491409,0,0,0
110.414,10842,0,31,1058.743777,158.622050,40.402406,1039.16926355616,835.8479003158855,0,0,0
110.424,10843,0,31,1059.519576,160.102717,40.067581999999994,1039.16926355616,837.4039311572086,0,0,0
110.434,10844,0,31,1060.419502,161.543487,39.743218999999996,1039.16926355616,838.9599619985316,0,0,0
110.444,10845,0,31,1061.275098,162.829096,39.428394,1039.16926355616,840.7753312874746,0,0,0
110.454,10846,0,31,1062.130693,164.074808,39.120453,1039.16926355616,842.3313621287978,0,0,0
110.464,10847,0,31,1062.835562,165.320519,38.816109999999995,1039.16926355616,843.8873929701208,0,0,0
110.474,10848,0,31,1063.651259,166.530765,38.518611,1039.16926355616,845.4434238114437,0,0,0
110.484,10849,0,31,1064.316229,167.581418,38.226374,1039.16926355616,846.9994546527668,0,0,0
110.494,10850,0,31,1065.131926,168.671970,37.934946999999994,1039.16926355616,848.5554854940897,0,0,0
110.504,10851,0,31,1065.796897,169.802420,37.64266,1039.16926355616,850.1115163354127,0,0,0
110.514,10852,0,31,1066.537230,170.932869,37.353041999999995,1039.16926355616,851.4082087291158,0,0,0
110.524,10853,0,31,1067.197768,172.023421,37.074881999999995,1039.16926355616,852.7049010450173,0,0,0
110.534,10854,0,31,1067.938102,173.113973,36.807426,1039.16926355616,854.2609318863404,0,0,0
110.544,10855,0,31,1068.638537,174.089263,36.551238999999995,1039.16926355616,855.2982857546217,0,0,0
110.554,10856,0,31,1069.223711,174.829596,36.304604999999995,1039.16926355616,856.8543165959447,0,0,0
110.564,10857,0,31,1069.808885,175.804886,36.064415,1039.16926355616,857.8916705420279,0,0,0
110.574,10858,0,31,1070.429524,176.585118,35.835806999999996,1039.16926355616,858.9290244103094,0,0,0
110.584,10859,0,31,1071.134393,177.400815,35.621556999999996,1039.16926355616,860.4850552516323,0,0,0
110.594,10860,0,31,1071.679669,178.065786,35.417623,1039.4286020037803,861.522409119914,0,0,0
110.604,10861,0,31,1072.340206,178.646527,35.224726999999994,1039.6879404514002,862.5597630659969,0,0,0
110.614,10862,0,31,1072.965278,179.231701,35.049707999999995,1039.9472788990201,863.5971169342786,0,0,0
110.624,10863,0,31,1073.665714,179.816875,34.896679,1039.9472788990201,864.6344708025599,0,0,0
110.634,10864,0,31,1074.326251,180.246889,34.757960999999995,1039.9472788990201,865.1531477756016,0,0,0
110.644,10865,0,31,1074.836062,180.712368,34.623082999999994,1040.206617424442,866.190501643883,0,0,0
110.654,10866,0,31,1075.341439,181.142382,34.486635,1040.206617424442,867.227855589966,0,0,0
110.664,10867,0,31,1075.731555,181.572397,34.347243,1040.206617424442,867.746532485206,0,0,0
110.674,10868,0,31,1076.121671,181.882716,34.208493999999995,1040.206617424442,868.5245479836691,0,0,0
110.684,10869,0,31,1076.511787,182.312730,34.070868,1040.206617424442,869.3025633265289,0,0,0
110.694,10870,0,31,1076.897470,182.778210,33.938601999999996,1040.206617424442,869.8212402995706,0,0,0
110.704,10871,0,31,1077.327484,183.128427,33.804393999999995,1040.206617424442,870.3399172726122,0,0,0
110.714,10872,0,31,1077.717600,183.633805,33.666145,1040.206617424442,871.1179326154721,0,0,0
110.724,10873,0,31,1078.147614,184.063819,33.520297,1040.206617424442,871.8959481139351,0,0,0
110.734,10874,0,31,1078.652992,184.688891,33.369203,1040.206617424442,872.4146250091752,0,0,0
110.744,10875,0,31,1079.083006,185.154371,33.211745,1040.206617424442,873.4519789552581,0,0,0
110.754,10876,0,31,1079.468689,185.504588,33.048105,1040.206617424442,874.2299942981181,0,0,0
110.764,10877,0,31,1079.703645,186.089762,32.878527,1040.206617424442,875.0080097965812,0,0,0
110.774,10878,0,31,1080.209023,186.595140,32.706818,1040.206617424442,876.0453636648627,0,0,0
110.784,10879,0,31,1080.678935,187.025154,32.53392899999999,1040.206617424442,876.8233790855242,0,0,0
110.794,10880,0,31,1081.224211,187.490634,32.360020999999996,1040.206617424442,877.8607330316072,0,0,0
110.804,10881,0,31,1081.769487,187.880750,32.183567999999994,1040.206617424442,878.6387483744671,0,0,0
110.814,10882,0,31,1082.199501,188.270866,32.006184,1040.206617424442,879.6761023205503,0,0,0
110.824,10883,0,31,1082.664980,188.780676,31.825322,1040.206617424442,880.4541176634102,0,0,0
110.834,10884,0,31,1083.210256,189.361417,31.642365,1040.206617424442,881.4914716094933,0,0,0
110.844,10885,0,31,1083.795430,189.871228,31.456718000000002,1040.206617424442,882.5288255555763,0,0,0
110.854,10886,0,31,1084.225444,190.451969,31.267947,1040.206617424442,883.5661793460563,0,0,0
110.864,10887,0,31,1084.885982,191.037143,31.073253,1040.206617424442,884.6035332921393,0,0,0
110.874,10888,0,31,1085.511054,191.622317,30.869995,1040.206617424442,885.6408872382223,0,0,0
110.884,10889,0,31,1086.131693,192.362650,30.657517000000002,1040.206617424442,886.6782410287022,0,0,0
110.894,10890,0,31,1086.756765,193.142882,30.432891,1040.206617424442,887.9749334224053,0,0,0
110.904,10891,0,31,1087.417302,193.923114,30.194905000000002,1040.206617424442,889.0122873684883,0,0,0
110.914,10892,0,31,1088.082273,194.858506,29.945389000000002,1040.206617424442,890.5683182098113,0,0,0
110.924,10893,0,31,1088.782708,195.909159,29.686206000000002,1040.206617424442,891.8650106035144,0,0,0
110.934,10894,0,31,1089.523042,196.844551,29.421438000000002,1040.206617424442,893.1617029194159,0,0,0
110.944,10895,0,31,1090.183580,197.855306,29.155401,1040.206617424442,894.717733760739,0,0,0
110.954,10896,0,31,1091.003710,198.635538,28.887497,1040.206617424442,896.273764602062,0,0,0
110.964,10897,0,31,1091.823840,199.455668,28.614094,1040.206617424442,897.8297954433849,0,0,0
110.974,10898,0,31,1092.719333,200.351162,28.336126,1040.206617424442,899.1264877592865,0,0,0
110.984,10899,0,31,1093.535031,201.636771,28.055497,1040.206617424442,900.4231801529896,0,0,0
110.994,10900,0,31,1094.275364,203.157337,27.768237,1040.206617424442,901.9792109943126,0,0,0
111.004,10901,0,31,1095.055596,203.933136,27.471304,1040.206617424442,903.5352418356356,0,0,0
111.014,10902,0,31,1095.951090,205.063586,27.015916,1040.206617424442,905.0912726769586,0,0,0
111.024,10903,0,31,1096.846583,206.154137,26.707368,1040.206617424442,906.6473035182815,0,0,0
111.034,10904,0,31,1097.551452,207.324485,26.397000000000002,1040.206617424442,908.2033343596046,0,0,0
111.044,10905,0,31,1098.522309,208.375139,26.081409,1040.206617424442,909.7593652009277,0,0,0
111.054,10906,0,31,1099.417802,209.310530,25.761338000000002,1040.206617424442,911.3153960422508,0,0,0
111.064,10907,0,31,1100.317729,210.636038,25.436482,1040.206617424442,912.8714268835738,0,0,0
111.074,10908,0,31,1101.133426,211.416270,25.109343,1040.206617424442,914.6867961725168,0,0,0
111.084,10909,0,31,1101.993455,212.741778,24.777985,1040.206617424442,916.5021655392613,0,0,0
111.094,10910,0,31,1102.769253,213.987489,24.445994,1040.206617424442,918.0581963805844,0,0,0
111.104,10911,0,31,1103.589384,215.388360,24.114753,1040.206617424442,919.8735657473289,0,0,0
111.114,10912,0,31,1104.405081,216.598606,23.789462,1040.206617424442,921.429596588652,0,0,0
111.124,10913,0,31,1105.109949,217.844318,23.468890000000002,1040.206617424442,922.9856274299749,0,0,0
111.134,10914,0,31,1105.965545,219.129927,23.147928,1040.206617424442,925.0603351665379,0,0,0
111.144,10915,0,31,1107.056096,220.340174,22.824282,1040.206617424442,926.616366007861,0,0,0
111.154,10916,0,31,1107.836328,222.015899,22.497089,1040.206617424442,928.172396849184,0,0,0
111.164,10917,0,31,1108.616560,222.791698,22.170457,1040.206617424442,929.7284276905069,0,0,0
111.174,10918,0,31,1109.432257,223.962046,21.843367,1040.206617424442,931.2844585318301,0,0,0
111.184,10919,0,31,1110.172591,225.167859,21.516512000000002,1040.206617424442,933.0998278207729,0,0,0
111.194,10920,0,31,1110.992721,226.338207,21.19089,1040.206617424442,934.655858662096,0,0,0
111.204,10921,0,31,1111.888215,227.428758,20.863672,1040.206617424442,936.2118895034191,0,0,0
111.214,10922,0,31,1112.548752,228.639005,20.539477,1040.206617424442,937.7679203447423,0,0,0
111.224,10923,0,31,1113.639304,229.769454,20.218258000000002,1039.9472788990201,939.3239511860652,0,0,0
111.234,10924,0,31,1114.614594,230.895471,19.900409,1039.9472788990201,940.8799820273882,0,0,0
111.244,10925,0,31,1115.474622,231.715601,19.583341,1039.9472788990201,942.4360128687111,0,0,0
111.254,10926,0,31,1116.330217,232.730789,19.26959,1039.9472788990201,943.9920437100342,0,0,0
111.264,10927,0,31,1117.110449,233.821341,18.95965,1039.9472788990201,945.2887361037373,0,0,0
111.274,10928,0,31,1117.850783,234.871994,18.650896,1039.9472788990201,946.8447669450603,0,0,0
111.284,10929,0,31,1118.591117,235.922648,18.343424,1039.9472788990201,948.1414593387634,0,0,0
111.294,10930,0,31,1119.211756,237.363417,18.035403000000002,1039.9472788990201,949.4381517324663,0,0,0
111.304,10931,0,31,1119.916625,237.833329,17.729314000000002,1039.9472788990201,950.7348440483678,0,0,0
111.314,10932,0,31,1120.461900,239.158837,17.427717,1039.9472788990201,952.0315363642693,0,0,0
111.324,10933,0,31,1121.122438,240.404548,17.134897000000002,1039.9472788990201,953.3282287579724,0,0,0
111.334,10934,0,31,1121.667714,241.534998,16.852334,1039.9472788990201,954.3655827040553,0,0,0
111.344,10935,0,31,1122.292786,242.235434,16.582284,1039.9472788990201,955.402936572337,0,0,0
111.354,10936,0,31,1122.838061,243.210724,16.320848,1039.9472788990201,956.4402904406184,0,0,0
111.364,10937,0,31,1123.263643,244.146115,16.066591,1039.9472788990201,957.4776443867014,0,0,0
111.374,10938,0,31,1123.773453,245.001711,15.82269,1039.9472788990201,958.514998254983,0,0,0
111.384,10939,0,31,1124.278831,245.857306,15.595824,1039.9472788990201,959.5523521232643,0,0,0
111.394,10940,0,31,1124.708845,246.912393,15.385968,1039.9472788990201,960.5897060693476,0,0,0
111.404,10941,0,31,1125.134426,247.222712,15.187804,1039.9472788990201,961.3677214122075,0,0,0
111.414,10942,0,31,1125.564440,248.118206,14.996369000000001,1039.9472788990201,962.4050753582906,0,0,0
111.424,10943,0,31,1125.954556,248.703380,14.811401,1039.9472788990201,963.183090778952,0,0,0
111.434,10944,0,31,1126.304774,249.363917,14.637722,1039.9472788990201,963.7017677519935,0,0,0
111.444,10945,0,31,1126.694890,249.558975,14.470086,1039.9472788990201,964.4797830948535,0,0,0
111.454,10946,0,31,1126.965311,250.339207,14.312993,1039.9472788990201,965.2577985933166,0,0,0
111.464,10947,0,31,1127.315529,250.769221,14.158108,1039.9472788990201,965.7764754885566,0,0,0
111.474,10948,0,31,1127.550485,251.314497,14.009033,1039.9472788990201,966.295152461598,0,0,0
111.484,10949,0,31,1127.785442,251.859773,13.860001,1039.9472788990201,966.8138294346395,0,0,0
111.494,10950,0,31,1128.020398,252.365150,13.714375,1039.9472788990201,967.8511833029212,0,0,0
111.504,10951,0,31,1128.250921,252.755266,13.565174,1039.9472788990201,968.3698602759625,0,0,0
111.514,10952,0,31,1128.410514,253.260644,13.41464,1039.9472788990201,968.6291987235826,0,0,0
111.524,10953,0,31,1128.565674,253.730556,13.25932,1039.9472788990201,969.4072141442442,0,0,0
111.534,10954,0,31,1128.720833,254.196035,13.105275,1039.6879404514002,969.4072141442442,0,0,0
111.544,10955,0,31,1128.875993,254.626050,12.958301,1039.6879404514002,970.1852295649055,0,0,0
111.554,10956,0,31,1129.031153,255.016166,12.81767,1039.6879404514002,970.4445680125256,0,0,0
111.564,10957,0,31,1129.186313,255.446180,12.684352,1039.4286020037803,970.9632449855671,0,0,0
111.574,10958,0,31,1129.421269,255.796398,12.560599,1039.4286020037803,971.4819219586088,0,0,0
111.584,10959,0,31,1129.576429,256.146615,12.439961,1039.1692634783587,972.0005988538486,0,0,0
111.594,10960,0,31,1129.731588,256.731789,12.317277,1039.1692634783587,972.5192758268902,0,0,0
111.604,10961,0,31,1129.891181,256.962312,12.192653,1038.9099250307388,973.0379527999318,0,0,0
111.614,10962,0,31,1130.121704,257.197269,12.002043,1038.9099250307388,973.2972912475517,0,0,0
111.624,10963,0,31,1130.276864,257.432225,11.892019000000001,1038.9099250307388,973.5566296951715,0,0,0
111.634,10964,0,31,1130.436457,257.507588,11.795404000000001,1038.9099250307388,974.0753066682132,0,0,0
111.644,10965,0,31,1130.591617,257.587385,11.703605000000001,1038.9099250307388,974.5939836412548,0,0,0
111.654,10966,0,31,1130.746777,257.667181,11.618556,1038.9099250307388,974.8533220888748,0,0,0
111.664,10967,0,31,1130.981733,257.742544,11.5431,1038.9099250307388,975.1126605364947,0,0,0
111.674,10968,0,31,1131.136893,257.742544,11.466908,1038.6505865831189,975.6313375095361,0,0,0
111.684,10969,0,31,1131.292052,257.742544,11.3923,1038.6505865831189,975.8906760349578,0,0,0
111.694,10970,0,31,1131.371849,257.742544,11.327292,1038.6505865831189,975.8906760349578,0,0,0
111.704,10971,0,31,1131.447212,257.742544,11.272343000000001,1038.6505865831189,976.1500144825777,0,0,0
111.714,10972,0,31,1131.527009,257.742544,11.216050000000001,1038.3912480576973,976.4093529301978,0,0,0
111.724,10973,0,31,1131.602372,257.822341,11.157734000000001,1038.3912480576973,976.6686913778178,0,0,0
111.734,10974,0,31,1131.682168,257.897704,11.105124,1038.3912480576973,976.9280299032392,0,0,0
111.744,10975,0,31,1131.837328,257.977501,11.059475,1038.3912480576973,976.9280299032392,0,0,0
111.754,10976,0,31,1131.917125,258.052864,11.018446,1038.3912480576973,977.4467067984792,0,0,0
111.764,10977,0,31,1131.992488,258.052864,10.981286,1038.3912480576973,977.4467067984792,0,0,0
111.774,10978,0,31,1132.147648,258.132660,10.941502,1038.3912480576973,977.7060453239008,0,0,0
111.784,10979,0,31,1132.227444,258.287820,10.892191,1038.3912480576973,977.9653837715208,0,0,0
111.794,10980,0,31,1132.382604,258.367617,10.835992000000001,1038.3912480576973,977.9653837715208,0,0,0
111.804,10981,0,31,1132.537764,258.442980,10.783339,1038.3912480576973,978.2247222191409,0,0,0
111.814,10982,0,31,1132.617560,258.522776,10.730689,1038.3912480576973,978.2247222191409,0,0,0
111.824,10983,0,31,1132.772720,258.522776,10.674573,1038.3912480576973,978.7433991921823,0,0,0
111.834,10984,0,31,1132.848083,258.602573,10.614711,1038.1319096100772,979.0027376398021,0,0,0
111.844,10985,0,31,1133.007676,258.757733,10.546449,1038.1319096100772,979.2620761652238,0,0,0
111.854,10986,0,31,1133.162836,258.833096,10.465754,1038.1319096100772,979.7807530604638,0,0,0
111.864,10987,0,31,1133.397792,258.912892,10.382658000000001,1038.1319096100772,979.7807530604638,0,0,0
111.874,10988,0,31,1133.552952,258.988256,10.304458,1038.1319096100772,980.2994300335054,0,0,0
111.884,10989,0,31,1133.783475,258.988256,10.218222,1038.1319096100772,980.8181070065467,0,0,0
111.894,10990,0,31,1134.018431,259.147849,10.120679,1038.1319096100772,981.3367839017868,0,0,0
111.904,10991,0,31,1134.328751,259.147849,10.015601,1038.1319096100772,981.8554608748284,0,0,0
111.914,10992,0,31,1134.603605,259.223212,9.901588,1038.1319096100772,982.3741378478697,0,0,0
111.924,10993,0,31,1134.878460,259.303008,9.78527,1038.1319096100772,982.8928147431097,0,0,0
111.934,10994,0,31,1135.188779,259.378372,9.668567000000001,1038.1319096100772,983.4114917161514,0,0,0
111.944,10995,0,31,1135.499099,259.458168,9.543326,1038.1319096100772,984.1895071368128,0,0,0
111.954,10996,0,31,1135.849317,259.533532,9.406693,1038.1319096100772,984.9675225574744,0,0,0
111.964,10997,0,31,1136.239433,259.613328,9.26448,1038.1319096100772,985.4861995305159,0,0,0
111.974,10998,0,31,1136.549752,259.613328,9.118036,1038.1319096100772,986.0048764257558,0,0,0
111.984,10999,0,31,1136.904403,259.693124,8.970852,1038.1319096100772,986.7828919242189,0,0,0
111.994,11000,0,31,1137.329984,259.768488,8.822044,1038.1319096100772,987.5609072670788,0,0,0
112.004,11001,0,31,1137.799897,259.848284,8.673658,1038.1319096100772,988.0795842401203,0,0,0
112.014,11002,0,31,1138.225478,259.848284,8.525555,1038.1319096100772,989.116938108402,0,0,0
112.024,11003,0,31,1138.615594,259.848284,8.379247000000001,1038.1319096100772,989.6356150814433,0,0,0
112.034,11004,0,31,1139.045608,259.923648,8.234419,1038.1319096100772,990.672968949725,0,0,0
112.044,11005,0,31,1139.670680,260.078807,8.089695,1038.1319096100772,991.1916459227664,0,0,0
112.054,11006,0,31,1140.020898,260.158604,7.944405,1038.1319096100772,992.228999791048,0,0,0
112.064,11007,0,31,1140.526275,260.238400,7.79735,1038.1319096100772,992.7476767640896,0,0,0
112.074,11008,0,31,1140.991755,260.313764,7.651396999999999,1038.1319096100772,993.785030632371,0,0,0
112.084,11009,0,31,1141.346406,260.393560,7.503400999999999,1038.1319096100772,994.3037076054126,0,0,0
112.094,11010,0,31,1141.811885,260.468923,7.356665,1038.1319096100772,995.341061473694,0,0,0
112.104,11011,0,31,1142.241899,260.628516,7.213133,1038.1319096100772,995.8597384467356,0,0,0
112.114,11012,0,31,1142.667480,260.703880,7.071584,1038.1319096100772,996.897092315017,0,0,0
112.124,11013,0,31,1142.982233,260.859039,6.933498999999999,1038.1319096100772,997.4157692880585,0,0,0
112.134,11014,0,31,1143.372349,260.938836,6.801825999999999,1038.1319096100772,998.19378470872,0,0,0
112.144,11015,0,31,1143.837828,261.014199,6.679854,1038.1319096100772,998.9718001293816,0,0,0
112.154,11016,0,31,1144.227944,261.173792,6.564621,1038.1319096100772,999.7498155500431,0,0,0
112.164,11017,0,31,1144.657958,261.249155,6.454021,1038.1319096100772,1000.2684924452831,0,0,0
112.174,11018,0,31,1145.083539,261.484112,6.348921,1038.1319096100772,1001.0465079437462,0,0,0
112.184,11019,0,31,1145.668713,261.639271,6.2432799999999995,1038.1319096100772,1001.5651848389863,0,0,0
112.194,11020,0,31,1145.903670,261.794431,6.136441,1038.1319096100772,1002.3432003374492,0,0,0
112.204,11021,0,31,1146.524309,262.029387,6.024827999999999,1038.1319096100772,1003.1212156803092,0,0,0
112.214,11022,0,31,1146.914425,262.184547,5.907738999999999,1038.1319096100772,1003.6398926533506,0,0,0
112.224,11023,0,31,1147.304541,262.419503,5.783804,1038.1319096100772,1004.6772465216322,0,0,0
112.234,11024,0,31,1147.734555,262.654460,5.586481,1038.1319096100772,1005.1959234946737,0,0,0
112.244,11025,0,31,1148.084773,262.884983,5.449134,1038.1319096100772,1006.2332773629552,0,0,0
112.254,11026,0,31,1148.550252,263.040142,5.310543,1038.1319096100772,1006.7519543359969,0,0,0
112.264,11027,0,31,1148.940368,263.275099,5.171322999999999,1038.1319096100772,1007.7893082042782,0,0,0
112.274,11028,0,31,1149.450179,263.510055,5.033710999999999,1038.1319096100772,1008.3079851773198,0,0,0
112.284,11029,0,31,1149.875760,263.665215,4.90232,1038.1319096100772,1009.3453390456012,0,0,0
112.294,11030,0,31,1150.421036,263.900171,4.775824999999999,1038.1319096100772,1009.8640160186428,0,0,0
112.304,11031,0,31,1150.851050,264.135127,4.65445,1038.1319096100772,1010.6420314393043,0,0,0
112.314,11032,0,31,1151.396326,264.365650,4.5391449999999995,1038.1319096100772,1011.4200468599657,0,0,0
112.324,11033,0,31,1151.826340,264.520810,4.424747999999999,1038.1319096100772,1012.1980622806273,0,0,0
112.334,11034,0,31,1152.371616,264.755766,4.306216,1038.1319096100772,1012.9760777012888,0,0,0
112.344,11035,0,31,1152.797197,264.910926,4.183844,1038.1319096100772,1013.4947546743304,0,0,0
112.354,11036,0,31,1153.382371,265.066086,4.057455,1038.1319096100772,1014.5321085426118,0,0,0
112.364,11037,0,31,1154.007443,265.225679,3.927388,1038.1319096100772,1015.3101239632734,0,0,0
112.374,11038,0,31,1154.592617,265.380838,3.791659,1038.1319096100772,1016.0881393839347,0,0,0
112.384,11039,0,31,1155.177791,265.535998,3.651064,1038.1319096100772,1017.1254932522164,0,0,0
112.394,11040,0,31,1155.723067,265.615795,3.505726,1038.1319096100772,1017.9035086728778,0,0,0
112.404,11041,0,31,1156.383604,265.770954,3.3571910000000003,1038.1319096100772,1018.6815240935395,0,0,0
112.414,11042,0,31,1156.968778,265.926114,3.206957,1038.1319096100772,1019.7188780396224,0,0,0
112.424,11043,0,31,1157.669213,266.001477,3.055299,1038.1319096100772,1020.756231907904,0,0,0
112.434,11044,0,31,1158.214489,266.081274,2.901816,1038.1319096100772,1021.7935857761854,0,0,0
112.444,11045,0,31,1158.839561,266.161070,2.748151,1038.1319096100772,1022.312262749227,0,0,0
112.454,11046,0,31,1159.384837,266.161070,2.5959790000000003,1038.1319096100772,1023.3496166175083,0,0,0
112.464,11047,0,31,1160.005476,266.161070,2.44874,1038.1319096100772,1024.12763203817,0,0,0
112.474,11048,0,31,1160.475389,266.196535,2.305924,1038.1319096100772,1024.9056474588315,0,0,0
112.484,11049,0,31,1160.980766,266.196535,2.167563,1038.1319096100772,1025.9430014049146,0,0,0
112.494,11050,0,31,1161.605838,266.196535,2.037443,1038.1319096100772,1026.721016825576,0,0,0
112.504,11051,0,31,1162.226478,266.196535,1.915864,1038.1319096100772,1027.4990322462377,0,0,0
112.514,11052,0,31,1162.736288,266.196535,1.8012970000000001,1038.1319096100772,1028.277047666899,0,0,0
112.524,11053,0,31,1163.241666,266.196535,1.695168,1038.3912481354987,1029.0550630875605,0,0,0
112.534,11054,0,31,1163.671680,266.196535,1.596302,1038.3912481354987,1029.8330785082221,0,0,0
112.544,11055,0,31,1164.177057,266.196535,1.503678,1038.3912481354987,1030.6110939288835,0,0,0
112.554,11056,0,31,1164.567173,266.196535,1.418954,1038.3912481354987,1031.3891093495452,0,0,0
112.564,11057,0,31,1164.957289,266.196535,1.343977,1038.6505865831189,1031.6484477971653,0,0,0
112.574,11058,0,31,1165.187813,266.196535,1.2789570000000001,1038.6505865831189,1032.4264632178265,0,0,0
112.584,11059,0,31,1165.422769,266.196535,1.2242330000000001,1038.6505865831189,1032.4264632178265,0,0,0
112.594,11060,0,31,1165.577929,266.161070,1.175705,1038.9099250307388,1032.6858016654467,0,0,0
112.604,11061,0,31,1165.733088,266.161070,1.132273,1038.9099250307388,1032.9451401908682,0,0,0
112.614,11062,0,31,1165.812885,266.161070,1.0972380000000002,1038.9099250307388,1032.9451401908682,0,0,0
112.624,11063,0,31,1165.812885,266.121172,1.069171,1038.9099250307388,1032.9451401908682,0,0,0
112.634,11064,0,31,1165.892681,266.121172,1.0440090000000002,1038.9099250307388,1033.2044786384881,0,0,0
112.644,11065,0,31,1165.892681,266.121172,1.0227810000000002,1038.9099250307388,1033.463817086108,0,0,0
112.654,11066,0,31,1165.968045,266.121172,1.003509,1038.9099250307388,1033.463817086108,0,0,0
112.664,11067,0,31,1165.968045,266.121172,0.987904,1038.9099250307388,1033.463817086108,0,0,0
112.674,11068,0,31,1165.968045,266.121172,0.981137,1038.9099250307388,1033.463817086108,0,0,0
112.684,11069,0,31,1165.968045,266.121172,0.987265,1038.9099250307388,1033.463817086108,0,0,0
112.694,11070,0,31,1165.968045,266.121172,1.0039660000000001,1038.9099250307388,1033.463817086108,0,0,0
112.704,11071,0,31,1165.968045,266.081274,1.026412,1038.9099250307388,1033.463817086108,0,0,0
112.714,11072,0,31,1165.968045,266.001477,1.057852,1038.9099250307388,1033.463817086108,0,0,0
112.724,11073,0,31,1165.968045,266.001477,1.0955480000000002,1038.9099250307388,1033.2044786384881,0,0,0
112.734,11074,0,31,1165.892681,266.001477,1.134884,1038.9099250307388,1033.2044786384881,0,0,0
112.744,11075,0,31,1165.892681,266.001477,1.169907,1038.9099250307388,1033.2044786384881,0,0,0
112.754,11076,0,31,1165.892681,266.001477,1.198517,1038.6505865831189,1033.2044786384881,0,0,0
112.764,11077,0,31,1165.733088,266.001477,1.2189260000000002,1038.6505865831189,1033.2044786384881,0,0,0
112.774,11078,0,31,1165.577929,266.001477,1.2313740000000002,1038.6505865831189,1033.2044786384881,0,0,0
112.784,11079,0,31,1165.422769,266.001477,1.2379790000000002,1038.6505865831189,1033.2044786384881,0,0,0
112.794,11080,0,31,1165.267609,266.001477,1.238031,1038.6505865831189,1033.2044786384881,0,0,0
112.804,11081,0,31,1165.112449,266.001477,1.2337390000000001,1038.6505865831189,1033.2044786384881,0,0,0
112.814,11082,0,31,1164.957289,266.001477,1.223695,1038.6505865831189,1033.2044786384881,0,0,0
112.824,11083,0,31,1164.722333,266.001477,1.211554,1038.6505865831189,1033.2044786384881,0,0,0
112.834,11084,0,31,1164.567173,266.001477,1.20028,1038.6505865831189,1033.2044786384881,0,0,0
112.844,11085,0,31,1164.412014,266.001477,1.188088,1038.6505865831189,1033.2044786384881,0,0,0
112.854,11086,0,31,1164.252421,266.001477,1.185143,1038.6505865831189,1033.2044786384881,0,0,0
112.864,11087,0,31,1164.097261,266.001477,1.185349,1038.6505865831189,1033.2044786384881,0,0,0
112.874,11088,0,31,1163.942101,266.001477,1.189164,1038.6505865831189,1033.2044786384881,0,0,0
112.884,11089,0,31,1163.866738,266.001477,1.194001,1038.6505865831189,1033.2044786384881,0,0,0
112.894,11090,0,31,1163.707145,266.001477,1.199596,1038.6505865831189,1033.2044786384881,0,0,0
112.904,11091,0,31,1163.631782,266.001477,1.2057490000000002,1038.6505865831189,1033.2044786384881,0,0,0
112.914,11092,0,31,1163.631782,266.001477,1.2107560000000002,1038.6505865831189,1033.2044786384881,0,0,0
112.924,11093,0,31,1163.631782,266.001477,1.210968,1038.6505865831189,1033.2044786384881,0,0,0
112.934,11094,0,31,1163.551985,265.966012,1.209243,1038.6505865831189,1033.2044786384881,0,0,0
112.944,11095,0,31,1163.551985,265.966012,1.203538,1038.6505865831189,1033.2044786384881,0,0,0
112.954,11096,0,31,1163.551985,265.966012,1.198717,1038.6505865831189,1033.2044786384881,0,0,0
112.964,11097,0,31,1163.551985,265.966012,1.195734,1038.6505865831189,1033.2044786384881,0,0,0
112.974,11098,0,31,1163.551985,265.966012,1.1963730000000001,1038.6505865831189,1033.2044786384881,0,0,0
112.984,11099,0,31,1163.551985,265.966012,1.198449,1038.6505865831189,1033.2044786384881,0,0,0
112.994,11100,0,31,1163.591883,265.966012,1.202698,1038.6505865831189,1033.2044786384881,0,0,0
113.004,11101,0,31,1163.591883,265.966012,1.2081430000000002,1038.6505865831189,1033.2044786384881,0,0,0
113.014,11102,0,31,1163.591883,265.966012,1.2133800000000001,1038.6505865831189,1033.2044786384881,0,0,0
113.024,11103,0,31,1163.591883,265.966012,1.2179410000000002,1038.6505865831189,1033.2044786384881,0,0,0
113.034,11104,0,31,1163.591883,265.966012,1.2209720000000002,1038.6505865831189,1033.2044786384881,0,0,0
113.044,11105,0,31,1163.591883,265.966012,1.223697,1038.6505865831189,1033.2044786384881,0,0,0
113.054,11106,0,31,1163.591883,265.966012,1.223958,1038.6505865831189,1033.2044786384881,0,0,0
113.064,11107,0,31,1163.591883,265.966012,1.2244080000000002,1038.6505865831189,1033.2044786384881,0,0,0
113.074,11108,0,31,1163.591883,265.966012,1.220984,1038.6505865831189,1033.2044786384881,0,0,0
113.084,11109,0,31,1163.631782,265.966012,1.214919,1038.6505865831189,1033.2044786384881,0,0,0
113.094,11110,0,31,1163.631782,265.966012,1.208385,1038.6505865831189,1033.2044786384881,0,0,0
113.104,11111,0,31,1163.631782,265.966012,1.2037200000000001,1038.6505865831189,1033.2044786384881,0,0,0
113.114,11112,0,31,1163.631782,265.966012,1.20353,1038.6505865831189,1033.2044786384881,0,0,0
113.124,11113,0,31,1163.631782,265.966012,1.215084,1038.6505865831189,1033.2044786384881,0,0,0
113.134,11114,0,31,1163.551985,265.966012,1.222436,1038.6505865831189,1033.2044786384881,0,0,0
113.144,11115,0,31,1163.551985,265.966012,1.232299,1038.6505865831189,1033.2044786384881,0,0,0
113.154,11116,0,31,1163.551985,265.966012,1.24675,1038.6505865831189,1033.2044786384881,0,0,0
113.164,11117,0,31,1163.551985,265.966012,1.250799,1038.6505865831189,1033.2044786384881,0,0,0
113.174,11118,0,31,1163.551985,265.966012,1.2496550000000002,1038.6505865831189,1033.2044786384881,0,0,0
113.184,11119,0,31,1163.551985,265.966012,1.2486700000000002,1038.6505865831189,1033.2044786384881,0,0,0
113.194,11120,0,31,1163.591883,265.966012,1.2479060000000002,1038.6505865831189,1033.2044786384881,0,0,0
113.204,11121,0,31,1163.591883,265.966012,1.248397,1038.6505865831189,1033.2044786384881,0,0,0
113.214,11122,0,31,1163.671680,265.966012,1.2484870000000001,1038.6505865831189,1033.2044786384881,0,0,0
113.224,11123,0,31,1163.671680,265.966012,1.2500490000000002,1038.6505865831189,1033.2044786384881,0,0,0
113.234,11124,0,31,1163.747043,265.966012,1.251505,1038.6505865831189,1033.2044786384881,0,0,0
113.244,11125,0,31,1163.747043,265.966012,1.249648,1038.6505865831189,1033.2044786384881,0,0,0
113.254,11126,0,31,1163.747043,265.966012,1.252555,1038.6505865831189,1033.2044786384881,0,0,0
113.264,11127,0,31,1163.747043,265.966012,1.2530080000000001,1038.6505865831189,1033.2044786384881,0,0,0
113.274,11128,0,31,1163.707145,265.966012,1.252431,1038.6505865831189,1033.2044786384881,0,0,0
113.284,11129,0,31,1163.707145,265.966012,1.25191,1038.6505865831189,1033.2044786384881,0,0,0
113.294,11130,0,31,1163.707145,265.966012,1.251298,1038.6505865831189,1033.2044786384881,0,0,0
113.304,11131,0,31,1163.707145,265.966012,1.248904,1038.6505865831189,1033.2044786384881,0,0,0
113.314,11132,0,31,1163.707145,265.966012,1.2434450000000001,1038.6505865831189,1033.2044786384881,0,0,0
113.324,11133,0,31,1163.707145,265.966012,1.238544,1038.6505865831189,1033.2044786384881,0,0,0
113.334,11134,0,31,1163.707145,265.966012,1.233665,1038.6505865831189,1033.2044786384881,0,0,0
113.344,11135,0,31,1163.707145,265.966012,1.229776,1038.6505865831189,1033.2044786384881,0,0,0
113.354,11136,0,31,1163.707145,265.966012,1.2248320000000001,1038.6505865831189,1033.2044786384881,0,0,0
113.364,11137,0,31,1163.707145,265.966012,1.218121,1038.6505865831189,1033.2044786384881,0,0,0
113.374,11138,0,31,1163.707145,265.966012,1.2095710000000002,1038.6505865831189,1033.2044786384881,0,0,0
113.384,11139,0,31,1163.786941,265.966012,1.2012850000000002,1038.6505865831189,1033.2044786384881,0,0,0
113.394,11140,0,31,1163.866738,265.966012,1.194542,1038.6505865831189,1033.2044786384881,0,0,0
113.404,11141,0,31,1164.021898,265.966012,1.1896600000000002,1038.6505865831189,1033.2044786384881,0,0,0
113.414,11142,0,31,1164.097261,265.966012,1.186498,1038.6505865831189,1033.2044786384881,0,0,0
113.424,11143,0,31,1164.252421,265.966012,1.18652,1038.6505865831189,1033.2044786384881,0,0,0
113.434,11144,0,31,1164.332217,265.966012,1.1868940000000001,1038.6505865831189,1033.2044786384881,0,0,0
113.444,11145,0,31,1164.487377,265.966012,1.1875470000000001,1038.6505865831189,1033.2044786384881,0,0,0
113.454,11146,0,31,1164.722333,265.966012,1.1873360000000002,1038.6505865831189,1033.2044786384881,0,0,0
113.464,11147,0,31,1164.877493,265.966012,1.186736,1038.6505865831189,1033.2044786384881,0,0,0
113.474,11148,0,31,1165.032653,265.966012,1.185761,1038.6505865831189,1033.2044786384881,0,0,0
113.484,11149,0,31,1165.267609,265.966012,1.1800810000000002,1038.6505865831189,1033.2044786384881,0,0,0
113.494,11150,0,31,1165.577929,265.966012,1.17381,1038.6505865831189,1033.2044786384881,0,0,0
113.504,11151,0,31,1165.772987,265.966012,1.167208,1038.6505865831189,1033.2044786384881,0,0,0
113.514,11152,0,31,1166.007943,265.966012,1.160184,1038.6505865831189,1033.2044786384881,0,0,0
113.524,11153,0,31,1166.242899,266.001477,1.150956,1038.6505865831189,1033.2044786384881,0,0,0
113.534,11154,0,31,1166.473422,266.001477,1.137226,1038.6505865831189,1033.2044786384881,0,0,0
113.544,11155,0,31,1166.633015,266.001477,1.121459,1038.9099250307388,1033.2044786384881,0,0,0
113.554,11156,0,31,1166.788175,266.001477,1.1095300000000001,1038.9099250307388,1033.463817086108,0,0,0
113.564,11157,0,31,1166.943335,266.041376,1.1016920000000001,1039.1692634783587,1033.463817086108,0,0,0
113.574,11158,0,31,1167.098494,266.041376,1.100162,1039.1692634783587,1033.463817086108,0,0,0
113.584,11159,0,31,1167.178291,266.041376,1.10661,1039.4286020037803,1033.7231556115296,0,0,0
113.594,11160,0,31,1167.253654,266.041376,1.115032,1039.4286020037803,1033.7231556115296,0,0,0
113.604,11161,0,31,1167.333451,266.041376,1.120158,1039.4286020037803,1033.9824940591495,0,0,0
113.614,11162,0,31,1167.333451,266.041376,1.121707,1039.4286020037803,1033.9824940591495,0,0,0
113.624,11163,0,31,1167.408814,266.041376,1.121936,1039.4286020037803,1033.9824940591495,0,0,0
113.634,11164,0,31,1167.408814,266.041376,1.1221070000000002,1039.4286020037803,1034.2418325067697,0,0,0
113.644,11165,0,31,1167.408814,266.041376,1.1231030000000002,1039.4286020037803,1034.2418325067697,0,0,0
113.654,11166,0,31,1167.408814,266.041376,1.12254,1039.4286020037803,1034.2418325067697,0,0,0
113.664,11167,0,31,1167.408814,266.041376,1.120266,1039.4286020037803,1034.2418325067697,0,0,0
113.674,11168,0,31,1167.408814,266.041376,1.11622,1039.4286020037803,1034.2418325067697,0,0,0
113.684,11169,0,31,1167.408814,266.041376,1.1124290000000001,1039.4286020037803,1034.2418325067697,0,0,0
113.694,11170,0,31,1167.408814,266.041376,1.108432,1039.4286020037803,1034.2418325067697,0,0,0
113.704,11171,0,31,1167.408814,266.041376,1.1061560000000001,1039.4286020037803,1034.2418325067697,0,0,0
113.714,11172,0,31,1167.408814,266.041376,1.102371,1039.4286020037803,1034.2418325067697,0,0,0
113.724,11173,0,31,1167.408814,266.041376,1.101221,1039.4286020037803,1034.2418325067697,0,0,0
113.734,11174,0,31,1167.408814,266.041376,1.1008060000000002,1039.4286020037803,1034.2418325067697,0,0,0
113.744,11175,0,31,1167.408814,266.041376,1.100282,1039.4286020037803,1034.2418325067697,0,0,0
113.754,11176,0,31,1167.408814,266.041376,1.0969,1039.4286020037803,1034.2418325067697,0,0,0
113.764,11177,0,31,1167.408814,266.041376,1.091766,1039.4286020037803,1034.2418325067697,0,0,0
113.774,11178,0,31,1167.408814,266.041376,1.083707,1039.4286020037803,1034.2418325067697,0,0,0
113.784,11179,0,31,1167.408814,266.041376,1.0730110000000002,1039.4286020037803,1034.2418325067697,0,0,0
113.794,11180,0,31,1167.488610,266.041376,1.059485,1039.4286020037803,1034.2418325067697,0,0,0
113.804,11181,0,31,1167.488610,266.041376,1.0428890000000002,1039.4286020037803,1034.2418325067697,0,0,0
113.814,11182,0,31,1167.568407,266.041376,1.022976,1039.4286020037803,1034.5011710321912,0,0,0
113.824,11183,0,31,1167.643770,266.041376,0.998101,1039.4286020037803,1034.5011710321912,0,0,0
113.834,11184,0,31,1167.723567,266.041376,0.97006,1039.4286020037803,1034.7605094798112,0,0,0
113.844,11185,0,31,1167.798930,266.041376,0.939608,1039.4286020037803,1035.0198479274313,0,0,0
113.854,11186,0,31,1167.878726,266.041376,0.9065639999999999,1039.4286020037803,1035.2791864528526,0,0,0
113.864,11187,0,31,1168.033886,266.081274,0.8753259999999999,1039.4286020037803,1035.2791864528526,0,0,0
113.874,11188,0,31,1168.113683,266.081274,0.8468979999999999,1039.4286020037803,1035.2791864528526,0,0,0
113.884,11189,0,31,1168.268842,266.161070,0.8191879999999999,1039.4286020037803,1035.5385249004726,0,0,0
113.894,11190,0,31,1168.344206,266.161070,0.792995,1039.4286020037803,1036.0572018735143,0,0,0
113.904,11191,0,31,1168.499365,266.236434,0.768222,1039.4286020037803,1036.0572018735143,0,0,0
113.914,11192,0,31,1168.734322,266.316230,0.739943,1039.4286020037803,1036.3165403211342,0,0,0
113.924,11193,0,31,1168.889481,266.391593,0.7080179999999999,1039.6879404514002,1036.5758788465557,0,0,0
113.934,11194,0,31,1169.049074,266.391593,0.678708,1039.6879404514002,1036.835217294176,0,0,0
113.944,11195,0,31,1169.124438,266.471390,0.648501,1039.9472788990201,1037.0945557417956,0,0,0
113.954,11196,0,31,1169.319496,266.546753,0.620892,1039.9472788990201,1037.3538942672174,0,0,0
113.964,11197,0,31,1169.474655,266.546753,0.598471,1039.9472788990201,1037.613232714837,0,0,0
113.974,11198,0,31,1169.709612,266.626550,0.572205,1040.206617424442,1037.8725711624572,0,0,0
113.984,11199,0,31,1169.944568,266.626550,0.542461,1040.206617424442,1037.8725711624572,0,0,0
113.994,11200,0,31,1170.099728,266.706346,0.516075,1040.206617424442,1038.1319096100772,0,0,0
114.004,11201,0,31,1170.254887,266.781709,0.4897699999999999,1040.206617424442,1038.6505865831189,0,0,0
114.014,11202,0,31,1170.334684,266.861506,0.45791899999999996,1040.206617424442,1038.9099250307388,0,0,0
114.024,11203,0,31,1170.565207,267.016666,0.413817,1040.206617424442,1039.1692634783587,0,0,0
114.034,11204,0,31,1170.800163,267.171825,0.365456,1040.206617424442,1039.4286020037803,0,0,0
114.044,11205,0,31,1170.955323,267.171825,0.31959400000000004,1040.4659558720618,1039.9472789768217,0,0,0
114.054,11206,0,31,1171.190279,267.326985,0.24045799999999998,1040.7252943974834,1040.4659558720618,0,0,0
114.064,11207,0,31,1171.500599,267.482145,0.187413,1040.984632845103,1040.7252943974834,0,0,0
114.074,11208,0,31,1171.775453,267.641738,0.139922,1040.984632845103,1040.7252943974834,0,0,0
114.084,11209,0,31,1172.085773,267.796898,0.09154599999999999,1041.2439712927232,1041.5033098181448,0,0,0
114.094,11210,0,31,1172.396092,268.027421,0.038578,1041.5033097403432,1041.7626482657647,0,0,0
114.104,11211,0,31,1172.631048,268.187014,-0.010162000000000001,1041.5033097403432,1042.2813251610048,0,0,0
114.114,11212,0,31,1172.941368,268.342173,-0.065269,1041.5033097403432,1043.0593406594678,0,0,0
114.124,11213,0,31,1173.296019,268.497333,-0.12712400000000001,1041.7626482657647,1043.0593406594678,0,0,0
114.134,11214,0,31,1173.566440,268.652493,-0.188184,1041.7626482657647,1043.3186791070877,0,0,0
114.144,11215,0,31,1173.916658,268.887449,-0.243226,1042.0219867133849,1043.8373560801294,0,0,0
114.154,11216,0,31,1174.226977,269.122405,-0.30286,1042.2813252388062,1044.356033053171,0,0,0
114.164,11217,0,31,1174.541730,269.277565,-0.356058,1042.2813252388062,1044.8747099484108,0,0,0
114.174,11218,0,31,1174.852050,269.432725,-0.40553700000000004,1042.5406636864263,1045.6527253690724,0,0,0
114.184,11219,0,31,1175.162369,269.743044,-0.46339699999999995,1042.5406636864263,1046.1714023421137,0,0,0
114.194,11220,0,31,1175.592383,269.898204,-0.528038,1042.8000021340463,1046.6900792373538,0,0,0
114.204,11221,0,31,1175.982499,270.053364,-0.597937,1042.8000021340463,1046.9494177627753,0,0,0
114.214,11222,0,31,1176.372615,270.288320,-0.6725450000000001,1042.8000021340463,1047.4680946580154,0,0,0
114.224,11223,0,31,1176.682935,270.443480,-0.749749,1042.8000021340463,1047.727433183437,0,0,0
114.234,11224,0,31,1176.997688,270.718334,-0.8241200000000001,1043.3186791070877,1048.5054485262967,0,0,0
114.244,11225,0,31,1177.308007,270.873494,-0.884398,1043.3186791070877,1049.02412557714,0,0,0
114.254,11226,0,31,1177.658225,271.028654,-0.942601,1043.8373560801294,1049.54280247238,0,0,0
114.264,11227,0,31,1178.088239,271.108450,-0.9919140000000001,1043.8373560801294,1050.0614794454214,0,0,0
114.274,11228,0,31,1178.398559,271.183814,-1.030422,1044.0966945277494,1050.5801563406615,0,0,0
114.284,11229,0,31,1178.788675,271.263610,-1.0671329999999999,1044.356032975369,1050.839494866083,0,0,0
114.294,11230,0,31,1179.098994,271.263610,-1.0962239999999999,1044.356032975369,1051.098833313703,0,0,0
114.304,11231,0,31,1179.489110,271.263610,-1.109067,1044.8747099484108,1051.3581717613229,0,0,0
114.314,11232,0,31,1179.839328,271.303508,-1.104218,1045.3933869214525,1051.8768487343643,0,0,0
114.324,11233,0,31,1180.149648,271.303508,-1.0760239999999999,1045.6527253690722,1052.1361872597859,0,0,0
114.334,11234,0,31,1180.539764,271.303508,-1.039467,1046.1714022643123,1052.654864155026,0,0,0
114.344,11235,0,31,1180.854516,271.303508,-1.007093,1046.6900793151553,1052.914202602646,0,0,0
114.354,11236,0,31,1181.280097,271.303508,-0.9704550000000001,1046.9494177627753,1053.1735411280674,0,0,0
114.364,11237,0,31,1181.594850,271.303508,-0.93557,1047.4680946580154,1053.4328795756874,0,0,0
114.374,11238,0,31,1181.945068,271.263610,-0.902628,1048.2461101564784,1053.4328795756874,0,0,0
114.384,11239,0,31,1182.255387,271.263610,-0.8697750000000001,1048.7647870517185,1053.951556548729,0,0,0
114.394,11240,0,31,1182.685402,271.263610,-0.847275,1049.2834639469584,1054.210894996349,0,0,0
114.404,11241,0,31,1182.995721,271.263610,-0.827686,1049.54280247238,1054.7295718915889,0,0,0
114.414,11242,0,31,1183.385837,271.263610,-0.803593,1049.54280247238,1054.7295718915889,0,0,0
114.424,11243,0,31,1183.696157,271.263610,-0.787301,1050.0614794454214,1055.2482488646303,0,0,0
114.434,11244,0,31,1183.891215,271.263610,-0.7862950000000001,1050.3208178930413,1055.5075873900519,0,0,0
114.444,11245,0,31,1184.201534,271.263610,-0.783319,1050.5801563406615,1056.026264285292,0,0,0
114.454,11246,0,31,1184.476389,271.263610,-0.787664,1050.8394947882814,1056.026264285292,0,0,0
114.464,11247,0,31,1184.631548,271.263610,-0.791578,1051.098833313703,1056.026264285292,0,0,0
114.474,11248,0,31,1184.786708,271.263610,-0.789686,1051.098833313703,1056.5449412583334,0,0,0
114.484,11249,0,31,1184.941868,271.263610,-0.790115,1051.3581718391245,1056.5449412583334,0,0,0
114.494,11250,0,31,1185.021664,271.263610,-0.7912480000000001,1051.3581718391245,1056.804279783755,0,0,0
114.504,11251,0,31,1185.176824,271.263610,-0.788424,1051.3581718391245,1056.804279783755,0,0,0
114.514,11252,0,31,1185.256621,271.263610,-0.7825340000000001,1051.3581718391245,1056.804279783755,0,0,0
114.524,11253,0,31,1185.256621,271.263610,-0.775715,1051.3581718391245,1056.804279783755,0,0,0
114.534,11254,0,31,1185.256621,271.263610,-0.768723,1051.3581718391245,1056.804279783755,0,0,0
114.544,11255,0,31,1185.296519,271.263610,-0.761899,1051.3581718391245,1056.804279783755,0,0,0
114.554,11256,0,31,1185.296519,271.263610,-0.7550290000000001,1051.3581718391245,1056.804279783755,0,0,0
114.564,11257,0,31,1185.296519,271.263610,-0.7483690000000001,1051.3581718391245,1056.804279783755,0,0,0
114.574,11258,0,31,1185.296519,271.263610,-0.743087,1051.3581718391245,1056.804279783755,0,0,0
114.584,11259,0,31,1185.296519,271.263610,-0.736295,1051.3581718391245,1056.804279783755,0,0,0
114.594,11260,0,31,1185.296519,271.263610,-0.7269880000000001,1051.6175102867444,1056.804279783755,0,0,0
114.604,11261,0,31,1185.371882,271.263610,-0.715673,1051.6175102867444,1056.804279783755,0,0,0
114.614,11262,0,31,1185.371882,271.263610,-0.703611,1051.6175102867444,1056.804279783755,0,0,0
114.624,11263,0,31,1185.371882,271.263610,-0.690083,1051.8768487343643,1056.804279783755,0,0,0
114.634,11264,0,31,1185.451679,271.223712,-0.673251,1051.8768487343643,1056.804279783755,0,0,0
114.644,11265,0,31,1185.527042,271.223712,-0.650615,1052.1361871819845,1056.804279783755,0,0,0
114.654,11266,0,31,1185.606838,271.223712,-0.61948,1052.654864155026,1056.804279783755,0,0,0
114.664,11267,0,31,1185.761998,271.223712,-0.554049,1052.654864155026,1056.804279783755,0,0,0
114.674,11268,0,31,1185.841795,271.223712,-0.504393,1052.9142026804475,1056.804279783755,0,0,0
114.684,11269,0,31,1185.917158,271.223712,-0.45854700000000004,1052.9142026804475,1056.804279783755,0,0,0
114.694,11270,0,31,1185.996954,271.223712,-0.418265,1053.1735411280674,1056.804279783755,0,0,0
114.704,11271,0,31,1186.072318,271.223712,-0.38202800000000003,1053.4328795756874,1056.804279783755,0,0,0
114.714,11272,0,31,1186.152114,271.223712,-0.34442399999999995,1053.6922180233073,1056.804279783755,0,0,0
114.724,11273,0,31,1186.231911,271.223712,-0.30173000000000005,1053.9515564709275,1056.804279783755,0,0,0
114.734,11274,0,31,1186.387070,271.223712,-0.25763199999999997,1053.9515564709275,1056.804279783755,0,0,0
114.744,11275,0,31,1186.387070,271.223712,-0.219456,1053.9515564709275,1056.804279783755,0,0,0
114.754,11276,0,31,1186.462434,271.223712,-0.190153,1054.210894996349,1056.804279783755,0,0,0
114.764,11277,0,31,1186.462434,271.223712,-0.168789,1054.4702335217705,1056.804279783755,0,0,0
114.774,11278,0,31,1186.542230,271.223712,-0.150356,1054.4702335217705,1056.804279783755,0,0,0
114.784,11279,0,31,1186.617593,271.223712,-0.133071,1054.7295719693905,1056.804279783755,0,0,0
114.794,11280,0,31,1186.617593,271.223712,-0.115567,1054.7295719693905,1056.804279783755,0,0,0
114.804,11281,0,31,1186.697390,271.223712,-0.100029,1054.9889104170104,1056.804279783755,0,0,0
114.814,11282,0,31,1186.697390,271.223712,-0.086853,1055.2482488646303,1056.804279783755,0,0,0
114.824,11283,0,31,1186.777186,271.223712,-0.074144,1055.2482488646303,1056.804279783755,0,0,0
114.834,11284,0,31,1186.777186,271.223712,-0.061674,1055.2482488646303,1056.804279783755,0,0,0
114.844,11285,0,31,1186.777186,271.223712,-0.052249000000000004,1055.2482488646303,1056.804279783755,0,0,0
114.854,11286,0,31,1186.777186,271.223712,-0.049874,1055.2482488646303,1056.804279783755,0,0,0
114.864,11287,0,31,1186.777186,271.223712,-0.051926,1055.2482488646303,1056.804279783755,0,0,0
114.874,11288,0,31,1186.777186,271.223712,-0.055932,1055.2482488646303,1056.804279783755,0,0,0
114.884,11289,0,31,1186.777186,271.223712,-0.058587,1055.2482488646303,1056.804279783755,0,0,0
114.894,11290,0,31,1186.777186,271.223712,-0.059281,1055.2482488646303,1056.804279783755,0,0,0
114.904,11291,0,31,1186.777186,271.223712,-0.059958,1055.2482488646303,1056.804279783755,0,0,0
114.914,11292,0,31,1186.777186,271.223712,-0.060898,1055.2482488646303,1056.804279783755,0,0,0
114.924,11293,0,31,1186.777186,271.223712,-0.061909000000000006,1055.2482488646303,1056.804279783755,0,0,0
114.934,11294,0,31,1186.777186,271.223712,-0.061639,1055.2482488646303,1056.804279783755,0,0,0
114.944,11295,0,31,1186.777186,271.223712,-0.061235,1055.2482488646303,1056.804279783755,0,0,0
114.954,11296,0,31,1186.777186,271.223712,-0.062275,1055.2482488646303,1056.804279783755,0,0,0
114.964,11297,0,31,1186.777186,271.223712,-0.063211,1055.2482488646303,1056.804279783755,0,0,0
114.974,11298,0,31,1186.777186,271.223712,-0.063318,1055.2482488646303,1056.804279783755,0,0,0
114.984,11299,0,31,1186.777186,271.223712,-0.062762,1055.2482488646303,1056.804279783755,0,0,0
114.994,11300,0,31,1186.777186,271.223712,-0.062344,1055.2482488646303,1056.804279783755,0,0,0
115.004,11301,0,31,1186.777186,271.223712,-0.0621,1055.2482488646303,1056.804279783755,0,0,0
115.014,11302,0,31,1186.777186,271.223712,-0.061774,1055.2482488646303,1056.804279783755,0,0,0
115.024,11303,0,31,1186.777186,271.223712,-0.061875,1055.2482488646303,1056.804279783755,0,0,0
115.034,11304,0,31,1186.777186,271.223712,-0.062421000000000004,1055.2482488646303,1056.804279783755,0,0,0
115.044,11305,0,31,1186.777186,271.223712,-0.06283,1055.2482488646303,1056.804279783755,0,0,0
115.054,11306,0,31,1186.777186,271.223712,-0.063328,1055.2482488646303,1056.804279783755,0,0,0
115.064,11307,0,31,1186.812651,271.223712,-0.065237,1055.2482488646303,1056.804279783755,0,0,0
115.074,11308,0,31,1186.812651,271.223712,-0.068512,1055.2482488646303,1056.804279783755,0,0,0
115.084,11309,0,31,1186.812651,271.223712,-0.071226,1055.2482488646303,1056.804279783755,0,0,0
115.094,11310,0,31,1186.812651,271.223712,-0.071636,1055.2482488646303,1056.804279783755,0,0,0
115.104,11311,0,31,1186.812651,271.223712,-0.070692,1055.2482488646303,1056.804279783755,0,0,0
115.114,11312,0,31,1186.812651,271.223712,-0.07008,1055.2482488646303,1056.804279783755,0,0,0
115.124,11313,0,31,1186.812651,271.223712,-0.07000200000000001,1055.2482488646303,1056.804279783755,0,0,0
115.134,11314,0,31,1186.812651,271.223712,-0.070314,1055.2482488646303,1056.804279783755,0,0,0
115.144,11315,0,31,1186.812651,271.223712,-0.070582,1055.2482488646303,1056.804279783755,0,0,0
115.154,11316,0,31,1186.812651,271.223712,-0.070634,1055.2482488646303,1056.804279783755,0,0,0
115.164,11317,0,31,1186.812651,271.223712,-0.072255,1055.2482488646303,1056.804279783755,0,0,0
115.174,11318,0,31,1186.812651,271.223712,-0.075796,1055.2482488646303,1056.804279783755,0,0,0
115.184,11319,0,31,1186.812651,271.223712,-0.07905200000000001,1055.2482488646303,1056.804279783755,0,0,0
115.194,11320,0,31,1186.812651,271.223712,-0.079086,1055.2482488646303,1056.804279783755,0,0,0
115.204,11321,0,31,1186.852550,271.223712,-0.079978,1055.2482488646303,1056.804279783755,0,0,0
115.214,11322,0,31,1186.852550,271.223712,-0.082083,1055.2482488646303,1056.804279783755,0,0,0
115.224,11323,0,31,1186.852550,271.223712,-0.081473,1055.2482488646303,1056.804279783755,0,0,0
115.234,11324,0,31,1186.852550,271.223712,-0.081184,1055.2482488646303,1056.804279783755,0,0,0
115.244,11325,0,31,1186.852550,271.223712,-0.08231,1055.2482488646303,1056.804279783755,0,0,0
115.254,11326,0,31,1186.852550,271.223712,-0.083728,1055.2482488646303,1056.804279783755,0,0,0
115.264,11327,0,31,1186.852550,271.223712,-0.084912,1055.2482488646303,1056.804279783755,0,0,0
115.274,11328,0,31,1186.852550,271.223712,-0.08540500000000001,1055.2482488646303,1056.804279783755,0,0,0
115.284,11329,0,31,1186.852550,271.223712,-0.085706,1055.2482488646303,1056.804279783755,0,0,0
115.294,11330,0,31,1186.852550,271.223712,-0.08591599999999999,1055.2482488646303,1056.804279783755,0,0,0
115.304,11331,0,31,1186.852550,271.223712,-0.085689,1055.2482488646303,1056.804279783755,0,0,0
115.314,11332,0,31,1186.932346,271.223712,-0.085451,1055.2482488646303,1056.804279783755,0,0,0
115.324,11333,0,31,1186.932346,271.223712,-0.085171,1055.2482488646303,1056.804279783755,0,0,0
115.334,11334,0,31,1186.932346,271.223712,-0.084986,1055.2482488646303,1056.804279783755,0,0,0
115.344,11335,0,31,1186.932346,271.223712,-0.084618,1055.2482488646303,1057.063618231375,0,0,0
115.354,11336,0,31,1186.932346,271.223712,-0.084427,1055.2482488646303,1057.063618231375,0,0,0
115.364,11337,0,31,1186.932346,271.223712,-0.084109,1055.2482488646303,1057.063618231375,0,0,0
115.374,11338,0,31,1186.932346,271.223712,-0.08361299999999999,1055.2482488646303,1057.063618231375,0,0,0
115.384,11339,0,31,1186.932346,271.223712,-0.08326,1055.2482488646303,1057.063618231375,0,0,0
115.394,11340,0,31,1186.932346,271.223712,-0.083052,1055.2482488646303,1057.063618231375,0,0,0
115.404,11341,0,31,1186.932346,271.223712,-0.084298,1055.2482488646303,1057.063618231375,0,0,0
115.414,11342,0,31,1186.932346,271.223712,-0.087389,1055.2482488646303,1057.063618231375,0,0,0
115.424,11343,0,31,1186.932346,271.223712,-0.090571,1055.2482488646303,1057.063618231375,0,0,0
115.434,11344,0,31,1186.932346,271.223712,-0.093911,1055.2482488646303,1057.063618231375,0,0,0
115.444,11345,0,31,1186.932346,271.223712,-0.095455,1055.2482488646303,1057.063618231375,0,0,0
115.454,11346,0,31,1186.932346,271.223712,-0.095322,1055.2482488646303,1057.063618231375,0,0,0
115.464,11347,0,31,1186.932346,271.223712,-0.095356,1055.2482488646303,1057.063618231375,0,0,0
115.474,11348,0,31,1186.932346,271.223712,-0.096874,1055.2482488646303,1057.063618231375,0,0,0
115.484,11349,0,31,1186.932346,271.223712,-0.097087,1055.2482488646303,1057.063618231375,0,0,0
115.494,11350,0,31,1186.932346,271.223712,-0.09883,1055.2482488646303,1057.063618231375,0,0,0
115.504,11351,0,31,1186.932346,271.223712,-0.102354,1055.2482488646303,1057.063618231375,0,0,0
115.514,11352,0,31,1186.932346,271.223712,-0.10721,1055.2482488646303,1057.063618231375,0,0,0
115.524,11353,0,31,1186.932346,271.223712,-0.112195,1055.2482488646303,1057.063618231375,0,0,0
115.534,11354,0,31,1186.932346,271.223712,-0.116742,1055.2482488646303,1057.063618231375,0,0,0
115.544,11355,0,31,1187.007709,271.223712,-0.119989,1055.2482488646303,1057.063618231375,0,0,0
115.554,11356,0,31,1187.007709,271.223712,-0.122233,1055.2482488646303,1057.063618231375,0,0,0
115.564,11357,0,31,1187.007709,271.223712,-0.121091,1055.2482488646303,1057.063618231375,0,0,0
115.574,11358,0,31,1187.007709,271.223712,-0.119997,1055.2482488646303,1057.063618231375,0,0,0
115.584,11359,0,31,1187.007709,271.223712,-0.117004,1055.2482488646303,1057.063618231375,0,0,0
115.594,11360,0,31,1187.007709,271.223712,-0.117665,1055.2482488646303,1057.063618231375,0,0,0
115.604,11361,0,31,1187.007709,271.223712,-0.11823600000000001,1055.2482488646303,1057.063618231375,0,0,0
115.614,11362,0,31,1187.007709,271.223712,-0.118501,1055.2482488646303,1057.063618231375,0,0,0
115.624,11363,0,31,1187.007709,271.223712,-0.118796,1055.2482488646303,1057.063618231375,0,0,0
115.634,11364,0,31,1187.007709,271.223712,-0.119173,1055.2482488646303,1057.063618231375,0,0,0
115.644,11365,0,31,1187.007709,271.223712,-0.119519,1055.2482488646303,1057.063618231375,0,0,0
115.654,11366,0,31,1187.007709,271.223712,-0.119686,1055.2482488646303,1057.063618231375,0,0,0
115.664,11367,0,31,1187.007709,271.223712,-0.120111,1055.2482488646303,1057.063618231375,0,0,0
115.674,11368,0,31,1187.007709,271.223712,-0.120046,1055.2482488646303,1057.063618231375,0,0,0
115.684,11369,0,31,1187.047608,271.223712,-0.12042,1055.2482488646303,1057.063618231375,0,0,0
115.694,11370,0,31,1187.047608,271.223712,-0.120588,1055.2482488646303,1057.063618231375,0,0,0
115.704,11371,0,31,1187.047608,271.223712,-0.120325,1055.2482488646303,1057.063618231375,0,0,0
115.714,11372,0,31,1187.047608,271.223712,-0.120083,1055.2482488646303,1057.063618231375,0,0,0
115.724,11373,0,31,1187.047608,271.223712,-0.120357,1055.2482488646303,1057.063618231375,0,0,0
115.734,11374,0,31,1187.087506,271.223712,-0.120517,1055.2482488646303,1057.063618231375,0,0,0
115.744,11375,0,31,1187.087506,271.223712,-0.12149700000000001,1055.2482488646303,1057.063618231375,0,0,0
115.754,11376,0,31,1187.087506,271.223712,-0.124876,1055.2482488646303,1057.063618231375,0,0,0
115.764,11377,0,31,1187.087506,271.223712,-0.128446,1055.2482488646303,1057.063618231375,0,0,0
115.774,11378,0,31,1187.127404,271.223712,-0.131771,1055.2482488646303,1057.063618231375,0,0,0
115.784,11379,0,31,1187.127404,271.223712,-0.135023,1055.2482488646303,1057.063618231375,0,0,0
115.794,11380,0,31,1187.127404,271.223712,-0.138928,1055.2482488646303,1057.322956678995,0,0,0
115.804,11381,0,31,1187.202767,271.223712,-0.14424399999999998,1055.2482488646303,1057.582295126615,0,0,0
115.814,11382,0,31,1187.202767,271.223712,-0.152132,1055.2482488646303,1057.582295126615,0,0,0
115.824,11383,0,31,1187.282564,271.223712,-0.161773,1055.2482488646303,1057.582295126615,0,0,0
115.834,11384,0,31,1187.282564,271.223712,-0.172781,1055.2482488646303,1058.1009720996567,0,0,0
115.844,11385,0,31,1187.357927,271.223712,-0.183756,1055.5075873122505,1058.1009720996567,0,0,0
115.854,11386,0,31,1187.357927,271.223712,-0.195957,1055.5075873122505,1058.1009720996567,0,0,0
115.864,11387,0,31,1187.437724,271.223712,-0.206263,1055.5075873122505,1058.1009720996567,0,0,0
115.874,11388,0,31,1187.517520,271.223712,-0.21326,1055.5075873122505,1058.1009720996567,0,0,0
115.884,11389,0,31,1187.517520,271.223712,-0.21804300000000001,1055.5075873122505,1058.1009720996567,0,0,0
115.894,11390,0,31,1187.517520,271.223712,-0.216339,1055.5075873122505,1058.1009720996567,0,0,0
115.904,11391,0,31,1187.592883,271.223712,-0.214951,1055.5075873122505,1058.1009720996567,0,0,0
115.914,11392,0,31,1187.592883,271.223712,-0.214472,1055.5075873122505,1058.1009720996567,0,0,0
115.924,11393,0,31,1187.592883,271.223712,-0.213804,1055.5075873122505,1058.1009720996567,0,0,0
115.934,11394,0,31,1187.592883,271.223712,-0.21333,1055.5075873122505,1058.1009720996567,0,0,0
115.944,11395,0,31,1187.592883,271.223712,-0.211877,1055.5075873122505,1058.1009720996567,0,0,0
115.954,11396,0,31,1187.592883,271.223712,-0.212143,1055.5075873122505,1058.1009720996567,0,0,0
115.964,11397,0,31,1187.592883,271.223712,-0.212651,1055.5075873122505,1058.1009720996567,0,0,0
115.974,11398,0,31,1187.592883,271.223712,-0.210899,1055.5075873122505,1058.1009720996567,0,0,0
115.984,11399,0,31,1187.592883,271.223712,-0.209649,1055.5075873122505,1058.1009720996567,0,0,0
115.994,11400,0,31,1187.592883,271.223712,-0.207655,1055.5075873122505,1058.1009720996567,0,0,0
116.004,11401,0,31,1187.592883,271.223712,-0.206147,1055.5075873122505,1058.1009720996567,0,0,0
116.014,11402,0,31,1187.592883,271.223712,-0.2039,1055.5075873122505,1058.1009720996567,0,0,0
116.024,11403,0,31,1187.592883,271.223712,-0.200049,1055.5075873122505,1058.1009720996567,0,0,0
116.034,11404,0,31,1187.672680,271.223712,-0.193052,1055.5075873122505,1058.1009720996567,0,0,0
116.044,11405,0,31,1187.672680,271.223712,-0.18034,1055.766925837672,1058.1009720996567,0,0,0
116.054,11406,0,31,1187.748043,271.223712,-0.160652,1056.0262643630936,1058.1009720996567,0,0,0
116.064,11407,0,31,1187.903203,271.148349,-0.134251,1056.2856028107135,1058.1009720996567,0,0,0
116.074,11408,0,31,1187.982999,271.068552,-0.105274,1056.5449412583334,1058.1009720996567,0,0,0
116.084,11409,0,31,1188.062796,270.988756,-0.07813500000000001,1056.5449412583334,1058.1009720996567,0,0,0
116.094,11410,0,31,1188.138159,270.988756,-0.06225,1056.5449412583334,1058.1009720996567,0,0,0
116.104,11411,0,31,1188.217956,270.913392,-0.055821,1056.5449412583334,1058.3603105472764,0,0,0
116.114,11412,0,31,1188.217956,270.833596,-0.056037000000000003,1056.5449412583334,1058.3603105472764,0,0,0
116.124,11413,0,31,1188.293319,270.833596,-0.058807,1056.8042797059534,1058.619649072698,0,0,0
116.134,11414,0,31,1188.293319,270.833596,-0.062442,1056.8042797059534,1058.619649072698,0,0,0
116.144,11415,0,31,1188.373115,270.833596,-0.065242,1056.8042797059534,1058.619649072698,0,0,0
116.154,11416,0,31,1188.373115,270.833596,-0.066936,1056.8042797059534,1058.619649072698,0,0,0
116.164,11417,0,31,1188.373115,270.833596,-0.06925,1056.8042797059534,1058.619649072698,0,0,0
116.174,11418,0,31,1188.373115,270.833596,-0.070993,1056.8042797059534,1058.619649072698,0,0,0
116.184,11419,0,31,1188.373115,270.833596,-0.071506,1056.8042797059534,1058.619649072698,0,0,0
116.194,11420,0,31,1188.448479,270.833596,-0.072101,1057.063618231375,1058.619649072698,0,0,0
116.204,11421,0,31,1188.448479,270.833596,-0.072128,1057.063618231375,1058.619649072698,0,0,0
116.214,11422,0,31,1188.448479,270.833596,-0.07217,1057.063618231375,1058.619649072698,0,0,0
116.224,11423,0,31,1188.448479,270.833596,-0.072782,1057.322956678995,1058.619649072698,0,0,0
116.234,11424,0,31,1188.528275,270.833596,-0.07500000000000001,1057.322956678995,1058.619649072698,0,0,0
116.244,11425,0,31,1188.528275,270.833596,-0.07975499999999999,1057.322956678995,1058.8789875203179,0,0,0
116.254,11426,0,31,1188.608072,270.833596,-0.087228,1057.322956678995,1059.138325967938,0,0,0
116.264,11427,0,31,1188.608072,270.793698,-0.09518,1057.322956678995,1059.138325967938,0,0,0
116.274,11428,0,31,1188.683435,270.793698,-0.101186,1057.322956678995,1059.138325967938,0,0,0
116.284,11429,0,31,1188.683435,270.793698,-0.104718,1057.322956678995,1059.397664415558,0,0,0
116.294,11430,0,31,1188.763231,270.793698,-0.106458,1057.322956678995,1059.397664415558,0,0,0
116.304,11431,0,31,1188.838595,270.793698,-0.106577,1057.5822952044166,1059.397664415558,0,0,0
116.314,11432,0,31,1188.838595,270.793698,-0.106434,1057.5822952044166,1059.397664415558,0,0,0
116.324,11433,0,31,1188.918391,270.793698,-0.107853,1057.5822952044166,1059.397664415558,0,0,0
116.334,11434,0,31,1188.998188,270.793698,-0.110933,1057.5822952044166,1059.397664415558,0,0,0
116.344,11435,0,31,1188.998188,270.718334,-0.112357,1057.5822952044166,1059.397664415558,0,0,0
116.354,11436,0,31,1189.073551,270.718334,-0.110704,1057.5822952044166,1059.6570029409795,0,0,0
116.364,11437,0,31,1189.073551,270.718334,-0.109112,1057.5822952044166,1059.6570029409795,0,0,0
116.374,11438,0,31,1189.073551,270.718334,-0.107874,1057.5822952044166,1059.6570029409795,0,0,0
116.384,11439,0,31,1189.073551,270.678436,-0.10767,1057.5822952044166,1059.6570029409795,0,0,0
116.394,11440,0,31,1189.073551,270.678436,-0.10853600000000001,1057.5822952044166,1059.6570029409795,0,0,0
116.404,11441,0,31,1189.073551,270.678436,-0.109377,1057.5822952044166,1059.6570029409795,0,0,0
116.414,11442,0,31,1189.073551,270.603073,-0.111227,1057.5822952044166,1059.6570029409795,0,0,0
116.424,11443,0,31,1189.073551,270.603073,-0.113227,1057.5822952044166,1059.6570029409795,0,0,0
116.434,11444,0,31,1189.073551,270.603073,-0.114126,1057.5822952044166,1059.6570029409795,0,0,0
116.444,11445,0,31,1189.073551,270.603073,-0.113266,1057.5822952044166,1059.6570029409795,0,0,0
116.454,11446,0,31,1189.073551,270.603073,-0.110111,1057.5822952044166,1059.6570029409795,0,0,0
116.464,11447,0,31,1189.073551,270.603073,-0.10785600000000001,1057.5822952044166,1059.6570029409795,0,0,0
116.474,11448,0,31,1189.073551,270.603073,-0.108624,1057.5822952044166,1059.6570029409795,0,0,0
116.484,11449,0,31,1189.073551,270.523276,-0.108455,1057.5822952044166,1059.6570029409795,0,0,0
116.494,11450,0,31,1189.073551,270.523276,-0.109047,1057.5822952044166,1059.6570029409795,0,0,0
116.504,11451,0,31,1189.073551,270.523276,-0.112214,1057.5822952044166,1059.6570029409795,0,0,0
116.514,11452,0,31,1189.073551,270.523276,-0.116216,1057.5822952044166,1059.6570029409795,0,0,0
116.524,11453,0,31,1189.073551,270.443480,-0.1195,1057.5822952044166,1059.6570029409795,0,0,0
116.534,11454,0,31,1189.073551,270.443480,-0.122159,1057.5822952044166,1059.6570029409795,0,0,0
116.544,11455,0,31,1189.113449,270.443480,-0.122428,1057.5822952044166,1059.6570029409795,0,0,0
116.554,11456,0,31,1189.113449,270.443480,-0.12296800000000001,1057.5822952044166,1059.6570029409795,0,0,0
116.564,11457,0,31,1189.113449,270.443480,-0.123223,1057.5822952044166,1059.6570029409795,0,0,0
116.574,11458,0,31,1189.113449,270.408015,-0.123584,1057.5822952044166,1059.6570029409795,0,0,0
116.584,11459,0,31,1189.113449,270.408015,-0.123833,1057.5822952044166,1059.6570029409795,0,0,0
116.594,11460,0,31,1189.113449,270.408015,-0.123918,1057.5822952044166,1059.6570029409795,0,0,0
116.604,11461,0,31,1189.113449,270.408015,-0.123935,1057.5822952044166,1059.6570029409795,0,0,0
116.614,11462,0,31,1189.113449,270.408015,-0.124885,1057.5822952044166,1059.6570029409795,0,0,0
116.624,11463,0,31,1189.113449,270.408015,-0.127575,1057.5822952044166,1059.6570029409795,0,0,0
116.634,11464,0,31,1189.113449,270.328218,-0.13136799999999998,1057.5822952044166,1059.6570029409795,0,0,0
116.644,11465,0,31,1189.113449,270.328218,-0.137161,1057.5822952044166,1059.6570029409795,0,0,0
116.654,11466,0,31,1189.113449,270.328218,-0.147723,1057.5822952044166,1059.6570029409795,0,0,0
116.664,11467,0,31,1189.073551,270.248422,-0.161681,1057.5822952044166,1059.6570029409795,0,0,0
116.674,11468,0,31,1189.073551,270.248422,-0.176764,1057.5822952044166,1059.6570029409795,0,0,0
116.684,11469,0,31,1189.073551,270.173059,-0.190275,1057.5822952044166,1059.6570029409795,0,0,0
116.694,11470,0,31,1189.073551,270.173059,-0.19954,1057.5822952044166,1059.6570029409795,0,0,0
116.704,11471,0,31,1189.073551,270.093262,-0.204044,1057.5822952044166,1059.6570029409795,0,0,0
116.714,11472,0,31,1189.073551,270.093262,-0.20394,1057.5822952044166,1059.6570029409795,0,0,0
116.724,11473,0,31,1189.073551,270.017899,-0.200204,1057.5822952044166,1059.6570029409795,0,0,0
116.734,11474,0,31,1189.073551,270.017899,-0.19511900000000001,1057.5822952044166,1059.6570029409795,0,0,0
116.744,11475,0,31,1189.033653,269.938102,-0.190592,1057.5822952044166,1059.6570029409795,0,0,0
116.754,11476,0,31,1189.033653,269.938102,-0.187377,1057.5822952044166,1059.6570029409795,0,0,0
116.764,11477,0,31,1189.033653,269.938102,-0.185885,1057.5822952044166,1059.6570029409795,0,0,0
116.774,11478,0,31,1189.033653,269.938102,-0.18535000000000001,1057.5822952044166,1059.6570029409795,0,0,0
116.784,11479,0,31,1189.073551,269.938102,-0.181833,1057.5822952044166,1059.6570029409795,0,0,0
116.794,11480,0,31,1189.073551,269.938102,-0.177939,1057.5822952044166,1059.6570029409795,0,0,0
116.804,11481,0,31,1189.073551,269.938102,-0.174085,1057.5822952044166,1059.6570029409795,0,0,0
116.814,11482,0,31,1189.073551,269.938102,-0.171446,1057.5822952044166,1059.6570029409795,0,0,0
116.824,11483,0,31,1189.073551,269.938102,-0.171665,1057.5822952044166,1059.6570029409795,0,0,0
116.834,11484,0,31,1189.153347,269.938102,-0.171607,1057.5822952044166,1059.6570029409795,0,0,0
116.844,11485,0,31,1189.153347,269.938102,-0.174404,1057.5822952044166,1059.6570029409795,0,0,0
116.854,11486,0,31,1189.153347,269.862739,-0.179629,1057.5822952044166,1059.6570029409795,0,0,0
116.864,11487,0,31,1189.153347,269.862739,-0.18587700000000001,1057.5822952044166,1059.6570029409795,0,0,0
116.874,11488,0,31,1189.153347,269.782943,-0.191824,1057.5822952044166,1059.6570029409795,0,0,0
116.884,11489,0,31,1189.153347,269.703146,-0.197746,1057.5822952044166,1059.6570029409795,0,0,0
116.894,11490,0,31,1189.153347,269.627783,-0.202134,1057.5822952044166,1059.6570029409795,0,0,0
116.904,11491,0,31,1189.153347,269.547986,-0.201176,1057.5822952044166,1059.6570029409795,0,0,0
116.914,11492,0,31,1189.153347,269.472623,-0.195399,1057.5822952044166,1059.6570029409795,0,0,0
116.924,11493,0,31,1189.153347,269.472623,-0.186068,1057.5822952044166,1059.6570029409795,0,0,0
116.934,11494,0,31,1189.153347,269.392827,-0.175488,1057.5822952044166,1059.6570029409795,0,0,0
116.944,11495,0,31,1189.153347,269.392827,-0.167034,1057.5822952044166,1059.6570029409795,0,0,0
116.954,11496,0,31,1189.153347,269.313030,-0.163069,1057.5822952044166,1059.6570029409795,0,0,0
116.964,11497,0,31,1189.153347,269.313030,-0.162809,1057.5822952044166,1059.6570029409795,0,0,0
116.974,11498,0,31,1189.188812,269.313030,-0.163552,1057.5822952044166,1059.6570029409795,0,0,0
116.984,11499,0,31,1189.188812,269.313030,-0.166164,1057.5822952044166,1059.6570029409795,0,0,0
116.994,11500,0,31,1189.188812,269.313030,-0.16811500000000001,1057.5822952044166,1059.6570029409795,0,0,0
117.004,11501,0,31,1189.188812,269.237667,-0.167206,1057.5822952044166,1059.6570029409795,0,0,0
117.014,11502,0,31,1189.188812,269.237667,-0.166657,1057.5822952044166,1059.6570029409795,0,0,0
117.024,11503,0,31,1189.188812,269.237667,-0.163491,1057.5822952044166,1059.6570029409795,0,0,0
117.034,11504,0,31,1189.188812,269.237667,-0.160988,1057.5822952044166,1059.6570029409795,0,0,0
117.044,11505,0,31,1189.188812,269.237667,-0.160582,1057.5822952044166,1059.6570029409795,0,0,0
117.054,11506,0,31,1189.188812,269.237667,-0.161303,1057.5822952044166,1059.6570029409795,0,0,0
117.064,11507,0,31,1189.188812,269.237667,-0.161805,1057.5822952044166,1059.6570029409795,0,0,0
117.074,11508,0,31,1189.188812,269.237667,-0.16525,1057.5822952044166,1059.6570029409795,0,0,0
117.084,11509,0,31,1189.188812,269.237667,-0.169543,1057.5822952044166,1059.6570029409795,0,0,0
117.094,11510,0,31,1189.188812,269.237667,-0.175644,1057.5822952044166,1059.6570029409795,0,0,0
117.104,11511,0,31,1189.188812,269.237667,-0.179375,1057.5822952044166,1059.6570029409795,0,0,0
117.114,11512,0,31,1189.188812,269.157870,-0.182958,1057.5822952044166,1059.6570029409795,0,0,0
117.124,11513,0,31,1189.188812,269.157870,-0.185593,1057.5822952044166,1059.6570029409795,0,0,0
117.134,11514,0,31,1189.188812,269.082507,-0.187554,1057.5822952044166,1059.6570029409795,0,0,0
117.144,11515,0,31,1189.228711,269.082507,-0.188508,1057.5822952044166,1059.6570029409795,0,0,0
117.154,11516,0,31,1189.228711,269.002711,-0.196485,1057.5822952044166,1059.6570029409795,0,0,0
117.164,11517,0,31,1189.228711,269.002711,-0.2078,1057.5822952044166,1059.6570029409795,0,0,0
117.174,11518,0,31,1189.228711,269.002711,-0.221872,1057.5822952044166,1059.6570029409795,0,0,0
117.184,11519,0,31,1189.228711,269.002711,-0.236071,1057.5822952044166,1059.6570029409795,0,0,0
117.194,11520,0,31,1189.153347,268.927347,-0.24879300000000001,1057.5822952044166,1059.6570029409795,0,0,0
117.204,11521,0,31,1189.153347,268.927347,-0.25834199999999996,1057.5822952044166,1059.6570029409795,0,0,0
117.214,11522,0,31,1189.153347,268.847551,-0.26388900000000004,1057.5822952044166,1059.6570029409795,0,0,0
117.224,11523,0,31,1189.153347,268.847551,-0.265318,1057.5822952044166,1059.6570029409795,0,0,0
117.234,11524,0,31,1189.153347,268.847551,-0.261276,1057.5822952044166,1059.6570029409795,0,0,0
117.244,11525,0,31,1189.153347,268.847551,-0.25521499999999997,1057.5822952044166,1059.6570029409795,0,0,0
117.254,11526,0,31,1189.153347,268.847551,-0.249856,1057.5822952044166,1059.6570029409795,0,0,0
117.264,11527,0,31,1189.113449,268.847551,-0.244645,1057.5822952044166,1059.6570029409795,0,0,0
117.274,11528,0,31,1189.113449,268.807653,-0.241444,1057.5822952044166,1059.6570029409795,0,0,0
117.284,11529,0,31,1189.188812,268.807653,-0.24032,1057.5822952044166,1059.6570029409795,0,0,0
117.294,11530,0,31,1189.188812,268.807653,-0.238879,1057.5822952044166,1059.6570029409795,0,0,0
117.304,11531,0,31,1189.188812,268.807653,-0.237674,1057.5822952044166,1059.6570029409795,0,0,0
117.314,11532,0,31,1189.268609,268.807653,-0.233007,1057.5822952044166,1059.6570029409795,0,0,0
117.324,11533,0,31,1189.268609,268.652493,-0.223391,1057.5822952044166,1059.6570029409795,0,0,0
117.334,11534,0,31,1189.268609,268.577130,-0.2088,1057.5822952044166,1059.6570029409795,0,0,0
117.344,11535,0,31,1189.268609,268.497333,-0.192092,1057.5822952044166,1059.6570029409795,0,0,0
117.354,11536,0,31,1189.268609,268.417537,-0.175739,1057.5822952044166,1059.6570029409795,0,0,0
117.364,11537,0,31,1189.268609,268.342173,-0.163294,1057.5822952044166,1059.6570029409795,0,0,0
117.374,11538,0,31,1189.268609,268.262377,-0.15742699999999998,1057.5822952044166,1059.6570029409795,0,0,0
117.384,11539,0,31,1189.268609,268.262377,-0.159727,1057.5822952044166,1059.6570029409795,0,0,0
117.394,11540,0,31,1189.268609,268.262377,-0.169382,1057.5822952044166,1059.6570029409795,0,0,0
117.404,11541,0,31,1189.268609,268.262377,-0.185376,1057.5822952044166,1059.6570029409795,0,0,0
117.414,11542,0,31,1189.268609,268.222479,-0.20391,1057.5822952044166,1059.6570029409795,0,0,0
117.424,11543,0,31,1189.268609,268.222479,-0.223314,1057.5822952044166,1059.6570029409795,0,0,0
117.434,11544,0,31,1189.268609,268.222479,-0.238156,1057.5822952044166,1059.6570029409795,0,0,0
117.444,11545,0,31,1189.268609,268.147115,-0.249235,1057.5822952044166,1059.6570029409795,0,0,0
117.454,11546,0,31,1189.268609,268.067319,-0.259046,1057.5822952044166,1059.6570029409795,0,0,0
117.464,11547,0,31,1189.268609,267.991956,-0.267532,1057.5822952044166,1059.6570029409795,0,0,0
117.474,11548,0,31,1189.228711,267.991956,-0.27393999999999996,1057.5822952044166,1059.6570029409795,0,0,0
117.484,11549,0,31,1189.228711,267.912159,-0.280453,1057.5822952044166,1059.6570029409795,0,0,0
117.494,11550,0,31,1189.228711,267.912159,-0.28593599999999997,1057.5822952044166,1059.6570029409795,0,0,0
117.504,11551,0,31,1189.228711,267.912159,-0.29022000000000003,1057.5822952044166,1059.6570029409795,0,0,0
117.514,11552,0,31,1189.228711,267.912159,-0.29321600000000003,1057.5822952044166,1059.6570029409795,0,0,0
117.524,11553,0,31,1189.228711,267.836796,-0.29366000000000003,1057.5822952044166,1059.6570029409795,0,0,0
117.534,11554,0,31,1189.228711,267.836796,-0.29241799999999996,1057.5822952044166,1059.6570029409795,0,0,0
117.544,11555,0,31,1189.228711,267.836796,-0.29025900000000004,1057.5822952044166,1059.6570029409795,0,0,0
117.554,11556,0,31,1189.228711,267.836796,-0.29054500000000005,1057.5822952044166,1059.6570029409795,0,0,0
117.564,11557,0,31,1189.228711,267.836796,-0.29065799999999997,1057.5822952044166,1059.6570029409795,0,0,0
117.574,11558,0,31,1189.228711,267.836796,-0.29029499999999997,1057.5822952044166,1059.6570029409795,0,0,0
117.584,11559,0,31,1189.228711,267.756999,-0.28905000000000003,1057.5822952044166,1059.6570029409795,0,0,0
117.594,11560,0,31,1189.228711,267.756999,-0.28780300000000003,1057.5822952044166,1059.6570029409795,0,0,0
117.604,11561,0,31,1189.228711,267.677203,-0.28718,1057.5822952044166,1059.6570029409795,0,0,0
117.614,11562,0,31,1189.228711,267.677203,-0.28703900000000004,1057.5822952044166,1059.6570029409795,0,0,0
117.624,11563,0,31,1189.228711,267.601840,-0.287096,1057.5822952044166,1059.6570029409795,0,0,0
117.634,11564,0,31,1189.228711,267.601840,-0.287292,1057.5822952044166,1059.6570029409795,0,0,0
117.644,11565,0,31,1189.228711,267.601840,-0.287791,1057.5822952044166,1059.6570029409795,0,0,0
117.654,11566,0,31,1189.228711,267.601840,-0.288729,1057.5822952044166,1059.6570029409795,0,0,0
117.664,11567,0,31,1189.228711,267.601840,-0.28979699999999997,1057.5822952044166,1059.6570029409795,0,0,0
117.674,11568,0,31,1189.228711,267.561941,-0.294261,1057.5822952044166,1059.6570029409795,0,0,0
117.684,11569,0,31,1189.228711,267.561941,-0.29613,1057.5822952044166,1059.6570029409795,0,0,0
117.694,11570,0,31,1189.228711,267.561941,-0.296075,1057.5822952044166,1059.6570029409795,0,0,0
117.704,11571,0,31,1189.228711,267.482145,-0.29108599999999996,1057.5822952044166,1059.6570029409795,0,0,0
117.714,11572,0,31,1189.228711,267.406782,-0.282854,1057.5822952044166,1059.6570029409795,0,0,0
117.724,11573,0,31,1189.228711,267.326985,-0.27114,1057.5822952044166,1059.6570029409795,0,0,0
117.734,11574,0,31,1189.268609,267.251622,-0.258044,1057.5822952044166,1059.6570029409795,0,0,0
117.744,11575,0,31,1189.268609,267.171825,-0.247031,1057.5822952044166,1059.6570029409795,0,0,0
117.754,11576,0,31,1189.268609,267.096462,-0.240468,1057.5822952044166,1059.6570029409795,0,0,0
117.764,11577,0,31,1189.268609,267.096462,-0.238915,1057.5822952044166,1059.6570029409795,0,0,0
117.774,11578,0,31,1189.268609,267.016666,-0.242432,1057.5822952044166,1059.6570029409795,0,0,0
117.784,11579,0,31,1189.268609,267.016666,-0.249157,1057.5822952044166,1059.6570029409795,0,0,0
117.794,11580,0,31,1189.268609,267.016666,-0.25831899999999997,1057.5822952044166,1059.6570029409795,0,0,0
117.804,11581,0,31,1189.268609,267.016666,-0.26959299999999997,1057.5822952044166,1059.6570029409795,0,0,0
117.814,11582,0,31,1189.268609,267.016666,-0.28032999999999997,1057.5822952044166,1059.6570029409795,0,0,0
117.824,11583,0,31,1189.268609,266.936869,-0.29028200000000004,1057.5822952044166,1059.6570029409795,0,0,0
117.834,11584,0,31,1189.268609,266.936869,-0.299304,1057.5822952044166,1059.6570029409795,0,0,0
117.844,11585,0,31,1189.268609,266.861506,-0.30716,1057.5822952044166,1059.6570029409795,0,0,0
117.854,11586,0,31,1189.268609,266.781709,-0.312466,1057.5822952044166,1059.6570029409795,0,0,0
117.864,11587,0,31,1189.268609,266.706346,-0.312419,1057.5822952044166,1059.6570029409795,0,0,0
117.874,11588,0,31,1189.268609,266.626550,-0.30632400000000004,1057.5822952044166,1059.6570029409795,0,0,0
117.884,11589,0,31,1189.268609,266.471390,-0.294447,1057.5822952044166,1059.6570029409795,0,0,0
117.894,11590,0,31,1189.268609,266.391593,-0.2791,1057.5822952044166,1059.6570029409795,0,0,0
117.904,11591,0,31,1189.268609,266.236434,-0.26353099999999996,1057.5822952044166,1059.6570029409795,0,0,0
117.914,11592,0,31,1189.268609,266.161070,-0.250326,1057.5822952044166,1059.6570029409795,0,0,0
117.924,11593,0,31,1189.268609,266.081274,-0.24148,1057.5822952044166,1059.6570029409795,0,0,0
117.934,11594,0,31,1189.268609,266.081274,-0.23605,1057.5822952044166,1059.6570029409795,0,0,0
117.944,11595,0,31,1189.308507,266.001477,-0.230507,1057.5822952044166,1059.6570029409795,0,0,0
117.954,11596,0,31,1189.308507,265.926114,-0.220623,1057.5822952044166,1059.6570029409795,0,0,0
117.964,11597,0,31,1189.383870,265.846318,-0.205023,1057.5822952044166,1059.6570029409795,0,0,0
117.974,11598,0,31,1189.463667,265.691158,-0.183322,1057.5822952044166,1059.6570029409795,0,0,0
117.984,11599,0,31,1189.543463,265.615795,-0.157916,1057.5822952044166,1059.6570029409795,0,0,0
117.994,11600,0,31,1189.618827,265.456202,-0.131764,1057.5822952044166,1059.6570029409795,0,0,0
118.004,11601,0,31,1189.618827,265.301042,-0.107089,1057.5822952044166,1059.6570029409795,0,0,0
118.014,11602,0,31,1189.698623,265.066086,-0.084953,1057.5822952044166,1059.6570029409795,0,0,0
118.024,11603,0,31,1189.698623,264.910926,-0.067684,1057.5822952044166,1059.6570029409795,0,0,0
118.034,11604,0,31,1189.698623,264.755766,-0.056681999999999996,1057.5822952044166,1059.6570029409795,0,0,0
118.044,11605,0,31,1189.773986,264.600606,-0.054447,1057.5822952044166,1059.6570029409795,0,0,0
118.054,11606,0,31,1189.773986,264.520810,-0.060698,1057.5822952044166,1059.6570029409795,0,0,0
118.064,11607,0,31,1189.773986,264.445447,-0.07383400000000001,1057.5822952044166,1059.6570029409795,0,0,0
118.074,11608,0,31,1189.773986,264.445447,-0.093106,1057.5822952044166,1059.6570029409795,0,0,0
118.084,11609,0,31,1189.773986,264.365650,-0.11754200000000001,1057.5822952044166,1059.6570029409795,0,0,0
118.094,11610,0,31,1189.738521,264.365650,-0.145694,1057.5822952044166,1059.6570029409795,0,0,0
118.104,11611,0,31,1189.738521,264.290287,-0.175703,1057.5822952044166,1059.6570029409795,0,0,0
118.114,11612,0,31,1189.658725,264.210490,-0.205418,1057.5822952044166,1059.6570029409795,0,0,0
118.124,11613,0,31,1189.658725,264.135127,-0.231107,1057.5822952044166,1059.6570029409795,0,0,0
118.134,11614,0,31,1189.658725,264.135127,-0.25159,1057.5822952044166,1059.6570029409795,0,0,0
118.144,11615,0,31,1189.658725,264.055331,-0.26478199999999996,1057.5822952044166,1059.6570029409795,0,0,0
118.154,11616,0,31,1189.658725,264.055331,-0.271326,1057.5822952044166,1059.6570029409795,0,0,0
118.164,11617,0,31,1189.618827,264.055331,-0.272557,1057.5822952044166,1059.6570029409795,0,0,0
118.174,11618,0,31,1189.618827,264.055331,-0.273745,1057.5822952044166,1059.6570029409795,0,0,0
118.184,11619,0,31,1189.618827,264.055331,-0.273424,1057.5822952044166,1059.6570029409795,0,0,0
118.194,11620,0,31,1189.618827,264.055331,-0.268896,1057.5822952044166,1059.6570029409795,0,0,0
118.204,11621,0,31,1189.618827,264.055331,-0.260358,1057.5822952044166,1059.6570029409795,0,0,0
118.214,11622,0,31,1189.618827,264.055331,-0.247581,1057.5822952044166,1059.6570029409795,0,0,0
118.224,11623,0,31,1189.618827,264.055331,-0.233494,1057.5822952044166,1059.6570029409795,0,0,0
118.234,11624,0,31,1189.618827,264.055331,-0.219725,1057.5822952044166,1059.6570029409795,0,0,0
118.244,11625,0,31,1189.618827,264.055331,-0.206247,1057.5822952044166,1059.6570029409795,0,0,0
118.254,11626,0,31,1189.618827,264.055331,-0.194984,1057.5822952044166,1059.6570029409795,0,0,0
118.264,11627,0,31,1189.618827,264.055331,-0.185482,1057.5822952044166,1059.6570029409795,0,0,0
118.274,11628,0,31,1189.618827,264.055331,-0.175746,1057.5822952044166,1059.6570029409795,0,0,0
118.284,11629,0,31,1189.618827,264.055331,-0.166306,1057.5822952044166,1059.6570029409795,0,0,0
118.294,11630,0,31,1189.618827,264.055331,-0.159754,1057.5822952044166,1059.6570029409795,0,0,0
118.304,11631,0,31,1189.618827,264.055331,-0.156569,1057.5822952044166,1059.6570029409795,0,0,0
118.314,11632,0,31,1189.618827,264.055331,-0.155704,1057.5822952044166,1059.6570029409795,0,0,0
118.324,11633,0,31,1189.618827,264.055331,-0.154859,1057.5822952044166,1059.6570029409795,0,0,0
118.334,11634,0,31,1189.618827,264.055331,-0.15413,1057.5822952044166,1059.6570029409795,0,0,0
118.344,11635,0,31,1189.618827,264.055331,-0.153634,1057.5822952044166,1059.6570029409795,0,0,0
118.354,11636,0,31,1189.618827,264.055331,-0.153489,1057.5822952044166,1059.6570029409795,0,0,0
118.364,11637,0,31,1189.618827,264.055331,-0.152789,1057.5822952044166,1059.6570029409795,0,0,0
118.374,11638,0,31,1189.618827,264.055331,-0.151783,1057.5822952044166,1059.6570029409795,0,0,0
118.384,11639,0,31,1189.618827,264.055331,-0.150517,1057.5822952044166,1059.6570029409795,0,0,0
118.394,11640,0,31,1189.618827,264.055331,-0.150946,1057.5822952044166,1059.6570029409795,0,0,0
118.404,11641,0,31,1189.618827,264.055331,-0.151227,1057.5822952044166,1059.6570029409795,0,0,0
118.414,11642,0,31,1189.618827,264.055331,-0.152646,1057.5822952044166,1059.6570029409795,0,0,0
118.424,11643,0,31,1189.618827,264.055331,-0.153886,1057.5822952044166,1059.6570029409795,0,0,0
118.434,11644,0,31,1189.618827,264.055331,-0.15399600000000002,1057.5822952044166,1059.6570029409795,0,0,0
118.444,11645,0,31,1189.618827,264.055331,-0.154177,1057.5822952044166,1059.6570029409795,0,0,0
118.454,11646,0,31,1189.618827,264.055331,-0.151251,1057.5822952044166,1059.6570029409795,0,0,0
118.464,11647,0,31,1189.618827,264.055331,-0.148649,1057.5822952044166,1059.6570029409795,0,0,0
118.474,11648,0,31,1189.618827,264.055331,-0.148854,1057.5822952044166,1059.6570029409795,0,0,0
118.484,11649,0,31,1189.618827,264.055331,-0.148975,1057.5822952044166,1059.6570029409795,0,0,0
118.494,11650,0,31,1189.618827,264.095229,-0.14923799999999998,1057.5822952044166,1059.6570029409795,0,0,0
118.504,11651,0,31,1189.618827,264.095229,-0.14925,1057.5822952044166,1059.6570029409795,0,0,0
118.514,11652,0,31,1189.618827,264.095229,-0.14920899999999998,1057.5822952044166,1059.6570029409795,0,0,0
118.524,11653,0,31,1189.618827,264.095229,-0.149315,1057.5822952044166,1059.6570029409795,0,0,0
118.534,11654,0,31,1189.618827,264.095229,-0.149544,1057.5822952044166,1059.6570029409795,0,0,0
118.544,11655,0,31,1189.618827,264.095229,-0.150675,1057.5822952044166,1059.6570029409795,0,0,0
118.554,11656,0,31,1189.618827,264.095229,-0.15059699999999998,1057.5822952044166,1059.6570029409795,0,0,0
118.564,11657,0,31,1189.618827,264.095229,-0.15004499999999998,1057.5822952044166,1059.6570029409795,0,0,0
118.574,11658,0,31,1189.618827,264.095229,-0.149281,1057.5822952044166,1059.6570029409795,0,0,0
118.584,11659,0,31,1189.618827,264.095229,-0.14830500000000002,1057.5822952044166,1059.6570029409795,0,0,0
118.594,11660,0,31,1189.618827,264.095229,-0.14752500000000002,1057.5822952044166,1059.6570029409795,0,0,0
118.604,11661,0,31,1189.618827,264.095229,-0.14724900000000002,1057.5822952044166,1059.6570029409795,0,0,0
118.614,11662,0,31,1189.578928,264.095229,-0.147447,1057.5822952044166,1059.6570029409795,0,0,0
118.624,11663,0,31,1189.578928,264.135127,-0.147617,1057.5822952044166,1059.6570029409795,0,0,0
118.634,11664,0,31,1189.578928,264.135127,-0.14763199999999999,1057.5822952044166,1059.6570029409795,0,0,0
118.644,11665,0,31,1189.578928,264.135127,-0.147931,1057.5822952044166,1059.6570029409795,0,0,0
118.654,11666,0,31,1189.578928,264.135127,-0.148396,1057.5822952044166,1059.6570029409795,0,0,0
118.664,11667,0,31,1189.578928,264.135127,-0.148903,1057.5822952044166,1059.6570029409795,0,0,0
118.674,11668,0,31,1189.578928,264.135127,-0.146254,1057.5822952044166,1059.6570029409795,0,0,0
118.684,11669,0,31,1189.578928,264.135127,-0.142352,1057.5822952044166,1059.6570029409795,0,0,0
118.694,11670,0,31,1189.578928,264.135127,-0.138942,1057.5822952044166,1059.6570029409795,0,0,0
118.704,11671,0,31,1189.578928,264.135127,-0.136377,1057.5822952044166,1059.6570029409795,0,0,0
118.714,11672,0,31,1189.578928,264.135127,-0.136575,1057.5822952044166,1059.6570029409795,0,0,0
118.724,11673,0,31,1189.578928,264.135127,-0.136851,1057.5822952044166,1059.6570029409795,0,0,0
118.734,11674,0,31,1189.578928,264.135127,-0.137051,1057.5822952044166,1059.6570029409795,0,0,0
118.744,11675,0,31,1189.578928,264.135127,-0.137092,1057.5822952044166,1059.6570029409795,0,0,0
118.754,11676,0,31,1189.578928,264.135127,-0.137016,1057.5822952044166,1059.6570029409795,0,0,0
118.764,11677,0,31,1189.578928,264.135127,-0.136733,1057.5822952044166,1059.6570029409795,0,0,0
118.774,11678,0,31,1189.578928,264.135127,-0.13636199999999998,1057.5822952044166,1059.6570029409795,0,0,0
118.784,11679,0,31,1189.578928,264.135127,-0.13561299999999998,1057.5822952044166,1059.6570029409795,0,0,0
118.794,11680,0,31,1189.578928,264.135127,-0.135128,1057.5822952044166,1059.6570029409795,0,0,0
118.804,11681,0,31,1189.578928,264.135127,-0.134272,1057.5822952044166,1059.6570029409795,0,0,0
118.814,11682,0,31,1189.578928,264.135127,-0.133311,1057.5822952044166,1059.6570029409795,0,0,0
118.824,11683,0,31,1189.578928,264.135127,-0.13245400000000002,1057.5822952044166,1059.6570029409795,0,0,0
118.834,11684,0,31,1189.578928,264.135127,-0.131747,1057.5822952044166,1059.6570029409795,0,0,0
118.844,11685,0,31,1189.578928,264.135127,-0.131087,1057.5822952044166,1059.6570029409795,0,0,0
118.854,11686,0,31,1189.503565,264.135127,-0.130689,1057.5822952044166,1059.6570029409795,0,0,0
118.864,11687,0,31,1189.503565,264.135127,-0.13028299999999998,1057.5822952044166,1059.6570029409795,0,0,0
118.874,11688,0,31,1189.423769,264.135127,-0.12998300000000002,1057.5822952044166,1059.6570029409795,0,0,0
118.884,11689,0,31,1189.423769,264.135127,-0.129515,1057.5822952044166,1059.6570029409795,0,0,0
118.894,11690,0,31,1189.348405,264.135127,-0.126865,1057.5822952044166,1059.6570029409795,0,0,0
118.904,11691,0,31,1189.268609,264.135127,-0.123418,1057.5822952044166,1059.6570029409795,0,0,0
118.914,11692,0,31,1189.188812,264.135127,-0.118065,1057.5822952044166,1059.6570029409795,0,0,0
118.924,11693,0,31,1189.113449,264.135127,-0.114148,1057.5822952044166,1059.6570029409795,0,0,0
118.934,11694,0,31,1189.033653,264.135127,-0.110668,1057.5822952044166,1059.6570029409795,0,0,0
118.944,11695,0,31,1188.958289,264.135127,-0.109374,1057.5822952044166,1059.6570029409795,0,0,0
118.954,11696,0,31,1188.803130,264.135127,-0.109681,1057.5822952044166,1059.6570029409795,0,0,0
118.964,11697,0,31,1188.643537,264.135127,-0.110089,1057.5822952044166,1059.6570029409795,0,0,0
118.974,11698,0,31,1188.568173,264.135127,-0.11064,1057.5822952044166,1059.6570029409795,0,0,0
118.984,11699,0,31,1188.413014,264.135127,-0.111121,1057.5822952044166,1059.6570029409795,0,0,0
118.994,11700,0,31,1188.257854,264.135127,-0.111912,1057.5822952044166,1059.6570029409795,0,0,0
119.004,11701,0,31,1188.098261,264.135127,-0.112984,1057.5822952044166,1059.6570029409795,0,0,0
119.014,11702,0,31,1188.022898,264.135127,-0.11276800000000001,1057.5822952044166,1059.6570029409795,0,0,0
119.024,11703,0,31,1187.943101,264.135127,-0.110999,1057.5822952044166,1059.6570029409795,0,0,0
119.034,11704,0,31,1187.787941,264.135127,-0.111556,1057.5822952044166,1059.6570029409795,0,0,0
119.044,11705,0,31,1187.632782,264.095229,-0.11175,1057.5822952044166,1059.6570029409795,0,0,0
119.054,11706,0,31,1187.552985,264.095229,-0.112119,1057.5822952044166,1059.397664415558,0,0,0
119.064,11707,0,31,1187.397825,264.095229,-0.115764,1057.5822952044166,1059.397664415558,0,0,0
119.074,11708,0,31,1187.242666,264.095229,-0.120194,1057.5822952044166,1059.397664415558,0,0,0
119.084,11709,0,31,1187.087506,264.095229,-0.124473,1057.5822952044166,1059.397664415558,0,0,0
119.094,11710,0,31,1186.932346,264.095229,-0.12517699999999998,1057.5822952044166,1059.397664415558,0,0,0
119.104,11711,0,31,1186.852550,264.095229,-0.12590800000000002,1057.5822952044166,1059.397664415558,0,0,0
119.114,11712,0,31,1186.697390,264.095229,-0.12692399999999998,1057.5822952044166,1059.397664415558,0,0,0
119.124,11713,0,31,1186.617593,264.095229,-0.126761,1057.5822952044166,1059.397664415558,0,0,0
119.134,11714,0,31,1186.542230,264.095229,-0.127637,1057.5822952044166,1059.397664415558,0,0,0
119.144,11715,0,31,1186.387070,264.095229,-0.128447,1057.5822952044166,1059.397664415558,0,0,0
119.154,11716,0,31,1186.387070,264.095229,-0.129176,1057.5822952044166,1059.397664415558,0,0,0
119.164,11717,0,31,1186.307274,264.095229,-0.13247599999999998,1057.5822952044166,1059.397664415558,0,0,0
119.174,11718,0,31,1186.231911,264.095229,-0.13600299999999999,1057.5822952044166,1059.397664415558,0,0,0
119.184,11719,0,31,1186.231911,264.095229,-0.140166,1057.5822952044166,1059.397664415558,0,0,0
119.194,11720,0,31,1186.152114,264.095229,-0.14426899999999998,1057.5822952044166,1059.397664415558,0,0,0
119.204,11721,0,31,1186.152114,264.095229,-0.148248,1057.5822952044166,1059.397664415558,0,0,0
119.214,11722,0,31,1186.152114,264.095229,-0.151437,1057.5822952044166,1059.397664415558,0,0,0
119.224,11723,0,31,1186.152114,264.095229,-0.15401900000000002,1057.5822952044166,1059.397664415558,0,0,0
119.234,11724,0,31,1186.152114,264.095229,-0.155968,1057.5822952044166,1059.397664415558,0,0,0
119.244,11725,0,31,1186.152114,264.095229,-0.154906,1057.5822952044166,1059.397664415558,0,0,0
119.254,11726,0,31,1186.152114,264.095229,-0.15407700000000002,1057.5822952044166,1059.397664415558,0,0,0
119.264,11727,0,31,1186.152114,264.095229,-0.153148,1057.5822952044166,1059.397664415558,0,0,0
119.274,11728,0,31,1186.152114,264.095229,-0.15238600000000002,1057.5822952044166,1059.397664415558,0,0,0
119.284,11729,0,31,1186.152114,264.095229,-0.151588,1057.5822952044166,1059.397664415558,0,0,0
119.294,11730,0,31,1186.152114,264.095229,-0.15086,1057.5822952044166,1059.397664415558,0,0,0
119.304,11731,0,31,1186.152114,264.095229,-0.14988800000000002,1057.5822952044166,1059.397664415558,0,0,0
119.314,11732,0,31,1186.152114,264.095229,-0.148841,1057.5822952044166,1059.397664415558,0,0,0
119.324,11733,0,31,1186.152114,264.095229,-0.148122,1057.5822952044166,1059.397664415558,0,0,0
119.334,11734,0,31,1186.152114,264.095229,-0.147712,1057.5822952044166,1059.397664415558,0,0,0
119.344,11735,0,31,1186.152114,264.095229,-0.14768900000000001,1057.5822952044166,1059.397664415558,0,0,0
119.354,11736,0,31,1186.152114,264.095229,-0.148003,1057.5822952044166,1059.397664415558,0,0,0
119.364,11737,0,31,1186.152114,264.095229,-0.14864,1057.5822952044166,1059.397664415558,0,0,0
119.374,11738,0,31,1186.152114,264.095229,-0.149402,1057.5822952044166,1059.397664415558,0,0,0
119.384,11739,0,31,1186.152114,264.095229,-0.15024700000000002,1057.5822952044166,1059.397664415558,0,0,0
119.394,11740,0,31,1186.152114,264.095229,-0.151015,1057.5822952044166,1059.397664415558,0,0,0
119.404,11741,0,31,1186.152114,264.095229,-0.15143299999999998,1057.5822952044166,1059.397664415558,0,0,0
119.414,11742,0,31,1186.152114,264.095229,-0.152905,1057.5822952044166,1059.397664415558,0,0,0
119.424,11743,0,31,1186.152114,264.095229,-0.15539799999999998,1057.5822952044166,1059.397664415558,0,0,0
119.434,11744,0,31,1186.192012,264.095229,-0.158624,1057.5822952044166,1059.397664415558,0,0,0
119.444,11745,0,31,1186.192012,264.095229,-0.163381,1057.5822952044166,1059.397664415558,0,0,0
119.454,11746,0,31,1186.192012,264.095229,-0.168816,1057.5822952044166,1059.397664415558,0,0,0
119.464,11747,0,31,1186.192012,264.095229,-0.17329,1057.5822952044166,1059.397664415558,0,0,0
119.474,11748,0,31,1186.192012,264.095229,-0.177321,1057.5822952044166,1059.397664415558,0,0,0
119.484,11749,0,31,1186.192012,264.095229,-0.180392,1057.5822952044166,1059.397664415558,0,0,0
119.494,11750,0,31,1186.192012,264.095229,-0.183847,1057.5822952044166,1059.397664415558,0,0,0
119.504,11751,0,31,1186.192012,264.095229,-0.186866,1057.5822952044166,1059.397664415558,0,0,0
119.514,11752,0,31,1186.267376,264.095229,-0.190353,1057.5822952044166,1059.397664415558,0,0,0
119.524,11753,0,31,1186.267376,264.095229,-0.195059,1057.5822952044166,1059.397664415558,0,0,0
119.534,11754,0,31,1186.267376,264.095229,-0.19765,1057.5822952044166,1059.397664415558,0,0,0
119.544,11755,0,31,1186.347172,264.095229,-0.198052,1057.5822952044166,1059.397664415558,0,0,0
119.554,11756,0,31,1186.347172,264.095229,-0.197164,1057.5822952044166,1059.397664415558,0,0,0
119.564,11757,0,31,1186.347172,264.095229,-0.196141,1057.5822952044166,1059.397664415558,0,0,0
119.574,11758,0,31,1186.347172,264.095229,-0.195356,1057.5822952044166,1059.397664415558,0,0,0
119.584,11759,0,31,1186.347172,264.095229,-0.19462,1057.5822952044166,1059.397664415558,0,0,0
119.594,11760,0,31,1186.347172,264.095229,-0.193875,1057.5822952044166,1059.397664415558,0,0,0
119.604,11761,0,31,1186.347172,264.095229,-0.193188,1057.5822952044166,1059.397664415558,0,0,0
119.614,11762,0,31,1186.347172,264.095229,-0.192681,1057.5822952044166,1059.397664415558,0,0,0
119.624,11763,0,31,1186.347172,264.095229,-0.192725,1057.5822952044166,1059.397664415558,0,0,0
119.634,11764,0,31,1186.347172,264.095229,-0.19338,1057.5822952044166,1059.397664415558,0,0,0
119.644,11765,0,31,1186.347172,264.095229,-0.194128,1057.5822952044166,1059.397664415558,0,0,0
119.654,11766,0,31,1186.347172,264.095229,-0.194795,1057.5822952044166,1059.397664415558,0,0,0
119.664,11767,0,31,1186.347172,264.095229,-0.195621,1057.5822952044166,1059.397664415558,0,0,0
119.674,11768,0,31,1186.347172,264.095229,-0.196389,1057.5822952044166,1059.397664415558,0,0,0
119.684,11769,0,31,1186.347172,264.095229,-0.19732,1057.5822952044166,1059.397664415558,0,0,0
119.694,11770,0,31,1186.347172,264.095229,-0.195385,1057.5822952044166,1059.397664415558,0,0,0
119.704,11771,0,31,1186.347172,264.095229,-0.194863,1057.5822952044166,1059.397664415558,0,0,0
119.714,11772,0,31,1186.347172,264.095229,-0.195491,1057.5822952044166,1059.397664415558,0,0,0
119.724,11773,0,31,1186.347172,264.095229,-0.195571,1057.5822952044166,1059.397664415558,0,0,0
119.734,11774,0,31,1186.347172,264.095229,-0.195099,1057.5822952044166,1059.397664415558,0,0,0
119.744,11775,0,31,1186.347172,264.095229,-0.194271,1057.5822952044166,1059.397664415558,0,0,0
119.754,11776,0,31,1186.347172,264.095229,-0.193437,1057.5822952044166,1059.397664415558,0,0,0
119.764,11777,0,31,1186.347172,264.095229,-0.191287,1057.5822952044166,1059.397664415558,0,0,0
119.774,11778,0,31,1186.347172,264.095229,-0.187945,1057.5822952044166,1059.397664415558,0,0,0
119.784,11779,0,31,1186.347172,264.095229,-0.186303,1057.5822952044166,1059.397664415558,0,0,0
119.794,11780,0,31,1186.347172,264.095229,-0.186298,1057.5822952044166,1059.397664415558,0,0,0
119.804,11781,0,31,1186.347172,264.095229,-0.185747,1057.5822952044166,1059.397664415558,0,0,0
119.814,11782,0,31,1186.347172,264.095229,-0.185285,1057.5822952044166,1059.397664415558,0,0,0
119.824,11783,0,31,1186.347172,264.095229,-0.185168,1057.5822952044166,1059.397664415558,0,0,0
119.834,11784,0,31,1186.347172,264.095229,-0.185049,1057.5822952044166,1059.397664415558,0,0,0
119.844,11785,0,31,1186.347172,264.095229,-0.184999,1057.5822952044166,1059.397664415558,0,0,0
119.854,11786,0,31,1186.267376,264.095229,-0.185479,1057.5822952044166,1059.397664415558,0,0,0
119.864,11787,0,31,1186.267376,264.095229,-0.186383,1057.5822952044166,1059.397664415558,0,0,0
119.874,11788,0,31,1186.267376,264.095229,-0.187264,1057.5822952044166,1059.397664415558,0,0,0
119.884,11789,0,31,1186.267376,264.095229,-0.188219,1057.5822952044166,1059.397664415558,0,0,0
119.894,11790,0,31,1186.267376,264.095229,-0.189049,1057.5822952044166,1059.397664415558,0,0,0
119.904,11791,0,31,1186.192012,264.095229,-0.18976200000000001,1057.5822952044166,1059.397664415558,0,0,0
119.914,11792,0,31,1186.192012,264.095229,-0.190281,1057.5822952044166,1059.397664415558,0,0,0
119.924,11793,0,31,1186.192012,264.095229,-0.194113,1057.5822952044166,1059.397664415558,0,0,0
119.934,11794,0,31,1186.192012,264.095229,-0.19863,1057.5822952044166,1059.397664415558,0,0,0
119.944,11795,0,31,1186.192012,264.095229,-0.20276,1057.5822952044166,1059.397664415558,0,0,0
119.954,11796,0,31,1186.192012,264.095229,-0.206253,1057.5822952044166,1059.397664415558,0,0,0
119.964,11797,0,31,1186.192012,264.095229,-0.208105,1057.5822952044166,1059.397664415558,0,0,0
119.974,11798,0,31,1186.192012,264.095229,-0.209746,1057.5822952044166,1059.397664415558,0,0,0
119.984,11799,0,31,1186.192012,264.095229,-0.209734,1057.5822952044166,1059.397664415558,0,0,0
119.994,11800,0,31,1186.192012,264.095229,-0.209361,1057.5822952044166,1059.397664415558,0,0,0
120.004,11801,0,31,1186.267376,264.095229,-0.211091,1057.5822952044166,1059.397664415558,0,0,0
120.014,11802,0,31,1186.267376,264.095229,-0.21268,1057.5822952044166,1059.397664415558,0,0,0
120.024,11803,0,31,1186.267376,264.095229,-0.214202,1057.5822952044166,1059.397664415558,0,0,0
120.034,11804,0,31,1186.267376,264.095229,-0.21739,1057.5822952044166,1059.397664415558,0,0,0
120.044,11805,0,31,1186.267376,264.095229,-0.221432,1057.5822952044166,1059.397664415558,0,0,0
120.054,11806,0,31,1186.267376,264.095229,-0.22641,1057.5822952044166,1059.397664415558,0,0,0
120.064,11807,0,31,1186.267376,264.095229,-0.230057,1057.5822952044166,1059.397664415558,0,0,0
120.074,11808,0,31,1186.267376,264.095229,-0.2303,1057.5822952044166,1059.397664415558,0,0,0
120.084,11809,0,31,1186.267376,264.095229,-0.230001,1057.5822952044166,1059.397664415558,0,0,0
120.094,11810,0,31,1186.267376,264.095229,-0.229785,1057.5822952044166,1059.397664415558,0,0,0
120.104,11811,0,31,1186.267376,264.095229,-0.230646,1057.5822952044166,1059.397664415558,0,0,0
120.114,11812,0,31,1186.267376,264.095229,-0.232717,1057.5822952044166,1059.397664415558,0,0,0
120.124,11813,0,31,1186.267376,264.095229,-0.23579,1057.5822952044166,1059.397664415558,0,0,0
120.134,11814,0,31,1186.267376,264.095229,-0.239238,1057.5822952044166,1059.397664415558,0,0,0
120.144,11815,0,31,1186.267376,264.095229,-0.241364,1057.5822952044166,1059.397664415558,0,0,0
120.154,11816,0,31,1186.267376,264.095229,-0.241795,1057.5822952044166,1059.397664415558,0,0,0
120.164,11817,0,31,1186.267376,264.095229,-0.242104,1057.5822952044166,1059.397664415558,0,0,0
120.174,11818,0,31,1186.267376,264.095229,-0.242428,1057.5822952044166,1059.397664415558,0,0,0
120.184,11819,0,31,1186.267376,264.095229,-0.242889,1057.5822952044166,1059.397664415558,0,0,0
120.194,11820,0,31,1186.267376,264.095229,-0.243485,1057.5822952044166,1059.397664415558,0,0,0
120.204,11821,0,31,1186.267376,264.095229,-0.243979,1057.5822952044166,1059.397664415558,0,0,0
120.214,11822,0,31,1186.267376,264.095229,-0.244161,1057.5822952044166,1059.397664415558,0,0,0
120.224,11823,0,31,1186.267376,264.095229,-0.244038,1057.5822952044166,1059.397664415558,0,0,0
120.234,11824,0,31,1186.267376,264.095229,-0.243673,1057.5822952044166,1059.397664415558,0,0,0
120.244,11825,0,31,1186.267376,264.095229,-0.242871,1057.5822952044166,1059.397664415558,0,0,0
120.254,11826,0,31,1186.267376,264.095229,-0.244352,1057.5822952044166,1059.397664415558,0,0,0
120.264,11827,0,31,1186.267376,264.095229,-0.24687800000000001,1057.5822952044166,1059.397664415558,0,0,0
120.274,11828,0,31,1186.267376,264.095229,-0.248783,1057.5822952044166,1059.397664415558,0,0,0
120.284,11829,0,31,1186.267376,264.095229,-0.251112,1057.5822952044166,1059.397664415558,0,0,0
120.294,11830,0,31,1186.267376,264.095229,-0.254667,1057.5822952044166,1059.397664415558,0,0,0
120.304,11831,0,31,1186.267376,264.095229,-0.258672,1057.5822952044166,1059.397664415558,0,0,0
120.314,11832,0,31,1186.267376,264.095229,-0.26292499999999996,1057.5822952044166,1059.397664415558,0,0,0
120.324,11833,0,31,1186.267376,264.095229,-0.26491600000000004,1057.5822952044166,1059.397664415558,0,0,0
120.334,11834,0,31,1186.267376,264.095229,-0.26585000000000003,1057.5822952044166,1059.397664415558,0,0,0
120.344,11835,0,31,1186.267376,264.095229,-0.265716,1057.5822952044166,1059.397664415558,0,0,0
120.354,11836,0,31,1186.231911,264.095229,-0.26426499999999997,1057.5822952044166,1059.397664415558,0,0,0
120.364,11837,0,31,1186.231911,264.095229,-0.262896,1057.5822952044166,1059.397664415558,0,0,0
120.374,11838,0,31,1186.231911,264.095229,-0.261594,1057.5822952044166,1059.397664415558,0,0,0
120.384,11839,0,31,1186.231911,264.095229,-0.262045,1057.5822952044166,1059.397664415558,0,0,0
120.394,11840,0,31,1186.231911,264.095229,-0.261842,1057.5822952044166,1059.397664415558,0,0,0
120.404,11841,0,31,1186.307274,264.095229,-0.26135600000000003,1057.5822952044166,1059.397664415558,0,0,0
120.414,11842,0,31,1186.307274,264.095229,-0.260443,1057.5822952044166,1059.397664415558,0,0,0
120.424,11843,0,31,1186.307274,264.095229,-0.25941400000000003,1057.5822952044166,1059.397664415558,0,0,0
120.434,11844,0,31,1186.307274,264.095229,-0.25820200000000004,1057.5822952044166,1059.397664415558,0,0,0
120.444,11845,0,31,1186.307274,264.095229,-0.258039,1057.5822952044166,1059.397664415558,0,0,0
120.454,11846,0,31,1186.347172,264.095229,-0.25906799999999996,1057.5822952044166,1059.397664415558,0,0,0
120.464,11847,0,31,1186.347172,264.095229,-0.26051599999999997,1057.5822952044166,1059.397664415558,0,0,0
120.474,11848,0,31,1186.347172,264.095229,-0.262147,1057.5822952044166,1059.397664415558,0,0,0
120.484,11849,0,31,1186.347172,264.135127,-0.265238,1057.5822952044166,1059.397664415558,0,0,0
120.494,11850,0,31,1186.347172,264.135127,-0.268722,1057.5822952044166,1059.397664415558,0,0,0
120.504,11851,0,31,1186.347172,264.135127,-0.273396,1057.5822952044166,1059.397664415558,0,0,0
120.514,11852,0,31,1186.347172,264.135127,-0.279074,1057.5822952044166,1059.397664415558,0,0,0
120.524,11853,0,31,1186.267376,264.135127,-0.285455,1057.5822952044166,1059.397664415558,0,0,0
120.534,11854,0,31,1186.267376,264.135127,-0.29088499999999995,1057.5822952044166,1059.397664415558,0,0,0
120.544,11855,0,31,1186.267376,264.135127,-0.295289,1057.5822952044166,1059.397664415558,0,0,0
120.554,11856,0,31,1186.192012,264.135127,-0.296706,1057.5822952044166,1059.397664415558,0,0,0
120.564,11857,0,31,1186.192012,264.135127,-0.298211,1057.5822952044166,1059.397664415558,0,0,0
120.574,11858,0,31,1186.231911,264.135127,-0.299632,1057.5822952044166,1059.397664415558,0,0,0
120.584,11859,0,31,1186.231911,264.135127,-0.300786,1057.5822952044166,1059.397664415558,0,0,0
120.594,11860,0,31,1186.231911,264.135127,-0.30137899999999995,1057.5822952044166,1059.397664415558,0,0,0
120.604,11861,0,31,1186.231911,264.135127,-0.30127800000000005,1057.5822952044166,1059.397664415558,0,0,0
120.614,11862,0,31,1186.231911,264.135127,-0.300964,1057.5822952044166,1059.397664415558,0,0,0
120.624,11863,0,31,1186.231911,264.135127,-0.300326,1057.5822952044166,1059.397664415558,0,0,0
120.634,11864,0,31,1186.231911,264.135127,-0.299555,1057.5822952044166,1059.397664415558,0,0,0
120.644,11865,0,31,1186.231911,264.135127,-0.29863300000000004,1057.5822952044166,1059.397664415558,0,0,0
120.654,11866,0,31,1186.231911,264.135127,-0.297632,1057.5822952044166,1059.397664415558,0,0,0
120.664,11867,0,31,1186.231911,264.135127,-0.296536,1057.5822952044166,1059.397664415558,0,0,0
120.674,11868,0,31,1186.231911,264.135127,-0.295737,1057.5822952044166,1059.397664415558,0,0,0
120.684,11869,0,31,1186.231911,264.135127,-0.295006,1057.5822952044166,1059.397664415558,0,0,0
120.694,11870,0,31,1186.231911,264.135127,-0.29749099999999995,1057.5822952044166,1059.397664415558,0,0,0
120.704,11871,0,31,1186.231911,264.135127,-0.300388,1057.5822952044166,1059.397664415558,0,0,0
120.714,11872,0,31,1186.231911,264.135127,-0.300832,1057.5822952044166,1059.397664415558,0,0,0
120.724,11873,0,31,1186.231911,264.135127,-0.30156400000000005,1057.5822952044166,1059.397664415558,0,0,0
120.734,11874,0,31,1186.231911,264.135127,-0.302636,1057.5822952044166,1059.397664415558,0,0,0
120.744,11875,0,31,1186.231911,264.135127,-0.30438600000000005,1057.5822952044166,1059.397664415558,0,0,0
120.754,11876,0,31,1186.231911,264.135127,-0.30295300000000003,1057.5822952044166,1059.397664415558,0,0,0
120.764,11877,0,31,1186.231911,264.135127,-0.30068300000000003,1057.5822952044166,1059.397664415558,0,0,0
120.774,11878,0,31,1186.231911,264.135127,-0.301114,1057.5822952044166,1059.397664415558,0,0,0
120.784,11879,0,31,1186.231911,264.135127,-0.30197799999999997,1057.5822952044166,1059.397664415558,0,0,0
120.794,11880,0,31,1186.231911,264.135127,-0.30601500000000004,1057.5822952044166,1059.397664415558,0,0,0
120.804,11881,0,31,1186.231911,264.135127,-0.311801,1057.5822952044166,1059.397664415558,0,0,0
120.814,11882,0,31,1186.267376,264.135127,-0.31709,1057.5822952044166,1059.397664415558,0,0,0
120.824,11883,0,31,1186.267376,264.135127,-0.31954800000000005,1057.5822952044166,1059.397664415558,0,0,0
120.834,11884,0,31,1186.267376,264.135127,-0.31898400000000005,1057.5822952044166,1059.397664415558,0,0,0
120.844,11885,0,31,1186.267376,264.135127,-0.315377,1057.5822952044166,1059.397664415558,0,0,0
120.854,11886,0,31,1186.267376,264.135127,-0.31118199999999996,1057.5822952044166,1059.397664415558,0,0,0
120.864,11887,0,31,1186.267376,264.135127,-0.308161,1057.5822952044166,1059.397664415558,0,0,0
120.874,11888,0,31,1186.267376,264.135127,-0.30820499999999995,1057.5822952044166,1059.397664415558,0,0,0
120.884,11889,0,31,1186.267376,264.135127,-0.30916,1057.5822952044166,1059.397664415558,0,0,0
120.894,11890,0,31,1186.267376,264.135127,-0.309554,1057.5822952044166,1059.397664415558,0,0,0
120.904,11891,0,31,1186.267376,264.135127,-0.30939799999999995,1057.5822952044166,1059.397664415558,0,0,0
120.914,11892,0,31,1186.267376,264.135127,-0.308605,1057.5822952044166,1059.397664415558,0,0,0
120.924,11893,0,31,1186.267376,264.135127,-0.30786,1057.5822952044166,1059.397664415558,0,0,0
120.934,11894,0,31,1186.267376,264.135127,-0.307098,1057.5822952044166,1059.397664415558,0,0,0
120.944,11895,0,31,1186.267376,264.135127,-0.30641300000000005,1057.5822952044166,1059.397664415558,0,0,0
120.954,11896,0,31,1186.267376,264.135127,-0.305697,1057.5822952044166,1059.397664415558,0,0,0
120.964,11897,0,31,1186.267376,264.135127,-0.305094,1057.5822952044166,1059.397664415558,0,0,0
120.974,11898,0,31,1186.267376,264.135127,-0.30516699999999997,1057.5822952044166,1059.397664415558,0,0,0
120.984,11899,0,31,1186.267376,264.135127,-0.305617,1057.5822952044166,1059.397664415558,0,0,0
120.994,11900,0,31,1186.267376,264.135127,-0.30598400000000003,1057.5822952044166,1059.397664415558,0,0,0
121.004,11901,0,31,1186.267376,264.135127,-0.306667,1057.5822952044166,1059.397664415558,0,0,0
121.014,11902,0,31,1186.267376,264.135127,-0.30754899999999996,1057.5822952044166,1059.397664415558,0,0,0
121.024,11903,0,31,1186.267376,264.135127,-0.30574,1057.5822952044166,1059.397664415558,0,0,0
121.034,11904,0,31,1186.267376,264.135127,-0.303346,1057.5822952044166,1059.397664415558,0,0,0
121.044,11905,0,31,1186.307274,264.135127,-0.300242,1057.5822952044166,1059.397664415558,0,0,0
121.054,11906,0,31,1186.307274,264.135127,-0.29747900000000005,1057.5822952044166,1059.397664415558,0,0,0
121.064,11907,0,31,1186.307274,264.135127,-0.295408,1057.5822952044166,1059.397664415558,0,0,0
121.074,11908,0,31,1186.387070,264.135127,-0.294401,1057.5822952044166,1059.397664415558,0,0,0
121.084,11909,0,31,1186.387070,264.135127,-0.294177,1057.5822952044166,1059.397664415558,0,0,0
121.094,11910,0,31,1186.462434,264.135127,-0.29336300000000004,1057.5822952044166,1059.397664415558,0,0,0
121.104,11911,0,31,1186.462434,264.135127,-0.29357900000000003,1057.5822952044166,1059.397664415558,0,0,0
121.114,11912,0,31,1186.542230,264.135127,-0.29555299999999995,1057.5822952044166,1059.397664415558,0,0,0
121.124,11913,0,31,1186.542230,264.135127,-0.297268,1057.5822952044166,1059.397664415558,0,0,0
121.134,11914,0,31,1186.542230,264.135127,-0.298713,1057.5822952044166,1059.397664415558,0,0,0
121.144,11915,0,31,1186.582128,264.135127,-0.29731399999999997,1057.5822952044166,1059.397664415558,0,0,0
121.154,11916,0,31,1186.582128,264.135127,-0.29625999999999997,1057.5822952044166,1059.397664415558,0,0,0
121.164,11917,0,31,1186.582128,264.135127,-0.29594299999999996,1057.5822952044166,1059.397664415558,0,0,0
121.174,11918,0,31,1186.582128,264.135127,-0.296257,1057.5822952044166,1059.397664415558,0,0,0
121.184,11919,0,31,1186.582128,264.135127,-0.297002,1057.5822952044166,1059.397664415558,0,0,0
121.194,11920,0,31,1186.582128,264.135127,-0.29813500000000004,1057.5822952044166,1059.397664415558,0,0,0
121.204,11921,0,31,1186.582128,264.135127,-0.29932400000000003,1057.5822952044166,1059.397664415558,0,0,0
121.214,11922,0,31,1186.582128,264.135127,-0.300376,1057.5822952044166,1059.397664415558,0,0,0
121.224,11923,0,31,1186.582128,264.135127,-0.302295,1057.5822952044166,1059.397664415558,0,0,0
121.234,11924,0,31,1186.582128,264.135127,-0.305774,1057.5822952044166,1059.397664415558,0,0,0
121.244,11925,0,31,1186.582128,264.135127,-0.30904299999999996,1057.5822952044166,1059.397664415558,0,0,0
121.254,11926,0,31,1186.582128,264.135127,-0.309017,1057.5822952044166,1059.397664415558,0,0,0
121.264,11927,0,31,1186.582128,264.135127,-0.30888000000000004,1057.5822952044166,1059.397664415558,0,0,0
121.274,11928,0,31,1186.582128,264.135127,-0.30876499999999996,1057.5822952044166,1059.397664415558,0,0,0
121.284,11929,0,31,1186.582128,264.135127,-0.30811599999999995,1057.5822952044166,1059.397664415558,0,0,0
121.294,11930,0,31,1186.582128,264.135127,-0.309287,1057.5822952044166,1059.397664415558,0,0,0
121.304,11931,0,31,1186.582128,264.135127,-0.312578,1057.5822952044166,1059.397664415558,0,0,0
121.314,11932,0,31,1186.582128,264.135127,-0.31577299999999997,1057.5822952044166,1059.397664415558,0,0,0
121.324,11933,0,31,1186.582128,264.135127,-0.315774,1057.5822952044166,1059.397664415558,0,0,0
121.334,11934,0,31,1186.582128,264.135127,-0.316191,1057.5822952044166,1059.397664415558,0,0,0
121.344,11935,0,31,1186.582128,264.135127,-0.31724399999999997,1057.5822952044166,1059.397664415558,0,0,0
121.354,11936,0,31,1186.582128,264.135127,-0.31797200000000003,1057.5822952044166,1059.397664415558,0,0,0
121.364,11937,0,31,1186.582128,264.135127,-0.319693,1057.5822952044166,1059.397664415558,0,0,0
121.374,11938,0,31,1186.582128,264.135127,-0.321306,1057.5822952044166,1059.397664415558,0,0,0
121.384,11939,0,31,1186.582128,264.135127,-0.32169099999999995,1057.5822952044166,1059.397664415558,0,0,0
121.394,11940,0,31,1186.582128,264.135127,-0.321974,1057.5822952044166,1059.397664415558,0,0,0
121.404,11941,0,31,1186.582128,264.135127,-0.322072,1057.5822952044166,1059.397664415558,0,0,0
121.414,11942,0,31,1186.582128,264.135127,-0.32186099999999995,1057.5822952044166,1059.397664415558,0,0,0
121.424,11943,0,31,1186.582128,264.135127,-0.32148299999999996,1057.5822952044166,1059.397664415558,0,0,0
121.434,11944,0,31,1186.582128,264.135127,-0.32107399999999997,1057.5822952044166,1059.397664415558,0,0,0
121.444,11945,0,31,1186.582128,264.135127,-0.320736,1057.5822952044166,1059.397664415558,0,0,0
121.454,11946,0,31,1186.582128,264.135127,-0.32033199999999995,1057.5822952044166,1059.397664415558,0,0,0
121.464,11947,0,31,1186.582128,264.135127,-0.320002,1057.5822952044166,1059.397664415558,0,0,0
121.474,11948,0,31,1186.582128,264.135127,-0.31975,1057.5822952044166,1059.397664415558,0,0,0
121.484,11949,0,31,1186.582128,264.135127,-0.31933900000000004,1057.5822952044166,1059.397664415558,0,0,0
121.494,11950,0,31,1186.582128,264.135127,-0.32020800000000005,1057.5822952044166,1059.397664415558,0,0,0
121.504,11951,0,31,1186.582128,264.135127,-0.323816,1057.5822952044166,1059.397664415558,0,0,0
121.514,11952,0,31,1186.582128,264.135127,-0.327396,1057.5822952044166,1059.397664415558,0,0,0
121.524,11953,0,31,1186.582128,264.135127,-0.33033100000000004,1057.5822952044166,1059.397664415558,0,0,0
121.534,11954,0,31,1186.582128,264.135127,-0.33067599999999997,1057.5822952044166,1059.397664415558,0,0,0
121.544,11955,0,31,1186.582128,264.135127,-0.33123800000000003,1057.5822952044166,1059.397664415558,0,0,0
121.554,11956,0,31,1186.582128,264.135127,-0.33185699999999996,1057.5822952044166,1059.397664415558,0,0,0
121.564,11957,0,31,1186.582128,264.135127,-0.33271799999999996,1057.5822952044166,1059.397664415558,0,0,0
121.574,11958,0,31,1186.542230,264.135127,-0.333812,1057.5822952044166,1059.397664415558,0,0,0
121.584,11959,0,31,1186.542230,264.135127,-0.334846,1057.5822952044166,1059.397664415558,0,0,0
121.594,11960,0,31,1186.542230,264.135127,-0.33582,1057.5822952044166,1059.397664415558,0,0,0
121.604,11961,0,31,1186.542230,264.135127,-0.33617699999999995,1057.5822952044166,1059.397664415558,0,0,0
121.614,11962,0,31,1186.542230,264.135127,-0.335677,1057.5822952044166,1059.397664415558,0,0,0
121.624,11963,0,31,1186.542230,264.135127,-0.33507600000000004,1057.5822952044166,1059.397664415558,0,0,0
121.634,11964,0,31,1186.542230,264.135127,-0.33442799999999995,1057.5822952044166,1059.397664415558,0,0,0
121.644,11965,0,31,1186.542230,264.135127,-0.333878,1057.5822952044166,1059.397664415558,0,0,0
121.654,11966,0,31,1186.542230,264.135127,-0.33348999999999995,1057.5822952044166,1059.397664415558,0,0,0
121.664,11967,0,31,1186.542230,264.135127,-0.33357099999999995,1057.5822952044166,1059.397664415558,0,0,0
121.674,11968,0,31,1186.542230,264.135127,-0.333523,1057.5822952044166,1059.397664415558,0,0,0
121.684,11969,0,31,1186.542230,264.135127,-0.33311100000000005,1057.5822952044166,1059.397664415558,0,0,0
121.694,11970,0,31,1186.542230,264.135127,-0.332677,1057.5822952044166,1059.397664415558,0,0,0
121.704,11971,0,31,1186.542230,264.135127,-0.33216500000000004,1057.5822952044166,1059.397664415558,0,0,0
121.714,11972,0,31,1186.542230,264.135127,-0.331955,1057.5822952044166,1059.397664415558,0,0,0
121.724,11973,0,31,1186.542230,264.135127,-0.331518,1057.5822952044166,1059.397664415558,0,0,0
121.734,11974,0,31,1186.542230,264.135127,-0.331372,1057.5822952044166,1059.397664415558,0,0,0
121.744,11975,0,31,1186.542230,264.135127,-0.33141299999999996,1057.5822952044166,1059.397664415558,0,0,0
121.754,11976,0,31,1186.542230,264.135127,-0.331909,1057.5822952044166,1059.397664415558,0,0,0
121.764,11977,0,31,1186.542230,264.135127,-0.332302,1057.5822952044166,1059.397664415558,0,0,0
121.774,11978,0,31,1186.542230,264.135127,-0.332423,1057.5822952044166,1059.397664415558,0,0,0
121.784,11979,0,31,1186.542230,264.135127,-0.33226,1057.5822952044166,1059.397664415558,0,0,0
121.794,11980,0,31,1186.542230,264.135127,-0.33218400000000003,1057.5822952044166,1059.397664415558,0,0,0
121.804,11981,0,31,1186.542230,264.135127,-0.334676,1057.5822952044166,1059.397664415558,0,0,0
121.814,11982,0,31,1186.542230,264.135127,-0.335372,1057.5822952044166,1059.397664415558,0,0,0
121.824,11983,0,31,1186.542230,264.135127,-0.33511199999999997,1057.5822952044166,1059.397664415558,0,0,0
121.834,11984,0,31,1186.542230,264.135127,-0.33528500000000006,1057.5822952044166,1059.397664415558,0,0,0
121.844,11985,0,31,1186.542230,264.135127,-0.335519,1057.5822952044166,1059.397664415558,0,0,0
121.854,11986,0,31,1186.542230,264.135127,-0.336071,1057.5822952044166,1059.397664415558,0,0,0
121.864,11987,0,31,1186.542230,264.135127,-0.336831,1057.5822952044166,1059.397664415558,0,0,0
121.874,11988,0,31,1186.542230,264.135127,-0.337537,1057.5822952044166,1059.397664415558,0,0,0
121.884,11989,0,31,1186.542230,264.135127,-0.338236,1057.5822952044166,1059.397664415558,0,0,0
121.894,11990,0,31,1186.542230,264.135127,-0.339083,1057.5822952044166,1059.397664415558,0,0,0
121.904,11991,0,31,1186.542230,264.135127,-0.33948,1057.5822952044166,1059.397664415558,0,0,0
121.914,11992,0,31,1186.542230,264.135127,-0.33941200000000005,1057.5822952044166,1059.397664415558,0,0,0
121.924,11993,0,31,1186.542230,264.135127,-0.33899,1057.5822952044166,1059.397664415558,0,0,0
121.934,11994,0,31,1186.542230,264.135127,-0.338232,1057.5822952044166,1059.397664415558,0,0,0
121.944,11995,0,31,1186.542230,264.135127,-0.33750199999999997,1057.5822952044166,1059.397664415558,0,0,0
121.954,11996,0,31,1186.542230,264.135127,-0.336395,1057.5822952044166,1059.397664415558,0,0,0
121.964,11997,0,31,1186.542230,264.135127,-0.33570500000000003,1057.5822952044166,1059.397664415558,0,0,0
121.974,11998,0,31,1186.582128,264.135127,-0.33515700000000004,1057.5822952044166,1059.397664415558,0,0,0
121.984,11999,0,31,1186.582128,264.135127,-0.335009,1057.5822952044166,1059.397664415558,0,0,0
121.994,12000,0,31,1186.582128,264.135127,-0.33498799999999995,1057.5822952044166,1059.397664415558,0,0,0
122.004,12001,0,31,1186.582128,264.135127,-0.33498700000000003,1057.5822952044166,1059.397664415558,0,0,0
122.014,12002,0,31,1186.582128,264.135127,-0.33499500000000004,1057.5822952044166,1059.397664415558,0,0,0
122.024,12003,0,31,1186.582128,264.135127,-0.33536999999999995,1057.5822952044166,1059.397664415558,0,0,0
122.034,12004,0,31,1186.582128,264.135127,-0.33589800000000003,1057.5822952044166,1059.397664415558,0,0,0
122.044,12005,0,31,1186.582128,264.135127,-0.336313,1057.5822952044166,1059.397664415558,0,0,0
122.054,12006,0,31,1186.582128,264.135127,-0.33680200000000005,1057.5822952044166,1059.397664415558,0,0,0
122.064,12007,0,31,1186.582128,264.135127,-0.337313,1057.5822952044166,1059.397664415558,0,0,0
122.074,12008,0,31,1186.582128,264.135127,-0.337483,1057.5822952044166,1059.397664415558,0,0,0
122.084,12009,0,31,1186.582128,264.135127,-0.33708099999999996,1057.5822952044166,1059.397664415558,0,0,0
122.094,12010,0,31,1186.582128,264.135127,-0.336727,1057.5822952044166,1059.397664415558,0,0,0
122.104,12011,0,31,1186.582128,264.135127,-0.33633599999999997,1057.5822952044166,1059.397664415558,0,0,0
122.114,12012,0,31,1186.582128,264.135127,-0.336109,1057.5822952044166,1059.397664415558,0,0,0
122.124,12013,0,31,1186.582128,264.135127,-0.336194,1057.5822952044166,1059.397664415558,0,0,0
122.134,12014,0,31,1186.582128,264.135127,-0.33634200000000003,1057.5822952044166,1059.397664415558,0,0,0
122.144,12015,0,31,1186.582128,264.135127,-0.336612,1057.5822952044166,1059.397664415558,0,0,0
122.154,12016,0,31,1186.582128,264.135127,-0.337056,1057.5822952044166,1059.397664415558,0,0,0
122.164,12017,0,31,1186.582128,264.135127,-0.337719,1057.5822952044166,1059.397664415558,0,0,0
122.174,12018,0,31,1186.582128,264.135127,-0.33844300000000005,1057.5822952044166,1059.397664415558,0,0,0
122.184,12019,0,31,1186.582128,264.135127,-0.338789,1057.5822952044166,1059.397664415558,0,0,0
122.194,12020,0,31,1186.582128,264.135127,-0.33909999999999996,1057.5822952044166,1059.397664415558,0,0,0
122.204,12021,0,31,1186.582128,264.135127,-0.338948,1057.5822952044166,1059.397664415558,0,0,0
122.214,12022,0,31,1186.582128,264.135127,-0.338639,1057.5822952044166,1059.397664415558,0,0,0
122.224,12023,0,31,1186.582128,264.135127,-0.338159,1057.5822952044166,1059.397664415558,0,0,0
122.234,12024,0,31,1186.582128,264.135127,-0.33744399999999997,1057.5822952044166,1059.397664415558,0,0,0
122.244,12025,0,31,1186.582128,264.135127,-0.33682900000000005,1057.5822952044166,1059.397664415558,0,0,0
122.254,12026,0,31,1186.582128,264.135127,-0.336213,1057.5822952044166,1059.397664415558,0,0,0
122.264,12027,0,31,1186.582128,264.135127,-0.33589100000000005,1057.5822952044166,1059.397664415558,0,0,0
122.274,12028,0,31,1186.582128,264.135127,-0.336093,1057.5822952044166,1059.397664415558,0,0,0
122.284,12029,0,31,1186.582128,264.135127,-0.33647800000000005,1057.5822952044166,1059.397664415558,0,0,0
122.294,12030,0,31,1186.582128,264.135127,-0.336546,1057.5822952044166,1059.397664415558,0,0,0
122.304,12031,0,31,1186.582128,264.135127,-0.336931,1057.5822952044166,1059.397664415558,0,0,0
122.314,12032,0,31,1186.582128,264.135127,-0.33733900000000006,1057.5822952044166,1059.397664415558,0,0,0
122.324,12033,0,31,1186.582128,264.135127,-0.33731,1057.5822952044166,1059.397664415558,0,0,0
122.334,12034,0,31,1186.582128,264.135127,-0.337117,1057.5822952044166,1059.397664415558,0,0,0
122.344,12035,0,31,1186.582128,264.135127,-0.336688,1057.5822952044166,1059.397664415558,0,0,0
122.354,12036,0,31,1186.582128,264.135127,-0.336133,1057.5822952044166,1059.397664415558,0,0,0
122.364,12037,0,31,1186.582128,264.135127,-0.33559300000000003,1057.5822952044166,1059.397664415558,0,0,0
122.374,12038,0,31,1186.582128,264.135127,-0.33800699999999995,1057.5822952044166,1059.397664415558,0,0,0
122.384,12039,0,31,1186.582128,264.135127,-0.337693,1057.5822952044166,1059.397664415558,0,0,0
122.394,12040,0,31,1186.582128,264.135127,-0.33775600000000006,1057.5822952044166,1059.397664415558,0,0,0
122.404,12041,0,31,1186.582128,264.135127,-0.33816100000000004,1057.5822952044166,1059.397664415558,0,0,0
122.414,12042,0,31,1186.582128,264.135127,-0.338615,1057.5822952044166,1059.397664415558,0,0,0
122.424,12043,0,31,1186.582128,264.135127,-0.33919900000000003,1057.5822952044166,1059.397664415558,0,0,0
122.434,12044,0,31,1186.582128,264.135127,-0.33989400000000003,1057.5822952044166,1059.397664415558,0,0,0
122.444,12045,0,31,1186.582128,264.135127,-0.34077500000000005,1057.5822952044166,1059.397664415558,0,0,0
122.454,12046,0,31,1186.582128,264.135127,-0.341708,1057.5822952044166,1059.397664415558,0,0,0
122.464,12047,0,31,1186.582128,264.135127,-0.34237799999999996,1057.5822952044166,1059.397664415558,0,0,0
122.474,12048,0,31,1186.582128,264.135127,-0.342479,1057.5822952044166,1059.397664415558,0,0,0
122.484,12049,0,31,1186.582128,264.135127,-0.34190200000000004,1057.5822952044166,1059.397664415558,0,0,0
122.494,12050,0,31,1186.582128,264.135127,-0.341484,1057.5822952044166,1059.397664415558,0,0,0
122.504,12051,0,31,1186.582128,264.135127,-0.34090299999999996,1057.5822952044166,1059.397664415558,0,0,0
122.514,12052,0,31,1186.582128,264.135127,-0.34047499999999997,1057.5822952044166,1059.397664415558,0,0,0
122.524,12053,0,31,1186.582128,264.135127,-0.34004999999999996,1057.5822952044166,1059.397664415558,0,0,0
122.534,12054,0,31,1186.582128,264.135127,-0.33990600000000004,1057.5822952044166,1059.397664415558,0,0,0
122.544,12055,0,31,1186.582128,264.135127,-0.339415,1057.5822952044166,1059.397664415558,0,0,0
122.554,12056,0,31,1186.582128,264.135127,-0.338858,1057.5822952044166,1059.397664415558,0,0,0
122.564,12057,0,31,1186.582128,264.135127,-0.3379,1057.5822952044166,1059.397664415558,0,0,0
122.574,12058,0,31,1186.582128,264.135127,-0.33759399999999995,1057.5822952044166,1059.397664415558,0,0,0
122.584,12059,0,31,1186.582128,264.135127,-0.33794900000000005,1057.5822952044166,1059.397664415558,0,0,0
122.594,12060,0,31,1186.582128,264.135127,-0.338178,1057.5822952044166,1059.397664415558,0,0,0
122.604,12061,0,31,1186.582128,264.135127,-0.33845899999999995,1057.5822952044166,1059.397664415558,0,0,0
122.614,12062,0,31,1186.582128,264.135127,-0.33984899999999996,1057.5822952044166,1059.397664415558,0,0,0
122.624,12063,0,31,1186.582128,264.135127,-0.34268200000000004,1057.5822952044166,1059.397664415558,0,0,0
122.634,12064,0,31,1186.582128,264.135127,-0.342885,1057.5822952044166,1059.397664415558,0,0,0
122.644,12065,0,31,1186.582128,264.135127,-0.34316,1057.5822952044166,1059.397664415558,0,0,0
122.654,12066,0,31,1186.582128,264.135127,-0.343873,1057.5822952044166,1059.397664415558,0,0,0
122.664,12067,0,31,1186.582128,264.135127,-0.344696,1057.5822952044166,1059.397664415558,0,0,0
122.674,12068,0,31,1186.582128,264.135127,-0.34537700000000005,1057.5822952044166,1059.397664415558,0,0,0
122.684,12069,0,31,1186.582128,264.135127,-0.345564,1057.5822952044166,1059.397664415558,0,0,0
122.694,12070,0,31,1186.582128,264.135127,-0.34512600000000004,1057.5822952044166,1059.397664415558,0,0,0
122.704,12071,0,31,1186.582128,264.135127,-0.344603,1057.5822952044166,1059.397664415558,0,0,0
122.714,12072,0,31,1186.582128,264.135127,-0.34385600000000005,1057.5822952044166,1059.397664415558,0,0,0
122.724,12073,0,31,1186.582128,264.135127,-0.343191,1057.5822952044166,1059.397664415558,0,0,0
122.734,12074,0,31,1186.582128,264.135127,-0.343164,1057.5822952044166,1059.397664415558,0,0,0
122.744,12075,0,31,1186.582128,264.135127,-0.343205,1057.5822952044166,1059.397664415558,0,0,0
122.754,12076,0,31,1186.582128,264.135127,-0.34366399999999997,1057.5822952044166,1059.397664415558,0,0,0
122.764,12077,0,31,1186.582128,264.135127,-0.343966,1057.5822952044166,1059.397664415558,0,0,0
122.774,12078,0,31,1186.582128,264.135127,-0.344005,1057.5822952044166,1059.397664415558,0,0,0
122.784,12079,0,31,1186.582128,264.135127,-0.344012,1057.5822952044166,1059.397664415558,0,0,0
122.794,12080,0,31,1186.582128,264.135127,-0.344167,1057.5822952044166,1059.397664415558,0,0,0
122.804,12081,0,31,1186.582128,264.135127,-0.34411800000000003,1057.5822952044166,1059.397664415558,0,0,0
122.814,12082,0,31,1186.582128,264.135127,-0.344137,1057.5822952044166,1059.397664415558,0,0,0
122.824,12083,0,31,1186.582128,264.135127,-0.344271,1057.5822952044166,1059.397664415558,0,0,0
122.834,12084,0,31,1186.582128,264.135127,-0.344456,1057.5822952044166,1059.397664415558,0,0,0
122.844,12085,0,31,1186.582128,264.135127,-0.34454799999999997,1057.5822952044166,1059.397664415558,0,0,0
122.854,12086,0,31,1186.582128,264.135127,-0.34478299999999995,1057.5822952044166,1059.397664415558,0,0,0
122.864,12087,0,31,1186.582128,264.135127,-0.344954,1057.5822952044166,1059.397664415558,0,0,0
122.874,12088,0,31,1186.582128,264.135127,-0.34501499999999996,1057.5822952044166,1059.397664415558,0,0,0
122.884,12089,0,31,1186.582128,264.135127,-0.34516,1057.5822952044166,1059.397664415558,0,0,0
122.894,12090,0,31,1186.582128,264.135127,-0.345109,1057.5822952044166,1059.397664415558,0,0,0
122.904,12091,0,31,1186.582128,264.135127,-0.34487199999999996,1057.5822952044166,1059.397664415558,0,0,0
122.914,12092,0,31,1186.582128,264.135127,-0.344519,1057.5822952044166,1059.397664415558,0,0,0
122.924,12093,0,31,1186.582128,264.135127,-0.344128,1057.5822952044166,1059.397664415558,0,0,0
122.934,12094,0,31,1186.582128,264.135127,-0.34399900000000005,1057.5822952044166,1059.397664415558,0,0,0
122.944,12095,0,31,1186.582128,264.135127,-0.34390699999999996,1057.5822952044166,1059.397664415558,0,0,0
122.954,12096,0,31,1186.582128,264.135127,-0.34411899999999995,1057.5822952044166,1059.397664415558,0,0,0
122.964,12097,0,31,1186.582128,264.135127,-0.34441999999999995,1057.5822952044166,1059.397664415558,0,0,0
122.974,12098,0,31,1186.582128,264.135127,-0.34455199999999997,1057.5822952044166,1059.397664415558,0,0,0
122.984,12099,0,31,1186.582128,264.135127,-0.34472100000000006,1057.5822952044166,1059.397664415558,0,0,0
122.994,12100,0,31,1186.582128,264.135127,-0.34470100000000004,1057.5822952044166,1059.397664415558,0,0,0
123.004,12101,0,31,1186.582128,264.135127,-0.34445000000000003,1057.5822952044166,1059.397664415558,0,0,0
123.014,12102,0,31,1186.582128,264.135127,-0.344294,1057.5822952044166,1059.397664415558,0,0,0
123.024,12103,0,31,1186.582128,264.135127,-0.34412600000000004,1057.5822952044166,1059.397664415558,0,0,0
123.034,12104,0,31,1186.582128,264.135127,-0.34398300000000004,1057.5822952044166,1059.397664415558,0,0,0
123.044,12105,0,31,1186.582128,264.135127,-0.34386300000000003,1057.5822952044166,1059.397664415558,0,0,0
123.054,12106,0,31,1186.582128,264.135127,-0.34393399999999996,1057.5822952044166,1059.397664415558,0,0,0
123.064,12107,0,31,1186.582128,264.170592,-0.343862,1057.5822952044166,1059.397664415558,0,0,0
123.074,12108,0,31,1186.582128,264.170592,-0.34382599999999996,1057.5822952044166,1059.397664415558,0,0,0
123.084,12109,0,31,1186.582128,264.170592,-0.343638,1057.5822952044166,1059.397664415558,0,0,0
123.094,12110,0,31,1186.582128,264.170592,-0.342689,1057.5822952044166,1059.397664415558,0,0,0
123.104,12111,0,31,1186.582128,264.170592,-0.34035000000000004,1057.5822952044166,1059.397664415558,0,0,0
123.114,12112,0,31,1186.582128,264.170592,-0.337588,1057.5822952044166,1059.397664415558,0,0,0
123.124,12113,0,31,1186.582128,264.170592,-0.33462800000000004,1057.5822952044166,1059.397664415558,0,0,0
123.134,12114,0,31,1186.582128,264.170592,-0.33209,1057.5822952044166,1059.397664415558,0,0,0
123.144,12115,0,31,1186.657492,264.170592,-0.33260999999999996,1057.5822952044166,1059.397664415558,0,0,0
123.154,12116,0,31,1186.657492,264.170592,-0.332901,1057.5822952044166,1059.397664415558,0,0,0
123.164,12117,0,31,1186.737288,264.170592,-0.332647,1057.5822952044166,1059.397664415558,0,0,0
123.174,12118,0,31,1186.737288,264.250389,-0.33174000000000003,1057.5822952044166,1059.397664415558,0,0,0
123.184,12119,0,31,1186.812651,264.250389,-0.33088799999999996,1057.5822952044166,1059.397664415558,0,0,0
123.194,12120,0,31,1186.812651,264.250389,-0.329994,1057.5822952044166,1059.397664415558,0,0,0
123.204,12121,0,31,1186.812651,264.250389,-0.329175,1057.5822952044166,1059.397664415558,0,0,0
123.214,12122,0,31,1186.892448,264.325752,-0.328473,1057.5822952044166,1059.397664415558,0,0,0
123.224,12123,0,31,1186.892448,264.325752,-0.33094500000000004,1057.5822952044166,1059.397664415558,0,0,0
123.234,12124,0,31,1186.892448,264.325752,-0.33464400000000005,1057.5822952044166,1059.397664415558,0,0,0
123.244,12125,0,31,1186.892448,264.405548,-0.33950199999999997,1057.5822952044166,1059.397664415558,0,0,0
123.254,12126,0,31,1186.892448,264.405548,-0.343919,1057.5822952044166,1059.397664415558,0,0,0
123.264,12127,0,31,1186.892448,264.405548,-0.34696400000000005,1057.5822952044166,1059.397664415558,0,0,0
123.274,12128,0,31,1186.892448,264.405548,-0.34728899999999996,1057.5822952044166,1059.397664415558,0,0,0
123.284,12129,0,31,1186.892448,264.405548,-0.348422,1057.5822952044166,1059.397664415558,0,0,0
123.294,12130,0,31,1186.892448,264.405548,-0.349599,1057.5822952044166,1059.397664415558,0,0,0
123.304,12131,0,31,1186.892448,264.405548,-0.35218700000000003,1057.5822952044166,1059.397664415558,0,0,0
123.314,12132,0,31,1186.892448,264.405548,-0.357027,1057.5822952044166,1059.397664415558,0,0,0
123.324,12133,0,31,1186.892448,264.405548,-0.36128800000000005,1057.5822952044166,1059.397664415558,0,0,0
123.334,12134,0,31,1186.892448,264.405548,-0.36363599999999996,1057.5822952044166,1059.397664415558,0,0,0
123.344,12135,0,31,1186.892448,264.405548,-0.363571,1057.5822952044166,1059.397664415558,0,0,0
123.354,12136,0,31,1186.892448,264.405548,-0.36067499999999997,1057.5822952044166,1059.397664415558,0,0,0
123.364,12137,0,31,1186.892448,264.405548,-0.35622,1057.5822952044166,1059.397664415558,0,0,0
123.374,12138,0,31,1186.892448,264.405548,-0.35330399999999995,1057.5822952044166,1059.397664415558,0,0,0
123.384,12139,0,31,1186.892448,264.405548,-0.35383200000000004,1057.5822952044166,1059.397664415558,0,0,0
123.394,12140,0,31,1186.892448,264.405548,-0.35391700000000004,1057.5822952044166,1059.397664415558,0,0,0
123.404,12141,0,31,1186.972244,264.405548,-0.35339299999999996,1057.5822952044166,1059.397664415558,0,0,0
123.414,12142,0,31,1186.972244,264.485345,-0.352685,1057.5822952044166,1059.397664415558,0,0,0
123.424,12143,0,31,1186.972244,264.485345,-0.351857,1057.5822952044166,1059.397664415558,0,0,0
123.434,12144,0,31,1187.047608,264.485345,-0.350923,1057.5822952044166,1059.397664415558,0,0,0
123.444,12145,0,31,1187.047608,264.485345,-0.34986700000000004,1057.5822952044166,1059.397664415558,0,0,0
123.454,12146,0,31,1187.047608,264.560708,-0.34893300000000005,1057.5822952044166,1059.397664415558,0,0,0
123.464,12147,0,31,1187.047608,264.560708,-0.347977,1057.5822952044166,1059.397664415558,0,0,0
123.474,12148,0,31,1187.047608,264.560708,-0.347247,1057.5822952044166,1059.397664415558,0,0,0
123.484,12149,0,31,1187.047608,264.560708,-0.34714599999999995,1057.5822952044166,1059.397664415558,0,0,0
123.494,12150,0,31,1187.047608,264.560708,-0.34758599999999995,1057.5822952044166,1059.397664415558,0,0,0
123.504,12151,0,31,1187.047608,264.560708,-0.347993,1057.5822952044166,1059.397664415558,0,0,0
123.514,12152,0,31,1187.047608,264.600606,-0.34801800000000005,1057.5822952044166,1059.397664415558,0,0,0
123.524,12153,0,31,1187.047608,264.600606,-0.347985,1057.5822952044166,1059.397664415558,0,0,0
123.534,12154,0,31,1187.047608,264.600606,-0.34799,1057.5822952044166,1059.397664415558,0,0,0
123.544,12155,0,31,1187.047608,264.600606,-0.34825700000000004,1057.5822952044166,1059.397664415558,0,0,0
123.554,12156,0,31,1187.047608,264.600606,-0.348739,1057.5822952044166,1059.397664415558,0,0,0
123.564,12157,0,31,1187.047608,264.600606,-0.348241,1057.5822952044166,1059.397664415558,0,0,0
123.574,12158,0,31,1187.047608,264.600606,-0.346233,1057.5822952044166,1059.397664415558,0,0,0
123.584,12159,0,31,1187.047608,264.600606,-0.34421599999999997,1057.5822952044166,1059.397664415558,0,0,0
123.594,12160,0,31,1187.047608,264.600606,-0.34243100000000004,1057.5822952044166,1059.397664415558,0,0,0
123.604,12161,0,31,1187.087506,264.600606,-0.34331599999999995,1057.5822952044166,1059.397664415558,0,0,0
123.614,12162,0,31,1187.087506,264.680403,-0.343757,1057.5822952044166,1059.397664415558,0,0,0
123.624,12163,0,31,1187.162869,264.680403,-0.344618,1057.5822952044166,1059.397664415558,0,0,0
123.634,12164,0,31,1187.162869,264.680403,-0.34650099999999995,1057.5822952044166,1059.397664415558,0,0,0
123.644,12165,0,31,1187.162869,264.755766,-0.346801,1057.5822952044166,1059.397664415558,0,0,0
123.654,12166,0,31,1187.242666,264.755766,-0.34604900000000005,1057.5822952044166,1059.397664415558,0,0,0
123.664,12167,0,31,1187.242666,264.835563,-0.34238,1057.5822952044166,1059.397664415558,0,0,0
123.674,12168,0,31,1187.242666,264.835563,-0.337519,1057.5822952044166,1059.397664415558,0,0,0
123.684,12169,0,31,1187.242666,264.910926,-0.331349,1057.5822952044166,1059.397664415558,0,0,0
123.694,12170,0,31,1187.322462,264.910926,-0.32511,1057.5822952044166,1059.397664415558,0,0,0
123.704,12171,0,31,1187.322462,264.990722,-0.319879,1057.5822952044166,1059.397664415558,0,0,0
123.714,12172,0,31,1187.397825,265.066086,-0.31650900000000004,1057.5822952044166,1059.397664415558,0,0,0
123.724,12173,0,31,1187.397825,265.145882,-0.31649099999999997,1057.5822952044166,1059.397664415558,0,0,0
123.734,12174,0,31,1187.477622,265.225679,-0.31621900000000003,1057.5822952044166,1059.397664415558,0,0,0
123.744,12175,0,31,1187.552985,265.225679,-0.31546300000000005,1057.5822952044166,1059.397664415558,0,0,0
123.754,12176,0,31,1187.552985,265.301042,-0.317153,1057.5822952044166,1059.397664415558,0,0,0
123.764,12177,0,31,1187.632782,265.301042,-0.31921600000000006,1057.5822952044166,1059.397664415558,0,0,0
123.774,12178,0,31,1187.632782,265.301042,-0.32093400000000005,1057.5822952044166,1059.397664415558,0,0,0
123.784,12179,0,31,1187.632782,265.301042,-0.31901,1057.5822952044166,1059.397664415558,0,0,0
123.794,12180,0,31,1187.632782,265.301042,-0.30130199999999996,1057.5822952044166,1059.397664415558,0,0,0
123.804,12181,0,31,1187.672680,265.301042,-0.296323,1057.5822952044166,1059.397664415558,0,0,0
123.814,12182,0,31,1187.672680,265.301042,-0.29779900000000004,1057.5822952044166,1059.397664415558,0,0,0
123.824,12183,0,31,1187.672680,265.301042,-0.30225900000000006,1057.5822952044166,1059.397664415558,0,0,0
123.834,12184,0,31,1187.672680,265.301042,-0.30907399999999996,1057.5822952044166,1059.397664415558,0,0,0
123.844,12185,0,31,1187.672680,265.301042,-0.31648699999999996,1057.5822952044166,1059.397664415558,0,0,0
123.854,12186,0,31,1187.672680,265.301042,-0.32031299999999996,1057.5822952044166,1059.397664415558,0,0,0
123.864,12187,0,31,1187.672680,265.301042,-0.321601,1057.5822952044166,1059.397664415558,0,0,0
123.874,12188,0,31,1187.672680,265.301042,-0.32450199999999996,1057.5822952044166,1059.397664415558,0,0,0
123.884,12189,0,31,1187.672680,265.380838,-0.33050100000000004,1057.5822952044166,1059.397664415558,0,0,0
123.894,12190,0,31,1187.672680,265.380838,-0.33243599999999995,1057.5822952044166,1059.397664415558,0,0,0
123.904,12191,0,31,1187.748043,265.456202,-0.328769,1057.5822952044166,1059.397664415558,0,0,0
123.914,12192,0,31,1187.827840,265.456202,-0.32516500000000004,1057.5822952044166,1059.397664415558,0,0,0
123.924,12193,0,31,1187.827840,265.535998,-0.32460500000000003,1057.5822952044166,1059.397664415558,0,0,0
123.934,12194,0,31,1187.903203,265.535998,-0.32705799999999996,1057.5822952044166,1059.397664415558,0,0,0
123.944,12195,0,31,1187.982999,265.535998,-0.334581,1057.5822952044166,1059.397664415558,0,0,0
123.954,12196,0,31,1187.982999,265.535998,-0.34399500000000005,1057.5822952044166,1059.397664415558,0,0,0
123.964,12197,0,31,1188.062796,265.615795,-0.351738,1057.5822952044166,1059.397664415558,0,0,0
123.974,12198,0,31,1188.138159,265.615795,-0.356637,1057.5822952044166,1059.397664415558,0,0,0
123.984,12199,0,31,1188.293319,265.615795,-0.356911,1057.5822952044166,1059.397664415558,0,0,0
123.994,12200,0,31,1188.293319,265.615795,-0.35535799999999995,1057.5822952044166,1059.397664415558,0,0,0
124.004,12201,0,31,1188.373115,265.615795,-0.35354700000000006,1057.5822952044166,1059.397664415558,0,0,0
124.014,12202,0,31,1188.373115,265.615795,-0.35185500000000003,1057.5822952044166,1059.397664415558,0,0,0
124.024,12203,0,31,1188.373115,265.651260,-0.352807,1057.5822952044166,1059.397664415558,0,0,0
124.034,12204,0,31,1188.373115,265.651260,-0.35245499999999996,1057.5822952044166,1059.6570029409795,0,0,0
124.044,12205,0,31,1188.413014,265.651260,-0.35307200000000005,1057.5822952044166,1059.6570029409795,0,0,0
124.054,12206,0,31,1188.413014,265.651260,-0.35364399999999996,1057.5822952044166,1059.6570029409795,0,0,0
124.064,12207,0,31,1188.413014,265.651260,-0.35328000000000004,1057.5822952044166,1059.6570029409795,0,0,0
124.074,12208,0,31,1188.413014,265.651260,-0.35321199999999997,1057.5822952044166,1059.6570029409795,0,0,0
124.084,12209,0,31,1188.488377,265.651260,-0.353978,1057.5822952044166,1059.6570029409795,0,0,0
124.094,12210,0,31,1188.488377,265.651260,-0.353897,1057.5822952044166,1059.6570029409795,0,0,0
124.104,12211,0,31,1188.488377,265.651260,-0.35006499999999996,1057.5822952044166,1059.6570029409795,0,0,0
124.114,12212,0,31,1188.568173,265.651260,-0.344993,1057.5822952044166,1059.6570029409795,0,0,0
124.124,12213,0,31,1188.568173,265.731056,-0.34279899999999996,1057.5822952044166,1059.6570029409795,0,0,0
124.134,12214,0,31,1188.643537,265.731056,-0.34458500000000003,1057.5822952044166,1059.6570029409795,0,0,0
124.144,12215,0,31,1188.723333,265.731056,-0.34757000000000005,1057.5822952044166,1059.6570029409795,0,0,0
124.154,12216,0,31,1188.803130,265.731056,-0.352877,1057.5822952044166,1059.6570029409795,0,0,0
124.164,12217,0,31,1188.958289,265.731056,-0.361734,1057.5822952044166,1060.175679914021,0,0,0
124.174,12218,0,31,1189.113449,265.731056,-0.37422900000000003,1057.5822952044166,1060.435018361641,0,0,0
124.184,12219,0,31,1189.348405,265.731056,-0.389502,1057.5822952044166,1060.694356809261,0,0,0
124.194,12220,0,31,1189.578928,265.731056,-0.4073,1057.5822952044166,1060.953695256881,0,0,0
124.204,12221,0,31,1189.738521,265.806419,-0.42240599999999995,1057.5822952044166,1060.953695256881,0,0,0
124.214,12222,0,31,1189.813885,265.806419,-0.43287699999999996,1057.8416336520365,1061.2130337823025,0,0,0
124.224,12223,0,31,1189.969044,265.806419,-0.442978,1057.8416336520365,1061.2130337823025,0,0,0
124.234,12224,0,31,1190.048841,265.806419,-0.44854499999999997,1058.1009720996565,1061.4723722299227,0,0,0
124.244,12225,0,31,1190.124204,265.806419,-0.455685,1058.1009720996565,1061.731710755344,0,0,0
124.254,12226,0,31,1190.283797,265.806419,-0.467321,1058.1009720996565,1061.9910492029642,0,0,0
124.264,12227,0,31,1190.359160,265.806419,-0.48056299999999996,1058.3603105472764,1061.9910492029642,0,0,0
124.274,12228,0,31,1190.438957,265.886216,-0.489591,1058.3603105472764,1061.9910492029642,0,0,0
124.284,12229,0,31,1190.594117,265.886216,-0.491737,1058.8789875203179,1061.9910492029642,0,0,0
124.294,12230,0,31,1190.669480,265.886216,-0.48450800000000005,1058.8789875203179,1062.250387650584,0,0,0
124.304,12231,0,31,1190.749276,265.886216,-0.46913000000000005,1059.1383260457396,1062.250387650584,0,0,0
124.314,12232,0,31,1190.904436,265.886216,-0.453912,1059.1383260457396,1062.250387650584,0,0,0
124.324,12233,0,31,1190.904436,265.926114,-0.44868399999999997,1059.1383260457396,1062.250387650584,0,0,0
124.334,12234,0,31,1190.984233,265.926114,-0.45225099999999996,1059.1383260457396,1062.5097261760056,0,0,0
124.344,12235,0,31,1191.059596,265.926114,-0.457515,1059.1383260457396,1062.5097261760056,0,0,0
124.354,12236,0,31,1191.059596,265.926114,-0.460452,1059.1383260457396,1062.7690646236256,0,0,0
124.364,12237,0,31,1191.139392,265.926114,-0.460947,1059.1383260457396,1062.7690646236256,0,0,0
124.374,12238,0,31,1191.139392,265.926114,-0.46196000000000004,1059.1383260457396,1062.7690646236256,0,0,0
124.384,12239,0,31,1191.219189,265.926114,-0.463028,1059.1383260457396,1062.7690646236256,0,0,0
124.394,12240,0,31,1191.294552,265.926114,-0.462267,1059.3976644933596,1063.028403149047,0,0,0
124.404,12241,0,31,1191.449712,265.926114,-0.448921,1059.6570029409795,1063.028403149047,0,0,0
124.414,12242,0,31,1191.604872,265.926114,-0.42684500000000003,1059.9163413885994,1063.028403149047,0,0,0
124.424,12243,0,31,1191.839828,265.926114,-0.394687,1060.435018361641,1063.2877415966673,0,0,0
124.434,12244,0,31,1192.074784,265.926114,-0.360688,1060.6943568870624,1063.2877415966673,0,0,0
124.444,12245,0,31,1192.309740,265.926114,-0.33591000000000004,1060.6943568870624,1063.547080044287,0,0,0
124.454,12246,0,31,1192.620060,265.926114,-0.33286499999999997,1061.2130337823025,1063.806418491907,0,0,0
124.464,12247,0,31,1193.050074,265.926114,-0.33007699999999995,1061.7317106775424,1064.3250954649486,0,0,0
124.474,12248,0,31,1193.475655,265.926114,-0.32616199999999995,1061.991049202964,1064.84377243799,0,0,0
124.484,12249,0,31,1194.060829,265.926114,-0.320592,1062.5097261760056,1065.3624493332302,0,0,0
124.494,12250,0,31,1194.490844,265.926114,-0.323338,1063.2877415188655,1065.8811263062717,0,0,0
124.504,12251,0,31,1195.151381,265.926114,-0.33062199999999997,1063.8064185697087,1066.3998032793131,0,0,0
124.514,12252,0,31,1195.776453,265.926114,-0.33445400000000003,1064.5844339125686,1066.9184801745532,0,0,0
124.524,12253,0,31,1196.556685,265.926114,-0.32939799999999997,1065.1031108856102,1067.4371571475945,0,0,0
124.534,12254,0,31,1197.257121,265.926114,-0.312619,1066.1404647538916,1068.4745110158763,0,0,0
124.544,12255,0,31,1198.072818,265.926114,-0.291369,1066.9184802523546,1068.9931879889175,0,0,0
124.554,12256,0,31,1198.813151,265.926114,-0.26362399999999997,1067.6964955952146,1069.5118649619592,0,0,0
124.564,12257,0,31,1199.673180,265.926114,-0.232729,1068.4745110936776,1070.5492188302408,0,0,0
124.574,12258,0,31,1200.528775,265.926114,-0.201712,1069.5118648841576,1071.0678958032822,0,0,0
124.584,12259,0,31,1201.384370,265.926114,-0.174009,1070.5492188302408,1072.1052496715638,0,0,0
124.594,12260,0,31,1202.359660,265.926114,-0.146127,1071.5865727763237,1072.8832650922252,0,0,0
124.604,12261,0,31,1203.179791,265.846318,-0.11571000000000001,1072.6239265668037,1073.6612805128868,0,0,0
124.614,12262,0,31,1204.230444,265.770954,-0.082902,1073.6612805128868,1074.6986343811682,0,0,0
124.624,12263,0,31,1205.125937,265.770954,-0.051045,1074.6986344589698,1075.7359883272513,0,0,0
124.634,12264,0,31,1206.061329,265.770954,-0.023492,1075.7359882494497,1076.7733421955327,0,0,0
124.644,12265,0,31,1207.111983,265.770954,0.004456000000000002,1076.7733421955327,1077.8106960638142,0,0,0
124.654,12266,0,31,1208.087273,265.770954,0.03174299999999999,1077.8106961416158,1078.3293730368557,0,0,0
124.664,12267,0,31,1209.022664,265.770954,0.061897999999999995,1078.8480499320958,1079.3667269051375,0,0,0
124.674,12268,0,31,1209.918158,265.770954,0.09770000000000001,1079.885403878179,1080.4040808512204,0,0,0
124.684,12269,0,31,1210.738288,265.691158,0.138448,1080.6634192988404,1081.1820962718818,0,0,0
124.694,12270,0,31,1211.713578,265.615795,0.179844,1081.7007731671217,1081.9601116925435,0,0,0
124.704,12271,0,31,1212.644537,265.615795,0.218236,1082.738127113205,1082.4787885877834,0,0,0
124.714,12272,0,31,1213.659725,265.535998,0.25592400000000004,1083.7754809814865,1083.5161425338663,0,0,0
124.724,12273,0,31,1214.865538,265.535998,0.28840200000000005,1084.812834849768,1084.553496402148,0,0,0
124.734,12274,0,31,1215.995988,265.456202,0.32046600000000003,1085.850188795851,1085.3315118228095,0,0,0
124.744,12275,0,31,1216.931379,265.456202,0.35344,1087.146881189554,1086.368865691091,0,0,0
124.754,12276,0,31,1218.061829,265.456202,0.381745,1088.4435735054556,1087.406219637174,0,0,0
124.764,12277,0,31,1219.152381,265.456202,0.405776,1089.4809273737371,1088.7029119530755,0,0,0
124.774,12278,0,31,1220.242932,265.380838,0.430114,1090.77761976744,1089.7402658991587,0,0,0
124.784,12279,0,31,1221.918658,265.380838,0.458155,1092.0743121611429,1090.77761976744,0,0,0
124.794,12280,0,31,1223.009209,265.301042,0.48627299999999996,1093.1116660294247,1091.8149736357216,0,0,0
124.804,12281,0,31,1224.099761,265.301042,0.518367,1094.408358345326,1092.8523275818045,0,0,0
124.814,12282,0,31,1225.114949,265.225679,0.560419,1095.705050739029,1093.889681450086,0,0,0
124.824,12283,0,31,1226.205501,265.145882,0.6111099999999999,1096.7424046851122,1094.6676968707477,0,0,0
124.834,12284,0,31,1227.256154,265.145882,0.671256,1098.039097078815,1095.705050739029,0,0,0
124.844,12285,0,31,1228.311240,265.145882,0.738768,1099.3357893947166,1096.4830661596907,0,0,0
124.854,12286,0,31,1229.321995,265.066086,0.811634,1100.3731432629982,1097.5204201057736,0,0,0
124.864,12287,0,31,1230.217489,265.066086,0.892184,1101.9291741043212,1098.2984355264352,0,0,0
124.874,12288,0,31,1231.427735,264.990722,0.9756379999999999,1102.9665280504041,1099.3357893947166,0,0,0
124.884,12289,0,31,1232.593650,264.835563,1.05904,1104.5225588917272,1100.1138048153782,0,0,0
124.894,12290,0,31,1233.688635,264.835563,1.1424290000000001,1105.5599127600087,1101.1511586836596,0,0,0
124.904,12291,0,31,1234.779186,264.835563,1.227011,1107.1159436013318,1101.9291741043212,0,0,0
124.914,12292,0,31,1235.909636,264.755766,1.31936,1108.6719744426548,1102.9665280504041,0,0,0
124.924,12293,0,31,1237.000187,264.755766,1.4165960000000002,1109.9686668363577,1103.7445434710658,0,0,0
124.934,12294,0,31,1238.050841,264.755766,1.516626,1111.2653591522594,1104.781897339347,0,0,0
124.944,12295,0,31,1239.026131,264.755766,1.620479,1112.8213899935824,1105.5599127600087,0,0,0
124.954,12296,0,31,1239.376349,264.715868,1.7333340000000002,1114.1180823872853,1106.3379281806701,0,0,0
124.964,12297,0,31,1240.466900,264.715868,1.852495,1115.4147747809884,1107.1159436013318,0,0,0
124.974,12298,0,31,1241.362394,264.715868,1.9760240000000002,1116.71146709689,1107.8939590219932,0,0,0
124.984,12299,0,31,1242.102727,264.715868,2.102141,1118.008159490593,1108.4126359950349,0,0,0
124.994,12300,0,31,1243.038119,264.715868,2.229739,1119.3048518842959,1108.9313128902747,0,0,0
125.004,12301,0,31,1243.858249,264.640505,2.413831,1120.6015442001974,1109.7093283109364,0,0,0
125.014,12302,0,31,1244.753743,264.640505,2.540009,1121.6388981462806,1110.2280052839778,0,0,0
125.024,12303,0,31,1245.844294,264.640505,2.671135,1123.1949289876036,1111.0060207046395,0,0,0
125.034,12304,0,31,1246.934846,264.640505,2.806829,1124.7509598289266,1111.7840361253009,0,0,0
125.044,12305,0,31,1247.945601,264.640505,2.948674,1125.788313697208,1112.5620515459625,0,0,0
125.054,12306,0,31,1249.115949,264.640505,3.1039410000000003,1127.344344538531,1113.080728519004,0,0,0
125.064,12307,0,31,1250.286297,264.640505,3.272316,1129.159713827474,1114.1180823872853,0,0,0
125.074,12308,0,31,1251.571907,264.640505,3.446886,1130.715744668797,1114.636759360327,0,0,0
125.084,12309,0,31,1252.702356,264.640505,3.628382,1132.5311140355416,1115.6741132286083,0,0,0
125.094,12310,0,31,1253.948068,264.640505,3.8167150000000003,1134.3464833244848,1116.19279020165,0,0,0
125.104,12311,0,31,1255.153881,264.560708,4.010975999999999,1135.9025141658078,1116.71146709689,0,0,0
125.114,12312,0,31,1256.284330,264.560708,4.2078489999999995,1137.7178834547508,1117.2301440699314,0,0,0
125.124,12313,0,31,1257.144359,264.640505,4.406339999999999,1139.2739142960738,1118.267497938213,0,0,0
125.134,12314,0,31,1258.390070,264.640505,4.603577,1140.8299451373969,1118.7861749112544,0,0,0
125.144,12315,0,31,1259.440723,264.640505,4.799415,1142.38597597872,1119.3048518842959,0,0,0
125.154,12316,0,31,1260.455912,264.640505,4.993501999999999,1143.9420068200427,1119.823528779536,0,0,0
125.164,12317,0,31,1261.426769,264.640505,5.190748999999999,1145.4980376613657,1120.3422057525775,0,0,0
125.174,12318,0,31,1262.246899,264.715868,5.388033999999999,1147.0540685026888,1120.860882725619,0,0,0
125.184,12319,0,31,1263.182290,264.715868,5.590515,1148.350760896392,1121.379559620859,0,0,0
125.194,12320,0,31,1264.037886,264.715868,5.794771,1149.647453290095,1121.8982365939005,0,0,0
125.204,12321,0,31,1264.973278,264.715868,6.003146999999999,1151.203484131418,1122.1575750415204,0,0,0
125.214,12322,0,31,1265.793408,264.795664,6.218757999999999,1152.759514972741,1122.416913566942,0,0,0
125.224,12323,0,31,1266.649003,264.795664,6.437646999999999,1154.315545814064,1122.935590462182,0,0,0
125.234,12324,0,31,1267.504598,264.795664,6.656616,1155.6122381299656,1123.194928909802,0,0,0
125.244,12325,0,31,1268.364627,264.795664,6.8824629999999996,1157.1682689712886,1123.713605960645,0,0,0
125.254,12326,0,31,1269.180324,264.795664,7.109311,1158.7242998126117,1124.232282855885,0,0,0
125.264,12327,0,31,1270.000454,264.795664,7.33109,1160.2803306539347,1124.491621303505,0,0,0
125.274,12328,0,31,1271.051107,264.795664,7.554601,1162.3550384682992,1125.0102982765466,0,0,0
125.284,12329,0,31,1271.986499,264.795664,7.785537,1163.9110693096222,1125.528975249588,0,0,0
125.294,12330,0,31,1273.001687,264.795664,8.010599000000001,1165.4671001509453,1126.047652144828,0,0,0
125.304,12331,0,31,1273.897181,264.875461,8.236275000000001,1167.5418079653098,1126.8256676432911,0,0,0
125.314,12332,0,31,1275.027631,265.030621,8.455925,1169.0978388066328,1127.603682986151,0,0,0
125.324,12333,0,31,1276.233444,265.105984,8.666798,1171.172546543196,1128.1223599591926,0,0,0
125.334,12334,0,31,1277.363894,265.185780,8.866159,1172.7285773845188,1128.900375379854,0,0,0
125.344,12335,0,31,1278.414547,265.340940,9.072312,1174.5439467512633,1129.6783908005157,0,0,0
125.354,12336,0,31,1279.509531,265.340940,9.274239,1176.3593160402065,1130.1970677735571,0,0,0
125.364,12337,0,31,1280.715345,265.340940,9.471179000000001,1177.9153468815293,1130.9750831164172,0,0,0
125.374,12338,0,31,1281.961056,265.340940,9.673378000000001,1179.7307161704725,1131.7530986148802,0,0,0
125.384,12339,0,31,1283.091506,265.380838,9.876336,1181.546085537217,1132.2717755101203,0,0,0
125.394,12340,0,31,1284.106694,265.380838,10.075124,1183.10211637854,1133.3091294562032,0,0,0
125.404,12341,0,31,1285.392303,265.380838,10.274264,1184.917485667483,1133.8278063514433,0,0,0
125.414,12342,0,31,1286.677913,265.380838,10.477475,1186.732854956426,1134.8651602975262,0,0,0
125.424,12343,0,31,1287.963522,265.380838,10.676274000000001,1188.2888857977491,1135.3838371927661,0,0,0
125.434,12344,0,31,1289.169335,265.380838,10.869297000000001,1190.1042551644937,1136.421191138849,0,0,0
125.444,12345,0,31,1290.494843,265.380838,11.057747,1191.9196244534367,1136.9398680340892,0,0,0
125.454,12346,0,31,1291.740555,265.301042,11.240055,1193.4756552947597,1137.977221980172,0,0,0
125.464,12347,0,31,1293.026164,265.225679,11.419629,1195.5503631091242,1138.4958988754122,0,0,0
125.474,12348,0,31,1294.351672,265.145882,11.595263000000001,1197.1063939504472,1139.5332528214954,0,0,0
125.484,12349,0,31,1295.597383,265.145882,11.768619000000001,1199.440440212432,1140.5706066897767,0,0,0
125.494,12350,0,31,1296.922891,265.145882,11.942553,1200.7371325283332,1141.0892836628184,0,0,0
125.504,12351,0,31,1298.403558,265.066086,12.12533,1202.811840342698,1142.1266375310997,0,0,0
125.514,12352,0,31,1299.924124,265.066086,12.317894,1205.1458866046823,1143.1639913993813,0,0,0
125.524,12353,0,31,1301.364893,264.990722,12.515879,1207.4799328666668,1144.2013453454645,0,0,0
125.534,12354,0,31,1302.965256,265.066086,12.722403,1209.55464060323,1145.2386992137458,0,0,0
125.544,12355,0,31,1304.636548,265.066086,12.926953000000001,1211.629348495396,1146.7947300550688,0,0,0
125.554,12356,0,31,1306.471866,265.066086,13.131018000000001,1213.9633946795789,1147.8320839233504,0,0,0
125.564,12357,0,31,1307.987999,264.990722,13.333813000000001,1216.297441019365,1148.8694378694333,0,0,0
125.574,12358,0,31,1309.703623,264.910926,13.549552,1218.631487203548,1149.9067917377151,0,0,0
125.584,12359,0,31,1311.459145,264.755766,13.781494,1220.965533543334,1151.203484131418,0,0,0
125.594,12360,0,31,1313.130437,264.755766,14.027067,1223.558918175137,1152.5001764473195,0,0,0
125.604,12361,0,31,1314.611105,264.755766,14.276883,1225.8929645149233,1153.5375303934027,0,0,0
125.614,12362,0,31,1316.446423,264.755766,14.667801,1228.2270106991061,1154.574884261684,0,0,0
125.624,12363,0,31,1317.927091,264.680403,14.936374,1230.5610570388922,1155.6122381299656,0,0,0
125.634,12364,0,31,1319.562918,264.680403,15.211199,1232.8951032230752,1156.6495920760485,0,0,0
125.644,12365,0,31,1321.274109,264.600606,15.493188,1235.7478264581011,1157.68694594433,0,0,0
125.654,12366,0,31,1322.874471,264.520810,15.776186000000001,1238.0818727978874,1158.7242998126117,0,0,0
125.664,12367,0,31,1324.625560,264.520810,16.057793,1240.6752574296904,1160.0209922063145,0,0,0
125.674,12368,0,31,1326.456445,264.445447,16.34096,1243.2686422170964,1161.058346074596,0,0,0
125.684,12369,0,31,1328.132170,264.445447,16.625865,1245.8620270045024,1162.3550384682992,0,0,0
125.694,12370,0,31,1330.703389,264.365650,16.908533000000002,1248.4554116363054,1163.3923923365805,0,0,0
125.704,12371,0,31,1332.339217,264.445447,17.185529,1251.0487964237113,1164.4297462826637,0,0,0
125.714,12372,0,31,1334.014942,264.445447,17.464402,1253.6421812111175,1165.4671001509453,0,0,0
125.724,12373,0,31,1335.925624,264.520810,17.74852,1256.2355658429208,1166.7637925446481,0,0,0
125.734,12374,0,31,1337.716611,264.520810,18.034578,1258.8289506303265,1168.0604848605496,0,0,0
125.744,12375,0,31,1339.547496,264.520810,18.31835,1261.4223354177327,1169.0978388066328,0,0,0
125.754,12376,0,31,1341.263120,264.520810,18.598834,1264.0157200495357,1170.1351926749142,0,0,0
125.764,12377,0,31,1342.978744,264.520810,18.877343,1266.3497663893218,1171.172546543196,0,0,0
125.774,12378,0,31,1344.694368,264.520810,19.14996,1268.6838125735048,1172.2099004892789,0,0,0
125.784,12379,0,31,1346.330195,264.485345,19.414995,1271.2771973609108,1173.2472543575602,0,0,0
125.794,12380,0,31,1347.926124,264.485345,19.675731,1273.351905097474,1174.2846082258418,0,0,0
125.804,12381,0,31,1349.331428,264.485345,19.933935,1275.9452898848797,1175.3219621719247,0,0,0
125.814,12382,0,31,1350.847561,264.405548,20.184762,1278.0199976214428,1176.3593160402065,0,0,0
125.824,12383,0,31,1352.368127,264.325752,20.426274,1280.094705513609,1177.3966699084879,0,0,0
125.834,12384,0,31,1353.964056,264.325752,20.663006,1282.428751697792,1178.4340238545708,0,0,0
125.844,12385,0,31,1355.444723,264.325752,20.892136,1284.762798037578,1179.4713777228524,0,0,0
125.854,12386,0,31,1357.084984,264.365650,21.11205,1286.837505774141,1180.5087315911337,0,0,0
125.864,12387,0,31,1358.680913,264.365650,21.321587,1288.912213510704,1181.546085537217,0,0,0
125.874,12388,0,31,1360.316740,264.445447,21.522122,1291.2462598504903,1183.10211637854,0,0,0
125.884,12389,0,31,1361.992465,264.600606,21.712643,1293.320967587053,1184.1394702468215,0,0,0
125.894,12390,0,31,1363.628293,264.600606,21.891963,1295.9143523744592,1185.6955010881443,0,0,0
125.904,12391,0,31,1365.419280,264.600606,22.063096,1297.9890601110224,1186.992193404046,0,0,0
125.914,12392,0,31,1367.174802,264.600606,22.234333,1300.3231064508084,1188.2888857977491,0,0,0
125.924,12393,0,31,1369.005687,264.600606,22.404271,1302.6571526349912,1189.844916639072,0,0,0
125.934,12394,0,31,1370.566151,264.600606,22.570696,1304.7318604493557,1190.882270585155,0,0,0
125.944,12395,0,31,1372.277342,264.600606,22.732491,1307.0659067113404,1192.4383014264781,0,0,0
125.954,12396,0,31,1374.538241,264.520810,22.891968000000002,1309.1406144479035,1193.9943322678012,0,0,0
125.964,12397,0,31,1376.524286,264.445447,23.043207,1311.4746607876893,1195.5503631091242,0,0,0
125.974,12398,0,31,1378.395070,264.365650,23.194266,1313.8087069718724,1197.1063939504472,0,0,0
125.984,12399,0,31,1380.110694,264.290287,23.340171,1316.1427533116587,1198.6624247917703,0,0,0
125.994,12400,0,31,1382.136637,264.210490,23.478548,1318.736138021263,1200.218455633093,0,0,0
126.004,12401,0,31,1384.162580,264.135127,23.615401000000002,1320.8108458356276,1202.0338249220363,0,0,0
126.014,12402,0,31,1385.953567,264.135127,23.754903,1323.404230545232,1203.8491942109792,0,0,0
126.024,12403,0,31,1388.019409,264.135127,23.8938,1325.9976152548365,1205.4052250523023,0,0,0
126.034,12404,0,31,1389.890192,264.095229,24.035325,1328.3316615946228,1207.4799328666668,0,0,0
126.044,12405,0,31,1391.956034,264.015432,24.173624,1330.6657077788059,1209.0359637079898,0,0,0
126.054,12406,0,31,1394.021875,263.940069,24.306823,1332.9997541185917,1210.5919945493129,0,0,0
126.064,12407,0,31,1396.007920,263.940069,24.433843,1335.593138750395,1212.4073638382558,0,0,0
126.074,12408,0,31,1397.914169,263.780476,24.557862,1337.6678466425608,1214.2227332050004,0,0,0
126.084,12409,0,31,1399.629793,263.625316,24.674985,1340.0018928267439,1216.0381024939434,0,0,0
126.094,12410,0,31,1401.425213,263.394793,24.784216,1342.3359391665301,1217.8534717828863,0,0,0
126.104,12411,0,31,1403.291563,263.314997,24.887176,1344.6699853507132,1219.4095026242094,0,0,0
126.114,12412,0,31,1404.812129,263.235200,24.989452,1347.004031690499,1221.224871990954,0,0,0
126.124,12413,0,31,1406.877971,263.235200,25.098691,1349.338077874682,1222.7809028322772,0,0,0
126.134,12414,0,31,1408.668958,263.080041,25.21542,1351.4127856890466,1224.3369336736,0,0,0
126.144,12415,0,31,1410.499843,263.004677,25.341015000000002,1353.487493503411,1225.6336259895018,0,0,0
126.154,12416,0,31,1412.295263,262.924881,25.471705,1355.5622012399742,1227.1896568308246,0,0,0
126.164,12417,0,31,1414.166047,262.689925,25.609895,1357.8962475797603,1228.4863492245277,0,0,0
126.174,12418,0,31,1416.032397,262.614561,25.750768,1359.9709553163232,1230.0423800658507,0,0,0
126.184,12419,0,31,1417.982977,262.534765,25.89266,1362.0456630528863,1231.5984109071737,0,0,0
126.194,12420,0,31,1419.813862,262.459402,26.030354,1364.379709392672,1232.8951033008768,0,0,0
126.204,12421,0,31,1421.529486,262.379605,26.162534,1366.4544171292353,1234.4511341421999,0,0,0
126.214,12422,0,31,1423.400269,262.224445,26.285985,1368.7884634690215,1236.007164983523,0,0,0
126.224,12423,0,31,1425.306518,262.224445,26.452303,1371.1225096532041,1237.8225342724659,0,0,0
126.234,12424,0,31,1427.217200,262.144649,26.547773,1373.1972174675689,1239.6379035614088,0,0,0
126.244,12425,0,31,1428.892925,262.144649,26.634534000000002,1375.2719252819334,1241.1939344027319,0,0,0
126.254,12426,0,31,1430.799174,262.144649,26.719718,1377.3466330184965,1243.0093037694764,0,0,0
126.264,12427,0,31,1432.709856,262.069286,26.80244,1379.6806793582825,1244.8246730584194,0,0,0
126.274,12428,0,31,1434.500843,261.989489,26.883674,1381.7553870948457,1246.3807038997425,0,0,0
126.284,12429,0,31,1436.451423,261.914126,26.963367,1383.8300948314084,1247.9367347410655,0,0,0
126.294,12430,0,31,1437.852294,261.914126,27.044442,1385.9048027235747,1249.4927655823888,0,0,0
126.304,12431,0,31,1439.762976,261.914126,27.124723,1387.9795104601376,1251.3081348713315,0,0,0
126.314,12432,0,31,1441.673657,261.834329,27.195743,1390.0542181967007,1253.123504238076,0,0,0
126.324,12433,0,31,1443.579906,261.679170,27.255860000000002,1392.1289260888668,1254.6795350793993,0,0,0
126.334,12434,0,31,1445.450689,261.524010,27.306586,1393.9442953778098,1256.494904368342,0,0,0
126.344,12435,0,31,1447.436735,261.368850,27.35189,1396.2783415619926,1258.5696121827066,0,0,0
126.354,12436,0,31,1449.347416,261.289054,27.390495,1398.3530494541587,1260.3849814716496,0,0,0
126.364,12437,0,31,1451.488621,261.133894,27.421155,1400.4277571907219,1262.2003507605925,0,0,0
126.374,12438,0,31,1453.594361,261.054097,27.446004000000002,1402.2431264796649,1264.2750585749573,0,0,0
126.384,12439,0,31,1455.544941,260.898938,27.471474,1404.3178342940294,1265.8310894162803,0,0,0
126.394,12440,0,31,1457.491088,260.819141,27.496362,1406.3925421083939,1267.9057972306448,0,0,0
126.404,12441,0,31,1459.632292,260.663981,27.524356,1408.467249844957,1269.980504967208,0,0,0
126.414,12442,0,31,1461.582872,260.588618,27.553496,1410.2826191338997,1271.5365358085307,0,0,0
126.424,12443,0,31,1463.258598,260.508822,27.587668,1412.357327026066,1273.6112436228955,0,0,0
126.434,12444,0,31,1465.674657,260.353662,27.624718,1414.6913732102491,1275.1672744642185,0,0,0
126.444,12445,0,31,1467.700601,260.118706,27.662082,1416.7660810246136,1277.241982278583,0,0,0
126.454,12446,0,31,1469.841805,259.963546,27.697166,1418.8407888389784,1279.3166900151457,0,0,0
126.464,12447,0,31,1471.792385,259.888182,27.733284,1420.915496575541,1281.3913978295104,0,0,0
126.474,12448,0,31,1474.048852,259.808386,27.763377000000002,1423.2495429153273,1283.466105643875,0,0,0
126.484,12449,0,31,1476.269853,259.573430,27.782189,1425.5835890995104,1285.540813380438,0,0,0
126.494,12450,0,31,1478.530753,259.418270,27.799315,1427.9176354392962,1287.8748597202243,0,0,0
126.504,12451,0,31,1480.867015,259.263110,27.819796,1430.2516816234793,1290.208905904407,0,0,0
126.514,12452,0,31,1482.972755,259.183314,27.830163,1432.8450664108855,1292.8022906918131,0,0,0
126.524,12453,0,31,1485.428713,259.183314,27.828468,1435.1791125950683,1295.1363368759962,0,0,0
126.534,12454,0,31,1487.725077,259.183314,27.821235,1437.5131589348543,1297.211044768162,0,0,0
126.544,12455,0,31,1490.181035,259.183314,27.807637,1439.8472051190374,1299.8044293999653,0,0,0
126.554,12456,0,31,1492.362138,259.183314,27.779964,1442.1812514588235,1302.3978141873713,0,0,0
126.564,12457,0,31,1494.973255,259.183314,27.740295,1444.5152976430065,1304.9911989747775,0,0,0
126.574,12458,0,31,1497.544474,259.107950,27.689444,1446.8493439827926,1307.5845836065805,0,0,0
126.584,12459,0,31,1500.075795,259.028154,27.634653,1449.442728692397,1310.1779683939865,0,0,0
126.594,12460,0,31,1502.221433,258.872994,27.582001,1451.5174365067617,1312.7713531813927,0,0,0
126.604,12461,0,31,1506.158058,258.872994,27.534497,1454.110821216366,1315.3647378131955,0,0,0
126.614,12462,0,31,1508.219466,258.872994,27.488166,1456.1855290307305,1317.9581226006017,0,0,0
126.624,12463,0,31,1510.480366,258.872994,27.446278,1458.5195752149136,1320.5515073880076,0,0,0
126.634,12464,0,31,1512.621571,258.793198,27.414885,1460.5942831070797,1322.6262151245705,0,0,0
126.644,12465,0,31,1515.232688,258.638038,27.393155,1462.9283292912628,1324.9602613865552,0,0,0
126.654,12466,0,31,1517.608849,258.482878,27.372176,1465.0030371056273,1327.2943076485396,0,0,0
126.664,12467,0,31,1519.639225,258.407515,27.347243,1467.3370833676117,1329.3690153851026,0,0,0
126.674,12468,0,31,1521.820328,258.407515,27.326716,1469.152452656555,1331.4437232772689,0,0,0
126.684,12469,0,31,1524.076795,258.247922,27.30416,1471.2271604709194,1333.777769461452,0,0,0
126.694,12470,0,31,1526.182535,258.172559,27.278024000000002,1473.3018682852842,1335.8524772758165,0,0,0
126.704,12471,0,31,1528.053318,258.017399,27.247346,1475.376576021847,1338.186523537801,0,0,0
126.714,12472,0,31,1530.354116,258.017399,27.207839,1477.7106222838318,1340.5205697997853,0,0,0
126.724,12473,0,31,1532.495321,258.017399,27.162221,1480.0446685458162,1342.85461606177,0,0,0
126.734,12474,0,31,1534.911380,257.937602,27.1085,1482.1193763601807,1345.448000849176,0,0,0
126.744,12475,0,31,1537.132381,257.862239,27.046764,1484.194084174545,1347.522708585739,0,0,0
126.754,12476,0,31,1539.118426,257.782443,26.980393,1486.2687919111083,1349.8567548477238,0,0,0
126.764,12477,0,31,1541.379326,257.627283,26.908295,1488.084161200051,1352.4501395573282,0,0,0
126.774,12478,0,31,1543.445167,257.547486,26.828056,1489.8995305667956,1354.5248473716927,0,0,0
126.784,12479,0,31,1545.471111,257.472123,26.743217,1491.9742383811601,1357.118232081297,0,0,0
126.794,12480,0,31,1547.146836,257.392327,26.661345,1493.7896076701034,1359.1929398956615,0,0,0
126.804,12481,0,31,1549.172779,257.157370,26.578966,1495.6049769590463,1361.2676477100263,0,0,0
126.814,12482,0,31,1551.234188,257.082007,26.497649,1497.1610078003694,1363.8610324196309,0,0,0
126.824,12483,0,31,1553.260131,256.926847,26.416851,1498.7170386416922,1365.9357402339954,0,0,0
126.834,12484,0,31,1554.975755,256.847051,26.287761,1500.2730694830154,1368.0104479705583,0,0,0
126.844,12485,0,31,1556.886437,256.847051,26.194879,1501.8291003243385,1370.0851557849228,0,0,0
126.854,12486,0,31,1558.677424,256.847051,26.099584,1503.3851311656615,1372.1598635992875,0,0,0
126.864,12487,0,31,1560.353149,256.807153,25.993618,1504.9411620069845,1374.493909861272,0,0,0
126.874,12488,0,31,1561.718555,256.807153,25.877509,1506.4971928483076,1376.5686175978349,0,0,0
126.884,12489,0,31,1563.274586,256.731789,25.752682,1507.5345467943907,1378.383986886778,0,0,0
126.894,12490,0,31,1564.950312,256.731789,25.619128,1509.0905776357133,1380.458694778944,0,0,0
126.904,12491,0,31,1566.705834,256.731789,25.484280000000002,1510.6466084770366,1382.5334025155073,0,0,0
126.914,12492,0,31,1568.417024,256.731789,25.350333,1511.6839623453182,1384.60811025207,0,0,0
126.924,12493,0,31,1570.057285,256.731789,25.218097,1512.9806546612194,1386.6828181442359,0,0,0
126.934,12494,0,31,1571.888170,256.731789,25.089669,1514.5366855025425,1388.7575258807992,0,0,0
126.944,12495,0,31,1573.599360,256.731789,24.965445,1515.5740394486256,1390.8322336173621,0,0,0
126.954,12496,0,31,1575.314984,256.572197,24.847325,1517.1300702899487,1392.6476029841067,0,0,0
126.964,12497,0,31,1576.755754,256.417037,24.734469,1518.1674242360316,1394.4629723508513,0,0,0
126.974,12498,0,31,1578.551174,256.261877,24.62366,1519.4641165519333,1396.5376800874144,0,0,0
126.984,12499,0,31,1580.107205,256.106717,24.514157,1520.7608088678346,1398.0937109287372,0,0,0
126.994,12500,0,31,1581.703134,255.951557,24.407084,1522.0575012615377,1400.1684186653006,0,0,0
127.004,12501,0,31,1583.303496,255.796398,24.30488,1523.3541936552406,1401.983788032045,0,0,0
127.014,12502,0,31,1584.744265,255.641238,24.202182,1524.650886048944,1403.7991573987897,0,0,0
127.024,12503,0,31,1586.340194,255.561441,24.094023,1526.206916890267,1405.6145266877325,0,0,0
127.034,12504,0,31,1587.860760,255.481645,23.979243,1527.5036092839698,1407.4298959766754,0,0,0
127.044,12505,0,31,1589.421224,255.406282,23.853536000000002,1528.8003015998713,1409.5046037132386,0,0,0
127.054,12506,0,31,1591.212211,255.326485,23.716552,1529.837655468153,1411.3199730799831,0,0,0
127.064,12507,0,31,1592.927835,255.251122,23.567069,1530.8750094142358,1413.1353424467277,0,0,0
127.074,12508,0,31,1594.563662,255.091529,23.403688,1532.1717018079387,1414.9507117356704,0,0,0
127.084,12509,0,31,1596.199489,255.016166,23.228588000000002,1533.209055598419,1416.7660810246136,0,0,0
127.094,12510,0,31,1597.640259,254.936369,23.044999,1533.987071096882,1418.8407887611766,0,0,0
127.104,12511,0,31,1598.965766,254.705846,22.858884,1535.0244249651635,1420.9154966533429,0,0,0
127.114,12512,0,31,1600.406536,254.546253,22.671870000000002,1535.8024403858249,1422.4715274946657,0,0,0
127.124,12513,0,31,1601.652247,254.315730,22.477361000000002,1536.839794331908,1424.5462352312288,0,0,0
127.134,12514,0,31,1603.017653,254.080774,22.278095,1537.3584712271481,1426.1022660725516,0,0,0
127.144,12515,0,31,1604.227899,253.845818,22.078771,1538.395825173231,1427.658296913875,0,0,0
127.154,12516,0,31,1605.548974,253.535498,21.878076,1538.9145020684712,1429.7330046504376,0,0,0
127.164,12517,0,31,1606.799118,253.300542,21.673556,1539.4331789637108,1431.2890354917608,0,0,0
127.174,12518,0,31,1608.044830,253.065586,21.464309,1539.951856014554,1432.8450663330837,0,0,0
127.184,12519,0,31,1609.250643,252.755266,21.25202,1540.4705329097942,1434.401097174407,0,0,0
127.194,12520,0,31,1610.305729,252.600106,21.034435000000002,1540.989209805034,1435.9571280157297,0,0,0
127.204,12521,0,31,1611.396281,252.365150,20.818435,1541.5078868558771,1437.513158857053,0,0,0
127.214,12522,0,31,1612.721788,252.134627,20.607558,1541.767225303497,1439.0691896983762,0,0,0
127.224,12523,0,31,1613.887703,251.975034,20.397158,1542.5452406463571,1440.6252205396988,0,0,0
127.234,12524,0,31,1614.902891,251.819874,20.189562000000002,1543.0639176972,1442.181251381022,0,0,0
127.244,12525,0,31,1616.148603,251.664715,19.979914,1543.58259459244,1443.737282222345,0,0,0
127.254,12526,0,31,1617.394314,251.509555,19.768508,1544.1012714876802,1445.5526515890895,0,0,0
127.264,12527,0,31,1618.564662,251.274599,19.553896,1544.619948538523,1447.1086824304127,0,0,0
127.274,12528,0,31,1619.770475,251.119439,19.334953000000002,1545.138625433763,1448.6647132717353,0,0,0
127.284,12529,0,31,1620.865460,251.039642,19.109935,1545.9166408544247,1450.7394210861,0,0,0
127.294,12530,0,31,1622.071273,250.884483,18.878073,1546.4353178274664,1452.2954519274233,0,0,0
127.304,12531,0,31,1623.436679,250.809119,18.644161,1546.953994722706,1453.8514827687459,0,0,0
127.314,12532,0,31,1624.722288,250.729323,18.406284,1547.4726716957477,1455.6668520576893,0,0,0
127.324,12533,0,31,1625.852738,250.574163,18.168168,1547.991348668789,1457.482221346632,0,0,0
127.334,12534,0,31,1627.018653,250.419003,17.925239,1548.510025564029,1459.0382521879553,0,0,0
127.344,12535,0,31,1628.264364,250.339207,17.685279,1549.0287025370708,1460.8536215546999,0,0,0
127.354,12536,0,31,1629.589872,250.184047,17.446161,1549.5473795101123,1462.6689908436429,0,0,0
127.364,12537,0,31,1630.875481,250.104251,17.206564,1550.0660564053524,1464.225021684966,0,0,0
127.374,12538,0,31,1632.161091,249.949091,16.970507,1550.5847333783936,1466.0403909739089,0,0,0
127.384,12539,0,31,1633.721555,249.873728,16.735046,1551.6220872466752,1467.8557603406534,0,0,0
127.394,12540,0,31,1635.357382,249.793931,16.504486,1552.4001026673368,1469.9304680772166,0,0,0
127.404,12541,0,31,1636.682890,249.638771,16.279774,1552.9187796403783,1471.4864989185394,0,0,0
127.414,12542,0,31,1638.278819,249.558975,16.055209,1553.6967950610397,1473.5612067329039,0,0,0
127.424,12543,0,31,1639.759487,249.483612,15.826412000000001,1554.4748104817013,1475.6359145472684,0,0,0
127.434,12544,0,31,1641.319951,249.403815,15.590409000000001,1555.5121643499829,1477.7106222838318,0,0,0
127.444,12545,0,31,1642.800618,249.328452,15.229041,1556.2901797706443,1479.525991650576,0,0,0
127.454,12546,0,31,1644.161591,249.248655,14.98531,1557.0681951913057,1481.600699387139,0,0,0
127.464,12547,0,31,1645.682157,249.173292,14.730911,1557.8462106119673,1483.4160687538836,0,0,0
127.474,12548,0,31,1647.047563,249.013699,14.465718,1558.624226032629,1485.4907764904467,0,0,0
127.484,12549,0,31,1648.568128,248.858539,14.187765,1559.1429030056702,1487.565484304811,0,0,0
127.494,12550,0,31,1650.124159,248.703380,13.898418000000001,1559.9209184263318,1489.6401921191757,0,0,0
127.504,12551,0,31,1651.449667,248.548220,13.597942,1560.6989338469934,1492.2335768287803,0,0,0
127.514,12552,0,31,1653.785930,248.313264,13.278831,1561.4769492676548,1494.3082846431448,0,0,0
127.524,12553,0,31,1655.541452,248.158104,12.94987,1561.9956262406963,1496.9016693527494,0,0,0
127.534,12554,0,31,1657.097483,248.002944,12.615912,1562.5143031359362,1498.9763771671142,0,0,0
127.544,12555,0,31,1658.697845,247.692624,12.270531,1563.0329801089779,1501.5697618767185,0,0,0
127.554,12556,0,31,1659.983454,247.457668,11.915619000000001,1564.0703339772595,1504.163146586323,0,0,0
127.564,12557,0,31,1661.619282,247.222712,11.562512,1564.589010950301,1506.2378544006874,0,0,0
127.574,12558,0,31,1663.215211,247.147349,11.205376000000001,1565.1076879233424,1508.831239110292,0,0,0
127.584,12559,0,31,1664.735777,247.147349,10.847175,1565.6263648185823,1511.424623897698,0,0,0
127.594,12560,0,31,1666.296241,247.147349,10.481245000000001,1566.145041791624,1514.0180086073026,0,0,0
127.604,12561,0,31,1667.737010,247.067552,10.10717,1566.6637187646654,1516.6113933169074,0,0,0
127.614,12562,0,31,1669.293041,246.987756,9.733405000000001,1567.1823956599055,1519.2047781043132,0,0,0
127.624,12563,0,31,1670.853505,246.832596,9.362881,1567.9604111583685,1521.798162813918,0,0,0
127.634,12564,0,31,1672.334172,246.757233,8.994679,1568.2197496059885,1524.1322090759022,0,0,0
127.644,12565,0,31,1674.244854,246.522277,8.620656,1568.7384265012286,1526.4662553378867,0,0,0
127.654,12566,0,31,1675.880681,246.367117,8.245882,1569.25710347427,1529.0596400474913,0,0,0
127.664,12567,0,31,1677.711566,246.211957,7.872057,1569.7757804473115,1531.393686309476,0,0,0
127.674,12568,0,31,1679.307496,245.977001,7.497203,1570.2944573425516,1533.7277325714606,0,0,0
127.684,12569,0,31,1680.983221,245.742045,7.125774,1570.8131343155928,1536.3211173588663,0,0,0
127.694,12570,0,31,1682.814106,245.586885,6.76004,1571.3318112886345,1538.3958250954295,0,0,0
127.704,12571,0,31,1684.489832,245.351929,6.400219,1571.8504881838744,1540.9892098828357,0,0,0
127.714,12572,0,31,1686.050296,245.276565,6.049435,1572.369165156916,1543.0639176193984,0,0,0
127.724,12573,0,31,1687.686123,245.196769,5.703081999999999,1572.8878421299573,1545.6573024068048,0,0,0
127.734,12574,0,31,1689.321950,245.041609,5.360276,1573.4065190251974,1547.7320101433677,0,0,0
127.744,12575,0,31,1690.762720,244.886449,5.021,1573.9251959982391,1550.3253949307737,0,0,0
127.754,12576,0,31,1692.358649,244.611595,4.684657,1574.4438729712806,1552.9187796403783,0,0,0
127.764,12577,0,31,1694.114171,244.376639,4.347535,1575.4812268395622,1555.252825902363,0,0,0
127.774,12578,0,31,1695.789896,244.106217,4.010591,1575.9999038126036,1557.5868721643474,0,0,0
127.784,12579,0,31,1697.190767,244.026421,3.669087,1576.5185807078435,1559.6615799787119,0,0,0
127.794,12580,0,31,1698.751231,243.871261,3.330778,1577.037257680885,1561.736287715275,0,0,0
127.804,12581,0,31,1700.231899,243.716101,3.000921,1577.5559346539267,1564.3296725026808,0,0,0
127.814,12582,0,31,1701.752465,243.560941,2.673606,1578.0746115491668,1566.404380239244,0,0,0
127.824,12583,0,31,1703.153336,243.250622,2.350445,1578.8526269698282,1568.7384265012286,0,0,0
127.834,12584,0,31,1704.438945,243.055564,2.032141,1579.6306423904898,1570.8131343155928,0,0,0
127.844,12585,0,31,1705.879715,242.820608,1.7220460000000002,1580.1493193635313,1573.1471805775775,0,0,0
127.854,12586,0,31,1707.285019,242.665448,1.414778,1580.6679963365727,1575.4812268395622,0,0,0
127.864,12587,0,31,1708.645992,242.510288,1.110883,1581.446011757234,1577.5559346539267,0,0,0
127.874,12588,0,31,1709.931601,242.430492,0.811126,1582.2240271778956,1579.6306423904898,0,0,0
127.884,12589,0,31,1711.567428,242.275332,0.51639,1582.7427040731357,1581.705350204854,0,0,0
127.894,12590,0,31,1713.048096,242.120172,0.22880399999999998,1583.2613810461773,1583.7800580192186,0,0,0
127.904,12591,0,31,1714.453400,242.040376,-0.05258,1583.7800580192186,1585.595427308162,0,0,0
127.914,12592,0,31,1715.739010,241.965012,-0.327712,1584.2987349144587,1587.4107965971048,0,0,0
127.924,12593,0,31,1716.829561,241.805419,-0.595252,1584.8174118875004,1589.4855044114693,0,0,0
127.934,12594,0,31,1718.075272,241.730056,-0.856951,1585.5954273081616,1591.3008737004122,0,0,0
127.944,12595,0,31,1719.285519,241.730056,-1.1173229999999998,1585.8547657557817,1593.1162430671568,0,0,0
127.954,12596,0,31,1720.256376,241.650260,-1.377861,1586.3734427288232,1594.9316123560998,0,0,0
127.964,12597,0,31,1721.466622,241.650260,-1.638911,1586.8921197018647,1596.746981645043,0,0,0
127.974,12598,0,31,1722.597072,241.574896,-1.8928749999999999,1587.4107965971048,1598.5623510117875,0,0,0
127.984,12599,0,31,1723.727521,241.495100,-2.133309,1587.9294735701462,1600.3777203007305,0,0,0
127.994,12600,0,31,1724.893436,241.339940,-2.368465,1588.1888120955678,1601.9337511420536,0,0,0
128.004,12601,0,31,1726.023886,241.260144,-2.600983,1588.966827438428,1603.4897819833764,0,0,0
128.014,12602,0,31,1727.234132,241.260144,-2.834154,1589.4855044114693,1605.0458128246994,0,0,0
128.024,12603,0,31,1728.439945,241.184780,-3.0682359999999997,1589.7448429368908,1606.6018436660224,0,0,0
128.034,12604,0,31,1729.685656,241.029621,-3.303337,1590.263519832131,1608.1578745073457,0,0,0
128.044,12605,0,31,1730.740743,240.949824,-3.663721,1590.7821967273708,1610.23258232171,0,0,0
128.054,12606,0,31,1732.141614,240.794664,-3.909942,1591.3008737782138,1611.788613163033,0,0,0
128.064,12607,0,31,1733.387325,240.714868,-4.161770000000001,1591.819550673454,1613.3446440043563,0,0,0
128.074,12608,0,31,1734.672935,240.639505,-4.413142000000001,1592.3382275686936,1615.160013293299,0,0,0
128.084,12609,0,31,1735.998443,240.559708,-4.662941,1592.5975660941153,1616.9753825822424,0,0,0
128.094,12610,0,31,1737.208689,240.559708,-4.91589,1593.1162430671568,1618.5314134235653,0,0,0
128.104,12611,0,31,1738.414502,240.404548,-5.168317,1593.375581514777,1620.6061212379298,0,0,0
128.114,12612,0,31,1739.624748,240.404548,-5.422796,1594.1535969354386,1622.162152079253,0,0,0
128.124,12613,0,31,1740.830561,240.324752,-5.6743760000000005,1594.6722739084798,1624.2368598936175,0,0,0
128.134,12614,0,31,1741.961011,240.249389,-5.920191,1595.19095080372,1625.7928907349403,0,0,0
128.144,12615,0,31,1743.166824,240.094229,-6.162334,1595.9689663021827,1627.8675984715035,0,0,0
128.154,12616,0,31,1744.377070,240.014432,-6.406331000000001,1596.4876431974228,1629.4236293128263,0,0,0
128.164,12617,0,31,1745.582883,239.939069,-6.654272000000001,1597.006320092663,1631.4983371271908,0,0,0
128.174,12618,0,31,1746.598071,239.939069,-6.898877000000001,1597.5249971435062,1633.054367968514,0,0,0
128.184,12619,0,31,1747.883681,239.859273,-7.134409000000001,1598.3030124863658,1635.1290757828785,0,0,0
128.194,12620,0,31,1749.014131,239.779476,-7.365422000000001,1599.081027984829,1636.6851066242014,0,0,0
128.204,12621,0,31,1750.299740,239.779476,-7.597614,1599.5997048800689,1638.7598143607645,0,0,0
128.214,12622,0,31,1751.740510,239.779476,-7.824135,1600.3777203007305,1640.3158452020875,0,0,0
128.224,12623,0,31,1752.986221,239.779476,-8.051729,1601.155735721392,1642.390553016452,0,0,0
128.234,12624,0,31,1754.391525,239.779476,-8.284291,1601.6744126166318,1643.946583857775,0,0,0
128.244,12625,0,31,1755.792396,239.779476,-8.525302,1602.193089667475,1646.0212916721396,0,0,0
128.254,12626,0,31,1757.078006,239.779476,-8.766406,1602.9711050103351,1647.5773225134626,0,0,0
128.264,12627,0,31,1758.248354,239.779476,-9.0114,1603.2304434579548,1649.3926918024056,0,0,0
128.274,12628,0,31,1759.378803,239.704113,-9.256364999999999,1603.4897819833764,1651.2080610913488,0,0,0
128.284,12629,0,31,1760.509253,239.704113,-9.506428999999999,1604.008458956418,1652.7640919326716,0,0,0
128.294,12630,0,31,1761.599805,239.624316,-9.762851999999999,1604.527135851658,1654.3201227739946,0,0,0
128.304,12631,0,31,1762.610560,239.548953,-10.022262999999999,1604.7864742992779,1656.3948305883594,0,0,0
128.314,12632,0,31,1763.585850,239.548953,-10.28024,1605.0458128246994,1657.9508614296826,0,0,0
128.324,12633,0,31,1764.716300,239.469157,-10.536603,1605.564489797741,1659.5068922710052,0,0,0
128.334,12634,0,31,1765.806851,239.389360,-10.789254999999999,1605.823828245361,1661.3222615599486,0,0,0
128.344,12635,0,31,1766.937301,239.313997,-11.032494999999999,1606.0831666929812,1662.8782924012712,0,0,0
128.354,12636,0,31,1767.948056,239.234200,-11.270403,1606.6018436660224,1664.4343232425945,0,0,0
128.364,12637,0,31,1768.963244,239.158837,-11.507850999999999,1607.1205206390641,1666.249692609339,0,0,0
128.374,12638,0,31,1770.013897,239.158837,-11.736302,1607.6391975343042,1667.805723450662,0,0,0
128.384,12639,0,31,1771.029086,239.079041,-11.955815,1607.8985359819242,1669.361754291985,0,0,0
128.394,12640,0,31,1772.119637,239.003677,-12.180997999999999,1608.417213032767,1670.9177851333081,0,0,0
128.404,12641,0,31,1773.480610,239.003677,-12.410461,1608.935889928007,1672.4738159746312,0,0,0
128.414,12642,0,31,1774.690856,239.003677,-12.642033,1609.4545668232472,1674.2891852635742,0,0,0
128.424,12643,0,31,1776.597105,239.003677,-12.876040999999999,1610.23258232171,1676.1045545525171,0,0,0
128.434,12644,0,31,1778.077772,239.003677,-13.104937999999999,1610.75125921695,1678.1792623668816,0,0,0
128.444,12645,0,31,1779.558440,239.003677,-13.332079,1611.788613163033,1680.2539701812464,0,0,0
128.454,12646,0,31,1781.079006,239.003677,-13.569567,1612.8259670313148,1682.5880163654292,0,0,0
128.464,12647,0,31,1782.674935,239.003677,-13.812735,1613.8633208995961,1684.9220627052152,0,0,0
128.474,12648,0,31,1784.545718,239.003677,-14.052401,1614.6413363980594,1686.9967704417784,0,0,0
128.484,12649,0,31,1786.301240,239.003677,-14.288851,1615.9380287139606,1689.0714782561429,0,0,0
128.494,12650,0,31,1788.172024,239.003677,-14.523586,1617.2347210298622,1691.6648629657473,0,0,0
128.504,12651,0,31,1789.847749,239.003677,-14.752968,1618.2720749759453,1693.739570780112,0,0,0
128.514,12652,0,31,1791.753998,239.003677,-14.980414999999999,1619.3094289220282,1696.0736170420964,0,0,0
128.524,12653,0,31,1793.819839,239.003677,-15.211855,1620.6061212379298,1698.4076633040809,0,0,0
128.534,12654,0,31,1795.845783,239.003677,-15.441621999999999,1621.9028135538313,1700.7417095660655,0,0,0
128.544,12655,0,31,1797.871726,239.003677,-15.662363,1623.1995059475344,1704.1131097741334,0,0,0
128.554,12656,0,31,1799.742509,239.003677,-15.883402,1624.4961983412372,1705.9284789852745,0,0,0
128.564,12657,0,31,1801.883714,239.003677,-16.104053,1626.0522291825603,1709.2998791933421,0,0,0
128.574,12658,0,31,1804.069250,239.003677,-16.316861,1627.6082600238835,1711.6339254553268,0,0,0
128.584,12659,0,31,1806.325717,239.003677,-16.525997,1629.4236293128263,1714.4866486125513,0,0,0
128.594,12660,0,31,1808.391558,239.003677,-16.73461,1630.9796601541495,1717.0800333999573,0,0,0
128.604,12661,0,31,1810.807618,239.003677,-16.936301999999998,1633.054367968514,1719.9327566349832,0,0,0
128.614,12662,0,31,1813.108415,239.003677,-17.130938,1634.8697372574568,1722.785479870009,0,0,0
128.624,12663,0,31,1815.599838,238.923881,-17.324400999999998,1636.6851066242014,1725.6382030272339,0,0,0
128.634,12664,0,31,1818.015897,238.923881,-17.516748,1638.5004759131448,1728.2315877368385,0,0,0
128.644,12665,0,31,1820.121637,238.923881,-17.711834,1640.3158452020875,1731.3436494194846,0,0,0
128.654,12666,0,31,1822.457900,238.923881,-18.00707,1642.1312144910305,1733.9370342068905,0,0,0
128.664,12667,0,31,1824.834061,238.923881,-18.208607,1643.946583857775,1736.7897574419164,0,0,0
128.674,12668,0,31,1827.174757,238.923881,-18.409555,1645.7619532245196,1739.6424805991412,0,0,0
128.684,12669,0,31,1829.315962,238.923881,-18.606237,1647.5773225134626,1742.4952037563658,0,0,0
128.694,12670,0,31,1831.732021,238.923881,-18.802595,1649.3926918024056,1745.3479269913917,0,0,0
128.704,12671,0,31,1834.303240,238.923881,-18.997602,1651.2080610913488,1747.9413117787976,0,0,0
128.714,12672,0,31,1836.914357,238.923881,-19.194919,1653.2827689057133,1751.0533734614437,0,0,0
128.724,12673,0,31,1839.210722,238.923881,-19.396214,1655.0981382724578,1753.90609669647,0,0,0
128.734,12674,0,31,1841.781941,238.923881,-19.598169,1656.9135075614008,1756.7588198536944,0,0,0
128.744,12675,0,31,1844.277797,238.923881,-19.798422,1658.988215297964,1759.8708815363402,0,0,0
128.754,12676,0,31,1846.888914,238.923881,-20.003716,1661.0629231123285,1762.9829432189865,0,0,0
128.764,12677,0,31,1849.109915,238.923881,-20.213871,1663.1376309266932,1766.0950049016326,0,0,0
128.774,12678,0,31,1851.681134,238.923881,-20.433443,1665.2123386632559,1769.2070665842787,0,0,0
128.784,12679,0,31,1854.757731,238.923881,-20.660415999999998,1667.0277079521989,1772.0597898193048,0,0,0
128.794,12680,0,31,1857.293485,238.923881,-20.897229,1668.8430773189434,1775.1718515019506,0,0,0
128.804,12681,0,31,1859.745009,238.883983,-21.12766,1670.658446685688,1778.2839131845967,0,0,0
128.814,12682,0,31,1862.045807,238.883983,-21.350082999999998,1672.7331544222511,1781.1366363418213,0,0,0
128.824,12683,0,31,1864.537230,238.883983,-21.557275999999998,1674.548523711194,1784.2486980244673,0,0,0
128.834,12684,0,31,1867.033085,238.883983,-21.753089,1676.6232315255588,1787.3607597071134,0,0,0
128.844,12685,0,31,1869.564406,238.883983,-21.940877999999998,1678.4386008923034,1790.4728213897592,0,0,0
128.854,12686,0,31,1872.135625,238.883983,-22.122925,1680.2539701812464,1793.3255446247856,0,0,0
128.864,12687,0,31,1874.591583,238.883983,-22.302665,1682.588016443231,1796.1782678598115,0,0,0
128.874,12688,0,31,1877.007642,238.883983,-22.467361,1684.6627241797937,1798.771652569416,0,0,0
128.884,12689,0,31,1879.463600,238.883983,-22.612765,1686.9967704417784,1801.8837142520622,0,0,0
128.894,12690,0,31,1881.564906,238.883983,-22.743287,1689.0714782561429,1804.995775934708,0,0,0
128.904,12691,0,31,1884.291285,238.883983,-22.863501,1691.6648629657473,1807.5891606443124,0,0,0
128.914,12692,0,31,1887.022097,238.883983,-22.967962,1693.739570780112,1810.7012223269587,0,0,0
128.924,12693,0,31,1889.823839,238.883983,-23.063239,1696.3329554897166,1813.813284009605,0,0,0
128.934,12694,0,31,1892.669913,238.883983,-23.154923,1698.6670018295024,1816.406668797011,0,0,0
128.944,12695,0,31,1895.515986,238.883983,-23.241165,1701.0010480136855,1819.5187304796568,0,0,0
128.954,12696,0,31,1898.162568,238.883983,-23.328366,1703.3350943534717,1822.1121151892617,0,0,0
128.964,12697,0,31,1900.853482,238.883983,-23.42418,1705.6691405376548,1825.2241768719075,0,0,0
128.974,12698,0,31,1903.424701,238.883983,-23.526242,1708.2625253250608,1827.817561581512,0,0,0
128.984,12699,0,31,1905.995920,238.883983,-23.631308999999998,1710.3372330616237,1830.9296232641582,0,0,0
128.994,12700,0,31,1908.332183,238.883983,-23.740539,1712.6712794014097,1834.0416849468043,0,0,0
129.004,12701,0,31,1911.023097,238.883983,-23.852349999999998,1715.0053255855928,1836.63506973421,0,0,0
129.014,12702,0,31,1913.669679,238.883983,-23.972195,1717.0800333999573,1839.747131416856,0,0,0
129.024,12703,0,31,1916.045840,238.883983,-24.098261,1719.414079661942,1842.5998545740808,0,0,0
129.034,12704,0,31,1919.126870,238.883983,-24.227142,1721.7481259239262,1845.4525778091067,0,0,0
129.044,12705,0,31,1921.542929,238.883983,-24.351445,1723.822833738291,1848.0459625187113,0,0,0
129.054,12706,0,31,1924.269308,238.883983,-24.469295,1726.4162184478953,1851.1580242013574,0,0,0
129.064,12707,0,31,1926.840527,238.883983,-24.582083,1729.0096031575,1854.2700858840033,0,0,0
129.074,12708,0,31,1929.881659,238.883983,-24.690451,1731.0843109718644,1857.3821475666493,0,0,0
129.084,12709,0,31,1932.488343,238.883983,-24.793461999999998,1733.6776956814692,1860.4942092492956,0,0,0
129.094,12710,0,31,1935.254620,238.883983,-24.892179,1736.2710804688752,1863.6062709319415,0,0,0
129.104,12711,0,31,1937.905635,238.883983,-24.995995,1738.345788205438,1866.1996557193477,0,0,0
129.114,12712,0,31,1940.516753,238.883983,-25.099957,1740.9391729928443,1869.3117174019937,0,0,0
129.124,12713,0,31,1943.167768,238.883983,-25.203416999999998,1743.5325577024487,1872.4237790846398,0,0,0
129.134,12714,0,31,1945.894147,238.883983,-25.314287,1745.8666039644334,1875.0171637942444,0,0,0
129.144,12715,0,31,1948.855482,238.883983,-25.429251999999998,1748.2006502264178,1878.1292254768903,0,0,0
129.154,12716,0,31,1951.426701,238.883983,-25.536018,1750.7940349360224,1881.2412871595363,0,0,0
129.164,12717,0,31,1954.543196,238.883983,-25.635766999999998,1753.128081198007,1884.0940103945622,0,0,0
129.174,12718,0,31,1957.154313,238.883983,-25.734515,1755.4621274599913,1887.2060720772085,0,0,0
129.184,12719,0,31,1960.000387,238.883983,-25.830213999999998,1758.0555122473975,1890.0587952344329,0,0,0
129.194,12720,0,31,1962.646969,238.883983,-25.915767,1760.3895585093821,1892.911518469459,0,0,0
129.204,12721,0,31,1965.337883,238.883983,-25.998072,1762.9829432189865,1895.5049031790636,0,0,0
129.214,12722,0,31,1967.594349,238.883983,-26.074485,1765.316989480971,1898.3576264140895,0,0,0
129.224,12723,0,31,1970.205466,238.883983,-26.141105,1767.6510357429554,1901.2103496491156,0,0,0
129.234,12724,0,31,1972.816584,238.883983,-26.196086,1770.2444204525602,1903.80373435872,0,0,0
129.244,12725,0,31,1975.582861,238.883983,-26.235052,1772.5784667145447,1906.6564575937462,0,0,0
129.254,12726,0,31,1977.803862,238.883983,-26.261091,1775.1718515019506,1909.5091807509707,0,0,0
129.264,12727,0,31,1980.494776,238.883983,-26.297711,1777.7652362115552,1912.1025655383767,0,0,0
129.274,12728,0,31,1983.181256,238.883983,-26.320283,1780.3586209211596,1914.6959502479813,0,0,0
129.284,12729,0,31,1985.792374,238.883983,-26.344762,1782.9520057085658,1917.2893349575859,0,0,0
129.294,12730,0,31,1988.053273,238.883983,-26.381821,1785.5453904181707,1919.8827197449918,0,0,0
129.304,12731,0,31,1990.855015,238.883983,-26.436435,1788.3981136531966,1922.4761044545965,0,0,0
129.314,12732,0,31,1993.621292,238.883983,-26.499676,1790.7321598373794,1925.5881661372425,0,0,0
129.324,12733,0,31,1997.402758,238.883983,-26.562065999999998,1793.0662061771654,1928.1815508468471,0,0,0
129.334,12734,0,31,2000.169035,238.883983,-26.625083,1795.6595908867698,1930.774935634253,0,0,0
129.344,12735,0,31,2002.855515,238.883983,-26.690076,1798.2529755963744,1933.8869973168992,0,0,0
129.354,12736,0,31,2005.431167,238.883983,-26.756317,1800.8463603837804,1936.4803820265038,0,0,0
129.364,12737,0,31,2007.962488,238.883983,-26.812943,1803.4397450933852,1939.5924437091498,0,0,0
129.374,12738,0,31,2010.688867,238.883983,-26.859379,1806.0331298029898,1942.1858284187545,0,0,0
129.384,12739,0,31,2013.690100,238.883983,-26.892706999999998,1808.3671761427756,1944.7792132061604,0,0,0
129.394,12740,0,31,2016.456377,238.883983,-26.916348,1810.9605607745784,1947.8912748888063,0,0,0
129.404,12741,0,31,2019.222654,238.883983,-26.940013999999998,1813.813284009605,1950.4846595984109,0,0,0
129.414,12742,0,31,2021.909135,238.883983,-26.946704,1816.666007244631,1953.3373827556354,0,0,0
129.424,12743,0,31,2024.835005,238.883983,-26.937186,1819.778068927277,1956.1901059906616,0,0,0
129.434,12744,0,31,2027.791907,238.883983,-26.928486,1822.630792162303,1959.3021676733076,0,0,0
129.444,12745,0,31,2030.833038,238.728823,-26.926521,1825.742853844949,1962.1548909083335,0,0,0
129.454,12746,0,31,2033.639214,238.728823,-26.929331,1828.8549155275948,1965.2669525909798,0,0,0
129.464,12747,0,31,2036.715810,238.728823,-26.938061,1831.4483002371994,1968.3790142736257,0,0,0
129.474,12748,0,31,2039.406724,238.653460,-26.96265,1834.5603619198455,1971.2317375086518,0,0,0
129.484,12749,0,31,2042.208466,238.573663,-26.996752,1837.6724236024916,1974.3437991912979,0,0,0
129.494,12750,0,31,2045.134336,238.573663,-27.03336,1840.2658083120962,1977.455860873944,0,0,0
129.504,12751,0,31,2047.741020,238.573663,-27.068777,1843.377869994742,1980.56792255659,0,0,0
129.514,12752,0,31,2051.172268,238.573663,-27.106308,1846.2305932297684,1983.6799842392359,0,0,0
129.524,12753,0,31,2054.248864,238.573663,-27.146299,1849.0833164647945,1986.792045921882,0,0,0
129.534,12754,0,31,2057.405257,238.573663,-27.186293,1851.6767011743989,1989.9041076045278,0,0,0
129.544,12755,0,31,2060.171535,238.573663,-27.236197,1854.5294244094248,1993.016169287174,0,0,0
129.554,12756,0,31,2062.897913,238.573663,-27.297656,1857.3821475666493,1996.1282309698202,0,0,0
129.564,12757,0,31,2065.899147,238.573663,-27.36396,1859.9755323540555,1999.2402926524662,0,0,0
129.574,12758,0,31,2068.550162,238.573663,-27.422451,1862.56891706366,2001.8336773620708,0,0,0
129.584,12759,0,31,2071.356337,238.573663,-27.475459,1865.1623017732645,2004.9457390447167,0,0,0
129.594,12760,0,31,2073.652702,238.573663,-27.521648,1867.7556865606705,2007.5391237543215,0,0,0
129.604,12761,0,31,2076.614037,238.573663,-27.564059,1869.8303943750354,2010.3918469893474,0,0,0
129.614,12762,0,31,2079.145358,238.573663,-27.600206,1872.9424559798797,2012.9852316989518,0,0,0
129.624,12763,0,31,2081.641214,238.613561,-27.634323,1874.7578253466243,2015.837954933978,0,0,0
129.634,12764,0,31,2083.942011,238.613561,-27.670792,1877.091871530807,2018.1720011959626,0,0,0
129.644,12765,0,31,2086.393536,238.613561,-27.709215999999998,1879.6852563182133,2020.7653859833686,0,0,0
129.654,12766,0,31,2088.769697,238.613561,-27.74971,1881.5006256071563,2023.0994321675516,0,0,0
129.664,12767,0,31,2091.145858,238.613561,-27.783229,1884.3533488421824,2025.4334785073377,0,0,0
129.674,12768,0,31,2093.291496,238.613561,-27.814168,1886.1687181311254,2027.7675246915205,0,0,0
129.684,12769,0,31,2095.357337,238.613561,-27.840422999999998,1887.9840874978702,2029.8422325058852,0,0,0
129.694,12770,0,31,2097.538440,238.613561,-27.867022,1890.0587952344329,2031.9169403202498,0,0,0
129.704,12771,0,31,2099.564384,238.613561,-27.898138,1892.1335030487976,2033.991648056813,0,0,0
129.714,12772,0,31,2101.550429,238.613561,-27.928181,1893.9488723377406,2036.0663558711774,0,0,0
129.724,12773,0,31,2103.305951,238.613561,-27.955028,1895.7642417044851,2038.1410636855417,0,0,0
129.734,12774,0,31,2105.136836,238.613561,-27.983338,1897.3202725458082,2040.2157714221048,0,0,0
129.744,12775,0,31,2107.278041,238.613561,-28.01458,1899.394980282371,2041.7718022634278,0,0,0
129.754,12776,0,31,2109.188723,238.613561,-28.043698,1900.9510111236941,2043.8465100777923,0,0,0
129.764,12777,0,31,2110.904346,238.613561,-28.062928,1902.7663804904387,2045.9212178921568,0,0,0
129.774,12778,0,31,2112.810595,238.613561,-28.077778,1904.3224113317617,2047.4772487334799,0,0,0
129.784,12779,0,31,2114.681378,238.613561,-28.091435999999998,1906.1377806207047,2049.551956470043,0,0,0
129.794,12780,0,31,2116.552162,238.613561,-28.10061,1907.4344730144078,2051.107987311366,0,0,0
129.804,12781,0,31,2118.383047,238.613561,-28.104722,1909.7685192763922,2053.182695125731,0,0,0
129.814,12782,0,31,2120.138569,238.613561,-28.106521,1911.3245500399137,2054.7387259670536,0,0,0
129.824,12783,0,31,2121.849760,238.613561,-28.108646999999998,1913.3992578542784,2056.813433781418,0,0,0
129.834,12784,0,31,2123.840238,238.613561,-28.10434,1914.9552887734028,2058.3694646227414,0,0,0
129.844,12785,0,31,2125.786385,238.613561,-28.098897,1917.029996509966,2060.444172359304,0,0,0
129.854,12786,0,31,2127.617270,238.613561,-28.092990999999998,1918.845365798909,2062.5188801736685,0,0,0
129.864,12787,0,31,2129.408257,238.613561,-28.090775999999998,1921.1794120608934,2064.3342495404136,0,0,0
129.874,12788,0,31,2131.434201,238.613561,-28.096152,1922.7354429800182,2066.1496188293563,0,0,0
129.884,12789,0,31,2133.500042,238.613561,-28.095664,1924.810150716581,2068.224326565919,0,0,0
129.894,12790,0,31,2135.370826,238.613561,-28.090132999999998,1927.4035354261855,2070.299034380284,0,0,0
129.904,12791,0,31,2137.476565,238.613561,-28.081076,1929.21890479293,2072.1144037470285,0,0,0
129.914,12792,0,31,2139.347349,238.613561,-28.072513999999998,1931.2936125294932,2074.189111483591,0,0,0
129.924,12793,0,31,2141.253597,238.613561,-28.067011,1932.590304923196,2076.2638192201543,0,0,0
129.934,12794,0,31,2143.474599,238.613561,-28.066475,1934.6650126597592,2078.079188586899,0,0,0
129.944,12795,0,31,2145.190222,238.613561,-28.066938999999998,1937.2583974471652,2079.8945579536435,0,0,0
129.954,12796,0,31,2147.371326,238.613561,-28.064842,1939.3331052615297,2081.9692656902066,0,0,0
129.964,12797,0,31,2149.202211,238.573663,-28.061106,1941.4078129980928,2084.0439734267693,0,0,0
129.974,12798,0,31,2151.072994,238.573663,-28.057879,1942.9638439172172,2086.1186813189356,0,0,0
129.984,12799,0,31,2153.333894,238.573663,-28.056458,1944.7792132061604,2087.9340506078784,0,0,0
129.994,12800,0,31,2155.359837,238.573663,-28.054362,1947.1132594681449,2089.7494198968216,0,0,0
130.004,12801,0,31,2157.230621,238.573663,-28.052229999999998,1948.6692902316663,2091.8241276333847,0,0,0
130.014,12802,0,31,2159.061506,238.573663,-28.047271,1950.7439981238326,2093.8988355255506,0,0,0
130.024,12803,0,31,2160.892391,238.573663,-28.03649,1952.3000289651554,2095.454866366874,0,0,0
130.034,12804,0,31,2162.608015,238.573663,-28.020608,1954.3747367017186,2097.529574103437,0,0,0
130.044,12805,0,31,2164.438900,238.573663,-28.004811,1955.9307675430416,2099.08560494476,0,0,0
130.054,12806,0,31,2166.269786,238.573663,-27.98875,1958.0054752796045,2100.6416357860826,0,0,0
130.064,12807,0,31,2167.825816,238.573663,-27.972821,1959.5615061209276,2102.7163435226457,0,0,0
130.074,12808,0,31,2169.776396,238.573663,-27.956138,1961.6362140130936,2104.272374363969,0,0,0
130.084,12809,0,31,2171.647180,238.573663,-27.937931,1963.7109217496566,2105.828405205292,0,0,0
130.094,12810,0,31,2173.903646,238.573663,-27.918744,1965.2669525909798,2107.903113097458,0,0,0
130.104,12811,0,31,2175.774430,238.493867,-27.907017,1967.3416603275425,2109.459143938781,0,0,0
130.114,12812,0,31,2177.645213,238.493867,-27.902904,1969.4163682197086,2111.533851675344,0,0,0
130.124,12813,0,31,2179.400735,238.493867,-27.89965,1971.4910759562717,2113.608559411907,0,0,0
130.134,12814,0,31,2181.111926,238.418503,-27.898518,1973.0471067975948,2115.4239287786513,0,0,0
130.144,12815,0,31,2183.102404,238.338707,-27.898032,1975.1218145341577,2117.2392981453963,0,0,0
130.154,12816,0,31,2185.088449,238.338707,-27.898639,1977.196522426324,2119.314005881959,0,0,0
130.164,12817,0,31,2186.764175,238.338707,-27.896615999999998,1978.7525532676468,2121.388713618522,0,0,0
130.174,12818,0,31,2188.790118,238.298809,-27.889616,1980.82726100421,2123.2040829852667,0,0,0
130.184,12819,0,31,2190.855959,238.298809,-27.884123,1982.901968740773,2125.0194523520113,0,0,0
130.194,12820,0,31,2192.921801,238.298809,-27.877099,1984.976676632939,2127.094160088574,0,0,0
130.204,12821,0,31,2194.712788,238.298809,-27.868534999999998,1987.0513843695019,2129.168867825137,0,0,0
130.214,12822,0,31,2196.853993,238.298809,-27.85799,1989.126092106065,2131.2435757173034,0,0,0
130.224,12823,0,31,2198.684878,238.298809,-27.845572999999998,1991.200799998231,2133.3182834538666,0,0,0
130.234,12824,0,31,2201.491053,238.298809,-27.83338,1994.0535231554554,2135.911668163471,0,0,0
130.244,12825,0,31,2203.867215,238.223445,-27.819911,1996.38756941744,2137.9863759778355,0,0,0
130.254,12826,0,31,2206.128114,238.223445,-27.804794,1998.7216156794245,2140.57976068744,0,0,0
130.264,12827,0,31,2208.504275,238.223445,-27.784686999999998,2001.0556619414092,2142.6544685018043,0,0,0
130.274,12828,0,31,2210.840538,238.223445,-27.769147999999998,2003.1303697557737,2145.247853211409,0,0,0
130.284,12829,0,31,2213.336394,238.223445,-27.754375,2005.7237544653783,2147.3225610257737,0,0,0
130.294,12830,0,31,2215.907613,238.223445,-27.738062,2008.057800727363,2149.915945735378,0,0,0
130.304,12831,0,31,2218.478832,238.223445,-27.717838,2010.651185514769,2152.5093305227842,0,0,0
130.314,12832,0,31,2220.854993,238.223445,-27.697649,2013.2445701465717,2154.584038259347,0,0,0
130.324,12833,0,31,2223.466110,238.223445,-27.680957,2015.578616486358,2157.177423046753,0,0,0
130.334,12834,0,31,2226.037329,238.223445,-27.668931999999998,2018.4313397213841,2159.7708077563575,0,0,0
130.344,12835,0,31,2228.688345,238.183547,-27.656588,2021.024724353187,2162.3641924659623,0,0,0
130.354,12836,0,31,2231.219666,238.183547,-27.641089,2023.6181091405929,2164.957577253368,0,0,0
130.364,12837,0,31,2233.985943,238.183547,-27.630297,2026.4708323756192,2167.550961962973,0,0,0
130.374,12838,0,31,2236.597060,238.183547,-27.629763999999998,2029.0642170852236,2170.4036851201977,0,0,0
130.384,12839,0,31,2239.208177,238.183547,-27.636815,2031.9169402424482,2173.2564083552234,0,0,0
130.394,12840,0,31,2241.779396,238.183547,-27.648446,2034.5103250298541,2176.1091315902495,0,0,0
130.404,12841,0,31,2244.275252,238.183547,-27.666667999999998,2037.10370981726,2178.961854825275,0,0,0
130.414,12842,0,31,2247.041529,238.183547,-27.696545,2039.4377560014434,2181.55523953488,0,0,0
130.424,12843,0,31,2249.843271,238.183547,-27.737638999999998,2042.0311407888494,2184.148624244485,0,0,0
130.434,12844,0,31,2252.649446,238.183547,-27.783572,2044.624525498454,2187.0013474795105,0,0,0
130.444,12845,0,31,2255.180767,238.183547,-27.840505999999998,2047.2179102080586,2189.5947322669167,0,0,0
130.454,12846,0,31,2257.791884,238.183547,-27.908316,2049.811294995465,2192.447455424141,0,0,0
130.464,12847,0,31,2260.168046,238.183547,-27.970952999999998,2051.8860027320275,2195.300178581366,0,0,0
130.474,12848,0,31,2263.169279,238.183547,-28.064646,2054.4793875194337,2198.152901816392,0,0,0
130.484,12849,0,31,2265.625236,238.183547,-28.138566,2056.813433781418,2200.7462866037977,0,0,0
130.494,12850,0,31,2267.921601,238.183547,-28.213233,2059.1474800434025,2203.3396713134025,0,0,0
130.504,12851,0,31,2270.377558,238.183547,-28.289217999999998,2061.2221877799657,2205.933056023007,0,0,0
130.514,12852,0,31,2272.988676,238.183547,-28.364553,2063.29689559433,2208.267102362793,0,0,0
130.524,12853,0,31,2275.364837,238.183547,-28.436396,2065.3716034086947,2210.601148546976,0,0,0
130.534,12854,0,31,2277.545940,238.183547,-28.507291,2067.446311145258,2213.1945333343824,0,0,0
130.544,12855,0,31,2279.846738,238.183547,-28.572944,2069.5210189596223,2215.5285795963664,0,0,0
130.554,12856,0,31,2282.067739,238.183547,-28.6348,2071.8550652216068,2217.862625858351,0,0,0
130.564,12857,0,31,2284.328638,238.183547,-28.696119,2073.6704345883513,2220.1966721203357,0,0,0
130.574,12858,0,31,2286.274785,238.183547,-28.755624,2075.4858038772945,2222.79005682994,0,0,0
130.584,12859,0,31,2288.611048,238.183547,-28.81571,2077.560511613857,2225.124103091925,0,0,0
130.594,12860,0,31,2290.601526,238.183547,-28.879425,2079.635219428222,2227.458149353909,0,0,0
130.604,12861,0,31,2292.897891,238.183547,-28.945733999999998,2081.7099272425867,2229.792195615894,0,0,0
130.614,12862,0,31,2295.158790,238.183547,-29.012574,2083.78463497915,2232.1262418778783,0,0,0
130.624,12863,0,31,2297.069472,238.183547,-29.078641,2085.8593427935143,2234.200949692243,0,0,0
130.634,12864,0,31,2299.290473,238.183547,-29.146497,2087.674712082457,2236.794334401847,0,0,0
130.644,12865,0,31,2301.391780,238.183547,-29.212544,2089.4900814492016,2238.869042216212,0,0,0
130.654,12866,0,31,2303.457622,238.103751,-29.282835,2091.5647891857648,2241.2030884003952,0,0,0
130.664,12867,0,31,2305.288507,238.103751,-29.353358,2093.3801585525093,2243.537134740181,0,0,0
130.674,12868,0,31,2307.354348,238.103751,-29.418351,2095.195527841452,2245.611842476744,0,0,0
130.684,12869,0,31,2309.380292,238.103751,-29.482549,2097.0108972081966,2247.6865502911087,0,0,0
130.694,12870,0,31,2311.486031,238.103751,-29.541419,2098.82626649714,2249.761258105473,0,0,0
130.704,12871,0,31,2313.667134,238.103751,-29.592493,2100.900974233703,2252.095304289656,0,0,0
130.714,12872,0,31,2315.458121,238.103751,-29.641795,2102.7163435226457,2254.429350629442,0,0,0
130.724,12873,0,31,2317.603759,238.103751,-29.691429,2104.5317128893903,2256.504058366005,0,0,0
130.734,12874,0,31,2319.589805,238.103751,-29.739957,2106.606420703755,2258.5787661803697,0,0,0
130.744,12875,0,31,2321.575850,238.103751,-29.781869,2108.681128440318,2260.653473994734,0,0,0
130.754,12876,0,31,2323.211677,238.103751,-29.817785999999998,2110.2371592816407,2262.7281817312974,0,0,0
130.764,12877,0,31,2325.277518,238.103751,-29.850226,2112.3118670960052,2264.802889545662,0,0,0
130.774,12878,0,31,2327.263563,238.103751,-29.875781,2114.3865749103697,2266.8775973600264,0,0,0
130.784,12879,0,31,2328.863926,238.103751,-29.893779,2115.942605751693,2268.6929666489696,0,0,0
130.794,12880,0,31,2331.160290,238.103751,-29.912316999999998,2117.498636593016,2270.5083359379123,0,0,0
130.804,12881,0,31,2332.951277,238.103751,-29.936533,2119.573344329579,2272.583043752277,0,0,0
130.814,12882,0,31,2335.017119,238.103751,-29.957166,2121.388713618522,2274.3984131190214,0,0,0
130.824,12883,0,31,2336.848004,238.103751,-29.976893999999998,2123.2040829852667,2276.4731208555845,0,0,0
130.834,12884,0,31,2338.758686,238.103751,-29.992535,2125.0194523520113,2278.2884901445277,0,0,0
130.844,12885,0,31,2340.474310,238.103751,-30.007834,2126.834821640954,2280.363197958892,0,0,0
130.854,12886,0,31,2342.345093,238.103751,-30.017968,2128.909529377517,2282.4379057732567,0,0,0
130.864,12887,0,31,2344.175978,238.103751,-30.025835,2130.46556021884,2283.9939366145795,0,0,0
130.874,12888,0,31,2346.046762,238.103751,-30.030449,2132.540268033205,2286.0686443511427,0,0,0
130.884,12889,0,31,2347.757953,238.103751,-30.029821,2134.6149758475694,2287.6246751924655,0,0,0
130.894,12890,0,31,2349.708533,238.103751,-30.028553,2136.1710066888922,2289.69938300683,0,0,0
130.904,12891,0,31,2351.654679,238.103751,-30.021024,2138.2457144254554,2291.514752295773,0,0,0
130.914,12892,0,31,2353.605259,238.103751,-30.014677,2140.32042223982,2293.3301216625177,0,0,0
130.924,12893,0,31,2355.591304,238.103751,-30.008653,2141.876453081143,2295.404829399081,0,0,0
130.934,12894,0,31,2357.071972,238.103751,-30.007438999999998,2143.9511608955077,2297.4795372134454,0,0,0
130.944,12895,0,31,2358.862959,238.103751,-30.017005,2145.7665301844504,2299.294906502388,0,0,0
130.954,12896,0,31,2360.693844,238.103751,-30.036832,2147.5818994733936,2301.3696143167526,0,0,0
130.964,12897,0,31,2362.524730,238.103751,-30.060717999999998,2149.656607287758,2303.4443221311176,0,0,0
130.974,12898,0,31,2364.355615,238.103751,-30.08615,2151.7313151021226,2305.2596914200603,0,0,0
130.984,12899,0,31,2366.306195,238.103751,-30.117357,2153.2873459434454,2307.334399234425,0,0,0
130.994,12900,0,31,2368.407501,238.103751,-30.154816,2155.3620536800086,2309.6684454964093,0,0,0
131.004,12901,0,31,2370.513241,238.103751,-30.197577,2157.177423046753,2311.743153232973,0,0,0
131.014,12902,0,31,2372.579083,238.103751,-30.239729999999998,2158.9927923356963,2313.8178610473374,0,0,0
131.024,12903,0,31,2374.525230,238.103751,-30.281612,2160.808161624639,2315.63323033628,0,0,0
131.034,12904,0,31,2376.591071,238.103751,-30.321321,2162.6235309913836,2317.7079381506446,0,0,0
131.044,12905,0,31,2378.461855,238.103751,-30.359543,2164.438900280327,2319.782645965009,0,0,0
131.054,12906,0,31,2380.408001,238.103751,-30.38874,2166.25426956927,2321.8573537015723,0,0,0
131.064,12907,0,31,2382.163523,238.103751,-30.410404,2167.810300410593,2323.672723068317,0,0,0
131.074,12908,0,31,2383.954510,238.103751,-30.428865,2169.3663312519157,2325.48809235726,0,0,0
131.084,12909,0,31,2385.630236,238.103751,-30.458612,2171.4410390662806,2327.5628001716245,0,0,0
131.094,12910,0,31,2387.190700,238.103751,-30.473077,2172.9970699076034,2329.1188310129473,0,0,0
131.104,12911,0,31,2388.866425,238.103751,-30.484258999999998,2174.553100748926,2330.9342003018905,0,0,0
131.114,12912,0,31,2390.422456,238.103751,-30.492548,2176.1091315902495,2332.4902311432134,0,0,0
131.124,12913,0,31,2392.058284,238.103751,-30.500459,2177.6651624315728,2334.3056004321566,0,0,0
131.134,12914,0,31,2393.698544,238.103751,-30.512255,2179.480531798317,2335.8616312734794,0,0,0
131.144,12915,0,31,2395.294473,238.103751,-30.528654,2180.777224114219,2337.4176621148026,0,0,0
131.154,12916,0,31,2397.360315,238.103751,-30.5492,2182.3332549555416,2338.7143545085055,0,0,0
131.164,12917,0,31,2398.761186,238.103751,-30.572720999999998,2183.629947271443,2340.0110469022084,0,0,0
131.174,12918,0,31,2400.046795,238.103751,-30.600183,2184.926639665146,2341.5670777435316,0,0,0
131.184,12919,0,31,2401.412201,238.103751,-30.631881,2186.4826705064693,2343.1231085848544,0,0,0
131.194,12920,0,31,2402.737709,238.103751,-30.669416,2187.520024452552,2344.6791394261777,0,0,0
131.204,12921,0,31,2404.253842,238.103751,-30.711029,2188.816716846255,2346.2351702675005,0,0,0
131.214,12922,0,31,2405.619248,238.103751,-30.753235,2190.1134091621566,2347.5318626612034,0,0,0
131.224,12923,0,31,2407.060017,238.103751,-30.797538,2191.150763030438,2349.0878935025266,0,0,0
131.234,12924,0,31,2408.465321,238.103751,-30.841774,2192.447455424141,2350.384585818428,0,0,0
131.244,12925,0,31,2409.866192,238.103751,-30.884799,2193.7441478178444,2351.9406166597514,0,0,0
131.254,12926,0,31,2411.151802,238.103751,-30.925669,2194.781501686126,2353.496647501074,0,0,0
131.264,12927,0,31,2412.397513,238.103751,-30.963266,2196.3375325274487,2355.052678342397,0,0,0
131.274,12928,0,31,2413.802817,238.103751,-30.995729,2197.3748863957303,2356.090032210679,0,0,0
131.284,12929,0,31,2415.088427,238.103751,-31.025689,2198.4122403418132,2357.646063052002,0,0,0
131.294,12930,0,31,2416.254342,238.103751,-31.057242,2199.449594210095,2358.683416998085,0,0,0
131.304,12931,0,31,2417.269530,238.103751,-31.089807,2200.4869480783764,2359.7207708663664,0,0,0
131.314,12932,0,31,2418.439878,238.103751,-31.119744,2201.5243020244593,2361.017463182268,0,0,0
131.324,12933,0,31,2419.410735,238.103751,-31.149244,2202.561655892741,2361.795478680731,0,0,0
131.334,12934,0,31,2420.465821,238.103751,-31.178881,2203.3396713134025,2363.0921709966324,0,0,0
131.344,12935,0,31,2421.401213,238.103751,-31.207943,2204.1176867340637,2364.1295249427153,0,0,0
131.354,12936,0,31,2422.372070,238.103751,-31.235153,2204.8957021547253,2364.907540363377,0,0,0
131.364,12937,0,31,2423.347360,238.103751,-31.263232,2205.673717575387,2365.9448942316585,0,0,0
131.374,12938,0,31,2424.242853,238.103751,-31.290914,2206.7110714436685,2366.98224809994,0,0,0
131.384,12939,0,31,2425.023085,238.103751,-31.317671,2207.4890869421315,2367.7602635206013,0,0,0
131.394,12940,0,31,2425.763419,238.103751,-31.337159,2208.0077638373714,2368.538278941263,0,0,0
131.404,12941,0,31,2426.463854,238.103751,-31.355586,2208.785779258033,2369.3162943619245,0,0,0
131.414,12942,0,31,2427.164290,238.103751,-31.373416,2209.3044562310743,2370.094309782586,0,0,0
131.424,12943,0,31,2427.904624,238.103751,-31.3938,2210.0824715739345,2370.6129867556274,0,0,0
131.434,12944,0,31,2428.489798,238.103751,-31.410519,2210.6011486247776,2371.391002176289,0,0,0
131.444,12945,0,31,2429.114870,238.103751,-31.428362,2211.1198255200175,2372.1690175969507,0,0,0
131.454,12946,0,31,2429.660146,238.103751,-31.445242,2211.6385024152573,2372.687694569992,0,0,0
131.464,12947,0,31,2430.280785,238.103751,-31.4671,2212.1571794661004,2373.206371465232,0,0,0
131.474,12948,0,31,2430.750697,238.103751,-31.482855999999998,2212.6758563613407,2373.7250484382735,0,0,0
131.484,12949,0,31,2431.335871,238.103751,-31.498343,2212.93519480896,2374.243725411315,0,0,0
131.494,12950,0,31,2431.761452,238.103751,-31.515245,2213.453871782002,2374.762402306555,0,0,0
131.504,12951,0,31,2432.271263,238.103751,-31.533879,2213.7132103074237,2375.2810792795967,0,0,0
131.514,12952,0,31,2432.696844,238.103751,-31.555592,2213.9725487550436,2375.799756252638,0,0,0
131.524,12953,0,31,2433.086960,238.103751,-31.588290999999998,2214.4912256502835,2376.318433147878,0,0,0
131.534,12954,0,31,2433.477076,238.103751,-31.619141,2214.7505640979034,2376.8371101209195,0,0,0
131.544,12955,0,31,2433.867192,238.103751,-31.637043,2215.009902623325,2377.355787093961,0,0,0
131.554,12956,0,31,2434.217410,238.103751,-31.650584,2215.2692411487465,2377.874463989201,0,0,0
131.564,12957,0,31,2434.567628,238.103751,-31.673343,2215.5285795963664,2377.874463989201,0,0,0
131.574,12958,0,31,2434.882380,238.103751,-31.692227,2216.0472564916067,2378.393140962243,0,0,0
131.584,12959,0,31,2435.268063,238.103751,-31.699054999999998,2216.3065949392267,2378.911817935284,0,0,0
131.594,12960,0,31,2435.582816,238.103751,-31.698359,2216.3065949392267,2379.171156382904,0,0,0
131.604,12961,0,31,2435.817772,238.103751,-31.712002,2216.5659334646484,2379.171156382904,0,0,0
131.614,12962,0,31,2436.048295,238.103751,-31.722162,2217.0846104376897,2379.6898333559457,0,0,0
131.624,12963,0,31,2436.363048,238.103751,-31.728338,2217.3439488853096,2379.9491718035656,0,0,0
131.634,12964,0,31,2436.748731,238.103751,-31.731951,2217.3439488853096,2380.4678487766073,0,0,0
131.644,12965,0,31,2437.063483,238.103751,-31.746398,2217.6032873329295,2380.7271872242272,0,0,0
131.654,12966,0,31,2437.298440,238.103751,-31.769642,2218.121964305971,2380.986525671847,0,0,0
131.664,12967,0,31,2437.528963,238.103751,-31.798319,2218.121964305971,2381.245864119467,0,0,0
131.674,12968,0,31,2437.919079,238.103751,-31.821996,2218.3813028313925,2381.764541092509,0,0,0
131.684,12969,0,31,2438.229398,238.103751,-31.831781,2218.8999797266324,2382.02387961793,0,0,0
131.694,12970,0,31,2438.544151,238.103751,-31.846759,2218.8999797266324,2382.54255651317,0,0,0
131.704,12971,0,31,2438.779107,238.103751,-31.867456,2219.159318174253,2382.80189496079,0,0,0
131.714,12972,0,31,2439.009630,238.103751,-31.887159999999998,2219.4186566218727,2383.0612334862117,0,0,0
131.724,12973,0,31,2439.324383,238.103751,-31.897506,2219.937333672716,2383.320572011633,0,0,0
131.734,12974,0,31,2439.710066,238.103751,-31.903007,2219.937333672716,2383.5799104592534,0,0,0
131.744,12975,0,31,2440.024818,238.103751,-31.908849,2220.1966721203357,2383.5799104592534,0,0,0
131.754,12976,0,31,2440.255341,238.103751,-31.920063,2220.7153490155756,2384.0985873544932,0,0,0
131.764,12977,0,31,2440.490298,238.103751,-31.925895,2220.9746874631956,2384.6172643275345,0,0,0
131.774,12978,0,31,2440.840515,238.103751,-31.924495999999998,2221.2340259886173,2385.135941300576,0,0,0
131.784,12979,0,31,2441.115370,238.103751,-31.929713,2221.4933645140386,2385.395279748196,0,0,0
131.794,12980,0,31,2441.505486,238.103751,-31.949635999999998,2221.752702961659,2385.654618195816,0,0,0
131.804,12981,0,31,2441.855704,238.103751,-31.968467,2222.2713798568984,2385.9139566434364,0,0,0
131.814,12982,0,31,2442.205921,238.103751,-31.973535,2222.530718304519,2386.1732951688577,0,0,0
131.824,12983,0,31,2442.476343,238.103751,-31.975015,2223.049395355362,2386.691972141899,0,0,0
131.834,12984,0,31,2442.830994,238.103751,-31.978346,2223.049395355362,2386.9513105895194,0,0,0
131.844,12985,0,31,2443.256575,238.103751,-31.979435,2223.5680722506017,2387.7293260101806,0,0,0
131.854,12986,0,31,2443.646691,238.103751,-31.982646,2224.0867491458416,2388.2480029832222,0,0,0
131.864,12987,0,31,2444.036807,238.103751,-31.996306,2224.3460876712634,2388.2480029832222,0,0,0
131.874,12988,0,31,2444.347126,238.103751,-32.009545,2224.6054261966847,2388.507341430842,0,0,0
131.884,12989,0,31,2444.697344,238.103751,-31.998314999999998,2225.124103091925,2388.766679878462,0,0,0
131.894,12990,0,31,2445.167256,238.103751,-31.979943,2225.6427799871644,2389.285356851504,0,0,0
131.904,12991,0,31,2445.557372,238.103751,-31.962785,2226.161457038008,2389.804033824545,0,0,0
131.914,12992,0,31,2446.022852,238.103751,-31.955046,2226.680133933248,2390.3227107197854,0,0,0
131.924,12993,0,31,2446.492764,238.103751,-31.961669999999998,2226.9394723808678,2390.8413876928266,0,0,0
131.934,12994,0,31,2446.998142,238.103751,-31.975787999999998,2227.7174878793307,2391.1007262182484,0,0,0
131.944,12995,0,31,2447.463621,238.103751,-31.973381,2228.2361647745706,2391.6194031134883,0,0,0
131.954,12996,0,31,2447.853737,238.103751,-31.968064,2228.754841669811,2391.878741561108,0,0,0
131.964,12997,0,31,2448.168490,238.103751,-31.968598,2229.2735187206536,2392.9160955071916,0,0,0
131.974,12998,0,31,2448.673867,238.103751,-31.975144999999998,2229.2735187206536,2393.434772402431,0,0,0
131.984,12999,0,31,2449.063983,238.103751,-31.989026,2229.792195615894,2393.434772402431,0,0,0
131.994,13000,0,31,2449.489564,238.103751,-31.994622,2230.3108725111338,2393.9534493754727,0,0,0
132.004,13001,0,31,2449.879680,238.103751,-31.981482,2230.829549561977,2394.2127878230926,0,0,0
132.014,13002,0,31,2450.229898,238.103751,-31.957866,2231.3482264572167,2394.7314647961343,0,0,0
132.024,13003,0,31,2450.620014,238.103751,-31.938862999999998,2231.6075649048366,2394.9908032437543,0,0,0
132.034,13004,0,31,2450.970232,238.103751,-31.92806,2231.866903430258,2395.509480216796,0,0,0
132.044,13005,0,31,2451.324883,238.103751,-31.926951,2232.1262418778783,2395.7688187422173,0,0,0
132.054,13006,0,31,2451.710566,238.103751,-31.919476,2232.90425729854,2396.028157189837,0,0,0
132.064,13007,0,31,2452.295740,238.103751,-31.900233,2233.16359574616,2396.2874956374576,0,0,0
132.074,13008,0,31,2452.610492,238.103751,-31.870822,2233.42293419378,2396.5468340850775,0,0,0
132.084,13009,0,31,2452.880914,238.103751,-31.830195,2234.200949692243,2396.806172610499,0,0,0
132.094,13010,0,31,2453.271030,238.028387,-31.783151,2234.4602881398628,2396.806172610499,0,0,0
132.104,13011,0,31,2453.505986,238.028387,-31.74652,2234.7196265874827,2397.0655110581192,0,0,0
132.114,13012,0,31,2453.816305,238.028387,-31.72317,2235.2383035605244,2397.5841880311605,0,0,0
132.124,13013,0,31,2454.126625,238.028387,-31.690451,2235.497642085946,2397.8435264787804,0,0,0
132.134,13014,0,31,2454.441378,237.948591,-31.655473,2235.756980533566,2398.1028649264003,0,0,0
132.144,13015,0,31,2454.671901,237.948591,-31.634235999999998,2236.534995876426,2398.6215418994416,0,0,0
132.154,13016,0,31,2455.141813,237.913126,-31.618727,2236.794334401847,2398.6215418994416,0,0,0
132.164,13017,0,31,2455.376769,237.913126,-31.602292,2236.794334401847,2398.6215418994416,0,0,0
132.174,13018,0,31,2455.687089,237.913126,-31.591984,2237.313011374889,2398.8808804248633,0,0,0
132.184,13019,0,31,2455.922045,237.913126,-31.570114,2237.572349822509,2399.1402188724833,0,0,0
132.194,13020,0,31,2456.117103,237.913126,-31.535194999999998,2238.0910267177487,2399.399557320103,0,0,0
132.204,13021,0,31,2456.347626,237.833329,-31.506998,2238.0910267177487,2399.6588957677236,0,0,0
132.214,13022,0,31,2456.582582,237.833329,-31.496076,2238.6097037685918,2399.6588957677236,0,0,0
132.224,13023,0,31,2456.857437,237.833329,-31.483767,2238.869042216212,2399.9182342153435,0,0,0
132.234,13024,0,31,2457.087960,237.833329,-31.458313999999998,2238.869042216212,2400.177572740765,0,0,0
132.244,13025,0,31,2457.247553,237.833329,-31.427205999999998,2239.387719111452,2400.177572740765,0,0,0
132.254,13026,0,31,2457.402713,237.833329,-31.400608,2239.387719111452,2400.4369111883852,0,0,0
132.264,13027,0,31,2457.557872,237.793431,-31.374491,2239.9063960844933,2400.4369111883852,0,0,0
132.274,13028,0,31,2457.792829,237.718068,-31.341259,2240.165734609915,2400.4369111883852,0,0,0
132.284,13029,0,31,2457.868192,237.718068,-31.302787,2240.165734609915,2400.6962497138065,0,0,0
132.294,13030,0,31,2458.023352,237.638271,-31.262936,2240.425073057535,2400.6962497138065,0,0,0
132.304,13031,0,31,2458.103148,237.558475,-31.223838999999998,2240.425073057535,2400.6962497138065,0,0,0
132.314,13032,0,31,2458.178512,237.558475,-31.205831,2240.943749952775,2400.6962497138065,0,0,0
132.324,13033,0,31,2458.338104,237.483112,-31.178345,2241.2030884003952,2400.9555881614265,0,0,0
132.334,13034,0,31,2458.568628,237.483112,-31.1401,2241.4624269258165,2400.9555881614265,0,0,0
132.344,13035,0,31,2458.803584,237.403315,-31.101582,2241.721765451238,2401.2149266090464,0,0,0
132.354,13036,0,31,2458.958744,237.403315,-31.077274,2241.981103898858,2401.2149266090464,0,0,0
132.364,13037,0,31,2459.113903,237.403315,-31.055668999999998,2242.499780794098,2401.2149266090464,0,0,0
132.374,13038,0,31,2459.464121,237.403315,-31.018888999999998,2242.759119241718,2401.474265134468,0,0,0
132.384,13039,0,31,2459.778874,237.327952,-30.962415,2243.0184577671394,2401.733603582088,0,0,0
132.394,13040,0,31,2460.129091,237.172792,-30.889751,2243.537134740181,2401.9929420297076,0,0,0
132.404,13041,0,31,2460.439411,237.013199,-30.808111,2244.055811635421,2402.25228055513,0,0,0
132.414,13042,0,31,2460.869425,236.858039,-30.709837,2244.833827133884,2402.25228055513,0,0,0
132.424,13043,0,31,2461.299439,236.702880,-30.591292,2245.352504029124,2402.5116190027493,0,0,0
132.434,13044,0,31,2461.764919,236.467923,-30.450602,2246.389857975207,2402.5116190027493,0,0,0
132.444,13045,0,31,2462.310195,236.237400,-30.294926999999998,2247.427211765687,2402.770957450369,0,0,0
132.454,13046,0,31,2462.740209,236.077807,-30.125758,2248.46456571177,2402.770957450369,0,0,0
132.464,13047,0,31,2463.285485,235.847284,-29.950851,2249.5019196578533,2403.030295975791,0,0,0
132.474,13048,0,31,2463.870659,235.612328,-29.770596,2250.539273448333,2403.030295975791,0,0,0
132.484,13049,0,31,2464.491298,235.377372,-29.583486,2251.5766273944164,2403.030295975791,0,0,0
132.494,13050,0,31,2465.036573,235.142416,-29.389274999999998,2252.6139813404993,2403.289634423411,0,0,0
132.504,13051,0,31,2465.506486,234.911893,-29.191388,2253.9106736564004,2403.289634423411,0,0,0
132.514,13052,0,31,2466.091660,234.832096,-28.992369,2255.2073659723023,2403.5489729488327,0,0,0
132.524,13053,0,31,2466.636936,234.676936,-28.793609,2256.2447199183853,2403.808311396452,0,0,0
132.534,13054,0,31,2467.102415,234.597140,-28.594393,2257.282073864468,2403.808311396452,0,0,0
132.544,13055,0,31,2467.572327,234.441980,-28.392169,2258.3194276549484,2403.808311396452,0,0,0
132.554,13056,0,31,2467.997908,234.366617,-28.188276,2259.3567816010313,2403.808311396452,0,0,0
132.564,13057,0,31,2468.388024,234.211457,-27.986482,2260.3941355471143,2403.808311396452,0,0,0
132.574,13058,0,31,2468.857937,234.051864,-27.783925,2261.431489337594,2403.808311396452,0,0,0
132.584,13059,0,31,2469.403213,233.896704,-27.578868,2262.468843283677,2403.808311396452,0,0,0
132.594,13060,0,31,2469.828794,233.666181,-27.372487,2263.5061972297603,2403.808311396452,0,0,0
132.604,13061,0,31,2470.374069,233.586385,-27.165624,2264.54355102024,2403.808311396452,0,0,0
132.614,13062,0,31,2470.919345,233.431225,-26.952761,2266.3589203869847,2403.808311396452,0,0,0
132.624,13063,0,31,2471.624214,233.276065,-26.728326,2267.3962742552662,2403.808311396452,0,0,0
132.634,13064,0,31,2472.209388,233.041109,-26.488318,2268.9523050965895,2404.0676498440725,0,0,0
132.644,13065,0,31,2472.949722,232.885949,-26.234348999999998,2270.2489974902924,2404.0676498440725,0,0,0
132.654,13066,0,31,2473.570361,232.806153,-25.966092,2271.805028331615,2404.586326817114,0,0,0
132.664,13067,0,31,2474.350593,232.730789,-25.684442,2273.3610591729384,2404.586326817114,0,0,0
132.674,13068,0,31,2475.130825,232.571197,-25.390458,2275.176428461881,2404.586326817114,0,0,0
132.684,13069,0,31,2475.751464,232.340673,-25.08075,2276.7324593032045,2404.586326817114,0,0,0
132.694,13070,0,31,2476.686856,232.260877,-24.763997,2278.807167117569,2404.586326817114,0,0,0
132.704,13071,0,31,2477.467088,232.105717,-24.444009,2280.363197958892,2404.845665264734,0,0,0
132.714,13072,0,31,2478.442378,232.105717,-24.125097,2282.4379057732567,2404.845665264734,0,0,0
132.724,13073,0,31,2479.258075,232.025921,-23.814738,2283.9939366145795,2404.845665264734,0,0,0
132.734,13074,0,31,2480.153568,232.025921,-23.520643,2285.549967455903,2405.3643422377754,0,0,0
132.744,13075,0,31,2481.128858,232.025921,-23.242639999999998,2287.3653367448455,2405.623680685396,0,0,0
132.754,13076,0,31,2482.024352,232.025921,-22.974694,2289.1807060337887,2405.623680685396,0,0,0
132.764,13077,0,31,2482.924278,232.025921,-22.710558,2290.7367368751115,2406.142357658437,0,0,0
132.774,13078,0,31,2483.779874,232.025921,-22.445498999999998,2292.292767716435,2406.142357658437,0,0,0
132.784,13079,0,31,2484.635469,232.025921,-22.176824,2294.1081370831794,2406.401696106057,0,0,0
132.794,13080,0,31,2485.650657,232.025921,-21.902803,2295.664167924502,2406.9203730790987,0,0,0
132.804,13081,0,31,2486.586049,232.025921,-21.626526,2297.4795372134454,2407.179711526718,0,0,0
132.814,13082,0,31,2487.401746,232.025921,-21.34472,2299.0355680547686,2407.4390500521404,0,0,0
132.824,13083,0,31,2488.261774,232.025921,-21.053001,2300.8509373437114,2407.9577269473803,0,0,0
132.834,13084,0,31,2489.197166,232.025921,-20.753465,2302.666306710456,2408.217065395,0,0,0
132.844,13085,0,31,2490.247820,232.025921,-20.451055,2304.222337551779,2408.217065395,0,0,0
132.854,13086,0,31,2491.183211,232.025921,-20.146036,2306.297045288342,2408.217065395,0,0,0
132.864,13087,0,31,2492.118603,232.025921,-19.838362,2307.853076129665,2408.217065395,0,0,0
132.874,13088,0,31,2492.974198,232.025921,-19.525543,2309.927783944029,2408.217065395,0,0,0
132.884,13089,0,31,2493.909590,232.025921,-19.205229,2311.4838147853525,2408.217065395,0,0,0
132.894,13090,0,31,2494.805084,232.025921,-18.878563,2313.5585225997174,2408.4764039204215,0,0,0
132.904,13091,0,31,2495.625214,232.025921,-18.547977,2315.1145534410402,2408.7357423680414,0,0,0
132.914,13092,0,31,2496.480809,232.025921,-18.052222,2317.1892611776034,2408.995080815662,0,0,0
132.924,13093,0,31,2497.531462,232.025921,-17.719627,2319.004630544348,2409.254419341083,0,0,0
132.934,13094,0,31,2498.661912,232.025921,-17.382556,2321.0793382809106,2409.513757788703,0,0,0
132.944,13095,0,31,2499.637202,232.025921,-17.037199,2322.894707647655,2409.773096236323,0,0,0
132.954,13096,0,31,2500.687856,232.025921,-16.687631,2324.9694153842183,2409.773096236323,0,0,0
132.964,13097,0,31,2502.248319,232.025921,-16.33318,2327.044123198583,2410.0324347617448,0,0,0
132.974,13098,0,31,2503.183711,232.025921,-15.974795,2329.1188310129473,2410.5511116569846,0,0,0
132.984,13099,0,31,2504.039307,232.025921,-15.620303999999999,2331.1935387495105,2410.8104501824064,0,0,0
132.994,13100,0,31,2505.054495,232.025921,-15.275808,2332.7495695908333,2410.8104501824064,0,0,0
133.004,13101,0,31,2505.830294,232.025921,-14.943714,2334.824277405198,2410.8104501824064,0,0,0
133.014,13102,0,31,2506.650424,232.025921,-14.619043999999999,2336.639646771943,2410.8104501824064,0,0,0
133.024,13103,0,31,2507.470554,232.025921,-14.29764,2338.4550160608856,2411.0697886300263,0,0,0
133.034,13104,0,31,2508.210888,232.025921,-13.981707,2340.0110469022084,2411.0697886300263,0,0,0
133.044,13105,0,31,2509.026585,232.025921,-13.674968,2341.5670777435316,2411.0697886300263,0,0,0
133.054,13106,0,31,2509.691555,232.025921,-13.377146999999999,2343.1231085848544,2411.5884656030676,0,0,0
133.064,13107,0,31,2510.626947,232.025921,-13.08498,2344.6791394261777,2411.8478040506875,0,0,0
133.074,13108,0,31,2511.442644,232.025921,-12.797407999999999,2346.2351702675005,2411.8478040506875,0,0,0
133.084,13109,0,31,2512.417934,232.065819,-12.507245,2347.7912011088238,2412.107142576109,0,0,0
133.094,13110,0,31,2513.118370,232.065819,-12.207003,2349.8659088453865,2412.3664810237287,0,0,0
133.104,13111,0,31,2513.818805,231.990456,-11.896927999999999,2351.4219396867097,2412.3664810237287,0,0,0
133.114,13112,0,31,2514.754197,231.910659,-11.577088999999999,2353.496647501074,2412.625819471349,0,0,0
133.124,13113,0,31,2515.534429,231.830863,-11.25445,2355.312016867819,2413.1444964443904,0,0,0
133.134,13114,0,31,2516.390024,231.755499,-10.936554,2357.386724604382,2413.4038348920108,0,0,0
133.144,13115,0,31,2517.405212,231.675703,-10.62135,2359.461432340945,2413.922511865052,0,0,0
133.154,13116,0,31,2518.415968,231.675703,-10.304743,2361.2768017076896,2414.4411887602923,0,0,0
133.164,13117,0,31,2519.391258,231.600340,-9.992006,2363.351509522054,2414.9598657333336,0,0,0
133.174,13118,0,31,2520.366548,231.600340,-9.684344999999999,2365.426217258617,2414.9598657333336,0,0,0
133.184,13119,0,31,2521.301939,231.600340,-9.378592999999999,2367.5009250729813,2415.4785427063753,0,0,0
133.194,13120,0,31,2522.272796,231.520543,-9.070421999999999,2369.0569559143046,2415.997219601615,0,0,0
133.204,13121,0,31,2523.367781,231.520543,-8.759379,2371.131663728669,2415.997219601615,0,0,0
133.214,13122,0,31,2524.418434,231.445180,-8.442399,2372.687694569992,2415.997219601615,0,0,0
133.224,13123,0,31,2525.234131,231.365384,-8.11937,2374.762402306555,2416.256558127037,0,0,0
133.234,13124,0,31,2526.289218,231.285587,-7.789431,2376.8371101209195,2416.775235022277,0,0,0
133.244,13125,0,31,2527.379769,231.210224,-7.4578180000000005,2378.652479487664,2417.034573547698,0,0,0
133.254,13126,0,31,2528.585582,231.130427,-7.1234210000000004,2380.4678487766073,2417.293911995318,0,0,0
133.264,13127,0,31,2529.795828,231.130427,-6.783187000000001,2382.54255651317,2417.293911995318,0,0,0
133.274,13128,0,31,2530.806584,231.130427,-6.430434,2384.6172643275345,2417.8125888905583,0,0,0
133.284,13129,0,31,2531.897135,231.055064,-6.072952000000001,2386.691972141899,2418.0719274159796,0,0,0
133.294,13130,0,31,2533.027585,231.055064,-5.714722,2388.766679878462,2418.5906043890213,0,0,0
133.304,13131,0,31,2534.118136,231.055064,-5.361243,2390.8413876928266,2418.5906043890213,0,0,0
133.314,13132,0,31,2535.248586,231.055064,-5.009616,2392.9160955071916,2418.8499428366413,0,0,0
133.324,13133,0,31,2536.339138,231.055064,-4.6549890000000005,2394.9908032437543,2418.8499428366413,0,0,0
133.334,13134,0,31,2537.394224,231.055064,-4.296895,2397.0655110581192,2419.368619809683,0,0,0
133.344,13135,0,31,2538.484776,231.055064,-3.9418379999999997,2399.1402188724833,2419.627958257303,0,0,0
133.354,13136,0,31,2539.340371,231.055064,-3.5889029999999997,2400.9555881614265,2419.887296782724,0,0,0
133.364,13137,0,31,2540.470821,231.055064,-3.239718,2402.770957450369,2419.887296782724,0,0,0
133.374,13138,0,31,2541.521474,231.055064,-2.901178,2404.845665264734,2419.887296782724,0,0,0
133.384,13139,0,31,2542.456866,231.015166,-2.574686,2406.9203730790987,2420.146635230344,0,0,0
133.394,13140,0,31,2543.316894,231.015166,-2.253291,2408.4764039204215,2420.146635230344,0,0,0
133.404,13141,0,31,2544.132591,231.015166,-1.936485,2410.5511116569846,2420.405973677964,0,0,0
133.414,13142,0,31,2545.067983,231.015166,-1.631232,2412.1071424983074,2420.924650651006,0,0,0
133.424,13143,0,31,2545.963477,231.015166,-1.343897,2414.1818503126724,2421.1839890986257,0,0,0
133.434,13144,0,31,2546.938767,231.015166,-1.063866,2415.997219679417,2421.1839890986257,0,0,0
133.444,13145,0,31,2547.914057,231.015166,-0.779142,2417.8125889683597,2421.7026660716674,0,0,0
133.454,13146,0,31,2549.004608,231.015166,-0.495313,2419.887296704923,2422.480681492329,0,0,0
133.464,13147,0,31,2550.095160,231.090529,-0.214855,2421.4433275462457,2422.740019939949,0,0,0
133.474,13148,0,31,2551.070450,231.090529,0.067235,2423.51803536061,2423.25869691299,0,0,0
133.484,13149,0,31,2552.041306,231.090529,0.35625799999999996,2425.3334047273547,2423.77737380823,0,0,0
133.494,13150,0,31,2552.936800,231.090529,0.6557839999999999,2427.148774016298,2423.77737380823,0,0,0
133.504,13151,0,31,2553.756930,231.090529,0.9745309999999999,2428.9641433052407,2424.03671225585,0,0,0
133.514,13152,0,31,2554.652424,231.090529,1.3021550000000002,2430.779512594184,2424.296050781272,0,0,0
133.524,13153,0,31,2555.512452,231.090529,1.786799,2432.8542204085484,2424.8147277543135,0,0,0
133.534,13154,0,31,2556.252786,231.090529,2.103991,2434.4102512498716,2424.8147277543135,0,0,0
133.544,13155,0,31,2557.068483,231.090529,2.422602,2436.225620616616,2424.8147277543135,0,0,0
133.554,13156,0,31,2557.848715,231.090529,2.737987,2438.040989905559,2424.8147277543135,0,0,0
133.564,13157,0,31,2558.589049,231.090529,3.049404,2439.597020746882,2424.8147277543135,0,0,0
133.574,13158,0,31,2559.289484,231.090529,3.35627,2441.1530515882055,2424.8147277543135,0,0,0
133.584,13159,0,31,2559.989920,231.090529,3.6611860000000003,2442.709082429528,2424.8147277543135,0,0,0
133.594,13160,0,31,2560.770152,231.090529,3.96545,2444.265113270851,2424.8147277543135,0,0,0
133.604,13161,0,31,2561.625747,231.090529,4.270928,2445.8211441121744,2424.8147277543135,0,0,0
133.614,13162,0,31,2562.445877,231.090529,4.578481,2447.377174953497,2424.8147277543135,0,0,0
133.624,13163,0,31,2563.226109,231.130427,4.883959,2448.9332057948204,2425.0740662019334,0,0,0
133.634,13164,0,31,2564.121603,231.285587,5.1857489999999995,2451.007913531383,2425.0740662019334,0,0,0
133.644,13165,0,31,2565.056995,231.445180,5.483708,2452.5639443727064,2425.3334046495534,0,0,0
133.654,13166,0,31,2565.952488,231.520543,5.770783,2454.119975214029,2425.852081622595,0,0,0
133.664,13167,0,31,2566.847982,231.755499,6.045959,2455.6760060553524,2426.3707585956363,0,0,0
133.674,13168,0,31,2567.783373,231.990456,6.314992999999999,2457.750713869717,2426.3707585956363,0,0,0
133.684,13169,0,31,2568.638969,232.145615,6.585229999999999,2459.3067447110398,2426.6300970432562,0,0,0
133.694,13170,0,31,2569.459099,232.300775,6.857366,2460.862775552363,2426.6300970432562,0,0,0
133.704,13171,0,31,2570.314694,232.455935,7.126767999999999,2462.418806393686,2426.889435490876,0,0,0
133.714,13172,0,31,2571.055028,232.535731,7.388757,2463.974837235009,2427.148773938496,0,0,0
133.724,13173,0,31,2571.875158,232.611095,7.643929,2465.530868076332,2427.148773938496,0,0,0
133.734,13174,0,31,2572.615492,232.766255,7.896523999999999,2466.8275603922334,2427.408112463918,0,0,0
133.744,13175,0,31,2573.240564,232.766255,8.152097000000001,2468.3835912335567,2427.408112463918,0,0,0
133.754,13176,0,31,2573.821305,232.846051,8.412401000000001,2469.6802836272595,2427.408112463918,0,0,0
133.764,13177,0,31,2574.331116,232.846051,8.676185,2470.7176375733425,2427.408112463918,0,0,0
133.774,13178,0,31,2574.991653,232.846051,8.936025,2472.2736684146657,2427.408112463918,0,0,0
133.784,13179,0,31,2575.616725,232.846051,9.194233,2473.311022282947,2427.408112463918,0,0,0
133.794,13180,0,31,2576.237364,232.846051,9.454654,2474.86705312427,2427.408112463918,0,0,0
133.804,13181,0,31,2576.862437,232.846051,9.721200000000001,2475.9044069925517,2427.408112463918,0,0,0
133.814,13182,0,31,2577.562872,232.846051,9.996748,2477.4604378338745,2427.408112463918,0,0,0
133.824,13183,0,31,2578.303206,232.846051,10.281264,2479.0164686751978,2427.408112463918,0,0,0
133.834,13184,0,31,2579.123336,232.846051,10.575406000000001,2480.5724995165206,2427.6674509893396,0,0,0
133.844,13185,0,31,2579.783873,232.846051,10.878496,2482.128530357844,2427.6674509893396,0,0,0
133.854,13186,0,31,2580.639469,232.885949,11.189921,2483.9438996467866,2427.6674509893396,0,0,0
133.864,13187,0,31,2581.344337,232.885949,11.504275,2485.759269013531,2427.9267894369596,0,0,0
133.874,13188,0,31,2582.745208,232.885949,11.815942,2487.3152998548544,2428.1861278845795,0,0,0
133.884,13189,0,31,2583.640702,232.885949,12.119108,2489.130669221599,2428.4454663321994,0,0,0
133.894,13190,0,31,2584.500730,232.885949,12.412455000000001,2490.946038510542,2428.4454663321994,0,0,0
133.904,13191,0,31,2585.241064,232.885949,12.702728,2492.502069351865,2428.4454663321994,0,0,0
133.914,13192,0,31,2586.016863,232.885949,12.996504,2494.317438640808,2428.4454663321994,0,0,0
133.924,13193,0,31,2586.797095,232.885949,13.296622000000001,2495.873469482131,2428.4454663321994,0,0,0
133.934,13194,0,31,2587.577327,232.885949,13.603919000000001,2497.4295003234542,2428.4454663321994,0,0,0
133.944,13195,0,31,2588.277763,232.730789,13.919128,2498.9855311647766,2428.4454663321994,0,0,0
133.954,13196,0,31,2588.978198,232.650993,14.241382,2500.5415620061,2428.4454663321994,0,0,0
133.964,13197,0,31,2589.758430,232.416037,14.568161,2502.3569312950426,2428.4454663321994,0,0,0
133.974,13198,0,31,2590.653924,232.260877,14.902629000000001,2503.912962136366,2428.4454663321994,0,0,0
133.984,13199,0,31,2591.513952,231.950557,15.245067,2505.7283314253086,2428.4454663321994,0,0,0
133.994,13200,0,31,2592.254286,231.715601,15.597760000000001,2507.543700792054,2428.4454663321994,0,0,0
134.004,13201,0,31,2593.149779,231.560441,15.961068000000001,2509.618408606418,2428.4454663321994,0,0,0
134.014,13202,0,31,2594.045273,231.325485,16.333396,2511.4337778953613,2428.7048047798194,0,0,0
134.024,13203,0,31,2594.825505,231.170326,16.714485,2513.508485631924,2428.7048047798194,0,0,0
134.034,13204,0,31,2595.565839,231.090529,17.105058,2515.5831935240903,2428.7048047798194,0,0,0
134.044,13205,0,31,2596.381536,231.015166,17.507971,2517.398562813033,2428.7048047798194,0,0,0
134.054,13206,0,31,2597.277029,230.935369,17.917675,2519.4732705495967,2428.7048047798194,0,0,0
134.064,13207,0,31,2598.292217,230.780210,18.330503,2521.8073168893825,2428.7048047798194,0,0,0
134.074,13208,0,31,2599.187711,230.704846,18.739003,2523.882024625945,2428.7048047798194,0,0,0
134.084,13209,0,31,2600.083204,230.545253,19.149555,2525.6973939148884,2428.7048047798194,0,0,0
134.094,13210,0,31,2601.138291,230.469890,19.561690000000002,2527.7721017292524,2428.7048047798194,0,0,0
134.104,13211,0,31,2602.149046,230.390094,19.97421,2530.106147991238,2428.7048047798194,0,0,0
134.114,13212,0,31,2602.969176,230.390094,20.383238000000002,2532.4401942532218,2428.7048047798194,0,0,0
134.124,13213,0,31,2604.019830,230.390094,20.790179000000002,2534.5149020675863,2428.7048047798194,0,0,0
134.134,13214,0,31,2604.915323,230.390094,21.399399,2536.58960980415,2428.7048047798194,0,0,0
134.144,13215,0,31,2605.930511,230.390094,21.808724,2538.9236561439357,2428.7048047798194,0,0,0
134.154,13216,0,31,2606.901368,230.390094,22.222113,2540.9983638804983,2428.7048047798194,0,0,0
134.164,13217,0,31,2607.836760,230.390094,22.639127000000002,2543.0730716170615,2428.7048047798194,0,0,0
134.174,13218,0,31,2608.732253,230.390094,23.053532,2545.1477795092273,2428.7048047798194,0,0,0
134.184,13219,0,31,2609.707543,230.390094,23.467812000000002,2547.222487245791,2428.7048047798194,0,0,0
134.194,13220,0,31,2610.758197,230.390094,23.883326,2549.556533507775,2428.7048047798194,0,0,0
134.204,13221,0,31,2611.813283,230.390094,24.301046,2551.6312413221394,2428.7048047798194,0,0,0
134.214,13222,0,31,2612.784140,230.390094,24.717647,2553.965287506323,2428.7048047798194,0,0,0
134.224,13223,0,31,2613.684067,230.390094,25.131152,2556.039995398489,2428.7048047798194,0,0,0
134.234,13224,0,31,2614.694822,230.390094,25.535489000000002,2558.114703135052,2428.7048047798194,0,0,0
134.244,13225,0,31,2615.710010,230.390094,25.932133,2560.1894108716147,2428.7048047798194,0,0,0
134.254,13226,0,31,2616.645402,230.390094,26.321248,2562.264118763781,2428.7048047798194,0,0,0
134.264,13227,0,31,2617.656157,230.469890,26.705796,2564.338826500344,2428.7048047798194,0,0,0
134.274,13228,0,31,2618.436389,230.469890,27.089364,2566.413534236907,2428.9641433052407,0,0,0
134.284,13229,0,31,2619.526940,230.469890,27.46784,2568.228903603652,2428.9641433052407,0,0,0
134.294,13230,0,31,2620.537695,230.469890,27.837856000000002,2570.303611418016,2428.9641433052407,0,0,0
134.304,13231,0,31,2621.473087,230.469890,28.20126,2572.1189807069595,2429.4828202782824,0,0,0
134.314,13232,0,31,2622.333116,230.545253,28.561232,2574.193688443522,2429.4828202782824,0,0,0
134.324,13233,0,31,2623.308406,230.625050,28.920258,2576.268396335688,2429.7421587259023,0,0,0
134.334,13234,0,31,2624.084204,230.704846,29.28436,2577.8244271770113,2429.7421587259023,0,0,0
134.344,13235,0,31,2624.709277,230.780210,29.654676000000002,2579.899134913574,2429.7421587259023,0,0,0
134.354,13236,0,31,2625.334349,230.860006,30.029264,2581.714504202517,2429.7421587259023,0,0,0
134.364,13237,0,31,2626.074683,230.860006,30.407564,2583.52987349146,2429.7421587259023,0,0,0
134.374,13238,0,31,2626.695322,230.935369,30.786748,2585.0859043327832,2429.7421587259023,0,0,0
134.384,13239,0,31,2627.240597,230.935369,31.165161,2586.901273699528,2429.7421587259023,0,0,0
134.394,13240,0,31,2627.745975,231.090529,31.539805,2588.4573045408506,2429.7421587259023,0,0,0
134.404,13241,0,31,2628.175989,231.250122,31.908608,2590.0133353821743,2429.7421587259023,0,0,0
134.414,13242,0,31,2628.606003,231.405282,32.273790999999996,2591.569366223497,2429.7421587259023,0,0,0
134.424,13243,0,31,2629.111381,231.560441,32.630049,2593.12539706482,2429.7421587259023,0,0,0
134.434,13244,0,31,2629.501497,231.795398,32.976338999999996,2594.6814279061427,2429.7421587259023,0,0,0
134.444,13245,0,31,2630.006875,231.950557,33.311527,2595.9781202220447,2429.7421587259023,0,0,0
134.454,13246,0,31,2630.396991,232.105717,33.636038,2597.2748126157476,2429.7421587259023,0,0,0
134.464,13247,0,31,2630.902368,232.185514,33.948895,2598.8308434570704,2429.7421587259023,0,0,0
134.474,13248,0,31,2631.292484,232.260877,34.250978999999994,2600.1275358507737,2429.7421587259023,0,0,0
134.484,13249,0,31,2631.837760,232.260877,34.540743,2601.6835666920965,2429.7421587259023,0,0,0
134.494,13250,0,31,2632.307672,232.260877,34.823164999999996,2602.7209206381795,2429.7421587259023,0,0,0
134.504,13251,0,31,2632.852948,232.260877,35.097435999999995,2604.017612954081,2429.7421587259023,0,0,0
134.514,13252,0,31,2633.398224,232.260877,35.358895999999994,2605.3143052699825,2429.7421587259023,0,0,0
134.524,13253,0,31,2633.903601,232.260877,35.605244,2606.351659216066,2429.7421587259023,0,0,0
134.534,13254,0,31,2634.448877,232.260877,35.836658,2607.389013162149,2429.7421587259023,0,0,0
134.544,13255,0,31,2634.994153,232.260877,36.052642,2608.6857054780503,2429.7421587259023,0,0,0
134.554,13256,0,31,2635.579327,232.260877,36.253277999999995,2609.723059346332,2429.7421587259023,0,0,0
134.564,13257,0,31,2636.084704,232.260877,36.439543,2610.760413292415,2429.7421587259023,0,0,0
134.574,13258,0,31,2636.669878,232.260877,36.614684,2612.0571056861177,2429.7421587259023,0,0,0
134.584,13259,0,31,2637.255052,232.260877,36.778839999999995,2613.094459476598,2429.7421587259023,0,0,0
134.594,13260,0,31,2637.955488,232.260877,36.930310999999996,2614.131813422681,2429.7421587259023,0,0,0
134.604,13261,0,31,2638.540662,232.260877,37.071141,2615.1691673687637,2429.7421587259023,0,0,0
134.614,13262,0,31,2639.165734,232.260877,37.206377999999994,2616.2065211592435,2429.7421587259023,0,0,0
134.624,13263,0,31,2639.711010,232.260877,37.340227,2616.984536657707,2429.7421587259023,0,0,0
134.634,13264,0,31,2640.331649,232.260877,37.474548999999996,2618.021890525989,2429.7421587259023,0,0,0
134.644,13265,0,31,2640.841460,232.300775,37.611641,2619.0592443942696,2429.7421587259023,0,0,0
134.654,13266,0,31,2641.422200,232.300775,37.75208,2619.5779213673113,2429.7421587259023,0,0,0
134.664,13267,0,31,2641.967476,232.300775,37.896511999999994,2620.615275235593,2429.7421587259023,0,0,0
134.674,13268,0,31,2642.477287,232.300775,38.046929999999996,2621.6526291816763,2429.7421587259023,0,0,0
134.684,13269,0,31,2642.982664,232.300775,38.204048,2622.171306076916,2429.7421587259023,0,0,0
134.694,13270,0,31,2643.488042,232.300775,38.374534999999995,2623.467998470619,2429.7421587259023,0,0,0
134.704,13271,0,31,2644.073216,232.300775,38.567404999999994,2624.505352416702,2429.7421587259023,0,0,0
134.714,13272,0,31,2644.543128,232.300775,38.784395999999994,2625.8020447326035,2429.7421587259023,0,0,0
134.724,13273,0,31,2645.048506,232.300775,39.017008,2626.839398600885,2429.7421587259023,0,0,0
134.734,13274,0,31,2645.513985,232.300775,39.25933199999999,2627.876752546968,2429.7421587259023,0,0,0
134.744,13275,0,31,2645.944000,232.300775,39.645407,2629.1734449406713,2429.7421587259023,0,0,0
134.754,13276,0,31,2646.449377,232.300775,39.920618,2630.729475781994,2429.7421587259023,0,0,0
134.764,13277,0,31,2646.919289,232.300775,40.209049,2631.7668295724743,2429.7421587259023,0,0,0
134.774,13278,0,31,2647.424667,232.300775,40.509921999999996,2633.3228604137967,2429.7421587259023,0,0,0
134.784,13279,0,31,2647.814783,232.300775,40.823786999999996,2634.6195528075,2429.7421587259023,0,0,0
134.794,13280,0,31,2648.475320,232.300775,41.145624999999995,2635.9162452012033,2429.7421587259023,0,0,0
134.804,13281,0,31,2648.905335,232.300775,41.470119,2637.472276042526,2429.7421587259023,0,0,0
134.814,13282,0,31,2649.450610,232.300775,41.795905,2638.7689684362294,2429.7421587259023,0,0,0
134.824,13283,0,31,2650.075683,232.300775,42.124865,2640.324999277552,2429.7421587259023,0,0,0
134.834,13284,0,31,2650.656423,232.300775,42.454969999999996,2641.621691671255,2429.7421587259023,0,0,0
134.844,13285,0,31,2651.166234,232.300775,42.788059999999994,2642.9183839871566,2429.7421587259023,0,0,0
134.854,13286,0,31,2651.826771,232.376139,43.120883,2644.4744148284794,2429.7421587259023,0,0,0
134.864,13287,0,31,2652.451844,232.535731,43.454598,2646.030445669803,2429.7421587259023,0,0,0
134.874,13288,0,31,2653.152279,232.611095,43.793721999999995,2647.586476511126,2429.7421587259023,0,0,0
134.884,13289,0,31,2653.852715,232.611095,44.137611,2649.142507352449,2429.7421587259023,0,0,0
134.894,13290,0,31,2654.437889,232.611095,44.484483999999995,2650.9578767191933,2429.7421587259023,0,0,0
134.904,13291,0,31,2655.098426,232.690891,44.83338,2652.7732460081365,2429.7421587259023,0,0,0
134.914,13292,0,31,2655.958454,232.690891,45.183904999999996,2654.5886152970793,2429.7421587259023,0,0,0
134.924,13293,0,31,2656.774151,232.690891,45.539193999999995,2656.4039845860225,2429.7421587259023,0,0,0
134.934,13294,0,31,2657.554383,232.690891,45.901405,2658.2193538749652,2429.7421587259023,0,0,0
134.944,13295,0,31,2658.409979,232.690891,46.272133999999994,2660.03472324171,2429.7421587259023,0,0,0
134.954,13296,0,31,2659.230109,232.690891,46.643179999999994,2661.5907540830326,2429.7421587259023,0,0,0
134.964,13297,0,31,2659.890646,232.690891,47.01132,2663.4061234497776,2429.7421587259023,0,0,0
134.974,13298,0,31,2660.945733,232.690891,47.3767,2665.2214927387204,2429.7421587259023,0,0,0
134.984,13299,0,31,2661.841226,232.690891,47.738585,2667.0368620276636,2429.7421587259023,0,0,0
134.994,13300,0,31,2662.621458,232.690891,48.099247,2668.8522313166063,2429.7421587259023,0,0,0
135.004,13301,0,31,2663.397257,232.690891,48.464228,2670.926939130971,2429.7421587259023,0,0,0
135.014,13302,0,31,2664.332649,232.690891,48.836389,2673.001646945336,2429.7421587259023,0,0,0
135.024,13303,0,31,2665.112881,232.690891,49.213297999999995,2674.557677786659,2429.7421587259023,0,0,0
135.034,13304,0,31,2665.893113,232.690891,49.597550999999996,2676.6323855232217,2429.7421587259023,0,0,0
135.044,13305,0,31,2666.943766,232.690891,49.986385999999996,2678.7070933375862,2429.7421587259023,0,0,0
135.054,13306,0,31,2667.919056,232.690891,50.382594,2681.0411395995707,2429.7421587259023,0,0,0
135.064,13307,0,31,2668.774651,232.690891,50.786503999999994,2683.375185861555,2429.7421587259023,0,0,0
135.074,13308,0,31,2669.829738,232.690891,51.199405999999996,2685.9685705711595,2429.7421587259023,0,0,0
135.084,13309,0,31,2670.800595,232.690891,51.621188,2688.043278385524,2429.7421587259023,0,0,0
135.094,13310,0,31,2671.735987,232.690891,52.051223,2690.377324647509,2429.7421587259023,0,0,0
135.104,13311,0,31,2672.671378,232.690891,52.490128999999996,2692.7113709094933,2429.7421587259023,0,0,0
135.114,13312,0,31,2673.686566,232.690891,52.935305,2694.7860787238583,2429.7421587259023,0,0,0
135.124,13313,0,31,2674.502264,232.690891,53.386340999999994,2697.3794634334627,2429.7421587259023,0,0,0
135.134,13314,0,31,2675.012074,232.690891,53.843436999999994,2699.454171247827,2429.7421587259023,0,0,0
135.144,13315,0,31,2675.787873,232.690891,54.302651999999995,2702.047555957432,2429.7421587259023,0,0,0
135.154,13316,0,31,2676.763163,232.690891,54.764157999999995,2704.640940667036,2429.7421587259023,0,0,0
135.164,13317,0,31,2677.893613,232.690891,55.228969,2707.234325454442,2429.7421587259023,0,0,0
135.174,13318,0,31,2679.099426,232.690891,55.700064,2709.5683717164266,2429.7421587259023,0,0,0
135.184,13319,0,31,2680.269774,232.690891,56.172824,2712.1617564260314,2429.7421587259023,0,0,0
135.194,13320,0,31,2681.360325,232.690891,56.651872999999995,2715.014479661057,2429.7421587259023,0,0,0
135.204,13321,0,31,2682.606037,232.690891,57.141692,2717.607864370662,2429.7421587259023,0,0,0
135.214,13322,0,31,2683.736486,232.690891,57.643049,2720.460587605688,2429.7421587259023,0,0,0
135.224,13323,0,31,2684.986631,232.690891,58.156693999999995,2723.3133107629124,2429.7421587259023,0,0,0
135.234,13324,0,31,2686.232342,232.730789,58.68061599999999,2726.1660339979385,2429.7421587259023,0,0,0
135.244,13325,0,31,2687.402690,232.730789,59.211211,2729.0187572329646,2429.7421587259023,0,0,0
135.254,13326,0,31,2688.723765,232.730789,59.737677999999995,2731.612141942569,2429.7421587259023,0,0,0
135.264,13327,0,31,2689.894113,232.766255,60.265349,2734.4648651775956,2429.7421587259023,0,0,0
135.274,13328,0,31,2691.024563,232.766255,60.795376999999995,2736.7989114395796,2429.7421587259023,0,0,0
135.284,13329,0,31,2691.999853,233.116472,61.324253999999996,2739.392296149184,2429.7421587259023,0,0,0
135.294,13330,0,31,2693.050506,233.351429,61.852033,2741.985680858789,2429.7421587259023,0,0,0
135.304,13331,0,31,2693.945999,233.586385,62.379360999999996,2744.579065646195,2429.7421587259023,0,0,0
135.314,13332,0,31,2695.156246,233.821341,62.898726999999994,2747.1724503557994,2429.7421587259023,0,0,0
135.324,13333,0,31,2696.282262,233.896704,63.403203999999995,2749.765835065404,2429.7421587259023,0,0,0
135.334,13334,0,31,2697.297450,233.896704,63.892992,2752.35921985281,2429.7421587259023,0,0,0
135.344,13335,0,31,2698.348104,233.896704,64.617042,2754.9526045624143,2429.7421587259023,0,0,0
135.354,13336,0,31,2699.438655,233.896704,65.09629000000001,2757.2866508243987,2429.7421587259023,0,0,0
135.364,13337,0,31,2700.413945,233.896704,65.566344,2759.3613586387632,2429.7421587259023,0,0,0
135.374,13338,0,31,2701.349337,233.896704,66.02518500000001,2761.954743348368,2429.7421587259023,0,0,0
135.384,13339,0,31,2702.324627,233.896704,66.472243,2764.0294511627326,2429.7421587259023,0,0,0
135.394,13340,0,31,2703.140324,233.976501,66.90816000000001,2766.1041588992953,2429.7421587259023,0,0,0
135.404,13341,0,31,2704.000352,233.976501,67.33088000000001,2767.91952826604,2429.7421587259023,0,0,0
135.414,13342,0,31,2704.700788,233.976501,67.735797,2769.9942360026034,2429.7421587259023,0,0,0
135.424,13343,0,31,2705.401224,233.976501,68.12666,2772.0689438169675,2429.7421587259023,0,0,0
135.434,13344,0,31,2706.256819,233.976501,68.51119700000001,2773.8843131059107,2429.7421587259023,0,0,0
135.444,13345,0,31,2707.037051,233.976501,68.893268,2775.6996824726552,2429.7421587259023,0,0,0
135.454,13346,0,31,2708.012341,233.976501,69.271409,2777.7743902092184,2429.7421587259023,0,0,0
135.464,13347,0,31,2708.828038,233.976501,69.64733600000001,2779.8490980235833,2429.7421587259023,0,0,0
135.474,13348,0,31,2709.727965,233.976501,70.02506100000001,2781.664467312526,2429.7421587259023,0,0,0
135.484,13349,0,31,2710.623458,233.976501,70.399395,2783.7391751268906,2429.7421587259023,0,0,0
135.494,13350,0,31,2711.479053,233.976501,70.76999,2785.813882941255,2429.7421587259023,0,0,0
135.504,13351,0,31,2712.179489,233.976501,71.139685,2787.629252230198,2429.7421587259023,0,0,0
135.514,13352,0,31,2713.039517,233.976501,71.507756,2789.4446215191406,2429.7421587259023,0,0,0
135.524,13353,0,31,2713.739953,233.976501,71.866288,2791.2599908858856,2429.7421587259023,0,0,0
135.534,13354,0,31,2714.325127,233.976501,72.21206000000001,2792.8160217272084,2429.7421587259023,0,0,0
135.544,13355,0,31,2714.985664,233.976501,72.54270100000001,2794.3720525685317,2429.7421587259023,0,0,0
135.554,13356,0,31,2715.530940,233.976501,72.856054,2795.9280834098545,2429.7421587259023,0,0,0
135.564,13357,0,31,2716.036318,233.976501,73.146107,2797.224775803558,2429.7421587259023,0,0,0
135.574,13358,0,31,2716.586026,233.976501,73.411748,2798.521468119459,2429.7421587259023,0,0,0
135.584,13359,0,31,2717.206666,233.976501,73.650585,2799.8181604353604,2429.7421587259023,0,0,0
135.594,13360,0,31,2717.676578,233.976501,73.862505,2800.8555143814438,2429.7421587259023,0,0,0
135.604,13361,0,31,2718.257319,233.976501,74.049091,2801.8928683275267,2429.7421587259023,0,0,0
135.614,13362,0,31,2718.767130,233.976501,74.214009,2802.6708836703865,2429.7421587259023,0,0,0
135.624,13363,0,31,2719.232609,233.976501,74.36037400000001,2803.4488991688495,2429.7421587259023,0,0,0
135.634,13364,0,31,2719.662623,233.976501,74.490851,2804.2269145117098,2429.7421587259023,0,0,0
135.644,13365,0,31,2720.052739,233.976501,74.60844,2805.0049300101728,2429.7421587259023,0,0,0
135.654,13366,0,31,2720.518218,233.976501,74.720049,2805.782945353033,2429.7421587259023,0,0,0
135.664,13367,0,31,2720.908334,233.976501,74.830028,2806.5609608514956,2429.7421587259023,0,0,0
135.674,13368,0,31,2721.258552,233.976501,74.939625,2807.0796377467354,2429.7421587259023,0,0,0
135.684,13369,0,31,2721.648668,233.976501,75.046678,2807.598314641976,2429.7421587259023,0,0,0
135.694,13370,0,31,2721.803828,233.976501,75.14596900000001,2808.116991692819,2429.7421587259023,0,0,0
135.704,13371,0,31,2721.958988,233.976501,75.233419,2808.6356685880587,2429.7421587259023,0,0,0
135.714,13372,0,31,2722.118581,233.976501,75.303477,2808.6356685880587,2429.7421587259023,0,0,0
135.724,13373,0,31,2722.118581,233.976501,75.350436,2808.6356685880587,2429.7421587259023,0,0,0
135.734,13374,0,31,2722.193944,233.976501,75.368094,2808.6356685880587,2429.7421587259023,0,0,0
135.744,13375,0,31,2722.193944,234.016399,75.364057,2808.6356685880587,2429.7421587259023,0,0,0
135.754,13376,0,31,2722.193944,234.016399,75.35289,2808.6356685880587,2429.7421587259023,0,0,0
135.764,13377,0,31,2722.193944,234.016399,75.33906400000001,2808.6356685880587,2429.7421587259023,0,0,0
135.774,13378,0,31,2722.273740,234.016399,75.32493000000001,2808.6356685880587,2429.7421587259023,0,0,0
135.784,13379,0,31,2722.349104,234.016399,75.310626,2808.6356685880587,2429.7421587259023,0,0,0
135.794,13380,0,31,2722.428900,234.016399,75.299262,2808.6356685880587,2429.7421587259023,0,0,0
135.804,13381,0,31,2722.504263,234.016399,75.293006,2808.6356685880587,2429.7421587259023,0,0,0
135.814,13382,0,31,2722.584060,234.016399,75.294667,2809.154345483299,2429.7421587259023,0,0,0
135.824,13383,0,31,2722.739220,234.016399,75.307789,2809.4136840087203,2429.7421587259023,0,0,0
135.834,13384,0,31,2722.974176,234.016399,75.33354200000001,2809.6730225341416,2430.0014971735222,0,0,0
135.844,13385,0,31,2723.129336,234.016399,75.37060600000001,2809.6730225341416,2430.0014971735222,0,0,0
135.854,13386,0,31,2723.364292,234.016399,75.411122,2809.9323609817616,2430.260835621142,0,0,0
135.864,13387,0,31,2723.519452,234.016399,75.443695,2810.1916994293815,2430.260835621142,0,0,0
135.874,13388,0,31,2723.754408,234.016399,75.470248,2810.710376324622,2430.520174146564,0,0,0
135.884,13389,0,31,2724.064727,234.016399,75.50503900000001,2811.229053375465,2431.0388511196056,0,0,0
135.894,13390,0,31,2724.494742,234.016399,75.540915,2811.488391823085,2431.0388511196056,0,0,0
135.904,13391,0,31,2724.960221,234.016399,75.568639,2812.0070687183247,2431.5575280148455,0,0,0
135.914,13392,0,31,2725.390235,234.016399,75.595174,2812.525745691367,2431.5575280148455,0,0,0
135.924,13393,0,31,2725.780351,234.016399,75.634843,2813.0444226644076,2432.0762049878867,0,0,0
135.934,13394,0,31,2726.365525,234.016399,75.67488800000001,2813.8224380072675,2432.594881960929,0,0,0
135.944,13395,0,31,2726.910801,234.016399,75.70998,2814.341115058111,2432.854220408549,0,0,0
135.954,13396,0,31,2727.611236,234.016399,75.757554,2815.119130400971,2433.3728973037882,0,0,0
135.964,13397,0,31,2728.156512,234.016399,75.784974,2815.8971458994342,2434.1509128022512,0,0,0
135.974,13398,0,31,2728.817050,234.016399,75.812927,2816.675161242294,2434.6695896974916,0,0,0
135.984,13399,0,31,2729.557383,234.016399,75.838868,2817.193838215335,2435.4476051959546,0,0,0
135.994,13400,0,31,2730.452877,234.016399,75.86866400000001,2818.231192083617,2435.966282091195,0,0,0
136.004,13401,0,31,2731.273007,234.016399,75.899078,2819.0092075820803,2437.0036360372774,0,0,0
136.014,13402,0,31,2732.208399,234.016399,75.933194,2820.04656137256,2437.5223129325173,0,0,0
136.024,13403,0,31,2733.063994,234.016399,75.974822,2821.343253766263,2438.5596668786006,0,0,0
136.034,13404,0,31,2734.154546,234.016399,76.026544,2822.3806077123463,2439.337682221461,0,0,0
136.044,13405,0,31,2735.129836,234.051864,76.087057,2823.417961580628,2440.1156977199234,0,0,0
136.054,13406,0,31,2736.145024,234.051864,76.149203,2824.714653896529,2441.1530515104037,0,0,0
136.064,13407,0,31,2737.115881,234.051864,76.208489,2826.0113462902323,2442.1904054564866,0,0,0
136.074,13408,0,31,2738.206432,234.051864,76.266557,2827.048700236315,2442.709082351727,0,0,0
136.084,13409,0,31,2739.106359,234.051864,76.326657,2828.0860541045963,2443.74643629781,0,0,0
136.094,13410,0,31,2740.272274,234.051864,76.388182,2829.64208494592,2444.783790243893,0,0,0
136.104,13411,0,31,2741.362825,234.091762,76.453219,2830.6794388142016,2445.8211440343725,0,0,0
136.114,13412,0,31,2742.533173,234.091762,76.52044000000001,2831.976131207904,2446.339821085216,0,0,0
136.124,13413,0,31,2743.508463,234.091762,76.586889,2833.2728236016073,2447.3771748756953,0,0,0
136.134,13414,0,31,2744.479320,234.091762,76.656574,2834.310177469889,2448.155190374159,0,0,0
136.144,13415,0,31,2745.379247,234.091762,76.73531700000001,2835.34753133817,2448.9332057170186,0,0,0
136.154,13416,0,31,2746.390002,234.091762,76.82126600000001,2836.6442237318734,2449.970559663102,0,0,0
136.164,13417,0,31,2747.365292,234.091762,76.90966300000001,2837.6815776779567,2450.489236558342,0,0,0
136.174,13418,0,31,2748.340582,234.091762,77.001671,2838.9782699938573,2451.2672520568044,0,0,0
136.184,13419,0,31,2749.275974,234.091762,77.09575500000001,2840.0156238621394,2452.0452673996647,0,0,0
136.194,13420,0,31,2750.326627,234.091762,77.187988,2841.3123162558427,2452.8232828981277,0,0,0
136.204,13421,0,31,2751.301917,234.091762,77.278163,2842.609008649545,2453.601298240988,0,0,0
136.214,13422,0,31,2752.272774,234.091762,77.370211,2843.9057010432484,2454.379313739451,0,0,0
136.224,13423,0,31,2753.168267,234.091762,77.46248700000001,2845.20239335915,2455.4166676077325,0,0,0
136.234,13424,0,31,2754.103659,234.051864,77.556171,2846.4990856750514,2456.1946830283937,0,0,0
136.244,13425,0,31,2755.274007,234.051864,77.649522,2848.0551165163747,2457.232036974477,0,0,0
136.254,13426,0,31,2756.404457,234.051864,77.735184,2849.6111473576975,2458.269390764957,0,0,0
136.264,13427,0,31,2757.610270,234.051864,77.813575,2850.9078397514004,2459.3067447110398,0,0,0
136.274,13428,0,31,2758.700821,234.051864,77.885299,2852.2045321451033,2460.344098657123,0,0,0
136.284,13429,0,31,2759.871169,234.051864,77.951982,2853.7605629864265,2461.381452447603,0,0,0
136.294,13430,0,31,2761.081415,234.051864,78.015494,2855.05725538013,2462.159467946066,0,0,0
136.304,13431,0,31,2762.327127,234.051864,78.077409,2856.3539477738323,2463.1968218143475,0,0,0
136.314,13432,0,31,2763.337882,234.051864,78.139791,2857.9099786151555,2464.234175682629,0,0,0
136.324,13433,0,31,2764.353070,234.051864,78.202223,2858.9473324056357,2465.271529628712,0,0,0
136.334,13434,0,31,2765.483520,234.051864,78.262449,2860.2440247993386,2466.3088834969935,0,0,0
136.344,13435,0,31,2766.574071,234.051864,78.321844,2861.540717193042,2467.086898917655,0,0,0
136.354,13436,0,31,2767.624725,234.051864,78.38208900000001,2862.578071139125,2467.8649143383163,0,0,0
136.364,13437,0,31,2768.444855,234.051864,78.440118,2863.6154249296046,2468.902268206598,0,0,0
136.374,13438,0,31,2769.415712,234.051864,78.495096,2864.912117323308,2469.680283705061,0,0,0
136.384,13439,0,31,2770.391002,234.091762,78.55152700000001,2866.208809717011,2470.458299047921,0,0,0
136.394,13440,0,31,2771.366292,234.091762,78.612268,2867.2461636630937,2471.236314546384,0,0,0
136.404,13441,0,31,2772.221887,234.091762,78.677194,2868.283517453574,2472.014329889244,0,0,0
136.414,13442,0,31,2772.962221,234.091762,78.743549,2869.320871399657,2472.792345387707,0,0,0
136.424,13443,0,31,2773.977409,234.091762,78.81233900000001,2870.35822534574,2473.5703607305672,0,0,0
136.434,13444,0,31,2774.833004,234.091762,78.885132,2871.3955791362196,2474.0890377036085,0,0,0
136.444,13445,0,31,2775.653135,234.091762,78.955518,2872.173594634683,2474.60771467665,0,0,0
136.454,13446,0,31,2776.313672,234.091762,79.026236,2873.210948502964,2475.1263915718905,0,0,0
136.464,13447,0,31,2777.133802,234.091762,79.098358,2873.9889639236258,2475.904407070353,0,0,0
136.474,13448,0,31,2777.718976,234.091762,79.16579800000001,2875.0263178697087,2476.423083965593,0,0,0
136.484,13449,0,31,2778.534673,234.091762,79.22986800000001,2876.063671660189,2476.9417608608333,0,0,0
136.494,13450,0,31,2779.199644,234.091762,79.291943,2876.8416871586523,2477.4604379116763,0,0,0
136.504,13451,0,31,2779.939977,234.091762,79.352334,2877.6197025015117,2477.979114806916,0,0,0
136.514,13452,0,31,2780.680311,234.091762,79.407995,2878.657056447595,2478.4977917021565,0,0,0
136.524,13453,0,31,2781.456110,234.091762,79.466826,2879.4350718682567,2479.275807200619,0,0,0
136.534,13454,0,31,2782.196444,234.091762,79.531248,2880.472425736538,2479.794484095859,0,0,0
136.544,13455,0,31,2782.901312,234.091762,79.599517,2881.250441235001,2480.5724995943224,0,0,0
136.554,13456,0,31,2783.756908,234.091762,79.670817,2882.287795025481,2481.350514937182,0,0,0
136.564,13457,0,31,2784.417445,234.091762,79.786079,2883.325148971564,2481.8691919102234,0,0,0
136.574,13458,0,31,2785.237575,234.091762,79.869056,2884.362502917647,2482.387868883265,0,0,0
136.584,13459,0,31,2785.938011,234.091762,79.96289900000001,2885.399856708127,2482.9065457785055,0,0,0
136.594,13460,0,31,2786.718243,234.016399,80.059949,2886.43721065421,2483.4252227515467,0,0,0
136.604,13461,0,31,2787.848692,233.936603,80.164135,2887.474564600293,2483.9438997245884,0,0,0
136.614,13462,0,31,2788.664390,233.856806,80.275317,2888.5119183907727,2484.4625766198283,0,0,0
136.624,13463,0,31,2789.524418,233.781443,80.394568,2889.549272336856,2485.2405921182913,0,0,0
136.634,13464,0,31,2790.419912,233.701646,80.522611,2890.845964730559,2485.7592690135316,0,0,0
136.644,13465,0,31,2791.275507,233.626283,80.661005,2892.142657124262,2486.277945908771,0,0,0
136.654,13466,0,31,2792.171000,233.546487,80.815792,2893.4393494401634,2486.796622959614,0,0,0
136.664,13467,0,31,2793.066494,233.546487,80.974373,2894.736041756065,2487.3152998548544,0,0,0
136.674,13468,0,31,2793.926522,233.471123,81.140119,2896.292072597388,2487.5746383024743,0,0,0
136.684,13469,0,31,2794.822016,233.391327,81.309663,2897.3294265434715,2488.093315275516,0,0,0
136.694,13470,0,31,2795.562350,233.391327,81.474996,2898.885457384794,2488.6119922485573,0,0,0
136.704,13471,0,31,2796.342582,233.311530,81.634226,2899.9228113308773,2488.8713306961777,0,0,0
136.714,13472,0,31,2797.043017,233.236167,81.78997000000001,2901.2195036467792,2489.649346116839,0,0,0
136.724,13473,0,31,2797.938511,233.156371,81.93657300000001,2902.5161959626803,2490.1680230898805,0,0,0
136.734,13474,0,31,2798.599048,233.081007,82.07077000000001,2903.553549908763,2490.427361537501,0,0,0
136.744,13475,0,31,2799.379280,233.001211,82.19847700000001,2904.5909038548466,2490.686699985121,0,0,0
136.754,13476,0,31,2800.274774,232.925847,82.321504,2905.628257645326,2491.4647154835834,0,0,0
136.764,13477,0,31,2801.015107,232.766255,82.444097,2906.6656115914093,2491.9833923788233,0,0,0
136.774,13478,0,31,2801.719976,232.611095,82.559855,2907.9623039851126,2492.5020692740636,0,0,0
136.784,13479,0,31,2802.535673,232.455935,82.66992900000001,2908.9996578533937,2492.761407799485,0,0,0
136.794,13480,0,31,2803.355803,232.300775,82.778153,2910.2963501692952,2493.280084772526,0,0,0
136.804,13481,0,31,2804.251297,232.065819,82.886481,2911.3337041153786,2493.798761667766,0,0,0
136.814,13482,0,31,2805.106892,231.830863,83.004311,2912.371058061461,2494.317438640808,0,0,0
136.824,13483,0,31,2805.847226,231.520543,83.128772,2913.667750377363,2494.8361156138494,0,0,0
136.834,13484,0,31,2806.742719,231.365384,83.265226,2914.9644426932646,2495.3547925090893,0,0,0
136.844,13485,0,31,2807.837704,231.130427,83.40747400000001,2916.2611350869674,2496.3921464551727,0,0,0
136.854,13486,0,31,2808.888357,230.975268,83.55631600000001,2917.5578274806703,2496.9108233504126,0,0,0
136.864,13487,0,31,2810.094170,230.820108,83.710098,2919.1138583219936,2497.4295003234542,0,0,0
136.874,13488,0,31,2811.184722,230.664948,83.863442,2920.6698891633164,2497.9481772964955,0,0,0
136.884,13489,0,31,2812.355070,230.509788,84.00841700000001,2922.2259200046396,2498.7261926393553,0,0,0
136.894,13490,0,31,2813.370258,230.429992,84.149309,2923.5226123983425,2499.5042081378183,0,0,0
136.904,13491,0,31,2814.381013,230.350195,84.285646,2924.819304792046,2500.022885033058,0,0,0
136.914,13492,0,31,2815.316405,230.274832,84.410527,2926.375335633368,2501.060238979142,0,0,0
136.924,13493,0,31,2816.251797,230.274832,84.524501,2927.6720279492697,2501.8382543220014,0,0,0
136.934,13494,0,31,2817.342348,230.274832,84.63226900000001,2928.9687202651717,2502.616269820465,0,0,0
136.944,13495,0,31,2818.432900,230.274832,84.735118,2930.2654126588745,2503.1349467157047,0,0,0
136.954,13496,0,31,2819.408190,230.274832,84.832721,2931.562105052578,2504.172300661787,0,0,0
136.964,13497,0,31,2820.498741,230.274832,84.92814100000001,2933.118135893901,2504.9503160046474,0,0,0
136.974,13498,0,31,2821.669089,230.274832,85.02207100000001,2934.4148282876035,2505.7283315031104,0,0,0
136.984,13499,0,31,2822.759641,230.274832,85.119192,2935.711520681307,2506.765685371392,0,0,0
136.994,13500,0,31,2823.810294,230.274832,85.219091,2937.2675515226297,2507.543700792054,0,0,0
137.004,13501,0,31,2824.705788,230.274832,85.31834,2938.30490531311,2508.3217162127153,0,0,0
137.014,13502,0,31,2825.796339,230.274832,85.419559,2939.860936154433,2509.359070080997,0,0,0
137.024,13503,0,31,2826.811527,230.274832,85.523697,2941.1576285481356,2509.877747054038,0,0,0
137.034,13504,0,31,2827.977442,230.274832,85.631547,2942.454320941839,2510.915100922319,0,0,0
137.044,13505,0,31,2828.992630,230.274832,85.743465,2943.751013335542,2511.952454868403,0,0,0
137.054,13506,0,31,2829.848226,230.274832,85.85943400000001,2945.307044176865,2512.4711317636425,0,0,0
137.064,13507,0,31,2830.938777,230.274832,85.979696,2946.6037365705683,2513.508485709726,0,0,0
137.074,13508,0,31,2832.033762,230.195036,86.10856600000001,2948.1597674118907,2514.0271626049657,0,0,0
137.084,13509,0,31,2833.084415,230.119672,86.246302,2949.715798253214,2515.0645165510487,0,0,0
137.094,13510,0,31,2834.019807,229.964512,86.392122,2951.2718290945368,2515.5831934462885,0,0,0
137.104,13511,0,31,2834.915301,229.729556,86.546969,2952.82785993586,2516.620547392372,0,0,0
137.114,13512,0,31,2836.200910,229.574396,86.71092,2954.3838907771833,2517.1392242876113,0,0,0
137.124,13513,0,31,2837.406723,229.259644,86.88528600000001,2956.199260066126,2518.176578233695,0,0,0
137.134,13514,0,31,2838.497275,228.909426,87.067907,2957.7552909074493,2518.954593576555,0,0,0
137.144,13515,0,31,2839.627724,228.519310,87.25861400000001,2959.570660196392,2519.732609075018,0,0,0
137.154,13516,0,31,2840.877869,228.053831,87.45540100000001,2961.3860294853353,2520.510624417878,0,0,0
137.164,13517,0,31,2841.968420,227.583918,87.655912,2962.942060326658,2521.0293014687204,0,0,0
137.174,13518,0,31,2843.369291,227.158337,87.96849300000001,2965.0167681410226,2522.0666552592006,0,0,0
137.184,13519,0,31,2844.654901,226.573163,88.18218800000001,2967.0914759553875,2522.5853323100437,0,0,0
137.194,13520,0,31,2845.900612,226.027887,88.39098800000001,2968.64750679671,2523.622686100524,0,0,0
137.204,13521,0,31,2847.461076,225.327452,88.594944,2970.7222145332735,2524.400701598987,0,0,0
137.214,13522,0,31,2848.901846,224.662481,88.789748,2972.537583822216,2525.4380554672684,0,0,0
137.224,13523,0,31,2850.187455,224.041842,88.979817,2974.3529531889612,2526.2160708879296,0,0,0
137.234,13524,0,31,2851.552861,223.416770,89.16560100000001,2976.4276610033253,2527.253424834013,0,0,0
137.244,13525,0,31,2852.913834,222.716335,89.349492,2978.2430302922685,2528.2907786244928,0,0,0
137.254,13526,0,31,2854.319138,221.896204,89.533677,2980.0583995812112,2529.068794122956,0,0,0
137.264,13527,0,31,2855.604748,221.235667,89.727272,2982.1331073955757,2530.1061479912373,0,0,0
137.274,13528,0,31,2856.810561,220.375639,89.933255,2983.6891382368985,2530.884163411899,0,0,0
137.284,13529,0,31,2858.255763,219.480145,90.149726,2985.763846051264,2531.6621788325606,0,0,0
137.294,13530,0,31,2859.541373,218.624550,90.374297,2987.8385537878266,2532.4401942532218,0,0,0
137.304,13531,0,31,2860.826982,217.729056,90.604065,2989.913261602191,2533.218209673884,0,0,0
137.314,13532,0,31,2862.112592,216.833563,90.84397100000001,2991.7286308911343,2534.255563542165,0,0,0
137.324,13533,0,31,2863.593259,215.858273,91.09126,2993.803338705499,2534.774240515206,0,0,0
137.334,13534,0,31,2864.878869,214.843085,91.340075,2995.6187079944416,2535.811594383488,0,0,0
137.344,13535,0,31,2866.009319,213.792431,91.586275,2997.6934158088065,2536.3302713565295,0,0,0
137.354,13536,0,31,2867.525451,212.817141,91.825028,2999.768123623171,2537.367625224811,0,0,0
137.364,13537,0,31,2868.930755,212.001444,92.057936,3001.8428313597337,2538.1456407232736,0,0,0
137.374,13538,0,31,2870.331626,211.261110,92.28955,3003.9175391740982,2538.923656066134,0,0,0
137.384,13539,0,31,2871.736931,210.365617,92.520038,3005.9922469884627,2539.9610100122177,0,0,0
137.394,13540,0,31,2873.097904,209.585385,92.74863500000001,3008.066954725026,2540.9983638804983,0,0,0
137.404,13541,0,31,2874.423411,208.920414,92.970892,3010.1416625393904,2542.0357177487804,0,0,0
137.414,13542,0,31,2875.709021,208.415037,93.191917,3012.216370353755,2542.5543947218216,0,0,0
137.424,13543,0,31,2876.839471,207.794398,93.414579,3014.291078090318,2543.591748590103,0,0,0
137.434,13544,0,31,2878.435400,207.209224,93.636526,3016.365785904682,2544.369764088566,0,0,0
137.444,13545,0,31,2879.721009,206.624050,93.851664,3017.9218167460062,2545.1477794314255,0,0,0
137.454,13546,0,31,2881.086415,206.038876,94.05685600000001,3019.9965245603703,2546.1851333775094,0,0,0
137.464,13547,0,31,2882.487286,205.728556,94.25085200000001,3021.8118938493135,2546.7038102727497,0,0,0
137.474,13548,0,31,2883.812794,205.218746,94.432248,3023.6272631382562,2547.741164218832,0,0,0
137.484,13549,0,31,2885.058505,204.673470,94.598707,3025.1832939795795,2548.7785180871138,0,0,0
137.494,13550,0,31,2886.344115,204.207991,94.751397,3027.5173402415635,2549.556533507775,0,0,0
137.504,13551,0,31,2887.749419,203.777976,94.893834,3029.3327095305067,2550.334548928437,0,0,0
137.514,13552,0,31,2889.110392,203.427759,95.032831,3030.88874037183,2551.371902796718,0,0,0
137.524,13553,0,31,2891.100870,203.117439,95.173512,3032.7041097385745,2552.4092567428015,0,0,0
137.534,13554,0,31,2892.231320,202.807119,95.315843,3034.0008021322774,2553.4466106110826,0,0,0
137.544,13555,0,31,2893.632191,202.492367,95.46142900000001,3036.334848394262,2554.483964479364,0,0,0
137.554,13556,0,31,2895.033062,202.417003,95.611948,3037.8908792355846,2555.5213184254476,0,0,0
137.564,13557,0,31,2896.438366,202.142149,95.76481700000001,3039.965586972148,2556.5586722937287,0,0,0
137.574,13558,0,31,2897.839237,201.791931,95.91924800000001,3041.521617813471,2557.5960261620107,0,0,0
137.584,13559,0,31,2899.084949,201.481612,96.074938,3043.596325627835,2558.6333801080937,0,0,0
137.594,13560,0,31,2900.760674,201.246655,96.23128,3045.1523564691583,2559.670733976375,0,0,0
137.604,13561,0,31,2902.281240,200.896438,96.38851000000001,3047.2270642835233,2560.9674262922763,0,0,0
137.614,13562,0,31,2903.722009,200.741278,96.54776600000001,3049.042433572466,2562.2641186859796,0,0,0
137.624,13563,0,31,2905.242575,200.391060,96.710544,3051.1171413868306,2563.3014726320625,0,0,0
137.634,13564,0,31,2906.647879,200.040842,96.87441,3052.9325106757738,2564.338826500344,0,0,0
137.644,13565,0,31,2908.164012,199.765988,97.041342,3055.007218490138,2565.3761803686257,0,0,0
137.654,13566,0,31,2909.609214,199.491134,97.20806300000001,3056.8225877790815,2566.413534314708,0,0,0
137.664,13567,0,31,2911.280506,199.220712,97.379374,3058.8972955934455,2567.45088818299,0,0,0
137.674,13568,0,31,2912.685811,198.985756,97.554519,3060.712664882389,2568.488242051272,0,0,0
137.684,13569,0,31,2913.931522,198.755233,97.728875,3062.7873726967537,2569.5255959973547,0,0,0
137.694,13570,0,31,2915.336826,198.595640,97.899569,3064.6027419856964,2570.5629498656363,0,0,0
137.704,13571,0,31,2916.777595,198.520277,98.07124,3066.677449800061,2571.6003037339174,0,0,0
137.714,13572,0,31,2918.258263,198.365117,98.245523,3068.4928190890037,2572.6376576800008,0,0,0
137.724,13573,0,31,2919.543873,198.285320,98.42323900000001,3070.567526903368,2573.675011548282,0,0,0
137.734,13574,0,31,2920.944744,198.130161,98.604453,3072.382896192311,2574.712365416564,0,0,0
137.744,13575,0,31,2922.425411,197.975001,98.79196900000001,3074.198265481255,2575.749719362647,0,0,0
137.754,13576,0,31,2923.711021,197.895204,98.987277,3076.272973295619,2576.787073230928,0,0,0
137.764,13577,0,31,2924.881369,197.660248,99.180947,3078.3476811099836,2577.8244270992095,0,0,0
137.774,13578,0,31,2926.362036,197.429725,99.475216,3080.1630503989268,2578.602442519871,0,0,0
137.784,13579,0,31,2927.723009,197.154871,99.673747,3082.237758213291,2579.380457940533,0,0,0
137.794,13580,0,31,2928.933255,196.844551,99.872449,3084.3124659498544,2580.4178118866157,0,0,0
137.804,13581,0,31,2930.298661,196.534232,100.068948,3085.8684967911768,2581.4551657548973,0,0,0
137.814,13582,0,31,2931.584271,196.219479,100.26105600000001,3087.9432046055417,2582.2331811755585,0,0,0
137.824,13583,0,31,2932.869880,195.793898,100.44417700000001,3089.499235446864,2583.0111965962205,0,0,0
137.834,13584,0,31,2934.155490,195.479145,100.622164,3091.5739432612295,2584.048550464501,0,0,0
137.844,13585,0,31,2935.441099,195.168826,100.79422100000001,3093.1299741025523,2584.8265658851633,0,0,0
137.854,13586,0,31,2936.531651,194.738811,100.95975700000001,3094.6860049438756,2585.6045813058254,0,0,0
137.864,13587,0,31,2937.697566,194.428492,101.120689,3096.242035785198,2586.641935251908,0,0,0
137.874,13588,0,31,2938.947710,194.193536,101.283427,3097.798066626521,2587.419950672569,0,0,0
137.884,13589,0,31,2940.113625,193.803420,101.448206,3099.3540974678444,2588.1979660932307,0,0,0
137.894,13590,0,31,2941.204177,193.532998,101.615933,3100.9101283091672,2588.7166429884705,0,0,0
137.904,13591,0,31,2942.259263,193.453202,101.78739,3102.4661591504905,2589.4946584091326,0,0,0
137.914,13592,0,31,2943.389713,193.142882,101.960775,3104.0221899918133,2590.272673829794,0,0,0
137.924,13593,0,31,2944.400468,192.907926,102.134741,3105.5782208331366,2590.791350802835,0,0,0
137.934,13594,0,31,2945.415656,192.752766,102.309759,3107.1342516744594,2591.310027775877,0,0,0
137.944,13595,0,31,2946.351048,192.597607,102.481609,3108.6902825157827,2592.088043118737,0,0,0
137.954,13596,0,31,2947.246541,192.442447,102.651284,3110.246313357106,2592.8660586172,0,0,0
137.964,13597,0,31,2948.297195,192.362650,102.814223,3111.5430057508083,2593.38473551244,0,0,0
137.974,13598,0,31,2949.192688,192.362650,102.96380400000001,3113.0990365921316,2593.9034124854816,0,0,0
137.984,13599,0,31,2950.052717,192.362650,103.09689200000001,3114.1363903826114,2594.4220894585233,0,0,0
137.994,13600,0,31,2950.948210,192.362650,103.221067,3115.6924212239346,2594.9407663537627,0,0,0
138.004,13601,0,31,2951.919067,192.362650,103.340467,3116.729775170018,2595.718781852226,0,0,0
138.014,13602,0,31,2952.739197,192.362650,103.459361,3118.0264675637204,2596.4967971950864,0,0,0
138.024,13603,0,31,2953.714487,192.362650,103.576661,3119.0638214320024,2597.0154741681276,0,0,0
138.034,13604,0,31,2954.570082,192.362650,103.69581600000001,3120.360513747904,2597.7934895887893,0,0,0
138.044,13605,0,31,2955.390213,192.362650,103.82067500000001,3121.6572061416064,2598.3121665618305,0,0,0
138.054,13606,0,31,2956.361070,192.362650,103.956265,3122.6945600876898,2599.0901819824917,0,0,0
138.064,13607,0,31,2957.141302,192.362650,104.102176,3123.991252481393,2599.608858877732,0,0,0
138.074,13608,0,31,2958.191955,192.362650,104.261932,3125.2879447972946,2600.1275358507737,0,0,0
138.084,13609,0,31,2959.167245,192.362650,104.43717500000001,3126.843975638617,2600.646212823815,0,0,0
138.094,13610,0,31,2960.222331,192.362650,104.631124,3128.4000064799397,2601.1648897190553,0,0,0
138.104,13611,0,31,2961.193188,192.362650,104.84049900000001,3129.9560373212635,2601.6835666920965,0,0,0
138.114,13612,0,31,2962.283740,192.362650,105.062815,3131.5120681625863,2602.202243665138,0,0,0
138.124,13613,0,31,2963.298928,192.207491,105.292603,3133.327437529331,2602.7209205603785,0,0,0
138.134,13614,0,31,2964.389479,192.127694,105.527331,3135.1428068182736,2603.23959753342,0,0,0
138.144,13615,0,31,2965.595292,191.777476,105.772067,3136.958176107217,2603.758274506461,0,0,0
138.154,13616,0,31,2966.725742,191.272099,106.017393,3138.7735453961604,2604.536289927123,0,0,0
138.164,13617,0,31,2967.935988,191.037143,106.267446,3140.588914685103,2605.314305347784,0,0,0
138.174,13618,0,31,2969.261496,190.647027,106.51436100000001,3142.4042840518478,2605.8329822430237,0,0,0
138.184,13619,0,31,2970.507207,190.296809,106.760217,3144.2196534185923,2606.351659216066,0,0,0
138.194,13620,0,31,2971.832715,190.066286,107.00636800000001,3146.294361155155,2606.8703361891075,0,0,0
138.204,13621,0,31,2972.843470,189.751533,107.258622,3148.109730444098,2607.907690057388,0,0,0
138.214,13622,0,31,2974.129080,189.286054,107.515262,3149.925099733041,2608.4263670304304,0,0,0
138.224,13623,0,31,2975.414689,188.700880,107.777218,3151.9998076252073,2608.9450439256702,0,0,0
138.234,13624,0,31,2976.740197,188.115706,108.03895800000001,3154.07451536177,2609.982397871753,0,0,0
138.244,13625,0,31,2978.105603,187.650226,108.297596,3156.1492230983336,2610.501074766993,0,0,0
138.254,13626,0,31,2979.311416,187.104951,108.55392900000001,3158.2239309904994,2611.5384287130764,0,0,0
138.264,13627,0,31,2980.636924,186.364617,108.810573,3160.298638727062,2612.0571056083163,0,0,0
138.274,13628,0,31,2981.962432,185.699646,109.07055700000001,3162.3733464636252,2612.5757825813575,0,0,0
138.284,13629,0,31,2983.168245,185.079007,109.33583800000001,3164.448054355791,2613.6131364496396,0,0,0
138.294,13630,0,31,2984.573549,184.414037,109.610149,3166.5227620923547,2614.131813422681,0,0,0
138.304,13631,0,31,2985.859158,183.633805,109.893271,3168.5974698289174,2614.650490395722,0,0,0
138.314,13632,0,31,2987.339826,182.933369,110.186817,3170.6721777210832,2615.6878442640036,0,0,0
138.324,13633,0,31,2988.820494,182.193036,110.487736,3173.006223905267,2616.206521237045,0,0,0
138.334,13634,0,31,2990.301161,181.532498,110.79728300000001,3175.3402702450526,2616.984536579905,0,0,0
138.344,13635,0,31,2991.662134,180.752266,111.120761,3177.6743164292357,2617.7625520783686,0,0,0
138.354,13636,0,31,2993.102903,179.932136,111.455377,3180.008362769022,2618.2812289736084,0,0,0
138.364,13637,0,31,2994.548106,179.036643,111.79729300000001,3182.6017474008245,2619.3185829196914,0,0,0
138.374,13638,0,31,2995.948977,178.256411,112.144124,3184.9357937406103,2619.8372598149317,0,0,0
138.384,13639,0,31,2997.234586,177.711135,112.658826,3187.269839924794,2620.355936787973,0,0,0
138.394,13640,0,31,2998.404934,177.050598,113.00209100000001,3189.8632247121996,2620.874613761014,0,0,0
138.404,13641,0,31,2999.765907,176.545220,113.348864,3191.9379324487627,2621.6526291038745,0,0,0
138.414,13642,0,31,3001.051517,176.035409,113.69422300000001,3194.531317236169,2622.1713061547175,0,0,0
138.424,13643,0,31,3002.962198,175.490134,114.039073,3196.6060249727316,2622.6899830499574,0,0,0
138.434,13644,0,31,3004.207910,175.104451,114.388371,3198.940071312518,2623.208659945197,0,0,0
138.444,13645,0,31,3005.338359,174.519277,114.745703,3201.014779049081,2623.467998470619,0,0,0
138.454,13646,0,31,3006.663867,174.089263,115.114301,3203.6081638364867,2623.9866754436607,0,0,0
138.464,13647,0,31,3008.064738,173.623783,115.48871100000001,3205.6828715730503,2624.5053523389006,0,0,0
138.474,13648,0,31,3009.470042,173.113973,115.87055500000001,3208.016917912836,2625.0240293119423,0,0,0
138.484,13649,0,31,3010.715754,172.688391,116.263115,3210.610302544639,2625.283367759562,0,0,0
138.494,13650,0,31,3012.001363,172.218479,116.65991000000001,3212.944348884425,2625.8020447326035,0,0,0
138.504,13651,0,31,3013.442133,171.908159,117.06890700000001,3215.5377335940298,2626.0613831802234,0,0,0
138.514,13652,0,31,3014.807538,171.518043,117.492697,3218.131118303634,2626.5800601532646,0,0,0
138.524,13653,0,31,3016.208410,171.207724,117.92487,3220.9838415386603,2627.0987371263063,0,0,0
138.534,13654,0,31,3017.613714,170.972768,118.367548,3223.836564773686,2627.3580755739263,0,0,0
138.544,13655,0,31,3019.054483,170.582652,118.825716,3226.429949483291,2627.876752546968,0,0,0
138.554,13656,0,31,3020.614947,170.272332,119.291539,3229.0233341928956,2628.136090994588,0,0,0
138.564,13657,0,31,3022.015818,170.037376,119.764544,3231.8760574279213,2628.39542952001,0,0,0
138.574,13658,0,31,3023.221631,169.687158,120.24304500000001,3234.4694422153275,2628.39542952001,0,0,0
138.584,13659,0,31,3024.352081,169.452202,120.735472,3237.322165372552,2628.9141064152495,0,0,0
138.594,13660,0,31,3025.522429,169.297042,121.22891200000001,3239.9155500821566,2629.1734448628695,0,0,0
138.604,13661,0,31,3026.728242,169.217246,121.72342400000001,3242.5089348695624,2629.1734448628695,0,0,0
138.614,13662,0,31,3027.978386,169.062086,122.220389,3245.1023195791668,2629.1734448628695,0,0,0
138.624,13663,0,31,3028.989142,168.986723,122.70992600000001,3247.695704288772,2629.1734448628695,0,0,0
138.634,13664,0,31,3030.199388,168.986723,123.19487600000001,3250.289089076178,2629.4327833104894,0,0,0
138.644,13665,0,31,3031.134779,168.906926,123.678815,3252.8824737857826,2629.4327833104894,0,0,0
138.654,13666,0,31,3032.105636,168.831563,124.162842,3254.957181600147,2629.4327833104894,0,0,0
138.664,13667,0,31,3032.965665,168.671970,124.641909,3257.5505663097515,2629.4327833104894,0,0,0
138.674,13668,0,31,3033.936522,168.596607,125.111619,3259.884612571736,2629.4327833104894,0,0,0
138.684,13669,0,31,3034.951710,168.516810,125.570516,3262.2186588337204,2629.4327833104894,0,0,0
138.694,13670,0,31,3036.042261,168.361650,126.014954,3264.552705095705,2629.4327833104894,0,0,0
138.704,13671,0,31,3037.132813,168.206491,126.44384000000001,3266.8867513576893,2629.4327833104894,0,0,0
138.714,13672,0,31,3038.303161,168.126694,126.855828,3268.961459172054,2629.6921218359107,0,0,0
138.724,13673,0,31,3039.469076,167.971534,127.25456600000001,3271.295505356237,2629.6921218359107,0,0,0
138.734,13674,0,31,3040.679322,167.971534,127.632114,3273.629551696023,2630.210798808953,0,0,0
138.744,13675,0,31,3041.964931,167.816375,127.98321600000001,3275.7042594325862,2630.9888141518127,0,0,0
138.754,13676,0,31,3043.210643,167.736578,128.306357,3277.7789672469503,2631.5074912026553,0,0,0
138.764,13677,0,31,3044.456354,167.661215,128.607307,3279.853675061315,2632.2855065455155,0,0,0
138.774,13678,0,31,3045.901557,167.506055,128.88219099999998,3281.669044350258,2632.8041835185572,0,0,0
138.784,13679,0,31,3046.952210,167.426259,129.13551199999998,3283.743752086821,2633.3228604915985,0,0,0
138.794,13680,0,31,3048.317616,167.350895,129.36930999999998,3285.559121453566,2634.619552885302,0,0,0
138.804,13681,0,31,3049.638690,167.271099,129.588054,3287.3744908203103,2635.138229780542,0,0,0
138.814,13682,0,31,3050.924300,167.115939,129.791596,3289.1898601092535,2636.1755837266246,0,0,0
138.824,13683,0,31,3052.134546,167.036143,129.98431599999998,3291.005229398196,2636.953599069485,0,0,0
138.834,13684,0,31,3053.420156,167.036143,130.168069,3292.5612602395195,2637.7316145679474,0,0,0
138.844,13685,0,31,3054.590504,167.036143,130.34608599999999,3294.635967976082,2638.7689683584276,0,0,0
138.854,13686,0,31,3055.836215,166.960779,130.519894,3296.1919988174054,2639.2876454092707,0,0,0
138.864,13687,0,31,3057.121824,166.960779,130.693267,3297.7480296587287,2640.324999199751,0,0,0
138.874,13688,0,31,3058.487230,166.960779,130.863045,3299.8227375508945,2641.362353145834,0,0,0
138.884,13689,0,31,3059.772840,166.880983,131.033606,3301.3787683922174,2642.1403685664955,0,0,0
138.894,13690,0,31,3061.213609,166.801186,131.205995,3303.4534761287805,2643.1777224347766,0,0,0
138.904,13691,0,31,3062.694277,166.801186,131.38180599999998,3305.0095069701033,2643.95573793324,0,0,0
138.914,13692,0,31,3063.860192,166.725823,131.560958,3307.0842147066664,2644.9930917237193,0,0,0
138.924,13693,0,31,3065.500452,166.570663,131.74469499999998,3308.6402455479893,2646.030445669803,0,0,0
138.934,13694,0,31,3066.861425,166.490867,131.93005599999998,3310.7149534401556,2647.0677996158856,0,0,0
138.944,13695,0,31,3068.381991,166.415504,132.115926,3312.7896611767187,2648.105153406366,0,0,0
138.954,13696,0,31,3069.942455,166.255911,132.309857,3314.864368913282,2649.142507352449,0,0,0
138.964,13697,0,31,3071.458587,166.180547,132.513468,3316.9390768054477,2650.1798612985317,0,0,0
138.974,13698,0,31,3072.863891,166.025388,132.72920499999998,3319.0137845420104,2651.217215089012,0,0,0
138.984,13699,0,31,3074.344559,165.870228,132.95097099999998,3321.3478308039953,2652.5139074827152,0,0,0
138.994,13700,0,31,3075.900590,165.710635,133.29250199999998,3323.6818770659797,2653.5512614287977,0,0,0
139.004,13701,0,31,3077.616214,165.480112,133.52723799999998,3325.756584802543,2654.5886152970793,0,0,0
139.014,13702,0,31,3079.176678,165.245156,133.769591,3328.349969589949,2655.6259691653604,0,0,0
139.024,13703,0,31,3080.967665,165.010199,134.01886299999998,3330.943354377355,2656.9226615590637,0,0,0
139.034,13704,0,31,3082.718753,164.775243,134.269767,3333.0180621139184,2657.960015505147,0,0,0
139.044,13705,0,31,3084.354581,164.544720,134.51962899999998,3335.611446901324,2659.2567078210486,0,0,0
139.054,13706,0,31,3085.994841,164.464924,134.76758999999998,3338.204831533127,2660.5534001369497,0,0,0
139.064,13707,0,31,3087.550872,164.309764,135.015336,3340.798216320533,2661.590754083033,0,0,0
139.074,13708,0,31,3089.421656,164.154604,135.257219,3343.132262582518,2662.8874464767364,0,0,0
139.084,13709,0,31,3091.332337,163.999444,135.495804,3345.725647292122,2664.184138870439,0,0,0
139.094,13710,0,31,3093.203121,163.844285,135.729335,3348.059693631908,2665.4808311863403,0,0,0
139.104,13711,0,31,3094.799050,163.764488,135.960602,3350.6530782637114,2666.777523502242,0,0,0
139.114,13712,0,31,3096.669833,163.764488,136.19329199999999,3353.2464630511176,2667.814877448325,0,0,0
139.124,13713,0,31,3098.460820,163.684692,136.425368,3355.3211707876803,2669.111569842028,0,0,0
139.134,13714,0,31,3100.136546,163.684692,136.65546999999998,3357.914555575086,2670.1489237103096,0,0,0
139.144,13715,0,31,3101.927533,163.684692,136.887958,3359.9892633116497,2671.445616026211,0,0,0
139.154,13716,0,31,3103.563360,163.684692,137.12806799999998,3362.5826480990554,2672.482969972294,0,0,0
139.164,13717,0,31,3105.239086,163.684692,137.36988399999998,3364.6573558356185,2673.5203239183775,0,0,0
139.174,13718,0,31,3106.914811,163.684692,137.607013,3366.991402175405,2674.5576777088577,0,0,0
139.184,13719,0,31,3108.670333,163.684692,137.84513299999998,3369.584786885009,2675.59503165494,0,0,0
139.194,13720,0,31,3110.346059,163.684692,138.08498699999998,3371.918833146994,2676.891724048643,0,0,0
139.204,13721,0,31,3112.097148,163.684692,138.322734,3374.2528794089785,2678.1884164423464,0,0,0
139.214,13722,0,31,3114.087626,163.684692,138.555761,3376.8462641185824,2679.4851087582474,0,0,0
139.224,13723,0,31,3115.953976,163.684692,138.790351,3379.1803104583687,2681.0411395995707,0,0,0
139.234,13724,0,31,3117.749397,163.684692,139.022441,3381.7736950901717,2682.337831915472,0,0,0
139.244,13725,0,31,3119.735442,163.684692,139.25123299999998,3384.367079877578,2683.634524309175,0,0,0
139.254,13726,0,31,3121.646123,163.684692,139.47286699999998,3386.9604646649836,2685.1905551504988,0,0,0
139.264,13727,0,31,3123.632168,163.684692,139.68351299999998,3389.294510849167,2686.7465859918216,0,0,0
139.274,13728,0,31,3125.188199,163.684692,139.89020399999998,3391.628557188953,2688.043278385524,0,0,0
139.284,13729,0,31,3127.214143,163.684692,140.09016499999998,3394.221941820756,2689.3399707792273,0,0,0
139.294,13730,0,31,3129.164722,163.684692,140.28540099999998,3396.2966497129223,2690.8960016205506,0,0,0
139.304,13731,0,31,3131.110869,163.684692,140.47758,3398.630695897105,2691.933355488832,0,0,0
139.314,13732,0,31,3133.526929,163.684692,140.665541,3400.9647422368907,2693.489386330155,0,0,0
139.324,13733,0,31,3135.357814,163.684692,140.847132,3403.0394499734543,2694.526740198436,0,0,0
139.334,13734,0,31,3137.188699,163.684692,141.02108199999998,3405.63283476086,2696.0827710397593,0,0,0
139.344,13735,0,31,3138.864425,163.684692,141.18963699999998,3407.7075424974228,2697.3794634334627,0,0,0
139.354,13736,0,31,3140.580048,163.684692,141.35091,3409.7822502339864,2698.6761558271655,0,0,0
139.364,13737,0,31,3142.530628,163.684692,141.50243799999998,3411.856958126152,2700.232186668489,0,0,0
139.374,13738,0,31,3144.201921,163.684692,141.63998899999999,3413.9316658627154,2701.788217509812,0,0,0
139.384,13739,0,31,3145.802283,163.684692,141.75828199999998,3416.006373599278,2703.344248351135,0,0,0
139.394,13740,0,31,3147.517907,163.684692,141.86038,3418.081081491444,2704.640940667036,0,0,0
139.404,13741,0,31,3149.189199,163.684692,141.945593,3419.8964507803876,2705.9376330607392,0,0,0
139.414,13742,0,31,3150.749663,163.684692,142.018917,3421.7118200693303,2707.234325454442,0,0,0
139.424,13743,0,31,3152.115069,163.684692,142.08577,3423.2678509106536,2708.531017770344,0,0,0
139.434,13744,0,31,3153.125824,163.684692,142.14255,3424.823881751977,2709.8277101640465,0,0,0
139.444,13745,0,31,3154.411434,163.684692,142.18586299999998,3426.379912593299,2711.12440255775,0,0,0
139.454,13746,0,31,3155.541883,163.684692,142.21728299999998,3427.6766049870025,2712.1617564260314,0,0,0
139.464,13747,0,31,3156.672333,163.684692,142.245061,3428.9732973807054,2713.1991102943134,0,0,0
139.474,13748,0,31,3157.452565,163.684692,142.27063199999998,3430.0106511711856,2714.236464240396,0,0,0
139.484,13749,0,31,3158.503219,163.684692,142.29167199999998,3431.0480051172685,2715.014479661057,0,0,0
139.494,13750,0,31,3159.398712,163.684692,142.303314,3431.566682012509,2716.0518335293386,0,0,0
139.504,13751,0,31,3160.218842,163.684692,142.306784,3432.6040359585913,2717.0891873976207,0,0,0
139.514,13752,0,31,3160.959176,163.684692,142.30704799999998,3433.3820513792525,2717.867202818282,0,0,0
139.524,13753,0,31,3161.699510,163.684692,142.30382799999998,3434.1600667999146,2718.385879791323,0,0,0
139.534,13754,0,31,3162.399945,163.684692,142.295998,3434.6787436951545,2719.163895211985,0,0,0
139.544,13755,0,31,3163.060483,163.684692,142.282266,3435.4567591936175,2719.9419106326463,0,0,0
139.554,13756,0,31,3163.685555,163.684692,142.266828,3436.2347745364773,2720.460587605688,0,0,0
139.564,13757,0,31,3164.190932,163.684692,142.248224,3436.7534515873203,2721.2386030263497,0,0,0
139.574,13758,0,31,3164.620947,163.684692,142.227173,3436.7534515873203,2721.757279921589,0,0,0
139.584,13759,0,31,3165.126324,163.684692,142.200899,3437.2721284825607,2722.275956894631,0,0,0
139.594,13760,0,31,3165.556338,163.684692,142.171834,3437.7908053778006,2722.5352953422507,0,0,0
139.604,13761,0,31,3165.866658,163.684692,142.143926,3437.7908053778006,2723.0539723152924,0,0,0
139.614,13762,0,31,3166.181411,163.684692,142.130543,3437.7908053778006,2723.3133107629124,0,0,0
139.624,13763,0,31,3166.336570,163.684692,142.11069799999999,3438.3094824286436,2723.8319877359545,0,0,0
139.634,13764,0,31,3166.491730,163.684692,142.090693,3438.3094824286436,2723.8319877359545,0,0,0
139.644,13765,0,31,3166.567093,163.684692,142.0804,3438.568820876264,2723.8319877359545,0,0,0
139.654,13766,0,31,3166.646890,163.684692,142.086977,3438.568820876264,2723.8319877359545,0,0,0
139.664,13767,0,31,3166.646890,163.684692,142.11135299999998,3438.828159323884,2723.8319877359545,0,0,0
139.674,13768,0,31,3166.646890,163.684692,142.13977599999998,3438.828159323884,2723.8319877359545,0,0,0
139.684,13769,0,31,3166.646890,163.684692,142.160438,3438.828159323884,2723.8319877359545,0,0,0
139.694,13770,0,31,3166.646890,163.684692,142.169905,3438.828159323884,2723.8319877359545,0,0,0
139.704,13771,0,31,3166.646890,163.684692,142.16956299999998,3438.828159323884,2723.8319877359545,0,0,0
139.714,13772,0,31,3166.646890,163.684692,142.161962,3438.828159323884,2723.8319877359545,0,0,0
139.724,13773,0,31,3166.646890,163.684692,142.15323999999998,3438.828159323884,2723.8319877359545,0,0,0
139.734,13774,0,31,3166.646890,163.684692,142.146017,3438.828159323884,2723.8319877359545,0,0,0
139.744,13775,0,31,3166.646890,163.684692,142.13825599999998,3438.828159323884,2723.8319877359545,0,0,0
139.754,13776,0,31,3166.646890,163.684692,142.13069,3438.828159323884,2723.8319877359545,0,0,0
139.764,13777,0,31,3166.646890,163.684692,142.130272,3438.828159323884,2723.8319877359545,0,0,0
139.774,13778,0,31,3166.646890,163.684692,142.13296,3438.828159323884,2723.8319877359545,0,0,0
139.784,13779,0,31,3166.646890,163.684692,142.137104,3438.828159323884,2723.8319877359545,0,0,0
139.794,13780,0,31,3166.646890,163.684692,142.139964,3438.828159323884,2723.8319877359545,0,0,0
139.804,13781,0,31,3166.646890,163.684692,142.142139,3438.828159323884,2723.8319877359545,0,0,0
139.814,13782,0,31,3166.646890,163.684692,142.13969799999998,3438.828159323884,2723.8319877359545,0,0,0
139.824,13783,0,31,3166.646890,163.684692,142.13233,3438.828159323884,2723.8319877359545,0,0,0
139.834,13784,0,31,3166.646890,163.684692,142.124147,3438.828159323884,2723.8319877359545,0,0,0
139.844,13785,0,31,3166.646890,163.684692,142.11652899999999,3438.828159323884,2723.8319877359545,0,0,0
139.854,13786,0,31,3166.646890,163.684692,142.109952,3438.828159323884,2723.8319877359545,0,0,0
139.864,13787,0,31,3166.646890,163.684692,142.108475,3438.828159323884,2723.8319877359545,0,0,0
139.874,13788,0,31,3166.646890,163.684692,142.107968,3438.828159323884,2723.8319877359545,0,0,0
139.884,13789,0,31,3166.646890,163.684692,142.106687,3438.828159323884,2723.8319877359545,0,0,0
139.894,13790,0,31,3166.646890,163.684692,142.104623,3438.828159323884,2723.8319877359545,0,0,0
139.904,13791,0,31,3166.646890,163.684692,142.102541,3438.828159323884,2723.8319877359545,0,0,0
139.914,13792,0,31,3166.646890,163.684692,142.101708,3438.828159323884,2723.8319877359545,0,0,0
139.924,13793,0,31,3166.646890,163.684692,142.10009599999998,3438.828159323884,2723.8319877359545,0,0,0
139.934,13794,0,31,3166.646890,163.684692,142.098668,3438.828159323884,2723.8319877359545,0,0,0
139.944,13795,0,31,3166.646890,163.684692,142.096768,3438.828159323884,2723.8319877359545,0,0,0
139.954,13796,0,31,3166.646890,163.684692,142.09535499999998,3438.828159323884,2723.8319877359545,0,0,0
139.964,13797,0,31,3166.646890,163.684692,142.09535,3438.828159323884,2723.8319877359545,0,0,0
139.974,13798,0,31,3166.646890,163.684692,142.095755,3438.828159323884,2723.8319877359545,0,0,0
139.984,13799,0,31,3166.646890,163.684692,142.095285,3438.828159323884,2723.8319877359545,0,0,0
139.994,13800,0,31,3166.646890,163.684692,142.094867,3438.828159323884,2723.8319877359545,0,0,0
140.004,13801,0,31,3166.646890,163.684692,142.09436699999998,3438.828159323884,2723.8319877359545,0,0,0
140.014,13802,0,31,3166.646890,163.684692,142.09362099999998,3438.828159323884,2723.8319877359545,0,0,0
140.024,13803,0,31,3166.646890,163.684692,142.092083,3438.828159323884,2723.8319877359545,0,0,0
140.034,13804,0,31,3166.646890,163.684692,142.089759,3438.828159323884,2723.8319877359545,0,0,0
140.044,13805,0,31,3166.646890,163.684692,142.08924199999998,3438.828159323884,2723.8319877359545,0,0,0
140.054,13806,0,31,3166.646890,163.684692,142.08855499999999,3438.828159323884,2723.8319877359545,0,0,0
140.064,13807,0,31,3166.646890,163.684692,142.08899699999998,3438.828159323884,2723.8319877359545,0,0,0
140.074,13808,0,31,3166.646890,163.684692,142.089724,3438.828159323884,2723.8319877359545,0,0,0
140.084,13809,0,31,3166.646890,163.684692,142.089724,3438.828159323884,2723.8319877359545,0,0,0
140.094,13810,0,31,3166.646890,163.684692,142.08984099999998,3438.828159323884,2723.8319877359545,0,0,0
140.104,13811,0,31,3166.646890,163.684692,142.09011199999998,3438.828159323884,2723.8319877359545,0,0,0
140.114,13812,0,31,3166.646890,163.684692,142.08972899999998,3438.828159323884,2723.8319877359545,0,0,0
140.124,13813,0,31,3166.646890,163.684692,142.08923199999998,3438.828159323884,2723.8319877359545,0,0,0
140.134,13814,0,31,3166.646890,163.684692,142.089432,3438.828159323884,2723.8319877359545,0,0,0
140.144,13815,0,31,3166.646890,163.684692,142.08941299999998,3438.828159323884,2723.8319877359545,0,0,0
140.154,13816,0,31,3166.646890,163.684692,142.089359,3438.828159323884,2723.8319877359545,0,0,0
140.164,13817,0,31,3166.646890,163.684692,142.08914399999998,3438.828159323884,2723.8319877359545,0,0,0
140.174,13818,0,31,3166.646890,163.684692,142.088959,3438.828159323884,2723.8319877359545,0,0,0
140.184,13819,0,31,3166.646890,163.684692,142.08877099999998,3438.828159323884,2723.8319877359545,0,0,0
140.194,13820,0,31,3166.646890,163.684692,142.088852,3438.828159323884,2723.8319877359545,0,0,0
140.204,13821,0,31,3166.646890,163.684692,142.08882599999998,3438.828159323884,2723.8319877359545,0,0,0
140.214,13822,0,31,3166.646890,163.684692,142.08864599999998,3438.828159323884,2723.8319877359545,0,0,0
140.224,13823,0,31,3166.646890,163.684692,142.08874699999998,3438.828159323884,2723.8319877359545,0,0,0
140.234,13824,0,31,3166.646890,163.684692,142.08881499999998,3438.828159323884,2723.8319877359545,0,0,0
140.244,13825,0,31,3166.646890,163.684692,142.088866,3438.828159323884,2723.8319877359545,0,0,0
140.254,13826,0,31,3166.646890,163.684692,142.088757,3438.828159323884,2723.8319877359545,0,0,0
140.264,13827,0,31,3166.646890,163.684692,142.088674,3438.828159323884,2723.8319877359545,0,0,0
140.274,13828,0,31,3166.646890,163.684692,142.08856699999998,3438.828159323884,2723.8319877359545,0,0,0
140.284,13829,0,31,3166.646890,163.684692,142.088697,3438.828159323884,2723.8319877359545,0,0,0
140.294,13830,0,31,3166.646890,163.684692,142.08884899999998,3438.828159323884,2723.8319877359545,0,0,0
140.304,13831,0,31,3166.646890,163.684692,142.08909799999998,3438.828159323884,2723.8319877359545,0,0,0
140.314,13832,0,31,3166.646890,163.684692,142.08885899999999,3438.828159323884,2723.8319877359545,0,0,0
140.324,13833,0,31,3166.646890,163.684692,142.088863,3438.828159323884,2723.8319877359545,0,0,0
140.334,13834,0,31,3166.646890,163.684692,142.08893999999998,3438.828159323884,2723.8319877359545,0,0,0
140.344,13835,0,31,3166.646890,163.684692,142.08897,3438.828159323884,2723.8319877359545,0,0,0
140.354,13836,0,31,3166.646890,163.684692,142.08862399999998,3438.828159323884,2723.8319877359545,0,0,0
140.364,13837,0,31,3166.646890,163.684692,142.088415,3438.828159323884,2723.8319877359545,0,0,0
140.374,13838,0,31,3166.646890,163.684692,142.088357,3438.828159323884,2723.8319877359545,0,0,0
140.384,13839,0,31,3166.646890,163.684692,142.088571,3438.828159323884,2723.8319877359545,0,0,0
140.394,13840,0,31,3166.646890,163.684692,142.08864799999998,3438.828159323884,2723.8319877359545,0,0,0
140.404,13841,0,31,3166.646890,163.684692,142.088762,3438.828159323884,2723.8319877359545,0,0,0
140.414,13842,0,31,3166.646890,163.684692,142.08890399999999,3438.828159323884,2723.8319877359545,0,0,0
140.424,13843,0,31,3166.646890,163.684692,142.088786,3438.828159323884,2723.8319877359545,0,0,0
140.434,13844,0,31,3166.646890,163.684692,142.08866799999998,3438.828159323884,2723.8319877359545,0,0,0
140.444,13845,0,31,3166.646890,163.684692,142.088471,3438.828159323884,2723.8319877359545,0,0,0
140.454,13846,0,31,3166.646890,163.684692,142.088313,3438.828159323884,2723.8319877359545,0,0,0
140.464,13847,0,31,3166.646890,163.684692,142.088034,3438.828159323884,2723.8319877359545,0,0,0
140.474,13848,0,31,3166.646890,163.684692,142.088191,3438.828159323884,2723.8319877359545,0,0,0
140.484,13849,0,31,3166.646890,163.684692,142.0882,3438.828159323884,2723.8319877359545,0,0,0
140.494,13850,0,31,3166.646890,163.684692,142.088136,3438.828159323884,2723.8319877359545,0,0,0
140.504,13851,0,31,3166.646890,163.684692,142.088305,3438.828159323884,2723.8319877359545,0,0,0
140.514,13852,0,31,3166.646890,163.684692,142.088617,3438.828159323884,2723.8319877359545,0,0,0
140.524,13853,0,31,3166.646890,163.684692,142.08855599999998,3438.828159323884,2723.8319877359545,0,0,0
140.534,13854,0,31,3166.646890,163.684692,142.08856,3438.828159323884,2723.8319877359545,0,0,0
140.544,13855,0,31,3166.646890,163.684692,142.088628,3438.828159323884,2723.8319877359545,0,0,0
140.554,13856,0,31,3166.646890,163.684692,142.088452,3438.828159323884,2723.8319877359545,0,0,0
140.564,13857,0,31,3166.646890,163.684692,142.088357,3438.828159323884,2723.8319877359545,0,0,0
140.574,13858,0,31,3166.646890,163.684692,142.088877,3438.828159323884,2723.8319877359545,0,0,0
140.584,13859,0,31,3166.646890,163.684692,142.089286,3438.828159323884,2723.8319877359545,0,0,0
140.594,13860,0,31,3166.646890,163.684692,142.08961,3438.828159323884,2723.8319877359545,0,0,0
140.604,13861,0,31,3166.646890,163.684692,142.08944699999998,3438.828159323884,2723.8319877359545,0,0,0
140.614,13862,0,31,3166.646890,163.684692,142.089349,3438.828159323884,2723.8319877359545,0,0,0
140.624,13863,0,31,3166.646890,163.684692,142.089111,3438.828159323884,2723.8319877359545,0,0,0
140.634,13864,0,31,3166.646890,163.684692,142.088936,3438.828159323884,2723.8319877359545,0,0,0
140.644,13865,0,31,3166.646890,163.684692,142.088656,3438.828159323884,2723.8319877359545,0,0,0
140.654,13866,0,31,3166.646890,163.684692,142.08865799999998,3438.828159323884,2723.8319877359545,0,0,0
140.664,13867,0,31,3166.646890,163.684692,142.088506,3438.828159323884,2723.8319877359545,0,0,0
140.674,13868,0,31,3166.646890,163.684692,142.088661,3438.828159323884,2723.8319877359545,0,0,0
140.684,13869,0,31,3166.646890,163.684692,142.089016,3438.828159323884,2723.8319877359545,0,0,0
140.694,13870,0,31,3166.646890,163.684692,142.08925399999998,3438.828159323884,2723.8319877359545,0,0,0
140.704,13871,0,31,3166.646890,163.684692,142.08891599999998,3438.828159323884,2723.8319877359545,0,0,0
140.714,13872,0,31,3166.646890,163.684692,142.088653,3438.828159323884,2723.8319877359545,0,0,0
140.724,13873,0,31,3166.646890,163.684692,142.08853,3438.828159323884,2723.8319877359545,0,0,0
140.734,13874,0,31,3166.646890,163.684692,142.08836399999998,3438.828159323884,2723.8319877359545,0,0,0
140.744,13875,0,31,3166.646890,163.684692,142.08827599999998,3438.828159323884,2723.8319877359545,0,0,0
140.754,13876,0,31,3166.646890,163.684692,142.088385,3438.828159323884,2723.8319877359545,0,0,0
140.764,13877,0,31,3166.646890,163.684692,142.08855699999998,3438.828159323884,2723.8319877359545,0,0,0
140.774,13878,0,31,3166.646890,163.684692,142.08883799999998,3438.828159323884,2723.8319877359545,0,0,0
140.784,13879,0,31,3166.646890,163.684692,142.08878099999998,3438.828159323884,2723.8319877359545,0,0,0
140.794,13880,0,31,3166.646890,163.684692,142.08912099999998,3438.828159323884,2723.8319877359545,0,0,0
140.804,13881,0,31,3166.646890,163.684692,142.08918799999998,3438.828159323884,2723.8319877359545,0,0,0
140.814,13882,0,31,3166.646890,163.684692,142.089285,3438.828159323884,2723.8319877359545,0,0,0
140.824,13883,0,31,3166.646890,163.684692,142.089024,3438.828159323884,2723.8319877359545,0,0,0
140.834,13884,0,31,3166.646890,163.684692,142.088766,3438.828159323884,2723.8319877359545,0,0,0
140.844,13885,0,31,3166.646890,163.684692,142.088609,3438.828159323884,2723.8319877359545,0,0,0
140.854,13886,0,31,3166.646890,163.684692,142.089337,3438.828159323884,2723.8319877359545,0,0,0
140.864,13887,0,31,3166.646890,163.684692,142.096,3438.828159323884,2723.8319877359545,0,0,0
140.874,13888,0,31,3166.646890,163.684692,142.10673,3438.828159323884,2723.8319877359545,0,0,0
140.884,13889,0,31,3166.646890,163.684692,142.11498,3438.828159323884,2723.8319877359545,0,0,0
140.894,13890,0,31,3166.646890,163.684692,142.116399,3438.828159323884,2723.8319877359545,0,0,0
140.904,13891,0,31,3166.646890,163.684692,142.115684,3438.828159323884,2723.8319877359545,0,0,0
140.914,13892,0,31,3166.646890,163.684692,142.115049,3438.828159323884,2723.8319877359545,0,0,0
140.924,13893,0,31,3166.646890,163.684692,142.112044,3438.828159323884,2723.8319877359545,0,0,0
140.934,13894,0,31,3166.646890,163.684692,142.107158,3438.828159323884,2723.8319877359545,0,0,0
140.944,13895,0,31,3166.646890,163.684692,142.10455499999998,3438.828159323884,2723.8319877359545,0,0,0
140.954,13896,0,31,3166.646890,163.684692,142.10324,3438.828159323884,2723.8319877359545,0,0,0
140.964,13897,0,31,3166.646890,163.684692,142.102451,3438.828159323884,2723.8319877359545,0,0,0
140.974,13898,0,31,3166.646890,163.684692,142.102158,3438.828159323884,2723.8319877359545,0,0,0
140.984,13899,0,31,3166.646890,163.684692,142.100542,3438.828159323884,2723.8319877359545,0,0,0
140.994,13900,0,31,3166.646890,163.684692,142.097556,3438.828159323884,2723.8319877359545,0,0,0
141.004,13901,0,31,3166.646890,163.684692,142.094154,3438.828159323884,2723.8319877359545,0,0,0
141.014,13902,0,31,3166.646890,163.684692,142.09327399999998,3438.828159323884,2723.8319877359545,0,0,0
141.024,13903,0,31,3166.646890,163.684692,142.094358,3438.828159323884,2723.8319877359545,0,0,0
141.034,13904,0,31,3166.646890,163.684692,142.095148,3438.828159323884,2723.8319877359545,0,0,0
141.044,13905,0,31,3166.646890,163.684692,142.096072,3438.828159323884,2723.8319877359545,0,0,0
141.054,13906,0,31,3166.646890,163.684692,142.095779,3438.828159323884,2723.8319877359545,0,0,0
141.064,13907,0,31,3166.646890,163.684692,142.09565999999998,3438.828159323884,2723.8319877359545,0,0,0
141.074,13908,0,31,3166.646890,163.684692,142.094256,3438.828159323884,2723.8319877359545,0,0,0
141.084,13909,0,31,3166.646890,163.684692,142.090711,3438.828159323884,2723.8319877359545,0,0,0
141.094,13910,0,31,3166.646890,163.684692,142.08783499999998,3438.828159323884,2723.8319877359545,0,0,0
141.104,13911,0,31,3166.646890,163.684692,142.087411,3438.828159323884,2723.8319877359545,0,0,0
141.114,13912,0,31,3166.646890,163.684692,142.086061,3438.828159323884,2723.8319877359545,0,0,0
141.124,13913,0,31,3166.646890,163.684692,142.08567499999998,3438.828159323884,2723.8319877359545,0,0,0
141.134,13914,0,31,3166.646890,163.684692,142.087113,3438.828159323884,2723.8319877359545,0,0,0
141.144,13915,0,31,3166.646890,163.684692,142.089476,3438.828159323884,2723.8319877359545,0,0,0
141.154,13916,0,31,3166.646890,163.684692,142.084803,3438.828159323884,2723.8319877359545,0,0,0
141.164,13917,0,31,3166.646890,163.684692,142.07761,3438.828159323884,2723.8319877359545,0,0,0
141.174,13918,0,31,3166.646890,163.684692,142.07465299999998,3438.828159323884,2723.8319877359545,0,0,0
141.184,13919,0,31,3166.646890,163.684692,142.071123,3438.828159323884,2723.8319877359545,0,0,0
141.194,13920,0,31,3166.646890,163.684692,142.06746199999998,3438.828159323884,2723.8319877359545,0,0,0
141.204,13921,0,31,3166.646890,163.684692,142.066996,3438.828159323884,2723.8319877359545,0,0,0
141.214,13922,0,31,3166.646890,163.684692,142.07013999999998,3438.828159323884,2723.8319877359545,0,0,0
141.224,13923,0,31,3166.646890,163.684692,142.07460999999998,3438.828159323884,2723.8319877359545,0,0,0
141.234,13924,0,31,3166.646890,163.684692,142.076964,3438.828159323884,2723.8319877359545,0,0,0
141.244,13925,0,31,3166.646890,163.684692,142.082845,3438.828159323884,2723.8319877359545,0,0,0
141.254,13926,0,31,3166.646890,163.684692,142.087054,3438.828159323884,2723.8319877359545,0,0,0
141.264,13927,0,31,3166.646890,163.684692,142.083843,3438.828159323884,2723.8319877359545,0,0,0
141.274,13928,0,31,3166.646890,163.684692,142.075699,3438.828159323884,2723.8319877359545,0,0,0
141.284,13929,0,31,3166.646890,163.684692,142.069954,3438.828159323884,2723.8319877359545,0,0,0
141.294,13930,0,31,3166.646890,163.684692,142.06846199999998,3438.828159323884,2723.8319877359545,0,0,0
141.304,13931,0,31,3166.646890,163.684692,142.071033,3438.828159323884,2723.8319877359545,0,0,0
141.314,13932,0,31,3166.646890,163.684692,142.076959,3438.828159323884,2723.8319877359545,0,0,0
141.324,13933,0,31,3166.646890,163.684692,142.084968,3438.828159323884,2723.8319877359545,0,0,0
141.334,13934,0,31,3166.646890,163.684692,142.092044,3438.828159323884,2723.8319877359545,0,0,0
141.344,13935,0,31,3166.646890,163.684692,142.097094,3438.828159323884,2723.8319877359545,0,0,0
141.354,13936,0,31,3166.646890,163.684692,142.100638,3438.828159323884,2723.8319877359545,0,0,0
141.364,13937,0,31,3166.646890,163.684692,142.100678,3438.828159323884,2723.8319877359545,0,0,0
141.374,13938,0,31,3166.646890,163.684692,142.09949,3438.828159323884,2723.8319877359545,0,0,0
141.384,13939,0,31,3166.646890,163.684692,142.09852099999998,3438.828159323884,2723.8319877359545,0,0,0
141.394,13940,0,31,3166.646890,163.684692,142.09797799999998,3438.828159323884,2723.8319877359545,0,0,0
141.404,13941,0,31,3166.646890,163.684692,142.098119,3438.828159323884,2723.8319877359545,0,0,0
141.414,13942,0,31,3166.646890,163.684692,142.099143,3438.828159323884,2723.8319877359545,0,0,0
141.424,13943,0,31,3166.646890,163.684692,142.101756,3438.828159323884,2723.8319877359545,0,0,0
141.434,13944,0,31,3166.646890,163.684692,142.103706,3438.828159323884,2723.8319877359545,0,0,0
141.444,13945,0,31,3166.646890,163.684692,142.103357,3438.828159323884,2723.8319877359545,0,0,0
141.454,13946,0,31,3166.646890,163.684692,142.098771,3438.828159323884,2723.8319877359545,0,0,0
141.464,13947,0,31,3166.646890,163.684692,142.090386,3438.828159323884,2723.8319877359545,0,0,0
141.474,13948,0,31,3166.646890,163.684692,142.0862,3438.828159323884,2723.8319877359545,0,0,0
141.484,13949,0,31,3166.646890,163.684692,142.08864,3438.828159323884,2723.8319877359545,0,0,0
141.494,13950,0,31,3166.646890,163.684692,142.09700099999998,3438.828159323884,2723.8319877359545,0,0,0
141.504,13951,0,31,3166.646890,163.684692,142.10763,3438.828159323884,2723.8319877359545,0,0,0
141.514,13952,0,31,3166.646890,163.684692,142.11564299999998,3438.828159323884,2723.8319877359545,0,0,0
141.524,13953,0,31,3166.646890,163.684692,142.11756799999998,3438.828159323884,2723.8319877359545,0,0,0
141.534,13954,0,31,3166.646890,163.684692,142.116637,3438.828159323884,2723.8319877359545,0,0,0
141.544,13955,0,31,3166.646890,163.684692,142.11411999999999,3438.828159323884,2723.8319877359545,0,0,0
141.554,13956,0,31,3166.646890,163.684692,142.108397,3438.828159323884,2723.8319877359545,0,0,0
141.564,13957,0,31,3166.646890,163.684692,142.096581,3438.828159323884,2723.8319877359545,0,0,0
141.574,13958,0,31,3166.646890,163.684692,142.076829,3438.828159323884,2723.8319877359545,0,0,0
141.584,13959,0,31,3166.646890,163.684692,142.05273599999998,3438.828159323884,2723.8319877359545,0,0,0
141.594,13960,0,31,3166.646890,163.684692,142.02996,3438.828159323884,2723.8319877359545,0,0,0
141.604,13961,0,31,3166.646890,163.684692,142.015054,3438.828159323884,2723.8319877359545,0,0,0
141.614,13962,0,31,3166.646890,163.684692,142.01340499999998,3438.828159323884,2723.8319877359545,0,0,0
141.624,13963,0,31,3166.646890,163.684692,142.02681299999998,3438.828159323884,2723.8319877359545,0,0,0
141.634,13964,0,31,3166.646890,163.684692,142.046777,3438.828159323884,2724.091326261376,0,0,0
141.644,13965,0,31,3166.646890,163.684692,142.063648,3438.828159323884,2724.091326261376,0,0,0
141.654,13966,0,31,3166.646890,163.684692,142.07347399999998,3438.828159323884,2724.091326261376,0,0,0
141.664,13967,0,31,3166.646890,163.684692,142.074603,3438.828159323884,2724.091326261376,0,0,0
141.674,13968,0,31,3166.646890,163.684692,142.076868,3438.828159323884,2724.091326261376,0,0,0
141.684,13969,0,31,3166.726686,163.684692,142.080123,3438.828159323884,2724.091326261376,0,0,0
141.694,13970,0,31,3166.881846,163.684692,142.089229,3438.828159323884,2724.091326261376,0,0,0
141.704,13971,0,31,3167.037006,163.684692,142.107465,3438.828159323884,2724.3506647089957,0,0,0
141.714,13972,0,31,3167.192166,163.684692,142.128461,3439.3468362191234,2724.3506647089957,0,0,0
141.724,13973,0,31,3167.271962,163.684692,142.147081,3439.3468362191234,2724.3506647089957,0,0,0
141.734,13974,0,31,3167.427122,163.684692,142.166879,3439.6061747445447,2724.610003156615,0,0,0
141.744,13975,0,31,3167.737441,163.684692,142.196904,3439.8655132699664,2724.610003156615,0,0,0
141.754,13976,0,31,3167.972398,163.684692,142.23752299999998,3440.3841901652067,2724.610003156615,0,0,0
141.764,13977,0,31,3168.282717,163.684692,142.287374,3440.3841901652067,2724.869341604235,0,0,0
141.774,13978,0,31,3168.557572,163.684692,142.33287199999998,3440.9028670604466,2724.869341604235,0,0,0
141.784,13979,0,31,3168.712731,163.684692,142.37239,3441.4215441112897,2724.869341604235,0,0,0
141.794,13980,0,31,3169.023051,163.684692,142.416182,3441.94022100653,2725.3880185772773,0,0,0
141.804,13981,0,31,3169.333371,163.684692,142.462422,3442.19955945415,2725.3880185772773,0,0,0
141.814,13982,0,31,3169.648123,163.684692,142.50053499999999,3442.45889790177,2725.9066955503185,0,0,0
141.824,13983,0,31,3169.998341,163.684692,142.52626999999998,3442.9775749526125,2725.9066955503185,0,0,0
141.834,13984,0,31,3170.308660,163.684692,142.548173,3442.9775749526125,2726.1660339979385,0,0,0
141.844,13985,0,31,3170.658878,163.684692,142.55919699999998,3443.4962518478524,2726.4253724455584,0,0,0
141.854,13986,0,31,3171.009096,163.684692,142.568199,3444.0149287430927,2726.9440494185997,0,0,0
141.864,13987,0,31,3171.518907,163.684692,142.585328,3444.5336057939357,2727.462726391642,0,0,0
141.874,13988,0,31,3172.024284,163.684692,142.599378,3445.0522826891756,2727.7220648392617,0,0,0
141.884,13989,0,31,3172.609458,163.684692,142.619236,3445.570959584416,2728.500080259923,0,0,0
141.894,13990,0,31,3173.154734,163.684692,142.64237899999998,3446.089636635259,2729.0187572329646,0,0,0
141.904,13991,0,31,3173.895068,163.684692,142.677832,3447.1269904257388,2729.2780956805846,0,0,0
141.914,13992,0,31,3174.635402,163.684692,142.733801,3447.9050059242018,2729.5374341282045,0,0,0
141.924,13993,0,31,3175.295939,163.684692,142.803677,3448.683021267062,2730.3154495488666,0,0,0
141.934,13994,0,31,3176.036273,163.684692,142.88814,3449.720375213145,2731.0934649695278,0,0,0
141.944,13995,0,31,3176.856403,163.684692,142.97404,3450.757729159228,2731.612141942569,0,0,0
141.954,13996,0,31,3177.672100,163.684692,143.070496,3451.7950829497076,2732.1308189156102,0,0,0
141.964,13997,0,31,3178.567593,163.684692,143.180435,3453.091775343411,2732.6494958108506,0,0,0
141.974,13998,0,31,3179.347825,163.684692,143.301551,3454.388467737114,2733.168172783892,0,0,0
141.984,13999,0,31,3180.207854,163.684692,143.429635,3455.425821683197,2733.6868497569335,0,0,0
141.994,14000,0,31,3181.218609,163.684692,143.568381,3456.9818525245196,2734.205526652174,0,0,0
142.004,14001,0,31,3182.233797,163.684692,143.727297,3458.537883365843,2734.7242036252155,0,0,0
142.014,14002,0,31,3183.169189,163.684692,143.897312,3460.093914207166,2735.7615574934966,0,0,0
142.024,14003,0,31,3184.219842,163.684692,144.077014,3461.649945048489,2736.2802344665383,0,0,0
142.034,14004,0,31,3185.390190,163.684692,144.25811199999998,3463.205975889812,2737.31758833482,0,0,0
142.044,14005,0,31,3186.675800,163.684692,144.53275299999999,3464.762006731135,2737.836265307861,0,0,0
142.054,14006,0,31,3187.996874,163.684692,144.717098,3466.836714467698,2738.873619176143,0,0,0
142.064,14007,0,31,3189.282484,163.684692,144.904723,3468.911422204261,2739.9109731222256,0,0,0
142.074,14008,0,31,3191.503485,163.684692,145.097949,3470.7267915710054,2740.9483269905077,0,0,0
142.084,14009,0,31,3192.828993,163.684692,145.298654,3472.8014993853703,2741.985680858789,0,0,0
142.094,14010,0,31,3194.309660,163.684692,145.50741499999998,3475.135545569553,2743.0230348048717,0,0,0
142.104,14011,0,31,3195.985386,163.684692,145.721608,3477.2102534617193,2744.579065646195,0,0,0
142.114,14012,0,31,3197.740908,163.684692,145.939561,3479.8036380935223,2745.616419514477,0,0,0
142.124,14013,0,31,3199.296939,163.684692,146.16419499999998,3482.137684433308,2746.6537733827577,0,0,0
142.134,14014,0,31,3201.207621,163.684692,146.394564,3484.4717306174916,2747.950465776461,0,0,0
142.144,14015,0,31,3203.153767,163.684692,146.625483,3486.8057769572774,2749.2471581701643,0,0,0
142.154,14016,0,31,3205.064449,163.684692,146.85126599999998,3489.13982314146,2750.284512038445,0,0,0
142.164,14017,0,31,3206.819971,163.684692,147.072794,3491.4738694812468,2751.8405428797687,0,0,0
142.174,14018,0,31,3208.686321,163.684692,147.292174,3494.0672541908507,2753.3965737210915,0,0,0
142.184,14019,0,31,3210.481742,163.684692,147.514524,3496.6606389004555,2754.6932661147944,0,0,0
142.194,14020,0,31,3212.543150,163.764488,147.747334,3499.2540236878617,2756.2492969561176,0,0,0
142.204,14021,0,31,3214.453832,163.844285,147.99372699999998,3501.8474083974666,2757.5459893498205,0,0,0
142.214,14022,0,31,3216.284717,163.919648,148.25162799999998,3504.4407931070705,2758.842681665722,0,0,0
142.224,14023,0,31,3218.310660,163.919648,148.52030599999998,3507.0341778944767,2760.1393739816235,0,0,0
142.234,14024,0,31,3220.336604,163.919648,148.80361399999998,3510.4055780247427,2761.4360663753264,0,0,0
142.244,14025,0,31,3222.557605,163.999444,149.098129,3512.480285761306,2762.99209721665,0,0,0
142.254,14026,0,31,3224.468287,163.999444,149.399643,3515.333008996332,2764.2887896103525,0,0,0
142.264,14027,0,31,3226.414434,163.999444,149.707712,3518.7044092044,2765.5854820040554,0,0,0
142.274,14028,0,31,3228.675333,164.034909,150.024112,3521.816470887045,2767.1415128453787,0,0,0
142.284,14029,0,31,3230.741175,164.034909,150.34946399999998,3524.9285325696915,2768.17886671366,0,0,0
142.294,14030,0,31,3232.807016,164.034909,150.67978499999998,3528.0405942523375,2769.7348975549835,0,0,0
142.304,14031,0,31,3234.677800,164.034909,151.008296,3530.8933174873637,2770.7722514232646,0,0,0
142.314,14032,0,31,3236.743641,164.034909,151.3364,3534.0053791700097,2772.3282822645874,0,0,0
142.324,14033,0,31,3238.844948,164.034909,151.66278599999998,3537.1174408526554,2773.8843131059107,0,0,0
142.334,14034,0,31,3241.026051,164.114706,151.994419,3540.229502535302,2774.921667051994,0,0,0
142.344,14035,0,31,3242.856936,164.269866,152.329341,3543.082225692526,2776.4776978933164,0,0,0
142.354,14036,0,31,3244.652356,164.349662,152.66279699999998,3546.1942873751723,2778.0337287346397,0,0,0
142.364,14037,0,31,3246.948721,164.349662,152.992649,3549.3063490578184,2779.0710826029213,0,0,0
142.374,14038,0,31,3248.819504,164.544720,153.31817099999998,3552.418410740464,2780.6271134442445,0,0,0
142.384,14039,0,31,3251.080404,164.544720,153.64466,3555.5304724231105,2781.664467312526,0,0,0
142.394,14040,0,31,3253.066449,164.699880,153.977747,3558.1238571327153,2783.2204981538484,0,0,0
142.404,14041,0,31,3255.247552,164.775243,154.321189,3561.235918815361,2784.2578520999323,0,0,0
142.414,14042,0,31,3257.273495,164.934836,154.668208,3564.088642050387,2785.813882941255,0,0,0
142.424,14043,0,31,3259.459031,165.089996,155.015056,3567.200703733033,2787.369913782578,0,0,0
142.434,14044,0,31,3261.445077,165.165359,155.367708,3570.312765415679,2788.40726765086,0,0,0
142.444,14045,0,31,3263.510918,165.320519,155.72233899999998,3573.4248270983253,2789.9632984921823,0,0,0
142.454,14046,0,31,3265.612225,165.320519,156.07671499999998,3576.7962272285913,2791.0006523604643,0,0,0
142.464,14047,0,31,3267.793328,165.400315,156.43483899999998,3579.908288911238,2792.556683201787,0,0,0
142.474,14048,0,31,3269.819271,165.555475,156.79538,3582.761012146263,2794.11271404311,0,0,0
142.484,14049,0,31,3271.964909,165.710635,157.149883,3585.8730738289096,2795.150067989193,0,0,0
142.494,14050,0,31,3274.066216,165.870228,157.496194,3589.244473959175,2796.706098830516,0,0,0
142.504,14051,0,31,3276.211854,166.025388,157.83916499999998,3592.3565356418217,2798.262129671839,0,0,0
142.514,14052,0,31,3278.432855,166.255911,158.18623699999998,3595.4685973244673,2799.299483540121,0,0,0
142.524,14053,0,31,3280.458798,166.415504,158.53865299999998,3598.580659007114,2800.8555143814438,0,0,0
142.534,14054,0,31,3282.600003,166.490867,158.899708,3601.6927206897594,2801.892868249726,0,0,0
142.544,14055,0,31,3284.586048,166.646027,159.26232399999998,3604.8047823724055,2803.448899091048,0,0,0
142.554,14056,0,31,3286.846948,166.801186,159.62866699999998,3607.916844055052,2804.486253037131,0,0,0
142.564,14057,0,31,3288.912789,166.960779,159.997477,3611.0289057376976,2805.782945353033,0,0,0
142.574,14058,0,31,3291.018529,167.115939,160.363387,3613.8816289727242,2807.0796377467354,0,0,0
142.584,14059,0,31,3292.769618,167.271099,160.725127,3616.7343522077495,2808.1169916150175,0,0,0
142.594,14060,0,31,3294.835459,167.426259,161.08279,3619.846413890396,2809.4136840087203,0,0,0
142.604,14061,0,31,3296.901301,167.506055,161.439123,3622.958475573042,2810.7103764024228,0,0,0
142.614,14062,0,31,3298.692288,167.736578,161.793701,3625.811198730267,2811.747730270705,0,0,0
142.624,14063,0,31,3300.913289,167.896171,162.14921199999998,3628.923260412913,2813.3037611120276,0,0,0
142.634,14064,0,31,3302.899334,168.051331,162.50492699999998,3632.0353220955585,2814.3411149803096,0,0,0
142.644,14065,0,31,3304.770118,168.206491,163.0433,3635.1473837782046,2815.637807374012,0,0,0
142.654,14066,0,31,3306.680799,168.361650,163.40560299999999,3638.0001070132307,2816.9344997677154,0,0,0
142.664,14067,0,31,3308.626946,168.441447,163.7689,3641.112168695877,2817.971853635997,0,0,0
142.674,14068,0,31,3310.732686,168.516810,164.12940799999998,3644.2242303785233,2819.2685460297002,0,0,0
142.684,14069,0,31,3312.953687,168.751766,164.48793899999998,3647.076953613549,2820.5652383456018,0,0,0
142.694,14070,0,31,3314.704776,168.906926,164.84197799999998,3650.189015296195,2821.861930739304,0,0,0
142.704,14071,0,31,3315.954920,169.141882,165.190621,3653.301076978841,2823.158623133008,0,0,0
142.714,14072,0,31,3318.016329,169.217246,165.537769,3656.413138661487,2824.7146539743308,0,0,0
142.724,14073,0,31,3320.006807,169.217246,165.885693,3659.525200344133,2825.7520078426123,0,0,0
142.734,14074,0,31,3322.187910,169.297042,166.23457399999998,3662.637262026779,2827.048700236315,0,0,0
142.744,14075,0,31,3324.098592,169.376839,166.576899,3665.749323709425,2828.3453925522163,0,0,0
142.754,14076,0,31,3326.355058,169.452202,166.906149,3668.6020468666497,2829.90142339354,0,0,0
142.764,14077,0,31,3328.655856,169.531998,167.229888,3671.714108549296,2831.198115787243,0,0,0
142.774,14078,0,31,3330.992119,169.607362,167.546733,3674.566831784322,2832.7541466285656,0,0,0
142.784,14079,0,31,3333.173222,169.687158,167.859829,3677.6788934669676,2834.0508390222685,0,0,0
142.794,14080,0,31,3335.474020,169.687158,168.168659,3680.790955149614,2835.606869863592,0,0,0
142.804,14081,0,31,3337.734919,169.687158,168.48053399999998,3683.9030168322597,2837.1629007049146,0,0,0
142.814,14082,0,31,3340.031284,169.687158,168.796382,3687.0150785149062,2838.7189315462374,0,0,0
142.824,14083,0,31,3342.212387,169.687158,169.111885,3690.127140197552,2840.274962387561,0,0,0
142.834,14084,0,31,3344.123069,169.687158,169.425549,3693.498540327818,2841.571654703462,0,0,0
142.844,14085,0,31,3346.499230,169.727056,169.74531299999998,3696.3512635628445,2843.1276855447854,0,0,0
142.854,14086,0,31,3348.800027,169.727056,170.069332,3699.46332524549,2844.94305491153,0,0,0
142.864,14087,0,31,3351.096392,169.727056,170.385266,3702.5753869281366,2846.4990857528533,0,0,0
142.874,14088,0,31,3353.162233,169.727056,170.690317,3705.946787058402,2848.314455041796,0,0,0
142.884,14089,0,31,3355.463031,169.802420,170.994889,3709.31818726647,2849.870485883119,0,0,0
142.894,14090,0,31,3357.839192,169.802420,171.301247,3712.4302489491156,2851.4265167244425,0,0,0
142.904,14091,0,31,3360.370513,169.802420,171.608025,3715.8016490793816,2852.9825475657653,0,0,0
142.914,14092,0,31,3362.941732,169.802420,171.90949799999999,3718.9137107620277,2855.05725538013,0,0,0
142.924,14093,0,31,3365.357791,169.802420,172.19898999999998,3722.285110892294,2856.6132862214527,0,0,0
142.934,14094,0,31,3367.968909,169.957579,172.482207,3725.39717257494,2858.687993958016,0,0,0
142.944,14095,0,31,3370.580026,169.957579,172.763164,3728.5092342575863,2860.50336332476,0,0,0
142.954,14096,0,31,3373.191143,169.957579,173.047621,3732.1399729132736,2862.3187326137036,0,0,0
142.964,14097,0,31,3375.527406,170.117172,173.32951799999998,3735.5113731213414,2864.3934404280676,0,0,0
142.974,14098,0,31,3378.023262,170.117172,173.604438,3738.8827732516074,2866.468148164631,0,0,0
142.984,14099,0,31,3381.059960,170.117172,173.87031,3742.5135118294934,2868.2835175313758,0,0,0
142.994,14100,0,31,3384.956687,170.117172,174.13360799999998,3745.6255735121395,2870.3582252679385,0,0,0
143.004,14101,0,31,3387.567804,170.117172,174.392065,3748.7376351947855,2872.432933082303,0,0,0
143.014,14102,0,31,3389.904067,170.117172,174.642022,3752.1090354028534,2874.5076408966675,0,0,0
143.024,14103,0,31,3392.710242,170.117172,174.884321,3755.221097085499,2876.58234863323,0,0,0
143.034,14104,0,31,3395.126302,170.117172,175.112922,3758.5924972157654,2878.3977179999747,0,0,0
143.044,14105,0,31,3397.697521,170.117172,175.33062199999998,3761.7045588984106,2880.472425736538,0,0,0
143.054,14106,0,31,3400.268740,170.117172,175.53917199999998,3764.816620581057,2882.5471335509023,0,0,0
143.064,14107,0,31,3402.724697,170.117172,175.747176,3767.669343738282,2884.621841365267,0,0,0
143.074,14108,0,31,3404.865902,170.152637,175.95289699999998,3770.522066973308,2886.69654910183,0,0,0
143.084,14109,0,31,3407.166700,170.152637,176.14944699999998,3773.3747902083337,2888.771256916194,0,0,0
143.094,14110,0,31,3409.893079,170.152637,176.332664,3776.22751344336,2890.327287757518,0,0,0
143.104,14111,0,31,3412.034284,170.152637,176.50617499999998,3779.339575126006,2892.661334019502,0,0,0
143.114,14112,0,31,3414.725197,170.152637,176.675211,3782.451636808652,2894.736041756065,0,0,0
143.124,14113,0,31,3417.101358,170.152637,176.844222,3785.304360043678,2897.070088095851,0,0,0
143.134,14114,0,31,3419.597214,170.152637,177.020905,3788.1570832009024,2898.626118937174,0,0,0
143.144,14115,0,31,3422.128535,170.152637,177.208702,3791.269144883549,2900.7008266737375,0,0,0
143.154,14116,0,31,3424.269740,170.152637,177.407133,3794.1218680407733,2902.775534488102,0,0,0
143.164,14117,0,31,3426.685799,170.152637,177.611901,3796.974591275799,2904.8502423024665,0,0,0
143.174,14118,0,31,3429.181655,170.152637,177.824884,3800.0866529584455,2906.6656115914093,0,0,0
143.184,14119,0,31,3431.633179,170.152637,178.04475599999998,3803.1987146410916,2908.4809808803525,0,0,0
143.194,14120,0,31,3433.973875,170.152637,178.271145,3806.3107763237376,2910.5556886947165,0,0,0
143.204,14121,0,31,3436.234775,170.152637,178.49366799999999,3809.4228380063837,2912.3710579836597,0,0,0
143.214,14122,0,31,3438.841459,170.152637,178.71573999999998,3812.5348996890293,2914.1864273504043,0,0,0
143.224,14123,0,31,3441.257518,170.152637,178.93868999999998,3815.3876229240554,2916.2611350869674,0,0,0
143.234,14124,0,31,3443.753374,170.152637,179.156184,3818.4996846067015,2918.3358429013324,0,0,0
143.244,14125,0,31,3445.894579,170.152637,179.36522399999998,3821.352407841727,2920.4105507156964,0,0,0
143.254,14126,0,31,3448.425899,170.152637,179.656366,3824.4644695243733,2922.2259200046396,0,0,0
143.264,14127,0,31,3450.881857,170.152637,179.84004199999998,3827.057854233978,2924.300627819004,0,0,0
143.274,14128,0,31,3453.182655,170.152637,180.021571,3830.1699159166246,2926.115997107947,0,0,0
143.284,14129,0,31,3455.443554,170.152637,180.207406,3832.7633006262286,2927.9313663968896,0,0,0
143.294,14130,0,31,3457.624657,170.152637,180.39618299999998,3835.6160238612547,2929.746735763634,0,0,0
143.304,14131,0,31,3459.921022,170.152637,180.59029199999998,3838.209408648661,2931.562105052578,0,0,0
143.314,14132,0,31,3462.142023,170.152637,180.78516,3840.802793280464,2933.377474341521,0,0,0
143.324,14133,0,31,3464.167966,170.152637,180.97305799999998,3843.65551651549,2935.1928437082656,0,0,0
143.334,14134,0,31,3466.233808,170.152637,181.155934,3846.5082397505157,2936.7488745495884,0,0,0
143.344,14135,0,31,3468.494707,170.152637,181.34594299999998,3849.3609629855423,2938.304905390911,0,0,0
143.354,14136,0,31,3470.675811,170.152637,181.54376499999998,3851.954347695147,2940.120274679855,0,0,0
143.364,14137,0,31,3472.936710,170.152637,181.745588,3854.807070852371,2941.9356439687976,0,0,0
143.374,14138,0,31,3474.687799,170.152637,181.950234,3857.659794087397,2943.751013335542,0,0,0
143.384,14139,0,31,3476.443321,170.152637,182.16289999999998,3860.512517322423,2945.566382624485,0,0,0
143.394,14140,0,31,3478.544627,170.152637,182.379654,3863.365240557449,2947.122413465808,0,0,0
143.404,14141,0,31,3480.650367,170.152637,182.594753,3866.2179637924755,2948.678444307131,0,0,0
143.414,14142,0,31,3482.871368,170.152637,182.805692,3868.811348424278,2950.4938135960742,0,0,0
143.424,14143,0,31,3484.857414,170.152637,183.013917,3871.664071659304,2952.5685214104387,0,0,0
143.434,14144,0,31,3487.233575,170.152637,183.219608,3874.5167948943304,2954.1245522517615,0,0,0
143.444,14145,0,31,3489.454576,170.152637,183.424746,3877.1101796817366,2956.199260066126,0,0,0
143.454,14146,0,31,3491.715475,170.152637,183.630575,3879.7035643135396,2957.7552909074493,0,0,0
143.464,14147,0,31,3493.936477,170.152637,183.83817,3882.2969491009453,2959.311321748772,0,0,0
143.474,14148,0,31,3496.157478,170.152637,184.04577899999998,3884.8903338883515,2960.8673525900954,0,0,0
143.484,14149,0,31,3498.378479,170.152637,184.254018,3887.7430570455763,2962.423383431418,0,0,0
143.494,14150,0,31,3500.599481,170.152637,184.459625,3890.5957802028006,2963.9794142727415,0,0,0
143.504,14151,0,31,3502.705220,170.152637,184.65892599999998,3893.189164990207,2966.054122009304,0,0,0
143.514,14152,0,31,3504.611469,170.152637,184.85690699999998,3895.7825497776125,2967.6101528506274,0,0,0
143.524,14153,0,31,3506.757107,170.152637,185.05288299999998,3898.375934409416,2969.16618369195,0,0,0
143.534,14154,0,31,3508.663355,170.152637,185.24361499999998,3901.487996092062,2970.7222145332735,0,0,0
143.544,14155,0,31,3510.884357,170.152637,185.428117,3903.822042431848,2972.2782453745967,0,0,0
143.554,14156,0,31,3512.755140,170.152637,185.61265999999998,3906.1560886160305,2974.0936147413413,0,0,0
143.564,14157,0,31,3514.781084,170.152637,185.796415,3908.749473403437,2975.649645582664,0,0,0
143.574,14158,0,31,3516.767129,170.152637,185.983892,3911.342858190843,2977.465014871607,0,0,0
143.584,14159,0,31,3518.757607,170.152637,186.16943799999999,3913.676904375026,2978.7617072653106,0,0,0
143.594,14160,0,31,3520.508696,170.152637,186.35516299999998,3916.270289162432,2980.317738106633,0,0,0
143.604,14161,0,31,3522.689799,170.152637,186.543578,3918.863673872037,2981.6144304225345,0,0,0
143.614,14162,0,31,3524.680277,170.152637,186.734525,3921.197720134021,2982.911122816238,0,0,0
143.624,14163,0,31,3526.626424,170.152637,186.929374,3923.791104921427,2984.4671536575606,0,0,0
143.634,14164,0,31,3528.577004,170.152637,187.124369,3926.1251511056103,2986.023184498884,0,0,0
143.644,14165,0,31,3530.328093,170.152637,187.324367,3928.459197445396,2987.3198768925863,0,0,0
143.654,14166,0,31,3532.238774,170.152637,187.53035699999998,3931.052582077199,2988.8759077339096,0,0,0
143.664,14167,0,31,3534.109558,170.152637,187.737875,3933.1272899693654,2990.172600049811,0,0,0
143.674,14168,0,31,3535.860647,170.152637,187.942647,3935.7206746011684,2991.7286308911343,0,0,0
143.684,14169,0,31,3537.616169,170.152637,188.14718,3938.314059388574,2992.7659848372173,0,0,0
143.694,14170,0,31,3539.642112,170.152637,188.34909199999998,3940.6481056505595,2994.0626771531183,0,0,0
143.704,14171,0,31,3541.433099,170.152637,188.551692,3942.9821519125435,2995.6187079944416,0,0,0
143.714,14172,0,31,3543.263984,170.152637,188.75543199999998,3945.3161981745275,2996.9154003881445,0,0,0
143.724,14173,0,31,3545.289928,170.152637,188.959554,3947.650244436513,2998.212092781848,0,0,0
143.734,14174,0,31,3546.965653,170.152637,189.16383199999999,3949.984290698497,2999.768123623171,0,0,0
143.744,14175,0,31,3548.876335,170.152637,189.365964,3952.3183369604812,3001.0648159390726,0,0,0
143.754,14176,0,31,3550.667322,170.152637,189.56605399999998,3954.911721747888,3002.3615083327754,0,0,0
143.764,14177,0,31,3552.418411,170.152637,189.764762,3956.9864294844506,3003.9175391740982,0,0,0
143.774,14178,0,31,3553.863613,170.152637,189.961245,3959.3204757464355,3004.95489304238,0,0,0
143.784,14179,0,31,3555.809760,170.152637,190.15153099999998,3961.91386045604,3006.510923883703,0,0,0
143.794,14180,0,31,3557.680544,170.152637,190.331233,3964.2479067958257,3007.8076162774055,0,0,0
143.804,14181,0,31,3559.591225,170.152637,190.509055,3966.5819529800087,3009.3636471187287,0,0,0
143.814,14182,0,31,3561.577270,170.152637,190.689429,3969.175337767415,3010.919677960052,0,0,0
143.824,14183,0,31,3563.292894,170.152637,190.86646499999998,3971.7687224770193,3012.216370353755,0,0,0
143.834,14184,0,31,3565.199143,170.152637,191.03617699999998,3974.1027687390037,3013.772401195078,0,0,0
143.844,14185,0,31,3566.994563,170.152637,191.199738,3976.69615352641,3015.587770484021,0,0,0
143.854,14186,0,31,3568.980608,170.152637,191.359435,3979.030199710593,3016.884462877724,0,0,0
143.864,14187,0,31,3570.851391,170.152637,191.58498699999998,3981.364246050379,3018.699832166667,0,0,0
143.874,14188,0,31,3572.877335,170.152637,191.729671,3983.957630682182,3020.2558630079902,0,0,0
143.884,14189,0,31,3574.863380,170.152637,191.87378199999998,3986.291677021968,3022.3305708223547,0,0,0
143.894,14190,0,31,3577.784817,170.152637,192.01700499999998,3988.3663847585312,3024.145940111298,0,0,0
143.904,14191,0,31,3579.810760,170.152637,192.155365,3990.959769545937,3025.9613094002407,0,0,0
143.914,14192,0,31,3581.836703,170.152637,192.29308699999999,3993.2938157301205,3027.5173402415635,0,0,0
143.924,14193,0,31,3583.552327,170.152637,192.430036,3995.6278620699063,3029.332709608308,0,0,0
143.934,14194,0,31,3585.578270,170.152637,192.5656,3998.221246779511,3031.1480788972513,0,0,0
143.944,14195,0,31,3587.644112,170.152637,192.693379,4000.5552930414956,3032.7041097385745,0,0,0
143.954,14196,0,31,3589.745418,170.152637,192.81958799999998,4002.88933930348,3034.2601405798973,0,0,0
143.964,14197,0,31,3591.540839,170.152637,192.955122,4005.2233855654645,3036.07550986884,0,0,0
143.974,14198,0,31,3593.642145,170.152637,193.098265,4007.8167703528707,3037.6315407101633,0,0,0
143.984,14199,0,31,3595.668088,170.152637,193.24452599999998,4010.1508165370537,3039.446910076908,0,0,0
143.994,14200,0,31,3597.889090,170.152637,193.389606,4012.4848628768395,3041.002940918231,0,0,0
144.004,14201,0,31,3599.915033,170.152637,193.536195,4015.078247508643,3042.818310207174,0,0,0
144.014,14202,0,31,3601.825715,170.152637,193.68057199999998,4017.6716322960488,3044.6336794961167,0,0,0
144.024,14203,0,31,3603.891556,170.152637,193.821168,4020.005678558033,3046.18971033744,0,0,0
144.034,14204,0,31,3605.762340,170.152637,193.963214,4022.599063267638,3048.0050797041845,0,0,0
144.044,14205,0,31,3608.293661,170.152637,194.105549,4024.933109607424,3049.8204489931277,0,0,0
144.054,14206,0,31,3610.279706,170.152637,194.250194,4027.526494239227,3051.3764798344505,0,0,0
144.064,14207,0,31,3612.265751,170.152637,194.39486499999998,4029.8605405790126,3053.451187648815,0,0,0
144.074,14208,0,31,3614.296127,170.152637,194.538423,4032.194586763196,3055.007218490138,0,0,0
144.084,14209,0,31,3616.512695,170.152637,194.684216,4034.787971550602,3056.5632493314615,0,0,0
144.094,14210,0,31,3618.733697,170.152637,194.832248,4037.3813563380077,3058.637957068024,0,0,0
144.104,14211,0,31,3620.684277,170.152637,194.98439299999998,4039.974740969811,3060.193987909347,0,0,0
144.114,14212,0,31,3622.670322,170.152637,195.13951999999998,4042.308787309597,3062.2686957237115,0,0,0
144.124,14213,0,31,3624.656367,170.152637,195.298338,4045.161510544623,3063.824726565035,0,0,0
144.134,14214,0,31,3626.957164,170.152637,195.46420999999998,4047.754895176426,3065.3807574063576,0,0,0
144.144,14215,0,31,3628.827948,170.152637,195.637293,4050.3482799638323,3067.455465220722,0,0,0
144.154,14216,0,31,3631.088848,170.152637,195.810507,4052.9416647512385,3069.5301729572857,0,0,0
144.164,14217,0,31,3633.190154,170.152637,195.98125,4056.053726433884,3071.3455422462284,0,0,0
144.174,14218,0,31,3635.411155,170.152637,196.153722,4058.647111065687,3073.160911612973,0,0,0
144.184,14219,0,31,3637.321837,170.152637,196.33068,4061.4998343007137,3075.2356194273375,0,0,0
144.194,14220,0,31,3639.737896,170.152637,196.50703,4064.0932190881194,3077.0509887162802,0,0,0
144.204,14221,0,31,3641.958898,170.152637,196.67782499999998,4066.9459423231456,3079.1256965306447,0,0,0
144.214,14222,0,31,3644.490219,170.152637,196.843332,4069.7986654803703,3081.2004042672083,0,0,0
144.224,14223,0,31,3647.101336,170.152637,197.007626,4072.651388637594,3083.2751120815724,0,0,0
144.234,14224,0,31,3649.362235,170.152637,197.171844,4075.504111872621,3085.349819895937,0,0,0
144.244,14225,0,31,3651.973353,170.077274,197.32925999999998,4078.356835107647,3087.4245276325,0,0,0
144.254,14226,0,31,3654.544572,170.077274,197.47711999999999,4080.9502198950527,3089.499235446864,0,0,0
144.264,14227,0,31,3657.115791,170.077274,197.621695,4083.802943052277,3091.8332817088494,0,0,0
144.274,14228,0,31,3659.452054,170.077274,197.764837,4086.6556662095013,3093.9079895232135,0,0,0
144.284,14229,0,31,3661.868113,170.077274,197.90478399999998,4089.767727892148,3095.9826972597766,0,0,0
144.294,14230,0,31,3664.284172,170.077274,198.046148,4092.879789574794,3098.576082047183,0,0,0
144.304,14231,0,31,3666.855391,170.077274,198.191398,4095.73251280982,3100.6507897837455,0,0,0
144.314,14232,0,31,3669.386712,170.077274,198.343821,4098.844574492466,3102.7254975981105,0,0,0
144.324,14233,0,31,3671.452554,170.077274,198.50528699999998,4101.956636175112,3105.318882307715,0,0,0
144.334,14234,0,31,3674.103569,170.077274,198.671879,4104.809359410138,3107.3935901220793,0,0,0
144.344,14235,0,31,3676.714686,170.077274,198.846016,4107.921421092784,3109.468297936444,0,0,0
144.354,14236,0,31,3679.361269,170.077274,199.026781,4111.0334827754305,3111.5430056730065,0,0,0
144.364,14237,0,31,3681.857124,170.077274,199.21435599999998,4114.145544458076,3113.6177134873715,0,0,0
144.374,14238,0,31,3684.623401,170.077274,199.404294,4117.516944588342,3115.951759749356,0,0,0
144.384,14239,0,31,3687.309882,170.077274,199.595958,4120.629006270989,3118.0264675637204,0,0,0
144.394,14240,0,31,3689.805738,170.077274,199.78744899999998,4123.741067953634,3120.3605138257053,0,0,0
144.404,14241,0,31,3692.647378,170.077274,199.97529799999998,4126.853129636281,3122.435221562268,0,0,0
144.414,14242,0,31,3695.103336,169.997478,200.151628,4129.965191318926,3124.7692678242524,0,0,0
144.424,14243,0,31,3697.754351,169.997478,200.319415,4133.077253001572,3126.843975638617,0,0,0
144.434,14244,0,31,3700.595992,169.922114,200.481212,4136.1893146842185,3129.178021900602,0,0,0
144.444,14245,0,31,3703.167211,169.922114,200.639007,4139.042037919245,3131.5120681625863,0,0,0
144.454,14246,0,31,3705.623168,169.922114,200.796187,4141.894761154271,3133.586775976951,0,0,0
144.464,14247,0,31,3708.274184,169.922114,200.961291,4145.006822836916,3135.661483713514,0,0,0
144.474,14248,0,31,3710.610446,169.922114,201.21356899999998,4148.118884519563,3137.7361915278784,0,0,0
144.484,14249,0,31,3713.106302,169.922114,201.379281,4151.2309462022085,3139.810899342243,0,0,0
144.494,14250,0,31,3715.712986,169.922114,201.548497,4154.083669437235,3141.885607078806,0,0,0
144.504,14251,0,31,3717.973886,169.922114,201.722717,4156.936392594459,3143.96031489317,0,0,0
144.514,14252,0,31,3720.469742,169.922114,201.898853,4160.0484542771055,3146.035022707535,0,0,0
144.524,14253,0,31,3722.726208,169.922114,202.076889,4162.90117743433,3148.109730444098,0,0,0
144.534,14254,0,31,3725.182165,169.922114,202.250869,4165.494562221736,3149.9250998108423,0,0,0
144.544,14255,0,31,3727.248007,169.922114,202.421651,4168.347285456762,3151.740469099786,0,0,0
144.554,14256,0,31,3729.584270,169.922114,202.589134,4170.9406701663665,3153.81517691415,0,0,0
144.564,14257,0,31,3731.690010,169.922114,202.75980199999998,4174.052731849013,3155.630546203093,0,0,0
144.574,14258,0,31,3734.145967,169.922114,202.93454699999998,4176.646116558617,3157.445915492036,0,0,0
144.584,14259,0,31,3736.366968,169.922114,203.110258,4179.498839793643,3159.2612848587805,0,0,0
144.594,14260,0,31,3738.508173,169.842318,203.284394,4182.351563028669,3161.0766541477233,0,0,0
144.604,14261,0,31,3740.844436,169.842318,203.452653,4184.944947738274,3163.1513619620882,0,0,0
144.614,14262,0,31,3742.990074,169.842318,203.620149,4188.31634786854,3164.9667312510314,0,0,0
144.624,14263,0,31,3745.250974,169.802420,203.785206,4190.909732655946,3166.7821005399746,0,0,0
144.634,14264,0,31,3747.432077,169.802420,203.94304599999998,4193.762455890972,3168.856808354339,0,0,0
144.644,14265,0,31,3749.768339,169.802420,204.08962499999998,4196.355840522775,3170.672177643282,0,0,0
144.654,14266,0,31,3752.104602,169.802420,204.22500599999998,4199.208563757801,3172.4875470100264,0,0,0
144.664,14267,0,31,3753.975386,169.802420,204.34625799999998,4201.801948545208,3174.562254746589,0,0,0
144.674,14268,0,31,3756.586503,169.802420,204.45469599999998,4204.395333254812,3176.636962560954,0,0,0
144.684,14269,0,31,3758.927199,169.802420,204.554815,4206.9887179644165,3178.7116703753186,0,0,0
144.694,14270,0,31,3761.183665,169.802420,204.645152,4209.582102751822,3180.7863781118817,0,0,0
144.704,14271,0,31,3763.444565,169.802420,204.72458899999998,4211.6568104883845,3182.861085926246,0,0,0
144.714,14272,0,31,3765.665566,169.802420,204.79342499999998,4214.250195275791,3184.9357937406103,0,0,0
144.724,14273,0,31,3768.001829,169.802420,204.86286299999998,4216.584241537776,3187.010501477174,0,0,0
144.734,14274,0,31,3770.342525,169.802420,204.93221499999999,4218.918287799761,3189.085209291538,0,0,0
144.744,14275,0,31,3772.523628,169.802420,205.006275,4221.2523340617445,3191.159917105903,0,0,0
144.754,14276,0,31,3774.354513,169.802420,205.07342,4223.58638032373,3193.2346248424656,0,0,0
144.764,14277,0,31,3776.965631,169.802420,205.139672,4226.179765033334,3195.3093326568305,0,0,0
144.774,14278,0,31,3779.226530,169.802420,205.20757,4228.773149742938,3197.384040471195,0,0,0
144.784,14279,0,31,3781.407633,169.802420,205.273949,4231.366534530344,3199.977425180799,0,0,0
144.794,14280,0,31,3783.628634,169.802420,205.33172499999998,4233.959919239949,3202.0521329951634,0,0,0
144.804,14281,0,31,3787.135245,169.802420,205.385956,4236.034627054314,3204.126840731727,0,0,0
144.814,14282,0,31,3789.511406,169.802420,205.441963,4238.628011763918,3206.460887071513,0,0,0
144.824,14283,0,31,3791.732408,169.802420,205.49436799999998,4241.221396473523,3208.7949332556964,0,0,0
144.834,14284,0,31,3793.483496,169.802420,205.537408,4243.296104287887,3210.8696410700604,0,0,0
144.844,14285,0,31,3795.784294,169.802420,205.57084999999998,4245.889488997492,3213.203687332045,0,0,0
144.854,14286,0,31,3797.965397,169.802420,205.594338,4248.223535259476,3215.5377335940298,0,0,0
144.864,14287,0,31,3800.226297,169.802420,205.60897,4250.557581521461,3217.6124414083943,0,0,0
144.874,14288,0,31,3802.332037,169.802420,205.61825399999998,4252.891627783445,3219.9464876703787,0,0,0
144.884,14289,0,31,3804.708198,169.802420,205.624848,4255.2256740454295,3222.2805339323636,0,0,0
144.894,14290,0,31,3807.124257,169.802420,205.628684,4257.3003818597945,3224.614580194348,0,0,0
144.904,14291,0,31,3809.615679,169.802420,205.627671,4259.893766569399,3226.9486264563325,0,0,0
144.914,14292,0,31,3811.916477,169.802420,205.629415,4261.968474383763,3229.5420111659373,0,0,0
144.924,14293,0,31,3814.368002,169.802420,205.639027,4264.561859093368,3232.1353958755412,0,0,0
144.934,14294,0,31,3816.823959,169.802420,205.651839,4266.636566907733,3234.210103689906,0,0,0
144.944,14295,0,31,3819.279917,169.802420,205.66269699999998,4269.229951617337,3236.8034883995106,0,0,0
144.954,14296,0,31,3821.616179,169.802420,205.674861,4271.823336404743,3239.3968731869168,0,0,0
144.964,14297,0,31,3823.721919,169.802420,205.685306,4274.157382666727,3241.4715809234795,0,0,0
144.974,14298,0,31,3826.137978,169.802420,205.694413,4276.491428928712,3244.0649657108856,0,0,0
144.984,14299,0,31,3828.514140,169.802420,205.69869,4279.0848136383165,3246.139673447449,0,0,0
144.994,14300,0,31,3831.005562,169.802420,205.699004,4281.418859900301,3248.7330582348545,0,0,0
145.004,14301,0,31,3832.996040,169.802420,205.700404,4284.012244609906,3250.8077659714177,0,0,0
145.014,14302,0,31,3835.372201,169.802420,205.69815699999998,4286.34629087189,3253.401150758824,0,0,0
145.024,14303,0,31,3837.473508,169.802420,205.698277,4288.680337133875,3255.475858495387,0,0,0
145.034,14304,0,31,3840.084625,169.802420,205.69789,4291.014383395859,3257.809904757372,0,0,0
145.044,14305,0,31,3842.190365,169.802420,205.69365399999998,4293.348429657844,3260.143951019356,0,0,0
145.054,14306,0,31,3844.761584,169.802420,205.685158,4295.682475919828,3262.7373358067616,0,0,0
145.064,14307,0,31,3847.253007,169.802420,205.67154599999998,4297.757183734193,3265.071381990945,0,0,0
145.074,14308,0,31,3849.669066,169.802420,205.652605,4300.091229996177,3267.664766778351,0,0,0
145.084,14309,0,31,3851.774806,169.802420,205.610021,4302.425276258162,3269.998813040336,0,0,0
145.094,14310,0,31,3854.425821,169.802420,205.577713,4304.759322520146,3272.3328593023202,0,0,0
145.104,14311,0,31,3856.722186,169.802420,205.548477,4306.834030334511,3274.6669055643047,0,0,0
145.114,14312,0,31,3859.098347,169.802420,205.52701499999998,4309.168076596496,3277.260290273909,0,0,0
145.124,14313,0,31,3861.439043,169.802420,205.510741,4311.50212285848,3279.334998088274,0,0,0
145.134,14314,0,31,3863.580248,169.802420,205.500848,4313.836169120465,3281.669044350258,0,0,0
145.144,14315,0,31,3865.841147,169.802420,205.497291,4315.910876857028,3284.0030906122424,0,0,0
145.154,14316,0,31,3868.217308,169.802420,205.503861,4318.244923196814,3286.0777984266074,0,0,0
145.164,14317,0,31,3870.438309,169.802420,205.51673,4320.578969380997,3288.15250616317,0,0,0
145.174,14318,0,31,3872.774572,169.802420,205.532625,4322.6536771953615,3290.2272139775355,0,0,0
145.184,14319,0,31,3874.880312,169.802420,205.543343,4324.987723457346,3292.8205986871394,0,0,0
145.194,14320,0,31,3877.101313,169.802420,205.552328,4327.32176971933,3294.635968053884,0,0,0
145.204,14321,0,31,3879.397678,169.802420,205.56386899999998,4329.396477533695,3296.710675790447,0,0,0
145.214,14322,0,31,3881.153200,169.802420,205.580455,4331.989862243299,3299.0447220524316,0,0,0
145.224,14323,0,31,3883.489463,169.802420,205.59729099999998,4334.064570057664,3301.119429866796,0,0,0
145.234,14324,0,31,3885.475508,169.802420,205.6178,4336.139277794227,3303.1941376811606,0,0,0
145.244,14325,0,31,3887.696509,169.802420,205.63948599999998,4338.473324134013,3305.2688454177232,0,0,0
145.254,14326,0,31,3889.997307,169.802420,205.664897,4340.548031870576,3307.3435532320887,0,0,0
145.264,14327,0,31,3892.258206,169.802420,205.69116699999998,4343.1414166579825,3309.6775994940726,0,0,0
145.274,14328,0,31,3894.324048,169.802420,205.725678,4345.216124394546,3311.752307230636,0,0,0
145.284,14329,0,31,3896.310093,169.802420,205.75950799999998,4347.55017065653,3313.8270151228016,0,0,0
145.294,14330,0,31,3898.761617,169.802420,205.786867,4349.624878470894,3315.9017228593643,0,0,0
145.304,14331,0,31,3900.557038,169.802420,205.80538199999998,4351.958924655078,3317.976430595928,0,0,0
145.314,14332,0,31,3902.853402,169.802420,205.819574,4354.292970994863,3320.051138488094,0,0,0
145.324,14333,0,31,3904.999040,169.802420,205.831683,4356.367678731426,3322.125846224657,0,0,0
145.334,14334,0,31,3907.255506,169.802420,205.84366,4358.961063518833,3324.719231012063,0,0,0
145.344,14335,0,31,3909.596202,169.802420,205.85326899999998,4361.035771255395,3326.793938748626,0,0,0
145.354,14336,0,31,3911.777305,169.802420,205.85690599999998,4363.369817595182,3328.868646485189,0,0,0
145.364,14337,0,31,3914.078103,169.802420,205.85319099999998,4365.703863779365,3331.462031272595,0,0,0
145.374,14338,0,31,3916.259206,169.802420,205.85396,4368.037910119151,3333.536739009158,0,0,0
145.384,14339,0,31,3918.790527,169.802420,205.85994399999998,4370.631294750954,3336.130123796564,0,0,0
145.394,14340,0,31,3921.126790,169.802420,205.870772,4372.9653410907395,3338.4641700585485,0,0,0
145.404,14341,0,31,3923.427588,169.802420,205.88220199999998,4375.299387274923,3340.798216320533,0,0,0
145.414,14342,0,31,3925.883545,169.802420,205.893112,4377.633433614708,3343.3916011079396,0,0,0
145.424,14343,0,31,3928.570026,169.802420,205.896963,4380.226818324313,3345.984985739742,0,0,0
145.434,14344,0,31,3931.101347,169.802420,205.89587799999998,4382.820203033918,3348.3190320795284,0,0,0
145.444,14345,0,31,3933.362246,169.802420,205.89805199999998,4385.154249373704,3350.6530782637114,0,0,0
145.454,14346,0,31,3935.973363,169.802420,205.90448999999998,4387.747634005507,3353.2464630511176,0,0,0
145.464,14347,0,31,3938.504684,169.802420,205.907527,4390.081680345293,3355.8398478385234,0,0,0
145.474,14348,0,31,3940.920744,169.802420,205.908039,4392.6750650548975,3358.4332324703264,0,0,0
145.484,14349,0,31,3943.261439,169.802420,205.907118,4395.268449764501,3360.7672788101127,0,0,0
145.494,14350,0,31,3945.673066,169.802420,205.901199,4397.343157578866,3363.620002045139,0,0,0
145.504,14351,0,31,3948.284183,169.802420,205.889768,4399.936542288471,3366.2133866769414,0,0,0
145.514,14352,0,31,3950.895300,169.802420,205.87572999999998,4402.529927075878,3368.8067714643475,0,0,0
145.524,14353,0,31,3953.076403,169.802420,205.857917,4405.382650233101,3371.4001562517537,0,0,0
145.534,14354,0,31,3955.492463,169.802420,205.843066,4407.976035020508,3373.9935408835568,0,0,0
145.544,14355,0,31,3957.948420,169.802420,205.833026,4410.569419730112,3376.5869256709625,0,0,0
145.554,14356,0,31,3960.634901,169.802420,205.82816699999998,4413.162804439717,3379.1803104583687,0,0,0
145.564,14357,0,31,3963.325814,169.802420,205.827318,4415.756189227122,3381.7736950901717,0,0,0
145.574,14358,0,31,3966.012295,169.802420,205.824391,4418.608912384348,3384.626418325198,0,0,0
145.584,14359,0,31,3968.898267,169.802420,205.821675,4421.202297171753,3387.997818533265,0,0,0
145.594,14360,0,31,3971.899500,169.802420,205.82057799999998,4424.055020328978,3391.1098802159117,0,0,0
145.604,14361,0,31,3974.741140,169.802420,205.817959,4426.648405116384,3393.7032649255157,0,0,0
145.614,14362,0,31,3977.627112,169.802420,205.81142499999999,4429.5011283514095,3396.8153266081617,0,0,0
145.624,14363,0,31,3980.198331,169.802420,205.801617,4432.353851508635,3399.4087113177666,0,0,0
145.634,14364,0,31,3982.844914,169.802420,205.790912,4434.94723621824,3402.0020961051728,0,0,0
145.644,14365,0,31,3985.766350,169.802420,205.777776,4437.799959453265,3404.854819262397,0,0,0
145.654,14366,0,31,3988.532627,169.802420,205.760834,4440.652682688291,3407.7075424974228,0,0,0
145.664,14367,0,31,3991.108280,169.802420,205.738665,4443.246067397896,3410.8196041800693,0,0,0
145.674,14368,0,31,3993.639600,169.802420,205.71837299999999,4446.358129080542,3413.672327337294,0,0,0
145.684,14369,0,31,3996.676299,169.802420,205.692174,4448.951513790146,3416.5250505723197,0,0,0
145.694,14370,0,31,3999.522372,169.802420,205.67193899999998,4451.544898577552,3419.6371122549663,0,0,0
145.704,14371,0,31,4002.563504,169.802420,205.654114,4454.6569602601985,3422.2304970423716,0,0,0
145.714,14372,0,31,4005.365246,169.802420,205.63808799999998,4457.250344969803,3425.342558725018,0,0,0
145.724,14373,0,31,4009.887045,169.802420,205.625418,4460.362406652449,3428.454620407664,0,0,0
145.734,14374,0,31,4013.083336,169.802420,205.608803,4463.4744683350955,3431.0480051172685,0,0,0
145.744,14375,0,31,4016.080136,169.802420,205.58976299999998,4466.586530017741,3434.1600667999146,0,0,0
145.754,14376,0,31,4019.431587,169.802420,205.568882,4469.439253252767,3437.2721284825607,0,0,0
145.764,14377,0,31,4022.512617,169.802420,205.546858,4472.291976409992,3440.6435286128267,0,0,0
145.774,14378,0,31,4025.434054,169.922114,205.520568,4475.404038092637,3444.014928820894,0,0,0
145.784,14379,0,31,4028.785505,169.997478,205.494519,4478.516099775284,3447.1269905035406,0,0,0
145.794,14380,0,31,4032.057160,170.077274,205.46785599999998,4481.36882301031,3450.239052186186,0,0,0
145.804,14381,0,31,4035.173654,170.077274,205.436525,4484.480884692956,3453.3511138688323,0,0,0
145.814,14382,0,31,4037.744873,170.152637,205.407737,4487.592946375602,3456.4631755514783,0,0,0
145.824,14383,0,31,4041.096325,170.152637,205.38486,4490.705008058248,3459.5752372341244,0,0,0
145.834,14384,0,31,4044.172921,170.152637,205.371081,4493.557731293274,3462.687298916771,0,0,0
145.844,14385,0,31,4047.253951,170.152637,205.361009,4496.66979297592,3466.0586990470365,0,0,0
145.854,14386,0,31,4050.565504,170.152637,205.35786299999998,4500.041193106186,3469.170760729683,0,0,0
145.864,14387,0,31,4053.447042,170.152637,205.36969399999998,4503.153254788833,3472.282822412328,0,0,0
145.874,14388,0,31,4056.488174,170.152637,205.39453699999999,4506.005978023858,3475.135545647355,0,0,0
145.884,14389,0,31,4059.484974,170.152637,205.418485,4509.1180397065045,3478.247607330001,0,0,0
145.894,14390,0,31,4062.526105,170.152637,205.44220099999998,4512.23010138915,3481.1003304872256,0,0,0
145.904,14391,0,31,4065.332281,170.152637,205.46309499999998,4515.601501519416,3484.2123921698717,0,0,0
145.914,14392,0,31,4068.253717,170.192536,205.48476499999998,4518.713563202063,3487.3244538525173,0,0,0
145.924,14393,0,31,4071.720430,170.192536,205.504677,4521.566286437088,3490.1771770875434,0,0,0
145.934,14394,0,31,4074.916721,170.192536,205.530646,4524.937686567354,3493.2892387701895,0,0,0
145.944,14395,0,31,4077.643100,170.192536,205.565091,4528.04974825,3496.4013004528356,0,0,0
145.954,14396,0,31,4081.069915,170.192536,205.604765,4531.161809932647,3499.2540236878617,0,0,0
145.964,14397,0,31,4084.190842,170.192536,205.64444999999998,4534.533210062913,3502.366085370508,0,0,0
145.974,14398,0,31,4087.072381,170.192536,205.68227,4537.645271745559,3505.218808527732,0,0,0
145.984,14399,0,31,4090.694253,170.192536,205.72866299999998,4540.757333428205,3508.0715317627587,0,0,0
145.994,14400,0,31,4093.425065,170.192536,205.789866,4544.388072083892,3511.183593445404,0,0,0
146.004,14401,0,31,4096.581458,170.192536,205.861749,4547.500133766539,3513.7769781550087,0,0,0
146.014,14402,0,31,4099.697953,170.192536,205.936917,4550.612195449184,3516.889039837655,0,0,0
146.024,14403,0,31,4102.229274,170.192536,206.02210699999998,4553.72425713183,3520.0011015203013,0,0,0
146.034,14404,0,31,4105.580725,170.192536,206.10466599999998,4557.3549957875175,3522.594486307707,0,0,0
146.044,14405,0,31,4108.617423,170.192536,206.188045,4560.467057470164,3525.706547990353,0,0,0
146.054,14406,0,31,4111.733918,170.192536,206.265905,4563.83845760043,3528.299932699957,0,0,0
146.064,14407,0,31,4114.309571,170.192536,206.340749,4567.209857730696,3531.1526559349836,0,0,0
146.074,14408,0,31,4117.270906,170.192536,206.42110399999999,4570.581257860962,3534.0053790922084,0,0,0
146.084,14409,0,31,4120.037183,170.192536,206.50587299999998,4573.693319543609,3537.1174407748545,0,0,0
146.094,14410,0,31,4123.153677,170.192536,206.587929,4577.0647197516755,3539.97016400988,0,0,0
146.104,14411,0,31,4126.345536,170.192536,206.66048899999998,4580.176781434322,3542.8228872449063,0,0,0
146.114,14412,0,31,4129.501929,170.192536,206.724841,4583.288843116968,3545.9349489275523,0,0,0
146.124,14413,0,31,4132.423365,170.192536,206.791488,4586.6602433250355,3548.7876720847767,0,0,0
146.134,14414,0,31,4135.579758,170.192536,206.855177,4589.772305007682,3551.3810568721833,0,0,0
146.144,14415,0,31,4138.505628,170.192536,206.919008,4593.143705137948,3554.493118554829,0,0,0
146.154,14416,0,31,4141.622123,170.192536,206.987632,4596.515105268214,3557.0865032644333,0,0,0
146.164,14417,0,31,4144.618923,170.192536,207.067342,4599.62716695086,3559.9392264994594,0,0,0
146.174,14418,0,31,4147.349735,170.192536,207.152955,4602.739228633505,3562.5326112090647,0,0,0
146.184,14419,0,31,4150.311070,170.192536,207.236877,4606.110628763772,3565.38533444409,0,0,0
146.194,14420,0,31,4153.112813,170.192536,207.31983499999998,4609.482028894038,3568.2380576013147,0,0,0
146.204,14421,0,31,4156.074148,170.192536,207.41331699999998,4612.594090576684,3571.0907808363404,0,0,0
146.214,14422,0,31,4158.920221,170.192536,207.513073,4615.965490784752,3573.9435040713665,0,0,0
146.224,14423,0,31,4162.116512,170.192536,207.603218,4619.077552467398,3577.055565754013,0,0,0
146.234,14424,0,31,4165.308370,170.192536,207.685352,4622.448952675465,3579.648950463618,0,0,0
146.244,14425,0,31,4168.544560,170.192536,207.766822,4626.0796912533515,3582.761012146263,0,0,0
146.254,14426,0,31,4171.856113,170.192536,207.8499,4629.191752935997,3585.613735303488,0,0,0
146.264,14427,0,31,4174.467230,170.192536,207.929568,4632.563153066263,3588.466458538514,0,0,0
146.274,14428,0,31,4177.698986,170.192536,207.999978,4635.934553196529,3591.5785202211596,0,0,0
146.284,14429,0,31,4181.245495,170.192536,208.067277,4639.305953404597,3594.690581903806,0,0,0
146.294,14430,0,31,4184.401889,170.192536,208.168064,4642.677353612665,3597.5433051388322,0,0,0
146.304,14431,0,31,4187.443020,170.427492,208.237529,4646.048753742931,3600.3960283738584,0,0,0
146.314,14432,0,31,4190.634878,170.427492,208.312218,4649.420153873197,3603.5080900565044,0,0,0
146.324,14433,0,31,4193.715908,170.427492,208.387219,4652.532215555842,3606.36081329153,0,0,0
146.334,14434,0,31,4196.752606,170.467390,208.46567499999998,4655.644277238489,3609.213536448755,0,0,0
146.344,14435,0,31,4199.833636,170.467390,208.549059,4658.756338921135,3612.325598131401,0,0,0
146.354,14436,0,31,4202.560015,170.467390,208.63162,4662.127739051401,3614.9189828410053,0,0,0
146.364,14437,0,31,4205.441553,170.467390,208.707303,4665.499139181667,3617.7717060760315,0,0,0
146.374,14438,0,31,4208.522583,170.467390,208.777787,4668.870539389734,3620.6244293110576,0,0,0
146.384,14439,0,31,4211.639078,170.467390,208.837819,4671.98260107238,3623.7364909937032,0,0,0
146.394,14440,0,31,4214.480718,170.467390,208.886273,4675.613339728068,3626.8485526763493,0,0,0
146.404,14441,0,31,4217.561748,170.467390,208.926348,4678.725401410714,3629.701275911376,0,0,0
146.414,14442,0,31,4220.523083,170.467390,208.962966,4681.57812464574,3632.813337594022,0,0,0
146.424,14443,0,31,4223.559781,170.467390,208.991398,4684.690186328386,3635.4067222258245,0,0,0
146.434,14444,0,31,4226.365957,170.467390,209.01222199999998,4687.542909485611,3638.5187839084706,0,0,0
146.444,14445,0,31,4229.442553,170.467390,209.033523,4690.654971168257,3641.3715071434967,0,0,0
146.454,14446,0,31,4232.443787,170.467390,209.05485199999998,4693.507694403283,3644.2242303785233,0,0,0
146.464,14447,0,31,4235.405122,170.467390,209.066923,4696.360417560507,3647.076953613549,0,0,0
146.474,14448,0,31,4238.286660,170.467390,209.07279699999998,4699.472479243153,3649.929676848575,0,0,0
146.484,14449,0,31,4240.977574,170.467390,209.07431599999998,4702.32520247818,3653.041738531221,0,0,0
146.494,14450,0,31,4243.743851,170.502855,209.06990499999998,4704.918587265585,3655.6351231630238,0,0,0
146.504,14451,0,31,4246.860346,170.502855,209.053881,4707.7713104228105,3658.74718484567,0,0,0
146.514,14452,0,31,4249.897044,170.502855,209.02689099999998,4710.364695132414,3661.3405696330765,0,0,0
146.524,14453,0,31,4252.277638,170.502855,208.996342,4713.47675681506,3664.452631315722,0,0,0
146.534,14454,0,31,4255.469497,170.502855,208.966206,4716.070141602467,3667.564692998368,0,0,0
146.544,14455,0,31,4258.470730,170.502855,208.931725,4719.182203285112,3670.6767546810142,0,0,0
146.554,14456,0,31,4261.352268,170.502855,208.894826,4722.034926442337,3673.7888163636603,0,0,0
146.564,14457,0,31,4264.353502,170.502855,208.86502099999998,4724.887649677364,3676.9008780463064,0,0,0
146.574,14458,0,31,4267.159677,170.502855,208.842804,4727.999711360009,3679.753601281332,0,0,0
146.584,14459,0,31,4270.276172,170.502855,208.817634,4730.593096069613,3682.8656629639786,0,0,0
146.594,14460,0,31,4272.807493,170.502855,208.788578,4733.70515775226,3685.7183861990047,0,0,0
146.604,14461,0,31,4275.653566,170.502855,208.75804599999998,4736.298542539666,3688.830447881651,0,0,0
146.614,14462,0,31,4278.344480,170.502855,208.728096,4739.410604222312,3691.9425095642964,0,0,0
146.624,14463,0,31,4281.421076,170.502855,208.69484799999998,4742.522665904958,3695.0545712469425,0,0,0
146.634,14464,0,31,4286.098035,170.502855,208.665516,4745.375389062182,3698.1666329295886,0,0,0
146.644,14465,0,31,4289.214530,170.502855,208.648025,4748.4874507448285,3701.2786946122346,0,0,0
146.654,14466,0,31,4292.486185,170.502855,208.636189,4751.340173979855,3704.3907562948807,0,0,0
146.664,14467,0,31,4295.642578,170.502855,208.614499,4754.4522356625,3707.5028179775272,0,0,0
146.674,14468,0,31,4298.524116,170.502855,208.58433599999998,4757.564297345147,3710.614879660173,0,0,0
146.684,14469,0,31,4301.485451,170.502855,208.556566,4760.417020502371,3713.726941342819,0,0,0
146.694,14470,0,31,4304.721641,170.502855,208.53680599999998,4763.269743737397,3716.839003025465,0,0,0
146.704,14471,0,31,4307.798237,170.502855,208.522214,4766.381805420043,3719.951064708111,0,0,0
146.714,14472,0,31,4310.369457,170.502855,208.50559099999998,4769.493867102689,3723.322464838377,0,0,0
146.724,14473,0,31,4313.565748,170.502855,208.48859399999998,4772.605928785336,3726.434526521023,0,0,0
146.734,14474,0,31,4316.527083,170.502855,208.46677499999998,4775.7179904679815,3729.5465882036688,0,0,0
146.744,14475,0,31,4319.563781,170.502855,208.441151,4778.311375255387,3732.6586498863157,0,0,0
146.754,14476,0,31,4322.680276,170.502855,208.410353,4781.423436938034,3735.7707115689614,0,0,0
146.764,14477,0,31,4325.526350,170.502855,208.37920799999998,4784.535498620679,3738.8827732516074,0,0,0
146.774,14478,0,31,4328.798004,170.502855,208.34752,4787.128883330284,3741.9948349342535,0,0,0
146.784,14479,0,31,4332.109557,170.502855,208.312477,4790.24094501293,3745.1068966168996,0,0,0
146.794,14480,0,31,4334.680776,170.502855,208.28116,4793.353006695576,3747.9596198519253,0,0,0
146.804,14481,0,31,4338.577503,170.502855,208.252836,4796.724406825842,3751.3310199821913,0,0,0
146.814,14482,0,31,4341.538838,170.502855,208.229873,4799.836468508488,3754.7024201124573,0,0,0
146.824,14483,0,31,4344.814926,170.502855,208.20727,4802.9485301911345,3757.8144817951033,0,0,0
146.834,14484,0,31,4347.931420,170.502855,208.185588,4805.80125342616,3760.92654347775,0,0,0
146.844,14485,0,31,4351.593191,170.502855,208.16363199999998,4808.913315108806,3764.038605160396,0,0,0
146.854,14486,0,31,4354.439264,170.502855,208.144272,4812.025376791452,3767.410005290662,0,0,0
146.864,14487,0,31,4357.591224,170.502855,208.12899299999998,4815.137438474098,3770.522066973308,0,0,0
146.874,14488,0,31,4360.867312,170.502855,208.107815,4818.249500156745,3773.893467103574,0,0,0
146.884,14489,0,31,4364.099068,170.502855,208.07633299999998,4821.361561839391,3777.2648673116414,0,0,0
146.894,14490,0,31,4366.905244,170.502855,208.037564,4824.473623522037,3780.376928994288,0,0,0
146.904,14491,0,31,4370.101535,170.502855,207.95658999999998,4827.585685204683,3783.488990676933,0,0,0
146.914,14492,0,31,4373.218030,170.502855,207.89163599999998,4830.1790699142875,3786.860390885001,0,0,0
146.924,14493,0,31,4376.219263,170.502855,207.827586,4833.291131596933,3789.972452567647,0,0,0
146.934,14494,0,31,4379.295860,170.502855,207.77024999999998,4836.143854831959,3793.343852697913,0,0,0
146.944,14495,0,31,4381.982340,170.502855,207.71139,4838.996578066985,3796.455914380559,0,0,0
146.954,14496,0,31,4385.063370,170.502855,207.648462,4842.627316644872,3799.5679760632056,0,0,0
146.964,14497,0,31,4388.295126,170.502855,207.58918899999998,4845.480039879898,3802.9393761934716,0,0,0
146.974,14498,0,31,4391.491418,170.502855,207.52558499999998,4848.332763114924,3806.3107763237376,0,0,0
146.984,14499,0,31,4394.297593,170.817608,207.45389699999998,4851.44482479757,3809.4228380063837,0,0,0
146.994,14500,0,31,4397.414088,170.972768,207.381091,4854.297547954794,3812.5348996890293,0,0,0
147.004,14501,0,31,4400.450786,171.048131,207.31821399999998,4857.15027118982,3815.6469613716754,0,0,0
147.014,14502,0,31,4403.376656,171.207724,207.260325,4860.002994424846,3818.7590230543215,0,0,0
147.024,14503,0,31,4406.688209,171.362884,207.200006,4862.855717582071,3821.8710847369675,0,0,0
147.034,14504,0,31,4409.529849,171.597840,207.13158199999998,4865.449102369477,3824.9831464196136,0,0,0
147.044,14505,0,31,4412.415821,171.753000,207.05535999999998,4868.301825526702,3828.09520810226,0,0,0
147.054,14506,0,31,4415.182098,171.828363,206.97263099999998,4871.154548761728,3831.466608310327,0,0,0
147.064,14507,0,31,4418.373956,171.983523,206.88259299999999,4873.7479334713325,3834.5786699929736,0,0,0
147.074,14508,0,31,4420.985073,172.143116,206.79276099999998,4876.341318258738,3837.431393150198,0,0,0
147.084,14509,0,31,4423.946409,172.298275,206.71403999999998,4878.934702968342,3840.543454832844,0,0,0
147.094,14510,0,31,4426.987540,172.373639,206.63678299999998,4881.787426203368,3843.91485496311,0,0,0
147.104,14511,0,31,4429.948875,172.528799,206.555929,4884.380810912973,3847.026916645756,0,0,0
147.114,14512,0,31,4432.400399,172.688391,206.46513,4887.233534147999,3850.1389783284017,0,0,0
147.124,14513,0,31,4434.976052,172.843551,206.37345299999998,4889.826918857603,3853.2510400110477,0,0,0
147.134,14514,0,31,4437.857590,172.918915,206.27908399999998,4892.420303567209,3856.6224402191156,0,0,0
147.144,14515,0,31,4440.858824,173.078507,206.183709,4895.532365249855,3859.7345019017616,0,0,0
147.154,14516,0,31,4443.975318,173.153871,206.089959,4898.12575003726,3863.1059021098295,0,0,0
147.164,14517,0,31,4446.816959,173.309031,205.998256,4900.719134746864,3866.2179637924755,0,0,0
147.174,14518,0,31,4449.702930,173.504089,205.910191,4903.5718579040895,3869.3300254751216,0,0,0
147.184,14519,0,31,4453.014483,173.583885,205.826971,4906.424581139116,3872.4420871577677,0,0,0
147.194,14520,0,31,4455.975818,173.659248,205.737203,4909.017965926521,3875.5541488404133,0,0,0
147.204,14521,0,31,4458.662299,173.894205,205.637982,4911.611350636126,3878.6662105230594,0,0,0
147.214,14522,0,31,4461.313314,174.049364,205.529599,4914.20473534573,3881.7782722057054,0,0,0
147.224,14523,0,31,4464.194853,174.129161,205.42199399999998,4916.798120133137,3884.63099536293,0,0,0
147.234,14524,0,31,4467.001028,174.204524,205.32281799999998,4919.391504842742,3888.521072466238,0,0,0
147.244,14525,0,31,4469.807204,174.364117,205.218394,4921.466212657106,3890.855118728223,0,0,0
147.254,14526,0,31,4472.298626,174.439480,205.10420299999998,4923.800258841289,3894.74519583153,0,0,0
147.264,14527,0,31,4474.989540,174.594640,204.981799,4926.393643628695,3897.5979190665557,0,0,0
147.274,14528,0,31,4477.676020,174.674436,204.856088,4928.468351365258,3900.45064222378,0,0,0
147.284,14529,0,31,4480.442298,174.829596,204.72784399999998,4930.802397705044,3903.5627039064266,0,0,0
147.294,14530,0,31,4482.782993,174.829596,204.59757,4933.136443889227,3906.674765589072,0,0,0
147.304,14531,0,31,4485.744329,174.909393,204.470172,4935.470490229013,3909.2681503764784,0,0,0
147.314,14532,0,31,4488.550504,174.909393,204.34888099999998,4937.545197965576,3912.380212059125,0,0,0
147.324,14533,0,31,4491.276883,174.984756,204.239508,4940.138582752982,3914.9735967687293,0,0,0
147.334,14534,0,31,4493.963363,175.139916,204.13416099999998,4942.213290489545,3918.085658451375,0,0,0
147.344,14535,0,31,4496.494684,175.374872,204.03204599999998,4944.806675276951,3920.6790431609797,0,0,0
147.354,14536,0,31,4499.185598,175.649726,203.93534,4946.881383013514,3923.2724279483855,0,0,0
147.364,14537,0,31,4501.561759,175.920148,203.84215799999998,4949.47476780092,3926.3844896310316,0,0,0
147.374,14538,0,31,4504.367934,176.115206,203.74987,4951.549475537483,3928.9778743406364,0,0,0
147.384,14539,0,31,4506.939153,176.390060,203.66014099999998,4954.14286032489,3931.5712590502408,0,0,0
147.394,14540,0,31,4509.745328,176.620583,203.57602599999998,4956.476906509072,3934.423982285267,0,0,0
147.404,14541,0,31,4512.666765,176.775743,203.50116799999998,4958.8109528488585,3937.276705520293,0,0,0
147.414,14542,0,31,4515.198086,176.855540,203.43012399999998,4960.885660585422,3940.1294286775174,0,0,0
147.424,14543,0,31,4517.574247,176.935336,203.364208,4963.479045372827,3942.7228134649235,0,0,0
147.434,14544,0,31,4520.110001,176.935336,203.292125,4965.5537531093905,3945.3161981745275,0,0,0
147.444,14545,0,31,4522.641322,177.010699,203.213088,4968.147137896796,3947.9095828841328,0,0,0
147.454,14546,0,31,4525.017483,177.165859,203.13369699999998,4970.221845633359,3950.5029676715385,0,0,0
147.464,14547,0,31,4527.668499,177.245656,203.05152099999998,4972.296553447723,3953.0963523811433,0,0,0
147.474,14548,0,31,4530.120023,177.400815,202.967525,4974.889938157328,3956.208414063789,0,0,0
147.484,14549,0,31,4532.810937,177.555975,202.885235,4977.483322944735,3958.801798773394,0,0,0
147.494,14550,0,31,4535.147199,177.711135,202.808268,4979.817369128918,3961.3951835608,0,0,0
147.504,14551,0,31,4537.953375,177.870728,202.73120999999998,4982.151415468704,3964.507245243446,0,0,0
147.514,14552,0,31,4540.254172,178.025888,202.61133099999998,4984.744800178308,3967.10062995305,0,0,0
147.524,14553,0,31,4542.860857,178.181047,202.524642,4986.819507992673,3970.2126916356965,0,0,0
147.534,14554,0,31,4546.682220,178.336207,202.426381,4989.412892702277,3972.8060763453013,0,0,0
147.544,14555,0,31,4549.798715,178.571163,202.324679,4992.0062774118815,3975.918138027947,0,0,0
147.554,14556,0,31,4552.604890,178.806120,202.22616499999998,4994.080985226246,3978.770861262973,0,0,0
147.564,14557,0,31,4554.861357,178.996744,202.13296,4996.674369935851,3981.882922945619,0,0,0
147.574,14558,0,31,4557.747328,179.156337,202.040542,4999.267754723257,3984.735646180645,0,0,0
147.584,14559,0,31,4560.473707,179.311497,201.935408,5001.34246245982,3987.847707863291,0,0,0
147.594,14560,0,31,4563.164621,179.466657,201.82663,5003.935847247226,3990.7004310205157,0,0,0
147.604,14561,0,31,4566.201319,179.621817,201.718615,5006.52923195683,3993.8124927031618,0,0,0
147.614,14562,0,31,4569.122756,179.701613,201.606686,5009.122616666435,3996.9245543858083,0,0,0
147.624,14563,0,31,4571.658510,179.856773,201.485311,5011.1973244808,4000.0366160684534,0,0,0
147.634,14564,0,31,4574.500150,180.011933,201.353951,5013.790709190404,4003.1486777511004,0,0,0
147.644,14565,0,31,4577.386122,180.167092,201.21738499999998,5016.38409397781,4006.5200779591673,0,0,0
147.654,14566,0,31,4580.187864,180.402049,201.075175,5018.458801714373,4009.6321396418134,0,0,0
147.664,14567,0,31,4582.838880,180.637005,200.927295,5021.05218650178,4012.7442013244595,0,0,0
147.674,14568,0,31,4585.915476,180.947324,200.776253,5023.645571211383,4016.3749399023454,0,0,0
147.684,14569,0,31,4588.916710,181.257644,200.61740799999998,5026.238955920988,4019.7463401104133,0,0,0
147.694,14570,0,31,4591.722885,181.647760,200.44948599999998,5028.573002260774,4023.117740240679,0,0,0
147.704,14571,0,31,4594.254206,181.882716,200.278908,5031.166386892577,4026.2298019233253,0,0,0
147.714,14572,0,31,4596.670265,182.117672,200.109707,5033.500433232363,4029.6012020535914,0,0,0
147.724,14573,0,31,4599.941920,182.193036,199.939427,5036.093817941967,4032.7132637362374,0,0,0
147.734,14574,0,31,4603.098313,182.348195,199.76670199999998,5038.687202651573,4036.0846639443052,0,0,0
147.744,14575,0,31,4606.214807,182.662948,199.597544,5041.280587438979,4039.4560640745713,0,0,0
147.754,14576,0,31,4609.020983,182.893471,199.44239499999998,5043.873972148583,4042.8274642048373,0,0,0
147.764,14577,0,31,4612.177376,183.128427,199.286815,5046.208018410568,4046.458202860525,0,0,0
147.774,14578,0,31,4615.178609,183.438747,199.124449,5048.542064672552,4049.8296029907906,0,0,0
147.784,14579,0,31,4618.295104,183.673703,198.95436899999999,5051.135449382157,4053.2010031988584,0,0,0
147.794,14580,0,31,4620.946119,184.063819,198.78081699999998,5053.9881726171825,4056.3130648815045,0,0,0
147.804,14581,0,31,4624.062614,184.453935,198.609467,5056.581557404589,4059.9438034593904,0,0,0
147.814,14582,0,31,4627.179109,184.609095,198.443883,5059.174942036391,4063.3152035896564,0,0,0
147.824,14583,0,31,4630.295604,184.764255,198.280465,5061.768326823798,4066.686603797724,0,0,0
147.834,14584,0,31,4633.336735,184.919414,198.104682,5064.361711611204,4070.3173424534116,0,0,0
147.844,14585,0,31,4635.983318,185.154371,197.918907,5066.955096243008,4073.6887425836776,0,0,0
147.854,14586,0,31,4639.099813,185.234167,197.73009199999998,5069.289142582793,4077.0601427139436,0,0,0
147.864,14587,0,31,4642.296104,185.389327,197.53701199999998,5071.882527292398,4080.6908813696314,0,0,0
147.874,14588,0,31,4645.452497,185.544487,197.333645,5074.475912002002,4084.3216200253187,0,0,0
147.884,14589,0,31,4648.413832,185.934603,197.11951599999998,5077.069296789408,4087.6930201555847,0,0,0
147.894,14590,0,31,4651.650021,186.284820,196.902098,5079.403342973591,4091.5830972588924,0,0,0
147.904,14591,0,31,4654.686720,186.635038,196.68192399999998,5081.996727760997,4094.9544974669598,0,0,0
147.914,14592,0,31,4658.078069,186.945358,196.46209399999998,5084.590112548403,4098.585236044846,0,0,0
147.924,14593,0,31,4661.194564,187.180314,196.252332,5087.183497180206,4102.215974622732,0,0,0
147.934,14594,0,31,4664.155899,187.415270,196.047206,5089.776881967612,4105.846713356221,0,0,0
147.944,14595,0,31,4667.427554,187.415270,195.844056,5092.370266755019,4109.477451934107,0,0,0
147.954,14596,0,31,4670.468685,187.570430,195.65277999999998,5094.704312939201,4113.108190511994,0,0,0
147.964,14597,0,31,4673.895499,187.650226,195.471116,5097.297697726607,4116.738929245483,0,0,0
147.974,14598,0,31,4676.741573,187.725590,195.29004999999998,5099.891082436212,4120.110329375749,0,0,0
147.984,14599,0,31,4679.623111,187.880750,195.111101,5102.743805593436,4123.481729506015,0,0,0
147.994,14600,0,31,4682.779505,187.880750,194.94758399999998,5105.337190380843,4127.1124680839,0,0,0
148.004,14601,0,31,4685.740840,187.880750,194.788567,5107.930575168249,4130.224529766547,0,0,0
148.014,14602,0,31,4688.507117,187.880750,194.638007,5110.523959800051,4133.855268500036,0,0,0
148.024,14603,0,31,4691.858568,187.880750,194.496996,5113.376683035078,4136.9673301826815,0,0,0
148.034,14604,0,31,4694.584946,187.880750,194.370274,5115.970067822484,4140.598068760568,0,0,0
148.044,14605,0,31,4697.856601,187.880750,194.25812,5118.5634525320875,4143.7101304432135,0,0,0
148.054,14606,0,31,4700.742573,187.880750,194.15963499999998,5121.416175689313,4146.822192125859,0,0,0
148.064,14607,0,31,4703.468952,187.880750,194.068612,5124.268898924339,4149.934253808506,0,0,0
148.074,14608,0,31,4706.585446,187.880750,193.985298,5126.8622837117455,4152.5276385181105,0,0,0
148.084,14609,0,31,4709.741840,187.880750,193.90766,5129.45566842135,4156.417715621418,0,0,0
148.094,14610,0,31,4712.703175,187.880750,193.842231,5132.308391578574,4158.492423435782,0,0,0
148.104,14611,0,31,4715.429553,187.880750,193.78377799999998,5135.1611148136,4161.863823566048,0,0,0
148.114,14612,0,31,4718.275627,187.880750,193.728791,5137.7544996010065,4164.975885248695,0,0,0
148.124,14613,0,31,4721.157165,187.880750,193.655869,5140.607222836032,4168.08794693134,0,0,0
148.134,14614,0,31,4724.078602,187.880750,193.61034099999998,5143.459945993257,4171.978024034648,0,0,0
148.144,14615,0,31,4727.274894,187.880750,193.557728,5146.053330702862,4175.090085717294,0,0,0
148.154,14616,0,31,4729.651055,187.960546,193.498796,5148.906053937888,4177.6834705047,0,0,0
148.164,14617,0,31,4732.847346,187.960546,193.45337899999998,5151.499438725294,4180.795532187346,0,0,0
148.174,14618,0,31,4735.768783,187.960546,193.415171,5154.352161882518,4183.9075938699925,0,0,0
148.184,14619,0,31,4738.690220,187.960546,193.371284,5157.204885039742,4186.760317105019,0,0,0
148.194,14620,0,31,4741.225974,187.960546,193.332936,5159.798269827148,4189.872378787664,0,0,0
148.204,14621,0,31,4744.262672,187.960546,193.300692,5162.650993062174,4192.98444047031,0,0,0
148.214,14622,0,31,4747.224007,187.960546,193.277019,5165.503716297201,4195.837163627535,0,0,0
148.224,14623,0,31,4749.679964,187.960546,193.250215,5168.615777979847,4198.949225310181,0,0,0
148.234,14624,0,31,4752.406343,187.960546,193.218878,5171.209162611649,4201.801948467406,0,0,0
148.244,14625,0,31,4755.132722,187.960546,193.19553,5173.802547399056,4204.914010150052,0,0,0
148.254,14626,0,31,4758.018694,187.960546,193.17492399999998,5176.914609081702,4207.766733385078,0,0,0
148.264,14627,0,31,4760.900232,187.960546,193.14548499999998,5179.507993869108,4210.619456620104,0,0,0
148.274,14628,0,31,4763.941364,187.960546,193.120383,5182.360717026332,4213.7315183027495,0,0,0
148.284,14629,0,31,4766.667743,187.960546,193.102307,5185.213440183557,4216.324903090156,0,0,0
148.294,14630,0,31,4769.704441,187.960546,193.093401,5188.0661634185835,4219.436964772802,0,0,0
148.304,14631,0,31,4772.630311,187.960546,193.09371299999998,5190.918886653609,4221.771011034786,0,0,0
148.314,14632,0,31,4775.551748,187.960546,193.101543,5193.512271441015,4224.364395666589,0,0,0
148.324,14633,0,31,4778.238228,187.960546,193.114806,5196.624333123661,4226.957780453995,0,0,0
148.334,14634,0,31,4780.694186,187.960546,193.137979,5199.217717755464,4230.0698421366415,0,0,0
148.344,14635,0,31,4783.850579,187.880750,193.16582799999998,5202.07044099049,4233.441242344709,0,0,0
148.354,14636,0,31,4786.692219,187.960546,193.186254,5204.923164225516,4235.25661155585,0,0,0
148.364,14637,0,31,4789.618089,187.960546,193.20941599999998,5207.775887460542,4238.368673238497,0,0,0
148.374,14638,0,31,4792.189308,188.040342,193.244422,5210.887949143189,4240.962058025903,0,0,0
148.384,14639,0,31,4794.800426,188.040342,193.287702,5214.000010825834,4243.814781260929,0,0,0
148.394,14640,0,31,4797.992284,188.040342,193.330007,5217.11207250848,4247.445519916616,0,0,0
148.404,14641,0,31,4800.993517,188.040342,193.376113,5219.705457218085,4249.260889127758,0,0,0
148.414,14642,0,31,4803.604634,188.040342,193.43154199999998,5222.817518900731,4252.113612362784,0,0,0
148.424,14643,0,31,4806.370911,188.040342,193.496819,5225.929580583377,4254.70699715019,0,0,0
148.434,14644,0,31,4809.682464,188.040342,193.571833,5229.041642266024,4257.3003818597945,0,0,0
148.444,14645,0,31,4812.173887,188.040342,193.65658599999998,5232.153703948669,4259.893766569399,0,0,0
148.454,14646,0,31,4817.045904,188.040342,193.75216999999998,5235.265765631315,4262.487151356805,0,0,0
148.464,14647,0,31,4820.087035,188.115706,193.861574,5238.3778273139615,4265.339874591831,0,0,0
148.474,14648,0,31,4822.813414,188.195502,193.973528,5241.489888996608,4267.933259301435,0,0,0
148.484,14649,0,31,4825.814647,188.270866,194.089297,5244.861289204675,4270.26730556342,0,0,0
148.494,14650,0,31,4828.656288,188.270866,194.216997,5247.973350887321,4272.860690273024,0,0,0
148.504,14651,0,31,4831.502361,188.270866,194.36162099999999,5251.3447510175865,4275.454074982629,0,0,0
148.514,14652,0,31,4833.918420,188.270866,194.5179,5254.456812700233,4278.047459770035,0,0,0
148.524,14653,0,31,4836.955119,188.270866,194.679958,5257.828212830499,4280.64084447964,0,0,0
148.534,14654,0,31,4839.566236,188.270866,194.84656199999998,5260.940274513146,4282.715552294004,0,0,0
148.544,14655,0,31,4842.372411,188.270866,195.021558,5264.311674643411,4285.308937003609,0,0,0
148.554,14656,0,31,4845.218485,188.310764,195.214653,5267.683074773678,4287.383644817974,0,0,0
148.564,14657,0,31,4847.944864,188.310764,195.42481899999999,5271.0544749817445,4289.9770295275775,0,0,0
148.574,14658,0,31,4850.826402,188.310764,195.650987,5274.16653666439,4292.0517373419425,0,0,0
148.584,14659,0,31,4853.477418,188.310764,195.88788599999998,5277.797275320078,4294.126445078506,0,0,0
148.594,14660,0,31,4856.319058,188.310764,196.13575899999998,5280.909337002724,4296.20115289287,0,0,0
148.604,14661,0,31,4858.814914,188.310764,196.393271,5284.54007558061,4298.7945376024745,0,0,0
148.614,14662,0,31,4861.465929,188.310764,196.659528,5288.170814236298,4300.8692454168395,0,0,0
148.624,14663,0,31,4864.152410,188.310764,196.92583199999999,5291.542214366564,4302.684614783584,0,0,0
148.634,14664,0,31,4866.878789,188.310764,197.185675,5294.9136145746315,4304.759322520146,0,0,0
148.644,14665,0,31,4869.450008,188.310764,197.44562,5298.544353152517,4306.834030256709,0,0,0
148.654,14666,0,31,4871.830602,188.310764,197.70636199999998,5301.656414835164,4308.908738148875,0,0,0
148.664,14667,0,31,4874.517083,188.310764,197.971454,5305.287153490851,4310.983445885438,0,0,0
148.674,14668,0,31,4876.973040,188.270866,198.244417,5308.3992151734965,4313.058153622002,0,0,0
148.684,14669,0,31,4879.854579,188.350662,198.52216099999998,5312.029953829185,4314.873522988746,0,0,0
148.694,14670,0,31,4882.270638,188.390560,198.79648,5315.14201551183,4316.94823080311,0,0,0
148.704,14671,0,31,4885.231973,188.390560,199.067509,5318.772754089717,4319.022938539674,0,0,0
148.714,14672,0,31,4888.038148,188.390560,199.34009799999998,5322.403492745404,4321.097646354038,0,0,0
148.724,14673,0,31,4890.609367,188.390560,199.747456,5325.515554428051,4323.172354168403,0,0,0
148.734,14674,0,31,4893.180586,188.465924,200.013442,5328.8869545583175,4325.506400352587,0,0,0
148.744,14675,0,31,4895.986762,188.465924,200.26718499999998,5332.258354766384,4327.840446692371,0,0,0
148.754,14676,0,31,4898.518083,188.465924,200.51869,5335.88909334427,4329.915154428935,0,0,0
148.764,14677,0,31,4901.324258,188.465924,200.77741699999999,5339.519831999957,4331.989862243299,0,0,0
148.774,14678,0,31,4904.130433,188.545720,201.04311299999998,5343.150570655645,4334.064570057664,0,0,0
148.784,14679,0,31,4906.466696,188.816141,201.315215,5346.781309233531,4336.139277794227,0,0,0
148.794,14680,0,31,4909.467929,188.895938,201.597746,5350.41204788922,4338.213985608591,0,0,0
148.804,14681,0,31,4911.338713,188.895938,201.88403399999999,5354.0427865449055,4340.548031870577,0,0,0
148.814,14682,0,31,4914.220251,188.895938,202.161182,5357.673525122793,4342.882078132561,0,0,0
148.824,14683,0,31,4916.791470,188.895938,202.43052999999998,5361.30426377848,4344.956785946925,0,0,0
148.834,14684,0,31,4919.597646,188.971301,202.696193,5364.935002434168,4347.55017065653,0,0,0
148.844,14685,0,31,4922.598879,188.971301,202.95505699999998,5368.565741012054,4349.624878470894,0,0,0
148.854,14686,0,31,4925.595679,188.971301,203.20668899999998,5372.196479667741,4351.699586207457,0,0,0
148.864,14687,0,31,4928.557014,188.971301,203.46106699999999,5375.8272183234285,4354.033632469442,0,0,0
148.874,14688,0,31,4931.247928,188.971301,203.72274399999998,5378.939280006075,4356.367678731426,0,0,0
148.884,14689,0,31,4934.089568,188.971301,203.98504499999999,5382.570018583961,4358.442386545791,0,0,0
148.894,14690,0,31,4936.895744,188.935836,204.247647,5386.200757239648,4360.776432807776,0,0,0
148.904,14691,0,31,4939.506861,188.935836,204.514813,5389.831495895336,4362.851140544339,0,0,0
148.914,14692,0,31,4942.038182,188.935836,204.790824,5393.4622344732215,4364.925848436505,0,0,0
148.924,14693,0,31,4944.768994,188.935836,205.07089599999998,5396.83363468129,4367.778571593729,0,0,0
148.934,14694,0,31,4947.415576,188.935836,205.352801,5400.464373259176,4369.853279408094,0,0,0
148.944,14695,0,31,4950.026693,188.935836,205.63914799999998,5404.095111914863,4371.927987144657,0,0,0
148.954,14696,0,31,4952.792970,188.935836,205.933474,5407.466512045129,4374.002694959021,0,0,0
148.964,14697,0,31,4955.364189,188.935836,206.22838299999998,5411.097250700816,4376.077402773386,0,0,0
148.974,14698,0,31,4958.250161,188.935836,206.52032,5414.727989356504,4378.152110509948,0,0,0
148.984,14699,0,31,4961.131700,188.935836,206.81931999999998,5418.358727934391,4380.226818324313,0,0,0
148.994,14700,0,31,4963.467963,188.935836,207.130945,5422.248805037698,4382.301526138678,0,0,0
149.004,14701,0,31,4966.509094,188.935836,207.458071,5425.879543693385,4384.116895427621,0,0,0
149.014,14702,0,31,4969.275371,188.935836,207.801291,5429.250943823652,4385.9322647165645,0,0,0
149.024,14703,0,31,4972.001750,188.935836,208.15478099999999,5433.141021004761,4387.747634005507,0,0,0
149.034,14704,0,31,4974.652765,188.935836,208.514737,5436.512421135027,4389.563003372252,0,0,0
149.044,14705,0,31,4977.263883,188.935836,208.886123,5440.143159712913,4391.378372738996,0,0,0
149.054,14706,0,31,4979.795203,188.935836,209.266677,5443.7738983686,4392.934403580319,0,0,0
149.064,14707,0,31,4982.326524,188.935836,209.64950399999998,5447.404637024288,4394.490434421642,0,0,0
149.074,14708,0,31,4984.862278,188.935836,210.039681,5451.035375602174,4396.046465262965,0,0,0
149.084,14709,0,31,4987.238439,188.935836,210.43789099999998,5454.666114257861,4397.602496104289,0,0,0
149.094,14710,0,31,4989.339746,188.935836,210.841076,5457.778175940508,4399.158526945611,0,0,0
149.104,14711,0,31,4991.485384,188.935836,211.251151,5461.408914596195,4400.455219261513,0,0,0
149.114,14712,0,31,4994.016705,188.935836,211.665045,5464.780314726461,4401.751911577414,0,0,0
149.124,14713,0,31,4996.352968,188.935836,212.07774999999998,5468.151714856727,4403.307942418737,0,0,0
149.134,14714,0,31,4998.303548,188.935836,212.48604,5471.523115064795,4404.345296364821,0,0,0
149.144,14715,0,31,5000.209796,188.935836,212.893506,5474.894515195061,4405.6419887585225,0,0,0
149.154,14716,0,31,5002.395332,188.935836,213.301425,5478.265915325327,4406.938681152226,0,0,0
149.164,14717,0,31,5004.496639,188.935836,213.707057,5481.377977007972,4407.976034942706,0,0,0
149.174,14718,0,31,5006.757538,188.935836,214.10896599999998,5484.749377216041,4409.27272733641,0,0,0
149.184,14719,0,31,5008.783482,188.935836,214.50614299999998,5487.861438898687,4410.310081282492,0,0,0
149.194,14720,0,31,5011.044381,188.935836,214.89020399999998,5490.973500581333,4411.606773676195,0,0,0
149.204,14721,0,31,5013.265383,188.971301,215.263339,5494.344900711599,4413.162804517518,0,0,0
149.214,14722,0,31,5015.601645,188.971301,215.62646999999998,5497.456962394244,4414.200158307999,0,0,0
149.224,14723,0,31,5017.627589,188.971301,215.976533,5500.569024076891,4415.7561891493215,0,0,0
149.234,14724,0,31,5019.653532,188.971301,216.298737,5503.6810857595365,4417.312219990644,0,0,0
149.244,14725,0,31,5021.759272,189.011199,216.618147,5506.793147442183,4418.608912384348,0,0,0
149.254,14726,0,31,5023.980273,189.011199,216.93409,5509.645870677208,4420.164943225671,0,0,0
149.264,14727,0,31,5026.081580,189.011199,217.234186,5512.757932359855,4421.720974066993,0,0,0
149.274,14728,0,31,5028.342479,189.011199,217.513498,5516.648009463162,4423.536343355936,0,0,0
149.284,14729,0,31,5030.643277,189.011199,217.780237,5519.500732620387,4425.09237419726,0,0,0
149.294,14730,0,31,5032.939641,189.011199,218.04077099999998,5522.612794303033,4426.907743564004,0,0,0
149.304,14731,0,31,5035.005483,189.011199,218.295505,5525.724855985679,4428.723112930748,0,0,0
149.314,14732,0,31,5037.421542,189.011199,218.551288,5528.836917668325,4430.279143772072,0,0,0
149.324,14733,0,31,5039.722340,189.011199,218.806089,5531.689640903351,4431.835174613395,0,0,0
149.334,14734,0,31,5042.018705,189.011199,219.1786,5534.542364138378,4433.391205454718,0,0,0
149.344,14735,0,31,5044.164343,189.011199,219.416662,5537.654425821024,4435.465913191281,0,0,0
149.354,14736,0,31,5047.981273,189.011199,219.646886,5540.247810530628,4437.021944032604,0,0,0
149.364,14737,0,31,5050.122478,189.011199,219.872709,5543.359872213274,4438.577974873927,0,0,0
149.374,14738,0,31,5052.112956,189.011199,220.103358,5545.953256922879,4440.39334416287,0,0,0
149.384,14739,0,31,5054.604379,189.011199,220.33240999999998,5549.065318605524,4442.208713451813,0,0,0
149.394,14740,0,31,5056.940641,188.971301,220.55823099999998,5552.177380288171,4444.024082818557,0,0,0
149.404,14741,0,31,5059.161643,188.971301,220.780228,5555.030103523197,4445.839452185302,0,0,0
149.414,14742,0,31,5061.307281,188.971301,221.00564699999998,5557.882826758222,4447.654821474245,0,0,0
149.424,14743,0,31,5063.683442,188.971301,221.23371999999998,5560.994888440869,4449.470190763188,0,0,0
149.434,14744,0,31,5066.059603,188.971301,221.466621,5563.847611598093,4451.285560052131,0,0,0
149.444,14745,0,31,5068.320502,188.971301,221.704758,5566.9596732807395,4453.100929341074,0,0,0
149.454,14746,0,31,5070.031693,188.971301,221.949208,5570.071734963386,4454.916298707818,0,0,0
149.464,14747,0,31,5072.137433,188.971301,222.203014,5572.924458198411,4456.472329549141,0,0,0
149.474,14748,0,31,5074.203274,188.971301,222.46284599999998,5576.036519881058,4458.287698915886,0,0,0
149.484,14749,0,31,5076.384377,188.971301,222.731866,5578.889243116084,4459.843729757209,0,0,0
149.494,14750,0,31,5078.565480,188.971301,223.01442799999998,5581.741966273307,4461.399760598532,0,0,0
149.504,14751,0,31,5080.555958,188.971301,223.312312,5584.594689508334,4462.955791439856,0,0,0
149.514,14752,0,31,5082.812425,188.971301,223.62383799999998,5587.70675119098,4463.993145230335,0,0,0
149.524,14753,0,31,5084.993528,188.971301,223.95309799999998,5590.559474426006,4465.549176071659,0,0,0
149.534,14754,0,31,5086.828846,188.971301,224.297182,5593.41219758323,4466.586530017741,0,0,0
149.544,14755,0,31,5089.280371,188.971301,224.652966,5596.524259265877,4467.883222411444,0,0,0
149.554,14756,0,31,5091.230951,188.971301,225.01983299999998,5599.895659473945,4469.179914805148,0,0,0
149.564,14757,0,31,5093.332257,188.971301,225.40084399999998,5603.00772115659,4470.2172685956275,0,0,0
149.574,14758,0,31,5095.322735,188.971301,225.79724099999999,5606.119782839237,4471.77329943695,0,0,0
149.584,14759,0,31,5097.503839,188.971301,226.20684799999998,5609.231844521882,4472.810653383033,0,0,0
149.594,14760,0,31,5099.294826,188.971301,226.62870099999998,5612.6032446521485,4474.107345776737,0,0,0
149.604,14761,0,31,5101.320769,188.895938,227.065777,5615.715306334795,4475.144699645018,0,0,0
149.614,14762,0,31,5103.271349,188.816141,227.51641999999998,5619.08670646506,4476.182053513299,0,0,0
149.624,14763,0,31,5104.942641,188.816141,227.97619699999998,5622.198768147707,4476.960069011762,0,0,0
149.634,14764,0,31,5106.777960,188.816141,228.441094,5625.5701683557745,4477.997422802242,0,0,0
149.644,14765,0,31,5108.449252,188.816141,228.91479199999998,5628.68223003842,4478.775438300705,0,0,0
149.654,14766,0,31,5110.204774,188.816141,229.398685,5631.794291721067,4479.294115195946,0,0,0
149.664,14767,0,31,5112.035659,188.816141,229.889286,5635.165691851333,4480.072130694409,0,0,0
149.674,14768,0,31,5113.866545,188.816141,230.385502,5638.277753533978,4480.590807589649,0,0,0
149.684,14769,0,31,5115.542270,188.816141,230.887858,5641.389815216624,4481.36882301031,0,0,0
149.694,14770,0,31,5117.373155,188.895938,231.392325,5644.50187689927,4481.8874999833515,0,0,0
149.704,14771,0,31,5119.164143,188.895938,231.891584,5647.613938581917,4482.406176878591,0,0,0
149.714,14772,0,31,5120.959563,188.895938,232.387678,5650.726000264563,4483.184192377054,0,0,0
149.724,14773,0,31,5122.635288,188.895938,232.877752,5654.09740047263,4483.702869272294,0,0,0
149.734,14774,0,31,5124.426275,188.895938,233.361764,5657.209462155276,4484.480884692956,0,0,0
149.744,14775,0,31,5126.257161,188.895938,233.840542,5660.3215238379225,4485.2589001136175,0,0,0
149.754,14776,0,31,5128.088046,188.895938,234.315747,5663.174246995146,4485.777577008857,0,0,0
149.764,14777,0,31,5129.843568,188.895938,234.780227,5666.2863086777925,4486.55559250732,0,0,0
149.774,14778,0,31,5131.439497,188.895938,235.23478899999998,5669.398370360439,4487.333607850181,0,0,0
149.784,14779,0,31,5133.230484,188.971301,235.68251999999998,5672.510432043085,4487.852284901023,0,0,0
149.794,14780,0,31,5135.061369,188.971301,236.126103,5675.36315520031,4488.6303002438835,0,0,0
149.804,14781,0,31,5136.896688,188.971301,236.566395,5678.215878435336,4489.4083157423465,0,0,0
149.814,14782,0,31,5138.412820,188.971301,237.002138,5681.068601670361,4489.926992637586,0,0,0
149.824,14783,0,31,5140.088546,189.051098,237.433802,5683.921324905388,4490.705008058248,0,0,0
149.834,14784,0,31,5141.688908,189.051098,237.85205599999998,5686.7740481404135,4491.48302347891,0,0,0
149.844,14785,0,31,5143.284837,189.051098,238.25919399999998,5689.626771297638,4492.00170037415,0,0,0
149.854,14786,0,31,5144.920664,189.051098,238.65661799999998,5692.220156007243,4492.520377424992,0,0,0
149.864,14787,0,31,5146.321535,189.051098,239.05029499999998,5694.813540794649,4493.557731215473,0,0,0
149.874,14788,0,31,5147.802203,189.051098,239.43638199999998,5697.406925504252,4494.076408266315,0,0,0
149.884,14789,0,31,5149.477929,189.051098,239.810351,5700.000310213858,4494.854423609176,0,0,0
149.894,14790,0,31,5151.078291,189.051098,240.17199499999998,5702.334356553643,4495.632439107639,0,0,0
149.904,14791,0,31,5152.594423,189.011199,240.527843,5704.927741185446,4496.669792898118,0,0,0
149.914,14792,0,31,5154.114989,189.011199,240.88464,5707.521125972853,4497.188469948962,0,0,0
149.924,14793,0,31,5155.675453,189.011199,241.244698,5710.11451076026,4497.966485291822,0,0,0
149.934,14794,0,31,5157.231484,189.011199,241.599898,5712.707895392063,4498.744500790284,0,0,0
149.944,14795,0,31,5158.676686,189.011199,242.11254599999998,5715.041941731849,4499.263177685524,0,0,0
149.954,14796,0,31,5160.037659,189.011199,242.444889,5717.635326441454,4499.781854580765,0,0,0
149.964,14797,0,31,5161.558225,189.011199,242.773882,5719.969372703437,4500.819208526847,0,0,0
149.974,14798,0,31,5162.843834,189.011199,243.09685499999998,5722.303418965422,4501.337885422087,0,0,0
149.984,14799,0,31,5164.284604,189.011199,243.415655,5724.637465227406,4502.375239368171,0,0,0
149.994,14800,0,31,5165.689908,188.971301,243.735256,5726.971511489391,4502.8939162634115,0,0,0
150.004,14801,0,31,5167.090779,188.971301,244.056094,5729.305557751375,4503.671931761874,0,0,0
150.014,14802,0,31,5168.571447,188.971301,244.375003,5731.898942538782,4504.449947104734,0,0,0
150.024,14803,0,31,5169.817158,188.971301,244.691085,5733.973650275345,4505.227962603197,0,0,0
150.034,14804,0,31,5171.337724,188.971301,245.00652499999998,5736.56703506275,4505.746639498437,0,0,0
150.044,14805,0,31,5172.933653,188.971301,245.321089,5738.641742799314,4506.78399344452,0,0,0
150.054,14806,0,31,5174.494117,188.971301,245.63069199999998,5740.975789061297,4507.562008787379,0,0,0
150.064,14807,0,31,5176.054581,188.895938,245.93598,5743.309835323282,4508.340024285843,0,0,0
150.074,14808,0,31,5177.650510,188.895938,246.239576,5745.643881585267,4509.118039628703,0,0,0
150.084,14809,0,31,5178.976017,188.895938,246.53954,5747.9779278472515,4510.155393574786,0,0,0
150.094,14810,0,31,5180.532048,188.816141,246.83461699999998,5750.571312634658,4511.192747520869,0,0,0
150.104,14811,0,31,5182.092512,188.816141,247.125158,5752.64602037122,4511.970762863729,0,0,0
150.114,14812,0,31,5183.728340,188.816141,247.414399,5755.239405158627,4513.008116809812,0,0,0
150.124,14813,0,31,5185.248905,188.816141,247.70371699999998,5757.83278979043,4514.045470678093,0,0,0
150.134,14814,0,31,5186.844834,188.740778,247.991568,5759.907497682596,4515.082824546375,0,0,0
150.144,14815,0,31,5188.325502,188.660982,248.277534,5762.500882314399,4515.601501519416,0,0,0
150.154,14816,0,31,5189.885966,188.585618,248.557179,5764.834928654184,4516.638855387698,0,0,0
150.164,14817,0,31,5191.481895,188.505822,248.827224,5767.168974838369,4517.676209333781,0,0,0
150.174,14818,0,31,5193.077824,188.310764,249.095443,5769.243682730534,4518.713563202063,0,0,0
150.184,14819,0,31,5194.753550,188.310764,249.362034,5771.837067362337,4519.750917070344,0,0,0
150.194,14820,0,31,5196.389377,188.310764,249.62538099999998,5773.911775254503,4520.788271016427,0,0,0
150.204,14821,0,31,5197.989739,188.230967,249.88485799999998,5776.245821438686,4521.825624884708,0,0,0
150.214,14822,0,31,5199.510305,188.000444,250.14455099999998,5778.579867778472,4522.86297875299,0,0,0
150.224,14823,0,31,5201.066336,187.765488,250.40137199999998,5780.654575515035,4523.900332699073,0,0,0
150.234,14824,0,31,5202.702163,187.685692,250.65352399999998,5783.247960302441,4524.937686567354,0,0,0
150.244,14825,0,31,5204.533048,187.375372,250.906244,5785.322668039004,4525.715701988016,0,0,0
150.254,14826,0,31,5206.013716,187.140416,251.15991499999998,5787.397375775567,4526.7530559340985,0,0,0
150.264,14827,0,31,5207.454485,186.909893,251.413481,5789.731422115354,4527.531071276959,0,0,0
150.274,14828,0,31,5209.715385,186.595140,251.66750499999998,5791.806129851916,4528.309086775422,0,0,0
150.284,14829,0,31,5211.235950,186.364617,251.92963899999998,5794.140176191702,4529.3464405659015,0,0,0
150.294,14830,0,31,5212.796414,186.049864,252.197466,5796.214883928265,4530.124456064365,0,0,0
150.304,14831,0,31,5214.277082,185.699646,252.471621,5798.289591664829,4530.902471407226,0,0,0
150.314,14832,0,31,5215.873011,185.309530,252.752322,5800.623638004615,4531.680486905688,0,0,0
150.324,14833,0,31,5217.273882,184.883949,253.041285,5802.957684188797,4532.458502248548,0,0,0
150.334,14834,0,31,5218.639288,184.529298,253.34133599999998,5805.032392080964,4533.236517747011,0,0,0
150.344,14835,0,31,5219.884999,184.063819,253.65081099999998,5807.366438265147,4534.014533089871,0,0,0
150.354,14836,0,31,5221.250405,183.673703,253.960705,5809.700484604933,4534.533210140715,0,0,0
150.364,14837,0,31,5222.536015,183.208224,254.27215099999998,5811.775192341496,4535.051887035954,0,0,0
150.374,14838,0,31,5223.896988,182.698413,254.586713,5813.849900078058,4535.570563931195,0,0,0
150.384,14839,0,31,5225.187030,182.232934,254.906825,5816.183946417845,4536.348579429658,0,0,0
150.394,14840,0,31,5226.508105,181.687658,255.23297,5818.517992602028,4536.867256324897,0,0,0
150.404,14841,0,31,5227.403598,181.182281,255.56359999999998,5820.592700494194,4537.385933297939,0,0,0
150.414,14842,0,31,5228.573946,180.637005,255.89623799999998,5822.667408230757,4538.1639487186,0,0,0
150.424,14843,0,31,5229.784193,180.127194,256.239285,5825.260793018162,4538.42328716622,0,0,0
150.434,14844,0,31,5230.950107,179.466657,256.59178399999996,5827.335500754726,4538.941964139262,0,0,0
150.444,14845,0,31,5232.235717,178.841585,256.950389,5829.410208491289,4539.460641112303,0,0,0
150.454,14846,0,31,5233.211007,178.220946,257.317842,5832.003593278694,4539.719979559924,0,0,0
150.464,14847,0,31,5234.341457,177.595873,257.691023,5834.078301015258,4539.979318007543,0,0,0
150.474,14848,0,31,5235.471906,176.895438,258.068679,5836.153008907424,4540.2386564551625,0,0,0
150.484,14849,0,31,5236.522560,176.425525,258.452706,5838.487055091607,4540.2386564551625,0,0,0
150.494,14850,0,31,5237.457952,175.725090,258.845756,5840.561762905971,4540.2386564551625,0,0,0
150.504,14851,0,31,5238.278082,175.139916,259.246465,5842.895809167956,4540.2386564551625,0,0,0
150.514,14852,0,31,5239.173575,174.519277,259.655526,5844.970516904519,4540.2386564551625,0,0,0
150.524,14853,0,31,5240.184330,173.934103,260.068858,5846.785886271264,4540.2386564551625,0,0,0
150.534,14854,0,31,5241.199519,173.309031,260.489242,5848.601255638008,4540.2386564551625,0,0,0
150.544,14855,0,31,5242.095012,172.723857,260.914553,5850.675963374571,4540.2386564551625,0,0,0
150.554,14856,0,31,5243.185564,172.023421,261.55765199999996,5853.010009636555,4540.2386564551625,0,0,0
150.564,14857,0,31,5244.160854,171.438247,261.985049,5855.084717450921,4540.2386564551625,0,0,0
150.574,14858,0,31,5245.136144,170.857506,262.40864799999997,5857.4187636351035,4540.2386564551625,0,0,0
150.584,14859,0,31,5246.146899,170.347695,262.830319,5859.49347152727,4540.2386564551625,0,0,0
150.594,14860,0,31,5247.197552,169.957579,263.253785,5861.827517711453,4540.2386564551625,0,0,0
150.604,14861,0,31,5248.288104,169.567463,263.68438499999996,5864.161564051238,4540.2386564551625,0,0,0
150.614,14862,0,31,5249.343190,169.257144,264.119754,5866.236271787802,4540.2386564551625,0,0,0
150.624,14863,0,31,5250.393843,169.022188,264.560798,5868.829656575207,4540.2386564551625,0,0,0
150.634,14864,0,31,5251.409031,168.751766,265.007785,5870.90436431177,4540.2386564551625,0,0,0
150.644,14865,0,31,5252.574946,168.361650,265.463724,5873.238410573756,4540.2386564551625,0,0,0
150.654,14866,0,31,5253.630033,167.896171,265.933356,5875.572456835739,4540.2386564551625,0,0,0
150.664,14867,0,31,5254.915642,167.386360,266.41693699999996,5878.165841623146,4540.2386564551625,0,0,0
150.674,14868,0,31,5255.966296,166.841085,266.906409,5880.759226254949,4540.2386564551625,0,0,0
150.684,14869,0,31,5257.056847,166.415504,267.393042,5883.352611042355,4540.2386564551625,0,0,0
150.694,14870,0,31,5258.067602,165.870228,267.877747,5885.68665730434,4540.2386564551625,0,0,0
150.704,14871,0,31,5259.122689,165.400315,268.35968199999996,5888.280042013945,4540.2386564551625,0,0,0
150.714,14872,0,31,5260.097979,164.970301,268.839534,5890.61408835373,4540.2386564551625,0,0,0
150.724,14873,0,31,5261.188530,164.544720,269.320509,5893.207472985532,4540.2386564551625,0,0,0
150.734,14874,0,31,5262.199285,164.074808,269.805168,5895.800857772939,4540.2386564551625,0,0,0
150.744,14875,0,31,5263.214473,163.684692,270.290998,5897.875565509502,4540.2386564551625,0,0,0
150.754,14876,0,31,5264.149865,163.374372,270.77797499999997,5900.468950296909,4540.2386564551625,0,0,0
150.764,14877,0,31,5265.045359,162.984256,271.27112,5903.062335084313,4540.2386564551625,0,0,0
150.774,14878,0,31,5266.016216,162.478879,271.763332,5905.1370428208775,4540.2386564551625,0,0,0
150.784,14879,0,31,5266.876244,162.048864,272.250523,5907.730427608283,4540.2386564551625,0,0,0
150.794,14880,0,31,5267.771738,161.658748,272.729038,5910.323812240085,4540.2386564551625,0,0,0
150.804,14881,0,31,5268.627333,161.233167,273.205575,5912.6578585798725,4540.2386564551625,0,0,0
150.814,14882,0,31,5269.717884,160.763255,273.681432,5915.251243289477,4540.2386564551625,0,0,0
150.824,14883,0,31,5270.772971,160.257877,274.15711,5917.844627999081,4540.2386564551625,0,0,0
150.834,14884,0,31,5271.978784,159.867761,274.628378,5920.178674338867,4540.2386564551625,0,0,0
150.844,14885,0,31,5273.029437,159.437747,275.094997,5922.512720523051,4540.2386564551625,0,0,0
150.854,14886,0,31,5274.084524,158.972268,275.56317,5925.106105310456,4540.2386564551625,0,0,0
150.864,14887,0,31,5275.250438,158.466890,276.036078,5927.440151494639,4540.2386564551625,0,0,0
150.874,14888,0,31,5276.420786,157.881716,276.51301,5929.774197834426,4540.2386564551625,0,0,0
150.884,14889,0,31,5277.706396,157.336440,276.993803,5932.3675825440305,4540.2386564551625,0,0,0
150.894,14890,0,31,5278.836846,156.636005,277.478744,5934.960967253634,4540.2386564551625,0,0,0
150.904,14891,0,31,5280.047092,155.971034,277.96624099999997,5937.29501351562,4540.2386564551625,0,0,0
150.914,14892,0,31,5281.213007,155.115439,278.452741,5939.629059777604,4540.2386564551625,0,0,0
150.924,14893,0,31,5282.498616,154.335207,278.93607299999996,5942.222444565009,4540.2386564551625,0,0,0
150.934,14894,0,31,5283.668964,153.554975,279.411221,5944.815829274614,4540.2386564551625,0,0,0
150.944,14895,0,31,5284.799414,152.699380,279.877187,5946.890537088979,4540.2386564551625,0,0,0
150.954,14896,0,31,5285.850067,151.998944,280.335525,5949.483921798584,4540.2386564551625,0,0,0
150.964,14897,0,31,5286.900721,151.258611,280.786235,5951.558629612948,4540.2386564551625,0,0,0
150.974,14898,0,31,5287.991272,150.593640,281.232144,5953.633337349511,4540.2386564551625,0,0,0
150.984,14899,0,31,5289.006460,150.128161,281.675662,5956.2267221369175,4540.2386564551625,0,0,0
150.994,14900,0,31,5290.057114,149.542987,282.121618,5958.30142987348,4540.2386564551625,0,0,0
151.004,14901,0,31,5291.227462,148.997711,282.57316,5960.894814660886,4540.2386564551625,0,0,0
151.014,14902,0,31,5292.238217,148.332741,283.027552,5963.488199370491,4540.2386564551625,0,0,0
151.024,14903,0,31,5293.333201,147.752000,283.487257,5965.562907184855,4540.2386564551625,0,0,0
151.034,14904,0,31,5294.618811,147.011666,283.96178199999997,5968.15629189446,4540.2386564551625,0,0,0
151.044,14905,0,31,5295.979784,146.306797,284.456226,5970.749676604064,4540.2386564551625,0,0,0
151.054,14906,0,31,5297.110234,145.411304,284.966111,5973.343061391471,4540.2386564551625,0,0,0
151.064,14907,0,31,5298.125422,144.555708,285.47291,5975.417769128033,4540.2386564551625,0,0,0
151.074,14908,0,31,5299.331235,143.775476,285.96252799999996,5978.0111539154395,4540.2386564551625,0,0,0
151.084,14909,0,31,5300.501583,143.075041,286.435831,5980.604538625044,4540.2386564551625,0,0,0
151.094,14910,0,31,5301.552236,142.219446,286.89714,5982.938584887029,4540.2386564551625,0,0,0
151.104,14911,0,31,5302.487628,141.399315,287.356806,5985.272631149013,4540.2386564551625,0,0,0
151.114,14912,0,31,5303.657976,140.348662,287.822663,5987.606677410998,4540.2386564551625,0,0,0
151.124,14913,0,31,5304.823891,139.373372,288.295282,5989.940723672983,4540.2386564551625,0,0,0
151.134,14914,0,31,5305.799181,138.633038,288.76649399999997,5992.274769934967,4540.2386564551625,0,0,0
151.144,14915,0,31,5306.734572,137.737545,289.233941,5994.8681546445705,4540.2386564551625,0,0,0
151.154,14916,0,31,5307.554703,136.686892,289.695059,5997.202200906556,4540.2386564551625,0,0,0
151.164,14917,0,31,5308.370400,135.671703,290.369372,5999.795585693962,4540.2386564551625,0,0,0
151.174,14918,0,31,5309.385588,134.971268,290.807364,6002.129631878145,4540.2386564551625,0,0,0
151.184,14919,0,31,5310.826357,133.995978,291.247053,6004.463678217931,4540.2386564551625,0,0,0
151.194,14920,0,31,5311.877011,133.060586,291.691427,6006.538385954494,4540.2386564551625,0,0,0
151.204,14921,0,31,5312.812402,132.165093,292.135592,6008.872432294279,4540.2386564551625,0,0,0
151.214,14922,0,31,5313.827591,131.309497,292.574788,6010.6878015832235,4540.2386564551625,0,0,0
151.224,14923,0,31,5314.798447,130.449469,293.005896,6012.762509319786,4540.2386564551625,0,0,0
151.234,14924,0,31,5315.733839,129.749033,293.432862,6014.837217134151,4540.2386564551625,0,0,0
151.244,14925,0,31,5316.553969,128.853540,293.86001899999997,6016.911924948515,4540.2386564551625,0,0,0
151.254,14926,0,31,5317.369666,127.918148,294.28889,6018.986632685078,4540.2386564551625,0,0,0
151.264,14927,0,31,5317.994739,127.098018,294.71419299999997,6021.061340499443,4540.2386564551625,0,0,0
151.274,14928,0,31,5318.735072,126.357684,295.13856699999997,6023.136048313807,4540.2386564551625,0,0,0
151.284,14929,0,31,5319.475406,125.462190,295.564333,6025.21075605037,4540.2386564551625,0,0,0
151.294,14930,0,31,5320.175842,124.606595,295.990926,6026.766786891692,4540.2386564551625,0,0,0
151.304,14931,0,31,5320.995972,123.786465,296.413775,6028.841494706058,4540.2386564551625,0,0,0
151.314,14932,0,31,5321.581146,122.930870,296.830111,6030.916202520421,4540.2386564551625,0,0,0
151.324,14933,0,31,5322.126422,122.075274,297.238791,6032.472233361746,4540.2386564551625,0,0,0
151.334,14934,0,31,5322.747061,121.410304,297.640335,6034.287602650688,4539.979318007543,0,0,0
151.344,14935,0,31,5323.372133,120.749767,298.03551999999996,6036.102971939631,4539.979318007543,0,0,0
151.354,14936,0,31,5323.877511,120.009433,298.422032,6037.659002780953,4539.979318007543,0,0,0
151.364,14937,0,31,5324.462685,119.424259,298.803656,6039.215033622278,4539.979318007543,0,0,0
151.374,14938,0,31,5324.932597,118.683925,299.183963,6040.7710644636,4539.979318007543,0,0,0
151.384,14939,0,31,5325.437975,117.748533,299.563268,6042.327095304923,4539.979318007543,0,0,0
151.394,14940,0,31,5325.943352,116.853040,299.938028,6043.8831261462465,4539.979318007543,0,0,0
151.404,14941,0,31,5326.488628,115.917648,300.306925,6045.43915698757,4539.979318007543,0,0,0
151.414,14942,0,31,5326.994005,114.942358,300.66752099999997,6046.995187828892,4539.979318007543,0,0,0
151.424,14943,0,31,5327.619078,113.891705,301.023778,6048.551218670215,4539.979318007543,0,0,0
151.434,14944,0,31,5328.204252,113.151371,301.378145,6050.107249511539,4539.979318007543,0,0,0
151.444,14945,0,31,5328.709629,112.331241,301.734182,6051.663280352862,4539.979318007543,0,0,0
151.454,14946,0,31,5329.179542,111.710602,302.093817,6053.219311194184,4539.979318007543,0,0,0
151.464,14947,0,31,5329.724817,111.010166,302.460807,6054.256665140267,4539.979318007543,0,0,0
151.474,14948,0,31,5330.150398,110.424992,302.832652,6055.812695981591,4539.979318007543,0,0,0
151.484,14949,0,31,5330.695674,109.839818,303.206634,6057.368726822913,4539.979318007543,0,0,0
151.494,14950,0,31,5331.045892,109.099484,303.580469,6058.9247576642365,4539.979318007543,0,0,0
151.504,14951,0,31,5331.555703,108.359151,303.951318,6060.2214499801385,4539.979318007543,0,0,0
151.514,14952,0,31,5332.061080,107.539020,304.317506,6061.51814237384,4539.979318007543,0,0,0
151.524,14953,0,31,5332.491094,106.953846,304.680095,6063.074173215165,4539.460641112303,0,0,0
151.534,14954,0,31,5332.996472,106.213513,305.033015,6064.630204056487,4539.460641112303,0,0,0
151.544,14955,0,31,5333.541748,105.632772,305.379906,6065.92689645019,4539.201302586882,0,0,0
151.554,14956,0,31,5334.087023,105.087496,305.723412,6067.482927291514,4538.682625691642,0,0,0
151.564,14957,0,31,5334.477139,104.422526,306.065855,6068.779619607415,4538.42328716622,0,0,0
151.574,14958,0,31,5335.022415,103.957046,306.41096,6070.335650448737,4537.90461027098,0,0,0
151.584,14959,0,31,5335.487895,103.256611,306.759005,6071.63234284244,4537.90461027098,0,0,0
151.594,14960,0,31,5335.917909,102.706902,307.098727,6073.1883736837635,4537.645271745559,0,0,0
151.604,14961,0,31,5336.423286,102.241422,307.433868,6074.485066077466,4537.385933297939,0,0,0
151.614,14962,0,31,5336.853301,101.736045,307.768064,6076.300435366409,4537.126594850319,0,0,0
151.624,14963,0,31,5337.358678,101.345929,308.101742,6077.856466207733,4536.867256324897,0,0,0
151.634,14964,0,31,5337.788692,100.955813,308.432662,6079.153158601436,4536.607917877277,0,0,0
151.644,14965,0,31,5338.218706,100.605595,308.769198,6080.7091894427585,4536.089240904235,0,0,0
151.654,14966,0,31,5338.724084,100.255377,309.12077999999997,6082.005881836462,4535.829902456616,0,0,0
151.664,14967,0,31,5339.154098,99.940625,309.48226999999997,6083.561912677785,4535.5705640089955,0,0,0
151.674,14968,0,31,5339.579679,99.630305,309.84644099999997,6084.858604993687,4535.311225561376,0,0,0
151.684,14969,0,31,5340.085057,99.319986,310.215462,6086.155297309588,4534.7925485105325,0,0,0
151.694,14970,0,31,5340.594868,99.009666,310.58793399999996,6087.711328150911,4534.7925485105325,0,0,0
151.704,14971,0,31,5340.984984,98.774710,310.94894899999997,6089.267358992234,4534.7925485105325,0,0,0
151.714,14972,0,31,5341.450463,98.539754,311.304716,6090.8233898335575,4534.014533167673,0,0,0
151.724,14973,0,31,5341.880477,98.229434,311.670991,6092.37942067488,4533.755194720053,0,0,0
151.734,14974,0,31,5342.306058,97.914681,312.054689,6093.935451516202,4533.236517669209,0,0,0
151.744,14975,0,31,5342.660709,97.604362,312.447497,6095.491482357526,4532.97717922159,0,0,0
151.754,14976,0,31,5343.010927,97.369406,312.850408,6097.306851724271,4532.45850232635,0,0,0
151.764,14977,0,31,5343.401043,97.098984,313.263744,6098.862882565593,4531.939825353308,0,0,0
151.774,14978,0,31,5343.711362,96.864028,313.899527,6100.4189134069165,4531.161809932647,0,0,0
151.784,14979,0,31,5343.946319,96.708868,314.34367199999997,6102.234282773661,4530.383794511986,0,0,0
151.794,14980,0,31,5344.141377,96.473912,314.80526299999997,6103.790313614984,4529.605779091324,0,0,0
151.804,14981,0,31,5344.371900,96.203491,315.278862,6105.346344456308,4528.827763670662,0,0,0
151.814,14982,0,31,5344.527059,95.853273,315.761118,6106.90237529763,4527.790409802381,0,0,0
151.824,14983,0,31,5344.686652,95.538520,316.253441,6108.458406138953,4526.753055856298,0,0,0
151.834,14984,0,31,5344.917175,95.307997,316.752371,6110.0144369802765,4525.715701988016,0,0,0
151.844,14985,0,31,5344.996972,94.953346,317.257822,6111.5704678216,4525.197025014974,0,0,0
151.854,14986,0,31,5345.152132,94.643027,317.764629,6113.126498662922,4524.159671146694,0,0,0
151.864,14987,0,31,5345.231928,94.292809,318.273842,6114.6825295042445,4522.6036403053695,0,0,0
151.874,14988,0,31,5345.231928,94.057853,318.784943,6116.7572372408085,4521.566286437088,0,0,0
151.884,14989,0,31,5345.307291,93.667737,319.297951,6118.313268082132,4520.528932491005,0,0,0
151.894,14990,0,31,5345.307291,93.317519,319.811965,6119.869298923454,4519.491578622724,0,0,0
151.904,14991,0,31,5345.307291,93.007200,320.325673,6121.165991317158,4518.454224754442,0,0,0
151.914,14992,0,31,5345.387088,92.617084,320.839332,6122.462683710861,4517.157532360739,0,0,0
151.924,14993,0,31,5345.387088,92.382127,321.350748,6124.018714552183,4516.120178414656,0,0,0
151.934,14994,0,31,5345.387088,92.071808,321.856182,6125.574745393506,4514.823486098755,0,0,0
151.944,14995,0,31,5345.387088,91.641794,322.359111,6127.13077623483,4513.786132230473,0,0,0
151.954,14996,0,31,5345.387088,91.331474,322.860203,6128.16813002531,4512.74877828439,0,0,0
151.964,14997,0,31,5345.387088,90.981256,323.35826199999997,6129.724160866633,4511.452085890687,0,0,0
151.974,14998,0,31,5345.387088,90.746300,323.846948,6130.761514812715,4510.414732100207,0,0,0
151.984,14999,0,31,5345.387088,90.435981,324.326049,6132.058207206418,4509.1180397065045,0,0,0
151.994,15000,0,31,5345.387088,90.161126,324.793358,6133.354899600122,4508.080685760421,0,0,0
152.004,15001,0,31,5345.347190,89.930603,325.246697,6134.651591916023,4507.04333189214,0,0,0
152.014,15002,0,31,5345.347190,89.850807,325.685677,6135.688945784304,4506.005978023858,0,0,0
152.024,15003,0,31,5345.347190,89.615850,326.112036,6136.985638178007,4504.9686240777755,0,0,0
152.034,15004,0,31,5345.347190,89.305531,326.529674,6138.022992124091,4503.931270209494,0,0,0
152.044,15005,0,31,5345.347190,88.915415,326.938577,6139.060345914571,4502.893916341212,0,0,0
152.054,15006,0,31,5345.267393,88.565197,327.339729,6140.357038308274,4501.856562395129,0,0,0
152.064,15007,0,31,5345.267393,88.059819,327.730857,6141.394392254357,4500.819208526847,0,0,0
152.074,15008,0,31,5345.192030,87.669703,328.112559,6142.431746122638,4499.781854658567,0,0,0
152.084,15009,0,31,5345.192030,87.279587,328.48249599999997,6142.95042309568,4498.744500712483,0,0,0
152.094,15010,0,31,5345.192030,86.774210,328.840468,6143.987776963962,4497.707146844202,0,0,0
152.104,15011,0,31,5345.192030,86.384094,329.1861,6145.025130832243,4496.92913142354,0,0,0
152.114,15012,0,31,5345.192030,85.914181,329.516909,6145.803146330706,4495.891777477457,0,0,0
152.124,15013,0,31,5345.192030,85.603862,329.833402,6146.5811616735655,4495.113762134597,0,0,0
152.134,15014,0,31,5345.036870,85.138383,330.137808,6147.099838646606,4494.335746636134,0,0,0
152.144,15015,0,31,5344.801914,84.748267,330.43404499999997,6148.137192514889,4493.557731293274,0,0,0
152.154,15016,0,31,5344.801914,84.318252,330.720774,6148.396530962508,4492.520377347191,0,0,0
152.164,15017,0,31,5344.646754,83.928136,330.997866,6149.174546460972,4491.742362004331,0,0,0
152.174,15018,0,31,5344.411798,83.577919,331.265964,6149.693223356211,4490.964346505868,0,0,0
152.184,15019,0,31,5344.176842,83.187803,331.52630999999997,6150.211900329253,4490.186331163008,0,0,0
152.194,15020,0,31,5344.021682,82.797687,331.782112,6150.730577302295,4489.408315664546,0,0,0
152.204,15021,0,31,5343.711362,82.372106,332.03482099999997,6150.989915749915,4488.630300321685,0,0,0
152.214,15022,0,31,5343.205985,81.942091,332.286917,6151.249254197535,4487.852284823222,0,0,0
152.224,15023,0,31,5342.931130,81.551975,332.541294,6151.767931170576,4487.074269480362,0,0,0
152.234,15024,0,31,5342.660709,81.121961,332.795801,6152.027269695997,4486.036915534279,0,0,0
152.244,15025,0,31,5342.345956,80.696380,333.050297,6152.545946591238,4484.999561588196,0,0,0
152.254,15026,0,31,5342.111000,80.186569,333.302288,6152.805285038858,4484.221546245336,0,0,0
152.264,15027,0,31,5341.800681,79.760988,333.55919,6153.323962011899,4483.184192299253,0,0,0
152.274,15028,0,31,5341.490361,79.370872,333.819714,6153.84263898494,4482.406176956392,0,0,0
152.284,15029,0,31,5341.295303,78.900960,334.081415,6154.361315880181,4481.36882301031,0,0,0
152.294,15030,0,31,5340.905187,78.395582,334.339707,6154.6206543278,4480.331469064226,0,0,0
152.304,15031,0,31,5340.594868,77.890205,334.597587,6154.6206543278,4479.294115273747,0,0,0
152.314,15032,0,31,5340.164853,77.420292,334.852173,6154.879992853223,4478.256761327664,0,0,0
152.324,15033,0,31,5339.734839,76.954813,335.10171099999997,6155.398669826264,4477.219407381581,0,0,0
152.334,15034,0,31,5339.464418,76.449435,335.352867,6155.917346721504,4476.182053591101,0,0,0
152.344,15035,0,31,5339.074302,75.979523,335.608386,6155.917346721504,4475.144699645018,0,0,0
152.354,15036,0,31,5338.839346,75.394349,335.862615,6156.436023694545,4474.107345698935,0,0,0
152.364,15037,0,31,5338.529026,74.888972,336.11238099999997,6156.436023694545,4473.0699919084545,0,0,0
152.374,15038,0,31,5338.294070,74.458957,336.468552,6156.695362219967,4472.032637962371,0,0,0
152.384,15039,0,31,5338.059114,74.073274,336.688727,6157.214039115207,4471.513961067132,0,0,0
152.394,15040,0,31,5337.828591,73.683158,336.89372,6157.473377562827,4470.735945568669,0,0,0
152.404,15041,0,31,5337.593634,73.332941,337.092552,6157.992054535869,4469.698591700388,0,0,0
152.414,15042,0,31,5337.513838,72.863028,337.292736,6158.51073150891,4469.179914727346,0,0,0
152.424,15043,0,31,5337.438475,72.433014,337.49614099999997,6159.02940840415,4468.661237832105,0,0,0
152.434,15044,0,31,5337.358678,72.122694,337.69739899999996,6159.5480853771915,4468.142560859064,0,0,0
152.444,15045,0,31,5337.358678,71.812375,337.893334,6159.807423902614,4467.623883886023,0,0,0
152.454,15046,0,31,5337.283315,71.497622,338.085507,6159.807423902614,4467.105206990783,0,0,0
152.464,15047,0,31,5337.203518,71.267099,338.275661,6160.585439245474,4466.586530017741,0,0,0
152.474,15048,0,31,5337.203518,70.952346,338.47948199999996,6161.622793191556,4466.067853044699,0,0,0
152.484,15049,0,31,5337.203518,70.642027,338.69901999999996,6161.882131639177,4465.80851459708,0,0,0
152.494,15050,0,31,5337.203518,70.291809,338.92506099999997,6162.660147059838,4465.289837624038,0,0,0
152.504,15051,0,31,5337.203518,70.056853,339.158195,6163.178824032879,4465.030499176418,0,0,0
152.514,15052,0,31,5337.203518,69.591374,339.398334,6163.69750092812,4464.252483755757,0,0,0
152.524,15053,0,31,5337.203518,69.201258,339.646162,6164.475516426582,4463.733806782716,0,0,0
152.534,15054,0,31,5337.203518,68.771243,339.90006,6165.253531769442,4463.215129887475,0,0,0
152.544,15055,0,31,5337.203518,68.381127,340.157957,6165.772208742484,4462.437114466814,0,0,0
152.554,15056,0,31,5337.203518,67.875750,340.42319,6166.290885715525,4461.918437493771,0,0,0
152.564,15057,0,31,5337.123722,67.410271,340.696082,6167.328239583808,4461.140422073111,0,0,0
152.574,15058,0,31,5337.048359,66.940358,340.98207099999996,6167.846916556849,4460.362406652449,0,0,0
152.584,15059,0,31,5336.968562,66.510344,341.27915,6168.624931899709,4459.584391231788,0,0,0
152.594,15060,0,31,5336.893199,65.889705,341.58975399999997,6169.402947398171,4458.806375811127,0,0,0
152.604,15061,0,31,5336.738039,65.264633,341.915419,6169.921624293411,4457.769021942844,0,0,0
152.614,15062,0,31,5336.503083,64.643994,342.256557,6170.958978239494,4456.991006522184,0,0,0
152.624,15063,0,31,5336.268127,64.058820,342.611825,6171.736993660155,4455.69431412848,0,0,0
152.634,15064,0,31,5335.997705,63.393849,342.975009,6172.515009080817,4454.6569602601985,0,0,0
152.644,15065,0,31,5335.762749,62.733312,343.341672,6173.293024501479,4453.360267866496,0,0,0
152.654,15066,0,31,5335.607589,62.148138,343.707804,6174.071039922141,4452.322913998214,0,0,0
152.664,15067,0,31,5335.372633,61.562964,344.070863,6174.849055342802,4451.285560052131,0,0,0
152.674,15068,0,31,5335.292837,60.942325,344.434534,6175.627070763463,4450.24820618385,0,0,0
152.684,15069,0,31,5335.137677,60.317252,344.802552,6176.664424631745,4448.951513790146,0,0,0
152.694,15070,0,31,5334.982517,59.732079,345.17456799999997,6177.701778500027,4448.173498369485,0,0,0
152.704,15071,0,31,5334.907154,59.031643,345.551273,6178.479793998489,4447.1361445012035,0,0,0
152.714,15072,0,31,5334.827357,58.486367,345.931408,6179.2578093413495,4446.098790632922,0,0,0
152.724,15073,0,31,5334.672197,57.746033,346.314858,6180.295163287432,4445.0614366868385,0,0,0
152.734,15074,0,31,5334.517038,57.045598,346.700046,6181.332517155714,4444.024082818557,0,0,0
152.744,15075,0,31,5334.357445,56.380627,347.087905,6182.110532576375,4442.727390424854,0,0,0
152.754,15076,0,31,5334.126922,55.720090,347.4796,6182.888547997037,4441.690036556573,0,0,0
152.764,15077,0,31,5333.891965,55.055120,347.875844,6183.925901865319,4440.652682688291,0,0,0
152.774,15078,0,31,5333.617111,54.314786,348.276275,6184.703917363781,4439.355990294588,0,0,0
152.784,15079,0,31,5333.306791,53.538987,348.680856,6185.481932706642,4438.059297900885,0,0,0
152.794,15080,0,31,5332.996472,52.798653,349.08164999999997,6186.519286652724,4437.021944032604,0,0,0
152.804,15081,0,31,5332.686152,52.093785,349.47729599999997,6187.297301995584,4435.984590164322,0,0,0
152.814,15082,0,31,5332.451196,51.433247,349.86852799999997,6188.075317494048,4434.687897770619,0,0,0
152.824,15083,0,31,5332.296036,50.692914,350.257213,6188.853332836907,4433.650543902338,0,0,0
152.834,15084,0,31,5332.061080,50.067841,350.64815,6189.890686782991,4432.353851508635,0,0,0
152.844,15085,0,31,5331.826124,49.252144,351.040064,6190.668702203651,4431.316497640353,0,0,0
152.854,15086,0,31,5331.670964,48.666970,351.425622,6191.706056071934,4430.27914369427,0,0,0
152.864,15087,0,31,5331.436008,47.811375,351.792602,6192.484071570396,4429.241789825988,0,0,0
152.874,15088,0,31,5331.280848,47.031143,352.131703,6193.262086913256,4428.204435957708,0,0,0
152.884,15089,0,31,5331.125688,46.406071,352.445999,6193.780763886298,4427.426420459244,0,0,0
152.894,15090,0,31,5331.125688,45.665737,352.740111,6194.29944085934,4426.648405116384,0,0,0
152.904,15091,0,31,5331.125688,44.965301,353.013864,6194.81811775458,4425.870389617921,0,0,0
152.914,15092,0,31,5330.970529,44.459924,353.268305,6195.336794727621,4425.092374275061,0,0,0
152.924,15093,0,31,5330.815369,43.794954,353.49886,6195.855471700663,4424.57369730202,0,0,0
152.934,15094,0,31,5330.500616,43.249678,353.703494,6196.374148595903,4424.055020328978,0,0,0
152.944,15095,0,31,5330.500616,42.629039,353.89077399999996,6196.633487043523,4423.536343433738,0,0,0
152.954,15096,0,31,5330.500616,42.199024,354.06381999999996,6196.892825568944,4423.017666460696,0,0,0
152.964,15097,0,31,5330.425253,41.573952,354.22344499999997,6197.411502541985,4422.498989487655,0,0,0
152.974,15098,0,31,5330.345456,40.953313,354.36909299999996,6197.411502541985,4422.239651040035,0,0,0
152.984,15099,0,31,5330.110500,40.408037,354.568329,6197.6708409896055,4421.720974144795,0,0,0
152.994,15100,0,31,5329.955340,39.822863,354.692136,6197.930179437226,4421.202297093952,0,0,0
153.004,15101,0,31,5329.955340,39.317486,354.806708,6197.930179437226,4420.942958646332,0,0,0
153.014,15102,0,31,5329.955340,38.887472,354.919337,6198.189517962647,4420.683620198712,0,0,0
153.024,15103,0,31,5329.955340,38.421992,355.037092,6198.708194857887,4420.424281751092,0,0,0
153.034,15104,0,31,5329.879977,37.872283,355.154804,6198.967533383309,4420.164943303472,0,0,0
153.044,15105,0,31,5329.879977,37.406804,355.258721,6199.22687183093,4419.9056047780505,0,0,0
153.054,15106,0,31,5329.879977,36.976790,355.347128,6199.22687183093,4419.9056047780505,0,0,0
153.064,15107,0,31,5329.879977,36.666470,355.439285,6199.74554880397,4419.386927805009,0,0,0
153.074,15108,0,31,5329.879977,36.276354,355.545664,6199.74554880397,4419.127589357388,0,0,0
153.084,15109,0,31,5329.879977,35.846340,355.661453,6200.00488725159,4419.127589357388,0,0,0
153.094,15110,0,31,5329.879977,35.420759,355.782265,6200.523564224632,4418.868250909769,0,0,0
153.104,15111,0,31,5329.879977,34.875483,355.90320299999996,6200.782902672252,4418.349573936728,0,0,0
153.114,15112,0,31,5329.840079,34.445469,356.036968,6201.560918092914,4417.830896963686,0,0,0
153.124,15113,0,31,5329.840079,33.820397,356.190555,6201.560918092914,4417.571558516066,0,0,0
153.134,15114,0,31,5329.840079,33.119961,356.353415,6202.079595065955,4417.571558516066,0,0,0
153.144,15115,0,31,5329.840079,32.379628,356.51624799999996,6202.338933513574,4416.793543095404,0,0,0
153.154,15116,0,31,5329.840079,31.679192,356.679559,6202.857610408815,4416.793543095404,0,0,0
153.164,15117,0,31,5329.840079,31.133916,356.845618,6203.376287459658,4416.274866122363,0,0,0
153.174,15118,0,31,5329.840079,30.353684,357.017789,6204.154302802517,4415.756189227122,0,0,0
153.184,15119,0,31,5329.840079,29.768510,357.206684,6204.67297977556,4415.496850779503,0,0,0
153.194,15120,0,31,5329.840079,28.992711,357.403294,6205.191656748601,4414.97817372866,0,0,0
153.204,15121,0,31,5329.840079,28.252378,357.597756,6205.710333643841,4414.71883528104,0,0,0
153.214,15122,0,31,5329.840079,27.547509,357.789767,6206.229010616883,4414.2001583858,0,0,0
153.224,15123,0,31,5329.840079,26.771710,357.988363,6207.007026037544,4413.681481412758,0,0,0
153.234,15124,0,31,5329.840079,26.031376,358.190235,6207.785041458204,4413.422142887337,0,0,0
153.244,15125,0,31,5329.840079,25.171348,358.397007,6208.303718431247,4412.903465992097,0,0,0
153.254,15126,0,31,5329.760282,24.315753,358.595146,6208.822395326487,4412.644127544477,0,0,0
153.264,15127,0,31,5329.840079,23.615317,358.783758,6209.600410824951,4412.644127544477,0,0,0
153.274,15128,0,31,5330.075035,22.755289,358.96293,6210.378426167809,4412.125450571435,0,0,0
153.284,15129,0,31,5330.230195,21.979490,359.146939,6210.897103140851,4411.606773598394,0,0,0
153.294,15130,0,31,5330.385355,21.159360,359.331637,6211.415780113894,4411.347435150774,0,0,0
153.304,15131,0,31,5330.465151,20.028910,359.514326,6212.193795456753,4411.347435150774,0,0,0
153.314,15132,0,31,5330.695674,19.678692,359.689397,6212.971810955216,4411.088096703154,0,0,0
153.324,15133,0,31,5330.850834,18.823097,359.862047,6213.490487850456,4410.828758255534,0,0,0
153.334,15134,0,31,5330.930630,18.082763,360.030614,6214.268503348919,4410.569419730112,0,0,0
153.344,15135,0,31,5331.165587,17.417793,360.197371,6215.046518691779,4410.569419730112,0,0,0
153.354,15136,0,31,5331.400543,16.677459,360.358611,6215.565195664821,4410.569419730112,0,0,0
153.364,15137,0,31,5331.631066,16.092285,360.506291,6216.083872637862,4410.569419730112,0,0,0
153.374,15138,0,31,5331.866022,15.431747,360.635871,6217.121226506143,4410.569419730112,0,0,0
153.384,15139,0,31,5332.176342,14.886472,360.749535,6217.639903479185,4410.569419730112,0,0,0
153.394,15140,0,31,5332.451196,14.416559,360.851139,6218.158580374426,4410.569419730112,0,0,0
153.404,15141,0,31,5332.686152,13.911182,360.941675,6218.677257347467,4410.569419730112,0,0,0
153.414,15142,0,31,5332.916675,13.521066,361.022038,6219.195934320508,4410.569419730112,0,0,0
153.424,15143,0,31,5333.151632,12.975790,361.095469,6219.714611215748,4410.569419730112,0,0,0
153.434,15144,0,31,5333.386588,12.820630,361.161264,6219.97394974117,4410.569419730112,0,0,0
153.444,15145,0,31,5333.541748,12.510311,361.218015,6220.23328818879,4410.569419730112,0,0,0
153.454,15146,0,31,5333.776704,12.275354,361.264312,6220.751965161831,4410.569419730112,0,0,0
153.464,15147,0,31,5334.007227,12.120195,361.297735,6220.751965161831,4410.569419730112,0,0,0
153.474,15148,0,31,5334.166820,12.040398,361.312815,6221.011303609452,4410.569419730112,0,0,0
153.484,15149,0,31,5334.242183,11.965035,361.315386,6221.270642134872,4410.569419730112,0,0,0
153.494,15150,0,31,5334.397343,11.965035,361.305627,6221.5299805824925,4410.569419730112,0,0,0
153.504,15151,0,31,5334.552503,11.965035,361.29154,6221.5299805824925,4410.569419730112,0,0,0
153.514,15152,0,31,5334.632299,11.965035,361.277484,6221.789319030113,4410.569419730112,0,0,0
153.524,15153,0,31,5334.712096,11.965035,361.264935,6221.789319030113,4410.569419730112,0,0,0
153.534,15154,0,31,5334.712096,11.965035,361.251187,6221.789319030113,4410.569419730112,0,0,0
153.544,15155,0,31,5334.712096,11.965035,361.23931999999996,6221.789319030113,4410.569419730112,0,0,0
153.554,15156,0,31,5334.712096,11.965035,361.225999,6221.789319030113,4410.569419730112,0,0,0
153.564,15157,0,31,5334.747561,11.965035,361.21302099999997,6221.789319030113,4410.569419730112,0,0,0
153.574,15158,0,31,5334.747561,11.965035,361.202721,6221.789319030113,4410.569419730112,0,0,0
153.584,15159,0,31,5334.747561,11.965035,361.19559599999997,6221.789319030113,4410.569419730112,0,0,0
153.594,15160,0,31,5334.747561,11.965035,361.19002,6221.789319030113,4410.569419730112,0,0,0
153.604,15161,0,31,5334.747561,11.965035,361.186758,6221.789319030113,4410.569419730112,0,0,0
153.614,15162,0,31,5334.747561,11.965035,361.181495,6221.789319030113,4410.569419730112,0,0,0
153.624,15163,0,31,5334.747561,11.965035,361.174672,6221.789319030113,4410.569419730112,0,0,0
153.634,15164,0,31,5334.747561,11.965035,361.167324,6221.789319030113,4410.569419730112,0,0,0
153.644,15165,0,31,5334.747561,11.965035,361.16104,6221.789319030113,4410.569419730112,0,0,0
153.654,15166,0,31,5334.747561,11.965035,361.155241,6221.789319030113,4410.569419730112,0,0,0
153.664,15167,0,31,5334.747561,11.965035,361.153874,6221.789319030113,4410.569419730112,0,0,0
153.674,15168,0,31,5334.827357,11.965035,361.156856,6221.789319030113,4410.569419730112,0,0,0
153.684,15169,0,31,5334.827357,11.965035,361.163531,6221.789319030113,4410.569419730112,0,0,0
153.694,15170,0,31,5334.827357,11.965035,361.166836,6221.789319030113,4410.569419730112,0,0,0
153.704,15171,0,31,5334.827357,11.965035,361.16693399999997,6221.789319030113,4410.569419730112,0,0,0
153.714,15172,0,31,5334.827357,11.965035,361.166391,6221.789319030113,4410.569419730112,0,0,0
153.724,15173,0,31,5334.827357,11.965035,361.165542,6221.789319030113,4410.569419730112,0,0,0
153.734,15174,0,31,5334.827357,11.965035,361.162168,6221.789319030113,4410.569419730112,0,0,0
153.744,15175,0,31,5334.827357,11.965035,361.161528,6221.789319030113,4410.569419730112,0,0,0
153.754,15176,0,31,5334.827357,11.965035,361.158105,6221.789319030113,4410.569419730112,0,0,0
153.764,15177,0,31,5334.827357,11.965035,361.153745,6221.789319030113,4410.569419730112,0,0,0
153.774,15178,0,31,5334.827357,11.965035,361.149154,6221.789319030113,4410.569419730112,0,0,0
153.784,15179,0,31,5334.907154,11.965035,361.144141,6221.789319030113,4410.569419730112,0,0,0
153.794,15180,0,31,5334.907154,11.965035,361.139226,6221.789319030113,4410.569419730112,0,0,0
153.804,15181,0,31,5334.907154,11.965035,361.134377,6221.789319030113,4410.569419730112,0,0,0
153.814,15182,0,31,5334.907154,11.965035,361.12854,6221.789319030113,4410.569419730112,0,0,0
153.824,15183,0,31,5334.907154,11.965035,361.122341,6221.789319030113,4410.569419730112,0,0,0
153.834,15184,0,31,5334.907154,11.965035,361.115276,6221.789319030113,4410.569419730112,0,0,0
153.844,15185,0,31,5334.907154,11.965035,361.108499,6221.529980504691,4410.569419730112,0,0,0
153.854,15186,0,31,5334.907154,11.965035,361.103054,6221.529980504691,4410.569419730112,0,0,0
153.864,15187,0,31,5334.907154,11.965035,361.097521,6221.529980504691,4410.569419730112,0,0,0
153.874,15188,0,31,5334.907154,11.965035,361.09243,6221.529980504691,4410.569419730112,0,0,0
153.884,15189,0,31,5334.907154,11.965035,361.09092799999996,6221.529980504691,4410.569419730112,0,0,0
153.894,15190,0,31,5334.907154,11.965035,361.091769,6221.529980504691,4410.569419730112,0,0,0
153.904,15191,0,31,5334.907154,11.965035,361.09192,6221.529980504691,4410.569419730112,0,0,0
153.914,15192,0,31,5334.907154,11.965035,361.09179,6221.529980504691,4410.569419730112,0,0,0
153.924,15193,0,31,5334.907154,11.965035,361.091463,6221.529980504691,4410.569419730112,0,0,0
153.934,15194,0,31,5334.907154,11.965035,361.091564,6221.529980504691,4410.569419730112,0,0,0
153.944,15195,0,31,5334.907154,11.965035,361.092018,6221.529980504691,4410.569419730112,0,0,0
153.954,15196,0,31,5334.907154,11.965035,361.092033,6221.529980504691,4410.569419730112,0,0,0
153.964,15197,0,31,5334.907154,11.965035,361.092158,6221.529980504691,4410.569419730112,0,0,0
153.974,15198,0,31,5334.907154,11.965035,361.091945,6221.529980504691,4410.569419730112,0,0,0
153.984,15199,0,31,5334.907154,11.965035,361.091278,6221.529980504691,4410.569419730112,0,0,0
153.994,15200,0,31,5334.907154,11.965035,361.09051999999997,6221.529980504691,4410.569419730112,0,0,0
154.004,15201,0,31,5334.907154,11.965035,361.09004999999996,6221.529980504691,4410.569419730112,0,0,0
154.014,15202,0,31,5334.907154,11.965035,361.08981,6221.529980504691,4410.569419730112,0,0,0
154.024,15203,0,31,5334.907154,11.965035,361.089767,6221.529980504691,4410.569419730112,0,0,0
154.034,15204,0,31,5334.907154,11.965035,361.090169,6221.529980504691,4410.569419730112,0,0,0
154.044,15205,0,31,5334.907154,11.965035,361.09052099999997,6221.529980504691,4410.569419730112,0,0,0
154.054,15206,0,31,5334.907154,11.965035,361.090592,6221.529980504691,4410.569419730112,0,0,0
154.064,15207,0,31,5334.907154,11.965035,361.090797,6221.529980504691,4410.569419730112,0,0,0
154.074,15208,0,31,5334.907154,11.965035,361.091082,6221.529980504691,4410.569419730112,0,0,0
154.084,15209,0,31,5334.907154,11.965035,361.091059,6221.529980504691,4410.569419730112,0,0,0
154.094,15210,0,31,5334.907154,11.965035,361.091181,6221.529980504691,4410.569419730112,0,0,0
154.104,15211,0,31,5334.907154,11.965035,361.091178,6221.529980504691,4410.569419730112,0,0,0
154.114,15212,0,31,5334.907154,11.965035,361.091049,6221.529980504691,4410.569419730112,0,0,0
154.124,15213,0,31,5334.907154,11.965035,361.09087999999997,6221.529980504691,4410.569419730112,0,0,0
154.134,15214,0,31,5334.907154,11.965035,361.09081499999996,6221.529980504691,4410.569419730112,0,0,0
154.144,15215,0,31,5334.907154,11.965035,361.090737,6221.529980504691,4410.569419730112,0,0,0
154.154,15216,0,31,5334.907154,11.965035,361.090685,6221.529980504691,4410.569419730112,0,0,0
154.164,15217,0,31,5334.907154,11.965035,361.090897,6221.529980504691,4410.569419730112,0,0,0
154.174,15218,0,31,5334.907154,11.965035,361.09085799999997,6221.529980504691,4410.569419730112,0,0,0
154.184,15219,0,31,5334.907154,11.965035,361.09065699999996,6221.529980504691,4410.569419730112,0,0,0
154.194,15220,0,31,5334.907154,11.965035,361.09038499999997,6221.529980504691,4410.569419730112,0,0,0
154.204,15221,0,31,5334.907154,11.965035,361.090312,6221.529980504691,4410.569419730112,0,0,0
154.214,15222,0,31,5334.907154,11.965035,361.09043299999996,6221.529980504691,4410.569419730112,0,0,0
154.224,15223,0,31,5334.907154,11.965035,361.09058699999997,6221.529980504691,4410.569419730112,0,0,0
154.234,15224,0,31,5334.907154,11.965035,361.090906,6221.529980504691,4410.569419730112,0,0,0
154.244,15225,0,31,5334.907154,11.965035,361.09135599999996,6221.529980504691,4410.569419730112,0,0,0
154.254,15226,0,31,5334.907154,11.965035,361.09144499999996,6221.529980504691,4410.569419730112,0,0,0
154.264,15227,0,31,5334.907154,11.965035,361.091193,6221.529980504691,4410.569419730112,0,0,0
154.274,15228,0,31,5334.907154,11.965035,361.091255,6221.529980504691,4410.569419730112,0,0,0
154.284,15229,0,31,5334.907154,11.965035,361.091111,6221.529980504691,4410.569419730112,0,0,0
154.294,15230,0,31,5334.907154,11.965035,361.090845,6221.529980504691,4410.569419730112,0,0,0
154.304,15231,0,31,5334.907154,11.965035,361.090755,6221.529980504691,4410.569419730112,0,0,0
154.314,15232,0,31,5334.907154,11.965035,361.09092799999996,6221.529980504691,4410.569419730112,0,0,0
154.324,15233,0,31,5334.907154,11.965035,361.091012,6221.529980504691,4410.569419730112,0,0,0
154.334,15234,0,31,5334.907154,11.965035,361.090944,6221.529980504691,4410.569419730112,0,0,0
154.344,15235,0,31,5334.907154,11.965035,361.09091,6221.529980504691,4410.569419730112,0,0,0
154.354,15236,0,31,5334.907154,11.965035,361.09102,6221.529980504691,4410.569419730112,0,0,0
154.364,15237,0,31,5334.907154,11.965035,361.090932,6221.529980504691,4410.569419730112,0,0,0
154.374,15238,0,31,5334.907154,11.965035,361.090981,6221.529980504691,4410.569419730112,0,0,0
154.384,15239,0,31,5334.907154,11.965035,361.09085,6221.529980504691,4410.569419730112,0,0,0
154.394,15240,0,31,5334.907154,11.965035,361.090489,6221.529980504691,4410.569419730112,0,0,0
154.404,15241,0,31,5334.907154,11.965035,361.090481,6221.529980504691,4410.569419730112,0,0,0
154.414,15242,0,31,5334.907154,11.965035,361.090537,6221.529980504691,4410.569419730112,0,0,0
154.424,15243,0,31,5334.907154,11.965035,361.090465,6221.529980504691,4410.569419730112,0,0,0
154.434,15244,0,31,5334.907154,11.965035,361.090375,6221.529980504691,4410.569419730112,0,0,0
154.444,15245,0,31,5334.907154,11.965035,361.090382,6221.529980504691,4410.569419730112,0,0,0
154.454,15246,0,31,5334.907154,11.965035,361.09019,6221.529980504691,4410.569419730112,0,0,0
154.464,15247,0,31,5334.907154,11.965035,361.090037,6221.529980504691,4410.569419730112,0,0,0
154.474,15248,0,31,5334.907154,11.965035,361.090054,6221.529980504691,4410.569419730112,0,0,0
154.484,15249,0,31,5334.907154,11.965035,361.09021,6221.529980504691,4410.569419730112,0,0,0
154.494,15250,0,31,5334.907154,11.965035,361.090421,6221.529980504691,4410.569419730112,0,0,0
154.504,15251,0,31,5334.907154,11.965035,361.090509,6221.529980504691,4410.569419730112,0,0,0
154.514,15252,0,31,5334.907154,11.965035,361.090623,6221.529980504691,4410.569419730112,0,0,0
154.524,15253,0,31,5334.907154,11.965035,361.090494,6221.529980504691,4410.569419730112,0,0,0
154.534,15254,0,31,5334.907154,11.965035,361.090684,6221.529980504691,4410.569419730112,0,0,0
154.544,15255,0,31,5334.907154,11.965035,361.09018199999997,6221.529980504691,4410.569419730112,0,0,0
154.554,15256,0,31,5334.907154,11.965035,361.089743,6221.529980504691,4410.569419730112,0,0,0
154.564,15257,0,31,5334.907154,11.965035,361.089995,6221.529980504691,4410.569419730112,0,0,0
154.574,15258,0,31,5334.907154,11.965035,361.09065,6221.529980504691,4410.569419730112,0,0,0
154.584,15259,0,31,5334.907154,11.965035,361.091261,6221.529980504691,4410.569419730112,0,0,0
154.594,15260,0,31,5334.907154,11.965035,361.091542,6221.529980504691,4410.569419730112,0,0,0
154.604,15261,0,31,5334.907154,11.965035,361.09160199999997,6221.529980504691,4410.569419730112,0,0,0
154.614,15262,0,31,5334.907154,11.965035,361.091177,6221.529980504691,4410.569419730112,0,0,0
154.624,15263,0,31,5334.907154,11.965035,361.09096999999997,6221.529980504691,4410.569419730112,0,0,0
154.634,15264,0,31,5334.907154,11.965035,361.091013,6221.529980504691,4410.569419730112,0,0,0
154.644,15265,0,31,5334.907154,11.965035,361.091096,6221.529980504691,4410.569419730112,0,0,0
154.654,15266,0,31,5334.907154,11.965035,361.090874,6221.529980504691,4410.569419730112,0,0,0
154.664,15267,0,31,5334.907154,11.965035,361.09115199999997,6221.529980504691,4410.569419730112,0,0,0
154.674,15268,0,31,5334.907154,11.965035,361.091123,6221.529980504691,4410.569419730112,0,0,0
154.684,15269,0,31,5334.907154,11.965035,361.091383,6221.529980504691,4410.569419730112,0,0,0
154.694,15270,0,31,5334.907154,11.965035,361.091248,6221.529980504691,4410.569419730112,0,0,0
154.704,15271,0,31,5334.907154,11.965035,361.090794,6221.529980504691,4410.569419730112,0,0,0
154.714,15272,0,31,5334.907154,11.965035,361.090606,6221.529980504691,4410.569419730112,0,0,0
154.724,15273,0,31,5334.907154,11.965035,361.090442,6221.529980504691,4410.569419730112,0,0,0
154.734,15274,0,31,5334.907154,11.965035,361.090505,6221.529980504691,4410.569419730112,0,0,0
154.744,15275,0,31,5334.907154,11.965035,361.090856,6221.529980504691,4410.569419730112,0,0,0
154.754,15276,0,31,5334.907154,11.965035,361.090969,6221.529980504691,4410.569419730112,0,0,0
154.764,15277,0,31,5334.907154,11.965035,361.09111,6221.529980504691,4410.569419730112,0,0,0
154.774,15278,0,31,5334.907154,11.965035,361.091543,6221.529980504691,4410.569419730112,0,0,0
154.784,15279,0,31,5334.907154,11.965035,361.091699,6221.529980504691,4410.569419730112,0,0,0
154.794,15280,0,31,5334.907154,11.965035,361.091924,6221.529980504691,4410.569419730112,0,0,0
154.804,15281,0,31,5334.907154,11.965035,361.091474,6221.529980504691,4410.569419730112,0,0,0
154.814,15282,0,31,5334.907154,11.965035,361.091132,6221.529980504691,4410.569419730112,0,0,0
154.824,15283,0,31,5334.907154,11.965035,361.090053,6221.529980504691,4410.569419730112,0,0,0
154.834,15284,0,31,5334.907154,11.965035,361.09083699999996,6221.529980504691,4410.569419730112,0,0,0
154.844,15285,0,31,5334.907154,11.965035,361.09168999999997,6221.529980504691,4410.569419730112,0,0,0
154.854,15286,0,31,5334.907154,11.965035,361.091387,6221.529980504691,4410.569419730112,0,0,0
154.864,15287,0,31,5334.907154,11.965035,361.090595,6221.529980504691,4410.569419730112,0,0,0
154.874,15288,0,31,5334.907154,11.965035,361.091525,6221.529980504691,4410.569419730112,0,0,0
154.884,15289,0,31,5334.907154,11.965035,361.09180499999997,6221.529980504691,4410.569419730112,0,0,0
154.894,15290,0,31,5334.907154,11.965035,361.092286,6221.529980504691,4410.569419730112,0,0,0
154.904,15291,0,31,5334.907154,11.965035,361.091582,6221.529980504691,4410.569419730112,0,0,0
154.914,15292,0,31,5334.907154,11.965035,361.091769,6221.529980504691,4410.569419730112,0,0,0
154.924,15293,0,31,5334.907154,11.965035,361.092491,6221.529980504691,4410.569419730112,0,0,0
154.934,15294,0,31,5334.907154,11.965035,361.09558,6221.529980504691,4410.569419730112,0,0,0
154.944,15295,0,31,5334.907154,11.965035,361.098891,6221.529980504691,4410.569419730112,0,0,0
154.954,15296,0,31,5334.907154,11.965035,361.097609,6221.529980504691,4410.569419730112,0,0,0
154.964,15297,0,31,5334.907154,11.965035,361.09177999999997,6221.529980504691,4410.569419730112,0,0,0
154.974,15298,0,31,5334.907154,11.965035,361.086164,6221.529980504691,4410.569419730112,0,0,0
154.984,15299,0,31,5334.907154,11.965035,361.083297,6221.529980504691,4410.569419730112,0,0,0
154.994,15300,0,31,5334.982517,11.965035,361.08419599999996,6221.529980504691,4410.569419730112,0,0,0
155.004,15301,0,31,5334.982517,11.965035,361.085293,6221.529980504691,4410.569419730112,0,0,0
155.014,15302,0,31,5334.982517,11.965035,361.086397,6221.529980504691,4410.569419730112,0,0,0
155.024,15303,0,31,5334.942619,11.965035,361.086381,6221.529980504691,4410.569419730112,0,0,0
155.034,15304,0,31,5334.942619,11.965035,361.08354099999997,6221.529980504691,4410.569419730112,0,0,0
155.044,15305,0,31,5334.942619,11.965035,361.079662,6221.529980504691,4410.569419730112,0,0,0
155.054,15306,0,31,5334.942619,11.965035,361.077465,6221.529980504691,4410.569419730112,0,0,0
155.064,15307,0,31,5334.942619,11.965035,361.078974,6221.529980504691,4410.569419730112,0,0,0
155.074,15308,0,31,5334.942619,11.965035,361.080635,6221.529980504691,4410.569419730112,0,0,0
155.084,15309,0,31,5334.942619,11.965035,361.083527,6221.529980504691,4410.569419730112,0,0,0
155.094,15310,0,31,5334.942619,11.965035,361.082828,6221.529980504691,4410.569419730112,0,0,0
155.104,15311,0,31,5334.942619,11.965035,361.081733,6221.529980504691,4410.569419730112,0,0,0
155.114,15312,0,31,5334.942619,11.965035,361.080564,6221.529980504691,4410.569419730112,0,0,0
155.124,15313,0,31,5334.942619,11.965035,361.079408,6221.529980504691,4410.569419730112,0,0,0
155.134,15314,0,31,5334.942619,11.965035,361.078225,6221.529980504691,4410.569419730112,0,0,0
155.144,15315,0,31,5334.942619,11.965035,361.079268,6221.529980504691,4410.569419730112,0,0,0
155.154,15316,0,31,5334.942619,11.965035,361.08819,6221.529980504691,4410.569419730112,0,0,0
155.164,15317,0,31,5334.942619,11.965035,361.097131,6221.529980504691,4410.569419730112,0,0,0
155.174,15318,0,31,5334.942619,11.965035,361.101341,6221.529980504691,4410.569419730112,0,0,0
155.184,15319,0,31,5334.942619,11.965035,361.10195799999997,6221.529980504691,4410.569419730112,0,0,0
155.194,15320,0,31,5334.942619,11.965035,361.096834,6221.529980504691,4410.569419730112,0,0,0
155.204,15321,0,31,5334.907154,11.965035,361.085288,6221.529980504691,4410.569419730112,0,0,0
155.214,15322,0,31,5334.907154,11.965035,361.077393,6221.529980504691,4410.569419730112,0,0,0
155.224,15323,0,31,5334.907154,11.965035,361.074956,6221.529980504691,4410.569419730112,0,0,0
155.234,15324,0,31,5334.982517,11.965035,361.07502,6221.529980504691,4410.569419730112,0,0,0
155.244,15325,0,31,5334.982517,11.965035,361.078845,6221.529980504691,4410.569419730112,0,0,0
155.254,15326,0,31,5334.982517,11.965035,361.08634,6221.529980504691,4410.569419730112,0,0,0
155.264,15327,0,31,5334.982517,11.965035,361.08946199999997,6221.529980504691,4410.569419730112,0,0,0
155.274,15328,0,31,5334.982517,11.965035,361.090528,6221.529980504691,4410.569419730112,0,0,0
155.284,15329,0,31,5334.982517,11.965035,361.091485,6221.529980504691,4410.569419730112,0,0,0
155.294,15330,0,31,5334.982517,11.965035,361.093835,6221.529980504691,4410.569419730112,0,0,0
155.304,15331,0,31,5334.982517,11.965035,361.09898,6221.529980504691,4410.569419730112,0,0,0
155.314,15332,0,31,5334.982517,11.965035,361.103177,6221.529980504691,4410.569419730112,0,0,0
155.324,15333,0,31,5334.982517,11.965035,361.104352,6221.529980504691,4410.569419730112,0,0,0
155.334,15334,0,31,5334.982517,11.965035,361.10081099999996,6221.529980504691,4410.569419730112,0,0,0
155.344,15335,0,31,5334.982517,11.965035,361.094536,6221.529980504691,4410.569419730112,0,0,0
155.354,15336,0,31,5334.982517,11.965035,361.089812,6221.529980504691,4410.569419730112,0,0,0
155.364,15337,0,31,5335.062313,11.965035,361.086818,6221.529980504691,4410.569419730112,0,0,0
155.374,15338,0,31,5335.062313,11.965035,361.08628,6221.529980504691,4410.569419730112,0,0,0
155.384,15339,0,31,5335.062313,11.965035,361.087747,6221.529980504691,4410.569419730112,0,0,0
155.394,15340,0,31,5335.062313,11.965035,361.092522,6221.529980504691,4410.569419730112,0,0,0
155.404,15341,0,31,5335.062313,11.965035,361.096143,6221.529980504691,4410.569419730112,0,0,0
155.414,15342,0,31,5335.062313,11.965035,361.098638,6221.529980504691,4410.569419730112,0,0,0
155.424,15343,0,31,5335.137677,11.965035,361.100545,6221.529980504691,4410.569419730112,0,0,0
155.434,15344,0,31,5335.137677,11.965035,361.100734,6221.529980504691,4410.569419730112,0,0,0
155.444,15345,0,31,5335.097779,11.965035,361.095039,6221.529980504691,4410.569419730112,0,0,0
155.454,15346,0,31,5335.097779,11.965035,361.08689699999996,6221.529980504691,4410.569419730112,0,0,0
155.464,15347,0,31,5335.097779,11.965035,361.07604599999996,6221.529980504691,4410.569419730112,0,0,0
155.474,15348,0,31,5335.097779,11.965035,361.066016,6221.529980504691,4410.569419730112,0,0,0
155.484,15349,0,31,5335.097779,11.965035,361.06080399999996,6221.529980504691,4410.569419730112,0,0,0
155.494,15350,0,31,5335.177575,11.965035,361.057959,6221.529980504691,4410.569419730112,0,0,0
155.504,15351,0,31,5335.177575,11.885238,361.054965,6221.529980504691,4410.569419730112,0,0,0
155.514,15352,0,31,5335.177575,11.885238,361.050587,6221.529980504691,4410.569419730112,0,0,0
155.524,15353,0,31,5335.177575,11.809875,361.042958,6221.529980504691,4410.569419730112,0,0,0
155.534,15354,0,31,5335.177575,11.730079,361.030013,6221.529980504691,4410.569419730112,0,0,0
155.544,15355,0,31,5335.177575,11.574919,361.014098,6221.529980504691,4410.569419730112,0,0,0
155.554,15356,0,31,5335.177575,11.495122,360.999626,6221.529980504691,4410.569419730112,0,0,0
155.564,15357,0,31,5335.177575,11.419759,360.98863,6221.529980504691,4410.569419730112,0,0,0
155.574,15358,0,31,5335.177575,11.339963,360.983305,6221.529980504691,4410.569419730112,0,0,0
155.584,15359,0,31,5335.177575,11.264599,360.984489,6221.529980504691,4410.569419730112,0,0,0
155.594,15360,0,31,5335.177575,11.184803,360.992261,6221.529980504691,4410.569419730112,0,0,0
155.604,15361,0,31,5335.217473,11.105006,361.003152,6221.529980504691,4410.569419730112,0,0,0
155.614,15362,0,31,5335.217473,11.029643,361.014211,6221.529980504691,4410.569419730112,0,0,0
155.624,15363,0,31,5335.217473,10.949847,361.02108599999997,6221.529980504691,4410.569419730112,0,0,0
155.634,15364,0,31,5335.217473,10.874483,361.021342,6221.529980504691,4410.569419730112,0,0,0
155.644,15365,0,31,5335.217473,10.794687,361.01590699999997,6221.529980504691,4410.569419730112,0,0,0
155.654,15366,0,31,5335.217473,10.639527,361.005982,6221.529980504691,4410.569419730112,0,0,0
155.664,15367,0,31,5335.217473,10.639527,360.99145799999997,6221.529980504691,4410.569419730112,0,0,0
155.674,15368,0,31,5335.217473,10.559731,360.975048,6221.529980504691,4410.569419730112,0,0,0
155.684,15369,0,31,5335.217473,10.484367,360.961007,6221.529980504691,4410.569419730112,0,0,0
155.694,15370,0,31,5335.217473,10.329208,360.952725,6221.529980504691,4410.569419730112,0,0,0
155.704,15371,0,31,5335.217473,10.249411,360.952269,6221.529980504691,4410.569419730112,0,0,0
155.714,15372,0,31,5335.257371,10.094251,360.96086099999997,6221.529980504691,4410.569419730112,0,0,0
155.724,15373,0,31,5335.257371,9.939092,360.975194,6221.529980504691,4410.569419730112,0,0,0
155.734,15374,0,31,5335.257371,9.704135,360.992333,6221.529980504691,4410.569419730112,0,0,0
155.744,15375,0,31,5335.257371,9.469179,361.012243,6221.529980504691,4410.569419730112,0,0,0
155.754,15376,0,31,5335.257371,9.238656,361.031786,6221.529980504691,4410.569419730112,0,0,0
155.764,15377,0,31,5335.257371,9.043598,361.05037899999996,6221.529980504691,4410.569419730112,0,0,0
155.774,15378,0,31,5335.177575,8.728845,361.068856,6221.529980504691,4410.569419730112,0,0,0
155.784,15379,0,31,5335.177575,8.418526,361.087718,6221.529980504691,4410.569419730112,0,0,0
155.794,15380,0,31,5335.097779,8.108206,361.107728,6221.529980504691,4410.569419730112,0,0,0
155.804,15381,0,31,5335.097779,7.678192,361.130613,6221.529980504691,4410.569419730112,0,0,0
155.814,15382,0,31,5335.022415,7.327974,361.158249,6221.529980504691,4410.569419730112,0,0,0
155.824,15383,0,31,5334.942619,6.822597,361.188568,6221.529980504691,4410.569419730112,0,0,0
155.834,15384,0,31,5334.942619,6.352684,361.222133,6221.529980504691,4410.569419730112,0,0,0
155.844,15385,0,31,5334.867255,5.767510,361.25850199999996,6221.529980504691,4410.569419730112,0,0,0
155.854,15386,0,31,5334.867255,5.182336,361.298504,6221.529980504691,4410.569419730112,0,0,0
155.864,15387,0,31,5334.867255,4.637061,361.343318,6221.529980504691,4410.569419730112,0,0,0
155.874,15388,0,31,5334.787459,4.016421,361.392222,6221.529980504691,4410.569419730112,0,0,0
155.884,15389,0,31,5334.787459,3.315986,361.442798,6221.789319030113,4410.569419730112,0,0,0
155.894,15390,0,31,5334.787459,2.611117,361.494134,6221.789319030113,4410.569419730112,0,0,0
155.904,15391,0,31,5334.712096,1.990478,361.547917,6221.789319030113,4410.569419730112,0,0,0
155.914,15392,0,31,5334.712096,1.250144,361.60291,6221.789319030113,4410.569419730112,0,0,0
155.924,15393,0,31,5334.632299,0.549709,361.65552199999996,6221.789319030113,4410.569419730112,0,0,0
155.934,15394,0,31,5334.632299,-0.310320,361.70280199999996,6221.789319030113,4410.569419730112,0,0,0
155.944,15395,0,31,5334.632299,-0.970857,361.742093,6222.048657555534,4410.569419730112,0,0,0
155.954,15396,0,31,5334.632299,-1.595929,361.772906,6222.048657555534,4410.569419730112,0,0,0
155.964,15397,0,31,5334.632299,-2.216568,361.793685,6222.307996003155,4410.569419730112,0,0,0
155.974,15398,0,31,5334.712096,-2.881539,361.805507,6222.307996003155,4410.569419730112,0,0,0
155.984,15399,0,31,5334.787459,-3.386916,361.813192,6222.8266728983945,4410.569419730112,0,0,0
155.994,15400,0,31,5334.867255,-3.972090,361.82003199999997,6222.8266728983945,4410.569419730112,0,0,0
156.004,15401,0,31,5335.022415,-4.402104,361.82683,6223.086011346015,4410.569419730112,0,0,0
156.014,15402,0,31,5335.097779,-4.712424,361.834687,6223.086011346015,4410.569419730112,0,0,0
156.024,15403,0,31,5335.177575,-5.062642,361.84015,6223.086011346015,4410.569419730112,0,0,0
156.034,15404,0,31,5335.332735,-5.217801,361.836532,6223.086011346015,4410.569419730112,0,0,0
156.044,15405,0,31,5335.412531,-5.372961,361.831475,6223.086011346015,4410.569419730112,0,0,0
156.054,15406,0,31,5335.487895,-5.532554,361.830597,6223.345349871436,4410.569419730112,0,0,0
156.064,15407,0,31,5335.567691,-5.687714,361.835126,6223.6046883968575,4410.569419730112,0,0,0
156.074,15408,0,31,5335.722851,-5.763077,361.856436,6223.864026844477,4410.569419730112,0,0,0
156.084,15409,0,31,5335.802647,-5.918237,361.895696,6224.382703739717,4410.569419730112,0,0,0
156.094,15410,0,31,5335.878011,-6.077830,361.948662,6224.382703739717,4410.569419730112,0,0,0
156.104,15411,0,31,5335.878011,-6.308353,362.006578,6224.382703739717,4410.569419730112,0,0,0
156.114,15412,0,31,5335.878011,-6.543309,362.061877,6224.642042187337,4410.569419730112,0,0,0
156.124,15413,0,31,5335.917909,-6.778265,362.113381,6224.642042187337,4410.569419730112,0,0,0
156.134,15414,0,31,5335.917909,-6.933425,362.163029,6224.642042187337,4410.569419730112,0,0,0
156.144,15415,0,31,5335.838112,-7.168381,362.212133,6224.901380712758,4410.569419730112,0,0,0
156.154,15416,0,31,5335.838112,-7.398904,362.26015,6224.901380712758,4410.569419730112,0,0,0
156.164,15417,0,31,5335.762749,-7.633861,362.311384,6225.4200576858,4410.569419730112,0,0,0
156.174,15418,0,31,5335.762749,-7.908715,362.362931,6225.4200576858,4410.569419730112,0,0,0
156.184,15419,0,31,5335.762749,-8.139238,362.412984,6225.4200576858,4410.569419730112,0,0,0
156.194,15420,0,31,5335.838112,-8.374194,362.454836,6225.4200576858,4410.569419730112,0,0,0
156.204,15421,0,31,5335.838112,-8.529354,362.485203,6225.67939613342,4410.569419730112,0,0,0
156.214,15422,0,31,5335.838112,-8.609151,362.50416,6225.67939613342,4410.569419730112,0,0,0
156.224,15423,0,31,5335.917909,-8.684514,362.515059,6225.67939613342,4410.569419730112,0,0,0
156.234,15424,0,31,5335.917909,-8.684514,362.519215,6225.67939613342,4410.569419730112,0,0,0
156.244,15425,0,31,5335.997705,-8.684514,362.519426,6225.67939613342,4410.569419730112,0,0,0
156.254,15426,0,31,5335.997705,-8.724412,362.519536,6225.67939613342,4410.569419730112,0,0,0
156.264,15427,0,31,5335.997705,-8.724412,362.51903,6225.67939613342,4410.569419730112,0,0,0
156.274,15428,0,31,5335.997705,-8.724412,362.516118,6225.67939613342,4410.569419730112,0,0,0
156.284,15429,0,31,5335.997705,-8.724412,362.510515,6225.67939613342,4410.569419730112,0,0,0
156.294,15430,0,31,5335.997705,-8.724412,362.50183,6225.67939613342,4410.569419730112,0,0,0
156.304,15431,0,31,5335.997705,-8.724412,362.490028,6225.67939613342,4410.569419730112,0,0,0
156.314,15432,0,31,5335.997705,-8.724412,362.476606,6225.67939613342,4410.569419730112,0,0,0
156.324,15433,0,31,5336.073069,-8.724412,362.460181,6225.67939613342,4410.569419730112,0,0,0
156.334,15434,0,31,5336.073069,-8.724412,362.43868,6225.67939613342,4410.569419730112,0,0,0
156.344,15435,0,31,5336.152865,-8.724412,362.413485,6225.67939613342,4410.569419730112,0,0,0
156.354,15436,0,31,5336.228228,-8.724412,362.383786,6225.67939613342,4410.569419730112,0,0,0
156.364,15437,0,31,5336.308025,-8.724412,362.349174,6225.67939613342,4410.569419730112,0,0,0
156.374,15438,0,31,5336.387821,-8.724412,362.309783,6225.67939613342,4410.569419730112,0,0,0
156.384,15439,0,31,5336.542981,-8.724412,362.26678599999997,6225.67939613342,4410.569419730112,0,0,0
156.394,15440,0,31,5336.618344,-8.724412,362.222262,6225.67939613342,4410.569419730112,0,0,0
156.404,15441,0,31,5336.698141,-8.724412,362.17621199999996,6225.67939613342,4410.569419730112,0,0,0
156.414,15442,0,31,5336.853301,-8.724412,362.1289,6225.67939613342,4410.569419730112,0,0,0
156.424,15443,0,31,5336.933097,-8.724412,362.080274,6225.67939613342,4410.569419730112,0,0,0
156.434,15444,0,31,5337.088257,-8.724412,362.02831199999997,6225.67939613342,4410.569419730112,0,0,0
156.444,15445,0,31,5337.163620,-8.724412,361.97261199999997,6225.67939613342,4410.569419730112,0,0,0
156.454,15446,0,31,5337.318780,-8.724412,361.914694,6225.67939613342,4410.569419730112,0,0,0
156.464,15447,0,31,5337.478373,-8.649049,361.853935,6225.67939613342,4410.569419730112,0,0,0
156.474,15448,0,31,5337.633533,-8.569252,361.79271,6225.67939613342,4410.569419730112,0,0,0
156.484,15449,0,31,5337.788692,-8.414093,361.734481,6225.67939613342,4410.569419730112,0,0,0
156.494,15450,0,31,5337.943852,-8.258933,361.680311,6225.67939613342,4410.569419730112,0,0,0
156.504,15451,0,31,5338.023648,-8.103773,361.631749,6225.67939613342,4410.569419730112,0,0,0
156.514,15452,0,31,5338.099012,-8.023977,361.591164,6225.67939613342,4410.569419730112,0,0,0
156.524,15453,0,31,5338.178808,-7.944180,361.559192,6225.67939613342,4410.569419730112,0,0,0
156.534,15454,0,31,5338.254172,-7.868817,361.534651,6225.67939613342,4410.569419730112,0,0,0
156.544,15455,0,31,5338.254172,-7.789020,361.516568,6225.67939613342,4410.569419730112,0,0,0
156.554,15456,0,31,5338.333968,-7.713657,361.503769,6225.67939613342,4410.569419730112,0,0,0
156.564,15457,0,31,5338.333968,-7.713657,361.49618699999996,6225.67939613342,4410.569419730112,0,0,0
156.574,15458,0,31,5338.333968,-7.713657,361.492216,6225.67939613342,4410.569419730112,0,0,0
156.584,15459,0,31,5338.333968,-7.713657,361.488083,6225.67939613342,4410.569419730112,0,0,0
156.594,15460,0,31,5338.333968,-7.633861,361.48375599999997,6225.67939613342,4410.569419730112,0,0,0
156.604,15461,0,31,5338.333968,-7.633861,361.478058,6225.67939613342,4410.569419730112,0,0,0
156.614,15462,0,31,5338.333968,-7.558497,361.469411,6225.67939613342,4410.569419730112,0,0,0
156.624,15463,0,31,5338.333968,-7.478701,361.456346,6225.67939613342,4410.569419730112,0,0,0
156.634,15464,0,31,5338.333968,-7.398904,361.42693099999997,6225.67939613342,4410.569419730112,0,0,0
156.644,15465,0,31,5338.413764,-7.243745,361.401161,6225.67939613342,4410.569419730112,0,0,0
156.654,15466,0,31,5338.413764,-7.168381,361.37276099999997,6225.67939613342,4410.569419730112,0,0,0
156.664,15467,0,31,5338.489128,-7.088585,361.341845,6225.67939613342,4410.569419730112,0,0,0
156.674,15468,0,31,5338.568924,-7.013222,361.308466,6225.67939613342,4410.569419730112,0,0,0
156.684,15469,0,31,5338.644288,-6.853629,361.271314,6225.67939613342,4410.828758255534,0,0,0
156.694,15470,0,31,5338.724084,-6.778265,361.230423,6225.67939613342,4410.828758255534,0,0,0
156.704,15471,0,31,5338.879244,-6.623106,361.183945,6225.67939613342,4410.828758255534,0,0,0
156.714,15472,0,31,5338.959040,-6.463513,361.130672,6225.67939613342,4410.828758255534,0,0,0
156.724,15473,0,31,5339.189563,-6.308353,361.07419999999996,6225.67939613342,4410.828758255534,0,0,0
156.734,15474,0,31,5339.269360,-6.077830,361.018594,6225.67939613342,4411.088096703154,0,0,0
156.744,15475,0,31,5339.424520,-5.842874,360.96706,6225.67939613342,4411.088096703154,0,0,0
156.754,15476,0,31,5339.579679,-5.607917,360.92184,6225.67939613342,4411.347435150774,0,0,0
156.764,15477,0,31,5339.659476,-5.452758,360.884129,6225.67939613342,4411.606773598394,0,0,0
156.774,15478,0,31,5339.734839,-5.297598,360.85163,6225.67939613342,4411.866112046014,0,0,0
156.784,15479,0,31,5339.894432,-5.142438,360.81850299999996,6225.67939613342,4412.384789096856,0,0,0
156.794,15480,0,31,5339.969795,-5.062642,360.787599,6225.67939613342,4412.384789096856,0,0,0
156.804,15481,0,31,5340.049592,-4.987278,360.765422,6225.67939613342,4412.384789096856,0,0,0
156.814,15482,0,31,5340.049592,-4.907482,360.758351,6225.67939613342,4412.384789096856,0,0,0
156.824,15483,0,31,5340.049592,-4.907482,360.764798,6225.67939613342,4412.384789096856,0,0,0
156.834,15484,0,31,5340.049592,-4.907482,360.77786399999997,6225.67939613342,4412.384789096856,0,0,0
156.844,15485,0,31,5340.049592,-4.907482,360.785904,6225.67939613342,4412.384789096856,0,0,0
156.854,15486,0,31,5340.049592,-4.907482,360.785941,6225.67939613342,4412.384789096856,0,0,0
156.864,15487,0,31,5340.049592,-4.907482,360.783825,6225.67939613342,4412.384789096856,0,0,0
156.874,15488,0,31,5340.049592,-4.907482,360.781815,6225.67939613342,4412.384789096856,0,0,0
156.884,15489,0,31,5340.009694,-4.907482,360.780203,6225.67939613342,4412.384789096856,0,0,0
156.894,15490,0,31,5340.009694,-4.907482,360.779897,6225.67939613342,4412.384789096856,0,0,0
156.904,15491,0,31,5340.009694,-4.907482,360.779127,6225.67939613342,4412.384789096856,0,0,0
156.914,15492,0,31,5340.009694,-4.907482,360.776345,6225.67939613342,4412.384789096856,0,0,0
156.924,15493,0,31,5340.049592,-4.907482,360.773187,6225.67939613342,4412.384789096856,0,0,0
156.934,15494,0,31,5340.049592,-4.907482,360.771455,6225.67939613342,4412.384789096856,0,0,0
156.944,15495,0,31,5340.049592,-4.907482,360.77152,6225.67939613342,4412.384789096856,0,0,0
156.954,15496,0,31,5340.049592,-4.907482,360.769711,6225.67939613342,4412.384789096856,0,0,0
156.964,15497,0,31,5340.049592,-4.907482,360.76847699999996,6225.67939613342,4412.384789096856,0,0,0
156.974,15498,0,31,5340.049592,-4.907482,360.763497,6225.67939613342,4412.384789096856,0,0,0
156.984,15499,0,31,5340.049592,-4.907482,360.75667599999997,6225.67939613342,4412.384789096856,0,0,0
156.994,15500,0,31,5340.049592,-4.907482,360.752066,6225.67939613342,4412.384789096856,0,0,0
157.004,15501,0,31,5340.085057,-4.907482,360.749979,6225.67939613342,4412.384789096856,0,0,0
157.014,15502,0,31,5340.085057,-4.907482,360.75023,6225.67939613342,4412.384789096856,0,0,0
157.024,15503,0,31,5340.085057,-4.907482,360.751987,6225.67939613342,4412.384789096856,0,0,0
157.034,15504,0,31,5340.085057,-4.907482,360.754395,6225.67939613342,4412.384789096856,0,0,0
157.044,15505,0,31,5340.085057,-4.907482,360.75692599999996,6225.67939613342,4412.384789096856,0,0,0
157.054,15506,0,31,5340.085057,-4.867584,360.758441,6225.67939613342,4412.384789096856,0,0,0
157.064,15507,0,31,5340.085057,-4.867584,360.758669,6225.67939613342,4412.384789096856,0,0,0
157.074,15508,0,31,5340.085057,-4.867584,360.757739,6225.67939613342,4412.384789096856,0,0,0
157.084,15509,0,31,5340.085057,-4.867584,360.759612,6225.67939613342,4412.384789096856,0,0,0
157.094,15510,0,31,5340.085057,-4.867584,360.761106,6225.67939613342,4412.384789096856,0,0,0
157.104,15511,0,31,5340.085057,-4.867584,360.76412999999997,6225.93873458104,4412.384789096856,0,0,0
157.114,15512,0,31,5340.085057,-4.867584,360.76734999999996,6225.93873458104,4412.384789096856,0,0,0
157.124,15513,0,31,5340.085057,-4.867584,360.76996099999997,6225.93873458104,4412.384789096856,0,0,0
157.134,15514,0,31,5340.085057,-4.867584,360.770401,6225.93873458104,4412.384789096856,0,0,0
157.144,15515,0,31,5340.085057,-4.867584,360.77144,6225.93873458104,4412.384789096856,0,0,0
157.154,15516,0,31,5340.085057,-4.867584,360.775164,6225.93873458104,4412.384789096856,0,0,0
157.164,15517,0,31,5340.085057,-4.867584,360.77964099999997,6225.93873458104,4412.384789096856,0,0,0
157.174,15518,0,31,5340.085057,-4.867584,360.784468,6226.19807302866,4412.384789096856,0,0,0
157.184,15519,0,31,5340.164853,-4.867584,360.791608,6226.19807302866,4412.384789096856,0,0,0
157.194,15520,0,31,5340.164853,-4.867584,360.805732,6226.457411554082,4412.384789096856,0,0,0
157.204,15521,0,31,5340.244650,-4.867584,360.825682,6226.716750079504,4412.384789096856,0,0,0
157.214,15522,0,31,5340.399810,-4.867584,360.851992,6226.716750079504,4412.384789096856,0,0,0
157.224,15523,0,31,5340.475173,-4.867584,360.880406,6226.716750079504,4412.384789096856,0,0,0
157.234,15524,0,31,5340.554969,-4.867584,360.897744,6226.716750079504,4412.384789096856,0,0,0
157.244,15525,0,31,5340.554969,-4.867584,360.89598,6226.9760885271235,4412.384789096856,0,0,0
157.254,15526,0,31,5340.554969,-4.867584,360.886369,6226.9760885271235,4412.644127544477,0,0,0
157.264,15527,0,31,5340.554969,-4.867584,360.87901999999997,6226.9760885271235,4412.644127544477,0,0,0
157.274,15528,0,31,5340.594868,-4.867584,360.87807399999997,6226.9760885271235,4412.644127544477,0,0,0
157.284,15529,0,31,5340.594868,-4.867584,360.877845,6226.9760885271235,4412.644127544477,0,0,0
157.294,15530,0,31,5340.594868,-4.867584,360.877146,6226.9760885271235,4412.644127544477,0,0,0
157.304,15531,0,31,5340.594868,-4.867584,360.872528,6226.9760885271235,4412.644127544477,0,0,0
157.314,15532,0,31,5340.670231,-4.867584,360.86690899999996,6226.9760885271235,4412.644127544477,0,0,0
157.324,15533,0,31,5340.670231,-4.867584,360.85938799999997,6226.9760885271235,4412.644127544477,0,0,0
157.334,15534,0,31,5340.670231,-4.867584,360.850423,6226.9760885271235,4412.644127544477,0,0,0
157.344,15535,0,31,5340.750027,-4.827685,360.841004,6226.9760885271235,4413.162804439717,0,0,0
157.354,15536,0,31,5340.825391,-4.827685,360.830852,6226.9760885271235,4413.162804439717,0,0,0
157.364,15537,0,31,5340.905187,-4.827685,360.818809,6227.235426974744,4413.422142887337,0,0,0
157.374,15538,0,31,5341.060347,-4.752322,360.807316,6227.235426974744,4413.422142887337,0,0,0
157.384,15539,0,31,5341.140143,-4.752322,360.800866,6227.235426974744,4413.422142887337,0,0,0
157.394,15540,0,31,5341.295303,-4.752322,360.804288,6227.754103869983,4413.422142887337,0,0,0
157.404,15541,0,31,5341.450463,-4.752322,360.817865,6228.013442395404,4413.681481412758,0,0,0
157.414,15542,0,31,5341.685419,-4.752322,360.840489,6228.272780920826,4413.681481412758,0,0,0
157.424,15543,0,31,5341.920375,-4.752322,360.864302,6228.272780920826,4413.681481412758,0,0,0
157.434,15544,0,31,5342.075535,-4.752322,360.87102,6228.272780920826,4414.2001583858,0,0,0
157.444,15545,0,31,5342.230695,-4.752322,360.857445,6228.791457816066,4414.2001583858,0,0,0
157.454,15546,0,31,5342.385855,-4.752322,360.833401,6228.791457816066,4414.71883528104,0,0,0
157.464,15547,0,31,5342.620811,-4.752322,360.816782,6229.310134711306,4414.97817372866,0,0,0
157.474,15548,0,31,5342.851334,-4.752322,360.815044,6229.310134711306,4414.97817372866,0,0,0
157.484,15549,0,31,5343.010927,-4.752322,360.829013,6229.310134711306,4415.237512254082,0,0,0
157.494,15550,0,31,5343.241450,-4.752322,360.843885,6229.569473236727,4415.496850701701,0,0,0
157.504,15551,0,31,5343.321246,-4.752322,360.847665,6229.828811762149,4415.756189227122,0,0,0
157.514,15552,0,31,5343.476406,-4.752322,360.842114,6229.828811762149,4416.015527674743,0,0,0
157.524,15553,0,31,5343.631566,-4.752322,360.834265,6230.3474886573895,4416.015527674743,0,0,0
157.534,15554,0,31,5343.786726,-4.752322,360.834326,6230.606827105009,4416.015527674743,0,0,0
157.544,15555,0,31,5343.946319,-4.752322,360.8465,6230.866165552629,4416.274866122363,0,0,0
157.554,15556,0,31,5344.176842,-4.752322,360.864486,6230.866165552629,4416.274866122363,0,0,0
157.564,15557,0,31,5344.332001,-4.752322,360.87602499999997,6230.866165552629,4416.534204569983,0,0,0
157.574,15558,0,31,5344.491594,-4.752322,360.872973,6230.866165552629,4416.793543095404,0,0,0
157.584,15559,0,31,5344.566958,-4.752322,360.858834,6230.866165552629,4416.793543095404,0,0,0
157.594,15560,0,31,5344.722117,-4.752322,360.841728,6231.384842603472,4417.052881620826,0,0,0
157.604,15561,0,31,5344.801914,-4.752322,360.828232,6231.384842603472,4417.312220068446,0,0,0
157.614,15562,0,31,5344.881710,-4.752322,360.82614,6231.384842603472,4417.312220068446,0,0,0
157.624,15563,0,31,5344.957074,-4.752322,360.837037,6231.644181051091,4417.312220068446,0,0,0
157.634,15564,0,31,5345.036870,-4.752322,360.847986,6231.903519498712,4417.312220068446,0,0,0
157.644,15565,0,31,5345.036870,-4.752322,360.853933,6231.903519498712,4417.312220068446,0,0,0
157.654,15566,0,31,5345.112233,-4.752322,360.854043,6231.903519498712,4417.312220068446,0,0,0
157.664,15567,0,31,5345.267393,-4.752322,360.850385,6231.903519498712,4417.312220068446,0,0,0
157.674,15568,0,31,5345.267393,-4.752322,360.845061,6231.903519498712,4417.312220068446,0,0,0
157.684,15569,0,31,5345.347190,-4.752322,360.839567,6231.903519498712,4417.312220068446,0,0,0
157.694,15570,0,31,5345.347190,-4.752322,360.837946,6231.903519498712,4417.312220068446,0,0,0
157.704,15571,0,31,5345.426986,-4.752322,360.83790999999997,6231.903519498712,4417.571558516066,0,0,0
157.714,15572,0,31,5345.426986,-4.752322,360.83894599999996,6231.903519498712,4417.571558516066,0,0,0
157.724,15573,0,31,5345.502349,-4.752322,360.839491,6231.903519498712,4417.571558516066,0,0,0
157.734,15574,0,31,5345.502349,-4.752322,360.836945,6231.903519498712,4417.571558516066,0,0,0
157.744,15575,0,31,5345.502349,-4.752322,360.835671,6231.903519498712,4417.571558516066,0,0,0
157.754,15576,0,31,5345.582146,-4.752322,360.835758,6231.903519498712,4417.571558516066,0,0,0
157.764,15577,0,31,5345.582146,-4.752322,360.83466699999997,6231.903519498712,4417.830896963686,0,0,0
157.774,15578,0,31,5345.582146,-4.752322,360.831077,6231.903519498712,4417.830896963686,0,0,0
157.784,15579,0,31,5345.582146,-4.752322,360.826233,6231.903519498712,4417.830896963686,0,0,0
157.794,15580,0,31,5345.657509,-4.752322,360.820165,6231.903519498712,4417.830896963686,0,0,0
157.804,15581,0,31,5345.657509,-4.752322,360.815037,6231.903519498712,4417.830896963686,0,0,0
157.814,15582,0,31,5345.657509,-4.752322,360.811649,6231.903519498712,4418.090235489108,0,0,0
157.824,15583,0,31,5345.657509,-4.752322,360.80879699999997,6231.903519498712,4418.090235489108,0,0,0
157.834,15584,0,31,5345.737306,-4.752322,360.805821,6231.903519498712,4418.090235489108,0,0,0
157.844,15585,0,31,5345.737306,-4.752322,360.80378,6231.903519498712,4418.090235489108,0,0,0
157.854,15586,0,31,5345.737306,-4.752322,360.802655,6231.903519498712,4418.090235489108,0,0,0
157.864,15587,0,31,5345.737306,-4.752322,360.798405,6231.903519498712,4418.090235489108,0,0,0
157.874,15588,0,31,5345.812669,-4.752322,360.792976,6231.903519498712,4418.090235489108,0,0,0
157.884,15589,0,31,5345.892465,-4.752322,360.78598999999997,6231.903519498712,4418.349573936728,0,0,0
157.894,15590,0,31,5345.892465,-4.752322,360.776145,6231.903519498712,4418.349573936728,0,0,0
157.904,15591,0,31,5345.972262,-4.752322,360.765674,6231.903519498712,4418.608912462149,0,0,0
157.914,15592,0,31,5346.047625,-4.752322,360.757663,6231.903519498712,4418.608912462149,0,0,0
157.924,15593,0,31,5346.202785,-4.752322,360.752125,6231.903519498712,4418.608912462149,0,0,0
157.934,15594,0,31,5346.202785,-4.752322,360.749255,6232.422196393952,4418.608912462149,0,0,0
157.944,15595,0,31,5346.282581,-4.752322,360.74713199999997,6232.422196393952,4418.608912462149,0,0,0
157.954,15596,0,31,5346.362378,-4.752322,360.747968,6232.422196393952,4418.608912462149,0,0,0
157.964,15597,0,31,5346.437741,-4.752322,360.750471,6232.422196393952,4418.608912462149,0,0,0
157.974,15598,0,31,5346.517538,-4.752322,360.75817,6232.681534919374,4418.608912462149,0,0,0
157.984,15599,0,31,5346.672697,-4.752322,360.77103999999997,6232.940873444795,4418.868250909769,0,0,0
157.994,15600,0,31,5346.787959,-4.752322,360.787442,6233.200211892416,4418.868250909769,0,0,0
158.004,15601,0,31,5346.943119,-4.752322,360.804441,6233.459550340036,4418.868250909769,0,0,0
158.014,15602,0,31,5347.022915,-4.752322,360.811572,6233.459550340036,4418.868250909769,0,0,0
158.024,15603,0,31,5347.178075,-4.752322,360.80334899999997,6233.459550340036,4419.386927805009,0,0,0
158.034,15604,0,31,5347.257871,-4.752322,360.785109,6233.459550340036,4419.646266252629,0,0,0
158.044,15605,0,31,5347.333235,-4.752322,360.764578,6233.459550340036,4419.646266252629,0,0,0
158.054,15606,0,31,5347.413031,-4.752322,360.751233,6233.459550340036,4419.646266252629,0,0,0
158.064,15607,0,31,5347.413031,-4.752322,360.753312,6233.459550340036,4419.646266252629,0,0,0
158.074,15608,0,31,5347.413031,-4.752322,360.76782299999996,6233.459550340036,4419.646266252629,0,0,0
158.084,15609,0,31,5347.413031,-4.752322,360.780145,6233.459550340036,4419.646266252629,0,0,0
158.094,15610,0,31,5347.413031,-4.752322,360.787557,6233.459550340036,4419.646266252629,0,0,0
158.104,15611,0,31,5347.413031,-4.752322,360.793559,6233.459550340036,4419.646266252629,0,0,0
158.114,15612,0,31,5347.413031,-4.752322,360.800904,6233.459550340036,4419.646266252629,0,0,0
158.124,15613,0,31,5347.413031,-4.752322,360.81113,6233.459550340036,4419.646266252629,0,0,0
158.134,15614,0,31,5347.413031,-4.752322,360.82399699999996,6233.459550340036,4419.646266252629,0,0,0
158.144,15615,0,31,5347.413031,-4.752322,360.83257399999997,6233.459550340036,4419.646266252629,0,0,0
158.154,15616,0,31,5347.413031,-4.752322,360.835898,6233.459550340036,4419.646266252629,0,0,0
158.164,15617,0,31,5347.413031,-4.752322,360.834131,6233.459550340036,4419.646266252629,0,0,0
158.174,15618,0,31,5347.413031,-4.752322,360.832698,6233.459550340036,4419.646266252629,0,0,0
158.184,15619,0,31,5347.413031,-4.752322,360.83090899999996,6233.459550340036,4419.646266252629,0,0,0
158.194,15620,0,31,5347.413031,-4.752322,360.82858,6233.459550340036,4419.646266252629,0,0,0
158.204,15621,0,31,5347.413031,-4.752322,360.827533,6233.459550340036,4419.646266252629,0,0,0
158.214,15622,0,31,5347.413031,-4.752322,360.828286,6233.459550340036,4419.646266252629,0,0,0
158.224,15623,0,31,5347.413031,-4.752322,360.83158399999996,6233.459550340036,4419.646266252629,0,0,0
158.234,15624,0,31,5347.413031,-4.752322,360.83594899999997,6233.459550340036,4419.646266252629,0,0,0
158.244,15625,0,31,5347.413031,-4.752322,360.837575,6233.459550340036,4419.646266252629,0,0,0
158.254,15626,0,31,5347.413031,-4.752322,360.837971,6233.459550340036,4419.646266252629,0,0,0
158.264,15627,0,31,5347.413031,-4.752322,360.83807,6233.459550340036,4419.646266252629,0,0,0
158.274,15628,0,31,5347.413031,-4.752322,360.837152,6233.459550340036,4419.646266252629,0,0,0
158.284,15629,0,31,5347.413031,-4.752322,360.835776,6233.459550340036,4419.646266252629,0,0,0
158.294,15630,0,31,5347.413031,-4.752322,360.83435399999996,6233.459550340036,4419.646266252629,0,0,0
158.304,15631,0,31,5347.413031,-4.752322,360.832111,6233.459550340036,4419.646266252629,0,0,0
158.314,15632,0,31,5347.413031,-4.752322,360.828865,6233.459550340036,4419.646266252629,0,0,0
158.324,15633,0,31,5347.413031,-4.752322,360.825782,6233.459550340036,4419.646266252629,0,0,0
158.334,15634,0,31,5347.413031,-4.752322,360.825263,6233.459550340036,4419.646266252629,0,0,0
158.344,15635,0,31,5347.413031,-4.752322,360.826042,6233.459550340036,4419.646266252629,0,0,0
158.354,15636,0,31,5347.413031,-4.752322,360.826595,6233.459550340036,4419.646266252629,0,0,0
158.364,15637,0,31,5347.413031,-4.752322,360.827052,6233.459550340036,4419.646266252629,0,0,0
158.374,15638,0,31,5347.413031,-4.752322,360.826913,6233.459550340036,4419.646266252629,0,0,0
158.384,15639,0,31,5347.413031,-4.752322,360.82631,6233.459550340036,4419.646266252629,0,0,0
158.394,15640,0,31,5347.413031,-4.752322,360.826183,6233.459550340036,4419.646266252629,0,0,0
158.404,15641,0,31,5347.413031,-4.752322,360.826521,6233.459550340036,4419.646266252629,0,0,0
158.414,15642,0,31,5347.413031,-4.752322,360.828165,6233.459550340036,4419.646266252629,0,0,0
158.424,15643,0,31,5347.413031,-4.752322,360.828824,6233.459550340036,4419.646266252629,0,0,0
158.434,15644,0,31,5347.413031,-4.752322,360.830898,6233.459550340036,4419.646266252629,0,0,0
158.444,15645,0,31,5347.413031,-4.752322,360.832148,6233.459550340036,4419.646266252629,0,0,0
158.454,15646,0,31,5347.413031,-4.752322,360.833748,6233.459550340036,4419.646266252629,0,0,0
158.464,15647,0,31,5347.413031,-4.752322,360.839264,6233.459550340036,4419.646266252629,0,0,0
158.474,15648,0,31,5347.413031,-4.752322,360.84360399999997,6233.459550340036,4419.646266252629,0,0,0
158.484,15649,0,31,5347.413031,-4.752322,360.849063,6233.459550340036,4419.646266252629,0,0,0
158.494,15650,0,31,5347.413031,-4.752322,360.854293,6233.459550340036,4419.646266252629,0,0,0
158.504,15651,0,31,5347.413031,-4.752322,360.859045,6233.459550340036,4419.646266252629,0,0,0
158.514,15652,0,31,5347.413031,-4.752322,360.86148299999996,6233.459550340036,4419.646266252629,0,0,0
158.524,15653,0,31,5347.413031,-4.752322,360.86174,6233.459550340036,4419.646266252629,0,0,0
158.534,15654,0,31,5347.373133,-4.752322,360.861809,6233.459550340036,4419.646266252629,0,0,0
158.544,15655,0,31,5347.373133,-4.752322,360.86089699999997,6233.459550340036,4419.646266252629,0,0,0
158.554,15656,0,31,5347.373133,-4.752322,360.860128,6233.459550340036,4419.646266252629,0,0,0
158.564,15657,0,31,5347.373133,-4.752322,360.86013299999996,6233.459550340036,4419.646266252629,0,0,0
158.574,15658,0,31,5347.373133,-4.752322,360.86348699999996,6233.459550340036,4419.646266252629,0,0,0
158.584,15659,0,31,5347.373133,-4.752322,360.866533,6233.459550340036,4419.646266252629,0,0,0
158.594,15660,0,31,5347.373133,-4.752322,360.869433,6233.459550340036,4419.646266252629,0,0,0
158.604,15661,0,31,5347.373133,-4.752322,360.869636,6233.459550340036,4419.646266252629,0,0,0
158.614,15662,0,31,5347.373133,-4.752322,360.8693,6233.459550340036,4419.646266252629,0,0,0
158.624,15663,0,31,5347.373133,-4.752322,360.869121,6233.459550340036,4419.646266252629,0,0,0
158.634,15664,0,31,5347.373133,-4.752322,360.868842,6233.459550340036,4419.646266252629,0,0,0
158.644,15665,0,31,5347.373133,-4.752322,360.86839499999996,6233.459550340036,4419.646266252629,0,0,0
158.654,15666,0,31,5347.373133,-4.752322,360.86794399999997,6233.459550340036,4419.646266252629,0,0,0
158.664,15667,0,31,5347.373133,-4.752322,360.869217,6233.459550340036,4419.646266252629,0,0,0
158.674,15668,0,31,5347.373133,-4.752322,360.870473,6233.459550340036,4419.646266252629,0,0,0
158.684,15669,0,31,5347.373133,-4.752322,360.870808,6233.459550340036,4419.646266252629,0,0,0
158.694,15670,0,31,5347.373133,-4.752322,360.871166,6233.459550340036,4419.646266252629,0,0,0
158.704,15671,0,31,5347.373133,-4.752322,360.870991,6233.459550340036,4419.646266252629,0,0,0
158.714,15672,0,31,5347.373133,-4.752322,360.870473,6233.459550340036,4419.646266252629,0,0,0
158.724,15673,0,31,5347.373133,-4.752322,360.8703,6233.459550340036,4419.646266252629,0,0,0
158.734,15674,0,31,5347.373133,-4.752322,360.870255,6233.459550340036,4419.646266252629,0,0,0
158.744,15675,0,31,5347.373133,-4.752322,360.870325,6233.459550340036,4419.646266252629,0,0,0
158.754,15676,0,31,5347.373133,-4.752322,360.871087,6233.459550340036,4419.646266252629,0,0,0
158.764,15677,0,31,5347.373133,-4.752322,360.872157,6233.459550340036,4419.646266252629,0,0,0
158.774,15678,0,31,5347.373133,-4.752322,360.872946,6233.459550340036,4419.646266252629,0,0,0
158.784,15679,0,31,5347.373133,-4.752322,360.87338,6233.459550340036,4419.646266252629,0,0,0
158.794,15680,0,31,5347.373133,-4.752322,360.87339199999997,6233.459550340036,4419.646266252629,0,0,0
158.804,15681,0,31,5347.373133,-4.752322,360.873421,6233.459550340036,4419.646266252629,0,0,0
158.814,15682,0,31,5347.373133,-4.752322,360.873353,6233.459550340036,4419.646266252629,0,0,0
158.824,15683,0,31,5347.373133,-4.752322,360.872768,6233.459550340036,4419.646266252629,0,0,0
158.834,15684,0,31,5347.373133,-4.752322,360.872728,6233.459550340036,4419.646266252629,0,0,0
158.844,15685,0,31,5347.373133,-4.752322,360.87278399999997,6233.459550340036,4419.646266252629,0,0,0
158.854,15686,0,31,5347.373133,-4.752322,360.872757,6233.459550340036,4419.646266252629,0,0,0
158.864,15687,0,31,5347.373133,-4.752322,360.872688,6233.459550340036,4419.646266252629,0,0,0
158.874,15688,0,31,5347.373133,-4.752322,360.872799,6233.459550340036,4419.646266252629,0,0,0
158.884,15689,0,31,5347.373133,-4.752322,360.873023,6233.459550340036,4419.646266252629,0,0,0
158.894,15690,0,31,5347.373133,-4.752322,360.873424,6233.459550340036,4419.646266252629,0,0,0
158.904,15691,0,31,5347.373133,-4.752322,360.873688,6233.459550340036,4419.646266252629,0,0,0
158.914,15692,0,31,5347.333235,-4.752322,360.87402399999996,6233.459550340036,4419.646266252629,0,0,0
158.924,15693,0,31,5347.333235,-4.752322,360.87438,6233.459550340036,4419.646266252629,0,0,0
158.934,15694,0,31,5347.333235,-4.752322,360.87474499999996,6233.459550340036,4419.646266252629,0,0,0
158.944,15695,0,31,5347.333235,-4.752322,360.875348,6233.459550340036,4419.646266252629,0,0,0
158.954,15696,0,31,5347.333235,-4.752322,360.875858,6233.459550340036,4419.646266252629,0,0,0
158.964,15697,0,31,5347.333235,-4.752322,360.876121,6233.459550340036,4419.646266252629,0,0,0
158.974,15698,0,31,5347.333235,-4.752322,360.876693,6233.459550340036,4419.646266252629,0,0,0
158.984,15699,0,31,5347.257871,-4.792220,360.876819,6233.459550340036,4419.646266252629,0,0,0
158.994,15700,0,31,5347.257871,-4.792220,360.876734,6233.459550340036,4419.646266252629,0,0,0
159.004,15701,0,31,5347.257871,-4.792220,360.876472,6233.459550340036,4419.646266252629,0,0,0
159.014,15702,0,31,5347.257871,-4.792220,360.877134,6233.459550340036,4419.646266252629,0,0,0
159.024,15703,0,31,5347.178075,-4.792220,360.87861399999997,6233.459550340036,4419.646266252629,0,0,0
159.034,15704,0,31,5347.178075,-4.792220,360.88029,6233.459550340036,4419.646266252629,0,0,0
159.044,15705,0,31,5347.178075,-4.792220,360.87902099999997,6233.459550340036,4419.646266252629,0,0,0
159.054,15706,0,31,5347.178075,-4.792220,360.877075,6233.459550340036,4419.646266252629,0,0,0
159.064,15707,0,31,5347.178075,-4.792220,360.876167,6233.459550340036,4419.646266252629,0,0,0
159.074,15708,0,31,5347.178075,-4.792220,360.87555199999997,6233.459550340036,4419.646266252629,0,0,0
159.084,15709,0,31,5347.178075,-4.792220,360.875493,6233.459550340036,4419.646266252629,0,0,0
159.094,15710,0,31,5347.178075,-4.792220,360.875414,6233.459550340036,4419.646266252629,0,0,0
159.104,15711,0,31,5347.178075,-4.792220,360.875211,6233.459550340036,4419.646266252629,0,0,0
159.114,15712,0,31,5347.178075,-4.792220,360.87458699999996,6233.459550340036,4419.646266252629,0,0,0
159.124,15713,0,31,5347.178075,-4.792220,360.874052,6233.459550340036,4419.646266252629,0,0,0
159.134,15714,0,31,5347.178075,-4.792220,360.87427099999996,6233.459550340036,4419.646266252629,0,0,0
159.144,15715,0,31,5347.178075,-4.792220,360.874998,6233.459550340036,4419.646266252629,0,0,0
159.154,15716,0,31,5347.178075,-4.792220,360.87604899999997,6233.459550340036,4419.646266252629,0,0,0
159.164,15717,0,31,5347.178075,-4.792220,360.877049,6233.459550340036,4419.646266252629,0,0,0
159.174,15718,0,31,5347.178075,-4.827685,360.87803199999996,6233.459550340036,4419.646266252629,0,0,0
159.184,15719,0,31,5347.178075,-4.827685,360.87872999999996,6233.459550340036,4419.646266252629,0,0,0
159.194,15720,0,31,5347.178075,-4.827685,360.879119,6233.459550340036,4419.646266252629,0,0,0
159.204,15721,0,31,5347.178075,-4.827685,360.879546,6233.459550340036,4419.646266252629,0,0,0
159.214,15722,0,31,5347.178075,-4.827685,360.880113,6233.459550340036,4419.646266252629,0,0,0
159.224,15723,0,31,5347.178075,-4.827685,360.880404,6233.459550340036,4419.646266252629,0,0,0
159.234,15724,0,31,5347.178075,-4.827685,360.880154,6233.459550340036,4419.646266252629,0,0,0
159.244,15725,0,31,5347.178075,-4.827685,360.879712,6233.459550340036,4419.646266252629,0,0,0
159.254,15726,0,31,5347.178075,-4.827685,360.879198,6233.459550340036,4419.646266252629,0,0,0
159.264,15727,0,31,5347.178075,-4.827685,360.878926,6233.459550340036,4419.646266252629,0,0,0
159.274,15728,0,31,5347.178075,-4.827685,360.87886499999996,6233.459550340036,4419.646266252629,0,0,0
159.284,15729,0,31,5347.178075,-4.827685,360.87922499999996,6233.459550340036,4419.646266252629,0,0,0
159.294,15730,0,31,5347.178075,-4.827685,360.879379,6233.459550340036,4419.646266252629,0,0,0
159.304,15731,0,31,5347.178075,-4.827685,360.87926899999997,6233.459550340036,4419.646266252629,0,0,0
159.314,15732,0,31,5347.178075,-4.827685,360.879251,6233.459550340036,4419.646266252629,0,0,0
159.324,15733,0,31,5347.178075,-4.827685,360.879286,6233.459550340036,4419.646266252629,0,0,0
159.334,15734,0,31,5347.178075,-4.827685,360.87904499999996,6233.459550340036,4419.646266252629,0,0,0
159.344,15735,0,31,5347.178075,-4.827685,360.878699,6233.459550340036,4419.646266252629,0,0,0
159.354,15736,0,31,5347.178075,-4.827685,360.878222,6233.459550340036,4419.646266252629,0,0,0
159.364,15737,0,31,5347.178075,-4.827685,360.877132,6233.459550340036,4419.646266252629,0,0,0
159.374,15738,0,31,5347.178075,-4.827685,360.876575,6233.459550340036,4419.646266252629,0,0,0
159.384,15739,0,31,5347.178075,-4.827685,360.876182,6233.459550340036,4419.646266252629,0,0,0
159.394,15740,0,31,5347.178075,-4.827685,360.875774,6233.459550340036,4419.646266252629,0,0,0
159.404,15741,0,31,5347.178075,-4.827685,360.87485,6233.459550340036,4419.646266252629,0,0,0
159.414,15742,0,31,5347.178075,-4.827685,360.87010599999996,6233.459550340036,4419.646266252629,0,0,0
159.424,15743,0,31,5347.178075,-4.827685,360.864066,6233.459550340036,4419.646266252629,0,0,0
159.434,15744,0,31,5347.178075,-4.827685,360.862532,6233.459550340036,4419.646266252629,0,0,0
159.444,15745,0,31,5347.178075,-4.827685,360.862974,6233.459550340036,4419.646266252629,0,0,0
159.454,15746,0,31,5347.257871,-4.827685,360.863866,6233.459550340036,4419.646266252629,0,0,0
159.464,15747,0,31,5347.257871,-4.827685,360.86488199999997,6233.459550340036,4419.646266252629,0,0,0
159.474,15748,0,31,5347.257871,-4.827685,360.865346,6233.459550340036,4419.646266252629,0,0,0
159.484,15749,0,31,5347.257871,-4.827685,360.86614299999997,6233.459550340036,4419.646266252629,0,0,0
159.494,15750,0,31,5347.257871,-4.827685,360.865815,6233.459550340036,4419.646266252629,0,0,0
159.504,15751,0,31,5347.257871,-4.827685,360.865225,6233.459550340036,4419.646266252629,0,0,0
159.514,15752,0,31,5347.257871,-4.827685,360.865352,6233.459550340036,4419.646266252629,0,0,0
159.524,15753,0,31,5347.257871,-4.827685,360.865385,6233.459550340036,4419.646266252629,0,0,0
159.534,15754,0,31,5347.257871,-4.827685,360.864961,6233.459550340036,4419.646266252629,0,0,0
159.544,15755,0,31,5347.257871,-4.827685,360.864132,6233.459550340036,4419.646266252629,0,0,0
159.554,15756,0,31,5347.257871,-4.827685,360.86355199999997,6233.459550340036,4419.646266252629,0,0,0
159.564,15757,0,31,5347.257871,-4.827685,360.863025,6233.459550340036,4419.646266252629,0,0,0
159.574,15758,0,31,5347.257871,-4.827685,360.862505,6233.459550340036,4419.646266252629,0,0,0
159.584,15759,0,31,5347.257871,-4.827685,360.862189,6233.459550340036,4419.646266252629,0,0,0
159.594,15760,0,31,5347.257871,-4.827685,360.862164,6233.459550340036,4419.646266252629,0,0,0
159.604,15761,0,31,5347.257871,-4.827685,360.861755,6233.459550340036,4419.646266252629,0,0,0
159.614,15762,0,31,5347.257871,-4.827685,360.861329,6233.459550340036,4419.646266252629,0,0,0
159.624,15763,0,31,5347.257871,-4.827685,360.86108,6233.459550340036,4419.646266252629,0,0,0
159.634,15764,0,31,5347.257871,-4.827685,360.86080499999997,6233.459550340036,4419.646266252629,0,0,0
159.644,15765,0,31,5347.257871,-4.827685,360.860531,6233.459550340036,4419.646266252629,0,0,0
159.654,15766,0,31,5347.257871,-4.827685,360.860956,6233.459550340036,4419.646266252629,0,0,0
159.664,15767,0,31,5347.257871,-4.827685,360.861654,6233.459550340036,4419.646266252629,0,0,0
159.674,15768,0,31,5347.257871,-4.827685,360.862466,6233.459550340036,4419.646266252629,0,0,0
159.684,15769,0,31,5347.257871,-4.827685,360.86229299999997,6233.459550340036,4419.646266252629,0,0,0
159.694,15770,0,31,5347.293337,-4.827685,360.863244,6233.459550340036,4419.646266252629,0,0,0
159.704,15771,0,31,5347.293337,-4.827685,360.863132,6233.459550340036,4419.646266252629,0,0,0
159.714,15772,0,31,5347.293337,-4.827685,360.862739,6233.459550340036,4419.646266252629,0,0,0
159.724,15773,0,31,5347.293337,-4.827685,360.86231399999997,6233.459550340036,4419.646266252629,0,0,0
159.734,15774,0,31,5347.293337,-4.827685,360.862049,6233.459550340036,4419.646266252629,0,0,0
159.744,15775,0,31,5347.293337,-4.827685,360.861824,6233.459550340036,4419.646266252629,0,0,0
159.754,15776,0,31,5347.293337,-4.827685,360.86178,6233.459550340036,4419.646266252629,0,0,0
159.764,15777,0,31,5347.293337,-4.827685,360.861377,6233.459550340036,4419.646266252629,0,0,0
159.774,15778,0,31,5347.293337,-4.827685,360.860991,6233.459550340036,4419.646266252629,0,0,0
159.784,15779,0,31,5347.293337,-4.827685,360.860834,6233.459550340036,4419.646266252629,0,0,0
159.794,15780,0,31,5347.293337,-4.827685,360.860543,6233.459550340036,4419.646266252629,0,0,0
159.804,15781,0,31,5347.293337,-4.827685,360.860136,6233.459550340036,4419.646266252629,0,0,0
159.814,15782,0,31,5347.293337,-4.827685,360.859859,6233.459550340036,4419.646266252629,0,0,0
159.824,15783,0,31,5347.293337,-4.827685,360.859654,6233.459550340036,4419.646266252629,0,0,0
159.834,15784,0,31,5347.293337,-4.827685,360.859262,6233.459550340036,4419.646266252629,0,0,0
159.844,15785,0,31,5347.293337,-4.827685,360.859226,6233.459550340036,4419.646266252629,0,0,0
159.854,15786,0,31,5347.293337,-4.827685,360.856442,6233.459550340036,4419.646266252629,0,0,0
159.864,15787,0,31,5347.293337,-4.827685,360.85389599999996,6233.459550340036,4419.646266252629,0,0,0
159.874,15788,0,31,5347.293337,-4.827685,360.854114,6233.459550340036,4419.646266252629,0,0,0
159.884,15789,0,31,5347.293337,-4.827685,360.854463,6233.459550340036,4419.646266252629,0,0,0
159.894,15790,0,31,5347.293337,-4.827685,360.85475199999996,6233.459550340036,4419.646266252629,0,0,0
159.904,15791,0,31,5347.293337,-4.827685,360.854744,6233.459550340036,4419.646266252629,0,0,0
159.914,15792,0,31,5347.293337,-4.827685,360.85472699999997,6233.459550340036,4419.646266252629,0,0,0
159.924,15793,0,31,5347.293337,-4.827685,360.854719,6233.459550340036,4419.646266252629,0,0,0
159.934,15794,0,31,5347.293337,-4.827685,360.855076,6233.459550340036,4419.646266252629,0,0,0
159.944,15795,0,31,5347.293337,-4.827685,360.855589,6233.459550340036,4419.646266252629,0,0,0
159.954,15796,0,31,5347.333235,-4.827685,360.853531,6233.459550340036,4419.646266252629,0,0,0
159.964,15797,0,31,5347.333235,-4.827685,360.852222,6233.459550340036,4419.646266252629,0,0,0
159.974,15798,0,31,5347.333235,-4.827685,360.849015,6233.459550340036,4419.646266252629,0,0,0
159.984,15799,0,31,5347.333235,-4.827685,360.84515999999996,6233.459550340036,4419.646266252629,0,0,0
159.994,15800,0,31,5347.333235,-4.827685,360.84039,6233.459550340036,4419.646266252629,0,0,0
160.004,15801,0,31,5347.413031,-4.827685,360.833941,6233.459550340036,4419.646266252629,0,0,0
160.014,15802,0,31,5347.413031,-4.827685,360.82707899999997,6233.459550340036,4419.646266252629,0,0,0
160.024,15803,0,31,5347.488394,-4.827685,360.81962599999997,6233.459550340036,4419.646266252629,0,0,0
160.034,15804,0,31,5347.488394,-4.827685,360.812342,6233.459550340036,4419.646266252629,0,0,0
160.044,15805,0,31,5347.568191,-4.827685,360.805607,6233.459550340036,4419.646266252629,0,0,0
160.054,15806,0,31,5347.568191,-4.827685,360.798789,6233.459550340036,4419.646266252629,0,0,0
160.064,15807,0,31,5347.647987,-4.827685,360.79249899999996,6233.459550340036,4419.646266252629,0,0,0
160.074,15808,0,31,5347.647987,-4.827685,360.78678099999996,6233.459550340036,4419.646266252629,0,0,0
160.084,15809,0,31,5347.723351,-4.827685,360.78421199999997,6233.459550340036,4419.646266252629,0,0,0
160.094,15810,0,31,5347.723351,-4.827685,360.78389699999997,6233.459550340036,4419.646266252629,0,0,0
160.104,15811,0,31,5347.723351,-4.827685,360.783061,6233.459550340036,4419.646266252629,0,0,0
160.114,15812,0,31,5347.803147,-4.827685,360.779472,6233.459550340036,4419.646266252629,0,0,0
160.124,15813,0,31,5347.803147,-4.827685,360.77565899999996,6233.459550340036,4419.646266252629,0,0,0
160.134,15814,0,31,5347.803147,-4.827685,360.771985,6233.459550340036,4419.646266252629,0,0,0
160.144,15815,0,31,5347.803147,-4.827685,360.76948,6233.459550340036,4419.646266252629,0,0,0
160.154,15816,0,31,5347.878510,-4.827685,360.769614,6233.459550340036,4419.646266252629,0,0,0
160.164,15817,0,31,5347.878510,-4.827685,360.770736,6233.459550340036,4419.646266252629,0,0,0
160.174,15818,0,31,5347.878510,-4.827685,360.77137,6233.459550340036,4419.646266252629,0,0,0
160.184,15819,0,31,5347.878510,-4.827685,360.774471,6233.459550340036,4419.646266252629,0,0,0
160.194,15820,0,31,5347.878510,-4.827685,360.777519,6233.459550340036,4419.646266252629,0,0,0
160.204,15821,0,31,5347.878510,-4.827685,360.777564,6233.459550340036,4419.646266252629,0,0,0
160.214,15822,0,31,5347.878510,-4.827685,360.776043,6233.459550340036,4419.646266252629,0,0,0
160.224,15823,0,31,5347.878510,-4.827685,360.774641,6233.459550340036,4419.646266252629,0,0,0
160.234,15824,0,31,5347.878510,-4.827685,360.77351799999997,6233.459550340036,4419.646266252629,0,0,0
160.244,15825,0,31,5347.878510,-4.827685,360.771046,6233.459550340036,4419.646266252629,0,0,0
160.254,15826,0,31,5347.878510,-4.827685,360.767645,6233.459550340036,4419.646266252629,0,0,0
160.264,15827,0,31,5347.878510,-4.827685,360.763602,6233.459550340036,4419.646266252629,0,0,0
160.274,15828,0,31,5347.878510,-4.827685,360.759877,6233.459550340036,4419.646266252629,0,0,0
160.284,15829,0,31,5347.958307,-4.827685,360.750255,6233.459550340036,4419.646266252629,0,0,0
160.294,15830,0,31,5347.958307,-4.827685,360.74295,6233.459550340036,4419.646266252629,0,0,0
160.304,15831,0,31,5348.033670,-4.827685,360.73560499999996,6233.459550340036,4419.646266252629,0,0,0
160.314,15832,0,31,5348.033670,-4.827685,360.728901,6233.459550340036,4419.646266252629,0,0,0
160.324,15833,0,31,5348.113467,-4.827685,360.723703,6233.459550340036,4419.646266252629,0,0,0
160.334,15834,0,31,5348.193263,-4.827685,360.721185,6233.459550340036,4419.646266252629,0,0,0
160.344,15835,0,31,5348.193263,-4.827685,360.722926,6233.459550340036,4419.9056047780505,0,0,0
160.354,15836,0,31,5348.268626,-4.827685,360.726572,6233.459550340036,4419.9056047780505,0,0,0
160.364,15837,0,31,5348.268626,-4.827685,360.733777,6233.459550340036,4419.9056047780505,0,0,0
160.374,15838,0,31,5348.348423,-4.792220,360.740238,6233.7188887876555,4419.9056047780505,0,0,0
160.384,15839,0,31,5348.348423,-4.792220,360.746701,6233.7188887876555,4419.9056047780505,0,0,0
160.394,15840,0,31,5348.423786,-4.792220,360.75336,6233.978227235276,4419.9056047780505,0,0,0
160.404,15841,0,31,5348.503583,-4.792220,360.762471,6233.978227235276,4419.9056047780505,0,0,0
160.414,15842,0,31,5348.578946,-4.792220,360.775803,6234.4969042861185,4419.9056047780505,0,0,0
160.424,15843,0,31,5348.658742,-4.792220,360.792315,6234.4969042861185,4419.9056047780505,0,0,0
160.434,15844,0,31,5348.738539,-4.792220,360.805801,6234.4969042861185,4419.9056047780505,0,0,0
160.444,15845,0,31,5348.738539,-4.792220,360.8098,6234.4969042861185,4419.9056047780505,0,0,0
160.454,15846,0,31,5348.813902,-4.792220,360.806038,6234.4969042861185,4419.9056047780505,0,0,0
160.464,15847,0,31,5348.813902,-4.792220,360.800089,6234.4969042861185,4419.9056047780505,0,0,0
160.474,15848,0,31,5348.813902,-4.792220,360.799624,6234.4969042861185,4419.9056047780505,0,0,0
160.484,15849,0,31,5348.813902,-4.792220,360.802078,6234.4969042861185,4419.9056047780505,0,0,0
160.494,15850,0,31,5348.813902,-4.792220,360.80537,6234.4969042861185,4419.9056047780505,0,0,0
160.504,15851,0,31,5348.813902,-4.792220,360.807308,6234.4969042861185,4419.9056047780505,0,0,0
160.514,15852,0,31,5348.813902,-4.792220,360.805426,6234.4969042861185,4419.9056047780505,0,0,0
160.524,15853,0,31,5348.813902,-4.792220,360.805187,6234.4969042861185,4419.9056047780505,0,0,0
160.534,15854,0,31,5348.813902,-4.792220,360.80647799999997,6234.4969042861185,4419.9056047780505,0,0,0
160.544,15855,0,31,5348.813902,-4.792220,360.807318,6234.4969042861185,4419.9056047780505,0,0,0
160.554,15856,0,31,5348.813902,-4.792220,360.807871,6234.4969042861185,4419.9056047780505,0,0,0
160.564,15857,0,31,5348.813902,-4.792220,360.808554,6234.4969042861185,4419.9056047780505,0,0,0
160.574,15858,0,31,5348.813902,-4.792220,360.809544,6234.4969042861185,4419.9056047780505,0,0,0
160.584,15859,0,31,5348.813902,-4.792220,360.814005,6234.4969042861185,4419.9056047780505,0,0,0
160.594,15860,0,31,5348.813902,-4.792220,360.820792,6234.4969042861185,4419.9056047780505,0,0,0
160.604,15861,0,31,5348.774004,-4.792220,360.826812,6234.4969042861185,4419.9056047780505,0,0,0
160.614,15862,0,31,5348.774004,-4.792220,360.830212,6234.4969042861185,4419.9056047780505,0,0,0
160.624,15863,0,31,5348.774004,-4.792220,360.833245,6234.4969042861185,4419.9056047780505,0,0,0
160.634,15864,0,31,5348.774004,-4.792220,360.836396,6234.4969042861185,4419.9056047780505,0,0,0
160.644,15865,0,31,5348.774004,-4.792220,360.836947,6234.4969042861185,4419.9056047780505,0,0,0
160.654,15866,0,31,5348.774004,-4.792220,360.837356,6234.4969042861185,4419.9056047780505,0,0,0
160.664,15867,0,31,5348.774004,-4.792220,360.837384,6234.4969042861185,4419.9056047780505,0,0,0
160.674,15868,0,31,5348.774004,-4.792220,360.837918,6234.4969042861185,4419.9056047780505,0,0,0
160.684,15869,0,31,5348.698641,-4.792220,360.838188,6234.4969042861185,4419.9056047780505,0,0,0
160.694,15870,0,31,5348.698641,-4.792220,360.83787,6234.4969042861185,4419.9056047780505,0,0,0
160.704,15871,0,31,5348.698641,-4.792220,360.836801,6234.4969042861185,4419.9056047780505,0,0,0
160.714,15872,0,31,5348.698641,-4.792220,360.835607,6234.4969042861185,4419.9056047780505,0,0,0
160.724,15873,0,31,5348.698641,-4.792220,360.83433099999996,6234.4969042861185,4419.9056047780505,0,0,0
160.734,15874,0,31,5348.658742,-4.792220,360.833416,6234.4969042861185,4419.9056047780505,0,0,0
160.744,15875,0,31,5348.658742,-4.792220,360.833009,6234.4969042861185,4419.9056047780505,0,0,0
160.754,15876,0,31,5348.658742,-4.792220,360.83300299999996,6234.4969042861185,4419.9056047780505,0,0,0
160.764,15877,0,31,5348.658742,-4.792220,360.833095,6234.4969042861185,4419.9056047780505,0,0,0
160.774,15878,0,31,5348.658742,-4.792220,360.833517,6234.4969042861185,4419.9056047780505,0,0,0
160.784,15879,0,31,5348.658742,-4.792220,360.833876,6234.4969042861185,4419.9056047780505,0,0,0
160.794,15880,0,31,5348.658742,-4.792220,360.833832,6234.4969042861185,4419.9056047780505,0,0,0
160.804,15881,0,31,5348.658742,-4.792220,360.83369,6234.4969042861185,4419.9056047780505,0,0,0
160.814,15882,0,31,5348.658742,-4.792220,360.833832,6234.4969042861185,4419.9056047780505,0,0,0
160.824,15883,0,31,5348.658742,-4.792220,360.833805,6234.4969042861185,4419.9056047780505,0,0,0
160.834,15884,0,31,5348.658742,-4.792220,360.834482,6234.4969042861185,4419.9056047780505,0,0,0
160.844,15885,0,31,5348.658742,-4.792220,360.834949,6234.4969042861185,4419.9056047780505,0,0,0
160.854,15886,0,31,5348.658742,-4.792220,360.835355,6234.4969042861185,4419.9056047780505,0,0,0
160.864,15887,0,31,5348.658742,-4.792220,360.836022,6234.4969042861185,4419.9056047780505,0,0,0
160.874,15888,0,31,5348.658742,-4.792220,360.83651,6234.4969042861185,4419.9056047780505,0,0,0
160.884,15889,0,31,5348.658742,-4.792220,360.83655699999997,6234.4969042861185,4419.9056047780505,0,0,0
160.894,15890,0,31,5348.658742,-4.792220,360.8365,6234.4969042861185,4419.9056047780505,0,0,0
160.904,15891,0,31,5348.658742,-4.792220,360.83669,6234.4969042861185,4419.9056047780505,0,0,0
160.914,15892,0,31,5348.658742,-4.792220,360.836525,6234.4969042861185,4419.9056047780505,0,0,0
160.924,15893,0,31,5348.658742,-4.792220,360.836613,6234.4969042861185,4419.9056047780505,0,0,0
160.934,15894,0,31,5348.618844,-4.792220,360.836144,6234.4969042861185,4419.9056047780505,0,0,0
160.944,15895,0,31,5348.618844,-4.792220,360.835639,6234.4969042861185,4419.9056047780505,0,0,0
160.954,15896,0,31,5348.618844,-4.792220,360.83498,6234.4969042861185,4419.9056047780505,0,0,0
160.964,15897,0,31,5348.618844,-4.792220,360.834336,6234.4969042861185,4419.9056047780505,0,0,0
160.974,15898,0,31,5348.618844,-4.792220,360.833953,6234.4969042861185,4419.9056047780505,0,0,0
160.984,15899,0,31,5348.618844,-4.792220,360.833561,6234.4969042861185,4419.9056047780505,0,0,0
160.994,15900,0,31,5348.618844,-4.792220,360.833327,6234.4969042861185,4419.9056047780505,0,0,0
161.004,15901,0,31,5348.618844,-4.792220,360.833351,6234.4969042861185,4419.9056047780505,0,0,0
161.014,15902,0,31,5348.618844,-4.792220,360.833727,6234.4969042861185,4419.9056047780505,0,0,0
161.024,15903,0,31,5348.618844,-4.792220,360.834255,6234.4969042861185,4419.9056047780505,0,0,0
161.034,15904,0,31,5348.618844,-4.792220,360.834991,6234.4969042861185,4419.9056047780505,0,0,0
161.044,15905,0,31,5348.618844,-4.792220,360.835494,6234.4969042861185,4419.9056047780505,0,0,0
161.054,15906,0,31,5348.618844,-4.792220,360.835374,6234.4969042861185,4419.9056047780505,0,0,0
161.064,15907,0,31,5348.618844,-4.792220,360.835375,6234.4969042861185,4419.9056047780505,0,0,0
161.074,15908,0,31,5348.618844,-4.792220,360.835257,6234.4969042861185,4419.9056047780505,0,0,0
161.084,15909,0,31,5348.618844,-4.792220,360.83495899999997,6234.4969042861185,4419.9056047780505,0,0,0
161.094,15910,0,31,5348.618844,-4.792220,360.835202,6234.4969042861185,4419.9056047780505,0,0,0
161.104,15911,0,31,5348.618844,-4.792220,360.83536,6234.4969042861185,4419.9056047780505,0,0,0
161.114,15912,0,31,5348.618844,-4.792220,360.835531,6234.4969042861185,4419.9056047780505,0,0,0
161.124,15913,0,31,5348.618844,-4.792220,360.83508,6234.4969042861185,4419.9056047780505,0,0,0
161.134,15914,0,31,5348.618844,-4.792220,360.83464,6234.4969042861185,4419.9056047780505,0,0,0
161.144,15915,0,31,5348.618844,-4.792220,360.83463,6234.4969042861185,4419.9056047780505,0,0,0
161.154,15916,0,31,5348.618844,-4.792220,360.834482,6234.4969042861185,4419.9056047780505,0,0,0
161.164,15917,0,31,5348.618844,-4.792220,360.834257,6234.4969042861185,4419.9056047780505,0,0,0
161.174,15918,0,31,5348.618844,-4.792220,360.833932,6234.4969042861185,4419.9056047780505,0,0,0
161.184,15919,0,31,5348.618844,-4.792220,360.833884,6234.4969042861185,4419.9056047780505,0,0,0
161.194,15920,0,31,5348.618844,-4.792220,360.833755,6234.4969042861185,4419.9056047780505,0,0,0
161.204,15921,0,31,5348.618844,-4.792220,360.834065,6234.4969042861185,4419.9056047780505,0,0,0
161.214,15922,0,31,5348.618844,-4.792220,360.834522,6234.4969042861185,4419.9056047780505,0,0,0
161.224,15923,0,31,5348.618844,-4.792220,360.834642,6234.4969042861185,4419.9056047780505,0,0,0
161.234,15924,0,31,5348.618844,-4.792220,360.83504,6234.4969042861185,4419.9056047780505,0,0,0
161.244,15925,0,31,5348.618844,-4.792220,360.835056,6234.4969042861185,4419.9056047780505,0,0,0
161.254,15926,0,31,5348.618844,-4.792220,360.835064,6234.4969042861185,4419.9056047780505,0,0,0
161.264,15927,0,31,5348.618844,-4.792220,360.835098,6234.4969042861185,4419.9056047780505,0,0,0
161.274,15928,0,31,5348.578946,-4.792220,360.835085,6234.4969042861185,4419.9056047780505,0,0,0
161.284,15929,0,31,5348.578946,-4.792220,360.835038,6234.4969042861185,4419.9056047780505,0,0,0
161.294,15930,0,31,5348.578946,-4.792220,360.834898,6234.4969042861185,4419.9056047780505,0,0,0
161.304,15931,0,31,5348.578946,-4.792220,360.83500499999997,6234.4969042861185,4419.9056047780505,0,0,0
161.314,15932,0,31,5348.578946,-4.792220,360.834857,6234.4969042861185,4419.9056047780505,0,0,0
161.324,15933,0,31,5348.578946,-4.792220,360.834901,6234.4969042861185,4419.9056047780505,0,0,0
161.334,15934,0,31,5348.578946,-4.792220,360.835159,6234.4969042861185,4419.9056047780505,0,0,0
161.344,15935,0,31,5348.578946,-4.792220,360.83549,6234.4969042861185,4419.9056047780505,0,0,0
161.354,15936,0,31,5348.578946,-4.792220,360.835438,6234.4969042861185,4419.9056047780505,0,0,0
161.364,15937,0,31,5348.578946,-4.792220,360.835055,6234.4969042861185,4419.9056047780505,0,0,0
161.374,15938,0,31,5348.578946,-4.792220,360.835008,6234.4969042861185,4419.9056047780505,0,0,0
161.384,15939,0,31,5348.578946,-4.792220,360.834907,6234.4969042861185,4419.9056047780505,0,0,0
161.394,15940,0,31,5348.578946,-4.792220,360.834972,6234.4969042861185,4419.9056047780505,0,0,0
161.404,15941,0,31,5348.578946,-4.792220,360.834821,6234.4969042861185,4419.9056047780505,0,0,0
161.414,15942,0,31,5348.578946,-4.792220,360.834526,6234.4969042861185,4419.9056047780505,0,0,0
161.424,15943,0,31,5348.578946,-4.792220,360.834474,6234.4969042861185,4419.9056047780505,0,0,0
161.434,15944,0,31,5348.578946,-4.792220,360.834788,6234.4969042861185,4419.9056047780505,0,0,0
161.444,15945,0,31,5348.578946,-4.792220,360.83498,6234.4969042861185,4419.9056047780505,0,0,0
161.454,15946,0,31,5348.578946,-4.792220,360.835033,6234.4969042861185,4419.9056047780505,0,0,0
161.464,15947,0,31,5348.578946,-4.792220,360.835101,6234.4969042861185,4419.9056047780505,0,0,0
161.474,15948,0,31,5348.578946,-4.792220,360.835285,6234.4969042861185,4419.9056047780505,0,0,0
161.484,15949,0,31,5348.578946,-4.792220,360.835338,6234.4969042861185,4419.9056047780505,0,0,0
161.494,15950,0,31,5348.578946,-4.792220,360.83518499999997,6234.4969042861185,4419.9056047780505,0,0,0
161.504,15951,0,31,5348.578946,-4.792220,360.83507,6234.4969042861185,4419.9056047780505,0,0,0
161.514,15952,0,31,5348.578946,-4.792220,360.835135,6234.4969042861185,4419.9056047780505,0,0,0
161.524,15953,0,31,5348.578946,-4.792220,360.83503,6234.4969042861185,4419.9056047780505,0,0,0
161.534,15954,0,31,5348.578946,-4.792220,360.83483,6234.4969042861185,4419.9056047780505,0,0,0
161.544,15955,0,31,5348.578946,-4.792220,360.834692,6234.4969042861185,4419.9056047780505,0,0,0
161.554,15956,0,31,5348.578946,-4.792220,360.834906,6234.4969042861185,4419.9056047780505,0,0,0
161.564,15957,0,31,5348.578946,-4.792220,360.835054,6234.4969042861185,4419.9056047780505,0,0,0
161.574,15958,0,31,5348.578946,-4.792220,360.834877,6234.4969042861185,4419.9056047780505,0,0,0
161.584,15959,0,31,5348.578946,-4.792220,360.83489399999996,6234.4969042861185,4419.9056047780505,0,0,0
161.594,15960,0,31,5348.578946,-4.792220,360.834858,6234.4969042861185,4419.9056047780505,0,0,0
161.604,15961,0,31,5348.578946,-4.792220,360.834719,6234.4969042861185,4419.9056047780505,0,0,0
161.614,15962,0,31,5348.578946,-4.792220,360.834641,6234.4969042861185,4419.9056047780505,0,0,0
161.624,15963,0,31,5348.578946,-4.792220,360.83454,6234.4969042861185,4419.9056047780505,0,0,0
161.634,15964,0,31,5348.578946,-4.792220,360.834685,6234.4969042861185,4419.9056047780505,0,0,0
161.644,15965,0,31,5348.578946,-4.792220,360.834651,6234.4969042861185,4419.9056047780505,0,0,0
161.654,15966,0,31,5348.578946,-4.792220,360.834525,6234.4969042861185,4419.9056047780505,0,0,0
161.664,15967,0,31,5348.578946,-4.792220,360.834684,6234.4969042861185,4419.9056047780505,0,0,0
161.674,15968,0,31,5348.578946,-4.792220,360.834565,6234.4969042861185,4419.9056047780505,0,0,0
161.684,15969,0,31,5348.578946,-4.792220,360.83455499999997,6234.4969042861185,4419.9056047780505,0,0,0
161.694,15970,0,31,5348.578946,-4.792220,360.834703,6234.4969042861185,4419.9056047780505,0,0,0
161.704,15971,0,31,5348.578946,-4.792220,360.835022,6234.4969042861185,4419.9056047780505,0,0,0
161.714,15972,0,31,5348.578946,-4.792220,360.835205,6234.4969042861185,4419.9056047780505,0,0,0
161.724,15973,0,31,5348.578946,-4.792220,360.835173,6234.4969042861185,4419.9056047780505,0,0,0
161.734,15974,0,31,5348.578946,-4.792220,360.835043,6234.4969042861185,4419.9056047780505,0,0,0
161.744,15975,0,31,5348.578946,-4.792220,360.834784,6234.4969042861185,4419.9056047780505,0,0,0
161.754,15976,0,31,5348.578946,-4.792220,360.834925,6234.4969042861185,4419.9056047780505,0,0,0
161.764,15977,0,31,5348.578946,-4.792220,360.834958,6234.4969042861185,4419.9056047780505,0,0,0
161.774,15978,0,31,5348.578946,-4.792220,360.83486,6234.4969042861185,4419.9056047780505,0,0,0
161.784,15979,0,31,5348.578946,-4.792220,360.83486899999997,6234.4969042861185,4419.9056047780505,0,0,0
161.794,15980,0,31,5348.578946,-4.792220,360.83517,6234.4969042861185,4419.9056047780505,0,0,0
161.804,15981,0,31,5348.578946,-4.792220,360.835112,6234.4969042861185,4419.9056047780505,0,0,0
161.814,15982,0,31,5348.578946,-4.792220,360.835153,6234.4969042861185,4419.9056047780505,0,0,0
161.824,15983,0,31,5348.578946,-4.792220,360.835372,6234.4969042861185,4419.9056047780505,0,0,0
161.834,15984,0,31,5348.578946,-4.792220,360.83527,6234.4969042861185,4419.9056047780505,0,0,0
161.844,15985,0,31,5348.578946,-4.792220,360.835294,6234.4969042861185,4419.9056047780505,0,0,0
161.854,15986,0,31,5348.578946,-4.792220,360.83547699999997,6234.4969042861185,4419.9056047780505,0,0,0
161.864,15987,0,31,5348.578946,-4.792220,360.835103,6234.4969042861185,4419.9056047780505,0,0,0
161.874,15988,0,31,5348.578946,-4.792220,360.835044,6234.4969042861185,4419.9056047780505,0,0,0
161.884,15989,0,31,5348.578946,-4.792220,360.83480399999996,6234.4969042861185,4419.9056047780505,0,0,0
161.894,15990,0,31,5348.578946,-4.792220,360.834604,6234.4969042861185,4419.9056047780505,0,0,0
161.904,15991,0,31,5348.578946,-4.792220,360.83466699999997,6234.4969042861185,4419.9056047780505,0,0,0
161.914,15992,0,31,5348.578946,-4.792220,360.834805,6234.4969042861185,4419.9056047780505,0,0,0
161.924,15993,0,31,5348.578946,-4.792220,360.834865,6234.4969042861185,4419.9056047780505,0,0,0
161.934,15994,0,31,5348.578946,-4.792220,360.834816,6234.4969042861185,4419.9056047780505,0,0,0
161.944,15995,0,31,5348.578946,-4.792220,360.834873,6234.4969042861185,4419.9056047780505,0,0,0
161.954,15996,0,31,5348.578946,-4.792220,360.835087,6234.4969042861185,4419.9056047780505,0,0,0
161.964,15997,0,31,5348.578946,-4.792220,360.83502699999997,6234.4969042861185,4419.9056047780505,0,0,0
161.974,15998,0,31,5348.578946,-4.792220,360.835039,6234.4969042861185,4419.9056047780505,0,0,0
161.984,15999,0,31,5348.578946,-4.792220,360.834738,6234.4969042861185,4419.9056047780505,0,0,0
161.994,16000,0,31,5348.578946,-4.792220,360.834809,6234.4969042861185,4419.9056047780505,0,0,0
162.004,16001,0,31,5348.578946,-4.792220,360.834868,6234.4969042861185,4419.9056047780505,0,0,0
162.014,16002,0,31,5348.578946,-4.792220,360.834641,6234.4969042861185,4419.9056047780505,0,0,0
162.024,16003,0,31,5348.578946,-4.792220,360.83462399999996,6234.4969042861185,4419.9056047780505,0,0,0
162.034,16004,0,31,5348.578946,-4.792220,360.834632,6234.4969042861185,4419.9056047780505,0,0,0
162.044,16005,0,31,5348.578946,-4.792220,360.834574,6234.4969042861185,4419.9056047780505,0,0,0
162.054,16006,0,31,5348.578946,-4.792220,360.834647,6234.4969042861185,4419.9056047780505,0,0,0
162.064,16007,0,31,5348.578946,-4.792220,360.834594,6234.4969042861185,4419.9056047780505,0,0,0
162.074,16008,0,31,5348.578946,-4.792220,360.834638,6234.4969042861185,4419.9056047780505,0,0,0
162.084,16009,0,31,5348.578946,-4.792220,360.83475,6234.4969042861185,4419.9056047780505,0,0,0
162.094,16010,0,31,5348.578946,-4.792220,360.834637,6234.4969042861185,4419.9056047780505,0,0,0
162.104,16011,0,31,5348.578946,-4.792220,360.834776,6234.4969042861185,4419.9056047780505,0,0,0
162.114,16012,0,31,5348.578946,-4.792220,360.834685,6234.4969042861185,4419.9056047780505,0,0,0
162.124,16013,0,31,5348.578946,-4.792220,360.83471299999997,6234.4969042861185,4419.9056047780505,0,0,0
162.134,16014,0,31,5348.578946,-4.792220,360.83498199999997,6234.4969042861185,4419.9056047780505,0,0,0
162.144,16015,0,31,5348.578946,-4.792220,360.834883,6234.4969042861185,4419.9056047780505,0,0,0
162.154,16016,0,31,5348.578946,-4.792220,360.83482599999996,6234.4969042861185,4419.9056047780505,0,0,0
162.164,16017,0,31,5348.578946,-4.792220,360.83455399999997,6234.4969042861185,4419.9056047780505,0,0,0
162.174,16018,0,31,5348.578946,-4.792220,360.834695,6234.4969042861185,4419.9056047780505,0,0,0
162.184,16019,0,31,5348.578946,-4.792220,360.834739,6234.4969042861185,4419.9056047780505,0,0,0
162.194,16020,0,31,5348.578946,-4.792220,360.83441,6234.4969042861185,4419.9056047780505,0,0,0
162.204,16021,0,31,5348.578946,-4.792220,360.83457599999997,6234.4969042861185,4419.9056047780505,0,0,0
162.214,16022,0,31,5348.578946,-4.792220,360.83473,6234.4969042861185,4419.9056047780505,0,0,0
162.224,16023,0,31,5348.578946,-4.792220,360.834933,6234.4969042861185,4419.9056047780505,0,0,0
162.234,16024,0,31,5348.578946,-4.792220,360.834681,6234.4969042861185,4419.9056047780505,0,0,0
162.244,16025,0,31,5348.578946,-4.792220,360.834639,6234.4969042861185,4419.9056047780505,0,0,0
162.254,16026,0,31,5348.578946,-4.792220,360.83485,6234.4969042861185,4419.9056047780505,0,0,0
162.264,16027,0,31,5348.578946,-4.792220,360.83501,6234.4969042861185,4419.9056047780505,0,0,0
162.274,16028,0,31,5348.578946,-4.792220,360.83475,6234.4969042861185,4419.9056047780505,0,0,0
162.284,16029,0,31,5348.578946,-4.792220,360.834607,6234.4969042861185,4419.9056047780505,0,0,0
162.294,16030,0,31,5348.578946,-4.792220,360.834449,6234.4969042861185,4419.9056047780505,0,0,0
162.304,16031,0,31,5348.578946,-4.792220,360.83459999999997,6234.4969042861185,4419.9056047780505,0,0,0
162.314,16032,0,31,5348.578946,-4.792220,360.834822,6234.4969042861185,4419.9056047780505,0,0,0
162.324,16033,0,31,5348.578946,-4.792220,360.834709,6234.4969042861185,4419.9056047780505,0,0,0
162.334,16034,0,31,5348.578946,-4.792220,360.834625,6234.4969042861185,4419.9056047780505,0,0,0
162.344,16035,0,31,5348.578946,-4.792220,360.834558,6234.4969042861185,4419.9056047780505,0,0,0
162.354,16036,0,31,5348.578946,-4.792220,360.834344,6234.4969042861185,4419.9056047780505,0,0,0
162.364,16037,0,31,5348.578946,-4.792220,360.83464,6234.4969042861185,4419.9056047780505,0,0,0
162.374,16038,0,31,5348.578946,-4.792220,360.834867,6234.4969042861185,4419.9056047780505,0,0,0
162.384,16039,0,31,5348.578946,-4.792220,360.83498,6234.4969042861185,4419.9056047780505,0,0,0
162.394,16040,0,31,5348.578946,-4.792220,360.835265,6234.4969042861185,4419.9056047780505,0,0,0
162.404,16041,0,31,5348.578946,-4.792220,360.83534,6234.4969042861185,4419.9056047780505,0,0,0
162.414,16042,0,31,5348.578946,-4.792220,360.83522,6234.4969042861185,4419.9056047780505,0,0,0
162.424,16043,0,31,5348.578946,-4.792220,360.835195,6234.4969042861185,4419.9056047780505,0,0,0
162.434,16044,0,31,5348.578946,-4.792220,360.835256,6234.4969042861185,4419.9056047780505,0,0,0
162.444,16045,0,31,5348.578946,-4.792220,360.835019,6234.4969042861185,4419.9056047780505,0,0,0
162.454,16046,0,31,5348.578946,-4.792220,360.83493699999997,6234.4969042861185,4419.9056047780505,0,0,0
162.464,16047,0,31,5348.578946,-4.792220,360.834901,6234.4969042861185,4419.9056047780505,0,0,0
162.474,16048,0,31,5348.578946,-4.792220,360.834931,6234.4969042861185,4419.9056047780505,0,0,0
162.484,16049,0,31,5348.578946,-4.792220,360.834886,6234.4969042861185,4419.9056047780505,0,0,0
162.494,16050,0,31,5348.578946,-4.792220,360.834721,6234.4969042861185,4419.9056047780505,0,0,0
162.504,16051,0,31,5348.578946,-4.792220,360.834587,6234.4969042861185,4419.9056047780505,0,0,0
162.514,16052,0,31,5348.578946,-4.792220,360.83455,6234.4969042861185,4419.9056047780505,0,0,0
162.524,16053,0,31,5348.578946,-4.792220,360.834535,6234.4969042861185,4419.9056047780505,0,0,0
162.534,16054,0,31,5348.578946,-4.792220,360.834952,6234.4969042861185,4419.9056047780505,0,0,0
162.544,16055,0,31,5348.578946,-4.792220,360.834964,6234.4969042861185,4419.9056047780505,0,0,0
162.554,16056,0,31,5348.578946,-4.792220,360.83503,6234.4969042861185,4419.9056047780505,0,0,0
162.564,16057,0,31,5348.578946,-4.792220,360.834889,6234.4969042861185,4419.9056047780505,0,0,0
162.574,16058,0,31,5348.578946,-4.792220,360.834918,6234.4969042861185,4419.9056047780505,0,0,0
162.584,16059,0,31,5348.578946,-4.792220,360.835089,6234.4969042861185,4419.9056047780505,0,0,0
162.594,16060,0,31,5348.578946,-4.792220,360.835466,6234.4969042861185,4419.9056047780505,0,0,0
162.604,16061,0,31,5348.578946,-4.792220,360.835699,6234.4969042861185,4419.9056047780505,0,0,0
162.614,16062,0,31,5348.578946,-4.792220,360.835897,6234.4969042861185,4419.9056047780505,0,0,0
162.624,16063,0,31,5348.578946,-4.792220,360.835866,6234.4969042861185,4419.9056047780505,0,0,0
162.634,16064,0,31,5348.578946,-4.792220,360.835391,6234.4969042861185,4419.9056047780505,0,0,0
162.644,16065,0,31,5348.578946,-4.792220,360.835194,6234.4969042861185,4419.9056047780505,0,0,0
162.654,16066,0,31,5348.578946,-4.792220,360.835025,6234.4969042861185,4419.9056047780505,0,0,0
162.664,16067,0,31,5348.578946,-4.792220,360.834883,6234.4969042861185,4419.9056047780505,0,0,0
162.674,16068,0,31,5348.578946,-4.792220,360.834796,6234.4969042861185,4419.9056047780505,0,0,0
162.684,16069,0,31,5348.578946,-4.792220,360.834665,6234.4969042861185,4419.9056047780505,0,0,0
162.694,16070,0,31,5348.578946,-4.792220,360.83446599999996,6234.4969042861185,4419.9056047780505,0,0,0
162.704,16071,0,31,5348.578946,-4.792220,360.83464399999997,6234.4969042861185,4419.9056047780505,0,0,0
162.714,16072,0,31,5348.578946,-4.792220,360.83475799999997,6234.4969042861185,4419.9056047780505,0,0,0
162.724,16073,0,31,5348.578946,-4.792220,360.834437,6234.4969042861185,4419.9056047780505,0,0,0
162.734,16074,0,31,5348.578946,-4.792220,360.834371,6234.4969042861185,4419.9056047780505,0,0,0
162.744,16075,0,31,5348.578946,-4.792220,360.834412,6234.4969042861185,4419.9056047780505,0,0,0
162.754,16076,0,31,5348.578946,-4.792220,360.834269,6234.4969042861185,4419.9056047780505,0,0,0
162.764,16077,0,31,5348.578946,-4.792220,360.834479,6234.4969042861185,4419.9056047780505,0,0,0
162.774,16078,0,31,5348.578946,-4.792220,360.834603,6234.4969042861185,4419.9056047780505,0,0,0
162.784,16079,0,31,5348.578946,-4.792220,360.83480199999997,6234.4969042861185,4419.9056047780505,0,0,0
162.794,16080,0,31,5348.578946,-4.792220,360.834921,6234.4969042861185,4419.9056047780505,0,0,0
162.804,16081,0,31,5348.578946,-4.792220,360.834741,6234.4969042861185,4419.9056047780505,0,0,0
162.814,16082,0,31,5348.578946,-4.792220,360.834431,6234.4969042861185,4419.9056047780505,0,0,0
162.824,16083,0,31,5348.578946,-4.792220,360.834312,6234.4969042861185,4419.9056047780505,0,0,0
162.834,16084,0,31,5348.578946,-4.792220,360.834581,6234.4969042861185,4419.9056047780505,0,0,0
162.844,16085,0,31,5348.578946,-4.792220,360.83446499999997,6234.4969042861185,4419.9056047780505,0,0,0
162.854,16086,0,31,5348.578946,-4.792220,360.83446499999997,6234.4969042861185,4419.9056047780505,0,0,0
162.864,16087,0,31,5348.578946,-4.792220,360.834409,6234.4969042861185,4419.9056047780505,0,0,0
162.874,16088,0,31,5348.578946,-4.792220,360.834334,6234.4969042861185,4419.9056047780505,0,0,0
162.884,16089,0,31,5348.578946,-4.792220,360.83419499999997,6234.4969042861185,4419.9056047780505,0,0,0
162.894,16090,0,31,5348.578946,-4.792220,360.834181,6234.4969042861185,4419.9056047780505,0,0,0
162.904,16091,0,31,5348.578946,-4.792220,360.834493,6234.4969042861185,4419.9056047780505,0,0,0
162.914,16092,0,31,5348.578946,-4.792220,360.834567,6234.4969042861185,4419.9056047780505,0,0,0
162.924,16093,0,31,5348.578946,-4.792220,360.834323,6234.4969042861185,4419.9056047780505,0,0,0
162.934,16094,0,31,5348.578946,-4.792220,360.834476,6234.4969042861185,4419.9056047780505,0,0,0
162.944,16095,0,31,5348.578946,-4.792220,360.834585,6234.4969042861185,4419.9056047780505,0,0,0
162.954,16096,0,31,5348.578946,-4.792220,360.83475,6234.4969042861185,4419.9056047780505,0,0,0
162.964,16097,0,31,5348.578946,-4.792220,360.834626,6234.4969042861185,4419.9056047780505,0,0,0
162.974,16098,0,31,5348.578946,-4.792220,360.83464499999997,6234.4969042861185,4419.9056047780505,0,0,0
162.984,16099,0,31,5348.578946,-4.792220,360.83482699999996,6234.4969042861185,4419.9056047780505,0,0,0
162.994,16100,0,31,5348.578946,-4.792220,360.834816,6234.4969042861185,4419.9056047780505,0,0,0
163.004,16101,0,31,5348.578946,-4.792220,360.834514,6234.4969042861185,4419.9056047780505,0,0,0
163.014,16102,0,31,5348.578946,-4.792220,360.83439,6234.4969042861185,4419.9056047780505,0,0,0
163.024,16103,0,31,5348.578946,-4.792220,360.834541,6234.4969042861185,4419.9056047780505,0,0,0
163.034,16104,0,31,5348.578946,-4.792220,360.83452,6234.4969042861185,4419.9056047780505,0,0,0
163.044,16105,0,31,5348.578946,-4.792220,360.834501,6234.4969042861185,4419.9056047780505,0,0,0
163.054,16106,0,31,5348.578946,-4.792220,360.834435,6234.4969042861185,4419.9056047780505,0,0,0
163.064,16107,0,31,5348.578946,-4.792220,360.8344,6234.4969042861185,4419.9056047780505,0,0,0
163.074,16108,0,31,5348.578946,-4.792220,360.834293,6234.4969042861185,4419.9056047780505,0,0,0
163.084,16109,0,31,5348.578946,-4.792220,360.83439,6234.4969042861185,4419.9056047780505,0,0,0
163.094,16110,0,31,5348.578946,-4.792220,360.834164,6234.4969042861185,4419.9056047780505,0,0,0
163.104,16111,0,31,5348.578946,-4.792220,360.83403899999996,6234.4969042861185,4419.9056047780505,0,0,0
163.114,16112,0,31,5348.578946,-4.792220,360.834135,6234.4969042861185,4419.9056047780505,0,0,0
163.124,16113,0,31,5348.578946,-4.792220,360.834495,6234.4969042861185,4419.9056047780505,0,0,0
163.134,16114,0,31,5348.578946,-4.792220,360.834642,6234.4969042861185,4419.9056047780505,0,0,0
163.144,16115,0,31,5348.578946,-4.792220,360.83451099999996,6234.4969042861185,4419.9056047780505,0,0,0
163.154,16116,0,31,5348.578946,-4.792220,360.834665,6234.4969042861185,4419.9056047780505,0,0,0
163.164,16117,0,31,5348.578946,-4.792220,360.83468799999997,6234.4969042861185,4419.9056047780505,0,0,0
163.174,16118,0,31,5348.578946,-4.792220,360.835088,6234.4969042861185,4419.9056047780505,0,0,0
163.184,16119,0,31,5348.578946,-4.792220,360.835331,6234.4969042861185,4419.9056047780505,0,0,0
163.194,16120,0,31,5348.578946,-4.792220,360.835361,6234.4969042861185,4419.9056047780505,0,0,0
163.204,16121,0,31,5348.578946,-4.792220,360.835313,6234.4969042861185,4419.9056047780505,0,0,0
163.214,16122,0,31,5348.578946,-4.792220,360.835377,6234.4969042861185,4419.9056047780505,0,0,0
163.224,16123,0,31,5348.578946,-4.792220,360.83526,6234.4969042861185,4419.9056047780505,0,0,0
163.234,16124,0,31,5348.578946,-4.792220,360.835375,6234.4969042861185,4419.9056047780505,0,0,0
163.244,16125,0,31,5348.578946,-4.792220,360.835197,6234.4969042861185,4419.9056047780505,0,0,0
163.254,16126,0,31,5348.578946,-4.792220,360.835102,6234.4969042861185,4419.9056047780505,0,0,0
163.264,16127,0,31,5348.578946,-4.792220,360.835041,6234.4969042861185,4419.9056047780505,0,0,0
163.274,16128,0,31,5348.578946,-4.792220,360.835115,6234.4969042861185,4419.9056047780505,0,0,0
163.284,16129,0,31,5348.578946,-4.792220,360.83498399999996,6234.4969042861185,4419.9056047780505,0,0,0
163.294,16130,0,31,5348.578946,-4.792220,360.83487099999996,6234.4969042861185,4419.9056047780505,0,0,0
163.304,16131,0,31,5348.578946,-4.792220,360.83469099999996,6234.4969042861185,4419.9056047780505,0,0,0
163.314,16132,0,31,5348.578946,-4.792220,360.834737,6234.4969042861185,4419.9056047780505,0,0,0
163.324,16133,0,31,5348.578946,-4.792220,360.834693,6234.4969042861185,4419.9056047780505,0,0,0
163.334,16134,0,31,5348.578946,-4.792220,360.834568,6234.4969042861185,4419.9056047780505,0,0,0
163.344,16135,0,31,5348.578946,-4.792220,360.83473499999997,6234.4969042861185,4419.9056047780505,0,0,0
163.354,16136,0,31,5348.578946,-4.792220,360.83461,6234.4969042861185,4419.9056047780505,0,0,0
163.364,16137,0,31,5348.578946,-4.792220,360.834593,6234.4969042861185,4419.9056047780505,0,0,0
163.374,16138,0,31,5348.578946,-4.792220,360.83455299999997,6234.4969042861185,4419.9056047780505,0,0,0
163.384,16139,0,31,5348.578946,-4.792220,360.834426,6234.4969042861185,4419.9056047780505,0,0,0
163.394,16140,0,31,5348.578946,-4.792220,360.834426,6234.4969042861185,4419.9056047780505,0,0,0
163.404,16141,0,31,5348.578946,-4.792220,360.834701,6234.4969042861185,4419.9056047780505,0,0,0
163.414,16142,0,31,5348.578946,-4.792220,360.834638,6234.4969042861185,4419.9056047780505,0,0,0
163.424,16143,0,31,5348.578946,-4.792220,360.83447,6234.4969042861185,4419.9056047780505,0,0,0
163.434,16144,0,31,5348.578946,-4.792220,360.834679,6234.4969042861185,4419.9056047780505,0,0,0
163.444,16145,0,31,5348.578946,-4.792220,360.83471399999996,6234.4969042861185,4419.9056047780505,0,0,0
163.454,16146,0,31,5348.578946,-4.792220,360.834799,6234.4969042861185,4419.9056047780505,0,0,0
163.464,16147,0,31,5348.578946,-4.792220,360.834682,6234.4969042861185,4419.9056047780505,0,0,0
163.474,16148,0,31,5348.578946,-4.792220,360.834672,6234.4969042861185,4419.9056047780505,0,0,0
163.484,16149,0,31,5348.578946,-4.792220,360.834716,6234.4969042861185,4419.9056047780505,0,0,0
163.494,16150,0,31,5348.578946,-4.792220,360.83465,6234.4969042861185,4419.9056047780505,0,0,0
163.504,16151,0,31,5348.578946,-4.792220,360.834606,6234.4969042861185,4419.9056047780505,0,0,0
163.514,16152,0,31,5348.578946,-4.792220,360.834582,6234.4969042861185,4419.9056047780505,0,0,0
163.524,16153,0,31,5348.578946,-4.792220,360.83451099999996,6234.4969042861185,4419.9056047780505,0,0,0
163.534,16154,0,31,5348.578946,-4.792220,360.83433099999996,6234.4969042861185,4419.9056047780505,0,0,0
163.544,16155,0,31,5348.578946,-4.792220,360.83427,6234.4969042861185,4419.9056047780505,0,0,0
163.554,16156,0,31,5348.578946,-4.792220,360.834233,6234.4969042861185,4419.9056047780505,0,0,0
163.564,16157,0,31,5348.578946,-4.792220,360.83444299999996,6234.4969042861185,4419.9056047780505,0,0,0
163.574,16158,0,31,5348.578946,-4.792220,360.83445,6234.4969042861185,4419.9056047780505,0,0,0
163.584,16159,0,31,5348.578946,-4.792220,360.834521,6234.4969042861185,4419.9056047780505,0,0,0
163.594,16160,0,31,5348.578946,-4.792220,360.83448699999997,6234.4969042861185,4419.9056047780505,0,0,0
163.604,16161,0,31,5348.578946,-4.792220,360.834382,6234.4969042861185,4419.9056047780505,0,0,0
163.614,16162,0,31,5348.578946,-4.792220,360.834232,6234.4969042861185,4419.9056047780505,0,0,0
163.624,16163,0,31,5348.578946,-4.792220,360.834204,6234.4969042861185,4419.9056047780505,0,0,0
163.634,16164,0,31,5348.578946,-4.792220,360.83417399999996,6234.4969042861185,4419.9056047780505,0,0,0
163.644,16165,0,31,5348.578946,-4.792220,360.83412699999997,6234.4969042861185,4419.9056047780505,0,0,0
163.654,16166,0,31,5348.578946,-4.792220,360.834268,6234.4969042861185,4419.9056047780505,0,0,0
163.664,16167,0,31,5348.578946,-4.792220,360.834268,6234.4969042861185,4419.9056047780505,0,0,0
163.674,16168,0,31,5348.578946,-4.792220,360.834326,6234.4969042861185,4419.9056047780505,0,0,0
163.684,16169,0,31,5348.578946,-4.792220,360.83432799999997,6234.4969042861185,4419.9056047780505,0,0,0
163.694,16170,0,31,5348.578946,-4.792220,360.834005,6234.4969042861185,4419.9056047780505,0,0,0
163.704,16171,0,31,5348.578946,-4.792220,360.834161,6234.4969042861185,4419.9056047780505,0,0,0
163.714,16172,0,31,5348.578946,-4.792220,360.834317,6234.4969042861185,4419.9056047780505,0,0,0
163.724,16173,0,31,5348.578946,-4.792220,360.83435,6234.4969042861185,4419.9056047780505,0,0,0
163.734,16174,0,31,5348.578946,-4.792220,360.83441,6234.4969042861185,4419.9056047780505,0,0,0
163.744,16175,0,31,5348.578946,-4.792220,360.834393,6234.4969042861185,4419.9056047780505,0,0,0
163.754,16176,0,31,5348.578946,-4.792220,360.83426399999996,6234.4969042861185,4419.9056047780505,0,0,0
163.764,16177,0,31,5348.578946,-4.792220,360.834327,6234.4969042861185,4419.9056047780505,0,0,0
163.774,16178,0,31,5348.578946,-4.792220,360.83441999999997,6234.4969042861185,4419.9056047780505,0,0,0
163.784,16179,0,31,5348.578946,-4.792220,360.834279,6234.4969042861185,4419.9056047780505,0,0,0
163.794,16180,0,31,5348.578946,-4.792220,360.83428399999997,6234.4969042861185,4419.9056047780505,0,0,0
163.804,16181,0,31,5348.578946,-4.792220,360.83441,6234.4969042861185,4419.9056047780505,0,0,0
163.814,16182,0,31,5348.578946,-4.792220,360.834721,6234.4969042861185,4419.9056047780505,0,0,0
163.824,16183,0,31,5348.578946,-4.792220,360.83482699999996,6234.4969042861185,4419.9056047780505,0,0,0
163.834,16184,0,31,5348.578946,-4.792220,360.83457599999997,6234.4969042861185,4419.9056047780505,0,0,0
163.844,16185,0,31,5348.578946,-4.792220,360.83444399999996,6234.4969042861185,4419.9056047780505,0,0,0
163.854,16186,0,31,5348.578946,-4.792220,360.83447,6234.4969042861185,4419.9056047780505,0,0,0
163.864,16187,0,31,5348.578946,-4.792220,360.8345,6234.4969042861185,4419.9056047780505,0,0,0
163.874,16188,0,31,5348.578946,-4.792220,360.83455399999997,6234.4969042861185,4419.9056047780505,0,0,0
163.884,16189,0,31,5348.578946,-4.792220,360.834614,6234.4969042861185,4419.9056047780505,0,0,0
163.894,16190,0,31,5348.578946,-4.792220,360.834657,6234.4969042861185,4419.9056047780505,0,0,0
163.904,16191,0,31,5348.578946,-4.792220,360.83447,6234.4969042861185,4419.9056047780505,0,0,0
163.914,16192,0,31,5348.578946,-4.792220,360.834298,6234.4969042861185,4419.9056047780505,0,0,0
163.924,16193,0,31,5348.578946,-4.792220,360.834405,6234.4969042861185,4419.9056047780505,0,0,0
163.934,16194,0,31,5348.578946,-4.792220,360.834557,6234.4969042861185,4419.9056047780505,0,0,0
163.944,16195,0,31,5348.578946,-4.792220,360.834437,6234.4969042861185,4419.9056047780505,0,0,0
163.954,16196,0,31,5348.578946,-4.792220,360.834523,6234.4969042861185,4419.9056047780505,0,0,0
163.964,16197,0,31,5348.578946,-4.792220,360.834438,6234.4969042861185,4419.9056047780505,0,0,0
163.974,16198,0,31,5348.578946,-4.792220,360.834828,6234.4969042861185,4419.9056047780505,0,0,0
163.984,16199,0,31,5348.578946,-4.792220,360.834931,6234.4969042861185,4419.9056047780505,0,0,0
163.994,16200,0,31,5348.578946,-4.792220,360.834861,6234.4969042861185,4419.9056047780505,0,0,0
164.004,16201,0,31,5348.578946,-4.792220,360.83457,6234.4969042861185,4419.9056047780505,0,0,0
164.014,16202,0,31,5348.578946,-4.792220,360.834664,6234.4969042861185,4419.9056047780505,0,0,0
164.024,16203,0,31,5348.578946,-4.792220,360.834495,6234.4969042861185,4419.9056047780505,0,0,0
164.034,16204,0,31,5348.578946,-4.792220,360.834762,6234.4969042861185,4419.9056047780505,0,0,0
164.044,16205,0,31,5348.578946,-4.792220,360.834702,6234.4969042861185,4419.9056047780505,0,0,0
164.054,16206,0,31,5348.578946,-4.792220,360.834629,6234.4969042861185,4419.9056047780505,0,0,0
164.064,16207,0,31,5348.578946,-4.792220,360.834372,6234.4969042861185,4419.9056047780505,0,0,0
164.074,16208,0,31,5348.578946,-4.792220,360.834357,6234.4969042861185,4419.9056047780505,0,0,0
164.084,16209,0,31,5348.578946,-4.792220,360.834434,6234.4969042861185,4419.9056047780505,0,0,0
164.094,16210,0,31,5348.578946,-4.792220,360.834372,6234.4969042861185,4419.9056047780505,0,0,0
164.104,16211,0,31,5348.578946,-4.792220,360.834224,6234.4969042861185,4419.9056047780505,0,0,0
164.114,16212,0,31,5348.578946,-4.792220,360.834315,6234.4969042861185,4419.9056047780505,0,0,0
164.124,16213,0,31,5348.578946,-4.792220,360.834333,6234.4969042861185,4419.9056047780505,0,0,0
164.134,16214,0,31,5348.578946,-4.792220,360.834422,6234.4969042861185,4419.9056047780505,0,0,0
164.144,16215,0,31,5348.578946,-4.792220,360.834244,6234.4969042861185,4419.9056047780505,0,0,0
164.154,16216,0,31,5348.578946,-4.792220,360.834449,6234.4969042861185,4419.9056047780505,0,0,0
164.164,16217,0,31,5348.578946,-4.792220,360.834663,6234.4969042861185,4419.9056047780505,0,0,0
164.174,16218,0,31,5348.578946,-4.792220,360.834654,6234.4969042861185,4419.9056047780505,0,0,0
164.184,16219,0,31,5348.578946,-4.792220,360.83471399999996,6234.4969042861185,4419.9056047780505,0,0,0
164.194,16220,0,31,5348.578946,-4.792220,360.834663,6234.4969042861185,4419.9056047780505,0,0,0
164.204,16221,0,31,5348.578946,-4.792220,360.834544,6234.4969042861185,4419.9056047780505,0,0,0
164.214,16222,0,31,5348.578946,-4.792220,360.834703,6234.4969042861185,4419.9056047780505,0,0,0
164.224,16223,0,31,5348.578946,-4.792220,360.834592,6234.4969042861185,4419.9056047780505,0,0,0
164.234,16224,0,31,5348.578946,-4.792220,360.83448699999997,6234.4969042861185,4419.9056047780505,0,0,0
164.244,16225,0,31,5348.578946,-4.792220,360.834615,6234.4969042861185,4419.9056047780505,0,0,0
164.254,16226,0,31,5348.578946,-4.792220,360.83441899999997,6234.4969042861185,4419.9056047780505,0,0,0
164.264,16227,0,31,5348.578946,-4.792220,360.83428,6234.4969042861185,4419.9056047780505,0,0,0
164.274,16228,0,31,5348.578946,-4.792220,360.834362,6234.4969042861185,4419.9056047780505,0,0,0
164.284,16229,0,31,5348.578946,-4.792220,360.83426099999997,6234.4969042861185,4419.9056047780505,0,0,0
164.294,16230,0,31,5348.578946,-4.792220,360.834181,6234.4969042861185,4419.9056047780505,0,0,0
164.304,16231,0,31,5348.578946,-4.792220,360.834069,6234.4969042861185,4419.9056047780505,0,0,0
164.314,16232,0,31,5348.578946,-4.792220,360.834205,6234.4969042861185,4419.9056047780505,0,0,0
164.324,16233,0,31,5348.578946,-4.792220,360.834377,6234.4969042861185,4419.9056047780505,0,0,0
164.334,16234,0,31,5348.578946,-4.792220,360.834431,6234.4969042861185,4419.9056047780505,0,0,0
164.344,16235,0,31,5348.578946,-4.792220,360.834813,6234.4969042861185,4419.9056047780505,0,0,0
164.354,16236,0,31,5348.578946,-4.792220,360.834854,6234.4969042861185,4419.9056047780505,0,0,0
164.364,16237,0,31,5348.578946,-4.792220,360.83477,6234.4969042861185,4419.9056047780505,0,0,0
164.374,16238,0,31,5348.578946,-4.792220,360.834651,6234.4969042861185,4419.9056047780505,0,0,0
164.384,16239,0,31,5348.578946,-4.792220,360.83487199999996,6234.4969042861185,4419.9056047780505,0,0,0
164.394,16240,0,31,5348.578946,-4.792220,360.834867,6234.4969042861185,4419.9056047780505,0,0,0
164.404,16241,0,31,5348.578946,-4.792220,360.834972,6234.4969042861185,4419.9056047780505,0,0,0
164.414,16242,0,31,5348.578946,-4.792220,360.83484899999996,6234.4969042861185,4419.9056047780505,0,0,0
164.424,16243,0,31,5348.578946,-4.792220,360.834798,6234.4969042861185,4419.9056047780505,0,0,0
164.434,16244,0,31,5348.578946,-4.792220,360.834834,6234.4969042861185,4419.9056047780505,0,0,0
164.444,16245,0,31,5348.578946,-4.792220,360.834752,6234.4969042861185,4419.9056047780505,0,0,0
164.454,16246,0,31,5348.578946,-4.792220,360.83459999999997,6234.4969042861185,4419.9056047780505,0,0,0
164.464,16247,0,31,5348.578946,-4.792220,360.834471,6234.4969042861185,4419.9056047780505,0,0,0
164.474,16248,0,31,5348.578946,-4.792220,360.834425,6234.4969042861185,4419.9056047780505,0,0,0
164.484,16249,0,31,5348.578946,-4.792220,360.834392,6234.4969042861185,4419.9056047780505,0,0,0
164.494,16250,0,31,5348.578946,-4.792220,360.834452,6234.4969042861185,4419.9056047780505,0,0,0
164.504,16251,0,31,5348.578946,-4.792220,360.834429,6234.4969042861185,4419.9056047780505,0,0,0
164.514,16252,0,31,5348.578946,-4.792220,360.834656,6234.4969042861185,4419.9056047780505,0,0,0
164.524,16253,0,31,5348.578946,-4.792220,360.83462299999997,6234.4969042861185,4419.9056047780505,0,0,0
164.534,16254,0,31,5348.578946,-4.792220,360.83467,6234.4969042861185,4419.9056047780505,0,0,0
164.544,16255,0,31,5348.578946,-4.792220,360.834694,6234.4969042861185,4419.9056047780505,0,0,0
164.554,16256,0,31,5348.578946,-4.792220,360.834725,6234.4969042861185,4419.9056047780505,0,0,0
164.564,16257,0,31,5348.578946,-4.792220,360.834764,6234.4969042861185,4419.9056047780505,0,0,0
164.574,16258,0,31,5348.578946,-4.792220,360.834752,6234.4969042861185,4419.9056047780505,0,0,0
164.584,16259,0,31,5348.578946,-4.792220,360.834879,6234.4969042861185,4419.9056047780505,0,0,0
164.594,16260,0,31,5348.578946,-4.792220,360.834972,6234.4969042861185,4419.9056047780505,0,0,0
164.604,16261,0,31,5348.578946,-4.792220,360.835135,6234.4969042861185,4419.9056047780505,0,0,0
164.614,16262,0,31,5348.578946,-4.792220,360.835033,6234.4969042861185,4419.9056047780505,0,0,0
164.624,16263,0,31,5348.578946,-4.792220,360.834968,6234.4969042861185,4419.9056047780505,0,0,0
164.634,16264,0,31,5348.578946,-4.792220,360.834649,6234.4969042861185,4419.9056047780505,0,0,0
164.644,16265,0,31,5348.578946,-4.792220,360.834567,6234.4969042861185,4419.9056047780505,0,0,0
164.654,16266,0,31,5348.578946,-4.792220,360.834642,6234.4969042861185,4419.9056047780505,0,0,0
164.664,16267,0,31,5348.578946,-4.792220,360.83480399999996,6234.4969042861185,4419.9056047780505,0,0,0
164.674,16268,0,31,5348.578946,-4.792220,360.83486999999997,6234.4969042861185,4419.9056047780505,0,0,0
164.684,16269,0,31,5348.578946,-4.792220,360.834971,6234.4969042861185,4419.9056047780505,0,0,0
164.694,16270,0,31,5348.578946,-4.792220,360.834974,6234.4969042861185,4419.9056047780505,0,0,0
164.704,16271,0,31,5348.578946,-4.792220,360.834909,6234.4969042861185,4419.9056047780505,0,0,0
164.714,16272,0,31,5348.578946,-4.792220,360.834921,6234.4969042861185,4419.9056047780505,0,0,0
164.724,16273,0,31,5348.578946,-4.792220,360.834895,6234.4969042861185,4419.9056047780505,0,0,0
164.734,16274,0,31,5348.578946,-4.792220,360.83491499999997,6234.4969042861185,4419.9056047780505,0,0,0
164.744,16275,0,31,5348.578946,-4.792220,360.834924,6234.4969042861185,4419.9056047780505,0,0,0
164.754,16276,0,31,5348.578946,-4.792220,360.834664,6234.4969042861185,4419.9056047780505,0,0,0
164.764,16277,0,31,5348.578946,-4.792220,360.834812,6234.4969042861185,4419.9056047780505,0,0,0
164.774,16278,0,31,5348.578946,-4.792220,360.834571,6234.4969042861185,4419.9056047780505,0,0,0
164.784,16279,0,31,5348.578946,-4.792220,360.83457,6234.4969042861185,4419.9056047780505,0,0,0
164.794,16280,0,31,5348.578946,-4.792220,360.834771,6234.4969042861185,4419.9056047780505,0,0,0
164.804,16281,0,31,5348.578946,-4.792220,360.834746,6234.4969042861185,4419.9056047780505,0,0,0
164.814,16282,0,31,5348.578946,-4.792220,360.834706,6234.4969042861185,4419.9056047780505,0,0,0
164.824,16283,0,31,5348.578946,-4.792220,360.83480099999997,6234.4969042861185,4419.9056047780505,0,0,0
164.834,16284,0,31,5348.578946,-4.792220,360.835054,6234.4969042861185,4419.9056047780505,0,0,0
164.844,16285,0,31,5348.578946,-4.792220,360.835085,6234.4969042861185,4419.9056047780505,0,0,0
164.854,16286,0,31,5348.578946,-4.792220,360.83491599999996,6234.4969042861185,4419.9056047780505,0,0,0
164.864,16287,0,31,5348.578946,-4.792220,360.834715,6234.4969042861185,4419.9056047780505,0,0,0
164.874,16288,0,31,5348.578946,-4.792220,360.834719,6234.4969042861185,4419.9056047780505,0,0,0
164.884,16289,0,31,5348.578946,-4.792220,360.834582,6234.4969042861185,4419.9056047780505,0,0,0
164.894,16290,0,31,5348.578946,-4.792220,360.834517,6234.4969042861185,4419.9056047780505,0,0,0
164.904,16291,0,31,5348.578946,-4.792220,360.83458,6234.4969042861185,4419.9056047780505,0,0,0
164.914,16292,0,31,5348.578946,-4.792220,360.834471,6234.4969042861185,4419.9056047780505,0,0,0
164.924,16293,0,31,5348.578946,-4.792220,360.834345,6234.4969042861185,4419.9056047780505,0,0,0
164.934,16294,0,31,5348.578946,-4.792220,360.834497,6234.4969042861185,4419.9056047780505,0,0,0
164.944,16295,0,31,5348.578946,-4.792220,360.834569,6234.4969042861185,4419.9056047780505,0,0,0
164.954,16296,0,31,5348.578946,-4.792220,360.834528,6234.4969042861185,4419.9056047780505,0,0,0
164.964,16297,0,31,5348.578946,-4.792220,360.834492,6234.4969042861185,4419.9056047780505,0,0,0
164.974,16298,0,31,5348.578946,-4.792220,360.834413,6234.4969042861185,4419.9056047780505,0,0,0
164.984,16299,0,31,5348.578946,-4.792220,360.834566,6234.4969042861185,4419.9056047780505,0,0,0
164.994,16300,0,31,5348.578946,-4.792220,360.834515,6234.4969042861185,4419.9056047780505,0,0,0
165.004,16301,0,31,5348.578946,-4.792220,360.834602,6234.4969042861185,4419.9056047780505,0,0,0
165.014,16302,0,31,5348.578946,-4.792220,360.834694,6234.4969042861185,4419.9056047780505,0,0,0
165.024,16303,0,31,5348.578946,-4.792220,360.834652,6234.4969042861185,4419.9056047780505,0,0,0
165.034,16304,0,31,5348.578946,-4.792220,360.834726,6234.4969042861185,4419.9056047780505,0,0,0
165.044,16305,0,31,5348.578946,-4.792220,360.83471399999996,6234.4969042861185,4419.9056047780505,0,0,0
165.054,16306,0,31,5348.578946,-4.792220,360.834722,6234.4969042861185,4419.9056047780505,0,0,0
165.064,16307,0,31,5348.578946,-4.792220,360.83482699999996,6234.4969042861185,4419.9056047780505,0,0,0
165.074,16308,0,31,5348.578946,-4.792220,360.834796,6234.4969042861185,4419.9056047780505,0,0,0
165.084,16309,0,31,5348.578946,-4.792220,360.83473399999997,6234.4969042861185,4419.9056047780505,0,0,0
165.094,16310,0,31,5348.578946,-4.792220,360.83455299999997,6234.4969042861185,4419.9056047780505,0,0,0
165.104,16311,0,31,5348.578946,-4.792220,360.83430799999996,6234.4969042861185,4419.9056047780505,0,0,0
165.114,16312,0,31,5348.578946,-4.792220,360.834499,6234.4969042861185,4419.9056047780505,0,0,0
165.124,16313,0,31,5348.578946,-4.792220,360.834432,6234.4969042861185,4419.9056047780505,0,0,0
165.134,16314,0,31,5348.578946,-4.792220,360.834208,6234.4969042861185,4419.9056047780505,0,0,0
165.144,16315,0,31,5348.578946,-4.792220,360.83464,6234.4969042861185,4419.9056047780505,0,0,0
165.154,16316,0,31,5348.578946,-4.792220,360.834769,6234.4969042861185,4419.9056047780505,0,0,0
165.164,16317,0,31,5348.578946,-4.792220,360.834562,6234.4969042861185,4419.9056047780505,0,0,0
165.174,16318,0,31,5348.578946,-4.792220,360.834383,6234.4969042861185,4419.9056047780505,0,0,0
165.184,16319,0,31,5348.578946,-4.792220,360.834305,6234.4969042861185,4419.9056047780505,0,0,0
165.194,16320,0,31,5348.578946,-4.792220,360.83435,6234.4969042861185,4419.9056047780505,0,0,0
165.204,16321,0,31,5348.578946,-4.792220,360.83463,6234.4969042861185,4419.9056047780505,0,0,0
165.214,16322,0,31,5348.578946,-4.792220,360.834813,6234.4969042861185,4419.9056047780505,0,0,0
165.224,16323,0,31,5348.578946,-4.792220,360.835223,6234.4969042861185,4419.9056047780505,0,0,0
165.234,16324,0,31,5348.578946,-4.792220,360.835333,6234.4969042861185,4419.9056047780505,0,0,0
165.244,16325,0,31,5348.578946,-4.792220,360.835148,6234.4969042861185,4419.9056047780505,0,0,0
165.254,16326,0,31,5348.578946,-4.792220,360.834793,6234.4969042861185,4419.9056047780505,0,0,0
165.264,16327,0,31,5348.578946,-4.792220,360.834828,6234.4969042861185,4419.9056047780505,0,0,0
165.274,16328,0,31,5348.578946,-4.792220,360.83493899999996,6234.4969042861185,4419.9056047780505,0,0,0
165.284,16329,0,31,5348.578946,-4.792220,360.834958,6234.4969042861185,4419.9056047780505,0,0,0
165.294,16330,0,31,5348.578946,-4.792220,360.834884,6234.4969042861185,4419.9056047780505,0,0,0
165.304,16331,0,31,5348.578946,-4.792220,360.834684,6234.4969042861185,4419.9056047780505,0,0,0
165.314,16332,0,31,5348.578946,-4.792220,360.834723,6234.4969042861185,4419.9056047780505,0,0,0
165.324,16333,0,31,5348.578946,-4.792220,360.83457899999996,6234.4969042861185,4419.9056047780505,0,0,0
165.334,16334,0,31,5348.578946,-4.792220,360.83469099999996,6234.4969042861185,4419.9056047780505,0,0,0
165.344,16335,0,31,5348.578946,-4.792220,360.83478099999996,6234.4969042861185,4419.9056047780505,0,0,0
165.354,16336,0,31,5348.578946,-4.792220,360.834806,6234.4969042861185,4419.9056047780505,0,0,0
165.364,16337,0,31,5348.578946,-4.792220,360.834773,6234.4969042861185,4419.9056047780505,0,0,0
165.374,16338,0,31,5348.578946,-4.792220,360.834946,6234.4969042861185,4419.9056047780505,0,0,0
165.384,16339,0,31,5348.578946,-4.792220,360.834889,6234.4969042861185,4419.9056047780505,0,0,0
165.394,16340,0,31,5348.578946,-4.792220,360.835022,6234.4969042861185,4419.9056047780505,0,0,0
165.404,16341,0,31,5348.578946,-4.792220,360.834952,6234.4969042861185,4419.9056047780505,0,0,0
165.414,16342,0,31,5348.578946,-4.792220,360.834947,6234.4969042861185,4419.9056047780505,0,0,0
165.424,16343,0,31,5348.578946,-4.792220,360.834751,6234.4969042861185,4419.9056047780505,0,0,0
165.434,16344,0,31,5348.578946,-4.792220,360.834866,6234.4969042861185,4419.9056047780505,0,0,0
165.444,16345,0,31,5348.578946,-4.792220,360.834978,6234.4969042861185,4419.9056047780505,0,0,0
165.454,16346,0,31,5348.578946,-4.792220,360.83485,6234.4969042861185,4419.9056047780505,0,0,0
165.464,16347,0,31,5348.578946,-4.792220,360.834628,6234.4969042861185,4419.9056047780505,0,0,0
165.474,16348,0,31,5348.578946,-4.792220,360.834797,6234.4969042861185,4419.9056047780505,0,0,0
165.484,16349,0,31,5348.578946,-4.792220,360.834679,6234.4969042861185,4419.9056047780505,0,0,0
165.494,16350,0,31,5348.578946,-4.792220,360.834744,6234.4969042861185,4419.9056047780505,0,0,0
165.504,16351,0,31,5348.578946,-4.792220,360.83480199999997,6234.4969042861185,4419.9056047780505,0,0,0
165.514,16352,0,31,5348.578946,-4.792220,360.83466,6234.4969042861185,4419.9056047780505,0,0,0
165.524,16353,0,31,5348.578946,-4.792220,360.834568,6234.4969042861185,4419.9056047780505,0,0,0
165.534,16354,0,31,5348.578946,-4.792220,360.834823,6234.4969042861185,4419.9056047780505,0,0,0
165.544,16355,0,31,5348.578946,-4.792220,360.835151,6234.4969042861185,4419.9056047780505,0,0,0
165.554,16356,0,31,5348.578946,-4.792220,360.83503,6234.4969042861185,4419.9056047780505,0,0,0
165.564,16357,0,31,5348.578946,-4.792220,360.834911,6234.4969042861185,4419.9056047780505,0,0,0
165.574,16358,0,31,5348.578946,-4.792220,360.835087,6234.4969042861185,4419.9056047780505,0,0,0
165.584,16359,0,31,5348.578946,-4.792220,360.834911,6234.4969042861185,4419.9056047780505,0,0,0
165.594,16360,0,31,5348.578946,-4.792220,360.834625,6234.4969042861185,4419.9056047780505,0,0,0
165.604,16361,0,31,5348.578946,-4.792220,360.834603,6234.4969042861185,4419.9056047780505,0,0,0
165.614,16362,0,31,5348.578946,-4.792220,360.834518,6234.4969042861185,4419.9056047780505,0,0,0
165.624,16363,0,31,5348.578946,-4.792220,360.834325,6234.4969042861185,4419.9056047780505,0,0,0
165.634,16364,0,31,5348.578946,-4.792220,360.834299,6234.4969042861185,4419.9056047780505,0,0,0
165.644,16365,0,31,5348.578946,-4.792220,360.83446299999997,6234.4969042861185,4419.9056047780505,0,0,0
165.654,16366,0,31,5348.578946,-4.792220,360.834411,6234.4969042861185,4419.9056047780505,0,0,0
165.664,16367,0,31,5348.578946,-4.792220,360.83432799999997,6234.4969042861185,4419.9056047780505,0,0,0
165.674,16368,0,31,5348.578946,-4.792220,360.834228,6234.4969042861185,4419.9056047780505,0,0,0
165.684,16369,0,31,5348.578946,-4.792220,360.834221,6234.4969042861185,4419.9056047780505,0,0,0
165.694,16370,0,31,5348.578946,-4.792220,360.834165,6234.4969042861185,4419.9056047780505,0,0,0
165.704,16371,0,31,5348.578946,-4.792220,360.834273,6234.4969042861185,4419.9056047780505,0,0,0
165.714,16372,0,31,5348.578946,-4.792220,360.834437,6234.4969042861185,4419.9056047780505,0,0,0
165.724,16373,0,31,5348.578946,-4.792220,360.834537,6234.4969042861185,4419.9056047780505,0,0,0
165.734,16374,0,31,5348.578946,-4.792220,360.834662,6234.4969042861185,4419.9056047780505,0,0,0
165.744,16375,0,31,5348.578946,-4.792220,360.834786,6234.4969042861185,4419.9056047780505,0,0,0
165.754,16376,0,31,5348.578946,-4.792220,360.834655,6234.4969042861185,4419.9056047780505,0,0,0
165.764,16377,0,31,5348.578946,-4.792220,360.834705,6234.4969042861185,4419.9056047780505,0,0,0
165.774,16378,0,31,5348.578946,-4.792220,360.83472,6234.4969042861185,4419.9056047780505,0,0,0
165.784,16379,0,31,5348.578946,-4.792220,360.834685,6234.4969042861185,4419.9056047780505,0,0,0
165.794,16380,0,31,5348.578946,-4.792220,360.83475599999997,6234.4969042861185,4419.9056047780505,0,0,0
165.804,16381,0,31,5348.578946,-4.792220,360.834529,6234.4969042861185,4419.9056047780505,0,0,0
165.814,16382,0,31,5348.578946,-4.792220,360.83471099999997,6234.4969042861185,4419.9056047780505,0,0,0
165.824,16383,0,31,5348.578946,-4.792220,360.83465,6234.4969042861185,4419.9056047780505,0,0,0
165.834,16384,0,31,5348.578946,-4.792220,360.834791,6234.4969042861185,4419.9056047780505,0,0,0
165.844,16385,0,31,5348.578946,-4.792220,360.834435,6234.4969042861185,4419.9056047780505,0,0,0
165.854,16386,0,31,5348.578946,-4.792220,360.834414,6234.4969042861185,4419.9056047780505,0,0,0
165.864,16387,0,31,5348.578946,-4.792220,360.834639,6234.4969042861185,4419.9056047780505,0,0,0
165.874,16388,0,31,5348.578946,-4.792220,360.83495,6234.4969042861185,4419.9056047780505,0,0,0
165.884,16389,0,31,5348.578946,-4.792220,360.83500599999996,6234.4969042861185,4419.9056047780505,0,0,0
165.894,16390,0,31,5348.578946,-4.792220,360.834868,6234.4969042861185,4419.9056047780505,0,0,0
165.904,16391,0,31,5348.578946,-4.792220,360.83460099999996,6234.4969042861185,4419.9056047780505,0,0,0
165.914,16392,0,31,5348.578946,-4.792220,360.834609,6234.4969042861185,4419.9056047780505,0,0,0
165.924,16393,0,31,5348.578946,-4.792220,360.83466799999997,6234.4969042861185,4419.9056047780505,0,0,0
165.934,16394,0,31,5348.578946,-4.792220,360.834763,6234.4969042861185,4419.9056047780505,0,0,0
165.944,16395,0,31,5348.578946,-4.792220,360.834885,6234.4969042861185,4419.9056047780505,0,0,0
165.954,16396,0,31,5348.578946,-4.792220,360.834884,6234.4969042861185,4419.9056047780505,0,0,0
165.964,16397,0,31,5348.578946,-4.792220,360.834884,6234.4969042861185,4419.9056047780505,0,0,0
165.974,16398,0,31,5348.578946,-4.792220,360.834971,6234.4969042861185,4419.9056047780505,0,0,0
165.984,16399,0,31,5348.578946,-4.792220,360.834771,6234.4969042861185,4419.9056047780505,0,0,0
165.994,16400,0,31,5348.578946,-4.792220,360.834834,6234.4969042861185,4419.9056047780505,0,0,0
166.004,16401,0,31,5348.578946,-4.792220,360.834748,6234.4969042861185,4419.9056047780505,0,0,0
166.014,16402,0,31,5348.578946,-4.792220,360.834765,6234.4969042861185,4419.9056047780505,0,0,0
166.024,16403,0,31,5348.578946,-4.792220,360.83475899999996,6234.4969042861185,4419.9056047780505,0,0,0
166.034,16404,0,31,5348.578946,-4.792220,360.834661,6234.4969042861185,4419.9056047780505,0,0,0
166.044,16405,0,31,5348.578946,-4.792220,360.83466799999997,6234.4969042861185,4419.9056047780505,0,0,0
166.054,16406,0,31,5348.578946,-4.792220,360.834547,6234.4969042861185,4419.9056047780505,0,0,0
166.064,16407,0,31,5348.578946,-4.792220,360.834604,6234.4969042861185,4419.9056047780505,0,0,0
166.074,16408,0,31,5348.578946,-4.792220,360.834755,6234.4969042861185,4419.9056047780505,0,0,0
166.084,16409,0,31,5348.578946,-4.792220,360.834747,6234.4969042861185,4419.9056047780505,0,0,0
166.094,16410,0,31,5348.578946,-4.792220,360.834842,6234.4969042861185,4419.9056047780505,0,0,0
166.104,16411,0,31,5348.578946,-4.792220,360.834814,6234.4969042861185,4419.9056047780505,0,0,0
166.114,16412,0,31,5348.578946,-4.792220,360.83486999999997,6234.4969042861185,4419.9056047780505,0,0,0
166.124,16413,0,31,5348.578946,-4.792220,360.834851,6234.4969042861185,4419.9056047780505,0,0,0
166.134,16414,0,31,5348.578946,-4.792220,360.834844,6234.4969042861185,4419.9056047780505,0,0,0
166.144,16415,0,31,5348.578946,-4.792220,360.834723,6234.4969042861185,4419.9056047780505,0,0,0
166.154,16416,0,31,5348.578946,-4.792220,360.83463,6234.4969042861185,4419.9056047780505,0,0,0
166.164,16417,0,31,5348.578946,-4.792220,360.834788,6234.4969042861185,4419.9056047780505,0,0,0
166.174,16418,0,31,5348.578946,-4.792220,360.83466799999997,6234.4969042861185,4419.9056047780505,0,0,0
166.184,16419,0,31,5348.578946,-4.792220,360.83457599999997,6234.4969042861185,4419.9056047780505,0,0,0
166.194,16420,0,31,5348.578946,-4.792220,360.834796,6234.4969042861185,4419.9056047780505,0,0,0
166.204,16421,0,31,5348.578946,-4.792220,360.834678,6234.4969042861185,4419.9056047780505,0,0,0
166.214,16422,0,31,5348.578946,-4.792220,360.834633,6234.4969042861185,4419.9056047780505,0,0,0
166.224,16423,0,31,5348.578946,-4.792220,360.83475899999996,6234.4969042861185,4419.9056047780505,0,0,0
166.234,16424,0,31,5348.578946,-4.792220,360.83473499999997,6234.4969042861185,4419.9056047780505,0,0,0
166.244,16425,0,31,5348.578946,-4.792220,360.834913,6234.4969042861185,4419.9056047780505,0,0,0
166.254,16426,0,31,5348.578946,-4.792220,360.834964,6234.4969042861185,4419.9056047780505,0,0,0
166.264,16427,0,31,5348.578946,-4.792220,360.834977,6234.4969042861185,4419.9056047780505,0,0,0
166.274,16428,0,31,5348.578946,-4.792220,360.834965,6234.4969042861185,4419.9056047780505,0,0,0
166.284,16429,0,31,5348.578946,-4.792220,360.834883,6234.4969042861185,4419.9056047780505,0,0,0
166.294,16430,0,31,5348.578946,-4.792220,360.834611,6234.4969042861185,4419.9056047780505,0,0,0
166.304,16431,0,31,5348.578946,-4.792220,360.834659,6234.4969042861185,4419.9056047780505,0,0,0
166.314,16432,0,31,5348.578946,-4.792220,360.834958,6234.4969042861185,4419.9056047780505,0,0,0
166.324,16433,0,31,5348.578946,-4.792220,360.834989,6234.4969042861185,4419.9056047780505,0,0,0
166.334,16434,0,31,5348.578946,-4.792220,360.834975,6234.4969042861185,4419.9056047780505,0,0,0
166.344,16435,0,31,5348.578946,-4.792220,360.83495,6234.4969042861185,4419.9056047780505,0,0,0
166.354,16436,0,31,5348.578946,-4.792220,360.834692,6234.4969042861185,4419.9056047780505,0,0,0
166.364,16437,0,31,5348.578946,-4.792220,360.834974,6234.4969042861185,4419.9056047780505,0,0,0
166.374,16438,0,31,5348.578946,-4.792220,360.835436,6234.4969042861185,4419.9056047780505,0,0,0
166.384,16439,0,31,5348.578946,-4.792220,360.835395,6234.4969042861185,4419.9056047780505,0,0,0
166.394,16440,0,31,5348.578946,-4.792220,360.835497,6234.4969042861185,4419.9056047780505,0,0,0
166.404,16441,0,31,5348.578946,-4.792220,360.83532099999996,6234.4969042861185,4419.9056047780505,0,0,0
166.414,16442,0,31,5348.578946,-4.792220,360.835314,6234.4969042861185,4419.9056047780505,0,0,0
166.424,16443,0,31,5348.578946,-4.792220,360.835219,6234.4969042861185,4419.9056047780505,0,0,0
166.434,16444,0,31,5348.578946,-4.792220,360.835041,6234.4969042861185,4419.9056047780505,0,0,0
166.444,16445,0,31,5348.578946,-4.792220,360.835056,6234.4969042861185,4419.9056047780505,0,0,0
166.454,16446,0,31,5348.578946,-4.792220,360.83511,6234.4969042861185,4419.9056047780505,0,0,0
166.464,16447,0,31,5348.578946,-4.792220,360.83507,6234.4969042861185,4419.9056047780505,0,0,0
166.474,16448,0,31,5348.578946,-4.792220,360.834988,6234.4969042861185,4419.9056047780505,0,0,0
166.484,16449,0,31,5348.578946,-4.792220,360.83482,6234.4969042861185,4419.9056047780505,0,0,0
166.494,16450,0,31,5348.578946,-4.792220,360.834899,6234.4969042861185,4419.9056047780505,0,0,0
166.504,16451,0,31,5348.578946,-4.792220,360.834941,6234.4969042861185,4419.9056047780505,0,0,0
166.514,16452,0,31,5348.578946,-4.792220,360.834953,6234.4969042861185,4419.9056047780505,0,0,0
166.524,16453,0,31,5348.578946,-4.792220,360.8349,6234.4969042861185,4419.9056047780505,0,0,0
166.534,16454,0,31,5348.578946,-4.792220,360.834855,6234.4969042861185,4419.9056047780505,0,0,0
166.544,16455,0,31,5348.578946,-4.792220,360.834881,6234.4969042861185,4419.9056047780505,0,0,0
166.554,16456,0,31,5348.578946,-4.792220,360.834832,6234.4969042861185,4419.9056047780505,0,0,0
166.564,16457,0,31,5348.578946,-4.792220,360.834822,6234.4969042861185,4419.9056047780505,0,0,0
166.574,16458,0,31,5348.578946,-4.792220,360.834415,6234.4969042861185,4419.9056047780505,0,0,0
166.584,16459,0,31,5348.578946,-4.792220,360.834336,6234.4969042861185,4419.9056047780505,0,0,0
166.594,16460,0,31,5348.578946,-4.792220,360.834385,6234.4969042861185,4419.9056047780505,0,0,0
166.604,16461,0,31,5348.578946,-4.792220,360.834477,6234.4969042861185,4419.9056047780505,0,0,0
166.614,16462,0,31,5348.578946,-4.792220,360.834296,6234.4969042861185,4419.9056047780505,0,0,0
166.624,16463,0,31,5348.578946,-4.792220,360.834245,6234.4969042861185,4419.9056047780505,0,0,0
166.634,16464,0,31,5348.578946,-4.792220,360.834337,6234.4969042861185,4419.9056047780505,0,0,0
166.644,16465,0,31,5348.578946,-4.792220,360.834472,6234.4969042861185,4419.9056047780505,0,0,0
166.654,16466,0,31,5348.578946,-4.792220,360.834355,6234.4969042861185,4419.9056047780505,0,0,0
166.664,16467,0,31,5348.578946,-4.792220,360.834203,6234.4969042861185,4419.9056047780505,0,0,0
166.674,16468,0,31,5348.578946,-4.792220,360.834131,6234.4969042861185,4419.9056047780505,0,0,0
166.684,16469,0,31,5348.578946,-4.792220,360.83423799999997,6234.4969042861185,4419.9056047780505,0,0,0
166.694,16470,0,31,5348.578946,-4.792220,360.834404,6234.4969042861185,4419.9056047780505,0,0,0
166.704,16471,0,31,5348.578946,-4.792220,360.834456,6234.4969042861185,4419.9056047780505,0,0,0
166.714,16472,0,31,5348.578946,-4.792220,360.8345,6234.4969042861185,4419.9056047780505,0,0,0
166.724,16473,0,31,5348.578946,-4.792220,360.834521,6234.4969042861185,4419.9056047780505,0,0,0
166.734,16474,0,31,5348.578946,-4.792220,360.83464,6234.4969042861185,4419.9056047780505,0,0,0
166.744,16475,0,31,5348.578946,-4.792220,360.834862,6234.4969042861185,4419.9056047780505,0,0,0
166.754,16476,0,31,5348.578946,-4.792220,360.834819,6234.4969042861185,4419.9056047780505,0,0,0
166.764,16477,0,31,5348.578946,-4.792220,360.834798,6234.4969042861185,4419.9056047780505,0,0,0
166.774,16478,0,31,5348.578946,-4.792220,360.83474,6234.4969042861185,4419.9056047780505,0,0,0
166.784,16479,0,31,5348.578946,-4.792220,360.83477999999997,6234.4969042861185,4419.9056047780505,0,0,0
166.794,16480,0,31,5348.578946,-4.792220,360.834497,6234.4969042861185,4419.9056047780505,0,0,0
166.804,16481,0,31,5348.578946,-4.792220,360.83423899999997,6234.4969042861185,4419.9056047780505,0,0,0
166.814,16482,0,31,5348.578946,-4.792220,360.834342,6234.4969042861185,4419.9056047780505,0,0,0
166.824,16483,0,31,5348.578946,-4.792220,360.83455299999997,6234.4969042861185,4419.9056047780505,0,0,0
166.834,16484,0,31,5348.578946,-4.792220,360.834701,6234.4969042861185,4419.9056047780505,0,0,0
166.844,16485,0,31,5348.578946,-4.792220,360.834693,6234.4969042861185,4419.9056047780505,0,0,0
166.854,16486,0,31,5348.578946,-4.792220,360.834448,6234.4969042861185,4419.9056047780505,0,0,0
166.864,16487,0,31,5348.578946,-4.792220,360.834389,6234.4969042861185,4419.9056047780505,0,0,0
166.874,16488,0,31,5348.578946,-4.792220,360.834496,6234.4969042861185,4419.9056047780505,0,0,0
166.884,16489,0,31,5348.578946,-4.792220,360.83457799999996,6234.4969042861185,4419.9056047780505,0,0,0
166.894,16490,0,31,5348.578946,-4.792220,360.834243,6234.4969042861185,4419.9056047780505,0,0,0
166.904,16491,0,31,5348.578946,-4.792220,360.83426199999997,6234.4969042861185,4419.9056047780505,0,0,0
166.914,16492,0,31,5348.578946,-4.792220,360.834296,6234.4969042861185,4419.9056047780505,0,0,0
166.924,16493,0,31,5348.578946,-4.792220,360.834614,6234.4969042861185,4419.9056047780505,0,0,0
166.934,16494,0,31,5348.578946,-4.792220,360.83473299999997,6234.4969042861185,4419.9056047780505,0,0,0
166.944,16495,0,31,5348.578946,-4.792220,360.83464,6234.4969042861185,4419.9056047780505,0,0,0
166.954,16496,0,31,5348.578946,-4.792220,360.834896,6234.4969042861185,4419.9056047780505,0,0,0
166.964,16497,0,31,5348.578946,-4.792220,360.834585,6234.4969042861185,4419.9056047780505,0,0,0
166.974,16498,0,31,5348.578946,-4.792220,360.834633,6234.4969042861185,4419.9056047780505,0,0,0
166.984,16499,0,31,5348.578946,-4.792220,360.834724,6234.4969042861185,4419.9056047780505,0,0,0
166.994,16500,0,31,5348.578946,-4.792220,360.834749,6234.4969042861185,4419.9056047780505,0,0,0
167.004,16501,0,31,5348.578946,-4.792220,360.834874,6234.4969042861185,4419.9056047780505,0,0,0
167.014,16502,0,31,5348.578946,-4.792220,360.83486999999997,6234.4969042861185,4419.9056047780505,0,0,0
167.024,16503,0,31,5348.578946,-4.792220,360.83498199999997,6234.4969042861185,4419.9056047780505,0,0,0
167.034,16504,0,31,5348.578946,-4.792220,360.834974,6234.4969042861185,4419.9056047780505,0,0,0
167.044,16505,0,31,5348.578946,-4.792220,360.835035,6234.4969042861185,4419.9056047780505,0,0,0
167.054,16506,0,31,5348.578946,-4.792220,360.834919,6234.4969042861185,4419.9056047780505,0,0,0
167.064,16507,0,31,5348.578946,-4.792220,360.834647,6234.4969042861185,4419.9056047780505,0,0,0
167.074,16508,0,31,5348.578946,-4.792220,360.834572,6234.4969042861185,4419.9056047780505,0,0,0
167.084,16509,0,31,5348.578946,-4.792220,360.83454,6234.4969042861185,4419.9056047780505,0,0,0
167.094,16510,0,31,5348.578946,-4.792220,360.834755,6234.4969042861185,4419.9056047780505,0,0,0
167.104,16511,0,31,5348.578946,-4.792220,360.834737,6234.4969042861185,4419.9056047780505,0,0,0
167.114,16512,0,31,5348.578946,-4.792220,360.834798,6234.4969042861185,4419.9056047780505,0,0,0
167.124,16513,0,31,5348.578946,-4.792220,360.834657,6234.4969042861185,4419.9056047780505,0,0,0
167.134,16514,0,31,5348.578946,-4.792220,360.834549,6234.4969042861185,4419.9056047780505,0,0,0
167.144,16515,0,31,5348.578946,-4.792220,360.834746,6234.4969042861185,4419.9056047780505,0,0,0
167.154,16516,0,31,5348.578946,-4.792220,360.83493699999997,6234.4969042861185,4419.9056047780505,0,0,0
167.164,16517,0,31,5348.578946,-4.792220,360.834807,6234.4969042861185,4419.9056047780505,0,0,0
167.174,16518,0,31,5348.578946,-4.792220,360.834823,6234.4969042861185,4419.9056047780505,0,0,0
167.184,16519,0,31,5348.578946,-4.792220,360.834772,6234.4969042861185,4419.9056047780505,0,0,0
167.194,16520,0,31,5348.578946,-4.792220,360.834992,6234.4969042861185,4419.9056047780505,0,0,0
167.204,16521,0,31,5348.578946,-4.792220,360.834754,6234.4969042861185,4419.9056047780505,0,0,0
167.214,16522,0,31,5348.578946,-4.792220,360.834909,6234.4969042861185,4419.9056047780505,0,0,0
167.224,16523,0,31,5348.578946,-4.792220,360.834923,6234.4969042861185,4419.9056047780505,0,0,0
167.234,16524,0,31,5348.578946,-4.792220,360.834888,6234.4969042861185,4419.9056047780505,0,0,0
167.244,16525,0,31,5348.578946,-4.792220,360.834841,6234.4969042861185,4419.9056047780505,0,0,0
167.254,16526,0,31,5348.578946,-4.792220,360.83491,6234.4969042861185,4419.9056047780505,0,0,0
167.264,16527,0,31,5348.578946,-4.792220,360.834727,6234.4969042861185,4419.9056047780505,0,0,0
167.274,16528,0,31,5348.578946,-4.792220,360.83473499999997,6234.4969042861185,4419.9056047780505,0,0,0
167.284,16529,0,31,5348.578946,-4.792220,360.834602,6234.4969042861185,4419.9056047780505,0,0,0
167.294,16530,0,31,5348.578946,-4.792220,360.834332,6234.4969042861185,4419.9056047780505,0,0,0
167.304,16531,0,31,5348.578946,-4.792220,360.834327,6234.4969042861185,4419.9056047780505,0,0,0
167.314,16532,0,31,5348.578946,-4.792220,360.834568,6234.4969042861185,4419.9056047780505,0,0,0
167.324,16533,0,31,5348.578946,-4.792220,360.834485,6234.4969042861185,4419.9056047780505,0,0,0
167.334,16534,0,31,5348.578946,-4.792220,360.834694,6234.4969042861185,4419.9056047780505,0,0,0
167.344,16535,0,31,5348.578946,-4.792220,360.834637,6234.4969042861185,4419.9056047780505,0,0,0
167.354,16536,0,31,5348.578946,-4.792220,360.834768,6234.4969042861185,4419.9056047780505,0,0,0
167.364,16537,0,31,5348.578946,-4.792220,360.834699,6234.4969042861185,4419.9056047780505,0,0,0
167.374,16538,0,31,5348.578946,-4.792220,360.834725,6234.4969042861185,4419.9056047780505,0,0,0
167.384,16539,0,31,5348.578946,-4.792220,360.834664,6234.4969042861185,4419.9056047780505,0,0,0
167.394,16540,0,31,5348.578946,-4.792220,360.834697,6234.4969042861185,4419.9056047780505,0,0,0
167.404,16541,0,31,5348.578946,-4.792220,360.834726,6234.4969042861185,4419.9056047780505,0,0,0
167.414,16542,0,31,5348.578946,-4.792220,360.83491499999997,6234.4969042861185,4419.9056047780505,0,0,0
167.424,16543,0,31,5348.578946,-4.792220,360.835042,6234.4969042861185,4419.9056047780505,0,0,0
167.434,16544,0,31,5348.578946,-4.792220,360.83473,6234.4969042861185,4419.9056047780505,0,0,0
167.444,16545,0,31,5348.578946,-4.792220,360.834642,6234.4969042861185,4419.9056047780505,0,0,0
167.454,16546,0,31,5348.578946,-4.792220,360.834868,6234.4969042861185,4419.9056047780505,0,0,0
167.464,16547,0,31,5348.578946,-4.792220,360.835115,6234.4969042861185,4419.9056047780505,0,0,0
167.474,16548,0,31,5348.578946,-4.792220,360.835192,6234.4969042861185,4419.9056047780505,0,0,0
167.484,16549,0,31,5348.578946,-4.792220,360.83509599999996,6234.4969042861185,4419.9056047780505,0,0,0
167.494,16550,0,31,5348.578946,-4.792220,360.83495899999997,6234.4969042861185,4419.9056047780505,0,0,0
167.504,16551,0,31,5348.578946,-4.792220,360.834957,6234.4969042861185,4419.9056047780505,0,0,0
167.514,16552,0,31,5348.578946,-4.792220,360.834943,6234.4969042861185,4419.9056047780505,0,0,0
167.524,16553,0,31,5348.578946,-4.792220,360.834796,6234.4969042861185,4419.9056047780505,0,0,0
167.534,16554,0,31,5348.578946,-4.792220,360.834751,6234.4969042861185,4419.9056047780505,0,0,0
167.544,16555,0,31,5348.578946,-4.792220,360.834515,6234.4969042861185,4419.9056047780505,0,0,0
167.554,16556,0,31,5348.578946,-4.792220,360.834596,6234.4969042861185,4419.9056047780505,0,0,0
167.564,16557,0,31,5348.578946,-4.792220,360.834718,6234.4969042861185,4419.9056047780505,0,0,0
167.574,16558,0,31,5348.578946,-4.792220,360.83468,6234.4969042861185,4419.9056047780505,0,0,0
167.584,16559,0,31,5348.578946,-4.792220,360.83466599999997,6234.4969042861185,4419.9056047780505,0,0,0
167.594,16560,0,31,5348.578946,-4.792220,360.834518,6234.4969042861185,4419.9056047780505,0,0,0
167.604,16561,0,31,5348.578946,-4.792220,360.834462,6234.4969042861185,4419.9056047780505,0,0,0
167.614,16562,0,31,5348.578946,-4.792220,360.834607,6234.4969042861185,4419.9056047780505,0,0,0
167.624,16563,0,31,5348.578946,-4.792220,360.834796,6234.4969042861185,4419.9056047780505,0,0,0
167.634,16564,0,31,5348.578946,-4.792220,360.834697,6234.4969042861185,4419.9056047780505,0,0,0
167.644,16565,0,31,5348.578946,-4.792220,360.834724,6234.4969042861185,4419.9056047780505,0,0,0
167.654,16566,0,31,5348.578946,-4.792220,360.834817,6234.4969042861185,4419.9056047780505,0,0,0
167.664,16567,0,31,5348.578946,-4.792220,360.834966,6234.4969042861185,4419.9056047780505,0,0,0
167.674,16568,0,31,5348.578946,-4.792220,360.835146,6234.4969042861185,4419.9056047780505,0,0,0
167.684,16569,0,31,5348.578946,-4.792220,360.834972,6234.4969042861185,4419.9056047780505,0,0,0
167.694,16570,0,31,5348.578946,-4.792220,360.834702,6234.4969042861185,4419.9056047780505,0,0,0
167.704,16571,0,31,5348.578946,-4.792220,360.83480199999997,6234.4969042861185,4419.9056047780505,0,0,0
167.714,16572,0,31,5348.578946,-4.792220,360.834749,6234.4969042861185,4419.9056047780505,0,0,0
167.724,16573,0,31,5348.578946,-4.792220,360.834753,6234.4969042861185,4419.9056047780505,0,0,0
167.734,16574,0,31,5348.578946,-4.792220,360.834807,6234.4969042861185,4419.9056047780505,0,0,0
167.744,16575,0,31,5348.578946,-4.792220,360.834919,6234.4969042861185,4419.9056047780505,0,0,0
167.754,16576,0,31,5348.578946,-4.792220,360.834875,6234.4969042861185,4419.9056047780505,0,0,0
167.764,16577,0,31,5348.578946,-4.792220,360.83489299999997,6234.4969042861185,4419.9056047780505,0,0,0
167.774,16578,0,31,5348.578946,-4.792220,360.834928,6234.4969042861185,4419.9056047780505,0,0,0
167.784,16579,0,31,5348.578946,-4.792220,360.834582,6234.4969042861185,4419.9056047780505,0,0,0
167.794,16580,0,31,5348.578946,-4.792220,360.834435,6234.4969042861185,4419.9056047780505,0,0,0
167.804,16581,0,31,5348.578946,-4.792220,360.834325,6234.4969042861185,4419.9056047780505,0,0,0
167.814,16582,0,31,5348.578946,-4.792220,360.834317,6234.4969042861185,4419.9056047780505,0,0,0
167.824,16583,0,31,5348.578946,-4.792220,360.834394,6234.4969042861185,4419.9056047780505,0,0,0
167.834,16584,0,31,5348.578946,-4.792220,360.834414,6234.4969042861185,4419.9056047780505,0,0,0
167.844,16585,0,31,5348.578946,-4.792220,360.834446,6234.4969042861185,4419.9056047780505,0,0,0
167.854,16586,0,31,5348.578946,-4.792220,360.834447,6234.4969042861185,4419.9056047780505,0,0,0
167.864,16587,0,31,5348.578946,-4.792220,360.83423899999997,6234.4969042861185,4419.9056047780505,0,0,0
167.874,16588,0,31,5348.578946,-4.792220,360.83432799999997,6234.4969042861185,4419.9056047780505,0,0,0
167.884,16589,0,31,5348.578946,-4.792220,360.834361,6234.4969042861185,4419.9056047780505,0,0,0
167.894,16590,0,31,5348.578946,-4.792220,360.83426299999996,6234.4969042861185,4419.9056047780505,0,0,0
167.904,16591,0,31,5348.578946,-4.792220,360.834131,6234.4969042861185,4419.9056047780505,0,0,0
167.914,16592,0,31,5348.578946,-4.792220,360.834461,6234.4969042861185,4419.9056047780505,0,0,0
167.924,16593,0,31,5348.578946,-4.792220,360.83455299999997,6234.4969042861185,4419.9056047780505,0,0,0
167.934,16594,0,31,5348.578946,-4.792220,360.834552,6234.4969042861185,4419.9056047780505,0,0,0
167.944,16595,0,31,5348.578946,-4.792220,360.834471,6234.4969042861185,4419.9056047780505,0,0,0
167.954,16596,0,31,5348.578946,-4.792220,360.83437599999996,6234.4969042861185,4419.9056047780505,0,0,0
167.964,16597,0,31,5348.578946,-4.792220,360.834501,6234.4969042861185,4419.9056047780505,0,0,0
167.974,16598,0,31,5348.578946,-4.792220,360.834525,6234.4969042861185,4419.9056047780505,0,0,0
167.984,16599,0,31,5348.578946,-4.792220,360.834448,6234.4969042861185,4419.9056047780505,0,0,0
167.994,16600,0,31,5348.578946,-4.792220,360.834538,6234.4969042861185,4419.9056047780505,0,0,0
168.004,16601,0,31,5348.578946,-4.792220,360.834296,6234.4969042861185,4419.9056047780505,0,0,0
168.014,16602,0,31,5348.578946,-4.792220,360.83421,6234.4969042861185,4419.9056047780505,0,0,0
168.024,16603,0,31,5348.578946,-4.792220,360.834199,6234.4969042861185,4419.9056047780505,0,0,0
168.034,16604,0,31,5348.578946,-4.792220,360.834186,6234.4969042861185,4419.9056047780505,0,0,0
168.044,16605,0,31,5348.578946,-4.792220,360.834112,6234.4969042861185,4419.9056047780505,0,0,0
168.054,16606,0,31,5348.578946,-4.792220,360.834325,6234.4969042861185,4419.9056047780505,0,0,0
168.064,16607,0,31,5348.578946,-4.792220,360.83419599999996,6234.4969042861185,4419.9056047780505,0,0,0
168.074,16608,0,31,5348.578946,-4.792220,360.83427,6234.4969042861185,4419.9056047780505,0,0,0
168.084,16609,0,31,5348.578946,-4.792220,360.834112,6234.4969042861185,4419.9056047780505,0,0,0
168.094,16610,0,31,5348.578946,-4.792220,360.834074,6234.4969042861185,4419.9056047780505,0,0,0
168.104,16611,0,31,5348.578946,-4.792220,360.834445,6234.4969042861185,4419.9056047780505,0,0,0
168.114,16612,0,31,5348.578946,-4.792220,360.834638,6234.4969042861185,4419.9056047780505,0,0,0
168.124,16613,0,31,5348.578946,-4.792220,360.83450899999997,6234.4969042861185,4419.9056047780505,0,0,0
168.134,16614,0,31,5348.578946,-4.792220,360.8345,6234.4969042861185,4419.9056047780505,0,0,0
168.144,16615,0,31,5348.578946,-4.792220,360.834411,6234.4969042861185,4419.9056047780505,0,0,0
168.154,16616,0,31,5348.578946,-4.792220,360.834436,6234.4969042861185,4419.9056047780505,0,0,0
168.164,16617,0,31,5348.578946,-4.792220,360.834385,6234.4969042861185,4419.9056047780505,0,0,0
168.174,16618,0,31,5348.578946,-4.792220,360.834497,6234.4969042861185,4419.9056047780505,0,0,0
168.184,16619,0,31,5348.578946,-4.792220,360.834744,6234.4969042861185,4419.9056047780505,0,0,0
168.194,16620,0,31,5348.578946,-4.792220,360.834834,6234.4969042861185,4419.9056047780505,0,0,0
168.204,16621,0,31,5348.578946,-4.792220,360.834867,6234.4969042861185,4419.9056047780505,0,0,0
168.214,16622,0,31,5348.578946,-4.792220,360.834834,6234.4969042861185,4419.9056047780505,0,0,0
168.224,16623,0,31,5348.578946,-4.792220,360.83480199999997,6234.4969042861185,4419.9056047780505,0,0,0
168.234,16624,0,31,5348.578946,-4.792220,360.834737,6234.4969042861185,4419.9056047780505,0,0,0
168.244,16625,0,31,5348.578946,-4.792220,360.834812,6234.4969042861185,4419.9056047780505,0,0,0
168.254,16626,0,31,5348.578946,-4.792220,360.834728,6234.4969042861185,4419.9056047780505,0,0,0
168.264,16627,0,31,5348.578946,-4.792220,360.834426,6234.4969042861185,4419.9056047780505,0,0,0
168.274,16628,0,31,5348.578946,-4.792220,360.83412,6234.4969042861185,4419.9056047780505,0,0,0
168.284,16629,0,31,5348.578946,-4.792220,360.834383,6234.4969042861185,4419.9056047780505,0,0,0
168.294,16630,0,31,5348.578946,-4.792220,360.834613,6234.4969042861185,4419.9056047780505,0,0,0
168.304,16631,0,31,5348.578946,-4.792220,360.834694,6234.4969042861185,4419.9056047780505,0,0,0
168.314,16632,0,31,5348.578946,-4.792220,360.83500699999996,6234.4969042861185,4419.9056047780505,0,0,0
168.324,16633,0,31,5348.578946,-4.792220,360.835112,6234.4969042861185,4419.9056047780505,0,0,0
168.334,16634,0,31,5348.578946,-4.792220,360.835175,6234.4969042861185,4419.9056047780505,0,0,0
168.344,16635,0,31,5348.578946,-4.792220,360.835177,6234.4969042861185,4419.9056047780505,0,0,0
168.354,16636,0,31,5348.578946,-4.792220,360.835021,6234.4969042861185,4419.9056047780505,0,0,0
168.364,16637,0,31,5348.578946,-4.792220,360.83480399999996,6234.4969042861185,4419.9056047780505,0,0,0
168.374,16638,0,31,5348.578946,-4.792220,360.834494,6234.4969042861185,4419.9056047780505,0,0,0
168.384,16639,0,31,5348.578946,-4.792220,360.834607,6234.4969042861185,4419.9056047780505,0,0,0
168.394,16640,0,31,5348.578946,-4.792220,360.83458,6234.4969042861185,4419.9056047780505,0,0,0
168.404,16641,0,31,5348.578946,-4.792220,360.83462399999996,6234.4969042861185,4419.9056047780505,0,0,0
168.414,16642,0,31,5348.578946,-4.792220,360.834651,6234.4969042861185,4419.9056047780505,0,0,0
168.424,16643,0,31,5348.578946,-4.792220,360.834635,6234.4969042861185,4419.9056047780505,0,0,0
168.434,16644,0,31,5348.578946,-4.792220,360.834594,6234.4969042861185,4419.9056047780505,0,0,0
168.444,16645,0,31,5348.578946,-4.792220,360.834494,6234.4969042861185,4419.9056047780505,0,0,0
168.454,16646,0,31,5348.578946,-4.792220,360.834341,6234.4969042861185,4419.9056047780505,0,0,0
168.464,16647,0,31,5348.578946,-4.792220,360.834475,6234.4969042861185,4419.9056047780505,0,0,0
168.474,16648,0,31,5348.578946,-4.792220,360.834411,6234.4969042861185,4419.9056047780505,0,0,0
168.484,16649,0,31,5348.578946,-4.792220,360.83453099999997,6234.4969042861185,4419.9056047780505,0,0,0
168.494,16650,0,31,5348.578946,-4.792220,360.834595,6234.4969042861185,4419.9056047780505,0,0,0
168.504,16651,0,31,5348.578946,-4.792220,360.834371,6234.4969042861185,4419.9056047780505,0,0,0
168.514,16652,0,31,5348.578946,-4.792220,360.834299,6234.4969042861185,4419.9056047780505,0,0,0
168.524,16653,0,31,5348.578946,-4.792220,360.834447,6234.4969042861185,4419.9056047780505,0,0,0
168.534,16654,0,31,5348.578946,-4.792220,360.834741,6234.4969042861185,4419.9056047780505,0,0,0
168.544,16655,0,31,5348.578946,-4.792220,360.834566,6234.4969042861185,4419.9056047780505,0,0,0
168.554,16656,0,31,5348.578946,-4.792220,360.83446399999997,6234.4969042861185,4419.9056047780505,0,0,0
168.564,16657,0,31,5348.578946,-4.792220,360.834514,6234.4969042861185,4419.9056047780505,0,0,0
168.574,16658,0,31,5348.578946,-4.792220,360.834716,6234.4969042861185,4419.9056047780505,0,0,0
168.584,16659,0,31,5348.578946,-4.792220,360.834709,6234.4969042861185,4419.9056047780505,0,0,0
168.594,16660,0,31,5348.578946,-4.792220,360.834649,6234.4969042861185,4419.9056047780505,0,0,0
168.604,16661,0,31,5348.578946,-4.792220,360.834589,6234.4969042861185,4419.9056047780505,0,0,0
168.614,16662,0,31,5348.578946,-4.792220,360.83453199999997,6234.4969042861185,4419.9056047780505,0,0,0
