host_ms,board_ms,cycle_ms,seq,accepted,drops,consent,active,fault,stop_reason,left_mv,right_mv,forward_mm,lateral_right_mm,imu_deg,gyro_dps,motor_l1_mm,motor_l2_mm,motor_l3_mm,motor_r1_mm,motor_r2_mm,motor_r3_mm,session_mm,nexus_x_mm,nexus_y_mm,nexus_h_deg,lemlib_x_mm,lemlib_y_mm,lemlib_h_deg,interlocks
5,497524,10,3,3,0,0,0,0,7,0,0,309.991,2.066,6.15124,-0.000,328.323,107.366,330.916,301.351,102.698,301.870,330.916,18.904,311.464,6.15392,18.886,311.463,6.15124,2
44,497534,10,3,3,0,0,0,0,7,0,0,309.991,2.066,6.15125,-0.000,328.323,107.366,330.916,301.351,102.698,301.870,330.916,18.904,311.464,6.15393,18.886,311.463,6.15124,2
44,497544,10,3,3,0,0,0,0,7,0,0,309.991,2.066,6.15081,-0.000,328.323,107.366,330.916,301.351,102.698,301.870,330.916,18.903,311.464,6.15349,18.886,311.463,6.15125,2
44,497554,10,3,3,0,0,0,0,7,0,0,309.991,2.066,6.15082,-0.000,328.323,107.366,330.916,301.351,102.698,301.870,330.916,18.903,311.464,6.15349,18.885,311.463,6.15081,2
44,497564,10,3,3,0,0,0,0,7,0,0,309.991,2.066,6.15085,-0.000,328.323,107.366,330.916,301.351,102.698,301.870,330.916,18.903,311.464,6.15352,18.885,311.463,6.15082,2
59,497574,10,3,3,0,0,0,0,7,0,0,309.991,2.066,6.15115,-0.000,328.323,107.366,330.916,301.351,102.698,301.870,330.916,18.904,311.464,6.15383,18.885,311.463,6.15085,2
75,497584,10,3,3,0,0,0,0,7,0,0,309.991,2.066,6.15121,-0.000,328.323,107.366,330.916,301.351,102.698,301.870,330.916,18.904,311.464,6.15389,18.886,311.463,6.15115,2
75,497594,10,3,3,0,0,0,0,7,0,0,309.991,2.066,6.15111,-0.000,328.323,107.366,330.916,301.351,102.698,301.870,330.916,18.904,311.464,6.15378,18.886,311.463,6.15121,2
91,497604,10,3,3,0,0,0,0,7,0,0,309.991,2.066,6.15088,-0.000,328.323,107.366,330.916,301.351,102.698,301.870,330.916,18.903,311.464,6.15356,18.886,311.463,6.15111,2
91,497614,10,3,3,0,0,0,0,7,0,0,309.991,2.066,6.15066,-0.000,328.323,107.366,330.916,301.351,102.698,301.870,330.916,18.903,311.464,6.15334,18.885,311.463,6.15088,2
106,497624,10,3,3,0,0,0,0,7,0,0,309.991,2.066,6.15082,-0.000,328.323,107.366,330.916,301.351,102.698,301.870,330.916,18.903,311.464,6.15349,18.885,311.463,6.15066,2
121,497634,10,3,3,0,0,0,0,7,0,0,309.991,2.066,6.15066,-0.000,328.323,107.366,330.916,301.351,102.698,301.870,330.916,18.903,311.464,6.15334,18.885,311.463,6.15082,2
121,497644,10,3,3,0,0,0,0,7,0,0,309.991,2.066,6.15067,-0.000,328.323,107.366,330.916,301.351,102.698,301.870,330.916,18.903,311.464,6.15334,18.885,311.463,6.15066,2
137,497654,10,3,3,0,0,0,0,7,0,0,309.991,2.066,6.15063,-0.000,328.323,107.366,330.916,301.351,102.698,301.870,330.916,18.903,311.464,6.15331,18.885,311.463,6.15067,2
152,497664,10,3,3,0,0,0,0,7,0,0,309.991,2.066,6.15074,-0.000,328.323,107.366,330.916,301.351,102.698,301.870,330.916,18.903,311.464,6.15342,18.885,311.463,6.15063,2
152,497674,10,3,3,0,0,0,0,7,0,0,309.991,2.066,6.15067,-0.000,328.323,107.366,330.916,301.351,102.698,301.870,330.916,18.903,311.464,6.15335,18.885,311.463,6.15074,2
168,497684,10,3,3,0,0,0,0,7,0,0,309.991,2.066,6.15091,-0.000,328.323,107.366,330.916,301.351,102.698,301.870,330.916,18.903,311.464,6.15358,18.885,311.463,6.15067,2
184,497694,10,3,3,0,0,0,0,7,0,0,309.991,2.066,6.15098,-0.000,328.323,107.366,330.916,301.351,102.698,301.870,330.916,18.904,311.464,6.15366,18.886,311.463,6.15091,2
184,497704,10,3,3,0,0,0,0,7,0,0,309.991,2.066,6.15103,-0.000,328.323,107.366,330.916,301.351,102.698,301.870,330.916,18.904,311.464,6.15370,18.886,311.463,6.15098,2
200,497714,10,3,3,0,0,0,0,7,0,0,309.991,2.066,6.15088,-0.000,328.323,107.366,330.916,301.351,102.698,301.870,330.916,18.903,311.464,6.15356,18.886,311.463,6.15103,2
200,497724,10,3,3,0,0,0,0,7,0,0,309.991,2.066,6.15103,-0.000,328.323,107.366,330.916,301.351,102.698,301.870,330.916,18.904,311.464,6.15371,18.885,311.463,6.15088,2
215,497734,10,3,3,0,0,0,0,7,0,0,309.991,2.066,6.15116,-0.000,328.323,107.366,330.916,301.351,102.698,301.870,330.916,18.904,311.464,6.15384,18.886,311.463,6.15103,2
231,497744,10,3,3,0,0,0,0,7,0,0,309.991,2.066,6.15113,-0.000,328.323,107.366,330.916,301.351,102.698,301.870,330.916,18.904,311.464,6.15380,18.886,311.463,6.15117,2
231,497754,10,3,3,0,0,0,0,7,0,0,309.991,2.066,6.15115,-0.000,328.323,107.366,330.916,301.351,102.698,301.870,330.916,18.904,311.464,6.15382,18.886,311.463,6.15113,2
247,497764,10,3,3,0,0,0,0,7,0,0,309.991,2.066,6.15104,-0.000,328.323,107.366,330.916,301.351,102.698,301.870,330.916,18.904,311.464,6.15371,18.886,311.463,6.15115,2
262,497774,10,3,3,0,0,0,0,7,0,0,309.991,2.066,6.15108,-0.000,328.323,107.366,330.916,301.351,102.698,301.870,330.916,18.904,311.464,6.15376,18.886,311.463,6.15104,2
262,497784,10,3,3,0,0,0,0,7,0,0,309.991,2.066,6.15107,-0.000,328.323,107.366,330.916,301.351,102.698,301.870,330.916,18.904,311.464,6.15375,18.886,311.463,6.15108,2
278,497794,10,3,3,0,0,0,0,7,0,0,309.991,2.066,6.15125,-0.000,328.323,107.366,330.916,301.351,102.698,301.870,330.916,18.904,311.464,6.15392,18.886,311.463,6.15107,2
293,497804,10,3,3,0,0,0,0,7,0,0,309.991,2.066,6.15125,-0.000,328.323,107.366,330.916,301.351,102.698,301.870,330.916,18.904,311.464,6.15392,18.886,311.463,6.15125,2
293,497814,10,3,3,0,0,0,0,7,0,0,309.991,2.066,6.15130,-0.000,328.323,107.366,330.916,301.351,102.698,301.870,330.916,18.904,311.464,6.15398,18.886,311.463,6.15125,2
309,497824,10,3,3,0,0,0,0,7,0,0,309.991,2.066,6.15104,-0.000,328.323,107.366,330.916,301.351,102.698,301.870,330.916,18.904,311.464,6.15372,18.886,311.463,6.15130,2
324,497834,10,3,3,0,0,0,0,7,0,0,309.991,2.066,6.15096,-0.000,328.323,107.366,330.916,301.351,102.698,301.870,330.916,18.904,311.464,6.15364,18.886,311.463,6.15104,2
324,497844,10,3,3,0,0,0,0,7,0,0,309.991,2.066,6.15066,-0.000,328.323,107.366,330.916,301.351,102.698,301.870,330.916,18.903,311.464,6.15333,18.886,311.463,6.15096,2
340,497854,10,3,3,0,0,0,0,7,0,0,309.991,2.066,6.15087,-0.000,328.323,107.366,330.916,301.351,102.698,301.870,330.916,18.903,311.464,6.15355,18.885,311.463,6.15066,2
340,497864,10,3,3,0,0,0,0,7,0,0,309.991,2.066,6.15094,-0.000,328.323,107.366,330.916,301.351,102.698,301.870,330.916,18.903,311.464,6.15361,18.885,311.463,6.15087,2
355,497874,10,3,3,0,0,0,0,7,0,0,309.991,2.066,6.15100,-0.000,328.323,107.366,330.916,301.351,102.698,301.870,330.916,18.904,311.464,6.15368,18.886,311.463,6.15094,2
371,497884,10,3,3,0,0,0,0,7,0,0,309.991,2.066,6.15115,-0.000,328.323,107.366,330.916,301.351,102.698,301.870,330.916,18.904,311.464,6.15383,18.886,311.463,6.15100,2
371,497894,10,3,3,0,0,0,0,7,0,0,309.991,2.066,6.15133,-0.000,328.323,107.366,330.916,301.351,102.698,301.870,330.916,18.904,311.464,6.15401,18.886,311.463,6.15115,2
386,497904,10,3,3,0,0,0,0,7,0,0,309.991,2.066,6.15128,-0.000,328.323,107.366,330.916,301.351,102.698,301.870,330.916,18.904,311.464,6.15396,18.886,311.463,6.15133,2
402,497914,10,3,3,0,0,0,0,7,0,0,309.991,2.066,6.15134,-0.000,328.323,107.366,330.916,301.351,102.698,301.870,330.916,18.904,311.464,6.15402,18.886,311.463,6.15128,2
402,497924,10,3,3,0,0,0,0,7,0,0,309.991,2.066,6.15133,-0.000,328.323,107.366,330.916,301.351,102.698,301.870,330.916,18.904,311.464,6.15400,18.886,311.463,6.15134,2
418,497934,10,3,3,0,0,0,0,7,0,0,309.991,2.066,6.15117,-0.000,328.323,107.366,330.916,301.351,102.698,301.870,330.916,18.904,311.464,6.15385,18.886,311.463,6.15133,2
434,497944,10,3,3,0,0,0,0,7,0,0,309.991,2.066,6.15131,-0.000,328.323,107.366,330.916,301.351,102.698,301.870,330.916,18.904,311.464,6.15398,18.886,311.463,6.15117,2
434,497954,10,3,3,0,0,0,0,7,0,0,309.991,2.066,6.15105,-0.000,328.323,107.366,330.916,301.351,102.698,301.870,330.916,18.904,311.464,6.15373,18.886,311.463,6.15131,2
450,497964,10,3,3,0,0,0,0,7,0,0,309.991,2.066,6.15069,-0.000,328.323,107.366,330.916,301.351,102.698,301.870,330.916,18.903,311.464,6.15336,18.886,311.463,6.15105,2
450,497974,10,3,3,0,0,0,0,7,0,0,309.991,2.066,6.15070,-0.000,328.323,107.366,330.916,301.351,102.698,301.870,330.916,18.903,311.464,6.15338,18.885,311.463,6.15069,2
464,497984,10,3,3,0,0,0,0,7,0,0,309.991,2.066,6.15086,-0.000,328.323,107.366,330.916,301.351,102.698,301.870,330.916,18.903,311.464,6.15353,18.885,311.463,6.15070,2
481,497994,10,3,3,0,0,0,0,7,0,0,309.991,2.066,6.15107,-0.000,328.323,107.366,330.916,301.351,102.698,301.870,330.916,18.904,311.464,6.15374,18.885,311.463,6.15086,2
481,498004,10,3,3,0,0,0,0,7,0,0,309.991,2.066,6.15086,-0.000,328.323,107.366,330.916,301.351,102.698,301.870,330.916,18.903,311.464,6.15353,18.886,311.463,6.15107,2
497,498014,10,3,3,0,0,0,0,7,0,0,309.991,2.066,6.15083,-0.000,328.323,107.366,330.916,301.351,102.698,301.870,330.916,18.903,311.464,6.15351,18.885,311.463,6.15086,2
513,498024,10,3,3,0,0,0,0,7,0,0,309.991,2.066,6.15093,-0.000,328.323,107.366,330.916,301.351,102.698,301.870,330.916,18.903,311.464,6.15360,18.885,311.463,6.15083,2
513,498034,10,3,3,0,0,0,0,7,0,0,309.991,2.066,6.15099,-0.000,328.323,107.366,330.916,301.351,102.698,301.870,330.916,18.904,311.464,6.15367,18.886,311.463,6.15093,2
528,498044,10,3,3,0,0,0,0,7,0,0,309.991,2.066,6.15098,-0.000,328.323,107.366,330.916,301.351,102.698,301.870,330.916,18.904,311.464,6.15365,18.886,311.463,6.15099,2
543,498054,10,3,3,0,0,0,0,7,0,0,309.991,2.066,6.15085,-0.000,328.323,107.366,330.916,301.351,102.698,301.870,330.916,18.903,311.464,6.15353,18.886,311.463,6.15098,2
543,498064,10,3,3,0,0,0,0,7,0,0,309.991,2.066,6.15097,-0.000,328.323,107.366,330.916,301.351,102.698,301.870,330.916,18.904,311.464,6.15365,18.885,311.463,6.15086,2
559,498074,10,3,3,0,0,0,0,7,0,0,309.991,2.066,6.15096,-0.000,328.323,107.366,330.916,301.351,102.698,301.870,330.916,18.904,311.464,6.15364,18.886,311.463,6.15097,2
559,498084,10,3,3,0,0,0,0,7,0,0,309.991,2.066,6.15112,-0.000,328.323,107.366,330.916,301.351,102.698,301.870,330.916,18.904,311.464,6.15379,18.886,311.463,6.15096,2
575,498094,10,3,3,0,0,0,0,7,0,0,309.991,2.066,6.15102,-0.000,328.323,107.366,330.916,301.351,102.698,301.870,330.916,18.904,311.464,6.15369,18.886,311.463,6.15112,2
590,498104,10,3,3,0,0,0,0,7,0,0,309.991,2.066,6.15112,-0.000,328.323,107.366,330.916,301.351,102.698,301.870,330.916,18.904,311.464,6.15379,18.886,311.463,6.15102,2
590,498114,10,3,3,0,0,0,0,7,0,0,309.991,2.066,6.15099,-0.000,328.323,107.366,330.916,301.351,102.698,301.870,330.916,18.904,311.464,6.15366,18.886,311.463,6.15112,2
606,498124,10,3,3,0,0,0,0,7,0,0,309.991,2.066,6.15073,-0.000,328.323,107.366,330.916,301.351,102.698,301.870,330.916,18.903,311.464,6.15340,18.886,311.463,6.15099,2
622,498134,10,3,3,0,0,0,0,7,0,0,309.991,2.066,6.15053,-0.000,328.323,107.366,330.916,301.351,102.698,301.870,330.916,18.903,311.464,6.15320,18.885,311.463,6.15073,2
622,498144,10,3,3,0,0,0,0,7,0,0,309.991,2.066,6.15057,-0.000,328.323,107.366,330.916,301.351,102.698,301.870,330.916,18.903,311.464,6.15324,18.885,311.463,6.15053,2
637,498154,10,3,3,0,0,0,0,7,0,0,309.991,2.066,6.15067,-0.000,328.323,107.366,330.916,301.351,102.698,301.870,330.916,18.903,311.464,6.15335,18.885,311.463,6.15057,2
653,498164,10,3,3,0,0,0,0,7,0,0,309.991,2.066,6.15085,-0.000,328.323,107.366,330.916,301.351,102.698,301.870,330.916,18.903,311.464,6.15353,18.885,311.463,6.15067,2
653,498174,10,3,3,0,0,0,0,7,0,0,309.991,2.066,6.15099,-0.000,328.323,107.366,330.916,301.351,102.698,301.870,330.916,18.904,311.464,6.15367,18.885,311.463,6.15085,2
668,498184,10,3,3,0,0,0,0,7,0,0,309.991,2.066,6.15106,-0.000,328.323,107.366,330.916,301.351,102.698,301.870,330.916,18.904,311.464,6.15374,18.886,311.463,6.15099,2
683,498194,10,3,3,0,0,0,0,7,0,0,309.991,2.066,6.15091,-0.000,328.323,107.366,330.916,301.351,102.698,301.870,330.916,18.903,311.464,6.15359,18.886,311.463,6.15106,2
683,498204,10,3,3,0,0,0,0,7,0,0,309.991,2.066,6.15087,-0.000,328.323,107.366,330.916,301.351,102.698,301.870,330.916,18.903,311.464,6.15355,18.886,311.463,6.15091,2
699,498214,10,3,3,0,0,0,0,7,0,0,309.991,2.066,6.15093,-0.000,328.323,107.366,330.916,301.351,102.698,301.870,330.916,18.903,311.464,6.15361,18.885,311.463,6.15088,2
699,498224,10,3,3,0,0,0,0,7,0,0,309.991,2.066,6.15074,-0.000,328.323,107.366,330.916,301.351,102.698,301.870,330.916,18.903,311.464,6.15342,18.886,311.463,6.15093,2
730,498234,10,3,3,0,0,0,0,7,0,0,309.991,2.066,6.15083,-0.000,328.323,107.366,330.916,301.351,102.698,301.870,330.916,18.903,311.464,6.15351,18.885,311.463,6.15074,2
730,498244,10,3,3,0,0,0,0,7,0,0,309.991,2.066,6.15084,-0.000,328.323,107.366,330.916,301.351,102.698,301.870,330.916,18.903,311.464,6.15351,18.885,311.463,6.15084,2
730,498254,10,3,3,0,0,0,0,7,0,0,309.991,2.066,6.15076,-0.000,328.323,107.366,330.916,301.351,102.698,301.870,330.916,18.903,311.464,6.15343,18.885,311.463,6.15084,2
746,498264,10,3,3,0,0,0,0,7,0,0,309.991,2.066,6.15070,-0.000,328.323,107.366,330.916,301.351,102.698,301.870,330.916,18.903,311.464,6.15338,18.885,311.463,6.15076,2
762,498274,10,3,3,0,0,0,0,7,0,0,309.991,2.066,6.15079,-0.000,328.323,107.366,330.916,301.351,102.698,301.870,330.916,18.903,311.464,6.15346,18.885,311.463,6.15070,2
762,498284,10,3,3,0,0,0,0,7,0,0,309.991,2.066,6.15090,-0.000,328.323,107.366,330.916,301.351,102.698,301.870,330.916,18.903,311.464,6.15357,18.885,311.463,6.15079,2
778,498294,10,3,3,0,0,0,0,7,0,0,309.991,2.066,6.15115,-0.000,328.323,107.366,330.916,301.351,102.698,301.870,330.916,18.904,311.464,6.15383,18.885,311.463,6.15090,2
793,498304,10,3,3,0,0,0,0,7,0,0,309.991,2.066,6.15136,-0.000,328.323,107.366,330.916,301.351,102.698,301.870,330.916,18.904,311.464,6.15404,18.886,311.463,6.15115,2
793,498314,10,3,3,0,0,0,0,7,0,0,309.991,2.066,6.15130,-0.000,328.323,107.366,330.916,301.351,102.698,301.870,330.916,18.904,311.464,6.15398,18.886,311.463,6.15136,2
824,498324,10,3,3,0,0,0,0,7,0,0,309.991,2.066,6.15120,-0.000,328.323,107.366,330.916,301.351,102.698,301.870,330.916,18.904,311.464,6.15387,18.886,311.463,6.15130,2
824,498334,10,3,3,0,0,0,0,7,0,0,309.991,2.066,6.15110,-0.000,328.323,107.366,330.916,301.351,102.698,301.870,330.916,18.904,311.464,6.15378,18.886,311.463,6.15120,2
824,498344,10,3,3,0,0,0,0,7,0,0,309.991,2.066,6.15106,-0.000,328.323,107.366,330.916,301.351,102.698,301.870,330.916,18.904,311.464,6.15373,18.886,311.463,6.15110,2
840,498354,10,3,3,0,0,0,0,7,0,0,309.991,2.066,6.15098,-0.000,328.323,107.366,330.916,301.351,102.698,301.870,330.916,18.904,311.464,6.15365,18.886,311.463,6.15106,2
840,498364,10,3,3,0,0,0,0,7,0,0,309.991,2.066,6.15074,-0.000,328.323,107.366,330.916,301.351,102.698,301.870,330.916,18.903,311.464,6.15342,18.886,311.463,6.15098,2
856,498374,10,3,3,0,0,0,0,7,0,0,309.991,2.066,6.15078,-0.000,328.323,107.366,330.916,301.351,102.698,301.870,330.916,18.903,311.464,6.15345,18.885,311.463,6.15074,2
871,498384,10,3,3,0,0,0,0,7,0,0,309.991,2.066,6.15089,-0.000,328.323,107.366,330.916,301.351,102.698,301.870,330.916,18.903,311.464,6.15357,18.885,311.463,6.15078,2
871,498394,10,3,3,0,0,0,0,7,0,0,309.991,2.066,6.15091,-0.000,328.323,107.366,330.916,301.351,102.698,301.870,330.916,18.903,311.464,6.15359,18.885,311.463,6.15089,2
886,498404,10,3,3,0,0,0,0,7,0,0,309.991,2.066,6.15081,-0.000,328.323,107.366,330.916,301.351,102.698,301.870,330.916,18.903,311.464,6.15349,18.886,311.463,6.15091,2
902,498414,10,3,3,0,0,0,0,7,0,0,309.991,2.066,6.15087,-0.000,328.323,107.366,330.916,301.351,102.698,301.870,330.916,18.903,311.464,6.15355,18.885,311.463,6.15081,2
902,498424,10,3,3,0,0,0,0,7,0,0,309.991,2.066,6.15073,-0.000,328.323,107.366,330.916,301.351,102.698,301.870,330.916,18.903,311.464,6.15340,18.885,311.463,6.15087,2
918,498434,10,3,3,0,0,0,0,7,0,0,309.991,2.066,6.15073,-0.000,328.323,107.366,330.916,301.351,102.698,301.870,330.916,18.903,311.464,6.15340,18.885,311.463,6.15073,2
933,498444,10,3,3,0,0,0,0,7,0,0,309.991,2.066,6.15040,-0.000,328.323,107.366,330.916,301.351,102.698,301.870,330.916,18.903,311.464,6.15308,18.885,311.463,6.15073,2
933,498454,10,3,3,0,0,0,0,7,0,0,309.991,2.066,6.15044,-0.000,328.323,107.366,330.916,301.351,102.698,301.870,330.916,18.903,311.464,6.15312,18.885,311.463,6.15040,2
949,498464,10,3,3,0,0,0,0,7,0,0,309.991,2.066,6.15060,-0.000,328.323,107.366,330.916,301.351,102.698,301.870,330.916,18.903,311.464,6.15327,18.885,311.463,6.15044,2
949,498474,10,3,3,0,0,0,0,7,0,0,309.991,2.066,6.15080,-0.000,328.323,107.366,330.916,301.351,102.698,301.870,330.916,18.903,311.464,6.15347,18.885,311.463,6.15060,2
965,498484,10,3,3,0,0,0,0,7,0,0,309.991,2.066,6.15083,-0.000,328.323,107.366,330.916,301.351,102.698,301.870,330.916,18.903,311.464,6.15351,18.885,311.463,6.15080,2
980,498494,10,3,3,0,0,0,0,7,0,0,309.991,2.066,6.15072,-0.000,328.323,107.366,330.916,301.351,102.698,301.870,330.916,18.903,311.464,6.15339,18.885,311.463,6.15083,2
980,498504,10,3,3,0,0,0,0,7,0,0,309.991,2.066,6.15082,-0.000,328.323,107.366,330.916,301.351,102.698,301.870,330.916,18.903,311.464,6.15350,18.885,311.463,6.15072,2
996,498514,10,3,3,0,0,0,0,7,0,0,309.991,2.066,6.15082,-0.000,328.323,107.366,330.916,301.351,102.698,301.870,330.916,18.903,311.464,6.15349,18.885,311.463,6.15082,2
1012,498524,10,3,3,0,0,0,0,7,0,0,309.991,2.066,6.15054,-0.000,328.323,107.366,330.916,301.351,102.698,301.870,330.916,18.903,311.464,6.15322,18.885,311.463,6.15082,2
1012,498534,10,3,3,0,0,0,0,7,0,0,309.991,2.066,6.15060,-0.000,328.323,107.366,330.916,301.351,102.698,301.870,330.916,18.903,311.464,6.15327,18.885,311.463,6.15054,2
1028,498544,10,3,3,0,0,0,0,7,0,0,309.991,2.066,6.15070,-0.000,328.323,107.366,330.916,301.351,102.698,301.870,330.916,18.903,311.464,6.15337,18.885,311.463,6.15060,2
1044,498554,10,3,3,0,0,0,0,7,0,0,309.991,2.066,6.15073,-0.000,328.323,107.366,330.916,301.351,102.698,301.870,330.916,18.903,311.464,6.15341,18.885,311.463,6.15070,2
1044,498564,10,3,3,0,0,0,0,7,0,0,309.991,2.066,6.15092,-0.000,328.323,107.366,330.916,301.351,102.698,301.870,330.916,18.903,311.464,6.15360,18.885,311.463,6.15073,2
1059,498574,10,3,3,0,0,0,0,7,0,0,309.991,2.066,6.15102,-0.000,328.323,107.366,330.916,301.351,102.698,301.870,330.916,18.904,311.464,6.15369,18.886,311.463,6.15092,2
1075,498584,10,3,3,0,0,0,0,7,0,0,309.991,2.066,6.15120,-0.000,328.323,107.366,330.916,301.351,102.698,301.870,330.916,18.904,311.464,6.15388,18.886,311.463,6.15102,2
1075,498594,10,3,3,0,0,0,0,7,0,0,309.991,2.066,6.15136,-0.000,328.323,107.366,330.916,301.351,102.698,301.870,330.916,18.904,311.464,6.15403,18.886,311.463,6.15120,2
1090,498604,10,3,3,0,0,0,0,7,0,0,309.991,2.066,6.15129,-0.000,328.323,107.366,330.916,301.351,102.698,301.870,330.916,18.904,311.464,6.15396,18.886,311.463,6.15136,2
1090,498614,10,3,3,0,0,0,0,7,0,0,309.991,2.066,6.15106,-0.000,328.323,107.366,330.916,301.351,102.698,301.870,330.916,18.904,311.464,6.15374,18.886,311.463,6.15129,2
1105,498624,10,3,3,0,0,0,0,7,0,0,309.991,2.066,6.15089,-0.000,328.323,107.366,330.916,301.351,102.698,301.870,330.916,18.903,311.464,6.15356,18.886,311.463,6.15106,2
1121,498634,10,3,3,0,0,0,0,7,0,0,309.991,2.066,6.15087,-0.000,328.323,107.366,330.916,301.351,102.698,301.870,330.916,18.903,311.464,6.15355,18.885,311.463,6.15089,2
1121,498644,10,3,3,0,0,0,0,7,0,0,309.991,2.066,6.15122,-0.000,328.323,107.366,330.916,301.351,102.698,301.870,330.916,18.904,311.464,6.15390,18.885,311.463,6.15087,2
1137,498654,10,3,3,0,0,0,0,7,0,0,309.991,2.066,6.15114,-0.000,328.323,107.366,330.916,301.351,102.698,301.870,330.916,18.904,311.464,6.15381,18.886,311.463,6.15122,2
1153,498664,10,3,3,0,0,0,0,7,0,0,309.991,2.066,6.15105,-0.000,328.323,107.366,330.916,301.351,102.698,301.870,330.916,18.904,311.464,6.15372,18.886,311.463,6.15114,2
1153,498674,10,3,3,0,0,0,0,7,0,0,309.991,2.066,6.15116,-0.000,328.323,107.366,330.916,301.351,102.698,301.870,330.916,18.904,311.464,6.15384,18.886,311.463,6.15105,2
1168,498684,10,3,3,0,0,0,0,7,0,0,309.991,2.066,6.15106,-0.000,328.323,107.366,330.916,301.351,102.698,301.870,330.916,18.904,311.464,6.15374,18.886,311.463,6.15117,2
1183,498694,10,3,3,0,0,0,0,7,0,0,309.991,2.066,6.15121,-0.000,328.323,107.366,330.916,301.351,102.698,301.870,330.916,18.904,311.464,6.15389,18.886,311.463,6.15106,2
1183,498704,10,3,3,0,0,0,0,7,0,0,309.991,2.066,6.15116,-0.000,328.323,107.366,330.916,301.351,102.698,301.870,330.916,18.904,311.464,6.15383,18.886,311.463,6.15121,2
1214,498714,10,3,3,0,0,0,0,7,0,0,309.991,2.066,6.15101,-0.000,328.323,107.366,330.916,301.351,102.698,301.870,330.916,18.904,311.464,6.15369,18.886,311.463,6.15116,2
1214,498724,10,3,3,0,0,0,0,7,0,0,309.991,2.066,6.15092,-0.000,328.323,107.366,330.916,301.351,102.698,301.870,330.916,18.903,311.464,6.15359,18.886,311.463,6.15101,2
1214,498734,10,3,3,0,0,0,0,7,0,0,309.991,2.066,6.15090,-0.000,328.323,107.366,330.916,301.351,102.698,301.870,330.916,18.903,311.464,6.15358,18.886,311.463,6.15092,2
1244,498744,10,3,3,0,0,0,0,7,0,0,309.991,2.066,6.15091,-0.000,328.323,107.366,330.916,301.351,102.698,301.870,330.916,18.903,311.464,6.15358,18.886,311.463,6.15090,2
1244,498754,10,3,3,0,0,0,0,7,0,0,309.991,2.066,6.15067,-0.000,328.323,107.366,330.916,301.351,102.698,301.870,330.916,18.903,311.464,6.15334,18.886,311.463,6.15091,2
1244,498764,10,3,3,0,0,0,0,7,0,0,309.991,2.066,6.15083,-0.000,328.323,107.366,330.916,301.351,102.698,301.870,330.916,18.903,311.464,6.15350,18.885,311.463,6.15067,2
1260,498774,10,3,3,0,0,0,0,7,0,0,309.991,2.066,6.15100,-0.000,328.323,107.366,330.916,301.351,102.698,301.870,330.916,18.904,311.464,6.15367,18.885,311.463,6.15083,2
1260,498784,10,3,3,0,0,0,0,7,0,0,309.991,2.066,6.15096,-0.000,328.323,107.366,330.916,301.351,102.698,301.870,330.916,18.904,311.464,6.15364,18.886,311.463,6.15100,2
1291,498794,10,3,3,0,0,0,0,7,0,0,309.991,2.066,6.15108,-0.000,328.323,107.366,330.916,301.351,102.698,301.870,330.916,18.904,311.464,6.15375,18.886,311.463,6.15096,2
1291,498804,10,3,3,0,0,0,0,7,0,0,309.991,2.066,6.15103,-0.000,328.323,107.366,330.916,301.351,102.698,301.870,330.916,18.904,311.464,6.15370,18.886,311.463,6.15108,2
1291,498814,10,3,3,0,0,0,0,7,0,0,309.991,2.066,6.15079,-0.000,328.323,107.366,330.916,301.351,102.698,301.870,330.916,18.903,311.464,6.15346,18.886,311.463,6.15103,2
1307,498824,10,3,3,0,0,0,0,7,0,0,309.991,2.066,6.15063,-0.000,328.323,107.366,330.916,301.351,102.698,301.870,330.916,18.903,311.464,6.15331,18.885,311.463,6.15079,2
1322,498834,10,3,3,0,0,0,0,7,0,0,309.991,2.066,6.15074,-0.000,328.323,107.366,330.916,301.351,102.698,301.870,330.916,18.903,311.464,6.15342,18.885,311.463,6.15063,2
1322,498844,10,3,3,0,0,0,0,7,0,0,309.991,2.066,6.15075,-0.000,328.323,107.366,330.916,301.351,102.698,301.870,330.916,18.903,311.464,6.15343,18.885,311.463,6.15074,2
1354,498854,10,3,3,0,0,0,0,7,0,0,309.991,2.066,6.15068,-0.000,328.323,107.366,330.916,301.351,102.698,301.870,330.916,18.903,311.464,6.15335,18.885,311.463,6.15075,2
1354,498864,10,3,3,0,0,0,0,7,0,0,309.991,2.066,6.15057,-0.000,328.323,107.366,330.916,301.351,102.698,301.870,330.916,18.903,311.464,6.15325,18.885,311.463,6.15068,2
1354,498874,10,3,3,0,0,0,0,7,0,0,309.991,2.066,6.15056,-0.000,328.323,107.366,330.916,301.351,102.698,301.870,330.916,18.903,311.464,6.15324,18.885,311.463,6.15057,2
1370,498884,10,3,3,0,0,0,0,7,0,0,309.991,2.066,6.15073,-0.000,328.323,107.366,330.916,301.351,102.698,301.870,330.916,18.903,311.464,6.15340,18.885,311.463,6.15056,2
1370,498894,10,3,3,0,0,0,0,7,0,0,309.991,2.066,6.15091,-0.000,328.323,107.366,330.916,301.351,102.698,301.870,330.916,18.903,311.464,6.15359,18.885,311.463,6.15073,2
1385,498904,10,3,3,0,0,0,0,7,0,0,309.991,2.066,6.15090,-0.000,328.323,107.366,330.916,301.351,102.698,301.870,330.916,18.903,311.464,6.15357,18.886,311.463,6.15091,2
1401,498914,10,3,3,0,0,0,0,7,0,0,309.991,2.066,6.15096,-0.000,328.323,107.366,330.916,301.351,102.698,301.870,330.916,18.904,311.464,6.15363,18.885,311.463,6.15090,2
1401,498924,10,3,3,0,0,0,0,7,0,0,309.991,2.066,6.15097,-0.000,328.323,107.366,330.916,301.351,102.698,301.870,330.916,18.904,311.464,6.15364,18.886,311.463,6.15096,2
1432,498934,10,3,3,0,0,0,0,7,0,0,309.991,2.066,6.15112,-0.000,328.323,107.366,330.916,301.351,102.698,301.870,330.916,18.904,311.464,6.15379,18.886,311.463,6.15097,2
1432,498944,10,3,3,0,0,0,0,7,0,0,309.991,2.066,6.15118,-0.000,328.323,107.366,330.916,301.351,102.698,301.870,330.916,18.904,311.464,6.15385,18.886,311.463,6.15112,2
1432,498954,10,3,3,0,0,0,0,7,0,0,309.991,2.066,6.15117,-0.000,328.323,107.366,330.916,301.351,102.698,301.870,330.916,18.904,311.464,6.15384,18.886,311.463,6.15118,2
1447,498964,10,3,3,0,0,0,0,7,0,0,309.991,2.066,6.15118,-0.000,328.323,107.366,330.916,301.351,102.698,301.870,330.916,18.904,311.464,6.15385,18.886,311.463,6.15117,2
1463,498974,10,3,3,0,0,0,0,7,0,0,309.991,2.066,6.15111,-0.000,328.323,107.366,330.916,301.351,102.698,301.870,330.916,18.904,311.464,6.15378,18.886,311.463,6.15118,2
1463,498984,10,3,3,0,0,0,0,7,0,0,309.991,2.066,6.15112,-0.000,328.323,107.366,330.916,301.351,102.698,301.870,330.916,18.904,311.464,6.15379,18.886,311.463,6.15111,2
1479,498994,10,3,3,0,0,0,0,7,0,0,309.991,2.066,6.15103,-0.000,328.323,107.366,330.916,301.351,102.698,301.870,330.916,18.904,311.464,6.15371,18.886,311.463,6.15112,2
1494,499004,10,3,3,0,0,0,0,7,0,0,309.991,2.066,6.15097,-0.000,328.323,107.366,330.916,301.351,102.698,301.870,330.916,18.904,311.464,6.15365,18.886,311.463,6.15103,2
1494,499014,10,3,3,0,0,0,0,7,0,0,309.991,2.066,6.15110,-0.000,328.323,107.366,330.916,301.351,102.698,301.870,330.916,18.904,311.464,6.15378,18.886,311.463,6.15097,2
1510,499024,10,3,3,0,0,0,0,7,0,0,309.991,2.066,6.15089,-0.000,328.323,107.366,330.916,301.351,102.698,301.870,330.916,18.903,311.464,6.15357,18.886,311.463,6.15110,2
1510,499034,10,3,3,0,0,0,0,7,0,0,309.991,2.066,6.15107,-0.000,328.323,107.366,330.916,301.351,102.698,301.870,330.916,18.904,311.464,6.15374,18.885,311.463,6.15089,2
1526,499044,10,3,3,0,0,0,0,7,0,0,309.991,2.066,6.15126,-0.000,328.323,107.366,330.916,301.351,102.698,301.870,330.916,18.904,311.464,6.15394,18.886,311.463,6.15107,2
1541,499054,10,3,3,0,0,0,0,7,0,0,309.991,2.066,6.15126,-0.000,328.323,107.366,330.916,301.351,102.698,301.870,330.916,18.904,311.464,6.15394,18.886,311.463,6.15126,2
1541,499064,10,3,3,0,0,0,0,7,0,0,309.991,2.066,6.15138,-0.000,328.323,107.366,330.916,301.351,102.698,301.870,330.916,18.904,311.464,6.15405,18.886,311.463,6.15126,2
1556,499074,10,3,3,0,0,0,0,7,0,0,309.991,2.066,6.15160,-0.000,328.323,107.366,330.916,301.351,102.698,301.870,330.916,18.904,311.464,6.15428,18.886,311.463,6.15138,2
1572,499084,10,3,3,0,0,0,0,7,0,0,309.991,2.066,6.15156,-0.000,328.323,107.366,330.916,301.351,102.698,301.870,330.916,18.904,311.464,6.15424,18.886,311.463,6.15160,2
1572,499094,10,3,3,0,0,0,0,7,0,0,309.991,2.066,6.15168,-0.000,328.323,107.366,330.916,301.351,102.698,301.870,330.916,18.904,311.464,6.15436,18.886,311.463,6.15156,2
1588,499104,10,3,3,0,0,0,0,7,0,0,309.991,2.066,6.15154,-0.000,328.323,107.366,330.916,301.351,102.698,301.870,330.916,18.904,311.464,6.15422,18.886,311.463,6.15168,2
1604,499114,10,3,3,0,0,0,0,7,0,0,309.991,2.066,6.15149,-0.000,328.323,107.366,330.916,301.351,102.698,301.870,330.916,18.904,311.464,6.15417,18.886,311.463,6.15154,2
1604,499124,10,3,3,0,0,0,0,7,0,0,309.991,2.066,6.15125,-0.000,328.323,107.366,330.916,301.351,102.698,301.870,330.916,18.904,311.464,6.15393,18.886,311.463,6.15149,2
1619,499134,10,3,3,0,0,0,0,7,0,0,309.991,2.066,6.15134,-0.000,328.323,107.366,330.916,301.351,102.698,301.870,330.916,18.904,311.464,6.15401,18.886,311.463,6.15125,2
1619,499144,10,3,3,0,0,0,0,7,0,0,309.991,2.066,6.15154,-0.000,328.323,107.366,330.916,301.351,102.698,301.870,330.916,18.904,311.464,6.15421,18.886,311.463,6.15134,2
1635,499154,10,3,3,0,0,0,0,7,0,0,309.991,2.066,6.15167,-0.000,328.323,107.366,330.916,301.351,102.698,301.870,330.916,18.904,311.464,6.15434,18.886,311.463,6.15154,2
1650,499164,10,3,3,0,0,0,0,7,0,0,309.991,2.066,6.15168,-0.000,328.323,107.366,330.916,301.351,102.698,301.870,330.916,18.904,311.464,6.15436,18.886,311.463,6.15167,2
1650,499174,10,3,3,0,0,0,0,7,0,0,309.991,2.066,6.15168,-0.000,328.323,107.366,330.916,301.351,102.698,301.870,330.916,18.904,311.464,6.15436,18.886,311.463,6.15168,2
1666,499184,10,3,3,0,0,0,0,7,0,0,309.991,2.066,6.15175,-0.000,328.323,107.366,330.916,301.351,102.698,301.870,330.916,18.905,311.464,6.15442,18.886,311.463,6.15168,2
1681,499194,10,3,3,0,0,0,0,7,0,0,309.991,2.066,6.15145,-0.000,328.323,107.366,330.916,301.351,102.698,301.870,330.916,18.904,311.464,6.15413,18.887,311.463,6.15175,2
1681,499204,10,3,3,0,0,0,0,7,0,0,309.991,2.066,6.15125,-0.000,328.323,107.366,330.916,301.351,102.698,301.870,330.916,18.904,311.464,6.15392,18.886,311.463,6.15145,2
1696,499214,10,3,3,0,0,0,0,7,0,0,309.991,2.066,6.15125,-0.000,328.323,107.366,330.916,301.351,102.698,301.870,330.916,18.904,311.464,6.15393,18.886,311.463,6.15125,2
1712,499224,10,3,3,0,0,0,0,7,0,0,309.991,2.066,6.15135,-0.000,328.323,107.366,330.916,301.351,102.698,301.870,330.916,18.904,311.464,6.15403,18.886,311.463,6.15125,2
1712,499234,10,3,3,0,0,0,0,7,0,0,309.991,2.066,6.15122,-0.000,328.323,107.366,330.916,301.351,102.698,301.870,330.916,18.904,311.464,6.15390,18.886,311.463,6.15135,2
1728,499244,10,3,3,0,0,0,0,7,0,0,309.991,2.066,6.15126,-0.000,328.323,107.366,330.916,301.351,102.698,301.870,330.916,18.904,311.464,6.15393,18.886,311.463,6.15122,2
1743,499254,10,3,3,0,0,0,0,7,0,0,309.991,2.066,6.15140,-0.000,328.323,107.366,330.916,301.351,102.698,301.870,330.916,18.904,311.464,6.15407,18.886,311.463,6.15126,2
1743,499264,10,3,3,0,0,0,0,7,0,0,309.991,2.066,6.15144,-0.000,328.323,107.366,330.916,301.351,102.698,301.870,330.916,18.904,311.464,6.15411,18.886,311.463,6.15140,2
1759,499274,10,3,3,0,0,0,0,7,0,0,309.991,2.066,6.15141,-0.000,328.323,107.366,330.916,301.351,102.698,301.870,330.916,18.904,311.464,6.15409,18.886,311.463,6.15144,2
1774,499284,10,3,3,0,0,0,0,7,0,0,309.991,2.066,6.15135,-0.000,328.323,107.366,330.916,301.351,102.698,301.870,330.916,18.904,311.464,6.15403,18.886,311.463,6.15141,2
1774,499294,10,3,3,0,0,0,0,7,0,0,309.991,2.066,6.15107,-0.000,328.323,107.366,330.916,301.351,102.698,301.870,330.916,18.904,311.464,6.15375,18.886,311.463,6.15135,2
1790,499304,10,3,3,0,0,0,0,7,0,0,309.991,2.066,6.15089,-0.000,328.323,107.366,330.916,301.351,102.698,301.870,330.916,18.903,311.464,6.15357,18.886,311.463,6.15107,2
1790,499314,10,3,3,0,0,0,0,7,0,0,309.991,2.066,6.15078,-0.000,328.323,107.366,330.916,301.351,102.698,301.870,330.916,18.903,311.464,6.15346,18.885,311.463,6.15090,2
1805,499324,10,3,3,0,0,0,0,7,0,0,309.991,2.066,6.15065,-0.000,328.323,107.366,330.916,301.351,102.698,301.870,330.916,18.903,311.464,6.15332,18.885,311.463,6.15078,2
1820,499334,10,3,3,0,0,0,0,7,0,0,309.991,2.066,6.15064,-0.000,328.323,107.366,330.916,301.351,102.698,301.870,330.916,18.903,311.464,6.15332,18.885,311.463,6.15065,2
1820,499344,10,3,3,0,0,0,0,7,0,0,309.991,2.066,6.15072,-0.000,328.323,107.366,330.916,301.351,102.698,301.870,330.916,18.903,311.464,6.15340,18.885,311.463,6.15064,2
1836,499354,10,3,3,0,0,0,0,7,0,0,309.991,2.066,6.15081,-0.000,328.323,107.366,330.916,301.351,102.698,301.870,330.916,18.903,311.464,6.15348,18.885,311.463,6.15072,2
1851,499364,10,3,3,0,0,0,0,7,0,0,309.991,2.066,6.15108,-0.000,328.323,107.366,330.916,301.351,102.698,301.870,330.916,18.904,311.464,6.15376,18.885,311.463,6.15081,2
1851,499374,10,3,3,0,0,0,0,7,0,0,309.991,2.066,6.15103,-0.000,328.323,107.366,330.916,301.351,102.698,301.870,330.916,18.904,311.464,6.15370,18.886,311.463,6.15108,2
1867,499384,10,3,3,0,0,0,0,7,0,0,309.991,2.066,6.15110,-0.000,328.323,107.366,330.916,301.351,102.698,301.870,330.916,18.904,311.464,6.15378,18.886,311.463,6.15103,2
1882,499394,10,3,3,0,0,0,0,7,0,0,309.991,2.066,6.15113,-0.000,328.323,107.366,330.916,301.351,102.698,301.870,330.916,18.904,311.464,6.15381,18.886,311.463,6.15110,2
1882,499404,10,3,3,0,0,0,0,7,0,0,309.991,2.066,6.15109,-0.000,328.323,107.366,330.916,301.351,102.698,301.870,330.916,18.904,311.464,6.15377,18.886,311.463,6.15113,2
1898,499414,10,3,3,0,0,0,0,7,0,0,309.991,2.066,6.15117,-0.000,328.323,107.366,330.916,301.351,102.698,301.870,330.916,18.904,311.464,6.15384,18.886,311.463,6.15110,2
1915,499424,10,3,3,0,0,0,0,7,0,0,309.991,2.066,6.15108,-0.000,328.323,107.366,330.916,301.351,102.698,301.870,330.916,18.904,311.464,6.15375,18.886,311.463,6.15117,2
1915,499434,10,3,3,0,0,0,0,7,0,0,309.991,2.066,6.15102,-0.000,328.323,107.366,330.916,301.351,102.698,301.870,330.916,18.904,311.464,6.15370,18.886,311.463,6.15108,2
1930,499444,10,3,3,0,0,0,0,7,0,0,309.991,2.066,6.15117,-0.000,328.323,107.366,330.916,301.351,102.698,301.870,330.916,18.904,311.464,6.15384,18.886,311.463,6.15102,2
1930,499454,10,3,3,0,0,0,0,7,0,0,309.991,2.066,6.15090,-0.000,328.323,107.366,330.916,301.351,102.698,301.870,330.916,18.903,311.464,6.15358,18.886,311.463,6.15117,2
1945,499464,10,3,3,0,0,0,0,7,0,0,309.991,2.066,6.15106,-0.000,328.323,107.366,330.916,301.351,102.698,301.870,330.916,18.904,311.464,6.15373,18.886,311.463,6.15090,2
1960,499474,10,3,3,0,0,0,0,7,0,0,309.991,2.066,6.15115,-0.000,328.323,107.366,330.916,301.351,102.698,301.870,330.916,18.904,311.464,6.15382,18.886,311.463,6.15106,2
1960,499484,10,3,3,0,0,0,0,7,0,0,309.991,2.066,6.15112,-0.000,328.323,107.366,330.916,301.351,102.698,301.870,330.916,18.904,311.464,6.15380,18.886,311.463,6.15115,2
1976,499494,10,3,3,0,0,0,0,7,0,0,309.991,2.066,6.15122,-0.000,328.323,107.366,330.916,301.351,102.698,301.870,330.916,18.904,311.464,6.15390,18.886,311.463,6.15112,2
1991,499504,10,3,3,0,0,0,0,7,0,0,309.991,2.066,6.15102,-0.000,328.323,107.366,330.916,301.351,102.698,301.870,330.916,18.904,311.464,6.15370,18.886,311.463,6.15122,2
1991,499514,10,3,3,0,0,0,0,7,0,0,309.991,2.066,6.15095,-0.000,328.323,107.366,330.916,301.351,102.698,301.870,330.916,18.903,311.464,6.15362,18.886,311.463,6.15102,2
2008,499524,10,3,3,0,0,0,0,7,0,0,309.991,2.066,6.15109,-0.000,328.323,107.366,330.916,301.351,102.698,301.870,330.916,18.904,311.464,6.15376,18.886,311.463,6.15095,2
2023,499534,10,3,3,0,0,0,0,7,0,0,309.991,2.066,6.15098,-0.000,328.323,107.366,330.916,301.351,102.698,301.870,330.916,18.904,311.464,6.15366,18.886,311.463,6.15109,2
2023,499544,10,3,3,0,0,0,0,7,0,0,309.991,2.066,6.15085,-0.000,328.323,107.366,330.916,301.351,102.698,301.870,330.916,18.903,311.464,6.15353,18.886,311.463,6.15098,2
2054,499554,10,3,3,0,0,0,0,7,0,0,309.991,2.066,6.15087,-0.000,328.323,107.366,330.916,301.351,102.698,301.870,330.916,18.903,311.464,6.15354,18.885,311.463,6.15085,2
2054,499564,10,3,3,0,0,0,0,7,0,0,309.991,2.066,6.15056,-0.000,328.323,107.366,330.916,301.351,102.698,301.870,330.916,18.903,311.464,6.15323,18.885,311.463,6.15087,2
2054,499574,10,3,3,0,0,0,0,7,0,0,309.991,2.066,6.15052,-0.000,328.323,107.366,330.916,301.351,102.698,301.870,330.916,18.903,311.464,6.15320,18.885,311.463,6.15056,2
2070,499584,10,3,3,0,0,0,0,7,0,0,309.991,2.066,6.15083,-0.000,328.323,107.366,330.916,301.351,102.698,301.870,330.916,18.903,311.464,6.15350,18.885,311.463,6.15052,2
2070,499594,10,3,3,0,0,0,0,7,0,0,309.991,2.066,6.15114,-0.000,328.323,107.366,330.916,301.351,102.698,301.870,330.916,18.904,311.464,6.15381,18.885,311.463,6.15083,2
2085,499604,10,3,3,0,0,0,0,7,0,0,309.991,2.066,6.15125,-0.000,328.323,107.366,330.916,301.351,102.698,301.870,330.916,18.904,311.464,6.15393,18.886,311.463,6.15114,2
2101,499614,10,3,3,0,0,0,0,7,0,0,309.991,2.066,6.15149,-0.000,328.323,107.366,330.916,301.351,102.698,301.870,330.916,18.904,311.464,6.15416,18.886,311.463,6.15125,2
2101,499624,10,3,3,0,0,0,0,7,0,0,309.991,2.066,6.15144,-0.000,328.323,107.366,330.916,301.351,102.698,301.870,330.916,18.904,311.464,6.15412,18.886,311.463,6.15149,2
2117,499634,10,3,3,0,0,0,0,7,0,0,309.991,2.066,6.15126,-0.000,328.323,107.366,330.916,301.351,102.698,301.870,330.916,18.904,311.464,6.15393,18.886,311.463,6.15144,2
2133,499644,10,3,3,0,0,0,0,7,0,0,309.991,2.066,6.15121,-0.000,328.323,107.366,330.916,301.351,102.698,301.870,330.916,18.904,311.464,6.15389,18.886,311.463,6.15126,2
2133,499654,10,3,3,0,0,0,0,7,0,0,309.991,2.066,6.15119,-0.000,328.323,107.366,330.916,301.351,102.698,301.870,330.916,18.904,311.464,6.15387,18.886,311.463,6.15121,2
2148,499664,10,3,3,0,0,0,0,7,0,0,309.991,2.066,6.15129,-0.000,328.323,107.366,330.916,301.351,102.698,301.870,330.916,18.904,311.464,6.15396,18.886,311.463,6.15119,2
2164,499674,10,3,3,0,0,0,0,7,0,0,309.991,2.066,6.15141,-0.000,328.323,107.366,330.916,301.351,102.698,301.870,330.916,18.904,311.464,6.15408,18.886,311.463,6.15129,2
2164,499684,10,3,3,0,0,0,0,7,0,0,309.991,2.066,6.15140,-0.000,328.323,107.366,330.916,301.351,102.698,301.870,330.916,18.904,311.464,6.15408,18.886,311.463,6.15141,2
2179,499694,10,3,3,0,0,0,0,7,0,0,309.991,2.066,6.15134,-0.000,328.323,107.366,330.916,301.351,102.698,301.870,330.916,18.904,311.464,6.15402,18.886,311.463,6.15140,2
2179,499704,10,3,3,0,0,0,0,7,0,0,309.991,2.066,6.15133,-0.000,328.323,107.366,330.916,301.351,102.698,301.870,330.916,18.904,311.464,6.15400,18.886,311.463,6.15134,2
2194,499714,10,3,3,0,0,0,0,7,0,0,309.991,2.066,6.15132,-0.000,328.323,107.366,330.916,301.351,102.698,301.870,330.916,18.904,311.464,6.15399,18.886,311.463,6.15133,2
2211,499724,10,3,3,0,0,0,0,7,0,0,309.991,2.066,6.15125,-0.000,328.323,107.366,330.916,301.351,102.698,301.870,330.916,18.904,311.464,6.15393,18.886,311.463,6.15132,2
2211,499734,10,3,3,0,0,0,0,7,0,0,309.991,2.066,6.15113,-0.000,328.323,107.366,330.916,301.351,102.698,301.870,330.916,18.904,311.464,6.15380,18.886,311.463,6.15125,2
2226,499744,10,3,3,0,0,0,0,7,0,0,309.991,2.066,6.15110,-0.000,328.323,107.366,330.916,301.351,102.698,301.870,330.916,18.904,311.464,6.15378,18.886,311.463,6.15112,2
2241,499754,10,3,3,0,0,0,0,7,0,0,309.991,2.066,6.15105,-0.000,328.323,107.366,330.916,301.351,102.698,301.870,330.916,18.904,311.464,6.15373,18.886,311.463,6.15110,2
2241,499764,10,3,3,0,0,0,0,7,0,0,309.991,2.066,6.15084,-0.000,328.323,107.366,330.916,301.351,102.698,301.870,330.916,18.903,311.464,6.15351,18.886,311.463,6.15105,2
2256,499774,10,3,3,0,0,0,0,7,0,0,309.991,2.066,6.15073,-0.000,328.323,107.366,330.916,301.351,102.698,301.870,330.916,18.903,311.464,6.15341,18.885,311.463,6.15084,2
2272,499784,10,3,3,0,0,0,0,7,0,0,309.991,2.066,6.15062,-0.000,328.323,107.366,330.916,301.351,102.698,301.870,330.916,18.903,311.464,6.15330,18.885,311.463,6.15073,2
2272,499794,10,3,3,0,0,0,0,7,0,0,309.991,2.066,6.15072,-0.000,328.323,107.366,330.916,301.351,102.698,301.870,330.916,18.903,311.464,6.15340,18.885,311.463,6.15062,2
2288,499804,10,3,3,0,0,0,0,7,0,0,309.991,2.066,6.15075,-0.000,328.323,107.366,330.916,301.351,102.698,301.870,330.916,18.903,311.464,6.15343,18.885,311.463,6.15072,2
2302,499814,10,3,3,0,0,0,0,7,0,0,309.991,2.066,6.15063,-0.000,328.323,107.366,330.916,301.351,102.698,301.870,330.916,18.903,311.464,6.15330,18.885,311.463,6.15075,2
2302,499824,10,3,3,0,0,0,0,7,0,0,309.991,2.066,6.15081,-0.000,328.323,107.366,330.916,301.351,102.698,301.870,330.916,18.903,311.464,6.15349,18.885,311.463,6.15063,2
2318,499834,10,3,3,0,0,0,0,7,0,0,309.991,2.066,6.15078,-0.000,328.323,107.366,330.916,301.351,102.698,301.870,330.916,18.903,311.464,6.15346,18.885,311.463,6.15081,2
2334,499844,10,3,3,0,0,0,0,7,0,0,309.991,2.066,6.15065,-0.000,328.323,107.366,330.916,301.351,102.698,301.870,330.916,18.903,311.464,6.15333,18.885,311.463,6.15078,2
2334,499854,10,3,3,0,0,0,0,7,0,0,309.991,2.066,6.15068,-0.000,328.323,107.366,330.916,301.351,102.698,301.870,330.916,18.903,311.464,6.15335,18.885,311.463,6.15065,2
2350,499864,10,3,3,0,0,0,0,7,0,0,309.991,2.066,6.15079,-0.000,328.323,107.366,330.916,301.351,102.698,301.870,330.916,18.903,311.464,6.15347,18.885,311.463,6.15068,2
2350,499874,10,3,3,0,0,0,0,7,0,0,309.991,2.066,6.15080,-0.000,328.323,107.366,330.916,301.351,102.698,301.870,330.916,18.903,311.464,6.15347,18.885,311.463,6.15079,2
2366,499884,10,3,3,0,0,0,0,7,0,0,309.991,2.066,6.15103,-0.000,328.323,107.366,330.916,301.351,102.698,301.870,330.916,18.904,311.464,6.15371,18.885,311.463,6.15080,2
2381,499894,10,3,3,0,0,0,0,7,0,0,309.991,2.066,6.15116,-0.000,328.323,107.366,330.916,301.351,102.698,301.870,330.916,18.904,311.464,6.15384,18.886,311.463,6.15103,2
2381,499904,10,3,3,0,0,0,0,7,0,0,309.991,2.066,6.15102,-0.000,328.323,107.366,330.916,301.351,102.698,301.870,330.916,18.904,311.464,6.15370,18.886,311.463,6.15116,2
2397,499914,10,3,3,0,0,0,0,7,0,0,309.991,2.066,6.15081,-0.000,328.323,107.366,330.916,301.351,102.698,301.870,330.916,18.903,311.464,6.15348,18.886,311.463,6.15102,2
2412,499924,10,3,3,0,0,0,0,7,0,0,309.991,2.066,6.15082,-0.000,328.323,107.366,330.916,301.351,102.698,301.870,330.916,18.903,311.464,6.15350,18.885,311.463,6.15081,2
2412,499934,10,3,3,0,0,0,0,7,0,0,309.991,2.066,6.15084,-0.000,328.323,107.366,330.916,301.351,102.698,301.870,330.916,18.903,311.464,6.15352,18.885,311.463,6.15082,2
2428,499944,10,3,3,0,0,0,0,7,0,0,309.991,2.066,6.15090,-0.000,328.323,107.366,330.916,301.351,102.698,301.870,330.916,18.903,311.464,6.15358,18.885,311.463,6.15084,2
2443,499954,10,3,3,0,0,0,0,7,0,0,309.991,2.066,6.15090,-0.000,328.323,107.366,330.916,301.351,102.698,301.870,330.916,18.903,311.464,6.15358,18.886,311.463,6.15090,2
2443,499964,10,3,3,0,0,0,0,7,0,0,309.991,2.066,6.15081,-0.000,328.323,107.366,330.916,301.351,102.698,301.870,330.916,18.903,311.464,6.15349,18.886,311.463,6.15090,2
2459,499974,10,3,3,0,0,0,0,7,0,0,309.991,2.066,6.15070,-0.000,328.323,107.366,330.916,301.351,102.698,301.870,330.916,18.903,311.464,6.15337,18.885,311.463,6.15081,2
2475,499984,10,3,3,0,0,0,0,7,0,0,309.991,2.066,6.15092,-0.000,328.323,107.366,330.916,301.351,102.698,301.870,330.916,18.903,311.464,6.15360,18.885,311.463,6.15070,2
2475,499994,10,3,3,0,0,0,0,7,0,0,309.991,2.066,6.15071,-0.000,328.323,107.366,330.916,301.351,102.698,301.870,330.916,18.903,311.464,6.15339,18.886,311.463,6.15092,2
2490,500004,10,3,3,0,0,0,0,7,0,0,309.991,2.066,6.15054,-0.000,328.323,107.366,330.916,301.351,102.698,301.870,330.916,18.903,311.464,6.15322,18.885,311.463,6.15071,2
2490,500014,10,3,3,0,0,0,0,7,0,0,309.991,2.066,6.15068,-0.000,328.323,107.366,330.916,301.351,102.698,301.870,330.916,18.903,311.464,6.15335,18.885,311.463,6.15054,2
2506,500024,10,3,3,0,0,0,0,7,0,0,309.991,2.066,6.15111,-0.000,328.323,107.366,330.916,301.351,102.698,301.870,330.916,18.904,311.464,6.15378,18.885,311.463,6.15068,2
2522,500034,10,3,3,0,0,0,0,7,0,0,309.991,2.066,6.15119,-0.000,328.323,107.366,330.916,301.351,102.698,301.870,330.916,18.904,311.464,6.15386,18.886,311.463,6.15111,2
2522,500044,10,3,3,0,0,0,0,7,0,0,309.991,2.066,6.15105,-0.000,328.323,107.366,330.916,301.351,102.698,301.870,330.916,18.904,311.464,6.15372,18.886,311.463,6.15119,2
2537,500054,10,3,3,0,0,0,0,7,0,0,309.991,2.066,6.15106,-0.000,328.323,107.366,330.916,301.351,102.698,301.870,330.916,18.904,311.464,6.15373,18.886,311.463,6.15105,2
2553,500064,10,3,3,0,0,0,0,7,0,0,309.991,2.066,6.15099,-0.000,328.323,107.366,330.916,301.351,102.698,301.870,330.916,18.904,311.464,6.15366,18.886,311.463,6.15106,2
2553,500074,10,3,3,0,0,0,0,7,0,0,309.991,2.066,6.15097,-0.000,328.323,107.366,330.916,301.351,102.698,301.870,330.916,18.904,311.464,6.15365,18.886,311.463,6.15099,2
2569,500084,10,3,3,0,0,0,0,7,0,0,309.991,2.066,6.15107,-0.000,328.323,107.366,330.916,301.351,102.698,301.870,330.916,18.904,311.464,6.15375,18.886,311.463,6.15097,2
2584,500094,10,3,3,0,0,0,0,7,0,0,309.991,2.066,6.15115,-0.000,328.323,107.366,330.916,301.351,102.698,301.870,330.916,18.904,311.464,6.15382,18.886,311.463,6.15107,2
2584,500104,10,3,3,0,0,0,0,7,0,0,309.991,2.066,6.15117,-0.000,328.323,107.366,330.916,301.351,102.698,301.870,330.916,18.904,311.464,6.15384,18.886,311.463,6.15115,2
2600,500114,10,3,3,0,0,0,0,7,0,0,309.991,2.066,6.15127,-0.000,328.323,107.366,330.916,301.351,102.698,301.870,330.916,18.904,311.464,6.15395,18.886,311.463,6.15117,2
2600,500124,10,3,3,0,0,0,0,7,0,0,309.991,2.066,6.15094,-0.000,328.323,107.366,330.916,301.351,102.698,301.870,330.916,18.903,311.464,6.15362,18.886,311.463,6.15128,2
2616,500134,10,3,3,0,0,0,0,7,0,0,309.991,2.066,6.15106,-0.000,328.323,107.366,330.916,301.351,102.698,301.870,330.916,18.904,311.464,6.15373,18.886,311.463,6.15094,2
2631,500144,10,3,3,0,0,0,0,7,0,0,309.991,2.066,6.15121,-0.000,328.323,107.366,330.916,301.351,102.698,301.870,330.916,18.904,311.464,6.15388,18.886,311.463,6.15106,2
2631,500154,10,3,3,0,0,0,0,7,0,0,309.991,2.066,6.15138,-0.000,328.323,107.366,330.916,301.351,102.698,301.870,330.916,18.904,311.464,6.15405,18.886,311.463,6.15121,2
2646,500164,10,3,3,0,0,0,0,7,0,0,309.991,2.066,6.15121,-0.000,328.323,107.366,330.916,301.351,102.698,301.870,330.916,18.904,311.464,6.15389,18.886,311.463,6.15138,2
2663,500174,10,3,3,0,0,0,0,7,0,0,309.991,2.066,6.15126,-0.000,328.323,107.366,330.916,301.351,102.698,301.870,330.916,18.904,311.464,6.15393,18.886,311.463,6.15121,2
2663,500184,10,3,3,0,0,0,0,7,0,0,309.991,2.066,6.15113,-0.000,328.323,107.366,330.916,301.351,102.698,301.870,330.916,18.904,311.464,6.15381,18.886,311.463,6.15126,2
2678,500194,10,3,3,0,0,0,0,7,0,0,309.991,2.066,6.15122,-0.000,328.323,107.366,330.916,301.351,102.698,301.870,330.916,18.904,311.464,6.15389,18.886,311.463,6.15113,2
2693,500204,10,3,3,0,0,0,0,7,0,0,309.991,2.066,6.15126,-0.000,328.323,107.366,330.916,301.351,102.698,301.870,330.916,18.904,311.464,6.15394,18.886,311.463,6.15122,2
2693,500214,10,3,3,0,0,0,0,7,0,0,309.991,2.066,6.15118,-0.000,328.323,107.366,330.916,301.351,102.698,301.870,330.916,18.904,311.464,6.15386,18.886,311.463,6.15126,2
2710,500224,10,3,3,0,0,0,0,7,0,0,309.991,2.066,6.15106,-0.000,328.323,107.366,330.916,301.351,102.698,301.870,330.916,18.904,311.464,6.15374,18.886,311.463,6.15118,2
2710,500234,10,3,3,0,0,0,0,7,0,0,309.991,2.066,6.15110,-0.000,328.323,107.366,330.916,301.351,102.698,301.870,330.916,18.904,311.464,6.15378,18.886,311.463,6.15106,2
2726,500244,10,3,3,0,0,0,0,7,0,0,309.991,2.066,6.15090,-0.000,328.323,107.366,330.916,301.351,102.698,301.870,330.916,18.903,311.464,6.15358,18.886,311.463,6.15110,2
2742,500254,10,3,3,0,0,0,0,7,0,0,309.991,2.066,6.15077,-0.000,328.323,107.366,330.916,301.351,102.698,301.870,330.916,18.903,311.464,6.15344,18.886,311.463,6.15090,2
2742,500264,10,3,3,0,0,0,0,7,0,0,309.991,2.066,6.15094,-0.000,328.323,107.366,330.916,301.351,102.698,301.870,330.916,18.903,311.464,6.15362,18.885,311.463,6.15076,2
2757,500274,10,3,3,0,0,0,0,7,0,0,309.991,2.066,6.15116,-0.000,328.323,107.366,330.916,301.351,102.698,301.870,330.916,18.904,311.464,6.15384,18.886,311.463,6.15094,2
2773,500284,10,3,3,0,0,0,0,7,0,0,309.991,2.066,6.15130,-0.000,328.323,107.366,330.916,301.351,102.698,301.870,330.916,18.904,311.464,6.15398,18.886,311.463,6.15116,2
2773,500294,10,3,3,0,0,0,0,7,0,0,309.991,2.066,6.15129,-0.000,328.323,107.366,330.916,301.351,102.698,301.870,330.916,18.904,311.464,6.15397,18.886,311.463,6.15130,2
2789,500304,10,3,3,0,0,0,0,7,0,0,309.991,2.066,6.15125,-0.000,328.323,107.366,330.916,301.351,102.698,301.870,330.916,18.904,311.464,6.15393,18.886,311.463,6.15129,2
2789,500314,10,3,3,0,0,0,0,7,0,0,309.991,2.066,6.15108,-0.000,328.323,107.366,330.916,301.351,102.698,301.870,330.916,18.904,311.464,6.15376,18.886,311.463,6.15125,2
2804,500324,10,3,3,0,0,0,0,7,0,0,309.991,2.066,6.15118,-0.000,328.323,107.366,330.916,301.351,102.698,301.870,330.916,18.904,311.464,6.15385,18.886,311.463,6.15108,2
2820,500334,10,3,3,0,0,0,0,7,0,0,309.991,2.066,6.15121,-0.000,328.323,107.366,330.916,301.351,102.698,301.870,330.916,18.904,311.464,6.15389,18.886,311.463,6.15118,2
2820,500344,10,3,3,0,0,0,0,7,0,0,309.991,2.066,6.15108,-0.000,328.323,107.366,330.916,301.351,102.698,301.870,330.916,18.904,311.464,6.15375,18.886,311.463,6.15121,2
2836,500354,10,3,3,0,0,0,0,7,0,0,309.991,2.066,6.15105,-0.000,328.323,107.366,330.916,301.351,102.698,301.870,330.916,18.904,311.464,6.15373,18.886,311.463,6.15108,2
2851,500364,10,3,3,0,0,0,0,7,0,0,309.991,2.066,6.15116,-0.000,328.323,107.366,330.916,301.351,102.698,301.870,330.916,18.904,311.464,6.15384,18.886,311.463,6.15105,2
2851,500374,10,3,3,0,0,0,0,7,0,0,309.991,2.066,6.15099,-0.000,328.323,107.366,330.916,301.351,102.698,301.870,330.916,18.904,311.464,6.15366,18.886,311.463,6.15116,2
2867,500384,10,3,3,0,0,0,0,7,0,0,309.991,2.066,6.15086,-0.000,328.323,107.366,330.916,301.351,102.698,301.870,330.916,18.903,311.464,6.15354,18.886,311.463,6.15099,2
2883,500394,10,3,3,0,0,0,0,7,0,0,309.991,2.066,6.15079,-0.000,328.323,107.366,330.916,301.351,102.698,301.870,330.916,18.903,311.464,6.15347,18.885,311.463,6.15086,2
2883,500404,10,3,3,0,0,0,0,7,0,0,309.991,2.066,6.15094,-0.000,328.323,107.366,330.916,301.351,102.698,301.870,330.916,18.903,311.464,6.15361,18.885,311.463,6.15079,2
2899,500414,10,3,3,0,0,0,0,7,0,0,309.991,2.066,6.15116,-0.000,328.323,107.366,330.916,301.351,102.698,301.870,330.916,18.904,311.464,6.15384,18.886,311.463,6.15094,2
2915,500424,10,3,3,0,0,0,0,7,0,0,309.991,2.066,6.15128,-0.000,328.323,107.366,330.916,301.351,102.698,301.870,330.916,18.904,311.464,6.15396,18.886,311.463,6.15116,2
2915,500434,10,3,3,0,0,0,0,7,0,0,309.991,2.066,6.15136,-0.000,328.323,107.366,330.916,301.351,102.698,301.870,330.916,18.904,311.464,6.15404,18.886,311.463,6.15128,2
2931,500444,10,3,3,0,0,0,0,7,0,0,309.991,2.066,6.15127,-0.000,328.323,107.366,330.916,301.351,102.698,301.870,330.916,18.904,311.464,6.15395,18.886,311.463,6.15136,2
2931,500454,10,3,3,0,0,0,0,7,0,0,309.991,2.066,6.15111,-0.000,328.323,107.366,330.916,301.351,102.698,301.870,330.916,18.904,311.464,6.15379,18.886,311.463,6.15127,2
2946,500464,10,3,3,0,0,0,0,7,0,0,309.991,2.066,6.15133,-0.000,328.323,107.366,330.916,301.351,102.698,301.870,330.916,18.904,311.464,6.15401,18.886,311.463,6.15111,2
2961,500474,10,3,3,0,0,0,0,7,0,0,309.991,2.066,6.15126,-0.000,328.323,107.366,330.916,301.351,102.698,301.870,330.916,18.904,311.464,6.15394,18.886,311.463,6.15133,2
2961,500484,10,3,3,0,0,0,0,7,0,0,309.991,2.066,6.15125,-0.000,328.323,107.366,330.916,301.351,102.698,301.870,330.916,18.904,311.464,6.15392,18.886,311.463,6.15126,2
2977,500494,10,3,3,0,0,0,0,7,0,0,309.991,2.066,6.15130,-0.000,328.323,107.366,330.916,301.351,102.698,301.870,330.916,18.904,311.464,6.15397,18.886,311.463,6.15125,2
2993,500504,10,3,3,0,0,0,0,7,0,0,309.991,2.066,6.15147,-0.000,328.323,107.366,330.916,301.351,102.698,301.870,330.916,18.904,311.464,6.15415,18.886,311.463,6.15130,2
2993,500514,10,3,3,0,0,0,0,7,0,0,309.991,2.066,6.15175,-0.000,328.323,107.366,330.916,301.351,102.698,301.870,330.916,18.905,311.464,6.15442,18.886,311.463,6.15147,2
3008,500524,10,3,3,0,0,0,0,7,0,0,309.991,2.066,6.15162,-0.000,328.323,107.366,330.916,301.351,102.698,301.870,330.916,18.904,311.464,6.15430,18.887,311.463,6.15175,2
3023,500534,10,3,3,0,0,0,0,7,0,0,309.991,2.066,6.15152,-0.000,328.323,107.366,330.916,301.351,102.698,301.870,330.916,18.904,311.464,6.15420,18.886,311.463,6.15162,2
3023,500544,10,3,3,0,0,0,0,7,0,0,309.991,2.066,6.15146,-0.000,328.323,107.366,330.916,301.351,102.698,301.870,330.916,18.904,311.464,6.15413,18.886,311.463,6.15152,2
3039,500554,10,3,3,0,0,0,0,7,0,0,309.991,2.066,6.15135,-0.000,328.323,107.366,330.916,301.351,102.698,301.870,330.916,18.904,311.464,6.15403,18.886,311.463,6.15146,2
3055,500564,10,3,3,0,0,0,0,7,0,0,309.991,2.066,6.15136,-0.000,328.323,107.366,330.916,301.351,102.698,301.870,330.916,18.904,311.464,6.15403,18.886,311.463,6.15135,2
3055,500574,10,3,3,0,0,0,0,7,0,0,309.991,2.066,6.15135,-0.000,328.323,107.366,330.916,301.351,102.698,301.870,330.916,18.904,311.464,6.15403,18.886,311.463,6.15136,2
3069,500584,10,3,3,0,0,0,0,7,0,0,309.991,2.066,6.15139,-0.000,328.323,107.366,330.916,301.351,102.698,301.870,330.916,18.904,311.464,6.15407,18.886,311.463,6.15135,2
3069,500594,10,3,3,0,0,0,0,7,0,0,309.991,2.066,6.15128,-0.000,328.323,107.366,330.916,301.351,102.698,301.870,330.916,18.904,311.464,6.15395,18.886,311.463,6.15139,2
3086,500604,10,3,3,0,0,0,0,7,0,0,309.991,2.066,6.15127,-0.000,328.323,107.366,330.916,301.351,102.698,301.870,330.916,18.904,311.464,6.15394,18.886,311.463,6.15128,2
3101,500614,10,3,3,0,0,0,0,7,0,0,309.991,2.066,6.15160,-0.000,328.323,107.366,330.916,301.351,102.698,301.870,330.916,18.904,311.464,6.15427,18.886,311.463,6.15127,2
3101,500624,10,3,3,0,0,0,0,7,0,0,309.991,2.066,6.15168,-0.000,328.323,107.366,330.916,301.351,102.698,301.870,330.916,18.904,311.464,6.15435,18.886,311.463,6.15160,2
3117,500634,10,3,3,0,0,0,0,7,0,0,309.991,2.066,6.15177,-0.000,328.323,107.366,330.916,301.351,102.698,301.870,330.916,18.905,311.464,6.15444,18.886,311.463,6.15168,2
3133,500644,10,3,3,0,0,0,0,7,0,0,309.991,2.066,6.15166,-0.000,328.323,107.366,330.916,301.351,102.698,301.870,330.916,18.904,311.464,6.15434,18.887,311.463,6.15177,2
3133,500654,10,3,3,0,0,0,0,7,0,0,309.991,2.066,6.15175,-0.000,328.323,107.366,330.916,301.351,102.698,301.870,330.916,18.905,311.464,6.15443,18.886,311.463,6.15166,2
3148,500664,10,3,3,0,0,0,0,7,0,0,309.991,2.066,6.15153,-0.000,328.323,107.366,330.916,301.351,102.698,301.870,330.916,18.904,311.464,6.15420,18.887,311.463,6.15175,2
3164,500674,10,3,3,0,0,0,0,7,0,0,309.991,2.066,6.15127,-0.000,328.323,107.366,330.916,301.351,102.698,301.870,330.916,18.904,311.464,6.15394,18.886,311.463,6.15153,2
3164,500684,10,3,3,0,0,0,0,7,0,0,309.991,2.066,6.15106,-0.000,328.323,107.366,330.916,301.351,102.698,301.870,330.916,18.904,311.464,6.15373,18.886,311.463,6.15127,2
3179,500694,10,3,3,0,0,0,0,7,0,0,309.991,2.066,6.15125,-0.000,328.323,107.366,330.916,301.351,102.698,301.870,330.916,18.904,311.464,6.15393,18.886,311.463,6.15106,2
3195,500704,10,3,3,0,0,0,0,7,0,0,309.991,2.066,6.15123,-0.000,328.323,107.366,330.916,301.351,102.698,301.870,330.916,18.904,311.464,6.15390,18.886,311.463,6.15125,2
3195,500714,10,3,3,0,0,0,0,7,0,0,309.991,2.066,6.15099,-0.000,328.323,107.366,330.916,301.351,102.698,301.870,330.916,18.904,311.464,6.15367,18.886,311.463,6.15123,2
3210,500724,10,3,3,0,0,0,0,7,0,0,309.991,2.066,6.15096,-0.000,328.323,107.366,330.916,301.351,102.698,301.870,330.916,18.904,311.464,6.15364,18.886,311.463,6.15099,2
3210,500734,10,3,3,0,0,0,0,7,0,0,309.991,2.066,6.15084,-0.000,328.323,107.366,330.916,301.351,102.698,301.870,330.916,18.903,311.464,6.15352,18.886,311.463,6.15096,2
3225,500744,10,3,3,0,0,0,0,7,0,0,309.991,2.066,6.15079,-0.000,328.323,107.366,330.916,301.351,102.698,301.870,330.916,18.903,311.464,6.15347,18.885,311.463,6.15084,2
3240,500754,10,3,3,0,0,0,0,7,0,0,309.991,2.066,6.15085,-0.000,328.323,107.366,330.916,301.351,102.698,301.870,330.916,18.903,311.464,6.15352,18.885,311.463,6.15079,2
3240,500764,10,3,3,0,0,0,0,7,0,0,309.991,2.066,6.15086,-0.000,328.323,107.366,330.916,301.351,102.698,301.870,330.916,18.903,311.464,6.15353,18.885,311.463,6.15085,2
3256,500774,10,3,3,0,0,0,0,7,0,0,309.991,2.066,6.15088,-0.000,328.323,107.366,330.916,301.351,102.698,301.870,330.916,18.903,311.464,6.15356,18.885,311.463,6.15086,2
3271,500784,10,3,3,0,0,0,0,7,0,0,309.991,2.066,6.15078,-0.000,328.323,107.366,330.916,301.351,102.698,301.870,330.916,18.903,311.464,6.15346,18.885,311.463,6.15088,2
3271,500794,10,3,3,0,0,0,0,7,0,0,309.991,2.066,6.15068,-0.000,328.323,107.366,330.916,301.351,102.698,301.870,330.916,18.903,311.464,6.15336,18.885,311.463,6.15078,2
3287,500804,10,3,3,0,0,0,0,7,0,0,309.991,2.066,6.15082,-0.000,328.323,107.366,330.916,301.351,102.698,301.870,330.916,18.903,311.464,6.15349,18.885,311.463,6.15068,2
3302,500814,10,3,3,0,0,0,0,7,0,0,309.991,2.066,6.15086,-0.000,328.323,107.366,330.916,301.351,102.698,301.870,330.916,18.903,311.464,6.15354,18.885,311.463,6.15082,2
3302,500824,10,3,3,0,0,0,0,7,0,0,309.991,2.066,6.15083,-0.000,328.323,107.366,330.916,301.351,102.698,301.870,330.916,18.903,311.464,6.15350,18.885,311.463,6.15086,2
3318,500834,10,3,3,0,0,0,0,7,0,0,309.991,2.066,6.15105,-0.000,328.323,107.366,330.916,301.351,102.698,301.870,330.916,18.904,311.464,6.15373,18.885,311.463,6.15083,2
3334,500844,10,3,3,0,0,0,0,7,0,0,309.991,2.066,6.15096,-0.000,328.323,107.366,330.916,301.351,102.698,301.870,330.916,18.904,311.464,6.15363,18.886,311.463,6.15105,2
3334,500854,10,3,3,0,0,0,0,7,0,0,309.991,2.066,6.15094,-0.000,328.323,107.366,330.916,301.351,102.698,301.870,330.916,18.903,311.464,6.15362,18.886,311.463,6.15096,2
3350,500864,10,3,3,0,0,0,0,7,0,0,309.991,2.066,6.15088,-0.000,328.323,107.366,330.916,301.351,102.698,301.870,330.916,18.903,311.464,6.15355,18.886,311.463,6.15094,2
3350,500874,10,3,3,0,0,0,0,7,0,0,309.991,2.066,6.15085,-0.000,328.323,107.366,330.916,301.351,102.698,301.870,330.916,18.903,311.464,6.15353,18.885,311.463,6.15088,2
3366,500884,10,3,3,0,0,0,0,7,0,0,309.991,2.066,6.15083,-0.000,328.323,107.366,330.916,301.351,102.698,301.870,330.916,18.903,311.464,6.15350,18.885,311.463,6.15085,2
3381,500894,10,3,3,0,0,0,0,7,0,0,309.991,2.066,6.15076,-0.000,328.323,107.366,330.916,301.351,102.698,301.870,330.916,18.903,311.464,6.15343,18.885,311.463,6.15082,2
3381,500904,10,3,3,0,0,0,0,7,0,0,309.991,2.066,6.15081,-0.000,328.323,107.366,330.916,301.351,102.698,301.870,330.916,18.903,311.464,6.15348,18.885,311.463,6.15076,2
3397,500914,10,3,3,0,0,0,0,7,0,0,309.991,2.066,6.15100,-0.000,328.323,107.366,330.916,301.351,102.698,301.870,330.916,18.904,311.464,6.15367,18.885,311.463,6.15081,2
3412,500924,10,3,3,0,0,0,0,7,0,0,309.991,2.066,6.15086,-0.000,328.323,107.366,330.916,301.351,102.698,301.870,330.916,18.903,311.464,6.15353,18.886,311.463,6.15100,2
3412,500934,10,3,3,0,0,0,0,7,0,0,309.991,2.066,6.15091,-0.000,328.323,107.366,330.916,301.351,102.698,301.870,330.916,18.903,311.464,6.15359,18.885,311.463,6.15086,2
3428,500944,10,3,3,0,0,0,0,7,0,0,309.991,2.066,6.15102,-0.000,328.323,107.366,330.916,301.351,102.698,301.870,330.916,18.904,311.464,6.15369,18.886,311.463,6.15091,2
3447,500954,10,3,3,0,0,0,0,7,0,0,309.991,2.066,6.15100,-0.000,328.323,107.366,330.916,301.351,102.698,301.870,330.916,18.904,311.464,6.15367,18.886,311.463,6.15102,2
3447,500964,10,3,3,0,0,0,0,7,0,0,309.991,2.066,6.15111,-0.000,328.323,107.366,330.916,301.351,102.698,301.870,330.916,18.904,311.464,6.15378,18.886,311.463,6.15100,2
3460,500974,10,3,3,0,0,0,0,7,0,0,309.991,2.066,6.15118,-0.000,328.323,107.366,330.916,301.351,102.698,301.870,330.916,18.904,311.464,6.15386,18.886,311.463,6.15111,2
3460,500984,10,3,3,0,0,0,0,7,0,0,309.991,2.066,6.15119,-0.000,328.323,107.366,330.916,301.351,102.698,301.870,330.916,18.904,311.464,6.15387,18.886,311.463,6.15118,2
3475,500994,10,3,3,0,0,0,0,7,0,0,309.991,2.066,6.15138,-0.000,328.323,107.366,330.916,301.351,102.698,301.870,330.916,18.904,311.464,6.15405,18.886,311.463,6.15119,2
3490,501004,10,3,3,0,0,0,0,7,0,0,309.991,2.066,6.15144,-0.000,328.323,107.366,330.916,301.351,102.698,301.870,330.916,18.904,311.464,6.15411,18.886,311.463,6.15138,2
3490,501014,10,3,3,0,0,0,0,7,0,0,309.991,2.066,6.15141,-0.000,328.323,107.366,330.916,301.351,102.698,301.870,330.916,18.904,311.464,6.15409,18.886,311.463,6.15144,2
3506,501024,10,3,3,0,0,0,0,7,0,0,309.991,2.066,6.15158,-0.000,328.323,107.366,330.916,301.351,102.698,301.870,330.916,18.904,311.464,6.15425,18.886,311.463,6.15141,2
3523,501034,10,3,3,0,0,0,0,7,0,0,309.991,2.066,6.15155,-0.000,328.323,107.366,330.916,301.351,102.698,301.870,330.916,18.904,311.464,6.15423,18.886,311.463,6.15158,2
3523,501044,10,3,3,0,0,0,0,7,0,0,309.991,2.066,6.15124,-0.000,328.323,107.366,330.916,301.351,102.698,301.870,330.916,18.904,311.464,6.15392,18.886,311.463,6.15155,2
3538,501054,10,3,3,0,0,0,0,7,0,0,309.991,2.066,6.15125,-0.000,328.323,107.366,330.916,301.351,102.698,301.870,330.916,18.904,311.464,6.15393,18.886,311.463,6.15124,2
3553,501064,10,3,3,0,0,0,0,7,0,0,309.991,2.066,6.15121,-0.000,328.323,107.366,330.916,301.351,102.698,301.870,330.916,18.904,311.464,6.15389,18.886,311.463,6.15125,2
3553,501074,10,3,3,0,0,0,0,7,0,0,309.991,2.066,6.15100,-0.000,328.323,107.366,330.916,301.351,102.698,301.870,330.916,18.904,311.464,6.15368,18.886,311.463,6.15121,2
3569,501084,10,3,3,0,0,0,0,7,0,0,309.991,2.066,6.15121,-0.000,328.323,107.366,330.916,301.351,102.698,301.870,330.916,18.904,311.464,6.15389,18.886,311.463,6.15100,2
3569,501094,10,3,3,0,0,0,0,7,0,0,309.991,2.066,6.15144,-0.000,328.323,107.366,330.916,301.351,102.698,301.870,330.916,18.904,311.464,6.15412,18.886,311.463,6.15121,2
3584,501104,10,3,3,0,0,0,0,7,0,0,309.991,2.066,6.15141,-0.000,328.323,107.366,330.916,301.351,102.698,301.870,330.916,18.904,311.464,6.15409,18.886,311.463,6.15144,2
3600,501114,10,3,3,0,0,0,0,7,0,0,309.991,2.066,6.15155,-0.000,328.323,107.366,330.916,301.351,102.698,301.870,330.916,18.904,311.464,6.15423,18.886,311.463,6.15141,2
3600,501124,10,3,3,0,0,0,0,7,0,0,309.991,2.066,6.15144,-0.000,328.323,107.366,330.916,301.351,102.698,301.870,330.916,18.904,311.464,6.15412,18.886,311.463,6.15155,2
3617,501134,10,3,3,0,0,0,0,7,0,0,309.991,2.066,6.15155,-0.000,328.323,107.366,330.916,301.351,102.698,301.870,330.916,18.904,311.464,6.15423,18.886,311.463,6.15144,2
3632,501144,10,3,3,0,0,0,0,7,0,0,309.991,2.066,6.15140,-0.000,328.323,107.366,330.916,301.351,102.698,301.870,330.916,18.904,311.464,6.15408,18.886,311.463,6.15156,2
3632,501154,10,3,3,0,0,0,0,7,0,0,309.991,2.066,6.15113,-0.000,328.323,107.366,330.916,301.351,102.698,301.870,330.916,18.904,311.464,6.15381,18.886,311.463,6.15140,2
3648,501164,10,3,3,0,0,0,0,7,0,0,309.991,2.066,6.15099,-0.000,328.323,107.366,330.916,301.351,102.698,301.870,330.916,18.904,311.464,6.15367,18.886,311.463,6.15114,2
3663,501174,10,3,3,0,0,0,0,7,0,0,309.991,2.066,6.15093,-0.000,328.323,107.366,330.916,301.351,102.698,301.870,330.916,18.903,311.464,6.15360,18.886,311.463,6.15099,2
3663,501184,10,3,3,0,0,0,0,7,0,0,309.991,2.066,6.15086,-0.000,328.323,107.366,330.916,301.351,102.698,301.870,330.916,18.903,311.464,6.15353,18.886,311.463,6.15093,2
3679,501194,10,3,3,0,0,0,0,7,0,0,309.991,2.066,6.15073,-0.000,328.323,107.366,330.916,301.351,102.698,301.870,330.916,18.903,311.464,6.15340,18.885,311.463,6.15086,2
3695,501204,10,3,3,0,0,0,0,7,0,0,309.991,2.066,6.15073,-0.000,328.323,107.366,330.916,301.351,102.698,301.870,330.916,18.903,311.464,6.15341,18.885,311.463,6.15073,2
3695,501214,10,3,3,0,0,0,0,7,0,0,309.991,2.066,6.15099,-0.000,328.323,107.366,330.916,301.351,102.698,301.870,330.916,18.904,311.464,6.15367,18.885,311.463,6.15073,2
3710,501224,10,3,3,0,0,0,0,7,0,0,309.991,2.066,6.15120,-0.000,328.323,107.366,330.916,301.351,102.698,301.870,330.916,18.904,311.464,6.15388,18.886,311.463,6.15099,2
3710,501234,10,3,3,0,0,0,0,7,0,0,309.991,2.066,6.15103,-0.000,328.323,107.366,330.916,301.351,102.698,301.870,330.916,18.904,311.464,6.15370,18.886,311.463,6.15120,2
3726,501244,10,3,3,0,0,0,0,7,0,0,309.991,2.066,6.15095,-0.000,328.323,107.366,330.916,301.351,102.698,301.870,330.916,18.904,311.464,6.15363,18.886,311.463,6.15103,2
3742,501254,10,3,3,0,0,0,0,7,0,0,309.991,2.066,6.15062,-0.000,328.323,107.366,330.916,301.351,102.698,301.870,330.916,18.903,311.464,6.15330,18.886,311.463,6.15095,2
3742,501264,10,3,3,0,0,0,0,7,0,0,309.991,2.066,6.15063,-0.000,328.323,107.366,330.916,301.351,102.698,301.870,330.916,18.903,311.464,6.15331,18.885,311.463,6.15062,2
3757,501274,10,3,3,0,0,0,0,7,0,0,309.991,2.066,6.15065,-0.000,328.323,107.366,330.916,301.351,102.698,301.870,330.916,18.903,311.464,6.15332,18.885,311.463,6.15063,2
3772,501284,10,3,3,0,0,0,0,7,0,0,309.991,2.066,6.15076,-0.000,328.323,107.366,330.916,301.351,102.698,301.870,330.916,18.903,311.464,6.15344,18.885,311.463,6.15065,2
3772,501294,10,3,3,0,0,0,0,7,0,0,309.991,2.066,6.15057,-0.000,328.323,107.366,330.916,301.351,102.698,301.870,330.916,18.903,311.464,6.15324,18.885,311.463,6.15076,2
3788,501304,10,3,3,0,0,0,0,7,0,0,309.991,2.066,6.15055,-0.000,328.323,107.366,330.916,301.351,102.698,301.870,330.916,18.903,311.464,6.15323,18.885,311.463,6.15057,2
3803,501314,10,3,3,0,0,0,0,7,0,0,309.991,2.066,6.15056,-0.000,328.323,107.366,330.916,301.351,102.698,301.870,330.916,18.903,311.464,6.15323,18.885,311.463,6.15055,2
3803,501324,10,3,3,0,0,0,0,7,0,0,309.991,2.066,6.15043,-0.000,328.323,107.366,330.916,301.351,102.698,301.870,330.916,18.903,311.464,6.15311,18.885,311.463,6.15056,2
3819,501334,10,3,3,0,0,0,0,7,0,0,309.991,2.066,6.15066,-0.000,328.323,107.366,330.916,301.351,102.698,301.870,330.916,18.903,311.464,6.15334,18.885,311.463,6.15043,2
3835,501344,10,3,3,0,0,0,0,7,0,0,309.991,2.066,6.15058,-0.000,328.323,107.366,330.916,301.351,102.698,301.870,330.916,18.903,311.464,6.15326,18.885,311.463,6.15066,2
3835,501354,10,3,3,0,0,0,0,7,0,0,309.991,2.066,6.15056,-0.000,328.323,107.366,330.916,301.351,102.698,301.870,330.916,18.903,311.464,6.15323,18.885,311.463,6.15058,2
3850,501364,10,3,3,0,0,0,0,7,0,0,309.991,2.066,6.15056,-0.000,328.323,107.366,330.916,301.351,102.698,301.870,330.916,18.903,311.464,6.15323,18.885,311.463,6.15056,2
3850,501374,10,3,3,0,0,0,0,7,0,0,309.991,2.066,6.15053,-0.000,328.323,107.366,330.916,301.351,102.698,301.870,330.916,18.903,311.464,6.15320,18.885,311.463,6.15056,2
3864,501384,10,3,3,0,0,0,0,7,0,0,309.991,2.066,6.15035,-0.000,328.323,107.366,330.916,301.351,102.698,301.870,330.916,18.903,311.464,6.15303,18.885,311.463,6.15053,2
3881,501394,10,3,3,0,0,0,0,7,0,0,309.991,2.066,6.15070,-0.000,328.323,107.366,330.916,301.351,102.698,301.870,330.916,18.903,311.464,6.15337,18.885,311.463,6.15035,2
3881,501404,10,3,3,0,0,0,0,7,0,0,309.991,2.066,6.15076,-0.000,328.323,107.366,330.916,301.351,102.698,301.870,330.916,18.903,311.464,6.15344,18.885,311.463,6.15070,2
3897,501414,10,3,3,0,0,0,0,7,0,0,309.991,2.066,6.15088,-0.000,328.323,107.366,330.916,301.351,102.698,301.870,330.916,18.903,311.464,6.15356,18.885,311.463,6.15076,2
3911,501424,10,3,3,0,0,0,0,7,0,0,309.991,2.066,6.15080,-0.000,328.323,107.366,330.916,301.351,102.698,301.870,330.916,18.903,311.464,6.15348,18.885,311.463,6.15088,2
3911,501434,10,3,3,0,0,0,0,7,0,0,309.991,2.066,6.15077,-0.000,328.323,107.366,330.916,301.351,102.698,301.870,330.916,18.903,311.464,6.15344,18.885,311.463,6.15080,2
3928,501444,10,3,3,0,0,0,0,7,0,0,309.991,2.066,6.15079,-0.000,328.323,107.366,330.916,301.351,102.698,301.870,330.916,18.903,311.464,6.15347,18.885,311.463,6.15077,2
3943,501454,10,3,3,0,0,0,0,7,0,0,309.991,2.066,6.15099,-0.000,328.323,107.366,330.916,301.351,102.698,301.870,330.916,18.904,311.464,6.15367,18.885,311.463,6.15079,2
3943,501464,10,3,3,0,0,0,0,7,0,0,309.991,2.066,6.15096,-0.000,328.323,107.366,330.916,301.351,102.698,301.870,330.916,18.904,311.464,6.15363,18.886,311.463,6.15099,2
3958,501474,10,3,3,0,0,0,0,7,0,0,309.991,2.066,6.15120,-0.000,328.323,107.366,330.916,301.351,102.698,301.870,330.916,18.904,311.464,6.15388,18.886,311.463,6.15096,2
3974,501484,10,3,3,0,0,0,0,7,0,0,309.991,2.066,6.15120,-0.000,328.323,107.366,330.916,301.351,102.698,301.870,330.916,18.904,311.464,6.15387,18.886,311.463,6.15120,2
3974,501494,10,3,3,0,0,0,0,7,0,0,309.991,2.066,6.15129,-0.000,328.323,107.366,330.916,301.351,102.698,301.870,330.916,18.904,311.464,6.15396,18.886,311.463,6.15120,2
3989,501504,10,3,3,0,0,0,0,7,0,0,309.991,2.066,6.15138,-0.000,328.323,107.366,330.916,301.351,102.698,301.870,330.916,18.904,311.464,6.15406,18.886,311.463,6.15129,2
3989,501514,10,3,3,0,0,0,0,7,0,0,309.991,2.066,6.15135,-0.000,328.323,107.366,330.916,301.351,102.698,301.870,330.916,18.904,311.464,6.15402,18.886,311.463,6.15138,2
4005,501524,10,3,3,0,0,0,0,7,0,0,309.991,2.066,6.15137,-0.000,328.323,107.366,330.916,301.351,102.698,301.870,330.916,18.904,311.464,6.15405,18.886,311.463,6.15135,2
4020,501534,10,3,3,0,0,0,0,7,0,0,309.991,2.066,6.15128,-0.000,328.323,107.366,330.916,301.351,102.698,301.870,330.916,18.904,311.464,6.15395,18.886,311.463,6.15137,2
4020,501544,10,3,3,0,0,0,0,7,0,0,309.991,2.066,6.15128,-0.000,328.323,107.366,330.916,301.351,102.698,301.870,330.916,18.904,311.464,6.15396,18.886,311.463,6.15128,2
4036,501554,10,3,3,0,0,0,0,7,0,0,309.991,2.066,6.15123,-0.000,328.323,107.366,330.916,301.351,102.698,301.870,330.916,18.904,311.464,6.15391,18.886,311.463,6.15128,2
4052,501564,10,3,3,0,0,0,0,7,0,0,309.991,2.066,6.15119,-0.000,328.323,107.366,330.916,301.351,102.698,301.870,330.916,18.904,311.464,6.15387,18.886,311.463,6.15123,2
4052,501574,10,3,3,0,0,0,0,7,0,0,309.991,2.066,6.15132,-0.000,328.323,107.366,330.916,301.351,102.698,301.870,330.916,18.904,311.464,6.15399,18.886,311.463,6.15119,2
4068,501584,10,3,3,0,0,0,0,7,0,0,309.991,2.066,6.15138,-0.000,328.323,107.366,330.916,301.351,102.698,301.870,330.916,18.904,311.464,6.15406,18.886,311.463,6.15132,2
4084,501594,10,3,3,0,0,0,0,7,0,0,309.991,2.066,6.15139,-0.000,328.323,107.366,330.916,301.351,102.698,301.870,330.916,18.904,311.464,6.15406,18.886,311.463,6.15138,2
4084,501604,10,3,3,0,0,0,0,7,0,0,309.991,2.066,6.15159,-0.000,328.323,107.366,330.916,301.351,102.698,301.870,330.916,18.904,311.464,6.15427,18.886,311.463,6.15139,2
4099,501614,10,3,3,0,0,0,0,7,0,0,309.991,2.066,6.15153,-0.000,328.323,107.366,330.916,301.351,102.698,301.870,330.916,18.904,311.464,6.15421,18.886,311.463,6.15159,2
4115,501624,10,3,3,0,0,0,0,7,0,0,309.991,2.066,6.15142,-0.000,328.323,107.366,330.916,301.351,102.698,301.870,330.916,18.904,311.464,6.15410,18.886,311.463,6.15153,2
4115,501634,10,3,3,0,0,0,0,7,0,0,309.991,2.066,6.15156,-0.000,328.323,107.366,330.916,301.351,102.698,301.870,330.916,18.904,311.464,6.15423,18.886,311.463,6.15142,2
4130,501644,10,3,3,0,0,0,0,7,0,0,309.991,2.066,6.15140,-0.000,328.323,107.366,330.916,301.351,102.698,301.870,330.916,18.904,311.464,6.15408,18.886,311.463,6.15156,2
4130,501654,10,3,3,0,0,0,0,7,0,0,309.991,2.066,6.15128,-0.000,328.323,107.366,330.916,301.351,102.698,301.870,330.916,18.904,311.464,6.15395,18.886,311.463,6.15140,2
4145,501664,10,3,3,0,0,0,0,7,0,0,309.991,2.066,6.15109,-0.000,328.323,107.366,330.916,301.351,102.698,301.870,330.916,18.904,311.464,6.15376,18.886,311.463,6.15128,2
4161,501674,10,3,3,0,0,0,0,7,0,0,309.991,2.066,6.15115,-0.000,328.323,107.366,330.916,301.351,102.698,301.870,330.916,18.904,311.464,6.15382,18.886,311.463,6.15109,2
4161,501684,10,3,3,0,0,0,0,7,0,0,309.991,2.066,6.15106,-0.000,328.323,107.366,330.916,301.351,102.698,301.870,330.916,18.904,311.464,6.15373,18.886,311.463,6.15115,2
4176,501694,10,3,3,0,0,0,0,7,0,0,309.991,2.066,6.15101,-0.000,328.323,107.366,330.916,301.351,102.698,301.870,330.916,18.904,311.464,6.15368,18.886,311.463,6.15106,2
4192,501704,10,3,3,0,0,0,0,7,0,0,309.991,2.066,6.15122,-0.000,328.323,107.366,330.916,301.351,102.698,301.870,330.916,18.904,311.464,6.15390,18.886,311.463,6.15101,2
4192,501714,10,3,3,0,0,0,0,7,0,0,309.991,2.066,6.15138,-0.000,328.323,107.366,330.916,301.351,102.698,301.870,330.916,18.904,311.464,6.15406,18.886,311.463,6.15122,2
4209,501724,10,3,3,0,0,0,0,7,0,0,309.991,2.066,6.15125,-0.000,328.323,107.366,330.916,301.351,102.698,301.870,330.916,18.904,311.464,6.15392,18.886,311.463,6.15138,2
4225,501734,10,3,3,0,0,0,0,7,0,0,309.991,2.066,6.15073,-0.000,328.323,107.366,330.916,301.351,102.698,301.870,330.916,18.903,311.464,6.15341,18.886,311.463,6.15125,2
4225,501744,10,3,3,0,0,0,0,7,0,0,309.991,2.066,6.15075,-0.000,328.323,107.366,330.916,301.351,102.698,301.870,330.916,18.903,311.464,6.15343,18.885,311.463,6.15073,2
4240,501754,10,3,3,0,0,0,0,7,0,0,309.991,2.066,6.15081,-0.000,328.323,107.366,330.916,301.351,102.698,301.870,330.916,18.903,311.464,6.15349,18.885,311.463,6.15075,2
4240,501764,10,3,3,0,0,0,0,7,0,0,309.991,2.066,6.15111,-0.000,328.323,107.366,330.916,301.351,102.698,301.870,330.916,18.904,311.464,6.15379,18.885,311.463,6.15081,2
4256,501774,10,3,3,0,0,0,0,7,0,0,309.991,2.066,6.15109,-0.000,328.323,107.366,330.916,301.351,102.698,301.870,330.916,18.904,311.464,6.15377,18.886,311.463,6.15111,2
4272,501784,10,3,3,0,0,0,0,7,0,0,309.991,2.066,6.15110,-0.000,328.323,107.366,330.916,301.351,102.698,301.870,330.916,18.904,311.464,6.15377,18.886,311.463,6.15109,2
4272,501794,10,3,3,0,0,0,0,7,0,0,309.991,2.066,6.15110,-0.000,328.323,107.366,330.916,301.351,102.698,301.870,330.916,18.904,311.464,6.15378,18.886,311.463,6.15110,2
4287,501804,10,3,3,0,0,0,0,7,0,0,309.991,2.066,6.15104,-0.000,328.323,107.366,330.916,301.351,102.698,301.870,330.916,18.904,311.464,6.15372,18.886,311.463,6.15110,2
4303,501814,10,3,3,0,0,0,0,7,0,0,309.991,2.066,6.15081,-0.000,328.323,107.366,330.916,301.351,102.698,301.870,330.916,18.903,311.464,6.15349,18.886,311.463,6.15104,2
4303,501824,10,3,3,0,0,0,0,7,0,0,309.991,2.066,6.15091,-0.000,328.323,107.366,330.916,301.351,102.698,301.870,330.916,18.903,311.464,6.15358,18.885,311.463,6.15081,2
4318,501834,10,3,3,0,0,0,0,7,0,0,309.991,2.066,6.15103,-0.000,328.323,107.366,330.916,301.351,102.698,301.870,330.916,18.904,311.464,6.15371,18.885,311.463,6.15091,2
4333,501844,10,3,3,0,0,0,0,7,0,0,309.991,2.066,6.15089,-0.000,328.323,107.366,330.916,301.351,102.698,301.870,330.916,18.903,311.464,6.15357,18.886,311.463,6.15103,2
4333,501854,10,3,3,0,0,0,0,7,0,0,309.991,2.066,6.15087,-0.000,328.323,107.366,330.916,301.351,102.698,301.870,330.916,18.903,311.464,6.15354,18.885,311.463,6.15089,2
4349,501864,10,3,3,0,0,0,0,7,0,0,309.991,2.066,6.15090,-0.000,328.323,107.366,330.916,301.351,102.698,301.870,330.916,18.903,311.464,6.15358,18.885,311.463,6.15087,2
4349,501874,10,3,3,0,0,0,0,7,0,0,309.991,2.066,6.15076,-0.000,328.323,107.366,330.916,301.351,102.698,301.870,330.916,18.903,311.464,6.15343,18.885,311.463,6.15090,2
4365,501884,10,3,3,0,0,0,0,7,0,0,309.991,2.066,6.15058,-0.000,328.323,107.366,330.916,301.351,102.698,301.870,330.916,18.903,311.464,6.15326,18.885,311.463,6.15076,2
4380,501894,10,3,3,0,0,0,0,7,0,0,309.991,2.066,6.15083,-0.000,328.323,107.366,330.916,301.351,102.698,301.870,330.916,18.903,311.464,6.15351,18.885,311.463,6.15058,2
4380,501904,10,3,3,0,0,0,0,7,0,0,309.991,2.066,6.15080,-0.000,328.323,107.366,330.916,301.351,102.698,301.870,330.916,18.903,311.464,6.15347,18.885,311.463,6.15084,2
4395,501914,10,3,3,0,0,0,0,7,0,0,309.991,2.066,6.15102,-0.000,328.323,107.366,330.916,301.351,102.698,301.870,330.916,18.904,311.464,6.15370,18.885,311.463,6.15080,2
4411,501924,10,3,3,0,0,0,0,7,0,0,309.991,2.066,6.15100,-0.000,328.323,107.366,330.916,301.351,102.698,301.870,330.916,18.904,311.464,6.15368,18.886,311.463,6.15102,2
4411,501934,10,3,3,0,0,0,0,7,0,0,309.991,2.066,6.15112,-0.000,328.323,107.366,330.916,301.351,102.698,301.870,330.916,18.904,311.464,6.15380,18.886,311.463,6.15100,2
4427,501944,10,3,3,0,0,0,0,7,0,0,309.991,2.066,6.15102,-0.000,328.323,107.366,330.916,301.351,102.698,301.870,330.916,18.904,311.464,6.15369,18.886,311.463,6.15112,2
4443,501954,10,3,3,0,0,0,0,7,0,0,309.991,2.066,6.15107,-0.000,328.323,107.366,330.916,301.351,102.698,301.870,330.916,18.904,311.464,6.15374,18.886,311.463,6.15102,2
4443,501964,10,3,3,0,0,0,0,7,0,0,309.991,2.066,6.15102,-0.000,328.323,107.366,330.916,301.351,102.698,301.870,330.916,18.904,311.464,6.15369,18.886,311.463,6.15107,2
4458,501974,10,3,3,0,0,0,0,7,0,0,309.991,2.066,6.15094,-0.000,328.323,107.366,330.916,301.351,102.698,301.870,330.916,18.903,311.464,6.15362,18.886,311.463,6.15102,2
4474,501984,10,3,3,0,0,0,0,7,0,0,309.991,2.066,6.15075,-0.000,328.323,107.366,330.916,301.351,102.698,301.870,330.916,18.903,311.464,6.15343,18.886,311.463,6.15094,2
4474,501994,10,3,3,0,0,0,0,7,0,0,309.991,2.066,6.15065,-0.000,328.323,107.366,330.916,301.351,102.698,301.870,330.916,18.903,311.464,6.15332,18.885,311.463,6.15075,2
4489,502004,10,3,3,0,0,0,0,7,0,0,309.991,2.066,6.15053,-0.000,328.323,107.366,330.916,301.351,102.698,301.870,330.916,18.903,311.464,6.15321,18.885,311.463,6.15064,2
4505,502014,10,3,3,0,0,0,0,7,0,0,309.991,2.066,6.15073,-0.000,328.323,107.366,330.916,301.351,102.698,301.870,330.916,18.903,311.464,6.15340,18.885,311.463,6.15053,2
4505,502024,10,3,3,0,0,0,0,7,0,0,309.991,2.066,6.15075,-0.000,328.323,107.366,330.916,301.351,102.698,301.870,330.916,18.903,311.464,6.15343,18.885,311.463,6.15073,2
4521,502034,10,3,3,0,0,0,0,7,0,0,309.991,2.066,6.15089,-0.000,328.323,107.366,330.916,301.351,102.698,301.870,330.916,18.903,311.464,6.15357,18.885,311.463,6.15075,2
4521,502044,10,3,3,0,0,0,0,7,0,0,309.991,2.066,6.15092,-0.000,328.323,107.366,330.916,301.351,102.698,301.870,330.916,18.903,311.464,6.15360,18.885,311.463,6.15089,2
4536,502054,10,3,3,0,0,0,0,7,0,0,309.991,2.066,6.15109,-0.000,328.323,107.366,330.916,301.351,102.698,301.870,330.916,18.904,311.464,6.15377,18.886,311.463,6.15092,2
4552,502064,10,3,3,0,0,0,0,7,0,0,309.991,2.066,6.15113,-0.000,328.323,107.366,330.916,301.351,102.698,301.870,330.916,18.904,311.464,6.15380,18.886,311.463,6.15109,2
4552,502074,10,3,3,0,0,0,0,7,0,0,309.991,2.066,6.15122,-0.000,328.323,107.366,330.916,301.351,102.698,301.870,330.916,18.904,311.464,6.15390,18.886,311.463,6.15113,2
4567,502084,10,3,3,0,0,0,0,7,0,0,309.991,2.066,6.15124,-0.000,328.323,107.366,330.916,301.351,102.698,301.870,330.916,18.904,311.464,6.15392,18.886,311.463,6.15122,2
4582,502094,10,3,3,0,0,0,0,7,0,0,309.991,2.066,6.15117,-0.000,328.323,107.366,330.916,301.351,102.698,301.870,330.916,18.904,311.464,6.15385,18.886,311.463,6.15124,2
4582,502104,10,3,3,0,0,0,0,7,0,0,309.991,2.066,6.15105,-0.000,328.323,107.366,330.916,301.351,102.698,301.870,330.916,18.904,311.464,6.15373,18.886,311.463,6.15117,2
4598,502114,10,3,3,0,0,0,0,7,0,0,309.991,2.066,6.15130,-0.000,328.323,107.366,330.916,301.351,102.698,301.870,330.916,18.904,311.464,6.15398,18.886,311.463,6.15105,2
4613,502124,10,3,3,0,0,0,0,7,0,0,309.991,2.066,6.15128,-0.000,328.323,107.366,330.916,301.351,102.698,301.870,330.916,18.904,311.464,6.15395,18.886,311.463,6.15130,2
4613,502134,10,3,3,0,0,0,0,7,0,0,309.991,2.066,6.15126,-0.000,328.323,107.366,330.916,301.351,102.698,301.870,330.916,18.904,311.464,6.15394,18.886,311.463,6.15128,2
4629,502144,10,3,3,0,0,0,0,7,0,0,309.991,2.066,6.15116,-0.000,328.323,107.366,330.916,301.351,102.698,301.870,330.916,18.904,311.464,6.15384,18.886,311.463,6.15126,2
4644,502154,10,3,3,0,0,0,0,7,0,0,309.991,2.066,6.15105,-0.000,328.323,107.366,330.916,301.351,102.698,301.870,330.916,18.904,311.464,6.15372,18.886,311.463,6.15116,2
4644,502164,10,3,3,0,0,0,0,7,0,0,309.991,2.066,6.15129,-0.000,328.323,107.366,330.916,301.351,102.698,301.870,330.916,18.904,311.464,6.15397,18.886,311.463,6.15105,2
4659,502174,10,3,3,0,0,0,0,7,0,0,309.991,2.066,6.15135,-0.000,328.323,107.366,330.916,301.351,102.698,301.870,330.916,18.904,311.464,6.15403,18.886,311.463,6.15129,2
4675,502184,10,3,3,0,0,0,0,7,0,0,309.991,2.066,6.15112,-0.000,328.323,107.366,330.916,301.351,102.698,301.870,330.916,18.904,311.464,6.15380,18.886,311.463,6.15135,2
4675,502194,10,3,3,0,0,0,0,7,0,0,309.991,2.066,6.15093,-0.000,328.323,107.366,330.916,301.351,102.698,301.870,330.916,18.903,311.464,6.15361,18.886,311.463,6.15112,2
4690,502204,10,3,3,0,0,0,0,7,0,0,309.991,2.066,6.15077,-0.000,328.323,107.366,330.916,301.351,102.698,301.870,330.916,18.903,311.464,6.15344,18.886,311.463,6.15093,2
4690,502214,10,3,3,0,0,0,0,7,0,0,309.991,2.066,6.15073,-0.000,328.323,107.366,330.916,301.351,102.698,301.870,330.916,18.903,311.464,6.15340,18.885,311.463,6.15077,2
4705,502224,10,3,3,0,0,0,0,7,0,0,309.991,2.066,6.15066,-0.000,328.323,107.366,330.916,301.351,102.698,301.870,330.916,18.903,311.464,6.15334,18.885,311.463,6.15073,2
4721,502234,10,3,3,0,0,0,0,7,0,0,309.991,2.066,6.15061,-0.000,328.323,107.366,330.916,301.351,102.698,301.870,330.916,18.903,311.464,6.15328,18.885,311.463,6.15066,2
4721,502244,10,3,3,0,0,0,0,7,0,0,309.991,2.066,6.15069,-0.000,328.323,107.366,330.916,301.351,102.698,301.870,330.916,18.903,311.464,6.15336,18.885,311.463,6.15061,2
4737,502254,10,3,3,0,0,0,0,7,0,0,309.991,2.066,6.15084,-0.000,328.323,107.366,330.916,301.351,102.698,301.870,330.916,18.903,311.464,6.15351,18.885,311.463,6.15069,2
4752,502264,10,3,3,0,0,0,0,7,0,0,309.991,2.066,6.15080,-0.000,328.323,107.366,330.916,301.351,102.698,301.870,330.916,18.903,311.464,6.15348,18.885,311.463,6.15084,2
4752,502274,10,3,3,0,0,0,0,7,0,0,309.991,2.066,6.15079,-0.000,328.323,107.366,330.916,301.351,102.698,301.870,330.916,18.903,311.464,6.15347,18.885,311.463,6.15080,2
4768,502284,10,3,3,0,0,0,0,7,0,0,309.991,2.066,6.15098,-0.000,328.323,107.366,330.916,301.351,102.698,301.870,330.916,18.904,311.464,6.15366,18.885,311.463,6.15079,2
4783,502294,10,3,3,0,0,0,0,7,0,0,309.991,2.066,6.15100,-0.000,328.323,107.366,330.916,301.351,102.698,301.870,330.916,18.904,311.464,6.15367,18.886,311.463,6.15098,2
4783,502304,10,3,3,0,0,0,0,7,0,0,309.991,2.066,6.15115,-0.000,328.323,107.366,330.916,301.351,102.698,301.870,330.916,18.904,311.464,6.15383,18.886,311.463,6.15100,2
4799,502314,10,3,3,0,0,0,0,7,0,0,309.991,2.066,6.15106,-0.000,328.323,107.366,330.916,301.351,102.698,301.870,330.916,18.904,311.464,6.15373,18.886,311.463,6.15115,2
4815,502324,10,3,3,0,0,0,0,7,0,0,309.991,2.066,6.15098,-0.000,328.323,107.366,330.916,301.351,102.698,301.870,330.916,18.904,311.464,6.15366,18.886,311.463,6.15106,2
4815,502334,10,3,3,0,0,0,0,7,0,0,309.991,2.066,6.15103,-0.000,328.323,107.366,330.916,301.351,102.698,301.870,330.916,18.904,311.464,6.15371,18.886,311.463,6.15098,2
4831,502344,10,3,3,0,0,0,0,7,0,0,309.991,2.066,6.15124,-0.000,328.323,107.366,330.916,301.351,102.698,301.870,330.916,18.904,311.464,6.15391,18.886,311.463,6.15103,2
4831,502354,10,3,3,0,0,0,0,7,0,0,309.991,2.066,6.15132,-0.000,328.323,107.366,330.916,301.351,102.698,301.870,330.916,18.904,311.464,6.15400,18.886,311.463,6.15124,2
4862,502364,10,3,3,0,0,0,0,7,0,0,309.991,2.066,6.15143,-0.000,328.323,107.366,330.916,301.351,102.698,301.870,330.916,18.904,311.464,6.15411,18.886,311.463,6.15132,2
4862,502374,10,3,3,0,0,0,0,7,0,0,309.991,2.066,6.15144,-0.000,328.323,107.366,330.916,301.351,102.698,301.870,330.916,18.904,311.464,6.15411,18.886,311.463,6.15143,2
4862,502384,10,3,3,0,0,0,0,7,0,0,309.991,2.066,6.15149,-0.000,328.323,107.366,330.916,301.351,102.698,301.870,330.916,18.904,311.464,6.15416,18.886,311.463,6.15144,2
4877,502394,10,3,3,0,0,0,0,7,0,0,309.991,2.066,6.15145,-0.000,328.323,107.366,330.916,301.351,102.698,301.870,330.916,18.904,311.464,6.15412,18.886,311.463,6.15149,2
4893,502404,10,3,3,0,0,0,0,7,0,0,309.991,2.066,6.15142,-0.000,328.323,107.366,330.916,301.351,102.698,301.870,330.916,18.904,311.464,6.15410,18.886,311.463,6.15145,2
4893,502414,10,3,3,0,0,0,0,7,0,0,309.991,2.066,6.15125,-0.000,328.323,107.366,330.916,301.351,102.698,301.870,330.916,18.904,311.464,6.15393,18.886,311.463,6.15142,2
4908,502424,10,3,3,0,0,0,0,7,0,0,309.991,2.066,6.15108,-0.000,328.323,107.366,330.916,301.351,102.698,301.870,330.916,18.904,311.464,6.15376,18.886,311.463,6.15125,2
4923,502434,10,3,3,0,0,0,0,7,0,0,309.991,2.066,6.15085,-0.000,328.323,107.366,330.916,301.351,102.698,301.870,330.916,18.903,311.464,6.15352,18.886,311.463,6.15108,2
4923,502444,10,3,3,0,0,0,0,7,0,0,309.991,2.066,6.15071,-0.000,328.323,107.366,330.916,301.351,102.698,301.870,330.916,18.903,311.464,6.15339,18.885,311.463,6.15085,2
4939,502454,10,3,3,0,0,0,0,7,0,0,309.991,2.066,6.15092,-0.000,328.323,107.366,330.916,301.351,102.698,301.870,330.916,18.903,311.464,6.15359,18.885,311.463,6.15071,2
4955,502464,10,3,3,0,0,0,0,7,0,0,309.991,2.066,6.15113,-0.000,328.323,107.366,330.916,301.351,102.698,301.870,330.916,18.904,311.464,6.15380,18.886,311.463,6.15092,2
4955,502474,10,3,3,0,0,0,0,7,0,0,309.991,2.066,6.15101,-0.000,328.323,107.366,330.916,301.351,102.698,301.870,330.916,18.904,311.464,6.15368,18.886,311.463,6.15113,2
4970,502484,10,3,3,0,0,0,0,7,0,0,309.991,2.066,6.15098,-0.000,328.323,107.366,330.916,301.351,102.698,301.870,330.916,18.904,311.464,6.15365,18.886,311.463,6.15101,2
4970,502494,10,3,3,0,0,0,0,7,0,0,309.991,2.066,6.15091,-0.000,328.323,107.366,330.916,301.351,102.698,301.870,330.916,18.903,311.464,6.15359,18.886,311.463,6.15098,2
4986,502504,10,3,3,0,0,0,0,7,0,0,309.991,2.066,6.15092,-0.000,328.323,107.366,330.916,301.351,102.698,301.870,330.916,18.903,311.464,6.15360,18.885,311.463,6.15091,2
5000,502514,10,3,3,0,0,0,0,7,0,0,309.991,2.066,6.15092,-0.000,328.323,107.366,330.916,301.351,102.698,301.870,330.916,18.903,311.464,6.15359,18.886,311.463,6.15092,2
5000,502524,10,3,3,0,0,0,0,7,0,0,309.991,2.066,6.15108,-0.000,328.323,107.366,330.916,301.351,102.698,301.870,330.916,18.904,311.464,6.15376,18.886,311.463,6.15092,2
5016,502534,10,3,3,0,0,0,0,7,0,0,309.991,2.066,6.15115,-0.000,328.323,107.366,330.916,301.351,102.698,301.870,330.916,18.904,311.464,6.15383,18.886,311.463,6.15108,2
5032,502544,10,3,3,0,0,0,0,7,0,0,309.991,2.066,6.15104,-0.000,328.323,107.366,330.916,301.351,102.698,301.870,330.916,18.904,311.464,6.15371,18.886,311.463,6.15115,2
5032,502554,10,3,3,0,0,0,0,7,0,0,309.991,2.066,6.15078,-0.000,328.323,107.366,330.916,301.351,102.698,301.870,330.916,18.903,311.464,6.15345,18.886,311.463,6.15104,2
5047,502564,10,3,3,0,0,0,0,7,0,0,309.991,2.066,6.15075,-0.000,328.323,107.366,330.916,301.351,102.698,301.870,330.916,18.903,311.464,6.15342,18.885,311.463,6.15078,2
5063,502574,10,3,3,0,0,0,0,7,0,0,309.991,2.066,6.15049,-0.000,328.323,107.366,330.916,301.351,102.698,301.870,330.916,18.903,311.464,6.15316,18.885,311.463,6.15075,2
5063,502584,10,3,3,0,0,0,0,7,0,0,309.991,2.066,6.15032,-0.000,328.323,107.366,330.916,301.351,102.698,301.870,330.916,18.903,311.464,6.15300,18.885,311.463,6.15049,2
5078,502594,10,3,3,0,0,0,0,7,0,0,309.991,2.066,6.15014,-0.000,328.323,107.366,330.916,301.351,102.698,301.870,330.916,18.902,311.464,6.15281,18.885,311.463,6.15032,2
5095,502604,10,3,3,0,0,0,0,7,0,0,309.991,2.066,6.15033,-0.000,328.323,107.366,330.916,301.351,102.698,301.870,330.916,18.903,311.464,6.15301,18.885,311.463,6.15014,2
5095,502614,10,3,3,0,0,0,0,7,0,0,309.991,2.066,6.15065,-0.000,328.323,107.366,330.916,301.351,102.698,301.870,330.916,18.903,311.464,6.15333,18.885,311.463,6.15033,2
5109,502624,10,3,3,0,0,0,0,7,0,0,309.991,2.066,6.15086,-0.000,328.323,107.366,330.916,301.351,102.698,301.870,330.916,18.903,311.464,6.15354,18.885,311.463,6.15066,2
5109,502634,10,3,3,0,0,0,0,7,0,0,309.991,2.066,6.15085,-0.000,328.323,107.366,330.916,301.351,102.698,301.870,330.916,18.903,311.464,6.15353,18.885,311.463,6.15086,2
5124,502644,10,3,3,0,0,0,0,7,0,0,309.991,2.066,6.15077,-0.000,328.323,107.366,330.916,301.351,102.698,301.870,330.916,18.903,311.464,6.15344,18.885,311.463,6.15085,2
5140,502654,10,3,3,0,0,0,0,7,0,0,309.991,2.066,6.15069,-0.000,328.323,107.366,330.916,301.351,102.698,301.870,330.916,18.903,311.464,6.15337,18.885,311.463,6.15077,2
5140,502664,10,3,3,0,0,0,0,7,0,0,309.991,2.066,6.15056,-0.000,328.323,107.366,330.916,301.351,102.698,301.870,330.916,18.903,311.464,6.15324,18.885,311.463,6.15069,2
5156,502674,10,3,3,0,0,0,0,7,0,0,309.991,2.066,6.15090,-0.000,328.323,107.366,330.916,301.351,102.698,301.870,330.916,18.903,311.464,6.15358,18.885,311.463,6.15057,2
5171,502684,10,3,3,0,0,0,0,7,0,0,309.991,2.066,6.15091,-0.000,328.323,107.366,330.916,301.351,102.698,301.870,330.916,18.903,311.464,6.15358,18.885,311.463,6.15090,2
5171,502694,10,3,3,0,0,0,0,7,0,0,309.991,2.066,6.15103,-0.000,328.323,107.366,330.916,301.351,102.698,301.870,330.916,18.904,311.464,6.15371,18.885,311.463,6.15091,2
5186,502704,10,3,3,0,0,0,0,7,0,0,309.991,2.066,6.15105,-0.000,328.323,107.366,330.916,301.351,102.698,301.870,330.916,18.904,311.464,6.15372,18.886,311.463,6.15103,2
5202,502714,10,3,3,0,0,0,0,7,0,0,309.991,2.066,6.15095,-0.000,328.323,107.366,330.916,301.351,102.698,301.870,330.916,18.904,311.464,6.15363,18.886,311.463,6.15105,2
5202,502724,10,3,3,0,0,0,0,7,0,0,309.991,2.066,6.15095,-0.000,328.323,107.366,330.916,301.351,102.698,301.870,330.916,18.904,311.464,6.15362,18.886,311.463,6.15095,2
5218,502734,10,3,3,0,0,0,0,7,0,0,309.991,2.066,6.15065,-0.000,328.323,107.366,330.916,301.351,102.698,301.870,330.916,18.903,311.464,6.15333,18.886,311.463,6.15095,2
5234,502744,10,3,3,0,0,0,0,7,0,0,309.991,2.066,6.15063,-0.000,328.323,107.366,330.916,301.351,102.698,301.870,330.916,18.903,311.464,6.15331,18.885,311.463,6.15066,2
5234,502754,10,3,3,0,0,0,0,7,0,0,309.991,2.066,6.15061,-0.000,328.323,107.366,330.916,301.351,102.698,301.870,330.916,18.903,311.464,6.15328,18.885,311.463,6.15063,2
5248,502764,10,3,3,0,0,0,0,7,0,0,309.991,2.066,6.15044,-0.000,328.323,107.366,330.916,301.351,102.698,301.870,330.916,18.903,311.464,6.15311,18.885,311.463,6.15061,2
5264,502774,10,3,3,0,0,0,0,7,0,0,309.991,2.066,6.15025,-0.000,328.323,107.366,330.916,301.351,102.698,301.870,330.916,18.903,311.464,6.15293,18.885,311.463,6.15044,2
5264,502784,10,3,3,0,0,0,0,7,0,0,309.991,2.066,6.15021,-0.000,328.323,107.366,330.916,301.351,102.698,301.870,330.916,18.903,311.464,6.15288,18.885,311.463,6.15026,2
5281,502794,10,3,3,0,0,0,0,7,0,0,309.991,2.066,6.15028,-0.000,328.323,107.366,330.916,301.351,102.698,301.870,330.916,18.903,311.464,6.15296,18.885,311.463,6.15021,2
5281,502804,10,3,3,0,0,0,0,7,0,0,309.991,2.066,6.15044,-0.000,328.323,107.366,330.916,301.351,102.698,301.870,330.916,18.903,311.464,6.15312,18.885,311.463,6.15028,2
5295,502814,10,3,3,0,0,0,0,7,0,0,309.991,2.066,6.15049,-0.000,328.323,107.366,330.916,301.351,102.698,301.870,330.916,18.903,311.464,6.15317,18.885,311.463,6.15044,2
5311,502824,10,3,3,0,0,0,0,7,0,0,309.991,2.066,6.15059,-0.000,328.323,107.366,330.916,301.351,102.698,301.870,330.916,18.903,311.464,6.15326,18.885,311.463,6.15049,2
5311,502834,10,3,3,0,0,0,0,7,0,0,309.991,2.066,6.15059,-0.000,328.323,107.366,330.916,301.351,102.698,301.870,330.916,18.903,311.464,6.15326,18.885,311.463,6.15059,2
5327,502844,10,3,3,0,0,0,0,7,0,0,309.991,2.066,6.15069,-0.000,328.323,107.366,330.916,301.351,102.698,301.870,330.916,18.903,311.464,6.15336,18.885,311.463,6.15059,2
5342,502854,10,3,3,0,0,0,0,7,0,0,309.991,2.066,6.15065,-0.000,328.323,107.366,330.916,301.351,102.698,301.870,330.916,18.903,311.464,6.15333,18.885,311.463,6.15069,2
5342,502864,10,3,3,0,0,0,0,7,0,0,309.991,2.066,6.15069,-0.000,328.323,107.366,330.916,301.351,102.698,301.870,330.916,18.903,311.464,6.15337,18.885,311.463,6.15066,2
5357,502874,10,3,3,0,0,0,0,7,0,0,309.991,2.066,6.15061,-0.000,328.323,107.366,330.916,301.351,102.698,301.870,330.916,18.903,311.464,6.15329,18.885,311.463,6.15069,2
5373,502884,10,3,3,0,0,0,0,7,0,0,309.991,2.066,6.15053,-0.000,328.323,107.366,330.916,301.351,102.698,301.870,330.916,18.903,311.464,6.15321,18.885,311.463,6.15061,2
5373,502894,10,3,3,0,0,0,0,7,0,0,309.991,2.066,6.15060,-0.000,328.323,107.366,330.916,301.351,102.698,301.870,330.916,18.903,311.464,6.15328,18.885,311.463,6.15053,2
5389,502904,10,3,3,0,0,0,0,7,0,0,309.991,2.066,6.15067,-0.000,328.323,107.366,330.916,301.351,102.698,301.870,330.916,18.903,311.464,6.15334,18.885,311.463,6.15060,2
5404,502914,10,3,3,0,0,0,0,7,0,0,309.991,2.066,6.15065,-0.000,328.323,107.366,330.916,301.351,102.698,301.870,330.916,18.903,311.464,6.15332,18.885,311.463,6.15067,2
5404,502924,10,3,3,0,0,0,0,7,0,0,309.991,2.066,6.15071,-0.000,328.323,107.366,330.916,301.351,102.698,301.870,330.916,18.903,311.464,6.15339,18.885,311.463,6.15065,2
5419,502934,10,3,3,0,0,0,0,7,0,0,309.991,2.066,6.15072,-0.000,328.323,107.366,330.916,301.351,102.698,301.870,330.916,18.903,311.464,6.15340,18.885,311.463,6.15071,2
5419,502944,10,3,3,0,0,0,0,7,0,0,309.991,2.066,6.15079,-0.000,328.323,107.366,330.916,301.351,102.698,301.870,330.916,18.903,311.464,6.15346,18.885,311.463,6.15072,2
5435,502954,10,3,3,0,0,0,0,7,0,0,309.991,2.066,6.15083,-0.000,328.323,107.366,330.916,301.351,102.698,301.870,330.916,18.903,311.464,6.15350,18.885,311.463,6.15079,2
5451,502964,10,3,3,0,0,0,0,7,0,0,309.991,2.066,6.15064,-0.000,328.323,107.366,330.916,301.351,102.698,301.870,330.916,18.903,311.464,6.15332,18.885,311.463,6.15083,2
5451,502974,10,3,3,0,0,0,0,7,0,0,309.991,2.066,6.15072,-0.000,328.323,107.366,330.916,301.351,102.698,301.870,330.916,18.903,311.464,6.15339,18.885,311.463,6.15064,2
5467,502984,10,3,3,0,0,0,0,7,0,0,309.991,2.066,6.15069,-0.000,328.323,107.366,330.916,301.351,102.698,301.870,330.916,18.903,311.464,6.15336,18.885,311.463,6.15072,2
5483,502994,10,3,3,0,0,0,0,7,0,0,309.991,2.066,6.15059,-0.000,328.323,107.366,330.916,301.351,102.698,301.870,330.916,18.903,311.464,6.15326,18.885,311.463,6.15069,2
5483,503004,10,3,3,0,0,0,0,7,0,0,309.991,2.066,6.15057,-0.000,328.323,107.366,330.916,301.351,102.698,301.870,330.916,18.903,311.464,6.15325,18.885,311.463,6.15059,2
5498,503014,10,3,3,0,0,0,0,7,0,0,309.991,2.066,6.15073,-0.000,328.323,107.366,330.916,301.351,102.698,301.870,330.916,18.903,311.464,6.15340,18.885,311.463,6.15057,2
5514,503024,10,3,3,0,0,0,0,7,0,0,309.991,2.066,6.15079,-0.000,328.323,107.366,330.916,301.351,102.698,301.870,330.916,18.903,311.464,6.15347,18.885,311.463,6.15073,2
5514,503034,10,3,3,0,0,0,0,7,0,0,309.991,2.066,6.15051,-0.000,328.323,107.366,330.916,301.351,102.698,301.870,330.916,18.903,311.464,6.15319,18.885,311.463,6.15079,2
5529,503044,10,3,3,0,0,0,0,7,0,0,309.991,2.066,6.15031,-0.000,328.323,107.366,330.916,301.351,102.698,301.870,330.916,18.903,311.464,6.15299,18.885,311.463,6.15051,2
5545,503054,10,3,3,0,0,0,0,7,0,0,309.991,2.066,6.15030,-0.000,328.323,107.366,330.916,301.351,102.698,301.870,330.916,18.903,311.464,6.15298,18.885,311.463,6.15031,2
5545,503064,10,3,3,0,0,0,0,7,0,0,309.991,2.066,6.15050,-0.000,328.323,107.366,330.916,301.351,102.698,301.870,330.916,18.903,311.464,6.15318,18.885,311.463,6.15030,2
5560,503074,10,3,3,0,0,0,0,7,0,0,309.991,2.066,6.15056,-0.000,328.323,107.366,330.916,301.351,102.698,301.870,330.916,18.903,311.464,6.15324,18.885,311.463,6.15050,2
5560,503084,10,3,3,0,0,0,0,7,0,0,309.991,2.066,6.15061,-0.000,328.323,107.366,330.916,301.351,102.698,301.870,330.916,18.903,311.464,6.15329,18.885,311.463,6.15056,2
5575,503094,10,3,3,0,0,0,0,7,0,0,309.991,2.066,6.15089,-0.000,328.323,107.366,330.916,301.351,102.698,301.870,330.916,18.903,311.464,6.15357,18.885,311.463,6.15061,2
5590,503104,10,3,3,0,0,0,0,7,0,0,309.991,2.066,6.15095,-0.000,328.323,107.366,330.916,301.351,102.698,301.870,330.916,18.904,311.464,6.15362,18.885,311.463,6.15089,2
5590,503114,10,3,3,0,0,0,0,7,0,0,309.991,2.066,6.15098,-0.000,328.323,107.366,330.916,301.351,102.698,301.870,330.916,18.904,311.464,6.15366,18.886,311.463,6.15095,2
5605,503124,10,3,3,0,0,0,0,7,0,0,309.991,2.066,6.15081,-0.000,328.323,107.366,330.916,301.351,102.698,301.870,330.916,18.903,311.464,6.15349,18.886,311.463,6.15098,2
5621,503134,10,3,3,0,0,0,0,7,0,0,309.991,2.066,6.15096,-0.000,328.323,107.366,330.916,301.351,102.698,301.870,330.916,18.904,311.464,6.15363,18.885,311.463,6.15081,2
5621,503144,10,3,3,0,0,0,0,7,0,0,309.991,2.066,6.15098,-0.000,328.323,107.366,330.916,301.351,102.698,301.870,330.916,18.904,311.464,6.15365,18.886,311.463,6.15096,2
5637,503154,10,3,3,0,0,0,0,7,0,0,309.991,2.066,6.15092,-0.000,328.323,107.366,330.916,301.351,102.698,301.870,330.916,18.903,311.464,6.15360,18.886,311.463,6.15098,2
5652,503164,10,3,3,0,0,0,0,7,0,0,309.991,2.066,6.15079,-0.000,328.323,107.366,330.916,301.351,102.698,301.870,330.916,18.903,311.464,6.15347,18.886,311.463,6.15092,2
5652,503174,10,3,3,0,0,0,0,7,0,0,309.991,2.066,6.15069,-0.000,328.323,107.366,330.916,301.351,102.698,301.870,330.916,18.903,311.464,6.15337,18.885,311.463,6.15079,2
5668,503184,10,3,3,0,0,0,0,7,0,0,309.991,2.066,6.15105,-0.000,328.323,107.366,330.916,301.351,102.698,301.870,330.916,18.904,311.464,6.15373,18.885,311.463,6.15069,2
5684,503194,10,3,3,0,0,0,0,7,0,0,309.991,2.066,6.15120,-0.000,328.323,107.366,330.916,301.351,102.698,301.870,330.916,18.904,311.464,6.15388,18.886,311.463,6.15105,2
5684,503204,10,3,3,0,0,0,0,7,0,0,309.991,2.066,6.15116,-0.000,328.323,107.366,330.916,301.351,102.698,301.870,330.916,18.904,311.464,6.15384,18.886,311.463,6.15120,2
5700,503214,10,3,3,0,0,0,0,7,0,0,309.991,2.066,6.15127,-0.000,328.323,107.366,330.916,301.351,102.698,301.870,330.916,18.904,311.464,6.15395,18.886,311.463,6.15116,2
5700,503224,10,3,3,0,0,0,0,7,0,0,309.991,2.066,6.15128,-0.000,328.323,107.366,330.916,301.351,102.698,301.870,330.916,18.904,311.464,6.15395,18.886,311.463,6.15127,2
5715,503234,10,3,3,0,0,0,0,7,0,0,309.991,2.066,6.15134,-0.000,328.323,107.366,330.916,301.351,102.698,301.870,330.916,18.904,311.464,6.15402,18.886,311.463,6.15128,2
5730,503244,10,3,3,0,0,0,0,7,0,0,309.991,2.066,6.15133,-0.000,328.323,107.366,330.916,301.351,102.698,301.870,330.916,18.904,311.464,6.15401,18.886,311.463,6.15134,2
5730,503254,10,3,3,0,0,0,0,7,0,0,309.991,2.066,6.15107,-0.000,328.323,107.366,330.916,301.351,102.698,301.870,330.916,18.904,311.464,6.15375,18.886,311.463,6.15133,2
5746,503264,10,3,3,0,0,0,0,7,0,0,309.991,2.066,6.15126,-0.000,328.323,107.366,330.916,301.351,102.698,301.870,330.916,18.904,311.464,6.15393,18.886,311.463,6.15107,2
5762,503274,10,3,3,0,0,0,0,7,0,0,309.991,2.066,6.15135,-0.000,328.323,107.366,330.916,301.351,102.698,301.870,330.916,18.904,311.464,6.15402,18.886,311.463,6.15126,2
5762,503284,10,3,3,0,0,0,0,7,0,0,309.991,2.066,6.15137,-0.000,328.323,107.366,330.916,301.351,102.698,301.870,330.916,18.904,311.464,6.15405,18.886,311.463,6.15135,2
5792,503294,10,3,3,0,0,0,0,7,0,0,309.991,2.066,6.15112,-0.000,328.323,107.366,330.916,301.351,102.698,301.870,330.916,18.904,311.464,6.15379,18.886,311.463,6.15137,2
5792,503304,10,3,3,0,0,0,0,7,0,0,309.991,2.066,6.15119,-0.000,328.323,107.366,330.916,301.351,102.698,301.870,330.916,18.904,311.464,6.15387,18.886,311.463,6.15112,2
5792,503314,10,3,3,0,0,0,0,7,0,0,309.991,2.066,6.15110,-0.000,328.323,107.366,330.916,301.351,102.698,301.870,330.916,18.904,311.464,6.15377,18.886,311.463,6.15119,2
5822,503324,10,3,3,0,0,0,0,7,0,0,309.991,2.066,6.15105,-0.000,328.323,107.366,330.916,301.351,102.698,301.870,330.916,18.904,311.464,6.15372,18.886,311.463,6.15110,2
5822,503334,10,3,3,0,0,0,0,7,0,0,309.991,2.066,6.15104,-0.000,328.323,107.366,330.916,301.351,102.698,301.870,330.916,18.904,311.464,6.15372,18.886,311.463,6.15105,2
5822,503344,10,3,3,0,0,0,0,7,0,0,309.991,2.066,6.15109,-0.000,328.323,107.366,330.916,301.351,102.698,301.870,330.916,18.904,311.464,6.15376,18.886,311.463,6.15104,2
5838,503354,10,3,3,0,0,0,0,7,0,0,309.991,2.066,6.15110,-0.000,328.323,107.366,330.916,301.351,102.698,301.870,330.916,18.904,311.464,6.15377,18.886,311.463,6.15109,2
5854,503364,10,3,3,0,0,0,0,7,0,0,309.991,2.066,6.15101,-0.000,328.323,107.366,330.916,301.351,102.698,301.870,330.916,18.904,311.464,6.15369,18.886,311.463,6.15110,2
5854,503374,10,3,3,0,0,0,0,7,0,0,309.991,2.066,6.15105,-0.000,328.323,107.366,330.916,301.351,102.698,301.870,330.916,18.904,311.464,6.15373,18.886,311.463,6.15101,2
5886,503384,10,3,3,0,0,0,0,7,0,0,309.991,2.066,6.15109,-0.000,328.323,107.366,330.916,301.351,102.698,301.870,330.916,18.904,311.464,6.15377,18.886,311.463,6.15105,2
5886,503394,10,3,3,0,0,0,0,7,0,0,309.991,2.066,6.15106,-0.000,328.323,107.366,330.916,301.351,102.698,301.870,330.916,18.904,311.464,6.15374,18.886,311.463,6.15109,2
5886,503404,10,3,3,0,0,0,0,7,0,0,309.991,2.066,6.15109,-0.000,328.323,107.366,330.916,301.351,102.698,301.870,330.916,18.904,311.464,6.15376,18.886,311.463,6.15106,2
5917,503414,10,3,3,0,0,0,0,7,0,0,309.991,2.066,6.15094,-0.000,328.323,107.366,330.916,301.351,102.698,301.870,330.916,18.903,311.464,6.15361,18.886,311.463,6.15109,2
5917,503424,10,3,3,0,0,0,0,7,0,0,309.991,2.066,6.15092,-0.000,328.323,107.366,330.916,301.351,102.698,301.870,330.916,18.903,311.464,6.15360,18.886,311.463,6.15094,2
5917,503434,10,3,3,0,0,0,0,7,0,0,309.991,2.066,6.15084,-0.000,328.323,107.366,330.916,301.351,102.698,301.870,330.916,18.903,311.464,6.15351,18.886,311.463,6.15092,2
5933,503444,10,3,3,0,0,0,0,7,0,0,309.991,2.066,6.15109,-0.000,328.323,107.366,330.916,301.351,102.698,301.870,330.916,18.904,311.464,6.15377,18.885,311.463,6.15084,2
5933,503454,10,3,3,0,0,0,0,7,0,0,309.991,2.066,6.15119,-0.000,328.323,107.366,330.916,301.351,102.698,301.870,330.916,18.904,311.464,6.15386,18.886,311.463,6.15109,2
5948,503464,10,3,3,0,0,0,0,7,0,0,309.991,2.066,6.15116,-0.000,328.323,107.366,330.916,301.351,102.698,301.870,330.916,18.904,311.464,6.15383,18.886,311.463,6.15119,2
5980,503474,10,3,3,0,0,0,0,7,0,0,309.991,2.066,6.15112,-0.000,328.323,107.366,330.916,301.351,102.698,301.870,330.916,18.904,311.464,6.15379,18.886,311.463,6.15116,2
5980,503484,10,3,3,0,0,0,0,7,0,0,309.991,2.066,6.15107,-0.000,328.323,107.366,330.916,301.351,102.698,301.870,330.916,18.904,311.464,6.15374,18.886,311.463,6.15112,2
5980,503494,10,3,3,0,0,0,0,7,0,0,309.991,2.066,6.15117,-0.000,328.323,107.366,330.916,301.351,102.698,301.870,330.916,18.904,311.464,6.15385,18.886,311.463,6.15107,2
5980,503504,10,3,3,0,0,0,0,7,0,0,309.991,2.066,6.15109,-0.000,328.323,107.366,330.916,301.351,102.698,301.870,330.916,18.904,311.464,6.15377,18.886,311.463,6.15117,2
6010,503514,10,3,3,0,0,0,0,7,0,0,309.991,2.066,6.15102,-0.000,328.323,107.366,330.916,301.351,102.698,301.870,330.916,18.904,311.464,6.15369,18.886,311.463,6.15109,2
6010,503524,10,3,3,0,0,0,0,7,0,0,309.991,2.066,6.15110,-0.000,328.323,107.366,330.916,301.351,102.698,301.870,330.916,18.904,311.464,6.15378,18.886,311.463,6.15102,2
6010,503534,10,3,3,0,0,0,0,7,0,0,309.991,2.066,6.15112,-0.000,328.323,107.366,330.916,301.351,102.698,301.870,330.916,18.904,311.464,6.15379,18.886,311.463,6.15110,2
6041,503544,10,3,3,0,0,0,0,7,0,0,309.991,2.066,6.15109,-0.000,328.323,107.366,330.916,301.351,102.698,301.870,330.916,18.904,311.464,6.15376,18.886,311.463,6.15112,2
6041,503554,10,3,3,0,0,0,0,7,0,0,309.991,2.066,6.15093,-0.000,328.323,107.366,330.916,301.351,102.698,301.870,330.916,18.903,311.464,6.15360,18.886,311.463,6.15109,2
6041,503564,10,3,3,0,0,0,0,7,0,0,309.991,2.066,6.15102,-0.000,328.323,107.366,330.916,301.351,102.698,301.870,330.916,18.904,311.464,6.15369,18.886,311.463,6.15093,2
6057,503574,10,3,3,0,0,0,0,7,0,0,309.991,2.066,6.15093,-0.000,328.323,107.366,330.916,301.351,102.698,301.870,330.916,18.903,311.464,6.15361,18.886,311.463,6.15102,2
6073,503584,10,3,3,0,0,0,0,7,0,0,309.991,2.066,6.15102,-0.000,328.323,107.366,330.916,301.351,102.698,301.870,330.916,18.904,311.464,6.15370,18.886,311.463,6.15093,2
6073,503594,10,3,3,0,0,0,0,7,0,0,309.991,2.066,6.15090,-0.000,328.323,107.366,330.916,301.351,102.698,301.870,330.916,18.903,311.464,6.15358,18.886,311.463,6.15102,2
6104,503604,10,3,3,0,0,0,0,7,0,0,309.991,2.066,6.15084,-0.000,328.323,107.366,330.916,301.351,102.698,301.870,330.916,18.903,311.464,6.15351,18.885,311.463,6.15090,2
6104,503614,10,3,3,0,0,0,0,7,0,0,309.991,2.066,6.15093,-0.000,328.323,107.366,330.916,301.351,102.698,301.870,330.916,18.903,311.464,6.15361,18.885,311.463,6.15084,2
6104,503624,10,3,3,0,0,0,0,7,0,0,309.991,2.066,6.15080,-0.000,328.323,107.366,330.916,301.351,102.698,301.870,330.916,18.903,311.464,6.15347,18.886,311.463,6.15093,2
6136,503634,10,3,3,0,0,0,0,7,0,0,309.991,2.066,6.15097,-0.000,328.323,107.366,330.916,301.351,102.698,301.870,330.916,18.904,311.464,6.15365,18.885,311.463,6.15080,2
6136,503644,10,3,3,0,0,0,0,7,0,0,309.991,2.066,6.15102,-0.000,328.323,107.366,330.916,301.351,102.698,301.870,330.916,18.904,311.464,6.15370,18.886,311.463,6.15097,2
6136,503654,10,3,3,0,0,0,0,7,0,0,309.991,2.066,6.15096,-0.000,328.323,107.366,330.916,301.351,102.698,301.870,330.916,18.904,311.464,6.15364,18.886,311.463,6.15102,2
6152,503664,10,3,3,0,0,0,0,7,0,0,309.991,2.066,6.15098,-0.000,328.323,107.366,330.916,301.351,102.698,301.870,330.916,18.904,311.464,6.15366,18.886,311.463,6.15096,2
6152,503674,10,3,3,0,0,0,0,7,0,0,309.991,2.066,6.15094,-0.000,328.323,107.366,330.916,301.351,102.698,301.870,330.916,18.903,311.464,6.15361,18.886,311.463,6.15098,2
6168,503684,10,3,3,0,0,0,0,7,0,0,309.991,2.066,6.15099,-0.000,328.323,107.366,330.916,301.351,102.698,301.870,330.916,18.904,311.464,6.15367,18.886,311.463,6.15094,2
6198,503694,10,3,3,0,0,0,0,7,0,0,309.991,2.066,6.15113,-0.000,328.323,107.366,330.916,301.351,102.698,301.870,330.916,18.904,311.464,6.15381,18.886,311.463,6.15099,2
6198,503704,10,3,3,0,0,0,0,7,0,0,309.991,2.066,6.15121,-0.000,328.323,107.366,330.916,301.351,102.698,301.870,330.916,18.904,311.464,6.15388,18.886,311.463,6.15114,2
6198,503714,10,3,3,0,0,0,0,7,0,0,309.991,2.066,6.15124,-0.000,328.323,107.366,330.916,301.351,102.698,301.870,330.916,18.904,311.464,6.15391,18.886,311.463,6.15121,2
6228,503724,10,3,3,0,0,0,0,7,0,0,309.991,2.066,6.15110,-0.000,328.323,107.366,330.916,301.351,102.698,301.870,330.916,18.904,311.464,6.15378,18.886,311.463,6.15124,2
6228,503734,10,3,3,0,0,0,0,7,0,0,309.991,2.066,6.15112,-0.000,328.323,107.366,330.916,301.351,102.698,301.870,330.916,18.904,311.464,6.15380,18.886,311.463,6.15110,2
6228,503744,10,3,3,0,0,0,0,7,0,0,309.991,2.066,6.15140,-0.000,328.323,107.366,330.916,301.351,102.698,301.870,330.916,18.904,311.464,6.15407,18.886,311.463,6.15112,2
6244,503754,10,3,3,0,0,0,0,7,0,0,309.991,2.066,6.15141,-0.000,328.323,107.366,330.916,301.351,102.698,301.870,330.916,18.904,311.464,6.15408,18.886,311.463,6.15140,2
6244,503764,10,3,3,0,0,0,0,7,0,0,309.991,2.066,6.15152,-0.000,328.323,107.366,330.916,301.351,102.698,301.870,330.916,18.904,311.464,6.15420,18.886,311.463,6.15141,2
6260,503774,10,3,3,0,0,0,0,7,0,0,309.991,2.066,6.15134,-0.000,328.323,107.366,330.916,301.351,102.698,301.870,330.916,18.904,311.464,6.15402,18.886,311.463,6.15152,2
6260,503784,10,3,3,0,0,0,0,7,0,0,309.991,2.066,6.15136,-0.000,328.323,107.366,330.916,301.351,102.698,301.870,330.916,18.904,311.464,6.15403,18.886,311.463,6.15134,2
6276,503794,10,3,3,0,0,0,0,7,0,0,309.991,2.066,6.15129,-0.000,328.323,107.366,330.916,301.351,102.698,301.870,330.916,18.904,311.464,6.15397,18.886,311.463,6.15136,2
6291,503804,10,3,3,0,0,0,0,7,0,0,309.991,2.066,6.15121,-0.000,328.323,107.366,330.916,301.351,102.698,301.870,330.916,18.904,311.464,6.15389,18.886,311.463,6.15129,2
6291,503814,10,3,3,0,0,0,0,7,0,0,309.991,2.066,6.15102,-0.000,328.323,107.366,330.916,301.351,102.698,301.870,330.916,18.904,311.464,6.15369,18.886,311.463,6.15121,2
6307,503824,10,3,3,0,0,0,0,7,0,0,309.991,2.066,6.15094,-0.000,328.323,107.366,330.916,301.351,102.698,301.870,330.916,18.903,311.464,6.15362,18.886,311.463,6.15102,2
6323,503834,10,3,3,0,0,0,0,7,0,0,309.991,2.066,6.15064,-0.000,328.323,107.366,330.916,301.351,102.698,301.870,330.916,18.903,311.464,6.15332,18.886,311.463,6.15094,2
6323,503844,10,3,3,0,0,0,0,7,0,0,309.991,2.066,6.15084,-0.000,328.323,107.366,330.916,301.351,102.698,301.870,330.916,18.903,311.464,6.15352,18.885,311.463,6.15064,2
6355,503854,10,3,3,0,0,0,0,7,0,0,309.991,2.066,6.15075,-0.000,328.323,107.366,330.916,301.351,102.698,301.870,330.916,18.903,311.464,6.15342,18.885,311.463,6.15084,2
6355,503864,10,3,3,0,0,0,0,7,0,0,309.991,2.066,6.15082,-0.000,328.323,107.366,330.916,301.351,102.698,301.870,330.916,18.903,311.464,6.15350,18.885,311.463,6.15075,2
6355,503874,10,3,3,0,0,0,0,7,0,0,309.991,2.066,6.15065,-0.000,328.323,107.366,330.916,301.351,102.698,301.870,330.916,18.903,311.464,6.15332,18.885,311.463,6.15082,2
6385,503884,10,3,3,0,0,0,0,7,0,0,309.991,2.066,6.15079,-0.000,328.323,107.366,330.916,301.351,102.698,301.870,330.916,18.903,311.464,6.15347,18.885,311.463,6.15065,2
6385,503894,10,3,3,0,0,0,0,7,0,0,309.991,2.066,6.15079,-0.000,328.323,107.366,330.916,301.351,102.698,301.870,330.916,18.903,311.464,6.15347,18.885,311.463,6.15079,2
6385,503904,10,3,3,0,0,0,0,7,0,0,309.991,2.066,6.15083,-0.000,328.323,107.366,330.916,301.351,102.698,301.870,330.916,18.903,311.464,6.15350,18.885,311.463,6.15079,2
6416,503914,10,3,3,0,0,0,0,7,0,0,309.991,2.066,6.15071,-0.000,328.323,107.366,330.916,301.351,102.698,301.870,330.916,18.903,311.464,6.15339,18.885,311.463,6.15083,2
6416,503924,10,3,3,0,0,0,0,7,0,0,309.991,2.066,6.15057,-0.000,328.323,107.366,330.916,301.351,102.698,301.870,330.916,18.903,311.464,6.15324,18.885,311.463,6.15071,2
6416,503934,10,3,3,0,0,0,0,7,0,0,309.991,2.066,6.15039,-0.000,328.323,107.366,330.916,301.351,102.698,301.870,330.916,18.903,311.464,6.15307,18.885,311.463,6.15057,2
6432,503944,10,3,3,0,0,0,0,7,0,0,309.991,2.066,6.15062,-0.000,328.323,107.366,330.916,301.351,102.698,301.870,330.916,18.903,311.464,6.15330,18.885,311.463,6.15039,2
6432,503954,10,3,3,0,0,0,0,7,0,0,309.991,2.066,6.15053,-0.000,328.323,107.366,330.916,301.351,102.698,301.870,330.916,18.903,311.464,6.15321,18.885,311.463,6.15062,2
6448,503964,10,3,3,0,0,0,0,7,0,0,309.991,2.066,6.15049,-0.000,328.323,107.366,330.916,301.351,102.698,301.870,330.916,18.903,311.464,6.15317,18.885,311.463,6.15053,2
6480,503974,10,3,3,0,0,0,0,7,0,0,309.991,2.066,6.15061,-0.000,328.323,107.366,330.916,301.351,102.698,301.870,330.916,18.903,311.464,6.15329,18.885,311.463,6.15049,2
6480,503984,10,3,3,0,0,0,0,7,0,0,309.991,2.066,6.15081,-0.000,328.323,107.366,330.916,301.351,102.698,301.870,330.916,18.903,311.464,6.15348,18.885,311.463,6.15061,2
6480,503994,10,3,3,0,0,0,0,7,0,0,309.991,2.066,6.15063,-0.000,328.323,107.366,330.916,301.351,102.698,301.870,330.916,18.903,311.464,6.15330,18.885,311.463,6.15081,2
6480,504004,10,3,3,0,0,0,0,7,0,0,309.991,2.066,6.15054,-0.000,328.323,107.366,330.916,301.351,102.698,301.870,330.916,18.903,311.464,6.15322,18.885,311.463,6.15063,2
6510,504014,10,3,3,0,0,0,0,7,0,0,309.991,2.066,6.15068,-0.000,328.323,107.366,330.916,301.351,102.698,301.870,330.916,18.903,311.464,6.15336,18.885,311.463,6.15054,2
6510,504024,10,3,3,0,0,0,0,7,0,0,309.991,2.066,6.15084,-0.000,328.323,107.366,330.916,301.351,102.698,301.870,330.916,18.903,311.464,6.15351,18.885,311.463,6.15068,2
6510,504034,10,3,3,0,0,0,0,7,0,0,309.991,2.066,6.15068,-0.000,328.323,107.366,330.916,301.351,102.698,301.870,330.916,18.903,311.464,6.15336,18.885,311.463,6.15084,2
6526,504044,10,3,3,0,0,0,0,7,0,0,309.991,2.066,6.15084,-0.000,328.323,107.366,330.916,301.351,102.698,301.870,330.916,18.903,311.464,6.15351,18.885,311.463,6.15068,2
6542,504054,10,3,3,0,0,0,0,7,0,0,309.991,2.066,6.15074,-0.000,328.323,107.366,330.916,301.351,102.698,301.870,330.916,18.903,311.464,6.15342,18.885,311.463,6.15084,2
6542,504064,10,3,3,0,0,0,0,7,0,0,309.991,2.066,6.15054,-0.000,328.323,107.366,330.916,301.351,102.698,301.870,330.916,18.903,311.464,6.15322,18.885,311.463,6.15074,2
6573,504074,10,3,3,0,0,0,0,7,0,0,309.991,2.066,6.15065,-0.000,328.323,107.366,330.916,301.351,102.698,301.870,330.916,18.903,311.464,6.15333,18.885,311.463,6.15054,2
6573,504084,10,3,3,0,0,0,0,7,0,0,309.991,2.066,6.15053,-0.000,328.323,107.366,330.916,301.351,102.698,301.870,330.916,18.903,311.464,6.15321,18.885,311.463,6.15065,2
6573,504094,10,3,3,0,0,0,0,7,0,0,309.991,2.066,6.15041,-0.000,328.323,107.366,330.916,301.351,102.698,301.870,330.916,18.903,311.464,6.15308,18.885,311.463,6.15053,2
6589,504104,10,3,3,0,0,0,0,7,0,0,309.991,2.066,6.15016,-0.000,328.323,107.366,330.916,301.351,102.698,301.870,330.916,18.903,311.464,6.15283,18.885,311.463,6.15041,2
6621,504114,10,3,3,0,0,0,0,7,0,0,309.991,2.066,6.15023,-0.000,328.323,107.366,330.916,301.351,102.698,301.870,330.916,18.903,311.464,6.15291,18.885,311.463,6.15016,2
6621,504124,10,3,3,0,0,0,0,7,0,0,309.991,2.066,6.15058,-0.000,328.323,107.366,330.916,301.351,102.698,301.870,330.916,18.903,311.464,6.15326,18.885,311.463,6.15024,2
6621,504134,10,3,3,0,0,0,0,7,0,0,309.991,2.066,6.15065,-0.000,328.323,107.366,330.916,301.351,102.698,301.870,330.916,18.903,311.464,6.15333,18.885,311.463,6.15058,2
6621,504144,10,3,3,0,0,0,0,7,0,0,309.991,2.066,6.15069,-0.000,328.323,107.366,330.916,301.351,102.698,301.870,330.916,18.903,311.464,6.15336,18.885,311.463,6.15066,2
6636,504154,10,3,3,0,0,0,0,7,0,0,309.991,2.066,6.15088,-0.000,328.323,107.366,330.916,301.351,102.698,301.870,330.916,18.903,311.464,6.15356,18.885,311.463,6.15069,2
6653,504164,10,3,3,0,0,0,0,7,0,0,309.991,2.066,6.15093,-0.000,328.323,107.366,330.916,301.351,102.698,301.870,330.916,18.903,311.464,6.15361,18.885,311.463,6.15088,2
6653,504174,10,3,3,0,0,0,0,7,0,0,309.991,2.066,6.15072,-0.000,328.323,107.366,330.916,301.351,102.698,301.870,330.916,18.903,311.464,6.15340,18.886,311.463,6.15093,2
6668,504184,10,3,3,0,0,0,0,7,0,0,309.991,2.066,6.15093,-0.000,328.323,107.366,330.916,301.351,102.698,301.870,330.916,18.903,311.464,6.15360,18.885,311.463,6.15072,2
6684,504194,10,3,3,0,0,0,0,7,0,0,309.991,2.066,6.15093,-0.000,328.323,107.366,330.916,301.351,102.698,301.870,330.916,18.903,311.464,6.15360,18.886,311.463,6.15093,2
6684,504204,10,3,3,0,0,0,0,7,0,0,309.991,2.066,6.15112,-0.000,328.323,107.366,330.916,301.351,102.698,301.870,330.916,18.904,311.464,6.15379,18.886,311.463,6.15093,2
6700,504214,10,3,3,0,0,0,0,7,0,0,309.991,2.066,6.15124,-0.000,328.323,107.366,330.916,301.351,102.698,301.870,330.916,18.904,311.464,6.15392,18.886,311.463,6.15112,2
6700,504224,10,3,3,0,0,0,0,7,0,0,309.991,2.066,6.15105,-0.000,328.323,107.366,330.916,301.351,102.698,301.870,330.916,18.904,311.464,6.15372,18.886,311.463,6.15124,2
6715,504234,10,3,3,0,0,0,0,7,0,0,309.991,2.066,6.15094,-0.000,328.323,107.366,330.916,301.351,102.698,301.870,330.916,18.903,311.464,6.15362,18.886,311.463,6.15105,2
6730,504244,10,3,3,0,0,0,0,7,0,0,309.991,2.066,6.15111,-0.000,328.323,107.366,330.916,301.351,102.698,301.870,330.916,18.904,311.464,6.15378,18.886,311.463,6.15094,2
6730,504254,10,3,3,0,0,0,0,7,0,0,309.991,2.066,6.15121,-0.000,328.323,107.366,330.916,301.351,102.698,301.870,330.916,18.904,311.464,6.15388,18.886,311.463,6.15111,2
6746,504264,10,3,3,0,0,0,0,7,0,0,309.991,2.066,6.15129,-0.000,328.323,107.366,330.916,301.351,102.698,301.870,330.916,18.904,311.464,6.15397,18.886,311.463,6.15121,2
6761,504274,10,3,3,0,0,0,0,7,0,0,309.991,2.066,6.15131,-0.000,328.323,107.366,330.916,301.351,102.698,301.870,330.916,18.904,311.464,6.15399,18.886,311.463,6.15129,2
6761,504284,10,3,3,0,0,0,0,7,0,0,309.991,2.066,6.15133,-0.000,328.323,107.366,330.916,301.351,102.698,301.870,330.916,18.904,311.464,6.15400,18.886,311.463,6.15131,2
6791,504294,10,3,3,0,0,0,0,7,0,0,309.991,2.066,6.15125,-0.000,328.323,107.366,330.916,301.351,102.698,301.870,330.916,18.904,311.464,6.15393,18.886,311.463,6.15133,2
6791,504304,10,3,3,0,0,0,0,7,0,0,309.991,2.066,6.15133,-0.000,328.323,107.366,330.916,301.351,102.698,301.870,330.916,18.904,311.464,6.15400,18.886,311.463,6.15125,2
6791,504314,10,3,3,0,0,0,0,7,0,0,309.991,2.066,6.15143,-0.000,328.323,107.366,330.916,301.351,102.698,301.870,330.916,18.904,311.464,6.15411,18.886,311.463,6.15133,2
6823,504324,10,3,3,0,0,0,0,7,0,0,309.991,2.066,6.15139,-0.000,328.323,107.366,330.916,301.351,102.698,301.870,330.916,18.904,311.464,6.15407,18.886,311.463,6.15143,2
6823,504334,10,3,3,0,0,0,0,7,0,0,309.991,2.066,6.15138,-0.000,328.323,107.366,330.916,301.351,102.698,301.870,330.916,18.904,311.464,6.15405,18.886,311.463,6.15139,2
6823,504344,10,3,3,0,0,0,0,7,0,0,309.991,2.066,6.15123,-0.000,328.323,107.366,330.916,301.351,102.698,301.870,330.916,18.904,311.464,6.15391,18.886,311.463,6.15138,2
6839,504354,10,3,3,0,0,0,0,7,0,0,309.991,2.066,6.15099,-0.000,328.323,107.366,330.916,301.351,102.698,301.870,330.916,18.904,311.464,6.15366,18.886,311.463,6.15123,2
6853,504364,10,3,3,0,0,0,0,7,0,0,309.991,2.066,6.15078,-0.000,328.323,107.366,330.916,301.351,102.698,301.870,330.916,18.903,311.464,6.15346,18.886,311.463,6.15099,2
6853,504374,10,3,3,0,0,0,0,7,0,0,309.991,2.066,6.15077,-0.000,328.323,107.366,330.916,301.351,102.698,301.870,330.916,18.903,311.464,6.15344,18.885,311.463,6.15078,2
6870,504384,10,3,3,0,0,0,0,7,0,0,309.991,2.066,6.15108,-0.000,328.323,107.366,330.916,301.351,102.698,301.870,330.916,18.904,311.464,6.15375,18.885,311.463,6.15077,2
6870,504394,10,3,3,0,0,0,0,7,0,0,309.991,2.066,6.15114,-0.000,328.323,107.366,330.916,301.351,102.698,301.870,330.916,18.904,311.464,6.15382,18.886,311.463,6.15108,2
6885,504404,10,3,3,0,0,0,0,7,0,0,309.991,2.066,6.15101,-0.000,328.323,107.366,330.916,301.351,102.698,301.870,330.916,18.904,311.464,6.15369,18.886,311.463,6.15114,2
6901,504414,10,3,3,0,0,0,0,7,0,0,309.991,2.066,6.15108,-0.000,328.323,107.366,330.916,301.351,102.698,301.870,330.916,18.904,311.464,6.15375,18.886,311.463,6.15101,2
6901,504424,10,3,3,0,0,0,0,7,0,0,309.991,2.066,6.15102,-0.000,328.323,107.366,330.916,301.351,102.698,301.870,330.916,18.904,311.464,6.15370,18.886,311.463,6.15108,2
6916,504434,10,3,3,0,0,0,0,7,0,0,309.991,2.066,6.15110,-0.000,328.323,107.366,330.916,301.351,102.698,301.870,330.916,18.904,311.464,6.15377,18.886,311.463,6.15102,2
6947,504444,10,3,3,0,0,0,0,7,0,0,309.991,2.066,6.15102,-0.000,328.323,107.366,330.916,301.351,102.698,301.870,330.916,18.904,311.464,6.15369,18.886,311.463,6.15110,2
6947,504454,10,3,3,0,0,0,0,7,0,0,309.991,2.066,6.15074,-0.000,328.323,107.366,330.916,301.351,102.698,301.870,330.916,18.903,311.464,6.15341,18.886,311.463,6.15102,2
6947,504464,10,3,3,0,0,0,0,7,0,0,309.991,2.066,6.15079,-0.000,328.323,107.366,330.916,301.351,102.698,301.870,330.916,18.903,311.464,6.15347,18.885,311.463,6.15074,2
6963,504474,10,3,3,0,0,0,0,7,0,0,309.991,2.066,6.15102,-0.000,328.323,107.366,330.916,301.351,102.698,301.870,330.916,18.904,311.464,6.15370,18.885,311.463,6.15079,2
6963,504484,10,3,3,0,0,0,0,7,0,0,309.991,2.066,6.15104,-0.000,328.323,107.366,330.916,301.351,102.698,301.870,330.916,18.904,311.464,6.15371,18.886,311.463,6.15102,2
6979,504494,10,3,3,0,0,0,0,7,0,0,309.991,2.066,6.15091,-0.000,328.323,107.366,330.916,301.351,102.698,301.870,330.916,18.903,311.464,6.15359,18.886,311.463,6.15104,2
7010,504504,10,3,3,0,0,0,0,7,0,0,309.991,2.066,6.15079,-0.000,328.323,107.366,330.916,301.351,102.698,301.870,330.916,18.903,311.464,6.15347,18.886,311.463,6.15091,2
7010,504514,10,3,3,0,0,0,0,7,0,0,309.991,2.066,6.15093,-0.000,328.323,107.366,330.916,301.351,102.698,301.870,330.916,18.903,311.464,6.15360,18.885,311.463,6.15079,2
7010,504524,10,3,3,0,0,0,0,7,0,0,309.991,2.066,6.15082,-0.000,328.323,107.366,330.916,301.351,102.698,301.870,330.916,18.903,311.464,6.15349,18.886,311.463,6.15093,2
7010,504534,10,3,3,0,0,0,0,7,0,0,309.991,2.066,6.15067,-0.000,328.323,107.366,330.916,301.351,102.698,301.870,330.916,18.903,311.464,6.15335,18.885,311.463,6.15082,2
7041,504544,10,3,3,0,0,0,0,7,0,0,309.991,2.066,6.15087,-0.000,328.323,107.366,330.916,301.351,102.698,301.870,330.916,18.903,311.464,6.15355,18.885,311.463,6.15067,2
7041,504554,10,3,3,0,0,0,0,7,0,0,309.991,2.066,6.15101,-0.000,328.323,107.366,330.916,301.351,102.698,301.870,330.916,18.904,311.464,6.15368,18.885,311.463,6.15087,2
7041,504564,10,3,3,0,0,0,0,7,0,0,309.991,2.066,6.15088,-0.000,328.323,107.366,330.916,301.351,102.698,301.870,330.916,18.903,311.464,6.15356,18.886,311.463,6.15101,2
7072,504574,10,3,3,0,0,0,0,7,0,0,309.991,2.066,6.15119,-0.000,328.323,107.366,330.916,301.351,102.698,301.870,330.916,18.904,311.464,6.15386,18.885,311.463,6.15088,2
7072,504584,10,3,3,0,0,0,0,7,0,0,309.991,2.066,6.15127,-0.000,328.323,107.366,330.916,301.351,102.698,301.870,330.916,18.904,311.464,6.15395,18.886,311.463,6.15119,2
7072,504594,10,3,3,0,0,0,0,7,0,0,309.991,2.066,6.15124,-0.000,328.323,107.366,330.916,301.351,102.698,301.870,330.916,18.904,311.464,6.15391,18.886,311.463,6.15127,2
7087,504604,10,3,3,0,0,0,0,7,0,0,309.991,2.066,6.15114,-0.000,328.323,107.366,330.916,301.351,102.698,301.870,330.916,18.904,311.464,6.15381,18.886,311.463,6.15124,2
7103,504614,10,3,3,0,0,0,0,7,0,0,309.991,2.066,6.15100,-0.000,328.323,107.366,330.916,301.351,102.698,301.870,330.916,18.904,311.464,6.15368,18.886,311.463,6.15114,2
7103,504624,10,3,3,0,0,0,0,7,0,0,309.991,2.066,6.15086,-0.000,328.323,107.366,330.916,301.351,102.698,301.870,330.916,18.903,311.464,6.15354,18.886,311.463,6.15100,2
7118,504634,10,3,3,0,0,0,0,7,0,0,309.991,2.066,6.15091,-0.000,328.323,107.366,330.916,301.351,102.698,301.870,330.916,18.903,311.464,6.15358,18.885,311.463,6.15086,2
7134,504644,10,3,3,0,0,0,0,7,0,0,309.991,2.066,6.15103,-0.000,328.323,107.366,330.916,301.351,102.698,301.870,330.916,18.904,311.464,6.15370,18.885,311.463,6.15091,2
7134,504654,10,3,3,0,0,0,0,7,0,0,309.991,2.066,6.15127,-0.000,328.323,107.366,330.916,301.351,102.698,301.870,330.916,18.904,311.464,6.15395,18.886,311.463,6.15103,2
7150,504664,10,3,3,0,0,0,0,7,0,0,309.991,2.066,6.15136,-0.000,328.323,107.366,330.916,301.351,102.698,301.870,330.916,18.904,311.464,6.15403,18.886,311.463,6.15127,2
7150,504674,10,3,3,0,0,0,0,7,0,0,309.991,2.066,6.15117,-0.000,328.323,107.366,330.916,301.351,102.698,301.870,330.916,18.904,311.464,6.15384,18.886,311.463,6.15136,2
7166,504684,10,3,3,0,0,0,0,7,0,0,309.991,2.066,6.15104,-0.000,328.323,107.366,330.916,301.351,102.698,301.870,330.916,18.904,311.464,6.15371,18.886,311.463,6.15117,2
7182,504694,10,3,3,0,0,0,0,7,0,0,309.991,2.066,6.15107,-0.000,328.323,107.366,330.916,301.351,102.698,301.870,330.916,18.904,311.464,6.15375,18.886,311.463,6.15104,2
7182,504704,10,3,3,0,0,0,0,7,0,0,309.991,2.066,6.15103,-0.000,328.323,107.366,330.916,301.351,102.698,301.870,330.916,18.904,311.464,6.15371,18.886,311.463,6.15107,2
7197,504714,10,3,3,0,0,0,0,7,0,0,309.991,2.066,6.15088,-0.000,328.323,107.366,330.916,301.351,102.698,301.870,330.916,18.903,311.464,6.15356,18.886,311.463,6.15103,2
7213,504724,10,3,3,0,0,0,0,7,0,0,309.991,2.066,6.15089,-0.000,328.323,107.366,330.916,301.351,102.698,301.870,330.916,18.903,311.464,6.15356,18.885,311.463,6.15088,2
7213,504734,10,3,3,0,0,0,0,7,0,0,309.991,2.066,6.15097,-0.000,328.323,107.366,330.916,301.351,102.698,301.870,330.916,18.904,311.464,6.15365,18.885,311.463,6.15089,2
7228,504744,10,3,3,0,0,0,0,7,0,0,309.991,2.066,6.15121,-0.000,328.323,107.366,330.916,301.351,102.698,301.870,330.916,18.904,311.464,6.15388,18.886,311.463,6.15097,2
7244,504754,10,3,3,0,0,0,0,7,0,0,309.991,2.066,6.15131,-0.000,328.323,107.366,330.916,301.351,102.698,301.870,330.916,18.904,311.464,6.15399,18.886,311.463,6.15121,2
7244,504764,10,3,3,0,0,0,0,7,0,0,309.991,2.066,6.15152,-0.000,328.323,107.366,330.916,301.351,102.698,301.870,330.916,18.904,311.464,6.15420,18.886,311.463,6.15131,2
7259,504774,10,3,3,0,0,0,0,7,0,0,309.991,2.066,6.15146,-0.000,328.323,107.366,330.916,301.351,102.698,301.870,330.916,18.904,311.464,6.15414,18.886,311.463,6.15152,2
7274,504784,10,3,3,0,0,0,0,7,0,0,309.991,2.066,6.15149,-0.000,328.323,107.366,330.916,301.351,102.698,301.870,330.916,18.904,311.464,6.15416,18.886,311.463,6.15146,2
7274,504794,10,3,3,0,0,0,0,7,0,0,309.991,2.066,6.15151,-0.000,328.323,107.366,330.916,301.351,102.698,301.870,330.916,18.904,311.464,6.15418,18.886,311.463,6.15149,2
7290,504804,10,3,3,0,0,0,0,7,0,0,309.991,2.066,6.15127,-0.000,328.323,107.366,330.916,301.351,102.698,301.870,330.916,18.904,311.464,6.15395,18.886,311.463,6.15151,2
7290,504814,10,3,3,0,0,0,0,7,0,0,309.991,2.066,6.15118,-0.000,328.323,107.366,330.916,301.351,102.698,301.870,330.916,18.904,311.464,6.15386,18.886,311.463,6.15128,2
7306,504824,10,3,3,0,0,0,0,7,0,0,309.991,2.066,6.15115,-0.000,328.323,107.366,330.916,301.351,102.698,301.870,330.916,18.904,311.464,6.15382,18.886,311.463,6.15118,2
7321,504834,10,3,3,0,0,0,0,7,0,0,309.991,2.066,6.15126,-0.000,328.323,107.366,330.916,301.351,102.698,301.870,330.916,18.904,311.464,6.15393,18.886,311.463,6.15115,2
7321,504844,10,3,3,0,0,0,0,7,0,0,309.991,2.066,6.15116,-0.000,328.323,107.366,330.916,301.351,102.698,301.870,330.916,18.904,311.464,6.15383,18.886,311.463,6.15126,2
7337,504854,10,3,3,0,0,0,0,7,0,0,309.991,2.066,6.15132,-0.000,328.323,107.366,330.916,301.351,102.698,301.870,330.916,18.904,311.464,6.15399,18.886,311.463,6.15116,2
7351,504864,10,3,3,0,0,0,0,7,0,0,309.991,2.066,6.15126,-0.000,328.323,107.366,330.916,301.351,102.698,301.870,330.916,18.904,311.464,6.15393,18.886,311.463,6.15132,2
7351,504874,10,3,3,0,0,0,0,7,0,0,309.991,2.066,6.15107,-0.000,328.323,107.366,330.916,301.351,102.698,301.870,330.916,18.904,311.464,6.15374,18.886,311.463,6.15126,2
7366,504884,10,3,3,0,0,0,0,7,0,0,309.991,2.066,6.15083,-0.000,328.323,107.366,330.916,301.351,102.698,301.870,330.916,18.903,311.464,6.15351,18.886,311.463,6.15107,2
7381,504894,10,3,3,0,0,0,0,7,0,0,309.991,2.066,6.15069,-0.000,328.323,107.366,330.916,301.351,102.698,301.870,330.916,18.903,311.464,6.15337,18.885,311.463,6.15084,2
7381,504904,10,3,3,0,0,0,0,7,0,0,309.991,2.066,6.15092,-0.000,328.323,107.366,330.916,301.351,102.698,301.870,330.916,18.903,311.464,6.15359,18.885,311.463,6.15069,2
7397,504914,10,3,3,0,0,0,0,7,0,0,309.991,2.066,6.15096,-0.000,328.323,107.366,330.916,301.351,102.698,301.870,330.916,18.904,311.464,6.15364,18.886,311.463,6.15092,2
7413,504924,10,3,3,0,0,0,0,7,0,0,309.991,2.066,6.15093,-0.000,328.323,107.366,330.916,301.351,102.698,301.870,330.916,18.903,311.464,6.15361,18.886,311.463,6.15096,2
7413,504934,10,3,3,0,0,0,0,7,0,0,309.991,2.066,6.15094,-0.000,328.323,107.366,330.916,301.351,102.698,301.870,330.916,18.903,311.464,6.15362,18.886,311.463,6.15093,2
7428,504944,10,3,3,0,0,0,0,7,0,0,309.991,2.066,6.15102,-0.000,328.323,107.366,330.916,301.351,102.698,301.870,330.916,18.904,311.464,6.15370,18.886,311.463,6.15094,2
7444,504954,10,3,3,0,0,0,0,7,0,0,309.991,2.066,6.15091,-0.000,328.323,107.366,330.916,301.351,102.698,301.870,330.916,18.903,311.464,6.15359,18.886,311.463,6.15102,2
7444,504964,10,3,3,0,0,0,0,7,0,0,309.991,2.066,6.15091,-0.000,328.323,107.366,330.916,301.351,102.698,301.870,330.916,18.903,311.464,6.15359,18.886,311.463,6.15091,2
7460,504974,10,3,3,0,0,0,0,7,0,0,309.991,2.066,6.15090,-0.000,328.323,107.366,330.916,301.351,102.698,301.870,330.916,18.903,311.464,6.15358,18.886,311.463,6.15091,2
7460,504984,10,3,3,0,0,0,0,7,0,0,309.991,2.066,6.15103,-0.000,328.323,107.366,330.916,301.351,102.698,301.870,330.916,18.904,311.464,6.15370,18.885,311.463,6.15090,2
7476,504994,10,3,3,0,0,0,0,7,0,0,309.991,2.066,6.15102,-0.000,328.323,107.366,330.916,301.351,102.698,301.870,330.916,18.904,311.464,6.15369,18.886,311.463,6.15103,2
7491,505004,10,3,3,0,0,0,0,7,0,0,309.991,2.066,6.15092,-0.000,328.323,107.366,330.916,301.351,102.698,301.870,330.916,18.903,311.464,6.15359,18.886,311.463,6.15102,2
7491,505014,10,3,3,0,0,0,0,7,0,0,309.991,2.066,6.15103,-0.000,328.323,107.366,330.916,301.351,102.698,301.870,330.916,18.904,311.464,6.15370,18.886,311.463,6.15092,2
7507,505024,10,3,3,0,0,0,0,7,0,0,309.991,2.066,6.15123,-0.000,328.323,107.366,330.916,301.351,102.698,301.870,330.916,18.904,311.464,6.15390,18.886,311.463,6.15103,2
7522,505034,10,3,3,0,0,0,0,7,0,0,309.991,2.066,6.15122,-0.000,328.323,107.366,330.916,301.351,102.698,301.870,330.916,18.904,311.464,6.15390,18.886,311.463,6.15123,2
7522,505044,10,3,3,0,0,0,0,7,0,0,309.991,2.066,6.15134,-0.000,328.323,107.366,330.916,301.351,102.698,301.870,330.916,18.904,311.464,6.15402,18.886,311.463,6.15122,2
7538,505054,10,3,3,0,0,0,0,7,0,0,309.991,2.066,6.15130,-0.000,328.323,107.366,330.916,301.351,102.698,301.870,330.916,18.904,311.464,6.15398,18.886,311.463,6.15134,2
7554,505064,10,3,3,0,0,0,0,7,0,0,309.991,2.066,6.15139,-0.000,328.323,107.366,330.916,301.351,102.698,301.870,330.916,18.904,311.464,6.15406,18.886,311.463,6.15130,2
7554,505074,10,3,3,0,0,0,0,7,0,0,309.991,2.066,6.15137,-0.000,328.323,107.366,330.916,301.351,102.698,301.870,330.916,18.904,311.464,6.15405,18.886,311.463,6.15139,2
7569,505084,10,3,3,0,0,0,0,7,0,0,309.991,2.066,6.15134,-0.000,328.323,107.366,330.916,301.351,102.698,301.870,330.916,18.904,311.464,6.15402,18.886,311.463,6.15137,2
7585,505094,10,3,3,0,0,0,0,7,0,0,309.991,2.066,6.15141,-0.000,328.323,107.366,330.916,301.351,102.698,301.870,330.916,18.904,311.464,6.15408,18.886,311.463,6.15134,2
7585,505104,10,3,3,0,0,0,0,7,0,0,309.991,2.066,6.15142,-0.000,328.323,107.366,330.916,301.351,102.698,301.870,330.916,18.904,311.464,6.15410,18.886,311.463,6.15140,2
7602,505114,10,3,3,0,0,0,0,7,0,0,309.991,2.066,6.15155,-0.000,328.323,107.366,330.916,301.351,102.698,301.870,330.916,18.904,311.464,6.15423,18.886,311.463,6.15142,2
7602,505124,10,3,3,0,0,0,0,7,0,0,309.991,2.066,6.15132,-0.000,328.323,107.366,330.916,301.351,102.698,301.870,330.916,18.904,311.464,6.15399,18.886,311.463,6.15155,2
7616,505134,10,3,3,0,0,0,0,7,0,0,309.991,2.066,6.15125,-0.000,328.323,107.366,330.916,301.351,102.698,301.870,330.916,18.904,311.464,6.15392,18.886,311.463,6.15132,2
7633,505144,10,3,3,0,0,0,0,7,0,0,309.991,2.066,6.15122,-0.000,328.323,107.366,330.916,301.351,102.698,301.870,330.916,18.904,311.464,6.15390,18.886,311.463,6.15125,2
7633,505154,10,3,3,0,0,0,0,7,0,0,309.991,2.066,6.15110,-0.000,328.323,107.366,330.916,301.351,102.698,301.870,330.916,18.904,311.464,6.15377,18.886,311.463,6.15122,2
7648,505164,10,3,3,0,0,0,0,7,0,0,309.991,2.066,6.15115,-0.000,328.323,107.366,330.916,301.351,102.698,301.870,330.916,18.904,311.464,6.15383,18.886,311.463,6.15110,2
7682,505174,10,3,3,0,0,0,0,7,0,0,309.991,2.066,6.15122,-0.000,328.323,107.366,330.916,301.351,102.698,301.870,330.916,18.904,311.464,6.15389,18.886,311.463,6.15115,2
7682,505184,10,3,3,0,0,0,0,7,0,0,309.991,2.066,6.15139,-0.000,328.323,107.366,330.916,301.351,102.698,301.870,330.916,18.904,311.464,6.15407,18.886,311.463,6.15122,2
7682,505194,10,3,3,0,0,0,0,7,0,0,309.991,2.066,6.15127,-0.000,328.323,107.366,330.916,301.351,102.698,301.870,330.916,18.904,311.464,6.15395,18.886,311.463,6.15139,2
7682,505204,10,3,3,0,0,0,0,7,0,0,309.991,2.066,6.15107,-0.000,328.323,107.366,330.916,301.351,102.698,301.870,330.916,18.904,311.464,6.15375,18.886,311.463,6.15128,2
7711,505214,10,3,3,0,0,0,0,7,0,0,309.991,2.066,6.15099,-0.000,328.323,107.366,330.916,301.351,102.698,301.870,330.916,18.904,311.464,6.15366,18.886,311.463,6.15107,2
7711,505224,10,3,3,0,0,0,0,7,0,0,309.991,2.066,6.15108,-0.000,328.323,107.366,330.916,301.351,102.698,301.870,330.916,18.904,311.464,6.15375,18.886,311.463,6.15099,2
7711,505234,10,3,3,0,0,0,0,7,0,0,309.991,2.066,6.15148,-0.000,328.323,107.366,330.916,301.351,102.698,301.870,330.916,18.904,311.464,6.15415,18.886,311.463,6.15108,2
7727,505244,10,3,3,0,0,0,0,7,0,0,309.991,2.066,6.15168,-0.000,328.323,107.366,330.916,301.351,102.698,301.870,330.916,18.904,311.464,6.15436,18.886,311.463,6.15148,2
7743,505254,10,3,3,0,0,0,0,7,0,0,309.991,2.066,6.15170,-0.000,328.323,107.366,330.916,301.351,102.698,301.870,330.916,18.904,311.464,6.15437,18.886,311.463,6.15168,2
7743,505264,10,3,3,0,0,0,0,7,0,0,309.991,2.066,6.15190,-0.000,328.323,107.366,330.916,301.351,102.698,301.870,330.916,18.905,311.464,6.15458,18.886,311.463,6.15170,2
7758,505274,10,3,3,0,0,0,0,7,0,0,309.991,2.066,6.15185,-0.000,328.323,107.366,330.916,301.351,102.698,301.870,330.916,18.905,311.464,6.15453,18.887,311.463,6.15190,2
7773,505284,10,3,3,0,0,0,0,7,0,0,309.991,2.066,6.15181,-0.000,328.323,107.366,330.916,301.351,102.698,301.870,330.916,18.905,311.464,6.15448,18.887,311.463,6.15185,2
7773,505294,10,3,3,0,0,0,0,7,0,0,309.991,2.066,6.15172,-0.000,328.323,107.366,330.916,301.351,102.698,301.870,330.916,18.904,311.464,6.15440,18.887,311.463,6.15181,2
7789,505304,10,3,3,0,0,0,0,7,0,0,309.991,2.066,6.15134,-0.000,328.323,107.366,330.916,301.351,102.698,301.870,330.916,18.904,311.464,6.15402,18.887,311.463,6.15172,2
7805,505314,10,3,3,0,0,0,0,7,0,0,309.991,2.066,6.15132,-0.000,328.323,107.366,330.916,301.351,102.698,301.870,330.916,18.904,311.464,6.15400,18.886,311.463,6.15134,2
7805,505324,10,3,3,0,0,0,0,7,0,0,309.991,2.066,6.15124,-0.000,328.323,107.366,330.916,301.351,102.698,301.870,330.916,18.904,311.464,6.15391,18.886,311.463,6.15132,2
7820,505334,10,3,3,0,0,0,0,7,0,0,309.991,2.066,6.15105,-0.000,328.323,107.366,330.916,301.351,102.698,301.870,330.916,18.904,311.464,6.15372,18.886,311.463,6.15124,2
7836,505344,10,3,3,0,0,0,0,7,0,0,309.991,2.066,6.15110,-0.000,328.323,107.366,330.916,301.351,102.698,301.870,330.916,18.904,311.464,6.15377,18.886,311.463,6.15105,2
7836,505354,10,3,3,0,0,0,0,7,0,0,309.991,2.066,6.15097,-0.000,328.323,107.366,330.916,301.351,102.698,301.870,330.916,18.904,311.464,6.15365,18.886,311.463,6.15110,2
7851,505364,10,3,3,0,0,0,0,7,0,0,309.991,2.066,6.15100,-0.000,328.323,107.366,330.916,301.351,102.698,301.870,330.916,18.904,311.464,6.15367,18.886,311.463,6.15097,2
7851,505374,10,3,3,0,0,0,0,7,0,0,309.991,2.066,6.15106,-0.000,328.323,107.366,330.916,301.351,102.698,301.870,330.916,18.904,311.464,6.15374,18.886,311.463,6.15100,2
7867,505384,10,3,3,0,0,0,0,7,0,0,309.991,2.066,6.15107,-0.000,328.323,107.366,330.916,301.351,102.698,301.870,330.916,18.904,311.464,6.15375,18.886,311.463,6.15106,2
7883,505394,10,3,3,0,0,0,0,7,0,0,309.991,2.066,6.15119,-0.000,328.323,107.366,330.916,301.351,102.698,301.870,330.916,18.904,311.464,6.15387,18.886,311.463,6.15107,2
7883,505404,10,3,3,0,0,0,0,7,0,0,309.991,2.066,6.15113,-0.000,328.323,107.366,330.916,301.351,102.698,301.870,330.916,18.904,311.464,6.15380,18.886,311.463,6.15119,2
7898,505414,10,3,3,0,0,0,0,7,0,0,309.991,2.066,6.15097,-0.000,328.323,107.366,330.916,301.351,102.698,301.870,330.916,18.904,311.464,6.15365,18.886,311.463,6.15113,2
7913,505424,10,3,3,0,0,0,0,7,0,0,309.991,2.066,6.15084,-0.000,328.323,107.366,330.916,301.351,102.698,301.870,330.916,18.903,311.464,6.15352,18.886,311.463,6.15097,2
7913,505434,10,3,3,0,0,0,0,7,0,0,309.991,2.066,6.15081,-0.000,328.323,107.366,330.916,301.351,102.698,301.870,330.916,18.903,311.464,6.15349,18.885,311.463,6.15084,2
7929,505444,10,3,3,0,0,0,0,7,0,0,309.991,2.066,6.15064,-0.000,328.323,107.366,330.916,301.351,102.698,301.870,330.916,18.903,311.464,6.15331,18.885,311.463,6.15081,2
7944,505454,10,3,3,0,0,0,0,7,0,0,309.991,2.066,6.15068,-0.000,328.323,107.366,330.916,301.351,102.698,301.870,330.916,18.903,311.464,6.15335,18.885,311.463,6.15064,2
7944,505464,10,3,3,0,0,0,0,7,0,0,309.991,2.066,6.15086,-0.000,328.323,107.366,330.916,301.351,102.698,301.870,330.916,18.903,311.464,6.15354,18.885,311.463,6.15068,2
7959,505474,10,3,3,0,0,0,0,7,0,0,309.991,2.066,6.15089,-0.000,328.323,107.366,330.916,301.351,102.698,301.870,330.916,18.903,311.464,6.15356,18.885,311.463,6.15086,2
7975,505484,10,3,3,0,0,0,0,7,0,0,309.991,2.066,6.15083,-0.000,328.323,107.366,330.916,301.351,102.698,301.870,330.916,18.903,311.464,6.15351,18.885,311.463,6.15089,2
7975,505494,10,3,3,0,0,0,0,7,0,0,309.991,2.066,6.15083,-0.000,328.323,107.366,330.916,301.351,102.698,301.870,330.916,18.903,311.464,6.15351,18.885,311.463,6.15083,2
7990,505504,10,3,3,0,0,0,0,7,0,0,309.991,2.066,6.15096,-0.000,328.323,107.366,330.916,301.351,102.698,301.870,330.916,18.904,311.464,6.15364,18.885,311.463,6.15083,2
7990,505514,10,3,3,0,0,0,0,7,0,0,309.991,2.066,6.15106,-0.000,328.323,107.366,330.916,301.351,102.698,301.870,330.916,18.904,311.464,6.15373,18.886,311.463,6.15096,2
8006,505524,10,3,3,0,0,0,0,7,0,0,309.991,2.066,6.15098,-0.000,328.323,107.366,330.916,301.351,102.698,301.870,330.916,18.904,311.464,6.15366,18.886,311.463,6.15106,2
8022,505534,10,3,3,0,0,0,0,7,0,0,309.991,2.066,6.15090,-0.000,328.323,107.366,330.916,301.351,102.698,301.870,330.916,18.903,311.464,6.15357,18.886,311.463,6.15098,2
8022,505544,10,3,3,0,0,0,0,7,0,0,309.991,2.066,6.15115,-0.000,328.323,107.366,330.916,301.351,102.698,301.870,330.916,18.904,311.464,6.15383,18.885,311.463,6.15090,2
8037,505554,10,3,3,0,0,0,0,7,0,0,309.991,2.066,6.15093,-0.000,328.323,107.366,330.916,301.351,102.698,301.870,330.916,18.903,311.464,6.15361,18.886,311.463,6.15115,2
8052,505564,10,3,3,0,0,0,0,7,0,0,309.991,2.066,6.15099,-0.000,328.323,107.366,330.916,301.351,102.698,301.870,330.916,18.904,311.464,6.15367,18.886,311.463,6.15093,2
8052,505574,10,3,3,0,0,0,0,7,0,0,309.991,2.066,6.15089,-0.000,328.323,107.366,330.916,301.351,102.698,301.870,330.916,18.903,311.464,6.15357,18.886,311.463,6.15099,2
8068,505584,10,3,3,0,0,0,0,7,0,0,309.991,2.066,6.15072,-0.000,328.323,107.366,330.916,301.351,102.698,301.870,330.916,18.903,311.464,6.15340,18.885,311.463,6.15089,2
8083,505594,10,3,3,0,0,0,0,7,0,0,309.991,2.066,6.15074,-0.000,328.323,107.366,330.916,301.351,102.698,301.870,330.916,18.903,311.464,6.15341,18.885,311.463,6.15072,2
8083,505604,10,3,3,0,0,0,0,7,0,0,309.991,2.066,6.15072,-0.000,328.323,107.366,330.916,301.351,102.698,301.870,330.916,18.903,311.464,6.15340,18.885,311.463,6.15074,2
8099,505614,10,3,3,0,0,0,0,7,0,0,309.991,2.066,6.15085,-0.000,328.323,107.366,330.916,301.351,102.698,301.870,330.916,18.903,311.464,6.15353,18.885,311.463,6.15072,2
8115,505624,10,3,3,0,0,0,0,7,0,0,309.991,2.066,6.15107,-0.000,328.323,107.366,330.916,301.351,102.698,301.870,330.916,18.904,311.464,6.15375,18.885,311.463,6.15085,2
8115,505634,10,3,3,0,0,0,0,7,0,0,309.991,2.066,6.15112,-0.000,328.323,107.366,330.916,301.351,102.698,301.870,330.916,18.904,311.464,6.15380,18.886,311.463,6.15107,2
8130,505644,10,3,3,0,0,0,0,7,0,0,309.991,2.066,6.15121,-0.000,328.323,107.366,330.916,301.351,102.698,301.870,330.916,18.904,311.464,6.15388,18.886,311.463,6.15112,2
8130,505654,10,3,3,0,0,0,0,7,0,0,309.991,2.066,6.15128,-0.000,328.323,107.366,330.916,301.351,102.698,301.870,330.916,18.904,311.464,6.15395,18.886,311.463,6.15121,2
8145,505664,10,3,3,0,0,0,0,7,0,0,309.991,2.066,6.15129,-0.000,328.323,107.366,330.916,301.351,102.698,301.870,330.916,18.904,311.464,6.15396,18.886,311.463,6.15128,2
8161,505674,10,3,3,0,0,0,0,7,0,0,309.991,2.066,6.15122,-0.000,328.323,107.366,330.916,301.351,102.698,301.870,330.916,18.904,311.464,6.15390,18.886,311.463,6.15129,2
8161,505684,10,3,3,0,0,0,0,7,0,0,309.991,2.066,6.15126,-0.000,328.323,107.366,330.916,301.351,102.698,301.870,330.916,18.904,311.464,6.15394,18.886,311.463,6.15122,2
8176,505694,10,3,3,0,0,0,0,7,0,0,309.991,2.066,6.15134,-0.000,328.323,107.366,330.916,301.351,102.698,301.870,330.916,18.904,311.464,6.15401,18.886,311.463,6.15126,2
8192,505704,10,3,3,0,0,0,0,7,0,0,309.991,2.066,6.15116,-0.000,328.323,107.366,330.916,301.351,102.698,301.870,330.916,18.904,311.464,6.15383,18.886,311.463,6.15134,2
8192,505714,10,3,3,0,0,0,0,7,0,0,309.991,2.066,6.15116,-0.000,328.323,107.366,330.916,301.351,102.698,301.870,330.916,18.904,311.464,6.15384,18.886,311.463,6.15116,2
8208,505724,10,3,3,0,0,0,0,7,0,0,309.991,2.066,6.15129,-0.000,328.323,107.366,330.916,301.351,102.698,301.870,330.916,18.904,311.464,6.15396,18.886,311.463,6.15116,2
8224,505734,10,3,3,0,0,0,0,7,0,0,309.991,2.066,6.15123,-0.000,328.323,107.366,330.916,301.351,102.698,301.870,330.916,18.904,311.464,6.15390,18.886,311.463,6.15129,2
8224,505744,10,3,3,0,0,0,0,7,0,0,309.991,2.066,6.15106,-0.000,328.323,107.366,330.916,301.351,102.698,301.870,330.916,18.904,311.464,6.15374,18.886,311.463,6.15123,2
8240,505754,10,3,3,0,0,0,0,7,0,0,309.991,2.066,6.15101,-0.000,328.323,107.366,330.916,301.351,102.698,301.870,330.916,18.904,311.464,6.15368,18.886,311.463,6.15106,2
8240,505764,10,3,3,0,0,0,0,7,0,0,309.991,2.066,6.15082,-0.000,328.323,107.366,330.916,301.351,102.698,301.870,330.916,18.903,311.464,6.15349,18.886,311.463,6.15101,2
8255,505774,10,3,3,0,0,0,0,7,0,0,309.991,2.066,6.15080,-0.000,328.323,107.366,330.916,301.351,102.698,301.870,330.916,18.903,311.464,6.15347,18.885,311.463,6.15082,2
8271,505784,10,3,3,0,0,0,0,7,0,0,309.991,2.066,6.15062,-0.000,328.323,107.366,330.916,301.351,102.698,301.870,330.916,18.903,311.464,6.15329,18.885,311.463,6.15080,2
8271,505794,10,3,3,0,0,0,0,7,0,0,309.991,2.066,6.15050,-0.000,328.323,107.366,330.916,301.351,102.698,301.870,330.916,18.903,311.464,6.15318,18.885,311.463,6.15062,2
8288,505804,10,3,3,0,0,0,0,7,0,0,309.991,2.066,6.15078,-0.000,328.323,107.366,330.916,301.351,102.698,301.870,330.916,18.903,311.464,6.15345,18.885,311.463,6.15050,2
8303,505814,10,3,3,0,0,0,0,7,0,0,309.991,2.066,6.15091,-0.000,328.323,107.366,330.916,301.351,102.698,301.870,330.916,18.903,311.464,6.15359,18.885,311.463,6.15078,2
8303,505824,10,3,3,0,0,0,0,7,0,0,309.991,2.066,6.15114,-0.000,328.323,107.366,330.916,301.351,102.698,301.870,330.916,18.904,311.464,6.15382,18.886,311.463,6.15091,2
8319,505834,10,3,3,0,0,0,0,7,0,0,309.991,2.066,6.15128,-0.000,328.323,107.366,330.916,301.351,102.698,301.870,330.916,18.904,311.464,6.15396,18.886,311.463,6.15114,2
8334,505844,10,3,3,0,0,0,0,7,0,0,309.991,2.066,6.15111,-0.000,328.323,107.366,330.916,301.351,102.698,301.870,330.916,18.904,311.464,6.15378,18.886,311.463,6.15128,2
8334,505854,10,3,3,0,0,0,0,7,0,0,309.991,2.066,6.15117,-0.000,328.323,107.366,330.916,301.351,102.698,301.870,330.916,18.904,311.464,6.15384,18.886,311.463,6.15110,2
8349,505864,10,3,3,0,0,0,0,7,0,0,309.991,2.066,6.15090,-0.000,328.323,107.366,330.916,301.351,102.698,301.870,330.916,18.903,311.464,6.15358,18.886,311.463,6.15117,2
8365,505874,10,3,3,0,0,0,0,7,0,0,309.991,2.066,6.15078,-0.000,328.323,107.366,330.916,301.351,102.698,301.870,330.916,18.903,311.464,6.15345,18.885,311.463,6.15090,2
8365,505884,10,3,3,0,0,0,0,7,0,0,309.991,2.066,6.15092,-0.000,328.323,107.366,330.916,301.351,102.698,301.870,330.916,18.903,311.464,6.15360,18.885,311.463,6.15078,2
8381,505894,10,3,3,0,0,0,0,7,0,0,309.991,2.066,6.15113,-0.000,328.323,107.366,330.916,301.351,102.698,301.870,330.916,18.904,311.464,6.15380,18.886,311.463,6.15092,2
8381,505904,10,3,3,0,0,0,0,7,0,0,309.991,2.066,6.15110,-0.000,328.323,107.366,330.916,301.351,102.698,301.870,330.916,18.904,311.464,6.15378,18.886,311.463,6.15113,2
8397,505914,10,3,3,0,0,0,0,7,0,0,309.991,2.066,6.15107,-0.000,328.323,107.366,330.916,301.351,102.698,301.870,330.916,18.904,311.464,6.15374,18.886,311.463,6.15110,2
8412,505924,10,3,3,0,0,0,0,7,0,0,309.991,2.066,6.15107,-0.000,328.323,107.366,330.916,301.351,102.698,301.870,330.916,18.904,311.464,6.15375,18.886,311.463,6.15107,2
8412,505934,10,3,3,0,0,0,0,7,0,0,309.991,2.066,6.15101,-0.000,328.323,107.366,330.916,301.351,102.698,301.870,330.916,18.904,311.464,6.15368,18.886,311.463,6.15107,2
8428,505944,10,3,3,0,0,0,0,7,0,0,309.991,2.066,6.15111,-0.000,328.323,107.366,330.916,301.351,102.698,301.870,330.916,18.904,311.464,6.15378,18.886,311.463,6.15101,2
8444,505954,10,3,3,0,0,0,0,7,0,0,309.991,2.066,6.15114,-0.000,328.323,107.366,330.916,301.351,102.698,301.870,330.916,18.904,311.464,6.15382,18.886,311.463,6.15111,2
8444,505964,10,3,3,0,0,0,0,7,0,0,309.991,2.066,6.15135,-0.000,328.323,107.366,330.916,301.351,102.698,301.870,330.916,18.904,311.464,6.15402,18.886,311.463,6.15114,2
8460,505974,10,3,3,0,0,0,0,7,0,0,309.991,2.066,6.15131,-0.000,328.323,107.366,330.916,301.351,102.698,301.870,330.916,18.904,311.464,6.15398,18.886,311.463,6.15135,2
8476,505984,10,3,3,0,0,0,0,7,0,0,309.991,2.066,6.15099,-0.000,328.323,107.366,330.916,301.351,102.698,301.870,330.916,18.904,311.464,6.15366,18.886,311.463,6.15131,2
8476,505994,10,3,3,0,0,0,0,7,0,0,309.991,2.066,6.15097,-0.000,328.323,107.366,330.916,301.351,102.698,301.870,330.916,18.904,311.464,6.15365,18.886,311.463,6.15099,2
8491,506004,10,3,3,0,0,0,0,7,0,0,309.991,2.066,6.15087,-0.000,328.323,107.366,330.916,301.351,102.698,301.870,330.916,18.903,311.464,6.15355,18.886,311.463,6.15097,2
8491,506014,10,3,3,0,0,0,0,7,0,0,309.991,2.066,6.15072,-0.000,328.323,107.366,330.916,301.351,102.698,301.870,330.916,18.903,311.464,6.15339,18.885,311.463,6.15087,2
8506,506024,10,3,3,0,0,0,0,7,0,0,309.991,2.066,6.15062,-0.000,328.323,107.366,330.916,301.351,102.698,301.870,330.916,18.903,311.464,6.15329,18.885,311.463,6.15072,2
8522,506034,10,3,3,0,0,0,0,7,0,0,309.991,2.066,6.15075,-0.000,328.323,107.366,330.916,301.351,102.698,301.870,330.916,18.903,311.464,6.15342,18.885,311.463,6.15062,2
8522,506044,10,3,3,0,0,0,0,7,0,0,309.991,2.066,6.15107,-0.000,328.323,107.366,330.916,301.351,102.698,301.870,330.916,18.904,311.464,6.15375,18.885,311.463,6.15075,2
8537,506054,10,3,3,0,0,0,0,7,0,0,309.991,2.066,6.15109,-0.000,328.323,107.366,330.916,301.351,102.698,301.870,330.916,18.904,311.464,6.15377,18.886,311.463,6.15107,2
8552,506064,10,3,3,0,0,0,0,7,0,0,309.991,2.066,6.15110,-0.000,328.323,107.366,330.916,301.351,102.698,301.870,330.916,18.904,311.464,6.15377,18.886,311.463,6.15109,2
8552,506074,10,3,3,0,0,0,0,7,0,0,309.991,2.066,6.15095,-0.000,328.323,107.366,330.916,301.351,102.698,301.870,330.916,18.904,311.464,6.15363,18.886,311.463,6.15110,2
8568,506084,10,3,3,0,0,0,0,7,0,0,309.991,2.066,6.15102,-0.000,328.323,107.366,330.916,301.351,102.698,301.870,330.916,18.904,311.464,6.15369,18.886,311.463,6.15095,2
8584,506094,10,3,3,0,0,0,0,7,0,0,309.991,2.066,6.15096,-0.000,328.323,107.366,330.916,301.351,102.698,301.870,330.916,18.904,311.464,6.15363,18.886,311.463,6.15102,2
8584,506104,10,3,3,0,0,0,0,7,0,0,309.991,2.066,6.15076,-0.000,328.323,107.366,330.916,301.351,102.698,301.870,330.916,18.903,311.464,6.15343,18.886,311.463,6.15096,2
8598,506114,10,3,3,0,0,0,0,7,0,0,309.991,2.066,6.15084,-0.000,328.323,107.366,330.916,301.351,102.698,301.870,330.916,18.903,311.464,6.15352,18.885,311.463,6.15076,2
8614,506124,10,3,3,0,0,0,0,7,0,0,309.991,2.066,6.15070,-0.000,328.323,107.366,330.916,301.351,102.698,301.870,330.916,18.903,311.464,6.15338,18.885,311.463,6.15084,2
8614,506134,10,3,3,0,0,0,0,7,0,0,309.991,2.066,6.15076,-0.000,328.323,107.366,330.916,301.351,102.698,301.870,330.916,18.903,311.464,6.15344,18.885,311.463,6.15070,2
8630,506144,10,3,3,0,0,0,0,7,0,0,309.991,2.066,6.15097,-0.000,328.323,107.366,330.916,301.351,102.698,301.870,330.916,18.904,311.464,6.15364,18.885,311.463,6.15076,2
8645,506154,10,3,3,0,0,0,0,7,0,0,309.991,2.066,6.15104,-0.000,328.323,107.366,330.916,301.351,102.698,301.870,330.916,18.904,311.464,6.15372,18.886,311.463,6.15097,2
8645,506164,10,3,3,0,0,0,0,7,0,0,309.991,2.066,6.15091,-0.000,328.323,107.366,330.916,301.351,102.698,301.870,330.916,18.903,311.464,6.15358,18.886,311.463,6.15104,2
8662,506174,10,3,3,0,0,0,0,7,0,0,309.991,2.066,6.15088,-0.000,328.323,107.366,330.916,301.351,102.698,301.870,330.916,18.903,311.464,6.15355,18.885,311.463,6.15091,2
8662,506184,10,3,3,0,0,0,0,7,0,0,309.991,2.066,6.15087,-0.000,328.323,107.366,330.916,301.351,102.698,301.870,330.916,18.903,311.464,6.15355,18.885,311.463,6.15088,2
8678,506194,10,3,3,0,0,0,0,7,0,0,309.991,2.066,6.15073,-0.000,328.323,107.366,330.916,301.351,102.698,301.870,330.916,18.903,311.464,6.15341,18.885,311.463,6.15087,2
8693,506204,10,3,3,0,0,0,0,7,0,0,309.991,2.066,6.15062,-0.000,328.323,107.366,330.916,301.351,102.698,301.870,330.916,18.903,311.464,6.15330,18.885,311.463,6.15073,2
8693,506214,10,3,3,0,0,0,0,7,0,0,309.991,2.066,6.15048,-0.000,328.323,107.366,330.916,301.351,102.698,301.870,330.916,18.903,311.464,6.15315,18.885,311.463,6.15062,2
8709,506224,10,3,3,0,0,0,0,7,0,0,309.991,2.066,6.15058,-0.000,328.323,107.366,330.916,301.351,102.698,301.870,330.916,18.903,311.464,6.15326,18.885,311.463,6.15048,2
8724,506234,10,3,3,0,0,0,0,7,0,0,309.991,2.066,6.15063,-0.000,328.323,107.366,330.916,301.351,102.698,301.870,330.916,18.903,311.464,6.15330,18.885,311.463,6.15058,2
8724,506244,10,3,3,0,0,0,0,7,0,0,309.991,2.066,6.15070,-0.000,328.323,107.366,330.916,301.351,102.698,301.870,330.916,18.903,311.464,6.15338,18.885,311.463,6.15063,2
8740,506254,10,3,3,0,0,0,0,7,0,0,309.991,2.066,6.15092,-0.000,328.323,107.366,330.916,301.351,102.698,301.870,330.916,18.903,311.464,6.15360,18.885,311.463,6.15070,2
8756,506264,10,3,3,0,0,0,0,7,0,0,309.991,2.066,6.15090,-0.000,328.323,107.366,330.916,301.351,102.698,301.870,330.916,18.903,311.464,6.15357,18.886,311.463,6.15092,2
8756,506274,10,3,3,0,0,0,0,7,0,0,309.991,2.066,6.15087,-0.000,328.323,107.366,330.916,301.351,102.698,301.870,330.916,18.903,311.464,6.15354,18.885,311.463,6.15090,2
8772,506284,10,3,3,0,0,0,0,7,0,0,309.991,2.066,6.15094,-0.000,328.323,107.366,330.916,301.351,102.698,301.870,330.916,18.903,311.464,6.15362,18.885,311.463,6.15087,2
8772,506294,10,3,3,0,0,0,0,7,0,0,309.991,2.066,6.15082,-0.000,328.323,107.366,330.916,301.351,102.698,301.870,330.916,18.903,311.464,6.15350,18.886,311.463,6.15094,2
8788,506304,10,3,3,0,0,0,0,7,0,0,309.991,2.066,6.15075,-0.000,328.323,107.366,330.916,301.351,102.698,301.870,330.916,18.903,311.464,6.15343,18.885,311.463,6.15082,2
8803,506314,10,3,3,0,0,0,0,7,0,0,309.991,2.066,6.15067,-0.000,328.323,107.366,330.916,301.351,102.698,301.870,330.916,18.903,311.464,6.15335,18.885,311.463,6.15075,2
8803,506324,10,3,3,0,0,0,0,7,0,0,309.991,2.066,6.15067,-0.000,328.323,107.366,330.916,301.351,102.698,301.870,330.916,18.903,311.464,6.15334,18.885,311.463,6.15067,2
8819,506334,10,3,3,0,0,0,0,7,0,0,309.991,2.066,6.15063,-0.000,328.323,107.366,330.916,301.351,102.698,301.870,330.916,18.903,311.464,6.15331,18.885,311.463,6.15066,2
8835,506344,10,3,3,0,0,0,0,7,0,0,309.991,2.066,6.15057,-0.000,328.323,107.366,330.916,301.351,102.698,301.870,330.916,18.903,311.464,6.15325,18.885,311.463,6.15063,2
8835,506354,10,3,3,0,0,0,0,7,0,0,309.991,2.066,6.15064,-0.000,328.323,107.366,330.916,301.351,102.698,301.870,330.916,18.903,311.464,6.15332,18.885,311.463,6.15057,2
8850,506364,10,3,3,0,0,0,0,7,0,0,309.991,2.066,6.15068,-0.000,328.323,107.366,330.916,301.351,102.698,301.870,330.916,18.903,311.464,6.15336,18.885,311.463,6.15064,2
8850,506374,10,3,3,0,0,0,0,7,0,0,309.991,2.066,6.15085,-0.000,328.323,107.366,330.916,301.351,102.698,301.870,330.916,18.903,311.464,6.15352,18.885,311.463,6.15068,2
8866,506384,10,3,3,0,0,0,0,7,0,0,309.991,2.066,6.15097,-0.000,328.323,107.366,330.916,301.351,102.698,301.870,330.916,18.904,311.464,6.15364,18.885,311.463,6.15085,2
8882,506394,10,3,3,0,0,0,0,7,0,0,309.991,2.066,6.15102,-0.000,328.323,107.366,330.916,301.351,102.698,301.870,330.916,18.904,311.464,6.15369,18.886,311.463,6.15097,2
8882,506404,10,3,3,0,0,0,0,7,0,0,309.991,2.066,6.15112,-0.000,328.323,107.366,330.916,301.351,102.698,301.870,330.916,18.904,311.464,6.15379,18.886,311.463,6.15102,2
8897,506414,10,3,3,0,0,0,0,7,0,0,309.991,2.066,6.15095,-0.000,328.323,107.366,330.916,301.351,102.698,301.870,330.916,18.904,311.464,6.15362,18.886,311.463,6.15112,2
8913,506424,10,3,3,0,0,0,0,7,0,0,309.991,2.066,6.15110,-0.000,328.323,107.366,330.916,301.351,102.698,301.870,330.916,18.904,311.464,6.15377,18.886,311.463,6.15095,2
8913,506434,10,3,3,0,0,0,0,7,0,0,309.991,2.066,6.15075,-0.000,328.323,107.366,330.916,301.351,102.698,301.870,330.916,18.903,311.464,6.15342,18.886,311.463,6.15110,2
8928,506444,10,3,3,0,0,0,0,7,0,0,309.991,2.066,6.15072,-0.000,328.323,107.366,330.916,301.351,102.698,301.870,330.916,18.903,311.464,6.15339,18.885,311.463,6.15075,2
8944,506454,10,3,3,0,0,0,0,7,0,0,309.991,2.066,6.15086,-0.000,328.323,107.366,330.916,301.351,102.698,301.870,330.916,18.903,311.464,6.15354,18.885,311.463,6.15072,2
8944,506464,10,3,3,0,0,0,0,7,0,0,309.991,2.066,6.15096,-0.000,328.323,107.366,330.916,301.351,102.698,301.870,330.916,18.904,311.464,6.15363,18.885,311.463,6.15086,2
8959,506474,10,3,3,0,0,0,0,7,0,0,309.991,2.066,6.15118,-0.000,328.323,107.366,330.916,301.351,102.698,301.870,330.916,18.904,311.464,6.15386,18.886,311.463,6.15096,2
8975,506484,10,3,3,0,0,0,0,7,0,0,309.991,2.066,6.15124,-0.000,328.323,107.366,330.916,301.351,102.698,301.870,330.916,18.904,311.464,6.15392,18.886,311.463,6.15118,2
8975,506494,10,3,3,0,0,0,0,7,0,0,309.991,2.066,6.15111,-0.000,328.323,107.366,330.916,301.351,102.698,301.870,330.916,18.904,311.464,6.15378,18.886,311.463,6.15124,2
8990,506504,10,3,3,0,0,0,0,7,0,0,309.991,2.066,6.15106,-0.000,328.323,107.366,330.916,301.351,102.698,301.870,330.916,18.904,311.464,6.15373,18.886,311.463,6.15111,2
8990,506514,10,3,3,0,0,0,0,7,0,0,309.991,2.066,6.15095,-0.000,328.323,107.366,330.916,301.351,102.698,301.870,330.916,18.904,311.464,6.15362,18.886,311.463,6.15106,2
9006,506524,10,3,3,0,0,0,0,7,0,0,309.991,2.066,6.15069,-0.000,328.323,107.366,330.916,301.351,102.698,301.870,330.916,18.903,311.464,6.15336,18.886,311.463,6.15095,2
9022,506534,10,3,3,0,0,0,0,7,0,0,309.991,2.066,6.15058,-0.000,328.323,107.366,330.916,301.351,102.698,301.870,330.916,18.903,311.464,6.15326,18.885,311.463,6.15069,2
9022,506544,10,3,3,0,0,0,0,7,0,0,309.991,2.066,6.15055,-0.000,328.323,107.366,330.916,301.351,102.698,301.870,330.916,18.903,311.464,6.15322,18.885,311.463,6.15058,2
9037,506554,10,3,3,0,0,0,0,7,0,0,309.991,2.066,6.15064,-0.000,328.323,107.366,330.916,301.351,102.698,301.870,330.916,18.903,311.464,6.15332,18.885,311.463,6.15055,2
9052,506564,10,3,3,0,0,0,0,7,0,0,309.991,2.066,6.15072,-0.000,328.323,107.366,330.916,301.351,102.698,301.870,330.916,18.903,311.464,6.15340,18.885,311.463,6.15064,2
9052,506574,10,3,3,0,0,0,0,7,0,0,309.991,2.066,6.15066,-0.000,328.323,107.366,330.916,301.351,102.698,301.870,330.916,18.903,311.464,6.15334,18.885,311.463,6.15072,2
9068,506584,10,3,3,0,0,0,0,7,0,0,309.991,2.066,6.15072,-0.000,328.323,107.366,330.916,301.351,102.698,301.870,330.916,18.903,311.464,6.15340,18.885,311.463,6.15066,2
9083,506594,10,3,3,0,0,0,0,7,0,0,309.991,2.066,6.15067,-0.000,328.323,107.366,330.916,301.351,102.698,301.870,330.916,18.903,311.464,6.15335,18.885,311.463,6.15072,2
9083,506604,10,3,3,0,0,0,0,7,0,0,309.991,2.066,6.15058,-0.000,328.323,107.366,330.916,301.351,102.698,301.870,330.916,18.903,311.464,6.15325,18.885,311.463,6.15067,2
9098,506614,10,3,3,0,0,0,0,7,0,0,309.991,2.066,6.15060,-0.000,328.323,107.366,330.916,301.351,102.698,301.870,330.916,18.903,311.464,6.15327,18.885,311.463,6.15058,2
9113,506624,10,3,3,0,0,0,0,7,0,0,309.991,2.066,6.15063,-0.000,328.323,107.366,330.916,301.351,102.698,301.870,330.916,18.903,311.464,6.15330,18.885,311.463,6.15060,2
9113,506634,10,3,3,0,0,0,0,7,0,0,309.991,2.066,6.15074,-0.000,328.323,107.366,330.916,301.351,102.698,301.870,330.916,18.903,311.464,6.15342,18.885,311.463,6.15063,2
9129,506644,10,3,3,0,0,0,0,7,0,0,309.991,2.066,6.15084,-0.000,328.323,107.366,330.916,301.351,102.698,301.870,330.916,18.903,311.464,6.15352,18.885,311.463,6.15074,2
9145,506654,10,3,3,0,0,0,0,7,0,0,309.991,2.066,6.15085,-0.000,328.323,107.366,330.916,301.351,102.698,301.870,330.916,18.903,311.464,6.15352,18.885,311.463,6.15084,2
9145,506664,10,3,3,0,0,0,0,7,0,0,309.991,2.066,6.15089,-0.000,328.323,107.366,330.916,301.351,102.698,301.870,330.916,18.903,311.464,6.15356,18.885,311.463,6.15085,2
9160,506674,10,3,3,0,0,0,0,7,0,0,309.991,2.066,6.15094,-0.000,328.323,107.366,330.916,301.351,102.698,301.870,330.916,18.903,311.464,6.15362,18.885,311.463,6.15089,2
9176,506684,10,3,3,0,0,0,0,7,0,0,309.991,2.066,6.15106,-0.000,328.323,107.366,330.916,301.351,102.698,301.870,330.916,18.904,311.464,6.15374,18.886,311.463,6.15094,2
9176,506694,10,3,3,0,0,0,0,7,0,0,309.991,2.066,6.15127,-0.000,328.323,107.366,330.916,301.351,102.698,301.870,330.916,18.904,311.464,6.15395,18.886,311.463,6.15106,2
9191,506704,10,3,3,0,0,0,0,7,0,0,309.991,2.066,6.15137,-0.000,328.323,107.366,330.916,301.351,102.698,301.870,330.916,18.904,311.464,6.15405,18.886,311.463,6.15127,2
9191,506714,10,3,3,0,0,0,0,7,0,0,309.991,2.066,6.15162,-0.000,328.323,107.366,330.916,301.351,102.698,301.870,330.916,18.904,311.464,6.15429,18.886,311.463,6.15137,2
9206,506724,10,3,3,0,0,0,0,7,0,0,309.991,2.066,6.15143,-0.000,328.323,107.366,330.916,301.351,102.698,301.870,330.916,18.904,311.464,6.15411,18.886,311.463,6.15162,2
9222,506734,10,3,3,0,0,0,0,7,0,0,309.991,2.066,6.15170,-0.000,328.323,107.366,330.916,301.351,102.698,301.870,330.916,18.904,311.464,6.15437,18.886,311.463,6.15143,2
9222,506744,10,3,3,0,0,0,0,7,0,0,309.991,2.066,6.15158,-0.000,328.323,107.366,330.916,301.351,102.698,301.870,330.916,18.904,311.464,6.15425,18.886,311.463,6.15170,2
9239,506754,10,3,3,0,0,0,0,7,0,0,309.991,2.066,6.15137,-0.000,328.323,107.366,330.916,301.351,102.698,301.870,330.916,18.904,311.464,6.15405,18.886,311.463,6.15158,2
9255,506764,10,3,3,0,0,0,0,7,0,0,309.991,2.066,6.15112,-0.000,328.323,107.366,330.916,301.351,102.698,301.870,330.916,18.904,311.464,6.15380,18.886,311.463,6.15137,2
9255,506774,10,3,3,0,0,0,0,7,0,0,309.991,2.066,6.15103,-0.000,328.323,107.366,330.916,301.351,102.698,301.870,330.916,18.904,311.464,6.15371,18.886,311.463,6.15112,2
9271,506784,10,3,3,0,0,0,0,7,0,0,309.991,2.066,6.15103,-0.000,328.323,107.366,330.916,301.351,102.698,301.870,330.916,18.904,311.464,6.15370,18.886,311.463,6.15103,2
9271,506794,10,3,3,0,0,0,0,7,0,0,309.991,2.066,6.15088,-0.000,328.323,107.366,330.916,301.351,102.698,301.870,330.916,18.903,311.464,6.15356,18.886,311.463,6.15103,2
9287,506804,10,3,3,0,0,0,0,7,0,0,309.991,2.066,6.15083,-0.000,328.323,107.366,330.916,301.351,102.698,301.870,330.916,18.903,311.464,6.15351,18.885,311.463,6.15088,2
9302,506814,10,3,3,0,0,0,0,7,0,0,309.991,2.066,6.15065,-0.000,328.323,107.366,330.916,301.351,102.698,301.870,330.916,18.903,311.464,6.15333,18.885,311.463,6.15083,2
9302,506824,10,3,3,0,0,0,0,7,0,0,309.991,2.066,6.15039,-0.000,328.323,107.366,330.916,301.351,102.698,301.870,330.916,18.903,311.464,6.15307,18.885,311.463,6.15065,2
9319,506834,10,3,3,0,0,0,0,7,0,0,309.991,2.066,6.15049,-0.000,328.323,107.366,330.916,301.351,102.698,301.870,330.916,18.903,311.464,6.15317,18.885,311.463,6.15039,2
9333,506844,10,3,3,0,0,0,0,7,0,0,309.991,2.066,6.15052,-0.000,328.323,107.366,330.916,301.351,102.698,301.870,330.916,18.903,311.464,6.15320,18.885,311.463,6.15049,2
9333,506854,10,3,3,0,0,0,0,7,0,0,309.991,2.066,6.15053,-0.000,328.323,107.366,330.916,301.351,102.698,301.870,330.916,18.903,311.464,6.15321,18.885,311.463,6.15052,2
9349,506864,10,3,3,0,0,0,0,7,0,0,309.991,2.066,6.15088,-0.000,328.323,107.366,330.916,301.351,102.698,301.870,330.916,18.903,311.464,6.15356,18.885,311.463,6.15053,2
9364,506874,10,3,3,0,0,0,0,7,0,0,309.991,2.066,6.15095,-0.000,328.323,107.366,330.916,301.351,102.698,301.870,330.916,18.904,311.464,6.15363,18.885,311.463,6.15088,2
9364,506884,10,3,3,0,0,0,0,7,0,0,309.991,2.066,6.15119,-0.000,328.323,107.366,330.916,301.351,102.698,301.870,330.916,18.904,311.464,6.15386,18.886,311.463,6.15095,2
9379,506894,10,3,3,0,0,0,0,7,0,0,309.991,2.066,6.15130,-0.000,328.323,107.366,330.916,301.351,102.698,301.870,330.916,18.904,311.464,6.15398,18.886,311.463,6.15119,2
9395,506904,10,3,3,0,0,0,0,7,0,0,309.991,2.066,6.15122,-0.000,328.323,107.366,330.916,301.351,102.698,301.870,330.916,18.904,311.464,6.15389,18.886,311.463,6.15130,2
9395,506914,10,3,3,0,0,0,0,7,0,0,309.991,2.066,6.15129,-0.000,328.323,107.366,330.916,301.351,102.698,301.870,330.916,18.904,311.464,6.15397,18.886,311.463,6.15122,2
9410,506924,10,3,3,0,0,0,0,7,0,0,309.991,2.066,6.15145,-0.000,328.323,107.366,330.916,301.351,102.698,301.870,330.916,18.904,311.464,6.15413,18.886,311.463,6.15129,2
9410,506934,10,3,3,0,0,0,0,7,0,0,309.991,2.066,6.15139,-0.000,328.323,107.366,330.916,301.351,102.698,301.870,330.916,18.904,311.464,6.15407,18.886,311.463,6.15145,2
9425,506944,10,3,3,0,0,0,0,7,0,0,309.991,2.066,6.15145,-0.000,328.323,107.366,330.916,301.351,102.698,301.870,330.916,18.904,311.464,6.15413,18.886,311.463,6.15139,2
9441,506954,10,3,3,0,0,0,0,7,0,0,309.991,2.066,6.15117,-0.000,328.323,107.366,330.916,301.351,102.698,301.870,330.916,18.904,311.464,6.15384,18.886,311.463,6.15145,2
9441,506964,10,3,3,0,0,0,0,7,0,0,309.991,2.066,6.15115,-0.000,328.323,107.366,330.916,301.351,102.698,301.870,330.916,18.904,311.464,6.15383,18.886,311.463,6.15117,2
9456,506974,10,3,3,0,0,0,0,7,0,0,309.991,2.066,6.15112,-0.000,328.323,107.366,330.916,301.351,102.698,301.870,330.916,18.904,311.464,6.15380,18.886,311.463,6.15115,2
9472,506984,10,3,3,0,0,0,0,7,0,0,309.991,2.066,6.15108,-0.000,328.323,107.366,330.916,301.351,102.698,301.870,330.916,18.904,311.464,6.15375,18.886,311.463,6.15112,2
9472,506994,10,3,3,0,0,0,0,7,0,0,309.991,2.066,6.15113,-0.000,328.323,107.366,330.916,301.351,102.698,301.870,330.916,18.904,311.464,6.15380,18.886,311.463,6.15108,2
9488,507004,10,3,3,0,0,0,0,7,0,0,309.991,2.066,6.15106,-0.000,328.323,107.366,330.916,301.351,102.698,301.870,330.916,18.904,311.464,6.15374,18.886,311.463,6.15113,2
9503,507014,10,3,3,0,0,0,0,7,0,0,309.991,2.066,6.15092,-0.000,328.323,107.366,330.916,301.351,102.698,301.870,330.916,18.903,311.464,6.15360,18.886,311.463,6.15106,2
9503,507024,10,3,3,0,0,0,0,7,0,0,309.991,2.066,6.15095,-0.000,328.323,107.366,330.916,301.351,102.698,301.870,330.916,18.904,311.464,6.15362,18.886,311.463,6.15092,2
9519,507034,10,3,3,0,0,0,0,7,0,0,309.991,2.066,6.15089,-0.000,328.323,107.366,330.916,301.351,102.698,301.870,330.916,18.903,311.464,6.15356,18.886,311.463,6.15095,2
9535,507044,10,3,3,0,0,0,0,7,0,0,309.991,2.066,6.15103,-0.000,328.323,107.366,330.916,301.351,102.698,301.870,330.916,18.904,311.464,6.15370,18.885,311.463,6.15089,2
9535,507054,10,3,3,0,0,0,0,7,0,0,309.991,2.066,6.15110,-0.000,328.323,107.366,330.916,301.351,102.698,301.870,330.916,18.904,311.464,6.15377,18.886,311.463,6.15103,2
9551,507064,10,3,3,0,0,0,0,7,0,0,309.991,2.066,6.15108,-0.000,328.323,107.366,330.916,301.351,102.698,301.870,330.916,18.904,311.464,6.15375,18.886,311.463,6.15110,2
9551,507074,10,3,3,0,0,0,0,7,0,0,309.991,2.066,6.15113,-0.000,328.323,107.366,330.916,301.351,102.698,301.870,330.916,18.904,311.464,6.15380,18.886,311.463,6.15108,2
9567,507084,10,3,3,0,0,0,0,7,0,0,309.991,2.066,6.15122,-0.000,328.323,107.366,330.916,301.351,102.698,301.870,330.916,18.904,311.464,6.15390,18.886,311.463,6.15113,2
9583,507094,10,3,3,0,0,0,0,7,0,0,309.991,2.066,6.15128,-0.000,328.323,107.366,330.916,301.351,102.698,301.870,330.916,18.904,311.464,6.15396,18.886,311.463,6.15122,2
9583,507104,10,3,3,0,0,0,0,7,0,0,309.991,2.066,6.15117,-0.000,328.323,107.366,330.916,301.351,102.698,301.870,330.916,18.904,311.464,6.15385,18.886,311.463,6.15128,2
9598,507114,10,3,3,0,0,0,0,7,0,0,309.991,2.066,6.15106,-0.000,328.323,107.366,330.916,301.351,102.698,301.870,330.916,18.904,311.464,6.15374,18.886,311.463,6.15117,2
9614,507124,10,3,3,0,0,0,0,7,0,0,309.991,2.066,6.15104,-0.000,328.323,107.366,330.916,301.351,102.698,301.870,330.916,18.904,311.464,6.15371,18.886,311.463,6.15106,2
9614,507134,10,3,3,0,0,0,0,7,0,0,309.991,2.066,6.15109,-0.000,328.323,107.366,330.916,301.351,102.698,301.870,330.916,18.904,311.464,6.15377,18.886,311.463,6.15104,2
9628,507144,10,3,3,0,0,0,0,7,0,0,309.991,2.066,6.15092,-0.000,328.323,107.366,330.916,301.351,102.698,301.870,330.916,18.903,311.464,6.15359,18.886,311.463,6.15109,2
9644,507154,10,3,3,0,0,0,0,7,0,0,309.991,2.066,6.15066,-0.000,328.323,107.366,330.916,301.351,102.698,301.870,330.916,18.903,311.464,6.15333,18.886,311.463,6.15092,2
9644,507164,10,3,3,0,0,0,0,7,0,0,309.991,2.066,6.15064,-0.000,328.323,107.366,330.916,301.351,102.698,301.870,330.916,18.903,311.464,6.15332,18.885,311.463,6.15066,2
9659,507174,10,3,3,0,0,0,0,7,0,0,309.991,2.066,6.15091,-0.000,328.323,107.366,330.916,301.351,102.698,301.870,330.916,18.903,311.464,6.15359,18.885,311.463,6.15064,2
9675,507184,10,3,3,0,0,0,0,7,0,0,309.991,2.066,6.15075,-0.000,328.323,107.366,330.916,301.351,102.698,301.870,330.916,18.903,311.464,6.15342,18.886,311.463,6.15091,2
9675,507194,10,3,3,0,0,0,0,7,0,0,309.991,2.066,6.15087,-0.000,328.323,107.366,330.916,301.351,102.698,301.870,330.916,18.903,311.464,6.15355,18.885,311.463,6.15075,2
9691,507204,10,3,3,0,0,0,0,7,0,0,309.991,2.066,6.15098,-0.000,328.323,107.366,330.916,301.351,102.698,301.870,330.916,18.904,311.464,6.15366,18.885,311.463,6.15087,2
9691,507214,10,3,3,0,0,0,0,7,0,0,309.991,2.066,6.15067,-0.000,328.323,107.366,330.916,301.351,102.698,301.870,330.916,18.903,311.464,6.15335,18.886,311.463,6.15098,2
9706,507224,10,3,3,0,0,0,0,7,0,0,309.991,2.066,6.15088,-0.000,328.323,107.366,330.916,301.351,102.698,301.870,330.916,18.903,311.464,6.15355,18.885,311.463,6.15067,2
9720,507234,10,3,3,0,0,0,0,7,0,0,309.991,2.066,6.15069,-0.000,328.323,107.366,330.916,301.351,102.698,301.870,330.916,18.903,311.464,6.15336,18.885,311.463,6.15088,2
9720,507244,10,3,3,0,0,0,0,7,0,0,309.991,2.066,6.15051,-0.000,328.323,107.366,330.916,301.351,102.698,301.870,330.916,18.903,311.464,6.15318,18.885,311.463,6.15069,2
9737,507254,10,3,3,0,0,0,0,7,0,0,309.991,2.066,6.15073,-0.000,328.323,107.366,330.916,301.351,102.698,301.870,330.916,18.903,311.464,6.15341,18.885,311.463,6.15051,2
9752,507264,10,3,3,0,0,0,0,7,0,0,309.991,2.066,6.15083,-0.000,328.323,107.366,330.916,301.351,102.698,301.870,330.916,18.903,311.464,6.15351,18.885,311.463,6.15073,2
9752,507274,10,3,3,0,0,0,0,7,0,0,309.991,2.066,6.15075,-0.000,328.323,107.366,330.916,301.351,102.698,301.870,330.916,18.903,311.464,6.15343,18.885,311.463,6.15083,2
9768,507284,10,3,3,0,0,0,0,7,0,0,309.991,2.066,6.15119,-0.000,328.323,107.366,330.916,301.351,102.698,301.870,330.916,18.904,311.464,6.15386,18.885,311.463,6.15075,2
9784,507294,10,3,3,0,0,0,0,7,0,0,309.991,2.066,6.15122,-0.000,328.323,107.366,330.916,301.351,102.698,301.870,330.916,18.904,311.464,6.15390,18.886,311.463,6.15119,2
9784,507304,10,3,3,0,0,0,0,7,0,0,309.991,2.066,6.15128,-0.000,328.323,107.366,330.916,301.351,102.698,301.870,330.916,18.904,311.464,6.15396,18.886,311.463,6.15122,2
9800,507314,10,3,3,0,0,0,0,7,0,0,309.991,2.066,6.15138,-0.000,328.323,107.366,330.916,301.351,102.698,301.870,330.916,18.904,311.464,6.15406,18.886,311.463,6.15128,2
9816,507324,10,3,3,0,0,0,0,7,0,0,309.991,2.066,6.15152,-0.000,328.323,107.366,330.916,301.351,102.698,301.870,330.916,18.904,311.464,6.15420,18.886,311.463,6.15138,2
9816,507334,10,3,3,0,0,0,0,7,0,0,309.991,2.066,6.15162,-0.000,328.323,107.366,330.916,301.351,102.698,301.870,330.916,18.904,311.464,6.15430,18.886,311.463,6.15152,2
9832,507344,10,3,3,0,0,0,0,7,0,0,309.991,2.066,6.15171,-0.000,328.323,107.366,330.916,301.351,102.698,301.870,330.916,18.904,311.464,6.15439,18.886,311.463,6.15162,2
9832,507354,10,3,3,0,0,0,0,7,0,0,309.991,2.066,6.15182,-0.000,328.323,107.366,330.916,301.351,102.698,301.870,330.916,18.905,311.464,6.15450,18.887,311.463,6.15171,2
9847,507364,10,3,3,0,0,0,0,7,0,0,309.991,2.066,6.15156,-0.000,328.323,107.366,330.916,301.351,102.698,301.870,330.916,18.904,311.464,6.15424,18.887,311.463,6.15182,2
9863,507374,10,3,3,0,0,0,0,7,0,0,309.991,2.066,6.15140,-0.000,328.323,107.366,330.916,301.351,102.698,301.870,330.916,18.904,311.464,6.15407,18.886,311.463,6.15156,2
9863,507384,10,3,3,0,0,0,0,7,0,0,309.991,2.066,6.15132,-0.000,328.323,107.366,330.916,301.351,102.698,301.870,330.916,18.904,311.464,6.15399,18.886,311.463,6.15140,2
9879,507394,10,3,3,0,0,0,0,7,0,0,309.991,2.066,6.15118,-0.000,328.323,107.366,330.916,301.351,102.698,301.870,330.916,18.904,311.464,6.15386,18.886,311.463,6.15132,2
9895,507404,10,3,3,0,0,0,0,7,0,0,309.991,2.066,6.15117,-0.000,328.323,107.366,330.916,301.351,102.698,301.870,330.916,18.904,311.464,6.15385,18.886,311.463,6.15118,2
9895,507414,10,3,3,0,0,0,0,7,0,0,309.991,2.066,6.15114,-0.000,328.323,107.366,330.916,301.351,102.698,301.870,330.916,18.904,311.464,6.15382,18.886,311.463,6.15117,2
9910,507424,10,3,3,0,0,0,0,7,0,0,309.991,2.066,6.15117,-0.000,328.323,107.366,330.916,301.351,102.698,301.870,330.916,18.904,311.464,6.15384,18.886,311.463,6.15114,2
9926,507434,10,3,3,0,0,0,0,7,0,0,309.991,2.066,6.15111,-0.000,328.323,107.366,330.916,301.351,102.698,301.870,330.916,18.904,311.464,6.15379,18.886,311.463,6.15117,2
9926,507444,10,3,3,0,0,0,0,7,0,0,309.991,2.066,6.15100,-0.000,328.323,107.366,330.916,301.351,102.698,301.870,330.916,18.904,311.464,6.15368,18.886,311.463,6.15112,2
9941,507454,10,3,3,0,0,0,0,7,0,0,309.991,2.066,6.15097,-0.000,328.323,107.366,330.916,301.351,102.698,301.870,330.916,18.904,311.464,6.15364,18.886,311.463,6.15100,2
9941,507464,10,3,3,0,0,0,0,7,0,0,309.991,2.066,6.15059,-0.000,328.323,107.366,330.916,301.351,102.698,301.870,330.916,18.903,311.464,6.15327,18.886,311.463,6.15097,2
9956,507474,10,3,3,0,0,0,0,7,0,0,309.991,2.066,6.15064,-0.000,328.323,107.366,330.916,301.351,102.698,301.870,330.916,18.903,311.464,6.15331,18.885,311.463,6.15059,2
9972,507484,10,3,3,0,0,0,0,7,0,0,309.991,2.066,6.15075,-0.000,328.323,107.366,330.916,301.351,102.698,301.870,330.916,18.903,311.464,6.15342,18.885,311.463,6.15064,2
9972,507494,10,3,3,0,0,0,0,7,0,0,309.991,2.066,6.15074,-0.000,328.323,107.366,330.916,301.351,102.698,301.870,330.916,18.903,311.464,6.15342,18.885,311.463,6.15075,2
9988,507504,10,3,3,0,0,0,0,7,0,0,309.991,2.066,6.15088,-0.000,328.323,107.366,330.916,301.351,102.698,301.870,330.916,18.903,311.464,6.15356,18.885,311.463,6.15074,2
10003,507514,10,3,3,0,0,0,0,7,0,0,309.991,2.066,6.15089,-0.000,328.323,107.366,330.916,301.351,102.698,301.870,330.916,18.903,311.464,6.15356,18.885,311.463,6.15089,2
10003,507524,10,3,3,0,0,0,0,7,0,0,309.991,2.066,6.15104,-0.000,328.323,107.366,330.916,301.351,102.698,301.870,330.916,18.904,311.464,6.15372,18.885,311.463,6.15089,2
10019,507534,10,3,3,0,0,0,0,7,0,0,309.991,2.066,6.15095,-0.000,328.323,107.366,330.916,301.351,102.698,301.870,330.916,18.904,311.464,6.15363,18.886,311.463,6.15104,2
10035,507544,10,3,3,0,0,0,0,7,0,0,309.991,2.066,6.15073,-0.000,328.323,107.366,330.916,301.351,102.698,301.870,330.916,18.903,311.464,6.15341,18.886,311.463,6.15095,2
10035,507554,10,3,3,0,0,0,0,7,0,0,309.991,2.066,6.15088,-0.000,328.323,107.366,330.916,301.351,102.698,301.870,330.916,18.903,311.464,6.15356,18.885,311.463,6.15073,2
10050,507564,10,3,3,0,0,0,0,7,0,0,309.991,2.066,6.15091,-0.000,328.323,107.366,330.916,301.351,102.698,301.870,330.916,18.903,311.464,6.15358,18.885,311.463,6.15088,2
10050,507574,10,3,3,0,0,0,0,7,0,0,309.991,2.066,6.15075,-0.000,328.323,107.366,330.916,301.351,102.698,301.870,330.916,18.903,311.464,6.15342,18.886,311.463,6.15091,2
10065,507584,10,3,3,0,0,0,0,7,0,0,309.991,2.066,6.15090,-0.000,328.323,107.366,330.916,301.351,102.698,301.870,330.916,18.903,311.464,6.15358,18.885,311.463,6.15075,2
10081,507594,10,3,3,0,0,0,0,7,0,0,309.991,2.066,6.15093,-0.000,328.323,107.366,330.916,301.351,102.698,301.870,330.916,18.903,311.464,6.15360,18.885,311.463,6.15090,2
10081,507604,10,3,3,0,0,0,0,7,0,0,309.991,2.066,6.15124,-0.000,328.323,107.366,330.916,301.351,102.698,301.870,330.916,18.904,311.464,6.15392,18.886,311.463,6.15093,2
10096,507614,10,3,3,0,0,0,0,7,0,0,309.991,2.066,6.15129,-0.000,328.323,107.366,330.916,301.351,102.698,301.870,330.916,18.904,311.464,6.15397,18.886,311.463,6.15124,2
10113,507624,10,3,3,0,0,0,0,7,0,0,309.991,2.066,6.15124,-0.000,328.323,107.366,330.916,301.351,102.698,301.870,330.916,18.904,311.464,6.15392,18.886,311.463,6.15130,2
10113,507634,10,3,3,0,0,0,0,7,0,0,309.991,2.066,6.15130,-0.000,328.323,107.366,330.916,301.351,102.698,301.870,330.916,18.904,311.464,6.15398,18.886,311.463,6.15124,2
10127,507644,10,3,3,0,0,0,0,7,0,0,309.991,2.066,6.15107,-0.000,328.323,107.366,330.916,301.351,102.698,301.870,330.916,18.904,311.464,6.15375,18.886,311.463,6.15130,2
10142,507654,10,3,3,0,0,0,0,7,0,0,309.991,2.066,6.15105,-0.000,328.323,107.366,330.916,301.351,102.698,301.870,330.916,18.904,311.464,6.15373,18.886,311.463,6.15107,2
10142,507664,10,3,3,0,0,0,0,7,0,0,309.991,2.066,6.15092,-0.000,328.323,107.366,330.916,301.351,102.698,301.870,330.916,18.903,311.464,6.15360,18.886,311.463,6.15105,2
10157,507674,10,3,3,0,0,0,0,7,0,0,309.991,2.066,6.15048,-0.000,328.323,107.366,330.916,301.351,102.698,301.870,330.916,18.903,311.464,6.15316,18.886,311.463,6.15092,2
10173,507684,10,3,3,0,0,0,0,7,0,0,309.991,2.066,6.15026,-0.000,328.323,107.366,330.916,301.351,102.698,301.870,330.916,18.903,311.464,6.15294,18.885,311.463,6.15048,2
10173,507694,10,3,3,0,0,0,0,7,0,0,309.991,2.066,6.15068,-0.000,328.323,107.366,330.916,301.351,102.698,301.870,330.916,18.903,311.464,6.15335,18.885,311.463,6.15026,2
10189,507704,10,3,3,0,0,0,0,7,0,0,309.991,2.066,6.15075,-0.000,328.323,107.366,330.916,301.351,102.698,301.870,330.916,18.903,311.464,6.15342,18.885,311.463,6.15068,2
10205,507714,10,3,3,0,0,0,0,7,0,0,309.991,2.066,6.15074,-0.000,328.323,107.366,330.916,301.351,102.698,301.870,330.916,18.903,311.464,6.15341,18.885,311.463,6.15075,2
10205,507724,10,3,3,0,0,0,0,7,0,0,309.991,2.066,6.15085,-0.000,328.323,107.366,330.916,301.351,102.698,301.870,330.916,18.903,311.464,6.15352,18.885,311.463,6.15074,2
10221,507734,10,3,3,0,0,0,0,7,0,0,309.991,2.066,6.15076,-0.000,328.323,107.366,330.916,301.351,102.698,301.870,330.916,18.903,311.464,6.15343,18.885,311.463,6.15085,2
10221,507744,10,3,3,0,0,0,0,7,0,0,309.991,2.066,6.15055,-0.000,328.323,107.366,330.916,301.351,102.698,301.870,330.916,18.903,311.464,6.15322,18.885,311.463,6.15076,2
10236,507754,10,3,3,0,0,0,0,7,0,0,309.991,2.066,6.15056,-0.000,328.323,107.366,330.916,301.351,102.698,301.870,330.916,18.903,311.464,6.15323,18.885,311.463,6.15055,2
10252,507764,10,3,3,0,0,0,0,7,0,0,309.991,2.066,6.15057,-0.000,328.323,107.366,330.916,301.351,102.698,301.870,330.916,18.903,311.464,6.15324,18.885,311.463,6.15056,2
10252,507774,10,3,3,0,0,0,0,7,0,0,309.991,2.066,6.15055,-0.000,328.323,107.366,330.916,301.351,102.698,301.870,330.916,18.903,311.464,6.15323,18.885,311.463,6.15057,2
10267,507784,10,3,3,0,0,0,0,7,0,0,309.991,2.066,6.15046,-0.000,328.323,107.366,330.916,301.351,102.698,301.870,330.916,18.903,311.464,6.15314,18.885,311.463,6.15055,2
10282,507794,10,3,3,0,0,0,0,7,0,0,309.991,2.066,6.15059,-0.000,328.323,107.366,330.916,301.351,102.698,301.870,330.916,18.903,311.464,6.15327,18.885,311.463,6.15046,2
10282,507804,10,3,3,0,0,0,0,7,0,0,309.991,2.066,6.15093,-0.000,328.323,107.366,330.916,301.351,102.698,301.870,330.916,18.903,311.464,6.15361,18.885,311.463,6.15059,2
10299,507814,10,3,3,0,0,0,0,7,0,0,309.991,2.066,6.15106,-0.000,328.323,107.366,330.916,301.351,102.698,301.870,330.916,18.904,311.464,6.15374,18.886,311.463,6.15093,2
10315,507824,10,3,3,0,0,0,0,7,0,0,309.991,2.066,6.15113,-0.000,328.323,107.366,330.916,301.351,102.698,301.870,330.916,18.904,311.464,6.15381,18.886,311.463,6.15106,2
10315,507834,10,3,3,0,0,0,0,7,0,0,309.991,2.066,6.15114,-0.000,328.323,107.366,330.916,301.351,102.698,301.870,330.916,18.904,311.464,6.15382,18.886,311.463,6.15114,2
10330,507844,10,3,3,0,0,0,0,7,0,0,309.991,2.066,6.15105,-0.000,328.323,107.366,330.916,301.351,102.698,301.870,330.916,18.904,311.464,6.15372,18.886,311.463,6.15114,2
10346,507854,10,3,3,0,0,0,0,7,0,0,309.991,2.066,6.15115,-0.000,328.323,107.366,330.916,301.351,102.698,301.870,330.916,18.904,311.464,6.15382,18.886,311.463,6.15105,2
10346,507864,10,3,3,0,0,0,0,7,0,0,309.991,2.066,6.15105,-0.000,328.323,107.366,330.916,301.351,102.698,301.870,330.916,18.904,311.464,6.15372,18.886,311.463,6.15114,2
10361,507874,10,3,3,0,0,0,0,7,0,0,309.991,2.066,6.15099,-0.000,328.323,107.366,330.916,301.351,102.698,301.870,330.916,18.904,311.464,6.15367,18.886,311.463,6.15105,2
10361,507884,10,3,3,0,0,0,0,7,0,0,309.991,2.066,6.15096,-0.000,328.323,107.366,330.916,301.351,102.698,301.870,330.916,18.904,311.464,6.15364,18.886,311.463,6.15099,2
10376,507894,10,3,3,0,0,0,0,7,0,0,309.991,2.066,6.15100,-0.000,328.323,107.366,330.916,301.351,102.698,301.870,330.916,18.904,311.464,6.15367,18.886,311.463,6.15096,2
10392,507904,10,3,3,0,0,0,0,7,0,0,309.991,2.066,6.15100,-0.000,328.323,107.366,330.916,301.351,102.698,301.870,330.916,18.904,311.464,6.15368,18.886,311.463,6.15100,2
10392,507914,10,3,3,0,0,0,0,7,0,0,309.991,2.066,6.15102,-0.000,328.323,107.366,330.916,301.351,102.698,301.870,330.916,18.904,311.464,6.15369,18.886,311.463,6.15100,2
10408,507924,10,3,3,0,0,0,0,7,0,0,309.991,2.066,6.15090,-0.000,328.323,107.366,330.916,301.351,102.698,301.870,330.916,18.903,311.464,6.15357,18.886,311.463,6.15102,2
10423,507934,10,3,3,0,0,0,0,7,0,0,309.991,2.066,6.15102,-0.000,328.323,107.366,330.916,301.351,102.698,301.870,330.916,18.904,311.464,6.15369,18.885,311.463,6.15090,2
10423,507944,10,3,3,0,0,0,0,7,0,0,309.991,2.066,6.15107,-0.000,328.323,107.366,330.916,301.351,102.698,301.870,330.916,18.904,311.464,6.15375,18.886,311.463,6.15102,2
10438,507954,10,3,3,0,0,0,0,7,0,0,309.991,2.066,6.15090,-0.000,328.323,107.366,330.916,301.351,102.698,301.870,330.916,18.903,311.464,6.15358,18.886,311.463,6.15107,2
10454,507964,10,3,3,0,0,0,0,7,0,0,309.991,2.066,6.15081,-0.000,328.323,107.366,330.916,301.351,102.698,301.870,330.916,18.903,311.464,6.15349,18.885,311.463,6.15090,2
10454,507974,10,3,3,0,0,0,0,7,0,0,309.991,2.066,6.15091,-0.000,328.323,107.366,330.916,301.351,102.698,301.870,330.916,18.903,311.464,6.15358,18.885,311.463,6.15081,2
10469,507984,10,3,3,0,0,0,0,7,0,0,309.991,2.066,6.15121,-0.000,328.323,107.366,330.916,301.351,102.698,301.870,330.916,18.904,311.464,6.15388,18.886,311.463,6.15091,2
10485,507994,10,3,3,0,0,0,0,7,0,0,309.991,2.066,6.15101,-0.000,328.323,107.366,330.916,301.351,102.698,301.870,330.916,18.904,311.464,6.15368,18.886,311.463,6.15121,2
10485,508004,10,3,3,0,0,0,0,7,0,0,309.991,2.066,6.15114,-0.000,328.323,107.366,330.916,301.351,102.698,301.870,330.916,18.904,311.464,6.15381,18.886,311.463,6.15101,2
10501,508014,10,3,3,0,0,0,0,7,0,0,309.991,2.066,6.15129,-0.000,328.323,107.366,330.916,301.351,102.698,301.870,330.916,18.904,311.464,6.15396,18.886,311.463,6.15114,2
10501,508024,10,3,3,0,0,0,0,7,0,0,309.991,2.066,6.15119,-0.000,328.323,107.366,330.916,301.351,102.698,301.870,330.916,18.904,311.464,6.15387,18.886,311.463,6.15129,2
10516,508034,10,3,3,0,0,0,0,7,0,0,309.991,2.066,6.15132,-0.000,328.323,107.366,330.916,301.351,102.698,301.870,330.916,18.904,311.464,6.15399,18.886,311.463,6.15119,2
10532,508044,10,3,3,0,0,0,0,7,0,0,309.991,2.066,6.15119,-0.000,328.323,107.366,330.916,301.351,102.698,301.870,330.916,18.904,311.464,6.15386,18.886,311.463,6.15132,2
10532,508054,10,3,3,0,0,0,0,7,0,0,309.991,2.066,6.15099,-0.000,328.323,107.366,330.916,301.351,102.698,301.870,330.916,18.904,311.464,6.15367,18.886,311.463,6.15119,2
10547,508064,10,3,3,0,0,0,0,7,0,0,309.991,2.066,6.15092,-0.000,328.323,107.366,330.916,301.351,102.698,301.870,330.916,18.903,311.464,6.15359,18.886,311.463,6.15099,2
10563,508074,10,3,3,0,0,0,0,7,0,0,309.991,2.066,6.15086,-0.000,328.323,107.366,330.916,301.351,102.698,301.870,330.916,18.903,311.464,6.15354,18.886,311.463,6.15092,2
10563,508084,10,3,3,0,0,0,0,7,0,0,309.991,2.066,6.15060,-0.000,328.323,107.366,330.916,301.351,102.698,301.870,330.916,18.903,311.464,6.15327,18.885,311.463,6.15086,2
10579,508094,10,3,3,0,0,0,0,7,0,0,309.991,2.066,6.15057,-0.000,328.323,107.366,330.916,301.351,102.698,301.870,330.916,18.903,311.464,6.15325,18.885,311.463,6.15060,2
10595,508104,10,3,3,0,0,0,0,7,0,0,309.991,2.066,6.15076,-0.000,328.323,107.366,330.916,301.351,102.698,301.870,330.916,18.903,311.464,6.15344,18.885,311.463,6.15057,2
10595,508114,10,3,3,0,0,0,0,7,0,0,309.991,2.066,6.15070,-0.000,328.323,107.366,330.916,301.351,102.698,301.870,330.916,18.903,311.464,6.15337,18.885,311.463,6.15076,2
10610,508124,10,3,3,0,0,0,0,7,0,0,309.991,2.066,6.15067,-0.000,328.323,107.366,330.916,301.351,102.698,301.870,330.916,18.903,311.464,6.15335,18.885,311.463,6.15070,2
10610,508134,10,3,3,0,0,0,0,7,0,0,309.991,2.066,6.15085,-0.000,328.323,107.366,330.916,301.351,102.698,301.870,330.916,18.903,311.464,6.15352,18.885,311.463,6.15067,2
10626,508144,10,3,3,0,0,0,0,7,0,0,309.991,2.066,6.15113,-0.000,328.323,107.366,330.916,301.351,102.698,301.870,330.916,18.904,311.464,6.15380,18.885,311.463,6.15085,2
10642,508154,10,3,3,0,0,0,0,7,0,0,309.991,2.066,6.15113,-0.000,328.323,107.366,330.916,301.351,102.698,301.870,330.916,18.904,311.464,6.15380,18.886,311.463,6.15113,2
10642,508164,10,3,3,0,0,0,0,7,0,0,309.991,2.066,6.15106,-0.000,328.323,107.366,330.916,301.351,102.698,301.870,330.916,18.904,311.464,6.15374,18.886,311.463,6.15113,2
10657,508174,10,3,3,0,0,0,0,7,0,0,309.991,2.066,6.15122,-0.000,328.323,107.366,330.916,301.351,102.698,301.870,330.916,18.904,311.464,6.15389,18.886,311.463,6.15106,2
10673,508184,10,3,3,0,0,0,0,7,0,0,309.991,2.066,6.15129,-0.000,328.323,107.366,330.916,301.351,102.698,301.870,330.916,18.904,311.464,6.15397,18.886,311.463,6.15122,2
10673,508194,10,3,3,0,0,0,0,7,0,0,309.991,2.066,6.15122,-0.000,328.323,107.366,330.916,301.351,102.698,301.870,330.916,18.904,311.464,6.15389,18.886,311.463,6.15129,2
10688,508204,10,3,3,0,0,0,0,7,0,0,309.991,2.066,6.15123,-0.000,328.323,107.366,330.916,301.351,102.698,301.870,330.916,18.904,311.464,6.15390,18.886,311.463,6.15122,2
10703,508214,10,3,3,0,0,0,0,7,0,0,309.991,2.066,6.15100,-0.000,328.323,107.366,330.916,301.351,102.698,301.870,330.916,18.904,311.464,6.15367,18.886,311.463,6.15123,2
10703,508224,10,3,3,0,0,0,0,7,0,0,309.991,2.066,6.15108,-0.000,328.323,107.366,330.916,301.351,102.698,301.870,330.916,18.904,311.464,6.15375,18.886,311.463,6.15100,2
10719,508234,10,3,3,0,0,0,0,7,0,0,309.991,2.066,6.15109,-0.000,328.323,107.366,330.916,301.351,102.698,301.870,330.916,18.904,311.464,6.15377,18.886,311.463,6.15108,2
10735,508244,10,3,3,0,0,0,0,7,0,0,309.991,2.066,6.15114,-0.000,328.323,107.366,330.916,301.351,102.698,301.870,330.916,18.904,311.464,6.15382,18.886,311.463,6.15109,2
10735,508254,10,3,3,0,0,0,0,7,0,0,309.991,2.066,6.15125,-0.000,328.323,107.366,330.916,301.351,102.698,301.870,330.916,18.904,311.464,6.15392,18.886,311.463,6.15114,2
10751,508264,10,3,3,0,0,0,0,7,0,0,309.991,2.066,6.15110,-0.000,328.323,107.366,330.916,301.351,102.698,301.870,330.916,18.904,311.464,6.15377,18.886,311.463,6.15125,2
10751,508274,10,3,3,0,0,0,0,7,0,0,309.991,2.066,6.15113,-0.000,328.323,107.366,330.916,301.351,102.698,301.870,330.916,18.904,311.464,6.15380,18.886,311.463,6.15110,2
10767,508284,10,3,3,0,0,0,0,7,0,0,309.991,2.066,6.15130,-0.000,328.323,107.366,330.916,301.351,102.698,301.870,330.916,18.904,311.464,6.15397,18.886,311.463,6.15113,2
10783,508294,10,3,3,0,0,0,0,7,0,0,309.991,2.066,6.15129,-0.000,328.323,107.366,330.916,301.351,102.698,301.870,330.916,18.904,311.464,6.15396,18.886,311.463,6.15130,2
10783,508304,10,3,3,0,0,0,0,7,0,0,309.991,2.066,6.15115,-0.000,328.323,107.366,330.916,301.351,102.698,301.870,330.916,18.904,311.464,6.15383,18.886,311.463,6.15129,2
10799,508314,10,3,3,0,0,0,0,7,0,0,309.991,2.066,6.15111,-0.000,328.323,107.366,330.916,301.351,102.698,301.870,330.916,18.904,311.464,6.15378,18.886,311.463,6.15115,2
10814,508324,10,3,3,0,0,0,0,7,0,0,309.991,2.066,6.15117,-0.000,328.323,107.366,330.916,301.351,102.698,301.870,330.916,18.904,311.464,6.15384,18.886,311.463,6.15111,2
10814,508334,10,3,3,0,0,0,0,7,0,0,309.991,2.066,6.15097,-0.000,328.323,107.366,330.916,301.351,102.698,301.870,330.916,18.904,311.464,6.15364,18.886,311.463,6.15117,2
10830,508344,10,3,3,0,0,0,0,7,0,0,309.991,2.066,6.15074,-0.000,328.323,107.366,330.916,301.351,102.698,301.870,330.916,18.903,311.464,6.15342,18.886,311.463,6.15097,2
10845,508354,10,3,3,0,0,0,0,7,0,0,309.991,2.066,6.15075,-0.000,328.323,107.366,330.916,301.351,102.698,301.870,330.916,18.903,311.464,6.15343,18.885,311.463,6.15074,2
10845,508364,10,3,3,0,0,0,0,7,0,0,309.991,2.066,6.15078,-0.000,328.323,107.366,330.916,301.351,102.698,301.870,330.916,18.903,311.464,6.15345,18.885,311.463,6.15075,2
10861,508374,10,3,3,0,0,0,0,7,0,0,309.991,2.066,6.15084,-0.000,328.323,107.366,330.916,301.351,102.698,301.870,330.916,18.903,311.464,6.15351,18.885,311.463,6.15077,2
10861,508384,10,3,3,0,0,0,0,7,0,0,309.991,2.066,6.15064,-0.000,328.323,107.366,330.916,301.351,102.698,301.870,330.916,18.903,311.464,6.15331,18.885,311.463,6.15084,2
10876,508394,10,3,3,0,0,0,0,7,0,0,309.991,2.066,6.15068,-0.000,328.323,107.366,330.916,301.351,102.698,301.870,330.916,18.903,311.464,6.15335,18.885,311.463,6.15064,2
10892,508404,10,3,3,0,0,0,0,7,0,0,309.991,2.066,6.15082,-0.000,328.323,107.366,330.916,301.351,102.698,301.870,330.916,18.903,311.464,6.15350,18.885,311.463,6.15068,2
10892,508414,10,3,3,0,0,0,0,7,0,0,309.991,2.066,6.15079,-0.000,328.323,107.366,330.916,301.351,102.698,301.870,330.916,18.903,311.464,6.15346,18.885,311.463,6.15082,2
10908,508424,10,3,3,0,0,0,0,7,0,0,309.991,2.066,6.15077,-0.000,328.323,107.366,330.916,301.351,102.698,301.870,330.916,18.903,311.464,6.15344,18.885,311.463,6.15079,2
10924,508434,10,3,3,0,0,0,0,7,0,0,309.991,2.066,6.15068,-0.000,328.323,107.366,330.916,301.351,102.698,301.870,330.916,18.903,311.464,6.15336,18.885,311.463,6.15077,2
10924,508444,10,3,3,0,0,0,0,7,0,0,309.991,2.066,6.15092,-0.000,328.323,107.366,330.916,301.351,102.698,301.870,330.916,18.903,311.464,6.15359,18.885,311.463,6.15068,2
10940,508454,10,3,3,0,0,0,0,7,0,0,309.991,2.066,6.15055,-0.000,328.323,107.366,330.916,301.351,102.698,301.870,330.916,18.903,311.464,6.15322,18.886,311.463,6.15092,2
10940,508464,10,3,3,0,0,0,0,7,0,0,309.991,2.066,6.15055,-0.000,328.323,107.366,330.916,301.351,102.698,301.870,330.916,18.903,311.464,6.15322,18.885,311.463,6.15055,2
10955,508474,10,3,3,0,0,0,0,7,0,0,309.991,2.066,6.15068,-0.000,328.323,107.366,330.916,301.351,102.698,301.870,330.916,18.903,311.464,6.15336,18.885,311.463,6.15055,2
10971,508484,10,3,3,0,0,0,0,7,0,0,309.991,2.066,6.15105,-0.000,328.323,107.366,330.916,301.351,102.698,301.870,330.916,18.904,311.464,6.15373,18.885,311.463,6.15068,2
10971,508494,10,3,3,0,0,0,0,7,0,0,309.991,2.066,6.15098,-0.000,328.323,107.366,330.916,301.351,102.698,301.870,330.916,18.904,311.464,6.15366,18.886,311.463,6.15105,2
10987,508504,10,3,3,0,0,0,0,7,0,0,309.991,2.066,6.15095,-0.000,328.323,107.366,330.916,301.351,102.698,301.870,330.916,18.904,311.464,6.15363,18.886,311.463,6.15098,2
11003,508514,10,3,3,0,0,0,0,7,0,0,309.991,2.066,6.15090,-0.000,328.323,107.366,330.916,301.351,102.698,301.870,330.916,18.903,311.464,6.15358,18.886,311.463,6.15095,2
11003,508524,10,3,3,0,0,0,0,7,0,0,309.991,2.066,6.15093,-0.000,328.323,107.366,330.916,301.351,102.698,301.870,330.916,18.903,311.464,6.15360,18.885,311.463,6.15090,2
11018,508534,10,3,3,0,0,0,0,7,0,0,309.991,2.066,6.15084,-0.000,328.323,107.366,330.916,301.351,102.698,301.870,330.916,18.903,311.464,6.15351,18.886,311.463,6.15093,2
11033,508544,10,3,3,0,0,0,0,7,0,0,309.991,2.066,6.15091,-0.000,328.323,107.366,330.916,301.351,102.698,301.870,330.916,18.903,311.464,6.15359,18.885,311.463,6.15084,2
11033,508554,10,3,3,0,0,0,0,7,0,0,309.991,2.066,6.15076,-0.000,328.323,107.366,330.916,301.351,102.698,301.870,330.916,18.903,311.464,6.15344,18.886,311.463,6.15091,2
11049,508564,10,3,3,0,0,0,0,7,0,0,309.991,2.066,6.15071,-0.000,328.323,107.366,330.916,301.351,102.698,301.870,330.916,18.903,311.464,6.15338,18.885,311.463,6.15076,2
11064,508574,10,3,3,0,0,0,0,7,0,0,309.991,2.066,6.15071,-0.000,328.323,107.366,330.916,301.351,102.698,301.870,330.916,18.903,311.464,6.15338,18.885,311.463,6.15071,2
11064,508584,10,3,3,0,0,0,0,7,0,0,309.991,2.066,6.15073,-0.000,328.323,107.366,330.916,301.351,102.698,301.870,330.916,18.903,311.464,6.15340,18.885,311.463,6.15071,2
11080,508594,10,3,3,0,0,0,0,7,0,0,309.991,2.066,6.15096,-0.000,328.323,107.366,330.916,301.351,102.698,301.870,330.916,18.904,311.464,6.15363,18.885,311.463,6.15073,2
11080,508604,10,3,3,0,0,0,0,7,0,0,309.991,2.066,6.15098,-0.000,328.323,107.366,330.916,301.351,102.698,301.870,330.916,18.904,311.464,6.15365,18.886,311.463,6.15096,2
11096,508614,10,3,3,0,0,0,0,7,0,0,309.991,2.066,6.15100,-0.000,328.323,107.366,330.916,301.351,102.698,301.870,330.916,18.904,311.464,6.15368,18.886,311.463,6.15098,2
11112,508624,10,3,3,0,0,0,0,7,0,0,309.991,2.066,6.15107,-0.000,328.323,107.366,330.916,301.351,102.698,301.870,330.916,18.904,311.464,6.15374,18.886,311.463,6.15100,2
11112,508634,10,3,3,0,0,0,0,7,0,0,309.991,2.066,6.15111,-0.000,328.323,107.366,330.916,301.351,102.698,301.870,330.916,18.904,311.464,6.15378,18.886,311.463,6.15106,2
11128,508644,10,3,3,0,0,0,0,7,0,0,309.991,2.066,6.15104,-0.000,328.323,107.366,330.916,301.351,102.698,301.870,330.916,18.904,311.464,6.15372,18.886,311.463,6.15111,2
11143,508654,10,3,3,0,0,0,0,7,0,0,309.991,2.066,6.15087,-0.000,328.323,107.366,330.916,301.351,102.698,301.870,330.916,18.903,311.464,6.15355,18.886,311.463,6.15104,2
11143,508664,10,3,3,0,0,0,0,7,0,0,309.991,2.066,6.15070,-0.000,328.323,107.366,330.916,301.351,102.698,301.870,330.916,18.903,311.464,6.15337,18.885,311.463,6.15087,2
11159,508674,10,3,3,0,0,0,0,7,0,0,309.991,2.066,6.15059,-0.000,328.323,107.366,330.916,301.351,102.698,301.870,330.916,18.903,311.464,6.15327,18.885,311.463,6.15070,2
11174,508684,10,3,3,0,0,0,0,7,0,0,309.991,2.066,6.15063,-0.000,328.323,107.366,330.916,301.351,102.698,301.870,330.916,18.903,311.464,6.15330,18.885,311.463,6.15059,2
11174,508694,10,3,3,0,0,0,0,7,0,0,309.991,2.066,6.15078,-0.000,328.323,107.366,330.916,301.351,102.698,301.870,330.916,18.903,311.464,6.15345,18.885,311.463,6.15063,2
11190,508704,10,3,3,0,0,0,0,7,0,0,309.991,2.066,6.15083,-0.000,328.323,107.366,330.916,301.351,102.698,301.870,330.916,18.903,311.464,6.15351,18.885,311.463,6.15078,2
11206,508714,10,3,3,0,0,0,0,7,0,0,309.991,2.066,6.15103,-0.000,328.323,107.366,330.916,301.351,102.698,301.870,330.916,18.904,311.464,6.15371,18.885,311.463,6.15083,2
11206,508724,10,3,3,0,0,0,0,7,0,0,309.991,2.066,6.15113,-0.000,328.323,107.366,330.916,301.351,102.698,301.870,330.916,18.904,311.464,6.15380,18.886,311.463,6.15103,2
11221,508734,10,3,3,0,0,0,0,7,0,0,309.991,2.066,6.15115,-0.000,328.323,107.366,330.916,301.351,102.698,301.870,330.916,18.904,311.464,6.15383,18.886,311.463,6.15113,2
11221,508744,10,3,3,0,0,0,0,7,0,0,309.991,2.066,6.15133,-0.000,328.323,107.366,330.916,301.351,102.698,301.870,330.916,18.904,311.464,6.15400,18.886,311.463,6.15115,2
11236,508754,10,3,3,0,0,0,0,7,0,0,309.991,2.066,6.15132,-0.000,328.323,107.366,330.916,301.351,102.698,301.870,330.916,18.904,311.464,6.15400,18.886,311.463,6.15133,2
11252,508764,10,3,3,0,0,0,0,7,0,0,309.991,2.066,6.15145,-0.000,328.323,107.366,330.916,301.351,102.698,301.870,330.916,18.904,311.464,6.15413,18.886,311.463,6.15132,2
11252,508774,10,3,3,0,0,0,0,7,0,0,309.991,2.066,6.15123,-0.000,328.323,107.366,330.916,301.351,102.698,301.870,330.916,18.904,311.464,6.15391,18.886,311.463,6.15145,2
11268,508784,10,3,3,0,0,0,0,7,0,0,309.991,2.066,6.15085,-0.000,328.323,107.366,330.916,301.351,102.698,301.870,330.916,18.903,311.464,6.15352,18.886,311.463,6.15123,2
11283,508794,10,3,3,0,0,0,0,7,0,0,309.991,2.066,6.15099,-0.000,328.323,107.366,330.916,301.351,102.698,301.870,330.916,18.904,311.464,6.15367,18.885,311.463,6.15085,2
11283,508804,10,3,3,0,0,0,0,7,0,0,309.991,2.066,6.15117,-0.000,328.323,107.366,330.916,301.351,102.698,301.870,330.916,18.904,311.464,6.15384,18.886,311.463,6.15099,2
11299,508814,10,3,3,0,0,0,0,7,0,0,309.991,2.066,6.15113,-0.000,328.323,107.366,330.916,301.351,102.698,301.870,330.916,18.904,311.464,6.15381,18.886,311.463,6.15117,2
11315,508824,10,3,3,0,0,0,0,7,0,0,309.991,2.066,6.15097,-0.000,328.323,107.366,330.916,301.351,102.698,301.870,330.916,18.904,311.464,6.15365,18.886,311.463,6.15113,2
11315,508834,10,3,3,0,0,0,0,7,0,0,309.991,2.066,6.15104,-0.000,328.323,107.366,330.916,301.351,102.698,301.870,330.916,18.904,311.464,6.15372,18.886,311.463,6.15097,2
11330,508844,10,3,3,0,0,0,0,7,0,0,309.991,2.066,6.15103,-0.000,328.323,107.366,330.916,301.351,102.698,301.870,330.916,18.904,311.464,6.15371,18.886,311.463,6.15104,2
11330,508854,10,3,3,0,0,0,0,7,0,0,309.991,2.066,6.15114,-0.000,328.323,107.366,330.916,301.351,102.698,301.870,330.916,18.904,311.464,6.15381,18.886,311.463,6.15103,2
11346,508864,10,3,3,0,0,0,0,7,0,0,309.991,2.066,6.15114,-0.000,328.323,107.366,330.916,301.351,102.698,301.870,330.916,18.904,311.464,6.15382,18.886,311.463,6.15114,2
11362,508874,10,3,3,0,0,0,0,7,0,0,309.991,2.066,6.15097,-0.000,328.323,107.366,330.916,301.351,102.698,301.870,330.916,18.904,311.464,6.15364,18.886,311.463,6.15114,2
11362,508884,10,3,3,0,0,0,0,7,0,0,309.991,2.066,6.15104,-0.000,328.323,107.366,330.916,301.351,102.698,301.870,330.916,18.904,311.464,6.15371,18.886,311.463,6.15097,2
11378,508894,10,3,3,0,0,0,0,7,0,0,309.991,2.066,6.15116,-0.000,328.323,107.366,330.916,301.351,102.698,301.870,330.916,18.904,311.464,6.15384,18.886,311.463,6.15104,2
11393,508904,10,3,3,0,0,0,0,7,0,0,309.991,2.066,6.15085,-0.000,328.323,107.366,330.916,301.351,102.698,301.870,330.916,18.903,311.464,6.15353,18.886,311.463,6.15116,2
11393,508914,10,3,3,0,0,0,0,7,0,0,309.991,2.066,6.15080,-0.000,328.323,107.366,330.916,301.351,102.698,301.870,330.916,18.903,311.464,6.15348,18.885,311.463,6.15085,2
11410,508924,10,3,3,0,0,0,0,7,0,0,309.991,2.066,6.15101,-0.000,328.323,107.366,330.916,301.351,102.698,301.870,330.916,18.904,311.464,6.15368,18.885,311.463,6.15080,2
11424,508934,10,3,3,0,0,0,0,7,0,0,309.991,2.066,6.15098,-0.000,328.323,107.366,330.916,301.351,102.698,301.870,330.916,18.904,311.464,6.15365,18.886,311.463,6.15101,2
11424,508944,10,3,3,0,0,0,0,7,0,0,309.991,2.066,6.15109,-0.000,328.323,107.366,330.916,301.351,102.698,301.870,330.916,18.904,311.464,6.15377,18.886,311.463,6.15098,2
11440,508954,10,3,3,0,0,0,0,7,0,0,309.991,2.066,6.15114,-0.000,328.323,107.366,330.916,301.351,102.698,301.870,330.916,18.904,311.464,6.15382,18.886,311.463,6.15109,2
11455,508964,10,3,3,0,0,0,0,7,0,0,309.991,2.066,6.15129,-0.000,328.323,107.366,330.916,301.351,102.698,301.870,330.916,18.904,311.464,6.15397,18.886,311.463,6.15114,2
11455,508974,10,3,3,0,0,0,0,7,0,0,309.991,2.066,6.15122,-0.000,328.323,107.366,330.916,301.351,102.698,301.870,330.916,18.904,311.464,6.15389,18.886,311.463,6.15130,2
11470,508984,10,3,3,0,0,0,0,7,0,0,309.991,2.066,6.15114,-0.000,328.323,107.366,330.916,301.351,102.698,301.870,330.916,18.904,311.464,6.15382,18.886,311.463,6.15122,2
11470,508994,10,3,3,0,0,0,0,7,0,0,309.991,2.066,6.15124,-0.000,328.323,107.366,330.916,301.351,102.698,301.870,330.916,18.904,311.464,6.15391,18.886,311.463,6.15114,2
11486,509004,10,3,3,0,0,0,0,7,0,0,309.991,2.066,6.15124,-0.000,328.323,107.366,330.916,301.351,102.698,301.870,330.916,18.904,311.464,6.15391,18.886,311.463,6.15124,2
11502,509014,10,3,3,0,0,0,0,7,0,0,309.991,2.066,6.15100,-0.000,328.323,107.366,330.916,301.351,102.698,301.870,330.916,18.904,311.464,6.15367,18.886,311.463,6.15124,2
11502,509024,10,3,3,0,0,0,0,7,0,0,309.991,2.066,6.15108,-0.000,328.323,107.366,330.916,301.351,102.698,301.870,330.916,18.904,311.464,6.15376,18.886,311.463,6.15100,2
11518,509034,10,3,3,0,0,0,0,7,0,0,309.991,2.066,6.15101,-0.000,328.323,107.366,330.916,301.351,102.698,301.870,330.916,18.904,311.464,6.15368,18.886,311.463,6.15108,2
11533,509044,10,3,3,0,0,0,0,7,0,0,309.991,2.066,6.15080,-0.000,328.323,107.366,330.916,301.351,102.698,301.870,330.916,18.903,311.464,6.15347,18.886,311.463,6.15101,2
11533,509054,10,3,3,0,0,0,0,7,0,0,309.991,2.066,6.15063,-0.000,328.323,107.366,330.916,301.351,102.698,301.870,330.916,18.903,311.464,6.15331,18.885,311.463,6.15080,2
11549,509064,10,3,3,0,0,0,0,7,0,0,309.991,2.066,6.15048,-0.000,328.323,107.366,330.916,301.351,102.698,301.870,330.916,18.903,311.464,6.15315,18.885,311.463,6.15063,2
11564,509074,10,3,3,0,0,0,0,7,0,0,309.991,2.066,6.15058,-0.000,328.323,107.366,330.916,301.351,102.698,301.870,330.916,18.903,311.464,6.15325,18.885,311.463,6.15048,2
11564,509084,10,3,3,0,0,0,0,7,0,0,309.991,2.066,6.15067,-0.000,328.323,107.366,330.916,301.351,102.698,301.870,330.916,18.903,311.464,6.15334,18.885,311.463,6.15058,2
11580,509094,10,3,3,0,0,0,0,7,0,0,309.991,2.066,6.15047,-0.000,328.323,107.366,330.916,301.351,102.698,301.870,330.916,18.903,311.464,6.15314,18.885,311.463,6.15066,2
11580,509104,10,3,3,0,0,0,0,7,0,0,309.991,2.066,6.15026,-0.000,328.323,107.366,330.916,301.351,102.698,301.870,330.916,18.903,311.464,6.15294,18.885,311.463,6.15047,2
11596,509114,10,3,3,0,0,0,0,7,0,0,309.991,2.066,6.15034,-0.000,328.323,107.366,330.916,301.351,102.698,301.870,330.916,18.903,311.464,6.15301,18.885,311.463,6.15026,2
11611,509124,10,3,3,0,0,0,0,7,0,0,309.991,2.066,6.15026,-0.000,328.323,107.366,330.916,301.351,102.698,301.870,330.916,18.903,311.464,6.15293,18.885,311.463,6.15034,2
11611,509134,10,3,3,0,0,0,0,7,0,0,309.991,2.066,6.15018,-0.000,328.323,107.366,330.916,301.351,102.698,301.870,330.916,18.903,311.464,6.15285,18.885,311.463,6.15026,2
11626,509144,10,3,3,0,0,0,0,7,0,0,309.991,2.066,6.15024,-0.000,328.323,107.366,330.916,301.351,102.698,301.870,330.916,18.903,311.464,6.15292,18.885,311.463,6.15018,2
11642,509154,10,3,3,0,0,0,0,7,0,0,309.991,2.066,6.15034,-0.000,328.323,107.366,330.916,301.351,102.698,301.870,330.916,18.903,311.464,6.15301,18.885,311.463,6.15024,2
11642,509164,10,3,3,0,0,0,0,7,0,0,309.991,2.066,6.15058,-0.000,328.323,107.366,330.916,301.351,102.698,301.870,330.916,18.903,311.464,6.15326,18.885,311.463,6.15034,2
11657,509174,10,3,3,0,0,0,0,7,0,0,309.991,2.066,6.15071,-0.000,328.323,107.366,330.916,301.351,102.698,301.870,330.916,18.903,311.464,6.15339,18.885,311.463,6.15058,2
11673,509184,10,3,3,0,0,0,0,7,0,0,309.991,2.066,6.15079,-0.000,328.323,107.366,330.916,301.351,102.698,301.870,330.916,18.903,311.464,6.15346,18.885,311.463,6.15071,2
11673,509194,10,3,3,0,0,0,0,7,0,0,309.991,2.066,6.15113,-0.000,328.323,107.366,330.916,301.351,102.698,301.870,330.916,18.904,311.464,6.15381,18.885,311.463,6.15079,2
11688,509204,10,3,3,0,0,0,0,7,0,0,309.991,2.066,6.15110,-0.000,328.323,107.366,330.916,301.351,102.698,301.870,330.916,18.904,311.464,6.15378,18.886,311.463,6.15113,2
11704,509214,10,3,3,0,0,0,0,7,0,0,309.991,2.066,6.15117,-0.000,328.323,107.366,330.916,301.351,102.698,301.870,330.916,18.904,311.464,6.15385,18.886,311.463,6.15110,2
11704,509224,10,3,3,0,0,0,0,7,0,0,309.991,2.066,6.15115,-0.000,328.323,107.366,330.916,301.351,102.698,301.870,330.916,18.904,311.464,6.15383,18.886,311.463,6.15117,2
11719,509234,10,3,3,0,0,0,0,7,0,0,309.991,2.066,6.15128,-0.000,328.323,107.366,330.916,301.351,102.698,301.870,330.916,18.904,311.464,6.15396,18.886,311.463,6.15115,2
11734,509244,10,3,3,0,0,0,0,7,0,0,309.991,2.066,6.15116,-0.000,328.323,107.366,330.916,301.351,102.698,301.870,330.916,18.904,311.464,6.15384,18.886,311.463,6.15128,2
11734,509254,10,3,3,0,0,0,0,7,0,0,309.991,2.066,6.15105,-0.000,328.323,107.366,330.916,301.351,102.698,301.870,330.916,18.904,311.464,6.15373,18.886,311.463,6.15116,2
11750,509264,10,3,3,0,0,0,0,7,0,0,309.991,2.066,6.15083,-0.000,328.323,107.366,330.916,301.351,102.698,301.870,330.916,18.903,311.464,6.15351,18.886,311.463,6.15105,2
11766,509274,10,3,3,0,0,0,0,7,0,0,309.991,2.066,6.15080,-0.000,328.323,107.366,330.916,301.351,102.698,301.870,330.916,18.903,311.464,6.15347,18.885,311.463,6.15083,2
11766,509284,10,3,3,0,0,0,0,7,0,0,309.991,2.066,6.15067,-0.000,328.323,107.366,330.916,301.351,102.698,301.870,330.916,18.903,311.464,6.15334,18.885,311.463,6.15080,2
11782,509294,10,3,3,0,0,0,0,7,0,0,309.991,2.066,6.15065,-0.000,328.323,107.366,330.916,301.351,102.698,301.870,330.916,18.903,311.464,6.15332,18.885,311.463,6.15066,2
11782,509304,10,3,3,0,0,0,0,7,0,0,309.991,2.066,6.15066,-0.000,328.323,107.366,330.916,301.351,102.698,301.870,330.916,18.903,311.464,6.15334,18.885,311.463,6.15065,2
11797,509314,10,3,3,0,0,0,0,7,0,0,309.991,2.066,6.15038,-0.000,328.323,107.366,330.916,301.351,102.698,301.870,330.916,18.903,311.464,6.15306,18.885,311.463,6.15066,2
11813,509324,10,3,3,0,0,0,0,7,0,0,309.991,2.066,6.15049,-0.000,328.323,107.366,330.916,301.351,102.698,301.870,330.916,18.903,311.464,6.15316,18.885,311.463,6.15038,2
11813,509334,10,3,3,0,0,0,0,7,0,0,309.991,2.066,6.15050,-0.000,328.323,107.366,330.916,301.351,102.698,301.870,330.916,18.903,311.464,6.15318,18.885,311.463,6.15049,2
11829,509344,10,3,3,0,0,0,0,7,0,0,309.991,2.066,6.15063,-0.000,328.323,107.366,330.916,301.351,102.698,301.870,330.916,18.903,311.464,6.15331,18.885,311.463,6.15050,2
11844,509354,10,3,3,0,0,0,0,7,0,0,309.991,2.066,6.15062,-0.000,328.323,107.366,330.916,301.351,102.698,301.870,330.916,18.903,311.464,6.15329,18.885,311.463,6.15063,2
11844,509364,10,3,3,0,0,0,0,7,0,0,309.991,2.066,6.15075,-0.000,328.323,107.366,330.916,301.351,102.698,301.870,330.916,18.903,311.464,6.15343,18.885,311.463,6.15062,2
11859,509374,10,3,3,0,0,0,0,7,0,0,309.991,2.066,6.15092,-0.000,328.323,107.366,330.916,301.351,102.698,301.870,330.916,18.903,311.464,6.15359,18.885,311.463,6.15075,2
11875,509384,10,3,3,0,0,0,0,7,0,0,309.991,2.066,6.15110,-0.000,328.323,107.366,330.916,301.351,102.698,301.870,330.916,18.904,311.464,6.15377,18.886,311.463,6.15092,2
11875,509394,10,3,3,0,0,0,0,7,0,0,309.991,2.066,6.15100,-0.000,328.323,107.366,330.916,301.351,102.698,301.870,330.916,18.904,311.464,6.15367,18.886,311.463,6.15110,2
11891,509404,10,3,3,0,0,0,0,7,0,0,309.991,2.066,6.15111,-0.000,328.323,107.366,330.916,301.351,102.698,301.870,330.916,18.904,311.464,6.15378,18.886,311.463,6.15100,2
11891,509414,10,3,3,0,0,0,0,7,0,0,309.991,2.066,6.15111,-0.000,328.323,107.366,330.916,301.351,102.698,301.870,330.916,18.904,311.464,6.15379,18.886,311.463,6.15111,2
11906,509424,10,3,3,0,0,0,0,7,0,0,309.991,2.066,6.15113,-0.000,328.323,107.366,330.916,301.351,102.698,301.870,330.916,18.904,311.464,6.15381,18.886,311.463,6.15111,2
11922,509434,10,3,3,0,0,0,0,7,0,0,309.991,2.066,6.15114,-0.000,328.323,107.366,330.916,301.351,102.698,301.870,330.916,18.904,311.464,6.15381,18.886,311.463,6.15113,2
11922,509444,10,3,3,0,0,0,0,7,0,0,309.991,2.066,6.15117,-0.000,328.323,107.366,330.916,301.351,102.698,301.870,330.916,18.904,311.464,6.15385,18.886,311.463,6.15114,2
11938,509454,10,3,3,0,0,0,0,7,0,0,309.991,2.066,6.15122,-0.000,328.323,107.366,330.916,301.351,102.698,301.870,330.916,18.904,311.464,6.15389,18.886,311.463,6.15117,2
11954,509464,10,3,3,0,0,0,0,7,0,0,309.991,2.066,6.15122,-0.000,328.323,107.366,330.916,301.351,102.698,301.870,330.916,18.904,311.464,6.15389,18.886,311.463,6.15122,2
11954,509474,10,3,3,0,0,0,0,7,0,0,309.991,2.066,6.15117,-0.000,328.323,107.366,330.916,301.351,102.698,301.870,330.916,18.904,311.464,6.15384,18.886,311.463,6.15122,2
11970,509484,10,3,3,0,0,0,0,7,0,0,309.991,2.066,6.15098,-0.000,328.323,107.366,330.916,301.351,102.698,301.870,330.916,18.904,311.464,6.15366,18.886,311.463,6.15117,2
11985,509494,10,3,3,0,0,0,0,7,0,0,309.991,2.066,6.15112,-0.000,328.323,107.366,330.916,301.351,102.698,301.870,330.916,18.904,311.464,6.15380,18.886,311.463,6.15098,2
11985,509504,10,3,3,0,0,0,0,7,0,0,309.991,2.066,6.15111,-0.000,328.323,107.366,330.916,301.351,102.698,301.870,330.916,18.904,311.464,6.15379,18.886,311.463,6.15112,2
12001,509514,10,3,3,0,0,0,0,7,0,0,309.991,2.066,6.15125,-0.000,328.323,107.366,330.916,301.351,102.698,301.870,330.916,18.904,311.464,6.15393,18.886,311.463,6.15111,2
12001,509524,10,3,3,0,0,0,0,7,0,0,309.991,2.066,6.15135,-0.000,328.323,107.366,330.916,301.351,102.698,301.870,330.916,18.904,311.464,6.15403,18.886,311.463,6.15125,2
12016,509534,10,3,3,0,0,0,0,7,0,0,309.991,2.066,6.15148,-0.000,328.323,107.366,330.916,301.351,102.698,301.870,330.916,18.904,311.464,6.15415,18.886,311.463,6.15135,2
12032,509544,10,3,3,0,0,0,0,7,0,0,309.991,2.066,6.15152,-0.000,328.323,107.366,330.916,301.351,102.698,301.870,330.916,18.904,311.464,6.15420,18.886,311.463,6.15147,2
12032,509554,10,3,3,0,0,0,0,7,0,0,309.991,2.066,6.15138,-0.000,328.323,107.366,330.916,301.351,102.698,301.870,330.916,18.904,311.464,6.15406,18.886,311.463,6.15152,2
12048,509564,10,3,3,0,0,0,0,7,0,0,309.991,2.066,6.15120,-0.000,328.323,107.366,330.916,301.351,102.698,301.870,330.916,18.904,311.464,6.15388,18.886,311.463,6.15138,2
12062,509574,10,3,3,0,0,0,0,7,0,0,309.991,2.066,6.15120,-0.000,328.323,107.366,330.916,301.351,102.698,301.870,330.916,18.904,311.464,6.15388,18.886,311.463,6.15120,2
12062,509584,10,3,3,0,0,0,0,7,0,0,309.991,2.066,6.15116,-0.000,328.323,107.366,330.916,301.351,102.698,301.870,330.916,18.904,311.464,6.15383,18.886,311.463,6.15120,2
12078,509594,10,3,3,0,0,0,0,7,0,0,309.991,2.066,6.15123,-0.000,328.323,107.366,330.916,301.351,102.698,301.870,330.916,18.904,311.464,6.15391,18.886,311.463,6.15116,2
12094,509604,10,3,3,0,0,0,0,7,0,0,309.991,2.066,6.15132,-0.000,328.323,107.366,330.916,301.351,102.698,301.870,330.916,18.904,311.464,6.15400,18.886,311.463,6.15123,2
12094,509614,10,3,3,0,0,0,0,7,0,0,309.991,2.066,6.15130,-0.000,328.323,107.366,330.916,301.351,102.698,301.870,330.916,18.904,311.464,6.15397,18.886,311.463,6.15132,2
12109,509624,10,3,3,0,0,0,0,7,0,0,309.991,2.066,6.15116,-0.000,328.323,107.366,330.916,301.351,102.698,301.870,330.916,18.904,311.464,6.15383,18.886,311.463,6.15130,2
12124,509634,10,3,3,0,0,0,0,7,0,0,309.991,2.066,6.15103,-0.000,328.323,107.366,330.916,301.351,102.698,301.870,330.916,18.904,311.464,6.15371,18.886,311.463,6.15116,2
12124,509644,10,3,3,0,0,0,0,7,0,0,309.991,2.066,6.15084,-0.000,328.323,107.366,330.916,301.351,102.698,301.870,330.916,18.903,311.464,6.15351,18.886,311.463,6.15103,2
12140,509654,10,3,3,0,0,0,0,7,0,0,309.991,2.066,6.15084,-0.000,328.323,107.366,330.916,301.351,102.698,301.870,330.916,18.903,311.464,6.15352,18.885,311.463,6.15084,2
12155,509664,10,3,3,0,0,0,0,7,0,0,309.991,2.066,6.15106,-0.000,328.323,107.366,330.916,301.351,102.698,301.870,330.916,18.904,311.464,6.15374,18.885,311.463,6.15084,2
12155,509674,10,3,3,0,0,0,0,7,0,0,309.991,2.066,6.15131,-0.000,328.323,107.366,330.916,301.351,102.698,301.870,330.916,18.904,311.464,6.15398,18.886,311.463,6.15106,2
12171,509684,10,3,3,0,0,0,0,7,0,0,309.991,2.066,6.15113,-0.000,328.323,107.366,330.916,301.351,102.698,301.870,330.916,18.904,311.464,6.15381,18.886,311.463,6.15131,2
12171,509694,10,3,3,0,0,0,0,7,0,0,309.991,2.066,6.15119,-0.000,328.323,107.366,330.916,301.351,102.698,301.870,330.916,18.904,311.464,6.15387,18.886,311.463,6.15113,2
12186,509704,10,3,3,0,0,0,0,7,0,0,309.991,2.066,6.15102,-0.000,328.323,107.366,330.916,301.351,102.698,301.870,330.916,18.904,311.464,6.15369,18.886,311.463,6.15119,2
12202,509714,10,3,3,0,0,0,0,7,0,0,309.991,2.066,6.15106,-0.000,328.323,107.366,330.916,301.351,102.698,301.870,330.916,18.904,311.464,6.15374,18.886,311.463,6.15102,2
12202,509724,10,3,3,0,0,0,0,7,0,0,309.991,2.066,6.15095,-0.000,328.323,107.366,330.916,301.351,102.698,301.870,330.916,18.904,311.464,6.15362,18.886,311.463,6.15106,2
12218,509734,10,3,3,0,0,0,0,7,0,0,309.991,2.066,6.15112,-0.000,328.323,107.366,330.916,301.351,102.698,301.870,330.916,18.904,311.464,6.15379,18.886,311.463,6.15095,2
12233,509744,10,3,3,0,0,0,0,7,0,0,309.991,2.066,6.15067,-0.000,328.323,107.366,330.916,301.351,102.698,301.870,330.916,18.903,311.464,6.15334,18.886,311.463,6.15112,2
12233,509754,10,3,3,0,0,0,0,7,0,0,309.991,2.066,6.15061,-0.000,328.323,107.366,330.916,301.351,102.698,301.870,330.916,18.903,311.464,6.15328,18.885,311.463,6.15067,2
12249,509764,10,3,3,0,0,0,0,7,0,0,309.991,2.066,6.15082,-0.000,328.323,107.366,330.916,301.351,102.698,301.870,330.916,18.903,311.464,6.15349,18.885,311.463,6.15061,2
12264,509774,10,3,3,0,0,0,0,7,0,0,309.991,2.066,6.15107,-0.000,328.323,107.366,330.916,301.351,102.698,301.870,330.916,18.904,311.464,6.15375,18.885,311.463,6.15082,2
12264,509784,10,3,3,0,0,0,0,7,0,0,309.991,2.066,6.15124,-0.000,328.323,107.366,330.916,301.351,102.698,301.870,330.916,18.904,311.464,6.15392,18.886,311.463,6.15107,2
12281,509794,10,3,3,0,0,0,0,7,0,0,309.991,2.066,6.15088,-0.000,328.323,107.366,330.916,301.351,102.698,301.870,330.916,18.903,311.464,6.15356,18.886,311.463,6.15124,2
12281,509804,10,3,3,0,0,0,0,7,0,0,309.991,2.066,6.15071,-0.000,328.323,107.366,330.916,301.351,102.698,301.870,330.916,18.903,311.464,6.15338,18.885,311.463,6.15088,2
12297,509814,10,3,3,0,0,0,0,7,0,0,309.991,2.066,6.15079,-0.000,328.323,107.366,330.916,301.351,102.698,301.870,330.916,18.903,311.464,6.15346,18.885,311.463,6.15071,2
12311,509824,10,3,3,0,0,0,0,7,0,0,309.991,2.066,6.15062,-0.000,328.323,107.366,330.916,301.351,102.698,301.870,330.916,18.903,311.464,6.15329,18.885,311.463,6.15079,2
12311,509834,10,3,3,0,0,0,0,7,0,0,309.991,2.066,6.15086,-0.000,328.323,107.366,330.916,301.351,102.698,301.870,330.916,18.903,311.464,6.15353,18.885,311.463,6.15062,2
12328,509844,10,3,3,0,0,0,0,7,0,0,309.991,2.066,6.15103,-0.000,328.323,107.366,330.916,301.351,102.698,301.870,330.916,18.904,311.464,6.15371,18.885,311.463,6.15086,2
12343,509854,10,3,3,0,0,0,0,7,0,0,309.991,2.066,6.15090,-0.000,328.323,107.366,330.916,301.351,102.698,301.870,330.916,18.903,311.464,6.15357,18.886,311.463,6.15103,2
12343,509864,10,3,3,0,0,0,0,7,0,0,309.991,2.066,6.15104,-0.000,328.323,107.366,330.916,301.351,102.698,301.870,330.916,18.904,311.464,6.15372,18.885,311.463,6.15090,2
12358,509874,10,3,3,0,0,0,0,7,0,0,309.991,2.066,6.15102,-0.000,328.323,107.366,330.916,301.351,102.698,301.870,330.916,18.904,311.464,6.15370,18.886,311.463,6.15104,2
12374,509884,10,3,3,0,0,0,0,7,0,0,309.991,2.066,6.15091,-0.000,328.323,107.366,330.916,301.351,102.698,301.870,330.916,18.903,311.464,6.15358,18.886,311.463,6.15102,2
12374,509894,10,3,3,0,0,0,0,7,0,0,309.991,2.066,6.15063,-0.000,328.323,107.366,330.916,301.351,102.698,301.870,330.916,18.903,311.464,6.15331,18.885,311.463,6.15091,2
12390,509904,10,3,3,0,0,0,0,7,0,0,309.991,2.066,6.15041,-0.000,328.323,107.366,330.916,301.351,102.698,301.870,330.916,18.903,311.464,6.15309,18.885,311.463,6.15063,2
12406,509914,10,3,3,0,0,0,0,7,0,0,309.991,2.066,6.15058,-0.000,328.323,107.366,330.916,301.351,102.698,301.870,330.916,18.903,311.464,6.15325,18.885,311.463,6.15041,2
12406,509924,10,3,3,0,0,0,0,7,0,0,309.991,2.066,6.15083,-0.000,328.323,107.366,330.916,301.351,102.698,301.870,330.916,18.903,311.464,6.15350,18.885,311.463,6.15058,2
12421,509934,10,3,3,0,0,0,0,7,0,0,309.991,2.066,6.15086,-0.000,328.323,107.366,330.916,301.351,102.698,301.870,330.916,18.903,311.464,6.15353,18.885,311.463,6.15083,2
12421,509944,10,3,3,0,0,0,0,7,0,0,309.991,2.066,6.15078,-0.000,328.323,107.366,330.916,301.351,102.698,301.870,330.916,18.903,311.464,6.15345,18.885,311.463,6.15086,2
12436,509954,10,3,3,0,0,0,0,7,0,0,309.991,2.066,6.15079,-0.000,328.323,107.366,330.916,301.351,102.698,301.870,330.916,18.903,311.464,6.15347,18.885,311.463,6.15078,2
12451,509964,10,3,3,0,0,0,0,7,0,0,309.991,2.066,6.15068,-0.000,328.323,107.366,330.916,301.351,102.698,301.870,330.916,18.903,311.464,6.15335,18.885,311.463,6.15079,2
12451,509974,10,3,3,0,0,0,0,7,0,0,309.991,2.066,6.15064,-0.000,328.323,107.366,330.916,301.351,102.698,301.870,330.916,18.903,311.464,6.15332,18.885,311.463,6.15068,2
12467,509984,10,3,3,0,0,0,0,7,0,0,309.991,2.066,6.15097,-0.000,328.323,107.366,330.916,301.351,102.698,301.870,330.916,18.904,311.464,6.15365,18.885,311.463,6.15064,2
12481,509994,10,3,3,0,0,0,0,7,0,0,309.991,2.066,6.15110,-0.000,328.323,107.366,330.916,301.351,102.698,301.870,330.916,18.904,311.464,6.15378,18.886,311.463,6.15097,2
12481,510004,10,3,3,0,0,0,0,7,0,0,309.991,2.066,6.15095,-0.000,328.323,107.366,330.916,301.351,102.698,301.870,330.916,18.904,311.464,6.15362,18.886,311.463,6.15110,2
12496,510014,10,3,3,0,0,0,0,7,0,0,309.991,2.066,6.15108,-0.000,328.323,107.366,330.916,301.351,102.698,301.870,330.916,18.904,311.464,6.15375,18.886,311.463,6.15095,2
12512,510024,10,3,3,0,0,0,0,7,0,0,309.991,2.066,6.15122,-0.000,328.323,107.366,330.916,301.351,102.698,301.870,330.916,18.904,311.464,6.15390,18.886,311.463,6.15108,2
12512,510034,10,3,3,0,0,0,0,7,0,0,309.991,2.066,6.15137,-0.000,328.323,107.366,330.916,301.351,102.698,301.870,330.916,18.904,311.464,6.15404,18.886,311.463,6.15122,2
12528,510044,10,3,3,0,0,0,0,7,0,0,309.991,2.066,6.15153,-0.000,328.323,107.366,330.916,301.351,102.698,301.870,330.916,18.904,311.464,6.15420,18.886,311.463,6.15137,2
12543,510054,10,3,3,0,0,0,0,7,0,0,309.991,2.066,6.15159,-0.000,328.323,107.366,330.916,301.351,102.698,301.870,330.916,18.904,311.464,6.15427,18.886,311.463,6.15153,2
12543,510064,10,3,3,0,0,0,0,7,0,0,309.991,2.066,6.15157,-0.000,328.323,107.366,330.916,301.351,102.698,301.870,330.916,18.904,311.464,6.15424,18.886,311.463,6.15159,2
12559,510074,10,3,3,0,0,0,0,7,0,0,309.991,2.066,6.15155,-0.000,328.323,107.366,330.916,301.351,102.698,301.870,330.916,18.904,311.464,6.15422,18.886,311.463,6.15157,2
12574,510084,10,3,3,0,0,0,0,7,0,0,309.991,2.066,6.15133,-0.000,328.323,107.366,330.916,301.351,102.698,301.870,330.916,18.904,311.464,6.15401,18.886,311.463,6.15155,2
12574,510094,10,3,3,0,0,0,0,7,0,0,309.991,2.066,6.15132,-0.000,328.323,107.366,330.916,301.351,102.698,301.870,330.916,18.904,311.464,6.15400,18.886,311.463,6.15133,2
12589,510104,10,3,3,0,0,0,0,7,0,0,309.991,2.066,6.15132,-0.000,328.323,107.366,330.916,301.351,102.698,301.870,330.916,18.904,311.464,6.15400,18.886,311.463,6.15133,2
12605,510114,10,3,3,0,0,0,0,7,0,0,309.991,2.066,6.15129,-0.000,328.323,107.366,330.916,301.351,102.698,301.870,330.916,18.904,311.464,6.15396,18.886,311.463,6.15132,2
12605,510124,10,3,3,0,0,0,0,7,0,0,309.991,2.066,6.15108,-0.000,328.323,107.366,330.916,301.351,102.698,301.870,330.916,18.904,311.464,6.15376,18.886,311.463,6.15129,2
12621,510134,10,3,3,0,0,0,0,7,0,0,309.991,2.066,6.15101,-0.000,328.323,107.366,330.916,301.351,102.698,301.870,330.916,18.904,311.464,6.15369,18.886,311.463,6.15108,2
12621,510144,10,3,3,0,0,0,0,7,0,0,309.991,2.066,6.15099,-0.000,328.323,107.366,330.916,301.351,102.698,301.870,330.916,18.904,311.464,6.15367,18.886,311.463,6.15101,2
12652,510154,10,3,3,0,0,0,0,7,0,0,309.991,2.066,6.15112,-0.000,328.323,107.366,330.916,301.351,102.698,301.870,330.916,18.904,311.464,6.15380,18.886,311.463,6.15099,2
12652,510164,10,3,3,0,0,0,0,7,0,0,309.991,2.066,6.15118,-0.000,328.323,107.366,330.916,301.351,102.698,301.870,330.916,18.904,311.464,6.15386,18.886,311.463,6.15112,2
12652,510174,10,3,3,0,0,0,0,7,0,0,309.991,2.066,6.15128,-0.000,328.323,107.366,330.916,301.351,102.698,301.870,330.916,18.904,311.464,6.15396,18.886,311.463,6.15118,2
12683,510184,10,3,3,0,0,0,0,7,0,0,309.991,2.066,6.15143,-0.000,328.323,107.366,330.916,301.351,102.698,301.870,330.916,18.904,311.464,6.15410,18.886,311.463,6.15128,2
12683,510194,10,3,3,0,0,0,0,7,0,0,309.991,2.066,6.15130,-0.000,328.323,107.366,330.916,301.351,102.698,301.870,330.916,18.904,311.464,6.15397,18.886,311.463,6.15143,2
12683,510204,10,3,3,0,0,0,0,7,0,0,309.991,2.066,6.15119,-0.000,328.323,107.366,330.916,301.351,102.698,301.870,330.916,18.904,311.464,6.15387,18.886,311.463,6.15130,2
12699,510214,10,3,3,0,0,0,0,7,0,0,309.991,2.066,6.15106,-0.000,328.323,107.366,330.916,301.351,102.698,301.870,330.916,18.904,311.464,6.15373,18.886,311.463,6.15119,2
12714,510224,10,3,3,0,0,0,0,7,0,0,309.991,2.066,6.15099,-0.000,328.323,107.366,330.916,301.351,102.698,301.870,330.916,18.904,311.464,6.15366,18.886,311.463,6.15106,2
12714,510234,10,3,3,0,0,0,0,7,0,0,309.991,2.066,6.15100,-0.000,328.323,107.366,330.916,301.351,102.698,301.870,330.916,18.904,311.464,6.15368,18.886,311.463,6.15099,2
12746,510244,10,3,3,0,0,0,0,7,0,0,309.991,2.066,6.15114,-0.000,328.323,107.366,330.916,301.351,102.698,301.870,330.916,18.904,311.464,6.15381,18.886,311.463,6.15100,2
12746,510254,10,3,3,0,0,0,0,7,0,0,309.991,2.066,6.15087,-0.000,328.323,107.366,330.916,301.351,102.698,301.870,330.916,18.903,311.464,6.15355,18.886,311.463,6.15114,2
12746,510264,10,3,3,0,0,0,0,7,0,0,309.991,2.066,6.15071,-0.000,328.323,107.366,330.916,301.351,102.698,301.870,330.916,18.903,311.464,6.15339,18.885,311.463,6.15087,2
12776,510274,10,3,3,0,0,0,0,7,0,0,309.991,2.066,6.15103,-0.000,328.323,107.366,330.916,301.351,102.698,301.870,330.916,18.904,311.464,6.15371,18.885,311.463,6.15071,2
12776,510284,10,3,3,0,0,0,0,7,0,0,309.991,2.066,6.15100,-0.000,328.323,107.366,330.916,301.351,102.698,301.870,330.916,18.904,311.464,6.15368,18.886,311.463,6.15103,2
12776,510294,10,3,3,0,0,0,0,7,0,0,309.991,2.066,6.15078,-0.000,328.323,107.366,330.916,301.351,102.698,301.870,330.916,18.903,311.464,6.15345,18.886,311.463,6.15100,2
12807,510304,10,3,3,0,0,0,0,7,0,0,309.991,2.066,6.15070,-0.000,328.323,107.366,330.916,301.351,102.698,301.870,330.916,18.903,311.464,6.15338,18.885,311.463,6.15078,2
12807,510314,10,3,3,0,0,0,0,7,0,0,309.991,2.066,6.15079,-0.000,328.323,107.366,330.916,301.351,102.698,301.870,330.916,18.903,311.464,6.15347,18.885,311.463,6.15070,2
12807,510324,10,3,3,0,0,0,0,7,0,0,309.991,2.066,6.15076,-0.000,328.323,107.366,330.916,301.351,102.698,301.870,330.916,18.903,311.464,6.15344,18.885,311.463,6.15079,2
12824,510334,10,3,3,0,0,0,0,7,0,0,309.991,2.066,6.15068,-0.000,328.323,107.366,330.916,301.351,102.698,301.870,330.916,18.903,311.464,6.15335,18.885,311.463,6.15076,2
12824,510344,10,3,3,0,0,0,0,7,0,0,309.991,2.066,6.15077,-0.000,328.323,107.366,330.916,301.351,102.698,301.870,330.916,18.903,311.464,6.15345,18.885,311.463,6.15068,2
12841,510354,10,3,3,0,0,0,0,7,0,0,309.991,2.066,6.15066,-0.000,328.323,107.366,330.916,301.351,102.698,301.870,330.916,18.903,311.464,6.15334,18.885,311.463,6.15077,2
12841,510364,10,3,3,0,0,0,0,7,0,0,309.991,2.066,6.15051,-0.000,328.323,107.366,330.916,301.351,102.698,301.870,330.916,18.903,311.464,6.15319,18.885,311.463,6.15066,2
12855,510374,10,3,3,0,0,0,0,7,0,0,309.991,2.066,6.15049,-0.000,328.323,107.366,330.916,301.351,102.698,301.870,330.916,18.903,311.464,6.15317,18.885,311.463,6.15051,2
12871,510384,10,3,3,0,0,0,0,7,0,0,309.991,2.066,6.15084,-0.000,328.323,107.366,330.916,301.351,102.698,301.870,330.916,18.903,311.464,6.15351,18.885,311.463,6.15049,2
12871,510394,10,3,3,0,0,0,0,7,0,0,309.991,2.066,6.15112,-0.000,328.323,107.366,330.916,301.351,102.698,301.870,330.916,18.904,311.464,6.15379,18.885,311.463,6.15084,2
12902,510404,10,3,3,0,0,0,0,7,0,0,309.991,2.066,6.15102,-0.000,328.323,107.366,330.916,301.351,102.698,301.870,330.916,18.904,311.464,6.15369,18.886,311.463,6.15112,2
12902,510414,10,3,3,0,0,0,0,7,0,0,309.991,2.066,6.15119,-0.000,328.323,107.366,330.916,301.351,102.698,301.870,330.916,18.904,311.464,6.15387,18.886,311.463,6.15102,2
12902,510424,10,3,3,0,0,0,0,7,0,0,309.991,2.066,6.15115,-0.000,328.323,107.366,330.916,301.351,102.698,301.870,330.916,18.904,311.464,6.15382,18.886,311.463,6.15119,2
12918,510434,10,3,3,0,0,0,0,7,0,0,309.991,2.066,6.15101,-0.000,328.323,107.366,330.916,301.351,102.698,301.870,330.916,18.904,311.464,6.15368,18.886,311.463,6.15115,2
12948,510444,10,3,3,0,0,0,0,7,0,0,309.991,2.066,6.15077,-0.000,328.323,107.366,330.916,301.351,102.698,301.870,330.916,18.903,311.464,6.15344,18.886,311.463,6.15101,2
12948,510454,10,3,3,0,0,0,0,7,0,0,309.991,2.066,6.15061,-0.000,328.323,107.366,330.916,301.351,102.698,301.870,330.916,18.903,311.464,6.15328,18.885,311.463,6.15077,2
12948,510464,10,3,3,0,0,0,0,7,0,0,309.991,2.066,6.15099,-0.000,328.323,107.366,330.916,301.351,102.698,301.870,330.916,18.904,311.464,6.15366,18.885,311.463,6.15061,2
12980,510474,10,3,3,0,0,0,0,7,0,0,309.991,2.066,6.15102,-0.000,328.323,107.366,330.916,301.351,102.698,301.870,330.916,18.904,311.464,6.15370,18.886,311.463,6.15099,2
12980,510484,10,3,3,0,0,0,0,7,0,0,309.991,2.066,6.15092,-0.000,328.323,107.366,330.916,301.351,102.698,301.870,330.916,18.903,311.464,6.15360,18.886,311.463,6.15102,2
12980,510494,10,3,3,0,0,0,0,7,0,0,309.991,2.066,6.15085,-0.000,328.323,107.366,330.916,301.351,102.698,301.870,330.916,18.903,311.464,6.15352,18.886,311.463,6.15092,2
13011,510504,10,3,3,0,0,0,0,7,0,0,309.991,2.066,6.15075,-0.000,328.323,107.366,330.916,301.351,102.698,301.870,330.916,18.903,311.464,6.15343,18.885,311.463,6.15084,2
13011,510514,10,3,3,0,0,0,0,7,0,0,309.991,2.066,6.15079,-0.000,328.323,107.366,330.916,301.351,102.698,301.870,330.916,18.903,311.464,6.15347,18.885,311.463,6.15075,2
13011,510524,10,3,3,0,0,0,0,7,0,0,309.991,2.066,6.15084,-0.000,328.323,107.366,330.916,301.351,102.698,301.870,330.916,18.903,311.464,6.15351,18.885,311.463,6.15079,2
13011,510534,10,3,3,0,0,0,0,7,0,0,309.991,2.066,6.15076,-0.000,328.323,107.366,330.916,301.351,102.698,301.870,330.916,18.903,311.464,6.15344,18.885,311.463,6.15084,2
13042,510544,10,3,3,0,0,0,0,7,0,0,309.991,2.066,6.15096,-0.000,328.323,107.366,330.916,301.351,102.698,301.870,330.916,18.904,311.464,6.15363,18.885,311.463,6.15076,2
13042,510554,10,3,3,0,0,0,0,7,0,0,309.991,2.066,6.15129,-0.000,328.323,107.366,330.916,301.351,102.698,301.870,330.916,18.904,311.464,6.15397,18.886,311.463,6.15096,2
13042,510564,10,3,3,0,0,0,0,7,0,0,309.991,2.066,6.15118,-0.000,328.323,107.366,330.916,301.351,102.698,301.870,330.916,18.904,311.464,6.15386,18.886,311.463,6.15129,2
13058,510574,10,3,3,0,0,0,0,7,0,0,309.991,2.066,6.15089,-0.000,328.323,107.366,330.916,301.351,102.698,301.870,330.916,18.903,311.464,6.15357,18.886,311.463,6.15118,2
13074,510584,10,3,3,0,0,0,0,7,0,0,309.991,2.066,6.15080,-0.000,328.323,107.366,330.916,301.351,102.698,301.870,330.916,18.903,311.464,6.15347,18.885,311.463,6.15089,2
13074,510594,10,3,3,0,0,0,0,7,0,0,309.991,2.066,6.15100,-0.000,328.323,107.366,330.916,301.351,102.698,301.870,330.916,18.904,311.464,6.15368,18.885,311.463,6.15080,2
13104,510604,10,3,3,0,0,0,0,7,0,0,309.991,2.066,6.15102,-0.000,328.323,107.366,330.916,301.351,102.698,301.870,330.916,18.904,311.464,6.15370,18.886,311.463,6.15100,2
13104,510614,10,3,3,0,0,0,0,7,0,0,309.991,2.066,6.15106,-0.000,328.323,107.366,330.916,301.351,102.698,301.870,330.916,18.904,311.464,6.15373,18.886,311.463,6.15102,2
13104,510624,10,3,3,0,0,0,0,7,0,0,309.991,2.066,6.15100,-0.000,328.323,107.366,330.916,301.351,102.698,301.870,330.916,18.904,311.464,6.15368,18.886,311.463,6.15106,2
13136,510634,10,3,3,0,0,0,0,7,0,0,309.991,2.066,6.15107,-0.000,328.323,107.366,330.916,301.351,102.698,301.870,330.916,18.904,311.464,6.15375,18.886,311.463,6.15100,2
13136,510644,10,3,3,0,0,0,0,7,0,0,309.991,2.066,6.15108,-0.000,328.323,107.366,330.916,301.351,102.698,301.870,330.916,18.904,311.464,6.15376,18.886,311.463,6.15107,2
13136,510654,10,3,3,0,0,0,0,7,0,0,309.991,2.066,6.15109,-0.000,328.323,107.366,330.916,301.351,102.698,301.870,330.916,18.904,311.464,6.15377,18.886,311.463,6.15108,2
13151,510664,10,3,3,0,0,0,0,7,0,0,309.991,2.066,6.15108,-0.000,328.323,107.366,330.916,301.351,102.698,301.870,330.916,18.904,311.464,6.15376,18.886,311.463,6.15109,2
13151,510674,10,3,3,0,0,0,0,7,0,0,309.991,2.066,6.15099,-0.000,328.323,107.366,330.916,301.351,102.698,301.870,330.916,18.904,311.464,6.15367,18.886,311.463,6.15108,2
13167,510684,10,3,3,0,0,0,0,7,0,0,309.991,2.066,6.15100,-0.000,328.323,107.366,330.916,301.351,102.698,301.870,330.916,18.904,311.464,6.15368,18.886,311.463,6.15099,2
13197,510694,10,3,3,0,0,0,0,7,0,0,309.991,2.066,6.15107,-0.000,328.323,107.366,330.916,301.351,102.698,301.870,330.916,18.904,311.464,6.15374,18.886,311.463,6.15100,2
13197,510704,10,3,3,0,0,0,0,7,0,0,309.991,2.066,6.15119,-0.000,328.323,107.366,330.916,301.351,102.698,301.870,330.916,18.904,311.464,6.15386,18.886,311.463,6.15107,2
13197,510714,10,3,3,0,0,0,0,7,0,0,309.991,2.066,6.15108,-0.000,328.323,107.366,330.916,301.351,102.698,301.870,330.916,18.904,311.464,6.15375,18.886,311.463,6.15119,2
13213,510724,10,3,3,0,0,0,0,7,0,0,309.991,2.066,6.15074,-0.000,328.323,107.366,330.916,301.351,102.698,301.870,330.916,18.903,311.464,6.15341,18.886,311.463,6.15108,2
13213,510734,10,3,3,0,0,0,0,7,0,0,309.991,2.066,6.15074,-0.000,328.323,107.366,330.916,301.351,102.698,301.870,330.916,18.903,311.464,6.15342,18.885,311.463,6.15074,2
13229,510744,10,3,3,0,0,0,0,7,0,0,309.991,2.066,6.15079,-0.000,328.323,107.366,330.916,301.351,102.698,301.870,330.916,18.903,311.464,6.15347,18.885,311.463,6.15074,2
13260,510754,10,3,3,0,0,0,0,7,0,0,309.991,2.066,6.15098,-0.000,328.323,107.366,330.916,301.351,102.698,301.870,330.916,18.904,311.464,6.15365,18.885,311.463,6.15079,2
13260,510764,10,3,3,0,0,0,0,7,0,0,309.991,2.066,6.15097,-0.000,328.323,107.366,330.916,301.351,102.698,301.870,330.916,18.904,311.464,6.15365,18.886,311.463,6.15098,2
13260,510774,10,3,3,0,0,0,0,7,0,0,309.991,2.066,6.15094,-0.000,328.323,107.366,330.916,301.351,102.698,301.870,330.916,18.903,311.464,6.15362,18.886,311.463,6.15097,2
13276,510784,10,3,3,0,0,0,0,7,0,0,309.991,2.066,6.15096,-0.000,328.323,107.366,330.916,301.351,102.698,301.870,330.916,18.904,311.464,6.15364,18.886,311.463,6.15094,2
13276,510794,10,3,3,0,0,0,0,7,0,0,309.991,2.066,6.15086,-0.000,328.323,107.366,330.916,301.351,102.698,301.870,330.916,18.903,311.464,6.15353,18.886,311.463,6.15096,2
13292,510804,10,3,3,0,0,0,0,7,0,0,309.991,2.066,6.15068,-0.000,328.323,107.366,330.916,301.351,102.698,301.870,330.916,18.903,311.464,6.15336,18.885,311.463,6.15086,2
13292,510814,10,3,3,0,0,0,0,7,0,0,309.991,2.066,6.15057,-0.000,328.323,107.366,330.916,301.351,102.698,301.870,330.916,18.903,311.464,6.15325,18.885,311.463,6.15068,2
13323,510824,10,3,3,0,0,0,0,7,0,0,309.991,2.066,6.15059,-0.000,328.323,107.366,330.916,301.351,102.698,301.870,330.916,18.903,311.464,6.15326,18.885,311.463,6.15057,2
13323,510834,10,3,3,0,0,0,0,7,0,0,309.991,2.066,6.15069,-0.000,328.323,107.366,330.916,301.351,102.698,301.870,330.916,18.903,311.464,6.15336,18.885,311.463,6.15059,2
13323,510844,10,3,3,0,0,0,0,7,0,0,309.991,2.066,6.15056,-0.000,328.323,107.366,330.916,301.351,102.698,301.870,330.916,18.903,311.464,6.15324,18.885,311.463,6.15069,2
13353,510854,10,3,3,0,0,0,0,7,0,0,309.991,2.066,6.15082,-0.000,328.323,107.366,330.916,301.351,102.698,301.870,330.916,18.903,311.464,6.15349,18.885,311.463,6.15056,2
13353,510864,10,3,3,0,0,0,0,7,0,0,309.991,2.066,6.15097,-0.000,328.323,107.366,330.916,301.351,102.698,301.870,330.916,18.904,311.464,6.15365,18.885,311.463,6.15082,2
13353,510874,10,3,3,0,0,0,0,7,0,0,309.991,2.066,6.15091,-0.000,328.323,107.366,330.916,301.351,102.698,301.870,330.916,18.903,311.464,6.15358,18.886,311.463,6.15097,2
13369,510884,10,3,3,0,0,0,0,7,0,0,309.991,2.066,6.15103,-0.000,328.323,107.366,330.916,301.351,102.698,301.870,330.916,18.904,311.464,6.15370,18.885,311.463,6.15091,2
13384,510894,10,3,3,0,0,0,0,7,0,0,309.991,2.066,6.15097,-0.000,328.323,107.366,330.916,301.351,102.698,301.870,330.916,18.904,311.464,6.15365,18.886,311.463,6.15103,2
13384,510904,10,3,3,0,0,0,0,7,0,0,309.991,2.066,6.15096,-0.000,328.323,107.366,330.916,301.351,102.698,301.870,330.916,18.904,311.464,6.15364,18.886,311.463,6.15097,2
13401,510914,10,3,3,0,0,0,0,7,0,0,309.991,2.066,6.15121,-0.000,328.323,107.366,330.916,301.351,102.698,301.870,330.916,18.904,311.464,6.15389,18.886,311.463,6.15096,2
13401,510924,10,3,3,0,0,0,0,7,0,0,309.991,2.066,6.15112,-0.000,328.323,107.366,330.916,301.351,102.698,301.870,330.916,18.904,311.464,6.15379,18.886,311.463,6.15121,2
13417,510934,10,3,3,0,0,0,0,7,0,0,309.991,2.066,6.15109,-0.000,328.323,107.366,330.916,301.351,102.698,301.870,330.916,18.904,311.464,6.15377,18.886,311.463,6.15112,2
13432,510944,10,3,3,0,0,0,0,7,0,0,309.991,2.066,6.15106,-0.000,328.323,107.366,330.916,301.351,102.698,301.870,330.916,18.904,311.464,6.15373,18.886,311.463,6.15109,2
13432,510954,10,3,3,0,0,0,0,7,0,0,309.991,2.066,6.15106,-0.000,328.323,107.366,330.916,301.351,102.698,301.870,330.916,18.904,311.464,6.15373,18.886,311.463,6.15106,2
13447,510964,10,3,3,0,0,0,0,7,0,0,309.991,2.066,6.15098,-0.000,328.323,107.366,330.916,301.351,102.698,301.870,330.916,18.904,311.464,6.15365,18.886,311.463,6.15106,2
13463,510974,10,3,3,0,0,0,0,7,0,0,309.991,2.066,6.15104,-0.000,328.323,107.366,330.916,301.351,102.698,301.870,330.916,18.904,311.464,6.15372,18.886,311.463,6.15098,2
13463,510984,10,3,3,0,0,0,0,7,0,0,309.991,2.066,6.15101,-0.000,328.323,107.366,330.916,301.351,102.698,301.870,330.916,18.904,311.464,6.15369,18.886,311.463,6.15104,2
13478,510994,10,3,3,0,0,0,0,7,0,0,309.991,2.066,6.15106,-0.000,328.323,107.366,330.916,301.351,102.698,301.870,330.916,18.904,311.464,6.15374,18.886,311.463,6.15101,2
13493,511004,10,3,3,0,0,0,0,7,0,0,309.991,2.066,6.15098,-0.000,328.323,107.366,330.916,301.351,102.698,301.870,330.916,18.904,311.464,6.15365,18.886,311.463,6.15106,2
13493,511014,10,3,3,0,0,0,0,7,0,0,309.991,2.066,6.15108,-0.000,328.323,107.366,330.916,301.351,102.698,301.870,330.916,18.904,311.464,6.15375,18.886,311.463,6.15098,2
13509,511024,10,3,3,0,0,0,0,7,0,0,309.991,2.066,6.15090,-0.000,328.323,107.366,330.916,301.351,102.698,301.870,330.916,18.903,311.464,6.15357,18.886,311.463,6.15108,2
13525,511034,10,3,3,0,0,0,0,7,0,0,309.991,2.066,6.15094,-0.000,328.323,107.366,330.916,301.351,102.698,301.870,330.916,18.903,311.464,6.15362,18.885,311.463,6.15090,2
13525,511044,10,3,3,0,0,0,0,7,0,0,309.991,2.066,6.15100,-0.000,328.323,107.366,330.916,301.351,102.698,301.870,330.916,18.904,311.464,6.15368,18.886,311.463,6.15094,2
13541,511054,10,3,3,0,0,0,0,7,0,0,309.991,2.066,6.15100,-0.000,328.323,107.366,330.916,301.351,102.698,301.870,330.916,18.904,311.464,6.15367,18.886,311.463,6.15100,2
13541,511064,10,3,3,0,0,0,0,7,0,0,309.991,2.066,6.15101,-0.000,328.323,107.366,330.916,301.351,102.698,301.870,330.916,18.904,311.464,6.15369,18.886,311.463,6.15100,2
13557,511074,10,3,3,0,0,0,0,7,0,0,309.991,2.066,6.15097,-0.000,328.323,107.366,330.916,301.351,102.698,301.870,330.916,18.904,311.464,6.15364,18.886,311.463,6.15101,2
13572,511084,10,3,3,0,0,0,0,7,0,0,309.991,2.066,6.15093,-0.000,328.323,107.366,330.916,301.351,102.698,301.870,330.916,18.903,311.464,6.15360,18.886,311.463,6.15097,2
13572,511094,10,3,3,0,0,0,0,7,0,0,309.991,2.066,6.15111,-0.000,328.323,107.366,330.916,301.351,102.698,301.870,330.916,18.904,311.464,6.15378,18.886,311.463,6.15093,2
13588,511104,10,3,3,0,0,0,0,7,0,0,309.991,2.066,6.15103,-0.000,328.323,107.366,330.916,301.351,102.698,301.870,330.916,18.904,311.464,6.15371,18.886,311.463,6.15111,2
13604,511114,10,3,3,0,0,0,0,7,0,0,309.991,2.066,6.15083,-0.000,328.323,107.366,330.916,301.351,102.698,301.870,330.916,18.903,311.464,6.15350,18.886,311.463,6.15103,2
13604,511124,10,3,3,0,0,0,0,7,0,0,309.991,2.066,6.15096,-0.000,328.323,107.366,330.916,301.351,102.698,301.870,330.916,18.904,311.464,6.15364,18.885,311.463,6.15083,2
13619,511134,10,3,3,0,0,0,0,7,0,0,309.991,2.066,6.15081,-0.000,328.323,107.366,330.916,301.351,102.698,301.870,330.916,18.903,311.464,6.15349,18.886,311.463,6.15096,2
13634,511144,10,3,3,0,0,0,0,7,0,0,309.991,2.066,6.15097,-0.000,328.323,107.366,330.916,301.351,102.698,301.870,330.916,18.904,311.464,6.15365,18.885,311.463,6.15081,2
13634,511154,10,3,3,0,0,0,0,7,0,0,309.991,2.066,6.15112,-0.000,328.323,107.366,330.916,301.351,102.698,301.870,330.916,18.904,311.464,6.15380,18.886,311.463,6.15097,2
13650,511164,10,3,3,0,0,0,0,7,0,0,309.991,2.066,6.15109,-0.000,328.323,107.366,330.916,301.351,102.698,301.870,330.916,18.904,311.464,6.15377,18.886,311.463,6.15112,2
13666,511174,10,3,3,0,0,0,0,7,0,0,309.991,2.066,6.15110,-0.000,328.323,107.366,330.916,301.351,102.698,301.870,330.916,18.904,311.464,6.15378,18.886,311.463,6.15109,2
13666,511184,10,3,3,0,0,0,0,7,0,0,309.991,2.066,6.15108,-0.000,328.323,107.366,330.916,301.351,102.698,301.870,330.916,18.904,311.464,6.15376,18.886,311.463,6.15110,2
13697,511194,10,3,3,0,0,0,0,7,0,0,309.991,2.066,6.15121,-0.000,328.323,107.366,330.916,301.351,102.698,301.870,330.916,18.904,311.464,6.15389,18.886,311.463,6.15108,2
13697,511204,10,3,3,0,0,0,0,7,0,0,309.991,2.066,6.15133,-0.000,328.323,107.366,330.916,301.351,102.698,301.870,330.916,18.904,311.464,6.15400,18.886,311.463,6.15121,2
13697,511214,10,3,3,0,0,0,0,7,0,0,309.991,2.066,6.15143,-0.000,328.323,107.366,330.916,301.351,102.698,301.870,330.916,18.904,311.464,6.15410,18.886,311.463,6.15133,2
13712,511224,10,3,3,0,0,0,0,7,0,0,309.991,2.066,6.15143,-0.000,328.323,107.366,330.916,301.351,102.698,301.870,330.916,18.904,311.464,6.15410,18.886,311.463,6.15143,2
13712,511234,10,3,3,0,0,0,0,7,0,0,309.991,2.066,6.15148,-0.000,328.323,107.366,330.916,301.351,102.698,301.870,330.916,18.904,311.464,6.15415,18.886,311.463,6.15143,2
13728,511244,10,3,3,0,0,0,0,7,0,0,309.991,2.066,6.15120,-0.000,328.323,107.366,330.916,301.351,102.698,301.870,330.916,18.904,311.464,6.15388,18.886,311.463,6.15148,2
13745,511254,10,3,3,0,0,0,0,7,0,0,309.991,2.066,6.15102,-0.000,328.323,107.366,330.916,301.351,102.698,301.870,330.916,18.904,311.464,6.15369,18.886,311.463,6.15120,2
13745,511264,10,3,3,0,0,0,0,7,0,0,309.991,2.066,6.15111,-0.000,328.323,107.366,330.916,301.351,102.698,301.870,330.916,18.904,311.464,6.15379,18.886,311.463,6.15102,2
13760,511274,10,3,3,0,0,0,0,7,0,0,309.991,2.066,6.15110,-0.000,328.323,107.366,330.916,301.351,102.698,301.870,330.916,18.904,311.464,6.15378,18.886,311.463,6.15112,2
13776,511284,10,3,3,0,0,0,0,7,0,0,309.991,2.066,6.15086,-0.000,328.323,107.366,330.916,301.351,102.698,301.870,330.916,18.903,311.464,6.15353,18.886,311.463,6.15110,2
13776,511294,10,3,3,0,0,0,0,7,0,0,309.991,2.066,6.15082,-0.000,328.323,107.366,330.916,301.351,102.698,301.870,330.916,18.903,311.464,6.15350,18.885,311.463,6.15086,2
13807,511304,10,3,3,0,0,0,0,7,0,0,309.991,2.066,6.15087,-0.000,328.323,107.366,330.916,301.351,102.698,301.870,330.916,18.903,311.464,6.15354,18.885,311.463,6.15082,2
13807,511314,10,3,3,0,0,0,0,7,0,0,309.991,2.066,6.15081,-0.000,328.323,107.366,330.916,301.351,102.698,301.870,330.916,18.903,311.464,6.15349,18.885,311.463,6.15087,2
13807,511324,10,3,3,0,0,0,0,7,0,0,309.991,2.066,6.15091,-0.000,328.323,107.366,330.916,301.351,102.698,301.870,330.916,18.903,311.464,6.15358,18.885,311.463,6.15082,2
13839,511334,10,3,3,0,0,0,0,7,0,0,309.991,2.066,6.15051,-0.000,328.323,107.366,330.916,301.351,102.698,301.870,330.916,18.903,311.464,6.15318,18.885,311.463,6.15091,2
13839,511344,10,3,3,0,0,0,0,7,0,0,309.991,2.066,6.15063,-0.000,328.323,107.366,330.916,301.351,102.698,301.870,330.916,18.903,311.464,6.15330,18.885,311.463,6.15051,2
13839,511354,10,3,3,0,0,0,0,7,0,0,309.991,2.066,6.15066,-0.000,328.323,107.366,330.916,301.351,102.698,301.870,330.916,18.903,311.464,6.15334,18.885,311.463,6.15062,2
13869,511364,10,3,3,0,0,0,0,7,0,0,309.991,2.066,6.15081,-0.000,328.323,107.366,330.916,301.351,102.698,301.870,330.916,18.903,311.464,6.15349,18.885,311.463,6.15066,2
13869,511374,10,3,3,0,0,0,0,7,0,0,309.991,2.066,6.15075,-0.000,328.323,107.366,330.916,301.351,102.698,301.870,330.916,18.903,311.464,6.15343,18.885,311.463,6.15081,2
13869,511384,10,3,3,0,0,0,0,7,0,0,309.991,2.066,6.15081,-0.000,328.323,107.366,330.916,301.351,102.698,301.870,330.916,18.903,311.464,6.15349,18.885,311.463,6.15075,2
13885,511394,10,3,3,0,0,0,0,7,0,0,309.991,2.066,6.15092,-0.000,328.323,107.366,330.916,301.351,102.698,301.870,330.916,18.903,311.464,6.15360,18.885,311.463,6.15081,2
13885,511404,10,3,3,0,0,0,0,7,0,0,309.991,2.066,6.15102,-0.000,328.323,107.366,330.916,301.351,102.698,301.870,330.916,18.904,311.464,6.15370,18.886,311.463,6.15092,2
13917,511414,10,3,3,0,0,0,0,7,0,0,309.991,2.066,6.15104,-0.000,328.323,107.366,330.916,301.351,102.698,301.870,330.916,18.904,311.464,6.15372,18.886,311.463,6.15102,2
13917,511424,10,3,3,0,0,0,0,7,0,0,309.991,2.066,6.15107,-0.000,328.323,107.366,330.916,301.351,102.698,301.870,330.916,18.904,311.464,6.15374,18.886,311.463,6.15104,2
13917,511434,10,3,3,0,0,0,0,7,0,0,309.991,2.066,6.15118,-0.000,328.323,107.366,330.916,301.351,102.698,301.870,330.916,18.904,311.464,6.15386,18.886,311.463,6.15107,2
13931,511444,10,3,3,0,0,0,0,7,0,0,309.991,2.066,6.15134,-0.000,328.323,107.366,330.916,301.351,102.698,301.870,330.916,18.904,311.464,6.15402,18.886,311.463,6.15118,2
13931,511454,10,3,3,0,0,0,0,7,0,0,309.991,2.066,6.15135,-0.000,328.323,107.366,330.916,301.351,102.698,301.870,330.916,18.904,311.464,6.15402,18.886,311.463,6.15134,2
13947,511464,10,3,3,0,0,0,0,7,0,0,309.991,2.066,6.15146,-0.000,328.323,107.366,330.916,301.351,102.698,301.870,330.916,18.904,311.464,6.15414,18.886,311.463,6.15135,2
13976,511474,10,3,3,0,0,0,0,7,0,0,309.991,2.066,6.15142,-0.000,328.323,107.366,330.916,301.351,102.698,301.870,330.916,18.904,311.464,6.15410,18.886,311.463,6.15146,2
13976,511484,10,3,3,0,0,0,0,7,0,0,309.991,2.066,6.15114,-0.000,328.323,107.366,330.916,301.351,102.698,301.870,330.916,18.904,311.464,6.15382,18.886,311.463,6.15142,2
13976,511494,10,3,3,0,0,0,0,7,0,0,309.991,2.066,6.15109,-0.000,328.323,107.366,330.916,301.351,102.698,301.870,330.916,18.904,311.464,6.15377,18.886,311.463,6.15114,2
14009,511504,10,3,3,0,0,0,0,7,0,0,309.991,2.066,6.15120,-0.000,328.323,107.366,330.916,301.351,102.698,301.870,330.916,18.904,311.464,6.15388,18.886,311.463,6.15109,2
14009,511514,10,3,3,0,0,0,0,7,0,0,309.991,2.066,6.15126,-0.000,328.323,107.366,330.916,301.351,102.698,301.870,330.916,18.904,311.464,6.15393,18.886,311.463,6.15120,2
14009,511524,10,3,3,0,0,0,0,7,0,0,309.991,2.066,6.15135,-0.000,328.323,107.366,330.916,301.351,102.698,301.870,330.916,18.904,311.464,6.15403,18.886,311.463,6.15126,2
14024,511534,10,3,3,0,0,0,0,7,0,0,309.991,2.066,6.15116,-0.000,328.323,107.366,330.916,301.351,102.698,301.870,330.916,18.904,311.464,6.15383,18.886,311.463,6.15135,2
14024,511544,10,3,3,0,0,0,0,7,0,0,309.991,2.066,6.15140,-0.000,328.323,107.366,330.916,301.351,102.698,301.870,330.916,18.904,311.464,6.15408,18.886,311.463,6.15116,2
14039,511554,10,3,3,0,0,0,0,7,0,0,309.991,2.066,6.15149,-0.000,328.323,107.366,330.916,301.351,102.698,301.870,330.916,18.904,311.464,6.15417,18.886,311.463,6.15140,2
14055,511564,10,3,3,0,0,0,0,7,0,0,309.991,2.066,6.15138,-0.000,328.323,107.366,330.916,301.351,102.698,301.870,330.916,18.904,311.464,6.15406,18.886,311.463,6.15149,2
14055,511574,10,3,3,0,0,0,0,7,0,0,309.991,2.066,6.15112,-0.000,328.323,107.366,330.916,301.351,102.698,301.870,330.916,18.904,311.464,6.15379,18.886,311.463,6.15138,2
14075,511584,10,3,3,0,0,0,0,7,0,0,309.991,2.066,6.15126,-0.000,328.323,107.366,330.916,301.351,102.698,301.870,330.916,18.904,311.464,6.15394,18.886,311.463,6.15112,2
14075,511594,10,3,3,0,0,0,0,7,0,0,309.991,2.066,6.15131,-0.000,328.323,107.366,330.916,301.351,102.698,301.870,330.916,18.904,311.464,6.15398,18.886,311.463,6.15126,2
14101,511604,10,3,3,0,0,0,0,7,0,0,309.991,2.066,6.15124,-0.000,328.323,107.366,330.916,301.351,102.698,301.870,330.916,18.904,311.464,6.15391,18.886,311.463,6.15131,2
14101,511614,10,3,3,0,0,0,0,7,0,0,309.991,2.066,6.15120,-0.000,328.323,107.366,330.916,301.351,102.698,301.870,330.916,18.904,311.464,6.15388,18.886,311.463,6.15124,2
14101,511624,10,3,3,0,0,0,0,7,0,0,309.991,2.066,6.15112,-0.000,328.323,107.366,330.916,301.351,102.698,301.870,330.916,18.904,311.464,6.15379,18.886,311.463,6.15120,2
14117,511634,10,3,3,0,0,0,0,7,0,0,309.991,2.066,6.15123,-0.000,328.323,107.366,330.916,301.351,102.698,301.870,330.916,18.904,311.464,6.15390,18.886,311.463,6.15112,2
14133,511644,10,3,3,0,0,0,0,7,0,0,309.991,2.066,6.15107,-0.000,328.323,107.366,330.916,301.351,102.698,301.870,330.916,18.904,311.464,6.15374,18.886,311.463,6.15123,2
14133,511654,10,3,3,0,0,0,0,7,0,0,309.991,2.066,6.15107,-0.000,328.323,107.366,330.916,301.351,102.698,301.870,330.916,18.904,311.464,6.15374,18.886,311.463,6.15106,2
14148,511664,10,3,3,0,0,0,0,7,0,0,309.991,2.066,6.15117,-0.000,328.323,107.366,330.916,301.351,102.698,301.870,330.916,18.904,311.464,6.15385,18.886,311.463,6.15106,2
14163,511674,10,3,3,0,0,0,0,7,0,0,309.991,2.066,6.15115,-0.000,328.323,107.366,330.916,301.351,102.698,301.870,330.916,18.904,311.464,6.15382,18.886,311.463,6.15117,2
14163,511684,10,3,3,0,0,0,0,7,0,0,309.991,2.066,6.15117,-0.000,328.323,107.366,330.916,301.351,102.698,301.870,330.916,18.904,311.464,6.15385,18.886,311.463,6.15115,2
14179,511694,10,3,3,0,0,0,0,7,0,0,309.991,2.066,6.15109,-0.000,328.323,107.366,330.916,301.351,102.698,301.870,330.916,18.904,311.464,6.15377,18.886,311.463,6.15117,2
14194,511704,10,3,3,0,0,0,0,7,0,0,309.991,2.066,6.15093,-0.000,328.323,107.366,330.916,301.351,102.698,301.870,330.916,18.903,311.464,6.15361,18.886,311.463,6.15109,2
14194,511714,10,3,3,0,0,0,0,7,0,0,309.991,2.066,6.15086,-0.000,328.323,107.366,330.916,301.351,102.698,301.870,330.916,18.903,311.464,6.15353,18.886,311.463,6.15093,2
14210,511724,10,3,3,0,0,0,0,7,0,0,309.991,2.066,6.15067,-0.000,328.323,107.366,330.916,301.351,102.698,301.870,330.916,18.903,311.464,6.15334,18.885,311.463,6.15086,2
14225,511734,10,3,3,0,0,0,0,7,0,0,309.991,2.066,6.15066,-0.000,328.323,107.366,330.916,301.351,102.698,301.870,330.916,18.903,311.464,6.15333,18.885,311.463,6.15067,2
14225,511744,10,3,3,0,0,0,0,7,0,0,309.991,2.066,6.15062,-0.000,328.323,107.366,330.916,301.351,102.698,301.870,330.916,18.903,311.464,6.15329,18.885,311.463,6.15066,2
14241,511754,10,3,3,0,0,0,0,7,0,0,309.991,2.066,6.15084,-0.000,328.323,107.366,330.916,301.351,102.698,301.870,330.916,18.903,311.464,6.15352,18.885,311.463,6.15062,2
14241,511764,10,3,3,0,0,0,0,7,0,0,309.991,2.066,6.15075,-0.000,328.323,107.366,330.916,301.351,102.698,301.870,330.916,18.903,311.464,6.15343,18.885,311.463,6.15084,2
14257,511774,10,3,3,0,0,0,0,7,0,0,309.991,2.066,6.15072,-0.000,328.323,107.366,330.916,301.351,102.698,301.870,330.916,18.903,311.464,6.15340,18.885,311.463,6.15075,2
14272,511784,10,3,3,0,0,0,0,7,0,0,309.991,2.066,6.15100,-0.000,328.323,107.366,330.916,301.351,102.698,301.870,330.916,18.904,311.464,6.15368,18.885,311.463,6.15072,2
14272,511794,10,3,3,0,0,0,0,7,0,0,309.991,2.066,6.15102,-0.000,328.323,107.366,330.916,301.351,102.698,301.870,330.916,18.904,311.464,6.15369,18.886,311.463,6.15100,2
14289,511804,10,3,3,0,0,0,0,7,0,0,309.991,2.066,6.15115,-0.000,328.323,107.366,330.916,301.351,102.698,301.870,330.916,18.904,311.464,6.15382,18.886,311.463,6.15102,2
14303,511814,10,3,3,0,0,0,0,7,0,0,309.991,2.066,6.15111,-0.000,328.323,107.366,330.916,301.351,102.698,301.870,330.916,18.904,311.464,6.15378,18.886,311.463,6.15115,2
14303,511824,10,3,3,0,0,0,0,7,0,0,309.991,2.066,6.15124,-0.000,328.323,107.366,330.916,301.351,102.698,301.870,330.916,18.904,311.464,6.15391,18.886,311.463,6.15111,2
14319,511834,10,3,3,0,0,0,0,7,0,0,309.991,2.066,6.15148,-0.000,328.323,107.366,330.916,301.351,102.698,301.870,330.916,18.904,311.464,6.15416,18.886,311.463,6.15124,2
14335,511844,10,3,3,0,0,0,0,7,0,0,309.991,2.066,6.15146,-0.000,328.323,107.366,330.916,301.351,102.698,301.870,330.916,18.904,311.464,6.15414,18.886,311.463,6.15148,2
14335,511854,10,3,3,0,0,0,0,7,0,0,309.991,2.066,6.15125,-0.000,328.323,107.366,330.916,301.351,102.698,301.870,330.916,18.904,311.464,6.15392,18.886,311.463,6.15146,2
14350,511864,10,3,3,0,0,0,0,7,0,0,309.991,2.066,6.15125,-0.000,328.323,107.366,330.916,301.351,102.698,301.870,330.916,18.904,311.464,6.15392,18.886,311.463,6.15125,2
14350,511874,10,3,3,0,0,0,0,7,0,0,309.991,2.066,6.15110,-0.000,328.323,107.366,330.916,301.351,102.698,301.870,330.916,18.904,311.464,6.15377,18.886,311.463,6.15125,2
14365,511884,10,3,3,0,0,0,0,7,0,0,309.991,2.066,6.15102,-0.000,328.323,107.366,330.916,301.351,102.698,301.870,330.916,18.904,311.464,6.15369,18.886,311.463,6.15110,2
14381,511894,10,3,3,0,0,0,0,7,0,0,309.991,2.066,6.15087,-0.000,328.323,107.366,330.916,301.351,102.698,301.870,330.916,18.903,311.464,6.15354,18.886,311.463,6.15102,2
14381,511904,10,3,3,0,0,0,0,7,0,0,309.991,2.066,6.15072,-0.000,328.323,107.366,330.916,301.351,102.698,301.870,330.916,18.903,311.464,6.15340,18.885,311.463,6.15087,2
14397,511914,10,3,3,0,0,0,0,7,0,0,309.991,2.066,6.15057,-0.000,328.323,107.366,330.916,301.351,102.698,301.870,330.916,18.903,311.464,6.15325,18.885,311.463,6.15072,2
14413,511924,10,3,3,0,0,0,0,7,0,0,309.991,2.066,6.15075,-0.000,328.323,107.366,330.916,301.351,102.698,301.870,330.916,18.903,311.464,6.15342,18.885,311.463,6.15057,2
14413,511934,10,3,3,0,0,0,0,7,0,0,309.991,2.066,6.15074,-0.000,328.323,107.366,330.916,301.351,102.698,301.870,330.916,18.903,311.464,6.15341,18.885,311.463,6.15075,2
14427,511944,10,3,3,0,0,0,0,7,0,0,309.991,2.066,6.15056,-0.000,328.323,107.366,330.916,301.351,102.698,301.870,330.916,18.903,311.464,6.15324,18.885,311.463,6.15074,2
14443,511954,10,3,3,0,0,0,0,7,0,0,309.991,2.066,6.15056,-0.000,328.323,107.366,330.916,301.351,102.698,301.870,330.916,18.903,311.464,6.15324,18.885,311.463,6.15056,2
14443,511964,10,3,3,0,0,0,0,7,0,0,309.991,2.066,6.15068,-0.000,328.323,107.366,330.916,301.351,102.698,301.870,330.916,18.903,311.464,6.15336,18.885,311.463,6.15056,2
14458,511974,10,3,3,0,0,0,0,7,0,0,309.991,2.066,6.15064,-0.000,328.323,107.366,330.916,301.351,102.698,301.870,330.916,18.903,311.464,6.15332,18.885,311.463,6.15068,2
14475,511984,10,3,3,0,0,0,0,7,0,0,309.991,2.066,6.15068,-0.000,328.323,107.366,330.916,301.351,102.698,301.870,330.916,18.903,311.464,6.15335,18.885,311.463,6.15064,2
14475,511994,10,3,3,0,0,0,0,7,0,0,309.991,2.066,6.15053,-0.000,328.323,107.366,330.916,301.351,102.698,301.870,330.916,18.903,311.464,6.15320,18.885,311.463,6.15068,2
14490,512004,10,3,3,0,0,0,0,7,0,0,309.991,2.066,6.15045,-0.000,328.323,107.366,330.916,301.351,102.698,301.870,330.916,18.903,311.464,6.15313,18.885,311.463,6.15053,2
14490,512014,10,3,3,0,0,0,0,7,0,0,309.991,2.066,6.15058,-0.000,328.323,107.366,330.916,301.351,102.698,301.870,330.916,18.903,311.464,6.15325,18.885,311.463,6.15045,2
14505,512024,10,3,3,0,0,0,0,7,0,0,309.991,2.066,6.15061,-0.000,328.323,107.366,330.916,301.351,102.698,301.870,330.916,18.903,311.464,6.15329,18.885,311.463,6.15058,2
14521,512034,10,3,3,0,0,0,0,7,0,0,309.991,2.066,6.15063,-0.000,328.323,107.366,330.916,301.351,102.698,301.870,330.916,18.903,311.464,6.15330,18.885,311.463,6.15061,2
14521,512044,10,3,3,0,0,0,0,7,0,0,309.991,2.066,6.15047,-0.000,328.323,107.366,330.916,301.351,102.698,301.870,330.916,18.903,311.464,6.15314,18.885,311.463,6.15063,2
14536,512054,10,3,3,0,0,0,0,7,0,0,309.991,2.066,6.15049,-0.000,328.323,107.366,330.916,301.351,102.698,301.870,330.916,18.903,311.464,6.15316,18.885,311.463,6.15047,2
14552,512064,10,3,3,0,0,0,0,7,0,0,309.991,2.066,6.15059,-0.000,328.323,107.366,330.916,301.351,102.698,301.870,330.916,18.903,311.464,6.15327,18.885,311.463,6.15049,2
14552,512074,10,3,3,0,0,0,0,7,0,0,309.991,2.066,6.15076,-0.000,328.323,107.366,330.916,301.351,102.698,301.870,330.916,18.903,311.464,6.15343,18.885,311.463,6.15059,2
14567,512084,10,3,3,0,0,0,0,7,0,0,309.991,2.066,6.15064,-0.000,328.323,107.366,330.916,301.351,102.698,301.870,330.916,18.903,311.464,6.15332,18.885,311.463,6.15076,2
14582,512094,10,3,3,0,0,0,0,7,0,0,309.991,2.066,6.15071,-0.000,328.323,107.366,330.916,301.351,102.698,301.870,330.916,18.903,311.464,6.15339,18.885,311.463,6.15064,2
14582,512104,10,3,3,0,0,0,0,7,0,0,309.991,2.066,6.15079,-0.000,328.323,107.366,330.916,301.351,102.698,301.870,330.916,18.903,311.464,6.15347,18.885,311.463,6.15071,2
14598,512114,10,3,3,0,0,0,0,7,0,0,309.991,2.066,6.15074,-0.000,328.323,107.366,330.916,301.351,102.698,301.870,330.916,18.903,311.464,6.15341,18.885,311.463,6.15079,2
14615,512124,10,3,3,0,0,0,0,7,0,0,309.991,2.066,6.15072,-0.000,328.323,107.366,330.916,301.351,102.698,301.870,330.916,18.903,311.464,6.15339,18.885,311.463,6.15074,2
14615,512134,10,3,3,0,0,0,0,7,0,0,309.991,2.066,6.15073,-0.000,328.323,107.366,330.916,301.351,102.698,301.870,330.916,18.903,311.464,6.15341,18.885,311.463,6.15072,2
14629,512144,10,3,3,0,0,0,0,7,0,0,309.991,2.066,6.15064,-0.000,328.323,107.366,330.916,301.351,102.698,301.870,330.916,18.903,311.464,6.15332,18.885,311.463,6.15073,2
14645,512154,10,3,3,0,0,0,0,7,0,0,309.991,2.066,6.15067,-0.000,328.323,107.366,330.916,301.351,102.698,301.870,330.916,18.903,311.464,6.15334,18.885,311.463,6.15064,2
14645,512164,10,3,3,0,0,0,0,7,0,0,309.991,2.066,6.15056,-0.000,328.323,107.366,330.916,301.351,102.698,301.870,330.916,18.903,311.464,6.15324,18.885,311.463,6.15066,2
14660,512174,10,3,3,0,0,0,0,7,0,0,309.991,2.066,6.15058,-0.000,328.323,107.366,330.916,301.351,102.698,301.870,330.916,18.903,311.464,6.15326,18.885,311.463,6.15056,2
14677,512184,10,3,3,0,0,0,0,7,0,0,309.991,2.066,6.15038,-0.000,328.323,107.366,330.916,301.351,102.698,301.870,330.916,18.903,311.464,6.15306,18.885,311.463,6.15058,2
14677,512194,10,3,3,0,0,0,0,7,0,0,309.991,2.066,6.15076,-0.000,328.323,107.366,330.916,301.351,102.698,301.870,330.916,18.903,311.464,6.15343,18.885,311.463,6.15038,2
14692,512204,10,3,3,0,0,0,0,7,0,0,309.991,2.066,6.15086,-0.000,328.323,107.366,330.916,301.351,102.698,301.870,330.916,18.903,311.464,6.15354,18.885,311.463,6.15076,2
14692,512214,10,3,3,0,0,0,0,7,0,0,309.991,2.066,6.15095,-0.000,328.323,107.366,330.916,301.351,102.698,301.870,330.916,18.904,311.464,6.15363,18.885,311.463,6.15086,2
14707,512224,10,3,3,0,0,0,0,7,0,0,309.991,2.066,6.15106,-0.000,328.323,107.366,330.916,301.351,102.698,301.870,330.916,18.904,311.464,6.15373,18.886,311.463,6.15095,2
14724,512234,10,3,3,0,0,0,0,7,0,0,309.991,2.066,6.15100,-0.000,328.323,107.366,330.916,301.351,102.698,301.870,330.916,18.904,311.464,6.15367,18.886,311.463,6.15106,2
14724,512244,10,3,3,0,0,0,0,7,0,0,309.991,2.066,6.15113,-0.000,328.323,107.366,330.916,301.351,102.698,301.870,330.916,18.904,311.464,6.15380,18.886,311.463,6.15100,2
14739,512254,10,3,3,0,0,0,0,7,0,0,309.991,2.066,6.15111,-0.000,328.323,107.366,330.916,301.351,102.698,301.870,330.916,18.904,311.464,6.15379,18.886,311.463,6.15112,2
14755,512264,10,3,3,0,0,0,0,7,0,0,309.991,2.066,6.15091,-0.000,328.323,107.366,330.916,301.351,102.698,301.870,330.916,18.903,311.464,6.15358,18.886,311.463,6.15111,2
14755,512274,10,3,3,0,0,0,0,7,0,0,309.991,2.066,6.15105,-0.000,328.323,107.366,330.916,301.351,102.698,301.870,330.916,18.904,311.464,6.15372,18.885,311.463,6.15091,2
14771,512284,10,3,3,0,0,0,0,7,0,0,309.991,2.066,6.15124,-0.000,328.323,107.366,330.916,301.351,102.698,301.870,330.916,18.904,311.464,6.15391,18.886,311.463,6.15105,2
14771,512294,10,3,3,0,0,0,0,7,0,0,309.991,2.066,6.15135,-0.000,328.323,107.366,330.916,301.351,102.698,301.870,330.916,18.904,311.464,6.15402,18.886,311.463,6.15124,2
14787,512304,10,3,3,0,0,0,0,7,0,0,309.991,2.066,6.15137,-0.000,328.323,107.366,330.916,301.351,102.698,301.870,330.916,18.904,311.464,6.15404,18.886,311.463,6.15135,2
14802,512314,10,3,3,0,0,0,0,7,0,0,309.991,2.066,6.15121,-0.000,328.323,107.366,330.916,301.351,102.698,301.870,330.916,18.904,311.464,6.15389,18.886,311.463,6.15137,2
14802,512324,10,3,3,0,0,0,0,7,0,0,309.991,2.066,6.15094,-0.000,328.323,107.366,330.916,301.351,102.698,301.870,330.916,18.903,311.464,6.15362,18.886,311.463,6.15121,2
14817,512334,10,3,3,0,0,0,0,7,0,0,309.991,2.066,6.15118,-0.000,328.323,107.366,330.916,301.351,102.698,301.870,330.916,18.904,311.464,6.15386,18.886,311.463,6.15094,2
14832,512344,10,3,3,0,0,0,0,7,0,0,309.991,2.066,6.15109,-0.000,328.323,107.366,330.916,301.351,102.698,301.870,330.916,18.904,311.464,6.15377,18.886,311.463,6.15118,2
14832,512354,10,3,3,0,0,0,0,7,0,0,309.991,2.066,6.15113,-0.000,328.323,107.366,330.916,301.351,102.698,301.870,330.916,18.904,311.464,6.15381,18.886,311.463,6.15109,2
14848,512364,10,3,3,0,0,0,0,7,0,0,309.991,2.066,6.15107,-0.000,328.323,107.366,330.916,301.351,102.698,301.870,330.916,18.904,311.464,6.15375,18.886,311.463,6.15113,2
14864,512374,10,3,3,0,0,0,0,7,0,0,309.991,2.066,6.15108,-0.000,328.323,107.366,330.916,301.351,102.698,301.870,330.916,18.904,311.464,6.15375,18.886,311.463,6.15107,2
14864,512384,10,3,3,0,0,0,0,7,0,0,309.991,2.066,6.15100,-0.000,328.323,107.366,330.916,301.351,102.698,301.870,330.916,18.904,311.464,6.15368,18.886,311.463,6.15108,2
14879,512394,10,3,3,0,0,0,0,7,0,0,309.991,2.066,6.15073,-0.000,328.323,107.366,330.916,301.351,102.698,301.870,330.916,18.903,311.464,6.15341,18.886,311.463,6.15100,2
14895,512404,10,3,3,0,0,0,0,7,0,0,309.991,2.066,6.15056,-0.000,328.323,107.366,330.916,301.351,102.698,301.870,330.916,18.903,311.464,6.15323,18.885,311.463,6.15073,2
14895,512414,10,3,3,0,0,0,0,7,0,0,309.991,2.066,6.15050,-0.000,328.323,107.366,330.916,301.351,102.698,301.870,330.916,18.903,311.464,6.15318,18.885,311.463,6.15056,2
14910,512424,10,3,3,0,0,0,0,7,0,0,309.991,2.066,6.15061,-0.000,328.323,107.366,330.916,301.351,102.698,301.870,330.916,18.903,311.464,6.15328,18.885,311.463,6.15050,2
14926,512434,10,3,3,0,0,0,0,7,0,0,309.991,2.066,6.15063,-0.000,328.323,107.366,330.916,301.351,102.698,301.870,330.916,18.903,311.464,6.15331,18.885,311.463,6.15061,2
14926,512444,10,3,3,0,0,0,0,7,0,0,309.991,2.066,6.15066,-0.000,328.323,107.366,330.916,301.351,102.698,301.870,330.916,18.903,311.464,6.15334,18.885,311.463,6.15063,2
14942,512454,10,3,3,0,0,0,0,7,0,0,309.991,2.066,6.15067,-0.000,328.323,107.366,330.916,301.351,102.698,301.870,330.916,18.903,311.464,6.15335,18.885,311.463,6.15066,2
14942,512464,10,3,3,0,0,0,0,7,0,0,309.991,2.066,6.15052,-0.000,328.323,107.366,330.916,301.351,102.698,301.870,330.916,18.903,311.464,6.15319,18.885,311.463,6.15067,2
14958,512474,10,3,3,0,0,0,0,7,0,0,309.991,2.066,6.15056,-0.000,328.323,107.366,330.916,301.351,102.698,301.870,330.916,18.903,311.464,6.15323,18.885,311.463,6.15052,2
14973,512484,10,3,3,0,0,0,0,7,0,0,309.991,2.066,6.15073,-0.000,328.323,107.366,330.916,301.351,102.698,301.870,330.916,18.903,311.464,6.15340,18.885,311.463,6.15056,2
14973,512494,10,3,3,0,0,0,0,7,0,0,309.991,2.066,6.15068,-0.000,328.323,107.366,330.916,301.351,102.698,301.870,330.916,18.903,311.464,6.15336,18.885,311.463,6.15073,2
14988,512504,10,3,3,0,0,0,0,7,0,0,309.991,2.066,6.15079,-0.000,328.323,107.366,330.916,301.351,102.698,301.870,330.916,18.903,311.464,6.15346,18.885,311.463,6.15068,2
15004,512514,10,3,3,0,0,0,0,7,0,0,309.991,2.066,6.15091,-0.000,328.323,107.366,330.916,301.351,102.698,301.870,330.916,18.903,311.464,6.15359,18.885,311.463,6.15079,2
15004,512524,10,3,3,0,0,0,0,7,0,0,309.991,2.066,6.15098,-0.000,328.323,107.366,330.916,301.351,102.698,301.870,330.916,18.904,311.464,6.15366,18.885,311.463,6.15091,2
15019,512534,10,3,3,0,0,0,0,7,0,0,309.991,2.066,6.15110,-0.000,328.323,107.366,330.916,301.351,102.698,301.870,330.916,18.904,311.464,6.15378,18.886,311.463,6.15098,2
15035,512544,10,3,3,0,0,0,0,7,0,0,309.991,2.066,6.15108,-0.000,328.323,107.366,330.916,301.351,102.698,301.870,330.916,18.904,311.464,6.15376,18.886,311.463,6.15110,2
15035,512554,10,3,3,0,0,0,0,7,0,0,309.991,2.066,6.15094,-0.000,328.323,107.366,330.916,301.351,102.698,301.870,330.916,18.903,311.464,6.15361,18.886,311.463,6.15108,2
15051,512564,10,3,3,0,0,0,0,7,0,0,309.991,2.066,6.15099,-0.000,328.323,107.366,330.916,301.351,102.698,301.870,330.916,18.904,311.464,6.15366,18.886,311.463,6.15094,2
15051,512574,10,3,3,0,0,0,0,7,0,0,309.991,2.066,6.15103,-0.000,328.323,107.366,330.916,301.351,102.698,301.870,330.916,18.904,311.464,6.15371,18.886,311.463,6.15099,2
15066,512584,10,3,3,0,0,0,0,7,0,0,309.991,2.066,6.15140,-0.000,328.323,107.366,330.916,301.351,102.698,301.870,330.916,18.904,311.464,6.15408,18.886,311.463,6.15103,2
15081,512594,10,3,3,0,0,0,0,7,0,0,309.991,2.066,6.15146,-0.000,328.323,107.366,330.916,301.351,102.698,301.870,330.916,18.904,311.464,6.15414,18.886,311.463,6.15140,2
15081,512604,10,3,3,0,0,0,0,7,0,0,309.991,2.066,6.15138,-0.000,328.323,107.366,330.916,301.351,102.698,301.870,330.916,18.904,311.464,6.15406,18.886,311.463,6.15146,2
15097,512614,10,3,3,0,0,0,0,7,0,0,309.991,2.066,6.15164,-0.000,328.323,107.366,330.916,301.351,102.698,301.870,330.916,18.904,311.464,6.15431,18.886,311.463,6.15138,2
15112,512624,10,3,3,0,0,0,0,7,0,0,309.991,2.066,6.15165,-0.000,328.323,107.366,330.916,301.351,102.698,301.870,330.916,18.904,311.464,6.15433,18.886,311.463,6.15164,2
15112,512634,10,3,3,0,0,0,0,7,0,0,309.991,2.066,6.15136,-0.000,328.323,107.366,330.916,301.351,102.698,301.870,330.916,18.904,311.464,6.15403,18.886,311.463,6.15165,2
15128,512644,10,3,3,0,0,0,0,7,0,0,309.991,2.066,6.15135,-0.000,328.323,107.366,330.916,301.351,102.698,301.870,330.916,18.904,311.464,6.15402,18.886,311.463,6.15136,2
15144,512654,10,3,3,0,0,0,0,7,0,0,309.991,2.066,6.15133,-0.000,328.323,107.366,330.916,301.351,102.698,301.870,330.916,18.904,311.464,6.15401,18.886,311.463,6.15135,2
15144,512664,10,3,3,0,0,0,0,7,0,0,309.991,2.066,6.15105,-0.000,328.323,107.366,330.916,301.351,102.698,301.870,330.916,18.904,311.464,6.15373,18.886,311.463,6.15133,2
15160,512674,10,3,3,0,0,0,0,7,0,0,309.991,2.066,6.15116,-0.000,328.323,107.366,330.916,301.351,102.698,301.870,330.916,18.904,311.464,6.15384,18.886,311.463,6.15105,2
15175,512684,10,3,3,0,0,0,0,7,0,0,309.991,2.066,6.15122,-0.000,328.323,107.366,330.916,301.351,102.698,301.870,330.916,18.904,311.464,6.15390,18.886,311.463,6.15116,2
15175,512694,10,3,3,0,0,0,0,7,0,0,309.991,2.066,6.15114,-0.000,328.323,107.366,330.916,301.351,102.698,301.870,330.916,18.904,311.464,6.15382,18.886,311.463,6.15122,2
15191,512704,10,3,3,0,0,0,0,7,0,0,309.991,2.066,6.15122,-0.000,328.323,107.366,330.916,301.351,102.698,301.870,330.916,18.904,311.464,6.15389,18.886,311.463,6.15114,2
15191,512714,10,3,3,0,0,0,0,7,0,0,309.991,2.066,6.15142,-0.000,328.323,107.366,330.916,301.351,102.698,301.870,330.916,18.904,311.464,6.15410,18.886,311.463,6.15122,2
15207,512724,10,3,3,0,0,0,0,7,0,0,309.991,2.066,6.15131,-0.000,328.323,107.366,330.916,301.351,102.698,301.870,330.916,18.904,311.464,6.15398,18.886,311.463,6.15142,2
15223,512734,10,3,3,0,0,0,0,7,0,0,309.991,2.066,6.15122,-0.000,328.323,107.366,330.916,301.351,102.698,301.870,330.916,18.904,311.464,6.15390,18.886,311.463,6.15131,2
15223,512744,10,3,3,0,0,0,0,7,0,0,309.991,2.066,6.15120,-0.000,328.323,107.366,330.916,301.351,102.698,301.870,330.916,18.904,311.464,6.15388,18.886,311.463,6.15122,2
15238,512754,10,3,3,0,0,0,0,7,0,0,309.991,2.066,6.15114,-0.000,328.323,107.366,330.916,301.351,102.698,301.870,330.916,18.904,311.464,6.15382,18.886,311.463,6.15120,2
15253,512764,10,3,3,0,0,0,0,7,0,0,309.991,2.066,6.15110,-0.000,328.323,107.366,330.916,301.351,102.698,301.870,330.916,18.904,311.464,6.15378,18.886,311.463,6.15114,2
15253,512774,10,3,3,0,0,0,0,7,0,0,309.991,2.066,6.15099,-0.000,328.323,107.366,330.916,301.351,102.698,301.870,330.916,18.904,311.464,6.15367,18.886,311.463,6.15110,2
15270,512784,10,3,3,0,0,0,0,7,0,0,309.991,2.066,6.15115,-0.000,328.323,107.366,330.916,301.351,102.698,301.870,330.916,18.904,311.464,6.15383,18.886,311.463,6.15099,2
15285,512794,10,3,3,0,0,0,0,7,0,0,309.991,2.066,6.15121,-0.000,328.323,107.366,330.916,301.351,102.698,301.870,330.916,18.904,311.464,6.15388,18.886,311.463,6.15115,2
15285,512804,10,3,3,0,0,0,0,7,0,0,309.991,2.066,6.15125,-0.000,328.323,107.366,330.916,301.351,102.698,301.870,330.916,18.904,311.464,6.15393,18.886,311.463,6.15121,2
15300,512814,10,3,3,0,0,0,0,7,0,0,309.991,2.066,6.15123,-0.000,328.323,107.366,330.916,301.351,102.698,301.870,330.916,18.904,311.464,6.15391,18.886,311.463,6.15125,2
15316,512824,10,3,3,0,0,0,0,7,0,0,309.991,2.066,6.15086,-0.000,328.323,107.366,330.916,301.351,102.698,301.870,330.916,18.903,311.464,6.15354,18.886,311.463,6.15124,2
15316,512834,10,3,3,0,0,0,0,7,0,0,309.991,2.066,6.15057,-0.000,328.323,107.366,330.916,301.351,102.698,301.870,330.916,18.903,311.464,6.15324,18.885,311.463,6.15086,2
15331,512844,10,3,3,0,0,0,0,7,0,0,309.991,2.066,6.15053,-0.000,328.323,107.366,330.916,301.351,102.698,301.870,330.916,18.903,311.464,6.15320,18.885,311.463,6.15057,2
15331,512854,10,3,3,0,0,0,0,7,0,0,309.991,2.066,6.15056,-0.000,328.323,107.366,330.916,301.351,102.698,301.870,330.916,18.903,311.464,6.15323,18.885,311.463,6.15053,2
15347,512864,10,3,3,0,0,0,0,7,0,0,309.991,2.066,6.15057,-0.000,328.323,107.366,330.916,301.351,102.698,301.870,330.916,18.903,311.464,6.15325,18.885,311.463,6.15056,2
15362,512874,10,3,3,0,0,0,0,7,0,0,309.991,2.066,6.15064,-0.000,328.323,107.366,330.916,301.351,102.698,301.870,330.916,18.903,311.464,6.15332,18.885,311.463,6.15057,2
15362,512884,10,3,3,0,0,0,0,7,0,0,309.991,2.066,6.15102,-0.000,328.323,107.366,330.916,301.351,102.698,301.870,330.916,18.904,311.464,6.15370,18.885,311.463,6.15064,2
15378,512894,10,3,3,0,0,0,0,7,0,0,309.991,2.066,6.15087,-0.000,328.323,107.366,330.916,301.351,102.698,301.870,330.916,18.903,311.464,6.15355,18.886,311.463,6.15102,2
15393,512904,10,3,3,0,0,0,0,7,0,0,309.991,2.066,6.15079,-0.000,328.323,107.366,330.916,301.351,102.698,301.870,330.916,18.903,311.464,6.15347,18.885,311.463,6.15087,2
15393,512914,10,3,3,0,0,0,0,7,0,0,309.991,2.066,6.15077,-0.000,328.323,107.366,330.916,301.351,102.698,301.870,330.916,18.903,311.464,6.15344,18.885,311.463,6.15079,2
15409,512924,10,3,3,0,0,0,0,7,0,0,309.991,2.066,6.15077,-0.000,328.323,107.366,330.916,301.351,102.698,301.870,330.916,18.903,311.464,6.15344,18.885,311.463,6.15076,2
15425,512934,10,3,3,0,0,0,0,7,0,0,309.991,2.066,6.15073,-0.000,328.323,107.366,330.916,301.351,102.698,301.870,330.916,18.903,311.464,6.15341,18.885,311.463,6.15077,2
15425,512944,10,3,3,0,0,0,0,7,0,0,309.991,2.066,6.15089,-0.000,328.323,107.366,330.916,301.351,102.698,301.870,330.916,18.903,311.464,6.15356,18.885,311.463,6.15073,2
15440,512954,10,3,3,0,0,0,0,7,0,0,309.991,2.066,6.15109,-0.000,328.323,107.366,330.916,301.351,102.698,301.870,330.916,18.904,311.464,6.15376,18.885,311.463,6.15089,2
15456,512964,10,3,3,0,0,0,0,7,0,0,309.991,2.066,6.15130,-0.000,328.323,107.366,330.916,301.351,102.698,301.870,330.916,18.904,311.464,6.15397,18.886,311.463,6.15109,2
15456,512974,10,3,3,0,0,0,0,7,0,0,309.991,2.066,6.15117,-0.000,328.323,107.366,330.916,301.351,102.698,301.870,330.916,18.904,311.464,6.15384,18.886,311.463,6.15130,2
15471,512984,10,3,3,0,0,0,0,7,0,0,309.991,2.066,6.15100,-0.000,328.323,107.366,330.916,301.351,102.698,301.870,330.916,18.904,311.464,6.15368,18.886,311.463,6.15117,2
15471,512994,10,3,3,0,0,0,0,7,0,0,309.991,2.066,6.15093,-0.000,328.323,107.366,330.916,301.351,102.698,301.870,330.916,18.903,311.464,6.15361,18.886,311.463,6.15100,2
15488,513004,10,3,3,0,0,0,0,7,0,0,309.991,2.066,6.15086,-0.000,328.323,107.366,330.916,301.351,102.698,301.870,330.916,18.903,311.464,6.15354,18.886,311.463,6.15093,2
15503,513014,10,3,3,0,0,0,0,7,0,0,309.991,2.066,6.15104,-0.000,328.323,107.366,330.916,301.351,102.698,301.870,330.916,18.904,311.464,6.15371,18.885,311.463,6.15086,2
15503,513024,10,3,3,0,0,0,0,7,0,0,309.991,2.066,6.15088,-0.000,328.323,107.366,330.916,301.351,102.698,301.870,330.916,18.903,311.464,6.15356,18.886,311.463,6.15104,2
15518,513034,10,3,3,0,0,0,0,7,0,0,309.991,2.066,6.15089,-0.000,328.323,107.366,330.916,301.351,102.698,301.870,330.916,18.903,311.464,6.15356,18.885,311.463,6.15088,2
15533,513044,10,3,3,0,0,0,0,7,0,0,309.991,2.066,6.15097,-0.000,328.323,107.366,330.916,301.351,102.698,301.870,330.916,18.904,311.464,6.15364,18.885,311.463,6.15089,2
15533,513054,10,3,3,0,0,0,0,7,0,0,309.991,2.066,6.15068,-0.000,328.323,107.366,330.916,301.351,102.698,301.870,330.916,18.903,311.464,6.15335,18.886,311.463,6.15097,2
15549,513064,10,3,3,0,0,0,0,7,0,0,309.991,2.066,6.15070,-0.000,328.323,107.366,330.916,301.351,102.698,301.870,330.916,18.903,311.464,6.15338,18.885,311.463,6.15068,2
15565,513074,10,3,3,0,0,0,0,7,0,0,309.991,2.066,6.15071,-0.000,328.323,107.366,330.916,301.351,102.698,301.870,330.916,18.903,311.464,6.15338,18.885,311.463,6.15070,2
15565,513084,10,3,3,0,0,0,0,7,0,0,309.991,2.066,6.15098,-0.000,328.323,107.366,330.916,301.351,102.698,301.870,330.916,18.904,311.464,6.15366,18.885,311.463,6.15071,2
15580,513094,10,3,3,0,0,0,0,7,0,0,309.991,2.066,6.15104,-0.000,328.323,107.366,330.916,301.351,102.698,301.870,330.916,18.904,311.464,6.15372,18.886,311.463,6.15098,2
15595,513104,10,3,3,0,0,0,0,7,0,0,309.991,2.066,6.15091,-0.000,328.323,107.366,330.916,301.351,102.698,301.870,330.916,18.903,311.464,6.15359,18.886,311.463,6.15104,2
15595,513114,10,3,3,0,0,0,0,7,0,0,309.991,2.066,6.15078,-0.000,328.323,107.366,330.916,301.351,102.698,301.870,330.916,18.903,311.464,6.15346,18.885,311.463,6.15091,2
15610,513124,10,3,3,0,0,0,0,7,0,0,309.991,2.066,6.15056,-0.000,328.323,107.366,330.916,301.351,102.698,301.870,330.916,18.903,311.464,6.15324,18.885,311.463,6.15078,2
15627,513134,10,3,3,0,0,0,0,7,0,0,309.991,2.066,6.15052,-0.000,328.323,107.366,330.916,301.351,102.698,301.870,330.916,18.903,311.464,6.15319,18.885,311.463,6.15056,2
15627,513144,10,3,3,0,0,0,0,7,0,0,309.991,2.066,6.15063,-0.000,328.323,107.366,330.916,301.351,102.698,301.870,330.916,18.903,311.464,6.15331,18.885,311.463,6.15052,2
15641,513154,10,3,3,0,0,0,0,7,0,0,309.991,2.066,6.15064,-0.000,328.323,107.366,330.916,301.351,102.698,301.870,330.916,18.903,311.464,6.15332,18.885,311.463,6.15063,2
15641,513164,10,3,3,0,0,0,0,7,0,0,309.991,2.066,6.15056,-0.000,328.323,107.366,330.916,301.351,102.698,301.870,330.916,18.903,311.464,6.15323,18.885,311.463,6.15064,2
15656,513174,10,3,3,0,0,0,0,7,0,0,309.991,2.066,6.15048,-0.000,328.323,107.366,330.916,301.351,102.698,301.870,330.916,18.903,311.464,6.15315,18.885,311.463,6.15056,2
15673,513184,10,3,3,0,0,0,0,7,0,0,309.991,2.066,6.15060,-0.000,328.323,107.366,330.916,301.351,102.698,301.870,330.916,18.903,311.464,6.15327,18.885,311.463,6.15048,2
15673,513194,10,3,3,0,0,0,0,7,0,0,309.991,2.066,6.15053,-0.000,328.323,107.366,330.916,301.351,102.698,301.870,330.916,18.903,311.464,6.15320,18.885,311.463,6.15060,2
15688,513204,10,3,3,0,0,0,0,7,0,0,309.991,2.066,6.15062,-0.000,328.323,107.366,330.916,301.351,102.698,301.870,330.916,18.903,311.464,6.15330,18.885,311.463,6.15053,2
15704,513214,10,3,3,0,0,0,0,7,0,0,309.991,2.066,6.15059,-0.000,328.323,107.366,330.916,301.351,102.698,301.870,330.916,18.903,311.464,6.15327,18.885,311.463,6.15062,2
15704,513224,10,3,3,0,0,0,0,7,0,0,309.991,2.066,6.15084,-0.000,328.323,107.366,330.916,301.351,102.698,301.870,330.916,18.903,311.464,6.15352,18.885,311.463,6.15059,2
15720,513234,10,3,3,0,0,0,0,7,0,0,309.991,2.066,6.15099,-0.000,328.323,107.366,330.916,301.351,102.698,301.870,330.916,18.904,311.464,6.15366,18.885,311.463,6.15084,2
15736,513244,10,3,3,0,0,0,0,7,0,0,309.991,2.066,6.15088,-0.000,328.323,107.366,330.916,301.351,102.698,301.870,330.916,18.903,311.464,6.15356,18.886,311.463,6.15099,2
15736,513254,10,3,3,0,0,0,0,7,0,0,309.991,2.066,6.15072,-0.000,328.323,107.366,330.916,301.351,102.698,301.870,330.916,18.903,311.464,6.15340,18.885,311.463,6.15088,2
15752,513264,10,3,3,0,0,0,0,7,0,0,309.991,2.066,6.15089,-0.000,328.323,107.366,330.916,301.351,102.698,301.870,330.916,18.903,311.464,6.15357,18.885,311.463,6.15072,2
15752,513274,10,3,3,0,0,0,0,7,0,0,309.991,2.066,6.15088,-0.000,328.323,107.366,330.916,301.351,102.698,301.870,330.916,18.903,311.464,6.15355,18.885,311.463,6.15090,2
15767,513284,10,3,3,0,0,0,0,7,0,0,309.991,2.066,6.15097,-0.000,328.323,107.366,330.916,301.351,102.698,301.870,330.916,18.904,311.464,6.15364,18.885,311.463,6.15088,2
15782,513294,10,3,3,0,0,0,0,7,0,0,309.991,2.066,6.15100,-0.000,328.323,107.366,330.916,301.351,102.698,301.870,330.916,18.904,311.464,6.15368,18.886,311.463,6.15097,2
15782,513304,10,3,3,0,0,0,0,7,0,0,309.991,2.066,6.15101,-0.000,328.323,107.366,330.916,301.351,102.698,301.870,330.916,18.904,311.464,6.15368,18.886,311.463,6.15100,2
15798,513314,10,3,3,0,0,0,0,7,0,0,309.991,2.066,6.15109,-0.000,328.323,107.366,330.916,301.351,102.698,301.870,330.916,18.904,311.464,6.15377,18.886,311.463,6.15101,2
15814,513324,10,3,3,0,0,0,0,7,0,0,309.991,2.066,6.15107,-0.000,328.323,107.366,330.916,301.351,102.698,301.870,330.916,18.904,311.464,6.15374,18.886,311.463,6.15110,2
15814,513334,10,3,3,0,0,0,0,7,0,0,309.991,2.066,6.15113,-0.000,328.323,107.366,330.916,301.351,102.698,301.870,330.916,18.904,311.464,6.15380,18.886,311.463,6.15107,2
15830,513344,10,3,3,0,0,0,0,7,0,0,309.991,2.066,6.15127,-0.000,328.323,107.366,330.916,301.351,102.698,301.870,330.916,18.904,311.464,6.15395,18.886,311.463,6.15113,2
15846,513354,10,3,3,0,0,0,0,7,0,0,309.991,2.066,6.15130,-0.000,328.323,107.366,330.916,301.351,102.698,301.870,330.916,18.904,311.464,6.15398,18.886,311.463,6.15127,2
15846,513364,10,3,3,0,0,0,0,7,0,0,309.991,2.066,6.15132,-0.000,328.323,107.366,330.916,301.351,102.698,301.870,330.916,18.904,311.464,6.15399,18.886,311.463,6.15130,2
15862,513374,10,3,3,0,0,0,0,7,0,0,309.991,2.066,6.15138,-0.000,328.323,107.366,330.916,301.351,102.698,301.870,330.916,18.904,311.464,6.15406,18.886,311.463,6.15132,2
15862,513384,10,3,3,0,0,0,0,7,0,0,309.991,2.066,6.15128,-0.000,328.323,107.366,330.916,301.351,102.698,301.870,330.916,18.904,311.464,6.15395,18.886,311.463,6.15138,2
15878,513394,10,3,3,0,0,0,0,7,0,0,309.991,2.066,6.15127,-0.000,328.323,107.366,330.916,301.351,102.698,301.870,330.916,18.904,311.464,6.15394,18.886,311.463,6.15128,2
15894,513404,10,3,3,0,0,0,0,7,0,0,309.991,2.066,6.15115,-0.000,328.323,107.366,330.916,301.351,102.698,301.870,330.916,18.904,311.464,6.15383,18.886,311.463,6.15127,2
15894,513414,10,3,3,0,0,0,0,7,0,0,309.991,2.066,6.15118,-0.000,328.323,107.366,330.916,301.351,102.698,301.870,330.916,18.904,311.464,6.15386,18.886,311.463,6.15115,2
15908,513424,10,3,3,0,0,0,0,7,0,0,309.991,2.066,6.15112,-0.000,328.323,107.366,330.916,301.351,102.698,301.870,330.916,18.904,311.464,6.15379,18.886,311.463,6.15118,2
15925,513434,10,3,3,0,0,0,0,7,0,0,309.991,2.066,6.15125,-0.000,328.323,107.366,330.916,301.351,102.698,301.870,330.916,18.904,311.464,6.15393,18.886,311.463,6.15112,2
15925,513444,10,3,3,0,0,0,0,7,0,0,309.991,2.066,6.15121,-0.000,328.323,107.366,330.916,301.351,102.698,301.870,330.916,18.904,311.464,6.15389,18.886,311.463,6.15125,2
15940,513454,10,3,3,0,0,0,0,7,0,0,309.991,2.066,6.15123,-0.000,328.323,107.366,330.916,301.351,102.698,301.870,330.916,18.904,311.464,6.15391,18.886,311.463,6.15121,2
15955,513464,10,3,3,0,0,0,0,7,0,0,309.991,2.066,6.15107,-0.000,328.323,107.366,330.916,301.351,102.698,301.870,330.916,18.904,311.464,6.15374,18.886,311.463,6.15123,2
15955,513474,10,3,3,0,0,0,0,7,0,0,309.991,2.066,6.15125,-0.000,328.323,107.366,330.916,301.351,102.698,301.870,330.916,18.904,311.464,6.15393,18.886,311.463,6.15107,2
15970,513484,10,3,3,0,0,0,0,7,0,0,309.991,2.066,6.15136,-0.000,328.323,107.366,330.916,301.351,102.698,301.870,330.916,18.904,311.464,6.15403,18.886,311.463,6.15125,2
15986,513494,10,3,3,0,0,0,0,7,0,0,309.991,2.066,6.15138,-0.000,328.323,107.366,330.916,301.351,102.698,301.870,330.916,18.904,311.464,6.15406,18.886,311.463,6.15136,2
15986,513504,10,3,3,0,0,0,0,7,0,0,309.991,2.066,6.15135,-0.000,328.323,107.366,330.916,301.351,102.698,301.870,330.916,18.904,311.464,6.15402,18.886,311.463,6.15138,2
16002,513514,10,3,3,0,0,0,0,7,0,0,309.991,2.066,6.15140,-0.000,328.323,107.366,330.916,301.351,102.698,301.870,330.916,18.904,311.464,6.15408,18.886,311.463,6.15135,2
16002,513524,10,3,3,0,0,0,0,7,0,0,309.991,2.066,6.15125,-0.000,328.323,107.366,330.916,301.351,102.698,301.870,330.916,18.904,311.464,6.15393,18.886,311.463,6.15140,2
16016,513534,10,3,3,0,0,0,0,7,0,0,309.991,2.066,6.15134,-0.000,328.323,107.366,330.916,301.351,102.698,301.870,330.916,18.904,311.464,6.15402,18.886,311.463,6.15125,2
16033,513544,10,3,3,0,0,0,0,7,0,0,309.991,2.066,6.15121,-0.000,328.323,107.366,330.916,301.351,102.698,301.870,330.916,18.904,311.464,6.15389,18.886,311.463,6.15134,2
16033,513554,10,3,3,0,0,0,0,7,0,0,309.991,2.066,6.15120,-0.000,328.323,107.366,330.916,301.351,102.698,301.870,330.916,18.904,311.464,6.15388,18.886,311.463,6.15121,2
16048,513564,10,3,3,0,0,0,0,7,0,0,309.991,2.066,6.15120,-0.000,328.323,107.366,330.916,301.351,102.698,301.870,330.916,18.904,311.464,6.15388,18.886,311.463,6.15120,2
16064,513574,10,3,3,0,0,0,0,7,0,0,309.991,2.066,6.15112,-0.000,328.323,107.366,330.916,301.351,102.698,301.870,330.916,18.904,311.464,6.15379,18.886,311.463,6.15120,2
16064,513584,10,3,3,0,0,0,0,7,0,0,309.991,2.066,6.15098,-0.000,328.323,107.366,330.916,301.351,102.698,301.870,330.916,18.904,311.464,6.15366,18.886,311.463,6.15112,2
16080,513594,10,3,3,0,0,0,0,7,0,0,309.991,2.066,6.15095,-0.000,328.323,107.366,330.916,301.351,102.698,301.870,330.916,18.904,311.464,6.15362,18.886,311.463,6.15098,2
16096,513604,10,3,3,0,0,0,0,7,0,0,309.991,2.066,6.15106,-0.000,328.323,107.366,330.916,301.351,102.698,301.870,330.916,18.904,311.464,6.15373,18.886,311.463,6.15095,2
16096,513614,10,3,3,0,0,0,0,7,0,0,309.991,2.066,6.15104,-0.000,328.323,107.366,330.916,301.351,102.698,301.870,330.916,18.904,311.464,6.15372,18.886,311.463,6.15106,2
16111,513624,10,3,3,0,0,0,0,7,0,0,309.991,2.066,6.15127,-0.000,328.323,107.366,330.916,301.351,102.698,301.870,330.916,18.904,311.464,6.15395,18.886,311.463,6.15104,2
16111,513634,10,3,3,0,0,0,0,7,0,0,309.991,2.066,6.15142,-0.000,328.323,107.366,330.916,301.351,102.698,301.870,330.916,18.904,311.464,6.15409,18.886,311.463,6.15127,2
16127,513644,10,3,3,0,0,0,0,7,0,0,309.991,2.066,6.15132,-0.000,328.323,107.366,330.916,301.351,102.698,301.870,330.916,18.904,311.464,6.15399,18.886,311.463,6.15142,2
16142,513654,10,3,3,0,0,0,0,7,0,0,309.991,2.066,6.15123,-0.000,328.323,107.366,330.916,301.351,102.698,301.870,330.916,18.904,311.464,6.15391,18.886,311.463,6.15132,2
16142,513664,10,3,3,0,0,0,0,7,0,0,309.991,2.066,6.15119,-0.000,328.323,107.366,330.916,301.351,102.698,301.870,330.916,18.904,311.464,6.15386,18.886,311.463,6.15123,2
16157,513674,10,3,3,0,0,0,0,7,0,0,309.991,2.066,6.15104,-0.000,328.323,107.366,330.916,301.351,102.698,301.870,330.916,18.904,311.464,6.15372,18.886,311.463,6.15119,2
16174,513684,10,3,3,0,0,0,0,7,0,0,309.991,2.066,6.15105,-0.000,328.323,107.366,330.916,301.351,102.698,301.870,330.916,18.904,311.464,6.15373,18.886,311.463,6.15104,2
16174,513694,10,3,3,0,0,0,0,7,0,0,309.991,2.066,6.15106,-0.000,328.323,107.366,330.916,301.351,102.698,301.870,330.916,18.904,311.464,6.15373,18.886,311.463,6.15105,2
16189,513704,10,3,3,0,0,0,0,7,0,0,309.991,2.066,6.15063,-0.000,328.323,107.366,330.916,301.351,102.698,301.870,330.916,18.903,311.464,6.15331,18.886,311.463,6.15106,2
16204,513714,10,3,3,0,0,0,0,7,0,0,309.991,2.066,6.15089,-0.000,328.323,107.366,330.916,301.351,102.698,301.870,330.916,18.903,311.464,6.15357,18.885,311.463,6.15064,2
16204,513724,10,3,3,0,0,0,0,7,0,0,309.991,2.066,6.15119,-0.000,328.323,107.366,330.916,301.351,102.698,301.870,330.916,18.904,311.464,6.15386,18.885,311.463,6.15090,2
16221,513734,10,3,3,0,0,0,0,7,0,0,309.991,2.066,6.15119,-0.000,328.323,107.366,330.916,301.351,102.698,301.870,330.916,18.904,311.464,6.15386,18.886,311.463,6.15119,2
16221,513744,10,3,3,0,0,0,0,7,0,0,309.991,2.066,6.15095,-0.000,328.323,107.366,330.916,301.351,102.698,301.870,330.916,18.904,311.464,6.15363,18.886,311.463,6.15119,2
16236,513754,10,3,3,0,0,0,0,7,0,0,309.991,2.066,6.15077,-0.000,328.323,107.366,330.916,301.351,102.698,301.870,330.916,18.903,311.464,6.15345,18.886,311.463,6.15095,2
16252,513764,10,3,3,0,0,0,0,7,0,0,309.991,2.066,6.15073,-0.000,328.323,107.366,330.916,301.351,102.698,301.870,330.916,18.903,311.464,6.15340,18.885,311.463,6.15077,2
16252,513774,10,3,3,0,0,0,0,7,0,0,309.991,2.066,6.15073,-0.000,328.323,107.366,330.916,301.351,102.698,301.870,330.916,18.903,311.464,6.15340,18.885,311.463,6.15073,2
16267,513784,10,3,3,0,0,0,0,7,0,0,309.991,2.066,6.15084,-0.000,328.323,107.366,330.916,301.351,102.698,301.870,330.916,18.903,311.464,6.15352,18.885,311.463,6.15073,2
16282,513794,10,3,3,0,0,0,0,7,0,0,309.991,2.066,6.15066,-0.000,328.323,107.366,330.916,301.351,102.698,301.870,330.916,18.903,311.464,6.15334,18.885,311.463,6.15084,2
16282,513804,10,3,3,0,0,0,0,7,0,0,309.991,2.066,6.15053,-0.000,328.323,107.366,330.916,301.351,102.698,301.870,330.916,18.903,311.464,6.15321,18.885,311.463,6.15066,2
16298,513814,10,3,3,0,0,0,0,7,0,0,309.991,2.066,6.15065,-0.000,328.323,107.366,330.916,301.351,102.698,301.870,330.916,18.903,311.464,6.15333,18.885,311.463,6.15053,2
16313,513824,10,3,3,0,0,0,0,7,0,0,309.991,2.066,6.15076,-0.000,328.323,107.366,330.916,301.351,102.698,301.870,330.916,18.903,311.464,6.15344,18.885,311.463,6.15065,2
16313,513834,10,3,3,0,0,0,0,7,0,0,309.991,2.066,6.15087,-0.000,328.323,107.366,330.916,301.351,102.698,301.870,330.916,18.903,311.464,6.15354,18.885,311.463,6.15076,2
16328,513844,10,3,3,0,0,0,0,7,0,0,309.991,2.066,6.15082,-0.000,328.323,107.366,330.916,301.351,102.698,301.870,330.916,18.903,311.464,6.15349,18.885,311.463,6.15087,2
16344,513854,10,3,3,0,0,0,0,7,0,0,309.991,2.066,6.15076,-0.000,328.323,107.366,330.916,301.351,102.698,301.870,330.916,18.903,311.464,6.15344,18.885,311.463,6.15082,2
16344,513864,10,3,3,0,0,0,0,7,0,0,309.991,2.066,6.15048,-0.000,328.323,107.366,330.916,301.351,102.698,301.870,330.916,18.903,311.464,6.15315,18.885,311.463,6.15076,2
16359,513874,10,3,3,0,0,0,0,7,0,0,309.991,2.066,6.15066,-0.000,328.323,107.366,330.916,301.351,102.698,301.870,330.916,18.903,311.464,6.15334,18.885,311.463,6.15048,2
16375,513884,10,3,3,0,0,0,0,7,0,0,309.991,2.066,6.15052,-0.000,328.323,107.366,330.916,301.351,102.698,301.870,330.916,18.903,311.464,6.15320,18.885,311.463,6.15066,2
16375,513894,10,3,3,0,0,0,0,7,0,0,309.991,2.066,6.15084,-0.000,328.323,107.366,330.916,301.351,102.698,301.870,330.916,18.903,311.464,6.15351,18.885,311.463,6.15053,2
16391,513904,10,3,3,0,0,0,0,7,0,0,309.991,2.066,6.15085,-0.000,328.323,107.366,330.916,301.351,102.698,301.870,330.916,18.903,311.464,6.15353,18.885,311.463,6.15084,2
16391,513914,10,3,3,0,0,0,0,7,0,0,309.991,2.066,6.15076,-0.000,328.323,107.366,330.916,301.351,102.698,301.870,330.916,18.903,311.464,6.15344,18.885,311.463,6.15085,2
16406,513924,10,3,3,0,0,0,0,7,0,0,309.991,2.066,6.15081,-0.000,328.323,107.366,330.916,301.351,102.698,301.870,330.916,18.903,311.464,6.15348,18.885,311.463,6.15076,2
16422,513934,10,3,3,0,0,0,0,7,0,0,309.991,2.066,6.15089,-0.000,328.323,107.366,330.916,301.351,102.698,301.870,330.916,18.903,311.464,6.15357,18.885,311.463,6.15081,2
16422,513944,10,3,3,0,0,0,0,7,0,0,309.991,2.066,6.15103,-0.000,328.323,107.366,330.916,301.351,102.698,301.870,330.916,18.904,311.464,6.15371,18.885,311.463,6.15089,2
16437,513954,10,3,3,0,0,0,0,7,0,0,309.991,2.066,6.15091,-0.000,328.323,107.366,330.916,301.351,102.698,301.870,330.916,18.903,311.464,6.15359,18.886,311.463,6.15103,2
16453,513964,10,3,3,0,0,0,0,7,0,0,309.991,2.066,6.15081,-0.000,328.323,107.366,330.916,301.351,102.698,301.870,330.916,18.903,311.464,6.15349,18.885,311.463,6.15091,2
16453,513974,10,3,3,0,0,0,0,7,0,0,309.991,2.066,6.15087,-0.000,328.323,107.366,330.916,301.351,102.698,301.870,330.916,18.903,311.464,6.15354,18.885,311.463,6.15081,2
16468,513984,10,3,3,0,0,0,0,7,0,0,309.991,2.066,6.15080,-0.000,328.323,107.366,330.916,301.351,102.698,301.870,330.916,18.903,311.464,6.15347,18.885,311.463,6.15087,2
16485,513994,10,3,3,0,0,0,0,7,0,0,309.991,2.066,6.15088,-0.000,328.323,107.366,330.916,301.351,102.698,301.870,330.916,18.903,311.464,6.15355,18.885,311.463,6.15080,2
16485,514004,10,3,3,0,0,0,0,7,0,0,309.991,2.066,6.15077,-0.000,328.323,107.366,330.916,301.351,102.698,301.870,330.916,18.903,311.464,6.15344,18.885,311.463,6.15088,2
16500,514014,10,3,3,0,0,0,0,7,0,0,309.991,2.066,6.15077,-0.000,328.323,107.366,330.916,301.351,102.698,301.870,330.916,18.903,311.464,6.15345,18.885,311.463,6.15077,2
16515,514024,10,3,3,0,0,0,0,7,0,0,309.991,2.066,6.15074,-0.000,328.323,107.366,330.916,301.351,102.698,301.870,330.916,18.903,311.464,6.15341,18.885,311.463,6.15077,2
16515,514034,10,3,3,0,0,0,0,7,0,0,309.991,2.066,6.15073,-0.000,328.323,107.366,330.916,301.351,102.698,301.870,330.916,18.903,311.464,6.15341,18.885,311.463,6.15074,2
16530,514044,10,3,3,0,0,0,0,7,0,0,309.991,2.066,6.15069,-0.000,328.323,107.366,330.916,301.351,102.698,301.870,330.916,18.903,311.464,6.15337,18.885,311.463,6.15073,2
16545,514054,10,3,3,0,0,0,0,7,0,0,309.991,2.066,6.15073,-0.000,328.323,107.366,330.916,301.351,102.698,301.870,330.916,18.903,311.464,6.15340,18.885,311.463,6.15069,2
16545,514064,10,3,3,0,0,0,0,7,0,0,309.991,2.066,6.15071,-0.000,328.323,107.366,330.916,301.351,102.698,301.870,330.916,18.903,311.464,6.15339,18.885,311.463,6.15073,2
16561,514074,10,3,3,0,0,0,0,7,0,0,309.991,2.066,6.15082,-0.000,328.323,107.366,330.916,301.351,102.698,301.870,330.916,18.903,311.464,6.15349,18.885,311.463,6.15071,2
16561,514084,10,3,3,0,0,0,0,7,0,0,309.991,2.066,6.15055,-0.000,328.323,107.366,330.916,301.351,102.698,301.870,330.916,18.903,311.464,6.15322,18.885,311.463,6.15082,2
16577,514094,10,3,3,0,0,0,0,7,0,0,309.991,2.066,6.15068,-0.000,328.323,107.366,330.916,301.351,102.698,301.870,330.916,18.903,311.464,6.15336,18.885,311.463,6.15055,2
16593,514104,10,3,3,0,0,0,0,7,0,0,309.991,2.066,6.15086,-0.000,328.323,107.366,330.916,301.351,102.698,301.870,330.916,18.903,311.464,6.15353,18.885,311.463,6.15068,2
16593,514114,10,3,3,0,0,0,0,7,0,0,309.991,2.066,6.15079,-0.000,328.323,107.366,330.916,301.351,102.698,301.870,330.916,18.903,311.464,6.15347,18.885,311.463,6.15086,2
16608,514124,10,3,3,0,0,0,0,7,0,0,309.991,2.066,6.15089,-0.000,328.323,107.366,330.916,301.351,102.698,301.870,330.916,18.903,311.464,6.15356,18.885,311.463,6.15079,2
16624,514134,10,3,3,0,0,0,0,7,0,0,309.991,2.066,6.15125,-0.000,328.323,107.366,330.916,301.351,102.698,301.870,330.916,18.904,311.464,6.15392,18.885,311.463,6.15089,2
16624,514144,10,3,3,0,0,0,0,7,0,0,309.991,2.066,6.15125,-0.000,328.323,107.366,330.916,301.351,102.698,301.870,330.916,18.904,311.464,6.15393,18.886,311.463,6.15125,2
16639,514154,10,3,3,0,0,0,0,7,0,0,309.991,2.066,6.15134,-0.000,328.323,107.366,330.916,301.351,102.698,301.870,330.916,18.904,311.464,6.15402,18.886,311.463,6.15126,2
16655,514164,10,3,3,0,0,0,0,7,0,0,309.991,2.066,6.15142,-0.000,328.323,107.366,330.916,301.351,102.698,301.870,330.916,18.904,311.464,6.15409,18.886,311.463,6.15134,2
16655,514174,10,3,3,0,0,0,0,7,0,0,309.991,2.066,6.15141,-0.000,328.323,107.366,330.916,301.351,102.698,301.870,330.916,18.904,311.464,6.15409,18.886,311.463,6.15142,2
16670,514184,10,3,3,0,0,0,0,7,0,0,309.991,2.066,6.15160,-0.000,328.323,107.366,330.916,301.351,102.698,301.870,330.916,18.904,311.464,6.15427,18.886,311.463,6.15141,2
16685,514194,10,3,3,0,0,0,0,7,0,0,309.991,2.066,6.15164,-0.000,328.323,107.366,330.916,301.351,102.698,301.870,330.916,18.904,311.464,6.15432,18.886,311.463,6.15160,2
16685,514204,10,3,3,0,0,0,0,7,0,0,309.991,2.066,6.15163,-0.000,328.323,107.366,330.916,301.351,102.698,301.870,330.916,18.904,311.464,6.15431,18.886,311.463,6.15164,2
16701,514214,10,3,3,0,0,0,0,7,0,0,309.991,2.066,6.15139,-0.000,328.323,107.366,330.916,301.351,102.698,301.870,330.916,18.904,311.464,6.15407,18.886,311.463,6.15163,2
16701,514224,10,3,3,0,0,0,0,7,0,0,309.991,2.066,6.15146,-0.000,328.323,107.366,330.916,301.351,102.698,301.870,330.916,18.904,311.464,6.15413,18.886,311.463,6.15139,2
16717,514234,10,3,3,0,0,0,0,7,0,0,309.991,2.066,6.15130,-0.000,328.323,107.366,330.916,301.351,102.698,301.870,330.916,18.904,311.464,6.15397,18.886,311.463,6.15146,2
16732,514244,10,3,3,0,0,0,0,7,0,0,309.991,2.066,6.15138,-0.000,328.323,107.366,330.916,301.351,102.698,301.870,330.916,18.904,311.464,6.15406,18.886,311.463,6.15130,2
16732,514254,10,3,3,0,0,0,0,7,0,0,309.991,2.066,6.15118,-0.000,328.323,107.366,330.916,301.351,102.698,301.870,330.916,18.904,311.464,6.15386,18.886,311.463,6.15138,2
16748,514264,10,3,3,0,0,0,0,7,0,0,309.991,2.066,6.15124,-0.000,328.323,107.366,330.916,301.351,102.698,301.870,330.916,18.904,311.464,6.15392,18.886,311.463,6.15118,2
16764,514274,10,3,3,0,0,0,0,7,0,0,309.991,2.066,6.15094,-0.000,328.323,107.366,330.916,301.351,102.698,301.870,330.916,18.903,311.464,6.15361,18.886,311.463,6.15124,2
16764,514284,10,3,3,0,0,0,0,7,0,0,309.991,2.066,6.15098,-0.000,328.323,107.366,330.916,301.351,102.698,301.870,330.916,18.904,311.464,6.15365,18.886,311.463,6.15094,2
16780,514294,10,3,3,0,0,0,0,7,0,0,309.991,2.066,6.15107,-0.000,328.323,107.366,330.916,301.351,102.698,301.870,330.916,18.904,311.464,6.15374,18.886,311.463,6.15098,2
16796,514304,10,3,3,0,0,0,0,7,0,0,309.991,2.066,6.15110,-0.000,328.323,107.366,330.916,301.351,102.698,301.870,330.916,18.904,311.464,6.15377,18.886,311.463,6.15107,2
16796,514314,10,3,3,0,0,0,0,7,0,0,309.991,2.066,6.15097,-0.000,328.323,107.366,330.916,301.351,102.698,301.870,330.916,18.904,311.464,6.15365,18.886,311.463,6.15110,2
16812,514324,10,3,3,0,0,0,0,7,0,0,309.991,2.066,6.15087,-0.000,328.323,107.366,330.916,301.351,102.698,301.870,330.916,18.903,311.464,6.15355,18.886,311.463,6.15097,2
16812,514334,10,3,3,0,0,0,0,7,0,0,309.991,2.066,6.15099,-0.000,328.323,107.366,330.916,301.351,102.698,301.870,330.916,18.904,311.464,6.15367,18.885,311.463,6.15087,2
16828,514344,10,3,3,0,0,0,0,7,0,0,309.991,2.066,6.15095,-0.000,328.323,107.366,330.916,301.351,102.698,301.870,330.916,18.904,311.464,6.15362,18.886,311.463,6.15099,2
16843,514354,10,3,3,0,0,0,0,7,0,0,309.991,2.066,6.15101,-0.000,328.323,107.366,330.916,301.351,102.698,301.870,330.916,18.904,311.464,6.15369,18.886,311.463,6.15095,2
16843,514364,10,3,3,0,0,0,0,7,0,0,309.991,2.066,6.15113,-0.000,328.323,107.366,330.916,301.351,102.698,301.870,330.916,18.904,311.464,6.15380,18.886,311.463,6.15101,2
16858,514374,10,3,3,0,0,0,0,7,0,0,309.991,2.066,6.15093,-0.000,328.323,107.366,330.916,301.351,102.698,301.870,330.916,18.903,311.464,6.15360,18.886,311.463,6.15113,2
16874,514384,10,3,3,0,0,0,0,7,0,0,309.991,2.066,6.15108,-0.000,328.323,107.366,330.916,301.351,102.698,301.870,330.916,18.904,311.464,6.15375,18.886,311.463,6.15093,2
16874,514394,10,3,3,0,0,0,0,7,0,0,309.991,2.066,6.15098,-0.000,328.323,107.366,330.916,301.351,102.698,301.870,330.916,18.904,311.464,6.15365,18.886,311.463,6.15108,2
16890,514404,10,3,3,0,0,0,0,7,0,0,309.991,2.066,6.15085,-0.000,328.323,107.366,330.916,301.351,102.698,301.870,330.916,18.903,311.464,6.15352,18.886,311.463,6.15098,2
16905,514414,10,3,3,0,0,0,0,7,0,0,309.991,2.066,6.15100,-0.000,328.323,107.366,330.916,301.351,102.698,301.870,330.916,18.904,311.464,6.15368,18.885,311.463,6.15085,2
16905,514424,10,3,3,0,0,0,0,7,0,0,309.991,2.066,6.15118,-0.000,328.323,107.366,330.916,301.351,102.698,301.870,330.916,18.904,311.464,6.15386,18.886,311.463,6.15100,2
16921,514434,10,3,3,0,0,0,0,7,0,0,309.991,2.066,6.15130,-0.000,328.323,107.366,330.916,301.351,102.698,301.870,330.916,18.904,311.464,6.15397,18.886,311.463,6.15118,2
16921,514444,10,3,3,0,0,0,0,7,0,0,309.991,2.066,6.15144,-0.000,328.323,107.366,330.916,301.351,102.698,301.870,330.916,18.904,311.464,6.15412,18.886,311.463,6.15130,2
16938,514454,10,3,3,0,0,0,0,7,0,0,309.991,2.066,6.15158,-0.000,328.323,107.366,330.916,301.351,102.698,301.870,330.916,18.904,311.464,6.15426,18.886,311.463,6.15144,2
16953,514464,10,3,3,0,0,0,0,7,0,0,309.991,2.066,6.15148,-0.000,328.323,107.366,330.916,301.351,102.698,301.870,330.916,18.904,311.464,6.15415,18.886,311.463,6.15158,2
16953,514474,10,3,3,0,0,0,0,7,0,0,309.991,2.066,6.15158,-0.000,328.323,107.366,330.916,301.351,102.698,301.870,330.916,18.904,311.464,6.15426,18.886,311.463,6.15148,2
16969,514484,10,3,3,0,0,0,0,7,0,0,309.991,2.066,6.15152,-0.000,328.323,107.366,330.916,301.351,102.698,301.870,330.916,18.904,311.464,6.15420,18.886,311.463,6.15158,2
16984,514494,10,3,3,0,0,0,0,7,0,0,309.991,2.066,6.15134,-0.000,328.323,107.366,330.916,301.351,102.698,301.870,330.916,18.904,311.464,6.15401,18.886,311.463,6.15152,2
16984,514504,10,3,3,0,0,0,0,7,0,0,309.991,2.066,6.15133,-0.000,328.323,107.366,330.916,301.351,102.698,301.870,330.916,18.904,311.464,6.15401,18.886,311.463,6.15134,2
16999,514514,10,3,3,0,0,0,0,7,0,0,309.991,2.066,6.15126,-0.000,328.323,107.366,330.916,301.351,102.698,301.870,330.916,18.904,311.464,6.15393,18.886,311.463,6.15133,2
17015,514524,10,3,3,0,0,0,0,7,0,0,309.991,2.066,6.15133,-0.000,328.323,107.366,330.916,301.351,102.698,301.870,330.916,18.904,311.464,6.15400,18.886,311.463,6.15126,2
17015,514534,10,3,3,0,0,0,0,7,0,0,309.991,2.066,6.15114,-0.000,328.323,107.366,330.916,301.351,102.698,301.870,330.916,18.904,311.464,6.15381,18.886,311.463,6.15133,2
17030,514544,10,3,3,0,0,0,0,7,0,0,309.991,2.066,6.15127,-0.000,328.323,107.366,330.916,301.351,102.698,301.870,330.916,18.904,311.464,6.15395,18.886,311.463,6.15114,2
17046,514554,10,3,3,0,0,0,0,7,0,0,309.991,2.066,6.15095,-0.000,328.323,107.366,330.916,301.351,102.698,301.870,330.916,18.904,311.464,6.15363,18.886,311.463,6.15127,2
17046,514564,10,3,3,0,0,0,0,7,0,0,309.991,2.066,6.15089,-0.000,328.323,107.366,330.916,301.351,102.698,301.870,330.916,18.903,311.464,6.15356,18.886,311.463,6.15095,2
17062,514574,10,3,3,0,0,0,0,7,0,0,309.991,2.066,6.15092,-0.000,328.323,107.366,330.916,301.351,102.698,301.870,330.916,18.903,311.464,6.15360,18.885,311.463,6.15089,2
17062,514584,10,3,3,0,0,0,0,7,0,0,309.991,2.066,6.15077,-0.000,328.323,107.366,330.916,301.351,102.698,301.870,330.916,18.903,311.464,6.15345,18.885,311.463,6.15092,2
17077,514594,10,3,3,0,0,0,0,7,0,0,309.991,2.066,6.15090,-0.000,328.323,107.366,330.916,301.351,102.698,301.870,330.916,18.903,311.464,6.15358,18.885,311.463,6.15077,2
17092,514604,10,3,3,0,0,0,0,7,0,0,309.991,2.066,6.15097,-0.000,328.323,107.366,330.916,301.351,102.698,301.870,330.916,18.904,311.464,6.15364,18.885,311.463,6.15090,2
17092,514614,10,3,3,0,0,0,0,7,0,0,309.991,2.066,6.15132,-0.000,328.323,107.366,330.916,301.351,102.698,301.870,330.916,18.904,311.464,6.15400,18.886,311.463,6.15097,2
17108,514624,10,3,3,0,0,0,0,7,0,0,309.991,2.066,6.15132,-0.000,328.323,107.366,330.916,301.351,102.698,301.870,330.916,18.904,311.464,6.15399,18.886,311.463,6.15132,2
17123,514634,10,3,3,0,0,0,0,7,0,0,309.991,2.066,6.15132,-0.000,328.323,107.366,330.916,301.351,102.698,301.870,330.916,18.904,311.464,6.15400,18.886,311.463,6.15132,2
17123,514644,10,3,3,0,0,0,0,7,0,0,309.991,2.066,6.15118,-0.000,328.323,107.366,330.916,301.351,102.698,301.870,330.916,18.904,311.464,6.15386,18.886,311.463,6.15132,2
17139,514654,10,3,3,0,0,0,0,7,0,0,309.991,2.066,6.15110,-0.000,328.323,107.366,330.916,301.351,102.698,301.870,330.916,18.904,311.464,6.15378,18.886,311.463,6.15118,2
17154,514664,10,3,3,0,0,0,0,7,0,0,309.991,2.066,6.15132,-0.000,328.323,107.366,330.916,301.351,102.698,301.870,330.916,18.904,311.464,6.15399,18.886,311.463,6.15110,2
17154,514674,10,3,3,0,0,0,0,7,0,0,309.991,2.066,6.15115,-0.000,328.323,107.366,330.916,301.351,102.698,301.870,330.916,18.904,311.464,6.15383,18.886,311.463,6.15132,2
17170,514684,10,3,3,0,0,0,0,7,0,0,309.991,2.066,6.15117,-0.000,328.323,107.366,330.916,301.351,102.698,301.870,330.916,18.904,311.464,6.15385,18.886,311.463,6.15115,2
17186,514694,10,3,3,0,0,0,0,7,0,0,309.991,2.066,6.15130,-0.000,328.323,107.366,330.916,301.351,102.698,301.870,330.916,18.904,311.464,6.15397,18.886,311.463,6.15117,2
17186,514704,10,3,3,0,0,0,0,7,0,0,309.991,2.066,6.15124,-0.000,328.323,107.366,330.916,301.351,102.698,301.870,330.916,18.904,311.464,6.15391,18.886,311.463,6.15130,2
17202,514714,10,3,3,0,0,0,0,7,0,0,309.991,2.066,6.15105,-0.000,328.323,107.366,330.916,301.351,102.698,301.870,330.916,18.904,311.464,6.15373,18.886,311.463,6.15124,2
17202,514724,10,3,3,0,0,0,0,7,0,0,309.991,2.066,6.15091,-0.000,328.323,107.366,330.916,301.351,102.698,301.870,330.916,18.903,311.464,6.15359,18.886,311.463,6.15105,2
17218,514734,10,3,3,0,0,0,0,7,0,0,309.991,2.066,6.15082,-0.000,328.323,107.366,330.916,301.351,102.698,301.870,330.916,18.903,311.464,6.15350,18.885,311.463,6.15091,2
17233,514744,10,3,3,0,0,0,0,7,0,0,309.991,2.066,6.15081,-0.000,328.323,107.366,330.916,301.351,102.698,301.870,330.916,18.903,311.464,6.15349,18.885,311.463,6.15082,2
17233,514754,10,3,3,0,0,0,0,7,0,0,309.991,2.066,6.15073,-0.000,328.323,107.366,330.916,301.351,102.698,301.870,330.916,18.903,311.464,6.15341,18.885,311.463,6.15081,2
17248,514764,10,3,3,0,0,0,0,7,0,0,309.991,2.066,6.15093,-0.000,328.323,107.366,330.916,301.351,102.698,301.870,330.916,18.903,311.464,6.15361,18.885,311.463,6.15073,2
17263,514774,10,3,3,0,0,0,0,7,0,0,309.991,2.066,6.15083,-0.000,328.323,107.366,330.916,301.351,102.698,301.870,330.916,18.903,311.464,6.15351,18.886,311.463,6.15093,2
17263,514784,10,3,3,0,0,0,0,7,0,0,309.991,2.066,6.15066,-0.000,328.323,107.366,330.916,301.351,102.698,301.870,330.916,18.903,311.464,6.15334,18.885,311.463,6.15083,2
17279,514794,10,3,3,0,0,0,0,7,0,0,309.991,2.066,6.15084,-0.000,328.323,107.366,330.916,301.351,102.698,301.870,330.916,18.903,311.464,6.15352,18.885,311.463,6.15066,2
17295,514804,10,3,3,0,0,0,0,7,0,0,309.991,2.066,6.15097,-0.000,328.323,107.366,330.916,301.351,102.698,301.870,330.916,18.904,311.464,6.15365,18.885,311.463,6.15084,2
17295,514814,10,3,3,0,0,0,0,7,0,0,309.991,2.066,6.15059,-0.000,328.323,107.366,330.916,301.351,102.698,301.870,330.916,18.903,311.464,6.15326,18.886,311.463,6.15097,2
17310,514824,10,3,3,0,0,0,0,7,0,0,309.991,2.066,6.15052,-0.000,328.323,107.366,330.916,301.351,102.698,301.870,330.916,18.903,311.464,6.15320,18.885,311.463,6.15059,2
17326,514834,10,3,3,0,0,0,0,7,0,0,309.991,2.066,6.15076,-0.000,328.323,107.366,330.916,301.351,102.698,301.870,330.916,18.903,311.464,6.15343,18.885,311.463,6.15052,2
17326,514844,10,3,3,0,0,0,0,7,0,0,309.991,2.066,6.15080,-0.000,328.323,107.366,330.916,301.351,102.698,301.870,330.916,18.903,311.464,6.15347,18.885,311.463,6.15076,2
17341,514854,10,3,3,0,0,0,0,7,0,0,309.991,2.066,6.15088,-0.000,328.323,107.366,330.916,301.351,102.698,301.870,330.916,18.903,311.464,6.15356,18.885,311.463,6.15080,2
17341,514864,10,3,3,0,0,0,0,7,0,0,309.991,2.066,6.15080,-0.000,328.323,107.366,330.916,301.351,102.698,301.870,330.916,18.903,311.464,6.15348,18.885,311.463,6.15088,2
17357,514874,10,3,3,0,0,0,0,7,0,0,309.991,2.066,6.15088,-0.000,328.323,107.366,330.916,301.351,102.698,301.870,330.916,18.903,311.464,6.15355,18.885,311.463,6.15080,2
17373,514884,10,3,3,0,0,0,0,7,0,0,309.991,2.066,6.15086,-0.000,328.323,107.366,330.916,301.351,102.698,301.870,330.916,18.903,311.464,6.15353,18.885,311.463,6.15088,2
17373,514894,10,3,3,0,0,0,0,7,0,0,309.991,2.066,6.15088,-0.000,328.323,107.366,330.916,301.351,102.698,301.870,330.916,18.903,311.464,6.15356,18.885,311.463,6.15086,2
17389,514904,10,3,3,0,0,0,0,7,0,0,309.991,2.066,6.15090,-0.000,328.323,107.366,330.916,301.351,102.698,301.870,330.916,18.903,311.464,6.15357,18.885,311.463,6.15088,2
17404,514914,10,3,3,0,0,0,0,7,0,0,309.991,2.066,6.15080,-0.000,328.323,107.366,330.916,301.351,102.698,301.870,330.916,18.903,311.464,6.15347,18.885,311.463,6.15090,2
17404,514924,10,3,3,0,0,0,0,7,0,0,309.991,2.066,6.15079,-0.000,328.323,107.366,330.916,301.351,102.698,301.870,330.916,18.903,311.464,6.15346,18.885,311.463,6.15080,2
17419,514934,10,3,3,0,0,0,0,7,0,0,309.991,2.066,6.15064,-0.000,328.323,107.366,330.916,301.351,102.698,301.870,330.916,18.903,311.464,6.15331,18.885,311.463,6.15079,2
17435,514944,10,3,3,0,0,0,0,7,0,0,309.991,2.066,6.15068,-0.000,328.323,107.366,330.916,301.351,102.698,301.870,330.916,18.903,311.464,6.15336,18.885,311.463,6.15064,2
17435,514954,10,3,3,0,0,0,0,7,0,0,309.991,2.066,6.15100,-0.000,328.323,107.366,330.916,301.351,102.698,301.870,330.916,18.904,311.464,6.15367,18.885,311.463,6.15068,2
17451,514964,10,3,3,0,0,0,0,7,0,0,309.991,2.066,6.15095,-0.000,328.323,107.366,330.916,301.351,102.698,301.870,330.916,18.904,311.464,6.15363,18.886,311.463,6.15100,2
17451,514974,10,3,3,0,0,0,0,7,0,0,309.991,2.066,6.15092,-0.000,328.323,107.366,330.916,301.351,102.698,301.870,330.916,18.903,311.464,6.15359,18.886,311.463,6.15095,2
17466,514984,10,3,3,0,0,0,0,7,0,0,309.991,2.066,6.15089,-0.000,328.323,107.366,330.916,301.351,102.698,301.870,330.916,18.903,311.464,6.15357,18.885,311.463,6.15092,2
17482,514994,10,3,3,0,0,0,0,7,0,0,309.991,2.066,6.15075,-0.000,328.323,107.366,330.916,301.351,102.698,301.870,330.916,18.903,311.464,6.15343,18.885,311.463,6.15089,2
17482,515004,10,3,3,0,0,0,0,7,0,0,309.991,2.066,6.15083,-0.000,328.323,107.366,330.916,301.351,102.698,301.870,330.916,18.903,311.464,6.15351,18.885,311.463,6.15075,2
17498,515014,10,3,3,0,0,0,0,7,0,0,309.991,2.066,6.15071,-0.000,328.323,107.366,330.916,301.351,102.698,301.870,330.916,18.903,311.464,6.15339,18.885,311.463,6.15083,2
17514,515024,10,3,3,0,0,0,0,7,0,0,309.991,2.066,6.15062,-0.000,328.323,107.366,330.916,301.351,102.698,301.870,330.916,18.903,311.464,6.15330,18.885,311.463,6.15071,2
17514,515034,10,3,3,0,0,0,0,7,0,0,309.991,2.066,6.15069,-0.000,328.323,107.366,330.916,301.351,102.698,301.870,330.916,18.903,311.464,6.15336,18.885,311.463,6.15062,2
17529,515044,10,3,3,0,0,0,0,7,0,0,309.991,2.066,6.15083,-0.000,328.323,107.366,330.916,301.351,102.698,301.870,330.916,18.903,311.464,6.15351,18.885,311.463,6.15069,2
17545,515054,10,3,3,0,0,0,0,7,0,0,309.991,2.066,6.15116,-0.000,328.323,107.366,330.916,301.351,102.698,301.870,330.916,18.904,311.464,6.15383,18.885,311.463,6.15083,2
17545,515064,10,3,3,0,0,0,0,7,0,0,309.991,2.066,6.15105,-0.000,328.323,107.366,330.916,301.351,102.698,301.870,330.916,18.904,311.464,6.15372,18.886,311.463,6.15116,2
17561,515074,10,3,3,0,0,0,0,7,0,0,309.991,2.066,6.15102,-0.000,328.323,107.366,330.916,301.351,102.698,301.870,330.916,18.904,311.464,6.15370,18.886,311.463,6.15105,2
17561,515084,10,3,3,0,0,0,0,7,0,0,309.991,2.066,6.15113,-0.000,328.323,107.366,330.916,301.351,102.698,301.870,330.916,18.904,311.464,6.15380,18.886,311.463,6.15102,2
17577,515094,10,3,3,0,0,0,0,7,0,0,309.991,2.066,6.15108,-0.000,328.323,107.366,330.916,301.351,102.698,301.870,330.916,18.904,311.464,6.15376,18.886,311.463,6.15113,2
17592,515104,10,3,3,0,0,0,0,7,0,0,309.991,2.066,6.15107,-0.000,328.323,107.366,330.916,301.351,102.698,301.870,330.916,18.904,311.464,6.15375,18.886,311.463,6.15108,2
17592,515114,10,3,3,0,0,0,0,7,0,0,309.991,2.066,6.15111,-0.000,328.323,107.366,330.916,301.351,102.698,301.870,330.916,18.904,311.464,6.15378,18.886,311.463,6.15107,2
17607,515124,10,3,3,0,0,0,0,7,0,0,309.991,2.066,6.15101,-0.000,328.323,107.366,330.916,301.351,102.698,301.870,330.916,18.904,311.464,6.15368,18.886,311.463,6.15111,2
17623,515134,10,3,3,0,0,0,0,7,0,0,309.991,2.066,6.15113,-0.000,328.323,107.366,330.916,301.351,102.698,301.870,330.916,18.904,311.464,6.15380,18.886,311.463,6.15101,2
17623,515144,10,3,3,0,0,0,0,7,0,0,309.991,2.066,6.15104,-0.000,328.323,107.366,330.916,301.351,102.698,301.870,330.916,18.904,311.464,6.15372,18.886,311.463,6.15113,2
17639,515154,10,3,3,0,0,0,0,7,0,0,309.991,2.066,6.15102,-0.000,328.323,107.366,330.916,301.351,102.698,301.870,330.916,18.904,311.464,6.15370,18.886,311.463,6.15104,2
17654,515164,10,3,3,0,0,0,0,7,0,0,309.991,2.066,6.15108,-0.000,328.323,107.366,330.916,301.351,102.698,301.870,330.916,18.904,311.464,6.15376,18.886,311.463,6.15102,2
17654,515174,10,3,3,0,0,0,0,7,0,0,309.991,2.066,6.15082,-0.000,328.323,107.366,330.916,301.351,102.698,301.870,330.916,18.903,311.464,6.15349,18.886,311.463,6.15108,2
17670,515184,10,3,3,0,0,0,0,7,0,0,309.991,2.066,6.15068,-0.000,328.323,107.366,330.916,301.351,102.698,301.870,330.916,18.903,311.464,6.15335,18.885,311.463,6.15082,2
17685,515194,10,3,3,0,0,0,0,7,0,0,309.991,2.066,6.15061,-0.000,328.323,107.366,330.916,301.351,102.698,301.870,330.916,18.903,311.464,6.15328,18.885,311.463,6.15068,2
17685,515204,10,3,3,0,0,0,0,7,0,0,309.991,2.066,6.15064,-0.000,328.323,107.366,330.916,301.351,102.698,301.870,330.916,18.903,311.464,6.15332,18.885,311.463,6.15061,2
17701,515214,10,3,3,0,0,0,0,7,0,0,309.991,2.066,6.15060,-0.000,328.323,107.366,330.916,301.351,102.698,301.870,330.916,18.903,311.464,6.15327,18.885,311.463,6.15064,2
17701,515224,10,3,3,0,0,0,0,7,0,0,309.991,2.066,6.15066,-0.000,328.323,107.366,330.916,301.351,102.698,301.870,330.916,18.903,311.464,6.15334,18.885,311.463,6.15060,2
17716,515234,10,3,3,0,0,0,0,7,0,0,309.991,2.066,6.15097,-0.000,328.323,107.366,330.916,301.351,102.698,301.870,330.916,18.904,311.464,6.15365,18.885,311.463,6.15066,2
17732,515244,10,3,3,0,0,0,0,7,0,0,309.991,2.066,6.15098,-0.000,328.323,107.366,330.916,301.351,102.698,301.870,330.916,18.904,311.464,6.15366,18.886,311.463,6.15097,2
17732,515254,10,3,3,0,0,0,0,7,0,0,309.991,2.066,6.15081,-0.000,328.323,107.366,330.916,301.351,102.698,301.870,330.916,18.903,311.464,6.15349,18.886,311.463,6.15098,2
17748,515264,10,3,3,0,0,0,0,7,0,0,309.991,2.066,6.15092,-0.000,328.323,107.366,330.916,301.351,102.698,301.870,330.916,18.903,311.464,6.15359,18.885,311.463,6.15081,2
17763,515274,10,3,3,0,0,0,0,7,0,0,309.991,2.066,6.15093,-0.000,328.323,107.366,330.916,301.351,102.698,301.870,330.916,18.903,311.464,6.15361,18.885,311.463,6.15092,2
17763,515284,10,3,3,0,0,0,0,7,0,0,309.991,2.066,6.15083,-0.000,328.323,107.366,330.916,301.351,102.698,301.870,330.916,18.903,311.464,6.15351,18.886,311.463,6.15093,2
17778,515294,10,3,3,0,0,0,0,7,0,0,309.991,2.066,6.15099,-0.000,328.323,107.366,330.916,301.351,102.698,301.870,330.916,18.904,311.464,6.15366,18.885,311.463,6.15083,2
17793,515304,10,3,3,0,0,0,0,7,0,0,309.991,2.066,6.15082,-0.000,328.323,107.366,330.916,301.351,102.698,301.870,330.916,18.903,311.464,6.15350,18.886,311.463,6.15099,2
17793,515314,10,3,3,0,0,0,0,7,0,0,309.991,2.066,6.15092,-0.000,328.323,107.366,330.916,301.351,102.698,301.870,330.916,18.903,311.464,6.15359,18.885,311.463,6.15082,2
17810,515324,10,3,3,0,0,0,0,7,0,0,309.991,2.066,6.15112,-0.000,328.323,107.366,330.916,301.351,102.698,301.870,330.916,18.904,311.464,6.15380,18.885,311.463,6.15092,2
17825,515334,10,3,3,0,0,0,0,7,0,0,309.991,2.066,6.15095,-0.000,328.323,107.366,330.916,301.351,102.698,301.870,330.916,18.904,311.464,6.15362,18.886,311.463,6.15112,2
17825,515344,10,3,3,0,0,0,0,7,0,0,309.991,2.066,6.15114,-0.000,328.323,107.366,330.916,301.351,102.698,301.870,330.916,18.904,311.464,6.15382,18.886,311.463,6.15095,2
17840,515354,10,3,3,0,0,0,0,7,0,0,309.991,2.066,6.15131,-0.000,328.323,107.366,330.916,301.351,102.698,301.870,330.916,18.904,311.464,6.15398,18.886,311.463,6.15114,2
17856,515364,10,3,3,0,0,0,0,7,0,0,309.991,2.066,6.15116,-0.000,328.323,107.366,330.916,301.351,102.698,301.870,330.916,18.904,311.464,6.15383,18.886,311.463,6.15131,2
17856,515374,10,3,3,0,0,0,0,7,0,0,309.991,2.066,6.15136,-0.000,328.323,107.366,330.916,301.351,102.698,301.870,330.916,18.904,311.464,6.15403,18.886,311.463,6.15116,2
17871,515384,10,3,3,0,0,0,0,7,0,0,309.991,2.066,6.15154,-0.000,328.323,107.366,330.916,301.351,102.698,301.870,330.916,18.904,311.464,6.15422,18.886,311.463,6.15136,2
17871,515394,10,3,3,0,0,0,0,7,0,0,309.991,2.066,6.15168,-0.000,328.323,107.366,330.916,301.351,102.698,301.870,330.916,18.904,311.464,6.15435,18.886,311.463,6.15154,2
17887,515404,10,3,3,0,0,0,0,7,0,0,309.991,2.066,6.15149,-0.000,328.323,107.366,330.916,301.351,102.698,301.870,330.916,18.904,311.464,6.15416,18.886,311.463,6.15168,2
17903,515414,10,3,3,0,0,0,0,7,0,0,309.991,2.066,6.15151,-0.000,328.323,107.366,330.916,301.351,102.698,301.870,330.916,18.904,311.464,6.15418,18.886,311.463,6.15149,2
17903,515424,10,3,3,0,0,0,0,7,0,0,309.991,2.066,6.15151,-0.000,328.323,107.366,330.916,301.351,102.698,301.870,330.916,18.904,311.464,6.15418,18.886,311.463,6.15151,2
17918,515434,10,3,3,0,0,0,0,7,0,0,309.991,2.066,6.15146,-0.000,328.323,107.366,330.916,301.351,102.698,301.870,330.916,18.904,311.464,6.15414,18.886,311.463,6.15151,2
17934,515444,10,3,3,0,0,0,0,7,0,0,309.991,2.066,6.15120,-0.000,328.323,107.366,330.916,301.351,102.698,301.870,330.916,18.904,311.464,6.15388,18.886,311.463,6.15146,2
17934,515454,10,3,3,0,0,0,0,7,0,0,309.991,2.066,6.15107,-0.000,328.323,107.366,330.916,301.351,102.698,301.870,330.916,18.904,311.464,6.15374,18.886,311.463,6.15120,2
17949,515464,10,3,3,0,0,0,0,7,0,0,309.991,2.066,6.15128,-0.000,328.323,107.366,330.916,301.351,102.698,301.870,330.916,18.904,311.464,6.15395,18.886,311.463,6.15107,2
17964,515474,10,3,3,0,0,0,0,7,0,0,309.991,2.066,6.15126,-0.000,328.323,107.366,330.916,301.351,102.698,301.870,330.916,18.904,311.464,6.15394,18.886,311.463,6.15128,2
17964,515484,10,3,3,0,0,0,0,7,0,0,309.991,2.066,6.15106,-0.000,328.323,107.366,330.916,301.351,102.698,301.870,330.916,18.904,311.464,6.15373,18.886,311.463,6.15126,2
17980,515494,10,3,3,0,0,0,0,7,0,0,309.991,2.066,6.15107,-0.000,328.323,107.366,330.916,301.351,102.698,301.870,330.916,18.904,311.464,6.15375,18.886,311.463,6.15106,2
17996,515504,10,3,3,0,0,0,0,7,0,0,309.991,2.066,6.15086,-0.000,328.323,107.366,330.916,301.351,102.698,301.870,330.916,18.903,311.464,6.15353,18.886,311.463,6.15107,2
17996,515514,10,3,3,0,0,0,0,7,0,0,309.991,2.066,6.15131,-0.000,328.323,107.366,330.916,301.351,102.698,301.870,330.916,18.904,311.464,6.15399,18.885,311.463,6.15086,2
18011,515524,10,3,3,0,0,0,0,7,0,0,309.991,2.066,6.15115,-0.000,328.323,107.366,330.916,301.351,102.698,301.870,330.916,18.904,311.464,6.15383,18.886,311.463,6.15131,2
18011,515534,10,3,3,0,0,0,0,7,0,0,309.991,2.066,6.15111,-0.000,328.323,107.366,330.916,301.351,102.698,301.870,330.916,18.904,311.464,6.15379,18.886,311.463,6.15115,2
18027,515544,10,3,3,0,0,0,0,7,0,0,309.991,2.066,6.15089,-0.000,328.323,107.366,330.916,301.351,102.698,301.870,330.916,18.903,311.464,6.15356,18.886,311.463,6.15111,2
18043,515554,10,3,3,0,0,0,0,7,0,0,309.991,2.066,6.15087,-0.000,328.323,107.366,330.916,301.351,102.698,301.870,330.916,18.903,311.464,6.15355,18.885,311.463,6.15089,2
18043,515564,10,3,3,0,0,0,0,7,0,0,309.991,2.066,6.15086,-0.000,328.323,107.366,330.916,301.351,102.698,301.870,330.916,18.903,311.464,6.15353,18.885,311.463,6.15087,2
18059,515574,10,3,3,0,0,0,0,7,0,0,309.991,2.066,6.15088,-0.000,328.323,107.366,330.916,301.351,102.698,301.870,330.916,18.903,311.464,6.15355,18.885,311.463,6.15086,2
18075,515584,10,3,3,0,0,0,0,7,0,0,309.991,2.066,6.15103,-0.000,328.323,107.366,330.916,301.351,102.698,301.870,330.916,18.904,311.464,6.15370,18.885,311.463,6.15088,2
18075,515594,10,3,3,0,0,0,0,7,0,0,309.991,2.066,6.15094,-0.000,328.323,107.366,330.916,301.351,102.698,301.870,330.916,18.903,311.464,6.15362,18.886,311.463,6.15103,2
18104,515604,10,3,3,0,0,0,0,7,0,0,309.991,2.066,6.15095,-0.000,328.323,107.366,330.916,301.351,102.698,301.870,330.916,18.903,311.464,6.15362,18.886,311.463,6.15094,2
18104,515614,10,3,3,0,0,0,0,7,0,0,309.991,2.066,6.15117,-0.000,328.323,107.366,330.916,301.351,102.698,301.870,330.916,18.904,311.464,6.15385,18.886,311.463,6.15095,2
18104,515624,10,3,3,0,0,0,0,7,0,0,309.991,2.066,6.15131,-0.000,328.323,107.366,330.916,301.351,102.698,301.870,330.916,18.904,311.464,6.15399,18.886,311.463,6.15118,2
18120,515634,10,3,3,0,0,0,0,7,0,0,309.991,2.066,6.15114,-0.000,328.323,107.366,330.916,301.351,102.698,301.870,330.916,18.904,311.464,6.15382,18.886,311.463,6.15131,2
18152,515644,10,3,3,0,0,0,0,7,0,0,309.991,2.066,6.15072,-0.000,328.323,107.366,330.916,301.351,102.698,301.870,330.916,18.903,311.464,6.15340,18.886,311.463,6.15114,2
18152,515654,10,3,3,0,0,0,0,7,0,0,309.991,2.066,6.15078,-0.000,328.323,107.366,330.916,301.351,102.698,301.870,330.916,18.903,311.464,6.15346,18.885,311.463,6.15072,2
18152,515664,10,3,3,0,0,0,0,7,0,0,309.991,2.066,6.15080,-0.000,328.323,107.366,330.916,301.351,102.698,301.870,330.916,18.903,311.464,6.15347,18.885,311.463,6.15078,2
18152,515674,10,3,3,0,0,0,0,7,0,0,309.991,2.066,6.15099,-0.000,328.323,107.366,330.916,301.351,102.698,301.870,330.916,18.904,311.464,6.15367,18.885,311.463,6.15080,2
18168,515684,10,3,3,0,0,0,0,7,0,0,309.991,2.066,6.15107,-0.000,328.323,107.366,330.916,301.351,102.698,301.870,330.916,18.904,311.464,6.15375,18.886,311.463,6.15099,2
18184,515694,10,3,3,0,0,0,0,7,0,0,309.991,2.066,6.15111,-0.000,328.323,107.366,330.916,301.351,102.698,301.870,330.916,18.904,311.464,6.15378,18.886,311.463,6.15107,2
18184,515704,10,3,3,0,0,0,0,7,0,0,309.991,2.066,6.15092,-0.000,328.323,107.366,330.916,301.351,102.698,301.870,330.916,18.903,311.464,6.15359,18.886,311.463,6.15111,2
18199,515714,10,3,3,0,0,0,0,7,0,0,309.991,2.066,6.15088,-0.000,328.323,107.366,330.916,301.351,102.698,301.870,330.916,18.903,311.464,6.15355,18.885,311.463,6.15092,2
18215,515724,10,3,3,0,0,0,0,7,0,0,309.991,2.066,6.15092,-0.000,328.323,107.366,330.916,301.351,102.698,301.870,330.916,18.903,311.464,6.15360,18.885,311.463,6.15088,2
18215,515734,10,3,3,0,0,0,0,7,0,0,309.991,2.066,6.15088,-0.000,328.323,107.366,330.916,301.351,102.698,301.870,330.916,18.903,311.464,6.15356,18.886,311.463,6.15092,2
18231,515744,10,3,3,0,0,0,0,7,0,0,309.991,2.066,6.15091,-0.000,328.323,107.366,330.916,301.351,102.698,301.870,330.916,18.903,311.464,6.15359,18.885,311.463,6.15089,2
18231,515754,10,3,3,0,0,0,0,7,0,0,309.991,2.066,6.15088,-0.000,328.323,107.366,330.916,301.351,102.698,301.870,330.916,18.903,311.464,6.15355,18.885,311.463,6.15091,2
18246,515764,10,3,3,0,0,0,0,7,0,0,309.991,2.066,6.15080,-0.000,328.323,107.366,330.916,301.351,102.698,301.870,330.916,18.903,311.464,6.15348,18.885,311.463,6.15088,2
18261,515774,10,3,3,0,0,0,0,7,0,0,309.991,2.066,6.15070,-0.000,328.323,107.366,330.916,301.351,102.698,301.870,330.916,18.903,311.464,6.15337,18.885,311.463,6.15080,2
18261,515784,10,3,3,0,0,0,0,7,0,0,309.991,2.066,6.15065,-0.000,328.323,107.366,330.916,301.351,102.698,301.870,330.916,18.903,311.464,6.15332,18.885,311.463,6.15070,2
18277,515794,10,3,3,0,0,0,0,7,0,0,309.991,2.066,6.15065,-0.000,328.323,107.366,330.916,301.351,102.698,301.870,330.916,18.903,311.464,6.15333,18.885,311.463,6.15065,2
18293,515804,10,3,3,0,0,0,0,7,0,0,309.991,2.066,6.15072,-0.000,328.323,107.366,330.916,301.351,102.698,301.870,330.916,18.903,311.464,6.15339,18.885,311.463,6.15065,2
18293,515814,10,3,3,0,0,0,0,7,0,0,309.991,2.066,6.15076,-0.000,328.323,107.366,330.916,301.351,102.698,301.870,330.916,18.903,311.464,6.15343,18.885,311.463,6.15072,2
18308,515824,10,3,3,0,0,0,0,7,0,0,309.991,2.066,6.15082,-0.000,328.323,107.366,330.916,301.351,102.698,301.870,330.916,18.903,311.464,6.15349,18.885,311.463,6.15076,2
18324,515834,10,3,3,0,0,0,0,7,0,0,309.991,2.066,6.15095,-0.000,328.323,107.366,330.916,301.351,102.698,301.870,330.916,18.904,311.464,6.15363,18.885,311.463,6.15082,2
18324,515844,10,3,3,0,0,0,0,7,0,0,309.991,2.066,6.15104,-0.000,328.323,107.366,330.916,301.351,102.698,301.870,330.916,18.904,311.464,6.15371,18.886,311.463,6.15095,2
18339,515854,10,3,3,0,0,0,0,7,0,0,309.991,2.066,6.15091,-0.000,328.323,107.366,330.916,301.351,102.698,301.870,330.916,18.903,311.464,6.15358,18.886,311.463,6.15104,2
18355,515864,10,3,3,0,0,0,0,7,0,0,309.991,2.066,6.15079,-0.000,328.323,107.366,330.916,301.351,102.698,301.870,330.916,18.903,311.464,6.15347,18.885,311.463,6.15091,2
18355,515874,10,3,3,0,0,0,0,7,0,0,309.991,2.066,6.15065,-0.000,328.323,107.366,330.916,301.351,102.698,301.870,330.916,18.903,311.464,6.15332,18.885,311.463,6.15079,2
18386,515884,10,3,3,0,0,0,0,7,0,0,309.991,2.066,6.15082,-0.000,328.323,107.366,330.916,301.351,102.698,301.870,330.916,18.903,311.464,6.15350,18.885,311.463,6.15065,2
18386,515894,10,3,3,0,0,0,0,7,0,0,309.991,2.066,6.15108,-0.000,328.323,107.366,330.916,301.351,102.698,301.870,330.916,18.904,311.464,6.15375,18.885,311.463,6.15082,2
18386,515904,10,3,3,0,0,0,0,7,0,0,309.991,2.066,6.15088,-0.000,328.323,107.366,330.916,301.351,102.698,301.870,330.916,18.903,311.464,6.15356,18.886,311.463,6.15108,2
18402,515914,10,3,3,0,0,0,0,7,0,0,309.991,2.066,6.15082,-0.000,328.323,107.366,330.916,301.351,102.698,301.870,330.916,18.903,311.464,6.15349,18.885,311.463,6.15088,2
18402,515924,10,3,3,0,0,0,0,7,0,0,309.991,2.066,6.15091,-0.000,328.323,107.366,330.916,301.351,102.698,301.870,330.916,18.903,311.464,6.15359,18.885,311.463,6.15082,2
18417,515934,10,3,3,0,0,0,0,7,0,0,309.991,2.066,6.15085,-0.000,328.323,107.366,330.916,301.351,102.698,301.870,330.916,18.903,311.464,6.15353,18.885,311.463,6.15091,2
18433,515944,10,3,3,0,0,0,0,7,0,0,309.991,2.066,6.15090,-0.000,328.323,107.366,330.916,301.351,102.698,301.870,330.916,18.903,311.464,6.15358,18.885,311.463,6.15085,2
18433,515954,10,3,3,0,0,0,0,7,0,0,309.991,2.066,6.15066,-0.000,328.323,107.366,330.916,301.351,102.698,301.870,330.916,18.903,311.464,6.15333,18.885,311.463,6.15090,2
18463,515964,10,3,3,0,0,0,0,7,0,0,309.991,2.066,6.15075,-0.000,328.323,107.366,330.916,301.351,102.698,301.870,330.916,18.903,311.464,6.15342,18.885,311.463,6.15066,2
18463,515974,10,3,3,0,0,0,0,7,0,0,309.991,2.066,6.15099,-0.000,328.323,107.366,330.916,301.351,102.698,301.870,330.916,18.904,311.464,6.15366,18.885,311.463,6.15075,2
18463,515984,10,3,3,0,0,0,0,7,0,0,309.991,2.066,6.15087,-0.000,328.323,107.366,330.916,301.351,102.698,301.870,330.916,18.903,311.464,6.15354,18.886,311.463,6.15099,2
18478,515994,10,3,3,0,0,0,0,7,0,0,309.991,2.066,6.15098,-0.000,328.323,107.366,330.916,301.351,102.698,301.870,330.916,18.904,311.464,6.15365,18.885,311.463,6.15087,2
18494,516004,10,3,3,0,0,0,0,7,0,0,309.991,2.066,6.15102,-0.000,328.323,107.366,330.916,301.351,102.698,301.870,330.916,18.904,311.464,6.15370,18.886,311.463,6.15098,2
18494,516014,10,3,3,0,0,0,0,7,0,0,309.991,2.066,6.15118,-0.000,328.323,107.366,330.916,301.351,102.698,301.870,330.916,18.904,311.464,6.15386,18.886,311.463,6.15102,2
18510,516024,10,3,3,0,0,0,0,7,0,0,309.991,2.066,6.15143,-0.000,328.323,107.366,330.916,301.351,102.698,301.870,330.916,18.904,311.464,6.15411,18.886,311.463,6.15118,2
18526,516034,10,3,3,0,0,0,0,7,0,0,309.991,2.066,6.15150,-0.000,328.323,107.366,330.916,301.351,102.698,301.870,330.916,18.904,311.464,6.15417,18.886,311.463,6.15143,2
18526,516044,10,3,3,0,0,0,0,7,0,0,309.991,2.066,6.15140,-0.000,328.323,107.366,330.916,301.351,102.698,301.870,330.916,18.904,311.464,6.15408,18.886,311.463,6.15150,2
18541,516054,10,3,3,0,0,0,0,7,0,0,309.991,2.066,6.15111,-0.000,328.323,107.366,330.916,301.351,102.698,301.870,330.916,18.904,311.464,6.15379,18.886,311.463,6.15140,2
18541,516064,10,3,3,0,0,0,0,7,0,0,309.991,2.066,6.15119,-0.000,328.323,107.366,330.916,301.351,102.698,301.870,330.916,18.904,311.464,6.15387,18.886,311.463,6.15111,2
18557,516074,10,3,3,0,0,0,0,7,0,0,309.991,2.066,6.15118,-0.000,328.323,107.366,330.916,301.351,102.698,301.870,330.916,18.904,311.464,6.15386,18.886,311.463,6.15119,2
18572,516084,10,3,3,0,0,0,0,7,0,0,309.991,2.066,6.15112,-0.000,328.323,107.366,330.916,301.351,102.698,301.870,330.916,18.904,311.464,6.15380,18.886,311.463,6.15118,2
18572,516094,10,3,3,0,0,0,0,7,0,0,309.991,2.066,6.15115,-0.000,328.323,107.366,330.916,301.351,102.698,301.870,330.916,18.904,311.464,6.15383,18.886,311.463,6.15112,2
18587,516104,10,3,3,0,0,0,0,7,0,0,309.991,2.066,6.15111,-0.000,328.323,107.366,330.916,301.351,102.698,301.870,330.916,18.904,311.464,6.15378,18.886,311.463,6.15115,2
18603,516114,10,3,3,0,0,0,0,7,0,0,309.991,2.066,6.15086,-0.000,328.323,107.366,330.916,301.351,102.698,301.870,330.916,18.903,311.464,6.15354,18.886,311.463,6.15111,2
18603,516124,10,3,3,0,0,0,0,7,0,0,309.991,2.066,6.15085,-0.000,328.323,107.366,330.916,301.351,102.698,301.870,330.916,18.903,311.464,6.15352,18.885,311.463,6.15086,2
18619,516134,10,3,3,0,0,0,0,7,0,0,309.991,2.066,6.15087,-0.000,328.323,107.366,330.916,301.351,102.698,301.870,330.916,18.903,311.464,6.15354,18.885,311.463,6.15085,2
18634,516144,10,3,3,0,0,0,0,7,0,0,309.991,2.066,6.15084,-0.000,328.323,107.366,330.916,301.351,102.698,301.870,330.916,18.903,311.464,6.15351,18.885,311.463,6.15087,2
18634,516154,10,3,3,0,0,0,0,7,0,0,309.991,2.066,6.15081,-0.000,328.323,107.366,330.916,301.351,102.698,301.870,330.916,18.903,311.464,6.15348,18.885,311.463,6.15084,2
18650,516164,10,3,3,0,0,0,0,7,0,0,309.991,2.066,6.15072,-0.000,328.323,107.366,330.916,301.351,102.698,301.870,330.916,18.903,311.464,6.15339,18.885,311.463,6.15081,2
18665,516174,10,3,3,0,0,0,0,7,0,0,309.991,2.066,6.15075,-0.000,328.323,107.366,330.916,301.351,102.698,301.870,330.916,18.903,311.464,6.15343,18.885,311.463,6.15072,2
18665,516184,10,3,3,0,0,0,0,7,0,0,309.991,2.066,6.15058,-0.000,328.323,107.366,330.916,301.351,102.698,301.870,330.916,18.903,311.464,6.15326,18.885,311.463,6.15075,2
18682,516194,10,3,3,0,0,0,0,7,0,0,309.991,2.066,6.15050,-0.000,328.323,107.366,330.916,301.351,102.698,301.870,330.916,18.903,311.464,6.15318,18.885,311.463,6.15058,2
18682,516204,10,3,3,0,0,0,0,7,0,0,309.991,2.066,6.15038,-0.000,328.323,107.366,330.916,301.351,102.698,301.870,330.916,18.903,311.464,6.15306,18.885,311.463,6.15050,2
18697,516214,10,3,3,0,0,0,0,7,0,0,309.991,2.066,6.15050,-0.000,328.323,107.366,330.916,301.351,102.698,301.870,330.916,18.903,311.464,6.15318,18.885,311.463,6.15038,2
18713,516224,10,3,3,0,0,0,0,7,0,0,309.991,2.066,6.15044,-0.000,328.323,107.366,330.916,301.351,102.698,301.870,330.916,18.903,311.464,6.15311,18.885,311.463,6.15050,2
18713,516234,10,3,3,0,0,0,0,7,0,0,309.991,2.066,6.15054,-0.000,328.323,107.366,330.916,301.351,102.698,301.870,330.916,18.903,311.464,6.15321,18.885,311.463,6.15044,2
18728,516244,10,3,3,0,0,0,0,7,0,0,309.991,2.066,6.15082,-0.000,328.323,107.366,330.916,301.351,102.698,301.870,330.916,18.903,311.464,6.15349,18.885,311.463,6.15054,2
18744,516254,10,3,3,0,0,0,0,7,0,0,309.991,2.066,6.15099,-0.000,328.323,107.366,330.916,301.351,102.698,301.870,330.916,18.904,311.464,6.15367,18.885,311.463,6.15082,2
18744,516264,10,3,3,0,0,0,0,7,0,0,309.991,2.066,6.15103,-0.000,328.323,107.366,330.916,301.351,102.698,301.870,330.916,18.904,311.464,6.15371,18.886,311.463,6.15099,2
18760,516274,10,3,3,0,0,0,0,7,0,0,309.991,2.066,6.15125,-0.000,328.323,107.366,330.916,301.351,102.698,301.870,330.916,18.904,311.464,6.15393,18.886,311.463,6.15103,2
18776,516284,10,3,3,0,0,0,0,7,0,0,309.991,2.066,6.15133,-0.000,328.323,107.366,330.916,301.351,102.698,301.870,330.916,18.904,311.464,6.15400,18.886,311.463,6.15126,2
18776,516294,10,3,3,0,0,0,0,7,0,0,309.991,2.066,6.15115,-0.000,328.323,107.366,330.916,301.351,102.698,301.870,330.916,18.904,311.464,6.15382,18.886,311.463,6.15133,2
18806,516304,10,3,3,0,0,0,0,7,0,0,309.991,2.066,6.15116,-0.000,328.323,107.366,330.916,301.351,102.698,301.870,330.916,18.904,311.464,6.15384,18.886,311.463,6.15115,2
18806,516314,10,3,3,0,0,0,0,7,0,0,309.991,2.066,6.15121,-0.000,328.323,107.366,330.916,301.351,102.698,301.870,330.916,18.904,311.464,6.15389,18.886,311.463,6.15116,2
18806,516324,10,3,3,0,0,0,0,7,0,0,309.991,2.066,6.15127,-0.000,328.323,107.366,330.916,301.351,102.698,301.870,330.916,18.904,311.464,6.15395,18.886,311.463,6.15121,2
18823,516334,10,3,3,0,0,0,0,7,0,0,309.991,2.066,6.15105,-0.000,328.323,107.366,330.916,301.351,102.698,301.870,330.916,18.904,311.464,6.15372,18.886,311.463,6.15127,2
18823,516344,10,3,3,0,0,0,0,7,0,0,309.991,2.066,6.15108,-0.000,328.323,107.366,330.916,301.351,102.698,301.870,330.916,18.904,311.464,6.15376,18.886,311.463,6.15105,2
18837,516354,10,3,3,0,0,0,0,7,0,0,309.991,2.066,6.15109,-0.000,328.323,107.366,330.916,301.351,102.698,301.870,330.916,18.904,311.464,6.15376,18.886,311.463,6.15108,2
18853,516364,10,3,3,0,0,0,0,7,0,0,309.991,2.066,6.15093,-0.000,328.323,107.366,330.916,301.351,102.698,301.870,330.916,18.903,311.464,6.15360,18.886,311.463,6.15109,2
18853,516374,10,3,3,0,0,0,0,7,0,0,309.991,2.066,6.15077,-0.000,328.323,107.366,330.916,301.351,102.698,301.870,330.916,18.903,311.464,6.15345,18.886,311.463,6.15093,2
18868,516384,10,3,3,0,0,0,0,7,0,0,309.991,2.066,6.15093,-0.000,328.323,107.366,330.916,301.351,102.698,301.870,330.916,18.903,311.464,6.15361,18.885,311.463,6.15077,2
18883,516394,10,3,3,0,0,0,0,7,0,0,309.991,2.066,6.15103,-0.000,328.323,107.366,330.916,301.351,102.698,301.870,330.916,18.904,311.464,6.15371,18.886,311.463,6.15093,2
18883,516404,10,3,3,0,0,0,0,7,0,0,309.991,2.066,6.15072,-0.000,328.323,107.366,330.916,301.351,102.698,301.870,330.916,18.903,311.464,6.15339,18.886,311.463,6.15103,2
18900,516414,10,3,3,0,0,0,0,7,0,0,309.991,2.066,6.15071,-0.000,328.323,107.366,330.916,301.351,102.698,301.870,330.916,18.903,311.464,6.15338,18.885,311.463,6.15072,2
18915,516424,10,3,3,0,0,0,0,7,0,0,309.991,2.066,6.15081,-0.000,328.323,107.366,330.916,301.351,102.698,301.870,330.916,18.903,311.464,6.15348,18.885,311.463,6.15071,2
18915,516434,10,3,3,0,0,0,0,7,0,0,309.991,2.066,6.15085,-0.000,328.323,107.366,330.916,301.351,102.698,301.870,330.916,18.903,311.464,6.15353,18.885,311.463,6.15081,2
18931,516444,10,3,3,0,0,0,0,7,0,0,309.991,2.066,6.15106,-0.000,328.323,107.366,330.916,301.351,102.698,301.870,330.916,18.904,311.464,6.15373,18.885,311.463,6.15085,2
18946,516454,10,3,3,0,0,0,0,7,0,0,309.991,2.066,6.15132,-0.000,328.323,107.366,330.916,301.351,102.698,301.870,330.916,18.904,311.464,6.15400,18.886,311.463,6.15106,2
18946,516464,10,3,3,0,0,0,0,7,0,0,309.991,2.066,6.15136,-0.000,328.323,107.366,330.916,301.351,102.698,301.870,330.916,18.904,311.464,6.15404,18.886,311.463,6.15132,2
18962,516474,10,3,3,0,0,0,0,7,0,0,309.991,2.066,6.15139,-0.000,328.323,107.366,330.916,301.351,102.698,301.870,330.916,18.904,311.464,6.15406,18.886,311.463,6.15136,2
18962,516484,10,3,3,0,0,0,0,7,0,0,309.991,2.066,6.15141,-0.000,328.323,107.366,330.916,301.351,102.698,301.870,330.916,18.904,311.464,6.15409,18.886,311.463,6.15139,2
18977,516494,10,3,3,0,0,0,0,7,0,0,309.991,2.066,6.15137,-0.000,328.323,107.366,330.916,301.351,102.698,301.870,330.916,18.904,311.464,6.15404,18.886,311.463,6.15141,2
18992,516504,10,3,3,0,0,0,0,7,0,0,309.991,2.066,6.15154,-0.000,328.323,107.366,330.916,301.351,102.698,301.870,330.916,18.904,311.464,6.15421,18.886,311.463,6.15137,2
18992,516514,10,3,3,0,0,0,0,7,0,0,309.991,2.066,6.15149,-0.000,328.323,107.366,330.916,301.351,102.698,301.870,330.916,18.904,311.464,6.15416,18.886,311.463,6.15154,2
19008,516524,10,3,3,0,0,0,0,7,0,0,309.991,2.066,6.15139,-0.000,328.323,107.366,330.916,301.351,102.698,301.870,330.916,18.904,311.464,6.15407,18.886,311.463,6.15149,2
19024,516534,10,3,3,0,0,0,0,7,0,0,309.991,2.066,6.15144,-0.000,328.323,107.366,330.916,301.351,102.698,301.870,330.916,18.904,311.464,6.15412,18.886,311.463,6.15139,2
19024,516544,10,3,3,0,0,0,0,7,0,0,309.991,2.066,6.15141,-0.000,328.323,107.366,330.916,301.351,102.698,301.870,330.916,18.904,311.464,6.15409,18.886,311.463,6.15144,2
19040,516554,10,3,3,0,0,0,0,7,0,0,309.991,2.066,6.15143,-0.000,328.323,107.366,330.916,301.351,102.698,301.870,330.916,18.904,311.464,6.15411,18.886,311.463,6.15141,2
19055,516564,10,3,3,0,0,0,0,7,0,0,309.991,2.066,6.15149,-0.000,328.323,107.366,330.916,301.351,102.698,301.870,330.916,18.904,311.464,6.15417,18.886,311.463,6.15143,2
19055,516574,10,3,3,0,0,0,0,7,0,0,309.991,2.066,6.15153,-0.000,328.323,107.366,330.916,301.351,102.698,301.870,330.916,18.904,311.464,6.15421,18.886,311.463,6.15149,2
19071,516584,10,3,3,0,0,0,0,7,0,0,309.991,2.066,6.15146,-0.000,328.323,107.366,330.916,301.351,102.698,301.870,330.916,18.904,311.464,6.15414,18.886,311.463,6.15154,2
19071,516594,10,3,3,0,0,0,0,7,0,0,309.991,2.066,6.15165,-0.000,328.323,107.366,330.916,301.351,102.698,301.870,330.916,18.904,311.464,6.15433,18.886,311.463,6.15146,2
19087,516604,10,3,3,0,0,0,0,7,0,0,309.991,2.066,6.15155,-0.000,328.323,107.366,330.916,301.351,102.698,301.870,330.916,18.904,311.464,6.15422,18.886,311.463,6.15165,2
19102,516614,10,3,3,0,0,0,0,7,0,0,309.991,2.066,6.15156,-0.000,328.323,107.366,330.916,301.351,102.698,301.870,330.916,18.904,311.464,6.15424,18.886,311.463,6.15155,2
19102,516624,10,3,3,0,0,0,0,7,0,0,309.991,2.066,6.15127,-0.000,328.323,107.366,330.916,301.351,102.698,301.870,330.916,18.904,311.464,6.15395,18.886,311.463,6.15157,2
19118,516634,10,3,3,0,0,0,0,7,0,0,309.991,2.066,6.15131,-0.000,328.323,107.366,330.916,301.351,102.698,301.870,330.916,18.904,311.464,6.15399,18.886,311.463,6.15127,2
19134,516644,10,3,3,0,0,0,0,7,0,0,309.991,2.066,6.15151,-0.000,328.323,107.366,330.916,301.351,102.698,301.870,330.916,18.904,311.464,6.15418,18.886,311.463,6.15131,2
19134,516654,10,3,3,0,0,0,0,7,0,0,309.991,2.066,6.15143,-0.000,328.323,107.366,330.916,301.351,102.698,301.870,330.916,18.904,311.464,6.15410,18.886,311.463,6.15151,2
19149,516664,10,3,3,0,0,0,0,7,0,0,309.991,2.066,6.15116,-0.000,328.323,107.366,330.916,301.351,102.698,301.870,330.916,18.904,311.464,6.15384,18.886,311.463,6.15143,2
19165,516674,10,3,3,0,0,0,0,7,0,0,309.991,2.066,6.15118,-0.000,328.323,107.366,330.916,301.351,102.698,301.870,330.916,18.904,311.464,6.15386,18.886,311.463,6.15116,2
19165,516684,10,3,3,0,0,0,0,7,0,0,309.991,2.066,6.15110,-0.000,328.323,107.366,330.916,301.351,102.698,301.870,330.916,18.904,311.464,6.15378,18.886,311.463,6.15118,2
19181,516694,10,3,3,0,0,0,0,7,0,0,309.991,2.066,6.15101,-0.000,328.323,107.366,330.916,301.351,102.698,301.870,330.916,18.904,311.464,6.15368,18.886,311.463,6.15110,2
19196,516704,10,3,3,0,0,0,0,7,0,0,309.991,2.066,6.15105,-0.000,328.323,107.366,330.916,301.351,102.698,301.870,330.916,18.904,311.464,6.15373,18.886,311.463,6.15101,2
19196,516714,10,3,3,0,0,0,0,7,0,0,309.991,2.066,6.15101,-0.000,328.323,107.366,330.916,301.351,102.698,301.870,330.916,18.904,311.464,6.15368,18.886,311.463,6.15105,2
19212,516724,10,3,3,0,0,0,0,7,0,0,309.991,2.066,6.15083,-0.000,328.323,107.366,330.916,301.351,102.698,301.870,330.916,18.903,311.464,6.15351,18.886,311.463,6.15101,2
19212,516734,10,3,3,0,0,0,0,7,0,0,309.991,2.066,6.15075,-0.000,328.323,107.366,330.916,301.351,102.698,301.870,330.916,18.903,311.464,6.15342,18.885,311.463,6.15083,2
19227,516744,10,3,3,0,0,0,0,7,0,0,309.991,2.066,6.15100,-0.000,328.323,107.366,330.916,301.351,102.698,301.870,330.916,18.904,311.464,6.15368,18.885,311.463,6.15075,2
19243,516754,10,3,3,0,0,0,0,7,0,0,309.991,2.066,6.15107,-0.000,328.323,107.366,330.916,301.351,102.698,301.870,330.916,18.904,311.464,6.15375,18.886,311.463,6.15100,2
19243,516764,10,3,3,0,0,0,0,7,0,0,309.991,2.066,6.15146,-0.000,328.323,107.366,330.916,301.351,102.698,301.870,330.916,18.904,311.464,6.15413,18.886,311.463,6.15107,2
19258,516774,10,3,3,0,0,0,0,7,0,0,309.991,2.066,6.15141,-0.000,328.323,107.366,330.916,301.351,102.698,301.870,330.916,18.904,311.464,6.15409,18.886,311.463,6.15146,2
19273,516784,10,3,3,0,0,0,0,7,0,0,309.991,2.066,6.15154,-0.000,328.323,107.366,330.916,301.351,102.698,301.870,330.916,18.904,311.464,6.15421,18.886,311.463,6.15141,2
19273,516794,10,3,3,0,0,0,0,7,0,0,309.991,2.066,6.15118,-0.000,328.323,107.366,330.916,301.351,102.698,301.870,330.916,18.904,311.464,6.15386,18.886,311.463,6.15154,2
19289,516804,10,3,3,0,0,0,0,7,0,0,309.991,2.066,6.15113,-0.000,328.323,107.366,330.916,301.351,102.698,301.870,330.916,18.904,311.464,6.15381,18.886,311.463,6.15118,2
19304,516814,10,3,3,0,0,0,0,7,0,0,309.991,2.066,6.15110,-0.000,328.323,107.366,330.916,301.351,102.698,301.870,330.916,18.904,311.464,6.15377,18.886,311.463,6.15113,2
19304,516824,10,3,3,0,0,0,0,7,0,0,309.991,2.066,6.15113,-0.000,328.323,107.366,330.916,301.351,102.698,301.870,330.916,18.904,311.464,6.15381,18.886,311.463,6.15110,2
19320,516834,10,3,3,0,0,0,0,7,0,0,309.991,2.066,6.15126,-0.000,328.323,107.366,330.916,301.351,102.698,301.870,330.916,18.904,311.464,6.15393,18.886,311.463,6.15113,2
19336,516844,10,3,3,0,0,0,0,7,0,0,309.991,2.066,6.15126,-0.000,328.323,107.366,330.916,301.351,102.698,301.870,330.916,18.904,311.464,6.15394,18.886,311.463,6.15126,2
19336,516854,10,3,3,0,0,0,0,7,0,0,309.991,2.066,6.15130,-0.000,328.323,107.366,330.916,301.351,102.698,301.870,330.916,18.904,311.464,6.15397,18.886,311.463,6.15126,2
19352,516864,10,3,3,0,0,0,0,7,0,0,309.991,2.066,6.15141,-0.000,328.323,107.366,330.916,301.351,102.698,301.870,330.916,18.904,311.464,6.15408,18.886,311.463,6.15130,2
19352,516874,10,3,3,0,0,0,0,7,0,0,309.991,2.066,6.15112,-0.000,328.323,107.366,330.916,301.351,102.698,301.870,330.916,18.904,311.464,6.15379,18.886,311.463,6.15141,2
19367,516884,10,3,3,0,0,0,0,7,0,0,309.991,2.066,6.15088,-0.000,328.323,107.366,330.916,301.351,102.698,301.870,330.916,18.903,311.464,6.15356,18.886,311.463,6.15112,2
19382,516894,10,3,3,0,0,0,0,7,0,0,309.991,2.066,6.15061,-0.000,328.323,107.366,330.916,301.351,102.698,301.870,330.916,18.903,311.464,6.15328,18.885,311.463,6.15088,2
19382,516904,10,3,3,0,0,0,0,7,0,0,309.991,2.066,6.15061,-0.000,328.323,107.366,330.916,301.351,102.698,301.870,330.916,18.903,311.464,6.15328,18.885,311.463,6.15061,2
19398,516914,10,3,3,0,0,0,0,7,0,0,309.991,2.066,6.15067,-0.000,328.323,107.366,330.916,301.351,102.698,301.870,330.916,18.903,311.464,6.15334,18.885,311.463,6.15061,2
19413,516924,10,3,3,0,0,0,0,7,0,0,309.991,2.066,6.15090,-0.000,328.323,107.366,330.916,301.351,102.698,301.870,330.916,18.903,311.464,6.15357,18.885,311.463,6.15067,2
19413,516934,10,3,3,0,0,0,0,7,0,0,309.991,2.066,6.15109,-0.000,328.323,107.366,330.916,301.351,102.698,301.870,330.916,18.904,311.464,6.15377,18.885,311.463,6.15090,2
19430,516944,10,3,3,0,0,0,0,7,0,0,309.991,2.066,6.15129,-0.000,328.323,107.366,330.916,301.351,102.698,301.870,330.916,18.904,311.464,6.15397,18.886,311.463,6.15109,2
19445,516954,10,3,3,0,0,0,0,7,0,0,309.991,2.066,6.15127,-0.000,328.323,107.366,330.916,301.351,102.698,301.870,330.916,18.904,311.464,6.15395,18.886,311.463,6.15129,2
19445,516964,10,3,3,0,0,0,0,7,0,0,309.991,2.066,6.15126,-0.000,328.323,107.366,330.916,301.351,102.698,301.870,330.916,18.904,311.464,6.15394,18.886,311.463,6.15127,2
19461,516974,10,3,3,0,0,0,0,7,0,0,309.991,2.066,6.15125,-0.000,328.323,107.366,330.916,301.351,102.698,301.870,330.916,18.904,311.464,6.15393,18.886,311.463,6.15126,2
19461,516984,10,3,3,0,0,0,0,7,0,0,309.991,2.066,6.15140,-0.000,328.323,107.366,330.916,301.351,102.698,301.870,330.916,18.904,311.464,6.15407,18.886,311.463,6.15125,2
19476,516994,10,3,3,0,0,0,0,7,0,0,309.991,2.066,6.15116,-0.000,328.323,107.366,330.916,301.351,102.698,301.870,330.916,18.904,311.464,6.15383,18.886,311.463,6.15140,2
19492,517004,10,3,3,0,0,0,0,7,0,0,309.991,2.066,6.15137,-0.000,328.323,107.366,330.916,301.351,102.698,301.870,330.916,18.904,311.464,6.15405,18.886,311.463,6.15116,2
19492,517014,10,3,3,0,0,0,0,7,0,0,309.991,2.066,6.15130,-0.000,328.323,107.366,330.916,301.351,102.698,301.870,330.916,18.904,311.464,6.15398,18.886,311.463,6.15137,2
19508,517024,10,3,3,0,0,0,0,7,0,0,309.991,2.066,6.15128,-0.000,328.323,107.366,330.916,301.351,102.698,301.870,330.916,18.904,311.464,6.15395,18.886,311.463,6.15130,2
19523,517034,10,3,3,0,0,0,0,7,0,0,309.991,2.066,6.15097,-0.000,328.323,107.366,330.916,301.351,102.698,301.870,330.916,18.904,311.464,6.15364,18.886,311.463,6.15128,2
19523,517044,10,3,3,0,0,0,0,7,0,0,309.991,2.066,6.15103,-0.000,328.323,107.366,330.916,301.351,102.698,301.870,330.916,18.904,311.464,6.15370,18.886,311.463,6.15097,2
19540,517054,10,3,3,0,0,0,0,7,0,0,309.991,2.066,6.15113,-0.000,328.323,107.366,330.916,301.351,102.698,301.870,330.916,18.904,311.464,6.15380,18.886,311.463,6.15103,2
19555,517064,10,3,3,0,0,0,0,7,0,0,309.991,2.066,6.15120,-0.000,328.323,107.366,330.916,301.351,102.698,301.870,330.916,18.904,311.464,6.15387,18.886,311.463,6.15113,2
19555,517074,10,3,3,0,0,0,0,7,0,0,309.991,2.066,6.15115,-0.000,328.323,107.366,330.916,301.351,102.698,301.870,330.916,18.904,311.464,6.15382,18.886,311.463,6.15120,2
19570,517084,10,3,3,0,0,0,0,7,0,0,309.991,2.066,6.15132,-0.000,328.323,107.366,330.916,301.351,102.698,301.870,330.916,18.904,311.464,6.15400,18.886,311.463,6.15115,2
19586,517094,10,3,3,0,0,0,0,7,0,0,309.991,2.066,6.15121,-0.000,328.323,107.366,330.916,301.351,102.698,301.870,330.916,18.904,311.464,6.15389,18.886,311.463,6.15132,2
19586,517104,10,3,3,0,0,0,0,7,0,0,309.991,2.066,6.15117,-0.000,328.323,107.366,330.916,301.351,102.698,301.870,330.916,18.904,311.464,6.15384,18.886,311.463,6.15121,2
19601,517114,10,3,3,0,0,0,0,7,0,0,309.991,2.066,6.15098,-0.000,328.323,107.366,330.916,301.351,102.698,301.870,330.916,18.904,311.464,6.15365,18.886,311.463,6.15117,2
19601,517124,10,3,3,0,0,0,0,7,0,0,309.991,2.066,6.15094,-0.000,328.323,107.366,330.916,301.351,102.698,301.870,330.916,18.903,311.464,6.15361,18.886,311.463,6.15098,2
19618,517134,10,3,3,0,0,0,0,7,0,0,309.991,2.066,6.15076,-0.000,328.323,107.366,330.916,301.351,102.698,301.870,330.916,18.903,311.464,6.15343,18.886,311.463,6.15094,2
19633,517144,10,3,3,0,0,0,0,7,0,0,309.991,2.066,6.15089,-0.000,328.323,107.366,330.916,301.351,102.698,301.870,330.916,18.903,311.464,6.15356,18.885,311.463,6.15076,2
19633,517154,10,3,3,0,0,0,0,7,0,0,309.991,2.066,6.15082,-0.000,328.323,107.366,330.916,301.351,102.698,301.870,330.916,18.903,311.464,6.15350,18.885,311.463,6.15089,2
19649,517164,10,3,3,0,0,0,0,7,0,0,309.991,2.066,6.15094,-0.000,328.323,107.366,330.916,301.351,102.698,301.870,330.916,18.903,311.464,6.15362,18.885,311.463,6.15082,2
19665,517174,10,3,3,0,0,0,0,7,0,0,309.991,2.066,6.15097,-0.000,328.323,107.366,330.916,301.351,102.698,301.870,330.916,18.904,311.464,6.15365,18.886,311.463,6.15094,2
19665,517184,10,3,3,0,0,0,0,7,0,0,309.991,2.066,6.15089,-0.000,328.323,107.366,330.916,301.351,102.698,301.870,330.916,18.903,311.464,6.15357,18.886,311.463,6.15097,2
19680,517194,10,3,3,0,0,0,0,7,0,0,309.991,2.066,6.15105,-0.000,328.323,107.366,330.916,301.351,102.698,301.870,330.916,18.904,311.464,6.15373,18.885,311.463,6.15089,2
19696,517204,10,3,3,0,0,0,0,7,0,0,309.991,2.066,6.15102,-0.000,328.323,107.366,330.916,301.351,102.698,301.870,330.916,18.904,311.464,6.15369,18.886,311.463,6.15105,2
19696,517214,10,3,3,0,0,0,0,7,0,0,309.991,2.066,6.15094,-0.000,328.323,107.366,330.916,301.351,102.698,301.870,330.916,18.903,311.464,6.15361,18.886,311.463,6.15102,2
19712,517224,10,3,3,0,0,0,0,7,0,0,309.991,2.066,6.15089,-0.000,328.323,107.366,330.916,301.351,102.698,301.870,330.916,18.903,311.464,6.15356,18.886,311.463,6.15094,2
19712,517234,10,3,3,0,0,0,0,7,0,0,309.991,2.066,6.15090,-0.000,328.323,107.366,330.916,301.351,102.698,301.870,330.916,18.903,311.464,6.15357,18.885,311.463,6.15089,2
19727,517244,10,3,3,0,0,0,0,7,0,0,309.991,2.066,6.15085,-0.000,328.323,107.366,330.916,301.351,102.698,301.870,330.916,18.903,311.464,6.15353,18.885,311.463,6.15090,2
19743,517254,10,3,3,0,0,0,0,7,0,0,309.991,2.066,6.15085,-0.000,328.323,107.366,330.916,301.351,102.698,301.870,330.916,18.903,311.464,6.15353,18.885,311.463,6.15085,2
19743,517264,10,3,3,0,0,0,0,7,0,0,309.991,2.066,6.15062,-0.000,328.323,107.366,330.916,301.351,102.698,301.870,330.916,18.903,311.464,6.15330,18.885,311.463,6.15085,2
19758,517274,10,3,3,0,0,0,0,7,0,0,309.991,2.066,6.15054,-0.000,328.323,107.366,330.916,301.351,102.698,301.870,330.916,18.903,311.464,6.15321,18.885,311.463,6.15062,2
19775,517284,10,3,3,0,0,0,0,7,0,0,309.991,2.066,6.15097,-0.000,328.323,107.366,330.916,301.351,102.698,301.870,330.916,18.904,311.464,6.15364,18.885,311.463,6.15054,2
19775,517294,10,3,3,0,0,0,0,7,0,0,309.991,2.066,6.15120,-0.000,328.323,107.366,330.916,301.351,102.698,301.870,330.916,18.904,311.464,6.15387,18.886,311.463,6.15097,2
19790,517304,10,3,3,0,0,0,0,7,0,0,309.991,2.066,6.15108,-0.000,328.323,107.366,330.916,301.351,102.698,301.870,330.916,18.904,311.464,6.15376,18.886,311.463,6.15120,2
19806,517314,10,3,3,0,0,0,0,7,0,0,309.991,2.066,6.15111,-0.000,328.323,107.366,330.916,301.351,102.698,301.870,330.916,18.904,311.464,6.15378,18.886,311.463,6.15108,2
19806,517324,10,3,3,0,0,0,0,7,0,0,309.991,2.066,6.15121,-0.000,328.323,107.366,330.916,301.351,102.698,301.870,330.916,18.904,311.464,6.15389,18.886,311.463,6.15111,2
19822,517334,10,3,3,0,0,0,0,7,0,0,309.991,2.066,6.15134,-0.000,328.323,107.366,330.916,301.351,102.698,301.870,330.916,18.904,311.464,6.15401,18.886,311.463,6.15121,2
19822,517344,10,3,3,0,0,0,0,7,0,0,309.991,2.066,6.15129,-0.000,328.323,107.366,330.916,301.351,102.698,301.870,330.916,18.904,311.464,6.15397,18.886,311.463,6.15134,2
19837,517354,10,3,3,0,0,0,0,7,0,0,309.991,2.066,6.15095,-0.000,328.323,107.366,330.916,301.351,102.698,301.870,330.916,18.904,311.464,6.15362,18.886,311.463,6.15129,2
19854,517364,10,3,3,0,0,0,0,7,0,0,309.991,2.066,6.15104,-0.000,328.323,107.366,330.916,301.351,102.698,301.870,330.916,18.904,311.464,6.15372,18.886,311.463,6.15095,2
19854,517374,10,3,3,0,0,0,0,7,0,0,309.991,2.066,6.15099,-0.000,328.323,107.366,330.916,301.351,102.698,301.870,330.916,18.904,311.464,6.15367,18.886,311.463,6.15104,2
19870,517384,10,3,3,0,0,0,0,7,0,0,309.991,2.066,6.15082,-0.000,328.323,107.366,330.916,301.351,102.698,301.870,330.916,18.903,311.464,6.15349,18.886,311.463,6.15099,2
19886,517394,10,3,3,0,0,0,0,7,0,0,309.991,2.066,6.15090,-0.000,328.323,107.366,330.916,301.351,102.698,301.870,330.916,18.903,311.464,6.15357,18.885,311.463,6.15082,2
19886,517404,10,3,3,0,0,0,0,7,0,0,309.991,2.066,6.15094,-0.000,328.323,107.366,330.916,301.351,102.698,301.870,330.916,18.903,311.464,6.15362,18.885,311.463,6.15090,2
19901,517414,10,3,3,0,0,0,0,7,0,0,309.991,2.066,6.15115,-0.000,328.323,107.366,330.916,301.351,102.698,301.870,330.916,18.904,311.464,6.15383,18.886,311.463,6.15094,2
19917,517424,10,3,3,0,0,0,0,7,0,0,309.991,2.066,6.15126,-0.000,328.323,107.366,330.916,301.351,102.698,301.870,330.916,18.904,311.464,6.15394,18.886,311.463,6.15115,2
19917,517434,10,3,3,0,0,0,0,7,0,0,309.991,2.066,6.15124,-0.000,328.323,107.366,330.916,301.351,102.698,301.870,330.916,18.904,311.464,6.15391,18.886,311.463,6.15126,2
19933,517444,10,3,3,0,0,0,0,7,0,0,309.991,2.066,6.15106,-0.000,328.323,107.366,330.916,301.351,102.698,301.870,330.916,18.904,311.464,6.15374,18.886,311.463,6.15124,2
19933,517454,10,3,3,0,0,0,0,7,0,0,309.991,2.066,6.15145,-0.000,328.323,107.366,330.916,301.351,102.698,301.870,330.916,18.904,311.464,6.15412,18.886,311.463,6.15106,2
19949,517464,10,3,3,0,0,0,0,7,0,0,309.991,2.066,6.15149,-0.000,328.323,107.366,330.916,301.351,102.698,301.870,330.916,18.904,311.464,6.15417,18.886,311.463,6.15145,2
19980,517474,10,3,3,0,0,0,0,7,0,0,309.991,2.066,6.15136,-0.000,328.323,107.366,330.916,301.351,102.698,301.870,330.916,18.904,311.464,6.15403,18.886,311.463,6.15149,2
19980,517484,10,3,3,0,0,0,0,7,0,0,309.991,2.066,6.15126,-0.000,328.323,107.366,330.916,301.351,102.698,301.870,330.916,18.904,311.464,6.15394,18.886,311.463,6.15136,2
19980,517494,10,3,3,0,0,0,0,7,0,0,309.991,2.066,6.15125,-0.000,328.323,107.366,330.916,301.351,102.698,301.870,330.916,18.904,311.464,6.15392,18.886,311.463,6.15126,2
19996,517504,10,3,3,0,0,0,0,7,0,0,309.991,2.066,6.15110,-0.000,328.323,107.366,330.916,301.351,102.698,301.870,330.916,18.904,311.464,6.15378,18.886,311.463,6.15125,2
19996,517514,10,3,3,0,0,0,0,7,0,0,309.991,2.066,6.15096,-0.000,328.323,107.366,330.916,301.351,102.698,301.870,330.916,18.904,311.464,6.15363,18.886,311.463,6.15110,2
20027,517524,10,3,3,0,0,0,0,7,0,0,309.991,2.066,6.15105,-0.000,328.323,107.366,330.916,301.351,102.698,301.870,330.916,18.904,311.464,6.15372,18.886,311.463,6.15096,2
20027,517534,10,3,3,0,0,0,0,7,0,0,309.991,2.066,6.15108,-0.000,328.323,107.366,330.916,301.351,102.698,301.870,330.916,18.904,311.464,6.15376,18.886,311.463,6.15105,2
20027,517544,10,3,3,0,0,0,0,7,0,0,309.991,2.066,6.15110,-0.000,328.323,107.366,330.916,301.351,102.698,301.870,330.916,18.904,311.464,6.15378,18.886,311.463,6.15108,2
20043,517554,10,3,3,0,0,0,0,7,0,0,309.991,2.066,6.15097,-0.000,328.323,107.366,330.916,301.351,102.698,301.870,330.916,18.904,311.464,6.15364,18.886,311.463,6.15110,2
20043,517564,10,3,3,0,0,0,0,7,0,0,309.991,2.066,6.15109,-0.000,328.323,107.366,330.916,301.351,102.698,301.870,330.916,18.904,311.464,6.15377,18.886,311.463,6.15097,2
20059,517574,10,3,3,0,0,0,0,7,0,0,309.991,2.066,6.15120,-0.000,328.323,107.366,330.916,301.351,102.698,301.870,330.916,18.904,311.464,6.15388,18.886,311.463,6.15109,2
20074,517584,10,3,3,0,0,0,0,7,0,0,309.991,2.066,6.15127,-0.000,328.323,107.366,330.916,301.351,102.698,301.870,330.916,18.904,311.464,6.15395,18.886,311.463,6.15120,2
20074,517594,10,3,3,0,0,0,0,7,0,0,309.991,2.066,6.15116,-0.000,328.323,107.366,330.916,301.351,102.698,301.870,330.916,18.904,311.464,6.15383,18.886,311.463,6.15127,2
20090,517604,10,3,3,0,0,0,0,7,0,0,309.991,2.066,6.15116,-0.000,328.323,107.366,330.916,301.351,102.698,301.870,330.916,18.904,311.464,6.15384,18.886,311.463,6.15116,2
20105,517614,10,3,3,0,0,0,0,7,0,0,309.991,2.066,6.15113,-0.000,328.323,107.366,330.916,301.351,102.698,301.870,330.916,18.904,311.464,6.15380,18.886,311.463,6.15116,2
20105,517624,10,3,3,0,0,0,0,7,0,0,309.991,2.066,6.15091,-0.000,328.323,107.366,330.916,301.351,102.698,301.870,330.916,18.903,311.464,6.15358,18.886,311.463,6.15113,2
20122,517634,10,3,3,0,0,0,0,7,0,0,309.991,2.066,6.15074,-0.000,328.323,107.366,330.916,301.351,102.698,301.870,330.916,18.903,311.464,6.15341,18.885,311.463,6.15091,2
20122,517644,10,3,3,0,0,0,0,7,0,0,309.991,2.066,6.15087,-0.000,328.323,107.366,330.916,301.351,102.698,301.870,330.916,18.903,311.464,6.15354,18.885,311.463,6.15074,2
20137,517654,10,3,3,0,0,0,0,7,0,0,309.991,2.066,6.15083,-0.000,328.323,107.366,330.916,301.351,102.698,301.870,330.916,18.903,311.464,6.15350,18.885,311.463,6.15087,2
20152,517664,10,3,3,0,0,0,0,7,0,0,309.991,2.066,6.15082,-0.000,328.323,107.366,330.916,301.351,102.698,301.870,330.916,18.903,311.464,6.15350,18.885,311.463,6.15083,2
20152,517674,10,3,3,0,0,0,0,7,0,0,309.991,2.066,6.15089,-0.000,328.323,107.366,330.916,301.351,102.698,301.870,330.916,18.903,311.464,6.15357,18.885,311.463,6.15082,2
20168,517684,10,3,3,0,0,0,0,7,0,0,309.991,2.066,6.15108,-0.000,328.323,107.366,330.916,301.351,102.698,301.870,330.916,18.904,311.464,6.15376,18.885,311.463,6.15089,2
20185,517694,10,3,3,0,0,0,0,7,0,0,309.991,2.066,6.15116,-0.000,328.323,107.366,330.916,301.351,102.698,301.870,330.916,18.904,311.464,6.15383,18.886,311.463,6.15108,2
20185,517704,10,3,3,0,0,0,0,7,0,0,309.991,2.066,6.15112,-0.000,328.323,107.366,330.916,301.351,102.698,301.870,330.916,18.904,311.464,6.15380,18.886,311.463,6.15116,2
20199,517714,10,3,3,0,0,0,0,7,0,0,309.991,2.066,6.15124,-0.000,328.323,107.366,330.916,301.351,102.698,301.870,330.916,18.904,311.464,6.15392,18.886,311.463,6.15112,2
20215,517724,10,3,3,0,0,0,0,7,0,0,309.991,2.066,6.15133,-0.000,328.323,107.366,330.916,301.351,102.698,301.870,330.916,18.904,311.464,6.15401,18.886,311.463,6.15124,2
20215,517734,10,3,3,0,0,0,0,7,0,0,309.991,2.066,6.15148,-0.000,328.323,107.366,330.916,301.351,102.698,301.870,330.916,18.904,311.464,6.15415,18.886,311.463,6.15133,2
20231,517744,10,3,3,0,0,0,0,7,0,0,309.991,2.066,6.15139,-0.000,328.323,107.366,330.916,301.351,102.698,301.870,330.916,18.904,311.464,6.15407,18.886,311.463,6.15148,2
20231,517754,10,3,3,0,0,0,0,7,0,0,309.991,2.066,6.15130,-0.000,328.323,107.366,330.916,301.351,102.698,301.870,330.916,18.904,311.464,6.15398,18.886,311.463,6.15139,2
20246,517764,10,3,3,0,0,0,0,7,0,0,309.991,2.066,6.15127,-0.000,328.323,107.366,330.916,301.351,102.698,301.870,330.916,18.904,311.464,6.15394,18.886,311.463,6.15130,2
20262,517774,10,3,3,0,0,0,0,7,0,0,309.991,2.066,6.15138,-0.000,328.323,107.366,330.916,301.351,102.698,301.870,330.916,18.904,311.464,6.15405,18.886,311.463,6.15127,2
20262,517784,10,3,3,0,0,0,0,7,0,0,309.991,2.066,6.15110,-0.000,328.323,107.366,330.916,301.351,102.698,301.870,330.916,18.904,311.464,6.15377,18.886,311.463,6.15138,2
20278,517794,10,3,3,0,0,0,0,7,0,0,309.991,2.066,6.15111,-0.000,328.323,107.366,330.916,301.351,102.698,301.870,330.916,18.904,311.464,6.15378,18.886,311.463,6.15110,2
20294,517804,10,3,3,0,0,0,0,7,0,0,309.991,2.066,6.15130,-0.000,328.323,107.366,330.916,301.351,102.698,301.870,330.916,18.904,311.464,6.15397,18.886,311.463,6.15111,2
20294,517814,10,3,3,0,0,0,0,7,0,0,309.991,2.066,6.15146,-0.000,328.323,107.366,330.916,301.351,102.698,301.870,330.916,18.904,311.464,6.15414,18.886,311.463,6.15130,2
20308,517824,10,3,3,0,0,0,0,7,0,0,309.991,2.066,6.15139,-0.000,328.323,107.366,330.916,301.351,102.698,301.870,330.916,18.904,311.464,6.15407,18.886,311.463,6.15146,2
20325,517834,10,3,3,0,0,0,0,7,0,0,309.991,2.066,6.15128,-0.000,328.323,107.366,330.916,301.351,102.698,301.870,330.916,18.904,311.464,6.15395,18.886,311.463,6.15139,2
20325,517844,10,3,3,0,0,0,0,7,0,0,309.991,2.066,6.15108,-0.000,328.323,107.366,330.916,301.351,102.698,301.870,330.916,18.904,311.464,6.15375,18.886,311.463,6.15128,2
20340,517854,10,3,3,0,0,0,0,7,0,0,309.991,2.066,6.15089,-0.000,328.323,107.366,330.916,301.351,102.698,301.870,330.916,18.903,311.464,6.15356,18.886,311.463,6.15108,2
20355,517864,10,3,3,0,0,0,0,7,0,0,309.991,2.066,6.15109,-0.000,328.323,107.366,330.916,301.351,102.698,301.870,330.916,18.904,311.464,6.15376,18.885,311.463,6.15089,2
20355,517874,10,3,3,0,0,0,0,7,0,0,309.991,2.066,6.15092,-0.000,328.323,107.366,330.916,301.351,102.698,301.870,330.916,18.903,311.464,6.15359,18.886,311.463,6.15109,2
20387,517884,10,3,3,0,0,0,0,7,0,0,309.991,2.066,6.15119,-0.000,328.323,107.366,330.916,301.351,102.698,301.870,330.916,18.904,311.464,6.15386,18.885,311.463,6.15092,2
20387,517894,10,3,3,0,0,0,0,7,0,0,309.991,2.066,6.15133,-0.000,328.323,107.366,330.916,301.351,102.698,301.870,330.916,18.904,311.464,6.15401,18.886,311.463,6.15119,2
20387,517904,10,3,3,0,0,0,0,7,0,0,309.991,2.066,6.15143,-0.000,328.323,107.366,330.916,301.351,102.698,301.870,330.916,18.904,311.464,6.15410,18.886,311.463,6.15133,2
20417,517914,10,3,3,0,0,0,0,7,0,0,309.991,2.066,6.15134,-0.000,328.323,107.366,330.916,301.351,102.698,301.870,330.916,18.904,311.464,6.15402,18.886,311.463,6.15143,2
20417,517924,10,3,3,0,0,0,0,7,0,0,309.991,2.066,6.15116,-0.000,328.323,107.366,330.916,301.351,102.698,301.870,330.916,18.904,311.464,6.15383,18.886,311.463,6.15134,2
20417,517934,10,3,3,0,0,0,0,7,0,0,309.991,2.066,6.15137,-0.000,328.323,107.366,330.916,301.351,102.698,301.870,330.916,18.904,311.464,6.15404,18.886,311.463,6.15116,2
20448,517944,10,3,3,0,0,0,0,7,0,0,309.991,2.066,6.15142,-0.000,328.323,107.366,330.916,301.351,102.698,301.870,330.916,18.904,311.464,6.15409,18.886,311.463,6.15137,2
20448,517954,10,3,3,0,0,0,0,7,0,0,309.991,2.066,6.15163,-0.000,328.323,107.366,330.916,301.351,102.698,301.870,330.916,18.904,311.464,6.15430,18.886,311.463,6.15142,2
20448,517964,10,3,3,0,0,0,0,7,0,0,309.991,2.066,6.15161,-0.000,328.323,107.366,330.916,301.351,102.698,301.870,330.916,18.904,311.464,6.15429,18.886,311.463,6.15163,2
20479,517974,10,3,3,0,0,0,0,7,0,0,309.991,2.066,6.15146,-0.000,328.323,107.366,330.916,301.351,102.698,301.870,330.916,18.904,311.464,6.15414,18.886,311.463,6.15161,2
20479,517984,10,3,3,0,0,0,0,7,0,0,309.991,2.066,6.15147,-0.000,328.323,107.366,330.916,301.351,102.698,301.870,330.916,18.904,311.464,6.15414,18.886,311.463,6.15146,2
20479,517994,10,3,3,0,0,0,0,7,0,0,309.991,2.066,6.15139,-0.000,328.323,107.366,330.916,301.351,102.698,301.870,330.916,18.904,311.464,6.15407,18.886,311.463,6.15147,2
20510,518004,10,3,3,0,0,0,0,7,0,0,309.991,2.066,6.15118,-0.000,328.323,107.366,330.916,301.351,102.698,301.870,330.916,18.904,311.464,6.15386,18.886,311.463,6.15139,2
20510,518014,10,3,3,0,0,0,0,7,0,0,309.991,2.066,6.15121,-0.000,328.323,107.366,330.916,301.351,102.698,301.870,330.916,18.904,311.464,6.15389,18.886,311.463,6.15118,2
20510,518024,10,3,3,0,0,0,0,7,0,0,309.991,2.066,6.15113,-0.000,328.323,107.366,330.916,301.351,102.698,301.870,330.916,18.904,311.464,6.15380,18.886,311.463,6.15122,2
20525,518034,10,3,3,0,0,0,0,7,0,0,309.991,2.066,6.15107,-0.000,328.323,107.366,330.916,301.351,102.698,301.870,330.916,18.904,311.464,6.15374,18.886,311.463,6.15113,2
20525,518044,10,3,3,0,0,0,0,7,0,0,309.991,2.066,6.15101,-0.000,328.323,107.366,330.916,301.351,102.698,301.870,330.916,18.904,311.464,6.15368,18.886,311.463,6.15107,2
20540,518054,10,3,3,0,0,0,0,7,0,0,309.991,2.066,6.15108,-0.000,328.323,107.366,330.916,301.351,102.698,301.870,330.916,18.904,311.464,6.15376,18.886,311.463,6.15101,2
20556,518064,10,3,3,0,0,0,0,7,0,0,309.991,2.066,6.15098,-0.000,328.323,107.366,330.916,301.351,102.698,301.870,330.916,18.904,311.464,6.15366,18.886,311.463,6.15108,2
20556,518074,10,3,3,0,0,0,0,7,0,0,309.991,2.066,6.15092,-0.000,328.323,107.366,330.916,301.351,102.698,301.870,330.916,18.903,311.464,6.15360,18.886,311.463,6.15098,2
20572,518084,10,3,3,0,0,0,0,7,0,0,309.991,2.066,6.15092,-0.000,328.323,107.366,330.916,301.351,102.698,301.870,330.916,18.903,311.464,6.15359,18.885,311.463,6.15092,2
20572,518094,10,3,3,0,0,0,0,7,0,0,309.991,2.066,6.15094,-0.000,328.323,107.366,330.916,301.351,102.698,301.870,330.916,18.903,311.464,6.15362,18.885,311.463,6.15092,2
20587,518104,10,3,3,0,0,0,0,7,0,0,309.991,2.066,6.15097,-0.000,328.323,107.366,330.916,301.351,102.698,301.870,330.916,18.904,311.464,6.15365,18.886,311.463,6.15094,2
20603,518114,10,3,3,0,0,0,0,7,0,0,309.991,2.066,6.15108,-0.000,328.323,107.366,330.916,301.351,102.698,301.870,330.916,18.904,311.464,6.15375,18.886,311.463,6.15097,2
20603,518124,10,3,3,0,0,0,0,7,0,0,309.991,2.066,6.15119,-0.000,328.323,107.366,330.916,301.351,102.698,301.870,330.916,18.904,311.464,6.15386,18.886,311.463,6.15108,2
20618,518134,10,3,3,0,0,0,0,7,0,0,309.991,2.066,6.15134,-0.000,328.323,107.366,330.916,301.351,102.698,301.870,330.916,18.904,311.464,6.15402,18.886,311.463,6.15119,2
20633,518144,10,3,3,0,0,0,0,7,0,0,309.991,2.066,6.15143,-0.000,328.323,107.366,330.916,301.351,102.698,301.870,330.916,18.904,311.464,6.15411,18.886,311.463,6.15134,2
20633,518154,10,3,3,0,0,0,0,7,0,0,309.991,2.066,6.15143,-0.000,328.323,107.366,330.916,301.351,102.698,301.870,330.916,18.904,311.464,6.15410,18.886,311.463,6.15143,2
20649,518164,10,3,3,0,0,0,0,7,0,0,309.991,2.066,6.15137,-0.000,328.323,107.366,330.916,301.351,102.698,301.870,330.916,18.904,311.464,6.15405,18.886,311.463,6.15143,2
20664,518174,10,3,3,0,0,0,0,7,0,0,309.991,2.066,6.15144,-0.000,328.323,107.366,330.916,301.351,102.698,301.870,330.916,18.904,311.464,6.15412,18.886,311.463,6.15137,2
20664,518184,10,3,3,0,0,0,0,7,0,0,309.991,2.066,6.15122,-0.000,328.323,107.366,330.916,301.351,102.698,301.870,330.916,18.904,311.464,6.15390,18.886,311.463,6.15144,2
20679,518194,10,3,3,0,0,0,0,7,0,0,309.991,2.066,6.15090,-0.000,328.323,107.366,330.916,301.351,102.698,301.870,330.916,18.903,311.464,6.15357,18.886,311.463,6.15122,2
20695,518204,10,3,3,0,0,0,0,7,0,0,309.991,2.066,6.15085,-0.000,328.323,107.366,330.916,301.351,102.698,301.870,330.916,18.903,311.464,6.15352,18.885,311.463,6.15090,2
20695,518214,10,3,3,0,0,0,0,7,0,0,309.991,2.066,6.15074,-0.000,328.323,107.366,330.916,301.351,102.698,301.870,330.916,18.903,311.464,6.15341,18.885,311.463,6.15085,2
20711,518224,10,3,3,0,0,0,0,7,0,0,309.991,2.066,6.15083,-0.000,328.323,107.366,330.916,301.351,102.698,301.870,330.916,18.903,311.464,6.15350,18.885,311.463,6.15074,2
20727,518234,10,3,3,0,0,0,0,7,0,0,309.991,2.066,6.15085,-0.000,328.323,107.366,330.916,301.351,102.698,301.870,330.916,18.903,311.464,6.15352,18.885,311.463,6.15083,2
20727,518244,10,3,3,0,0,0,0,7,0,0,309.991,2.066,6.15078,-0.000,328.323,107.366,330.916,301.351,102.698,301.870,330.916,18.903,311.464,6.15345,18.885,311.463,6.15085,2
20742,518254,10,3,3,0,0,0,0,7,0,0,309.991,2.066,6.15064,-0.000,328.323,107.366,330.916,301.351,102.698,301.870,330.916,18.903,311.464,6.15331,18.885,311.463,6.15078,2
20742,518264,10,3,3,0,0,0,0,7,0,0,309.991,2.066,6.15058,-0.000,328.323,107.366,330.916,301.351,102.698,301.870,330.916,18.903,311.464,6.15326,18.885,311.463,6.15064,2
20758,518274,10,3,3,0,0,0,0,7,0,0,309.991,2.066,6.15046,-0.000,328.323,107.366,330.916,301.351,102.698,301.870,330.916,18.903,311.464,6.15314,18.885,311.463,6.15058,2
20773,518284,10,3,3,0,0,0,0,7,0,0,309.991,2.066,6.15057,-0.000,328.323,107.366,330.916,301.351,102.698,301.870,330.916,18.903,311.464,6.15325,18.885,311.463,6.15046,2
20773,518294,10,3,3,0,0,0,0,7,0,0,309.991,2.066,6.15075,-0.000,328.323,107.366,330.916,301.351,102.698,301.870,330.916,18.903,311.464,6.15342,18.885,311.463,6.15057,2
20789,518304,10,3,3,0,0,0,0,7,0,0,309.991,2.066,6.15086,-0.000,328.323,107.366,330.916,301.351,102.698,301.870,330.916,18.903,311.464,6.15353,18.885,311.463,6.15075,2
20805,518314,10,3,3,0,0,0,0,7,0,0,309.991,2.066,6.15091,-0.000,328.323,107.366,330.916,301.351,102.698,301.870,330.916,18.903,311.464,6.15358,18.885,311.463,6.15086,2
20805,518324,10,3,3,0,0,0,0,7,0,0,309.991,2.066,6.15082,-0.000,328.323,107.366,330.916,301.351,102.698,301.870,330.916,18.903,311.464,6.15349,18.885,311.463,6.15091,2
20820,518334,10,3,3,0,0,0,0,7,0,0,309.991,2.066,6.15092,-0.000,328.323,107.366,330.916,301.351,102.698,301.870,330.916,18.903,311.464,6.15359,18.885,311.463,6.15082,2
20836,518344,10,3,3,0,0,0,0,7,0,0,309.991,2.066,6.15092,-0.000,328.323,107.366,330.916,301.351,102.698,301.870,330.916,18.903,311.464,6.15359,18.885,311.463,6.15092,2
20836,518354,10,3,3,0,0,0,0,7,0,0,309.991,2.066,6.15094,-0.000,328.323,107.366,330.916,301.351,102.698,301.870,330.916,18.903,311.464,6.15361,18.885,311.463,6.15092,2
20852,518364,10,3,3,0,0,0,0,7,0,0,309.991,2.066,6.15090,-0.000,328.323,107.366,330.916,301.351,102.698,301.870,330.916,18.903,311.464,6.15358,18.886,311.463,6.15094,2
20852,518374,10,3,3,0,0,0,0,7,0,0,309.991,2.066,6.15105,-0.000,328.323,107.366,330.916,301.351,102.698,301.870,330.916,18.904,311.464,6.15373,18.885,311.463,6.15090,2
20867,518384,10,3,3,0,0,0,0,7,0,0,309.991,2.066,6.15096,-0.000,328.323,107.366,330.916,301.351,102.698,301.870,330.916,18.904,311.464,6.15364,18.886,311.463,6.15105,2
20883,518394,10,3,3,0,0,0,0,7,0,0,309.991,2.066,6.15108,-0.000,328.323,107.366,330.916,301.351,102.698,301.870,330.916,18.904,311.464,6.15375,18.886,311.463,6.15096,2
20883,518404,10,3,3,0,0,0,0,7,0,0,309.991,2.066,6.15095,-0.000,328.323,107.366,330.916,301.351,102.698,301.870,330.916,18.904,311.464,6.15363,18.886,311.463,6.15108,2
20899,518414,10,3,3,0,0,0,0,7,0,0,309.991,2.066,6.15107,-0.000,328.323,107.366,330.916,301.351,102.698,301.870,330.916,18.904,311.464,6.15375,18.886,311.463,6.15095,2
20915,518424,10,3,3,0,0,0,0,7,0,0,309.991,2.066,6.15094,-0.000,328.323,107.366,330.916,301.351,102.698,301.870,330.916,18.903,311.464,6.15361,18.886,311.463,6.15107,2
20915,518434,10,3,3,0,0,0,0,7,0,0,309.991,2.066,6.15108,-0.000,328.323,107.366,330.916,301.351,102.698,301.870,330.916,18.904,311.464,6.15376,18.886,311.463,6.15094,2
20931,518444,10,3,3,0,0,0,0,7,0,0,309.991,2.066,6.15105,-0.000,328.323,107.366,330.916,301.351,102.698,301.870,330.916,18.904,311.464,6.15373,18.886,311.463,6.15108,2
20946,518454,10,3,3,0,0,0,0,7,0,0,309.991,2.066,6.15122,-0.000,328.323,107.366,330.916,301.351,102.698,301.870,330.916,18.904,311.464,6.15390,18.886,311.463,6.15105,2
20946,518464,10,3,3,0,0,0,0,7,0,0,309.991,2.066,6.15098,-0.000,328.323,107.366,330.916,301.351,102.698,301.870,330.916,18.904,311.464,6.15366,18.886,311.463,6.15122,2
20962,518474,10,3,3,0,0,0,0,7,0,0,309.991,2.066,6.15079,-0.000,328.323,107.366,330.916,301.351,102.698,301.870,330.916,18.903,311.464,6.15346,18.886,311.463,6.15098,2
20962,518484,10,3,3,0,0,0,0,7,0,0,309.991,2.066,6.15097,-0.000,328.323,107.366,330.916,301.351,102.698,301.870,330.916,18.904,311.464,6.15365,18.885,311.463,6.15079,2
20977,518494,10,3,3,0,0,0,0,7,0,0,309.991,2.066,6.15103,-0.000,328.323,107.366,330.916,301.351,102.698,301.870,330.916,18.904,311.464,6.15371,18.886,311.463,6.15097,2
20992,518504,10,3,3,0,0,0,0,7,0,0,309.991,2.066,6.15118,-0.000,328.323,107.366,330.916,301.351,102.698,301.870,330.916,18.904,311.464,6.15386,18.886,311.463,6.15103,2
20992,518514,10,3,3,0,0,0,0,7,0,0,309.991,2.066,6.15129,-0.000,328.323,107.366,330.916,301.351,102.698,301.870,330.916,18.904,311.464,6.15397,18.886,311.463,6.15118,2
21009,518524,10,3,3,0,0,0,0,7,0,0,309.991,2.066,6.15121,-0.000,328.323,107.366,330.916,301.351,102.698,301.870,330.916,18.904,311.464,6.15389,18.886,311.463,6.15129,2
21024,518534,10,3,3,0,0,0,0,7,0,0,309.991,2.066,6.15126,-0.000,328.323,107.366,330.916,301.351,102.698,301.870,330.916,18.904,311.464,6.15393,18.886,311.463,6.15121,2
21024,518544,10,3,3,0,0,0,0,7,0,0,309.991,2.066,6.15123,-0.000,328.323,107.366,330.916,301.351,102.698,301.870,330.916,18.904,311.464,6.15390,18.886,311.463,6.15126,2
21040,518554,10,3,3,0,0,0,0,7,0,0,309.991,2.066,6.15094,-0.000,328.323,107.366,330.916,301.351,102.698,301.870,330.916,18.903,311.464,6.15362,18.886,311.463,6.15123,2
21056,518564,10,3,3,0,0,0,0,7,0,0,309.991,2.066,6.15086,-0.000,328.323,107.366,330.916,301.351,102.698,301.870,330.916,18.903,311.464,6.15353,18.886,311.463,6.15094,2
21056,518574,10,3,3,0,0,0,0,7,0,0,309.991,2.066,6.15089,-0.000,328.323,107.366,330.916,301.351,102.698,301.870,330.916,18.903,311.464,6.15357,18.885,311.463,6.15086,2
21071,518584,10,3,3,0,0,0,0,7,0,0,309.991,2.066,6.15093,-0.000,328.323,107.366,330.916,301.351,102.698,301.870,330.916,18.903,311.464,6.15361,18.885,311.463,6.15089,2
21087,518594,10,3,3,0,0,0,0,7,0,0,309.991,2.066,6.15096,-0.000,328.323,107.366,330.916,301.351,102.698,301.870,330.916,18.904,311.464,6.15363,18.886,311.463,6.15093,2
21087,518604,10,3,3,0,0,0,0,7,0,0,309.991,2.066,6.15102,-0.000,328.323,107.366,330.916,301.351,102.698,301.870,330.916,18.904,311.464,6.15369,18.886,311.463,6.15096,2
21102,518614,10,3,3,0,0,0,0,7,0,0,309.991,2.066,6.15093,-0.000,328.323,107.366,330.916,301.351,102.698,301.870,330.916,18.903,311.464,6.15360,18.886,311.463,6.15102,2
21102,518624,10,3,3,0,0,0,0,7,0,0,309.991,2.066,6.15106,-0.000,328.323,107.366,330.916,301.351,102.698,301.870,330.916,18.904,311.464,6.15373,18.886,311.463,6.15093,2
21117,518634,10,3,3,0,0,0,0,7,0,0,309.991,2.066,6.15114,-0.000,328.323,107.366,330.916,301.351,102.698,301.870,330.916,18.904,311.464,6.15381,18.886,311.463,6.15106,2
21133,518644,10,3,3,0,0,0,0,7,0,0,309.991,2.066,6.15120,-0.000,328.323,107.366,330.916,301.351,102.698,301.870,330.916,18.904,311.464,6.15388,18.886,311.463,6.15114,2
21133,518654,10,3,3,0,0,0,0,7,0,0,309.991,2.066,6.15125,-0.000,328.323,107.366,330.916,301.351,102.698,301.870,330.916,18.904,311.464,6.15393,18.886,311.463,6.15121,2
21148,518664,10,3,3,0,0,0,0,7,0,0,309.991,2.066,6.15118,-0.000,328.323,107.366,330.916,301.351,102.698,301.870,330.916,18.904,311.464,6.15385,18.886,311.463,6.15126,2
21164,518674,10,3,3,0,0,0,0,7,0,0,309.991,2.066,6.15118,-0.000,328.323,107.366,330.916,301.351,102.698,301.870,330.916,18.904,311.464,6.15385,18.886,311.463,6.15118,2
21164,518684,10,3,3,0,0,0,0,7,0,0,309.991,2.066,6.15117,-0.000,328.323,107.366,330.916,301.351,102.698,301.870,330.916,18.904,311.464,6.15384,18.886,311.463,6.15118,2
21179,518694,10,3,3,0,0,0,0,7,0,0,309.991,2.066,6.15099,-0.000,328.323,107.366,330.916,301.351,102.698,301.870,330.916,18.904,311.464,6.15367,18.886,311.463,6.15117,2
21195,518704,10,3,3,0,0,0,0,7,0,0,309.991,2.066,6.15095,-0.000,328.323,107.366,330.916,301.351,102.698,301.870,330.916,18.904,311.464,6.15363,18.886,311.463,6.15099,2
21195,518714,10,3,3,0,0,0,0,7,0,0,309.991,2.066,6.15110,-0.000,328.323,107.366,330.916,301.351,102.698,301.870,330.916,18.904,311.464,6.15377,18.886,311.463,6.15095,2
21210,518724,10,3,3,0,0,0,0,7,0,0,309.991,2.066,6.15098,-0.000,328.323,107.366,330.916,301.351,102.698,301.870,330.916,18.904,311.464,6.15366,18.886,311.463,6.15110,2
21226,518734,10,3,3,0,0,0,0,7,0,0,309.991,2.066,6.15093,-0.000,328.323,107.366,330.916,301.351,102.698,301.870,330.916,18.903,311.464,6.15360,18.886,311.463,6.15098,2
21226,518744,10,3,3,0,0,0,0,7,0,0,309.991,2.066,6.15117,-0.000,328.323,107.366,330.916,301.351,102.698,301.870,330.916,18.904,311.464,6.15385,18.886,311.463,6.15093,2
21242,518754,10,3,3,0,0,0,0,7,0,0,309.991,2.066,6.15125,-0.000,328.323,107.366,330.916,301.351,102.698,301.870,330.916,18.904,311.464,6.15392,18.886,311.463,6.15117,2
21242,518764,10,3,3,0,0,0,0,7,0,0,309.991,2.066,6.15107,-0.000,328.323,107.366,330.916,301.351,102.698,301.870,330.916,18.904,311.464,6.15374,18.886,311.463,6.15125,2
21257,518774,10,3,3,0,0,0,0,7,0,0,309.991,2.066,6.15105,-0.000,328.323,107.366,330.916,301.351,102.698,301.870,330.916,18.904,311.464,6.15372,18.886,311.463,6.15106,2
21273,518784,10,3,3,0,0,0,0,7,0,0,309.991,2.066,6.15114,-0.000,328.323,107.366,330.916,301.351,102.698,301.870,330.916,18.904,311.464,6.15381,18.886,311.463,6.15105,2
21273,518794,10,3,3,0,0,0,0,7,0,0,309.991,2.066,6.15110,-0.000,328.323,107.366,330.916,301.351,102.698,301.870,330.916,18.904,311.464,6.15377,18.886,311.463,6.15114,2
21289,518804,10,3,3,0,0,0,0,7,0,0,309.991,2.066,6.15110,-0.000,328.323,107.366,330.916,301.351,102.698,301.870,330.916,18.904,311.464,6.15377,18.886,311.463,6.15110,2
21304,518814,10,3,3,0,0,0,0,7,0,0,309.991,2.066,6.15077,-0.000,328.323,107.366,330.916,301.351,102.698,301.870,330.916,18.903,311.464,6.15345,18.886,311.463,6.15110,2
21304,518824,10,3,3,0,0,0,0,7,0,0,309.991,2.066,6.15077,-0.000,328.323,107.366,330.916,301.351,102.698,301.870,330.916,18.903,311.464,6.15344,18.885,311.463,6.15077,2
21319,518834,10,3,3,0,0,0,0,7,0,0,309.991,2.066,6.15090,-0.000,328.323,107.366,330.916,301.351,102.698,301.870,330.916,18.903,311.464,6.15358,18.885,311.463,6.15077,2
21335,518844,10,3,3,0,0,0,0,7,0,0,309.991,2.066,6.15087,-0.000,328.323,107.366,330.916,301.351,102.698,301.870,330.916,18.903,311.464,6.15355,18.885,311.463,6.15090,2
21335,518854,10,3,3,0,0,0,0,7,0,0,309.991,2.066,6.15102,-0.000,328.323,107.366,330.916,301.351,102.698,301.870,330.916,18.904,311.464,6.15370,18.885,311.463,6.15087,2
21351,518864,10,3,3,0,0,0,0,7,0,0,309.991,2.066,6.15102,-0.000,328.323,107.366,330.916,301.351,102.698,301.870,330.916,18.904,311.464,6.15369,18.886,311.463,6.15102,2
21351,518874,10,3,3,0,0,0,0,7,0,0,309.991,2.066,6.15127,-0.000,328.323,107.366,330.916,301.351,102.698,301.870,330.916,18.904,311.464,6.15395,18.886,311.463,6.15102,2
21367,518884,10,3,3,0,0,0,0,7,0,0,309.991,2.066,6.15146,-0.000,328.323,107.366,330.916,301.351,102.698,301.870,330.916,18.904,311.464,6.15414,18.886,311.463,6.15127,2
21383,518894,10,3,3,0,0,0,0,7,0,0,309.991,2.066,6.15157,-0.000,328.323,107.366,330.916,301.351,102.698,301.870,330.916,18.904,311.464,6.15424,18.886,311.463,6.15146,2
21383,518904,10,3,3,0,0,0,0,7,0,0,309.991,2.066,6.15150,-0.000,328.323,107.366,330.916,301.351,102.698,301.870,330.916,18.904,311.464,6.15417,18.886,311.463,6.15157,2
21398,518914,10,3,3,0,0,0,0,7,0,0,309.991,2.066,6.15138,-0.000,328.323,107.366,330.916,301.351,102.698,301.870,330.916,18.904,311.464,6.15406,18.886,311.463,6.15150,2
21413,518924,10,3,3,0,0,0,0,7,0,0,309.991,2.066,6.15101,-0.000,328.323,107.366,330.916,301.351,102.698,301.870,330.916,18.904,311.464,6.15369,18.886,311.463,6.15138,2
21413,518934,10,3,3,0,0,0,0,7,0,0,309.991,2.066,6.15098,-0.000,328.323,107.366,330.916,301.351,102.698,301.870,330.916,18.904,311.464,6.15366,18.886,311.463,6.15101,2
21429,518944,10,3,3,0,0,0,0,7,0,0,309.991,2.066,6.15100,-0.000,328.323,107.366,330.916,301.351,102.698,301.870,330.916,18.904,311.464,6.15367,18.886,311.463,6.15098,2
21444,518954,10,3,3,0,0,0,0,7,0,0,309.991,2.066,6.15105,-0.000,328.323,107.366,330.916,301.351,102.698,301.870,330.916,18.904,311.464,6.15372,18.886,311.463,6.15100,2
21444,518964,10,3,3,0,0,0,0,7,0,0,309.991,2.066,6.15102,-0.000,328.323,107.366,330.916,301.351,102.698,301.870,330.916,18.904,311.464,6.15369,18.886,311.463,6.15105,2
21460,518974,10,3,3,0,0,0,0,7,0,0,309.991,2.066,6.15144,-0.000,328.323,107.366,330.916,301.351,102.698,301.870,330.916,18.904,311.464,6.15412,18.886,311.463,6.15102,2
21476,518984,10,3,3,0,0,0,0,7,0,0,309.991,2.066,6.15141,-0.000,328.323,107.366,330.916,301.351,102.698,301.870,330.916,18.904,311.464,6.15408,18.886,311.463,6.15144,2
21476,518994,10,3,3,0,0,0,0,7,0,0,309.991,2.066,6.15120,-0.000,328.323,107.366,330.916,301.351,102.698,301.870,330.916,18.904,311.464,6.15387,18.886,311.463,6.15141,2
21492,519004,10,3,3,0,0,0,0,7,0,0,309.991,2.066,6.15089,-0.000,328.323,107.366,330.916,301.351,102.698,301.870,330.916,18.903,311.464,6.15357,18.886,311.463,6.15120,2
21492,519014,10,3,3,0,0,0,0,7,0,0,309.991,2.066,6.15065,-0.000,328.323,107.366,330.916,301.351,102.698,301.870,330.916,18.903,311.464,6.15333,18.885,311.463,6.15089,2
21507,519024,10,3,3,0,0,0,0,7,0,0,309.991,2.066,6.15100,-0.000,328.323,107.366,330.916,301.351,102.698,301.870,330.916,18.904,311.464,6.15368,18.885,311.463,6.15066,2
21522,519034,10,3,3,0,0,0,0,7,0,0,309.991,2.066,6.15108,-0.000,328.323,107.366,330.916,301.351,102.698,301.870,330.916,18.904,311.464,6.15375,18.886,311.463,6.15100,2
21522,519044,10,3,3,0,0,0,0,7,0,0,309.991,2.066,6.15092,-0.000,328.323,107.366,330.916,301.351,102.698,301.870,330.916,18.903,311.464,6.15360,18.886,311.463,6.15108,2
21539,519054,10,3,3,0,0,0,0,7,0,0,309.991,2.066,6.15091,-0.000,328.323,107.366,330.916,301.351,102.698,301.870,330.916,18.903,311.464,6.15358,18.885,311.463,6.15092,2
21554,519064,10,3,3,0,0,0,0,7,0,0,309.991,2.066,6.15064,-0.000,328.323,107.366,330.916,301.351,102.698,301.870,330.916,18.903,311.464,6.15331,18.885,311.463,6.15091,2
21554,519074,10,3,3,0,0,0,0,7,0,0,309.991,2.066,6.15065,-0.000,328.323,107.366,330.916,301.351,102.698,301.870,330.916,18.903,311.464,6.15333,18.885,311.463,6.15064,2
21569,519084,10,3,3,0,0,0,0,7,0,0,309.991,2.066,6.15074,-0.000,328.323,107.366,330.916,301.351,102.698,301.870,330.916,18.903,311.464,6.15342,18.885,311.463,6.15065,2
21585,519094,10,3,3,0,0,0,0,7,0,0,309.991,2.066,6.15087,-0.000,328.323,107.366,330.916,301.351,102.698,301.870,330.916,18.903,311.464,6.15354,18.885,311.463,6.15074,2
21585,519104,10,3,3,0,0,0,0,7,0,0,309.991,2.066,6.15130,-0.000,328.323,107.366,330.916,301.351,102.698,301.870,330.916,18.904,311.464,6.15397,18.885,311.463,6.15087,2
21600,519114,10,3,3,0,0,0,0,7,0,0,309.991,2.066,6.15161,-0.000,328.323,107.366,330.916,301.351,102.698,301.870,330.916,18.904,311.464,6.15429,18.886,311.463,6.15130,2
21617,519124,10,3,3,0,0,0,0,7,0,0,309.991,2.066,6.15163,-0.000,328.323,107.366,330.916,301.351,102.698,301.870,330.916,18.904,311.464,6.15430,18.886,311.463,6.15161,2
21617,519134,10,3,3,0,0,0,0,7,0,0,309.991,2.066,6.15156,-0.000,328.323,107.366,330.916,301.351,102.698,301.870,330.916,18.904,311.464,6.15423,18.886,311.463,6.15163,2
21632,519144,10,3,3,0,0,0,0,7,0,0,309.991,2.066,6.15137,-0.000,328.323,107.366,330.916,301.351,102.698,301.870,330.916,18.904,311.464,6.15405,18.886,311.463,6.15156,2
21632,519154,10,3,3,0,0,0,0,7,0,0,309.991,2.066,6.15099,-0.000,328.323,107.366,330.916,301.351,102.698,301.870,330.916,18.904,311.464,6.15366,18.886,311.463,6.15137,2
21648,519164,10,3,3,0,0,0,0,7,0,0,309.991,2.066,6.15055,-0.000,328.323,107.366,330.916,301.351,102.698,301.870,330.916,18.903,311.464,6.15322,18.886,311.463,6.15099,2
21663,519174,10,3,3,0,0,0,0,7,0,0,309.991,2.066,6.15069,-0.000,328.323,107.366,330.916,301.351,102.698,301.870,330.916,18.903,311.464,6.15336,18.885,311.463,6.15055,2
21663,519184,10,3,3,0,0,0,0,7,0,0,309.991,2.066,6.15077,-0.000,328.323,107.366,330.916,301.351,102.698,301.870,330.916,18.903,311.464,6.15344,18.885,311.463,6.15069,2
21679,519194,10,3,3,0,0,0,0,7,0,0,309.991,2.066,6.15049,-0.000,328.323,107.366,330.916,301.351,102.698,301.870,330.916,18.903,311.464,6.15317,18.885,311.463,6.15077,2
21695,519204,10,3,3,0,0,0,0,7,0,0,309.991,2.066,6.15044,-0.000,328.323,107.366,330.916,301.351,102.698,301.870,330.916,18.903,311.464,6.15311,18.885,311.463,6.15049,2
21695,519214,10,3,3,0,0,0,0,7,0,0,309.991,2.066,6.15057,-0.000,328.323,107.366,330.916,301.351,102.698,301.870,330.916,18.903,311.464,6.15324,18.885,311.463,6.15044,2
21710,519224,10,3,3,0,0,0,0,7,0,0,309.991,2.066,6.15065,-0.000,328.323,107.366,330.916,301.351,102.698,301.870,330.916,18.903,311.464,6.15333,18.885,311.463,6.15057,2
21726,519234,10,3,3,0,0,0,0,7,0,0,309.991,2.066,6.15047,-0.000,328.323,107.366,330.916,301.351,102.698,301.870,330.916,18.903,311.464,6.15315,18.885,311.463,6.15065,2
21726,519244,10,3,3,0,0,0,0,7,0,0,309.991,2.066,6.15073,-0.000,328.323,107.366,330.916,301.351,102.698,301.870,330.916,18.903,311.464,6.15341,18.885,311.463,6.15047,2
21742,519254,10,3,3,0,0,0,0,7,0,0,309.991,2.066,6.15074,-0.000,328.323,107.366,330.916,301.351,102.698,301.870,330.916,18.903,311.464,6.15341,18.885,311.463,6.15073,2
21742,519264,10,3,3,0,0,0,0,7,0,0,309.991,2.066,6.15086,-0.000,328.323,107.366,330.916,301.351,102.698,301.870,330.916,18.903,311.464,6.15354,18.885,311.463,6.15074,2
21757,519274,10,3,3,0,0,0,0,7,0,0,309.991,2.066,6.15116,-0.000,328.323,107.366,330.916,301.351,102.698,301.870,330.916,18.904,311.464,6.15383,18.885,311.463,6.15086,2
21773,519284,10,3,3,0,0,0,0,7,0,0,309.991,2.066,6.15129,-0.000,328.323,107.366,330.916,301.351,102.698,301.870,330.916,18.904,311.464,6.15397,18.886,311.463,6.15116,2
21773,519294,10,3,3,0,0,0,0,7,0,0,309.991,2.066,6.15134,-0.000,328.323,107.366,330.916,301.351,102.698,301.870,330.916,18.904,311.464,6.15402,18.886,311.463,6.15129,2
21788,519304,10,3,3,0,0,0,0,7,0,0,309.991,2.066,6.15127,-0.000,328.323,107.366,330.916,301.351,102.698,301.870,330.916,18.904,311.464,6.15394,18.886,311.463,6.15134,2
21804,519314,10,3,3,0,0,0,0,7,0,0,309.991,2.066,6.15111,-0.000,328.323,107.366,330.916,301.351,102.698,301.870,330.916,18.904,311.464,6.15379,18.886,311.463,6.15126,2
21804,519324,10,3,3,0,0,0,0,7,0,0,309.991,2.066,6.15133,-0.000,328.323,107.366,330.916,301.351,102.698,301.870,330.916,18.904,311.464,6.15400,18.886,311.463,6.15111,2
21820,519334,10,3,3,0,0,0,0,7,0,0,309.991,2.066,6.15142,-0.000,328.323,107.366,330.916,301.351,102.698,301.870,330.916,18.904,311.464,6.15409,18.886,311.463,6.15133,2
21835,519344,10,3,3,0,0,0,0,7,0,0,309.991,2.066,6.15136,-0.000,328.323,107.366,330.916,301.351,102.698,301.870,330.916,18.904,311.464,6.15404,18.886,311.463,6.15142,2
21835,519354,10,3,3,0,0,0,0,7,0,0,309.991,2.066,6.15143,-0.000,328.323,107.366,330.916,301.351,102.698,301.870,330.916,18.904,311.464,6.15411,18.886,311.463,6.15136,2
21851,519364,10,3,3,0,0,0,0,7,0,0,309.991,2.066,6.15130,-0.000,328.323,107.366,330.916,301.351,102.698,301.870,330.916,18.904,311.464,6.15397,18.886,311.463,6.15143,2
21851,519374,10,3,3,0,0,0,0,7,0,0,309.991,2.066,6.15104,-0.000,328.323,107.366,330.916,301.351,102.698,301.870,330.916,18.904,311.464,6.15372,18.886,311.463,6.15130,2
21867,519384,10,3,3,0,0,0,0,7,0,0,309.991,2.066,6.15098,-0.000,328.323,107.366,330.916,301.351,102.698,301.870,330.916,18.904,311.464,6.15365,18.886,311.463,6.15104,2
21882,519394,10,3,3,0,0,0,0,7,0,0,309.991,2.066,6.15090,-0.000,328.323,107.366,330.916,301.351,102.698,301.870,330.916,18.903,311.464,6.15358,18.886,311.463,6.15098,2
21882,519404,10,3,3,0,0,0,0,7,0,0,309.991,2.066,6.15093,-0.000,328.323,107.366,330.916,301.351,102.698,301.870,330.916,18.903,311.464,6.15361,18.885,311.463,6.15090,2
21899,519414,10,3,3,0,0,0,0,7,0,0,309.991,2.066,6.15111,-0.000,328.323,107.366,330.916,301.351,102.698,301.870,330.916,18.904,311.464,6.15378,18.886,311.463,6.15093,2
21914,519424,10,3,3,0,0,0,0,7,0,0,309.991,2.066,6.15099,-0.000,328.323,107.366,330.916,301.351,102.698,301.870,330.916,18.904,311.464,6.15366,18.886,311.463,6.15111,2
21914,519434,10,3,3,0,0,0,0,7,0,0,309.991,2.066,6.15103,-0.000,328.323,107.366,330.916,301.351,102.698,301.870,330.916,18.904,311.464,6.15371,18.886,311.463,6.15099,2
21930,519444,10,3,3,0,0,0,0,7,0,0,309.991,2.066,6.15108,-0.000,328.323,107.366,330.916,301.351,102.698,301.870,330.916,18.904,311.464,6.15376,18.886,311.463,6.15103,2
21945,519454,10,3,3,0,0,0,0,7,0,0,309.991,2.066,6.15132,-0.000,328.323,107.366,330.916,301.351,102.698,301.870,330.916,18.904,311.464,6.15399,18.886,311.463,6.15108,2
21945,519464,10,3,3,0,0,0,0,7,0,0,309.991,2.066,6.15141,-0.000,328.323,107.366,330.916,301.351,102.698,301.870,330.916,18.904,311.464,6.15408,18.886,311.463,6.15132,2
21960,519474,10,3,3,0,0,0,0,7,0,0,309.991,2.066,6.15134,-0.000,328.323,107.366,330.916,301.351,102.698,301.870,330.916,18.904,311.464,6.15401,18.886,311.463,6.15141,2
21976,519484,10,3,3,0,0,0,0,7,0,0,309.991,2.066,6.15111,-0.000,328.323,107.366,330.916,301.351,102.698,301.870,330.916,18.904,311.464,6.15378,18.886,311.463,6.15134,2
21976,519494,10,3,3,0,0,0,0,7,0,0,309.991,2.066,6.15083,-0.000,328.323,107.366,330.916,301.351,102.698,301.870,330.916,18.903,311.464,6.15351,18.886,311.463,6.15111,2
21992,519504,10,3,3,0,0,0,0,7,0,0,309.991,2.066,6.15073,-0.000,328.323,107.366,330.916,301.351,102.698,301.870,330.916,18.903,311.464,6.15341,18.885,311.463,6.15084,2
21992,519514,10,3,3,0,0,0,0,7,0,0,309.991,2.066,6.15089,-0.000,328.323,107.366,330.916,301.351,102.698,301.870,330.916,18.903,311.464,6.15356,18.885,311.463,6.15073,2
22008,519524,10,3,3,0,0,0,0,7,0,0,309.991,2.066,6.15082,-0.000,328.323,107.366,330.916,301.351,102.698,301.870,330.916,18.903,311.464,6.15350,18.885,311.463,6.15089,2
22023,519534,10,3,3,0,0,0,0,7,0,0,309.991,2.066,6.15091,-0.000,328.323,107.366,330.916,301.351,102.698,301.870,330.916,18.903,311.464,6.15359,18.885,311.463,6.15082,2
22023,519544,10,3,3,0,0,0,0,7,0,0,309.991,2.066,6.15105,-0.000,328.323,107.366,330.916,301.351,102.698,301.870,330.916,18.904,311.464,6.15373,18.885,311.463,6.15091,2
22039,519554,10,3,3,0,0,0,0,7,0,0,309.991,2.066,6.15091,-0.000,328.323,107.366,330.916,301.351,102.698,301.870,330.916,18.903,311.464,6.15358,18.886,311.463,6.15105,2
22055,519564,10,3,3,0,0,0,0,7,0,0,309.991,2.066,6.15096,-0.000,328.323,107.366,330.916,301.351,102.698,301.870,330.916,18.904,311.464,6.15363,18.885,311.463,6.15091,2
22055,519574,10,3,3,0,0,0,0,7,0,0,309.991,2.066,6.15086,-0.000,328.323,107.366,330.916,301.351,102.698,301.870,330.916,18.903,311.464,6.15353,18.886,311.463,6.15096,2
22070,519584,10,3,3,0,0,0,0,7,0,0,309.991,2.066,6.15074,-0.000,328.323,107.366,330.916,301.351,102.698,301.870,330.916,18.903,311.464,6.15342,18.885,311.463,6.15086,2
22085,519594,10,3,3,0,0,0,0,7,0,0,309.991,2.066,6.15096,-0.000,328.323,107.366,330.916,301.351,102.698,301.870,330.916,18.904,311.464,6.15363,18.885,311.463,6.15074,2
22085,519604,10,3,3,0,0,0,0,7,0,0,309.991,2.066,6.15115,-0.000,328.323,107.366,330.916,301.351,102.698,301.870,330.916,18.904,311.464,6.15383,18.886,311.463,6.15096,2
22101,519614,10,3,3,0,0,0,0,7,0,0,309.991,2.066,6.15106,-0.000,328.323,107.366,330.916,301.351,102.698,301.870,330.916,18.904,311.464,6.15374,18.886,311.463,6.15115,2
22116,519624,10,3,3,0,0,0,0,7,0,0,309.991,2.066,6.15095,-0.000,328.323,107.366,330.916,301.351,102.698,301.870,330.916,18.904,311.464,6.15362,18.886,311.463,6.15106,2
22116,519634,10,3,3,0,0,0,0,7,0,0,309.991,2.066,6.15095,-0.000,328.323,107.366,330.916,301.351,102.698,301.870,330.916,18.904,311.464,6.15363,18.886,311.463,6.15095,2
22132,519644,10,3,3,0,0,0,0,7,0,0,309.991,2.066,6.15097,-0.000,328.323,107.366,330.916,301.351,102.698,301.870,330.916,18.904,311.464,6.15364,18.886,311.463,6.15095,2
22132,519654,10,3,3,0,0,0,0,7,0,0,309.991,2.066,6.15103,-0.000,328.323,107.366,330.916,301.351,102.698,301.870,330.916,18.904,311.464,6.15370,18.886,311.463,6.15097,2
22148,519664,10,3,3,0,0,0,0,7,0,0,309.991,2.066,6.15073,-0.000,328.323,107.366,330.916,301.351,102.698,301.870,330.916,18.903,311.464,6.15340,18.886,311.463,6.15103,2
22163,519674,10,3,3,0,0,0,0,7,0,0,309.991,2.066,6.15065,-0.000,328.323,107.366,330.916,301.351,102.698,301.870,330.916,18.903,311.464,6.15333,18.885,311.463,6.15073,2
22163,519684,10,3,3,0,0,0,0,7,0,0,309.991,2.066,6.15060,-0.000,328.323,107.366,330.916,301.351,102.698,301.870,330.916,18.903,311.464,6.15327,18.885,311.463,6.15065,2
22179,519694,10,3,3,0,0,0,0,7,0,0,309.991,2.066,6.15084,-0.000,328.323,107.366,330.916,301.351,102.698,301.870,330.916,18.903,311.464,6.15352,18.885,311.463,6.15060,2
22194,519704,10,3,3,0,0,0,0,7,0,0,309.991,2.066,6.15125,-0.000,328.323,107.366,330.916,301.351,102.698,301.870,330.916,18.904,311.464,6.15392,18.885,311.463,6.15084,2
22194,519714,10,3,3,0,0,0,0,7,0,0,309.991,2.066,6.15146,-0.000,328.323,107.366,330.916,301.351,102.698,301.870,330.916,18.904,311.464,6.15414,18.886,311.463,6.15125,2
22210,519724,10,3,3,0,0,0,0,7,0,0,309.991,2.066,6.15150,-0.000,328.323,107.366,330.916,301.351,102.698,301.870,330.916,18.904,311.464,6.15418,18.886,311.463,6.15146,2
22226,519734,10,3,3,0,0,0,0,7,0,0,309.991,2.066,6.15162,-0.000,328.323,107.366,330.916,301.351,102.698,301.870,330.916,18.904,311.464,6.15430,18.886,311.463,6.15150,2
22226,519744,10,3,3,0,0,0,0,7,0,0,309.991,2.066,6.15135,-0.000,328.323,107.366,330.916,301.351,102.698,301.870,330.916,18.904,311.464,6.15403,18.886,311.463,6.15162,2
22242,519754,10,3,3,0,0,0,0,7,0,0,309.991,2.066,6.15122,-0.000,328.323,107.366,330.916,301.351,102.698,301.870,330.916,18.904,311.464,6.15390,18.886,311.463,6.15135,2
22242,519764,10,3,3,0,0,0,0,7,0,0,309.991,2.066,6.15135,-0.000,328.323,107.366,330.916,301.351,102.698,301.870,330.916,18.904,311.464,6.15403,18.886,311.463,6.15122,2
22258,519774,10,3,3,0,0,0,0,7,0,0,309.991,2.066,6.15140,-0.000,328.323,107.366,330.916,301.351,102.698,301.870,330.916,18.904,311.464,6.15408,18.886,311.463,6.15135,2
22273,519784,10,3,3,0,0,0,0,7,0,0,309.991,2.066,6.15130,-0.000,328.323,107.366,330.916,301.351,102.698,301.870,330.916,18.904,311.464,6.15397,18.886,311.463,6.15140,2
22273,519794,10,3,3,0,0,0,0,7,0,0,309.991,2.066,6.15120,-0.000,328.323,107.366,330.916,301.351,102.698,301.870,330.916,18.904,311.464,6.15388,18.886,311.463,6.15130,2
22289,519804,10,3,3,0,0,0,0,7,0,0,309.991,2.066,6.15119,-0.000,328.323,107.366,330.916,301.351,102.698,301.870,330.916,18.904,311.464,6.15387,18.886,311.463,6.15120,2
22303,519814,10,3,3,0,0,0,0,7,0,0,309.991,2.066,6.15100,-0.000,328.323,107.366,330.916,301.351,102.698,301.870,330.916,18.904,311.464,6.15368,18.886,311.463,6.15119,2
22303,519824,10,3,3,0,0,0,0,7,0,0,309.991,2.066,6.15094,-0.000,328.323,107.366,330.916,301.351,102.698,301.870,330.916,18.903,311.464,6.15362,18.886,311.463,6.15100,2
22319,519834,10,3,3,0,0,0,0,7,0,0,309.991,2.066,6.15100,-0.000,328.323,107.366,330.916,301.351,102.698,301.870,330.916,18.904,311.464,6.15368,18.886,311.463,6.15094,2
22334,519844,10,3,3,0,0,0,0,7,0,0,309.991,2.066,6.15084,-0.000,328.323,107.366,330.916,301.351,102.698,301.870,330.916,18.903,311.464,6.15351,18.886,311.463,6.15100,2
22334,519854,10,3,3,0,0,0,0,7,0,0,309.991,2.066,6.15088,-0.000,328.323,107.366,330.916,301.351,102.698,301.870,330.916,18.903,311.464,6.15355,18.885,311.463,6.15084,2
22350,519864,10,3,3,0,0,0,0,7,0,0,309.991,2.066,6.15084,-0.000,328.323,107.366,330.916,301.351,102.698,301.870,330.916,18.903,311.464,6.15352,18.885,311.463,6.15088,2
22366,519874,10,3,3,0,0,0,0,7,0,0,309.991,2.066,6.15106,-0.000,328.323,107.366,330.916,301.351,102.698,301.870,330.916,18.904,311.464,6.15374,18.885,311.463,6.15084,2
22366,519884,10,3,3,0,0,0,0,7,0,0,309.991,2.066,6.15108,-0.000,328.323,107.366,330.916,301.351,102.698,301.870,330.916,18.904,311.464,6.15376,18.886,311.463,6.15106,2
22381,519894,10,3,3,0,0,0,0,7,0,0,309.991,2.066,6.15109,-0.000,328.323,107.366,330.916,301.351,102.698,301.870,330.916,18.904,311.464,6.15376,18.886,311.463,6.15108,2
22381,519904,10,3,3,0,0,0,0,7,0,0,309.991,2.066,6.15101,-0.000,328.323,107.366,330.916,301.351,102.698,301.870,330.916,18.904,311.464,6.15368,18.886,311.463,6.15109,2
22398,519914,10,3,3,0,0,0,0,7,0,0,309.991,2.066,6.15121,-0.000,328.323,107.366,330.916,301.351,102.698,301.870,330.916,18.904,311.464,6.15388,18.886,311.463,6.15101,2
22413,519924,10,3,3,0,0,0,0,7,0,0,309.991,2.066,6.15118,-0.000,328.323,107.366,330.916,301.351,102.698,301.870,330.916,18.904,311.464,6.15385,18.886,311.463,6.15121,2
22413,519934,10,3,3,0,0,0,0,7,0,0,309.991,2.066,6.15114,-0.000,328.323,107.366,330.916,301.351,102.698,301.870,330.916,18.904,311.464,6.15381,18.886,311.463,6.15118,2
22429,519944,10,3,3,0,0,0,0,7,0,0,309.991,2.066,6.15111,-0.000,328.323,107.366,330.916,301.351,102.698,301.870,330.916,18.904,311.464,6.15378,18.886,311.463,6.15114,2
22444,519954,10,3,3,0,0,0,0,7,0,0,309.991,2.066,6.15100,-0.000,328.323,107.366,330.916,301.351,102.698,301.870,330.916,18.904,311.464,6.15368,18.886,311.463,6.15111,2
22444,519964,10,3,3,0,0,0,0,7,0,0,309.991,2.066,6.15092,-0.000,328.323,107.366,330.916,301.351,102.698,301.870,330.916,18.903,311.464,6.15359,18.886,311.463,6.15100,2
22460,519974,10,3,3,0,0,0,0,7,0,0,309.991,2.066,6.15098,-0.000,328.323,107.366,330.916,301.351,102.698,301.870,330.916,18.904,311.464,6.15365,18.885,311.463,6.15092,2
22475,519984,10,3,3,0,0,0,0,7,0,0,309.991,2.066,6.15089,-0.000,328.323,107.366,330.916,301.351,102.698,301.870,330.916,18.903,311.464,6.15357,18.886,311.463,6.15098,2
22475,519994,10,3,3,0,0,0,0,7,0,0,309.991,2.066,6.15102,-0.000,328.323,107.366,330.916,301.351,102.698,301.870,330.916,18.904,311.464,6.15370,18.885,311.463,6.15090,2
22490,520004,10,3,3,0,0,0,0,7,0,0,309.991,2.066,6.15106,-0.000,328.323,107.366,330.916,301.351,102.698,301.870,330.916,18.904,311.464,6.15374,18.886,311.463,6.15102,2
22506,520014,10,3,3,0,0,0,0,7,0,0,309.991,2.066,6.15109,-0.000,328.323,107.366,330.916,301.351,102.698,301.870,330.916,18.904,311.464,6.15377,18.886,311.463,6.15106,2
22506,520024,10,3,3,0,0,0,0,7,0,0,309.991,2.066,6.15100,-0.000,328.323,107.366,330.916,301.351,102.698,301.870,330.916,18.904,311.464,6.15367,18.886,311.463,6.15109,2
22522,520034,10,3,3,0,0,0,0,7,0,0,309.991,2.066,6.15098,-0.000,328.323,107.366,330.916,301.351,102.698,301.870,330.916,18.904,311.464,6.15366,18.886,311.463,6.15100,2
22522,520044,10,3,3,0,0,0,0,7,0,0,309.991,2.066,6.15082,-0.000,328.323,107.366,330.916,301.351,102.698,301.870,330.916,18.903,311.464,6.15349,18.886,311.463,6.15098,2
22537,520054,10,3,3,0,0,0,0,7,0,0,309.991,2.066,6.15073,-0.000,328.323,107.366,330.916,301.351,102.698,301.870,330.916,18.903,311.464,6.15340,18.885,311.463,6.15082,2
22553,520064,10,3,3,0,0,0,0,7,0,0,309.991,2.066,6.15069,-0.000,328.323,107.366,330.916,301.351,102.698,301.870,330.916,18.903,311.464,6.15337,18.885,311.463,6.15073,2
22553,520074,10,3,3,0,0,0,0,7,0,0,309.991,2.066,6.15076,-0.000,328.323,107.366,330.916,301.351,102.698,301.870,330.916,18.903,311.464,6.15343,18.885,311.463,6.15069,2
22569,520084,10,3,3,0,0,0,0,7,0,0,309.991,2.066,6.15067,-0.000,328.323,107.366,330.916,301.351,102.698,301.870,330.916,18.903,311.464,6.15335,18.885,311.463,6.15076,2
22584,520094,10,3,3,0,0,0,0,7,0,0,309.991,2.066,6.15071,-0.000,328.323,107.366,330.916,301.351,102.698,301.870,330.916,18.903,311.464,6.15339,18.885,311.463,6.15067,2
22584,520104,10,3,3,0,0,0,0,7,0,0,309.991,2.066,6.15067,-0.000,328.323,107.366,330.916,301.351,102.698,301.870,330.916,18.903,311.464,6.15335,18.885,311.463,6.15071,2
22600,520114,10,3,3,0,0,0,0,7,0,0,309.991,2.066,6.15080,-0.000,328.323,107.366,330.916,301.351,102.698,301.870,330.916,18.903,311.464,6.15348,18.885,311.463,6.15068,2
22615,520124,10,3,3,0,0,0,0,7,0,0,309.991,2.066,6.15085,-0.000,328.323,107.366,330.916,301.351,102.698,301.870,330.916,18.903,311.464,6.15353,18.885,311.463,6.15080,2
22615,520134,10,3,3,0,0,0,0,7,0,0,309.991,2.066,6.15091,-0.000,328.323,107.366,330.916,301.351,102.698,301.870,330.916,18.903,311.464,6.15359,18.885,311.463,6.15085,2
22631,520144,10,3,3,0,0,0,0,7,0,0,309.991,2.066,6.15088,-0.000,328.323,107.366,330.916,301.351,102.698,301.870,330.916,18.903,311.464,6.15355,18.885,311.463,6.15091,2
22647,520154,10,3,3,0,0,0,0,7,0,0,309.991,2.066,6.15062,-0.000,328.323,107.366,330.916,301.351,102.698,301.870,330.916,18.903,311.464,6.15330,18.885,311.463,6.15088,2
22647,520164,10,3,3,0,0,0,0,7,0,0,309.991,2.066,6.15048,-0.000,328.323,107.366,330.916,301.351,102.698,301.870,330.916,18.903,311.464,6.15316,18.885,311.463,6.15062,2
22662,520174,10,3,3,0,0,0,0,7,0,0,309.991,2.066,6.15041,-0.000,328.323,107.366,330.916,301.351,102.698,301.870,330.916,18.903,311.464,6.15309,18.885,311.463,6.15048,2
22662,520184,10,3,3,0,0,0,0,7,0,0,309.991,2.066,6.15041,-0.000,328.323,107.366,330.916,301.351,102.698,301.870,330.916,18.903,311.464,6.15308,18.885,311.463,6.15041,2
22677,520194,10,3,3,0,0,0,0,7,0,0,309.991,2.066,6.15065,-0.000,328.323,107.366,330.916,301.351,102.698,301.870,330.916,18.903,311.464,6.15332,18.885,311.463,6.15041,2
22693,520204,10,3,3,0,0,0,0,7,0,0,309.991,2.066,6.15073,-0.000,328.323,107.366,330.916,301.351,102.698,301.870,330.916,18.903,311.464,6.15341,18.885,311.463,6.15065,2
22693,520214,10,3,3,0,0,0,0,7,0,0,309.991,2.066,6.15082,-0.000,328.323,107.366,330.916,301.351,102.698,301.870,330.916,18.903,311.464,6.15349,18.885,311.463,6.15073,2
22709,520224,10,3,3,0,0,0,0,7,0,0,309.991,2.066,6.15079,-0.000,328.323,107.366,330.916,301.351,102.698,301.870,330.916,18.903,311.464,6.15347,18.885,311.463,6.15082,2
22725,520234,10,3,3,0,0,0,0,7,0,0,309.991,2.066,6.15074,-0.000,328.323,107.366,330.916,301.351,102.698,301.870,330.916,18.903,311.464,6.15342,18.885,311.463,6.15079,2
22725,520244,10,3,3,0,0,0,0,7,0,0,309.991,2.066,6.15073,-0.000,328.323,107.366,330.916,301.351,102.698,301.870,330.916,18.903,311.464,6.15341,18.885,311.463,6.15074,2
22741,520254,10,3,3,0,0,0,0,7,0,0,309.991,2.066,6.15091,-0.000,328.323,107.366,330.916,301.351,102.698,301.870,330.916,18.903,311.464,6.15359,18.885,311.463,6.15073,2
22757,520264,10,3,3,0,0,0,0,7,0,0,309.991,2.066,6.15100,-0.000,328.323,107.366,330.916,301.351,102.698,301.870,330.916,18.904,311.464,6.15368,18.885,311.463,6.15091,2
22757,520274,10,3,3,0,0,0,0,7,0,0,309.991,2.066,6.15102,-0.000,328.323,107.366,330.916,301.351,102.698,301.870,330.916,18.904,311.464,6.15370,18.886,311.463,6.15100,2
22772,520284,10,3,3,0,0,0,0,7,0,0,309.991,2.066,6.15108,-0.000,328.323,107.366,330.916,301.351,102.698,301.870,330.916,18.904,311.464,6.15376,18.886,311.463,6.15102,2
22772,520294,10,3,3,0,0,0,0,7,0,0,309.991,2.066,6.15097,-0.000,328.323,107.366,330.916,301.351,102.698,301.870,330.916,18.904,311.464,6.15364,18.886,311.463,6.15108,2
22788,520304,10,3,3,0,0,0,0,7,0,0,309.991,2.066,6.15117,-0.000,328.323,107.366,330.916,301.351,102.698,301.870,330.916,18.904,311.464,6.15384,18.886,311.463,6.15097,2
22804,520314,10,3,3,0,0,0,0,7,0,0,309.991,2.066,6.15113,-0.000,328.323,107.366,330.916,301.351,102.698,301.870,330.916,18.904,311.464,6.15380,18.886,311.463,6.15117,2
22804,520324,10,3,3,0,0,0,0,7,0,0,309.991,2.066,6.15090,-0.000,328.323,107.366,330.916,301.351,102.698,301.870,330.916,18.903,311.464,6.15358,18.886,311.463,6.15113,2
22819,520334,10,3,3,0,0,0,0,7,0,0,309.991,2.066,6.15090,-0.000,328.323,107.366,330.916,301.351,102.698,301.870,330.916,18.903,311.464,6.15358,18.885,311.463,6.15090,2
22834,520344,10,3,3,0,0,0,0,7,0,0,309.991,2.066,6.15090,-0.000,328.323,107.366,330.916,301.351,102.698,301.870,330.916,18.903,311.464,6.15357,18.885,311.463,6.15090,2
22834,520354,10,3,3,0,0,0,0,7,0,0,309.991,2.066,6.15086,-0.000,328.323,107.366,330.916,301.351,102.698,301.870,330.916,18.903,311.464,6.15353,18.885,311.463,6.15090,2
22850,520364,10,3,3,0,0,0,0,7,0,0,309.991,2.066,6.15094,-0.000,328.323,107.366,330.916,301.351,102.698,301.870,330.916,18.903,311.464,6.15361,18.885,311.463,6.15086,2
22865,520374,10,3,3,0,0,0,0,7,0,0,309.991,2.066,6.15088,-0.000,328.323,107.366,330.916,301.351,102.698,301.870,330.916,18.903,311.464,6.15356,18.885,311.463,6.15094,2
22865,520384,10,3,3,0,0,0,0,7,0,0,309.991,2.066,6.15080,-0.000,328.323,107.366,330.916,301.351,102.698,301.870,330.916,18.903,311.464,6.15348,18.885,311.463,6.15088,2
22881,520394,10,3,3,0,0,0,0,7,0,0,309.991,2.066,6.15105,-0.000,328.323,107.366,330.916,301.351,102.698,301.870,330.916,18.904,311.464,6.15372,18.885,311.463,6.15080,2
22881,520404,10,3,3,0,0,0,0,7,0,0,309.991,2.066,6.15103,-0.000,328.323,107.366,330.916,301.351,102.698,301.870,330.916,18.904,311.464,6.15371,18.886,311.463,6.15105,2
22896,520414,10,3,3,0,0,0,0,7,0,0,309.991,2.066,6.15131,-0.000,328.323,107.366,330.916,301.351,102.698,301.870,330.916,18.904,311.464,6.15398,18.886,311.463,6.15103,2
22913,520424,10,3,3,0,0,0,0,7,0,0,309.991,2.066,6.15122,-0.000,328.323,107.366,330.916,301.351,102.698,301.870,330.916,18.904,311.464,6.15389,18.886,311.463,6.15131,2
22913,520434,10,3,3,0,0,0,0,7,0,0,309.991,2.066,6.15134,-0.000,328.323,107.366,330.916,301.351,102.698,301.870,330.916,18.904,311.464,6.15402,18.886,311.463,6.15122,2
22928,520444,10,3,3,0,0,0,0,7,0,0,309.991,2.066,6.15155,-0.000,328.323,107.366,330.916,301.351,102.698,301.870,330.916,18.904,311.464,6.15423,18.886,311.463,6.15134,2
22943,520454,10,3,3,0,0,0,0,7,0,0,309.991,2.066,6.15143,-0.000,328.323,107.366,330.916,301.351,102.698,301.870,330.916,18.904,311.464,6.15410,18.886,311.463,6.15155,2
22943,520464,10,3,3,0,0,0,0,7,0,0,309.991,2.066,6.15157,-0.000,328.323,107.366,330.916,301.351,102.698,301.870,330.916,18.904,311.464,6.15424,18.886,311.463,6.15142,2
22959,520474,10,3,3,0,0,0,0,7,0,0,309.991,2.066,6.15130,-0.000,328.323,107.366,330.916,301.351,102.698,301.870,330.916,18.904,311.464,6.15397,18.886,311.463,6.15157,2
22975,520484,10,3,3,0,0,0,0,7,0,0,309.991,2.066,6.15148,-0.000,328.323,107.366,330.916,301.351,102.698,301.870,330.916,18.904,311.464,6.15416,18.886,311.463,6.15130,2
22975,520494,10,3,3,0,0,0,0,7,0,0,309.991,2.066,6.15131,-0.000,328.323,107.366,330.916,301.351,102.698,301.870,330.916,18.904,311.464,6.15399,18.886,311.463,6.15148,2
22991,520504,10,3,3,0,0,0,0,7,0,0,309.991,2.066,6.15134,-0.000,328.323,107.366,330.916,301.351,102.698,301.870,330.916,18.904,311.464,6.15402,18.886,311.463,6.15132,2
23007,520514,10,3,3,0,0,0,0,7,0,0,309.991,2.066,6.15129,-0.000,328.323,107.366,330.916,301.351,102.698,301.870,330.916,18.904,311.464,6.15396,18.886,311.463,6.15134,2
23007,520524,10,3,3,0,0,0,0,7,0,0,309.991,2.066,6.15125,-0.000,328.323,107.366,330.916,301.351,102.698,301.870,330.916,18.904,311.464,6.15393,18.886,311.463,6.15128,2
23022,520534,10,3,3,0,0,0,0,7,0,0,309.991,2.066,6.15130,-0.000,328.323,107.366,330.916,301.351,102.698,301.870,330.916,18.904,311.464,6.15397,18.886,311.463,6.15125,2
23022,520544,10,3,3,0,0,0,0,7,0,0,309.991,2.066,6.15132,-0.000,328.323,107.366,330.916,301.351,102.698,301.870,330.916,18.904,311.464,6.15400,18.886,311.463,6.15130,2
23037,520554,10,3,3,0,0,0,0,7,0,0,309.991,2.066,6.15111,-0.000,328.323,107.366,330.916,301.351,102.698,301.870,330.916,18.904,311.464,6.15378,18.886,311.463,6.15132,2
23053,520564,10,3,3,0,0,0,0,7,0,0,309.991,2.066,6.15106,-0.000,328.323,107.366,330.916,301.351,102.698,301.870,330.916,18.904,311.464,6.15374,18.886,311.463,6.15111,2
23053,520574,10,3,3,0,0,0,0,7,0,0,309.991,2.066,6.15122,-0.000,328.323,107.366,330.916,301.351,102.698,301.870,330.916,18.904,311.464,6.15389,18.886,311.463,6.15106,2
23068,520584,10,3,3,0,0,0,0,7,0,0,309.991,2.066,6.15126,-0.000,328.323,107.366,330.916,301.351,102.698,301.870,330.916,18.904,311.464,6.15394,18.886,311.463,6.15122,2
23084,520594,10,3,3,0,0,0,0,7,0,0,309.991,2.066,6.15089,-0.000,328.323,107.366,330.916,301.351,102.698,301.870,330.916,18.903,311.464,6.15357,18.886,311.463,6.15126,2
23084,520604,10,3,3,0,0,0,0,7,0,0,309.991,2.066,6.15082,-0.000,328.323,107.366,330.916,301.351,102.698,301.870,330.916,18.903,311.464,6.15349,18.885,311.463,6.15089,2
23100,520614,10,3,3,0,0,0,0,7,0,0,309.991,2.066,6.15097,-0.000,328.323,107.366,330.916,301.351,102.698,301.870,330.916,18.904,311.464,6.15365,18.885,311.463,6.15082,2
23115,520624,10,3,3,0,0,0,0,7,0,0,309.991,2.066,6.15107,-0.000,328.323,107.366,330.916,301.351,102.698,301.870,330.916,18.904,311.464,6.15374,18.886,311.463,6.15097,2
23115,520634,10,3,3,0,0,0,0,7,0,0,309.991,2.066,6.15105,-0.000,328.323,107.366,330.916,301.351,102.698,301.870,330.916,18.904,311.464,6.15373,18.886,311.463,6.15107,2
23130,520644,10,3,3,0,0,0,0,7,0,0,309.991,2.066,6.15102,-0.000,328.323,107.366,330.916,301.351,102.698,301.870,330.916,18.904,311.464,6.15370,18.886,311.463,6.15105,2
23145,520654,10,3,3,0,0,0,0,7,0,0,309.991,2.066,6.15096,-0.000,328.323,107.366,330.916,301.351,102.698,301.870,330.916,18.904,311.464,6.15363,18.886,311.463,6.15102,2
23145,520664,10,3,3,0,0,0,0,7,0,0,309.991,2.066,6.15105,-0.000,328.323,107.366,330.916,301.351,102.698,301.870,330.916,18.904,311.464,6.15373,18.886,311.463,6.15096,2
23161,520674,10,3,3,0,0,0,0,7,0,0,309.991,2.066,6.15106,-0.000,328.323,107.366,330.916,301.351,102.698,301.870,330.916,18.904,311.464,6.15374,18.886,311.463,6.15105,2
23176,520684,10,3,3,0,0,0,0,7,0,0,309.991,2.066,6.15091,-0.000,328.323,107.366,330.916,301.351,102.698,301.870,330.916,18.903,311.464,6.15358,18.886,311.463,6.15106,2
23176,520694,10,3,3,0,0,0,0,7,0,0,309.991,2.066,6.15097,-0.000,328.323,107.366,330.916,301.351,102.698,301.870,330.916,18.904,311.464,6.15364,18.885,311.463,6.15091,2
23192,520704,10,3,3,0,0,0,0,7,0,0,309.991,2.066,6.15107,-0.000,328.323,107.366,330.916,301.351,102.698,301.870,330.916,18.904,311.464,6.15374,18.886,311.463,6.15097,2
23192,520714,10,3,3,0,0,0,0,7,0,0,309.991,2.066,6.15117,-0.000,328.323,107.366,330.916,301.351,102.698,301.870,330.916,18.904,311.464,6.15384,18.886,311.463,6.15107,2
23207,520724,10,3,3,0,0,0,0,7,0,0,309.991,2.066,6.15107,-0.000,328.323,107.366,330.916,301.351,102.698,301.870,330.916,18.904,311.464,6.15374,18.886,311.463,6.15117,2
23223,520734,10,3,3,0,0,0,0,7,0,0,309.991,2.066,6.15097,-0.000,328.323,107.366,330.916,301.351,102.698,301.870,330.916,18.904,311.464,6.15365,18.886,311.463,6.15107,2
23223,520744,10,3,3,0,0,0,0,7,0,0,309.991,2.066,6.15118,-0.000,328.323,107.366,330.916,301.351,102.698,301.870,330.916,18.904,311.464,6.15385,18.886,311.463,6.15097,2
23238,520754,10,3,3,0,0,0,0,7,0,0,309.991,2.066,6.15100,-0.000,328.323,107.366,330.916,301.351,102.698,301.870,330.916,18.904,311.464,6.15367,18.886,311.463,6.15118,2
23254,520764,10,3,3,0,0,0,0,7,0,0,309.991,2.066,6.15084,-0.000,328.323,107.366,330.916,301.351,102.698,301.870,330.916,18.903,311.464,6.15352,18.886,311.463,6.15100,2
23254,520774,10,3,3,0,0,0,0,7,0,0,309.991,2.066,6.15093,-0.000,328.323,107.366,330.916,301.351,102.698,301.870,330.916,18.903,311.464,6.15360,18.885,311.463,6.15084,2
23269,520784,10,3,3,0,0,0,0,7,0,0,309.991,2.066,6.15073,-0.000,328.323,107.366,330.916,301.351,102.698,301.870,330.916,18.903,311.464,6.15341,18.885,311.463,6.15093,2
23285,520794,10,3,3,0,0,0,0,7,0,0,309.991,2.066,6.15090,-0.000,328.323,107.366,330.916,301.351,102.698,301.870,330.916,18.903,311.464,6.15357,18.885,311.463,6.15073,2
23285,520804,10,3,3,0,0,0,0,7,0,0,309.991,2.066,6.15076,-0.000,328.323,107.366,330.916,301.351,102.698,301.870,330.916,18.903,311.464,6.15343,18.885,311.463,6.15090,2
23301,520814,10,3,3,0,0,0,0,7,0,0,309.991,2.066,6.15061,-0.000,328.323,107.366,330.916,301.351,102.698,301.870,330.916,18.903,311.464,6.15329,18.885,311.463,6.15076,2
23316,520824,10,3,3,0,0,0,0,7,0,0,309.991,2.066,6.15043,-0.000,328.323,107.366,330.916,301.351,102.698,301.870,330.916,18.903,311.464,6.15311,18.885,311.463,6.15061,2
23316,520834,10,3,3,0,0,0,0,7,0,0,309.991,2.066,6.15054,-0.000,328.323,107.366,330.916,301.351,102.698,301.870,330.916,18.903,311.464,6.15322,18.885,311.463,6.15043,2
23331,520844,10,3,3,0,0,0,0,7,0,0,309.991,2.066,6.15071,-0.000,328.323,107.366,330.916,301.351,102.698,301.870,330.916,18.903,311.464,6.15338,18.885,311.463,6.15054,2
23346,520854,10,3,3,0,0,0,0,7,0,0,309.991,2.066,6.15075,-0.000,328.323,107.366,330.916,301.351,102.698,301.870,330.916,18.903,311.464,6.15343,18.885,311.463,6.15071,2
23346,520864,10,3,3,0,0,0,0,7,0,0,309.991,2.066,6.15073,-0.000,328.323,107.366,330.916,301.351,102.698,301.870,330.916,18.903,311.464,6.15340,18.885,311.463,6.15075,2
23362,520874,10,3,3,0,0,0,0,7,0,0,309.991,2.066,6.15090,-0.000,328.323,107.366,330.916,301.351,102.698,301.870,330.916,18.903,311.464,6.15357,18.885,311.463,6.15073,2
23362,520884,10,3,3,0,0,0,0,7,0,0,309.991,2.066,6.15086,-0.000,328.323,107.366,330.916,301.351,102.698,301.870,330.916,18.903,311.464,6.15353,18.885,311.463,6.15090,2
23378,520894,10,3,3,0,0,0,0,7,0,0,309.991,2.066,6.15094,-0.000,328.323,107.366,330.916,301.351,102.698,301.870,330.916,18.903,311.464,6.15362,18.885,311.463,6.15086,2
23393,520904,10,3,3,0,0,0,0,7,0,0,309.991,2.066,6.15104,-0.000,328.323,107.366,330.916,301.351,102.698,301.870,330.916,18.904,311.464,6.15372,18.886,311.463,6.15094,2
23393,520914,10,3,3,0,0,0,0,7,0,0,309.991,2.066,6.15118,-0.000,328.323,107.366,330.916,301.351,102.698,301.870,330.916,18.904,311.464,6.15385,18.886,311.463,6.15104,2
23409,520924,10,3,3,0,0,0,0,7,0,0,309.991,2.066,6.15105,-0.000,328.323,107.366,330.916,301.351,102.698,301.870,330.916,18.904,311.464,6.15373,18.886,311.463,6.15118,2
23424,520934,10,3,3,0,0,0,0,7,0,0,309.991,2.066,6.15093,-0.000,328.323,107.366,330.916,301.351,102.698,301.870,330.916,18.903,311.464,6.15360,18.886,311.463,6.15105,2
23424,520944,10,3,3,0,0,0,0,7,0,0,309.991,2.066,6.15108,-0.000,328.323,107.366,330.916,301.351,102.698,301.870,330.916,18.904,311.464,6.15375,18.885,311.463,6.15093,2
23439,520954,10,3,3,0,0,0,0,7,0,0,309.991,2.066,6.15113,-0.000,328.323,107.366,330.916,301.351,102.698,301.870,330.916,18.904,311.464,6.15380,18.886,311.463,6.15108,2
23455,520964,10,3,3,0,0,0,0,7,0,0,309.991,2.066,6.15124,-0.000,328.323,107.366,330.916,301.351,102.698,301.870,330.916,18.904,311.464,6.15391,18.886,311.463,6.15113,2
23455,520974,10,3,3,0,0,0,0,7,0,0,309.991,2.066,6.15130,-0.000,328.323,107.366,330.916,301.351,102.698,301.870,330.916,18.904,311.464,6.15398,18.886,311.463,6.15124,2
23471,520984,10,3,3,0,0,0,0,7,0,0,309.991,2.066,6.15119,-0.000,328.323,107.366,330.916,301.351,102.698,301.870,330.916,18.904,311.464,6.15387,18.886,311.463,6.15130,2
23486,520994,10,3,3,0,0,0,0,7,0,0,309.991,2.066,6.15128,-0.000,328.323,107.366,330.916,301.351,102.698,301.870,330.916,18.904,311.464,6.15396,18.886,311.463,6.15119,2
23486,521004,10,3,3,0,0,0,0,7,0,0,309.991,2.066,6.15115,-0.000,328.323,107.366,330.916,301.351,102.698,301.870,330.916,18.904,311.464,6.15383,18.886,311.463,6.15128,2
23502,521014,10,3,3,0,0,0,0,7,0,0,309.991,2.066,6.15111,-0.000,328.323,107.366,330.916,301.351,102.698,301.870,330.916,18.904,311.464,6.15378,18.886,311.463,6.15115,2
23502,521024,10,3,3,0,0,0,0,7,0,0,309.991,2.066,6.15110,-0.000,328.323,107.366,330.916,301.351,102.698,301.870,330.916,18.904,311.464,6.15378,18.886,311.463,6.15111,2
23518,521034,10,3,3,0,0,0,0,7,0,0,309.991,2.066,6.15106,-0.000,328.323,107.366,330.916,301.351,102.698,301.870,330.916,18.904,311.464,6.15373,18.886,311.463,6.15110,2
23534,521044,10,3,3,0,0,0,0,7,0,0,309.991,2.066,6.15115,-0.000,328.323,107.366,330.916,301.351,102.698,301.870,330.916,18.904,311.464,6.15383,18.886,311.463,6.15106,2
23534,521054,10,3,3,0,0,0,0,7,0,0,309.991,2.066,6.15118,-0.000,328.323,107.366,330.916,301.351,102.698,301.870,330.916,18.904,311.464,6.15386,18.886,311.463,6.15115,2
23549,521064,10,3,3,0,0,0,0,7,0,0,309.991,2.066,6.15124,-0.000,328.323,107.366,330.916,301.351,102.698,301.870,330.916,18.904,311.464,6.15391,18.886,311.463,6.15118,2
23565,521074,10,3,3,0,0,0,0,7,0,0,309.991,2.066,6.15135,-0.000,328.323,107.366,330.916,301.351,102.698,301.870,330.916,18.904,311.464,6.15403,18.886,311.463,6.15124,2
23565,521084,10,3,3,0,0,0,0,7,0,0,309.991,2.066,6.15126,-0.000,328.323,107.366,330.916,301.351,102.698,301.870,330.916,18.904,311.464,6.15393,18.886,311.463,6.15135,2
23580,521094,10,3,3,0,0,0,0,7,0,0,309.991,2.066,6.15107,-0.000,328.323,107.366,330.916,301.351,102.698,301.870,330.916,18.904,311.464,6.15375,18.886,311.463,6.15126,2
23596,521104,10,3,3,0,0,0,0,7,0,0,309.991,2.066,6.15112,-0.000,328.323,107.366,330.916,301.351,102.698,301.870,330.916,18.904,311.464,6.15379,18.886,311.463,6.15107,2
23596,521114,10,3,3,0,0,0,0,7,0,0,309.991,2.066,6.15099,-0.000,328.323,107.366,330.916,301.351,102.698,301.870,330.916,18.904,311.464,6.15366,18.886,311.463,6.15112,2
23611,521124,10,3,3,0,0,0,0,7,0,0,309.991,2.066,6.15102,-0.000,328.323,107.366,330.916,301.351,102.698,301.870,330.916,18.904,311.464,6.15370,18.886,311.463,6.15099,2
23611,521134,10,3,3,0,0,0,0,7,0,0,309.991,2.066,6.15114,-0.000,328.323,107.366,330.916,301.351,102.698,301.870,330.916,18.904,311.464,6.15381,18.886,311.463,6.15102,2
23628,521144,10,3,3,0,0,0,0,7,0,0,309.991,2.066,6.15102,-0.000,328.323,107.366,330.916,301.351,102.698,301.870,330.916,18.904,311.464,6.15369,18.886,311.463,6.15114,2
23644,521154,10,3,3,0,0,0,0,7,0,0,309.991,2.066,6.15106,-0.000,328.323,107.366,330.916,301.351,102.698,301.870,330.916,18.904,311.464,6.15374,18.886,311.463,6.15102,2
23644,521164,10,3,3,0,0,0,0,7,0,0,309.991,2.066,6.15122,-0.000,328.323,107.366,330.916,301.351,102.698,301.870,330.916,18.904,311.464,6.15390,18.886,311.463,6.15106,2
23660,521174,10,3,3,0,0,0,0,7,0,0,309.991,2.066,6.15129,-0.000,328.323,107.366,330.916,301.351,102.698,301.870,330.916,18.904,311.464,6.15397,18.886,311.463,6.15122,2
23674,521184,10,3,3,0,0,0,0,7,0,0,309.991,2.066,6.15101,-0.000,328.323,107.366,330.916,301.351,102.698,301.870,330.916,18.904,311.464,6.15369,18.886,311.463,6.15129,2
23674,521194,10,3,3,0,0,0,0,7,0,0,309.991,2.066,6.15101,-0.000,328.323,107.366,330.916,301.351,102.698,301.870,330.916,18.904,311.464,6.15369,18.886,311.463,6.15101,2
23690,521204,10,3,3,0,0,0,0,7,0,0,309.991,2.066,6.15079,-0.000,328.323,107.366,330.916,301.351,102.698,301.870,330.916,18.903,311.464,6.15346,18.886,311.463,6.15101,2
23705,521214,10,3,3,0,0,0,0,7,0,0,309.991,2.066,6.15072,-0.000,328.323,107.366,330.916,301.351,102.698,301.870,330.916,18.903,311.464,6.15339,18.885,311.463,6.15079,2
23705,521224,10,3,3,0,0,0,0,7,0,0,309.991,2.066,6.15086,-0.000,328.323,107.366,330.916,301.351,102.698,301.870,330.916,18.903,311.464,6.15354,18.885,311.463,6.15072,2
23721,521234,10,3,3,0,0,0,0,7,0,0,309.991,2.066,6.15097,-0.000,328.323,107.366,330.916,301.351,102.698,301.870,330.916,18.904,311.464,6.15364,18.885,311.463,6.15086,2
23736,521244,10,3,3,0,0,0,0,7,0,0,309.991,2.066,6.15083,-0.000,328.323,107.366,330.916,301.351,102.698,301.870,330.916,18.903,311.464,6.15351,18.886,311.463,6.15097,2
23736,521254,10,3,3,0,0,0,0,7,0,0,309.991,2.066,6.15077,-0.000,328.323,107.366,330.916,301.351,102.698,301.870,330.916,18.903,311.464,6.15344,18.885,311.463,6.15083,2
23752,521264,10,3,3,0,0,0,0,7,0,0,309.991,2.066,6.15051,-0.000,328.323,107.366,330.916,301.351,102.698,301.870,330.916,18.903,311.464,6.15319,18.885,311.463,6.15077,2
23752,521274,10,3,3,0,0,0,0,7,0,0,309.991,2.066,6.15056,-0.000,328.323,107.366,330.916,301.351,102.698,301.870,330.916,18.903,311.464,6.15324,18.885,311.463,6.15051,2
23768,521284,10,3,3,0,0,0,0,7,0,0,309.991,2.066,6.15028,-0.000,328.323,107.366,330.916,301.351,102.698,301.870,330.916,18.903,311.464,6.15296,18.885,311.463,6.15056,2
23783,521294,10,3,3,0,0,0,0,7,0,0,309.991,2.066,6.15050,-0.000,328.323,107.366,330.916,301.351,102.698,301.870,330.916,18.903,311.464,6.15317,18.885,311.463,6.15028,2
23783,521304,10,3,3,0,0,0,0,7,0,0,309.991,2.066,6.15062,-0.000,328.323,107.366,330.916,301.351,102.698,301.870,330.916,18.903,311.464,6.15330,18.885,311.463,6.15050,2
23799,521314,10,3,3,0,0,0,0,7,0,0,309.991,2.066,6.15085,-0.000,328.323,107.366,330.916,301.351,102.698,301.870,330.916,18.903,311.464,6.15352,18.885,311.463,6.15062,2
23814,521324,10,3,3,0,0,0,0,7,0,0,309.991,2.066,6.15081,-0.000,328.323,107.366,330.916,301.351,102.698,301.870,330.916,18.903,311.464,6.15349,18.885,311.463,6.15085,2
23814,521334,10,3,3,0,0,0,0,7,0,0,309.991,2.066,6.15075,-0.000,328.323,107.366,330.916,301.351,102.698,301.870,330.916,18.903,311.464,6.15343,18.885,311.463,6.15081,2
23830,521344,10,3,3,0,0,0,0,7,0,0,309.991,2.066,6.15086,-0.000,328.323,107.366,330.916,301.351,102.698,301.870,330.916,18.903,311.464,6.15354,18.885,311.463,6.15075,2
23845,521354,10,3,3,0,0,0,0,7,0,0,309.991,2.066,6.15086,-0.000,328.323,107.366,330.916,301.351,102.698,301.870,330.916,18.903,311.464,6.15354,18.885,311.463,6.15086,2
23845,521364,10,3,3,0,0,0,0,7,0,0,309.991,2.066,6.15078,-0.000,328.323,107.366,330.916,301.351,102.698,301.870,330.916,18.903,311.464,6.15345,18.885,311.463,6.15086,2
23861,521374,10,3,3,0,0,0,0,7,0,0,309.991,2.066,6.15085,-0.000,328.323,107.366,330.916,301.351,102.698,301.870,330.916,18.903,311.464,6.15352,18.885,311.463,6.15078,2
23876,521384,10,3,3,0,0,0,0,7,0,0,309.991,2.066,6.15103,-0.000,328.323,107.366,330.916,301.351,102.698,301.870,330.916,18.904,311.464,6.15370,18.885,311.463,6.15085,2
23876,521394,10,3,3,0,0,0,0,7,0,0,309.991,2.066,6.15090,-0.000,328.323,107.366,330.916,301.351,102.698,301.870,330.916,18.903,311.464,6.15358,18.886,311.463,6.15103,2
23892,521404,10,3,3,0,0,0,0,7,0,0,309.991,2.066,6.15092,-0.000,328.323,107.366,330.916,301.351,102.698,301.870,330.916,18.903,311.464,6.15360,18.885,311.463,6.15090,2
23892,521414,10,3,3,0,0,0,0,7,0,0,309.991,2.066,6.15100,-0.000,328.323,107.366,330.916,301.351,102.698,301.870,330.916,18.904,311.464,6.15368,18.885,311.463,6.15092,2
23907,521424,10,3,3,0,0,0,0,7,0,0,309.991,2.066,6.15094,-0.000,328.323,107.366,330.916,301.351,102.698,301.870,330.916,18.903,311.464,6.15361,18.886,311.463,6.15100,2
23923,521434,10,3,3,0,0,0,0,7,0,0,309.991,2.066,6.15082,-0.000,328.323,107.366,330.916,301.351,102.698,301.870,330.916,18.903,311.464,6.15349,18.885,311.463,6.15094,2
23923,521444,10,3,3,0,0,0,0,7,0,0,309.991,2.066,6.15098,-0.000,328.323,107.366,330.916,301.351,102.698,301.870,330.916,18.904,311.464,6.15366,18.885,311.463,6.15082,2
23939,521454,10,3,3,0,0,0,0,7,0,0,309.991,2.066,6.15095,-0.000,328.323,107.366,330.916,301.351,102.698,301.870,330.916,18.904,311.464,6.15363,18.886,311.463,6.15098,2
23954,521464,10,3,3,0,0,0,0,7,0,0,309.991,2.066,6.15082,-0.000,328.323,107.366,330.916,301.351,102.698,301.870,330.916,18.903,311.464,6.15349,18.886,311.463,6.15095,2
23954,521474,10,3,3,0,0,0,0,7,0,0,309.991,2.066,6.15067,-0.000,328.323,107.366,330.916,301.351,102.698,301.870,330.916,18.903,311.464,6.15335,18.885,311.463,6.15082,2
23970,521484,10,3,3,0,0,0,0,7,0,0,309.991,2.066,6.15091,-0.000,328.323,107.366,330.916,301.351,102.698,301.870,330.916,18.903,311.464,6.15358,18.885,311.463,6.15067,2
23985,521494,10,3,3,0,0,0,0,7,0,0,309.991,2.066,6.15096,-0.000,328.323,107.366,330.916,301.351,102.698,301.870,330.916,18.904,311.464,6.15363,18.885,311.463,6.15091,2
23985,521504,10,3,3,0,0,0,0,7,0,0,309.991,2.066,6.15076,-0.000,328.323,107.366,330.916,301.351,102.698,301.870,330.916,18.903,311.464,6.15343,18.886,311.463,6.15096,2
24000,521514,10,3,3,0,0,0,0,7,0,0,309.991,2.066,6.15088,-0.000,328.323,107.366,330.916,301.351,102.698,301.870,330.916,18.903,311.464,6.15356,18.885,311.463,6.15076,2
24016,521524,10,3,3,0,0,0,0,7,0,0,309.991,2.066,6.15090,-0.000,328.323,107.366,330.916,301.351,102.698,301.870,330.916,18.903,311.464,6.15357,18.885,311.463,6.15088,2
24016,521534,10,3,3,0,0,0,0,7,0,0,309.991,2.066,6.15085,-0.000,328.323,107.366,330.916,301.351,102.698,301.870,330.916,18.903,311.464,6.15352,18.885,311.463,6.15090,2
24032,521544,10,3,3,0,0,0,0,7,0,0,309.991,2.066,6.15085,-0.000,328.323,107.366,330.916,301.351,102.698,301.870,330.916,18.903,311.464,6.15353,18.885,311.463,6.15085,2
24032,521554,10,3,3,0,0,0,0,7,0,0,309.991,2.066,6.15114,-0.000,328.323,107.366,330.916,301.351,102.698,301.870,330.916,18.904,311.464,6.15381,18.885,311.463,6.15085,2
24048,521564,10,3,3,0,0,0,0,7,0,0,309.991,2.066,6.15148,-0.000,328.323,107.366,330.916,301.351,102.698,301.870,330.916,18.904,311.464,6.15415,18.886,311.463,6.15114,2
24063,521574,10,3,3,0,0,0,0,7,0,0,309.991,2.066,6.15142,-0.000,328.323,107.366,330.916,301.351,102.698,301.870,330.916,18.904,311.464,6.15410,18.886,311.463,6.15148,2
24063,521584,10,3,3,0,0,0,0,7,0,0,309.991,2.066,6.15104,-0.000,328.323,107.366,330.916,301.351,102.698,301.870,330.916,18.904,311.464,6.15372,18.886,311.463,6.15142,2
24079,521594,10,3,3,0,0,0,0,7,0,0,309.991,2.066,6.15086,-0.000,328.323,107.366,330.916,301.351,102.698,301.870,330.916,18.903,311.464,6.15354,18.886,311.463,6.15104,2
24095,521604,10,3,3,0,0,0,0,7,0,0,309.991,2.066,6.15100,-0.000,328.323,107.366,330.916,301.351,102.698,301.870,330.916,18.904,311.464,6.15367,18.885,311.463,6.15086,2
24095,521614,10,3,3,0,0,0,0,7,0,0,309.991,2.066,6.15108,-0.000,328.323,107.366,330.916,301.351,102.698,301.870,330.916,18.904,311.464,6.15375,18.886,311.463,6.15100,2
24111,521624,10,3,3,0,0,0,0,7,0,0,309.991,2.066,6.15099,-0.000,328.323,107.366,330.916,301.351,102.698,301.870,330.916,18.904,311.464,6.15366,18.886,311.463,6.15107,2
24127,521634,10,3,3,0,0,0,0,7,0,0,309.991,2.066,6.15098,-0.000,328.323,107.366,330.916,301.351,102.698,301.870,330.916,18.904,311.464,6.15366,18.886,311.463,6.15099,2
24127,521644,10,3,3,0,0,0,0,7,0,0,309.991,2.066,6.15107,-0.000,328.323,107.366,330.916,301.351,102.698,301.870,330.916,18.904,311.464,6.15374,18.886,311.463,6.15098,2
24142,521654,10,3,3,0,0,0,0,7,0,0,309.991,2.066,6.15134,-0.000,328.323,107.366,330.916,301.351,102.698,301.870,330.916,18.904,311.464,6.15402,18.886,311.463,6.15107,2
24142,521664,10,3,3,0,0,0,0,7,0,0,309.991,2.066,6.15148,-0.000,328.323,107.366,330.916,301.351,102.698,301.870,330.916,18.904,311.464,6.15416,18.886,311.463,6.15134,2
24158,521674,10,3,3,0,0,0,0,7,0,0,309.991,2.066,6.15112,-0.000,328.323,107.366,330.916,301.351,102.698,301.870,330.916,18.904,311.464,6.15379,18.886,311.463,6.15148,2
24173,521684,10,3,3,0,0,0,0,7,0,0,309.991,2.066,6.15100,-0.000,328.323,107.366,330.916,301.351,102.698,301.870,330.916,18.904,311.464,6.15367,18.886,311.463,6.15112,2
24173,521694,10,3,3,0,0,0,0,7,0,0,309.991,2.066,6.15117,-0.000,328.323,107.366,330.916,301.351,102.698,301.870,330.916,18.904,311.464,6.15385,18.886,311.463,6.15100,2
24189,521704,10,3,3,0,0,0,0,7,0,0,309.991,2.066,6.15135,-0.000,328.323,107.366,330.916,301.351,102.698,301.870,330.916,18.904,311.464,6.15403,18.886,311.463,6.15117,2
24204,521714,10,3,3,0,0,0,0,7,0,0,309.991,2.066,6.15117,-0.000,328.323,107.366,330.916,301.351,102.698,301.870,330.916,18.904,311.464,6.15385,18.886,311.463,6.15135,2
24204,521724,10,3,3,0,0,0,0,7,0,0,309.991,2.066,6.15114,-0.000,328.323,107.366,330.916,301.351,102.698,301.870,330.916,18.904,311.464,6.15382,18.886,311.463,6.15117,2
24220,521734,10,3,3,0,0,0,0,7,0,0,309.991,2.066,6.15122,-0.000,328.323,107.366,330.916,301.351,102.698,301.870,330.916,18.904,311.464,6.15389,18.886,311.463,6.15114,2
24235,521744,10,3,3,0,0,0,0,7,0,0,309.991,2.066,6.15118,-0.000,328.323,107.366,330.916,301.351,102.698,301.870,330.916,18.904,311.464,6.15386,18.886,311.463,6.15122,2
24235,521754,10,3,3,0,0,0,0,7,0,0,309.991,2.066,6.15113,-0.000,328.323,107.366,330.916,301.351,102.698,301.870,330.916,18.904,311.464,6.15380,18.886,311.463,6.15118,2
24251,521764,10,3,3,0,0,0,0,7,0,0,309.991,2.066,6.15116,-0.000,328.323,107.366,330.916,301.351,102.698,301.870,330.916,18.904,311.464,6.15383,18.886,311.463,6.15113,2
24267,521774,10,3,3,0,0,0,0,7,0,0,309.991,2.066,6.15091,-0.000,328.323,107.366,330.916,301.351,102.698,301.870,330.916,18.903,311.464,6.15358,18.886,311.463,6.15116,2
24267,521784,10,3,3,0,0,0,0,7,0,0,309.991,2.066,6.15108,-0.000,328.323,107.366,330.916,301.351,102.698,301.870,330.916,18.904,311.464,6.15375,18.885,311.463,6.15091,2
24283,521794,10,3,3,0,0,0,0,7,0,0,309.991,2.066,6.15100,-0.000,328.323,107.366,330.916,301.351,102.698,301.870,330.916,18.904,311.464,6.15368,18.886,311.463,6.15108,2
24283,521804,10,3,3,0,0,0,0,7,0,0,309.991,2.066,6.15062,-0.000,328.323,107.366,330.916,301.351,102.698,301.870,330.916,18.903,311.464,6.15329,18.886,311.463,6.15100,2
24297,521814,10,3,3,0,0,0,0,7,0,0,309.991,2.066,6.15073,-0.000,328.323,107.366,330.916,301.351,102.698,301.870,330.916,18.903,311.464,6.15340,18.885,311.463,6.15062,2
24313,521824,10,3,3,0,0,0,0,7,0,0,309.991,2.066,6.15083,-0.000,328.323,107.366,330.916,301.351,102.698,301.870,330.916,18.903,311.464,6.15351,18.885,311.463,6.15073,2
24313,521834,10,3,3,0,0,0,0,7,0,0,309.991,2.066,6.15097,-0.000,328.323,107.366,330.916,301.351,102.698,301.870,330.916,18.904,311.464,6.15365,18.885,311.463,6.15084,2
24330,521844,10,3,3,0,0,0,0,7,0,0,309.991,2.066,6.15090,-0.000,328.323,107.366,330.916,301.351,102.698,301.870,330.916,18.903,311.464,6.15358,18.886,311.463,6.15097,2
24346,521854,10,3,3,0,0,0,0,7,0,0,309.991,2.066,6.15078,-0.000,328.323,107.366,330.916,301.351,102.698,301.870,330.916,18.903,311.464,6.15345,18.885,311.463,6.15090,2
24346,521864,10,3,3,0,0,0,0,7,0,0,309.991,2.066,6.15073,-0.000,328.323,107.366,330.916,301.351,102.698,301.870,330.916,18.903,311.464,6.15340,18.885,311.463,6.15078,2
24361,521874,10,3,3,0,0,0,0,7,0,0,309.991,2.066,6.15072,-0.000,328.323,107.366,330.916,301.351,102.698,301.870,330.916,18.903,311.464,6.15340,18.885,311.463,6.15073,2
24376,521884,10,3,3,0,0,0,0,7,0,0,309.991,2.066,6.15053,-0.000,328.323,107.366,330.916,301.351,102.698,301.870,330.916,18.903,311.464,6.15320,18.885,311.463,6.15072,2
24376,521894,10,3,3,0,0,0,0,7,0,0,309.991,2.066,6.15071,-0.000,328.323,107.366,330.916,301.351,102.698,301.870,330.916,18.903,311.464,6.15339,18.885,311.462,6.15053,2
24393,521904,10,3,3,0,0,0,0,7,0,0,309.991,2.066,6.15078,-0.000,328.323,107.366,330.916,301.351,102.698,301.870,330.916,18.903,311.464,6.15345,18.885,311.463,6.15071,2
24393,521914,10,3,3,0,0,0,0,7,0,0,309.991,2.066,6.15094,-0.000,328.323,107.366,330.916,301.351,102.698,301.870,330.916,18.903,311.464,6.15361,18.885,311.463,6.15078,2
24408,521924,10,3,3,0,0,0,0,7,0,0,309.991,2.066,6.15078,-0.000,328.323,107.366,330.916,301.351,102.698,301.870,330.916,18.903,311.464,6.15346,18.885,311.463,6.15094,2
24423,521934,10,3,3,0,0,0,0,7,0,0,309.991,2.066,6.15070,-0.000,328.323,107.366,330.916,301.351,102.698,301.870,330.916,18.903,311.464,6.15338,18.885,311.463,6.15078,2
24423,521944,10,3,3,0,0,0,0,7,0,0,309.991,2.066,6.15063,-0.000,328.323,107.366,330.916,301.351,102.698,301.870,330.916,18.903,311.464,6.15330,18.885,311.463,6.15070,2
24439,521954,10,3,3,0,0,0,0,7,0,0,309.991,2.066,6.15065,-0.000,328.323,107.366,330.916,301.351,102.698,301.870,330.916,18.903,311.464,6.15332,18.885,311.463,6.15063,2
24455,521964,10,3,3,0,0,0,0,7,0,0,309.991,2.066,6.15084,-0.000,328.323,107.366,330.916,301.351,102.698,301.870,330.916,18.903,311.464,6.15351,18.885,311.463,6.15065,2
24455,521974,10,3,3,0,0,0,0,7,0,0,309.991,2.066,6.15103,-0.000,328.323,107.366,330.916,301.351,102.698,301.870,330.916,18.904,311.464,6.15371,18.885,311.463,6.15084,2
24471,521984,10,3,3,0,0,0,0,7,0,0,309.991,2.066,6.15107,-0.000,328.323,107.366,330.916,301.351,102.698,301.870,330.916,18.904,311.464,6.15375,18.886,311.463,6.15103,2
24486,521994,10,3,3,0,0,0,0,7,0,0,309.991,2.066,6.15118,-0.000,328.323,107.366,330.916,301.351,102.698,301.870,330.916,18.904,311.464,6.15385,18.886,311.463,6.15107,2
24486,522004,10,3,3,0,0,0,0,7,0,0,309.991,2.066,6.15113,-0.000,328.323,107.366,330.916,301.351,102.698,301.870,330.916,18.904,311.464,6.15381,18.886,311.463,6.15118,2
24502,522014,10,3,3,0,0,0,0,7,0,0,309.991,2.066,6.15106,-0.000,328.323,107.366,330.916,301.351,102.698,301.870,330.916,18.904,311.464,6.15373,18.886,311.463,6.15113,2
24502,522024,10,3,3,0,0,0,0,7,0,0,309.991,2.066,6.15098,-0.000,328.323,107.366,330.916,301.351,102.698,301.870,330.916,18.904,311.464,6.15365,18.886,311.463,6.15106,2
24517,522034,10,3,3,0,0,0,0,7,0,0,309.991,2.066,6.15097,-0.000,328.323,107.366,330.916,301.351,102.698,301.870,330.916,18.904,311.464,6.15364,18.886,311.463,6.15098,2
24532,522044,10,3,3,0,0,0,0,7,0,0,309.991,2.066,6.15108,-0.000,328.323,107.366,330.916,301.351,102.698,301.870,330.916,18.904,311.464,6.15376,18.886,311.463,6.15097,2
24532,522054,10,3,3,0,0,0,0,7,0,0,309.991,2.066,6.15134,-0.000,328.323,107.366,330.916,301.351,102.698,301.870,330.916,18.904,311.464,6.15402,18.886,311.463,6.15108,2
24548,522064,10,3,3,0,0,0,0,7,0,0,309.991,2.066,6.15112,-0.000,328.323,107.366,330.916,301.351,102.698,301.870,330.916,18.904,311.464,6.15380,18.886,311.463,6.15134,2
24563,522074,10,3,3,0,0,0,0,7,0,0,309.991,2.066,6.15091,-0.000,328.323,107.366,330.916,301.351,102.698,301.870,330.916,18.903,311.464,6.15358,18.886,311.463,6.15112,2
24563,522084,10,3,3,0,0,0,0,7,0,0,309.991,2.066,6.15074,-0.000,328.323,107.366,330.916,301.351,102.698,301.870,330.916,18.903,311.464,6.15342,18.885,311.463,6.15091,2
24579,522094,10,3,3,0,0,0,0,7,0,0,309.991,2.066,6.15119,-0.000,328.323,107.366,330.916,301.351,102.698,301.870,330.916,18.904,311.464,6.15387,18.885,311.463,6.15074,2
24594,522104,10,3,3,0,0,0,0,7,0,0,309.991,2.066,6.15132,-0.000,328.323,107.366,330.916,301.351,102.698,301.870,330.916,18.904,311.464,6.15399,18.886,311.463,6.15119,2
24594,522114,10,3,3,0,0,0,0,7,0,0,309.991,2.066,6.15106,-0.000,328.323,107.366,330.916,301.351,102.698,301.870,330.916,18.904,311.464,6.15374,18.886,311.463,6.15132,2
24609,522124,10,3,3,0,0,0,0,7,0,0,309.991,2.066,6.15104,-0.000,328.323,107.366,330.916,301.351,102.698,301.870,330.916,18.904,311.464,6.15372,18.886,311.463,6.15106,2
24626,522134,10,3,3,0,0,0,0,7,0,0,309.991,2.066,6.15073,-0.000,328.323,107.366,330.916,301.351,102.698,301.870,330.916,18.903,311.464,6.15341,18.886,311.463,6.15104,2
24626,522144,10,3,3,0,0,0,0,7,0,0,309.991,2.066,6.15067,-0.000,328.323,107.366,330.916,301.351,102.698,301.870,330.916,18.903,311.464,6.15335,18.885,311.463,6.15073,2
24642,522154,10,3,3,0,0,0,0,7,0,0,309.991,2.066,6.15094,-0.000,328.323,107.366,330.916,301.351,102.698,301.870,330.916,18.903,311.464,6.15362,18.885,311.463,6.15067,2
24642,522164,10,3,3,0,0,0,0,7,0,0,309.991,2.066,6.15082,-0.000,328.323,107.366,330.916,301.351,102.698,301.870,330.916,18.903,311.464,6.15349,18.886,311.463,6.15094,2
24657,522174,10,3,3,0,0,0,0,7,0,0,309.991,2.066,6.15067,-0.000,328.323,107.366,330.916,301.351,102.698,301.870,330.916,18.903,311.464,6.15334,18.885,311.463,6.15082,2
24672,522184,10,3,3,0,0,0,0,7,0,0,309.991,2.066,6.15067,-0.000,328.323,107.366,330.916,301.351,102.698,301.870,330.916,18.903,311.464,6.15334,18.885,311.463,6.15067,2
24672,522194,10,3,3,0,0,0,0,7,0,0,309.991,2.066,6.15048,-0.000,328.323,107.366,330.916,301.351,102.698,301.870,330.916,18.903,311.464,6.15315,18.885,311.463,6.15067,2
24687,522204,10,3,3,0,0,0,0,7,0,0,309.991,2.066,6.15054,-0.000,328.323,107.366,330.916,301.351,102.698,301.870,330.916,18.903,311.464,6.15321,18.885,311.462,6.15048,2
24703,522214,10,3,3,0,0,0,0,7,0,0,309.991,2.066,6.15069,-0.000,328.323,107.366,330.916,301.351,102.698,301.870,330.916,18.903,311.464,6.15337,18.885,311.463,6.15054,2
24703,522224,10,3,3,0,0,0,0,7,0,0,309.991,2.066,6.15086,-0.000,328.323,107.366,330.916,301.351,102.698,301.870,330.916,18.903,311.464,6.15353,18.885,311.463,6.15069,2
24719,522234,10,3,3,0,0,0,0,7,0,0,309.991,2.066,6.15075,-0.000,328.323,107.366,330.916,301.351,102.698,301.870,330.916,18.903,311.464,6.15342,18.885,311.463,6.15086,2
24735,522244,10,3,3,0,0,0,0,7,0,0,309.991,2.066,6.15064,-0.000,328.323,107.366,330.916,301.351,102.698,301.870,330.916,18.903,311.464,6.15332,18.885,311.463,6.15074,2
24735,522254,10,3,3,0,0,0,0,7,0,0,309.991,2.066,6.15057,-0.000,328.323,107.366,330.916,301.351,102.698,301.870,330.916,18.903,311.464,6.15324,18.885,311.463,6.15064,2
24750,522264,10,3,3,0,0,0,0,7,0,0,309.991,2.066,6.15064,-0.000,328.323,107.366,330.916,301.351,102.698,301.870,330.916,18.903,311.464,6.15331,18.885,311.463,6.15057,2
24766,522274,10,3,3,0,0,0,0,7,0,0,309.991,2.066,6.15063,-0.000,328.323,107.366,330.916,301.351,102.698,301.870,330.916,18.903,311.464,6.15331,18.885,311.463,6.15064,2
24766,522284,10,3,3,0,0,0,0,7,0,0,309.991,2.066,6.15071,-0.000,328.323,107.366,330.916,301.351,102.698,301.870,330.916,18.903,311.464,6.15338,18.885,311.463,6.15063,2
24781,522294,10,3,3,0,0,0,0,7,0,0,309.991,2.066,6.15050,-0.000,328.323,107.366,330.916,301.351,102.698,301.870,330.916,18.903,311.464,6.15318,18.885,311.463,6.15071,2
24797,522304,10,3,3,0,0,0,0,7,0,0,309.991,2.066,6.15052,-0.000,328.323,107.366,330.916,301.351,102.698,301.870,330.916,18.903,311.464,6.15319,18.885,311.463,6.15050,2
24797,522314,10,3,3,0,0,0,0,7,0,0,309.991,2.066,6.15058,-0.000,328.323,107.366,330.916,301.351,102.698,301.870,330.916,18.903,311.464,6.15325,18.885,311.463,6.15052,2
24812,522324,10,3,3,0,0,0,0,7,0,0,309.991,2.066,6.15064,-0.000,328.323,107.366,330.916,301.351,102.698,301.870,330.916,18.903,311.464,6.15332,18.885,311.463,6.15058,2
24812,522334,10,3,3,0,0,0,0,7,0,0,309.991,2.066,6.15053,-0.000,328.323,107.366,330.916,301.351,102.698,301.870,330.916,18.903,311.464,6.15321,18.885,311.463,6.15064,2
24828,522344,10,3,3,0,0,0,0,7,0,0,309.991,2.066,6.15049,-0.000,328.323,107.366,330.916,301.351,102.698,301.870,330.916,18.903,311.464,6.15316,18.885,311.463,6.15053,2
24844,522354,10,3,3,0,0,0,0,7,0,0,309.991,2.066,6.15053,-0.000,328.323,107.366,330.916,301.351,102.698,301.870,330.916,18.903,311.464,6.15321,18.885,311.463,6.15049,2
24844,522364,10,3,3,0,0,0,0,7,0,0,309.991,2.066,6.15083,-0.000,328.323,107.366,330.916,301.351,102.698,301.870,330.916,18.903,311.464,6.15350,18.885,311.463,6.15053,2
24859,522374,10,3,3,0,0,0,0,7,0,0,309.991,2.066,6.15099,-0.000,328.323,107.366,330.916,301.351,102.698,301.870,330.916,18.904,311.464,6.15367,18.885,311.463,6.15083,2
24875,522384,10,3,3,0,0,0,0,7,0,0,309.991,2.066,6.15103,-0.000,328.323,107.366,330.916,301.351,102.698,301.870,330.916,18.904,311.464,6.15370,18.886,311.463,6.15099,2
24875,522394,10,3,3,0,0,0,0,7,0,0,309.991,2.066,6.15110,-0.000,328.323,107.366,330.916,301.351,102.698,301.870,330.916,18.904,311.464,6.15378,18.886,311.463,6.15103,2
24890,522404,10,3,3,0,0,0,0,7,0,0,309.991,2.066,6.15100,-0.000,328.323,107.366,330.916,301.351,102.698,301.870,330.916,18.904,311.464,6.15368,18.886,311.463,6.15110,2
24906,522414,10,3,3,0,0,0,0,7,0,0,309.991,2.066,6.15107,-0.000,328.323,107.366,330.916,301.351,102.698,301.870,330.916,18.904,311.464,6.15374,18.886,311.463,6.15100,2
24906,522424,10,3,3,0,0,0,0,7,0,0,309.991,2.066,6.15116,-0.000,328.323,107.366,330.916,301.351,102.698,301.870,330.916,18.904,311.464,6.15384,18.886,311.463,6.15107,2
24922,522434,10,3,3,0,0,0,0,7,0,0,309.991,2.066,6.15096,-0.000,328.323,107.366,330.916,301.351,102.698,301.870,330.916,18.904,311.464,6.15363,18.886,311.463,6.15116,2
24922,522444,10,3,3,0,0,0,0,7,0,0,309.991,2.066,6.15070,-0.000,328.323,107.366,330.916,301.351,102.698,301.870,330.916,18.903,311.464,6.15337,18.886,311.463,6.15096,2
24938,522454,10,3,3,0,0,0,0,7,0,0,309.991,2.066,6.15074,-0.000,328.323,107.366,330.916,301.351,102.698,301.870,330.916,18.903,311.464,6.15342,18.885,311.463,6.15070,2
24953,522464,10,3,3,0,0,0,0,7,0,0,309.991,2.066,6.15095,-0.000,328.323,107.366,330.916,301.351,102.698,301.870,330.916,18.904,311.464,6.15363,18.885,311.463,6.15074,2
24953,522474,10,3,3,0,0,0,0,7,0,0,309.991,2.066,6.15100,-0.000,328.323,107.366,330.916,301.351,102.698,301.870,330.916,18.904,311.464,6.15368,18.886,311.463,6.15095,2
24969,522484,10,3,3,0,0,0,0,7,0,0,309.991,2.066,6.15092,-0.000,328.323,107.366,330.916,301.351,102.698,301.870,330.916,18.903,311.464,6.15359,18.886,311.463,6.15100,2
24985,522494,10,3,3,0,0,0,0,7,0,0,309.991,2.066,6.15102,-0.000,328.323,107.366,330.916,301.351,102.698,301.870,330.916,18.904,311.464,6.15369,18.885,311.463,6.15092,2
24985,522504,10,3,3,0,0,0,0,7,0,0,309.991,2.066,6.15105,-0.000,328.323,107.366,330.916,301.351,102.698,301.870,330.916,18.904,311.464,6.15373,18.886,311.463,6.15102,2
25000,522514,10,3,3,0,0,0,0,7,0,0,309.991,2.066,6.15119,-0.000,328.323,107.366,330.916,301.351,102.698,301.870,330.916,18.904,311.464,6.15386,18.886,311.463,6.15105,2
25015,522524,10,3,3,0,0,0,0,7,0,0,309.991,2.066,6.15098,-0.000,328.323,107.366,330.916,301.351,102.698,301.870,330.916,18.904,311.464,6.15365,18.886,311.463,6.15119,2
25015,522534,10,3,3,0,0,0,0,7,0,0,309.991,2.066,6.15082,-0.000,328.323,107.366,330.916,301.351,102.698,301.870,330.916,18.903,311.464,6.15350,18.886,311.463,6.15098,2
25031,522544,10,3,3,0,0,0,0,7,0,0,309.991,2.066,6.15071,-0.000,328.323,107.366,330.916,301.351,102.698,301.870,330.916,18.903,311.464,6.15338,18.885,311.463,6.15082,2
25047,522554,10,3,3,0,0,0,0,7,0,0,309.991,2.066,6.15070,-0.000,328.323,107.366,330.916,301.351,102.698,301.870,330.916,18.903,311.464,6.15338,18.885,311.463,6.15071,2
25047,522564,10,3,3,0,0,0,0,7,0,0,309.991,2.066,6.15090,-0.000,328.323,107.366,330.916,301.351,102.698,301.870,330.916,18.903,311.464,6.15357,18.885,311.463,6.15070,2
25062,522574,10,3,3,0,0,0,0,7,0,0,309.991,2.066,6.15105,-0.000,328.323,107.366,330.916,301.351,102.698,301.870,330.916,18.904,311.464,6.15372,18.885,311.463,6.15090,2
25062,522584,10,3,3,0,0,0,0,7,0,0,309.991,2.066,6.15121,-0.000,328.323,107.366,330.916,301.351,102.698,301.870,330.916,18.904,311.464,6.15388,18.886,311.463,6.15105,2
25078,522594,10,3,3,0,0,0,0,7,0,0,309.991,2.066,6.15105,-0.000,328.323,107.366,330.916,301.351,102.698,301.870,330.916,18.904,311.464,6.15372,18.886,311.463,6.15121,2
25093,522604,10,3,3,0,0,0,0,7,0,0,309.991,2.066,6.15100,-0.000,328.323,107.366,330.916,301.351,102.698,301.870,330.916,18.904,311.464,6.15368,18.886,311.463,6.15105,2
25093,522614,10,3,3,0,0,0,0,7,0,0,309.991,2.066,6.15112,-0.000,328.323,107.366,330.916,301.351,102.698,301.870,330.916,18.904,311.464,6.15379,18.886,311.463,6.15100,2
25109,522624,10,3,3,0,0,0,0,7,0,0,309.991,2.066,6.15099,-0.000,328.323,107.366,330.916,301.351,102.698,301.870,330.916,18.904,311.464,6.15367,18.886,311.463,6.15112,2
25124,522634,10,3,3,0,0,0,0,7,0,0,309.991,2.066,6.15089,-0.000,328.323,107.366,330.916,301.351,102.698,301.870,330.916,18.903,311.464,6.15357,18.886,311.463,6.15099,2
25124,522644,10,3,3,0,0,0,0,7,0,0,309.991,2.066,6.15112,-0.000,328.323,107.366,330.916,301.351,102.698,301.870,330.916,18.904,311.464,6.15379,18.885,311.463,6.15090,2
25139,522654,10,3,3,0,0,0,0,7,0,0,309.991,2.066,6.15114,-0.000,328.323,107.366,330.916,301.351,102.698,301.870,330.916,18.904,311.464,6.15382,18.886,311.463,6.15112,2
25155,522664,10,3,3,0,0,0,0,7,0,0,309.991,2.066,6.15129,-0.000,328.323,107.366,330.916,301.351,102.698,301.870,330.916,18.904,311.464,6.15396,18.886,311.463,6.15114,2
25155,522674,10,3,3,0,0,0,0,7,0,0,309.991,2.066,6.15119,-0.000,328.323,107.366,330.916,301.351,102.698,301.870,330.916,18.904,311.464,6.15387,18.886,311.463,6.15129,2
25170,522684,10,3,3,0,0,0,0,7,0,0,309.991,2.066,6.15133,-0.000,328.323,107.366,330.916,301.351,102.698,301.870,330.916,18.904,311.464,6.15401,18.886,311.463,6.15119,2
25186,522694,10,3,3,0,0,0,0,7,0,0,309.991,2.066,6.15137,-0.000,328.323,107.366,330.916,301.351,102.698,301.870,330.916,18.904,311.464,6.15404,18.886,311.463,6.15133,2
25186,522704,10,3,3,0,0,0,0,7,0,0,309.991,2.066,6.15136,-0.000,328.323,107.366,330.916,301.351,102.698,301.870,330.916,18.904,311.464,6.15403,18.886,311.463,6.15137,2
25201,522714,10,3,3,0,0,0,0,7,0,0,309.991,2.066,6.15143,-0.000,328.323,107.366,330.916,301.351,102.698,301.870,330.916,18.904,311.464,6.15410,18.886,311.463,6.15136,2
25217,522724,10,3,3,0,0,0,0,7,0,0,309.991,2.066,6.15160,-0.000,328.323,107.366,330.916,301.351,102.698,301.870,330.916,18.904,311.464,6.15428,18.886,311.463,6.15143,2
25217,522734,10,3,3,0,0,0,0,7,0,0,309.991,2.066,6.15152,-0.000,328.323,107.366,330.916,301.351,102.698,301.870,330.916,18.904,311.464,6.15420,18.886,311.463,6.15160,2
25233,522744,10,3,3,0,0,0,0,7,0,0,309.991,2.066,6.15137,-0.000,328.323,107.366,330.916,301.351,102.698,301.870,330.916,18.904,311.464,6.15405,18.886,311.463,6.15152,2
25233,522754,10,3,3,0,0,0,0,7,0,0,309.991,2.066,6.15126,-0.000,328.323,107.366,330.916,301.351,102.698,301.870,330.916,18.904,311.464,6.15394,18.886,311.463,6.15137,2
25249,522764,10,3,3,0,0,0,0,7,0,0,309.991,2.066,6.15113,-0.000,328.323,107.366,330.916,301.351,102.698,301.870,330.916,18.904,311.464,6.15381,18.886,311.463,6.15126,2
25263,522774,10,3,3,0,0,0,0,7,0,0,309.991,2.066,6.15105,-0.000,328.323,107.366,330.916,301.351,102.698,301.870,330.916,18.904,311.464,6.15372,18.886,311.463,6.15114,2
25263,522784,10,3,3,0,0,0,0,7,0,0,309.991,2.066,6.15098,-0.000,328.323,107.366,330.916,301.351,102.698,301.870,330.916,18.904,311.464,6.15366,18.886,311.463,6.15105,2
25279,522794,10,3,3,0,0,0,0,7,0,0,309.991,2.066,6.15086,-0.000,328.323,107.366,330.916,301.351,102.698,301.870,330.916,18.903,311.464,6.15353,18.886,311.463,6.15098,2
25295,522804,10,3,3,0,0,0,0,7,0,0,309.991,2.066,6.15100,-0.000,328.323,107.366,330.916,301.351,102.698,301.870,330.916,18.904,311.464,6.15367,18.885,311.463,6.15086,2
25295,522814,10,3,3,0,0,0,0,7,0,0,309.991,2.066,6.15076,-0.000,328.323,107.366,330.916,301.351,102.698,301.870,330.916,18.903,311.464,6.15343,18.886,311.463,6.15100,2
25311,522824,10,3,3,0,0,0,0,7,0,0,309.991,2.066,6.15076,-0.000,328.323,107.366,330.916,301.351,102.698,301.870,330.916,18.903,311.464,6.15343,18.885,311.463,6.15076,2
25326,522834,10,3,3,0,0,0,0,7,0,0,309.991,2.066,6.15081,-0.000,328.323,107.366,330.916,301.351,102.698,301.870,330.916,18.903,311.464,6.15349,18.885,311.463,6.15076,2
25326,522844,10,3,3,0,0,0,0,7,0,0,309.991,2.066,6.15083,-0.000,328.323,107.366,330.916,301.351,102.698,301.870,330.916,18.903,311.464,6.15350,18.885,311.463,6.15081,2
25342,522854,10,3,3,0,0,0,0,7,0,0,309.991,2.066,6.15104,-0.000,328.323,107.366,330.916,301.351,102.698,301.870,330.916,18.904,311.464,6.15371,18.885,311.463,6.15083,2
25342,522864,10,3,3,0,0,0,0,7,0,0,309.991,2.066,6.15089,-0.000,328.323,107.366,330.916,301.351,102.698,301.870,330.916,18.903,311.464,6.15356,18.886,311.463,6.15104,2
25357,522874,10,3,3,0,0,0,0,7,0,0,309.991,2.066,6.15087,-0.000,328.323,107.366,330.916,301.351,102.698,301.870,330.916,18.903,311.464,6.15354,18.885,311.463,6.15089,2
25373,522884,10,3,3,0,0,0,0,7,0,0,309.991,2.066,6.15055,-0.000,328.323,107.366,330.916,301.351,102.698,301.870,330.916,18.903,311.464,6.15323,18.885,311.463,6.15087,2
25373,522894,10,3,3,0,0,0,0,7,0,0,309.991,2.066,6.15061,-0.000,328.323,107.366,330.916,301.351,102.698,301.870,330.916,18.903,311.464,6.15329,18.885,311.463,6.15055,2
25388,522904,10,3,3,0,0,0,0,7,0,0,309.991,2.066,6.15076,-0.000,328.323,107.366,330.916,301.351,102.698,301.870,330.916,18.903,311.464,6.15344,18.885,311.463,6.15061,2
25403,522914,10,3,3,0,0,0,0,7,0,0,309.991,2.066,6.15075,-0.000,328.323,107.366,330.916,301.351,102.698,301.870,330.916,18.903,311.464,6.15342,18.885,311.463,6.15076,2
25403,522924,10,3,3,0,0,0,0,7,0,0,309.991,2.066,6.15055,-0.000,328.323,107.366,330.916,301.351,102.698,301.870,330.916,18.903,311.464,6.15323,18.885,311.463,6.15075,2
25419,522934,10,3,3,0,0,0,0,7,0,0,309.991,2.066,6.15055,-0.000,328.323,107.366,330.916,301.351,102.698,301.870,330.916,18.903,311.464,6.15323,18.885,311.463,6.15055,2
25434,522944,10,3,3,0,0,0,0,7,0,0,309.991,2.066,6.15081,-0.000,328.323,107.366,330.916,301.351,102.698,301.870,330.916,18.903,311.464,6.15348,18.885,311.463,6.15055,2
25434,522954,10,3,3,0,0,0,0,7,0,0,309.991,2.066,6.15068,-0.000,328.323,107.366,330.916,301.351,102.698,301.870,330.916,18.903,311.464,6.15336,18.885,311.463,6.15081,2
25450,522964,10,3,3,0,0,0,0,7,0,0,309.991,2.066,6.15072,-0.000,328.323,107.366,330.916,301.351,102.698,301.870,330.916,18.903,311.464,6.15340,18.885,311.463,6.15068,2
25466,522974,10,3,3,0,0,0,0,7,0,0,309.991,2.066,6.15069,-0.000,328.323,107.366,330.916,301.351,102.698,301.870,330.916,18.903,311.464,6.15337,18.885,311.463,6.15072,2
25466,522984,10,3,3,0,0,0,0,7,0,0,309.991,2.066,6.15085,-0.000,328.323,107.366,330.916,301.351,102.698,301.870,330.916,18.903,311.464,6.15353,18.885,311.463,6.15069,2
25481,522994,10,3,3,0,0,0,0,7,0,0,309.991,2.066,6.15108,-0.000,328.323,107.366,330.916,301.351,102.698,301.870,330.916,18.904,311.464,6.15375,18.885,311.463,6.15085,2
25497,523004,10,3,3,0,0,0,0,7,0,0,309.991,2.066,6.15123,-0.000,328.323,107.366,330.916,301.351,102.698,301.870,330.916,18.904,311.464,6.15390,18.886,311.463,6.15108,2
25497,523014,10,3,3,0,0,0,0,7,0,0,309.991,2.066,6.15129,-0.000,328.323,107.366,330.916,301.351,102.698,301.870,330.916,18.904,311.464,6.15396,18.886,311.463,6.15123,2
25512,523024,10,3,3,0,0,0,0,7,0,0,309.991,2.066,6.15119,-0.000,328.323,107.366,330.916,301.351,102.698,301.870,330.916,18.904,311.464,6.15387,18.886,311.463,6.15128,2
25512,523034,10,3,3,0,0,0,0,7,0,0,309.991,2.066,6.15128,-0.000,328.323,107.366,330.916,301.351,102.698,301.870,330.916,18.904,311.464,6.15396,18.886,311.463,6.15119,2
25528,523044,10,3,3,0,0,0,0,7,0,0,309.991,2.066,6.15143,-0.000,328.323,107.366,330.916,301.351,102.698,301.870,330.916,18.904,311.464,6.15410,18.886,311.463,6.15128,2
25543,523054,10,3,3,0,0,0,0,7,0,0,309.991,2.066,6.15130,-0.000,328.323,107.366,330.916,301.351,102.698,301.870,330.916,18.904,311.464,6.15398,18.886,311.463,6.15143,2
25543,523064,10,3,3,0,0,0,0,7,0,0,309.991,2.066,6.15135,-0.000,328.323,107.366,330.916,301.351,102.698,301.870,330.916,18.904,311.464,6.15402,18.886,311.463,6.15130,2
25558,523074,10,3,3,0,0,0,0,7,0,0,309.991,2.066,6.15151,-0.000,328.323,107.366,330.916,301.351,102.698,301.870,330.916,18.904,311.464,6.15419,18.886,311.463,6.15135,2
25574,523084,10,3,3,0,0,0,0,7,0,0,309.991,2.066,6.15161,-0.000,328.323,107.366,330.916,301.351,102.698,301.870,330.916,18.904,311.464,6.15428,18.886,311.463,6.15151,2
25574,523094,10,3,3,0,0,0,0,7,0,0,309.991,2.066,6.15154,-0.000,328.323,107.366,330.916,301.351,102.698,301.870,330.916,18.904,311.464,6.15421,18.886,311.463,6.15161,2
25590,523104,10,3,3,0,0,0,0,7,0,0,309.991,2.066,6.15151,-0.000,328.323,107.366,330.916,301.351,102.698,301.870,330.916,18.904,311.464,6.15418,18.886,311.463,6.15154,2
25605,523114,10,3,3,0,0,0,0,7,0,0,309.991,2.066,6.15131,-0.000,328.323,107.366,330.916,301.351,102.698,301.870,330.916,18.904,311.464,6.15399,18.886,311.463,6.15151,2
25605,523124,10,3,3,0,0,0,0,7,0,0,309.991,2.066,6.15126,-0.000,328.323,107.366,330.916,301.351,102.698,301.870,330.916,18.904,311.464,6.15393,18.886,311.463,6.15131,2
25621,523134,10,3,3,0,0,0,0,7,0,0,309.991,2.066,6.15105,-0.000,328.323,107.366,330.916,301.351,102.698,301.870,330.916,18.904,311.464,6.15372,18.886,311.463,6.15126,2
25652,523144,10,3,3,0,0,0,0,7,0,0,309.991,2.066,6.15098,-0.000,328.323,107.366,330.916,301.351,102.698,301.870,330.916,18.904,311.464,6.15365,18.886,311.463,6.15105,2
25652,523154,10,3,3,0,0,0,0,7,0,0,309.991,2.066,6.15092,-0.000,328.323,107.366,330.916,301.351,102.698,301.870,330.916,18.903,311.464,6.15359,18.886,311.463,6.15098,2
25652,523164,10,3,3,0,0,0,0,7,0,0,309.991,2.066,6.15094,-0.000,328.323,107.366,330.916,301.351,102.698,301.870,330.916,18.903,311.464,6.15362,18.885,311.463,6.15092,2
25652,523174,10,3,3,0,0,0,0,7,0,0,309.991,2.066,6.15086,-0.000,328.323,107.366,330.916,301.351,102.698,301.870,330.916,18.903,311.464,6.15354,18.886,311.463,6.15094,2
25682,523184,10,3,3,0,0,0,0,7,0,0,309.991,2.066,6.15106,-0.000,328.323,107.366,330.916,301.351,102.698,301.870,330.916,18.904,311.464,6.15373,18.885,311.463,6.15086,2
25682,523194,10,3,3,0,0,0,0,7,0,0,309.991,2.066,6.15136,-0.000,328.323,107.366,330.916,301.351,102.698,301.870,330.916,18.904,311.464,6.15403,18.886,311.463,6.15106,2
25682,523204,10,3,3,0,0,0,0,7,0,0,309.991,2.066,6.15116,-0.000,328.323,107.366,330.916,301.351,102.698,301.870,330.916,18.904,311.464,6.15383,18.886,311.463,6.15136,2
25713,523214,10,3,3,0,0,0,0,7,0,0,309.991,2.066,6.15113,-0.000,328.323,107.366,330.916,301.351,102.698,301.870,330.916,18.904,311.464,6.15380,18.886,311.463,6.15116,2
25713,523224,10,3,3,0,0,0,0,7,0,0,309.991,2.066,6.15110,-0.000,328.323,107.366,330.916,301.351,102.698,301.870,330.916,18.904,311.464,6.15378,18.886,311.463,6.15113,2
25713,523234,10,3,3,0,0,0,0,7,0,0,309.991,2.066,6.15113,-0.000,328.323,107.366,330.916,301.351,102.698,301.870,330.916,18.904,311.464,6.15381,18.886,311.463,6.15110,2
25729,523244,10,3,3,0,0,0,0,7,0,0,309.991,2.066,6.15117,-0.000,328.323,107.366,330.916,301.351,102.698,301.870,330.916,18.904,311.464,6.15384,18.886,311.463,6.15113,2
25745,523254,10,3,3,0,0,0,0,7,0,0,309.991,2.066,6.15099,-0.000,328.323,107.366,330.916,301.351,102.698,301.870,330.916,18.904,311.464,6.15366,18.886,311.463,6.15117,2
25745,523264,10,3,3,0,0,0,0,7,0,0,309.991,2.066,6.15084,-0.000,328.323,107.366,330.916,301.351,102.698,301.870,330.916,18.903,311.464,6.15352,18.886,311.463,6.15099,2
25762,523274,10,3,3,0,0,0,0,7,0,0,309.991,2.066,6.15070,-0.000,328.323,107.366,330.916,301.351,102.698,301.870,330.916,18.903,311.464,6.15338,18.885,311.463,6.15084,2
25762,523284,10,3,3,0,0,0,0,7,0,0,309.991,2.066,6.15056,-0.000,328.323,107.366,330.916,301.351,102.698,301.870,330.916,18.903,311.464,6.15323,18.885,311.463,6.15070,2
25792,523294,10,3,3,0,0,0,0,7,0,0,309.991,2.066,6.15063,-0.000,328.323,107.366,330.916,301.351,102.698,301.870,330.916,18.903,311.464,6.15331,18.885,311.462,6.15056,2
25792,523304,10,3,3,0,0,0,0,7,0,0,309.991,2.066,6.15077,-0.000,328.323,107.366,330.916,301.351,102.698,301.870,330.916,18.903,311.464,6.15344,18.885,311.463,6.15063,2
25792,523314,10,3,3,0,0,0,0,7,0,0,309.991,2.066,6.15080,-0.000,328.323,107.366,330.916,301.351,102.698,301.870,330.916,18.903,311.464,6.15348,18.885,311.463,6.15077,2
25824,523324,10,3,3,0,0,0,0,7,0,0,309.991,2.066,6.15078,-0.000,328.323,107.366,330.916,301.351,102.698,301.870,330.916,18.903,311.464,6.15346,18.885,311.463,6.15080,2
25824,523334,10,3,3,0,0,0,0,7,0,0,309.991,2.066,6.15089,-0.000,328.323,107.366,330.916,301.351,102.698,301.870,330.916,18.903,311.464,6.15357,18.885,311.463,6.15078,2
25824,523344,10,3,3,0,0,0,0,7,0,0,309.991,2.066,6.15093,-0.000,328.323,107.366,330.916,301.351,102.698,301.870,330.916,18.903,311.464,6.15361,18.885,311.463,6.15089,2
25840,523354,10,3,3,0,0,0,0,7,0,0,309.991,2.066,6.15082,-0.000,328.323,107.366,330.916,301.351,102.698,301.870,330.916,18.903,311.464,6.15349,18.886,311.463,6.15093,2
25869,523364,10,3,3,0,0,0,0,7,0,0,309.991,2.066,6.15075,-0.000,328.323,107.366,330.916,301.351,102.698,301.870,330.916,18.903,311.464,6.15343,18.885,311.463,6.15082,2
25869,523374,10,3,3,0,0,0,0,7,0,0,309.991,2.066,6.15060,-0.000,328.323,107.366,330.916,301.351,102.698,301.870,330.916,18.903,311.464,6.15328,18.885,311.463,6.15075,2
25869,523384,10,3,3,0,0,0,0,7,0,0,309.991,2.066,6.15078,-0.000,328.323,107.366,330.916,301.351,102.698,301.870,330.916,18.903,311.464,6.15346,18.885,311.463,6.15060,2
25886,523394,10,3,3,0,0,0,0,7,0,0,309.991,2.066,6.15086,-0.000,328.323,107.366,330.916,301.351,102.698,301.870,330.916,18.903,311.464,6.15354,18.885,311.463,6.15078,2
25886,523404,10,3,3,0,0,0,0,7,0,0,309.991,2.066,6.15075,-0.000,328.323,107.366,330.916,301.351,102.698,301.870,330.916,18.903,311.464,6.15342,18.885,311.463,6.15086,2
25916,523414,10,3,3,0,0,0,0,7,0,0,309.991,2.066,6.15083,-0.000,328.323,107.366,330.916,301.351,102.698,301.870,330.916,18.903,311.464,6.15350,18.885,311.463,6.15075,2
25916,523424,10,3,3,0,0,0,0,7,0,0,309.991,2.066,6.15089,-0.000,328.323,107.366,330.916,301.351,102.698,301.870,330.916,18.903,311.464,6.15356,18.885,311.463,6.15083,2
25916,523434,10,3,3,0,0,0,0,7,0,0,309.991,2.066,6.15073,-0.000,328.323,107.366,330.916,301.351,102.698,301.870,330.916,18.903,311.464,6.15340,18.885,311.463,6.15089,2
25932,523444,10,3,3,0,0,0,0,7,0,0,309.991,2.066,6.15060,-0.000,328.323,107.366,330.916,301.351,102.698,301.870,330.916,18.903,311.464,6.15328,18.885,311.463,6.15073,2
25932,523454,10,3,3,0,0,0,0,7,0,0,309.991,2.066,6.15049,-0.000,328.323,107.366,330.916,301.351,102.698,301.870,330.916,18.903,311.464,6.15316,18.885,311.463,6.15060,2
25947,523464,10,3,3,0,0,0,0,7,0,0,309.991,2.066,6.15044,-0.000,328.323,107.366,330.916,301.351,102.698,301.870,330.916,18.903,311.464,6.15311,18.885,311.463,6.15049,2
25963,523474,10,3,3,0,0,0,0,7,0,0,309.991,2.066,6.15057,-0.000,328.323,107.366,330.916,301.351,102.698,301.870,330.916,18.903,311.464,6.15325,18.885,311.463,6.15044,2
25963,523484,10,3,3,0,0,0,0,7,0,0,309.991,2.066,6.15066,-0.000,328.323,107.366,330.916,301.351,102.698,301.870,330.916,18.903,311.464,6.15334,18.885,311.463,6.15057,2
25979,523494,10,3,3,0,0,0,0,7,0,0,309.991,2.066,6.15074,-0.000,328.323,107.366,330.916,301.351,102.698,301.870,330.916,18.903,311.464,6.15342,18.885,311.463,6.15066,2
25996,523504,10,3,3,0,0,0,0,7,0,0,309.991,2.066,6.15094,-0.000,328.323,107.366,330.916,301.351,102.698,301.870,330.916,18.903,311.464,6.15361,18.885,311.463,6.15074,2
25996,523514,10,3,3,0,0,0,0,7,0,0,309.991,2.066,6.15082,-0.000,328.323,107.366,330.916,301.351,102.698,301.870,330.916,18.903,311.464,6.15349,18.886,311.463,6.15094,2
26026,523524,10,3,3,0,0,0,0,7,0,0,309.991,2.066,6.15088,-0.000,328.323,107.366,330.916,301.351,102.698,301.870,330.916,18.903,311.464,6.15355,18.885,311.463,6.15082,2
26026,523534,10,3,3,0,0,0,0,7,0,0,309.991,2.066,6.15119,-0.000,328.323,107.366,330.916,301.351,102.698,301.870,330.916,18.904,311.464,6.15387,18.885,311.463,6.15088,2
26026,523544,10,3,3,0,0,0,0,7,0,0,309.991,2.066,6.15127,-0.000,328.323,107.366,330.916,301.351,102.698,301.870,330.916,18.904,311.464,6.15395,18.886,311.463,6.15119,2
26057,523554,10,3,3,0,0,0,0,7,0,0,309.991,2.066,6.15135,-0.000,328.323,107.366,330.916,301.351,102.698,301.870,330.916,18.904,311.464,6.15403,18.886,311.463,6.15127,2
26057,523564,10,3,3,0,0,0,0,7,0,0,309.991,2.066,6.15145,-0.000,328.323,107.366,330.916,301.351,102.698,301.870,330.916,18.904,311.464,6.15412,18.886,311.463,6.15135,2
26057,523574,10,3,3,0,0,0,0,7,0,0,309.991,2.066,6.15146,-0.000,328.323,107.366,330.916,301.351,102.698,301.870,330.916,18.904,311.464,6.15414,18.886,311.463,6.15145,2
26073,523584,10,3,3,0,0,0,0,7,0,0,309.991,2.066,6.15116,-0.000,328.323,107.366,330.916,301.351,102.698,301.870,330.916,18.904,311.464,6.15383,18.886,311.463,6.15146,2
26073,523594,10,3,3,0,0,0,0,7,0,0,309.991,2.066,6.15126,-0.000,328.323,107.366,330.916,301.351,102.698,301.870,330.916,18.904,311.464,6.15393,18.886,311.463,6.15116,2
26089,523604,10,3,3,0,0,0,0,7,0,0,309.991,2.066,6.15133,-0.000,328.323,107.366,330.916,301.351,102.698,301.870,330.916,18.904,311.464,6.15400,18.886,311.463,6.15126,2
26120,523614,10,3,3,0,0,0,0,7,0,0,309.991,2.066,6.15128,-0.000,328.323,107.366,330.916,301.351,102.698,301.870,330.916,18.904,311.464,6.15395,18.886,311.463,6.15133,2
26120,523624,10,3,3,0,0,0,0,7,0,0,309.991,2.066,6.15112,-0.000,328.323,107.366,330.916,301.351,102.698,301.870,330.916,18.904,311.464,6.15380,18.886,311.463,6.15128,2
26120,523634,10,3,3,0,0,0,0,7,0,0,309.991,2.066,6.15127,-0.000,328.323,107.366,330.916,301.351,102.698,301.870,330.916,18.904,311.464,6.15395,18.886,311.463,6.15112,2
26151,523644,10,3,3,0,0,0,0,7,0,0,309.991,2.066,6.15138,-0.000,328.323,107.366,330.916,301.351,102.698,301.870,330.916,18.904,311.464,6.15405,18.886,311.463,6.15127,2
26151,523654,10,3,3,0,0,0,0,7,0,0,309.991,2.066,6.15156,-0.000,328.323,107.366,330.916,301.351,102.698,301.870,330.916,18.904,311.464,6.15424,18.886,311.463,6.15138,2
26151,523664,10,3,3,0,0,0,0,7,0,0,309.991,2.066,6.15163,-0.000,328.323,107.366,330.916,301.351,102.698,301.870,330.916,18.904,311.464,6.15430,18.886,311.463,6.15156,2
26166,523674,10,3,3,0,0,0,0,7,0,0,309.991,2.066,6.15179,-0.000,328.323,107.366,330.916,301.351,102.698,301.870,330.916,18.905,311.464,6.15447,18.886,311.463,6.15163,2
26166,523684,10,3,3,0,0,0,0,7,0,0,309.991,2.066,6.15170,-0.000,328.323,107.366,330.916,301.351,102.698,301.870,330.916,18.904,311.464,6.15438,18.887,311.463,6.15179,2
26182,523694,10,3,3,0,0,0,0,7,0,0,309.991,2.066,6.15181,-0.000,328.323,107.366,330.916,301.351,102.698,301.870,330.916,18.905,311.464,6.15449,18.886,311.463,6.15170,2
26182,523704,10,3,3,0,0,0,0,7,0,0,309.991,2.066,6.15170,-0.000,328.323,107.366,330.916,301.351,102.698,301.870,330.916,18.904,311.464,6.15437,18.887,311.463,6.15181,2
26214,523714,10,3,3,0,0,0,0,7,0,0,309.991,2.066,6.15140,-0.000,328.323,107.366,330.916,301.351,102.698,301.870,330.916,18.904,311.464,6.15407,18.886,311.463,6.15170,2
26214,523724,10,3,3,0,0,0,0,7,0,0,309.991,2.066,6.15140,-0.000,328.323,107.366,330.916,301.351,102.698,301.870,330.916,18.904,311.464,6.15408,18.886,311.463,6.15140,2
26214,523734,10,3,3,0,0,0,0,7,0,0,309.991,2.066,6.15147,-0.000,328.323,107.366,330.916,301.351,102.698,301.870,330.916,18.904,311.464,6.15414,18.886,311.463,6.15140,2
26244,523744,10,3,3,0,0,0,0,7,0,0,309.991,2.066,6.15146,-0.000,328.323,107.366,330.916,301.351,102.698,301.870,330.916,18.904,311.464,6.15413,18.886,311.463,6.15147,2
26244,523754,10,3,3,0,0,0,0,7,0,0,309.991,2.066,6.15130,-0.000,328.323,107.366,330.916,301.351,102.698,301.870,330.916,18.904,311.464,6.15398,18.886,311.463,6.15146,2
26244,523764,10,3,3,0,0,0,0,7,0,0,309.991,2.066,6.15125,-0.000,328.323,107.366,330.916,301.351,102.698,301.870,330.916,18.904,311.464,6.15392,18.886,311.463,6.15130,2
26260,523774,10,3,3,0,0,0,0,7,0,0,309.991,2.066,6.15120,-0.000,328.323,107.366,330.916,301.351,102.698,301.870,330.916,18.904,311.464,6.15388,18.886,311.463,6.15125,2
26276,523784,10,3,3,0,0,0,0,7,0,0,309.991,2.066,6.15115,-0.000,328.323,107.366,330.916,301.351,102.698,301.870,330.916,18.904,311.464,6.15383,18.886,311.463,6.15121,2
26276,523794,10,3,3,0,0,0,0,7,0,0,309.991,2.066,6.15090,-0.000,328.323,107.366,330.916,301.351,102.698,301.870,330.916,18.903,311.464,6.15358,18.886,311.463,6.15115,2
26292,523804,10,3,3,0,0,0,0,7,0,0,309.991,2.066,6.15090,-0.000,328.323,107.366,330.916,301.351,102.698,301.870,330.916,18.903,311.464,6.15358,18.885,311.463,6.15090,2
26292,523814,10,3,3,0,0,0,0,7,0,0,309.991,2.066,6.15086,-0.000,328.323,107.366,330.916,301.351,102.698,301.870,330.916,18.903,311.464,6.15354,18.885,311.463,6.15090,2
26307,523824,10,3,3,0,0,0,0,7,0,0,309.991,2.066,6.15074,-0.000,328.323,107.366,330.916,301.351,102.698,301.870,330.916,18.903,311.464,6.15341,18.885,311.463,6.15086,2
26339,523834,10,3,3,0,0,0,0,7,0,0,309.991,2.066,6.15052,-0.000,328.323,107.366,330.916,301.351,102.698,301.870,330.916,18.903,311.464,6.15319,18.885,311.463,6.15074,2
26339,523844,10,3,3,0,0,0,0,7,0,0,309.991,2.066,6.15042,-0.000,328.323,107.366,330.916,301.351,102.698,301.870,330.916,18.903,311.464,6.15309,18.885,311.463,6.15052,2
26339,523854,10,3,3,0,0,0,0,7,0,0,309.991,2.066,6.15051,-0.000,328.323,107.366,330.916,301.351,102.698,301.870,330.916,18.903,311.464,6.15319,18.885,311.463,6.15042,2
26355,523864,10,3,3,0,0,0,0,7,0,0,309.991,2.066,6.15054,-0.000,328.323,107.366,330.916,301.351,102.698,301.870,330.916,18.903,311.464,6.15321,18.885,311.463,6.15051,2
26355,523874,10,3,3,0,0,0,0,7,0,0,309.991,2.066,6.15048,-0.000,328.323,107.366,330.916,301.351,102.698,301.870,330.916,18.903,311.464,6.15315,18.885,311.463,6.15054,2
26371,523884,10,3,3,0,0,0,0,7,0,0,309.991,2.066,6.15042,-0.000,328.323,107.366,330.916,301.351,102.698,301.870,330.916,18.903,311.464,6.15310,18.885,311.462,6.15048,2
26387,523894,10,3,3,0,0,0,0,7,0,0,309.991,2.066,6.15040,-0.000,328.323,107.366,330.916,301.351,102.698,301.870,330.916,18.903,311.464,6.15307,18.885,311.462,6.15042,2
26387,523904,10,3,3,0,0,0,0,7,0,0,309.991,2.066,6.15059,-0.000,328.323,107.366,330.916,301.351,102.698,301.870,330.916,18.903,311.464,6.15327,18.885,311.462,6.15040,2
26403,523914,10,3,3,0,0,0,0,7,0,0,309.991,2.066,6.15076,-0.000,328.323,107.366,330.916,301.351,102.698,301.870,330.916,18.903,311.464,6.15344,18.885,311.463,6.15059,2
26403,523924,10,3,3,0,0,0,0,7,0,0,309.991,2.066,6.15058,-0.000,328.323,107.366,330.916,301.351,102.698,301.870,330.916,18.903,311.464,6.15325,18.885,311.463,6.15076,2
26418,523934,10,3,3,0,0,0,0,7,0,0,309.991,2.066,6.15060,-0.000,328.323,107.366,330.916,301.351,102.698,301.870,330.916,18.903,311.464,6.15327,18.885,311.462,6.15058,2
26434,523944,10,3,3,0,0,0,0,7,0,0,309.991,2.066,6.15066,-0.000,328.323,107.366,330.916,301.351,102.698,301.870,330.916,18.903,311.464,6.15333,18.885,311.462,6.15060,2
26434,523954,10,3,3,0,0,0,0,7,0,0,309.991,2.066,6.15055,-0.000,328.323,107.366,330.916,301.351,102.698,301.870,330.916,18.903,311.464,6.15322,18.885,311.463,6.15066,2
26450,523964,10,3,3,0,0,0,0,7,0,0,309.991,2.066,6.15057,-0.000,328.323,107.366,330.916,301.351,102.698,301.870,330.916,18.903,311.464,6.15325,18.885,311.462,6.15055,2
26465,523974,10,3,3,0,0,0,0,7,0,0,309.991,2.066,6.15061,-0.000,328.323,107.366,330.916,301.351,102.698,301.870,330.916,18.903,311.464,6.15328,18.885,311.462,6.15057,2
26465,523984,10,3,3,0,0,0,0,7,0,0,309.991,2.066,6.15079,-0.000,328.323,107.366,330.916,301.351,102.698,301.870,330.916,18.903,311.464,6.15347,18.885,311.463,6.15061,2
26480,523994,10,3,3,0,0,0,0,7,0,0,309.991,2.066,6.15104,-0.000,328.323,107.366,330.916,301.351,102.698,301.870,330.916,18.904,311.464,6.15372,18.885,311.463,6.15079,2
26496,524004,10,3,3,0,0,0,0,7,0,0,309.991,2.066,6.15088,-0.000,328.323,107.366,330.916,301.351,102.698,301.870,330.916,18.903,311.464,6.15355,18.886,311.463,6.15104,2
26496,524014,10,3,3,0,0,0,0,7,0,0,309.991,2.066,6.15079,-0.000,328.323,107.366,330.916,301.351,102.698,301.870,330.916,18.903,311.464,6.15347,18.885,311.463,6.15088,2
26512,524024,10,3,3,0,0,0,0,7,0,0,309.991,2.066,6.15086,-0.000,328.323,107.366,330.916,301.351,102.698,301.870,330.916,18.903,311.464,6.15354,18.885,311.463,6.15079,2
26527,524034,10,3,3,0,0,0,0,7,0,0,309.991,2.066,6.15098,-0.000,328.323,107.366,330.916,301.351,102.698,301.870,330.916,18.904,311.464,6.15366,18.885,311.463,6.15086,2
26527,524044,10,3,3,0,0,0,0,7,0,0,309.991,2.066,6.15128,-0.000,328.323,107.366,330.916,301.351,102.698,301.870,330.916,18.904,311.464,6.15395,18.886,311.463,6.15098,2
26544,524054,10,3,3,0,0,0,0,7,0,0,309.991,2.066,6.15113,-0.000,328.323,107.366,330.916,301.351,102.698,301.870,330.916,18.904,311.464,6.15381,18.886,311.463,6.15128,2
26544,524064,10,3,3,0,0,0,0,7,0,0,309.991,2.066,6.15095,-0.000,328.323,107.366,330.916,301.351,102.698,301.870,330.916,18.904,311.464,6.15363,18.886,311.463,6.15113,2
26559,524074,10,3,3,0,0,0,0,7,0,0,309.991,2.066,6.15103,-0.000,328.323,107.366,330.916,301.351,102.698,301.870,330.916,18.904,311.464,6.15371,18.886,311.463,6.15095,2
26575,524084,10,3,3,0,0,0,0,7,0,0,309.991,2.066,6.15116,-0.000,328.323,107.366,330.916,301.351,102.698,301.870,330.916,18.904,311.464,6.15384,18.886,311.463,6.15103,2
26575,524094,10,3,3,0,0,0,0,7,0,0,309.991,2.066,6.15127,-0.000,328.323,107.366,330.916,301.351,102.698,301.870,330.916,18.904,311.464,6.15394,18.886,311.463,6.15116,2
26590,524104,10,3,3,0,0,0,0,7,0,0,309.991,2.066,6.15117,-0.000,328.323,107.366,330.916,301.351,102.698,301.870,330.916,18.904,311.464,6.15385,18.886,311.463,6.15127,2
26606,524114,10,3,3,0,0,0,0,7,0,0,309.991,2.066,6.15108,-0.000,328.323,107.366,330.916,301.351,102.698,301.870,330.916,18.904,311.464,6.15376,18.886,311.463,6.15117,2
26606,524124,10,3,3,0,0,0,0,7,0,0,309.991,2.066,6.15107,-0.000,328.323,107.366,330.916,301.351,102.698,301.870,330.916,18.904,311.464,6.15374,18.886,311.463,6.15108,2
26622,524134,10,3,3,0,0,0,0,7,0,0,309.991,2.066,6.15113,-0.000,328.323,107.366,330.916,301.351,102.698,301.870,330.916,18.904,311.464,6.15380,18.886,311.463,6.15107,2
26622,524144,10,3,3,0,0,0,0,7,0,0,309.991,2.066,6.15096,-0.000,328.323,107.366,330.916,301.351,102.698,301.870,330.916,18.904,311.464,6.15363,18.886,311.463,6.15113,2
26637,524154,10,3,3,0,0,0,0,7,0,0,309.991,2.066,6.15110,-0.000,328.323,107.366,330.916,301.351,102.698,301.870,330.916,18.904,311.464,6.15378,18.886,311.463,6.15096,2
26653,524164,10,3,3,0,0,0,0,7,0,0,309.991,2.066,6.15120,-0.000,328.323,107.366,330.916,301.351,102.698,301.870,330.916,18.904,311.464,6.15388,18.886,311.463,6.15110,2
26653,524174,10,3,3,0,0,0,0,7,0,0,309.991,2.066,6.15106,-0.000,328.323,107.366,330.916,301.351,102.698,301.870,330.916,18.904,311.464,6.15374,18.886,311.463,6.15120,2
26668,524184,10,3,3,0,0,0,0,7,0,0,309.991,2.066,6.15096,-0.000,328.323,107.366,330.916,301.351,102.698,301.870,330.916,18.904,311.464,6.15363,18.886,311.463,6.15106,2
26684,524194,10,3,3,0,0,0,0,7,0,0,309.991,2.066,6.15087,-0.000,328.323,107.366,330.916,301.351,102.698,301.870,330.916,18.903,311.464,6.15355,18.886,311.463,6.15096,2
26684,524204,10,3,3,0,0,0,0,7,0,0,309.991,2.066,6.15080,-0.000,328.323,107.366,330.916,301.351,102.698,301.870,330.916,18.903,311.464,6.15347,18.885,311.463,6.15087,2
26699,524214,10,3,3,0,0,0,0,7,0,0,309.991,2.066,6.15110,-0.000,328.323,107.366,330.916,301.351,102.698,301.870,330.916,18.904,311.464,6.15377,18.885,311.463,6.15080,2
26715,524224,10,3,3,0,0,0,0,7,0,0,309.991,2.066,6.15087,-0.000,328.323,107.366,330.916,301.351,102.698,301.870,330.916,18.903,311.464,6.15354,18.886,311.463,6.15110,2
26715,524234,10,3,3,0,0,0,0,7,0,0,309.991,2.066,6.15082,-0.000,328.323,107.366,330.916,301.351,102.698,301.870,330.916,18.903,311.464,6.15349,18.885,311.463,6.15087,2
26730,524244,10,3,3,0,0,0,0,7,0,0,309.991,2.066,6.15098,-0.000,328.323,107.366,330.916,301.351,102.698,301.870,330.916,18.904,311.464,6.15366,18.885,311.463,6.15082,2
26746,524254,10,3,3,0,0,0,0,7,0,0,309.991,2.066,6.15100,-0.000,328.323,107.366,330.916,301.351,102.698,301.870,330.916,18.904,311.464,6.15368,18.886,311.463,6.15098,2
26746,524264,10,3,3,0,0,0,0,7,0,0,309.991,2.066,6.15108,-0.000,328.323,107.366,330.916,301.351,102.698,301.870,330.916,18.904,311.464,6.15376,18.886,311.463,6.15100,2
26761,524274,10,3,3,0,0,0,0,7,0,0,309.991,2.066,6.15139,-0.000,328.323,107.366,330.916,301.351,102.698,301.870,330.916,18.904,311.464,6.15407,18.886,311.463,6.15108,2
26778,524284,10,3,3,0,0,0,0,7,0,0,309.991,2.066,6.15115,-0.000,328.323,107.366,330.916,301.351,102.698,301.870,330.916,18.904,311.464,6.15383,18.886,311.463,6.15139,2
26778,524294,10,3,3,0,0,0,0,7,0,0,309.991,2.066,6.15130,-0.000,328.323,107.366,330.916,301.351,102.698,301.870,330.916,18.904,311.464,6.15398,18.886,311.463,6.15115,2
26793,524304,10,3,3,0,0,0,0,7,0,0,309.991,2.066,6.15115,-0.000,328.323,107.366,330.916,301.351,102.698,301.870,330.916,18.904,311.464,6.15382,18.886,311.463,6.15130,2
26793,524314,10,3,3,0,0,0,0,7,0,0,309.991,2.066,6.15120,-0.000,328.323,107.366,330.916,301.351,102.698,301.870,330.916,18.904,311.464,6.15388,18.886,311.463,6.15115,2
26808,524324,10,3,3,0,0,0,0,7,0,0,309.991,2.066,6.15115,-0.000,328.323,107.366,330.916,301.351,102.698,301.870,330.916,18.904,311.464,6.15382,18.886,311.463,6.15120,2
26824,524334,10,3,3,0,0,0,0,7,0,0,309.991,2.066,6.15111,-0.000,328.323,107.366,330.916,301.351,102.698,301.870,330.916,18.904,311.464,6.15378,18.886,311.463,6.15115,2
26824,524344,10,3,3,0,0,0,0,7,0,0,309.991,2.066,6.15125,-0.000,328.323,107.366,330.916,301.351,102.698,301.870,330.916,18.904,311.464,6.15392,18.886,311.463,6.15111,2
26839,524354,10,3,3,0,0,0,0,7,0,0,309.991,2.066,6.15126,-0.000,328.323,107.366,330.916,301.351,102.698,301.870,330.916,18.904,311.464,6.15394,18.886,311.463,6.15125,2
26856,524364,10,3,3,0,0,0,0,7,0,0,309.991,2.066,6.15114,-0.000,328.323,107.366,330.916,301.351,102.698,301.870,330.916,18.904,311.464,6.15381,18.886,311.463,6.15126,2
26856,524374,10,3,3,0,0,0,0,7,0,0,309.991,2.066,6.15087,-0.000,328.323,107.366,330.916,301.351,102.698,301.870,330.916,18.903,311.464,6.15354,18.886,311.463,6.15114,2
26885,524384,10,3,3,0,0,0,0,7,0,0,309.991,2.066,6.15085,-0.000,328.323,107.366,330.916,301.351,102.698,301.870,330.916,18.903,311.464,6.15352,18.885,311.463,6.15087,2
26885,524394,10,3,3,0,0,0,0,7,0,0,309.991,2.066,6.15087,-0.000,328.323,107.366,330.916,301.351,102.698,301.870,330.916,18.903,311.464,6.15354,18.885,311.463,6.15085,2
26885,524404,10,3,3,0,0,0,0,7,0,0,309.991,2.066,6.15097,-0.000,328.323,107.366,330.916,301.351,102.698,301.870,330.916,18.904,311.464,6.15365,18.885,311.463,6.15087,2
26917,524414,10,3,3,0,0,0,0,7,0,0,309.991,2.066,6.15105,-0.000,328.323,107.366,330.916,301.351,102.698,301.870,330.916,18.904,311.464,6.15373,18.886,311.463,6.15097,2
26917,524424,10,3,3,0,0,0,0,7,0,0,309.991,2.066,6.15108,-0.000,328.323,107.366,330.916,301.351,102.698,301.870,330.916,18.904,311.464,6.15376,18.886,311.463,6.15105,2
26917,524434,10,3,3,0,0,0,0,7,0,0,309.991,2.066,6.15109,-0.000,328.323,107.366,330.916,301.351,102.698,301.870,330.916,18.904,311.464,6.15376,18.886,311.463,6.15108,2
26948,524444,10,3,3,0,0,0,0,7,0,0,309.991,2.066,6.15108,-0.000,328.323,107.366,330.916,301.351,102.698,301.870,330.916,18.904,311.464,6.15375,18.886,311.463,6.15109,2
26948,524454,10,3,3,0,0,0,0,7,0,0,309.991,2.066,6.15092,-0.000,328.323,107.366,330.916,301.351,102.698,301.870,330.916,18.903,311.464,6.15360,18.886,311.463,6.15108,2
26948,524464,10,3,3,0,0,0,0,7,0,0,309.991,2.066,6.15085,-0.000,328.323,107.366,330.916,301.351,102.698,301.870,330.916,18.903,311.464,6.15352,18.885,311.463,6.15092,2
26963,524474,10,3,3,0,0,0,0,7,0,0,309.991,2.066,6.15073,-0.000,328.323,107.366,330.916,301.351,102.698,301.870,330.916,18.903,311.464,6.15341,18.885,311.462,6.15085,2
26963,524484,10,3,3,0,0,0,0,7,0,0,309.991,2.066,6.15102,-0.000,328.323,107.366,330.916,301.351,102.698,301.870,330.916,18.904,311.464,6.15370,18.885,311.462,6.15073,2
26978,524494,10,3,3,0,0,0,0,7,0,0,309.991,2.066,6.15113,-0.000,328.323,107.366,330.916,301.351,102.698,301.870,330.916,18.904,311.464,6.15381,18.886,311.463,6.15102,2
26994,524504,10,3,3,0,0,0,0,7,0,0,309.991,2.066,6.15110,-0.000,328.323,107.366,330.916,301.351,102.698,301.870,330.916,18.904,311.464,6.15378,18.886,311.463,6.15113,2
26994,524514,10,3,3,0,0,0,0,7,0,0,309.991,2.066,6.15089,-0.000,328.323,107.366,330.916,301.351,102.698,301.870,330.916,18.903,311.464,6.15357,18.886,311.463,6.15110,2
27009,524524,10,3,3,0,0,0,0,7,0,0,309.991,2.066,6.15087,-0.000,328.323,107.366,330.916,301.351,102.698,301.870,330.916,18.903,311.464,6.15354,18.885,311.462,6.15089,2
27025,524534,10,3,3,0,0,0,0,7,0,0,309.991,2.066,6.15090,-0.000,328.323,107.366,330.916,301.351,102.698,301.870,330.916,18.903,311.464,6.15358,18.885,311.462,6.15087,2
27025,524544,10,3,3,0,0,0,0,7,0,0,309.991,2.066,6.15092,-0.000,328.323,107.366,330.916,301.351,102.698,301.870,330.916,18.903,311.464,6.15359,18.885,311.463,6.15090,2
27041,524554,10,3,3,0,0,0,0,7,0,0,309.991,2.066,6.15094,-0.000,328.323,107.366,330.916,301.351,102.698,301.870,330.916,18.903,311.464,6.15362,18.885,311.463,6.15092,2
27056,524564,10,3,3,0,0,0,0,7,0,0,309.991,2.066,6.15104,-0.000,328.323,107.366,330.916,301.351,102.698,301.870,330.916,18.904,311.464,6.15371,18.886,311.463,6.15094,2
27056,524574,10,3,3,0,0,0,0,7,0,0,309.991,2.066,6.15085,-0.000,328.323,107.366,330.916,301.351,102.698,301.870,330.916,18.903,311.464,6.15353,18.886,311.463,6.15104,2
27072,524584,10,3,3,0,0,0,0,7,0,0,309.991,2.066,6.15078,-0.000,328.323,107.366,330.916,301.351,102.698,301.870,330.916,18.903,311.464,6.15346,18.885,311.462,6.15085,2
27072,524594,10,3,3,0,0,0,0,7,0,0,309.991,2.066,6.15080,-0.000,328.323,107.366,330.916,301.351,102.698,301.870,330.916,18.903,311.464,6.15348,18.885,311.462,6.15078,2
27087,524604,10,3,3,0,0,0,0,7,0,0,309.991,2.066,6.15068,-0.000,328.323,107.366,330.916,301.351,102.698,301.870,330.916,18.903,311.464,6.15336,18.885,311.462,6.15080,2
27102,524614,10,3,3,0,0,0,0,7,0,0,309.991,2.066,6.15075,-0.000,328.323,107.366,330.916,301.351,102.698,301.870,330.916,18.903,311.464,6.15343,18.885,311.462,6.15068,2
27102,524624,10,3,3,0,0,0,0,7,0,0,309.991,2.066,6.15052,-0.000,328.323,107.366,330.916,301.351,102.698,301.870,330.916,18.903,311.464,6.15319,18.885,311.462,6.15075,2
27118,524634,10,3,3,0,0,0,0,7,0,0,309.991,2.066,6.15073,-0.000,328.323,107.366,330.916,301.351,102.698,301.870,330.916,18.903,311.464,6.15341,18.885,311.462,6.15052,2
27134,524644,10,3,3,0,0,0,0,7,0,0,309.991,2.066,6.15080,-0.000,328.323,107.366,330.916,301.351,102.698,301.870,330.916,18.903,311.464,6.15348,18.885,311.462,6.15073,2
27134,524654,10,3,3,0,0,0,0,7,0,0,309.991,2.066,6.15078,-0.000,328.323,107.366,330.916,301.351,102.698,301.870,330.916,18.903,311.464,6.15345,18.885,311.462,6.15080,2
27150,524664,10,3,3,0,0,0,0,7,0,0,309.991,2.066,6.15089,-0.000,328.323,107.366,330.916,301.351,102.698,301.870,330.916,18.903,311.464,6.15357,18.885,311.462,6.15078,2
27166,524674,10,3,3,0,0,0,0,7,0,0,309.991,2.066,6.15091,-0.000,328.323,107.366,330.916,301.351,102.698,301.870,330.916,18.903,311.464,6.15359,18.885,311.462,6.15089,2
27166,524684,10,3,3,0,0,0,0,7,0,0,309.991,2.066,6.15065,-0.000,328.323,107.366,330.916,301.351,102.698,301.870,330.916,18.903,311.464,6.15333,18.885,311.462,6.15091,2
27181,524694,10,3,3,0,0,0,0,7,0,0,309.991,2.066,6.15062,-0.000,328.323,107.366,330.916,301.351,102.698,301.870,330.916,18.903,311.464,6.15330,18.885,311.462,6.15065,2
27197,524704,10,3,3,0,0,0,0,7,0,0,309.991,2.066,6.15070,-0.000,328.323,107.366,330.916,301.351,102.698,301.870,330.916,18.903,311.464,6.15338,18.885,311.462,6.15062,2
27197,524714,10,3,3,0,0,0,0,7,0,0,309.991,2.066,6.15082,-0.000,328.323,107.366,330.916,301.351,102.698,301.870,330.916,18.903,311.464,6.15350,18.885,311.462,6.15070,2
27212,524724,10,3,3,0,0,0,0,7,0,0,309.991,2.066,6.15065,-0.000,328.323,107.366,330.916,301.351,102.698,301.870,330.916,18.903,311.464,6.15333,18.885,311.462,6.15082,2
27212,524734,10,3,3,0,0,0,0,7,0,0,309.991,2.066,6.15058,-0.000,328.323,107.366,330.916,301.351,102.698,301.870,330.916,18.903,311.464,6.15326,18.885,311.462,6.15065,2
27228,524744,10,3,3,0,0,0,0,7,0,0,309.991,2.066,6.15041,-0.000,328.323,107.366,330.916,301.351,102.698,301.870,330.916,18.903,311.464,6.15309,18.885,311.462,6.15058,2
27244,524754,10,3,3,0,0,0,0,7,0,0,309.991,2.066,6.15039,-0.000,328.323,107.366,330.916,301.351,102.698,301.870,330.916,18.903,311.464,6.15307,18.885,311.462,6.15041,2
27244,524764,10,3,3,0,0,0,0,7,0,0,309.991,2.066,6.15060,-0.000,328.323,107.366,330.916,301.351,102.698,301.870,330.916,18.903,311.464,6.15328,18.885,311.462,6.15039,2
27258,524774,10,3,3,0,0,0,0,7,0,0,309.991,2.066,6.15081,-0.000,328.323,107.366,330.916,301.351,102.698,301.870,330.916,18.903,311.464,6.15348,18.885,311.462,6.15060,2
27274,524784,10,3,3,0,0,0,0,7,0,0,309.991,2.066,6.15079,-0.000,328.323,107.366,330.916,301.351,102.698,301.870,330.916,18.903,311.464,6.15347,18.885,311.462,6.15081,2
27274,524794,10,3,3,0,0,0,0,7,0,0,309.991,2.066,6.15081,-0.000,328.323,107.366,330.916,301.351,102.698,301.870,330.916,18.903,311.464,6.15349,18.885,311.462,6.15079,2
27289,524804,10,3,3,0,0,0,0,7,0,0,309.991,2.066,6.15087,-0.000,328.323,107.366,330.916,301.351,102.698,301.870,330.916,18.903,311.464,6.15355,18.885,311.462,6.15081,2
27305,524814,10,3,3,0,0,0,0,7,0,0,309.991,2.066,6.15050,-0.000,328.323,107.366,330.916,301.351,102.698,301.870,330.916,18.903,311.464,6.15318,18.885,311.463,6.15087,2
27305,524824,10,3,3,0,0,0,0,7,0,0,309.991,2.066,6.15028,-0.000,328.323,107.366,330.916,301.351,102.698,301.870,330.916,18.903,311.464,6.15295,18.885,311.462,6.15050,2
27321,524834,10,3,3,0,0,0,0,7,0,0,309.991,2.066,6.15031,-0.000,328.323,107.366,330.916,301.351,102.698,301.870,330.916,18.903,311.464,6.15299,18.885,311.462,6.15028,2
27336,524844,10,3,3,0,0,0,0,7,0,0,309.991,2.066,6.15046,-0.000,328.323,107.366,330.916,301.351,102.698,301.870,330.916,18.903,311.464,6.15313,18.885,311.462,6.15031,2
27336,524854,10,3,3,0,0,0,0,7,0,0,309.991,2.066,6.15058,-0.000,328.323,107.366,330.916,301.351,102.698,301.870,330.916,18.903,311.464,6.15325,18.885,311.462,6.15046,2
27351,524864,10,3,3,0,0,0,0,7,0,0,309.991,2.066,6.15065,-0.000,328.323,107.366,330.916,301.351,102.698,301.870,330.916,18.903,311.464,6.15332,18.885,311.462,6.15058,2
27367,524874,10,3,3,0,0,0,0,7,0,0,309.991,2.066,6.15050,-0.000,328.323,107.366,330.916,301.351,102.698,301.870,330.916,18.903,311.464,6.15317,18.885,311.462,6.15065,2
27367,524884,10,3,3,0,0,0,0,7,0,0,309.991,2.066,6.15061,-0.000,328.323,107.366,330.916,301.351,102.698,301.870,330.916,18.903,311.464,6.15329,18.885,311.462,6.15050,2
27382,524894,10,3,3,0,0,0,0,7,0,0,309.991,2.066,6.15077,-0.000,328.323,107.366,330.916,301.351,102.698,301.870,330.916,18.903,311.464,6.15345,18.885,311.462,6.15061,2
27382,524904,10,3,3,0,0,0,0,7,0,0,309.991,2.066,6.15077,-0.000,328.323,107.366,330.916,301.351,102.698,301.870,330.916,18.903,311.464,6.15345,18.885,311.463,6.15077,2
27398,524914,10,3,3,0,0,0,0,7,0,0,309.991,2.066,6.15067,-0.000,328.323,107.366,330.916,301.351,102.698,301.870,330.916,18.903,311.464,6.15335,18.885,311.463,6.15077,2
27414,524924,10,3,3,0,0,0,0,7,0,0,309.991,2.066,6.15043,-0.000,328.323,107.366,330.916,301.351,102.698,301.870,330.916,18.903,311.464,6.15310,18.885,311.463,6.15067,2
27414,524934,10,3,3,0,0,0,0,7,0,0,309.991,2.066,6.15035,-0.000,328.323,107.366,330.916,301.351,102.698,301.870,330.916,18.903,311.464,6.15303,18.885,311.462,6.15043,2
27428,524944,10,3,3,0,0,0,0,7,0,0,309.991,2.066,6.15033,-0.000,328.323,107.366,330.916,301.351,102.698,301.870,330.916,18.903,311.464,6.15300,18.885,311.462,6.15035,2
27445,524954,10,3,3,0,0,0,0,7,0,0,309.991,2.066,6.15053,-0.000,328.323,107.366,330.916,301.351,102.698,301.870,330.916,18.903,311.464,6.15321,18.885,311.462,6.15033,2
27445,524964,10,3,3,0,0,0,0,7,0,0,309.991,2.066,6.15072,-0.000,328.323,107.366,330.916,301.351,102.698,301.870,330.916,18.903,311.464,6.15340,18.885,311.462,6.15053,2
27461,524974,10,3,3,0,0,0,0,7,0,0,309.991,2.066,6.15091,-0.000,328.323,107.366,330.916,301.351,102.698,301.870,330.916,18.903,311.464,6.15359,18.885,311.463,6.15072,2
27476,524984,10,3,3,0,0,0,0,7,0,0,309.991,2.066,6.15099,-0.000,328.323,107.366,330.916,301.351,102.698,301.870,330.916,18.904,311.464,6.15367,18.885,311.463,6.15091,2
27476,524994,10,3,3,0,0,0,0,7,0,0,309.991,2.066,6.15090,-0.000,328.323,107.366,330.916,301.351,102.698,301.870,330.916,18.903,311.464,6.15357,18.886,311.463,6.15099,2
27491,525004,10,3,3,0,0,0,0,7,0,0,309.991,2.066,6.15089,-0.000,328.323,107.366,330.916,301.351,102.698,301.870,330.916,18.903,311.464,6.15356,18.885,311.463,6.15090,2
27506,525014,10,3,3,0,0,0,0,7,0,0,309.991,2.066,6.15132,-0.000,328.323,107.366,330.916,301.351,102.698,301.870,330.916,18.904,311.464,6.15400,18.885,311.463,6.15089,2
27506,525024,10,3,3,0,0,0,0,7,0,0,309.991,2.066,6.15144,-0.000,328.323,107.366,330.916,301.351,102.698,301.870,330.916,18.904,311.464,6.15412,18.886,311.463,6.15132,2
27522,525034,10,3,3,0,0,0,0,7,0,0,309.991,2.066,6.15111,-0.000,328.323,107.366,330.916,301.351,102.698,301.870,330.916,18.904,311.464,6.15379,18.886,311.463,6.15144,2
27522,525044,10,3,3,0,0,0,0,7,0,0,309.991,2.066,6.15090,-0.000,328.323,107.366,330.916,301.351,102.698,301.870,330.916,18.903,311.464,6.15357,18.886,311.463,6.15111,2
27539,525054,10,3,3,0,0,0,0,7,0,0,309.991,2.066,6.15079,-0.000,328.323,107.366,330.916,301.351,102.698,301.870,330.916,18.903,311.464,6.15347,18.885,311.463,6.15090,2
27554,525064,10,3,3,0,0,0,0,7,0,0,309.991,2.066,6.15086,-0.000,328.323,107.366,330.916,301.351,102.698,301.870,330.916,18.903,311.464,6.15353,18.885,311.463,6.15079,2
27554,525074,10,3,3,0,0,0,0,7,0,0,309.991,2.066,6.15090,-0.000,328.323,107.366,330.916,301.351,102.698,301.870,330.916,18.903,311.464,6.15357,18.885,311.463,6.15086,2
27569,525084,10,3,3,0,0,0,0,7,0,0,309.991,2.066,6.15105,-0.000,328.323,107.366,330.916,301.351,102.698,301.870,330.916,18.904,311.464,6.15373,18.885,311.463,6.15090,2
27584,525094,10,3,3,0,0,0,0,7,0,0,309.991,2.066,6.15126,-0.000,328.323,107.366,330.916,301.351,102.698,301.870,330.916,18.904,311.464,6.15393,18.886,311.463,6.15105,2
27584,525104,10,3,3,0,0,0,0,7,0,0,309.991,2.066,6.15137,-0.000,328.323,107.366,330.916,301.351,102.698,301.870,330.916,18.904,311.464,6.15404,18.886,311.463,6.15126,2
27600,525114,10,3,3,0,0,0,0,7,0,0,309.991,2.066,6.15125,-0.000,328.323,107.366,330.916,301.351,102.698,301.870,330.916,18.904,311.464,6.15392,18.886,311.463,6.15137,2
27616,525124,10,3,3,0,0,0,0,7,0,0,309.991,2.066,6.15124,-0.000,328.323,107.366,330.916,301.351,102.698,301.870,330.916,18.904,311.464,6.15392,18.886,311.463,6.15125,2
27616,525134,10,3,3,0,0,0,0,7,0,0,309.991,2.066,6.15131,-0.000,328.323,107.366,330.916,301.351,102.698,301.870,330.916,18.904,311.464,6.15399,18.886,311.463,6.15124,2
27631,525144,10,3,3,0,0,0,0,7,0,0,309.991,2.066,6.15128,-0.000,328.323,107.366,330.916,301.351,102.698,301.870,330.916,18.904,311.464,6.15395,18.886,311.463,6.15131,2
27647,525154,10,3,3,0,0,0,0,7,0,0,309.991,2.066,6.15112,-0.000,328.323,107.366,330.916,301.351,102.698,301.870,330.916,18.904,311.464,6.15380,18.886,311.463,6.15128,2
27647,525164,10,3,3,0,0,0,0,7,0,0,309.991,2.066,6.15096,-0.000,328.323,107.366,330.916,301.351,102.698,301.870,330.916,18.904,311.464,6.15364,18.886,311.463,6.15112,2
27662,525174,10,3,3,0,0,0,0,7,0,0,309.991,2.066,6.15094,-0.000,328.323,107.366,330.916,301.351,102.698,301.870,330.916,18.903,311.464,6.15362,18.886,311.463,6.15096,2
27662,525184,10,3,3,0,0,0,0,7,0,0,309.991,2.066,6.15096,-0.000,328.323,107.366,330.916,301.351,102.698,301.870,330.916,18.904,311.464,6.15364,18.886,311.463,6.15094,2
27678,525194,10,3,3,0,0,0,0,7,0,0,309.991,2.066,6.15086,-0.000,328.323,107.366,330.916,301.351,102.698,301.870,330.916,18.903,311.464,6.15354,18.886,311.463,6.15096,2
27693,525204,10,3,3,0,0,0,0,7,0,0,309.991,2.066,6.15078,-0.000,328.323,107.366,330.916,301.351,102.698,301.870,330.916,18.903,311.464,6.15346,18.885,311.463,6.15086,2
27693,525214,10,3,3,0,0,0,0,7,0,0,309.991,2.066,6.15073,-0.000,328.323,107.366,330.916,301.351,102.698,301.870,330.916,18.903,311.464,6.15341,18.885,311.463,6.15078,2
27709,525224,10,3,3,0,0,0,0,7,0,0,309.991,2.066,6.15084,-0.000,328.323,107.366,330.916,301.351,102.698,301.870,330.916,18.903,311.464,6.15351,18.885,311.463,6.15073,2
27724,525234,10,3,3,0,0,0,0,7,0,0,309.991,2.066,6.15097,-0.000,328.323,107.366,330.916,301.351,102.698,301.870,330.916,18.904,311.464,6.15364,18.885,311.463,6.15084,2
27724,525244,10,3,3,0,0,0,0,7,0,0,309.991,2.066,6.15109,-0.000,328.323,107.366,330.916,301.351,102.698,301.870,330.916,18.904,311.464,6.15376,18.886,311.463,6.15097,2
27740,525254,10,3,3,0,0,0,0,7,0,0,309.991,2.066,6.15109,-0.000,328.323,107.366,330.916,301.351,102.698,301.870,330.916,18.904,311.464,6.15376,18.886,311.463,6.15109,2
27755,525264,10,3,3,0,0,0,0,7,0,0,309.991,2.066,6.15100,-0.000,328.323,107.366,330.916,301.351,102.698,301.870,330.916,18.904,311.464,6.15367,18.886,311.463,6.15109,2
27755,525274,10,3,3,0,0,0,0,7,0,0,309.991,2.066,6.15091,-0.000,328.323,107.366,330.916,301.351,102.698,301.870,330.916,18.903,311.464,6.15358,18.886,311.463,6.15100,2
27771,525284,10,3,3,0,0,0,0,7,0,0,309.991,2.066,6.15093,-0.000,328.323,107.366,330.916,301.351,102.698,301.870,330.916,18.903,311.464,6.15360,18.885,311.463,6.15091,2
27787,525294,10,3,3,0,0,0,0,7,0,0,309.991,2.066,6.15092,-0.000,328.323,107.366,330.916,301.351,102.698,301.870,330.916,18.903,311.464,6.15360,18.885,311.463,6.15093,2
27787,525304,10,3,3,0,0,0,0,7,0,0,309.991,2.066,6.15090,-0.000,328.323,107.366,330.916,301.351,102.698,301.870,330.916,18.903,311.464,6.15357,18.885,311.463,6.15092,2
27803,525314,10,3,3,0,0,0,0,7,0,0,309.991,2.066,6.15099,-0.000,328.323,107.366,330.916,301.351,102.698,301.870,330.916,18.904,311.464,6.15366,18.885,311.463,6.15090,2
27803,525324,10,3,3,0,0,0,0,7,0,0,309.991,2.066,6.15089,-0.000,328.323,107.366,330.916,301.351,102.698,301.870,330.916,18.903,311.464,6.15356,18.886,311.463,6.15099,2
27818,525334,10,3,3,0,0,0,0,7,0,0,309.991,2.066,6.15087,-0.000,328.323,107.366,330.916,301.351,102.698,301.870,330.916,18.903,311.464,6.15355,18.885,311.463,6.15089,2
27833,525344,10,3,3,0,0,0,0,7,0,0,309.991,2.066,6.15098,-0.000,328.323,107.366,330.916,301.351,102.698,301.870,330.916,18.904,311.464,6.15366,18.885,311.463,6.15087,2
27833,525354,10,3,3,0,0,0,0,7,0,0,309.991,2.066,6.15122,-0.000,328.323,107.366,330.916,301.351,102.698,301.870,330.916,18.904,311.464,6.15389,18.886,311.463,6.15098,2
27848,525364,10,3,3,0,0,0,0,7,0,0,309.991,2.066,6.15113,-0.000,328.323,107.366,330.916,301.351,102.698,301.870,330.916,18.904,311.464,6.15381,18.886,311.463,6.15122,2
27863,525374,10,3,3,0,0,0,0,7,0,0,309.991,2.066,6.15095,-0.000,328.323,107.366,330.916,301.351,102.698,301.870,330.916,18.903,311.464,6.15362,18.886,311.463,6.15113,2
27863,525384,10,3,3,0,0,0,0,7,0,0,309.991,2.066,6.15095,-0.000,328.323,107.366,330.916,301.351,102.698,301.870,330.916,18.903,311.464,6.15362,18.886,311.463,6.15095,2
27879,525394,10,3,3,0,0,0,0,7,0,0,309.991,2.066,6.15072,-0.000,328.323,107.366,330.916,301.351,102.698,301.870,330.916,18.903,311.464,6.15340,18.886,311.463,6.15095,2
27894,525404,10,3,3,0,0,0,0,7,0,0,309.991,2.066,6.15084,-0.000,328.323,107.366,330.916,301.351,102.698,301.870,330.916,18.903,311.464,6.15351,18.885,311.463,6.15072,2
27894,525414,10,3,3,0,0,0,0,7,0,0,309.991,2.066,6.15071,-0.000,328.323,107.366,330.916,301.351,102.698,301.870,330.916,18.903,311.464,6.15339,18.885,311.463,6.15084,2
27911,525424,10,3,3,0,0,0,0,7,0,0,309.991,2.066,6.15059,-0.000,328.323,107.366,330.916,301.351,102.698,301.870,330.916,18.903,311.464,6.15327,18.885,311.463,6.15071,2
27927,525434,10,3,3,0,0,0,0,7,0,0,309.991,2.066,6.15066,-0.000,328.323,107.366,330.916,301.351,102.698,301.870,330.916,18.903,311.464,6.15334,18.885,311.463,6.15059,2
27927,525444,10,3,3,0,0,0,0,7,0,0,309.991,2.066,6.15082,-0.000,328.323,107.366,330.916,301.351,102.698,301.870,330.916,18.903,311.464,6.15349,18.885,311.463,6.15066,2
27941,525454,10,3,3,0,0,0,0,7,0,0,309.991,2.066,6.15074,-0.000,328.323,107.366,330.916,301.351,102.698,301.870,330.916,18.903,311.464,6.15342,18.885,311.463,6.15082,2
27957,525464,10,3,3,0,0,0,0,7,0,0,309.991,2.066,6.15076,-0.000,328.323,107.366,330.916,301.351,102.698,301.870,330.916,18.903,311.464,6.15343,18.885,311.463,6.15074,2
27957,525474,10,3,3,0,0,0,0,7,0,0,309.991,2.066,6.15078,-0.000,328.323,107.366,330.916,301.351,102.698,301.870,330.916,18.903,311.464,6.15346,18.885,311.463,6.15076,2
27972,525484,10,3,3,0,0,0,0,7,0,0,309.991,2.066,6.15083,-0.000,328.323,107.366,330.916,301.351,102.698,301.870,330.916,18.903,311.464,6.15350,18.885,311.463,6.15078,2
27972,525494,10,3,3,0,0,0,0,7,0,0,309.991,2.066,6.15083,-0.000,328.323,107.366,330.916,301.351,102.698,301.870,330.916,18.903,311.464,6.15350,18.885,311.463,6.15083,2
27988,525504,10,3,3,0,0,0,0,7,0,0,309.991,2.066,6.15103,-0.000,328.323,107.366,330.916,301.351,102.698,301.870,330.916,18.904,311.464,6.15370,18.885,311.463,6.15083,2
28003,525514,10,3,3,0,0,0,0,7,0,0,309.991,2.066,6.15104,-0.000,328.323,107.366,330.916,301.351,102.698,301.870,330.916,18.904,311.464,6.15371,18.886,311.463,6.15103,2
28003,525524,10,3,3,0,0,0,0,7,0,0,309.991,2.066,6.15105,-0.000,328.323,107.366,330.916,301.351,102.698,301.870,330.916,18.904,311.464,6.15372,18.886,311.463,6.15104,2
28020,525534,10,3,3,0,0,0,0,7,0,0,309.991,2.066,6.15107,-0.000,328.323,107.366,330.916,301.351,102.698,301.870,330.916,18.904,311.464,6.15375,18.886,311.463,6.15105,2
28034,525544,10,3,3,0,0,0,0,7,0,0,309.991,2.066,6.15110,-0.000,328.323,107.366,330.916,301.351,102.698,301.870,330.916,18.904,311.464,6.15378,18.886,311.463,6.15107,2
28034,525554,10,3,3,0,0,0,0,7,0,0,309.991,2.066,6.15108,-0.000,328.323,107.366,330.916,301.351,102.698,301.870,330.916,18.904,311.464,6.15376,18.886,311.463,6.15110,2
28050,525564,10,3,3,0,0,0,0,7,0,0,309.991,2.066,6.15093,-0.000,328.323,107.366,330.916,301.351,102.698,301.870,330.916,18.903,311.464,6.15361,18.886,311.463,6.15108,2
28066,525574,10,3,3,0,0,0,0,7,0,0,309.991,2.066,6.15086,-0.000,328.323,107.366,330.916,301.351,102.698,301.870,330.916,18.903,311.464,6.15354,18.886,311.463,6.15093,2
28066,525584,10,3,3,0,0,0,0,7,0,0,309.991,2.066,6.15100,-0.000,328.323,107.366,330.916,301.351,102.698,301.870,330.916,18.904,311.464,6.15368,18.885,311.463,6.15086,2
28081,525594,10,3,3,0,0,0,0,7,0,0,309.991,2.066,6.15094,-0.000,328.323,107.366,330.916,301.351,102.698,301.870,330.916,18.903,311.464,6.15362,18.886,311.463,6.15100,2
28097,525604,10,3,3,0,0,0,0,7,0,0,309.991,2.066,6.15107,-0.000,328.323,107.366,330.916,301.351,102.698,301.870,330.916,18.904,311.464,6.15375,18.886,311.463,6.15094,2
28097,525614,10,3,3,0,0,0,0,7,0,0,309.991,2.066,6.15116,-0.000,328.323,107.366,330.916,301.351,102.698,301.870,330.916,18.904,311.464,6.15384,18.886,311.463,6.15107,2
28113,525624,10,3,3,0,0,0,0,7,0,0,309.991,2.066,6.15110,-0.000,328.323,107.366,330.916,301.351,102.698,301.870,330.916,18.904,311.464,6.15378,18.886,311.463,6.15116,2
28113,525634,10,3,3,0,0,0,0,7,0,0,309.991,2.066,6.15121,-0.000,328.323,107.366,330.916,301.351,102.698,301.870,330.916,18.904,311.464,6.15388,18.886,311.463,6.15110,2
28128,525644,10,3,3,0,0,0,0,7,0,0,309.991,2.066,6.15119,-0.000,328.323,107.366,330.916,301.351,102.698,301.870,330.916,18.904,311.464,6.15386,18.886,311.463,6.15121,2
28144,525654,10,3,3,0,0,0,0,7,0,0,309.991,2.066,6.15113,-0.000,328.323,107.366,330.916,301.351,102.698,301.870,330.916,18.904,311.464,6.15380,18.886,311.463,6.15119,2
28144,525664,10,3,3,0,0,0,0,7,0,0,309.991,2.066,6.15114,-0.000,328.323,107.366,330.916,301.351,102.698,301.870,330.916,18.904,311.464,6.15382,18.886,311.463,6.15113,2
28159,525674,10,3,3,0,0,0,0,7,0,0,309.991,2.066,6.15111,-0.000,328.323,107.366,330.916,301.351,102.698,301.870,330.916,18.904,311.464,6.15379,18.886,311.463,6.15114,2
28174,525684,10,3,3,0,0,0,0,7,0,0,309.991,2.066,6.15102,-0.000,328.323,107.366,330.916,301.351,102.698,301.870,330.916,18.904,311.464,6.15369,18.886,311.463,6.15111,2
28174,525694,10,3,3,0,0,0,0,7,0,0,309.991,2.066,6.15097,-0.000,328.323,107.366,330.916,301.351,102.698,301.870,330.916,18.904,311.464,6.15364,18.886,311.463,6.15102,2
28190,525704,10,3,3,0,0,0,0,7,0,0,309.991,2.066,6.15110,-0.000,328.323,107.366,330.916,301.351,102.698,301.870,330.916,18.904,311.464,6.15377,18.886,311.463,6.15097,2
28206,525714,10,3,3,0,0,0,0,7,0,0,309.991,2.066,6.15135,-0.000,328.323,107.366,330.916,301.351,102.698,301.870,330.916,18.904,311.464,6.15403,18.886,311.463,6.15110,2
28206,525724,10,3,3,0,0,0,0,7,0,0,309.991,2.066,6.15118,-0.000,328.323,107.366,330.916,301.351,102.698,301.870,330.916,18.904,311.464,6.15386,18.886,311.463,6.15135,2
28222,525734,10,3,3,0,0,0,0,7,0,0,309.991,2.066,6.15101,-0.000,328.323,107.366,330.916,301.351,102.698,301.870,330.916,18.904,311.464,6.15369,18.886,311.463,6.15119,2
28222,525744,10,3,3,0,0,0,0,7,0,0,309.991,2.066,6.15086,-0.000,328.323,107.366,330.916,301.351,102.698,301.870,330.916,18.903,311.464,6.15354,18.886,311.463,6.15101,2
28237,525754,10,3,3,0,0,0,0,7,0,0,309.991,2.066,6.15059,-0.000,328.323,107.366,330.916,301.351,102.698,301.870,330.916,18.903,311.464,6.15326,18.885,311.463,6.15086,2
28254,525764,10,3,3,0,0,0,0,7,0,0,309.991,2.066,6.15072,-0.000,328.323,107.366,330.916,301.351,102.698,301.870,330.916,18.903,311.464,6.15340,18.885,311.463,6.15059,2
28254,525774,10,3,3,0,0,0,0,7,0,0,309.991,2.066,6.15084,-0.000,328.323,107.366,330.916,301.351,102.698,301.870,330.916,18.903,311.464,6.15352,18.885,311.463,6.15072,2
28269,525784,10,3,3,0,0,0,0,7,0,0,309.991,2.066,6.15085,-0.000,328.323,107.366,330.916,301.351,102.698,301.870,330.916,18.903,311.464,6.15352,18.885,311.463,6.15084,2
28285,525794,10,3,3,0,0,0,0,7,0,0,309.991,2.066,6.15087,-0.000,328.323,107.366,330.916,301.351,102.698,301.870,330.916,18.903,311.464,6.15355,18.885,311.463,6.15085,2
28285,525804,10,3,3,0,0,0,0,7,0,0,309.991,2.066,6.15072,-0.000,328.323,107.366,330.916,301.351,102.698,301.870,330.916,18.903,311.464,6.15340,18.885,311.463,6.15087,2
28300,525814,10,3,3,0,0,0,0,7,0,0,309.991,2.066,6.15068,-0.000,328.323,107.366,330.916,301.351,102.698,301.870,330.916,18.903,311.464,6.15335,18.885,311.463,6.15072,2
28315,525824,10,3,3,0,0,0,0,7,0,0,309.991,2.066,6.15075,-0.000,328.323,107.366,330.916,301.351,102.698,301.870,330.916,18.903,311.464,6.15342,18.885,311.463,6.15068,2
28315,525834,10,3,3,0,0,0,0,7,0,0,309.991,2.066,6.15105,-0.000,328.323,107.366,330.916,301.351,102.698,301.870,330.916,18.904,311.464,6.15372,18.885,311.463,6.15075,2
28331,525844,10,3,3,0,0,0,0,7,0,0,309.991,2.066,6.15090,-0.000,328.323,107.366,330.916,301.351,102.698,301.870,330.916,18.903,311.464,6.15358,18.886,311.463,6.15105,2
28346,525854,10,3,3,0,0,0,0,7,0,0,309.991,2.066,6.15089,-0.000,328.323,107.366,330.916,301.351,102.698,301.870,330.916,18.903,311.464,6.15357,18.885,311.463,6.15090,2
28346,525864,10,3,3,0,0,0,0,7,0,0,309.991,2.066,6.15097,-0.000,328.323,107.366,330.916,301.351,102.698,301.870,330.916,18.904,311.464,6.15365,18.885,311.463,6.15089,2
28362,525874,10,3,3,0,0,0,0,7,0,0,309.991,2.066,6.15106,-0.000,328.323,107.366,330.916,301.351,102.698,301.870,330.916,18.904,311.464,6.15373,18.886,311.463,6.15097,2
28362,525884,10,3,3,0,0,0,0,7,0,0,309.991,2.066,6.15111,-0.000,328.323,107.366,330.916,301.351,102.698,301.870,330.916,18.904,311.464,6.15378,18.886,311.463,6.15106,2
28377,525894,10,3,3,0,0,0,0,7,0,0,309.991,2.066,6.15113,-0.000,328.323,107.366,330.916,301.351,102.698,301.870,330.916,18.904,311.464,6.15381,18.886,311.463,6.15110,2
28394,525904,10,3,3,0,0,0,0,7,0,0,309.991,2.066,6.15099,-0.000,328.323,107.366,330.916,301.351,102.698,301.870,330.916,18.904,311.464,6.15367,18.886,311.463,6.15113,2
28394,525914,10,3,3,0,0,0,0,7,0,0,309.991,2.066,6.15113,-0.000,328.323,107.366,330.916,301.351,102.698,301.870,330.916,18.904,311.464,6.15380,18.886,311.463,6.15099,2
28409,525924,10,3,3,0,0,0,0,7,0,0,309.991,2.066,6.15116,-0.000,328.323,107.366,330.916,301.351,102.698,301.870,330.916,18.904,311.464,6.15383,18.886,311.463,6.15113,2
28425,525934,10,3,3,0,0,0,0,7,0,0,309.991,2.066,6.15113,-0.000,328.323,107.366,330.916,301.351,102.698,301.870,330.916,18.904,311.464,6.15380,18.886,311.463,6.15116,2
28425,525944,10,3,3,0,0,0,0,7,0,0,309.991,2.066,6.15110,-0.000,328.323,107.366,330.916,301.351,102.698,301.870,330.916,18.904,311.464,6.15377,18.886,311.463,6.15113,2
28441,525954,10,3,3,0,0,0,0,7,0,0,309.991,2.066,6.15110,-0.000,328.323,107.366,330.916,301.351,102.698,301.870,330.916,18.904,311.464,6.15377,18.886,311.463,6.15110,2
28456,525964,10,3,3,0,0,0,0,7,0,0,309.991,2.066,6.15098,-0.000,328.323,107.366,330.916,301.351,102.698,301.870,330.916,18.904,311.464,6.15366,18.886,311.463,6.15110,2
28456,525974,10,3,3,0,0,0,0,7,0,0,309.991,2.066,6.15075,-0.000,328.323,107.366,330.916,301.351,102.698,301.870,330.916,18.903,311.464,6.15343,18.886,311.463,6.15098,2
28471,525984,10,3,3,0,0,0,0,7,0,0,309.991,2.066,6.15061,-0.000,328.323,107.366,330.916,301.351,102.698,301.870,330.916,18.903,311.464,6.15329,18.885,311.463,6.15075,2
28487,525994,10,3,3,0,0,0,0,7,0,0,309.991,2.066,6.15070,-0.000,328.323,107.366,330.916,301.351,102.698,301.870,330.916,18.903,311.464,6.15338,18.885,311.463,6.15061,2
28487,526004,10,3,3,0,0,0,0,7,0,0,309.991,2.066,6.15068,-0.000,328.323,107.366,330.916,301.351,102.698,301.870,330.916,18.903,311.464,6.15335,18.885,311.463,6.15070,2
28503,526014,10,3,3,0,0,0,0,7,0,0,309.991,2.066,6.15069,-0.000,328.323,107.366,330.916,301.351,102.698,301.870,330.916,18.903,311.464,6.15336,18.885,311.463,6.15068,2
28503,526024,10,3,3,0,0,0,0,7,0,0,309.991,2.066,6.15080,-0.000,328.323,107.366,330.916,301.351,102.698,301.870,330.916,18.903,311.464,6.15347,18.885,311.463,6.15069,2
28518,526034,10,3,3,0,0,0,0,7,0,0,309.991,2.066,6.15066,-0.000,328.323,107.366,330.916,301.351,102.698,301.870,330.916,18.903,311.464,6.15334,18.885,311.463,6.15080,2
28534,526044,10,3,3,0,0,0,0,7,0,0,309.991,2.066,6.15078,-0.000,328.323,107.366,330.916,301.351,102.698,301.870,330.916,18.903,311.464,6.15345,18.885,311.463,6.15066,2
28534,526054,10,3,3,0,0,0,0,7,0,0,309.991,2.066,6.15065,-0.000,328.323,107.366,330.916,301.351,102.698,301.870,330.916,18.903,311.464,6.15333,18.885,311.463,6.15078,2
28550,526064,10,3,3,0,0,0,0,7,0,0,309.991,2.066,6.15081,-0.000,328.323,107.366,330.916,301.351,102.698,301.870,330.916,18.903,311.464,6.15349,18.885,311.463,6.15065,2
28565,526074,10,3,3,0,0,0,0,7,0,0,309.991,2.066,6.15067,-0.000,328.323,107.366,330.916,301.351,102.698,301.870,330.916,18.903,311.464,6.15335,18.885,311.463,6.15081,2
28565,526084,10,3,3,0,0,0,0,7,0,0,309.991,2.066,6.15083,-0.000,328.323,107.366,330.916,301.351,102.698,301.870,330.916,18.903,311.464,6.15350,18.885,311.463,6.15067,2
28582,526094,10,3,3,0,0,0,0,7,0,0,309.991,2.066,6.15083,-0.000,328.323,107.366,330.916,301.351,102.698,301.870,330.916,18.903,311.464,6.15351,18.885,311.463,6.15083,2
28596,526104,10,3,3,0,0,0,0,7,0,0,309.991,2.066,6.15075,-0.000,328.323,107.366,330.916,301.351,102.698,301.870,330.916,18.903,311.464,6.15343,18.885,311.463,6.15083,2
28596,526114,10,3,3,0,0,0,0,7,0,0,309.991,2.066,6.15070,-0.000,328.323,107.366,330.916,301.351,102.698,301.870,330.916,18.903,311.464,6.15338,18.885,311.463,6.15075,2
28612,526124,10,3,3,0,0,0,0,7,0,0,309.991,2.066,6.15108,-0.000,328.323,107.366,330.916,301.351,102.698,301.870,330.916,18.904,311.464,6.15375,18.885,311.463,6.15070,2
28612,526134,10,3,3,0,0,0,0,7,0,0,309.991,2.066,6.15116,-0.000,328.323,107.366,330.916,301.351,102.698,301.870,330.916,18.904,311.464,6.15384,18.886,311.463,6.15108,2
28628,526144,10,3,3,0,0,0,0,7,0,0,309.991,2.066,6.15126,-0.000,328.323,107.366,330.916,301.351,102.698,301.870,330.916,18.904,311.464,6.15393,18.886,311.463,6.15116,2
28644,526154,10,3,3,0,0,0,0,7,0,0,309.991,2.066,6.15129,-0.000,328.323,107.366,330.916,301.351,102.698,301.870,330.916,18.904,311.464,6.15396,18.886,311.463,6.15126,2
28644,526164,10,3,3,0,0,0,0,7,0,0,309.991,2.066,6.15130,-0.000,328.323,107.366,330.916,301.351,102.698,301.870,330.916,18.904,311.464,6.15397,18.886,311.463,6.15129,2
28660,526174,10,3,3,0,0,0,0,7,0,0,309.991,2.066,6.15127,-0.000,328.323,107.366,330.916,301.351,102.698,301.870,330.916,18.904,311.464,6.15395,18.886,311.463,6.15130,2
28675,526184,10,3,3,0,0,0,0,7,0,0,309.991,2.066,6.15119,-0.000,328.323,107.366,330.916,301.351,102.698,301.870,330.916,18.904,311.464,6.15387,18.886,311.463,6.15127,2
28675,526194,10,3,3,0,0,0,0,7,0,0,309.991,2.066,6.15111,-0.000,328.323,107.366,330.916,301.351,102.698,301.870,330.916,18.904,311.464,6.15379,18.886,311.463,6.15119,2
28691,526204,10,3,3,0,0,0,0,7,0,0,309.991,2.066,6.15114,-0.000,328.323,107.366,330.916,301.351,102.698,301.870,330.916,18.904,311.464,6.15381,18.886,311.463,6.15111,2
28706,526214,10,3,3,0,0,0,0,7,0,0,309.991,2.066,6.15109,-0.000,328.323,107.366,330.916,301.351,102.698,301.870,330.916,18.904,311.464,6.15376,18.886,311.463,6.15114,2
28706,526224,10,3,3,0,0,0,0,7,0,0,309.991,2.066,6.15115,-0.000,328.323,107.366,330.916,301.351,102.698,301.870,330.916,18.904,311.464,6.15382,18.886,311.463,6.15109,2
28722,526234,10,3,3,0,0,0,0,7,0,0,309.991,2.066,6.15113,-0.000,328.323,107.366,330.916,301.351,102.698,301.870,330.916,18.904,311.464,6.15381,18.886,311.463,6.15115,2
28722,526244,10,3,3,0,0,0,0,7,0,0,309.991,2.066,6.15097,-0.000,328.323,107.366,330.916,301.351,102.698,301.870,330.916,18.904,311.464,6.15364,18.886,311.463,6.15113,2
28738,526254,10,3,3,0,0,0,0,7,0,0,309.991,2.066,6.15080,-0.000,328.323,107.366,330.916,301.351,102.698,301.870,330.916,18.903,311.464,6.15347,18.886,311.463,6.15097,2
28754,526264,10,3,3,0,0,0,0,7,0,0,309.991,2.066,6.15062,-0.000,328.323,107.366,330.916,301.351,102.698,301.870,330.916,18.903,311.464,6.15330,18.885,311.463,6.15080,2
28754,526274,10,3,3,0,0,0,0,7,0,0,309.991,2.066,6.15066,-0.000,328.323,107.366,330.916,301.351,102.698,301.870,330.916,18.903,311.464,6.15334,18.885,311.463,6.15062,2
28770,526284,10,3,3,0,0,0,0,7,0,0,309.991,2.066,6.15064,-0.000,328.323,107.366,330.916,301.351,102.698,301.870,330.916,18.903,311.464,6.15332,18.885,311.463,6.15066,2
28785,526294,10,3,3,0,0,0,0,7,0,0,309.991,2.066,6.15054,-0.000,328.323,107.366,330.916,301.351,102.698,301.870,330.916,18.903,311.464,6.15322,18.885,311.463,6.15064,2
28785,526304,10,3,3,0,0,0,0,7,0,0,309.991,2.066,6.15047,-0.000,328.323,107.366,330.916,301.351,102.698,301.870,330.916,18.903,311.464,6.15315,18.885,311.463,6.15054,2
28801,526314,10,3,3,0,0,0,0,7,0,0,309.991,2.066,6.15047,-0.000,328.323,107.366,330.916,301.351,102.698,301.870,330.916,18.903,311.464,6.15314,18.885,311.463,6.15047,2
28816,526324,10,3,3,0,0,0,0,7,0,0,309.991,2.066,6.15066,-0.000,328.323,107.366,330.916,301.351,102.698,301.870,330.916,18.903,311.464,6.15334,18.885,311.463,6.15047,2
28816,526334,10,3,3,0,0,0,0,7,0,0,309.991,2.066,6.15094,-0.000,328.323,107.366,330.916,301.351,102.698,301.870,330.916,18.903,311.464,6.15362,18.885,311.463,6.15066,2
28832,526344,10,3,3,0,0,0,0,7,0,0,309.991,2.066,6.15113,-0.000,328.323,107.366,330.916,301.351,102.698,301.870,330.916,18.904,311.464,6.15380,18.886,311.463,6.15094,2
28832,526354,10,3,3,0,0,0,0,7,0,0,309.991,2.066,6.15133,-0.000,328.323,107.366,330.916,301.351,102.698,301.870,330.916,18.904,311.464,6.15400,18.886,311.463,6.15113,2
28847,526364,10,3,3,0,0,0,0,7,0,0,309.991,2.066,6.15126,-0.000,328.323,107.366,330.916,301.351,102.698,301.870,330.916,18.904,311.464,6.15394,18.886,311.463,6.15133,2
28863,526374,10,3,3,0,0,0,0,7,0,0,309.991,2.066,6.15133,-0.000,328.323,107.366,330.916,301.351,102.698,301.870,330.916,18.904,311.464,6.15400,18.886,311.463,6.15126,2
28863,526384,10,3,3,0,0,0,0,7,0,0,309.991,2.066,6.15120,-0.000,328.323,107.366,330.916,301.351,102.698,301.870,330.916,18.904,311.464,6.15388,18.886,311.463,6.15133,2
28879,526394,10,3,3,0,0,0,0,7,0,0,309.991,2.066,6.15124,-0.000,328.323,107.366,330.916,301.351,102.698,301.870,330.916,18.904,311.464,6.15392,18.886,311.463,6.15120,2
28894,526404,10,3,3,0,0,0,0,7,0,0,309.991,2.066,6.15116,-0.000,328.323,107.366,330.916,301.351,102.698,301.870,330.916,18.904,311.464,6.15384,18.886,311.463,6.15124,2
28894,526414,10,3,3,0,0,0,0,7,0,0,309.991,2.066,6.15123,-0.000,328.323,107.366,330.916,301.351,102.698,301.870,330.916,18.904,311.464,6.15391,18.886,311.463,6.15117,2
28910,526424,10,3,3,0,0,0,0,7,0,0,309.991,2.066,6.15126,-0.000,328.323,107.366,330.916,301.351,102.698,301.870,330.916,18.904,311.464,6.15393,18.886,311.463,6.15123,2
28925,526434,10,3,3,0,0,0,0,7,0,0,309.991,2.066,6.15143,-0.000,328.323,107.366,330.916,301.351,102.698,301.870,330.916,18.904,311.464,6.15410,18.886,311.463,6.15126,2
28925,526444,10,3,3,0,0,0,0,7,0,0,309.991,2.066,6.15135,-0.000,328.323,107.366,330.916,301.351,102.698,301.870,330.916,18.904,311.464,6.15402,18.886,311.463,6.15143,2
28941,526454,10,3,3,0,0,0,0,7,0,0,309.991,2.066,6.15100,-0.000,328.323,107.366,330.916,301.351,102.698,301.870,330.916,18.904,311.464,6.15368,18.886,311.463,6.15135,2
28956,526464,10,3,3,0,0,0,0,7,0,0,309.991,2.066,6.15106,-0.000,328.323,107.366,330.916,301.351,102.698,301.870,330.916,18.904,311.464,6.15374,18.886,311.463,6.15100,2
28956,526474,10,3,3,0,0,0,0,7,0,0,309.991,2.066,6.15097,-0.000,328.323,107.366,330.916,301.351,102.698,301.870,330.916,18.904,311.464,6.15364,18.886,311.463,6.15106,2
28972,526484,10,3,3,0,0,0,0,7,0,0,309.991,2.066,6.15097,-0.000,328.323,107.366,330.916,301.351,102.698,301.870,330.916,18.904,311.464,6.15364,18.886,311.463,6.15097,2
28987,526494,10,3,3,0,0,0,0,7,0,0,309.991,2.066,6.15099,-0.000,328.323,107.366,330.916,301.351,102.698,301.870,330.916,18.904,311.464,6.15366,18.886,311.463,6.15097,2
28987,526504,10,3,3,0,0,0,0,7,0,0,309.991,2.066,6.15092,-0.000,328.323,107.366,330.916,301.351,102.698,301.870,330.916,18.903,311.464,6.15360,18.886,311.463,6.15099,2
29003,526514,10,3,3,0,0,0,0,7,0,0,309.991,2.066,6.15083,-0.000,328.323,107.366,330.916,301.351,102.698,301.870,330.916,18.903,311.464,6.15351,18.885,311.463,6.15092,2
29003,526524,10,3,3,0,0,0,0,7,0,0,309.991,2.066,6.15091,-0.000,328.323,107.366,330.916,301.351,102.698,301.870,330.916,18.903,311.464,6.15359,18.885,311.463,6.15083,2
29018,526534,10,3,3,0,0,0,0,7,0,0,309.991,2.066,6.15093,-0.000,328.323,107.366,330.916,301.351,102.698,301.870,330.916,18.903,311.464,6.15360,18.885,311.463,6.15091,2
29034,526544,10,3,3,0,0,0,0,7,0,0,309.991,2.066,6.15105,-0.000,328.323,107.366,330.916,301.351,102.698,301.870,330.916,18.904,311.464,6.15373,18.885,311.463,6.15093,2
29034,526554,10,3,3,0,0,0,0,7,0,0,309.991,2.066,6.15096,-0.000,328.323,107.366,330.916,301.351,102.698,301.870,330.916,18.904,311.464,6.15364,18.886,311.463,6.15105,2
29050,526564,10,3,3,0,0,0,0,7,0,0,309.991,2.066,6.15104,-0.000,328.323,107.366,330.916,301.351,102.698,301.870,330.916,18.904,311.464,6.15371,18.886,311.463,6.15096,2
29065,526574,10,3,3,0,0,0,0,7,0,0,309.991,2.066,6.15101,-0.000,328.323,107.366,330.916,301.351,102.698,301.870,330.916,18.904,311.464,6.15369,18.886,311.463,6.15104,2
29065,526584,10,3,3,0,0,0,0,7,0,0,309.991,2.066,6.15059,-0.000,328.323,107.366,330.916,301.351,102.698,301.870,330.916,18.903,311.464,6.15327,18.886,311.463,6.15101,2
29080,526594,10,3,3,0,0,0,0,7,0,0,309.991,2.066,6.15031,-0.000,328.323,107.366,330.916,301.351,102.698,301.870,330.916,18.903,311.464,6.15299,18.885,311.463,6.15059,2
29096,526604,10,3,3,0,0,0,0,7,0,0,309.991,2.066,6.15049,-0.000,328.323,107.366,330.916,301.351,102.698,301.870,330.916,18.903,311.464,6.15317,18.885,311.463,6.15031,2
29096,526614,10,3,3,0,0,0,0,7,0,0,309.991,2.066,6.15079,-0.000,328.323,107.366,330.916,301.351,102.698,301.870,330.916,18.903,311.464,6.15347,18.885,311.463,6.15049,2
29112,526624,10,3,3,0,0,0,0,7,0,0,309.991,2.066,6.15087,-0.000,328.323,107.366,330.916,301.351,102.698,301.870,330.916,18.903,311.464,6.15355,18.885,311.463,6.15079,2
29112,526634,10,3,3,0,0,0,0,7,0,0,309.991,2.066,6.15076,-0.000,328.323,107.366,330.916,301.351,102.698,301.870,330.916,18.903,311.464,6.15344,18.885,311.463,6.15088,2
29128,526644,10,3,3,0,0,0,0,7,0,0,309.991,2.066,6.15068,-0.000,328.323,107.366,330.916,301.351,102.698,301.870,330.916,18.903,311.464,6.15336,18.885,311.463,6.15076,2
29144,526654,10,3,3,0,0,0,0,7,0,0,309.991,2.066,6.15075,-0.000,328.323,107.366,330.916,301.351,102.698,301.870,330.916,18.903,311.464,6.15343,18.885,311.463,6.15068,2
29144,526664,10,3,3,0,0,0,0,7,0,0,309.991,2.066,6.15090,-0.000,328.323,107.366,330.916,301.351,102.698,301.870,330.916,18.903,311.464,6.15357,18.885,311.463,6.15075,2
29160,526674,10,3,3,0,0,0,0,7,0,0,309.991,2.066,6.15086,-0.000,328.323,107.366,330.916,301.351,102.698,301.870,330.916,18.903,311.464,6.15353,18.885,311.463,6.15090,2
29175,526684,10,3,3,0,0,0,0,7,0,0,309.991,2.066,6.15070,-0.000,328.323,107.366,330.916,301.351,102.698,301.870,330.916,18.903,311.464,6.15338,18.885,311.463,6.15086,2
29175,526694,10,3,3,0,0,0,0,7,0,0,309.991,2.066,6.15060,-0.000,328.323,107.366,330.916,301.351,102.698,301.870,330.916,18.903,311.464,6.15327,18.885,311.463,6.15070,2
29191,526704,10,3,3,0,0,0,0,7,0,0,309.991,2.066,6.15047,-0.000,328.323,107.366,330.916,301.351,102.698,301.870,330.916,18.903,311.464,6.15314,18.885,311.463,6.15060,2
29206,526714,10,3,3,0,0,0,0,7,0,0,309.991,2.066,6.15061,-0.000,328.323,107.366,330.916,301.351,102.698,301.870,330.916,18.903,311.464,6.15329,18.885,311.463,6.15047,2
29206,526724,10,3,3,0,0,0,0,7,0,0,309.991,2.066,6.15079,-0.000,328.323,107.366,330.916,301.351,102.698,301.870,330.916,18.903,311.464,6.15347,18.885,311.463,6.15062,2
29222,526734,10,3,3,0,0,0,0,7,0,0,309.991,2.066,6.15067,-0.000,328.323,107.366,330.916,301.351,102.698,301.870,330.916,18.903,311.464,6.15334,18.885,311.463,6.15079,2
29237,526744,10,3,3,0,0,0,0,7,0,0,309.991,2.066,6.15077,-0.000,328.323,107.366,330.916,301.351,102.698,301.870,330.916,18.903,311.464,6.15345,18.885,311.463,6.15067,2
29237,526754,10,3,3,0,0,0,0,7,0,0,309.991,2.066,6.15072,-0.000,328.323,107.366,330.916,301.351,102.698,301.870,330.916,18.903,311.464,6.15340,18.885,311.463,6.15077,2
29253,526764,10,3,3,0,0,0,0,7,0,0,309.991,2.066,6.15062,-0.000,328.323,107.366,330.916,301.351,102.698,301.870,330.916,18.903,311.464,6.15329,18.885,311.463,6.15072,2
29253,526774,10,3,3,0,0,0,0,7,0,0,309.991,2.066,6.15052,-0.000,328.323,107.366,330.916,301.351,102.698,301.870,330.916,18.903,311.464,6.15320,18.885,311.463,6.15062,2
29268,526784,10,3,3,0,0,0,0,7,0,0,309.991,2.066,6.15057,-0.000,328.323,107.366,330.916,301.351,102.698,301.870,330.916,18.903,311.464,6.15325,18.885,311.463,6.15052,2
29283,526794,10,3,3,0,0,0,0,7,0,0,309.991,2.066,6.15057,-0.000,328.323,107.366,330.916,301.351,102.698,301.870,330.916,18.903,311.464,6.15325,18.885,311.463,6.15057,2
29283,526804,10,3,3,0,0,0,0,7,0,0,309.991,2.066,6.15077,-0.000,328.323,107.366,330.916,301.351,102.698,301.870,330.916,18.903,311.464,6.15345,18.885,311.463,6.15057,2
29299,526814,10,3,3,0,0,0,0,7,0,0,309.991,2.066,6.15087,-0.000,328.323,107.366,330.916,301.351,102.698,301.870,330.916,18.903,311.464,6.15355,18.885,311.463,6.15077,2
29314,526824,10,3,3,0,0,0,0,7,0,0,309.991,2.066,6.15089,-0.000,328.323,107.366,330.916,301.351,102.698,301.870,330.916,18.903,311.464,6.15357,18.885,311.463,6.15087,2
29314,526834,10,3,3,0,0,0,0,7,0,0,309.991,2.066,6.15107,-0.000,328.323,107.366,330.916,301.351,102.698,301.870,330.916,18.904,311.464,6.15375,18.885,311.463,6.15089,2
29330,526844,10,3,3,0,0,0,0,7,0,0,309.991,2.066,6.15090,-0.000,328.323,107.366,330.916,301.351,102.698,301.870,330.916,18.903,311.464,6.15358,18.886,311.463,6.15107,2
29345,526854,10,3,3,0,0,0,0,7,0,0,309.991,2.066,6.15089,-0.000,328.323,107.366,330.916,301.351,102.698,301.870,330.916,18.903,311.464,6.15356,18.885,311.463,6.15090,2
29345,526864,10,3,3,0,0,0,0,7,0,0,309.991,2.066,6.15087,-0.000,328.323,107.366,330.916,301.351,102.698,301.870,330.916,18.903,311.464,6.15354,18.885,311.463,6.15089,2
29362,526874,10,3,3,0,0,0,0,7,0,0,309.991,2.066,6.15093,-0.000,328.323,107.366,330.916,301.351,102.698,301.870,330.916,18.903,311.464,6.15361,18.885,311.463,6.15087,2
29377,526884,10,3,3,0,0,0,0,7,0,0,309.991,2.066,6.15095,-0.000,328.323,107.366,330.916,301.351,102.698,301.870,330.916,18.904,311.464,6.15362,18.886,311.463,6.15093,2
29377,526894,10,3,3,0,0,0,0,7,0,0,309.991,2.066,6.15100,-0.000,328.323,107.366,330.916,301.351,102.698,301.870,330.916,18.904,311.464,6.15368,18.886,311.463,6.15095,2
29392,526904,10,3,3,0,0,0,0,7,0,0,309.991,2.066,6.15114,-0.000,328.323,107.366,330.916,301.351,102.698,301.870,330.916,18.904,311.464,6.15382,18.886,311.463,6.15100,2
29392,526914,10,3,3,0,0,0,0,7,0,0,309.991,2.066,6.15126,-0.000,328.323,107.366,330.916,301.351,102.698,301.870,330.916,18.904,311.464,6.15393,18.886,311.463,6.15114,2
29408,526924,10,3,3,0,0,0,0,7,0,0,309.991,2.066,6.15113,-0.000,328.323,107.366,330.916,301.351,102.698,301.870,330.916,18.904,311.464,6.15381,18.886,311.463,6.15126,2
29424,526934,10,3,3,0,0,0,0,7,0,0,309.991,2.066,6.15105,-0.000,328.323,107.366,330.916,301.351,102.698,301.870,330.916,18.904,311.464,6.15372,18.886,311.463,6.15114,2
29424,526944,10,3,3,0,0,0,0,7,0,0,309.991,2.066,6.15104,-0.000,328.323,107.366,330.916,301.351,102.698,301.870,330.916,18.904,311.464,6.15372,18.886,311.463,6.15105,2
29440,526954,10,3,3,0,0,0,0,7,0,0,309.991,2.066,6.15078,-0.000,328.323,107.366,330.916,301.351,102.698,301.870,330.916,18.903,311.464,6.15345,18.886,311.463,6.15104,2
29456,526964,10,3,3,0,0,0,0,7,0,0,309.991,2.066,6.15057,-0.000,328.323,107.366,330.916,301.351,102.698,301.870,330.916,18.903,311.464,6.15325,18.885,311.463,6.15078,2
29456,526974,10,3,3,0,0,0,0,7,0,0,309.991,2.066,6.15064,-0.000,328.323,107.366,330.916,301.351,102.698,301.870,330.916,18.903,311.464,6.15332,18.885,311.463,6.15057,2
29471,526984,10,3,3,0,0,0,0,7,0,0,309.991,2.066,6.15089,-0.000,328.323,107.366,330.916,301.351,102.698,301.870,330.916,18.903,311.464,6.15357,18.885,311.463,6.15064,2
29486,526994,10,3,3,0,0,0,0,7,0,0,309.991,2.066,6.15090,-0.000,328.323,107.366,330.916,301.351,102.698,301.870,330.916,18.903,311.464,6.15358,18.885,311.463,6.15089,2
29486,527004,10,3,3,0,0,0,0,7,0,0,309.991,2.066,6.15095,-0.000,328.323,107.366,330.916,301.351,102.698,301.870,330.916,18.904,311.464,6.15363,18.885,311.463,6.15090,2
29502,527014,10,3,3,0,0,0,0,7,0,0,309.991,2.066,6.15102,-0.000,328.323,107.366,330.916,301.351,102.698,301.870,330.916,18.904,311.464,6.15370,18.886,311.463,6.15095,2
29502,527024,10,3,3,0,0,0,0,7,0,0,309.991,2.066,6.15094,-0.000,328.323,107.366,330.916,301.351,102.698,301.870,330.916,18.903,311.464,6.15362,18.886,311.463,6.15102,2
29517,527034,10,3,3,0,0,0,0,7,0,0,309.991,2.066,6.15090,-0.000,328.323,107.366,330.916,301.351,102.698,301.870,330.916,18.903,311.464,6.15358,18.886,311.463,6.15094,2
29533,527044,10,3,3,0,0,0,0,7,0,0,309.991,2.066,6.15096,-0.000,328.323,107.366,330.916,301.351,102.698,301.870,330.916,18.904,311.464,6.15363,18.885,311.463,6.15090,2
29533,527054,10,3,3,0,0,0,0,7,0,0,309.991,2.066,6.15117,-0.000,328.323,107.366,330.916,301.351,102.698,301.870,330.916,18.904,311.464,6.15385,18.886,311.463,6.15096,2
29548,527064,10,3,3,0,0,0,0,7,0,0,309.991,2.066,6.15104,-0.000,328.323,107.366,330.916,301.351,102.698,301.870,330.916,18.904,311.464,6.15371,18.886,311.463,6.15117,2
29564,527074,10,3,3,0,0,0,0,7,0,0,309.991,2.066,6.15095,-0.000,328.323,107.366,330.916,301.351,102.698,301.870,330.916,18.904,311.464,6.15362,18.886,311.463,6.15104,2
29564,527084,10,3,3,0,0,0,0,7,0,0,309.991,2.066,6.15090,-0.000,328.323,107.366,330.916,301.351,102.698,301.870,330.916,18.903,311.464,6.15358,18.886,311.463,6.15095,2
29580,527094,10,3,3,0,0,0,0,7,0,0,309.991,2.066,6.15090,-0.000,328.323,107.366,330.916,301.351,102.698,301.870,330.916,18.903,311.464,6.15357,18.885,311.463,6.15090,2
29596,527104,10,3,3,0,0,0,0,7,0,0,309.991,2.066,6.15087,-0.000,328.323,107.366,330.916,301.351,102.698,301.870,330.916,18.903,311.464,6.15355,18.885,311.463,6.15090,2
29596,527114,10,3,3,0,0,0,0,7,0,0,309.991,2.066,6.15099,-0.000,328.323,107.366,330.916,301.351,102.698,301.870,330.916,18.904,311.464,6.15366,18.885,311.463,6.15088,2
29611,527124,10,3,3,0,0,0,0,7,0,0,309.991,2.066,6.15120,-0.000,328.323,107.366,330.916,301.351,102.698,301.870,330.916,18.904,311.464,6.15387,18.886,311.463,6.15099,2
29627,527134,10,3,3,0,0,0,0,7,0,0,309.991,2.066,6.15103,-0.000,328.323,107.366,330.916,301.351,102.698,301.870,330.916,18.904,311.464,6.15371,18.886,311.463,6.15120,2
29627,527144,10,3,3,0,0,0,0,7,0,0,309.991,2.066,6.15113,-0.000,328.323,107.366,330.916,301.351,102.698,301.870,330.916,18.904,311.464,6.15380,18.886,311.463,6.15103,2
29643,527154,10,3,3,0,0,0,0,7,0,0,309.991,2.066,6.15102,-0.000,328.323,107.366,330.916,301.351,102.698,301.870,330.916,18.904,311.464,6.15370,18.886,311.463,6.15113,2
29643,527164,10,3,3,0,0,0,0,7,0,0,309.991,2.066,6.15106,-0.000,328.323,107.366,330.916,301.351,102.698,301.870,330.916,18.904,311.464,6.15374,18.886,311.463,6.15102,2
29658,527174,10,3,3,0,0,0,0,7,0,0,309.991,2.066,6.15108,-0.000,328.323,107.366,330.916,301.351,102.698,301.870,330.916,18.904,311.464,6.15375,18.886,311.463,6.15106,2
29674,527184,10,3,3,0,0,0,0,7,0,0,309.991,2.066,6.15093,-0.000,328.323,107.366,330.916,301.351,102.698,301.870,330.916,18.903,311.464,6.15361,18.886,311.463,6.15108,2
29674,527194,10,3,3,0,0,0,0,7,0,0,309.991,2.066,6.15090,-0.000,328.323,107.366,330.916,301.351,102.698,301.870,330.916,18.903,311.464,6.15357,18.885,311.463,6.15093,2
29689,527204,10,3,3,0,0,0,0,7,0,0,309.991,2.066,6.15078,-0.000,328.323,107.366,330.916,301.351,102.698,301.870,330.916,18.903,311.464,6.15345,18.885,311.463,6.15090,2
29705,527214,10,3,3,0,0,0,0,7,0,0,309.991,2.066,6.15098,-0.000,328.323,107.366,330.916,301.351,102.698,301.870,330.916,18.904,311.464,6.15366,18.885,311.463,6.15078,2
29705,527224,10,3,3,0,0,0,0,7,0,0,309.991,2.066,6.15104,-0.000,328.323,107.366,330.916,301.351,102.698,301.870,330.916,18.904,311.464,6.15371,18.886,311.463,6.15098,2
29721,527234,10,3,3,0,0,0,0,7,0,0,309.991,2.066,6.15113,-0.000,328.323,107.366,330.916,301.351,102.698,301.870,330.916,18.904,311.464,6.15381,18.886,311.463,6.15104,2
29735,527244,10,3,3,0,0,0,0,7,0,0,309.991,2.066,6.15090,-0.000,328.323,107.366,330.916,301.351,102.698,301.870,330.916,18.903,311.464,6.15358,18.886,311.463,6.15113,2
29735,527254,10,3,3,0,0,0,0,7,0,0,309.991,2.066,6.15128,-0.000,328.323,107.366,330.916,301.351,102.698,301.870,330.916,18.904,311.464,6.15396,18.885,311.463,6.15090,2
29751,527264,10,3,3,0,0,0,0,7,0,0,309.991,2.066,6.15125,-0.000,328.323,107.366,330.916,301.351,102.698,301.870,330.916,18.904,311.464,6.15393,18.886,311.463,6.15128,2
29766,527274,10,3,3,0,0,0,0,7,0,0,309.991,2.066,6.15112,-0.000,328.323,107.366,330.916,301.351,102.698,301.870,330.916,18.904,311.464,6.15379,18.886,311.463,6.15125,2
29766,527284,10,3,3,0,0,0,0,7,0,0,309.991,2.066,6.15102,-0.000,328.323,107.366,330.916,301.351,102.698,301.870,330.916,18.904,311.464,6.15370,18.886,311.463,6.15112,2
29782,527294,10,3,3,0,0,0,0,7,0,0,309.991,2.066,6.15081,-0.000,328.323,107.366,330.916,301.351,102.698,301.870,330.916,18.903,311.464,6.15349,18.886,311.463,6.15102,2
29798,527304,10,3,3,0,0,0,0,7,0,0,309.991,2.066,6.15100,-0.000,328.323,107.366,330.916,301.351,102.698,301.870,330.916,18.904,311.464,6.15367,18.885,311.463,6.15081,2
29798,527314,10,3,3,0,0,0,0,7,0,0,309.991,2.066,6.15108,-0.000,328.323,107.366,330.916,301.351,102.698,301.870,330.916,18.904,311.464,6.15375,18.886,311.463,6.15100,2
29813,527324,10,3,3,0,0,0,0,7,0,0,309.991,2.066,6.15108,-0.000,328.323,107.366,330.916,301.351,102.698,301.870,330.916,18.904,311.464,6.15376,18.886,311.463,6.15108,2
29813,527334,10,3,3,0,0,0,0,7,0,0,309.991,2.066,6.15108,-0.000,328.323,107.366,330.916,301.351,102.698,301.870,330.916,18.904,311.464,6.15376,18.886,311.463,6.15108,2
29828,527344,10,3,3,0,0,0,0,7,0,0,309.991,2.066,6.15087,-0.000,328.323,107.366,330.916,301.351,102.698,301.870,330.916,18.903,311.464,6.15354,18.886,311.463,6.15108,2
29843,527354,10,3,3,0,0,0,0,7,0,0,309.991,2.066,6.15098,-0.000,328.323,107.366,330.916,301.351,102.698,301.870,330.916,18.904,311.464,6.15366,18.885,311.463,6.15087,2
29843,527364,10,3,3,0,0,0,0,7,0,0,309.991,2.066,6.15079,-0.000,328.323,107.366,330.916,301.351,102.698,301.870,330.916,18.903,311.464,6.15346,18.886,311.463,6.15098,2
29858,527374,10,3,3,0,0,0,0,7,0,0,309.991,2.066,6.15059,-0.000,328.323,107.366,330.916,301.351,102.698,301.870,330.916,18.903,311.464,6.15327,18.885,311.463,6.15078,2
29874,527384,10,3,3,0,0,0,0,7,0,0,309.991,2.066,6.15063,-0.000,328.323,107.366,330.916,301.351,102.698,301.870,330.916,18.903,311.464,6.15330,18.885,311.463,6.15059,2
29874,527394,10,3,3,0,0,0,0,7,0,0,309.991,2.066,6.15067,-0.000,328.323,107.366,330.916,301.351,102.698,301.870,330.916,18.903,311.464,6.15335,18.885,311.463,6.15062,2
29890,527404,10,3,3,0,0,0,0,7,0,0,309.991,2.066,6.15068,-0.000,328.323,107.366,330.916,301.351,102.698,301.870,330.916,18.903,311.464,6.15336,18.885,311.463,6.15067,2
29905,527414,10,3,3,0,0,0,0,7,0,0,309.991,2.066,6.15089,-0.000,328.323,107.366,330.916,301.351,102.698,301.870,330.916,18.903,311.464,6.15357,18.885,311.463,6.15068,2
29905,527424,10,3,3,0,0,0,0,7,0,0,309.991,2.066,6.15097,-0.000,328.323,107.366,330.916,301.351,102.698,301.870,330.916,18.904,311.464,6.15365,18.885,311.463,6.15089,2
29921,527434,10,3,3,0,0,0,0,7,0,0,309.991,2.066,6.15089,-0.000,328.323,107.366,330.916,301.351,102.698,301.870,330.916,18.903,311.464,6.15356,18.886,311.463,6.15097,2
29936,527444,10,3,3,0,0,0,0,7,0,0,309.991,2.066,6.15102,-0.000,328.323,107.366,330.916,301.351,102.698,301.870,330.916,18.904,311.464,6.15370,18.885,311.463,6.15089,2
29936,527454,10,3,3,0,0,0,0,7,0,0,309.991,2.066,6.15097,-0.000,328.323,107.366,330.916,301.351,102.698,301.870,330.916,18.904,311.464,6.15365,18.886,311.463,6.15102,2
29952,527464,10,3,3,0,0,0,0,7,0,0,309.991,2.066,6.15107,-0.000,328.323,107.366,330.916,301.351,102.698,301.870,330.916,18.904,311.464,6.15375,18.886,311.463,6.15097,2
29952,527474,10,3,3,0,0,0,0,7,0,0,309.991,2.066,6.15083,-0.000,328.323,107.366,330.916,301.351,102.698,301.870,330.916,18.903,311.464,6.15351,18.886,311.463,6.15107,2
29968,527484,10,3,3,0,0,0,0,7,0,0,309.991,2.066,6.15083,-0.000,328.323,107.366,330.916,301.351,102.698,301.870,330.916,18.903,311.464,6.15350,18.885,311.463,6.15084,2
29983,527494,10,3,3,0,0,0,0,7,0,0,309.991,2.066,6.15088,-0.000,328.323,107.366,330.916,301.351,102.698,301.870,330.916,18.903,311.464,6.15355,18.885,311.463,6.15083,2
29983,527504,10,3,3,0,0,0,0,7,0,0,309.991,2.066,6.15105,-0.000,328.323,107.366,330.916,301.351,102.698,301.870,330.916,18.904,311.464,6.15373,18.885,311.463,6.15088,2
29999,527514,10,3,3,0,0,0,0,7,0,0,309.991,2.066,6.15098,-0.000,328.323,107.366,330.916,301.351,102.698,301.870,330.916,18.904,311.464,6.15365,18.886,311.463,6.15105,2
