host_ms,board_ms,cycle_ms,sample_seq,marker,marker_ok,controller_connected,valid_mask,drops,forward_raw_cd,lateral_raw_cd,forward_mm,lateral_right_mm,imu_deg,gyro_x_dps,gyro_y_dps,gyro_z_dps,accel_x_g,accel_y_g,accel_z_g,pitch_deg,roll_deg,motor_l1_rev,motor_l2_rev,motor_l3_rev,motor_r1_rev,motor_r2_rev,motor_r3_rev,f_before_us,f_after_us,l_before_us,l_after_us,g_before_us,g_after_us,drive_before_us,drive_after_us
7,3454,10,146,0,1,1,31,0,18500,1081,82.013022,-4.792220,0.033161,0.000000,0.000000,0.000000,-0.020630,-0.065918,1.008545,-1.164278,-3.651019,0.000000000,-0.000000000,0.000000000,-0.000000000,0.000000000,-0.000000000,3734832,3734835,3734835,3734838,3734838,3734851,3734852,3734871
55,3464,10,147,0,1,1,31,0,18500,1081,82.013022,-4.792220,0.033098,0.000000,0.000000,0.000000,-0.020752,-0.063721,1.008301,-1.162707,-3.647914,0.000000000,-0.000000000,0.000000000,-0.000000000,0.000000000,-0.000000000,3744834,3744837,3744837,3744840,3744840,3744854,3744854,3744873
55,3474,10,148,0,1,1,31,0,18500,1081,82.013022,-4.792220,0.032854,0.000000,0.000000,0.000000,-0.021606,-0.062988,1.009399,-1.166179,-3.635971,0.000000000,-0.000000000,0.000000000,-0.000000000,0.000000000,-0.000000000,3754834,3754837,3754838,3754840,3754841,3754854,3754854,3754874
55,3484,10,149,0,1,1,31,0,18500,1081,82.013022,-4.792220,0.032636,0.000000,0.000000,0.000000,-0.021240,-0.064209,1.009277,-1.178824,-3.625305,0.000000000,-0.000000000,0.000000000,-0.000000000,0.000000000,-0.000000000,3764832,3764835,3764836,3764838,3764839,3764852,3764853,3764872
55,3494,10,150,0,1,1,31,0,18500,1081,82.013022,-4.792220,0.032356,0.000000,0.000000,0.000000,-0.021118,-0.062866,1.008667,-1.182331,-3.611794,0.000000000,-0.000000000,0.000000000,-0.000000000,0.000000000,-0.000000000,3774834,3774837,3774838,3774840,3774841,3774854,3774855,3774873
71,3504,10,151,0,1,1,31,0,18500,1081,82.013022,-4.792220,0.032292,0.000000,0.000000,0.000000,-0.020142,-0.064209,1.009399,-1.177319,-3.608684,0.000000000,-0.000000000,0.000000000,-0.000000000,0.000000000,-0.000000000,3784835,3784838,3784839,3784841,3784842,3784855,3784855,3784875
71,3514,10,152,0,1,1,31,0,18500,1081,82.013022,-4.792220,0.032209,0.000000,0.000000,0.000000,-0.019287,-0.063354,1.009399,-1.168776,-3.604657,0.000000000,-0.000000000,0.000000000,-0.000000000,0.000000000,-0.000000000,3794831,3794834,3794835,3794837,3794838,3794851,3794852,3794870
87,3524,10,153,0,1,1,31,0,18500,1081,82.013022,-4.792220,0.032372,0.000000,0.000000,0.000000,-0.020752,-0.065430,1.010986,-1.163305,-3.612635,0.000000000,-0.000000000,0.000000000,-0.000000000,0.000000000,-0.000000000,3804834,3804836,3804837,3804839,3804840,3804853,3804854,3804873
87,3534,10,154,0,1,1,31,0,18500,1081,82.013022,-4.792220,0.032560,0.000000,0.000000,0.000000,-0.022461,-0.065186,1.009155,-1.174322,-3.621831,0.000000000,-0.000000000,0.000000000,-0.000000000,0.000000000,-0.000000000,3814834,3814837,3814838,3814840,3814841,3814854,3814854,3814873
102,3544,10,155,0,1,1,31,0,18500,1081,82.013022,-4.792220,0.032641,0.000000,0.000000,0.000000,-0.020020,-0.064819,1.009155,-1.165534,-3.625828,0.000000000,-0.000000000,0.000000000,-0.000000000,0.000000000,-0.000000000,3824832,3824835,3824836,3824838,3824839,3824852,3824852,3824871
117,3554,10,156,0,1,1,31,0,18500,1081,82.013022,-4.792220,0.032735,0.000000,0.000000,0.000000,-0.020752,-0.065186,1.008423,-1.164826,-3.630418,0.000000000,-0.000000000,0.000000000,-0.000000000,0.000000000,-0.000000000,3834834,3834836,3834837,3834839,3834840,3834853,3834854,3834872
117,3564,10,157,0,1,1,31,0,18500,1081,82.013022,-4.792220,0.032671,0.000000,0.000000,0.000000,-0.021606,-0.063232,1.008789,-1.175432,-3.627301,0.000000000,-0.000000000,0.000000000,-0.000000000,0.000000000,-0.000000000,3844834,3844837,3844837,3844840,3844840,3844854,3844854,3844873
133,3574,10,158,0,1,1,31,0,18500,1081,82.013022,-4.792220,0.032529,0.000000,0.000000,0.000000,-0.019897,-0.062866,1.010010,-1.168009,-3.620376,0.000000000,-0.000000000,0.000000000,-0.000000000,0.000000000,-0.000000000,3854832,3854834,3854835,3854837,3854838,3854851,3854852,3854871
148,3584,10,159,0,1,1,31,0,18500,1081,82.013022,-4.792220,0.032829,0.000000,0.000000,0.000000,-0.020386,-0.066772,1.008789,-1.169554,-3.635010,0.000000000,-0.000000000,0.000000000,-0.000000000,0.000000000,-0.000000000,3864836,3864838,3864839,3864841,3864842,3864855,3864856,3864874
148,3594,10,160,0,1,1,31,0,18500,1081,82.013022,-4.792220,0.032716,0.000000,0.000000,0.000000,-0.020874,-0.062866,1.008179,-1.175748,-3.629537,0.000000000,-0.000000000,0.000000000,-0.000000000,0.000000000,-0.000000000,3874834,3874837,3874838,3874840,3874840,3874853,3874854,3874873
164,3604,10,161,0,1,1,31,0,18500,1081,82.013022,-4.792220,0.032995,0.000000,0.000000,0.000000,-0.020020,-0.066895,1.008789,-1.174656,-3.643091,0.000000000,-0.000000000,0.000000000,-0.000000000,0.000000000,-0.000000000,3884832,3884835,3884836,3884838,3884839,3884851,3884852,3884871
180,3614,10,162,0,1,1,31,0,18500,1081,82.013022,-4.792220,0.032892,0.000000,0.000000,0.000000,-0.019653,-0.064209,1.010376,-1.160055,-3.638047,0.000000000,-0.000000000,0.000000000,-0.000000000,0.000000000,-0.000000000,3894839,3894842,3894843,3894845,3894845,3894860,3894861,3894881
180,3624,10,163,0,1,1,31,0,18500,1081,82.013022,-4.792220,0.033053,0.000000,0.000000,0.000000,-0.020386,-0.065308,1.009644,-1.149409,-3.646021,0.000000000,-0.000000000,0.000000000,-0.000000000,0.000000000,-0.000000000,3904834,3904837,3904837,3904840,3904840,3904854,3904855,3904874
196,3634,10,164,0,1,1,31,0,18500,1081,82.013022,-4.792220,0.033135,0.000000,0.000000,0.000000,-0.020264,-0.064941,1.009521,-1.144946,-3.650065,0.000000000,-0.000000000,0.000000000,-0.000000000,0.000000000,-0.000000000,3914835,3914837,3914838,3914840,3914841,3914854,3914854,3914873
211,3644,10,165,0,1,1,31,0,18500,1081,82.013022,-4.792220,0.033142,0.000000,0.000000,0.000000,-0.020142,-0.063721,1.009644,-1.138455,-3.650420,0.000000000,-0.000000000,0.000000000,-0.000000000,0.000000000,-0.000000000,3924835,3924837,3924838,3924840,3924841,3924854,3924854,3924873
211,3654,10,166,0,1,1,31,0,18500,1081,82.013022,-4.792220,0.032999,0.000000,0.000000,0.000000,-0.020264,-0.064209,1.009399,-1.145425,-3.643272,0.000000000,-0.000000000,0.000000000,-0.000000000,0.000000000,-0.000000000,3934834,3934837,3934837,3934840,3934840,3934853,3934854,3934873
226,3664,10,167,0,1,1,31,0,18500,1081,82.013022,-4.792220,0.033100,0.000000,0.000000,0.000000,-0.019775,-0.065063,1.009888,-1.135798,-3.648344,0.000000000,-0.000000000,0.000000000,-0.000000000,0.000000000,-0.000000000,3944832,3944835,3944836,3944838,3944839,3944852,3944853,3944872
241,3674,10,168,0,1,1,31,0,18500,1081,82.013022,-4.792220,0.033210,0.000000,0.000000,0.000000,-0.019653,-0.065796,1.009155,-1.138053,-3.653856,0.000000000,-0.000000000,0.000000000,-0.000000000,0.000000000,-0.000000000,3954834,3954837,3954838,3954840,3954841,3954853,3954854,3954873
241,3684,10,169,0,1,1,31,0,18500,1081,82.013022,-4.792220,0.033167,0.000000,0.000000,0.000000,-0.020142,-0.065186,1.010498,-1.138183,-3.651693,0.000000000,-0.000000000,0.000000000,-0.000000000,0.000000000,-0.000000000,3964834,3964837,3964838,3964840,3964841,3964854,3964854,3964873
257,3694,10,170,0,1,1,31,0,18500,1081,82.013022,-4.792220,0.033318,0.000000,0.000000,0.000000,-0.020264,-0.065552,1.009277,-1.138554,-3.659253,0.000000000,-0.000000000,0.000000000,-0.000000000,0.000000000,-0.000000000,3974832,3974835,3974835,3974838,3974839,3974851,3974852,3974871
257,3704,10,171,0,1,1,31,0,18500,1081,82.013022,-4.792220,0.033227,0.000000,0.000000,0.000000,-0.019165,-0.064453,1.009277,-1.132711,-3.654680,0.000000000,-0.000000000,0.000000000,-0.000000000,0.000000000,-0.000000000,3984835,3984838,3984839,3984841,3984842,3984854,3984855,3984874
273,3714,10,172,0,1,1,31,0,18500,1081,82.013022,-4.792220,0.033234,0.000000,0.000000,0.000000,-0.020630,-0.064941,1.009277,-1.144248,-3.655048,0.000000000,-0.000000000,0.000000000,-0.000000000,0.000000000,-0.000000000,3994835,3994838,3994838,3994841,3994841,3994854,3994855,3994874
288,3724,10,173,0,1,1,31,0,18500,1081,82.013022,-4.792220,0.033157,0.000000,0.000000,0.000000,-0.020386,-0.064087,1.009277,-1.147627,-3.651216,0.000000000,-0.000000000,0.000000000,-0.000000000,0.000000000,-0.000000000,4004833,4004836,4004837,4004839,4004839,4004852,4004853,4004872
288,3734,10,174,0,1,1,31,0,18500,1081,82.013022,-4.792220,0.033049,0.000000,0.000000,0.000000,-0.021973,-0.064087,1.008423,-1.157343,-3.645841,0.000000000,-0.000000000,0.000000000,-0.000000000,0.000000000,-0.000000000,4014834,4014837,4014837,4014840,4014840,4014854,4014854,4014874
304,3744,10,175,0,1,1,31,0,18500,1081,82.013022,-4.792220,0.033003,0.000000,0.000000,0.000000,-0.021362,-0.064697,1.009277,-1.167250,-3.643617,0.000000000,-0.000000000,0.000000000,-0.000000000,0.000000000,-0.000000000,4024834,4024837,4024838,4024840,4024840,4024853,4024854,4024873
319,3754,10,176,0,1,1,31,0,18500,1081,82.013022,-4.792220,0.033121,0.000000,0.000000,0.000000,-0.020508,-0.064819,1.008179,-1.166255,-3.649368,0.000000000,-0.000000000,0.000000000,-0.000000000,0.000000000,-0.000000000,4034832,4034835,4034836,4034838,4034839,4034852,4034852,4034871
319,3764,10,177,0,1,1,31,0,18500,1081,82.013022,-4.792220,0.033176,0.000000,0.000000,0.000000,-0.021484,-0.065796,1.009399,-1.170166,-3.652047,0.000000000,-0.000000000,0.000000000,-0.000000000,0.000000000,-0.000000000,4044834,4044837,4044838,4044840,4044841,4044853,4044854,4044873
335,3774,10,178,0,1,1,31,0,18500,1081,82.013022,-4.792220,0.033180,0.000000,0.000000,0.000000,-0.021973,-0.064941,1.008057,-1.175580,-3.652256,0.000000000,-0.000000000,0.000000000,-0.000000000,0.000000000,-0.000000000,4054835,4054837,4054838,4054840,4054841,4054853,4054854,4054873
350,3784,10,179,0,1,1,31,0,18500,1081,82.013022,-4.792220,0.033324,0.000000,0.000000,0.000000,-0.022339,-0.065918,1.009644,-1.182825,-3.659223,0.000000000,-0.000000000,0.000000000,-0.000000000,0.000000000,-0.000000000,4064832,4064835,4064836,4064838,4064839,4064851,4064852,4064871
350,3794,10,180,0,1,1,31,0,18500,1081,82.013022,-4.792220,0.033473,0.000000,0.000000,0.000000,-0.020996,-0.065430,1.009521,-1.185953,-3.666382,0.000000000,-0.000000000,0.000000000,-0.000000000,0.000000000,-0.000000000,4074834,4074837,4074838,4074840,4074841,4074854,4074854,4074873
366,3804,10,181,0,1,1,31,0,18500,1081,82.013022,-4.792220,0.033097,0.000000,0.000000,0.000000,-0.020142,-0.063965,1.008545,-1.180457,-3.648306,0.000000000,-0.000000000,0.000000000,-0.000000000,0.000000000,-0.000000000,4084835,4084837,4084838,4084841,4084841,4084854,4084855,4084874
382,3814,10,182,0,1,1,31,0,18500,1081,82.013022,-4.792220,0.032897,0.000000,0.000000,0.000000,-0.020630,-0.063721,1.007935,-1.181244,-3.638638,0.000000000,-0.000000000,0.000000000,-0.000000000,0.000000000,-0.000000000,4094837,4094840,4094841,4094843,4094844,4094859,4094860,4094879
382,3824,10,183,0,1,1,31,0,18500,1081,82.013022,-4.792220,0.033240,0.000000,0.000000,0.000000,-0.020020,-0.065430,1.008057,-1.169737,-3.655283,0.000000000,-0.000000000,0.000000000,-0.000000000,0.000000000,-0.000000000,4104836,4104839,4104840,4104842,4104843,4104856,4104857,4104876
397,3834,10,184,0,1,1,31,0,18500,1081,82.013022,-4.792220,0.033267,0.000000,0.000000,0.000000,-0.019043,-0.064453,1.008423,-1.158512,-3.656560,0.000000000,-0.000000000,0.000000000,-0.000000000,0.000000000,-0.000000000,4114835,4114838,4114838,4114840,4114841,4114854,4114855,4114873
397,3844,10,185,0,1,1,31,0,18500,1081,82.013022,-4.792220,0.033181,0.000000,0.000000,0.000000,-0.020386,-0.064331,1.009766,-1.157646,-3.652342,0.000000000,-0.000000000,0.000000000,-0.000000000,0.000000000,-0.000000000,4124833,4124836,4124837,4124839,4124840,4124853,4124853,4124872
413,3854,10,186,0,1,1,31,0,18500,1081,82.013022,-4.792220,0.033159,0.000000,0.000000,0.000000,-0.020142,-0.064697,1.009277,-1.160195,-3.651276,0.000000000,-0.000000000,0.000000000,-0.000000000,0.000000000,-0.000000000,4134834,4134837,4134838,4134840,4134841,4134854,4134855,4134874
429,3864,10,187,0,1,1,31,0,18500,1081,82.013022,-4.792220,0.033289,0.000000,0.000000,0.000000,-0.021606,-0.066406,1.008911,-1.163626,-3.657653,0.000000000,-0.000000000,0.000000000,-0.000000000,0.000000000,-0.000000000,4144833,4144836,4144836,4144839,4144839,4144852,4144853,4144872
429,3874,10,188,0,1,1,31,0,18500,1081,82.013022,-4.792220,0.033360,0.000000,0.000000,0.000000,-0.021484,-0.065674,1.009766,-1.168567,-3.661140,0.000000000,-0.000000000,0.000000000,-0.000000000,0.000000000,-0.000000000,4154835,4154838,4154839,4154841,4154842,4154854,4154855,4154874
445,3884,10,189,0,1,1,31,0,18500,1081,82.013022,-4.792220,0.033368,0.000000,0.000000,0.000000,-0.021484,-0.065308,1.009033,-1.167723,-3.661500,0.000000000,-0.000000000,0.000000000,-0.000000000,0.000000000,-0.000000000,4164835,4164838,4164839,4164841,4164842,4164855,4164855,4164874
461,3894,10,190,0,1,1,31,0,18500,1081,82.013022,-4.792220,0.033490,0.000000,0.000000,0.000000,-0.020142,-0.065308,1.010864,-1.165528,-3.667479,0.000000000,-0.000000000,0.000000000,-0.000000000,0.000000000,-0.000000000,4174832,4174835,4174835,4174838,4174839,4174852,4174852,4174871
461,3904,10,191,0,1,1,31,0,18500,1081,82.013022,-4.792220,0.033491,0.000000,0.000000,0.000000,-0.020508,-0.065186,1.010620,-1.164309,-3.667509,0.000000000,-0.000000000,0.000000000,-0.000000000,0.000000000,-0.000000000,4184836,4184839,4184839,4184842,4184842,4184855,4184856,4184875
477,3914,10,192,0,1,1,31,0,18500,1081,82.013022,-4.792220,0.033349,0.000000,0.000000,0.000000,-0.021973,-0.064697,1.009644,-1.169744,-3.660552,0.000000000,-0.000000000,0.000000000,-0.000000000,0.000000000,-0.000000000,4194837,4194840,4194841,4194843,4194844,4194857,4194858,4194877
493,3924,10,193,0,1,1,31,0,18500,1081,82.013022,-4.792220,0.033039,0.000000,0.000000,0.000000,-0.019409,-0.063843,1.009277,-1.163130,-3.645396,0.000000000,-0.000000000,0.000000000,-0.000000000,0.000000000,-0.000000000,4204835,4204838,4204839,4204841,4204842,4204855,4204855,4204874
493,3934,10,194,0,1,1,31,0,18500,1081,82.013022,-4.792220,0.033013,0.000000,0.000000,0.000000,-0.020508,-0.064697,1.010010,-1.156951,-3.644132,0.000000000,-0.000000000,0.000000000,-0.000000000,0.000000000,-0.000000000,4214833,4214836,4214837,4214839,4214839,4214852,4214853,4214871
508,3944,10,195,0,1,1,31,0,18500,1081,82.013022,-4.792220,0.033183,0.000000,0.000000,0.000000,-0.021973,-0.066162,1.010132,-1.164188,-3.652489,0.000000000,-0.000000000,0.000000000,-0.000000000,0.000000000,-0.000000000,4224835,4224838,4224839,4224841,4224842,4224854,4224855,4224875
508,3954,10,196,0,1,1,31,0,18500,1081,82.013022,-4.792220,0.033462,0.000000,0.000000,0.000000,-0.020996,-0.066772,1.009277,-1.163102,-3.666206,0.000000000,-0.000000000,0.000000000,-0.000000000,0.000000000,-0.000000000,4234835,4234838,4234839,4234841,4234842,4234855,4234855,4234874
524,3964,10,197,0,1,1,31,0,18500,1081,82.013022,-4.792220,0.033333,0.000000,0.000000,0.000000,-0.020996,-0.064331,1.009155,-1.167964,-3.659879,0.000000000,-0.000000000,0.000000000,-0.000000000,0.000000000,-0.000000000,4244833,4244836,4244837,4244839,4244840,4244853,4244853,4244872
539,3974,10,198,0,1,1,31,0,18500,1081,82.013022,-4.792220,0.033417,0.000000,0.000000,0.000000,-0.019897,-0.066528,1.009155,-1.158525,-3.664060,0.000000000,-0.000000000,0.000000000,-0.000000000,0.000000000,-0.000000000,4254835,4254838,4254838,4254841,4254841,4254854,4254855,4254874
539,3984,10,199,0,1,1,31,0,18500,1081,82.013022,-4.792220,0.033497,0.000000,0.000000,0.000000,-0.021606,-0.064819,1.009155,-1.167315,-3.668006,0.000000000,-0.000000000,0.000000000,-0.000000000,0.000000000,-0.000000000,4264835,4264838,4264839,4264841,4264842,4264854,4264855,4264874
555,3994,10,200,0,1,1,31,0,18500,1081,82.013022,-4.792220,0.033110,0.000000,0.000000,0.000000,-0.020142,-0.064087,1.009033,-1.164336,-3.649040,0.000000000,-0.000000000,0.000000000,-0.000000000,0.000000000,-0.000000000,4274833,4274836,4274837,4274839,4274840,4274852,4274853,4274872
571,4004,10,201,0,1,1,31,0,18500,1081,82.013022,-4.792220,0.033313,0.000000,0.000000,0.000000,-0.020874,-0.065552,1.008789,-1.156111,-3.659084,0.000000000,-0.000000000,0.000000000,-0.000000000,0.000000000,-0.000000000,4284836,4284839,4284839,4284842,4284842,4284855,4284856,4284875
571,4014,10,202,0,1,1,31,0,18500,1081,82.013022,-4.792220,0.033234,0.000000,0.000000,0.000000,-0.020386,-0.063965,1.009766,-1.154603,-3.655144,0.000000000,-0.000000000,0.000000000,-0.000000000,0.000000000,-0.000000000,4294842,4294845,4294846,4294848,4294849,4294864,4294865,4294884
586,4024,10,203,0,1,1,31,0,18500,1081,82.013022,-4.792220,0.033051,0.000000,0.000000,0.000000,-0.020386,-0.063965,1.010010,-1.158179,-3.646141,0.000000000,-0.000000000,0.000000000,-0.000000000,0.000000000,-0.000000000,4304834,4304837,4304838,4304840,4304841,4304854,4304855,4304873
602,4034,10,204,0,1,1,31,0,18500,1081,82.013022,-4.792220,0.033057,0.000000,0.000000,0.000000,-0.020752,-0.064697,1.009766,-1.160821,-3.646404,0.000000000,-0.000000000,0.000000000,-0.000000000,0.000000000,-0.000000000,4314835,4314838,4314839,4314841,4314841,4314855,4314855,4314874
602,4044,10,205,0,1,1,31,0,18500,1081,82.013022,-4.792220,0.033149,0.000000,0.000000,0.000000,-0.022705,-0.065552,1.008423,-1.175357,-3.650939,0.000000000,-0.000000000,0.000000000,-0.000000000,0.000000000,-0.000000000,4324833,4324836,4324836,4324839,4324839,4324852,4324853,4324872
617,4054,10,206,0,1,1,31,0,18500,1081,82.013022,-4.792220,0.033214,0.000000,0.000000,0.000000,-0.021118,-0.065063,1.009277,-1.179203,-3.654085,0.000000000,-0.000000000,0.000000000,-0.000000000,0.000000000,-0.000000000,4334835,4334838,4334838,4334841,4334841,4334854,4334855,4334874
632,4064,10,207,0,1,1,31,0,18500,1081,82.013022,-4.792220,0.033227,0.000000,0.000000,0.000000,-0.020386,-0.065674,1.009888,-1.179220,-3.654693,0.000000000,-0.000000000,0.000000000,-0.000000000,0.000000000,-0.000000000,4344835,4344838,4344838,4344841,4344841,4344854,4344855,4344874
632,4074,10,208,0,1,1,31,0,18500,1081,82.013022,-4.792220,0.033072,0.000000,0.000000,0.000000,-0.020508,-0.063599,1.009033,-1.174302,-3.647150,0.000000000,-0.000000000,0.000000000,-0.000000000,0.000000000,-0.000000000,4354835,4354837,4354838,4354840,4354841,4354854,4354855,4354875
648,4084,10,209,0,1,1,31,0,18500,1081,82.013022,-4.792220,0.033108,0.000000,0.000000,0.000000,-0.020630,-0.064697,1.009155,-1.174848,-3.648907,0.000000000,-0.000000000,0.000000000,-0.000000000,0.000000000,-0.000000000,4364833,4364836,4364837,4364839,4364840,4364853,4364854,4364873
648,4094,10,210,0,1,1,31,0,18500,1081,82.013022,-4.792220,0.032901,0.000000,0.000000,0.000000,-0.020386,-0.064209,1.008057,-1.169402,-3.638861,0.000000000,-0.000000000,0.000000000,-0.000000000,0.000000000,-0.000000000,4374835,4374838,4374839,4374841,4374841,4374854,4374855,4374874
664,4104,10,211,0,1,1,31,0,18500,1081,82.013022,-4.792220,0.033111,0.000000,0.000000,0.000000,-0.021729,-0.066162,1.010010,-1.177361,-3.649065,0.000000000,-0.000000000,0.000000000,-0.000000000,0.000000000,-0.000000000,4384835,4384838,4384839,4384842,4384842,4384855,4384856,4384875
679,4114,10,212,0,1,1,31,0,18500,1081,82.013022,-4.792220,0.033261,0.000000,0.000000,0.000000,-0.021484,-0.065552,1.012329,-1.169578,-3.656396,0.000000000,-0.000000000,0.000000000,-0.000000000,0.000000000,-0.000000000,4394833,4394836,4394837,4394839,4394840,4394853,4394853,4394872
679,4124,10,213,0,1,1,31,0,18500,1081,82.013022,-4.792220,0.033075,0.000000,0.000000,0.000000,-0.022339,-0.064087,1.009155,-1.181825,-3.647328,0.000000000,-0.000000000,0.000000000,-0.000000000,0.000000000,-0.000000000,4404835,4404838,4404839,4404841,4404842,4404855,4404855,4404874
694,4134,10,214,0,1,1,31,0,18500,1081,82.013022,-4.792220,0.033086,0.000000,0.000000,0.000000,-0.019531,-0.065186,1.008911,-1.171481,-3.647894,0.000000000,-0.000000000,0.000000000,-0.000000000,0.000000000,-0.000000000,4414833,4414836,4414836,4414838,4414839,4414852,4414852,4414871
710,4144,10,215,0,1,1,31,0,18500,1081,82.013022,-4.792220,0.032899,0.000000,0.000000,0.000000,-0.020752,-0.062988,1.009033,-1.173186,-3.638799,0.000000000,-0.000000000,0.000000000,-0.000000000,0.000000000,-0.000000000,4424836,4424839,4424839,4424842,4424842,4424855,4424856,4424875
710,4154,10,216,0,1,1,31,0,18500,1081,82.013022,-4.792220,0.032832,0.000000,0.000000,0.000000,-0.020752,-0.064331,1.008789,-1.180086,-3.635528,0.000000000,-0.000000000,0.000000000,-0.000000000,0.000000000,-0.000000000,4434835,4434838,4434839,4434841,4434842,4434855,4434856,4434875
726,4164,10,217,0,1,1,31,0,18500,1081,82.013022,-4.792220,0.032941,0.000000,0.000000,0.000000,-0.020874,-0.064819,1.008423,-1.181540,-3.640820,0.000000000,-0.000000000,0.000000000,-0.000000000,0.000000000,-0.000000000,4444836,4444839,4444839,4444842,4444843,4444856,4444856,4444875
742,4174,10,218,0,1,1,31,0,18500,1081,82.013022,-4.792220,0.033064,0.000000,0.000000,0.000000,-0.021240,-0.064819,1.009155,-1.179884,-3.646753,0.000000000,-0.000000000,0.000000000,-0.000000000,0.000000000,-0.000000000,4454832,4454835,4454836,4454838,4454839,4454852,4454853,4454872
742,4184,10,219,0,1,1,31,0,18500,1081,82.013022,-4.792220,0.032980,0.000000,0.000000,0.000000,-0.020020,-0.064453,1.008911,-1.170142,-3.642668,0.000000000,-0.000000000,0.000000000,-0.000000000,0.000000000,-0.000000000,4464836,4464839,4464839,4464842,4464842,4464856,4464856,4464875
757,4194,10,220,0,1,1,31,0,18500,1081,82.013022,-4.792220,0.032837,0.000000,0.000000,0.000000,-0.019531,-0.064941,1.008179,-1.168673,-3.635727,0.000000000,-0.000000000,0.000000000,-0.000000000,0.000000000,-0.000000000,4474835,4474838,4474838,4474841,4474841,4474854,4474855,4474874
757,4204,10,221,0,1,1,31,0,18500,1081,82.013022,-4.792220,0.032996,0.000000,0.000000,0.000000,-0.021851,-0.065308,1.007935,-1.173729,-3.643497,0.000000000,-0.000000000,0.000000000,-0.000000000,0.000000000,-0.000000000,4484834,4484837,4484838,4484840,4484841,4484853,4484854,4484873
773,4214,10,222,0,1,1,31,0,18500,1081,82.013022,-4.792220,0.033019,0.000000,0.000000,0.000000,-0.021484,-0.063965,1.008179,-1.182754,-3.644602,0.000000000,-0.000000000,0.000000000,-0.000000000,0.000000000,-0.000000000,4494841,4494844,4494845,4494847,4494848,4494863,4494864,4494883
788,4224,10,223,0,1,1,31,0,18500,1081,82.013022,-4.792220,0.032829,0.000000,0.000000,0.000000,-0.020386,-0.063110,1.008911,-1.176674,-3.635391,0.000000000,-0.000000000,0.000000000,-0.000000000,0.000000000,-0.000000000,4504837,4504840,4504841,4504843,4504843,4504856,4504857,4504876
788,4234,10,224,0,1,1,31,0,18500,1081,82.013022,-4.792220,0.032866,0.000000,0.000000,0.000000,-0.020508,-0.064819,1.009766,-1.173822,-3.637221,0.000000000,-0.000000000,0.000000000,-0.000000000,0.000000000,-0.000000000,4514834,4514837,4514838,4514840,4514841,4514854,4514855,4514874
803,4244,10,225,0,1,1,31,0,18500,1081,82.013022,-4.792220,0.032845,0.000000,0.000000,0.000000,-0.020264,-0.064209,1.009155,-1.173608,-3.636183,0.000000000,-0.000000000,0.000000000,-0.000000000,0.000000000,-0.000000000,4524836,4524839,4524839,4524842,4524843,4524855,4524856,4524875
819,4254,10,226,0,1,1,31,0,18500,1081,82.013022,-4.792220,0.032953,0.000000,0.000000,0.000000,-0.021606,-0.063965,1.009399,-1.173032,-3.641456,0.000000000,-0.000000000,0.000000000,-0.000000000,0.000000000,-0.000000000,4534836,4534839,4534839,4534842,4534842,4534855,4534856,4534875
819,4264,10,227,0,1,1,31,0,18500,1081,82.013022,-4.792220,0.032916,0.000000,0.000000,0.000000,-0.021240,-0.063721,1.009155,-1.183592,-3.639689,0.000000000,-0.000000000,0.000000000,-0.000000000,0.000000000,-0.000000000,4544834,4544836,4544837,4544839,4544840,4544853,4544854,4544873
835,4274,10,228,0,1,1,31,0,18500,1081,82.013022,-4.792220,0.033235,0.000000,0.000000,0.000000,-0.021606,-0.067017,1.009033,-1.185773,-3.655072,0.000000000,-0.000000000,0.000000000,-0.000000000,0.000000000,-0.000000000,4554835,4554838,4554839,4554841,4554841,4554854,4554855,4554874
850,4284,10,229,0,1,1,31,0,18500,1081,82.013022,-4.792220,0.033286,0.000000,0.000000,0.000000,-0.021973,-0.064575,1.009766,-1.195630,-3.657518,0.000000000,-0.000000000,0.000000000,-0.000000000,0.000000000,-0.000000000,4564836,4564839,4564840,4564842,4564843,4564856,4564856,4564875
850,4294,10,230,0,1,1,31,0,18500,1081,82.013022,-4.792220,0.033102,0.000000,0.000000,0.000000,-0.020630,-0.064819,1.008301,-1.195801,-3.648764,0.000000000,-0.000000000,0.000000000,-0.000000000,0.000000000,-0.000000000,4574833,4574836,4574837,4574839,4574840,4574853,4574854,4574872
865,4304,10,231,0,1,1,31,0,18500,1081,82.013022,-4.792220,0.032911,0.000000,0.000000,0.000000,-0.021118,-0.063721,1.008911,-1.195115,-3.639630,0.000000000,-0.000000000,0.000000000,-0.000000000,0.000000000,-0.000000000,4584836,4584839,4584840,4584842,4584842,4584855,4584856,4584875
881,4314,10,232,0,1,1,31,0,18500,1081,82.013022,-4.792220,0.032964,0.000000,0.000000,0.000000,-0.021362,-0.065430,1.008911,-1.191341,-3.642165,0.000000000,-0.000000000,0.000000000,-0.000000000,0.000000000,-0.000000000,4594833,4594835,4594836,4594839,4594839,4594852,4594853,4594872
881,4324,10,233,0,1,1,31,0,18500,1081,82.013022,-4.792220,0.033067,0.000000,0.000000,0.000000,-0.021240,-0.065063,1.008911,-1.193139,-3.647113,0.000000000,-0.000000000,0.000000000,-0.000000000,0.000000000,-0.000000000,4604836,4604838,4604839,4604841,4604842,4604855,4604856,4604875
896,4334,10,234,0,1,1,31,0,18500,1081,82.013022,-4.792220,0.033058,0.000000,0.000000,0.000000,-0.021240,-0.065186,1.008911,-1.194035,-3.646686,0.000000000,-0.000000000,0.000000000,-0.000000000,0.000000000,-0.000000000,4614835,4614838,4614839,4614841,4614841,4614855,4614855,4614875
912,4344,10,235,0,1,1,31,0,18500,1081,82.013022,-4.792220,0.033149,0.000000,0.000000,0.000000,-0.021729,-0.064209,1.007812,-1.198068,-3.651032,0.000000000,-0.000000000,0.000000000,-0.000000000,0.000000000,-0.000000000,4624836,4624839,4624840,4624842,4624843,4624856,4624856,4624875
912,4354,10,236,0,1,1,31,0,18500,1081,82.013022,-4.792220,0.033144,0.000000,0.000000,0.000000,-0.020874,-0.065063,1.010376,-1.193377,-3.650807,0.000000000,-0.000000000,0.000000000,-0.000000000,0.000000000,-0.000000000,4634835,4634838,4634838,4634841,4634841,4634854,4634855,4634874
943,4364,10,237,0,1,1,31,0,18500,1081,82.013022,-4.792220,0.033112,0.000000,0.000000,0.000000,-0.020264,-0.064819,1.008911,-1.184696,-3.649244,0.000000000,-0.000000000,0.000000000,-0.000000000,0.000000000,-0.000000000,4644837,4644839,4644840,4644842,4644843,4644856,4644856,4644875
943,4374,10,238,0,1,1,31,0,18500,1081,82.013022,-4.792220,0.033266,0.000000,0.000000,0.000000,-0.020752,-0.065552,1.008057,-1.181922,-3.656683,0.000000000,-0.000000000,0.000000000,-0.000000000,0.000000000,-0.000000000,4654836,4654838,4654839,4654841,4654842,4654855,4654855,4654875
943,4384,10,239,0,1,1,31,0,18500,1081,82.013022,-4.792220,0.033091,0.000000,0.000000,0.000000,-0.022949,-0.063232,1.009888,-1.190266,-3.648234,0.000000000,-0.000000000,0.000000000,-0.000000000,0.000000000,-0.000000000,4664834,4664836,4664837,4664839,4664840,4664853,4664854,4664872
958,4394,10,240,0,1,1,31,0,18500,1081,82.013022,-4.792220,0.032881,0.000000,0.000000,0.000000,-0.019775,-0.063965,1.008423,-1.178158,-3.638127,0.000000000,-0.000000000,0.000000000,-0.000000000,0.000000000,-0.000000000,4674836,4674838,4674839,4674841,4674842,4674855,4674856,4674875
958,4404,10,241,0,1,1,31,0,18500,1081,82.013022,-4.792220,0.032782,0.000000,0.000000,0.000000,-0.019775,-0.063843,1.009033,-1.169814,-3.633310,0.000000000,-0.000000000,0.000000000,-0.000000000,0.000000000,-0.000000000,4684836,4684839,4684840,4684842,4684843,4684856,4684857,4684876
973,4414,10,242,0,1,1,31,0,18500,1081,82.013022,-4.792220,0.032731,0.000000,0.000000,0.000000,-0.019775,-0.064331,1.008057,-1.164596,-3.630819,0.000000000,-0.000000000,0.000000000,-0.000000000,0.000000000,-0.000000000,4694839,4694841,4694842,4694845,4694845,4694860,4694861,4694881
989,4424,10,243,0,1,1,31,0,18500,1081,82.013022,-4.792220,0.032582,0.000000,0.000000,0.000000,-0.021118,-0.063354,1.008179,-1.161473,-3.623525,0.000000000,-0.000000000,0.000000000,-0.000000000,0.000000000,-0.000000000,4704838,4704841,4704842,4704844,4704845,4704858,4704859,4704878
989,4434,10,244,0,1,1,31,0,18500,1081,82.013022,-4.792220,0.032453,0.000000,0.000000,0.000000,-0.020630,-0.063965,1.009277,-1.159548,-3.617164,0.000000000,-0.000000000,0.000000000,-0.000000000,0.000000000,-0.000000000,4714836,4714839,4714840,4714842,4714842,4714855,4714856,4714875
1005,4444,10,245,0,1,1,31,0,18500,1081,82.013022,-4.792220,0.032389,0.000000,0.000000,0.000000,-0.021240,-0.063843,1.010132,-1.164016,-3.614009,0.000000000,-0.000000000,0.000000000,-0.000000000,0.000000000,-0.000000000,4724834,4724837,4724838,4724840,4724841,4724854,4724855,4724874
1020,4454,10,246,0,1,1,31,0,18500,1081,82.013022,-4.792220,0.032219,0.000000,0.000000,0.000000,-0.020996,-0.063110,1.008179,-1.159302,-3.605618,0.000000000,-0.000000000,0.000000000,-0.000000000,0.000000000,-0.000000000,4734836,4734839,4734840,4734842,4734843,4734856,4734856,4734876
1020,4464,10,247,0,1,1,31,0,18500,1081,82.013022,-4.792220,0.032333,0.000000,0.000000,0.000000,-0.021606,-0.064331,1.008667,-1.168656,-3.611211,0.000000000,-0.000000000,0.000000000,-0.000000000,0.000000000,-0.000000000,4744837,4744839,4744840,4744843,4744843,4744856,4744857,4744876
1036,4474,10,248,0,1,1,31,0,18500,1081,82.013022,-4.792220,0.032642,0.000000,0.000000,0.000000,-0.022827,-0.066162,1.009399,-1.181690,-3.626253,0.000000000,-0.000000000,0.000000000,-0.000000000,0.000000000,-0.000000000,4754834,4754837,4754837,4754840,4754841,4754853,4754854,4754873
1051,4484,10,249,0,1,1,31,0,18500,1081,82.013022,-4.792220,0.032839,0.000000,0.000000,0.000000,-0.020386,-0.065186,1.009033,-1.179117,-3.635787,0.000000000,-0.000000000,0.000000000,-0.000000000,0.000000000,-0.000000000,4764836,4764839,4764840,4764842,4764843,4764856,4764857,4764876
1051,4494,10,250,0,1,1,31,0,18500,1081,82.013022,-4.792220,0.032598,0.000000,0.000000,0.000000,-0.020996,-0.063477,1.007690,-1.175789,-3.624083,0.000000000,-0.000000000,0.000000000,-0.000000000,0.000000000,-0.000000000,4774836,4774838,4774839,4774841,4774842,4774855,4774856,4774875
1067,4504,10,251,0,1,1,31,0,18500,1081,82.013022,-4.792220,0.032573,0.000000,0.000000,0.000000,-0.020508,-0.063843,1.009155,-1.176125,-3.622887,0.000000000,-0.000000000,0.000000000,-0.000000000,0.000000000,-0.000000000,4784834,4784837,4784838,4784840,4784841,4784854,4784854,4784873
1067,4514,10,252,0,1,1,31,0,18500,1081,82.013022,-4.792220,0.032418,0.000000,0.000000,0.000000,-0.020264,-0.063721,1.008545,-1.172966,-3.615320,0.000000000,-0.000000000,0.000000000,-0.000000000,0.000000000,-0.000000000,4794836,4794839,4794840,4794842,4794843,4794855,4794856,4794875
1083,4524,10,253,0,1,1,31,0,18500,1081,82.013022,-4.792220,0.032570,0.000000,0.000000,0.000000,-0.019897,-0.064941,1.010132,-1.172718,-3.622719,0.000000000,-0.000000000,0.000000000,-0.000000000,0.000000000,-0.000000000,4804836,4804839,4804840,4804842,4804843,4804856,4804857,4804876
1099,4534,10,254,0,1,1,31,0,18500,1081,82.013022,-4.792220,0.032639,0.000000,0.000000,0.000000,-0.020386,-0.064575,1.008911,-1.171800,-3.626056,0.000000000,-0.000000000,0.000000000,-0.000000000,0.000000000,-0.000000000,4814834,4814836,4814837,4814839,4814840,4814853,4814853,4814873
1099,4544,10,255,0,1,1,31,0,18500,1081,82.013022,-4.792220,0.032730,0.000000,0.000000,0.000000,-0.020996,-0.065063,1.008789,-1.174070,-3.630488,0.000000000,-0.000000000,0.000000000,-0.000000000,0.000000000,-0.000000000,4824836,4824839,4824840,4824842,4824843,4824856,4824856,4824875
1115,4554,10,256,0,1,1,31,0,18500,1081,82.013022,-4.792220,0.032750,0.000000,0.000000,0.000000,-0.020142,-0.064453,1.009521,-1.163603,-3.631496,0.000000000,-0.000000000,0.000000000,-0.000000000,0.000000000,-0.000000000,4834836,4834839,4834839,4834842,4834842,4834855,4834856,4834875
1130,4564,10,257,0,1,1,31,0,18500,1081,82.013022,-4.792220,0.032512,0.000000,0.000000,0.000000,-0.021118,-0.062744,1.008667,-1.167286,-3.619801,0.000000000,-0.000000000,0.000000000,-0.000000000,0.000000000,-0.000000000,4844834,4844837,4844838,4844840,4844841,4844854,4844854,4844873
1130,4574,10,258,0,1,1,31,0,18500,1081,82.013022,-4.792220,0.032326,0.000000,0.000000,0.000000,-0.020752,-0.063232,1.010498,-1.166754,-3.610712,0.000000000,-0.000000000,0.000000000,-0.000000000,0.000000000,-0.000000000,4854836,4854839,4854840,4854842,4854843,4854856,4854857,4854875
1146,4584,10,259,0,1,1,31,0,18500,1081,82.013022,-4.792220,0.032283,0.000000,0.000000,0.000000,-0.020142,-0.064087,1.009277,-1.163778,-3.608627,0.000000000,-0.000000000,0.000000000,-0.000000000,0.000000000,-0.000000000,4864836,4864839,4864840,4864842,4864843,4864855,4864856,4864875
1161,4594,10,260,0,1,1,31,0,18500,1081,82.013022,-4.792220,0.032478,0.000000,0.000000,0.000000,-0.020142,-0.065186,1.009399,-1.159054,-3.618211,0.000000000,-0.000000000,0.000000000,-0.000000000,0.000000000,-0.000000000,4874834,4874837,4874837,4874840,4874841,4874854,4874854,4874873
1161,4604,10,261,0,1,1,31,0,18500,1081,82.013022,-4.792220,0.032720,0.000000,0.000000,0.000000,-0.021118,-0.065063,1.008179,-1.166570,-3.630101,0.000000000,-0.000000000,0.000000000,-0.000000000,0.000000000,-0.000000000,4884837,4884840,4884840,4884842,4884843,4884856,4884856,4884875
1177,4614,10,262,0,1,1,31,0,18500,1081,82.013022,-4.792220,0.032885,0.000000,0.000000,0.000000,-0.020508,-0.065308,1.010498,-1.164731,-3.638153,0.000000000,-0.000000000,0.000000000,-0.000000000,0.000000000,-0.000000000,4894841,4894844,4894845,4894847,4894848,4894862,4894863,4894882
1193,4624,10,263,0,1,1,31,0,18500,1081,82.013022,-4.792220,0.033238,0.000000,0.000000,0.000000,-0.021729,-0.066772,1.008911,-1.170800,-3.655424,0.000000000,-0.000000000,0.000000000,-0.000000000,0.000000000,-0.000000000,4904835,4904838,4904839,4904841,4904842,4904855,4904856,4904875
1193,4634,10,264,0,1,1,31,0,18500,1081,82.013022,-4.792220,0.033346,0.000000,0.000000,0.000000,-0.019653,-0.066040,1.009766,-1.161305,-3.660739,0.000000000,-0.000000000,0.000000000,-0.000000000,0.000000000,-0.000000000,4914836,4914839,4914840,4914842,4914843,4914856,4914857,4914876
1207,4644,10,265,0,1,1,31,0,18500,1081,82.013022,-4.792220,0.033336,0.000000,0.000000,0.000000,-0.020020,-0.064697,1.009399,-1.154651,-3.660253,0.000000000,-0.000000000,0.000000000,-0.000000000,0.000000000,-0.000000000,4924835,4924838,4924838,4924841,4924841,4924854,4924855,4924874
1207,4654,10,266,0,1,1,31,0,18500,1081,82.013022,-4.792220,0.033330,0.000000,0.000000,0.000000,-0.020996,-0.064209,1.009644,-1.154698,-3.659934,0.000000000,-0.000000000,0.000000000,-0.000000000,0.000000000,-0.000000000,4934836,4934839,4934839,4934842,4934842,4934855,4934856,4934875
1223,4664,10,267,0,1,1,31,0,18500,1081,82.013022,-4.792220,0.033295,0.000000,0.000000,0.000000,-0.020020,-0.064819,1.009155,-1.158255,-3.658218,0.000000000,-0.000000000,0.000000000,-0.000000000,0.000000000,-0.000000000,4944837,4944839,4944840,4944843,4944843,4944856,4944857,4944876
1254,4674,10,268,0,1,1,31,0,18500,1081,82.013022,-4.792220,0.033222,0.000000,0.000000,0.000000,-0.021484,-0.064575,1.009033,-1.163660,-3.654606,0.000000000,-0.000000000,0.000000000,-0.000000000,0.000000000,-0.000000000,4954837,4954839,4954840,4954843,4954843,4954856,4954857,4954876
1254,4684,10,269,0,1,1,31,0,18500,1081,82.013022,-4.792220,0.032922,0.000000,0.000000,0.000000,-0.021729,-0.063721,1.009521,-1.173651,-3.639949,0.000000000,-0.000000000,0.000000000,-0.000000000,0.000000000,-0.000000000,4964835,4964838,4964839,4964841,4964841,4964854,4964855,4964874
1254,4694,10,270,0,1,1,31,0,18500,1081,82.013022,-4.792220,0.032910,0.000000,0.000000,0.000000,-0.020264,-0.064819,1.009399,-1.165609,-3.639357,0.000000000,-0.000000000,0.000000000,-0.000000000,0.000000000,-0.000000000,4974837,4974839,4974840,4974842,4974843,4974856,4974857,4974876
1285,4704,10,271,0,1,1,31,0,18500,1081,82.013022,-4.792220,0.032926,0.000000,0.000000,0.000000,-0.019775,-0.065308,1.007568,-1.171098,-3.640151,0.000000000,-0.000000000,0.000000000,-0.000000000,0.000000000,-0.000000000,4984836,4984839,4984840,4984842,4984843,4984856,4984857,4984876
1285,4714,10,272,0,1,1,31,0,18500,1081,82.013022,-4.792220,0.032927,0.000000,0.000000,0.000000,-0.019531,-0.064819,1.008301,-1.159925,-3.640234,0.000000000,-0.000000000,0.000000000,-0.000000000,0.000000000,-0.000000000,4994835,4994837,4994838,4994840,4994841,4994854,4994855,4994873
1285,4724,10,273,0,1,1,31,0,18500,1081,82.013022,-4.792220,0.032867,0.000000,0.000000,0.000000,-0.021240,-0.064575,1.009277,-1.167665,-3.637265,0.000000000,-0.000000000,0.000000000,-0.000000000,0.000000000,-0.000000000,5004837,5004839,5004840,5004843,5004843,5004856,5004857,5004875
1316,4734,10,274,0,1,1,31,0,18500,1081,82.013022,-4.792220,0.032957,0.000000,0.000000,0.000000,-0.020752,-0.065063,1.010376,-1.171922,-3.641685,0.000000000,-0.000000000,0.000000000,-0.000000000,0.000000000,-0.000000000,5014837,5014839,5014840,5014843,5014843,5014856,5014857,5014876
1316,4744,10,275,0,1,1,31,0,18500,1081,82.013022,-4.792220,0.033191,0.000000,0.000000,0.000000,-0.021484,-0.065308,1.008911,-1.180016,-3.653044,0.000000000,-0.000000000,0.000000000,-0.000000000,0.000000000,-0.000000000,5024836,5024838,5024839,5024841,5024842,5024855,5024856,5024874
1316,4754,10,276,0,1,1,31,0,18500,1081,82.013022,-4.792220,0.033067,0.000000,0.000000,0.000000,-0.021729,-0.063843,1.009033,-1.184145,-3.647026,0.000000000,-0.000000000,0.000000000,-0.000000000,0.000000000,-0.000000000,5034836,5034839,5034840,5034842,5034843,5034856,5034857,5034876
1332,4764,10,277,0,1,1,31,0,18500,1081,82.013022,-4.792220,0.033205,0.000000,0.000000,0.000000,-0.020874,-0.065063,1.010254,-1.180701,-3.653700,0.000000000,-0.000000000,0.000000000,-0.000000000,0.000000000,-0.000000000,5044837,5044839,5044840,5044842,5044843,5044856,5044857,5044876
1332,4774,10,278,0,1,1,31,0,18500,1081,82.013022,-4.792220,0.033244,0.000000,0.000000,0.000000,-0.020508,-0.065186,1.009521,-1.177214,-3.655583,0.000000000,-0.000000000,0.000000000,-0.000000000,0.000000000,-0.000000000,5054835,5054837,5054838,5054841,5054841,5054854,5054855,5054874
1347,4784,10,279,0,1,1,31,0,18500,1081,82.013022,-4.792220,0.033285,0.000000,0.000000,0.000000,-0.021362,-0.065308,1.008301,-1.170971,-3.657575,0.000000000,-0.000000000,0.000000000,-0.000000000,0.000000000,-0.000000000,5064837,5064839,5064840,5064842,5064843,5064856,5064856,5064876
1347,4794,10,280,0,1,1,31,0,18500,1081,82.013022,-4.792220,0.033339,0.000000,0.000000,0.000000,-0.020020,-0.064819,1.008789,-1.167971,-3.660250,0.000000000,-0.000000000,0.000000000,-0.000000000,0.000000000,-0.000000000,5074836,5074839,5074840,5074842,5074842,5074855,5074856,5074875
1363,4804,10,281,0,1,1,31,0,18500,1081,82.013022,-4.792220,0.033042,0.000000,0.000000,0.000000,-0.021484,-0.064331,1.010132,-1.175760,-3.645733,0.000000000,-0.000000000,0.000000000,-0.000000000,0.000000000,-0.000000000,5084835,5084838,5084838,5084841,5084841,5084854,5084855,5084874
1379,4814,10,282,0,1,1,31,0,18500,1081,82.013022,-4.792220,0.033246,0.000000,0.000000,0.000000,-0.021484,-0.065063,1.009521,-1.183158,-3.655630,0.000000000,-0.000000000,0.000000000,-0.000000000,0.000000000,-0.000000000,5094841,5094844,5094845,5094847,5094848,5094862,5094863,5094882
1379,4824,10,283,0,1,1,31,0,18500,1081,82.013022,-4.792220,0.033194,0.000000,0.000000,0.000000,-0.021484,-0.064575,1.008667,-1.184304,-3.653144,0.000000000,-0.000000000,0.000000000,-0.000000000,0.000000000,-0.000000000,5104838,5104841,5104842,5104844,5104845,5104858,5104859,5104878
1410,4834,10,284,0,1,1,31,0,18500,1081,82.013022,-4.792220,0.033149,0.000000,0.000000,0.000000,-0.020264,-0.064453,1.009399,-1.177297,-3.650922,0.000000000,-0.000000000,0.000000000,-0.000000000,0.000000000,-0.000000000,5114835,5114837,5114838,5114841,5114841,5114854,5114855,5114874
1410,4844,10,285,0,1,1,31,0,18500,1081,82.013022,-4.792220,0.033162,0.000000,0.000000,0.000000,-0.020752,-0.064819,1.008545,-1.170088,-3.651558,0.000000000,-0.000000000,0.000000000,-0.000000000,0.000000000,-0.000000000,5124837,5124840,5124840,5124843,5124843,5124856,5124857,5124876
1410,4854,10,286,0,1,1,31,0,18500,1081,82.013022,-4.792220,0.033333,0.000000,0.000000,0.000000,-0.021484,-0.065552,1.009399,-1.174449,-3.659903,0.000000000,-0.000000000,0.000000000,-0.000000000,0.000000000,-0.000000000,5134837,5134839,5134840,5134843,5134843,5134856,5134857,5134876
1441,4864,10,287,0,1,1,31,0,18500,1081,82.013022,-4.792220,0.033406,0.000000,0.000000,0.000000,-0.021240,-0.065063,1.009155,-1.170709,-3.663481,0.000000000,-0.000000000,0.000000000,-0.000000000,0.000000000,-0.000000000,5144836,5144839,5144840,5144842,5144843,5144856,5144856,5144875
1441,4874,10,288,0,1,1,31,0,18500,1081,82.013022,-4.792220,0.033442,0.000000,0.000000,0.000000,-0.020996,-0.064941,1.007935,-1.172186,-3.665219,0.000000000,-0.000000000,0.000000000,-0.000000000,0.000000000,-0.000000000,5154838,5154841,5154841,5154843,5154844,5154857,5154858,5154877
1441,4884,10,289,0,1,1,31,0,18500,1081,82.013022,-4.792220,0.033478,0.000000,0.000000,0.000000,-0.020752,-0.065430,1.010132,-1.171432,-3.666968,0.000000000,-0.000000000,0.000000000,-0.000000000,0.000000000,-0.000000000,5164837,5164840,5164841,5164843,5164844,5164857,5164857,5164876
1458,4894,10,290,0,1,1,31,0,18500,1081,82.013022,-4.792220,0.033238,0.000000,0.000000,0.000000,-0.020386,-0.063354,1.009277,-1.165056,-3.655216,0.000000000,-0.000000000,0.000000000,-0.000000000,0.000000000,-0.000000000,5174834,5174837,5174838,5174840,5174841,5174854,5174855,5174873
1458,4904,10,291,0,1,1,31,0,18500,1081,82.013022,-4.792220,0.033216,0.000000,0.000000,0.000000,-0.021851,-0.064453,1.009277,-1.169923,-3.654155,0.000000000,-0.000000000,0.000000000,-0.000000000,0.000000000,-0.000000000,5184837,5184839,5184840,5184843,5184843,5184856,5184857,5184876
1472,4914,10,292,0,1,1,31,0,18500,1081,82.013022,-4.792220,0.033070,0.000000,0.000000,0.000000,-0.020386,-0.064209,1.009033,-1.162652,-3.647006,0.000000000,-0.000000000,0.000000000,-0.000000000,0.000000000,-0.000000000,5194836,5194839,5194839,5194842,5194842,5194855,5194856,5194875
1489,4924,10,293,0,1,1,31,0,18500,1081,82.013022,-4.792220,0.032949,0.000000,0.000000,0.000000,-0.020630,-0.063599,1.009644,-1.159971,-3.641053,0.000000000,-0.000000000,0.000000000,-0.000000000,0.000000000,-0.000000000,5204836,5204838,5204839,5204841,5204842,5204855,5204856,5204875
1489,4934,10,294,0,1,1,31,0,18500,1081,82.013022,-4.792220,0.032820,0.000000,0.000000,0.000000,-0.020264,-0.064087,1.008667,-1.161735,-3.634699,0.000000000,-0.000000000,0.000000000,-0.000000000,0.000000000,-0.000000000,5214837,5214840,5214841,5214843,5214844,5214857,5214858,5214877
1520,4944,10,295,0,1,1,31,0,18500,1081,82.013022,-4.792220,0.032822,0.000000,0.000000,0.000000,-0.022095,-0.064697,1.008423,-1.168025,-3.634812,0.000000000,-0.000000000,0.000000000,-0.000000000,0.000000000,-0.000000000,5224837,5224840,5224841,5224843,5224844,5224856,5224857,5224876
1520,4954,10,296,0,1,1,31,0,18500,1081,82.013022,-4.792220,0.032809,0.000000,0.000000,0.000000,-0.021240,-0.064575,1.008545,-1.173360,-3.634173,0.000000000,-0.000000000,0.000000000,-0.000000000,0.000000000,-0.000000000,5234835,5234838,5234838,5234841,5234841,5234854,5234855,5234874
1520,4964,10,297,0,1,1,31,0,18500,1081,82.013022,-4.792220,0.032983,0.000000,0.000000,0.000000,-0.021118,-0.065552,1.009399,-1.180560,-3.642603,0.000000000,-0.000000000,0.000000000,-0.000000000,0.000000000,-0.000000000,5244837,5244839,5244840,5244843,5244843,5244856,5244857,5244875
1550,4974,10,298,0,1,1,31,0,18500,1081,82.013022,-4.792220,0.032822,0.000000,0.000000,0.000000,-0.019531,-0.063721,1.009521,-1.168817,-3.634766,0.000000000,-0.000000000,0.000000000,-0.000000000,0.000000000,-0.000000000,5254837,5254840,5254841,5254843,5254843,5254856,5254857,5254876
1550,4984,10,299,0,1,1,31,0,18500,1081,82.013022,-4.792220,0.032623,0.000000,0.000000,0.000000,-0.020996,-0.064575,1.009399,-1.166543,-3.625056,0.000000000,-0.000000000,0.000000000,-0.000000000,0.000000000,-0.000000000,5264835,5264837,5264838,5264841,5264841,5264854,5264855,5264874
1550,4994,10,300,0,1,1,31,0,18500,1081,82.013022,-4.792220,0.032724,0.000000,0.000000,0.000000,-0.020264,-0.064941,1.008545,-1.168381,-3.629982,0.000000000,-0.000000000,0.000000000,-0.000000000,0.000000000,-0.000000000,5274836,5274839,5274840,5274842,5274843,5274856,5274857,5274876
1582,5004,10,301,0,1,1,31,0,18500,1081,82.013022,-4.792220,0.032775,0.000000,0.000000,0.000000,-0.021484,-0.064331,1.009033,-1.174371,-3.632443,0.000000000,-0.000000000,0.000000000,-0.000000000,0.000000000,-0.000000000,5284837,5284840,5284841,5284843,5284844,5284857,5284857,5284876
1582,5014,10,302,0,1,1,31,0,18500,1081,82.013022,-4.792220,0.033007,0.000000,0.000000,0.000000,-0.020508,-0.065796,1.009033,-1.177199,-3.643723,0.000000000,-0.000000000,0.000000000,-0.000000000,0.000000000,-0.000000000,5294840,5294843,5294844,5294846,5294847,5294861,5294862,5294882
1582,5024,10,303,0,1,1,31,0,18500,1081,82.013022,-4.792220,0.032837,0.000000,0.000000,0.000000,-0.021973,-0.063110,1.010010,-1.188359,-3.635549,0.000000000,-0.000000000,0.000000000,-0.000000000,0.000000000,-0.000000000,5304840,5304843,5304843,5304846,5304847,5304860,5304860,5304880
1612,5034,10,304,0,1,1,31,0,18500,1081,82.013022,-4.792220,0.032967,0.000000,0.000000,0.000000,-0.020996,-0.065430,1.009644,-1.183193,-3.641815,0.000000000,-0.000000000,0.000000000,-0.000000000,0.000000000,-0.000000000,5314838,5314841,5314841,5314844,5314845,5314858,5314859,5314878
1612,5044,10,305,0,1,1,31,0,18500,1081,82.013022,-4.792220,0.032872,0.000000,0.000000,0.000000,-0.020996,-0.063354,1.009033,-1.187516,-3.637250,0.000000000,-0.000000000,0.000000000,-0.000000000,0.000000000,-0.000000000,5324835,5324838,5324839,5324841,5324841,5324854,5324855,5324874
1612,5054,10,306,0,1,1,31,0,18500,1081,82.013022,-4.792220,0.032611,0.000000,0.000000,0.000000,-0.019775,-0.062744,1.008301,-1.171654,-3.624575,0.000000000,-0.000000000,0.000000000,-0.000000000,0.000000000,-0.000000000,5334837,5334839,5334840,5334843,5334843,5334856,5334857,5334876
1643,5064,10,307,0,1,1,31,0,18500,1081,82.013022,-4.792220,0.032601,0.000000,0.000000,0.000000,-0.019897,-0.064331,1.009766,-1.162639,-3.624069,0.000000000,-0.000000000,0.000000000,-0.000000000,0.000000000,-0.000000000,5344837,5344840,5344841,5344843,5344844,5344857,5344858,5344876
1643,5074,10,308,0,1,1,31,0,18500,1081,82.013022,-4.792220,0.032485,0.000000,0.000000,0.000000,-0.020752,-0.064453,1.008911,-1.156886,-3.618366,0.000000000,-0.000000000,0.000000000,-0.000000000,0.000000000,-0.000000000,5354835,5354837,5354838,5354841,5354841,5354854,5354855,5354874
1643,5084,10,309,0,1,1,31,0,18500,1081,82.013022,-4.792220,0.032787,0.000000,0.000000,0.000000,-0.021484,-0.065552,1.009155,-1.161355,-3.633279,0.000000000,-0.000000000,0.000000000,-0.000000000,0.000000000,-0.000000000,5364838,5364841,5364841,5364844,5364844,5364857,5364858,5364877
1658,5094,10,310,0,1,1,31,0,18500,1081,82.013022,-4.792220,0.032858,0.000000,0.000000,0.000000,-0.021240,-0.064575,1.008179,-1.165162,-3.636732,0.000000000,-0.000000000,0.000000000,-0.000000000,0.000000000,-0.000000000,5374837,5374840,5374840,5374843,5374843,5374856,5374857,5374876
1658,5104,10,311,0,1,1,31,0,18500,1081,82.013022,-4.792220,0.032820,0.000000,0.000000,0.000000,-0.019897,-0.064697,1.007935,-1.162462,-3.634905,0.000000000,-0.000000000,0.000000000,-0.000000000,0.000000000,-0.000000000,5384835,5384838,5384839,5384841,5384841,5384854,5384855,5384874
1674,5114,10,312,0,1,1,31,0,18500,1081,82.013022,-4.792220,0.032860,0.000000,0.000000,0.000000,-0.020386,-0.064697,1.008667,-1.154852,-3.636891,0.000000000,-0.000000000,0.000000000,-0.000000000,0.000000000,-0.000000000,5394837,5394840,5394840,5394843,5394843,5394856,5394857,5394876
1689,5124,10,313,0,1,1,31,0,18500,1081,82.013022,-4.792220,0.033025,0.000000,0.000000,0.000000,-0.020386,-0.064941,1.009521,-1.153381,-3.645048,0.000000000,-0.000000000,0.000000000,-0.000000000,0.000000000,-0.000000000,5404838,5404840,5404841,5404843,5404844,5404857,5404858,5404876
1689,5134,10,314,0,1,1,31,0,18500,1081,82.013022,-4.792220,0.033020,0.000000,0.000000,0.000000,-0.022949,-0.065186,1.008667,-1.173775,-3.644749,0.000000000,-0.000000000,0.000000000,-0.000000000,0.000000000,-0.000000000,5414835,5414838,5414838,5414841,5414841,5414854,5414855,5414874
1705,5144,10,315,0,1,1,31,0,18500,1081,82.013022,-4.792220,0.033092,0.000000,0.000000,0.000000,-0.021118,-0.064331,1.009033,-1.181342,-3.648272,0.000000000,-0.000000000,0.000000000,-0.000000000,0.000000000,-0.000000000,5424837,5424840,5424840,5424843,5424843,5424856,5424857,5424876
1720,5154,10,316,0,1,1,31,0,18500,1081,82.013022,-4.792220,0.033055,0.000000,0.000000,0.000000,-0.020508,-0.064697,1.009644,-1.175382,-3.646455,0.000000000,-0.000000000,0.000000000,-0.000000000,0.000000000,-0.000000000,5434835,5434838,5434838,5434841,5434841,5434854,5434855,5434874
1720,5164,10,317,0,1,1,31,0,18500,1081,82.013022,-4.792220,0.032848,0.000000,0.000000,0.000000,-0.020386,-0.064209,1.010132,-1.172651,-3.636390,0.000000000,-0.000000000,0.000000000,-0.000000000,0.000000000,-0.000000000,5444838,5444840,5444841,5444843,5444844,5444857,5444858,5444877
1736,5174,10,318,0,1,1,31,0,18500,1081,82.013022,-4.792220,0.032725,0.000000,0.000000,0.000000,-0.020020,-0.064453,1.008789,-1.165887,-3.630390,0.000000000,-0.000000000,0.000000000,-0.000000000,0.000000000,-0.000000000,5454837,5454840,5454840,5454843,5454843,5454856,5454857,5454876
1751,5184,10,319,0,1,1,31,0,18500,1081,82.013022,-4.792220,0.032869,0.000000,0.000000,0.000000,-0.020752,-0.066162,1.009766,-1.168892,-3.637445,0.000000000,-0.000000000,0.000000000,-0.000000000,0.000000000,-0.000000000,5464837,5464840,5464841,5464843,5464843,5464856,5464857,5464876
1751,5194,10,320,0,1,1,31,0,18500,1081,82.013022,-4.792220,0.032925,0.000000,0.000000,0.000000,-0.021973,-0.064697,1.009277,-1.177168,-3.640200,0.000000000,-0.000000000,0.000000000,-0.000000000,0.000000000,-0.000000000,5474835,5474838,5474839,5474841,5474842,5474855,5474855,5474874
1767,5204,10,321,0,1,1,31,0,18500,1081,82.013022,-4.792220,0.033017,0.000000,0.000000,0.000000,-0.023071,-0.065674,1.009521,-1.190413,-3.644605,0.000000000,-0.000000000,0.000000000,-0.000000000,0.000000000,-0.000000000,5484838,5484841,5484842,5484844,5484845,5484858,5484859,5484877
1767,5214,10,322,0,1,1,31,0,18500,1081,82.013022,-4.792220,0.033113,0.000000,0.000000,0.000000,-0.021118,-0.065552,1.008423,-1.193011,-3.649193,0.000000000,-0.000000000,0.000000000,-0.000000000,0.000000000,-0.000000000,5494843,5494846,5494846,5494848,5494849,5494863,5494864,5494884
1782,5224,10,323,0,1,1,31,0,18500,1081,82.013022,-4.792220,0.033158,0.000000,0.000000,0.000000,-0.021240,-0.064453,1.009888,-1.187130,-3.651368,0.000000000,-0.000000000,0.000000000,-0.000000000,0.000000000,-0.000000000,5504837,5504840,5504840,5504843,5504843,5504857,5504857,5504877
1798,5234,10,324,0,1,1,31,0,18500,1081,82.013022,-4.792220,0.033065,0.000000,0.000000,0.000000,-0.021851,-0.064819,1.009155,-1.192049,-3.646892,0.000000000,-0.000000000,0.000000000,-0.000000000,0.000000000,-0.000000000,5514838,5514841,5514842,5514844,5514845,5514858,5514859,5514878
1798,5244,10,325,0,1,1,31,0,18500,1081,82.013022,-4.792220,0.032897,0.000000,0.000000,0.000000,-0.021606,-0.063477,1.010132,-1.194351,-3.638852,0.000000000,-0.000000000,0.000000000,-0.000000000,0.000000000,-0.000000000,5524838,5524841,5524842,5524844,5524845,5524858,5524858,5524877
1813,5254,10,326,0,1,1,31,0,18500,1081,82.013022,-4.792220,0.032942,0.000000,0.000000,0.000000,-0.020508,-0.065308,1.008057,-1.194267,-3.640974,0.000000000,-0.000000000,0.000000000,-0.000000000,0.000000000,-0.000000000,5534835,5534838,5534839,5534841,5534842,5534855,5534856,5534874
1828,5264,10,327,0,1,1,31,0,18500,1081,82.013022,-4.792220,0.033049,0.000000,0.000000,0.000000,-0.021118,-0.064941,1.009277,-1.193241,-3.646104,0.000000000,-0.000000000,0.000000000,-0.000000000,0.000000000,-0.000000000,5544838,5544841,5544842,5544844,5544845,5544858,5544859,5544878
1828,5274,10,328,0,1,1,31,0,18500,1081,82.013022,-4.792220,0.033133,0.000000,0.000000,0.000000,-0.021484,-0.065430,1.008789,-1.197697,-3.650096,0.000000000,-0.000000000,0.000000000,-0.000000000,0.000000000,-0.000000000,5554837,5554840,5554840,5554843,5554843,5554856,5554857,5554876
1843,5284,10,329,0,1,1,31,0,18500,1081,82.013022,-4.792220,0.033009,0.000000,0.000000,0.000000,-0.019775,-0.063721,1.008911,-1.185445,-3.644165,0.000000000,-0.000000000,0.000000000,-0.000000000,0.000000000,-0.000000000,5564835,5564838,5564839,5564841,5564842,5564855,5564855,5564875
1859,5294,10,330,0,1,1,31,0,18500,1081,82.013022,-4.792220,0.032701,0.000000,0.000000,0.000000,-0.020752,-0.062988,1.010742,-1.182217,-3.629292,0.000000000,-0.000000000,0.000000000,-0.000000000,0.000000000,-0.000000000,5574837,5574840,5574841,5574843,5574843,5574856,5574857,5574876
1859,5304,10,331,0,1,1,31,0,18500,1081,82.013022,-4.792220,0.032822,0.000000,0.000000,0.000000,-0.022461,-0.065063,1.008667,-1.188379,-3.635140,0.000000000,-0.000000000,0.000000000,-0.000000000,0.000000000,-0.000000000,5584838,5584841,5584841,5584844,5584844,5584857,5584858,5584877
1874,5314,10,332,0,1,1,31,0,18500,1081,82.013022,-4.792220,0.032975,0.000000,0.000000,0.000000,-0.021606,-0.065308,1.009155,-1.193404,-3.642501,0.000000000,-0.000000000,0.000000000,-0.000000000,0.000000000,-0.000000000,5594836,5594839,5594839,5594841,5594842,5594855,5594856,5594875
1889,5324,10,333,0,1,1,31,0,18500,1081,82.013022,-4.792220,0.032970,0.000000,0.000000,0.000000,-0.019531,-0.063599,1.008179,-1.187011,-3.642234,0.000000000,-0.000000000,0.000000000,-0.000000000,0.000000000,-0.000000000,5604838,5604840,5604841,5604843,5604844,5604857,5604858,5604877
1889,5334,10,334,0,1,1,31,0,18500,1081,82.013022,-4.792220,0.032773,0.000000,0.000000,0.000000,-0.021729,-0.063232,1.008057,-1.195654,-3.632814,0.000000000,-0.000000000,0.000000000,-0.000000000,0.000000000,-0.000000000,5614838,5614841,5614841,5614844,5614844,5614857,5614858,5614877
1904,5344,10,335,0,1,1,31,0,18500,1081,82.013022,-4.792220,0.032641,0.000000,0.000000,0.000000,-0.020874,-0.063599,1.008301,-1.192669,-3.626500,0.000000000,-0.000000000,0.000000000,-0.000000000,0.000000000,-0.000000000,5624835,5624838,5624839,5624841,5624842,5624854,5624855,5624874
1919,5354,10,336,0,1,1,31,0,18500,1081,82.013022,-4.792220,0.032837,0.000000,0.000000,0.000000,-0.020874,-0.065918,1.009521,-1.180675,-3.635944,0.000000000,-0.000000000,0.000000000,-0.000000000,0.000000000,-0.000000000,5634837,5634840,5634841,5634843,5634844,5634856,5634857,5634876
1919,5364,10,337,0,1,1,31,0,18500,1081,82.013022,-4.792220,0.032795,0.000000,0.000000,0.000000,-0.019531,-0.064697,1.008301,-1.169586,-3.633937,0.000000000,-0.000000000,0.000000000,-0.000000000,0.000000000,-0.000000000,5644837,5644840,5644841,5644843,5644844,5644857,5644858,5644877
1935,5374,10,338,0,1,1,31,0,18500,1081,82.013022,-4.792220,0.032853,0.000000,0.000000,0.000000,-0.021118,-0.065186,1.009521,-1.164361,-3.636771,0.000000000,-0.000000000,0.000000000,-0.000000000,0.000000000,-0.000000000,5654836,5654839,5654840,5654842,5654843,5654855,5654856,5654875
1950,5384,10,339,0,1,1,31,0,18500,1081,82.013022,-4.792220,0.032606,0.000000,0.000000,0.000000,-0.020264,-0.063110,1.009888,-1.159604,-3.624638,0.000000000,-0.000000000,0.000000000,-0.000000000,0.000000000,-0.000000000,5664838,5664841,5664841,5664844,5664844,5664857,5664858,5664877
1950,5394,10,340,0,1,1,31,0,18500,1081,82.013022,-4.792220,0.032598,0.000000,0.000000,0.000000,-0.020996,-0.064453,1.008911,-1.164456,-3.624243,0.000000000,-0.000000000,0.000000000,-0.000000000,0.000000000,-0.000000000,5674837,5674840,5674841,5674843,5674844,5674857,5674857,5674876
1966,5404,10,341,0,1,1,31,0,18500,1081,82.013022,-4.792220,0.032597,0.000000,0.000000,0.000000,-0.020752,-0.064209,1.009033,-1.162255,-3.624189,0.000000000,-0.000000000,0.000000000,-0.000000000,0.000000000,-0.000000000,5684836,5684839,5684839,5684842,5684842,5684855,5684856,5684875
1982,5414,10,342,0,1,1,31,0,18500,1081,82.013022,-4.792220,0.032501,0.000000,0.000000,0.000000,-0.020630,-0.064087,1.009888,-1.165230,-3.619465,0.000000000,-0.000000000,0.000000000,-0.000000000,0.000000000,-0.000000000,5694843,5694846,5694847,5694849,5694850,5694864,5694865,5694885
1982,5424,10,343,0,1,1,31,0,18500,1081,82.013022,-4.792220,0.032483,0.000000,0.000000,0.000000,-0.021484,-0.064087,1.010620,-1.169098,-3.618611,0.000000000,-0.000000000,0.000000000,-0.000000000,0.000000000,-0.000000000,5704840,5704843,5704844,5704846,5704847,5704860,5704861,5704880
1997,5434,10,344,0,1,1,31,0,18500,1081,82.013022,-4.792220,0.032448,0.000000,0.000000,0.000000,-0.020142,-0.064087,1.008179,-1.163617,-3.616884,0.000000000,-0.000000000,0.000000000,-0.000000000,0.000000000,-0.000000000,5714836,5714839,5714840,5714842,5714843,5714856,5714857,5714876
2013,5444,10,345,0,1,1,31,0,18500,1081,82.013022,-4.792220,0.032645,0.000000,0.000000,0.000000,-0.020752,-0.065918,1.010010,-1.164149,-3.626559,0.000000000,-0.000000000,0.000000000,-0.000000000,0.000000000,-0.000000000,5724838,5724840,5724841,5724843,5724844,5724857,5724858,5724877
2013,5454,10,346,0,1,1,31,0,18500,1081,82.013022,-4.792220,0.032812,0.000000,0.000000,0.000000,-0.020264,-0.064453,1.009277,-1.165758,-3.634721,0.000000000,-0.000000000,0.000000000,-0.000000000,0.000000000,-0.000000000,5734839,5734841,5734842,5734844,5734845,5734858,5734859,5734878
2028,5464,10,347,0,1,1,31,0,18500,1081,82.013022,-4.792220,0.033067,0.000000,0.000000,0.000000,-0.020264,-0.066040,1.007935,-1.164917,-3.647192,0.000000000,-0.000000000,0.000000000,-0.000000000,0.000000000,-0.000000000,5744837,5744840,5744841,5744843,5744844,5744856,5744857,5744876
2028,5474,10,348,0,1,1,31,0,18500,1081,82.013022,-4.792220,0.032999,0.000000,0.000000,0.000000,-0.020996,-0.064453,1.010864,-1.166525,-3.643868,0.000000000,-0.000000000,0.000000000,-0.000000000,0.000000000,-0.000000000,5754838,5754841,5754841,5754844,5754844,5754857,5754858,5754877
2043,5484,10,349,0,1,1,31,0,18500,1081,82.013022,-4.792220,0.033010,0.000000,0.000000,0.000000,-0.020142,-0.063965,1.009644,-1.163016,-3.644429,0.000000000,-0.000000000,0.000000000,-0.000000000,0.000000000,-0.000000000,5764836,5764839,5764839,5764841,5764842,5764855,5764856,5764875
2059,5494,10,350,0,1,1,31,0,18500,1081,82.013022,-4.792220,0.032967,0.000000,0.000000,0.000000,-0.020264,-0.065063,1.009033,-1.163051,-3.642286,0.000000000,-0.000000000,0.000000000,-0.000000000,0.000000000,-0.000000000,5774838,5774841,5774841,5774843,5774844,5774857,5774858,5774877
2059,5504,10,351,0,1,1,31,0,18500,1081,82.013022,-4.792220,0.032901,0.000000,0.000000,0.000000,-0.020386,-0.064331,1.009155,-1.165434,-3.639054,0.000000000,-0.000000000,0.000000000,-0.000000000,0.000000000,-0.000000000,5784838,5784841,5784841,5784844,5784844,5784858,5784858,5784878
2074,5514,10,352,0,1,1,31,0,18500,1081,82.013022,-4.792220,0.032977,0.000000,0.000000,0.000000,-0.020874,-0.064575,1.008545,-1.169920,-3.642805,0.000000000,-0.000000000,0.000000000,-0.000000000,0.000000000,-0.000000000,5794838,5794841,5794842,5794844,5794845,5794858,5794858,5794877
2089,5524,10,353,0,1,1,31,0,18500,1081,82.013022,-4.792220,0.032872,0.000000,0.000000,0.000000,-0.020874,-0.064941,1.009033,-1.163578,-3.637668,0.000000000,-0.000000000,0.000000000,-0.000000000,0.000000000,-0.000000000,5804836,5804839,5804840,5804842,5804843,5804856,5804857,5804875
2089,5534,10,354,0,1,1,31,0,18500,1081,82.013022,-4.792220,0.033144,0.000000,0.000000,0.000000,-0.020996,-0.066406,1.009766,-1.162601,-3.651017,0.000000000,-0.000000000,0.000000000,-0.000000000,0.000000000,-0.000000000,5814837,5814840,5814841,5814843,5814844,5814857,5814857,5814876
2105,5544,10,355,0,1,1,31,0,18500,1081,82.013022,-4.792220,0.033281,0.000000,0.000000,0.000000,-0.020996,-0.065430,1.009766,-1.162944,-3.657738,0.000000000,-0.000000000,0.000000000,-0.000000000,0.000000000,-0.000000000,5824839,5824842,5824842,5824844,5824845,5824858,5824859,5824878
2122,5554,10,356,0,1,1,31,0,18500,1081,82.013022,-4.792220,0.033247,0.000000,0.000000,0.000000,-0.020630,-0.064575,1.010010,-1.160084,-3.656071,0.000000000,-0.000000000,0.000000000,-0.000000000,0.000000000,-0.000000000,5834836,5834839,5834840,5834842,5834843,5834856,5834856,5834875
2122,5564,10,357,0,1,1,31,0,18500,1081,82.013022,-4.792220,0.033340,0.000000,0.000000,0.000000,-0.020874,-0.064453,1.009644,-1.160740,-3.660655,0.000000000,-0.000000000,0.000000000,-0.000000000,0.000000000,-0.000000000,5844838,5844841,5844841,5844844,5844844,5844857,5844858,5844877
2137,5574,10,358,0,1,1,31,0,18500,1081,82.013022,-4.792220,0.033328,0.000000,0.000000,0.000000,-0.019897,-0.064331,1.008667,-1.159971,-3.660083,0.000000000,-0.000000000,0.000000000,-0.000000000,0.000000000,-0.000000000,5854838,5854841,5854842,5854844,5854845,5854858,5854858,5854877
2137,5584,10,359,0,1,1,31,0,18500,1081,82.013022,-4.792220,0.033435,0.000000,0.000000,0.000000,-0.021729,-0.066528,1.009521,-1.165857,-3.665299,0.000000000,-0.000000000,0.000000000,-0.000000000,0.000000000,-0.000000000,5864835,5864838,5864839,5864841,5864842,5864855,5864856,5864874
2152,5594,10,360,0,1,1,31,0,18500,1081,82.013022,-4.792220,0.033495,0.000000,0.000000,0.000000,-0.020630,-0.065552,1.010132,-1.167113,-3.668268,0.000000000,-0.000000000,0.000000000,-0.000000000,0.000000000,-0.000000000,5874838,5874841,5874842,5874844,5874844,5874857,5874858,5874877
2168,5604,10,361,0,1,1,31,0,18500,1081,82.013022,-4.792220,0.033165,0.000000,0.000000,0.000000,-0.020752,-0.063599,1.009277,-1.165071,-3.652073,0.000000000,-0.000000000,0.000000000,-0.000000000,0.000000000,-0.000000000,5884838,5884841,5884841,5884844,5884844,5884857,5884858,5884877
2168,5614,10,362,0,1,1,31,0,18500,1081,82.013022,-4.792220,0.032987,0.000000,0.000000,0.000000,-0.020752,-0.064453,1.010010,-1.163150,-3.643327,0.000000000,-0.000000000,0.000000000,-0.000000000,0.000000000,-0.000000000,5894841,5894844,5894845,5894847,5894848,5894863,5894863,5894883
2184,5624,10,363,0,1,1,31,0,18500,1081,82.013022,-4.792220,0.032947,0.000000,0.000000,0.000000,-0.021484,-0.064087,1.010132,-1.161829,-3.641375,0.000000000,-0.000000000,0.000000000,-0.000000000,0.000000000,-0.000000000,5904841,5904844,5904845,5904847,5904847,5904861,5904862,5904881
2200,5634,10,364,0,1,1,31,0,18500,1081,82.013022,-4.792220,0.032899,0.000000,0.000000,0.000000,-0.019897,-0.064697,1.009033,-1.159653,-3.639006,0.000000000,-0.000000000,0.000000000,-0.000000000,0.000000000,-0.000000000,5914836,5914838,5914839,5914841,5914842,5914855,5914856,5914875
2200,5644,10,365,0,1,1,31,0,18500,1081,82.013022,-4.792220,0.032534,0.000000,0.000000,0.000000,-0.020630,-0.061646,1.008789,-1.160496,-3.621067,0.000000000,-0.000000000,0.000000000,-0.000000000,0.000000000,-0.000000000,5924839,5924841,5924842,5924844,5924845,5924858,5924859,5924878
2216,5654,10,366,0,1,1,31,0,18500,1081,82.013022,-4.792220,0.032317,0.000000,0.000000,0.000000,-0.022095,-0.064087,1.010742,-1.165582,-3.610393,0.000000000,-0.000000000,0.000000000,-0.000000000,0.000000000,-0.000000000,5934838,5934841,5934841,5934844,5934845,5934857,5934858,5934877
2231,5664,10,367,0,1,1,31,0,18500,1081,82.013022,-4.792220,0.032368,0.000000,0.000000,0.000000,-0.021362,-0.064575,1.009033,-1.171403,-3.612840,0.000000000,-0.000000000,0.000000000,-0.000000000,0.000000000,-0.000000000,5944839,5944842,5944843,5944845,5944845,5944858,5944859,5944878
2231,5674,10,368,0,1,1,31,0,18500,1081,82.013022,-4.792220,0.032525,0.000000,0.000000,0.000000,-0.020264,-0.064697,1.010498,-1.164766,-3.620519,0.000000000,-0.000000000,0.000000000,-0.000000000,0.000000000,-0.000000000,5954836,5954839,5954840,5954842,5954843,5954856,5954856,5954875
2246,5684,10,369,0,1,1,31,0,18500,1081,82.013022,-4.792220,0.032451,0.000000,0.000000,0.000000,-0.020630,-0.064087,1.008911,-1.166587,-3.616898,0.000000000,-0.000000000,0.000000000,-0.000000000,0.000000000,-0.000000000,5964838,5964841,5964842,5964844,5964845,5964858,5964858,5964877
2262,5694,10,370,0,1,1,31,0,18500,1081,82.013022,-4.792220,0.032643,0.000000,0.000000,0.000000,-0.020264,-0.064819,1.009399,-1.169466,-3.626288,0.000000000,-0.000000000,0.000000000,-0.000000000,0.000000000,-0.000000000,5974839,5974841,5974842,5974845,5974845,5974858,5974859,5974878
2262,5704,10,371,0,1,1,31,0,18500,1081,82.013022,-4.792220,0.032792,0.000000,0.000000,0.000000,-0.020996,-0.065186,1.008667,-1.173258,-3.633535,0.000000000,-0.000000000,0.000000000,-0.000000000,0.000000000,-0.000000000,5984836,5984839,5984840,5984842,5984843,5984856,5984856,5984875
2277,5714,10,372,0,1,1,31,0,18500,1081,82.013022,-4.792220,0.032921,0.000000,0.000000,0.000000,-0.021362,-0.065186,1.009644,-1.177597,-3.639785,0.000000000,-0.000000000,0.000000000,-0.000000000,0.000000000,-0.000000000,5994839,5994842,5994842,5994844,5994845,5994858,5994859,5994878
2277,5724,10,373,0,1,1,31,0,18500,1081,82.013022,-4.792220,0.033033,0.000000,0.000000,0.000000,-0.021362,-0.065430,1.009277,-1.189602,-3.645209,0.000000000,-0.000000000,0.000000000,-0.000000000,0.000000000,-0.000000000,6004839,6004842,6004843,6004845,6004846,6004859,6004859,6004878
2292,5734,10,374,0,1,1,31,0,18500,1081,82.013022,-4.792220,0.032875,0.000000,0.000000,0.000000,-0.020752,-0.064087,1.008545,-1.188186,-3.637619,0.000000000,-0.000000000,0.000000000,-0.000000000,0.000000000,-0.000000000,6014837,6014839,6014840,6014843,6014843,6014856,6014857,6014876
2307,5744,10,375,0,1,1,31,0,18500,1081,82.013022,-4.792220,0.032905,0.000000,0.000000,0.000000,-0.020630,-0.064575,1.009277,-1.181739,-3.639036,0.000000000,-0.000000000,0.000000000,-0.000000000,0.000000000,-0.000000000,6024839,6024842,6024843,6024845,6024846,6024859,6024860,6024879
2307,5754,10,376,0,1,1,31,0,18500,1081,82.013022,-4.792220,0.032868,0.000000,0.000000,0.000000,-0.020630,-0.064331,1.009399,-1.179219,-3.637241,0.000000000,-0.000000000,0.000000000,-0.000000000,0.000000000,-0.000000000,6034839,6034842,6034843,6034845,6034845,6034858,6034859,6034878
2323,5764,10,377,0,1,1,31,0,18500,1081,82.013022,-4.792220,0.032746,0.000000,0.000000,0.000000,-0.022095,-0.064087,1.009644,-1.188350,-3.631381,0.000000000,-0.000000000,0.000000000,-0.000000000,0.000000000,-0.000000000,6044837,6044840,6044841,6044843,6044844,6044856,6044857,6044876
2338,5774,10,378,0,1,1,31,0,18500,1081,82.013022,-4.792220,0.032728,0.000000,0.000000,0.000000,-0.020630,-0.064941,1.009644,-1.180744,-3.630509,0.000000000,-0.000000000,0.000000000,-0.000000000,0.000000000,-0.000000000,6054838,6054841,6054842,6054844,6054845,6054858,6054858,6054877
2338,5784,10,379,0,1,1,31,0,18500,1081,82.013022,-4.792220,0.032702,0.000000,0.000000,0.000000,-0.020020,-0.064209,1.009277,-1.171986,-3.629263,0.000000000,-0.000000000,0.000000000,-0.000000000,0.000000000,-0.000000000,6064838,6064841,6064842,6064844,6064845,6064858,6064858,6064877
2354,5794,10,380,0,1,1,31,0,18500,1081,82.013022,-4.792220,0.032950,0.000000,0.000000,0.000000,-0.022217,-0.065430,1.007324,-1.178448,-3.641335,0.000000000,-0.000000000,0.000000000,-0.000000000,0.000000000,-0.000000000,6074837,6074840,6074841,6074843,6074844,6074857,6074857,6074876
2370,5804,10,381,0,1,1,31,0,18500,1081,82.013022,-4.792220,0.032958,0.000000,0.000000,0.000000,-0.019897,-0.065674,1.008545,-1.170586,-3.641742,0.000000000,-0.000000000,0.000000000,-0.000000000,0.000000000,-0.000000000,6084838,6084841,6084841,6084844,6084844,6084857,6084858,6084877
2370,5814,10,382,0,1,1,31,0,18500,1081,82.013022,-4.792220,0.032986,0.000000,0.000000,0.000000,-0.020142,-0.064575,1.009033,-1.170935,-3.643096,0.000000000,-0.000000000,0.000000000,-0.000000000,0.000000000,-0.000000000,6094842,6094844,6094845,6094847,6094848,6094863,6094863,6094883
2387,5824,10,383,0,1,1,31,0,18500,1081,82.013022,-4.792220,0.032969,0.000000,0.000000,0.000000,-0.022461,-0.064819,1.009888,-1.183376,-3.642249,0.000000000,-0.000000000,0.000000000,-0.000000000,0.000000000,-0.000000000,6104840,6104843,6104844,6104846,6104847,6104860,6104861,6104880
2401,5834,10,384,0,1,1,31,0,18500,1081,82.013022,-4.792220,0.033171,0.000000,0.000000,0.000000,-0.019897,-0.066162,1.009399,-1.182540,-3.652009,0.000000000,-0.000000000,0.000000000,-0.000000000,0.000000000,-0.000000000,6114840,6114842,6114843,6114845,6114846,6114859,6114860,6114879
2401,5844,10,385,0,1,1,31,0,18500,1081,82.013022,-4.792220,0.033024,0.000000,0.000000,0.000000,-0.020508,-0.064331,1.008545,-1.174894,-3.644893,0.000000000,-0.000000000,0.000000000,-0.000000000,0.000000000,-0.000000000,6124839,6124841,6124842,6124844,6124845,6124858,6124858,6124877
2418,5854,10,386,0,1,1,31,0,18500,1081,82.013022,-4.792220,0.032842,0.000000,0.000000,0.000000,-0.020386,-0.064941,1.009033,-1.170149,-3.636016,0.000000000,-0.000000000,0.000000000,-0.000000000,0.000000000,-0.000000000,6134836,6134839,6134840,6134842,6134843,6134855,6134856,6134875
2418,5864,10,387,0,1,1,31,0,18500,1081,82.013022,-4.792220,0.032761,0.000000,0.000000,0.000000,-0.018921,-0.064331,1.009277,-1.162253,-3.632050,0.000000000,-0.000000000,0.000000000,-0.000000000,0.000000000,-0.000000000,6144838,6144841,6144842,6144844,6144845,6144858,6144859,6144878
2433,5874,10,388,0,1,1,31,0,18500,1081,82.013022,-4.792220,0.032529,0.000000,0.000000,0.000000,-0.020874,-0.063232,1.010010,-1.156464,-3.620635,0.000000000,-0.000000000,0.000000000,-0.000000000,0.000000000,-0.000000000,6154838,6154841,6154842,6154844,6154844,6154857,6154858,6154877
2449,5884,10,389,0,1,1,31,0,18500,1081,82.013022,-4.792220,0.032616,0.000000,0.000000,0.000000,-0.020752,-0.065063,1.008667,-1.155068,-3.624920,0.000000000,-0.000000000,0.000000000,-0.000000000,0.000000000,-0.000000000,6164838,6164841,6164841,6164844,6164844,6164857,6164858,6164877
2449,5894,10,390,0,1,1,31,0,18500,1081,82.013022,-4.792220,0.032692,0.000000,0.000000,0.000000,-0.021606,-0.064941,1.009888,-1.163829,-3.628684,0.000000000,-0.000000000,0.000000000,-0.000000000,0.000000000,-0.000000000,6174839,6174842,6174843,6174845,6174846,6174859,6174859,6174878
2464,5904,10,391,0,1,1,31,0,18500,1081,82.013022,-4.792220,0.032835,0.000000,0.000000,0.000000,-0.020142,-0.065063,1.009399,-1.159609,-3.635675,0.000000000,-0.000000000,0.000000000,-0.000000000,0.000000000,-0.000000000,6184840,6184842,6184843,6184845,6184846,6184859,6184860,6184878
2480,5914,10,392,0,1,1,31,0,18500,1081,82.013022,-4.792220,0.033042,0.000000,0.000000,0.000000,-0.020630,-0.065796,1.010620,-1.157356,-3.645906,0.000000000,-0.000000000,0.000000000,-0.000000000,0.000000000,-0.000000000,6194837,6194840,6194840,6194843,6194843,6194856,6194857,6194876
2480,5924,10,393,0,1,1,31,0,18500,1081,82.013022,-4.792220,0.033242,0.000000,0.000000,0.000000,-0.020386,-0.064941,1.008301,-1.158512,-3.655753,0.000000000,-0.000000000,0.000000000,-0.000000000,0.000000000,-0.000000000,6204839,6204842,6204843,6204845,6204846,6204859,6204860,6204879
2495,5934,10,394,0,1,1,31,0,18500,1081,82.013022,-4.792220,0.033293,0.000000,0.000000,0.000000,-0.020386,-0.064209,1.008301,-1.154372,-3.658245,0.000000000,-0.000000000,0.000000000,-0.000000000,0.000000000,-0.000000000,6214840,6214843,6214844,6214846,6214847,6214860,6214861,6214880
2511,5944,10,395,0,1,1,31,0,18500,1081,82.013022,-4.792220,0.033494,0.000000,0.000000,0.000000,-0.020386,-0.065430,1.009399,-1.153033,-3.668209,0.000000000,-0.000000000,0.000000000,-0.000000000,0.000000000,-0.000000000,6224838,6224841,6224842,6224844,6224845,6224857,6224858,6224877
2511,5954,10,396,0,1,1,31,0,18500,1081,82.013022,-4.792220,0.033372,0.000000,0.000000,0.000000,-0.019897,-0.064087,1.007935,-1.147899,-3.662153,0.000000000,-0.000000000,0.000000000,-0.000000000,0.000000000,-0.000000000,6234839,6234842,6234843,6234845,6234846,6234859,6234859,6234878
2526,5964,10,397,0,1,1,31,0,18500,1081,82.013022,-4.792220,0.033316,0.000000,0.000000,0.000000,-0.021118,-0.064697,1.009155,-1.157899,-3.659364,0.000000000,-0.000000000,0.000000000,-0.000000000,0.000000000,-0.000000000,6244839,6244842,6244843,6244845,6244845,6244858,6244859,6244878
2541,5974,10,398,0,1,1,31,0,18500,1081,82.013022,-4.792220,0.033230,0.000000,0.000000,0.000000,-0.020630,-0.063843,1.010376,-1.160462,-3.655136,0.000000000,-0.000000000,0.000000000,-0.000000000,0.000000000,-0.000000000,6254837,6254839,6254840,6254843,6254843,6254856,6254857,6254876
2541,5984,10,399,0,1,1,31,0,18500,1081,82.013022,-4.792220,0.033062,0.000000,0.000000,0.000000,-0.019531,-0.063843,1.009033,-1.158516,-3.646879,0.000000000,-0.000000000,0.000000000,-0.000000000,0.000000000,-0.000000000,6264839,6264842,6264843,6264845,6264846,6264858,6264859,6264878
2556,5994,10,400,0,1,1,31,0,18500,1081,82.013022,-4.792220,0.032820,0.000000,0.000000,0.000000,-0.019775,-0.064331,1.008179,-1.159093,-3.634982,0.000000000,-0.000000000,0.000000000,-0.000000000,0.000000000,-0.000000000,6274839,6274842,6274842,6274844,6274845,6274858,6274859,6274877
2572,6004,10,401,0,1,1,31,0,18500,1081,82.013022,-4.792220,0.032914,0.000000,0.000000,0.000000,-0.022583,-0.065430,1.008789,-1.172127,-3.639612,0.000000000,-0.000000000,0.000000000,-0.000000000,0.000000000,-0.000000000,6284838,6284840,6284841,6284843,6284844,6284857,6284858,6284877
2572,6014,10,402,0,1,1,31,0,18500,1081,82.013022,-4.792220,0.032917,0.000000,0.000000,0.000000,-0.021729,-0.063721,1.009277,-1.182477,-3.639765,0.000000000,-0.000000000,0.000000000,-0.000000000,0.000000000,-0.000000000,6294845,6294848,6294848,6294851,6294852,6294866,6294867,6294886
2588,6024,10,403,0,1,1,31,0,18500,1081,82.013022,-4.792220,0.032857,0.000000,0.000000,0.000000,-0.021973,-0.064331,1.008789,-1.186717,-3.636842,0.000000000,-0.000000000,0.000000000,-0.000000000,0.000000000,-0.000000000,6304841,6304844,6304844,6304847,6304847,6304860,6304861,6304880
2588,6034,10,404,0,1,1,31,0,18500,1081,82.013022,-4.792220,0.033009,0.000000,0.000000,0.000000,-0.020630,-0.065430,1.009033,-1.186250,-3.644166,0.000000000,-0.000000000,0.000000000,-0.000000000,0.000000000,-0.000000000,6314837,6314840,6314841,6314843,6314844,6314857,6314858,6314877
2604,6044,10,405,0,1,1,31,0,18500,1081,82.013022,-4.792220,0.032844,0.000000,0.000000,0.000000,-0.022095,-0.063110,1.010254,-1.192979,-3.636243,0.000000000,-0.000000000,0.000000000,-0.000000000,0.000000000,-0.000000000,6324840,6324843,6324843,6324846,6324846,6324859,6324860,6324879
2619,6054,10,406,0,1,1,31,0,18500,1081,82.013022,-4.792220,0.032588,0.000000,0.000000,0.000000,-0.021729,-0.063354,1.009155,-1.193044,-3.624003,0.000000000,-0.000000000,0.000000000,-0.000000000,0.000000000,-0.000000000,6334840,6334843,6334843,6334846,6334847,6334860,6334860,6334879
2619,6064,10,407,0,1,1,31,0,18500,1081,82.013022,-4.792220,0.032592,0.000000,0.000000,0.000000,-0.021118,-0.064819,1.009155,-1.188330,-3.624209,0.000000000,-0.000000000,0.000000000,-0.000000000,0.000000000,-0.000000000,6344838,6344841,6344842,6344844,6344844,6344857,6344858,6344877
2635,6074,10,408,0,1,1,31,0,18500,1081,82.013022,-4.792220,0.032715,0.000000,0.000000,0.000000,-0.019287,-0.066040,1.008423,-1.174692,-3.630138,0.000000000,-0.000000000,0.000000000,-0.000000000,0.000000000,-0.000000000,6354840,6354842,6354843,6354845,6354846,6354859,6354860,6354879
2649,6084,10,409,0,1,1,31,0,18500,1081,82.013022,-4.792220,0.032989,0.000000,0.000000,0.000000,-0.022583,-0.065918,1.009766,-1.185472,-3.643455,0.000000000,-0.000000000,0.000000000,-0.000000000,0.000000000,-0.000000000,6364840,6364842,6364843,6364845,6364846,6364859,6364860,6364878
2649,6094,10,410,0,1,1,31,0,18500,1081,82.013022,-4.792220,0.033032,0.000000,0.000000,0.000000,-0.019409,-0.063965,1.009277,-1.177991,-3.645495,0.000000000,-0.000000000,0.000000000,-0.000000000,0.000000000,-0.000000000,6374837,6374840,6374841,6374843,6374844,6374857,6374857,6374876
2666,6104,10,411,0,1,1,31,0,18500,1081,82.013022,-4.792220,0.032893,0.000000,0.000000,0.000000,-0.021484,-0.063843,1.008545,-1.180962,-3.638778,0.000000000,-0.000000000,0.000000000,-0.000000000,0.000000000,-0.000000000,6384840,6384843,6384843,6384846,6384846,6384859,6384860,6384879
2681,6114,10,412,0,1,1,31,0,18500,1081,82.013022,-4.792220,0.032823,0.000000,0.000000,0.000000,-0.020874,-0.064331,1.009766,-1.180973,-3.635393,0.000000000,-0.000000000,0.000000000,-0.000000000,0.000000000,-0.000000000,6394839,6394842,6394843,6394845,6394846,6394859,6394859,6394878
2681,6124,10,413,0,1,1,31,0,18500,1081,82.013022,-4.792220,0.032661,0.000000,0.000000,0.000000,-0.021118,-0.062988,1.007080,-1.181315,-3.627523,0.000000000,-0.000000000,0.000000000,-0.000000000,0.000000000,-0.000000000,6404838,6404840,6404841,6404843,6404844,6404857,6404858,6404877
2698,6134,10,414,0,1,1,31,0,18500,1081,82.013022,-4.792220,0.032682,0.000000,0.000000,0.000000,-0.021484,-0.063965,1.008545,-1.185066,-3.628543,0.000000000,-0.000000000,0.000000000,-0.000000000,0.000000000,-0.000000000,6414839,6414842,6414843,6414845,6414846,6414859,6414860,6414879
2698,6144,10,415,0,1,1,31,0,18500,1081,82.013022,-4.792220,0.032550,0.000000,0.000000,0.000000,-0.021118,-0.063721,1.008911,-1.190679,-3.622213,0.000000000,-0.000000000,0.000000000,-0.000000000,0.000000000,-0.000000000,6424839,6424842,6424843,6424845,6424846,6424859,6424859,6424878
2713,6154,10,416,0,1,1,31,0,18500,1081,82.013022,-4.792220,0.032616,0.000000,0.000000,0.000000,-0.021118,-0.064453,1.008301,-1.188070,-3.625400,0.000000000,-0.000000000,0.000000000,-0.000000000,0.000000000,-0.000000000,6434837,6434840,6434840,6434843,6434843,6434856,6434857,6434876
2728,6164,10,417,0,1,1,31,0,18500,1081,82.013022,-4.792220,0.032560,0.000000,0.000000,0.000000,-0.020264,-0.064209,1.010498,-1.184218,-3.622707,0.000000000,-0.000000000,0.000000000,-0.000000000,0.000000000,-0.000000000,6444839,6444842,6444843,6444845,6444845,6444858,6444859,6444878
2728,6174,10,418,0,1,1,31,0,18500,1081,82.013022,-4.792220,0.032654,0.000000,0.000000,0.000000,-0.020630,-0.065186,1.008423,-1.176854,-3.627272,0.000000000,-0.000000000,0.000000000,-0.000000000,0.000000000,-0.000000000,6454839,6454842,6454843,6454845,6454846,6454859,6454859,6454878
2744,6184,10,419,0,1,1,31,0,18500,1081,82.013022,-4.792220,0.032600,0.000000,0.000000,0.000000,-0.021484,-0.064209,1.009399,-1.177836,-3.624633,0.000000000,-0.000000000,0.000000000,-0.000000000,0.000000000,-0.000000000,6464838,6464840,6464841,6464843,6464844,6464857,6464858,6464877
2759,6194,10,420,0,1,1,31,0,18500,1081,82.013022,-4.792220,0.032949,0.000000,0.000000,0.000000,-0.020996,-0.065308,1.010376,-1.178970,-3.641551,0.000000000,-0.000000000,0.000000000,-0.000000000,0.000000000,-0.000000000,6474840,6474843,6474843,6474846,6474846,6474859,6474860,6474879
2759,6204,10,421,0,1,1,31,0,18500,1081,82.013022,-4.792220,0.032873,0.000000,0.000000,0.000000,-0.021851,-0.064697,1.009399,-1.183155,-3.637850,0.000000000,-0.000000000,0.000000000,-0.000000000,0.000000000,-0.000000000,6484838,6484841,6484842,6484844,6484845,6484857,6484858,6484877
2775,6214,10,422,0,1,1,31,0,18500,1081,82.013022,-4.792220,0.032960,0.000000,0.000000,0.000000,-0.021484,-0.064453,1.009521,-1.190075,-3.642050,0.000000000,-0.000000000,0.000000000,-0.000000000,0.000000000,-0.000000000,6494844,6494847,6494848,6494850,6494851,6494865,6494866,6494886
2790,6224,10,423,0,1,1,31,0,18500,1081,82.013022,-4.792220,0.032958,0.000000,0.000000,0.000000,-0.019775,-0.064941,1.009155,-1.177930,-3.641963,0.000000000,-0.000000000,0.000000000,-0.000000000,0.000000000,-0.000000000,6504842,6504845,6504845,6504848,6504848,6504862,6504862,6504882
2790,6234,10,424,0,1,1,31,0,18500,1081,82.013022,-4.792220,0.032993,0.000000,0.000000,0.000000,-0.020996,-0.064941,1.009644,-1.176726,-3.643665,0.000000000,-0.000000000,0.000000000,-0.000000000,0.000000000,-0.000000000,6514840,6514843,6514843,6514846,6514846,6514859,6514859,6514878
2806,6244,10,425,0,1,1,31,0,18500,1081,82.013022,-4.792220,0.033123,0.000000,0.000000,0.000000,-0.019531,-0.067261,1.009644,-1.165706,-3.650042,0.000000000,-0.000000000,0.000000000,-0.000000000,0.000000000,-0.000000000,6524838,6524841,6524841,6524844,6524844,6524857,6524858,6524877
2822,6254,10,426,0,1,1,31,0,18500,1081,82.013022,-4.792220,0.033387,0.000000,0.000000,0.000000,-0.021851,-0.066040,1.009399,-1.171588,-3.662969,0.000000000,-0.000000000,0.000000000,-0.000000000,0.000000000,-0.000000000,6534839,6534842,6534843,6534845,6534846,6534859,6534860,6534879
2822,6264,10,427,0,1,1,31,0,18500,1081,82.013022,-4.792220,0.033605,0.000000,0.000000,0.000000,-0.021118,-0.066040,1.009033,-1.173282,-3.673608,0.000000000,-0.000000000,0.000000000,-0.000000000,0.000000000,-0.000000000,6544839,6544842,6544843,6544845,6544846,6544859,6544859,6544878
2837,6274,10,428,0,1,1,31,0,18500,1081,82.013022,-4.792220,0.033353,0.000000,0.000000,0.000000,-0.019775,-0.062866,1.008911,-1.171575,-3.661360,0.000000000,-0.000000000,0.000000000,-0.000000000,0.000000000,-0.000000000,6554837,6554840,6554841,6554843,6554844,6554857,6554858,6554877
2852,6284,10,429,0,1,1,31,0,18500,1081,82.013022,-4.792220,0.032995,0.000000,0.000000,0.000000,-0.020996,-0.062500,1.008545,-1.171717,-3.643907,0.000000000,-0.000000000,0.000000000,-0.000000000,0.000000000,-0.000000000,6564840,6564843,6564843,6564846,6564846,6564859,6564860,6564879
2852,6294,10,430,0,1,1,31,0,18500,1081,82.013022,-4.792220,0.032834,0.000000,0.000000,0.000000,-0.020874,-0.063721,1.009155,-1.175590,-3.636059,0.000000000,-0.000000000,0.000000000,-0.000000000,0.000000000,-0.000000000,6574840,6574842,6574843,6574845,6574846,6574859,6574859,6574878
2868,6304,10,431,0,1,1,31,0,18500,1081,82.013022,-4.792220,0.032905,0.000000,0.000000,0.000000,-0.020874,-0.064697,1.009521,-1.175944,-3.639505,0.000000000,-0.000000000,0.000000000,-0.000000000,0.000000000,-0.000000000,6584838,6584841,6584841,6584844,6584844,6584858,6584858,6584877
2868,6314,10,432,0,1,1,31,0,18500,1081,82.013022,-4.792220,0.032881,0.000000,0.000000,0.000000,-0.018799,-0.064209,1.008667,-1.164925,-3.638321,0.000000000,-0.000000000,0.000000000,-0.000000000,0.000000000,-0.000000000,6594839,6594842,6594843,6594845,6594846,6594859,6594860,6594878
2884,6324,10,433,0,1,1,31,0,18500,1081,82.013022,-4.792220,0.033081,0.000000,0.000000,0.000000,-0.020874,-0.065552,1.009277,-1.164898,-3.648158,0.000000000,-0.000000000,0.000000000,-0.000000000,0.000000000,-0.000000000,6604840,6604843,6604844,6604846,6604847,6604859,6604860,6604880
2899,6334,10,434,0,1,1,31,0,18500,1081,82.013022,-4.792220,0.033086,0.000000,0.000000,0.000000,-0.019531,-0.064697,1.008789,-1.154655,-3.648388,0.000000000,-0.000000000,0.000000000,-0.000000000,0.000000000,-0.000000000,6614837,6614840,6614841,6614843,6614844,6614856,6614857,6614876
2899,6344,10,435,0,1,1,31,0,18500,1081,82.013022,-4.792220,0.033218,0.000000,0.000000,0.000000,-0.022461,-0.064575,1.008057,-1.166743,-3.654902,0.000000000,-0.000000000,0.000000000,-0.000000000,0.000000000,-0.000000000,6624839,6624842,6624843,6624845,6624846,6624859,6624859,6624878
2915,6354,10,436,0,1,1,31,0,18500,1081,82.013022,-4.792220,0.033260,0.000000,0.000000,0.000000,-0.019897,-0.066040,1.009155,-1.162008,-3.656989,0.000000000,-0.000000000,0.000000000,-0.000000000,0.000000000,-0.000000000,6634840,6634843,6634843,6634846,6634846,6634859,6634860,6634879
2930,6364,10,437,0,1,1,31,0,18500,1081,82.013022,-4.792220,0.033453,0.000000,0.000000,0.000000,-0.023315,-0.066528,1.009644,-1.171674,-3.666475,0.000000000,-0.000000000,0.000000000,-0.000000000,0.000000000,-0.000000000,6644838,6644841,6644841,6644844,6644844,6644857,6644858,6644877
2930,6374,10,438,0,1,1,31,0,18500,1081,82.013022,-4.792220,0.033472,0.000000,0.000000,0.000000,-0.020142,-0.065308,1.008789,-1.163385,-3.667361,0.000000000,-0.000000000,0.000000000,-0.000000000,0.000000000,-0.000000000,6654839,6654842,6654843,6654845,6654846,6654859,6654859,6654879
2946,6384,10,439,0,1,1,31,0,18500,1081,82.013022,-4.792220,0.033617,0.000000,0.000000,0.000000,-0.020508,-0.065796,1.008667,-1.156163,-3.674521,0.000000000,-0.000000000,0.000000000,-0.000000000,0.000000000,-0.000000000,6664840,6664842,6664843,6664845,6664846,6664859,6664859,6664878
2962,6394,10,440,0,1,1,31,0,18500,1081,82.013022,-4.792220,0.033534,0.000000,0.000000,0.000000,-0.020264,-0.064209,1.007324,-1.153113,-3.670406,0.000000000,-0.000000000,0.000000000,-0.000000000,0.000000000,-0.000000000,6674838,6674840,6674841,6674843,6674844,6674856,6674857,6674876
2962,6404,10,441,0,1,1,31,0,18500,1081,82.013022,-4.792220,0.033318,0.000000,0.000000,0.000000,-0.019531,-0.064209,1.008789,-1.143387,-3.659701,0.000000000,-0.000000000,0.000000000,-0.000000000,0.000000000,-0.000000000,6684840,6684843,6684843,6684846,6684847,6684859,6684860,6684879
2978,6414,10,442,0,1,1,31,0,18500,1081,82.013022,-4.792220,0.032976,0.000000,0.000000,0.000000,-0.022095,-0.063232,1.009155,-1.156512,-3.642662,0.000000000,-0.000000000,0.000000000,-0.000000000,0.000000000,-0.000000000,6694845,6694848,6694849,6694851,6694852,6694866,6694867,6694886
2978,6424,10,443,0,1,1,31,0,18500,1081,82.013022,-4.792220,0.033006,0.000000,0.000000,0.000000,-0.021362,-0.064941,1.007935,-1.161824,-3.644161,0.000000000,-0.000000000,0.000000000,-0.000000000,0.000000000,-0.000000000,6704840,6704843,6704843,6704846,6704846,6704860,6704860,6704880
2993,6434,10,444,0,1,1,31,0,18500,1081,82.013022,-4.792220,0.032930,0.000000,0.000000,0.000000,-0.020874,-0.063965,1.007568,-1.168827,-3.640466,0.000000000,-0.000000000,0.000000000,-0.000000000,0.000000000,-0.000000000,6714841,6714844,6714845,6714847,6714848,6714861,6714861,6714881
3009,6444,10,445,0,1,1,31,0,18500,1081,82.013022,-4.792220,0.032966,0.000000,0.000000,0.000000,-0.020996,-0.064697,1.008179,-1.175214,-3.642185,0.000000000,-0.000000000,0.000000000,-0.000000000,0.000000000,-0.000000000,6724841,6724843,6724844,6724847,6724847,6724860,6724861,6724880
3009,6454,10,446,0,1,1,31,0,18500,1081,82.013022,-4.792220,0.033051,0.000000,0.000000,0.000000,-0.019409,-0.065552,1.009521,-1.164913,-3.646330,0.000000000,-0.000000000,0.000000000,-0.000000000,0.000000000,-0.000000000,6734838,6734841,6734841,6734844,6734845,6734857,6734858,6734877
3025,6464,10,447,0,1,1,31,0,18500,1081,82.013022,-4.792220,0.032988,0.000000,0.000000,0.000000,-0.020386,-0.064209,1.009521,-1.159554,-3.643262,0.000000000,-0.000000000,0.000000000,-0.000000000,0.000000000,-0.000000000,6744840,6744843,6744844,6744846,6744847,6744860,6744861,6744880
3041,6474,10,448,0,1,1,31,0,18500,1081,82.013022,-4.792220,0.032891,0.000000,0.000000,0.000000,-0.020020,-0.063721,1.009766,-1.158242,-3.638457,0.000000000,-0.000000000,0.000000000,-0.000000000,0.000000000,-0.000000000,6754839,6754842,6754843,6754845,6754845,6754858,6754859,6754878
3041,6484,10,449,0,1,1,31,0,18500,1081,82.013022,-4.792220,0.032747,0.000000,0.000000,0.000000,-0.020264,-0.063477,1.011108,-1.152128,-3.631350,0.000000000,-0.000000000,0.000000000,-0.000000000,0.000000000,-0.000000000,6764838,6764841,6764842,6764844,6764845,6764857,6764858,6764877
3057,6494,10,450,0,1,1,31,0,18500,1081,82.013022,-4.792220,0.032743,0.000000,0.000000,0.000000,-0.020386,-0.064087,1.008667,-1.148502,-3.631147,0.000000000,-0.000000000,0.000000000,-0.000000000,0.000000000,-0.000000000,6774840,6774843,6774843,6774846,6774846,6774859,6774860,6774879
3073,6504,10,451,0,1,1,31,0,18500,1081,82.013022,-4.792220,0.032902,0.000000,0.000000,0.000000,-0.021240,-0.065430,1.007690,-1.160291,-3.638995,0.000000000,-0.000000000,0.000000000,-0.000000000,0.000000000,-0.000000000,6784840,6784843,6784843,6784846,6784846,6784859,6784860,6784879
3073,6514,10,452,0,1,1,31,0,18500,1081,82.013022,-4.792220,0.033194,0.000000,0.000000,0.000000,-0.020752,-0.066040,1.008057,-1.169010,-3.653295,0.000000000,-0.000000000,0.000000000,-0.000000000,0.000000000,-0.000000000,6794837,6794840,6794841,6794843,6794844,6794857,6794858,6794877
3088,6524,10,453,0,1,1,31,0,18500,1081,82.013022,-4.792220,0.033199,0.000000,0.000000,0.000000,-0.021606,-0.065186,1.009399,-1.173137,-3.653518,0.000000000,-0.000000000,0.000000000,-0.000000000,0.000000000,-0.000000000,6804839,6804842,6804843,6804845,6804846,6804858,6804859,6804878
3088,6534,10,454,0,1,1,31,0,18500,1081,82.013022,-4.792220,0.033448,0.000000,0.000000,0.000000,-0.021118,-0.064453,1.009033,-1.169454,-3.665676,0.000000000,-0.000000000,0.000000000,-0.000000000,0.000000000,-0.000000000,6814837,6814840,6814840,6814842,6814843,6814856,6814856,6814875
3104,6544,10,455,0,1,1,31,0,18500,1081,82.013022,-4.792220,0.033115,0.000000,0.000000,0.000000,-0.020630,-0.063477,1.009521,-1.172643,-3.649470,0.000000000,-0.000000000,0.000000000,-0.000000000,0.000000000,-0.000000000,6824840,6824843,6824844,6824846,6824846,6824859,6824860,6824879
3119,6554,10,456,0,1,1,31,0,18500,1081,82.013022,-4.792220,0.033088,0.000000,0.000000,0.000000,-0.019775,-0.064453,1.009277,-1.163979,-3.648159,0.000000000,-0.000000000,0.000000000,-0.000000000,0.000000000,-0.000000000,6834841,6834844,6834844,6834847,6834847,6834860,6834861,6834880
3119,6564,10,457,0,1,1,31,0,18500,1081,82.013022,-4.792220,0.032879,0.000000,0.000000,0.000000,-0.020386,-0.063354,1.009399,-1.166796,-3.637918,0.000000000,-0.000000000,0.000000000,-0.000000000,0.000000000,-0.000000000,6844840,6844843,6844844,6844846,6844847,6844860,6844861,6844880
3135,6574,10,458,0,1,1,31,0,18500,1081,82.013022,-4.792220,0.032821,0.000000,0.000000,0.000000,-0.020142,-0.064331,1.009033,-1.167141,-3.635099,0.000000000,-0.000000000,0.000000000,-0.000000000,0.000000000,-0.000000000,6854838,6854841,6854841,6854844,6854844,6854857,6854858,6854876
3151,6584,10,459,0,1,1,31,0,18500,1081,82.013022,-4.792220,0.032712,0.000000,0.000000,0.000000,-0.019897,-0.063110,1.008911,-1.161832,-3.629741,0.000000000,-0.000000000,0.000000000,-0.000000000,0.000000000,-0.000000000,6864840,6864843,6864844,6864846,6864847,6864860,6864861,6864880
3151,6594,10,460,0,1,1,31,0,18500,1081,82.013022,-4.792220,0.032403,0.000000,0.000000,0.000000,-0.019653,-0.062744,1.008667,-1.157344,-3.614523,0.000000000,-0.000000000,0.000000000,-0.000000000,0.000000000,-0.000000000,6874840,6874842,6874843,6874845,6874846,6874859,6874860,6874879
3167,6604,10,461,0,1,1,31,0,18500,1081,82.013022,-4.792220,0.032741,0.000000,0.000000,0.000000,-0.021606,-0.066528,1.007568,-1.170969,-3.631082,0.000000000,-0.000000000,0.000000000,-0.000000000,0.000000000,-0.000000000,6884839,6884841,6884842,6884844,6884845,6884858,6884859,6884878
3183,6614,10,462,0,1,1,31,0,18500,1081,82.013022,-4.792220,0.032804,0.000000,0.000000,0.000000,-0.020386,-0.064819,1.009399,-1.177680,-3.634104,0.000000000,-0.000000000,0.000000000,-0.000000000,0.000000000,-0.000000000,6894846,6894849,6894849,6894852,6894853,6894868,6894868,6894888
3183,6624,10,463,0,1,1,31,0,18500,1081,82.013022,-4.792220,0.032924,0.000000,0.000000,0.000000,-0.022949,-0.064697,1.009644,-1.189745,-3.639946,0.000000000,-0.000000000,0.000000000,-0.000000000,0.000000000,-0.000000000,6904842,6904844,6904845,6904847,6904848,6904861,6904862,6904881
3197,6634,10,464,0,1,1,31,0,18500,1081,82.013022,-4.792220,0.032931,0.000000,0.000000,0.000000,-0.020996,-0.065186,1.008911,-1.187752,-3.640266,0.000000000,-0.000000000,0.000000000,-0.000000000,0.000000000,-0.000000000,6914838,6914841,6914842,6914844,6914845,6914857,6914858,6914877
3197,6644,10,465,0,1,1,31,0,18500,1081,82.013022,-4.792220,0.033085,0.000000,0.000000,0.000000,-0.021484,-0.065552,1.009644,-1.188478,-3.647698,0.000000000,-0.000000000,0.000000000,-0.000000000,0.000000000,-0.000000000,6924840,6924843,6924844,6924846,6924847,6924860,6924860,6924879
3214,6654,10,466,0,1,1,31,0,18500,1081,82.013022,-4.792220,0.032910,0.000000,0.000000,0.000000,-0.022095,-0.063843,1.009277,-1.187780,-3.639228,0.000000000,-0.000000000,0.000000000,-0.000000000,0.000000000,-0.000000000,6934840,6934843,6934844,6934846,6934847,6934860,6934861,6934879
3230,6664,10,467,0,1,1,31,0,18500,1081,82.013022,-4.792220,0.032837,0.000000,0.000000,0.000000,-0.021240,-0.063599,1.008179,-1.190283,-3.635759,0.000000000,-0.000000000,0.000000000,-0.000000000,0.000000000,-0.000000000,6944839,6944841,6944842,6944844,6944845,6944858,6944859,6944878
3230,6674,10,468,0,1,1,31,0,18500,1081,82.013022,-4.792220,0.032763,0.000000,0.000000,0.000000,-0.021606,-0.063721,1.009521,-1.190720,-3.632205,0.000000000,-0.000000000,0.000000000,-0.000000000,0.000000000,-0.000000000,6954840,6954843,6954844,6954846,6954846,6954859,6954860,6954879
3245,6684,10,469,0,1,1,31,0,18500,1081,82.013022,-4.792220,0.032855,0.000000,0.000000,0.000000,-0.020996,-0.065186,1.010010,-1.185576,-3.636627,0.000000000,-0.000000000,0.000000000,-0.000000000,0.000000000,-0.000000000,6964840,6964843,6964844,6964846,6964847,6964860,6964861,6964880
3260,6694,10,470,0,1,1,31,0,18500,1081,82.013022,-4.792220,0.032940,0.000000,0.000000,0.000000,-0.020996,-0.065308,1.008423,-1.180455,-3.640750,0.000000000,-0.000000000,0.000000000,-0.000000000,0.000000000,-0.000000000,6974838,6974840,6974841,6974843,6974844,6974857,6974858,6974877
3260,6704,10,471,0,1,1,31,0,18500,1081,82.013022,-4.792220,0.032785,0.000000,0.000000,0.000000,-0.021729,-0.063843,1.009155,-1.185029,-3.633260,0.000000000,-0.000000000,0.000000000,-0.000000000,0.000000000,-0.000000000,6984841,6984844,6984845,6984847,6984847,6984861,6984861,6984881
3276,6714,10,472,0,1,1,31,0,18500,1081,82.013022,-4.792220,0.032767,0.000000,0.000000,0.000000,-0.021118,-0.064209,1.009277,-1.187802,-3.632371,0.000000000,-0.000000000,0.000000000,-0.000000000,0.000000000,-0.000000000,6994840,6994843,6994843,6994846,6994847,6994860,6994861,6994880
3292,6724,10,473,0,1,1,31,0,18500,1081,82.013022,-4.792220,0.032903,0.000000,0.000000,0.000000,-0.020386,-0.065308,1.008667,-1.174714,-3.638979,0.000000000,-0.000000000,0.000000000,-0.000000000,0.000000000,-0.000000000,7004838,7004841,7004842,7004844,7004845,7004858,7004858,7004877
3292,6734,10,474,0,1,1,31,0,18500,1081,82.013022,-4.792220,0.032757,0.000000,0.000000,0.000000,-0.021851,-0.063599,1.009888,-1.178429,-3.631867,0.000000000,-0.000000000,0.000000000,-0.000000000,0.000000000,-0.000000000,7014841,7014844,7014844,7014846,7014847,7014860,7014861,7014880
3307,6744,10,475,0,1,1,31,0,18500,1081,82.013022,-4.792220,0.032776,0.000000,0.000000,0.000000,-0.019897,-0.065186,1.008301,-1.174012,-3.632787,0.000000000,-0.000000000,0.000000000,-0.000000000,0.000000000,-0.000000000,7024840,7024843,7024844,7024846,7024846,7024859,7024860,7024879
3307,6754,10,476,0,1,1,31,0,18500,1081,82.013022,-4.792220,0.032965,0.000000,0.000000,0.000000,-0.019409,-0.065186,1.007935,-1.164467,-3.642025,0.000000000,-0.000000000,0.000000000,-0.000000000,0.000000000,-0.000000000,7034838,7034841,7034842,7034844,7034845,7034858,7034859,7034878
3322,6764,10,477,0,1,1,31,0,18500,1081,82.013022,-4.792220,0.033023,0.000000,0.000000,0.000000,-0.020874,-0.065796,1.010254,-1.166169,-3.644873,0.000000000,-0.000000000,0.000000000,-0.000000000,0.000000000,-0.000000000,7044840,7044843,7044844,7044846,7044847,7044860,7044861,7044880
3338,6774,10,478,0,1,1,31,0,18500,1081,82.013022,-4.792220,0.033034,0.000000,0.000000,0.000000,-0.020508,-0.064575,1.008667,-1.162994,-3.645384,0.000000000,-0.000000000,0.000000000,-0.000000000,0.000000000,-0.000000000,7054841,7054843,7054844,7054847,7054847,7054860,7054861,7054880
3338,6784,10,479,0,1,1,31,0,18500,1081,82.013022,-4.792220,0.032803,0.000000,0.000000,0.000000,-0.019653,-0.062744,1.008179,-1.156760,-3.634042,0.000000000,-0.000000000,0.000000000,-0.000000000,0.000000000,-0.000000000,7064839,7064841,7064842,7064845,7064845,7064858,7064859,7064878
3353,6794,10,480,0,1,1,31,0,18500,1081,82.013022,-4.792220,0.032579,0.000000,0.000000,0.000000,-0.020020,-0.063721,1.009155,-1.154408,-3.622991,0.000000000,-0.000000000,0.000000000,-0.000000000,0.000000000,-0.000000000,7074840,7074843,7074844,7074846,7074847,7074860,7074861,7074880
3368,6804,10,481,0,1,1,31,0,18500,1081,82.013022,-4.792220,0.032839,0.000000,0.000000,0.000000,-0.018677,-0.065308,1.008911,-1.141160,-3.635867,0.000000000,-0.000000000,0.000000000,-0.000000000,0.000000000,-0.000000000,7084841,7084844,7084844,7084847,7084847,7084860,7084861,7084880
3368,6814,10,482,0,1,1,31,0,18500,1081,82.013022,-4.792220,0.032850,0.000000,0.000000,0.000000,-0.020264,-0.063965,1.009644,-1.142167,-3.636413,0.000000000,-0.000000000,0.000000000,-0.000000000,0.000000000,-0.000000000,7094844,7094847,7094847,7094849,7094850,7094865,7094866,7094885
3383,6824,10,483,0,1,1,31,0,18500,1081,82.013022,-4.792220,0.032760,0.000000,0.000000,0.000000,-0.021362,-0.064697,1.009399,-1.151864,-3.631908,0.000000000,-0.000000000,0.000000000,-0.000000000,0.000000000,-0.000000000,7104843,7104846,7104846,7104848,7104849,7104862,7104863,7104883
3399,6834,10,484,0,1,1,31,0,18500,1081,82.013022,-4.792220,0.032674,0.000000,0.000000,0.000000,-0.020508,-0.064453,1.009277,-1.157880,-3.627692,0.000000000,-0.000000000,0.000000000,-0.000000000,0.000000000,-0.000000000,7114841,7114844,7114844,7114847,7114847,7114860,7114861,7114880
3399,6844,10,485,0,1,1,31,0,18500,1081,82.013022,-4.792220,0.032595,0.000000,0.000000,0.000000,-0.020020,-0.064331,1.007812,-1.155556,-3.623802,0.000000000,-0.000000000,0.000000000,-0.000000000,0.000000000,-0.000000000,7124839,7124842,7124843,7124845,7124846,7124859,7124860,7124879
3415,6854,10,486,0,1,1,31,0,18500,1081,82.013022,-4.792220,0.032698,0.000000,0.000000,0.000000,-0.020386,-0.065063,1.008545,-1.154753,-3.628860,0.000000000,-0.000000000,0.000000000,-0.000000000,0.000000000,-0.000000000,7134840,7134843,7134844,7134846,7134847,7134860,7134861,7134880
3430,6864,10,487,0,1,1,31,0,18500,1081,82.013022,-4.792220,0.032625,0.000000,0.000000,0.000000,-0.022217,-0.063965,1.009766,-1.162017,-3.625253,0.000000000,-0.000000000,0.000000000,-0.000000000,0.000000000,-0.000000000,7144839,7144841,7144842,7144845,7144845,7144858,7144859,7144878
3430,6874,10,488,0,1,1,31,0,18500,1081,82.013022,-4.792220,0.032751,0.000000,0.000000,0.000000,-0.020874,-0.065430,1.009399,-1.164722,-3.631473,0.000000000,-0.000000000,0.000000000,-0.000000000,0.000000000,-0.000000000,7154842,7154844,7154845,7154847,7154847,7154860,7154861,7154880
3446,6884,10,489,0,1,1,31,0,18500,1081,82.013022,-4.792220,0.032801,0.000000,0.000000,0.000000,-0.021362,-0.064575,1.009277,-1.164358,-3.633916,0.000000000,-0.000000000,0.000000000,-0.000000000,0.000000000,-0.000000000,7164840,7164843,7164844,7164846,7164847,7164860,7164861,7164880
3462,6894,10,490,0,1,1,31,0,18500,1081,82.013022,-4.792220,0.032818,0.000000,0.000000,0.000000,-0.019531,-0.065796,1.009644,-1.149342,-3.634784,0.000000000,-0.000000000,0.000000000,-0.000000000,0.000000000,-0.000000000,7174841,7174843,7174844,7174846,7174847,7174860,7174861,7174879
3462,6904,10,491,0,1,1,31,0,18500,1081,82.013022,-4.792220,0.032756,0.000000,0.000000,0.000000,-0.020630,-0.063477,1.010620,-1.152785,-3.631739,0.000000000,-0.000000000,0.000000000,-0.000000000,0.000000000,-0.000000000,7184839,7184842,7184843,7184845,7184846,7184859,7184859,7184878
3478,6914,10,492,0,1,1,31,0,18500,1081,82.013022,-4.792220,0.032860,0.000000,0.000000,0.000000,-0.021362,-0.065430,1.010254,-1.156153,-3.636854,0.000000000,-0.000000000,0.000000000,-0.000000000,0.000000000,-0.000000000,7194841,7194844,7194844,7194847,7194847,7194860,7194861,7194880
3478,6924,10,493,0,1,1,31,0,18500,1081,82.013022,-4.792220,0.032857,0.000000,0.000000,0.000000,-0.019287,-0.064453,1.008789,-1.152972,-3.636746,0.000000000,-0.000000000,0.000000000,-0.000000000,0.000000000,-0.000000000,7204841,7204844,7204845,7204847,7204847,7204860,7204861,7204880
3494,6934,10,494,0,1,1,31,0,18500,1081,82.013022,-4.792220,0.032902,0.000000,0.000000,0.000000,-0.020996,-0.065186,1.009766,-1.154405,-3.638968,0.000000000,-0.000000000,0.000000000,-0.000000000,0.000000000,-0.000000000,7214839,7214842,7214843,7214845,7214845,7214859,7214859,7214878
3509,6944,10,495,0,1,1,31,0,18500,1081,82.013022,-4.792220,0.032877,0.000000,0.000000,0.000000,-0.020996,-0.064575,1.009644,-1.162901,-3.637712,0.000000000,-0.000000000,0.000000000,-0.000000000,0.000000000,-0.000000000,7224840,7224843,7224844,7224846,7224847,7224860,7224861,7224880
3509,6954,10,496,0,1,1,31,0,18500,1081,82.013022,-4.792220,0.032802,0.000000,0.000000,0.000000,-0.020386,-0.064087,1.009888,-1.159637,-3.634024,0.000000000,-0.000000000,0.000000000,-0.000000000,0.000000000,-0.000000000,7234841,7234844,7234844,7234847,7234847,7234861,7234861,7234880
3524,6964,10,497,0,1,1,31,0,18500,1081,82.013022,-4.792220,0.032986,0.000000,0.000000,0.000000,-0.020020,-0.066040,1.010376,-1.157178,-3.643093,0.000000000,-0.000000000,0.000000000,-0.000000000,0.000000000,-0.000000000,7244839,7244842,7244843,7244845,7244845,7244858,7244859,7244878
3540,6974,10,498,0,1,1,31,0,18500,1081,82.013022,-4.792220,0.033068,0.000000,0.000000,0.000000,-0.020630,-0.064453,1.009888,-1.158239,-3.647160,0.000000000,-0.000000000,0.000000000,-0.000000000,0.000000000,-0.000000000,7254841,7254844,7254845,7254847,7254847,7254860,7254861,7254880
3540,6984,10,499,0,1,1,31,0,18500,1081,82.013022,-4.792220,0.032905,0.000000,0.000000,0.000000,-0.021606,-0.063965,1.008545,-1.162622,-3.639119,0.000000000,-0.000000000,0.000000000,-0.000000000,0.000000000,-0.000000000,7264841,7264844,7264845,7264847,7264848,7264860,7264861,7264880
3556,6994,10,500,0,1,1,31,0,18500,1081,82.013022,-4.792220,0.033000,0.000000,0.000000,0.000000,-0.018921,-0.065918,1.009155,-1.148092,-3.643813,0.000000000,-0.000000000,0.000000000,-0.000000000,0.000000000,-0.000000000,7274839,7274842,7274843,7274845,7274845,7274859,7274859,7274878
3571,7004,10,501,0,1,1,31,0,18500,1081,82.013022,-4.792220,0.033032,0.000000,0.000000,0.000000,-0.021729,-0.064819,1.009033,-1.159243,-3.645410,0.000000000,-0.000000000,0.000000000,-0.000000000,0.000000000,-0.000000000,7284841,7284844,7284845,7284847,7284847,7284860,7284861,7284880
3571,7014,10,502,0,1,1,31,0,18500,1081,82.013022,-4.792220,0.032981,0.000000,0.000000,0.000000,-0.020752,-0.064209,1.009644,-1.160057,-3.642916,0.000000000,-0.000000000,0.000000000,-0.000000000,0.000000000,-0.000000000,7294846,7294849,7294850,7294852,7294853,7294868,7294869,7294889
3586,7024,10,503,0,1,1,31,0,18500,1081,82.013022,-4.792220,0.032805,0.000000,0.000000,0.000000,-0.020996,-0.064697,1.009033,-1.166506,-3.634251,0.000000000,-0.000000000,0.000000000,-0.000000000,0.000000000,-0.000000000,7304841,7304844,7304844,7304847,7304847,7304860,7304861,7304880
3601,7034,10,504,0,1,1,31,0,18500,1081,82.013022,-4.792220,0.032889,0.000000,0.000000,0.000000,-0.020630,-0.065063,1.010010,-1.167077,-3.638383,0.000000000,-0.000000000,0.000000000,-0.000000000,0.000000000,-0.000000000,7314841,7314844,7314845,7314847,7314848,7314861,7314862,7314881
3601,7044,10,505,0,1,1,31,0,18500,1081,82.013022,-4.792220,0.032890,0.000000,0.000000,0.000000,-0.020508,-0.063843,1.008423,-1.167673,-3.638410,0.000000000,-0.000000000,0.000000000,-0.000000000,0.000000000,-0.000000000,7324842,7324845,7324845,7324848,7324848,7324862,7324863,7324882
3617,7054,10,506,0,1,1,31,0,18500,1081,82.013022,-4.792220,0.032837,0.000000,0.000000,0.000000,-0.020142,-0.065063,1.009277,-1.167256,-3.635828,0.000000000,-0.000000000,0.000000000,-0.000000000,0.000000000,-0.000000000,7334839,7334842,7334843,7334845,7334846,7334859,7334859,7334878
3632,7064,10,507,0,1,1,31,0,18500,1081,82.013022,-4.792220,0.032999,0.000000,0.000000,0.000000,-0.021729,-0.064941,1.010742,-1.175367,-3.643759,0.000000000,-0.000000000,0.000000000,-0.000000000,0.000000000,-0.000000000,7344841,7344844,7344845,7344847,7344848,7344861,7344861,7344880
3632,7074,10,508,0,1,1,31,0,18500,1081,82.013022,-4.792220,0.032909,0.000000,0.000000,0.000000,-0.020996,-0.064941,1.007568,-1.179927,-3.639360,0.000000000,-0.000000000,0.000000000,-0.000000000,0.000000000,-0.000000000,7354841,7354844,7354844,7354847,7354847,7354861,7354862,7354881
3647,7084,10,509,0,1,1,31,0,18500,1081,82.013022,-4.792220,0.032842,0.000000,0.000000,0.000000,-0.022095,-0.064453,1.008911,-1.188097,-3.636136,0.000000000,-0.000000000,0.000000000,-0.000000000,0.000000000,-0.000000000,7364839,7364842,7364843,7364845,7364846,7364859,7364860,7364879
3647,7094,10,510,0,1,1,31,0,18500,1081,82.013022,-4.792220,0.032652,0.000000,0.000000,0.000000,-0.020752,-0.062988,1.009033,-1.185129,-3.626980,0.000000000,-0.000000000,0.000000000,-0.000000000,0.000000000,-0.000000000,7374841,7374844,7374845,7374847,7374848,7374861,7374862,7374880
3663,7104,10,511,0,1,1,31,0,18500,1081,82.013022,-4.792220,0.032698,0.000000,0.000000,0.000000,-0.022217,-0.064941,1.010254,-1.196840,-3.629163,0.000000000,-0.000000000,0.000000000,-0.000000000,0.000000000,-0.000000000,7384841,7384844,7384845,7384847,7384848,7384861,7384861,7384880
3679,7114,10,512,0,1,1,31,0,18500,1081,82.013022,-4.792220,0.032964,0.000000,0.000000,0.000000,-0.020264,-0.065796,1.009033,-1.181053,-3.641993,0.000000000,-0.000000000,0.000000000,-0.000000000,0.000000000,-0.000000000,7394840,7394842,7394843,7394845,7394846,7394859,7394860,7394879
3679,7124,10,513,0,1,1,31,0,18500,1081,82.013022,-4.792220,0.032988,0.000000,0.000000,0.000000,-0.021240,-0.064819,1.008545,-1.177382,-3.643124,0.000000000,-0.000000000,0.000000000,-0.000000000,0.000000000,-0.000000000,7404842,7404844,7404845,7404847,7404848,7404861,7404861,7404880
3693,7134,10,514,0,1,1,31,0,18500,1081,82.013022,-4.792220,0.032914,0.000000,0.000000,0.000000,-0.019897,-0.064087,1.009521,-1.168581,-3.639551,0.000000000,-0.000000000,0.000000000,-0.000000000,0.000000000,-0.000000000,7414839,7414842,7414843,7414845,7414846,7414858,7414859,7414878
3709,7144,10,515,0,1,1,31,0,18500,1081,82.013022,-4.792220,0.032678,0.000000,0.000000,0.000000,-0.021484,-0.063965,1.009277,-1.175731,-3.628026,0.000000000,-0.000000000,0.000000000,-0.000000000,0.000000000,-0.000000000,7424841,7424844,7424845,7424847,7424848,7424861,7424861,7424881
3709,7154,10,516,0,1,1,31,0,18500,1081,82.013022,-4.792220,0.032744,0.000000,0.000000,0.000000,-0.021362,-0.065308,1.008789,-1.179798,-3.631210,0.000000000,-0.000000000,0.000000000,-0.000000000,0.000000000,-0.000000000,7434841,7434844,7434845,7434847,7434848,7434861,7434862,7434880
3726,7164,10,517,0,1,1,31,0,18500,1081,82.013022,-4.792220,0.032997,0.000000,0.000000,0.000000,-0.021118,-0.064453,1.008667,-1.181320,-3.643456,0.000000000,-0.000000000,0.000000000,-0.000000000,0.000000000,-0.000000000,7444842,7444845,7444846,7444848,7444849,7444862,7444863,7444882
3741,7174,10,518,0,1,1,31,0,18500,1081,82.013022,-4.792220,0.033001,0.000000,0.000000,0.000000,-0.020142,-0.064575,1.008789,-1.174225,-3.643646,0.000000000,-0.000000000,0.000000000,-0.000000000,0.000000000,-0.000000000,7454839,7454842,7454842,7454845,7454845,7454858,7454859,7454878
3741,7184,10,519,0,1,1,31,0,18500,1081,82.013022,-4.792220,0.032869,0.000000,0.000000,0.000000,-0.020996,-0.064819,1.009033,-1.176137,-3.637265,0.000000000,-0.000000000,0.000000000,-0.000000000,0.000000000,-0.000000000,7464842,7464844,7464845,7464847,7464848,7464861,7464862,7464881
3757,7194,10,520,0,1,1,31,0,18500,1081,82.013022,-4.792220,0.032853,0.000000,0.000000,0.000000,-0.021240,-0.064087,1.008545,-1.174392,-3.636453,0.000000000,-0.000000000,0.000000000,-0.000000000,0.000000000,-0.000000000,7474839,7474842,7474842,7474845,7474845,7474858,7474859,7474878
3757,7204,10,521,0,1,1,31,0,18500,1081,82.013022,-4.792220,0.032735,0.000000,0.000000,0.000000,-0.020996,-0.063965,1.009888,-1.177729,-3.630752,0.000000000,-0.000000000,0.000000000,-0.000000000,0.000000000,-0.000000000,7484842,7484844,7484845,7484847,7484848,7484861,7484862,7484881
3773,7214,10,522,0,1,1,31,0,18500,1081,82.013022,-4.792220,0.032858,0.000000,0.000000,0.000000,-0.021240,-0.065918,1.008667,-1.182557,-3.636688,0.000000000,-0.000000000,0.000000000,-0.000000000,0.000000000,-0.000000000,7494846,7494849,7494850,7494852,7494853,7494867,7494868,7494889
3789,7224,10,523,0,1,1,31,0,18500,1081,82.013022,-4.792220,0.033009,0.000000,0.000000,0.000000,-0.021851,-0.065063,1.009888,-1.181545,-3.643991,0.000000000,-0.000000000,0.000000000,-0.000000000,0.000000000,-0.000000000,7504843,7504846,7504847,7504849,7504850,7504863,7504864,7504883
3789,7234,10,524,0,1,1,31,0,18500,1081,82.013022,-4.792220,0.032775,0.000000,0.000000,0.000000,-0.021606,-0.064331,1.009155,-1.180784,-3.632632,0.000000000,-0.000000000,0.000000000,-0.000000000,0.000000000,-0.000000000,7514839,7514842,7514843,7514845,7514846,7514859,7514859,7514878
3804,7244,10,525,0,1,1,31,0,18500,1081,82.013022,-4.792220,0.032535,0.000000,0.000000,0.000000,-0.020752,-0.062622,1.009033,-1.172461,-3.620961,0.000000000,-0.000000000,0.000000000,-0.000000000,0.000000000,-0.000000000,7524842,7524845,7524845,7524848,7524849,7524862,7524862,7524881
3819,7254,10,526,0,1,1,31,0,18500,1081,82.013022,-4.792220,0.032610,0.000000,0.000000,0.000000,-0.020752,-0.064697,1.008057,-1.167241,-3.624646,0.000000000,-0.000000000,0.000000000,-0.000000000,0.000000000,-0.000000000,7534842,7534845,7534846,7534848,7534849,7534862,7534863,7534882
3819,7264,10,527,0,1,1,31,0,18500,1081,82.013022,-4.792220,0.032715,0.000000,0.000000,0.000000,-0.020508,-0.064819,1.008667,-1.162719,-3.629803,0.000000000,-0.000000000,0.000000000,-0.000000000,0.000000000,-0.000000000,7544840,7544843,7544843,7544846,7544846,7544859,7544860,7544879
3836,7274,10,528,0,1,1,31,0,18500,1081,82.013022,-4.792220,0.032885,0.000000,0.000000,0.000000,-0.020386,-0.064697,1.008789,-1.160666,-3.638169,0.000000000,-0.000000000,0.000000000,-0.000000000,0.000000000,-0.000000000,7554842,7554844,7554845,7554847,7554848,7554861,7554862,7554880
3851,7284,10,529,0,1,1,31,0,18500,1081,82.013022,-4.792220,0.032795,0.000000,0.000000,0.000000,-0.020386,-0.064209,1.008423,-1.157346,-3.633702,0.000000000,-0.000000000,0.000000000,-0.000000000,0.000000000,-0.000000000,7564842,7564845,7564845,7564848,7564848,7564862,7564862,7564882
3851,7294,10,530,0,1,1,31,0,18500,1081,82.013022,-4.792220,0.032596,0.000000,0.000000,0.000000,-0.020386,-0.063721,1.009399,-1.148432,-3.623839,0.000000000,-0.000000000,0.000000000,-0.000000000,0.000000000,-0.000000000,7574839,7574842,7574843,7574845,7574846,7574859,7574859,7574878
3866,7304,10,531,0,1,1,31,0,18500,1081,82.013022,-4.792220,0.032681,0.000000,0.000000,0.000000,-0.019531,-0.065308,1.009155,-1.150046,-3.628051,0.000000000,-0.000000000,0.000000000,-0.000000000,0.000000000,-0.000000000,7584842,7584845,7584846,7584848,7584849,7584862,7584862,7584881
3881,7314,10,532,0,1,1,31,0,18500,1081,82.013022,-4.792220,0.032971,0.000000,0.000000,0.000000,-0.020386,-0.065552,1.008301,-1.155340,-3.642411,0.000000000,-0.000000000,0.000000000,-0.000000000,0.000000000,-0.000000000,7594842,7594844,7594845,7594847,7594848,7594861,7594862,7594880
3881,7324,10,533,0,1,1,31,0,18500,1081,82.013022,-4.792220,0.033112,0.000000,0.000000,0.000000,-0.020264,-0.064941,1.009277,-1.155515,-3.649390,0.000000000,-0.000000000,0.000000000,-0.000000000,0.000000000,-0.000000000,7604840,7604842,7604843,7604845,7604846,7604859,7604860,7604879
3897,7334,10,534,0,1,1,31,0,18500,1081,82.013022,-4.792220,0.033316,0.000000,0.000000,0.000000,-0.021362,-0.065918,1.008667,-1.156749,-3.659462,0.000000000,-0.000000000,0.000000000,-0.000000000,0.000000000,-0.000000000,7614842,7614844,7614845,7614847,7614848,7614861,7614862,7614881
3897,7344,10,535,0,1,1,31,0,18500,1081,82.013022,-4.792220,0.033263,0.000000,0.000000,0.000000,-0.020142,-0.064575,1.009155,-1.156175,-3.656835,0.000000000,-0.000000000,0.000000000,-0.000000000,0.000000000,-0.000000000,7624842,7624844,7624845,7624847,7624848,7624861,7624862,7624881
3912,7354,10,536,0,1,1,31,0,18500,1081,82.013022,-4.792220,0.033349,0.000000,0.000000,0.000000,-0.021729,-0.065186,1.010254,-1.165220,-3.661104,0.000000000,-0.000000000,0.000000000,-0.000000000,0.000000000,-0.000000000,7634840,7634842,7634843,7634845,7634846,7634859,7634859,7634878
3928,7364,10,537,0,1,1,31,0,18500,1081,82.013022,-4.792220,0.033273,0.000000,0.000000,0.000000,-0.021362,-0.063965,1.009033,-1.167081,-3.657366,0.000000000,-0.000000000,0.000000000,-0.000000000,0.000000000,-0.000000000,7644842,7644845,7644846,7644848,7644849,7644862,7644862,7644881
3928,7374,10,538,0,1,1,31,0,18500,1081,82.013022,-4.792220,0.033256,0.000000,0.000000,0.000000,-0.020508,-0.065552,1.009888,-1.165769,-3.656537,0.000000000,-0.000000000,0.000000000,-0.000000000,0.000000000,-0.000000000,7654842,7654844,7654845,7654847,7654848,7654861,7654861,7654880
3944,7384,10,539,0,1,1,31,0,18500,1081,82.013022,-4.792220,0.033344,0.000000,0.000000,0.000000,-0.020874,-0.065186,1.010376,-1.160394,-3.660871,0.000000000,-0.000000000,0.000000000,-0.000000000,0.000000000,-0.000000000,7664839,7664842,7664843,7664845,7664846,7664859,7664859,7664878
3959,7394,10,540,0,1,1,31,0,18500,1081,82.013022,-4.792220,0.033394,0.000000,0.000000,0.000000,-0.019897,-0.066162,1.009399,-1.154971,-3.663356,0.000000000,-0.000000000,0.000000000,-0.000000000,0.000000000,-0.000000000,7674841,7674844,7674845,7674847,7674848,7674861,7674862,7674881
3959,7404,10,541,0,1,1,31,0,18500,1081,82.013022,-4.792220,0.033389,0.000000,0.000000,0.000000,-0.021240,-0.063965,1.009033,-1.163622,-3.663118,0.000000000,-0.000000000,0.000000000,-0.000000000,0.000000000,-0.000000000,7684842,7684845,7684846,7684848,7684848,7684861,7684862,7684881
3975,7414,10,542,0,1,1,31,0,18500,1081,82.013022,-4.792220,0.033039,0.000000,0.000000,0.000000,-0.020264,-0.062744,1.009888,-1.162932,-3.645938,0.000000000,-0.000000000,0.000000000,-0.000000000,0.000000000,-0.000000000,7694845,7694848,7694849,7694851,7694852,7694866,7694867,7694887
3990,7424,10,543,0,1,1,31,0,18500,1081,82.013022,-4.792220,0.032929,0.000000,0.000000,0.000000,-0.020386,-0.065063,1.009766,-1.165747,-3.640549,0.000000000,-0.000000000,0.000000000,-0.000000000,0.000000000,-0.000000000,7704844,7704847,7704847,7704850,7704850,7704864,7704864,7704883
3990,7434,10,544,0,1,1,31,0,18500,1081,82.013022,-4.792220,0.032893,0.000000,0.000000,0.000000,-0.021851,-0.064087,1.009766,-1.169824,-3.638781,0.000000000,-0.000000000,0.000000000,-0.000000000,0.000000000,-0.000000000,7714842,7714845,7714846,7714848,7714849,7714862,7714863,7714882
