host_ms,board_ms,cycle_ms,seq,accepted,drops,consent,active,fault,stop_reason,left_mv,right_mv,forward_mm,lateral_right_mm,imu_deg,gyro_dps,motor_l1_mm,motor_l2_mm,motor_l3_mm,motor_r1_mm,motor_r2_mm,motor_r3_mm,session_mm,nexus_x_mm,nexus_y_mm,nexus_h_deg,lemlib_x_mm,lemlib_y_mm,lemlib_h_deg,interlocks
4,344984,10,3,3,0,0,0,1,5,0,0,402.449,-151.875,-1.75002,0.763,414.423,138.487,413.904,424.796,141.599,424.278,1059.138,-15.738,381.223,-1.74690,-15.689,381.141,-1.75761,2
60,344994,10,3,3,0,0,0,1,5,0,0,402.449,-151.875,-1.74370,0.671,414.423,138.487,414.423,424.796,141.599,424.278,1059.138,-15.730,381.225,-1.74058,-15.682,381.223,-1.75002,2
60,345004,10,3,3,0,0,0,1,5,0,0,402.449,-151.875,-1.73709,0.702,414.423,138.487,414.423,424.796,141.599,424.278,1059.138,-15.722,381.228,-1.73396,-15.675,381.226,-1.74370,2
60,345014,10,3,3,0,0,0,1,5,0,0,402.529,-151.875,-1.73059,0.549,414.942,138.487,414.423,424.796,141.599,424.278,1059.138,-15.717,381.310,-1.72747,-15.667,381.228,-1.73708,2
60,345024,10,3,3,0,0,0,1,5,0,0,402.529,-151.839,-1.72745,-0.000,414.942,138.487,414.423,424.796,141.599,424.278,1059.138,-15.678,381.312,-1.72433,-15.661,381.310,-1.73059,2
60,345034,10,3,3,0,0,0,1,5,0,0,402.529,-151.839,-1.72727,-0.275,414.942,138.487,414.423,424.796,141.599,424.278,1059.138,-15.677,381.312,-1.72415,-15.622,381.313,-1.72745,2
76,345044,10,3,3,0,0,0,1,5,0,0,402.529,-151.839,-1.73141,-0.549,414.942,138.487,414.423,424.796,141.599,424.278,1059.138,-15.682,381.311,-1.72829,-15.622,381.313,-1.72727,2
76,345054,10,3,3,0,0,0,1,5,0,0,402.529,-151.839,-1.73714,-0.397,414.942,138.487,414.423,424.796,141.599,424.278,1059.138,-15.689,381.309,-1.73402,-15.627,381.311,-1.73141,2
91,345064,10,3,3,0,0,0,1,5,0,0,402.529,-151.839,-1.73923,-0.000,414.942,138.487,414.423,424.796,141.599,424.278,1059.138,-15.692,381.308,-1.73611,-15.634,381.309,-1.73714,2
91,345074,10,3,3,0,0,0,1,5,0,0,402.529,-151.839,-1.73774,0.488,414.942,138.487,414.423,424.796,141.599,424.278,1059.138,-15.690,381.308,-1.73462,-15.636,381.308,-1.73923,2
106,345084,10,3,3,0,0,0,1,5,0,0,402.529,-151.839,-1.73507,0.458,414.942,138.487,414.423,424.796,141.599,424.278,1059.138,-15.687,381.309,-1.73195,-15.634,381.309,-1.73774,2
121,345094,10,3,3,0,0,0,1,5,0,0,402.604,-151.839,-1.73710,-0.000,414.942,138.487,414.423,424.796,141.599,424.278,1059.138,-15.692,381.384,-1.73398,-15.631,381.310,-1.73507,2
121,345104,10,3,3,0,0,0,1,5,0,0,402.604,-151.839,-1.73795,-0.000,414.942,138.487,414.423,424.796,141.599,424.278,1059.138,-15.693,381.384,-1.73483,-15.636,381.384,-1.73710,2
136,345114,10,3,3,0,0,0,1,5,0,0,402.684,-151.839,-1.73823,-0.000,414.942,138.487,414.423,424.796,141.599,424.278,1059.138,-15.695,381.463,-1.73511,-15.637,381.384,-1.73795,2
151,345124,10,3,3,0,0,0,1,5,0,0,402.759,-151.839,-1.73791,-0.000,414.942,138.487,414.423,424.796,141.599,424.278,1059.138,-15.697,381.539,-1.73479,-15.640,381.464,-1.73823,2
151,345134,10,3,3,0,0,0,1,5,0,0,402.759,-151.839,-1.73848,-0.000,414.942,138.487,414.423,425.315,141.599,424.796,1059.657,-15.698,381.539,-1.73536,-15.641,381.539,-1.73791,2
167,345144,10,3,3,0,0,0,1,5,0,0,402.839,-151.839,-1.74295,-0.610,414.942,138.487,414.423,425.315,141.599,424.796,1059.657,-15.706,381.617,-1.73983,-15.642,381.539,-1.73848,2
183,345154,10,3,3,0,0,0,1,5,0,0,402.919,-151.760,-1.74882,-0.702,414.942,138.487,414.423,425.315,141.599,424.796,1059.657,-15.636,381.696,-1.74570,-15.650,381.617,-1.74295,2
183,345164,10,3,3,0,0,0,1,5,0,0,402.994,-151.760,-1.75029,-0.000,415.460,138.833,414.423,425.315,141.599,424.796,1059.657,-15.640,381.771,-1.74717,-15.580,381.697,-1.74882,2
199,345174,10,3,3,0,0,0,1,5,0,0,402.994,-151.760,-1.74607,0.549,415.460,138.833,414.423,425.315,141.599,424.796,1059.657,-15.635,381.773,-1.74295,-15.584,381.772,-1.75029,2
214,345184,10,3,3,0,0,0,1,5,0,0,402.994,-151.760,-1.73691,0.763,415.460,138.833,414.423,425.315,141.945,424.796,1059.657,-15.624,381.776,-1.73379,-15.579,381.773,-1.74607,2
214,345194,10,3,3,0,0,0,1,5,0,0,403.074,-151.760,-1.72771,0.916,415.460,138.833,414.942,425.315,141.945,424.796,1059.657,-15.615,381.860,-1.72459,-15.568,381.777,-1.73691,2
229,345204,10,3,3,0,0,0,1,5,0,0,403.074,-151.760,-1.72440,0.336,415.460,138.833,414.942,425.315,141.945,424.796,1059.657,-15.611,381.861,-1.72128,-15.559,381.860,-1.72771,2
245,345214,10,3,3,0,0,0,1,5,0,0,403.149,-151.760,-1.72570,-0.000,415.460,138.833,414.942,425.315,141.945,425.315,1060.176,-15.615,381.936,-1.72258,-15.555,381.861,-1.72440,2
245,345224,10,3,3,0,0,0,1,5,0,0,403.149,-151.760,-1.72672,-0.000,415.460,138.833,414.942,425.315,141.945,425.315,1060.176,-15.616,381.935,-1.72360,-15.559,381.936,-1.72570,2
260,345234,10,3,3,0,0,0,1,5,0,0,403.149,-151.760,-1.72678,-0.000,415.460,138.833,414.942,425.315,141.945,425.315,1060.176,-15.616,381.935,-1.72366,-15.560,381.936,-1.72672,2
275,345244,10,3,3,0,0,0,1,5,0,0,403.229,-151.760,-1.72562,-0.000,415.460,138.833,414.942,425.834,141.945,425.315,1060.176,-15.617,382.016,-1.72250,-15.560,381.936,-1.72678,2
275,345254,10,3,3,0,0,0,1,5,0,0,403.229,-151.760,-1.72382,-0.000,415.460,138.833,414.942,425.834,141.945,425.315,1060.176,-15.615,382.016,-1.72070,-15.561,382.016,-1.72562,2
291,345264,10,3,3,0,0,0,1,5,0,0,403.229,-151.760,-1.72066,-0.000,415.460,138.833,414.942,425.834,141.945,425.315,1060.176,-15.611,382.018,-1.71754,-15.559,382.017,-1.72382,2
291,345274,10,3,3,0,0,0,1,5,0,0,403.305,-151.760,-1.71983,-0.000,415.460,138.833,414.942,425.834,141.945,425.315,1060.176,-15.612,382.093,-1.71671,-15.555,382.018,-1.72066,2
307,345284,10,3,3,0,0,0,1,5,0,0,403.305,-151.760,-1.72007,-0.000,415.460,138.833,414.942,425.834,141.945,425.315,1060.176,-15.612,382.093,-1.71695,-15.556,382.094,-1.71983,2
322,345294,10,3,3,0,0,0,1,5,0,0,403.305,-151.760,-1.71840,0.397,415.460,138.833,414.942,425.834,141.945,425.315,1060.176,-15.610,382.094,-1.71528,-15.557,382.093,-1.72007,2
322,345304,10,3,3,0,0,0,1,5,0,0,403.305,-151.760,-1.71467,0.580,415.460,138.833,414.942,425.834,141.945,425.315,1060.176,-15.606,382.095,-1.71154,-15.555,382.094,-1.71840,2
338,345314,10,3,3,0,0,0,1,5,0,0,403.305,-151.760,-1.70925,0.824,415.460,138.833,414.942,425.834,141.945,425.315,1060.176,-15.599,382.097,-1.70613,-15.550,382.096,-1.71467,2
354,345324,10,3,3,0,0,0,1,5,0,0,403.384,-151.760,-1.70129,1.129,415.460,138.833,414.942,425.834,141.945,425.315,1060.176,-15.592,382.180,-1.69816,-15.544,382.098,-1.70925,2
354,345334,10,3,3,0,0,0,1,5,0,0,403.384,-151.760,-1.69232,1.190,415.979,138.833,414.942,425.834,141.945,425.315,1060.176,-15.581,382.184,-1.68920,-15.536,382.180,-1.70128,2
369,345344,10,3,3,0,0,0,1,5,0,0,403.464,-151.760,-1.68288,1.129,415.979,138.833,415.460,425.834,141.945,425.315,1060.176,-15.572,382.267,-1.67976,-15.525,382.184,-1.69232,2
385,345354,10,3,3,0,0,0,1,5,0,0,403.619,-151.760,-1.67161,1.434,415.979,138.833,415.460,425.834,141.945,425.315,1060.176,-15.563,382.426,-1.66849,-15.516,382.267,-1.68288,2
385,345364,10,3,3,0,0,0,1,5,0,0,403.695,-151.760,-1.65676,1.587,415.979,138.833,415.979,425.834,141.945,425.315,1060.176,-15.547,382.507,-1.65364,-15.507,382.427,-1.67161,2
401,345374,10,3,3,0,0,0,1,5,0,0,403.774,-151.760,-1.63992,1.465,415.979,138.833,415.979,425.834,141.945,425.315,1060.176,-15.529,382.594,-1.63680,-15.491,382.508,-1.65676,2
401,345384,10,3,3,0,0,0,1,5,0,0,403.850,-151.760,-1.62675,1.068,416.498,139.178,415.979,425.834,141.945,425.315,1060.176,-15.515,382.674,-1.62363,-15.473,382.594,-1.63992,2
416,345394,10,3,3,0,0,0,1,5,0,0,403.930,-151.760,-1.61554,0.885,417.016,139.178,415.979,425.834,141.945,425.834,1060.694,-15.504,382.758,-1.61242,-15.460,382.674,-1.62675,2
432,345404,10,3,3,0,0,0,1,5,0,0,403.930,-151.684,-1.60419,1.007,417.016,139.178,415.979,425.834,141.945,425.834,1060.694,-15.415,382.765,-1.60107,-15.448,382.758,-1.61554,2
432,345414,10,3,3,0,0,0,1,5,0,0,403.930,-151.684,-1.59178,1.129,417.016,139.178,416.498,425.834,141.945,425.834,1060.694,-15.400,382.769,-1.58866,-15.359,382.765,-1.60419,2
448,345424,10,3,3,0,0,0,1,5,0,0,404.280,-151.684,-1.58005,1.038,417.016,139.178,416.498,426.352,141.945,425.834,1060.694,-15.395,383.124,-1.57693,-15.344,382.770,-1.59178,2
464,345434,10,3,3,0,0,0,1,5,0,0,404.280,-151.644,-1.57106,0.732,417.016,139.178,416.498,426.352,141.945,425.834,1060.694,-15.345,383.128,-1.56794,-15.340,383.124,-1.58005,2
464,345444,10,3,3,0,0,0,1,5,0,0,404.360,-151.644,-1.56503,0.549,417.016,139.524,416.498,426.352,141.945,425.834,1060.694,-15.339,383.210,-1.56191,-15.289,383.129,-1.57106,2
479,345454,10,3,3,0,0,0,1,5,0,0,404.435,-151.644,-1.55973,0.519,417.016,139.524,417.016,426.352,141.945,425.834,1060.694,-15.335,383.288,-1.55661,-15.284,383.211,-1.56503,2
494,345464,10,3,3,0,0,0,1,5,0,0,404.435,-151.644,-1.55479,0.427,417.016,139.524,417.016,426.352,142.290,425.834,1060.694,-15.329,383.290,-1.55167,-15.279,383.288,-1.55973,2
494,345474,10,3,3,0,0,0,1,5,0,0,404.515,-151.644,-1.55190,0.305,417.016,139.524,417.016,426.352,142.290,425.834,1060.694,-15.328,383.371,-1.54878,-15.273,383.290,-1.55479,2
510,345484,10,3,3,0,0,0,1,5,0,0,404.515,-151.644,-1.55077,-0.000,417.016,139.524,417.016,426.352,142.290,425.834,1060.694,-15.326,383.371,-1.54765,-15.272,383.371,-1.55190,2
525,345494,10,3,3,0,0,0,1,5,0,0,404.590,-151.644,-1.55106,-0.000,417.016,139.524,417.016,426.871,142.290,425.834,1060.694,-15.329,383.446,-1.54794,-15.271,383.371,-1.55077,2
525,345504,10,3,3,0,0,0,1,5,0,0,404.590,-151.644,-1.55150,-0.000,417.016,139.524,417.016,426.871,142.290,425.834,1060.694,-15.329,383.446,-1.54838,-15.273,383.447,-1.55106,2
541,345514,10,3,3,0,0,0,1,5,0,0,404.670,-151.644,-1.55349,-0.275,417.016,139.524,417.016,426.871,142.290,425.834,1060.694,-15.334,383.525,-1.55037,-15.274,383.446,-1.55150,2
541,345524,10,3,3,0,0,0,1,5,0,0,404.670,-151.644,-1.55823,-0.458,417.535,139.524,417.016,426.871,142.290,425.834,1060.694,-15.340,383.523,-1.55511,-15.278,383.525,-1.55349,2
557,345534,10,3,3,0,0,0,1,5,0,0,404.750,-151.644,-1.56427,-0.580,417.535,139.524,417.016,426.871,142.290,425.834,1060.694,-15.349,383.601,-1.56115,-15.284,383.524,-1.55823,2
573,345544,10,3,3,0,0,0,1,5,0,0,404.750,-151.644,-1.57191,-0.793,417.535,139.524,417.016,426.871,142.290,426.352,1061.213,-15.358,383.598,-1.56879,-15.293,383.601,-1.56427,2
573,345554,10,3,3,0,0,0,1,5,0,0,404.825,-151.564,-1.57994,-0.855,417.535,139.524,417.016,426.871,142.290,426.352,1061.213,-15.290,383.672,-1.57682,-15.303,383.598,-1.57191,2
588,345564,10,3,3,0,0,0,1,5,0,0,404.905,-151.564,-1.58827,-0.855,417.535,139.524,417.016,426.871,142.290,426.352,1061.213,-15.303,383.749,-1.58515,-15.235,383.673,-1.57994,2
604,345574,10,3,3,0,0,0,1,5,0,0,404.905,-151.564,-1.59630,-0.702,417.535,139.524,417.016,426.871,142.290,426.352,1061.213,-15.312,383.746,-1.59318,-15.247,383.749,-1.58827,2
604,345584,10,3,3,0,0,0,1,5,0,0,405.060,-151.489,-1.59922,-0.000,417.535,139.524,417.016,426.871,142.290,426.871,1061.732,-15.245,383.902,-1.59610,-15.257,383.746,-1.59630,2
619,345594,10,3,3,0,0,0,1,5,0,0,405.135,-151.489,-1.59462,0.793,418.054,139.524,417.016,426.871,142.290,426.871,1061.732,-15.241,383.979,-1.59150,-15.189,383.902,-1.59922,2
643,345604,10,3,3,0,0,0,1,5,0,0,405.215,-151.489,-1.58235,1.556,418.054,139.524,417.535,426.871,142.290,426.871,1061.732,-15.229,384.063,-1.57923,-15.186,383.979,-1.59462,2
643,345614,10,3,3,0,0,0,1,5,0,0,405.295,-151.489,-1.56334,2.014,418.054,139.524,417.535,427.390,142.290,426.871,1061.732,-15.208,384.150,-1.56022,-15.173,384.064,-1.58235,2
643,345624,10,3,3,0,0,0,1,5,0,0,405.450,-151.525,-1.54292,1.923,418.054,139.870,417.535,427.390,142.290,426.871,1061.732,-15.223,384.312,-1.53980,-15.152,384.151,-1.56334,2
667,345634,10,3,3,0,0,0,1,5,0,0,405.605,-151.525,-1.52552,1.556,418.054,139.870,418.054,427.390,142.636,426.871,1061.732,-15.206,384.474,-1.52239,-15.167,384.313,-1.54292,2
667,345644,10,3,3,0,0,0,1,5,0,0,405.685,-151.525,-1.51152,1.404,418.572,139.870,418.054,427.390,142.636,426.871,1061.732,-15.191,384.559,-1.50840,-15.150,384.474,-1.52551,2
698,345654,10,3,3,0,0,0,1,5,0,0,405.761,-151.525,-1.49609,1.617,418.572,139.870,418.054,427.390,142.636,426.871,1061.732,-15.174,384.640,-1.49297,-15.135,384.560,-1.51152,2
698,345664,10,3,3,0,0,0,1,5,0,0,405.840,-151.525,-1.48232,1.129,418.572,139.870,418.572,427.390,142.636,426.871,1061.732,-15.160,384.725,-1.47920,-15.119,384.641,-1.49609,2
698,345674,10,3,3,0,0,0,1,5,0,0,405.916,-151.525,-1.47789,-0.000,418.572,139.870,418.572,427.390,142.636,426.871,1061.732,-15.156,384.802,-1.47477,-15.104,384.726,-1.48232,2
713,345684,10,3,3,0,0,0,1,5,0,0,405.916,-151.449,-1.47885,-0.488,418.572,139.870,418.572,427.908,142.636,426.871,1061.732,-15.082,384.804,-1.47573,-15.101,384.803,-1.47789,2
713,345694,10,3,3,0,0,0,1,5,0,0,405.916,-151.449,-1.48274,-0.366,419.091,139.870,418.572,427.908,142.636,427.390,1062.250,-15.087,384.803,-1.47962,-15.026,384.804,-1.47885,2
729,345704,10,3,3,0,0,0,1,5,0,0,405.916,-151.449,-1.48073,0.458,419.091,139.870,418.572,427.908,142.636,427.390,1062.250,-15.084,384.803,-1.47761,-15.031,384.803,-1.48274,2
744,345714,10,3,3,0,0,0,1,5,0,0,406.071,-151.449,-1.47015,1.373,419.610,140.043,418.572,427.908,142.636,427.390,1062.250,-15.076,384.962,-1.46703,-15.029,384.804,-1.48073,2
744,345724,10,3,3,0,0,0,1,5,0,0,406.151,-151.449,-1.45184,2.228,419.610,140.043,419.091,427.908,142.636,427.390,1062.250,-15.055,385.049,-1.44872,-15.020,384.963,-1.47015,2
760,345734,10,3,3,0,0,0,1,5,0,0,406.306,-151.449,-1.42770,2.716,419.610,140.043,419.091,427.908,142.636,427.390,1062.250,-15.030,385.213,-1.42458,-15.000,385.050,-1.45184,2
760,345744,10,3,3,0,0,0,1,5,0,0,406.461,-151.449,-1.40173,2.838,419.610,140.043,419.610,427.908,142.636,427.390,1062.250,-15.002,385.378,-1.39861,-14.974,385.214,-1.42770,2
776,345754,10,3,3,0,0,0,1,5,0,0,406.696,-151.449,-1.37536,2.960,419.610,140.043,419.610,427.908,142.636,427.908,1062.769,-14.976,385.623,-1.37224,-14.947,385.379,-1.40173,2
792,345764,10,3,3,0,0,0,1,5,0,0,406.851,-151.449,-1.34797,2.991,420.128,140.389,419.610,428.427,142.636,427.908,1062.769,-14.946,385.789,-1.34485,-14.920,385.624,-1.37536,2
792,345774,10,3,3,0,0,0,1,5,0,0,407.126,-151.449,-1.32250,2.564,420.647,140.389,420.128,428.427,142.636,427.908,1062.769,-14.922,386.073,-1.31938,-14.891,385.789,-1.34797,2
807,345784,10,3,3,0,0,0,1,5,0,0,407.356,-151.449,-1.29848,2.441,420.647,140.389,420.128,428.427,142.636,427.908,1062.769,-14.898,386.313,-1.29536,-14.866,386.074,-1.32250,2
822,345794,10,3,3,0,0,0,1,5,0,0,407.631,-151.449,-1.27093,2.686,421.166,140.734,420.647,428.946,142.809,428.427,1063.288,-14.871,386.598,-1.26781,-14.842,386.313,-1.29848,2
822,345804,10,3,3,0,0,0,1,5,0,0,407.866,-151.449,-1.23883,3.082,421.166,140.734,421.166,428.946,142.809,428.427,1063.288,-14.837,386.845,-1.23571,-14.815,386.598,-1.27093,2
838,345814,10,3,3,0,0,0,1,5,0,0,408.021,-151.449,-1.21523,1.984,421.684,140.734,421.166,429.465,142.809,428.427,1063.288,-14.812,387.009,-1.21211,-14.781,386.845,-1.23883,2
853,345824,10,3,3,0,0,0,1,5,0,0,408.256,-151.369,-1.20119,1.312,422.203,140.734,421.684,429.465,142.809,428.946,1063.806,-14.720,387.251,-1.19807,-14.756,387.009,-1.21523,2
853,345834,10,3,3,0,0,0,1,5,0,0,408.487,-151.369,-1.18926,1.099,422.203,141.080,421.684,429.465,143.155,428.946,1063.806,-14.710,387.486,-1.18614,-14.664,387.251,-1.20119,2
868,345844,10,3,3,0,0,0,1,5,0,0,408.642,-151.369,-1.17666,1.129,422.203,141.080,422.203,429.465,143.155,429.465,1064.325,-14.698,387.645,-1.17354,-14.654,387.486,-1.18926,2
884,345854,10,3,3,0,0,0,1,5,0,0,408.802,-151.369,-1.16613,0.671,422.203,141.080,422.203,429.983,143.155,429.465,1064.325,-14.688,387.809,-1.16301,-14.642,387.646,-1.17666,2
884,345864,10,3,3,0,0,0,1,5,0,0,408.877,-151.330,-1.16657,-0.427,422.722,141.080,422.203,429.983,143.155,429.465,1064.325,-14.651,387.885,-1.16345,-14.633,387.809,-1.16613,2
900,345874,10,3,3,0,0,0,1,5,0,0,408.957,-151.330,-1.17592,-1.251,422.722,141.080,422.203,429.983,143.155,429.465,1064.325,-14.664,387.961,-1.17280,-14.595,387.885,-1.16657,2
916,345884,10,3,3,0,0,0,1,5,0,0,408.957,-151.254,-1.19181,-0.824,423.240,141.080,422.203,429.983,143.155,429.465,1064.325,-14.607,387.957,-1.18869,-14.608,387.962,-1.17592,2
916,345894,10,3,3,0,0,0,1,5,0,0,408.957,-151.254,-1.19194,-0.000,423.240,141.080,422.203,430.502,143.155,429.465,1064.325,-14.608,387.957,-1.18882,-14.552,387.957,-1.19181,2
932,345904,10,3,3,0,0,0,1,5,0,0,408.957,-151.254,-1.18931,0.336,423.240,141.080,422.203,430.502,143.155,429.465,1064.325,-14.604,387.958,-1.18619,-14.552,387.957,-1.19194,2
932,345914,10,3,3,0,0,0,1,5,0,0,408.957,-151.254,-1.18962,-0.000,423.240,141.080,422.203,430.502,143.155,429.465,1064.325,-14.605,387.958,-1.18650,-14.549,387.958,-1.18931,2
948,345924,10,3,3,0,0,0,1,5,0,0,408.957,-151.254,-1.19211,-0.000,423.240,141.080,422.203,430.502,143.155,429.465,1064.325,-14.608,387.957,-1.18899,-14.549,387.958,-1.18962,2
962,345934,10,3,3,0,0,0,1,5,0,0,408.957,-151.254,-1.19731,-0.366,423.240,141.080,422.203,430.502,143.155,429.465,1064.325,-14.614,387.955,-1.19419,-14.552,387.957,-1.19211,2
962,345944,10,3,3,0,0,0,1,5,0,0,408.957,-151.254,-1.20400,-0.580,423.240,141.080,422.203,430.502,143.155,429.465,1064.325,-14.622,387.952,-1.20088,-14.559,387.955,-1.19731,2
978,345954,10,3,3,0,0,0,1,5,0,0,408.957,-151.254,-1.20987,-0.610,423.240,141.080,422.203,430.502,143.155,429.465,1064.325,-14.629,387.950,-1.20675,-14.567,387.953,-1.20400,2
994,345964,10,3,3,0,0,0,1,5,0,0,408.957,-151.254,-1.21558,-0.610,423.240,141.080,422.203,430.502,143.155,429.465,1064.325,-14.636,387.948,-1.21246,-14.574,387.950,-1.20987,2
994,345974,10,3,3,0,0,0,1,5,0,0,408.957,-151.254,-1.21758,-0.000,423.240,141.080,422.203,430.502,143.155,429.465,1064.325,-14.639,387.947,-1.21446,-14.581,387.948,-1.21558,2
1010,345984,10,3,3,0,0,0,1,5,0,0,408.957,-151.254,-1.22034,-0.305,423.240,141.080,422.203,430.502,143.155,429.465,1064.325,-14.642,387.946,-1.21722,-14.583,387.947,-1.21758,2
1025,345994,10,3,3,0,0,0,1,5,0,0,408.957,-151.254,-1.22168,-0.000,423.240,141.080,422.203,430.502,143.155,429.465,1064.325,-14.644,387.946,-1.21856,-14.587,387.946,-1.22034,2
1025,346004,10,3,3,0,0,0,1,5,0,0,408.957,-151.254,-1.22348,-0.000,423.240,141.080,422.203,430.502,143.155,429.465,1064.325,-14.646,387.945,-1.22036,-14.588,387.946,-1.22168,2
1041,346014,10,3,3,0,0,0,1,5,0,0,408.957,-151.254,-1.22516,-0.000,423.240,141.080,422.203,430.502,143.155,429.465,1064.325,-14.648,387.944,-1.22204,-14.590,387.945,-1.22348,2
1041,346024,10,3,3,0,0,0,1,5,0,0,408.957,-151.254,-1.22617,-0.000,423.240,141.080,422.203,430.502,143.155,429.465,1064.325,-14.649,387.944,-1.22305,-14.592,387.945,-1.22516,2
1056,346034,10,3,3,0,0,0,1,5,0,0,408.957,-151.254,-1.22383,0.397,423.240,141.080,422.203,430.502,143.155,429.465,1064.325,-14.646,387.945,-1.22071,-14.594,387.944,-1.22617,2
1072,346044,10,3,3,0,0,0,1,5,0,0,408.957,-151.254,-1.21701,0.610,423.240,141.080,422.203,430.502,143.155,429.465,1064.325,-14.638,387.947,-1.21389,-14.591,387.945,-1.22383,2
1072,346054,10,3,3,0,0,0,1,5,0,0,408.957,-151.254,-1.21031,0.519,423.240,141.080,422.203,430.502,143.155,429.465,1064.325,-14.630,387.950,-1.20719,-14.583,387.948,-1.21701,2
1087,346064,10,3,3,0,0,0,1,5,0,0,408.957,-151.254,-1.20489,0.336,423.240,141.080,422.203,430.502,143.155,429.465,1064.325,-14.623,387.952,-1.20177,-14.574,387.950,-1.21031,2
1102,346074,10,3,3,0,0,0,1,5,0,0,408.957,-151.254,-1.20105,0.244,423.240,141.080,422.203,430.502,143.155,429.465,1064.325,-14.619,387.953,-1.19793,-14.568,387.952,-1.20489,2
1102,346084,10,3,3,0,0,0,1,5,0,0,408.957,-151.254,-1.19996,-0.000,423.240,141.080,422.203,430.502,143.155,429.465,1064.325,-14.617,387.954,-1.19684,-14.563,387.954,-1.20105,2
1118,346094,10,3,3,0,0,0,1,5,0,0,408.957,-151.254,-1.19994,-0.244,423.240,141.080,422.203,430.502,143.155,429.465,1064.325,-14.617,387.954,-1.19681,-14.562,387.954,-1.19996,2
1133,346104,10,3,3,0,0,0,1,5,0,0,408.957,-151.254,-1.19960,-0.000,423.240,141.080,422.203,430.502,143.155,429.465,1064.325,-14.617,387.954,-1.19648,-14.562,387.954,-1.19993,2
1133,346114,10,3,3,0,0,0,1,5,0,0,408.957,-151.254,-1.20145,-0.244,423.240,141.080,422.203,430.502,143.155,429.465,1064.325,-14.619,387.953,-1.19833,-14.561,387.954,-1.19960,2
1149,346124,10,3,3,0,0,0,1,5,0,0,408.957,-151.254,-1.20506,-0.336,423.240,141.080,422.203,430.502,143.155,429.465,1064.325,-14.624,387.952,-1.20194,-14.564,387.954,-1.20145,2
1165,346134,10,3,3,0,0,0,1,5,0,0,408.957,-151.254,-1.20909,-0.336,423.240,141.080,422.203,430.502,143.155,429.465,1064.325,-14.628,387.950,-1.20597,-14.568,387.952,-1.20506,2
1165,346144,10,3,3,0,0,0,1,5,0,0,408.957,-151.254,-1.21362,-0.458,423.240,141.080,422.203,430.502,143.155,429.465,1064.325,-14.634,387.949,-1.21050,-14.573,387.951,-1.20909,2
1181,346154,10,3,3,0,0,0,1,5,0,0,408.957,-151.254,-1.21846,-0.488,423.240,141.080,422.203,430.502,143.155,429.465,1064.325,-14.640,387.947,-1.21534,-14.578,387.949,-1.21362,2
1181,346164,10,3,3,0,0,0,1,5,0,0,408.957,-151.254,-1.22024,-0.000,423.240,141.080,422.203,430.502,143.155,429.465,1064.325,-14.642,387.946,-1.21712,-14.584,387.947,-1.21846,2
1196,346174,10,3,3,0,0,0,1,5,0,0,408.957,-151.254,-1.22218,-0.000,423.240,141.080,422.203,430.502,143.155,429.465,1064.325,-14.644,387.945,-1.21906,-14.586,387.946,-1.22024,2
1211,346184,10,3,3,0,0,0,1,5,0,0,408.957,-151.254,-1.22377,-0.000,423.240,141.080,422.203,430.502,143.155,429.465,1064.325,-14.646,387.945,-1.22065,-14.589,387.946,-1.22218,2
1211,346194,10,3,3,0,0,0,1,5,0,0,408.957,-151.254,-1.22520,-0.000,423.240,141.080,422.203,430.502,143.155,429.465,1064.325,-14.648,387.944,-1.22208,-14.591,387.945,-1.22377,2
1228,346204,10,3,3,0,0,0,1,5,0,0,408.957,-151.254,-1.22544,-0.000,423.240,141.080,422.203,430.502,143.155,429.465,1064.325,-14.648,387.944,-1.22232,-14.592,387.945,-1.22520,2
1243,346214,10,3,3,0,0,0,1,5,0,0,408.957,-151.254,-1.22562,-0.000,423.240,141.080,422.203,430.502,143.155,429.465,1064.325,-14.649,387.944,-1.22250,-14.593,387.945,-1.22544,2
1243,346224,10,3,3,0,0,0,1,5,0,0,408.957,-151.254,-1.22654,-0.275,423.240,141.080,422.203,430.502,143.155,429.465,1064.325,-14.650,387.944,-1.22342,-14.593,387.944,-1.22562,2
1258,346234,10,3,3,0,0,0,1,5,0,0,408.957,-151.254,-1.22604,-0.000,423.240,141.080,422.203,430.502,143.155,429.465,1064.325,-14.649,387.944,-1.22292,-14.594,387.944,-1.22654,2
1274,346244,10,3,3,0,0,0,1,5,0,0,408.957,-151.254,-1.22488,-0.000,423.240,141.080,422.203,430.502,143.155,429.465,1064.325,-14.648,387.944,-1.22176,-14.593,387.944,-1.22604,2
1274,346254,10,3,3,0,0,0,1,5,0,0,408.957,-151.254,-1.22458,-0.000,423.240,141.080,422.203,430.502,143.155,429.465,1064.325,-14.647,387.944,-1.22146,-14.592,387.945,-1.22488,2
1289,346264,10,3,3,0,0,0,1,5,0,0,408.957,-151.254,-1.22552,-0.000,423.240,141.080,422.203,430.502,143.155,429.465,1064.325,-14.648,387.944,-1.22240,-14.592,387.945,-1.22458,2
1305,346274,10,3,3,0,0,0,1,5,0,0,408.957,-151.254,-1.22695,-0.000,423.240,141.080,422.203,430.502,143.155,429.465,1064.325,-14.650,387.944,-1.22383,-14.593,387.944,-1.22552,2
1305,346284,10,3,3,0,0,0,1,5,0,0,408.957,-151.254,-1.22921,-0.244,423.240,141.080,422.203,430.502,143.155,429.465,1064.325,-14.653,387.943,-1.22609,-14.595,387.944,-1.22695,2
1336,346294,10,3,3,0,0,0,1,5,0,0,408.957,-151.254,-1.23254,-0.275,423.240,141.080,422.203,430.502,143.155,429.465,1064.325,-14.657,387.941,-1.22942,-14.597,387.943,-1.22921,2
1336,346304,10,3,3,0,0,0,1,5,0,0,408.957,-151.254,-1.23193,-0.000,423.240,141.080,422.203,430.502,143.155,429.465,1064.325,-14.656,387.942,-1.22881,-14.601,387.942,-1.23254,2
1336,346314,10,3,3,0,0,0,1,5,0,0,408.957,-151.254,-1.22980,0.275,423.240,141.080,422.203,430.502,143.155,429.465,1064.325,-14.654,387.943,-1.22668,-14.601,387.942,-1.23193,2
1352,346324,10,3,3,0,0,0,1,5,0,0,408.957,-151.254,-1.22814,-0.000,423.240,141.080,422.203,430.502,143.155,429.465,1064.325,-14.652,387.943,-1.22502,-14.598,387.943,-1.22980,2
1352,346334,10,3,3,0,0,0,1,5,0,0,408.957,-151.254,-1.22791,-0.000,423.240,141.080,422.203,430.502,143.155,429.465,1064.325,-14.651,387.943,-1.22479,-14.596,387.943,-1.22814,2
1368,346344,10,3,3,0,0,0,1,5,0,0,408.957,-151.254,-1.22749,-0.000,423.240,141.080,422.203,430.502,143.155,429.465,1064.325,-14.651,387.943,-1.22437,-14.596,387.944,-1.22791,2
1383,346354,10,3,3,0,0,0,1,5,0,0,408.957,-151.254,-1.22652,-0.000,423.240,141.080,422.203,430.502,143.155,429.465,1064.325,-14.650,387.944,-1.22340,-14.595,387.944,-1.22749,2
1383,346364,10,3,3,0,0,0,1,5,0,0,408.957,-151.254,-1.22616,-0.000,423.240,141.080,422.203,430.502,143.155,429.465,1064.325,-14.649,387.944,-1.22304,-14.594,387.944,-1.22652,2
1399,346374,10,3,3,0,0,0,1,5,0,0,408.957,-151.254,-1.22655,-0.000,423.240,141.080,422.203,430.502,143.155,429.465,1064.325,-14.650,387.944,-1.22343,-14.594,387.944,-1.22616,2
1415,346384,10,3,3,0,0,0,1,5,0,0,408.957,-151.254,-1.22704,-0.000,423.240,141.080,422.203,430.502,143.155,429.465,1064.325,-14.650,387.944,-1.22392,-14.594,387.944,-1.22655,2
1415,346394,10,3,3,0,0,0,1,5,0,0,408.957,-151.254,-1.22696,-0.000,423.240,141.080,422.203,430.502,143.155,429.465,1064.325,-14.650,387.944,-1.22384,-14.595,387.944,-1.22704,2
1430,346404,10,3,3,0,0,0,1,5,0,0,408.957,-151.254,-1.22757,-0.000,423.240,141.080,422.203,430.502,143.155,429.465,1064.325,-14.651,387.943,-1.22445,-14.595,387.944,-1.22696,2
1446,346414,10,3,3,0,0,0,1,5,0,0,408.957,-151.254,-1.22812,-0.000,423.240,141.080,422.203,430.502,143.155,429.465,1064.325,-14.652,387.943,-1.22500,-14.595,387.944,-1.22757,2
1446,346424,10,3,3,0,0,0,1,5,0,0,408.957,-151.254,-1.22883,-0.000,423.240,141.080,422.203,430.502,143.155,429.465,1064.325,-14.652,387.943,-1.22571,-14.596,387.943,-1.22812,2
1461,346434,10,3,3,0,0,0,1,5,0,0,408.957,-151.254,-1.22902,-0.000,423.240,141.080,422.203,430.502,143.155,429.465,1064.325,-14.653,387.943,-1.22590,-14.597,387.943,-1.22883,2
1461,346444,10,3,3,0,0,0,1,5,0,0,408.957,-151.254,-1.22923,-0.000,423.240,141.080,422.203,430.502,143.155,429.465,1064.325,-14.653,387.943,-1.22611,-14.597,387.943,-1.22902,2
1477,346454,10,3,3,0,0,0,1,5,0,0,408.957,-151.254,-1.22919,-0.000,423.240,141.080,422.203,430.502,143.155,429.465,1064.325,-14.653,387.943,-1.22607,-14.597,387.943,-1.22923,2
1493,346464,10,3,3,0,0,0,1,5,0,0,408.957,-151.254,-1.22914,-0.000,423.240,141.080,422.203,430.502,143.155,429.465,1064.325,-14.653,387.943,-1.22602,-14.597,387.943,-1.22919,2
1493,346474,10,3,3,0,0,0,1,5,0,0,408.957,-151.254,-1.22940,-0.000,423.240,141.080,422.203,430.502,143.155,429.465,1064.325,-14.653,387.943,-1.22628,-14.597,387.943,-1.22914,2
1509,346484,10,3,3,0,0,0,1,5,0,0,408.957,-151.254,-1.22874,-0.000,423.240,141.080,422.203,430.502,143.155,429.465,1064.325,-14.652,387.943,-1.22562,-14.598,387.943,-1.22940,2
1524,346494,10,3,3,0,0,0,1,5,0,0,408.957,-151.254,-1.22743,-0.000,423.240,141.080,422.203,430.502,143.155,429.465,1064.325,-14.651,387.943,-1.22431,-14.597,387.943,-1.22874,2
1524,346504,10,3,3,0,0,0,1,5,0,0,408.957,-151.254,-1.22664,-0.000,423.240,141.080,422.203,430.502,143.155,429.465,1064.325,-14.650,387.944,-1.22352,-14.595,387.944,-1.22743,2
1539,346514,10,3,3,0,0,0,1,5,0,0,408.957,-151.254,-1.22679,-0.000,423.240,141.080,422.203,430.502,143.155,429.465,1064.325,-14.650,387.944,-1.22367,-14.594,387.944,-1.22664,2
1554,346524,10,3,3,0,0,0,1,5,0,0,408.957,-151.254,-1.22715,-0.000,423.240,141.080,422.203,430.502,143.155,429.465,1064.325,-14.650,387.944,-1.22403,-14.594,387.944,-1.22679,2
1554,346534,10,3,3,0,0,0,1,5,0,0,408.957,-151.254,-1.22765,-0.000,423.240,141.080,422.203,430.502,143.155,429.465,1064.325,-14.651,387.943,-1.22453,-14.595,387.944,-1.22715,2
1570,346544,10,3,3,0,0,0,1,5,0,0,408.957,-151.254,-1.22804,-0.000,423.240,141.080,422.203,430.502,143.155,429.465,1064.325,-14.651,387.943,-1.22492,-14.595,387.944,-1.22765,2
1585,346554,10,3,3,0,0,0,1,5,0,0,408.957,-151.254,-1.22781,-0.000,423.240,141.080,422.203,430.502,143.155,429.465,1064.325,-14.651,387.943,-1.22468,-14.596,387.943,-1.22804,2
1585,346564,10,3,3,0,0,0,1,5,0,0,408.957,-151.254,-1.22728,-0.000,423.240,141.080,422.203,430.502,143.155,429.465,1064.325,-14.651,387.943,-1.22416,-14.596,387.944,-1.22781,2
1601,346574,10,3,3,0,0,0,1,5,0,0,408.957,-151.254,-1.22744,-0.000,423.240,141.080,422.203,430.502,143.155,429.465,1064.325,-14.651,387.943,-1.22432,-14.595,387.944,-1.22728,2
1601,346584,10,3,3,0,0,0,1,5,0,0,408.957,-151.254,-1.22833,-0.000,423.240,141.080,422.203,430.502,143.155,429.465,1064.325,-14.652,387.943,-1.22521,-14.595,387.944,-1.22744,2
1616,346594,10,3,3,0,0,0,1,5,0,0,408.957,-151.254,-1.23032,-0.275,423.240,141.080,422.203,430.502,143.155,429.465,1064.325,-14.654,387.942,-1.22720,-14.596,387.943,-1.22833,2
1632,346604,10,3,3,0,0,0,1,5,0,0,408.957,-151.254,-1.23334,-0.275,423.240,141.080,422.203,430.502,143.155,429.465,1064.325,-14.658,387.941,-1.23022,-14.599,387.943,-1.23032,2
1632,346614,10,3,3,0,0,0,1,5,0,0,408.957,-151.254,-1.23276,-0.000,423.240,141.080,422.203,430.502,143.155,429.465,1064.325,-14.657,387.941,-1.22963,-14.602,387.941,-1.23334,2
1647,346624,10,3,3,0,0,0,1,5,0,0,408.957,-151.254,-1.23253,-0.000,423.240,141.080,422.203,430.502,143.155,429.465,1064.325,-14.657,387.941,-1.22941,-14.602,387.942,-1.23276,2
1662,346634,10,3,3,0,0,0,1,5,0,0,408.957,-151.254,-1.23299,-0.000,423.240,141.080,422.203,430.502,143.155,429.465,1064.325,-14.657,387.941,-1.22987,-14.601,387.942,-1.23253,2
1662,346644,10,3,3,0,0,0,1,5,0,0,408.957,-151.254,-1.23305,-0.000,423.240,141.080,422.203,430.502,143.155,429.465,1064.325,-14.658,387.941,-1.22993,-14.602,387.942,-1.23299,2
1677,346654,10,3,3,0,0,0,1,5,0,0,408.957,-151.254,-1.23290,-0.000,423.240,141.080,422.203,430.502,143.155,429.465,1064.325,-14.657,387.941,-1.22978,-14.602,387.942,-1.23305,2
1693,346664,10,3,3,0,0,0,1,5,0,0,408.957,-151.254,-1.23229,-0.000,423.240,141.080,422.203,430.502,143.155,429.465,1064.325,-14.657,387.942,-1.22916,-14.602,387.942,-1.23290,2
1693,346674,10,3,3,0,0,0,1,5,0,0,408.957,-151.254,-1.23215,-0.000,423.240,141.080,422.203,430.502,143.155,429.465,1064.325,-14.656,387.942,-1.22903,-14.601,387.942,-1.23228,2
1707,346684,10,3,3,0,0,0,1,5,0,0,408.957,-151.254,-1.23230,-0.000,423.240,141.080,422.203,430.502,143.155,429.465,1064.325,-14.657,387.942,-1.22918,-14.601,387.942,-1.23215,2
1723,346694,10,3,3,0,0,0,1,5,0,0,408.957,-151.254,-1.23015,0.244,423.240,141.080,422.203,430.502,143.155,429.465,1064.325,-14.654,387.942,-1.22703,-14.601,387.942,-1.23230,2
1723,346704,10,3,3,0,0,0,1,5,0,0,408.957,-151.254,-1.23021,-0.000,423.240,141.080,422.203,430.502,143.155,429.465,1064.325,-14.654,387.942,-1.22709,-14.598,387.943,-1.23015,2
1738,346714,10,3,3,0,0,0,1,5,0,0,408.957,-151.254,-1.22949,-0.000,423.240,141.080,422.203,430.502,143.155,429.465,1064.325,-14.653,387.943,-1.22637,-14.599,387.943,-1.23021,2
1755,346724,10,3,3,0,0,0,1,5,0,0,408.957,-151.254,-1.22843,-0.000,423.240,141.080,422.203,430.502,143.155,429.465,1064.325,-14.652,387.943,-1.22531,-14.598,387.943,-1.22949,2
1755,346734,10,3,3,0,0,0,1,5,0,0,408.957,-151.254,-1.22768,-0.000,423.240,141.080,422.203,430.502,143.155,429.465,1064.325,-14.651,387.943,-1.22456,-14.596,387.943,-1.22843,2
1770,346744,10,3,3,0,0,0,1,5,0,0,408.957,-151.254,-1.22761,-0.000,423.240,141.080,422.203,430.502,143.155,429.465,1064.325,-14.651,387.943,-1.22449,-14.595,387.944,-1.22768,2
1785,346754,10,3,3,0,0,0,1,5,0,0,408.957,-151.254,-1.22839,-0.000,423.240,141.080,422.203,430.502,143.155,429.465,1064.325,-14.652,387.943,-1.22527,-14.595,387.944,-1.22761,2
1785,346764,10,3,3,0,0,0,1,5,0,0,408.957,-151.254,-1.22912,-0.000,423.240,141.080,422.203,430.502,143.155,429.465,1064.325,-14.653,387.943,-1.22600,-14.596,387.943,-1.22839,2
1801,346774,10,3,3,0,0,0,1,5,0,0,408.957,-151.254,-1.22939,-0.000,423.240,141.080,422.203,430.502,143.155,429.465,1064.325,-14.653,387.943,-1.22627,-14.597,387.943,-1.22912,2
1801,346784,10,3,3,0,0,0,1,5,0,0,408.957,-151.254,-1.22949,-0.000,423.240,141.080,422.203,430.502,143.155,429.465,1064.325,-14.653,387.943,-1.22637,-14.598,387.943,-1.22939,2
1816,346794,10,3,3,0,0,0,1,5,0,0,408.957,-151.254,-1.22933,-0.000,423.240,141.080,422.203,430.502,143.155,429.465,1064.325,-14.653,387.943,-1.22621,-14.598,387.943,-1.22949,2
1832,346804,10,3,3,0,0,0,1,5,0,0,408.957,-151.254,-1.22924,-0.000,423.240,141.080,422.203,430.502,143.155,429.465,1064.325,-14.653,387.943,-1.22612,-14.597,387.943,-1.22933,2
1832,346814,10,3,3,0,0,0,1,5,0,0,408.957,-151.254,-1.22908,-0.000,423.240,141.080,422.203,430.502,143.155,429.465,1064.325,-14.653,387.943,-1.22596,-14.597,387.943,-1.22924,2
1847,346824,10,3,3,0,0,0,1,5,0,0,408.957,-151.254,-1.22900,-0.000,423.240,141.080,422.203,430.502,143.155,429.465,1064.325,-14.653,387.943,-1.22588,-14.597,387.943,-1.22908,2
1862,346834,10,3,3,0,0,0,1,5,0,0,408.957,-151.254,-1.22940,-0.000,423.240,141.080,422.203,430.502,143.155,429.465,1064.325,-14.653,387.943,-1.22628,-14.597,387.943,-1.22900,2
1862,346844,10,3,3,0,0,0,1,5,0,0,408.957,-151.254,-1.23027,-0.000,423.240,141.080,422.203,430.502,143.155,429.465,1064.325,-14.654,387.942,-1.22715,-14.598,387.943,-1.22940,2
1878,346854,10,3,3,0,0,0,1,5,0,0,408.957,-151.254,-1.23155,-0.000,423.240,141.080,422.203,430.502,143.155,429.465,1064.325,-14.656,387.942,-1.22843,-14.599,387.943,-1.23027,2
1894,346864,10,3,3,0,0,0,1,5,0,0,408.957,-151.254,-1.23277,-0.000,423.240,141.080,422.203,430.502,143.155,429.465,1064.325,-14.657,387.941,-1.22965,-14.600,387.942,-1.23155,2
1894,346874,10,3,3,0,0,0,1,5,0,0,408.957,-151.254,-1.23298,-0.000,423.240,141.080,422.203,430.502,143.155,429.465,1064.325,-14.657,387.941,-1.22986,-14.602,387.942,-1.23277,2
1909,346884,10,3,3,0,0,0,1,5,0,0,408.957,-151.254,-1.23187,-0.000,423.240,141.080,422.203,430.502,143.155,429.465,1064.325,-14.656,387.942,-1.22875,-14.602,387.942,-1.23298,2
1925,346894,10,3,3,0,0,0,1,5,0,0,408.957,-151.254,-1.23043,-0.000,423.240,141.080,422.203,430.502,143.155,429.465,1064.325,-14.654,387.942,-1.22730,-14.601,387.942,-1.23187,2
1925,346904,10,3,3,0,0,0,1,5,0,0,408.957,-151.254,-1.22938,-0.000,423.240,141.080,422.203,430.502,143.155,429.465,1064.325,-14.653,387.943,-1.22626,-14.599,387.943,-1.23042,2
1941,346914,10,3,3,0,0,0,1,5,0,0,408.957,-151.254,-1.22879,-0.000,423.240,141.080,422.203,430.502,143.155,429.465,1064.325,-14.652,387.943,-1.22567,-14.598,387.943,-1.22938,2
1941,346924,10,3,3,0,0,0,1,5,0,0,408.957,-151.254,-1.22921,-0.000,423.240,141.080,422.203,430.502,143.155,429.465,1064.325,-14.653,387.943,-1.22608,-14.597,387.943,-1.22879,2
1956,346934,10,3,3,0,0,0,1,5,0,0,408.957,-151.254,-1.23047,-0.000,423.240,141.080,422.203,430.502,143.155,429.465,1064.325,-14.654,387.942,-1.22734,-14.597,387.943,-1.22920,2
1972,346944,10,3,3,0,0,0,1,5,0,0,408.957,-151.254,-1.23075,-0.000,423.240,141.080,422.203,430.502,143.155,429.465,1064.325,-14.655,387.942,-1.22763,-14.599,387.943,-1.23046,2
1972,346954,10,3,3,0,0,0,1,5,0,0,408.957,-151.254,-1.23009,-0.000,423.240,141.080,422.203,430.502,143.155,429.465,1064.325,-14.654,387.942,-1.22697,-14.599,387.942,-1.23075,2
1988,346964,10,3,3,0,0,0,1,5,0,0,408.957,-151.254,-1.22908,-0.000,423.240,141.080,422.203,430.502,143.155,429.465,1064.325,-14.653,387.943,-1.22596,-14.598,387.943,-1.23009,2
2003,346974,10,3,3,0,0,0,1,5,0,0,408.957,-151.254,-1.22836,-0.000,423.240,141.080,422.203,430.502,143.155,429.465,1064.325,-14.652,387.943,-1.22524,-14.597,387.943,-1.22908,2
2003,346984,10,3,3,0,0,0,1,5,0,0,408.957,-151.254,-1.22814,-0.000,423.240,141.080,422.203,430.502,143.155,429.465,1064.325,-14.652,387.943,-1.22501,-14.596,387.943,-1.22836,2
2018,346994,10,3,3,0,0,0,1,5,0,0,408.957,-151.254,-1.22853,-0.000,423.240,141.080,422.203,430.502,143.155,429.465,1064.325,-14.652,387.943,-1.22541,-14.596,387.943,-1.22813,2
2034,347004,10,3,3,0,0,0,1,5,0,0,408.957,-151.254,-1.22952,-0.000,423.240,141.080,422.203,430.502,143.155,429.465,1064.325,-14.653,387.943,-1.22640,-14.597,387.943,-1.22853,2
2034,347014,10,3,3,0,0,0,1,5,0,0,408.957,-151.254,-1.23062,-0.000,423.240,141.080,422.203,430.502,143.155,429.465,1064.325,-14.655,387.942,-1.22750,-14.598,387.943,-1.22952,2
2050,347024,10,3,3,0,0,0,1,5,0,0,408.957,-151.254,-1.23124,-0.000,423.240,141.080,422.203,430.502,143.155,429.465,1064.325,-14.655,387.942,-1.22812,-14.599,387.942,-1.23062,2
2065,347034,10,3,3,0,0,0,1,5,0,0,408.957,-151.254,-1.23141,-0.000,423.240,141.080,422.203,430.502,143.155,429.465,1064.325,-14.656,387.942,-1.22829,-14.600,387.942,-1.23124,2
2065,347044,10,3,3,0,0,0,1,5,0,0,408.957,-151.254,-1.23070,-0.000,423.240,141.080,422.203,430.502,143.155,429.465,1064.325,-14.655,387.942,-1.22758,-14.600,387.942,-1.23141,2
2081,347054,10,3,3,0,0,0,1,5,0,0,408.957,-151.254,-1.22983,-0.000,423.240,141.080,422.203,430.502,143.155,429.465,1064.325,-14.654,387.943,-1.22671,-14.599,387.942,-1.23070,2
2081,347064,10,3,3,0,0,0,1,5,0,0,408.957,-151.254,-1.22757,0.305,423.240,141.080,422.203,430.502,143.155,429.465,1064.325,-14.651,387.943,-1.22445,-14.598,387.943,-1.22983,2
2097,347074,10,3,3,0,0,0,1,5,0,0,408.957,-151.254,-1.22384,0.336,423.240,141.080,422.203,430.502,143.155,429.465,1064.325,-14.646,387.945,-1.22072,-14.595,387.944,-1.22757,2
2112,347084,10,3,3,0,0,0,1,5,0,0,408.957,-151.254,-1.21894,0.519,423.240,141.080,422.203,430.502,143.155,429.465,1064.325,-14.640,387.947,-1.21582,-14.591,387.945,-1.22384,2
2112,347094,10,3,3,0,0,0,1,5,0,0,408.957,-151.254,-1.21284,0.702,423.240,141.080,422.203,430.502,143.155,429.465,1064.325,-14.633,387.949,-1.20972,-14.585,387.947,-1.21894,2
2128,347104,10,3,3,0,0,0,1,5,0,0,408.957,-151.254,-1.19975,1.007,423.240,141.080,422.203,430.502,143.155,429.465,1064.325,-14.617,387.954,-1.19663,-14.577,387.949,-1.21284,2
2144,347114,10,3,3,0,0,0,1,5,0,0,408.957,-151.254,-1.19027,0.916,423.240,141.080,422.203,430.502,143.155,429.465,1064.325,-14.606,387.957,-1.18715,-14.562,387.954,-1.19975,2
2144,347124,10,3,3,0,0,0,1,5,0,0,408.957,-151.254,-1.18044,0.916,423.240,141.080,422.203,430.502,143.155,429.465,1064.325,-14.594,387.961,-1.17732,-14.550,387.958,-1.19027,2
2160,347134,10,3,3,0,0,0,1,5,0,0,408.957,-151.254,-1.17176,0.732,423.240,141.080,422.203,430.502,143.155,429.465,1064.325,-14.583,387.964,-1.16864,-14.538,387.961,-1.18044,2
2176,347144,10,3,3,0,0,0,1,5,0,0,408.957,-151.254,-1.16449,0.641,423.240,141.080,422.203,430.502,143.155,429.465,1064.325,-14.574,387.967,-1.16137,-14.528,387.965,-1.17176,2
2176,347154,10,3,3,0,0,0,1,5,0,0,408.957,-151.254,-1.15715,0.702,423.240,141.080,422.203,430.502,143.155,429.465,1064.325,-14.565,387.970,-1.15403,-14.519,387.967,-1.16449,2
2192,347164,10,3,3,0,0,0,1,5,0,0,408.957,-151.254,-1.14888,0.824,423.240,141.080,422.203,430.502,143.155,429.465,1064.325,-14.555,387.973,-1.14576,-14.510,387.970,-1.15715,2
2192,347174,10,3,3,0,0,0,1,5,0,0,408.957,-151.254,-1.13959,0.885,423.240,141.080,422.203,430.502,143.155,429.465,1064.325,-14.544,387.976,-1.13646,-14.500,387.973,-1.14888,2
2207,347184,10,3,3,0,0,0,1,5,0,0,408.957,-151.254,-1.12977,0.824,423.240,141.080,422.203,430.502,143.155,429.465,1064.325,-14.532,387.980,-1.12665,-14.489,387.977,-1.13959,2
2223,347194,10,3,3,0,0,0,1,5,0,0,408.957,-151.254,-1.12030,0.793,423.240,141.080,422.203,430.502,143.155,429.465,1064.325,-14.521,387.983,-1.11718,-14.477,387.980,-1.12977,2
2223,347204,10,3,3,0,0,0,1,5,0,0,408.957,-151.254,-1.11014,0.916,423.240,141.080,422.203,430.502,143.155,429.465,1064.325,-14.508,387.987,-1.10702,-14.465,387.984,-1.12030,2
2238,347214,10,3,3,0,0,0,1,5,0,0,408.957,-151.254,-1.09825,1.221,423.240,141.080,422.203,430.502,143.155,429.465,1064.325,-14.494,387.992,-1.09513,-14.453,387.988,-1.11014,2
2253,347224,10,3,3,0,0,0,1,5,0,0,408.957,-151.254,-1.08363,1.617,423.240,141.080,422.203,430.502,143.155,429.465,1064.325,-14.476,387.997,-1.08051,-14.438,387.992,-1.09825,2
2253,347234,10,3,3,0,0,0,1,5,0,0,408.957,-151.254,-1.06795,1.740,423.240,141.080,422.203,430.502,143.155,429.465,1064.325,-14.457,388.003,-1.06483,-14.421,387.997,-1.08363,2
2269,347244,10,3,3,0,0,0,1,5,0,0,408.957,-151.254,-1.05268,1.648,423.240,141.080,422.203,430.502,143.155,429.465,1064.325,-14.438,388.009,-1.04956,-14.401,388.003,-1.06795,2
2285,347254,10,3,3,0,0,0,1,5,0,0,408.957,-151.254,-1.03879,1.556,423.240,141.080,422.203,430.502,143.155,429.465,1064.325,-14.422,388.014,-1.03567,-14.383,388.009,-1.05268,2
2285,347264,10,3,3,0,0,0,1,5,0,0,408.957,-151.254,-1.02611,1.373,423.240,141.080,422.203,430.502,143.155,429.465,1064.325,-14.406,388.018,-1.02299,-14.366,388.014,-1.03879,2
2301,347274,10,3,3,0,0,0,1,5,0,0,408.957,-151.254,-1.01325,1.434,423.240,141.080,422.203,430.502,143.155,429.465,1064.325,-14.391,388.023,-1.01013,-14.351,388.019,-1.02611,2
2301,347284,10,3,3,0,0,0,1,5,0,0,408.957,-151.254,-0.99965,1.434,423.240,141.080,422.203,430.502,143.155,429.465,1064.325,-14.374,388.028,-0.99653,-14.335,388.024,-1.01325,2
2317,347294,10,3,3,0,0,0,1,5,0,0,408.957,-151.254,-0.98526,1.434,423.240,141.080,422.203,430.502,143.155,429.465,1064.325,-14.357,388.034,-0.98214,-14.318,388.029,-0.99965,2
2332,347304,10,3,3,0,0,0,1,5,0,0,408.957,-151.254,-0.97120,1.373,423.240,141.080,422.203,430.502,143.155,429.465,1064.325,-14.339,388.039,-0.96808,-14.301,388.034,-0.98526,2
2332,347314,10,3,3,0,0,0,1,5,0,0,408.957,-151.254,-0.95856,1.190,423.240,141.080,422.203,430.502,143.155,429.465,1064.325,-14.324,388.043,-0.95544,-14.284,388.039,-0.97120,2
2348,347324,10,3,3,0,0,0,1,5,0,0,408.957,-151.254,-0.94655,1.160,423.240,141.080,422.203,430.502,143.155,429.465,1064.325,-14.309,388.048,-0.94343,-14.269,388.044,-0.95856,2
2365,347334,10,3,3,0,0,0,1,5,0,0,408.957,-151.254,-0.93593,1.038,423.240,141.080,422.203,430.502,143.155,429.465,1064.325,-14.297,388.052,-0.93281,-14.254,388.048,-0.94655,2
2365,347344,10,3,3,0,0,0,1,5,0,0,408.957,-151.214,-0.92517,1.160,423.240,141.080,422.203,430.502,143.155,429.465,1064.325,-14.244,388.056,-0.92205,-14.241,388.052,-0.93593,2
2379,347354,10,3,3,0,0,0,1,5,0,0,408.957,-151.214,-0.91319,1.221,423.240,141.080,422.203,430.502,143.155,429.465,1064.325,-14.229,388.061,-0.91007,-14.188,388.057,-0.92517,2
2395,347364,10,3,3,0,0,0,1,5,0,0,408.957,-151.214,-0.90023,1.282,423.240,141.080,422.203,430.502,143.155,429.465,1064.325,-14.213,388.066,-0.89711,-14.173,388.061,-0.91319,2
2395,347374,10,3,3,0,0,0,1,5,0,0,408.957,-151.134,-0.88827,1.129,423.240,141.080,422.203,430.502,143.155,429.465,1064.325,-14.119,388.071,-0.88515,-14.158,388.066,-0.90023,2
2411,347384,10,3,3,0,0,0,1,5,0,0,408.957,-151.134,-0.87864,0.946,423.240,141.080,422.203,430.502,143.155,429.465,1064.325,-14.107,388.075,-0.87552,-14.063,388.072,-0.88827,2
2411,347394,10,3,3,0,0,0,1,5,0,0,408.957,-151.134,-0.87205,0.641,423.240,141.080,422.203,430.502,143.155,429.465,1064.325,-14.099,388.077,-0.86893,-14.052,388.075,-0.87864,2
2427,347404,10,3,3,0,0,0,1,5,0,0,408.957,-151.134,-0.86913,0.305,423.240,141.080,422.203,430.502,143.155,429.465,1064.325,-14.096,388.078,-0.86601,-14.044,388.078,-0.87205,2
2442,347414,10,3,3,0,0,0,1,5,0,0,408.957,-151.134,-0.87047,-0.000,423.240,141.080,422.203,430.502,143.155,429.465,1064.325,-14.097,388.078,-0.86735,-14.040,388.079,-0.86913,2
2442,347424,10,3,3,0,0,0,1,5,0,0,408.957,-151.134,-0.87096,-0.000,423.240,141.080,422.203,430.502,143.155,429.465,1064.325,-14.098,388.078,-0.86784,-14.042,388.078,-0.87047,2
2457,347434,10,3,3,0,0,0,1,5,0,0,408.957,-151.134,-0.87343,-0.336,423.240,141.080,422.203,430.502,143.155,429.465,1064.325,-14.101,388.077,-0.87031,-14.042,388.078,-0.87096,2
2472,347444,10,3,3,0,0,0,1,5,0,0,408.957,-151.134,-0.87627,-0.397,423.240,141.080,422.203,430.502,143.155,429.465,1064.325,-14.104,388.076,-0.87315,-14.045,388.077,-0.87343,2
2472,347454,10,3,3,0,0,0,1,5,0,0,408.957,-151.099,-0.87920,-0.488,423.240,141.080,422.203,430.502,143.155,429.465,1064.325,-14.072,388.075,-0.87608,-14.049,388.076,-0.87627,2
2488,347464,10,3,3,0,0,0,1,5,0,0,408.957,-151.099,-0.88288,-0.549,423.240,141.080,422.203,430.502,143.155,429.465,1064.325,-14.077,388.074,-0.87976,-14.017,388.076,-0.87920,2
2504,347474,10,3,3,0,0,0,1,5,0,0,408.957,-151.099,-0.88941,-0.763,423.240,141.080,422.203,430.502,143.155,429.465,1064.325,-14.085,388.071,-0.88629,-14.021,388.074,-0.88288,2
2504,347484,10,3,3,0,0,0,1,5,0,0,408.957,-151.099,-0.89768,-0.855,423.240,141.080,422.203,430.502,143.155,429.465,1064.325,-14.095,388.068,-0.89456,-14.029,388.072,-0.88941,2
2520,347494,10,3,3,0,0,0,1,5,0,0,408.957,-151.099,-0.90689,-0.946,423.240,141.080,422.203,430.502,143.155,429.465,1064.325,-14.106,388.065,-0.90377,-14.039,388.069,-0.89768,2
2535,347504,10,3,3,0,0,0,1,5,0,0,408.957,-151.099,-0.91570,-0.916,423.240,141.080,422.203,430.502,143.155,429.465,1064.325,-14.117,388.062,-0.91258,-14.051,388.065,-0.90689,2
2535,347514,10,3,3,0,0,0,1,5,0,0,408.957,-151.099,-0.92200,-0.671,423.240,141.080,422.203,430.502,143.155,429.465,1064.325,-14.124,388.059,-0.91888,-14.061,388.062,-0.91570,2
2550,347524,10,3,3,0,0,0,1,5,0,0,408.957,-151.099,-0.92499,-0.397,423.240,141.080,422.203,430.502,143.155,429.465,1064.325,-14.128,388.058,-0.92187,-14.069,388.060,-0.92200,2
2567,347534,10,3,3,0,0,0,1,5,0,0,408.957,-151.099,-0.92519,-0.000,423.240,141.080,422.203,430.502,143.155,429.465,1064.325,-14.128,388.058,-0.92207,-14.073,388.059,-0.92499,2
2567,347544,10,3,3,0,0,0,1,5,0,0,408.957,-151.099,-0.92271,0.366,423.240,141.080,422.203,430.502,143.155,429.465,1064.325,-14.125,388.059,-0.91959,-14.073,388.059,-0.92519,2
2583,347554,10,3,3,0,0,0,1,5,0,0,408.957,-151.099,-0.91668,0.671,423.240,141.080,422.203,430.502,143.155,429.465,1064.325,-14.118,388.061,-0.91356,-14.070,388.060,-0.92271,2
2583,347564,10,3,3,0,0,0,1,5,0,0,408.957,-151.099,-0.90896,0.855,423.240,141.080,422.203,430.502,143.155,429.465,1064.325,-14.109,388.064,-0.90584,-14.062,388.062,-0.91668,2
2599,347574,10,3,3,0,0,0,1,5,0,0,408.957,-151.099,-0.90286,0.732,423.240,141.080,422.203,430.502,143.155,429.465,1064.325,-14.101,388.066,-0.89974,-14.053,388.065,-0.90896,2
2616,347584,10,3,3,0,0,0,1,5,0,0,408.957,-151.099,-0.90010,0.275,423.240,141.080,422.203,430.502,143.155,429.465,1064.325,-14.098,388.067,-0.89698,-14.046,388.067,-0.90286,2
2616,347594,10,3,3,0,0,0,1,5,0,0,408.957,-151.099,-0.90095,-0.000,423.240,141.080,422.203,430.502,143.155,429.465,1064.325,-14.099,388.067,-0.89783,-14.042,388.068,-0.90010,2
2630,347604,10,3,3,0,0,0,1,5,0,0,408.957,-151.019,-0.90280,-0.336,423.240,141.080,422.203,430.502,143.155,429.465,1064.325,-14.021,388.068,-0.89968,-14.043,388.068,-0.90095,2
2646,347614,10,3,3,0,0,0,1,5,0,0,408.957,-151.019,-0.90759,-0.580,423.240,141.080,422.203,430.502,143.155,429.465,1064.325,-14.027,388.066,-0.90447,-13.966,388.068,-0.90280,2
2646,347624,10,3,3,0,0,0,1,5,0,0,408.957,-151.019,-0.91252,-0.580,423.240,141.080,422.203,430.502,143.155,429.465,1064.325,-14.033,388.064,-0.90940,-13.972,388.066,-0.90759,2
2662,347634,10,3,3,0,0,0,1,5,0,0,408.957,-151.019,-0.91554,-0.366,423.240,141.080,422.203,430.502,143.155,429.465,1064.325,-14.037,388.063,-0.91242,-13.978,388.065,-0.91252,2
2662,347644,10,3,3,0,0,0,1,5,0,0,408.957,-151.019,-0.91776,-0.244,423.240,141.080,422.203,430.502,143.155,429.465,1064.325,-14.040,388.062,-0.91464,-13.981,388.063,-0.91554,2
2677,347654,10,3,3,0,0,0,1,5,0,0,408.957,-150.944,-0.91825,-0.000,423.240,141.080,422.203,430.502,143.155,429.465,1064.325,-13.965,388.063,-0.91513,-13.984,388.063,-0.91776,2
2692,347664,10,3,3,0,0,0,1,5,0,0,408.957,-150.864,-0.91970,-0.275,423.240,141.080,422.203,430.502,143.155,429.465,1064.325,-13.887,388.064,-0.91658,-13.909,388.064,-0.91825,2
2692,347674,10,3,3,0,0,0,1,5,0,0,408.957,-150.784,-0.92536,-0.519,423.240,141.080,422.203,430.502,143.155,429.465,1064.325,-13.814,388.063,-0.92224,-13.831,388.064,-0.91970,2
2708,347684,10,3,3,0,0,0,1,5,0,0,408.957,-150.709,-0.93398,-0.793,423.240,141.080,422.203,430.502,143.155,429.465,1064.325,-13.749,388.061,-0.93086,-13.758,388.064,-0.92536,2
2724,347694,10,3,3,0,0,0,1,5,0,0,408.957,-150.629,-0.94604,-1.221,423.240,141.080,422.203,430.502,143.155,429.465,1064.325,-13.684,388.058,-0.94292,-13.693,388.062,-0.93398,2
2724,347704,10,3,3,0,0,0,1,5,0,0,408.957,-150.629,-0.95990,-1.465,423.240,141.080,422.203,430.502,143.155,429.465,1064.325,-13.701,388.053,-0.95678,-13.628,388.058,-0.94604,2
2739,347714,10,3,3,0,0,0,1,5,0,0,408.957,-150.629,-0.97457,-1.587,423.240,141.080,422.203,430.502,143.155,429.465,1064.325,-13.719,388.048,-0.97145,-13.645,388.053,-0.95990,2
2755,347724,10,3,3,0,0,0,1,5,0,0,408.957,-150.554,-0.99155,-1.190,423.240,141.080,422.203,430.502,143.155,429.465,1064.325,-13.664,388.043,-0.98843,-13.663,388.048,-0.97457,2
2755,347734,10,3,3,0,0,0,1,5,0,0,408.957,-150.554,-0.99679,-0.671,423.240,141.080,422.203,430.502,143.155,429.465,1064.325,-13.670,388.041,-0.99367,-13.608,388.043,-0.99155,2
2771,347744,10,3,3,0,0,0,1,5,0,0,408.957,-150.554,-0.99812,-0.244,423.240,141.080,422.203,430.502,143.155,429.465,1064.325,-13.672,388.040,-0.99500,-13.615,388.041,-0.99679,2
2771,347754,10,3,3,0,0,0,1,5,0,0,408.957,-150.554,-0.99711,-0.000,423.240,141.080,422.203,430.502,143.155,429.465,1064.325,-13.671,388.040,-0.99399,-13.616,388.040,-0.99812,2
2786,347764,10,3,3,0,0,0,1,5,0,0,408.957,-150.554,-0.99501,0.427,423.240,141.080,422.203,430.502,143.155,429.465,1064.325,-13.668,388.041,-0.99189,-13.615,388.041,-0.99711,2
2802,347774,10,3,3,0,0,0,1,5,0,0,408.957,-150.554,-0.99149,0.641,423.240,141.080,422.203,430.502,143.155,429.465,1064.325,-13.664,388.043,-0.98837,-13.613,388.042,-0.99501,2
2802,347784,10,3,3,0,0,0,1,5,0,0,408.957,-150.554,-0.98502,1.007,423.240,141.080,422.203,430.502,143.155,429.465,1064.325,-13.656,388.045,-0.98190,-13.608,388.043,-0.99149,2
2818,347794,10,3,3,0,0,0,1,5,0,0,408.957,-150.554,-0.97591,1.221,423.240,141.080,422.203,430.502,143.155,429.465,1064.325,-13.645,388.048,-0.97279,-13.600,388.045,-0.98502,2
2818,347804,10,3,3,0,0,0,1,5,0,0,408.957,-150.554,-0.96584,1.251,423.240,141.080,422.203,430.502,143.155,429.465,1064.325,-13.633,388.052,-0.96272,-13.589,388.049,-0.97591,2
2834,347814,10,3,3,0,0,0,1,5,0,0,408.957,-150.554,-0.95544,1.190,423.240,141.080,422.203,430.502,143.155,429.465,1064.325,-13.620,388.056,-0.95232,-13.577,388.052,-0.96584,2
2850,347824,10,3,3,0,0,0,1,5,0,0,408.957,-150.554,-0.94193,1.312,423.240,141.080,422.203,430.502,143.155,429.465,1064.325,-13.604,388.061,-0.93881,-13.564,388.056,-0.95544,2
2866,347834,10,3,3,0,0,0,1,5,0,0,408.957,-150.554,-0.92649,1.312,423.240,141.080,422.203,430.502,143.155,429.465,1064.325,-13.585,388.067,-0.92337,-13.548,388.061,-0.94193,2
2866,347844,10,3,3,0,0,0,1,5,0,0,408.957,-150.554,-0.91143,1.251,423.240,141.080,422.203,430.502,143.155,429.465,1064.325,-13.566,388.072,-0.90831,-13.529,388.067,-0.92649,2
2881,347854,10,3,3,0,0,0,1,5,0,0,408.957,-150.474,-0.89820,1.007,423.240,141.080,422.203,430.502,143.155,429.465,1064.325,-13.471,388.078,-0.89508,-13.511,388.073,-0.91143,2
2881,347864,10,3,3,0,0,0,1,5,0,0,408.957,-150.474,-0.88684,0.885,423.240,141.080,422.203,430.502,143.155,429.465,1064.325,-13.457,388.082,-0.88372,-13.415,388.079,-0.89820,2
2898,347874,10,3,3,0,0,0,1,5,0,0,408.957,-150.474,-0.87821,0.763,423.240,141.080,422.203,430.502,143.155,429.465,1064.325,-13.446,388.086,-0.87509,-13.401,388.083,-0.88684,2
2913,347884,10,3,3,0,0,0,1,5,0,0,408.957,-150.474,-0.86952,0.916,423.240,141.080,422.203,430.502,143.155,429.465,1064.325,-13.436,388.089,-0.86640,-13.391,388.086,-0.87821,2
2913,347894,10,3,3,0,0,0,1,5,0,0,408.957,-150.434,-0.85855,1.099,423.240,141.080,422.203,430.502,143.155,429.465,1064.325,-13.382,388.093,-0.85543,-13.380,388.089,-0.86952,2
2929,347904,10,3,3,0,0,0,1,5,0,0,408.957,-150.434,-0.84607,1.251,423.240,141.080,422.203,430.502,143.155,429.465,1064.325,-13.367,388.098,-0.84295,-13.327,388.094,-0.85855,2
2945,347914,10,3,3,0,0,0,1,5,0,0,408.957,-150.434,-0.83236,1.312,423.240,141.080,422.203,430.502,143.155,429.465,1064.325,-13.351,388.103,-0.82924,-13.312,388.098,-0.84607,2
2945,347924,10,3,3,0,0,0,1,5,0,0,408.957,-150.394,-0.81779,1.373,423.240,141.080,422.203,430.502,143.155,429.465,1064.325,-13.293,388.109,-0.81467,-13.295,388.103,-0.83236,2
2960,347934,10,3,3,0,0,0,1,5,0,0,408.957,-150.394,-0.80384,1.465,423.240,141.080,422.203,430.502,143.155,429.465,1064.325,-13.276,388.114,-0.80072,-13.237,388.109,-0.81779,2
2975,347944,10,3,3,0,0,0,1,5,0,0,408.957,-150.394,-0.79049,1.434,423.240,141.080,422.203,430.502,143.155,429.465,1064.325,-13.260,388.119,-0.78737,-13.220,388.114,-0.80384,2
2975,347954,10,3,3,0,0,0,1,5,0,0,408.957,-150.394,-0.77758,1.434,423.240,141.080,422.203,430.502,143.155,429.465,1064.325,-13.244,388.124,-0.77446,-13.204,388.119,-0.79049,2
2991,347964,10,3,3,0,0,0,1,5,0,0,408.957,-150.394,-0.76432,1.495,423.240,141.080,422.203,430.502,143.155,429.465,1064.325,-13.228,388.129,-0.76120,-13.188,388.124,-0.77758,2
2991,347974,10,3,3,0,0,0,1,5,0,0,408.957,-150.394,-0.75116,1.434,423.240,141.080,422.203,430.502,143.155,429.465,1064.325,-13.212,388.133,-0.74804,-13.172,388.129,-0.76432,2
3006,347984,10,3,3,0,0,0,1,5,0,0,408.957,-150.394,-0.73868,1.404,423.240,141.080,422.203,430.502,143.155,429.465,1064.325,-13.197,388.138,-0.73556,-13.156,388.134,-0.75116,2
3022,347994,10,3,3,0,0,0,1,5,0,0,408.877,-150.394,-0.72525,1.495,423.240,141.080,422.203,430.502,143.155,429.465,1064.325,-13.179,388.063,-0.72213,-13.141,388.138,-0.73868,2
3022,348004,10,3,3,0,0,0,1,5,0,0,408.877,-150.394,-0.71062,1.617,423.240,141.080,422.203,430.502,143.155,429.465,1064.325,-13.162,388.068,-0.70750,-13.124,388.063,-0.72525,2
3038,348014,10,3,3,0,0,0,1,5,0,0,408.802,-150.394,-0.69503,1.709,423.240,141.080,422.203,430.502,143.155,429.465,1064.325,-13.142,387.999,-0.69191,-13.106,388.069,-0.71062,2
3053,348024,10,3,3,0,0,0,1,5,0,0,408.722,-150.394,-0.67781,1.892,423.240,141.080,422.203,430.502,143.155,429.465,1064.325,-13.120,387.925,-0.67469,-13.086,387.999,-0.69503,2
3053,348034,10,3,3,0,0,0,1,5,0,0,408.722,-150.394,-0.65882,1.984,423.240,141.080,422.203,430.502,143.155,429.465,1064.325,-13.097,387.932,-0.65570,-13.064,387.926,-0.67781,2
3069,348044,10,3,3,0,0,0,1,5,0,0,408.642,-150.394,-0.63903,2.014,423.240,141.080,422.203,430.502,143.155,429.465,1064.325,-13.072,387.859,-0.63591,-13.041,387.932,-0.65882,2
3085,348054,10,3,3,0,0,0,1,5,0,0,408.642,-150.394,-0.61896,2.045,423.240,141.080,422.203,430.502,143.155,429.465,1064.325,-13.047,387.867,-0.61584,-13.016,387.860,-0.63903,2
3085,348064,10,3,3,0,0,0,1,5,0,0,408.642,-150.394,-0.59803,2.106,423.240,141.080,422.203,430.502,143.155,429.465,1064.325,-13.022,387.874,-0.59491,-12.992,387.867,-0.61896,2
3100,348074,10,3,3,0,0,0,1,5,0,0,408.567,-150.394,-0.57712,2.136,423.240,141.080,422.203,430.502,143.155,429.465,1064.325,-12.995,387.806,-0.57400,-12.966,387.875,-0.59803,2
3115,348084,10,3,3,0,0,0,1,5,0,0,408.567,-150.394,-0.55798,1.953,423.240,141.080,422.203,430.502,143.155,429.465,1064.325,-12.972,387.813,-0.55486,-12.940,387.807,-0.57712,2
3115,348094,10,3,3,0,0,0,1,5,0,0,408.487,-150.394,-0.54088,1.740,423.240,141.080,422.203,430.502,143.155,429.465,1064.325,-12.950,387.740,-0.53776,-12.917,387.814,-0.55798,2
3132,348104,10,3,3,0,0,0,1,5,0,0,408.487,-150.394,-0.52647,1.495,423.240,141.080,422.203,430.502,143.155,429.465,1064.325,-12.933,387.745,-0.52335,-12.895,387.740,-0.54088,2
3132,348114,10,3,3,0,0,0,1,5,0,0,408.487,-150.394,-0.51541,1.221,423.240,141.080,422.203,430.502,143.155,429.465,1064.325,-12.919,387.749,-0.51229,-12.877,387.745,-0.52647,2
3148,348124,10,3,3,0,0,0,1,5,0,0,408.487,-150.359,-0.50737,0.885,423.240,141.080,422.203,430.502,143.155,429.465,1064.325,-12.874,387.752,-0.50425,-12.864,387.749,-0.51541,2
3163,348134,10,3,3,0,0,0,1,5,0,0,408.487,-150.279,-0.50131,0.549,423.240,141.080,422.203,430.502,143.155,429.465,1064.325,-12.787,387.755,-0.49819,-12.819,387.753,-0.50737,2
3163,348144,10,3,3,0,0,0,1,5,0,0,408.451,-150.279,-0.49870,-0.000,423.240,141.080,422.203,430.502,143.155,429.465,1064.325,-12.784,387.720,-0.49558,-12.731,387.755,-0.50131,2
3178,348154,10,3,3,0,0,0,1,5,0,0,408.451,-150.204,-0.49786,-0.000,423.240,141.080,422.203,430.502,143.155,429.465,1064.325,-12.707,387.721,-0.49474,-12.728,387.721,-0.49870,2
3194,348164,10,3,3,0,0,0,1,5,0,0,408.451,-150.204,-0.49822,-0.305,423.240,141.080,422.203,430.502,143.155,429.465,1064.325,-12.708,387.721,-0.49510,-12.652,387.722,-0.49786,2
3194,348174,10,3,3,0,0,0,1,5,0,0,408.451,-150.124,-0.49950,-0.305,423.240,141.080,422.203,430.502,143.155,429.465,1064.325,-12.629,387.722,-0.49637,-12.652,387.722,-0.49822,2
3209,348184,10,3,3,0,0,0,1,5,0,0,408.451,-150.124,-0.49753,-0.000,423.240,141.080,422.203,430.502,143.155,429.465,1064.325,-12.627,387.722,-0.49441,-12.574,387.722,-0.49950,2
3225,348194,10,3,3,0,0,0,1,5,0,0,408.451,-150.124,-0.49562,-0.000,423.240,141.080,422.203,430.502,143.155,429.465,1064.325,-12.625,387.723,-0.49250,-12.571,387.723,-0.49753,2
3225,348204,10,3,3,0,0,0,1,5,0,0,408.451,-150.124,-0.49405,-0.000,423.240,141.080,422.203,430.502,143.155,429.465,1064.325,-12.623,387.723,-0.49093,-12.569,387.723,-0.49562,2
3240,348214,10,3,3,0,0,0,1,5,0,0,408.451,-150.124,-0.49374,-0.000,423.240,141.080,422.203,430.502,143.155,429.465,1064.325,-12.622,387.724,-0.49062,-12.567,387.724,-0.49405,2
3256,348224,10,3,3,0,0,0,1,5,0,0,408.451,-150.124,-0.49453,-0.000,423.240,141.080,422.203,430.502,143.155,429.465,1064.325,-12.623,387.723,-0.49141,-12.567,387.724,-0.49374,2
3256,348234,10,3,3,0,0,0,1,5,0,0,408.451,-150.124,-0.49484,-0.000,423.240,141.080,422.203,430.502,143.155,429.465,1064.325,-12.624,387.723,-0.49172,-12.568,387.724,-0.49453,2
3271,348244,10,3,3,0,0,0,1,5,0,0,408.451,-150.124,-0.49517,-0.000,423.240,141.080,422.203,430.502,143.155,429.465,1064.325,-12.624,387.723,-0.49205,-12.568,387.724,-0.49484,2
3271,348254,10,3,3,0,0,0,1,5,0,0,408.451,-150.124,-0.49554,-0.000,423.240,141.080,422.203,430.502,143.155,429.465,1064.325,-12.625,387.723,-0.49241,-12.569,387.724,-0.49517,2
3286,348264,10,3,3,0,0,0,1,5,0,0,408.451,-150.124,-0.49623,-0.000,423.240,141.080,422.203,430.502,143.155,429.465,1064.325,-12.625,387.723,-0.49311,-12.569,387.723,-0.49553,2
3302,348274,10,3,3,0,0,0,1,5,0,0,408.451,-150.124,-0.49677,-0.000,423.240,141.080,422.203,430.502,143.155,429.465,1064.325,-12.626,387.722,-0.49365,-12.570,387.723,-0.49623,2
3302,348284,10,3,3,0,0,0,1,5,0,0,408.451,-150.124,-0.49711,-0.000,423.240,141.080,422.203,430.502,143.155,429.465,1064.325,-12.626,387.722,-0.49399,-12.570,387.723,-0.49677,2
3318,348294,10,3,3,0,0,0,1,5,0,0,408.451,-150.124,-0.49710,-0.000,423.240,141.080,422.203,430.502,143.155,429.465,1064.325,-12.626,387.722,-0.49398,-12.571,387.723,-0.49711,2
3333,348304,10,3,3,0,0,0,1,5,0,0,408.451,-150.124,-0.49985,-0.336,423.240,141.080,422.203,430.502,143.155,429.465,1064.325,-12.630,387.721,-0.49673,-12.571,387.723,-0.49710,2
3333,348314,10,3,3,0,0,0,1,5,0,0,408.451,-150.124,-0.50401,-0.397,423.240,141.080,422.203,430.502,143.155,429.465,1064.325,-12.635,387.720,-0.50089,-12.574,387.722,-0.49985,2
3349,348324,10,3,3,0,0,0,1,5,0,0,408.451,-150.044,-0.50762,-0.305,423.240,141.080,422.203,430.502,143.155,429.465,1064.325,-12.559,387.719,-0.50450,-12.579,387.720,-0.50401,2
3365,348334,10,3,3,0,0,0,1,5,0,0,408.451,-150.044,-0.51206,-0.305,423.240,141.080,422.203,430.502,143.155,429.465,1064.325,-12.565,387.718,-0.50894,-12.504,387.720,-0.50762,2
3365,348344,10,3,3,0,0,0,1,5,0,0,408.451,-149.969,-0.51671,-0.549,423.240,141.080,422.203,430.502,143.155,429.465,1064.325,-12.495,387.717,-0.51359,-12.509,387.718,-0.51206,2
3380,348354,10,3,3,0,0,0,1,5,0,0,408.451,-149.889,-0.52297,-0.671,423.240,141.080,422.203,430.502,143.155,429.465,1064.325,-12.423,387.715,-0.51985,-12.440,387.717,-0.51671,2
3395,348364,10,3,3,0,0,0,1,5,0,0,408.451,-149.813,-0.52943,-0.702,423.240,141.080,422.203,430.502,143.155,429.465,1064.325,-12.356,387.714,-0.52630,-12.367,387.716,-0.52297,2
3395,348374,10,3,3,0,0,0,1,5,0,0,408.451,-149.813,-0.53524,-0.641,423.240,141.080,422.203,430.502,143.155,429.465,1064.325,-12.363,387.711,-0.53212,-12.300,387.714,-0.52942,2
3410,348384,10,3,3,0,0,0,1,5,0,0,408.451,-149.734,-0.53991,-0.519,423.240,141.080,422.203,430.502,143.155,429.465,1064.325,-12.288,387.710,-0.53679,-12.307,387.712,-0.53524,2
3425,348394,10,3,3,0,0,0,1,5,0,0,408.451,-149.658,-0.54342,-0.427,423.240,141.080,422.203,430.502,143.155,429.465,1064.325,-12.217,387.710,-0.54030,-12.233,387.711,-0.53991,2
3425,348404,10,3,3,0,0,0,1,5,0,0,408.451,-149.578,-0.54682,-0.427,423.240,141.080,422.203,430.502,143.155,429.465,1064.325,-12.142,387.709,-0.54370,-12.162,387.710,-0.54342,2
3441,348414,10,3,3,0,0,0,1,5,0,0,408.451,-149.578,-0.55146,-0.519,423.240,141.080,422.203,430.502,143.155,429.465,1064.325,-12.147,387.708,-0.54834,-12.086,387.710,-0.54682,2
3457,348424,10,3,3,0,0,0,1,5,0,0,408.451,-149.499,-0.55872,-0.763,423.240,141.080,422.203,430.502,143.155,429.465,1064.325,-12.076,387.706,-0.55560,-12.092,387.708,-0.55146,2
3457,348434,10,3,3,0,0,0,1,5,0,0,408.451,-149.499,-0.56785,-0.885,423.240,141.080,422.203,430.502,143.155,429.465,1064.325,-12.088,387.703,-0.56473,-12.021,387.706,-0.55872,2
3472,348444,10,3,3,0,0,0,1,5,0,0,408.451,-149.423,-0.57902,-1.068,423.240,141.080,422.203,430.502,143.155,429.465,1064.325,-12.026,387.699,-0.57590,-12.032,387.703,-0.56785,2
3472,348454,10,3,3,0,0,0,1,5,0,0,408.451,-149.343,-0.59262,-1.251,423.240,141.080,422.203,430.502,143.155,429.465,1064.325,-11.963,387.695,-0.58950,-11.970,387.700,-0.57902,2
3488,348464,10,3,3,0,0,0,1,5,0,0,408.451,-149.343,-0.60768,-1.404,423.240,141.080,422.203,430.502,143.155,429.465,1064.325,-11.981,387.690,-0.60456,-11.907,387.696,-0.59262,2
3504,348474,10,3,3,0,0,0,1,5,0,0,408.451,-149.268,-0.62661,-1.862,423.240,141.080,422.203,430.502,143.155,429.465,1064.325,-11.929,387.684,-0.62349,-11.925,387.690,-0.60768,2
3504,348484,10,3,3,0,0,0,1,5,0,0,408.451,-149.109,-0.64795,-2.106,423.240,141.080,422.203,430.502,143.155,429.465,1064.325,-11.795,387.678,-0.64483,-11.873,387.684,-0.62661,2
3520,348494,10,3,3,0,0,0,1,5,0,0,408.451,-149.033,-0.67038,-2.197,423.240,141.080,422.203,430.502,143.155,429.465,1064.325,-11.747,387.671,-0.66726,-11.739,387.678,-0.64795,2
3536,348504,10,3,3,0,0,0,1,5,0,0,408.451,-148.838,-0.69170,-2.136,423.240,141.080,422.203,430.502,143.155,429.465,1064.325,-11.578,387.665,-0.68858,-11.691,387.671,-0.67038,2
3536,348514,10,3,3,0,0,0,1,5,0,0,408.451,-148.758,-0.71167,-2.228,423.240,141.080,422.203,430.502,143.155,429.465,1064.325,-11.522,387.659,-0.70855,-11.522,387.666,-0.69170,2
3552,348524,10,3,3,0,0,0,1,5,0,0,408.451,-148.603,-0.73187,-2.258,423.240,141.080,422.203,430.502,143.155,429.465,1064.325,-11.392,387.653,-0.72875,-11.467,387.659,-0.71167,2
3552,348534,10,3,3,0,0,0,1,5,0,0,408.451,-148.528,-0.75116,-2.136,423.240,141.080,422.203,430.502,143.155,429.465,1064.325,-11.340,387.647,-0.74804,-11.336,387.654,-0.73187,2
3567,348544,10,3,3,0,0,0,1,5,0,0,408.451,-148.448,-0.76823,-1.923,423.240,141.080,422.203,430.502,143.155,429.465,1064.325,-11.281,387.642,-0.76511,-11.284,387.648,-0.75116,2
3582,348554,10,3,3,0,0,0,1,5,0,0,408.451,-148.368,-0.78311,-1.679,423.240,141.080,422.203,430.502,143.155,429.465,1064.325,-11.219,387.638,-0.77999,-11.225,387.643,-0.76823,2
3582,348564,10,3,3,0,0,0,1,5,0,0,408.451,-148.368,-0.79440,-1.312,423.240,141.080,422.203,430.502,143.155,429.465,1064.325,-11.233,387.634,-0.79128,-11.164,387.638,-0.78311,2
3598,348574,10,3,3,0,0,0,1,5,0,0,408.451,-148.293,-0.80401,-1.038,423.240,141.080,422.203,430.502,143.155,429.465,1064.325,-11.169,387.631,-0.80089,-11.177,387.634,-0.79440,2
3613,348584,10,3,3,0,0,0,1,5,0,0,408.451,-148.213,-0.81291,-0.946,423.240,141.080,422.203,430.502,143.155,429.465,1064.325,-11.100,387.629,-0.80979,-11.114,387.632,-0.80401,2
3613,348594,10,3,3,0,0,0,1,5,0,0,408.451,-148.213,-0.82364,-1.068,423.240,141.080,422.203,430.502,143.155,429.465,1064.325,-11.113,387.625,-0.82052,-11.045,387.630,-0.81291,2
3628,348604,10,3,3,0,0,0,1,5,0,0,408.451,-148.138,-0.83545,-1.129,423.240,141.080,422.203,430.502,143.155,429.465,1064.325,-11.052,387.622,-0.83233,-11.058,387.626,-0.82364,2
3644,348614,10,3,3,0,0,0,1,5,0,0,408.451,-148.058,-0.84754,-1.068,423.240,141.080,422.203,430.502,143.155,429.465,1064.325,-10.987,387.619,-0.84442,-10.997,387.622,-0.83545,2
3644,348624,10,3,3,0,0,0,1,5,0,0,408.451,-148.058,-0.85907,-1.038,423.240,141.080,422.203,430.502,143.155,429.465,1064.325,-11.001,387.614,-0.85595,-10.932,387.619,-0.84754,2
3660,348634,10,3,3,0,0,0,1,5,0,0,408.451,-147.983,-0.86877,-0.916,423.240,141.080,422.203,430.502,143.155,429.465,1064.325,-10.938,387.612,-0.86565,-10.946,387.615,-0.85907,2
3675,348644,10,3,3,0,0,0,1,5,0,0,408.451,-147.903,-0.87769,-0.885,423.240,141.080,422.203,430.502,143.155,429.465,1064.325,-10.869,387.610,-0.87457,-10.882,387.612,-0.86877,2
3675,348654,10,3,3,0,0,0,1,5,0,0,408.451,-147.903,-0.88625,-0.793,423.240,141.080,422.203,430.502,143.155,429.465,1064.325,-10.879,387.607,-0.88313,-10.813,387.610,-0.87769,2
3692,348664,10,3,3,0,0,0,1,5,0,0,408.451,-147.823,-0.89479,-0.855,423.240,141.080,422.203,430.502,143.155,429.465,1064.325,-10.810,387.605,-0.89167,-10.824,387.607,-0.88625,2
3692,348674,10,3,3,0,0,0,1,5,0,0,408.451,-147.823,-0.90207,-0.732,423.240,141.080,422.203,430.502,143.155,429.465,1064.325,-10.819,387.602,-0.89895,-10.754,387.605,-0.89479,2
3707,348684,10,3,3,0,0,0,1,5,0,0,408.451,-147.823,-0.90715,-0.488,423.240,141.080,422.203,430.502,143.155,429.465,1064.325,-10.825,387.600,-0.90403,-10.763,387.603,-0.90207,2
3723,348694,10,3,3,0,0,0,1,5,0,0,408.451,-147.823,-0.91034,-0.244,423.240,141.080,422.203,430.502,143.155,429.465,1064.325,-10.829,387.599,-0.90722,-10.769,387.601,-0.90715,2
3723,348704,10,3,3,0,0,0,1,5,0,0,408.451,-147.787,-0.91012,-0.000,423.240,141.080,422.203,430.502,143.155,429.465,1064.325,-10.793,387.600,-0.90700,-10.773,387.600,-0.91034,2
3739,348714,10,3,3,0,0,0,1,5,0,0,408.451,-147.787,-0.91025,-0.000,423.240,141.080,422.203,430.502,143.155,429.465,1064.325,-10.793,387.600,-0.90713,-10.738,387.600,-0.91012,2
3754,348724,10,3,3,0,0,0,1,5,0,0,408.451,-147.787,-0.91039,-0.000,423.240,141.080,422.203,430.502,143.155,429.465,1064.325,-10.793,387.600,-0.90727,-10.738,387.600,-0.91025,2
3754,348734,10,3,3,0,0,0,1,5,0,0,408.451,-147.787,-0.91104,-0.000,423.240,141.080,422.203,430.502,143.155,429.465,1064.325,-10.794,387.599,-0.90792,-10.738,387.600,-0.91039,2
3769,348744,10,3,3,0,0,0,1,5,0,0,408.451,-147.708,-0.91170,-0.000,423.240,141.080,422.203,430.502,143.155,429.465,1064.325,-10.715,387.600,-0.90858,-10.739,387.600,-0.91104,2
3784,348754,10,3,3,0,0,0,1,5,0,0,408.451,-147.708,-0.91388,-0.336,423.240,141.080,422.203,430.502,143.155,429.465,1064.325,-10.718,387.600,-0.91076,-10.660,387.601,-0.91170,2
3784,348764,10,3,3,0,0,0,1,5,0,0,408.451,-147.708,-0.91949,-0.610,423.240,141.080,422.203,430.502,143.155,429.465,1064.325,-10.725,387.598,-0.91637,-10.662,387.600,-0.91388,2
3800,348774,10,3,3,0,0,0,1,5,0,0,408.451,-147.628,-0.92722,-0.793,423.240,141.080,422.203,430.502,143.155,429.465,1064.325,-10.654,387.596,-0.92410,-10.669,387.598,-0.91949,2
3816,348784,10,3,3,0,0,0,1,5,0,0,408.451,-147.628,-0.93688,-0.977,423.240,141.080,422.203,430.502,143.155,429.465,1064.325,-10.666,387.592,-0.93376,-10.599,387.596,-0.92722,2
3816,348794,10,3,3,0,0,0,1,5,0,0,408.451,-147.553,-0.94835,-1.190,423.240,141.080,422.203,430.502,143.155,429.465,1064.325,-10.605,387.589,-0.94523,-10.611,387.593,-0.93688,2
3832,348804,10,3,3,0,0,0,1,5,0,0,408.451,-147.553,-0.96007,-1.190,423.240,141.080,422.203,430.502,143.155,429.465,1064.325,-10.619,387.585,-0.95695,-10.549,387.590,-0.94835,2
3832,348814,10,3,3,0,0,0,1,5,0,0,408.451,-147.473,-0.97181,-1.221,423.240,141.080,422.203,430.502,143.155,429.465,1064.325,-10.553,387.582,-0.96869,-10.563,387.586,-0.96007,2
3847,348824,10,3,3,0,0,0,1,5,0,0,408.451,-147.397,-0.98305,-1.129,423.240,141.080,422.203,430.502,143.155,429.465,1064.325,-10.492,387.579,-0.97993,-10.498,387.583,-0.97181,2
3863,348834,10,3,3,0,0,0,1,5,0,0,408.451,-147.397,-0.99255,-0.885,423.240,141.080,422.203,430.502,143.155,429.465,1064.325,-10.503,387.576,-0.98943,-10.436,387.580,-0.98305,2
3863,348844,10,3,3,0,0,0,1,5,0,0,408.451,-147.318,-0.99936,-0.610,423.240,141.080,422.203,430.502,143.155,429.465,1064.325,-10.432,387.575,-0.99624,-10.448,387.576,-0.99255,2
3878,348854,10,3,3,0,0,0,1,5,0,0,408.451,-147.318,-1.00296,-0.336,423.240,141.080,422.203,430.502,143.155,429.465,1064.325,-10.436,387.573,-0.99984,-10.376,387.575,-0.99936,2
3893,348864,10,3,3,0,0,0,1,5,0,0,408.451,-147.318,-1.00199,-0.000,423.240,141.080,422.203,430.502,143.155,429.465,1064.325,-10.435,387.574,-0.99887,-10.381,387.574,-1.00296,2
3893,348874,10,3,3,0,0,0,1,5,0,0,408.451,-147.318,-1.00121,-0.000,423.240,141.080,422.203,430.502,143.155,429.465,1064.325,-10.434,387.574,-0.99809,-10.379,387.574,-1.00199,2
3908,348884,10,3,3,0,0,0,1,5,0,0,408.451,-147.318,-1.00123,-0.000,423.240,141.080,422.203,430.502,143.155,429.465,1064.325,-10.434,387.574,-0.99810,-10.378,387.574,-1.00121,2
3924,348894,10,3,3,0,0,0,1,5,0,0,408.451,-147.318,-1.00165,-0.000,423.240,141.080,422.203,430.502,143.155,429.465,1064.325,-10.435,387.574,-0.99853,-10.378,387.574,-1.00123,2
3924,348904,10,3,3,0,0,0,1,5,0,0,408.451,-147.318,-1.00184,-0.000,423.240,141.080,422.203,430.502,143.155,429.465,1064.325,-10.435,387.574,-0.99872,-10.379,387.574,-1.00165,2
3939,348914,10,3,3,0,0,0,1,5,0,0,408.451,-147.318,-1.00246,-0.000,423.240,141.080,422.203,430.502,143.155,429.465,1064.325,-10.436,387.573,-0.99934,-10.379,387.574,-1.00184,2
3955,348924,10,3,3,0,0,0,1,5,0,0,408.451,-147.318,-1.00245,-0.000,423.240,141.080,422.203,430.502,143.155,429.465,1064.325,-10.436,387.573,-0.99933,-10.380,387.574,-1.00246,2
3955,348934,10,3,3,0,0,0,1,5,0,0,408.451,-147.318,-1.00243,-0.000,423.240,141.080,422.203,430.502,143.155,429.465,1064.325,-10.435,387.573,-0.99931,-10.380,387.574,-1.00245,2
3970,348944,10,3,3,0,0,0,1,5,0,0,408.372,-147.318,-1.00168,0.244,423.240,141.080,422.203,430.502,143.155,429.465,1064.325,-10.433,387.494,-0.99856,-10.380,387.574,-1.00243,2
3987,348954,10,3,3,0,0,0,1,5,0,0,408.292,-147.318,-1.00054,-0.000,423.240,141.080,422.203,430.502,143.155,429.465,1064.325,-10.430,387.415,-0.99742,-10.378,387.494,-1.00168,2
3987,348964,10,3,3,0,0,0,1,5,0,0,408.292,-147.318,-1.00204,-0.000,423.240,141.080,422.203,430.502,143.155,429.465,1064.325,-10.432,387.414,-0.99892,-10.375,387.415,-1.00054,2
4002,348974,10,3,3,0,0,0,1,5,0,0,408.292,-147.278,-1.00377,-0.000,423.240,141.080,422.203,430.502,143.155,429.465,1064.325,-10.394,387.414,-1.00065,-10.377,387.415,-1.00204,2
4002,348984,10,3,3,0,0,0,1,5,0,0,408.292,-147.278,-1.00658,-0.305,423.240,141.080,422.203,430.502,143.155,429.465,1064.325,-10.398,387.413,-1.00346,-10.339,387.415,-1.00377,2
4017,348994,10,3,3,0,0,0,1,5,0,0,408.216,-147.278,-1.01006,-0.275,423.240,141.080,422.203,430.502,143.155,429.465,1064.325,-10.401,387.336,-1.00694,-10.342,387.414,-1.00658,2
4034,349004,10,3,3,0,0,0,1,5,0,0,408.216,-147.278,-1.00990,-0.000,423.240,141.080,422.203,430.502,143.155,429.465,1064.325,-10.401,387.336,-1.00678,-10.345,387.337,-1.01006,2
4034,349014,10,3,3,0,0,0,1,5,0,0,408.137,-147.278,-1.01000,-0.000,423.240,141.080,422.203,430.502,143.155,429.465,1064.325,-10.399,387.257,-1.00688,-10.345,387.337,-1.00990,2
4048,349024,10,3,3,0,0,0,1,5,0,0,408.137,-147.278,-1.01039,-0.000,423.240,141.080,422.203,430.502,143.155,429.465,1064.325,-10.400,387.256,-1.00727,-10.344,387.257,-1.01000,2
4064,349034,10,3,3,0,0,0,1,5,0,0,408.137,-147.278,-1.01153,-0.000,423.240,141.080,422.203,430.502,143.155,429.465,1064.325,-10.401,387.256,-1.00841,-10.344,387.257,-1.01039,2
4064,349044,10,3,3,0,0,0,1,5,0,0,408.137,-147.278,-1.01057,0.275,423.240,141.080,422.203,430.502,143.155,429.465,1064.325,-10.400,387.256,-1.00745,-10.346,387.257,-1.01153,2
4078,349054,10,3,3,0,0,0,1,5,0,0,408.061,-147.278,-1.01002,0.275,423.240,141.080,422.203,430.502,143.155,429.465,1064.325,-10.398,387.181,-1.00689,-10.344,387.257,-1.01057,2
4093,349064,10,3,3,0,0,0,1,5,0,0,408.061,-147.278,-1.00955,0.244,423.240,141.080,422.203,430.502,143.155,429.465,1064.325,-10.397,387.181,-1.00643,-10.342,387.182,-1.01002,2
4093,349074,10,3,3,0,0,0,1,5,0,0,408.061,-147.278,-1.00789,0.275,423.240,141.080,422.203,430.502,143.155,429.465,1064.325,-10.395,387.182,-1.00477,-10.342,387.182,-1.00955,2
4124,349084,10,3,3,0,0,0,1,5,0,0,408.061,-147.278,-1.00465,0.366,423.240,141.080,422.203,430.502,143.155,429.465,1064.325,-10.391,387.183,-1.00153,-10.340,387.183,-1.00789,2
4124,349094,10,3,3,0,0,0,1,5,0,0,408.061,-147.278,-0.99964,0.458,423.240,141.080,422.203,430.502,143.155,429.465,1064.325,-10.385,387.185,-0.99652,-10.336,387.184,-1.00465,2
4124,349104,10,3,3,0,0,0,1,5,0,0,408.061,-147.278,-0.99539,0.336,423.240,141.080,422.203,430.502,143.155,429.465,1064.325,-10.380,387.187,-0.99227,-10.330,387.186,-0.99964,2
4155,349114,10,3,3,0,0,0,1,5,0,0,408.061,-147.278,-0.99445,-0.000,423.240,141.080,422.203,430.502,143.155,429.465,1064.325,-10.379,387.187,-0.99133,-10.325,387.187,-0.99539,2
4155,349124,10,3,3,0,0,0,1,5,0,0,408.061,-147.278,-0.99331,-0.000,423.240,141.080,422.203,430.502,143.155,429.465,1064.325,-10.378,387.187,-0.99019,-10.323,387.188,-0.99445,2
4155,349134,10,3,3,0,0,0,1,5,0,0,408.061,-147.278,-0.99507,-0.336,423.240,141.080,422.203,430.502,143.155,429.465,1064.325,-10.380,387.187,-0.99195,-10.322,387.188,-0.99331,2
4170,349144,10,3,3,0,0,0,1,5,0,0,408.061,-147.278,-0.99615,-0.275,423.240,141.080,422.203,430.502,143.155,429.465,1064.325,-10.381,387.186,-0.99303,-10.324,387.187,-0.99507,2
4186,349154,10,3,3,0,0,0,1,5,0,0,408.061,-147.278,-0.99423,-0.000,423.240,141.080,422.203,430.502,143.155,429.465,1064.325,-10.379,387.187,-0.99111,-10.326,387.187,-0.99615,2
4186,349164,10,3,3,0,0,0,1,5,0,0,408.061,-147.278,-0.99258,-0.000,423.240,141.080,422.203,430.502,143.155,429.465,1064.325,-10.377,387.188,-0.98946,-10.323,387.188,-0.99423,2
4201,349174,10,3,3,0,0,0,1,5,0,0,408.061,-147.278,-0.99014,0.244,423.240,141.080,422.203,430.502,143.155,429.465,1064.325,-10.374,387.189,-0.98702,-10.321,387.188,-0.99258,2
4201,349184,10,3,3,0,0,0,1,5,0,0,408.061,-147.278,-0.98686,0.275,423.240,141.080,422.203,430.502,143.155,429.465,1064.325,-10.370,387.190,-0.98374,-10.318,387.189,-0.99014,2
4217,349194,10,3,3,0,0,0,1,5,0,0,408.061,-147.278,-0.98605,-0.000,423.240,141.080,422.203,430.502,143.155,429.465,1064.325,-10.369,387.190,-0.98293,-10.314,387.190,-0.98686,2
4233,349204,10,3,3,0,0,0,1,5,0,0,408.061,-147.278,-0.98542,-0.000,423.240,141.080,422.203,430.502,143.155,429.465,1064.325,-10.368,387.190,-0.98230,-10.313,387.191,-0.98605,2
4233,349214,10,3,3,0,0,0,1,5,0,0,408.061,-147.278,-0.98556,-0.000,423.240,141.080,422.203,430.502,143.155,429.465,1064.325,-10.368,387.190,-0.98244,-10.313,387.191,-0.98542,2
4263,349224,10,3,3,0,0,0,1,5,0,0,408.061,-147.278,-0.98620,-0.000,423.240,141.080,422.203,430.502,143.155,429.465,1064.325,-10.369,387.190,-0.98308,-10.313,387.191,-0.98556,2
4263,349234,10,3,3,0,0,0,1,5,0,0,408.061,-147.278,-0.98750,-0.000,423.240,141.080,422.203,430.502,143.155,429.465,1064.325,-10.371,387.190,-0.98438,-10.313,387.191,-0.98620,2
4263,349244,10,3,3,0,0,0,1,5,0,0,408.061,-147.278,-0.98859,-0.000,423.240,141.080,422.203,430.502,143.155,429.465,1064.325,-10.372,387.189,-0.98547,-10.315,387.190,-0.98750,2
4294,349254,10,3,3,0,0,0,1,5,0,0,408.061,-147.278,-0.98981,-0.000,423.240,141.080,422.203,430.502,143.155,429.465,1064.325,-10.373,387.189,-0.98669,-10.316,387.190,-0.98859,2
4294,349264,10,3,3,0,0,0,1,5,0,0,408.061,-147.278,-0.99090,-0.000,423.240,141.080,422.203,430.502,143.155,429.465,1064.325,-10.375,387.188,-0.98778,-10.318,387.189,-0.98981,2
4294,349274,10,3,3,0,0,0,1,5,0,0,408.061,-147.278,-0.99180,-0.000,423.240,141.080,422.203,430.502,143.155,429.465,1064.325,-10.376,387.188,-0.98868,-10.319,387.189,-0.99090,2
4309,349284,10,3,3,0,0,0,1,5,0,0,408.061,-147.278,-0.99229,-0.000,423.240,141.080,422.203,430.502,143.155,429.465,1064.325,-10.376,387.188,-0.98917,-10.320,387.189,-0.99180,2
4324,349294,10,3,3,0,0,0,1,5,0,0,408.061,-147.278,-0.99238,-0.000,423.240,141.080,422.203,430.502,143.155,429.465,1064.325,-10.377,387.188,-0.98926,-10.321,387.188,-0.99229,2
4324,349304,10,3,3,0,0,0,1,5,0,0,408.061,-147.278,-0.99288,-0.000,423.240,141.080,422.203,430.502,143.155,429.465,1064.325,-10.377,387.188,-0.98976,-10.321,387.188,-0.99238,2
4340,349314,10,3,3,0,0,0,1,5,0,0,408.061,-147.242,-0.99200,-0.000,423.240,141.080,422.203,430.502,143.155,429.465,1064.325,-10.341,387.189,-0.98888,-10.322,387.188,-0.99288,2
4355,349324,10,3,3,0,0,0,1,5,0,0,408.061,-147.242,-0.99114,-0.000,423.240,141.080,422.203,430.502,143.155,429.465,1064.325,-10.340,387.189,-0.98802,-10.285,387.189,-0.99200,2
4355,349334,10,3,3,0,0,0,1,5,0,0,408.061,-147.242,-0.99102,-0.000,423.240,141.080,422.203,430.502,143.155,429.465,1064.325,-10.339,387.189,-0.98790,-10.284,387.189,-0.99114,2
4387,349344,10,3,3,0,0,0,1,5,0,0,408.061,-147.242,-0.99053,-0.000,423.240,141.080,422.203,430.502,143.155,429.465,1064.325,-10.339,387.189,-0.98741,-10.284,387.189,-0.99102,2
4387,349354,10,3,3,0,0,0,1,5,0,0,408.061,-147.242,-0.98827,0.275,423.240,141.080,422.203,430.502,143.155,429.465,1064.325,-10.336,387.190,-0.98515,-10.283,387.190,-0.99053,2
4387,349364,10,3,3,0,0,0,1,5,0,0,408.061,-147.242,-0.98426,0.397,423.240,141.080,422.203,430.502,143.155,429.465,1064.325,-10.331,387.191,-0.98114,-10.281,387.191,-0.98827,2
4402,349374,10,3,3,0,0,0,1,5,0,0,408.061,-147.242,-0.97919,0.427,423.240,141.080,422.203,430.502,143.155,429.465,1064.325,-10.325,387.193,-0.97607,-10.276,387.192,-0.98426,2
4402,349384,10,3,3,0,0,0,1,5,0,0,408.061,-147.242,-0.97520,0.336,423.240,141.080,422.203,430.502,143.155,429.465,1064.325,-10.320,387.195,-0.97208,-10.270,387.194,-0.97919,2
4418,349394,10,3,3,0,0,0,1,5,0,0,408.061,-147.242,-0.97158,0.427,423.240,141.080,422.203,430.502,143.155,429.465,1064.325,-10.316,387.196,-0.96846,-10.265,387.195,-0.97520,2
4434,349404,10,3,3,0,0,0,1,5,0,0,408.061,-147.242,-0.96923,0.336,423.240,141.080,422.203,430.502,143.155,429.465,1064.325,-10.313,387.197,-0.96611,-10.260,387.197,-0.97158,2
4434,349414,10,3,3,0,0,0,1,5,0,0,408.061,-147.242,-0.96617,0.488,423.240,141.080,422.203,430.502,143.155,429.465,1064.325,-10.309,387.198,-0.96305,-10.257,387.198,-0.96923,2
4449,349424,10,3,3,0,0,0,1,5,0,0,408.061,-147.242,-0.96183,0.549,423.240,141.080,422.203,430.502,143.155,429.465,1064.325,-10.304,387.200,-0.95871,-10.254,387.199,-0.96617,2
4465,349434,10,3,3,0,0,0,1,5,0,0,408.061,-147.242,-0.95736,0.549,423.240,141.080,422.203,430.502,143.155,429.465,1064.325,-10.299,387.201,-0.95424,-10.248,387.200,-0.96183,2
4465,349444,10,3,3,0,0,0,1,5,0,0,408.061,-147.242,-0.95326,0.427,423.240,141.080,422.203,430.502,143.155,429.465,1064.325,-10.294,387.203,-0.95014,-10.243,387.202,-0.95736,2
4480,349454,10,3,3,0,0,0,1,5,0,0,408.061,-147.242,-0.95010,0.427,423.240,141.080,422.203,430.502,143.155,429.465,1064.325,-10.290,387.204,-0.94698,-10.238,387.203,-0.95326,2
4495,349464,10,3,3,0,0,0,1,5,0,0,408.061,-147.242,-0.94908,-0.000,423.240,141.080,422.203,430.502,143.155,429.465,1064.325,-10.288,387.204,-0.94596,-10.234,387.205,-0.95010,2
4495,349474,10,3,3,0,0,0,1,5,0,0,408.061,-147.242,-0.94870,-0.000,423.240,141.080,422.203,430.502,143.155,429.465,1064.325,-10.288,387.205,-0.94558,-10.233,387.205,-0.94908,2
4511,349484,10,3,3,0,0,0,1,5,0,0,408.061,-147.242,-0.94783,-0.000,423.240,141.080,422.203,430.502,143.155,429.465,1064.325,-10.287,387.205,-0.94471,-10.232,387.205,-0.94870,2
4511,349494,10,3,3,0,0,0,1,5,0,0,408.061,-147.242,-0.94688,-0.000,423.240,141.080,422.203,430.502,143.155,429.465,1064.325,-10.286,387.205,-0.94376,-10.231,387.205,-0.94783,2
4527,349504,10,3,3,0,0,0,1,5,0,0,408.061,-147.242,-0.94596,-0.000,423.240,141.080,422.203,430.502,143.155,429.465,1064.325,-10.285,387.206,-0.94284,-10.230,387.206,-0.94688,2
4542,349514,10,3,3,0,0,0,1,5,0,0,408.061,-147.242,-0.94544,-0.000,423.240,141.080,422.203,430.502,143.155,429.465,1064.325,-10.284,387.206,-0.94232,-10.229,387.206,-0.94596,2
4542,349524,10,3,3,0,0,0,1,5,0,0,408.061,-147.242,-0.94470,-0.000,423.240,141.080,422.203,430.502,143.155,429.465,1064.325,-10.283,387.206,-0.94158,-10.228,387.206,-0.94544,2
4558,349534,10,3,3,0,0,0,1,5,0,0,408.061,-147.242,-0.94458,-0.000,423.240,141.080,422.203,430.502,143.155,429.465,1064.325,-10.283,387.206,-0.94146,-10.228,387.207,-0.94470,2
4573,349544,10,3,3,0,0,0,1,5,0,0,408.061,-147.242,-0.94500,-0.000,423.240,141.080,422.203,430.502,143.155,429.465,1064.325,-10.284,387.206,-0.94188,-10.227,387.207,-0.94458,2
4573,349554,10,3,3,0,0,0,1,5,0,0,408.061,-147.242,-0.94554,-0.000,423.240,141.080,422.203,430.502,143.155,429.465,1064.325,-10.284,387.206,-0.94242,-10.228,387.207,-0.94500,2
4588,349564,10,3,3,0,0,0,1,5,0,0,408.061,-147.242,-0.94556,-0.000,423.240,141.080,422.203,430.502,143.155,429.465,1064.325,-10.284,387.206,-0.94244,-10.229,387.206,-0.94554,2
4604,349574,10,3,3,0,0,0,1,5,0,0,408.021,-147.242,-0.94595,-0.000,423.240,141.080,422.203,430.502,143.155,429.465,1064.325,-10.284,387.166,-0.94283,-10.229,387.206,-0.94556,2
4604,349584,10,3,3,0,0,0,1,5,0,0,408.021,-147.242,-0.94604,-0.000,423.240,141.080,422.203,430.502,143.155,429.465,1064.325,-10.284,387.166,-0.94292,-10.228,387.166,-0.94595,2
4620,349594,10,3,3,0,0,0,1,5,0,0,408.021,-147.242,-0.94646,-0.000,423.240,141.080,422.203,430.502,143.155,429.465,1064.325,-10.285,387.165,-0.94334,-10.229,387.166,-0.94604,2
4635,349604,10,3,3,0,0,0,1,5,0,0,408.021,-147.242,-0.94673,-0.000,423.240,141.080,422.203,430.502,143.155,429.465,1064.325,-10.285,387.165,-0.94361,-10.229,387.166,-0.94646,2
4635,349614,10,3,3,0,0,0,1,5,0,0,408.021,-147.242,-0.94676,-0.000,423.240,141.080,422.203,430.502,143.155,429.465,1064.325,-10.285,387.165,-0.94364,-10.229,387.166,-0.94673,2
4650,349624,10,3,3,0,0,0,1,5,0,0,408.021,-147.242,-0.94623,-0.000,423.240,141.080,422.203,430.502,143.155,429.465,1064.325,-10.284,387.166,-0.94310,-10.229,387.166,-0.94676,2
4666,349634,10,3,3,0,0,0,1,5,0,0,408.021,-147.242,-0.94573,-0.000,423.240,141.080,422.203,430.502,143.155,429.465,1064.325,-10.284,387.166,-0.94261,-10.229,387.166,-0.94622,2
4666,349644,10,3,3,0,0,0,1,5,0,0,408.021,-147.242,-0.94493,-0.000,423.240,141.080,422.203,430.502,143.155,429.465,1064.325,-10.283,387.166,-0.94181,-10.228,387.166,-0.94573,2
4682,349654,10,3,3,0,0,0,1,5,0,0,408.021,-147.242,-0.94435,-0.000,423.240,141.080,422.203,430.502,143.155,429.465,1064.325,-10.282,387.166,-0.94123,-10.227,387.167,-0.94493,2
4682,349664,10,3,3,0,0,0,1,5,0,0,408.021,-147.242,-0.94393,-0.000,423.240,141.080,422.203,430.502,143.155,429.465,1064.325,-10.282,387.166,-0.94081,-10.226,387.167,-0.94435,2
4698,349674,10,3,3,0,0,0,1,5,0,0,408.021,-147.242,-0.94378,-0.000,423.240,141.080,422.203,430.502,143.155,429.465,1064.325,-10.281,387.166,-0.94066,-10.226,387.167,-0.94393,2
4714,349684,10,3,3,0,0,0,1,5,0,0,408.021,-147.242,-0.94387,-0.000,423.240,141.080,422.203,430.502,143.155,429.465,1064.325,-10.281,387.166,-0.94075,-10.226,387.167,-0.94378,2
4714,349694,10,3,3,0,0,0,1,5,0,0,408.021,-147.242,-0.94458,-0.000,423.240,141.080,422.203,430.502,143.155,429.465,1064.325,-10.282,387.166,-0.94146,-10.226,387.167,-0.94387,2
4729,349704,10,3,3,0,0,0,1,5,0,0,408.021,-147.242,-0.94474,-0.000,423.240,141.080,422.203,430.502,143.155,429.465,1064.325,-10.283,387.166,-0.94162,-10.227,387.167,-0.94458,2
4745,349714,10,3,3,0,0,0,1,5,0,0,408.021,-147.242,-0.94509,-0.000,423.240,141.080,422.203,430.502,143.155,429.465,1064.325,-10.283,387.166,-0.94197,-10.227,387.167,-0.94474,2
4745,349724,10,3,3,0,0,0,1,5,0,0,408.021,-147.242,-0.94511,-0.000,423.240,141.080,422.203,430.502,143.155,429.465,1064.325,-10.283,387.166,-0.94199,-10.227,387.167,-0.94509,2
4760,349734,10,3,3,0,0,0,1,5,0,0,408.021,-147.242,-0.94533,-0.000,423.240,141.080,422.203,430.502,143.155,429.465,1064.325,-10.283,387.166,-0.94221,-10.227,387.167,-0.94511,2
4776,349744,10,3,3,0,0,0,1,5,0,0,408.021,-147.242,-0.94551,-0.000,423.240,141.080,422.203,430.502,143.155,429.465,1064.325,-10.283,387.166,-0.94239,-10.228,387.167,-0.94533,2
4776,349754,10,3,3,0,0,0,1,5,0,0,408.021,-147.242,-0.94532,-0.000,423.240,141.080,422.203,430.502,143.155,429.465,1064.325,-10.283,387.166,-0.94219,-10.228,387.166,-0.94551,2
4791,349764,10,3,3,0,0,0,1,5,0,0,408.021,-147.242,-0.94512,-0.000,423.240,141.080,422.203,430.502,143.155,429.465,1064.325,-10.283,387.166,-0.94200,-10.228,387.167,-0.94531,2
4791,349774,10,3,3,0,0,0,1,5,0,0,408.021,-147.242,-0.94485,-0.000,423.240,141.080,422.203,430.502,143.155,429.465,1064.325,-10.283,387.166,-0.94173,-10.227,387.167,-0.94512,2
4807,349784,10,3,3,0,0,0,1,5,0,0,408.021,-147.242,-0.94463,-0.000,423.240,141.080,422.203,430.502,143.155,429.465,1064.325,-10.282,387.166,-0.94151,-10.227,387.167,-0.94485,2
4822,349794,10,3,3,0,0,0,1,5,0,0,408.021,-147.242,-0.94451,-0.000,423.240,141.080,422.203,430.502,143.155,429.465,1064.325,-10.282,387.166,-0.94139,-10.227,387.167,-0.94463,2
4822,349804,10,3,3,0,0,0,1,5,0,0,408.021,-147.242,-0.94434,-0.000,423.240,141.080,422.203,430.502,143.155,429.465,1064.325,-10.282,387.166,-0.94122,-10.227,387.167,-0.94451,2
4839,349814,10,3,3,0,0,0,1,5,0,0,408.021,-147.242,-0.94430,-0.000,423.240,141.080,422.203,430.502,143.155,429.465,1064.325,-10.282,387.166,-0.94118,-10.226,387.167,-0.94434,2
4854,349824,10,3,3,0,0,0,1,5,0,0,408.021,-147.242,-0.94447,-0.000,423.240,141.080,422.203,430.502,143.155,429.465,1064.325,-10.282,387.166,-0.94134,-10.226,387.167,-0.94430,2
4854,349834,10,3,3,0,0,0,1,5,0,0,408.021,-147.242,-0.94470,-0.000,423.240,141.080,422.203,430.502,143.155,429.465,1064.325,-10.282,387.166,-0.94158,-10.227,387.167,-0.94447,2
4870,349844,10,3,3,0,0,0,1,5,0,0,408.021,-147.242,-0.94497,-0.000,423.240,141.080,422.203,430.502,143.155,429.465,1064.325,-10.283,387.166,-0.94185,-10.227,387.167,-0.94470,2
4885,349854,10,3,3,0,0,0,1,5,0,0,408.021,-147.242,-0.94526,-0.000,423.240,141.080,422.203,430.502,143.155,429.465,1064.325,-10.283,387.166,-0.94214,-10.227,387.167,-0.94497,2
4885,349864,10,3,3,0,0,0,1,5,0,0,408.021,-147.242,-0.94562,-0.000,423.240,141.080,422.203,430.502,143.155,429.465,1064.325,-10.284,387.166,-0.94250,-10.228,387.167,-0.94526,2
4900,349874,10,3,3,0,0,0,1,5,0,0,408.021,-147.242,-0.94603,-0.000,423.240,141.080,422.203,430.502,143.155,429.465,1064.325,-10.284,387.166,-0.94291,-10.228,387.166,-0.94562,2
4915,349884,10,3,3,0,0,0,1,5,0,0,408.021,-147.242,-0.94581,-0.000,423.240,141.080,422.203,430.502,143.155,429.465,1064.325,-10.284,387.166,-0.94269,-10.229,387.166,-0.94603,2
4915,349894,10,3,3,0,0,0,1,5,0,0,408.021,-147.242,-0.94538,-0.000,423.240,141.080,422.203,430.502,143.155,429.465,1064.325,-10.283,387.166,-0.94226,-10.228,387.166,-0.94581,2
4932,349904,10,3,3,0,0,0,1,5,0,0,408.021,-147.242,-0.94525,-0.000,423.240,141.080,422.203,430.502,143.155,429.465,1064.325,-10.283,387.166,-0.94213,-10.228,387.167,-0.94538,2
4932,349914,10,3,3,0,0,0,1,5,0,0,408.021,-147.242,-0.94497,-0.000,423.240,141.080,422.203,430.502,143.155,429.465,1064.325,-10.283,387.166,-0.94185,-10.228,387.167,-0.94525,2
4947,349924,10,3,3,0,0,0,1,5,0,0,408.021,-147.242,-0.94468,-0.000,423.240,141.080,422.203,430.502,143.155,429.465,1064.325,-10.282,387.166,-0.94156,-10.227,387.167,-0.94497,2
4962,349934,10,3,3,0,0,0,1,5,0,0,408.021,-147.242,-0.94476,-0.000,423.240,141.080,422.203,430.502,143.155,429.465,1064.325,-10.283,387.166,-0.94164,-10.227,387.167,-0.94468,2
4962,349944,10,3,3,0,0,0,1,5,0,0,408.021,-147.242,-0.94502,-0.000,423.240,141.080,422.203,430.502,143.155,429.465,1064.325,-10.283,387.166,-0.94190,-10.227,387.167,-0.94476,2
4978,349954,10,3,3,0,0,0,1,5,0,0,408.021,-147.242,-0.94502,-0.000,423.240,141.080,422.203,430.502,143.155,429.465,1064.325,-10.283,387.166,-0.94190,-10.227,387.167,-0.94502,2
4994,349964,10,3,3,0,0,0,1,5,0,0,408.021,-147.242,-0.94494,-0.000,423.240,141.080,422.203,430.502,143.155,429.465,1064.325,-10.283,387.166,-0.94182,-10.227,387.167,-0.94502,2
4994,349974,10,3,3,0,0,0,1,5,0,0,408.021,-147.242,-0.94509,-0.000,423.240,141.080,422.203,430.502,143.155,429.465,1064.325,-10.283,387.166,-0.94197,-10.227,387.167,-0.94494,2
5010,349984,10,3,3,0,0,0,1,5,0,0,408.021,-147.242,-0.94518,-0.000,423.240,141.080,422.203,430.502,143.155,429.465,1064.325,-10.283,387.166,-0.94206,-10.227,387.167,-0.94509,2
5025,349994,10,3,3,0,0,0,1,5,0,0,408.021,-147.242,-0.94525,-0.000,423.240,141.080,422.203,430.502,143.155,429.465,1064.325,-10.283,387.166,-0.94213,-10.227,387.167,-0.94518,2
5025,350004,10,3,3,0,0,0,1,5,0,0,408.021,-147.242,-0.94568,-0.000,423.240,141.080,422.203,430.502,143.155,429.465,1064.325,-10.284,387.166,-0.94256,-10.228,387.167,-0.94525,2
5041,350014,10,3,3,0,0,0,1,5,0,0,408.021,-147.242,-0.94562,-0.000,423.240,141.080,422.203,430.502,143.155,429.465,1064.325,-10.284,387.166,-0.94250,-10.228,387.166,-0.94568,2
5041,350024,10,3,3,0,0,0,1,5,0,0,408.021,-147.242,-0.94551,-0.000,423.240,141.080,422.203,430.502,143.155,429.465,1064.325,-10.283,387.166,-0.94239,-10.228,387.166,-0.94562,2
5057,350034,10,3,3,0,0,0,1,5,0,0,408.021,-147.242,-0.94528,-0.000,423.240,141.080,422.203,430.502,143.155,429.465,1064.325,-10.283,387.166,-0.94215,-10.228,387.167,-0.94551,2
5073,350044,10,3,3,0,0,0,1,5,0,0,408.021,-147.242,-0.94535,-0.000,423.240,141.080,422.203,430.502,143.155,429.465,1064.325,-10.283,387.166,-0.94223,-10.228,387.167,-0.94527,2
5073,350054,10,3,3,0,0,0,1,5,0,0,408.021,-147.242,-0.94523,-0.000,423.240,141.080,422.203,430.502,143.155,429.465,1064.325,-10.283,387.166,-0.94211,-10.228,387.167,-0.94535,2
5088,350064,10,3,3,0,0,0,1,5,0,0,408.021,-147.242,-0.94517,-0.000,423.240,141.080,422.203,430.502,143.155,429.465,1064.325,-10.283,387.166,-0.94205,-10.228,387.167,-0.94523,2
5104,350074,10,3,3,0,0,0,1,5,0,0,408.021,-147.242,-0.94503,-0.000,423.240,141.080,422.203,430.502,143.155,429.465,1064.325,-10.283,387.166,-0.94191,-10.227,387.167,-0.94517,2
5104,350084,10,3,3,0,0,0,1,5,0,0,408.021,-147.242,-0.94509,-0.000,423.240,141.080,422.203,430.502,143.155,429.465,1064.325,-10.283,387.166,-0.94196,-10.227,387.167,-0.94503,2
5119,350094,10,3,3,0,0,0,1,5,0,0,408.021,-147.242,-0.94543,-0.000,423.240,141.080,422.203,430.502,143.155,429.465,1064.325,-10.283,387.166,-0.94231,-10.227,387.167,-0.94508,2
5135,350104,10,3,3,0,0,0,1,5,0,0,408.021,-147.242,-0.94573,-0.000,423.240,141.080,422.203,430.502,143.155,429.465,1064.325,-10.284,387.166,-0.94261,-10.228,387.167,-0.94543,2
5135,350114,10,3,3,0,0,0,1,5,0,0,408.021,-147.242,-0.94597,-0.000,423.240,141.080,422.203,430.502,143.155,429.465,1064.325,-10.284,387.166,-0.94285,-10.228,387.166,-0.94573,2
5151,350124,10,3,3,0,0,0,1,5,0,0,408.021,-147.242,-0.94689,-0.000,423.240,141.080,422.203,430.502,143.155,429.465,1064.325,-10.285,387.165,-0.94377,-10.228,387.166,-0.94597,2
5151,350134,10,3,3,0,0,0,1,5,0,0,408.021,-147.242,-0.94715,-0.000,423.240,141.080,422.203,430.502,143.155,429.465,1064.325,-10.285,387.165,-0.94403,-10.230,387.166,-0.94689,2
5166,350144,10,3,3,0,0,0,1,5,0,0,408.021,-147.242,-0.94830,-0.244,423.240,141.080,422.203,430.502,143.155,429.465,1064.325,-10.287,387.165,-0.94518,-10.230,387.166,-0.94715,2
5182,350154,10,3,3,0,0,0,1,5,0,0,408.021,-147.242,-0.94751,-0.000,423.240,141.080,422.203,430.502,143.155,429.465,1064.325,-10.286,387.165,-0.94439,-10.231,387.165,-0.94830,2
5182,350164,10,3,3,0,0,0,1,5,0,0,408.021,-147.242,-0.94603,-0.000,423.240,141.080,422.203,430.502,143.155,429.465,1064.325,-10.284,387.166,-0.94291,-10.230,387.166,-0.94751,2
5198,350174,10,3,3,0,0,0,1,5,0,0,408.021,-147.242,-0.94545,-0.000,423.240,141.080,422.203,430.502,143.155,429.465,1064.325,-10.283,387.166,-0.94233,-10.229,387.166,-0.94603,2
5214,350184,10,3,3,0,0,0,1,5,0,0,408.021,-147.242,-0.94544,-0.000,423.240,141.080,422.203,430.502,143.155,429.465,1064.325,-10.283,387.166,-0.94232,-10.228,387.167,-0.94545,2
5214,350194,10,3,3,0,0,0,1,5,0,0,408.021,-147.242,-0.94575,-0.000,423.240,141.080,422.203,430.502,143.155,429.465,1064.325,-10.284,387.166,-0.94263,-10.228,387.167,-0.94544,2
5229,350204,10,3,3,0,0,0,1,5,0,0,408.021,-147.242,-0.94589,-0.000,423.240,141.080,422.203,430.502,143.155,429.465,1064.325,-10.284,387.166,-0.94277,-10.228,387.166,-0.94575,2
5244,350214,10,3,3,0,0,0,1,5,0,0,408.021,-147.242,-0.94588,-0.000,423.240,141.080,422.203,430.502,143.155,429.465,1064.325,-10.284,387.166,-0.94276,-10.228,387.166,-0.94589,2
5244,350224,10,3,3,0,0,0,1,5,0,0,408.021,-147.242,-0.94563,-0.000,423.240,141.080,422.203,430.502,143.155,429.465,1064.325,-10.284,387.166,-0.94251,-10.228,387.166,-0.94588,2
5259,350234,10,3,3,0,0,0,1,5,0,0,408.021,-147.242,-0.94540,-0.000,423.240,141.080,422.203,430.502,143.155,429.465,1064.325,-10.283,387.166,-0.94228,-10.228,387.166,-0.94563,2
5275,350244,10,3,3,0,0,0,1,5,0,0,408.021,-147.242,-0.94585,-0.000,423.240,141.080,422.203,430.502,143.155,429.465,1064.325,-10.284,387.166,-0.94273,-10.228,387.167,-0.94540,2
5275,350254,10,3,3,0,0,0,1,5,0,0,408.021,-147.242,-0.94673,-0.000,423.240,141.080,422.203,430.502,143.155,429.465,1064.325,-10.285,387.165,-0.94361,-10.228,387.166,-0.94585,2
5291,350264,10,3,3,0,0,0,1,5,0,0,408.021,-147.242,-0.94741,-0.000,423.240,141.080,422.203,430.502,143.155,429.465,1064.325,-10.286,387.165,-0.94429,-10.229,387.166,-0.94673,2
5291,350274,10,3,3,0,0,0,1,5,0,0,408.021,-147.242,-0.94765,-0.000,423.240,141.080,422.203,430.502,143.155,429.465,1064.325,-10.286,387.165,-0.94453,-10.230,387.166,-0.94741,2
5306,350284,10,3,3,0,0,0,1,5,0,0,408.021,-147.242,-0.94758,-0.000,423.240,141.080,422.203,430.502,143.155,429.465,1064.325,-10.286,387.165,-0.94446,-10.230,387.166,-0.94765,2
5321,350294,10,3,3,0,0,0,1,5,0,0,408.021,-147.242,-0.94712,-0.000,423.240,141.080,422.203,430.502,143.155,429.465,1064.325,-10.285,387.165,-0.94400,-10.230,387.166,-0.94758,2
5321,350304,10,3,3,0,0,0,1,5,0,0,408.021,-147.242,-0.94697,-0.000,423.240,141.080,422.203,430.502,143.155,429.465,1064.325,-10.285,387.165,-0.94385,-10.230,387.166,-0.94712,2
5337,350314,10,3,3,0,0,0,1,5,0,0,408.021,-147.242,-0.94692,-0.000,423.240,141.080,422.203,430.502,143.155,429.465,1064.325,-10.285,387.165,-0.94380,-10.230,387.166,-0.94697,2
5353,350324,10,3,3,0,0,0,1,5,0,0,408.021,-147.242,-0.94712,-0.000,423.240,141.080,422.203,430.502,143.155,429.465,1064.325,-10.285,387.165,-0.94400,-10.230,387.166,-0.94692,2
5353,350334,10,3,3,0,0,0,1,5,0,0,408.021,-147.242,-0.94700,-0.000,423.240,141.080,422.203,430.502,143.155,429.465,1064.325,-10.285,387.165,-0.94388,-10.230,387.166,-0.94712,2
5368,350344,10,3,3,0,0,0,1,5,0,0,408.021,-147.242,-0.94675,-0.000,423.240,141.080,422.203,430.502,143.155,429.465,1064.325,-10.285,387.165,-0.94363,-10.230,387.166,-0.94700,2
5384,350354,10,3,3,0,0,0,1,5,0,0,408.021,-147.242,-0.94656,-0.000,423.240,141.080,422.203,430.502,143.155,429.465,1064.325,-10.285,387.165,-0.94344,-10.229,387.166,-0.94675,2
5384,350364,10,3,3,0,0,0,1,5,0,0,408.021,-147.242,-0.94631,-0.000,423.240,141.080,422.203,430.502,143.155,429.465,1064.325,-10.284,387.166,-0.94319,-10.229,387.166,-0.94656,2
5400,350374,10,3,3,0,0,0,1,5,0,0,408.021,-147.242,-0.94623,-0.000,423.240,141.080,422.203,430.502,143.155,429.465,1064.325,-10.284,387.166,-0.94311,-10.229,387.166,-0.94631,2
5416,350384,10,3,3,0,0,0,1,5,0,0,408.021,-147.242,-0.94647,-0.000,423.240,141.080,422.203,430.502,143.155,429.465,1064.325,-10.285,387.165,-0.94335,-10.229,387.166,-0.94623,2
5416,350394,10,3,3,0,0,0,1,5,0,0,408.021,-147.242,-0.94665,-0.000,423.240,141.080,422.203,430.502,143.155,429.465,1064.325,-10.285,387.165,-0.94353,-10.229,387.166,-0.94647,2
5432,350404,10,3,3,0,0,0,1,5,0,0,408.021,-147.242,-0.94700,-0.000,423.240,141.080,422.203,430.502,143.155,429.465,1064.325,-10.285,387.165,-0.94388,-10.229,387.166,-0.94665,2
5432,350414,10,3,3,0,0,0,1,5,0,0,408.021,-147.242,-0.94708,-0.000,423.240,141.080,422.203,430.502,143.155,429.465,1064.325,-10.285,387.165,-0.94396,-10.230,387.166,-0.94700,2
5448,350424,10,3,3,0,0,0,1,5,0,0,408.021,-147.242,-0.94704,-0.000,423.240,141.080,422.203,430.502,143.155,429.465,1064.325,-10.285,387.165,-0.94391,-10.230,387.166,-0.94708,2
5463,350434,10,3,3,0,0,0,1,5,0,0,408.021,-147.242,-0.94698,-0.000,423.240,141.080,422.203,430.502,143.155,429.465,1064.325,-10.285,387.165,-0.94386,-10.230,387.166,-0.94704,2
5463,350444,10,3,3,0,0,0,1,5,0,0,408.021,-147.242,-0.94644,-0.000,423.240,141.080,422.203,430.502,143.155,429.465,1064.325,-10.285,387.165,-0.94332,-10.230,387.166,-0.94698,2
5479,350454,10,3,3,0,0,0,1,5,0,0,408.021,-147.242,-0.94633,-0.000,423.240,141.080,422.203,430.502,143.155,429.465,1064.325,-10.284,387.165,-0.94321,-10.229,387.166,-0.94644,2
5494,350464,10,3,3,0,0,0,1,5,0,0,408.021,-147.242,-0.94647,-0.000,423.240,141.080,422.203,430.502,143.155,429.465,1064.325,-10.285,387.165,-0.94335,-10.229,387.166,-0.94633,2
5494,350474,10,3,3,0,0,0,1,5,0,0,408.021,-147.242,-0.94655,-0.000,423.240,141.080,422.203,430.502,143.155,429.465,1064.325,-10.285,387.165,-0.94343,-10.229,387.166,-0.94647,2
5510,350484,10,3,3,0,0,0,1,5,0,0,408.021,-147.242,-0.94657,-0.000,423.240,141.080,422.203,430.502,143.155,429.465,1064.325,-10.285,387.165,-0.94345,-10.229,387.166,-0.94655,2
5525,350494,10,3,3,0,0,0,1,5,0,0,408.021,-147.242,-0.94648,-0.000,423.240,141.080,422.203,430.502,143.155,429.465,1064.325,-10.285,387.165,-0.94336,-10.229,387.166,-0.94657,2
5525,350504,10,3,3,0,0,0,1,5,0,0,408.021,-147.242,-0.94620,-0.000,423.240,141.080,422.203,430.502,143.155,429.465,1064.325,-10.284,387.166,-0.94308,-10.229,387.166,-0.94648,2
5540,350514,10,3,3,0,0,0,1,5,0,0,408.021,-147.242,-0.94628,-0.000,423.240,141.080,422.203,430.502,143.155,429.465,1064.325,-10.284,387.166,-0.94316,-10.229,387.166,-0.94620,2
5557,350524,10,3,3,0,0,0,1,5,0,0,408.021,-147.242,-0.94651,-0.000,423.240,141.080,422.203,430.502,143.155,429.465,1064.325,-10.285,387.165,-0.94339,-10.229,387.166,-0.94628,2
5557,350534,10,3,3,0,0,0,1,5,0,0,408.021,-147.242,-0.94685,-0.000,423.240,141.080,422.203,430.502,143.155,429.465,1064.325,-10.285,387.165,-0.94373,-10.229,387.166,-0.94651,2
5572,350544,10,3,3,0,0,0,1,5,0,0,408.021,-147.242,-0.94702,-0.000,423.240,141.080,422.203,430.502,143.155,429.465,1064.325,-10.285,387.165,-0.94390,-10.230,387.166,-0.94685,2
5572,350554,10,3,3,0,0,0,1,5,0,0,408.021,-147.242,-0.94689,-0.000,423.240,141.080,422.203,430.502,143.155,429.465,1064.325,-10.285,387.165,-0.94377,-10.230,387.166,-0.94702,2
5588,350564,10,3,3,0,0,0,1,5,0,0,408.021,-147.242,-0.94652,-0.000,423.240,141.080,422.203,430.502,143.155,429.465,1064.325,-10.285,387.165,-0.94340,-10.230,387.166,-0.94689,2
5604,350574,10,3,3,0,0,0,1,5,0,0,408.021,-147.242,-0.94643,-0.000,423.240,141.080,422.203,430.502,143.155,429.465,1064.325,-10.285,387.165,-0.94331,-10.229,387.166,-0.94652,2
5604,350584,10,3,3,0,0,0,1,5,0,0,408.021,-147.242,-0.94663,-0.000,423.240,141.080,422.203,430.502,143.155,429.465,1064.325,-10.285,387.165,-0.94351,-10.229,387.166,-0.94643,2
5619,350594,10,3,3,0,0,0,1,5,0,0,408.021,-147.242,-0.94642,-0.000,423.240,141.080,422.203,430.502,143.155,429.465,1064.325,-10.285,387.165,-0.94330,-10.229,387.166,-0.94663,2
5635,350604,10,3,3,0,0,0,1,5,0,0,408.021,-147.242,-0.94606,-0.000,423.240,141.080,422.203,430.502,143.155,429.465,1064.325,-10.284,387.166,-0.94294,-10.229,387.166,-0.94642,2
5635,350614,10,3,3,0,0,0,1,5,0,0,408.021,-147.242,-0.94626,-0.000,423.240,141.080,422.203,430.502,143.155,429.465,1064.325,-10.284,387.166,-0.94314,-10.229,387.166,-0.94606,2
5651,350624,10,3,3,0,0,0,1,5,0,0,408.021,-147.242,-0.94636,-0.000,423.240,141.080,422.203,430.502,143.155,429.465,1064.325,-10.284,387.165,-0.94324,-10.229,387.166,-0.94626,2
5651,350634,10,3,3,0,0,0,1,5,0,0,408.021,-147.242,-0.94634,-0.000,423.240,141.080,422.203,430.502,143.155,429.465,1064.325,-10.284,387.165,-0.94322,-10.229,387.166,-0.94636,2
5666,350644,10,3,3,0,0,0,1,5,0,0,408.021,-147.242,-0.94654,-0.000,423.240,141.080,422.203,430.502,143.155,429.465,1064.325,-10.285,387.165,-0.94342,-10.229,387.166,-0.94634,2
5683,350654,10,3,3,0,0,0,1,5,0,0,408.021,-147.242,-0.94658,-0.000,423.240,141.080,422.203,430.502,143.155,429.465,1064.325,-10.285,387.165,-0.94346,-10.229,387.166,-0.94654,2
5683,350664,10,3,3,0,0,0,1,5,0,0,408.021,-147.242,-0.94643,-0.000,423.240,141.080,422.203,430.502,143.155,429.465,1064.325,-10.285,387.165,-0.94331,-10.229,387.166,-0.94658,2
5699,350674,10,3,3,0,0,0,1,5,0,0,408.021,-147.242,-0.94666,-0.000,423.240,141.080,422.203,430.502,143.155,429.465,1064.325,-10.285,387.165,-0.94354,-10.229,387.166,-0.94643,2
5714,350684,10,3,3,0,0,0,1,5,0,0,408.021,-147.242,-0.94700,-0.000,423.240,141.080,422.203,430.502,143.155,429.465,1064.325,-10.285,387.165,-0.94388,-10.229,387.166,-0.94666,2
5714,350694,10,3,3,0,0,0,1,5,0,0,408.021,-147.242,-0.94675,-0.000,423.240,141.080,422.203,430.502,143.155,429.465,1064.325,-10.285,387.165,-0.94363,-10.230,387.166,-0.94700,2
5729,350704,10,3,3,0,0,0,1,5,0,0,408.021,-147.242,-0.94655,-0.000,423.240,141.080,422.203,430.502,143.155,429.465,1064.325,-10.285,387.165,-0.94343,-10.229,387.166,-0.94675,2
5744,350714,10,3,3,0,0,0,1,5,0,0,408.021,-147.242,-0.94665,-0.000,423.240,141.080,422.203,430.502,143.155,429.465,1064.325,-10.285,387.165,-0.94353,-10.229,387.166,-0.94655,2
5744,350724,10,3,3,0,0,0,1,5,0,0,408.021,-147.242,-0.94667,-0.000,423.240,141.080,422.203,430.502,143.155,429.465,1064.325,-10.285,387.165,-0.94355,-10.229,387.166,-0.94665,2
5760,350734,10,3,3,0,0,0,1,5,0,0,408.021,-147.242,-0.94676,-0.000,423.240,141.080,422.203,430.502,143.155,429.465,1064.325,-10.285,387.165,-0.94364,-10.229,387.166,-0.94667,2
5776,350744,10,3,3,0,0,0,1,5,0,0,408.021,-147.242,-0.94654,-0.000,423.240,141.080,422.203,430.502,143.155,429.465,1064.325,-10.285,387.165,-0.94342,-10.229,387.166,-0.94676,2
5776,350754,10,3,3,0,0,0,1,5,0,0,408.021,-147.242,-0.94666,-0.000,423.240,141.080,422.203,430.502,143.155,429.465,1064.325,-10.285,387.165,-0.94354,-10.229,387.166,-0.94654,2
5792,350764,10,3,3,0,0,0,1,5,0,0,408.021,-147.242,-0.94683,-0.000,423.240,141.080,422.203,430.502,143.155,429.465,1064.325,-10.285,387.165,-0.94371,-10.229,387.166,-0.94666,2
5792,350774,10,3,3,0,0,0,1,5,0,0,408.021,-147.242,-0.94663,-0.000,423.240,141.080,422.203,430.502,143.155,429.465,1064.325,-10.285,387.165,-0.94351,-10.229,387.166,-0.94683,2
5807,350784,10,3,3,0,0,0,1,5,0,0,408.021,-147.242,-0.94666,-0.000,423.240,141.080,422.203,430.502,143.155,429.465,1064.325,-10.285,387.165,-0.94354,-10.229,387.166,-0.94663,2
5822,350794,10,3,3,0,0,0,1,5,0,0,408.021,-147.242,-0.94680,-0.000,423.240,141.080,422.203,430.502,143.155,429.465,1064.325,-10.285,387.165,-0.94368,-10.229,387.166,-0.94666,2
5822,350804,10,3,3,0,0,0,1,5,0,0,408.021,-147.242,-0.94669,-0.000,423.240,141.080,422.203,430.502,143.155,429.465,1064.325,-10.285,387.165,-0.94357,-10.229,387.166,-0.94680,2
5838,350814,10,3,3,0,0,0,1,5,0,0,408.021,-147.242,-0.94655,-0.000,423.240,141.080,422.203,430.502,143.155,429.465,1064.325,-10.285,387.165,-0.94343,-10.229,387.166,-0.94669,2
5854,350824,10,3,3,0,0,0,1,5,0,0,408.021,-147.242,-0.94648,-0.000,423.240,141.080,422.203,430.502,143.155,429.465,1064.325,-10.285,387.165,-0.94336,-10.229,387.166,-0.94655,2
5854,350834,10,3,3,0,0,0,1,5,0,0,408.021,-147.242,-0.94630,-0.000,423.240,141.080,422.203,430.502,143.155,429.465,1064.325,-10.284,387.166,-0.94318,-10.229,387.166,-0.94648,2
5869,350844,10,3,3,0,0,0,1,5,0,0,408.021,-147.242,-0.94650,-0.000,423.240,141.080,422.203,430.502,143.155,429.465,1064.325,-10.285,387.165,-0.94337,-10.229,387.166,-0.94630,2
5884,350854,10,3,3,0,0,0,1,5,0,0,408.021,-147.242,-0.94666,-0.000,423.240,141.080,422.203,430.502,143.155,429.465,1064.325,-10.285,387.165,-0.94354,-10.229,387.166,-0.94649,2
5884,350864,10,3,3,0,0,0,1,5,0,0,408.021,-147.242,-0.94686,-0.000,423.240,141.080,422.203,430.502,143.155,429.465,1064.325,-10.285,387.165,-0.94374,-10.229,387.166,-0.94666,2
5899,350874,10,3,3,0,0,0,1,5,0,0,408.021,-147.242,-0.94683,-0.000,423.240,141.080,422.203,430.502,143.155,429.465,1064.325,-10.285,387.165,-0.94371,-10.230,387.166,-0.94686,2
5915,350884,10,3,3,0,0,0,1,5,0,0,408.021,-147.242,-0.94668,-0.000,423.240,141.080,422.203,430.502,143.155,429.465,1064.325,-10.285,387.165,-0.94356,-10.229,387.166,-0.94683,2
5915,350894,10,3,3,0,0,0,1,5,0,0,408.021,-147.242,-0.94668,-0.000,423.240,141.080,422.203,430.502,143.155,429.465,1064.325,-10.285,387.165,-0.94356,-10.229,387.166,-0.94668,2
5932,350904,10,3,3,0,0,0,1,5,0,0,408.021,-147.242,-0.94650,-0.000,423.240,141.080,422.203,430.502,143.155,429.465,1064.325,-10.285,387.165,-0.94338,-10.229,387.166,-0.94668,2
5932,350914,10,3,3,0,0,0,1,5,0,0,408.021,-147.242,-0.94625,-0.000,423.240,141.080,422.203,430.502,143.155,429.465,1064.325,-10.284,387.166,-0.94313,-10.229,387.166,-0.94650,2
5946,350924,10,3,3,0,0,0,1,5,0,0,408.021,-147.242,-0.94629,-0.000,423.240,141.080,422.203,430.502,143.155,429.465,1064.325,-10.284,387.166,-0.94317,-10.229,387.166,-0.94625,2
5961,350934,10,3,3,0,0,0,1,5,0,0,408.021,-147.242,-0.94654,-0.000,423.240,141.080,422.203,430.502,143.155,429.465,1064.325,-10.285,387.165,-0.94342,-10.229,387.166,-0.94629,2
5961,350944,10,3,3,0,0,0,1,5,0,0,408.021,-147.242,-0.94663,-0.000,423.240,141.080,422.203,430.502,143.155,429.465,1064.325,-10.285,387.165,-0.94351,-10.229,387.166,-0.94654,2
5977,350954,10,3,3,0,0,0,1,5,0,0,408.021,-147.242,-0.94690,-0.000,423.240,141.080,422.203,430.502,143.155,429.465,1064.325,-10.285,387.165,-0.94378,-10.229,387.166,-0.94663,2
5992,350964,10,3,3,0,0,0,1,5,0,0,408.021,-147.242,-0.94686,-0.000,423.240,141.080,422.203,430.502,143.155,429.465,1064.325,-10.285,387.165,-0.94374,-10.230,387.166,-0.94690,2
5992,350974,10,3,3,0,0,0,1,5,0,0,408.021,-147.242,-0.94700,-0.000,423.240,141.080,422.203,430.502,143.155,429.465,1064.325,-10.285,387.165,-0.94388,-10.230,387.166,-0.94686,2
6008,350984,10,3,3,0,0,0,1,5,0,0,408.021,-147.242,-0.94701,-0.000,423.240,141.080,422.203,430.502,143.155,429.465,1064.325,-10.285,387.165,-0.94389,-10.230,387.166,-0.94700,2
6024,350994,10,3,3,0,0,0,1,5,0,0,408.021,-147.242,-0.94694,-0.000,423.240,141.080,422.203,430.502,143.155,429.465,1064.325,-10.285,387.165,-0.94382,-10.230,387.166,-0.94701,2
6024,351004,10,3,3,0,0,0,1,5,0,0,408.021,-147.242,-0.94651,-0.000,423.240,141.080,422.203,430.502,143.155,429.465,1064.325,-10.285,387.165,-0.94339,-10.230,387.166,-0.94694,2
6039,351014,10,3,3,0,0,0,1,5,0,0,408.021,-147.242,-0.94643,-0.000,423.240,141.080,422.203,430.502,143.155,429.465,1064.325,-10.285,387.165,-0.94331,-10.229,387.166,-0.94651,2
6055,351024,10,3,3,0,0,0,1,5,0,0,408.021,-147.242,-0.94672,-0.000,423.240,141.080,422.203,430.502,143.155,429.465,1064.325,-10.285,387.165,-0.94360,-10.229,387.166,-0.94643,2
6055,351034,10,3,3,0,0,0,1,5,0,0,408.021,-147.242,-0.94690,-0.000,423.240,141.080,422.203,430.502,143.155,429.465,1064.325,-10.285,387.165,-0.94378,-10.229,387.166,-0.94672,2
6070,351044,10,3,3,0,0,0,1,5,0,0,408.021,-147.242,-0.94686,-0.000,423.240,141.080,422.203,430.502,143.155,429.465,1064.325,-10.285,387.165,-0.94374,-10.230,387.166,-0.94690,2
6085,351054,10,3,3,0,0,0,1,5,0,0,408.021,-147.242,-0.94663,-0.000,423.240,141.080,422.203,430.502,143.155,429.465,1064.325,-10.285,387.165,-0.94351,-10.230,387.166,-0.94686,2
6085,351064,10,3,3,0,0,0,1,5,0,0,408.021,-147.242,-0.94664,-0.000,423.240,141.080,422.203,430.502,143.155,429.465,1064.325,-10.285,387.165,-0.94352,-10.229,387.166,-0.94663,2
6101,351074,10,3,3,0,0,0,1,5,0,0,408.021,-147.242,-0.94669,-0.000,423.240,141.080,422.203,430.502,143.155,429.465,1064.325,-10.285,387.165,-0.94357,-10.229,387.166,-0.94664,2
6116,351084,10,3,3,0,0,0,1,5,0,0,408.021,-147.242,-0.94674,-0.000,423.240,141.080,422.203,430.502,143.155,429.465,1064.325,-10.285,387.165,-0.94362,-10.229,387.166,-0.94669,2
6116,351094,10,3,3,0,0,0,1,5,0,0,408.021,-147.242,-0.94677,-0.000,423.240,141.080,422.203,430.502,143.155,429.465,1064.325,-10.285,387.165,-0.94365,-10.229,387.166,-0.94674,2
6132,351104,10,3,3,0,0,0,1,5,0,0,408.021,-147.242,-0.94705,-0.000,423.240,141.080,422.203,430.502,143.155,429.465,1064.325,-10.285,387.165,-0.94393,-10.229,387.166,-0.94677,2
6132,351114,10,3,3,0,0,0,1,5,0,0,408.021,-147.242,-0.94700,-0.000,423.240,141.080,422.203,430.502,143.155,429.465,1064.325,-10.285,387.165,-0.94388,-10.230,387.166,-0.94705,2
6147,351124,10,3,3,0,0,0,1,5,0,0,408.021,-147.242,-0.94681,-0.000,423.240,141.080,422.203,430.502,143.155,429.465,1064.325,-10.285,387.165,-0.94369,-10.230,387.166,-0.94700,2
6162,351134,10,3,3,0,0,0,1,5,0,0,408.021,-147.242,-0.94689,-0.000,423.240,141.080,422.203,430.502,143.155,429.465,1064.325,-10.285,387.165,-0.94377,-10.229,387.166,-0.94681,2
6162,351144,10,3,3,0,0,0,1,5,0,0,408.021,-147.242,-0.94675,-0.000,423.240,141.080,422.203,430.502,143.155,429.465,1064.325,-10.285,387.165,-0.94363,-10.230,387.166,-0.94689,2
6177,351154,10,3,3,0,0,0,1,5,0,0,408.021,-147.242,-0.94671,-0.000,423.240,141.080,422.203,430.502,143.155,429.465,1064.325,-10.285,387.165,-0.94359,-10.229,387.166,-0.94675,2
6193,351164,10,3,3,0,0,0,1,5,0,0,408.021,-147.242,-0.94648,-0.000,423.240,141.080,422.203,430.502,143.155,429.465,1064.325,-10.285,387.165,-0.94336,-10.229,387.166,-0.94671,2
6193,351174,10,3,3,0,0,0,1,5,0,0,408.021,-147.242,-0.94641,-0.000,423.240,141.080,422.203,430.502,143.155,429.465,1064.325,-10.285,387.165,-0.94329,-10.229,387.166,-0.94648,2
6209,351184,10,3,3,0,0,0,1,5,0,0,408.021,-147.242,-0.94654,-0.000,423.240,141.080,422.203,430.502,143.155,429.465,1064.325,-10.285,387.165,-0.94342,-10.229,387.166,-0.94641,2
6224,351194,10,3,3,0,0,0,1,5,0,0,408.021,-147.242,-0.94636,-0.000,423.240,141.080,422.203,430.502,143.155,429.465,1064.325,-10.284,387.165,-0.94324,-10.229,387.166,-0.94654,2
6224,351204,10,3,3,0,0,0,1,5,0,0,408.021,-147.242,-0.94633,-0.000,423.240,141.080,422.203,430.502,143.155,429.465,1064.325,-10.284,387.165,-0.94320,-10.229,387.166,-0.94636,2
6240,351214,10,3,3,0,0,0,1,5,0,0,408.021,-147.242,-0.94634,-0.000,423.240,141.080,422.203,430.502,143.155,429.465,1064.325,-10.284,387.165,-0.94322,-10.229,387.166,-0.94633,2
6256,351224,10,3,3,0,0,0,1,5,0,0,408.021,-147.242,-0.94620,-0.000,423.240,141.080,422.203,430.502,143.155,429.465,1064.325,-10.284,387.166,-0.94308,-10.229,387.166,-0.94634,2
6256,351234,10,3,3,0,0,0,1,5,0,0,408.021,-147.242,-0.94645,-0.000,423.240,141.080,422.203,430.502,143.155,429.465,1064.325,-10.285,387.165,-0.94333,-10.229,387.166,-0.94620,2
6271,351244,10,3,3,0,0,0,1,5,0,0,408.021,-147.242,-0.94658,-0.000,423.240,141.080,422.203,430.502,143.155,429.465,1064.325,-10.285,387.165,-0.94346,-10.229,387.166,-0.94645,2
6286,351254,10,3,3,0,0,0,1,5,0,0,408.021,-147.242,-0.94622,-0.000,423.240,141.080,422.203,430.502,143.155,429.465,1064.325,-10.284,387.166,-0.94310,-10.229,387.166,-0.94658,2
6286,351264,10,3,3,0,0,0,1,5,0,0,408.021,-147.242,-0.94612,-0.000,423.240,141.080,422.203,430.502,143.155,429.465,1064.325,-10.284,387.166,-0.94300,-10.229,387.166,-0.94622,2
6302,351274,10,3,3,0,0,0,1,5,0,0,408.021,-147.242,-0.94602,-0.000,423.240,141.080,422.203,430.502,143.155,429.465,1064.325,-10.284,387.166,-0.94290,-10.229,387.166,-0.94612,2
6302,351284,10,3,3,0,0,0,1,5,0,0,408.021,-147.242,-0.94616,-0.000,423.240,141.080,422.203,430.502,143.155,429.465,1064.325,-10.284,387.166,-0.94304,-10.229,387.166,-0.94602,2
6318,351294,10,3,3,0,0,0,1,5,0,0,408.021,-147.242,-0.94640,-0.000,423.240,141.080,422.203,430.502,143.155,429.465,1064.325,-10.285,387.165,-0.94328,-10.229,387.166,-0.94616,2
6334,351304,10,3,3,0,0,0,1,5,0,0,408.021,-147.242,-0.94651,-0.000,423.240,141.080,422.203,430.502,143.155,429.465,1064.325,-10.285,387.165,-0.94339,-10.229,387.166,-0.94640,2
6334,351314,10,3,3,0,0,0,1,5,0,0,408.021,-147.242,-0.94665,-0.000,423.240,141.080,422.203,430.502,143.155,429.465,1064.325,-10.285,387.165,-0.94353,-10.229,387.166,-0.94651,2
6349,351324,10,3,3,0,0,0,1,5,0,0,408.021,-147.242,-0.94658,-0.000,423.240,141.080,422.203,430.502,143.155,429.465,1064.325,-10.285,387.165,-0.94346,-10.229,387.166,-0.94665,2
6364,351334,10,3,3,0,0,0,1,5,0,0,408.021,-147.242,-0.94651,-0.000,423.240,141.080,422.203,430.502,143.155,429.465,1064.325,-10.285,387.165,-0.94339,-10.229,387.166,-0.94658,2
6364,351344,10,3,3,0,0,0,1,5,0,0,408.021,-147.242,-0.94655,-0.000,423.240,141.080,422.203,430.502,143.155,429.465,1064.325,-10.285,387.165,-0.94343,-10.229,387.166,-0.94651,2
6379,351354,10,3,3,0,0,0,1,5,0,0,408.021,-147.242,-0.94670,-0.000,423.240,141.080,422.203,430.502,143.155,429.465,1064.325,-10.285,387.165,-0.94358,-10.229,387.166,-0.94655,2
6395,351364,10,3,3,0,0,0,1,5,0,0,408.021,-147.242,-0.94633,-0.000,423.240,141.080,422.203,430.502,143.155,429.465,1064.325,-10.284,387.165,-0.94321,-10.229,387.166,-0.94670,2
6395,351374,10,3,3,0,0,0,1,5,0,0,408.021,-147.242,-0.94629,-0.000,423.240,141.080,422.203,430.502,143.155,429.465,1064.325,-10.284,387.166,-0.94317,-10.229,387.166,-0.94633,2
6411,351384,10,3,3,0,0,0,1,5,0,0,408.021,-147.242,-0.94645,-0.000,423.240,141.080,422.203,430.502,143.155,429.465,1064.325,-10.285,387.165,-0.94333,-10.229,387.166,-0.94629,2
6426,351394,10,3,3,0,0,0,1,5,0,0,408.021,-147.242,-0.94649,-0.000,423.240,141.080,422.203,430.502,143.155,429.465,1064.325,-10.285,387.165,-0.94337,-10.229,387.166,-0.94645,2
6426,351404,10,3,3,0,0,0,1,5,0,0,408.021,-147.242,-0.94644,-0.000,423.240,141.080,422.203,430.502,143.155,429.465,1064.325,-10.285,387.165,-0.94332,-10.229,387.166,-0.94649,2
6441,351414,10,3,3,0,0,0,1,5,0,0,408.021,-147.242,-0.94637,-0.000,423.240,141.080,422.203,430.502,143.155,429.465,1064.325,-10.285,387.165,-0.94325,-10.229,387.166,-0.94644,2
6441,351424,10,3,3,0,0,0,1,5,0,0,408.021,-147.242,-0.94630,-0.000,423.240,141.080,422.203,430.502,143.155,429.465,1064.325,-10.284,387.166,-0.94318,-10.229,387.166,-0.94637,2
6457,351434,10,3,3,0,0,0,1,5,0,0,408.021,-147.242,-0.94640,-0.000,423.240,141.080,422.203,430.502,143.155,429.465,1064.325,-10.285,387.165,-0.94328,-10.229,387.166,-0.94630,2
6473,351444,10,3,3,0,0,0,1,5,0,0,408.021,-147.242,-0.94634,-0.000,423.240,141.080,422.203,430.502,143.155,429.465,1064.325,-10.284,387.165,-0.94322,-10.229,387.166,-0.94640,2
6473,351454,10,3,3,0,0,0,1,5,0,0,408.021,-147.242,-0.94639,-0.000,423.240,141.080,422.203,430.502,143.155,429.465,1064.325,-10.285,387.165,-0.94327,-10.229,387.166,-0.94634,2
6488,351464,10,3,3,0,0,0,1,5,0,0,408.021,-147.242,-0.94649,-0.000,423.240,141.080,422.203,430.502,143.155,429.465,1064.325,-10.285,387.165,-0.94337,-10.229,387.166,-0.94639,2
6504,351474,10,3,3,0,0,0,1,5,0,0,408.021,-147.242,-0.94635,-0.000,423.240,141.080,422.203,430.502,143.155,429.465,1064.325,-10.284,387.165,-0.94323,-10.229,387.166,-0.94649,2
6504,351484,10,3,3,0,0,0,1,5,0,0,408.021,-147.242,-0.94652,-0.000,423.240,141.080,422.203,430.502,143.155,429.465,1064.325,-10.285,387.165,-0.94340,-10.229,387.166,-0.94635,2
6519,351494,10,3,3,0,0,0,1,5,0,0,408.021,-147.242,-0.94662,-0.000,423.240,141.080,422.203,430.502,143.155,429.465,1064.325,-10.285,387.165,-0.94350,-10.229,387.166,-0.94652,2
6535,351504,10,3,3,0,0,0,1,5,0,0,408.021,-147.242,-0.94665,-0.000,423.240,141.080,422.203,430.502,143.155,429.465,1064.325,-10.285,387.165,-0.94352,-10.229,387.166,-0.94662,2
6535,351514,10,3,3,0,0,0,1,5,0,0,408.021,-147.242,-0.94663,-0.000,423.240,141.080,422.203,430.502,143.155,429.465,1064.325,-10.285,387.165,-0.94351,-10.229,387.166,-0.94665,2
6550,351524,10,3,3,0,0,0,1,5,0,0,408.021,-147.242,-0.94681,-0.000,423.240,141.080,422.203,430.502,143.155,429.465,1064.325,-10.285,387.165,-0.94369,-10.229,387.166,-0.94663,2
6566,351534,10,3,3,0,0,0,1,5,0,0,408.021,-147.242,-0.94657,-0.000,423.240,141.080,422.203,430.502,143.155,429.465,1064.325,-10.285,387.165,-0.94345,-10.229,387.166,-0.94681,2
6566,351544,10,3,3,0,0,0,1,5,0,0,408.021,-147.242,-0.94647,-0.000,423.240,141.080,422.203,430.502,143.155,429.465,1064.325,-10.285,387.165,-0.94335,-10.229,387.166,-0.94657,2
6582,351554,10,3,3,0,0,0,1,5,0,0,408.021,-147.242,-0.94660,-0.000,423.240,141.080,422.203,430.502,143.155,429.465,1064.325,-10.285,387.165,-0.94348,-10.229,387.166,-0.94647,2
6582,351564,10,3,3,0,0,0,1,5,0,0,408.021,-147.242,-0.94651,-0.000,423.240,141.080,422.203,430.502,143.155,429.465,1064.325,-10.285,387.165,-0.94339,-10.229,387.166,-0.94660,2
6598,351574,10,3,3,0,0,0,1,5,0,0,408.021,-147.242,-0.94639,-0.000,423.240,141.080,422.203,430.502,143.155,429.465,1064.325,-10.285,387.165,-0.94327,-10.229,387.166,-0.94651,2
6613,351584,10,3,3,0,0,0,1,5,0,0,408.021,-147.242,-0.94653,-0.000,423.240,141.080,422.203,430.502,143.155,429.465,1064.325,-10.285,387.165,-0.94341,-10.229,387.166,-0.94639,2
6613,351594,10,3,3,0,0,0,1,5,0,0,408.021,-147.242,-0.94670,-0.000,423.240,141.080,422.203,430.502,143.155,429.465,1064.325,-10.285,387.165,-0.94358,-10.229,387.166,-0.94653,2
6629,351604,10,3,3,0,0,0,1,5,0,0,408.021,-147.242,-0.94674,-0.000,423.240,141.080,422.203,430.502,143.155,429.465,1064.325,-10.285,387.165,-0.94362,-10.229,387.166,-0.94670,2
6644,351614,10,3,3,0,0,0,1,5,0,0,408.021,-147.242,-0.94690,-0.000,423.240,141.080,422.203,430.502,143.155,429.465,1064.325,-10.285,387.165,-0.94378,-10.229,387.166,-0.94674,2
6644,351624,10,3,3,0,0,0,1,5,0,0,408.021,-147.242,-0.94677,-0.000,423.240,141.080,422.203,430.502,143.155,429.465,1064.325,-10.285,387.165,-0.94365,-10.230,387.166,-0.94690,2
6660,351634,10,3,3,0,0,0,1,5,0,0,408.021,-147.242,-0.94681,-0.000,423.240,141.080,422.203,430.502,143.155,429.465,1064.325,-10.285,387.165,-0.94369,-10.229,387.166,-0.94677,2
6676,351644,10,3,3,0,0,0,1,5,0,0,408.021,-147.242,-0.94703,-0.000,423.240,141.080,422.203,430.502,143.155,429.465,1064.325,-10.285,387.165,-0.94391,-10.229,387.166,-0.94681,2
6676,351654,10,3,3,0,0,0,1,5,0,0,408.021,-147.242,-0.94684,-0.000,423.240,141.080,422.203,430.502,143.155,429.465,1064.325,-10.285,387.165,-0.94372,-10.230,387.166,-0.94703,2
6692,351664,10,3,3,0,0,0,1,5,0,0,408.021,-147.242,-0.94651,-0.000,423.240,141.080,422.203,430.502,143.155,429.465,1064.325,-10.285,387.165,-0.94339,-10.230,387.166,-0.94684,2
6692,351674,10,3,3,0,0,0,1,5,0,0,408.021,-147.242,-0.94631,-0.000,423.240,141.080,422.203,430.502,143.155,429.465,1064.325,-10.284,387.165,-0.94319,-10.229,387.166,-0.94651,2
6708,351684,10,3,3,0,0,0,1,5,0,0,408.021,-147.242,-0.94634,-0.000,423.240,141.080,422.203,430.502,143.155,429.465,1064.325,-10.284,387.165,-0.94322,-10.229,387.166,-0.94631,2
6723,351694,10,3,3,0,0,0,1,5,0,0,408.021,-147.242,-0.94655,-0.000,423.240,141.080,422.203,430.502,143.155,429.465,1064.325,-10.285,387.165,-0.94343,-10.229,387.166,-0.94634,2
6723,351704,10,3,3,0,0,0,1,5,0,0,408.021,-147.242,-0.94637,-0.000,423.240,141.080,422.203,430.502,143.155,429.465,1064.325,-10.285,387.165,-0.94325,-10.229,387.166,-0.94655,2
6738,351714,10,3,3,0,0,0,1,5,0,0,408.021,-147.242,-0.94636,-0.000,423.240,141.080,422.203,430.502,143.155,429.465,1064.325,-10.284,387.165,-0.94324,-10.229,387.166,-0.94637,2
6754,351724,10,3,3,0,0,0,1,5,0,0,408.021,-147.242,-0.94649,-0.000,423.240,141.080,422.203,430.502,143.155,429.465,1064.325,-10.285,387.165,-0.94337,-10.229,387.166,-0.94636,2
6754,351734,10,3,3,0,0,0,1,5,0,0,408.021,-147.242,-0.94670,-0.000,423.240,141.080,422.203,430.502,143.155,429.465,1064.325,-10.285,387.165,-0.94358,-10.229,387.166,-0.94649,2
6770,351744,10,3,3,0,0,0,1,5,0,0,408.021,-147.242,-0.94699,-0.000,423.240,141.080,422.203,430.502,143.155,429.465,1064.325,-10.285,387.165,-0.94387,-10.229,387.166,-0.94670,2
6785,351754,10,3,3,0,0,0,1,5,0,0,408.021,-147.242,-0.94748,-0.000,423.240,141.080,422.203,430.502,143.155,429.465,1064.325,-10.286,387.165,-0.94436,-10.230,387.166,-0.94699,2
6785,351764,10,3,3,0,0,0,1,5,0,0,408.021,-147.242,-0.94748,-0.000,423.240,141.080,422.203,430.502,143.155,429.465,1064.325,-10.286,387.165,-0.94436,-10.230,387.166,-0.94748,2
6801,351774,10,3,3,0,0,0,1,5,0,0,408.021,-147.242,-0.94721,-0.000,423.240,141.080,422.203,430.502,143.155,429.465,1064.325,-10.286,387.165,-0.94409,-10.230,387.166,-0.94748,2
6801,351784,10,3,3,0,0,0,1,5,0,0,408.021,-147.242,-0.94714,-0.000,423.240,141.080,422.203,430.502,143.155,429.465,1064.325,-10.285,387.165,-0.94402,-10.230,387.166,-0.94721,2
6817,351794,10,3,3,0,0,0,1,5,0,0,408.021,-147.242,-0.94697,-0.000,423.240,141.080,422.203,430.502,143.155,429.465,1064.325,-10.285,387.165,-0.94385,-10.230,387.166,-0.94714,2
6832,351804,10,3,3,0,0,0,1,5,0,0,408.021,-147.242,-0.94672,-0.000,423.240,141.080,422.203,430.502,143.155,429.465,1064.325,-10.285,387.165,-0.94360,-10.230,387.166,-0.94697,2
6832,351814,10,3,3,0,0,0,1,5,0,0,408.021,-147.242,-0.94673,-0.000,423.240,141.080,422.203,430.502,143.155,429.465,1064.325,-10.285,387.165,-0.94361,-10.229,387.166,-0.94672,2
6848,351824,10,3,3,0,0,0,1,5,0,0,408.021,-147.242,-0.94672,-0.000,423.240,141.080,422.203,430.502,143.155,429.465,1064.325,-10.285,387.165,-0.94360,-10.229,387.166,-0.94673,2
6865,351834,10,3,3,0,0,0,1,5,0,0,408.021,-147.242,-0.94665,-0.000,423.240,141.080,422.203,430.502,143.155,429.465,1064.325,-10.285,387.165,-0.94353,-10.229,387.166,-0.94672,2
6865,351844,10,3,3,0,0,0,1,5,0,0,408.021,-147.242,-0.94674,-0.000,423.240,141.080,422.203,430.502,143.155,429.465,1064.325,-10.285,387.165,-0.94362,-10.229,387.166,-0.94665,2
6879,351854,10,3,3,0,0,0,1,5,0,0,408.021,-147.242,-0.94681,-0.000,423.240,141.080,422.203,430.502,143.155,429.465,1064.325,-10.285,387.165,-0.94369,-10.229,387.166,-0.94674,2
6894,351864,10,3,3,0,0,0,1,5,0,0,408.021,-147.242,-0.94695,-0.000,423.240,141.080,422.203,430.502,143.155,429.465,1064.325,-10.285,387.165,-0.94383,-10.229,387.166,-0.94681,2
6894,351874,10,3,3,0,0,0,1,5,0,0,408.021,-147.242,-0.94692,-0.000,423.240,141.080,422.203,430.502,143.155,429.465,1064.325,-10.285,387.165,-0.94380,-10.230,387.166,-0.94695,2
6909,351884,10,3,3,0,0,0,1,5,0,0,408.021,-147.242,-0.94670,-0.000,423.240,141.080,422.203,430.502,143.155,429.465,1064.325,-10.285,387.165,-0.94358,-10.230,387.166,-0.94692,2
6924,351894,10,3,3,0,0,0,1,5,0,0,408.021,-147.242,-0.94674,-0.000,423.240,141.080,422.203,430.502,143.155,429.465,1064.325,-10.285,387.165,-0.94362,-10.229,387.166,-0.94670,2
6924,351904,10,3,3,0,0,0,1,5,0,0,408.021,-147.242,-0.94665,-0.000,423.240,141.080,422.203,430.502,143.155,429.465,1064.325,-10.285,387.165,-0.94353,-10.229,387.166,-0.94674,2
6941,351914,10,3,3,0,0,0,1,5,0,0,408.021,-147.242,-0.94685,-0.000,423.240,141.080,422.203,430.502,143.155,429.465,1064.325,-10.285,387.165,-0.94373,-10.229,387.166,-0.94665,2
6956,351924,10,3,3,0,0,0,1,5,0,0,408.021,-147.242,-0.94666,-0.000,423.240,141.080,422.203,430.502,143.155,429.465,1064.325,-10.285,387.165,-0.94354,-10.230,387.166,-0.94685,2
6956,351934,10,3,3,0,0,0,1,5,0,0,408.021,-147.242,-0.94672,-0.000,423.240,141.080,422.203,430.502,143.155,429.465,1064.325,-10.285,387.165,-0.94360,-10.229,387.166,-0.94666,2
6971,351944,10,3,3,0,0,0,1,5,0,0,408.021,-147.242,-0.94653,-0.000,423.240,141.080,422.203,430.502,143.155,429.465,1064.325,-10.285,387.165,-0.94341,-10.229,387.166,-0.94672,2
6971,351954,10,3,3,0,0,0,1,5,0,0,408.021,-147.242,-0.94660,-0.000,423.240,141.080,422.203,430.502,143.155,429.465,1064.325,-10.285,387.165,-0.94348,-10.229,387.166,-0.94653,2
6987,351964,10,3,3,0,0,0,1,5,0,0,408.021,-147.242,-0.94690,-0.000,423.240,141.080,422.203,430.502,143.155,429.465,1064.325,-10.285,387.165,-0.94378,-10.229,387.166,-0.94660,2
7003,351974,10,3,3,0,0,0,1,5,0,0,408.021,-147.242,-0.94686,-0.000,423.240,141.080,422.203,430.502,143.155,429.465,1064.325,-10.285,387.165,-0.94374,-10.230,387.166,-0.94690,2
7003,351984,10,3,3,0,0,0,1,5,0,0,408.021,-147.242,-0.94666,-0.000,423.240,141.080,422.203,430.502,143.155,429.465,1064.325,-10.285,387.165,-0.94354,-10.230,387.166,-0.94686,2
7019,351994,10,3,3,0,0,0,1,5,0,0,408.021,-147.242,-0.94663,-0.000,423.240,141.080,422.203,430.502,143.155,429.465,1064.325,-10.285,387.165,-0.94351,-10.229,387.166,-0.94666,2
7035,352004,10,3,3,0,0,0,1,5,0,0,408.021,-147.242,-0.94647,-0.000,423.240,141.080,422.203,430.502,143.155,429.465,1064.325,-10.285,387.165,-0.94335,-10.229,387.166,-0.94663,2
7035,352014,10,3,3,0,0,0,1,5,0,0,408.021,-147.242,-0.94635,-0.000,423.240,141.080,422.203,430.502,143.155,429.465,1064.325,-10.284,387.165,-0.94323,-10.229,387.166,-0.94647,2
7050,352024,10,3,3,0,0,0,1,5,0,0,408.021,-147.242,-0.94636,-0.000,423.240,141.080,422.203,430.502,143.155,429.465,1064.325,-10.285,387.165,-0.94324,-10.229,387.166,-0.94635,2
7066,352034,10,3,3,0,0,0,1,5,0,0,408.021,-147.242,-0.94635,-0.000,423.240,141.080,422.203,430.502,143.155,429.465,1064.325,-10.284,387.165,-0.94323,-10.229,387.166,-0.94636,2
7066,352044,10,3,3,0,0,0,1,5,0,0,408.021,-147.242,-0.94647,-0.000,423.240,141.080,422.203,430.502,143.155,429.465,1064.325,-10.285,387.165,-0.94335,-10.229,387.166,-0.94635,2
7082,352054,10,3,3,0,0,0,1,5,0,0,408.021,-147.242,-0.94644,-0.000,423.240,141.080,422.203,430.502,143.155,429.465,1064.325,-10.285,387.165,-0.94332,-10.229,387.166,-0.94647,2
7082,352064,10,3,3,0,0,0,1,5,0,0,408.021,-147.242,-0.94672,-0.000,423.240,141.080,422.203,430.502,143.155,429.465,1064.325,-10.285,387.165,-0.94360,-10.229,387.166,-0.94644,2
7096,352074,10,3,3,0,0,0,1,5,0,0,408.021,-147.242,-0.94645,-0.000,423.240,141.080,422.203,430.502,143.155,429.465,1064.325,-10.285,387.165,-0.94333,-10.229,387.166,-0.94672,2
7112,352084,10,3,3,0,0,0,1,5,0,0,408.021,-147.242,-0.94663,-0.000,423.240,141.080,422.203,430.502,143.155,429.465,1064.325,-10.285,387.165,-0.94351,-10.229,387.166,-0.94645,2
7112,352094,10,3,3,0,0,0,1,5,0,0,408.021,-147.242,-0.94672,-0.000,423.240,141.080,422.203,430.502,143.155,429.465,1064.325,-10.285,387.165,-0.94360,-10.229,387.166,-0.94663,2
7128,352104,10,3,3,0,0,0,1,5,0,0,408.021,-147.242,-0.94676,-0.000,423.240,141.080,422.203,430.502,143.155,429.465,1064.325,-10.285,387.165,-0.94364,-10.229,387.166,-0.94672,2
7144,352114,10,3,3,0,0,0,1,5,0,0,408.021,-147.242,-0.94661,-0.000,423.240,141.080,422.203,430.502,143.155,429.465,1064.325,-10.285,387.165,-0.94348,-10.229,387.166,-0.94676,2
7144,352124,10,3,3,0,0,0,1,5,0,0,408.021,-147.242,-0.94677,-0.000,423.240,141.080,422.203,430.502,143.155,429.465,1064.325,-10.285,387.165,-0.94365,-10.229,387.166,-0.94660,2
7160,352134,10,3,3,0,0,0,1,5,0,0,408.021,-147.242,-0.94679,-0.000,423.240,141.080,422.203,430.502,143.155,429.465,1064.325,-10.285,387.165,-0.94367,-10.229,387.166,-0.94677,2
7175,352144,10,3,3,0,0,0,1,5,0,0,408.021,-147.242,-0.94661,-0.000,423.240,141.080,422.203,430.502,143.155,429.465,1064.325,-10.285,387.165,-0.94349,-10.229,387.166,-0.94679,2
7175,352154,10,3,3,0,0,0,1,5,0,0,408.021,-147.242,-0.94662,-0.000,423.240,141.080,422.203,430.502,143.155,429.465,1064.325,-10.285,387.165,-0.94350,-10.229,387.166,-0.94661,2
7191,352164,10,3,3,0,0,0,1,5,0,0,408.021,-147.242,-0.94642,-0.000,423.240,141.080,422.203,430.502,143.155,429.465,1064.325,-10.285,387.165,-0.94330,-10.229,387.166,-0.94662,2
7191,352174,10,3,3,0,0,0,1,5,0,0,408.021,-147.242,-0.94662,-0.000,423.240,141.080,422.203,430.502,143.155,429.465,1064.325,-10.285,387.165,-0.94350,-10.229,387.166,-0.94642,2
7206,352184,10,3,3,0,0,0,1,5,0,0,408.021,-147.242,-0.94655,-0.000,423.240,141.080,422.203,430.502,143.155,429.465,1064.325,-10.285,387.165,-0.94343,-10.229,387.166,-0.94662,2
7223,352194,10,3,3,0,0,0,1,5,0,0,408.021,-147.242,-0.94664,-0.000,423.240,141.080,422.203,430.502,143.155,429.465,1064.325,-10.285,387.165,-0.94352,-10.229,387.166,-0.94655,2
7223,352204,10,3,3,0,0,0,1,5,0,0,408.021,-147.242,-0.94678,-0.000,423.240,141.080,422.203,430.502,143.155,429.465,1064.325,-10.285,387.165,-0.94366,-10.229,387.166,-0.94664,2
7237,352214,10,3,3,0,0,0,1,5,0,0,408.021,-147.242,-0.94678,-0.000,423.240,141.080,422.203,430.502,143.155,429.465,1064.325,-10.285,387.165,-0.94366,-10.229,387.166,-0.94678,2
7254,352224,10,3,3,0,0,0,1,5,0,0,408.021,-147.242,-0.94695,-0.000,423.240,141.080,422.203,430.502,143.155,429.465,1064.325,-10.285,387.165,-0.94383,-10.229,387.166,-0.94678,2
7254,352234,10,3,3,0,0,0,1,5,0,0,408.021,-147.242,-0.94665,-0.000,423.240,141.080,422.203,430.502,143.155,429.465,1064.325,-10.285,387.165,-0.94353,-10.230,387.166,-0.94695,2
7270,352244,10,3,3,0,0,0,1,5,0,0,408.021,-147.242,-0.94667,-0.000,423.240,141.080,422.203,430.502,143.155,429.465,1064.325,-10.285,387.165,-0.94355,-10.229,387.166,-0.94665,2
7285,352254,10,3,3,0,0,0,1,5,0,0,408.021,-147.242,-0.94664,-0.000,423.240,141.080,422.203,430.502,143.155,429.465,1064.325,-10.285,387.165,-0.94352,-10.229,387.166,-0.94667,2
7285,352264,10,3,3,0,0,0,1,5,0,0,408.021,-147.242,-0.94652,-0.000,423.240,141.080,422.203,430.502,143.155,429.465,1064.325,-10.285,387.165,-0.94339,-10.229,387.166,-0.94664,2
7301,352274,10,3,3,0,0,0,1,5,0,0,408.021,-147.242,-0.94636,-0.000,423.240,141.080,422.203,430.502,143.155,429.465,1064.325,-10.285,387.165,-0.94324,-10.229,387.166,-0.94652,2
7316,352284,10,3,3,0,0,0,1,5,0,0,408.021,-147.242,-0.94631,-0.000,423.240,141.080,422.203,430.502,143.155,429.465,1064.325,-10.284,387.165,-0.94319,-10.229,387.166,-0.94636,2
7316,352294,10,3,3,0,0,0,1,5,0,0,408.021,-147.242,-0.94659,-0.000,423.240,141.080,422.203,430.502,143.155,429.465,1064.325,-10.285,387.165,-0.94347,-10.229,387.166,-0.94631,2
7332,352304,10,3,3,0,0,0,1,5,0,0,408.021,-147.242,-0.94666,-0.000,423.240,141.080,422.203,430.502,143.155,429.465,1064.325,-10.285,387.165,-0.94354,-10.229,387.166,-0.94659,2
7332,352314,10,3,3,0,0,0,1,5,0,0,408.021,-147.242,-0.94646,-0.000,423.240,141.080,422.203,430.502,143.155,429.465,1064.325,-10.285,387.165,-0.94334,-10.229,387.166,-0.94666,2
7348,352324,10,3,3,0,0,0,1,5,0,0,408.021,-147.242,-0.94651,-0.000,423.240,141.080,422.203,430.502,143.155,429.465,1064.325,-10.285,387.165,-0.94339,-10.229,387.166,-0.94646,2
7363,352334,10,3,3,0,0,0,1,5,0,0,408.021,-147.242,-0.94641,-0.000,423.240,141.080,422.203,430.502,143.155,429.465,1064.325,-10.285,387.165,-0.94329,-10.229,387.166,-0.94651,2
7363,352344,10,3,3,0,0,0,1,5,0,0,408.021,-147.242,-0.94656,-0.000,423.240,141.080,422.203,430.502,143.155,429.465,1064.325,-10.285,387.165,-0.94344,-10.229,387.166,-0.94641,2
7380,352354,10,3,3,0,0,0,1,5,0,0,408.021,-147.242,-0.94689,-0.000,423.240,141.080,422.203,430.502,143.155,429.465,1064.325,-10.285,387.165,-0.94377,-10.229,387.166,-0.94656,2
7412,352364,10,3,3,0,0,0,1,5,0,0,408.021,-147.242,-0.94695,-0.000,423.240,141.080,422.203,430.502,143.155,429.465,1064.325,-10.285,387.165,-0.94383,-10.230,387.166,-0.94689,2
7412,352374,10,3,3,0,0,0,1,5,0,0,408.021,-147.242,-0.94673,-0.000,423.240,141.080,422.203,430.502,143.155,429.465,1064.325,-10.285,387.165,-0.94361,-10.230,387.166,-0.94695,2
7412,352384,10,3,3,0,0,0,1,5,0,0,408.021,-147.242,-0.94661,-0.000,423.240,141.080,422.203,430.502,143.155,429.465,1064.325,-10.285,387.165,-0.94349,-10.229,387.166,-0.94673,2
7412,352394,10,3,3,0,0,0,1,5,0,0,408.021,-147.242,-0.94664,-0.000,423.240,141.080,422.203,430.502,143.155,429.465,1064.325,-10.285,387.165,-0.94352,-10.229,387.166,-0.94661,2
7425,352404,10,3,3,0,0,0,1,5,0,0,408.021,-147.242,-0.94649,-0.000,423.240,141.080,422.203,430.502,143.155,429.465,1064.325,-10.285,387.165,-0.94337,-10.229,387.166,-0.94664,2
7441,352414,10,3,3,0,0,0,1,5,0,0,408.021,-147.242,-0.94631,-0.000,423.240,141.080,422.203,430.502,143.155,429.465,1064.325,-10.284,387.165,-0.94319,-10.229,387.166,-0.94649,2
7456,352424,10,3,3,0,0,0,1,5,0,0,408.021,-147.242,-0.94651,-0.000,423.240,141.080,422.203,430.502,143.155,429.465,1064.325,-10.285,387.165,-0.94339,-10.229,387.166,-0.94631,2
7456,352434,10,3,3,0,0,0,1,5,0,0,408.021,-147.242,-0.94649,-0.000,423.240,141.080,422.203,430.502,143.155,429.465,1064.325,-10.285,387.165,-0.94337,-10.229,387.166,-0.94651,2
7472,352444,10,3,3,0,0,0,1,5,0,0,408.021,-147.242,-0.94637,-0.000,423.240,141.080,422.203,430.502,143.155,429.465,1064.325,-10.285,387.165,-0.94325,-10.229,387.166,-0.94649,2
7472,352454,10,3,3,0,0,0,1,5,0,0,408.021,-147.242,-0.94622,-0.000,423.240,141.080,422.203,430.502,143.155,429.465,1064.325,-10.284,387.166,-0.94310,-10.229,387.166,-0.94637,2
7487,352464,10,3,3,0,0,0,1,5,0,0,408.021,-147.242,-0.94622,-0.000,423.240,141.080,422.203,430.502,143.155,429.465,1064.325,-10.284,387.166,-0.94310,-10.229,387.166,-0.94622,2
7504,352474,10,3,3,0,0,0,1,5,0,0,408.021,-147.242,-0.94646,-0.000,423.240,141.080,422.203,430.502,143.155,429.465,1064.325,-10.285,387.165,-0.94334,-10.229,387.166,-0.94622,2
7504,352484,10,3,3,0,0,0,1,5,0,0,408.021,-147.242,-0.94644,-0.000,423.240,141.080,422.203,430.502,143.155,429.465,1064.325,-10.285,387.165,-0.94332,-10.229,387.166,-0.94646,2
7519,352494,10,3,3,0,0,0,1,5,0,0,408.021,-147.242,-0.94674,-0.000,423.240,141.080,422.203,430.502,143.155,429.465,1064.325,-10.285,387.165,-0.94362,-10.229,387.166,-0.94644,2
7534,352504,10,3,3,0,0,0,1,5,0,0,408.021,-147.242,-0.94678,-0.000,423.240,141.080,422.203,430.502,143.155,429.465,1064.325,-10.285,387.165,-0.94366,-10.229,387.166,-0.94674,2
7534,352514,10,3,3,0,0,0,1,5,0,0,408.021,-147.242,-0.94681,-0.000,423.240,141.080,422.203,430.502,143.155,429.465,1064.325,-10.285,387.165,-0.94369,-10.229,387.166,-0.94678,2
7550,352524,10,3,3,0,0,0,1,5,0,0,408.021,-147.242,-0.94679,-0.000,423.240,141.080,422.203,430.502,143.155,429.465,1064.325,-10.285,387.165,-0.94367,-10.229,387.166,-0.94681,2
7565,352534,10,3,3,0,0,0,1,5,0,0,408.021,-147.242,-0.94663,-0.000,423.240,141.080,422.203,430.502,143.155,429.465,1064.325,-10.285,387.165,-0.94351,-10.229,387.166,-0.94679,2
7565,352544,10,3,3,0,0,0,1,5,0,0,408.021,-147.242,-0.94669,-0.000,423.240,141.080,422.203,430.502,143.155,429.465,1064.325,-10.285,387.165,-0.94357,-10.229,387.166,-0.94663,2
7582,352554,10,3,3,0,0,0,1,5,0,0,408.021,-147.242,-0.94671,-0.000,423.240,141.080,422.203,430.502,143.155,429.465,1064.325,-10.285,387.165,-0.94359,-10.229,387.166,-0.94669,2
7582,352564,10,3,3,0,0,0,1,5,0,0,408.021,-147.242,-0.94645,-0.000,423.240,141.080,422.203,430.502,143.155,429.465,1064.325,-10.285,387.165,-0.94333,-10.229,387.166,-0.94671,2
7596,352574,10,3,3,0,0,0,1,5,0,0,408.021,-147.242,-0.94646,-0.000,423.240,141.080,422.203,430.502,143.155,429.465,1064.325,-10.285,387.165,-0.94334,-10.229,387.166,-0.94645,2
7612,352584,10,3,3,0,0,0,1,5,0,0,408.021,-147.242,-0.94657,-0.000,423.240,141.080,422.203,430.502,143.155,429.465,1064.325,-10.285,387.165,-0.94345,-10.229,387.166,-0.94646,2
7612,352594,10,3,3,0,0,0,1,5,0,0,408.021,-147.242,-0.94656,-0.000,423.240,141.080,422.203,430.502,143.155,429.465,1064.325,-10.285,387.165,-0.94344,-10.229,387.166,-0.94657,2
7628,352604,10,3,3,0,0,0,1,5,0,0,408.021,-147.242,-0.94645,-0.000,423.240,141.080,422.203,430.502,143.155,429.465,1064.325,-10.285,387.165,-0.94333,-10.229,387.166,-0.94656,2
7644,352614,10,3,3,0,0,0,1,5,0,0,408.021,-147.242,-0.94658,-0.000,423.240,141.080,422.203,430.502,143.155,429.465,1064.325,-10.285,387.165,-0.94346,-10.229,387.166,-0.94645,2
7644,352624,10,3,3,0,0,0,1,5,0,0,408.021,-147.242,-0.94673,-0.000,423.240,141.080,422.203,430.502,143.155,429.465,1064.325,-10.285,387.165,-0.94361,-10.229,387.166,-0.94658,2
7659,352634,10,3,3,0,0,0,1,5,0,0,408.021,-147.242,-0.94660,-0.000,423.240,141.080,422.203,430.502,143.155,429.465,1064.325,-10.285,387.165,-0.94348,-10.229,387.166,-0.94673,2
7675,352644,10,3,3,0,0,0,1,5,0,0,408.021,-147.242,-0.94665,-0.000,423.240,141.080,422.203,430.502,143.155,429.465,1064.325,-10.285,387.165,-0.94353,-10.229,387.166,-0.94660,2
7675,352654,10,3,3,0,0,0,1,5,0,0,408.021,-147.242,-0.94675,-0.000,423.240,141.080,422.203,430.502,143.155,429.465,1064.325,-10.285,387.165,-0.94363,-10.229,387.166,-0.94665,2
7689,352664,10,3,3,0,0,0,1,5,0,0,408.021,-147.242,-0.94664,-0.000,423.240,141.080,422.203,430.502,143.155,429.465,1064.325,-10.285,387.165,-0.94352,-10.229,387.166,-0.94675,2
7705,352674,10,3,3,0,0,0,1,5,0,0,408.021,-147.242,-0.94654,-0.000,423.240,141.080,422.203,430.502,143.155,429.465,1064.325,-10.285,387.165,-0.94342,-10.229,387.166,-0.94664,2
7705,352684,10,3,3,0,0,0,1,5,0,0,408.021,-147.242,-0.94645,-0.000,423.240,141.080,422.203,430.502,143.155,429.465,1064.325,-10.285,387.165,-0.94333,-10.229,387.166,-0.94654,2
7720,352694,10,3,3,0,0,0,1,5,0,0,408.021,-147.242,-0.94632,-0.000,423.240,141.080,422.203,430.502,143.155,429.465,1064.325,-10.284,387.165,-0.94320,-10.229,387.166,-0.94645,2
7736,352704,10,3,3,0,0,0,1,5,0,0,408.021,-147.242,-0.94603,-0.000,423.240,141.080,422.203,430.502,143.155,429.465,1064.325,-10.284,387.166,-0.94291,-10.229,387.166,-0.94632,2
7736,352714,10,3,3,0,0,0,1,5,0,0,408.021,-147.242,-0.94599,-0.000,423.240,141.080,422.203,430.502,143.155,429.465,1064.325,-10.284,387.166,-0.94287,-10.229,387.166,-0.94603,2
7752,352724,10,3,3,0,0,0,1,5,0,0,408.021,-147.242,-0.94588,-0.000,423.240,141.080,422.203,430.502,143.155,429.465,1064.325,-10.284,387.166,-0.94276,-10.228,387.166,-0.94599,2
7752,352734,10,3,3,0,0,0,1,5,0,0,408.021,-147.242,-0.94610,-0.000,423.240,141.080,422.203,430.502,143.155,429.465,1064.325,-10.284,387.166,-0.94298,-10.228,387.166,-0.94588,2
7767,352744,10,3,3,0,0,0,1,5,0,0,408.021,-147.242,-0.94644,-0.000,423.240,141.080,422.203,430.502,143.155,429.465,1064.325,-10.285,387.165,-0.94332,-10.229,387.166,-0.94610,2
7783,352754,10,3,3,0,0,0,1,5,0,0,408.021,-147.242,-0.94636,-0.000,423.240,141.080,422.203,430.502,143.155,429.465,1064.325,-10.284,387.165,-0.94324,-10.229,387.166,-0.94644,2
7783,352764,10,3,3,0,0,0,1,5,0,0,408.021,-147.242,-0.94641,-0.000,423.240,141.080,422.203,430.502,143.155,429.465,1064.325,-10.285,387.165,-0.94329,-10.229,387.166,-0.94636,2
7799,352774,10,3,3,0,0,0,1,5,0,0,408.021,-147.242,-0.94637,-0.000,423.240,141.080,422.203,430.502,143.155,429.465,1064.325,-10.285,387.165,-0.94324,-10.229,387.166,-0.94641,2
7815,352784,10,3,3,0,0,0,1,5,0,0,408.021,-147.242,-0.94637,-0.000,423.240,141.080,422.203,430.502,143.155,429.465,1064.325,-10.285,387.165,-0.94325,-10.229,387.166,-0.94637,2
7815,352794,10,3,3,0,0,0,1,5,0,0,408.021,-147.242,-0.94647,-0.000,423.240,141.080,422.203,430.502,143.155,429.465,1064.325,-10.285,387.165,-0.94335,-10.229,387.166,-0.94637,2
7830,352804,10,3,3,0,0,0,1,5,0,0,408.021,-147.242,-0.94657,-0.000,423.240,141.080,422.203,430.502,143.155,429.465,1064.325,-10.285,387.165,-0.94345,-10.229,387.166,-0.94647,2
7845,352814,10,3,3,0,0,0,1,5,0,0,408.021,-147.242,-0.94649,-0.000,423.240,141.080,422.203,430.502,143.155,429.465,1064.325,-10.285,387.165,-0.94337,-10.229,387.166,-0.94657,2
7845,352824,10,3,3,0,0,0,1,5,0,0,408.021,-147.242,-0.94640,-0.000,423.240,141.080,422.203,430.502,143.155,429.465,1064.325,-10.285,387.165,-0.94328,-10.229,387.166,-0.94649,2
7860,352834,10,3,3,0,0,0,1,5,0,0,408.021,-147.242,-0.94625,-0.000,423.240,141.080,422.203,430.502,143.155,429.465,1064.325,-10.284,387.166,-0.94313,-10.229,387.166,-0.94640,2
7876,352844,10,3,3,0,0,0,1,5,0,0,408.021,-147.242,-0.94622,-0.000,423.240,141.080,422.203,430.502,143.155,429.465,1064.325,-10.284,387.166,-0.94310,-10.229,387.166,-0.94625,2
7876,352854,10,3,3,0,0,0,1,5,0,0,408.021,-147.242,-0.94618,-0.000,423.240,141.080,422.203,430.502,143.155,429.465,1064.325,-10.284,387.166,-0.94306,-10.229,387.166,-0.94622,2
7891,352864,10,3,3,0,0,0,1,5,0,0,408.021,-147.242,-0.94626,-0.000,423.240,141.080,422.203,430.502,143.155,429.465,1064.325,-10.284,387.166,-0.94314,-10.229,387.166,-0.94618,2
7891,352874,10,3,3,0,0,0,1,5,0,0,408.021,-147.242,-0.94646,-0.000,423.240,141.080,422.203,430.502,143.155,429.465,1064.325,-10.285,387.165,-0.94334,-10.229,387.166,-0.94626,2
7906,352884,10,3,3,0,0,0,1,5,0,0,408.021,-147.242,-0.94651,-0.000,423.240,141.080,422.203,430.502,143.155,429.465,1064.325,-10.285,387.165,-0.94339,-10.229,387.166,-0.94646,2
7922,352894,10,3,3,0,0,0,1,5,0,0,408.021,-147.242,-0.94648,-0.000,423.240,141.080,422.203,430.502,143.155,429.465,1064.325,-10.285,387.165,-0.94336,-10.229,387.166,-0.94651,2
7922,352904,10,3,3,0,0,0,1,5,0,0,408.021,-147.242,-0.94639,-0.000,423.240,141.080,422.203,430.502,143.155,429.465,1064.325,-10.285,387.165,-0.94327,-10.229,387.166,-0.94648,2
7938,352914,10,3,3,0,0,0,1,5,0,0,408.021,-147.242,-0.94645,-0.000,423.240,141.080,422.203,430.502,143.155,429.465,1064.325,-10.285,387.165,-0.94333,-10.229,387.166,-0.94639,2
7954,352924,10,3,3,0,0,0,1,5,0,0,408.021,-147.242,-0.94638,-0.000,423.240,141.080,422.203,430.502,143.155,429.465,1064.325,-10.285,387.165,-0.94326,-10.229,387.166,-0.94645,2
7954,352934,10,3,3,0,0,0,1,5,0,0,408.021,-147.242,-0.94640,-0.000,423.240,141.080,422.203,430.502,143.155,429.465,1064.325,-10.285,387.165,-0.94328,-10.229,387.166,-0.94638,2
7969,352944,10,3,3,0,0,0,1,5,0,0,408.021,-147.242,-0.94649,-0.000,423.240,141.080,422.203,430.502,143.155,429.465,1064.325,-10.285,387.165,-0.94337,-10.229,387.166,-0.94640,2
7985,352954,10,3,3,0,0,0,1,5,0,0,408.021,-147.242,-0.94630,-0.000,423.240,141.080,422.203,430.502,143.155,429.465,1064.325,-10.284,387.166,-0.94318,-10.229,387.166,-0.94649,2
7985,352964,10,3,3,0,0,0,1,5,0,0,408.021,-147.242,-0.94631,-0.000,423.240,141.080,422.203,430.502,143.155,429.465,1064.325,-10.284,387.165,-0.94319,-10.229,387.166,-0.94630,2
8001,352974,10,3,3,0,0,0,1,5,0,0,408.021,-147.242,-0.94625,-0.000,423.240,141.080,422.203,430.502,143.155,429.465,1064.325,-10.284,387.166,-0.94313,-10.229,387.166,-0.94631,2
8017,352984,10,3,3,0,0,0,1,5,0,0,408.021,-147.242,-0.94610,-0.000,423.240,141.080,422.203,430.502,143.155,429.465,1064.325,-10.284,387.166,-0.94298,-10.229,387.166,-0.94625,2
8017,352994,10,3,3,0,0,0,1,5,0,0,408.021,-147.242,-0.94657,-0.000,423.240,141.080,422.203,430.502,143.155,429.465,1064.325,-10.285,387.165,-0.94345,-10.229,387.166,-0.94610,2
8032,353004,10,3,3,0,0,0,1,5,0,0,408.021,-147.242,-0.94641,-0.000,423.240,141.080,422.203,430.502,143.155,429.465,1064.325,-10.285,387.165,-0.94329,-10.229,387.166,-0.94657,2
8032,353014,10,3,3,0,0,0,1,5,0,0,408.021,-147.242,-0.94646,-0.000,423.240,141.080,422.203,430.502,143.155,429.465,1064.325,-10.285,387.165,-0.94334,-10.229,387.166,-0.94641,2
8067,353024,10,3,3,0,0,0,1,5,0,0,408.021,-147.242,-0.94679,-0.000,423.240,141.080,422.203,430.502,143.155,429.465,1064.325,-10.285,387.165,-0.94367,-10.229,387.166,-0.94646,2
8067,353034,10,3,3,0,0,0,1,5,0,0,408.021,-147.242,-0.94673,-0.000,423.240,141.080,422.203,430.502,143.155,429.465,1064.325,-10.285,387.165,-0.94361,-10.229,387.166,-0.94679,2
8067,353044,10,3,3,0,0,0,1,5,0,0,408.021,-147.242,-0.94657,-0.000,423.240,141.080,422.203,430.502,143.155,429.465,1064.325,-10.285,387.165,-0.94345,-10.229,387.166,-0.94673,2
8079,353054,10,3,3,0,0,0,1,5,0,0,408.021,-147.242,-0.94665,-0.000,423.240,141.080,422.203,430.502,143.155,429.465,1064.325,-10.285,387.165,-0.94353,-10.229,387.166,-0.94657,2
8095,353064,10,3,3,0,0,0,1,5,0,0,408.021,-147.242,-0.94682,-0.000,423.240,141.080,422.203,430.502,143.155,429.465,1064.325,-10.285,387.165,-0.94370,-10.229,387.166,-0.94665,2
8095,353074,10,3,3,0,0,0,1,5,0,0,408.021,-147.242,-0.94669,-0.000,423.240,141.080,422.203,430.502,143.155,429.465,1064.325,-10.285,387.165,-0.94357,-10.229,387.166,-0.94682,2
8111,353084,10,3,3,0,0,0,1,5,0,0,408.021,-147.242,-0.94672,-0.000,423.240,141.080,422.203,430.502,143.155,429.465,1064.325,-10.285,387.165,-0.94360,-10.229,387.166,-0.94669,2
8126,353094,10,3,3,0,0,0,1,5,0,0,408.021,-147.242,-0.94656,-0.000,423.240,141.080,422.203,430.502,143.155,429.465,1064.325,-10.285,387.165,-0.94344,-10.229,387.166,-0.94672,2
8126,353104,10,3,3,0,0,0,1,5,0,0,408.021,-147.242,-0.94659,-0.000,423.240,141.080,422.203,430.502,143.155,429.465,1064.325,-10.285,387.165,-0.94346,-10.229,387.166,-0.94656,2
8141,353114,10,3,3,0,0,0,1,5,0,0,408.021,-147.242,-0.94684,-0.000,423.240,141.080,422.203,430.502,143.155,429.465,1064.325,-10.285,387.165,-0.94372,-10.229,387.166,-0.94659,2
8156,353124,10,3,3,0,0,0,1,5,0,0,408.021,-147.242,-0.94689,-0.000,423.240,141.080,422.203,430.502,143.155,429.465,1064.325,-10.285,387.165,-0.94377,-10.230,387.166,-0.94684,2
8156,353134,10,3,3,0,0,0,1,5,0,0,408.021,-147.242,-0.94680,-0.000,423.240,141.080,422.203,430.502,143.155,429.465,1064.325,-10.285,387.165,-0.94368,-10.230,387.166,-0.94689,2
8171,353144,10,3,3,0,0,0,1,5,0,0,408.021,-147.242,-0.94681,-0.000,423.240,141.080,422.203,430.502,143.155,429.465,1064.325,-10.285,387.165,-0.94369,-10.229,387.166,-0.94680,2
8171,353154,10,3,3,0,0,0,1,5,0,0,408.021,-147.242,-0.94670,-0.000,423.240,141.080,422.203,430.502,143.155,429.465,1064.325,-10.285,387.165,-0.94358,-10.229,387.166,-0.94681,2
8187,353164,10,3,3,0,0,0,1,5,0,0,408.021,-147.242,-0.94646,-0.000,423.240,141.080,422.203,430.502,143.155,429.465,1064.325,-10.285,387.165,-0.94334,-10.229,387.166,-0.94670,2
8203,353174,10,3,3,0,0,0,1,5,0,0,408.021,-147.242,-0.94597,-0.000,423.240,141.080,422.203,430.502,143.155,429.465,1064.325,-10.284,387.166,-0.94285,-10.229,387.166,-0.94646,2
8203,353184,10,3,3,0,0,0,1,5,0,0,408.021,-147.242,-0.94608,-0.000,423.240,141.080,422.203,430.502,143.155,429.465,1064.325,-10.284,387.166,-0.94296,-10.228,387.166,-0.94597,2
8219,353194,10,3,3,0,0,0,1,5,0,0,408.021,-147.242,-0.94601,-0.000,423.240,141.080,422.203,430.502,143.155,429.465,1064.325,-10.284,387.166,-0.94289,-10.229,387.166,-0.94608,2
8234,353204,10,3,3,0,0,0,1,5,0,0,408.021,-147.242,-0.94607,-0.000,423.240,141.080,422.203,430.502,143.155,429.465,1064.325,-10.284,387.166,-0.94295,-10.228,387.166,-0.94601,2
8234,353214,10,3,3,0,0,0,1,5,0,0,408.021,-147.242,-0.94593,-0.000,423.240,141.080,422.203,430.502,143.155,429.465,1064.325,-10.284,387.166,-0.94281,-10.229,387.166,-0.94607,2
8250,353224,10,3,3,0,0,0,1,5,0,0,408.021,-147.242,-0.94610,-0.000,423.240,141.080,422.203,430.502,143.155,429.465,1064.325,-10.284,387.166,-0.94298,-10.228,387.166,-0.94593,2
8265,353234,10,3,3,0,0,0,1,5,0,0,408.021,-147.242,-0.94658,-0.000,423.240,141.080,422.203,430.502,143.155,429.465,1064.325,-10.285,387.165,-0.94346,-10.229,387.166,-0.94610,2
8265,353244,10,3,3,0,0,0,1,5,0,0,408.021,-147.242,-0.94639,-0.000,423.240,141.080,422.203,430.502,143.155,429.465,1064.325,-10.285,387.165,-0.94326,-10.229,387.166,-0.94658,2
8282,353254,10,3,3,0,0,0,1,5,0,0,408.021,-147.242,-0.94632,-0.000,423.240,141.080,422.203,430.502,143.155,429.465,1064.325,-10.284,387.165,-0.94320,-10.229,387.166,-0.94638,2
8282,353264,10,3,3,0,0,0,1,5,0,0,408.021,-147.242,-0.94633,-0.000,423.240,141.080,422.203,430.502,143.155,429.465,1064.325,-10.284,387.165,-0.94321,-10.229,387.166,-0.94632,2
8297,353274,10,3,3,0,0,0,1,5,0,0,408.021,-147.242,-0.94631,-0.000,423.240,141.080,422.203,430.502,143.155,429.465,1064.325,-10.284,387.165,-0.94319,-10.229,387.166,-0.94633,2
8312,353284,10,3,3,0,0,0,1,5,0,0,408.021,-147.242,-0.94634,-0.000,423.240,141.080,422.203,430.502,143.155,429.465,1064.325,-10.284,387.165,-0.94322,-10.229,387.166,-0.94631,2
8312,353294,10,3,3,0,0,0,1,5,0,0,408.021,-147.242,-0.94625,-0.000,423.240,141.080,422.203,430.502,143.155,429.465,1064.325,-10.284,387.166,-0.94313,-10.229,387.166,-0.94634,2
8328,353304,10,3,3,0,0,0,1,5,0,0,408.021,-147.242,-0.94611,-0.000,423.240,141.080,422.203,430.502,143.155,429.465,1064.325,-10.284,387.166,-0.94299,-10.229,387.166,-0.94625,2
8345,353314,10,3,3,0,0,0,1,5,0,0,408.021,-147.242,-0.94637,-0.000,423.240,141.080,422.203,430.502,143.155,429.465,1064.325,-10.285,387.165,-0.94325,-10.229,387.166,-0.94611,2
8345,353324,10,3,3,0,0,0,1,5,0,0,408.021,-147.242,-0.94644,-0.000,423.240,141.080,422.203,430.502,143.155,429.465,1064.325,-10.285,387.165,-0.94331,-10.229,387.166,-0.94637,2
8359,353334,10,3,3,0,0,0,1,5,0,0,408.021,-147.242,-0.94631,-0.000,423.240,141.080,422.203,430.502,143.155,429.465,1064.325,-10.284,387.165,-0.94319,-10.229,387.166,-0.94644,2
8375,353344,10,3,3,0,0,0,1,5,0,0,408.021,-147.242,-0.94617,-0.000,423.240,141.080,422.203,430.502,143.155,429.465,1064.325,-10.284,387.166,-0.94305,-10.229,387.166,-0.94631,2
8375,353354,10,3,3,0,0,0,1,5,0,0,408.021,-147.242,-0.94621,-0.000,423.240,141.080,422.203,430.502,143.155,429.465,1064.325,-10.284,387.166,-0.94309,-10.229,387.166,-0.94617,2
8390,353364,10,3,3,0,0,0,1,5,0,0,408.021,-147.242,-0.94632,-0.000,423.240,141.080,422.203,430.502,143.155,429.465,1064.325,-10.284,387.165,-0.94320,-10.229,387.166,-0.94621,2
8406,353374,10,3,3,0,0,0,1,5,0,0,408.021,-147.242,-0.94628,-0.000,423.240,141.080,422.203,430.502,143.155,429.465,1064.325,-10.284,387.166,-0.94316,-10.229,387.166,-0.94632,2
8406,353384,10,3,3,0,0,0,1,5,0,0,408.021,-147.242,-0.94636,-0.000,423.240,141.080,422.203,430.502,143.155,429.465,1064.325,-10.284,387.165,-0.94324,-10.229,387.166,-0.94628,2
8422,353394,10,3,3,0,0,0,1,5,0,0,408.021,-147.242,-0.94655,-0.000,423.240,141.080,422.203,430.502,143.155,429.465,1064.325,-10.285,387.165,-0.94342,-10.229,387.166,-0.94636,2
8422,353404,10,3,3,0,0,0,1,5,0,0,408.021,-147.242,-0.94664,-0.000,423.240,141.080,422.203,430.502,143.155,429.465,1064.325,-10.285,387.165,-0.94352,-10.229,387.166,-0.94655,2
8438,353414,10,3,3,0,0,0,1,5,0,0,408.021,-147.242,-0.94665,-0.000,423.240,141.080,422.203,430.502,143.155,429.465,1064.325,-10.285,387.165,-0.94353,-10.229,387.166,-0.94664,2
8453,353424,10,3,3,0,0,0,1,5,0,0,408.021,-147.242,-0.94638,-0.000,423.240,141.080,422.203,430.502,143.155,429.465,1064.325,-10.285,387.165,-0.94326,-10.229,387.166,-0.94665,2
8453,353434,10,3,3,0,0,0,1,5,0,0,408.021,-147.242,-0.94645,-0.000,423.240,141.080,422.203,430.502,143.155,429.465,1064.325,-10.285,387.165,-0.94333,-10.229,387.166,-0.94638,2
8468,353444,10,3,3,0,0,0,1,5,0,0,408.021,-147.242,-0.94625,-0.000,423.240,141.080,422.203,430.502,143.155,429.465,1064.325,-10.284,387.166,-0.94313,-10.229,387.166,-0.94645,2
8499,353454,10,3,3,0,0,0,1,5,0,0,408.021,-147.242,-0.94648,-0.000,423.240,141.080,422.203,430.502,143.155,429.465,1064.325,-10.285,387.165,-0.94336,-10.229,387.166,-0.94625,2
8499,353464,10,3,3,0,0,0,1,5,0,0,408.021,-147.242,-0.94642,-0.000,423.240,141.080,422.203,430.502,143.155,429.465,1064.325,-10.285,387.165,-0.94330,-10.229,387.166,-0.94648,2
8499,353474,10,3,3,0,0,0,1,5,0,0,408.021,-147.242,-0.94620,-0.000,423.240,141.080,422.203,430.502,143.155,429.465,1064.325,-10.284,387.166,-0.94308,-10.229,387.166,-0.94642,2
8515,353484,10,3,3,0,0,0,1,5,0,0,408.021,-147.242,-0.94604,-0.000,423.240,141.080,422.203,430.502,143.155,429.465,1064.325,-10.284,387.166,-0.94292,-10.229,387.166,-0.94620,2
8515,353494,10,3,3,0,0,0,1,5,0,0,408.021,-147.242,-0.94595,-0.000,423.240,141.080,422.203,430.502,143.155,429.465,1064.325,-10.284,387.166,-0.94283,-10.229,387.166,-0.94604,2
8532,353504,10,3,3,0,0,0,1,5,0,0,408.021,-147.242,-0.94629,-0.000,423.240,141.080,422.203,430.502,143.155,429.465,1064.325,-10.284,387.166,-0.94317,-10.228,387.166,-0.94595,2
8532,353514,10,3,3,0,0,0,1,5,0,0,408.021,-147.242,-0.94631,-0.000,423.240,141.080,422.203,430.502,143.155,429.465,1064.325,-10.284,387.165,-0.94319,-10.229,387.166,-0.94629,2
8547,353524,10,3,3,0,0,0,1,5,0,0,408.021,-147.242,-0.94640,-0.000,423.240,141.080,422.203,430.502,143.155,429.465,1064.325,-10.285,387.165,-0.94328,-10.229,387.166,-0.94631,2
8563,353534,10,3,3,0,0,0,1,5,0,0,408.021,-147.242,-0.94624,-0.000,423.240,141.080,422.203,430.502,143.155,429.465,1064.325,-10.284,387.166,-0.94312,-10.229,387.166,-0.94640,2
8563,353544,10,3,3,0,0,0,1,5,0,0,408.021,-147.242,-0.94643,-0.000,423.240,141.080,422.203,430.502,143.155,429.465,1064.325,-10.285,387.165,-0.94331,-10.229,387.166,-0.94624,2
8579,353554,10,3,3,0,0,0,1,5,0,0,408.021,-147.242,-0.94652,-0.000,423.240,141.080,422.203,430.502,143.155,429.465,1064.325,-10.285,387.165,-0.94340,-10.229,387.166,-0.94643,2
8595,353564,10,3,3,0,0,0,1,5,0,0,408.021,-147.242,-0.94625,-0.000,423.240,141.080,422.203,430.502,143.155,429.465,1064.325,-10.284,387.166,-0.94313,-10.229,387.166,-0.94652,2
8595,353574,10,3,3,0,0,0,1,5,0,0,408.021,-147.242,-0.94637,-0.000,423.240,141.080,422.203,430.502,143.155,429.465,1064.325,-10.285,387.165,-0.94325,-10.229,387.166,-0.94625,2
8611,353584,10,3,3,0,0,0,1,5,0,0,408.021,-147.242,-0.94646,-0.000,423.240,141.080,422.203,430.502,143.155,429.465,1064.325,-10.285,387.165,-0.94334,-10.229,387.166,-0.94637,2
8626,353594,10,3,3,0,0,0,1,5,0,0,408.021,-147.242,-0.94666,-0.000,423.240,141.080,422.203,430.502,143.155,429.465,1064.325,-10.285,387.165,-0.94354,-10.229,387.166,-0.94646,2
8626,353604,10,3,3,0,0,0,1,5,0,0,408.021,-147.242,-0.94674,-0.000,423.240,141.080,422.203,430.502,143.155,429.465,1064.325,-10.285,387.165,-0.94362,-10.229,387.166,-0.94666,2
8642,353614,10,3,3,0,0,0,1,5,0,0,408.021,-147.242,-0.94647,-0.000,423.240,141.080,422.203,430.502,143.155,429.465,1064.325,-10.285,387.165,-0.94335,-10.229,387.166,-0.94674,2
8642,353624,10,3,3,0,0,0,1,5,0,0,408.021,-147.242,-0.94632,-0.000,423.240,141.080,422.203,430.502,143.155,429.465,1064.325,-10.284,387.165,-0.94320,-10.229,387.166,-0.94647,2
8658,353634,10,3,3,0,0,0,1,5,0,0,408.021,-147.242,-0.94652,-0.000,423.240,141.080,422.203,430.502,143.155,429.465,1064.325,-10.285,387.165,-0.94340,-10.229,387.166,-0.94632,2
8674,353644,10,3,3,0,0,0,1,5,0,0,408.021,-147.242,-0.94675,-0.000,423.240,141.080,422.203,430.502,143.155,429.465,1064.325,-10.285,387.165,-0.94363,-10.229,387.166,-0.94652,2
8674,353654,10,3,3,0,0,0,1,5,0,0,408.021,-147.242,-0.94673,-0.000,423.240,141.080,422.203,430.502,143.155,429.465,1064.325,-10.285,387.165,-0.94361,-10.229,387.166,-0.94675,2
8690,353664,10,3,3,0,0,0,1,5,0,0,408.021,-147.242,-0.94675,-0.000,423.240,141.080,422.203,430.502,143.155,429.465,1064.325,-10.285,387.165,-0.94363,-10.229,387.166,-0.94673,2
8704,353674,10,3,3,0,0,0,1,5,0,0,408.021,-147.242,-0.94689,-0.000,423.240,141.080,422.203,430.502,143.155,429.465,1064.325,-10.285,387.165,-0.94377,-10.229,387.166,-0.94675,2
8704,353684,10,3,3,0,0,0,1,5,0,0,408.021,-147.242,-0.94676,-0.000,423.240,141.080,422.203,430.502,143.155,429.465,1064.325,-10.285,387.165,-0.94364,-10.230,387.166,-0.94689,2
8719,353694,10,3,3,0,0,0,1,5,0,0,408.021,-147.242,-0.94659,-0.000,423.240,141.080,422.203,430.502,143.155,429.465,1064.325,-10.285,387.165,-0.94347,-10.229,387.166,-0.94676,2
8736,353704,10,3,3,0,0,0,1,5,0,0,408.021,-147.242,-0.94646,-0.000,423.240,141.080,422.203,430.502,143.155,429.465,1064.325,-10.285,387.165,-0.94334,-10.229,387.166,-0.94659,2
8736,353714,10,3,3,0,0,0,1,5,0,0,408.021,-147.242,-0.94635,-0.000,423.240,141.080,422.203,430.502,143.155,429.465,1064.325,-10.284,387.165,-0.94323,-10.229,387.166,-0.94646,2
8752,353724,10,3,3,0,0,0,1,5,0,0,408.021,-147.242,-0.94647,-0.000,423.240,141.080,422.203,430.502,143.155,429.465,1064.325,-10.285,387.165,-0.94334,-10.229,387.166,-0.94635,2
8752,353734,10,3,3,0,0,0,1,5,0,0,408.021,-147.242,-0.94646,-0.000,423.240,141.080,422.203,430.502,143.155,429.465,1064.325,-10.285,387.165,-0.94334,-10.229,387.166,-0.94647,2
8767,353744,10,3,3,0,0,0,1,5,0,0,408.021,-147.242,-0.94637,-0.000,423.240,141.080,422.203,430.502,143.155,429.465,1064.325,-10.285,387.165,-0.94325,-10.229,387.166,-0.94646,2
8783,353754,10,3,3,0,0,0,1,5,0,0,408.021,-147.242,-0.94662,-0.000,423.240,141.080,422.203,430.502,143.155,429.465,1064.325,-10.285,387.165,-0.94350,-10.229,387.166,-0.94637,2
8783,353764,10,3,3,0,0,0,1,5,0,0,408.021,-147.242,-0.94683,-0.000,423.240,141.080,422.203,430.502,143.155,429.465,1064.325,-10.285,387.165,-0.94371,-10.229,387.166,-0.94662,2
8798,353774,10,3,3,0,0,0,1,5,0,0,408.021,-147.242,-0.94670,-0.000,423.240,141.080,422.203,430.502,143.155,429.465,1064.325,-10.285,387.165,-0.94358,-10.229,387.166,-0.94683,2
8814,353784,10,3,3,0,0,0,1,5,0,0,408.021,-147.242,-0.94660,-0.000,423.240,141.080,422.203,430.502,143.155,429.465,1064.325,-10.285,387.165,-0.94348,-10.229,387.166,-0.94670,2
8814,353794,10,3,3,0,0,0,1,5,0,0,408.021,-147.242,-0.94641,-0.000,423.240,141.080,422.203,430.502,143.155,429.465,1064.325,-10.285,387.165,-0.94329,-10.229,387.166,-0.94660,2
8830,353804,10,3,3,0,0,0,1,5,0,0,408.021,-147.242,-0.94639,-0.000,423.240,141.080,422.203,430.502,143.155,429.465,1064.325,-10.285,387.165,-0.94327,-10.229,387.166,-0.94641,2
8845,353814,10,3,3,0,0,0,1,5,0,0,408.021,-147.242,-0.94636,-0.000,423.240,141.080,422.203,430.502,143.155,429.465,1064.325,-10.285,387.165,-0.94324,-10.229,387.166,-0.94639,2
8845,353824,10,3,3,0,0,0,1,5,0,0,408.021,-147.242,-0.94662,-0.000,423.240,141.080,422.203,430.502,143.155,429.465,1064.325,-10.285,387.165,-0.94350,-10.229,387.166,-0.94636,2
8860,353834,10,3,3,0,0,0,1,5,0,0,408.021,-147.242,-0.94688,-0.000,423.240,141.080,422.203,430.502,143.155,429.465,1064.325,-10.285,387.165,-0.94376,-10.229,387.166,-0.94662,2
8876,353844,10,3,3,0,0,0,1,5,0,0,408.021,-147.242,-0.94682,-0.000,423.240,141.080,422.203,430.502,143.155,429.465,1064.325,-10.285,387.165,-0.94370,-10.230,387.166,-0.94688,2
8876,353854,10,3,3,0,0,0,1,5,0,0,408.021,-147.242,-0.94656,-0.000,423.240,141.080,422.203,430.502,143.155,429.465,1064.325,-10.285,387.165,-0.94344,-10.229,387.166,-0.94682,2
8891,353864,10,3,3,0,0,0,1,5,0,0,408.021,-147.242,-0.94672,-0.000,423.240,141.080,422.203,430.502,143.155,429.465,1064.325,-10.285,387.165,-0.94360,-10.229,387.166,-0.94656,2
8891,353874,10,3,3,0,0,0,1,5,0,0,408.021,-147.242,-0.94688,-0.000,423.240,141.080,422.203,430.502,143.155,429.465,1064.325,-10.285,387.165,-0.94376,-10.229,387.166,-0.94672,2
8906,353884,10,3,3,0,0,0,1,5,0,0,408.021,-147.242,-0.94699,-0.000,423.240,141.080,422.203,430.502,143.155,429.465,1064.325,-10.285,387.165,-0.94387,-10.230,387.166,-0.94688,2
8922,353894,10,3,3,0,0,0,1,5,0,0,408.021,-147.242,-0.94712,-0.000,423.240,141.080,422.203,430.502,143.155,429.465,1064.325,-10.285,387.165,-0.94400,-10.230,387.166,-0.94699,2
8922,353904,10,3,3,0,0,0,1,5,0,0,408.021,-147.242,-0.94708,-0.000,423.240,141.080,422.203,430.502,143.155,429.465,1064.325,-10.285,387.165,-0.94396,-10.230,387.166,-0.94712,2
8938,353914,10,3,3,0,0,0,1,5,0,0,408.021,-147.242,-0.94689,-0.000,423.240,141.080,422.203,430.502,143.155,429.465,1064.325,-10.285,387.165,-0.94377,-10.230,387.166,-0.94708,2
8952,353924,10,3,3,0,0,0,1,5,0,0,408.021,-147.242,-0.94685,-0.000,423.240,141.080,422.203,430.502,143.155,429.465,1064.325,-10.285,387.165,-0.94373,-10.230,387.166,-0.94689,2
8952,353934,10,3,3,0,0,0,1,5,0,0,408.021,-147.242,-0.94681,-0.000,423.240,141.080,422.203,430.502,143.155,429.465,1064.325,-10.285,387.165,-0.94369,-10.230,387.166,-0.94685,2
8968,353944,10,3,3,0,0,0,1,5,0,0,408.021,-147.242,-0.94675,-0.000,423.240,141.080,422.203,430.502,143.155,429.465,1064.325,-10.285,387.165,-0.94363,-10.229,387.166,-0.94681,2
9000,353954,10,3,3,0,0,0,1,5,0,0,408.021,-147.242,-0.94662,-0.000,423.240,141.080,422.203,430.502,143.155,429.465,1064.325,-10.285,387.165,-0.94350,-10.229,387.166,-0.94675,2
9000,353964,10,3,3,0,0,0,1,5,0,0,408.021,-147.242,-0.94668,-0.000,423.240,141.080,422.203,430.502,143.155,429.465,1064.325,-10.285,387.165,-0.94356,-10.229,387.166,-0.94662,2
9000,353974,10,3,3,0,0,0,1,5,0,0,408.021,-147.242,-0.94653,-0.000,423.240,141.080,422.203,430.502,143.155,429.465,1064.325,-10.285,387.165,-0.94341,-10.229,387.166,-0.94668,2
9030,353984,10,3,3,0,0,0,1,5,0,0,408.021,-147.242,-0.94649,-0.000,423.240,141.080,422.203,430.502,143.155,429.465,1064.325,-10.285,387.165,-0.94337,-10.229,387.166,-0.94653,2
9030,353994,10,3,3,0,0,0,1,5,0,0,408.021,-147.242,-0.94621,-0.000,423.240,141.080,422.203,430.502,143.155,429.465,1064.325,-10.284,387.166,-0.94309,-10.229,387.166,-0.94649,2
9030,354004,10,3,3,0,0,0,1,5,0,0,408.021,-147.242,-0.94635,-0.000,423.240,141.080,422.203,430.502,143.155,429.465,1064.325,-10.284,387.165,-0.94323,-10.229,387.166,-0.94621,2
9045,354014,10,3,3,0,0,0,1,5,0,0,408.021,-147.242,-0.94634,-0.000,423.240,141.080,422.203,430.502,143.155,429.465,1064.325,-10.284,387.165,-0.94322,-10.229,387.166,-0.94635,2
9045,354024,10,3,3,0,0,0,1,5,0,0,408.021,-147.242,-0.94623,-0.000,423.240,141.080,422.203,430.502,143.155,429.465,1064.325,-10.284,387.166,-0.94311,-10.229,387.166,-0.94634,2
9061,354034,10,3,3,0,0,0,1,5,0,0,408.021,-147.242,-0.94643,-0.000,423.240,141.080,422.203,430.502,143.155,429.465,1064.325,-10.285,387.165,-0.94330,-10.229,387.166,-0.94623,2
9076,354044,10,3,3,0,0,0,1,5,0,0,408.021,-147.242,-0.94644,-0.000,423.240,141.080,422.203,430.502,143.155,429.465,1064.325,-10.285,387.165,-0.94332,-10.229,387.166,-0.94643,2
9076,354054,10,3,3,0,0,0,1,5,0,0,408.021,-147.242,-0.94638,-0.000,423.240,141.080,422.203,430.502,143.155,429.465,1064.325,-10.285,387.165,-0.94326,-10.229,387.166,-0.94644,2
9092,354064,10,3,3,0,0,0,1,5,0,0,408.021,-147.242,-0.94639,-0.000,423.240,141.080,422.203,430.502,143.155,429.465,1064.325,-10.285,387.165,-0.94327,-10.229,387.166,-0.94638,2
9092,354074,10,3,3,0,0,0,1,5,0,0,408.021,-147.242,-0.94651,-0.000,423.240,141.080,422.203,430.502,143.155,429.465,1064.325,-10.285,387.165,-0.94339,-10.229,387.166,-0.94639,2
9107,354084,10,3,3,0,0,0,1,5,0,0,408.021,-147.242,-0.94639,-0.000,423.240,141.080,422.203,430.502,143.155,429.465,1064.325,-10.285,387.165,-0.94327,-10.229,387.166,-0.94651,2
9122,354094,10,3,3,0,0,0,1,5,0,0,408.021,-147.242,-0.94640,-0.000,423.240,141.080,422.203,430.502,143.155,429.465,1064.325,-10.285,387.165,-0.94327,-10.229,387.166,-0.94639,2
9122,354104,10,3,3,0,0,0,1,5,0,0,408.021,-147.242,-0.94618,-0.000,423.240,141.080,422.203,430.502,143.155,429.465,1064.325,-10.284,387.166,-0.94306,-10.229,387.166,-0.94639,2
9137,354114,10,3,3,0,0,0,1,5,0,0,408.021,-147.242,-0.94633,-0.000,423.240,141.080,422.203,430.502,143.155,429.465,1064.325,-10.284,387.165,-0.94321,-10.229,387.166,-0.94618,2
9153,354124,10,3,3,0,0,0,1,5,0,0,408.021,-147.242,-0.94645,-0.000,423.240,141.080,422.203,430.502,143.155,429.465,1064.325,-10.285,387.165,-0.94333,-10.229,387.166,-0.94633,2
9153,354134,10,3,3,0,0,0,1,5,0,0,408.021,-147.242,-0.94646,-0.000,423.240,141.080,422.203,430.502,143.155,429.465,1064.325,-10.285,387.165,-0.94334,-10.229,387.166,-0.94645,2
9169,354144,10,3,3,0,0,0,1,5,0,0,408.021,-147.242,-0.94655,-0.000,423.240,141.080,422.203,430.502,143.155,429.465,1064.325,-10.285,387.165,-0.94343,-10.229,387.166,-0.94646,2
9184,354154,10,3,3,0,0,0,1,5,0,0,408.021,-147.242,-0.94661,-0.000,423.240,141.080,422.203,430.502,143.155,429.465,1064.325,-10.285,387.165,-0.94349,-10.229,387.166,-0.94655,2
9184,354164,10,3,3,0,0,0,1,5,0,0,408.021,-147.242,-0.94669,-0.000,423.240,141.080,422.203,430.502,143.155,429.465,1064.325,-10.285,387.165,-0.94357,-10.229,387.166,-0.94661,2
9199,354174,10,3,3,0,0,0,1,5,0,0,408.021,-147.242,-0.94683,-0.000,423.240,141.080,422.203,430.502,143.155,429.465,1064.325,-10.285,387.165,-0.94371,-10.229,387.166,-0.94669,2
9215,354184,10,3,3,0,0,0,1,5,0,0,408.021,-147.242,-0.94688,-0.000,423.240,141.080,422.203,430.502,143.155,429.465,1064.325,-10.285,387.165,-0.94376,-10.229,387.166,-0.94683,2
9215,354194,10,3,3,0,0,0,1,5,0,0,408.021,-147.242,-0.94694,-0.000,423.240,141.080,422.203,430.502,143.155,429.465,1064.325,-10.285,387.165,-0.94382,-10.230,387.166,-0.94688,2
9232,354204,10,3,3,0,0,0,1,5,0,0,408.021,-147.242,-0.94679,-0.000,423.240,141.080,422.203,430.502,143.155,429.465,1064.325,-10.285,387.165,-0.94366,-10.230,387.166,-0.94694,2
9232,354214,10,3,3,0,0,0,1,5,0,0,408.021,-147.242,-0.94664,-0.000,423.240,141.080,422.203,430.502,143.155,429.465,1064.325,-10.285,387.165,-0.94352,-10.229,387.166,-0.94679,2
9246,354224,10,3,3,0,0,0,1,5,0,0,408.021,-147.242,-0.94664,-0.000,423.240,141.080,422.203,430.502,143.155,429.465,1064.325,-10.285,387.165,-0.94352,-10.229,387.166,-0.94664,2
9261,354234,10,3,3,0,0,0,1,5,0,0,408.021,-147.242,-0.94631,-0.000,423.240,141.080,422.203,430.502,143.155,429.465,1064.325,-10.284,387.165,-0.94319,-10.229,387.166,-0.94664,2
9277,354244,10,3,3,0,0,0,1,5,0,0,408.021,-147.242,-0.94634,-0.000,423.240,141.080,422.203,430.502,143.155,429.465,1064.325,-10.284,387.165,-0.94322,-10.229,387.166,-0.94631,2
9277,354254,10,3,3,0,0,0,1,5,0,0,408.021,-147.242,-0.94602,-0.000,423.240,141.080,422.203,430.502,143.155,429.465,1064.325,-10.284,387.166,-0.94290,-10.229,387.166,-0.94634,2
9292,354264,10,3,3,0,0,0,1,5,0,0,408.021,-147.242,-0.94602,-0.000,423.240,141.080,422.203,430.502,143.155,429.465,1064.325,-10.284,387.166,-0.94290,-10.229,387.166,-0.94602,2
9292,354274,10,3,3,0,0,0,1,5,0,0,408.021,-147.242,-0.94635,-0.000,423.240,141.080,422.203,430.502,143.155,429.465,1064.325,-10.284,387.165,-0.94323,-10.229,387.166,-0.94602,2
9308,354284,10,3,3,0,0,0,1,5,0,0,408.021,-147.242,-0.94635,-0.000,423.240,141.080,422.203,430.502,143.155,429.465,1064.325,-10.284,387.165,-0.94323,-10.229,387.166,-0.94635,2
9324,354294,10,3,3,0,0,0,1,5,0,0,408.021,-147.242,-0.94599,-0.000,423.240,141.080,422.203,430.502,143.155,429.465,1064.325,-10.284,387.166,-0.94287,-10.229,387.166,-0.94635,2
9324,354304,10,3,3,0,0,0,1,5,0,0,408.021,-147.242,-0.94601,-0.000,423.240,141.080,422.203,430.502,143.155,429.465,1064.325,-10.284,387.166,-0.94289,-10.228,387.166,-0.94599,2
9339,354314,10,3,3,0,0,0,1,5,0,0,408.021,-147.242,-0.94617,-0.000,423.240,141.080,422.203,430.502,143.155,429.465,1064.325,-10.284,387.166,-0.94305,-10.228,387.166,-0.94601,2
9355,354324,10,3,3,0,0,0,1,5,0,0,408.021,-147.242,-0.94649,-0.000,423.240,141.080,422.203,430.502,143.155,429.465,1064.325,-10.285,387.165,-0.94337,-10.229,387.166,-0.94617,2
9355,354334,10,3,3,0,0,0,1,5,0,0,408.021,-147.242,-0.94655,-0.000,423.240,141.080,422.203,430.502,143.155,429.465,1064.325,-10.285,387.165,-0.94343,-10.229,387.166,-0.94649,2
9371,354344,10,3,3,0,0,0,1,5,0,0,408.021,-147.242,-0.94647,-0.000,423.240,141.080,422.203,430.502,143.155,429.465,1064.325,-10.285,387.165,-0.94335,-10.229,387.166,-0.94655,2
9386,354354,10,3,3,0,0,0,1,5,0,0,408.021,-147.242,-0.94650,-0.000,423.240,141.080,422.203,430.502,143.155,429.465,1064.325,-10.285,387.165,-0.94338,-10.229,387.166,-0.94647,2
9386,354364,10,3,3,0,0,0,1,5,0,0,408.021,-147.242,-0.94655,-0.000,423.240,141.080,422.203,430.502,143.155,429.465,1064.325,-10.285,387.165,-0.94343,-10.229,387.166,-0.94650,2
9401,354374,10,3,3,0,0,0,1,5,0,0,408.021,-147.242,-0.94651,-0.000,423.240,141.080,422.203,430.502,143.155,429.465,1064.325,-10.285,387.165,-0.94339,-10.229,387.166,-0.94655,2
9401,354384,10,3,3,0,0,0,1,5,0,0,408.021,-147.242,-0.94642,-0.000,423.240,141.080,422.203,430.502,143.155,429.465,1064.325,-10.285,387.165,-0.94330,-10.229,387.166,-0.94651,2
9416,354394,10,3,3,0,0,0,1,5,0,0,408.021,-147.242,-0.94643,-0.000,423.240,141.080,422.203,430.502,143.155,429.465,1064.325,-10.285,387.165,-0.94331,-10.229,387.166,-0.94642,2
9432,354404,10,3,3,0,0,0,1,5,0,0,408.021,-147.242,-0.94648,-0.000,423.240,141.080,422.203,430.502,143.155,429.465,1064.325,-10.285,387.165,-0.94336,-10.229,387.166,-0.94643,2
9432,354414,10,3,3,0,0,0,1,5,0,0,408.021,-147.242,-0.94653,-0.000,423.240,141.080,422.203,430.502,143.155,429.465,1064.325,-10.285,387.165,-0.94341,-10.229,387.166,-0.94648,2
9447,354424,10,3,3,0,0,0,1,5,0,0,408.021,-147.242,-0.94677,-0.000,423.240,141.080,422.203,430.502,143.155,429.465,1064.325,-10.285,387.165,-0.94365,-10.229,387.166,-0.94653,2
9462,354434,10,3,3,0,0,0,1,5,0,0,408.021,-147.242,-0.94678,-0.000,423.240,141.080,422.203,430.502,143.155,429.465,1064.325,-10.285,387.165,-0.94366,-10.229,387.166,-0.94677,2
9462,354444,10,3,3,0,0,0,1,5,0,0,408.021,-147.242,-0.94674,-0.000,423.240,141.080,422.203,430.502,143.155,429.465,1064.325,-10.285,387.165,-0.94362,-10.229,387.166,-0.94678,2
9478,354454,10,3,3,0,0,0,1,5,0,0,408.021,-147.242,-0.94684,-0.000,423.240,141.080,422.203,430.502,143.155,429.465,1064.325,-10.285,387.165,-0.94372,-10.229,387.166,-0.94674,2
9494,354464,10,3,3,0,0,0,1,5,0,0,408.021,-147.242,-0.94688,-0.000,423.240,141.080,422.203,430.502,143.155,429.465,1064.325,-10.285,387.165,-0.94375,-10.230,387.166,-0.94684,2
9494,354474,10,3,3,0,0,0,1,5,0,0,408.021,-147.242,-0.94677,-0.000,423.240,141.080,422.203,430.502,143.155,429.465,1064.325,-10.285,387.165,-0.94365,-10.230,387.166,-0.94687,2
9509,354484,10,3,3,0,0,0,1,5,0,0,408.021,-147.242,-0.94651,-0.000,423.240,141.080,422.203,430.502,143.155,429.465,1064.325,-10.285,387.165,-0.94339,-10.229,387.166,-0.94677,2
9524,354494,10,3,3,0,0,0,1,5,0,0,408.021,-147.242,-0.94628,-0.000,423.240,141.080,422.203,430.502,143.155,429.465,1064.325,-10.284,387.166,-0.94316,-10.229,387.166,-0.94651,2
9524,354504,10,3,3,0,0,0,1,5,0,0,408.021,-147.242,-0.94597,-0.000,423.240,141.080,422.203,430.502,143.155,429.465,1064.325,-10.284,387.166,-0.94285,-10.229,387.166,-0.94628,2
9539,354514,10,3,3,0,0,0,1,5,0,0,408.021,-147.242,-0.94567,-0.000,423.240,141.080,422.203,430.502,143.155,429.465,1064.325,-10.284,387.166,-0.94255,-10.228,387.166,-0.94597,2
9555,354524,10,3,3,0,0,0,1,5,0,0,408.021,-147.242,-0.94570,-0.000,423.240,141.080,422.203,430.502,143.155,429.465,1064.325,-10.284,387.166,-0.94258,-10.228,387.166,-0.94567,2
9555,354534,10,3,3,0,0,0,1,5,0,0,408.021,-147.242,-0.94596,-0.000,423.240,141.080,422.203,430.502,143.155,429.465,1064.325,-10.284,387.166,-0.94284,-10.228,387.166,-0.94570,2
9570,354544,10,3,3,0,0,0,1,5,0,0,408.021,-147.242,-0.94651,-0.000,423.240,141.080,422.203,430.502,143.155,429.465,1064.325,-10.285,387.165,-0.94339,-10.228,387.166,-0.94596,2
9585,354554,10,3,3,0,0,0,1,5,0,0,408.021,-147.242,-0.94680,-0.000,423.240,141.080,422.203,430.502,143.155,429.465,1064.325,-10.285,387.165,-0.94368,-10.229,387.166,-0.94651,2
9585,354564,10,3,3,0,0,0,1,5,0,0,408.021,-147.242,-0.94729,-0.275,423.240,141.080,422.203,430.502,143.155,429.465,1064.325,-10.286,387.165,-0.94417,-10.229,387.166,-0.94680,2
9600,354574,10,3,3,0,0,0,1,5,0,0,408.021,-147.242,-0.94645,-0.000,423.240,141.080,422.203,430.502,143.155,429.465,1064.325,-10.285,387.165,-0.94333,-10.230,387.166,-0.94729,2
9616,354584,10,3,3,0,0,0,1,5,0,0,408.021,-147.242,-0.94640,-0.000,423.240,141.080,422.203,430.502,143.155,429.465,1064.325,-10.285,387.165,-0.94328,-10.229,387.166,-0.94645,2
9616,354594,10,3,3,0,0,0,1,5,0,0,408.021,-147.242,-0.94688,-0.000,423.240,141.080,422.203,430.502,143.155,429.465,1064.325,-10.285,387.165,-0.94376,-10.229,387.166,-0.94640,2
9632,354604,10,3,3,0,0,0,1,5,0,0,408.021,-147.242,-0.94609,-0.000,423.240,141.080,422.203,430.502,143.155,429.465,1064.325,-10.284,387.166,-0.94297,-10.230,387.166,-0.94688,2
9632,354614,10,3,3,0,0,0,1,5,0,0,408.021,-147.242,-0.94644,-0.000,423.240,141.080,422.203,430.502,143.155,429.465,1064.325,-10.285,387.165,-0.94332,-10.229,387.166,-0.94609,2
9647,354624,10,3,3,0,0,0,1,5,0,0,408.021,-147.242,-0.94685,-0.000,423.240,141.080,422.203,430.502,143.155,429.465,1064.325,-10.285,387.165,-0.94373,-10.229,387.166,-0.94644,2
9663,354634,10,3,3,0,0,0,1,5,0,0,408.021,-147.242,-0.94731,-0.000,423.240,141.080,422.203,430.502,143.155,429.465,1064.325,-10.286,387.165,-0.94419,-10.230,387.166,-0.94685,2
9663,354644,10,3,3,0,0,0,1,5,0,0,408.021,-147.242,-0.94740,-0.000,423.240,141.080,422.203,430.502,143.155,429.465,1064.325,-10.286,387.165,-0.94428,-10.230,387.166,-0.94731,2
9679,354654,10,3,3,0,0,0,1,5,0,0,408.021,-147.242,-0.94739,-0.000,423.240,141.080,422.203,430.502,143.155,429.465,1064.325,-10.286,387.165,-0.94427,-10.230,387.166,-0.94740,2
9694,354664,10,3,3,0,0,0,1,5,0,0,408.021,-147.242,-0.94708,-0.000,423.240,141.080,422.203,430.502,143.155,429.465,1064.325,-10.285,387.165,-0.94396,-10.230,387.166,-0.94739,2
9694,354674,10,3,3,0,0,0,1,5,0,0,408.021,-147.242,-0.94570,-0.000,423.240,141.080,422.203,430.502,143.155,429.465,1064.325,-10.284,387.166,-0.94258,-10.230,387.166,-0.94708,2
9709,354684,10,3,3,0,0,0,1,5,0,0,408.021,-147.242,-0.94484,-0.000,423.240,141.080,422.203,430.502,143.155,429.465,1064.325,-10.283,387.166,-0.94172,-10.228,387.167,-0.94570,2
9725,354694,10,3,3,0,0,0,1,5,0,0,408.021,-147.242,-0.94478,-0.000,423.240,141.080,422.203,430.502,143.155,429.465,1064.325,-10.283,387.166,-0.94166,-10.227,387.167,-0.94484,2
9725,354704,10,3,3,0,0,0,1,5,0,0,408.021,-147.242,-0.94411,-0.000,423.240,141.080,422.203,430.502,143.155,429.465,1064.325,-10.282,387.166,-0.94099,-10.227,387.167,-0.94478,2
9741,354714,10,3,3,0,0,0,1,5,0,0,408.021,-147.242,-0.94385,-0.000,423.240,141.080,422.203,430.502,143.155,429.465,1064.325,-10.281,387.166,-0.94073,-10.226,387.167,-0.94411,2
9757,354724,10,3,3,0,0,0,1,5,0,0,408.021,-147.242,-0.94459,-0.000,423.240,141.080,422.203,430.502,143.155,429.465,1064.325,-10.282,387.166,-0.94147,-10.226,387.167,-0.94385,2
9757,354734,10,3,3,0,0,0,1,5,0,0,408.021,-147.242,-0.94595,-0.000,423.240,141.080,422.203,430.502,143.155,429.465,1064.325,-10.284,387.166,-0.94283,-10.227,387.167,-0.94459,2
9772,354744,10,3,3,0,0,0,1,5,0,0,408.021,-147.242,-0.94632,-0.000,423.240,141.080,422.203,430.502,143.155,429.465,1064.325,-10.284,387.165,-0.94320,-10.228,387.166,-0.94595,2
9772,354754,10,3,3,0,0,0,1,5,0,0,408.021,-147.242,-0.94193,0.610,423.240,141.080,422.203,430.502,143.155,429.465,1064.325,-10.279,387.167,-0.93881,-10.229,387.166,-0.94632,2
9788,354764,10,3,3,0,0,0,1,5,0,0,408.021,-147.242,-0.93714,0.427,423.240,141.080,422.203,430.502,143.155,429.465,1064.325,-10.273,387.169,-0.93401,-10.224,387.168,-0.94193,2
9803,354774,10,3,3,0,0,0,1,5,0,0,407.982,-147.242,-0.93286,0.397,423.240,141.080,422.203,430.502,143.155,429.465,1064.325,-10.267,387.131,-0.92974,-10.218,387.170,-0.93713,2
9803,354784,10,3,3,0,0,0,1,5,0,0,407.982,-147.242,-0.93307,-0.000,423.240,141.080,422.203,430.502,143.155,429.465,1064.325,-10.268,387.130,-0.92995,-10.212,387.131,-0.93286,2
9819,354794,10,3,3,0,0,0,1,5,0,0,407.982,-147.242,-0.93281,-0.000,423.240,141.080,422.203,430.502,143.155,429.465,1064.325,-10.267,387.131,-0.92969,-10.212,387.131,-0.93307,2
9834,354804,10,3,3,0,0,0,1,5,0,0,407.982,-147.242,-0.93292,-0.000,423.240,141.080,422.203,430.502,143.155,429.465,1064.325,-10.268,387.131,-0.92980,-10.212,387.131,-0.93281,2
9834,354814,10,3,3,0,0,0,1,5,0,0,407.982,-147.242,-0.93178,-0.000,423.240,141.080,422.203,430.502,143.155,429.465,1064.325,-10.266,387.131,-0.92866,-10.212,387.131,-0.93292,2
9850,354824,10,3,3,0,0,0,1,5,0,0,407.982,-147.242,-0.92782,0.336,423.240,141.080,422.203,430.502,143.155,429.465,1064.325,-10.261,387.132,-0.92470,-10.211,387.132,-0.93178,2
9866,354834,10,3,3,0,0,0,1,5,0,0,407.982,-147.242,-0.92247,0.488,423.240,141.080,422.203,430.502,143.155,429.465,1064.325,-10.255,387.134,-0.91935,-10.206,387.133,-0.92782,2
9866,354844,10,3,3,0,0,0,1,5,0,0,407.982,-147.242,-0.91987,-0.000,423.240,141.080,422.203,430.502,143.155,429.465,1064.325,-10.252,387.135,-0.91675,-10.199,387.135,-0.92247,2
9881,354854,10,3,3,0,0,0,1,5,0,0,407.982,-147.242,-0.91962,-0.000,423.240,141.080,422.203,430.502,143.155,429.465,1064.325,-10.251,387.135,-0.91650,-10.196,387.136,-0.91987,2
9897,354864,10,3,3,0,0,0,1,5,0,0,407.982,-147.242,-0.92218,-0.244,423.240,141.080,422.203,430.502,143.155,429.465,1064.325,-10.254,387.135,-0.91906,-10.196,387.136,-0.91962,2
9897,354874,10,3,3,0,0,0,1,5,0,0,407.982,-147.242,-0.92459,-0.000,423.240,141.080,422.203,430.502,143.155,429.465,1064.325,-10.257,387.134,-0.92147,-10.199,387.135,-0.92218,2
9913,354884,10,3,3,0,0,0,1,5,0,0,407.982,-147.242,-0.92586,-0.000,423.240,141.080,422.203,430.502,143.155,429.465,1064.325,-10.259,387.133,-0.92274,-10.202,387.134,-0.92459,2
9913,354894,10,3,3,0,0,0,1,5,0,0,407.982,-147.242,-0.92783,-0.000,423.240,141.080,422.203,430.502,143.155,429.465,1064.325,-10.261,387.132,-0.92471,-10.203,387.134,-0.92586,2
9928,354904,10,3,3,0,0,0,1,5,0,0,407.982,-147.242,-0.93136,-0.305,423.240,141.080,422.203,430.502,143.155,429.465,1064.325,-10.266,387.131,-0.92824,-10.206,387.133,-0.92783,2
9944,354914,10,3,3,0,0,0,1,5,0,0,407.982,-147.242,-0.93694,-0.366,423.240,141.080,422.203,430.502,143.155,429.465,1064.325,-10.272,387.129,-0.93382,-10.210,387.132,-0.93136,2
9944,354924,10,3,3,0,0,0,1,5,0,0,407.982,-147.242,-0.94043,-0.244,423.240,141.080,422.203,430.502,143.155,429.465,1064.325,-10.277,387.128,-0.93731,-10.217,387.130,-0.93694,2
9959,354934,10,3,3,0,0,0,1,5,0,0,407.982,-147.242,-0.93954,-0.000,423.240,141.080,422.203,430.502,143.155,429.465,1064.325,-10.276,387.128,-0.93642,-10.221,387.129,-0.94043,2
9974,354944,10,3,3,0,0,0,1,5,0,0,407.982,-147.242,-0.93824,-0.000,423.240,141.080,422.203,430.502,143.155,429.465,1064.325,-10.274,387.129,-0.93512,-10.220,387.129,-0.93954,2
9974,354954,10,3,3,0,0,0,1,5,0,0,407.982,-147.242,-0.93643,-0.000,423.240,141.080,422.203,430.502,143.155,429.465,1064.325,-10.272,387.129,-0.93331,-10.218,387.129,-0.93824,2
9990,354964,10,3,3,0,0,0,1,5,0,0,407.982,-147.242,-0.93403,-0.000,423.240,141.080,422.203,430.502,143.155,429.465,1064.325,-10.269,387.130,-0.93091,-10.216,387.130,-0.93643,2
10005,354974,10,3,3,0,0,0,1,5,0,0,407.982,-147.242,-0.93165,-0.000,423.240,141.080,422.203,430.502,143.155,429.465,1064.325,-10.266,387.131,-0.92853,-10.213,387.131,-0.93403,2
10005,354984,10,3,3,0,0,0,1,5,0,0,407.942,-147.242,-0.92647,0.580,423.240,141.080,422.203,430.502,143.155,429.465,1064.325,-10.259,387.093,-0.92335,-10.210,387.132,-0.93165,2
10021,354994,10,3,3,0,0,0,1,5,0,0,407.942,-147.242,-0.91769,1.129,423.240,141.080,422.203,430.502,143.155,429.465,1064.325,-10.248,387.096,-0.91457,-10.203,387.094,-0.92647,2
10036,355004,10,3,3,0,0,0,1,5,0,0,407.942,-147.242,-0.91007,0.671,423.240,141.080,422.203,430.502,143.155,429.465,1064.325,-10.239,387.099,-0.90695,-10.193,387.097,-0.91769,2
10036,355014,10,3,3,0,0,0,1,5,0,0,407.942,-147.242,-0.90528,0.610,423.240,141.080,422.203,430.502,143.155,429.465,1064.325,-10.233,387.101,-0.90216,-10.184,387.100,-0.91007,2
10052,355024,10,3,3,0,0,0,1,5,0,0,407.942,-147.242,-0.90551,-0.000,423.240,141.080,422.203,430.502,143.155,429.465,1064.325,-10.234,387.101,-0.90239,-10.178,387.102,-0.90528,2
10052,355034,10,3,3,0,0,0,1,5,0,0,407.942,-147.242,-0.90523,-0.000,423.240,141.080,422.203,430.502,143.155,429.465,1064.325,-10.233,387.101,-0.90211,-10.178,387.102,-0.90551,2
10068,355044,10,3,3,0,0,0,1,5,0,0,407.942,-147.242,-0.90427,-0.000,423.240,141.080,422.203,430.502,143.155,429.465,1064.325,-10.232,387.101,-0.90115,-10.178,387.102,-0.90523,2
10083,355054,10,3,3,0,0,0,1,5,0,0,407.942,-147.242,-0.90071,0.427,423.240,141.080,422.203,430.502,143.155,429.465,1064.325,-10.228,387.103,-0.89759,-10.176,387.102,-0.90427,2
10083,355064,10,3,3,0,0,0,1,5,0,0,407.942,-147.242,-0.89877,-0.000,423.240,141.080,422.203,430.502,143.155,429.465,1064.325,-10.225,387.103,-0.89565,-10.172,387.103,-0.90071,2
10099,355074,10,3,3,0,0,0,1,5,0,0,407.866,-147.242,-0.89736,-0.000,423.240,141.080,422.203,430.502,143.155,429.465,1064.325,-10.222,387.028,-0.89424,-10.170,387.104,-0.89877,2
10114,355084,10,3,3,0,0,0,1,5,0,0,407.786,-147.242,-0.90184,-0.488,423.240,141.080,422.203,430.502,143.155,429.465,1064.325,-10.227,386.947,-0.89872,-10.167,387.029,-0.89736,2
10114,355094,10,3,3,0,0,0,1,5,0,0,407.711,-147.242,-0.90553,-0.427,423.240,141.080,422.203,430.502,143.155,429.465,1064.325,-10.230,386.870,-0.90241,-10.171,386.948,-0.90184,2
10130,355104,10,3,3,0,0,0,1,5,0,0,407.631,-147.242,-0.90513,-0.000,423.240,141.080,422.203,430.502,143.155,429.465,1064.325,-10.228,386.791,-0.90201,-10.174,386.871,-0.90553,2
10146,355114,10,3,3,0,0,0,1,5,0,0,407.552,-147.242,-0.89829,0.549,423.240,141.080,422.203,430.502,143.155,429.465,1064.325,-10.219,386.713,-0.89517,-10.173,386.791,-0.90513,2
10146,355124,10,3,3,0,0,0,1,5,0,0,407.476,-147.242,-0.89107,0.580,423.240,141.080,422.203,430.502,143.155,429.465,1064.325,-10.209,386.641,-0.88795,-10.163,386.714,-0.89829,2
10161,355134,10,3,3,0,0,0,1,5,0,0,407.321,-147.242,-0.88731,0.275,423.240,141.080,422.203,430.502,143.155,429.465,1064.325,-10.202,386.487,-0.88419,-10.153,386.641,-0.89107,2
10177,355144,10,3,3,0,0,0,1,5,0,0,407.126,-147.242,-0.88634,-0.000,423.240,141.080,422.203,430.502,143.155,429.465,1064.325,-10.198,386.292,-0.88322,-10.146,386.488,-0.88731,2
10177,355154,10,3,3,0,0,0,1,5,0,0,407.006,-147.162,-0.88130,0.366,423.240,141.080,422.203,430.502,143.155,429.465,1064.325,-10.110,386.176,-0.87818,-10.142,386.293,-0.88634,2
10192,355164,10,3,3,0,0,0,1,5,0,0,406.851,-147.242,-0.87388,0.580,423.240,141.080,422.203,430.502,143.155,429.465,1064.325,-10.178,386.022,-0.87076,-10.054,386.176,-0.88130,2
10192,355174,10,3,3,0,0,0,1,5,0,0,406.696,-147.242,-0.86823,0.458,423.240,141.080,422.203,430.502,143.155,429.465,1064.325,-10.169,385.869,-0.86511,-10.123,386.023,-0.87388,2
10209,355184,10,3,3,0,0,0,1,5,0,0,406.461,-147.242,-0.86284,0.458,423.240,141.080,422.203,430.502,143.155,429.465,1064.325,-10.159,385.636,-0.85972,-10.113,385.870,-0.86823,2
10225,355194,10,3,3,0,0,0,1,5,0,0,406.191,-147.162,-0.85991,-0.000,423.240,141.080,422.203,430.502,143.155,429.465,1064.325,-10.071,385.368,-0.85679,-10.103,385.637,-0.86284,2
10225,355204,10,3,3,0,0,0,1,5,0,0,405.995,-147.242,-0.85892,-0.000,423.240,141.080,422.203,430.502,143.155,429.465,1064.325,-10.147,385.172,-0.85580,-10.016,385.369,-0.85991,2
10241,355214,10,3,3,0,0,0,1,5,0,0,405.685,-147.242,-0.85881,-0.305,423.240,141.080,422.203,430.502,143.155,429.465,1064.325,-10.142,384.862,-0.85569,-10.091,385.173,-0.85892,2
10255,355224,10,3,3,0,0,0,1,5,0,0,405.370,-147.242,-0.86237,-0.610,423.240,141.080,422.203,430.502,143.155,429.465,1064.325,-10.142,384.546,-0.85925,-10.087,384.863,-0.85881,2
10255,355234,10,3,3,0,0,0,1,5,0,0,405.060,-147.242,-0.86782,-0.793,423.240,141.080,422.203,430.502,143.155,429.465,1064.325,-10.144,384.233,-0.86470,-10.086,384.546,-0.86237,2
10271,355244,10,3,3,0,0,0,1,5,0,0,404.785,-147.162,-0.87402,-0.824,423.240,141.080,422.203,430.502,143.155,429.465,1064.325,-10.068,383.958,-0.87090,-10.088,384.234,-0.86782,2
10287,355254,10,3,3,0,0,0,1,5,0,0,404.360,-147.242,-0.88000,-0.610,423.240,141.080,422.203,429.983,143.155,429.465,1064.844,-10.148,383.529,-0.87688,-10.012,383.958,-0.87402,2
10287,355264,10,3,3,0,0,0,1,5,0,0,404.009,-147.162,-0.88695,-0.336,423.240,141.080,422.203,429.983,143.155,429.465,1064.844,-10.071,383.177,-0.88383,-10.092,383.529,-0.88000,2
10302,355274,10,3,3,0,0,0,1,5,0,0,403.695,-147.162,-0.89193,-0.244,423.240,141.080,422.203,429.465,143.155,428.946,1065.362,-10.073,382.861,-0.88881,-10.016,383.178,-0.88695,2
10302,355284,10,3,3,0,0,0,1,5,0,0,403.384,-147.242,-0.89442,-0.000,423.240,141.080,422.203,428.946,143.155,428.946,1065.881,-10.151,382.548,-0.89130,-10.017,382.861,-0.89193,2
10317,355294,10,3,3,0,0,0,1,5,0,0,403.034,-147.162,-0.89295,0.580,423.240,141.080,421.684,428.946,143.155,428.427,1065.881,-10.064,382.200,-0.88983,-10.095,382.549,-0.89442,2
10332,355304,10,3,3,0,0,0,1,5,0,0,402.644,-147.162,-0.88686,0.977,423.240,141.080,421.684,428.427,143.155,427.908,1066.400,-10.050,381.812,-0.88374,-10.008,382.200,-0.89295,2
10332,355314,10,3,3,0,0,0,1,5,0,0,402.334,-147.162,-0.87402,1.740,423.240,141.080,421.684,427.908,143.155,427.908,1066.918,-10.030,381.506,-0.87090,-9.994,381.813,-0.88686,2
10348,355324,10,3,3,0,0,0,1,5,0,0,401.984,-147.162,-0.85269,2.197,422.722,141.080,421.166,427.390,143.155,427.390,1067.437,-9.999,381.164,-0.84957,-9.974,381.507,-0.87402,2
10363,355334,10,3,3,0,0,0,1,5,0,0,401.709,-147.162,-0.83854,1.282,422.722,141.080,420.647,427.390,143.155,427.390,1067.437,-9.977,380.894,-0.83542,-9.943,381.165,-0.85269,2
10363,355344,10,3,3,0,0,0,1,5,0,0,401.358,-147.162,-0.83623,0.275,422.722,141.080,420.647,427.390,143.155,426.871,1067.437,-9.969,380.545,-0.83311,-9.921,380.895,-0.83854,2
10379,355354,10,3,3,0,0,0,1,5,0,0,401.008,-147.242,-0.83434,0.519,422.722,141.080,420.128,426.871,143.155,426.352,1067.956,-10.042,380.194,-0.83122,-9.913,380.546,-0.83623,2
10395,355364,10,3,3,0,0,0,1,5,0,0,400.773,-147.162,-0.82059,1.862,422.722,141.080,420.128,426.352,143.155,426.352,1068.475,-9.942,379.966,-0.81747,-9.986,380.195,-0.83434,2
10395,355374,10,3,3,0,0,0,1,5,0,0,400.538,-147.242,-0.80137,2.289,422.203,141.080,420.128,426.352,143.155,425.834,1068.475,-9.995,379.737,-0.79825,-9.886,379.966,-0.82059,2
10411,355384,10,3,3,0,0,0,1,5,0,0,400.308,-147.242,-0.78314,1.953,422.203,141.080,419.610,426.352,143.155,425.315,1068.475,-9.970,379.513,-0.78002,-9.939,379.737,-0.80137,2
10426,355394,10,3,3,0,0,0,1,5,0,0,400.073,-147.202,-0.76672,1.343,421.684,141.080,419.610,425.834,143.155,425.315,1068.993,-9.907,379.284,-0.76359,-9.914,379.514,-0.78314,2
10426,355404,10,3,3,0,0,0,1,5,0,0,399.762,-147.202,-0.75735,0.580,421.684,141.080,419.091,425.315,143.155,425.315,1069.512,-9.891,378.977,-0.75423,-9.851,379.285,-0.76671,2
10442,355414,10,3,3,0,0,0,1,5,0,0,399.448,-147.202,-0.75193,0.397,421.166,141.080,419.091,425.315,143.155,424.796,1069.512,-9.880,378.665,-0.74880,-9.835,378.978,-0.75735,2
10442,355424,10,3,3,0,0,0,1,5,0,0,399.137,-147.202,-0.74289,1.221,421.166,141.080,419.091,424.796,143.155,424.278,1070.031,-9.865,378.358,-0.73977,-9.824,378.666,-0.75192,2
10458,355434,10,3,3,0,0,0,1,5,0,0,398.863,-147.202,-0.72814,1.465,421.166,141.080,418.572,424.278,143.155,423.759,1070.549,-9.844,378.088,-0.72501,-9.809,378.359,-0.74289,2
10473,355444,10,3,3,0,0,0,1,5,0,0,398.477,-147.202,-0.71292,1.221,420.647,141.080,418.054,423.759,143.155,423.759,1071.068,-9.820,377.708,-0.70980,-9.788,378.089,-0.72813,2
10473,355454,10,3,3,0,0,0,1,5,0,0,398.007,-147.202,-0.70738,-0.000,420.128,141.080,417.535,423.759,143.155,423.240,1071.068,-9.808,377.240,-0.70426,-9.764,377.709,-0.71292,2
10488,355464,10,3,3,0,0,0,1,5,0,0,397.617,-147.202,-0.70997,-0.336,419.610,141.080,417.535,423.240,143.155,422.722,1071.587,-9.806,376.849,-0.70685,-9.752,377.241,-0.70738,2
10503,355474,10,3,3,0,0,0,1,5,0,0,397.111,-147.202,-0.70646,0.427,419.091,141.080,417.016,422.722,143.155,422.203,1072.105,-9.796,376.345,-0.70334,-9.750,376.850,-0.70997,2
10503,355484,10,3,3,0,0,0,1,5,0,0,396.411,-147.202,-0.69993,0.275,418.572,141.080,416.498,422.203,143.155,421.684,1072.624,-9.779,375.647,-0.69681,-9.740,376.346,-0.70646,2
10519,355494,10,3,3,0,0,0,1,5,0,0,395.671,-147.202,-0.69153,0.916,418.054,141.080,415.460,421.166,143.155,421.166,1073.661,-9.760,374.910,-0.68840,-9.723,375.648,-0.69993,2
10534,355504,10,3,3,0,0,0,1,5,0,0,395.086,-147.202,-0.67890,1.007,417.535,141.080,414.942,420.647,143.155,420.647,1074.180,-9.738,374.329,-0.67578,-9.704,374.911,-0.69153,2
10534,355514,10,3,3,0,0,0,1,5,0,0,394.345,-147.202,-0.66662,1.190,416.498,141.080,414.423,420.128,143.155,419.610,1074.699,-9.714,373.594,-0.66350,-9.681,374.330,-0.67890,2
10551,355524,10,3,3,0,0,0,1,5,0,0,393.680,-147.202,-0.65974,0.488,415.979,141.080,413.904,419.091,143.155,419.091,1075.736,-9.698,372.931,-0.65662,-9.658,373.595,-0.66662,2
10567,355534,10,3,3,0,0,0,1,5,0,0,392.904,-147.202,-0.65766,0.671,415.460,141.080,412.867,418.572,143.155,418.572,1076.255,-9.687,372.156,-0.65454,-9.642,372.932,-0.65974,2
10567,355544,10,3,3,0,0,0,1,5,0,0,392.239,-147.202,-0.65912,-0.549,414.423,141.080,412.348,418.054,143.155,417.535,1076.773,-9.681,371.491,-0.65600,-9.630,372.157,-0.65766,2
10582,355554,10,3,3,0,0,0,1,5,0,0,390.994,-147.202,-0.66964,-0.885,413.904,141.080,411.829,417.016,143.155,417.016,1077.811,-9.679,370.241,-0.66652,-9.624,371.492,-0.65912,2
10582,355564,10,3,3,0,0,0,1,5,0,0,390.369,-147.202,-0.68618,-1.770,412.867,141.080,410.792,416.498,143.155,415.979,1078.329,-9.692,369.610,-0.68306,-9.623,370.242,-0.66964,2
10597,355574,10,3,3,0,0,0,1,5,0,0,389.668,-147.202,-0.70346,-1.648,412.348,141.080,410.273,415.979,142.809,415.460,1078.848,-9.705,368.904,-0.70034,-9.636,369.611,-0.68618,2
10612,355584,10,3,3,0,0,0,1,5,0,0,388.928,-147.202,-0.72370,-2.197,411.311,141.080,409.236,414.942,142.809,414.942,1079.885,-9.720,368.156,-0.72058,-9.648,368.904,-0.70346,2
10612,355594,10,3,3,0,0,0,1,5,0,0,387.957,-147.202,-0.74713,-2.533,410.273,141.080,408.199,414.423,142.636,413.904,1080.404,-9.736,367.177,-0.74400,-9.664,368.157,-0.72370,2
10628,355604,10,3,3,0,0,0,1,5,0,0,387.217,-147.202,-0.77111,-2.441,409.755,141.080,407.161,413.386,142.290,413.386,1081.441,-9.756,366.428,-0.76799,-9.680,367.178,-0.74713,2
10644,355614,10,3,3,0,0,0,1,5,0,0,386.357,-147.202,-0.79292,-2.075,408.717,141.080,406.643,412.348,141.945,412.348,1082.479,-9.771,365.560,-0.78980,-9.699,366.428,-0.77111,2
10644,355624,10,3,3,0,0,0,1,5,0,0,385.381,-147.202,-0.80638,-1.312,407.680,141.080,405.605,411.829,141.599,411.311,1082.997,-9.773,364.580,-0.80326,-9.714,365.561,-0.79292,2
10660,355634,10,3,3,0,0,0,1,5,0,0,384.566,-147.202,-0.81769,-1.129,406.643,141.080,404.568,410.792,141.253,410.792,1084.035,-9.776,363.760,-0.81457,-9.717,364.580,-0.80638,2
10674,355644,10,3,3,0,0,0,1,5,0,0,383.590,-147.202,-0.83031,-1.251,406.124,141.080,404.049,409.755,141.253,409.755,1085.072,-9.777,362.780,-0.82719,-9.719,363.761,-0.81769,2
10674,355654,10,3,3,0,0,0,1,5,0,0,382.655,-147.202,-0.84295,-1.221,405.087,141.080,403.012,408.717,140.907,408.717,1086.110,-9.779,361.840,-0.83983,-9.720,362.781,-0.83031,2
10691,355664,10,3,3,0,0,0,1,5,0,0,381.720,-147.202,-0.85268,-1.038,404.049,140.734,401.975,408.199,140.561,407.680,1086.628,-9.777,360.901,-0.84956,-9.722,361.841,-0.84295,2
10706,355674,10,3,3,0,0,0,1,5,0,0,380.669,-147.202,-0.86095,-0.610,403.012,140.734,400.937,407.161,140.216,407.161,1087.666,-9.771,359.848,-0.85783,-9.720,360.902,-0.85268,2
10706,355684,10,3,3,0,0,0,1,5,0,0,379.734,-147.202,-0.86799,-0.580,401.975,140.389,399.900,406.124,140.043,406.124,1088.703,-9.766,358.910,-0.86487,-9.714,359.849,-0.86095,2
10722,355694,10,3,3,0,0,0,1,5,0,0,378.878,-147.202,-0.87513,-0.488,401.456,140.043,398.863,405.087,139.697,405.087,1089.740,-9.761,358.052,-0.87201,-9.709,358.911,-0.86799,2
10722,355704,10,3,3,0,0,0,1,5,0,0,377.748,-147.202,-0.88673,-0.610,400.419,139.870,398.344,404.049,139.351,404.049,1090.778,-9.758,356.917,-0.88361,-9.704,358.053,-0.87513,2
10737,355714,10,3,3,0,0,0,1,5,0,0,376.732,-147.202,-0.89177,-0.397,399.381,139.524,397.307,403.531,139.005,403.012,1091.296,-9.749,355.900,-0.88865,-9.701,356.918,-0.88673,2
10752,355724,10,3,3,0,0,0,1,5,0,0,375.761,-147.202,-0.89899,-0.610,398.344,139.178,396.269,402.493,138.660,402.493,1092.334,-9.742,354.927,-0.89587,-9.691,355.901,-0.89177,2
10752,355734,10,3,3,0,0,0,1,5,0,0,374.862,-147.202,-0.90300,-0.000,397.307,138.833,395.232,401.456,138.314,401.456,1093.371,-9.733,354.025,-0.89988,-9.685,354.928,-0.89899,2
10768,355744,10,3,3,0,0,0,1,5,0,0,373.966,-147.202,-0.90531,-0.275,396.269,138.487,394.194,400.419,137.968,400.419,1094.408,-9.722,353.129,-0.90219,-9.676,354.026,-0.90300,2
10784,355754,10,3,3,0,0,0,1,5,0,0,372.915,-147.202,-0.90601,-0.000,395.232,138.141,393.676,399.381,137.622,399.381,1095.446,-9.706,352.078,-0.90289,-9.664,353.130,-0.90531,2
10784,355764,10,3,3,0,0,0,1,5,0,0,371.940,-147.202,-0.90923,-0.244,394.713,137.795,392.638,398.863,137.449,398.863,1095.964,-9.695,351.102,-0.90611,-9.649,352.079,-0.90601,2
10800,355774,10,3,3,0,0,0,1,5,0,0,371.005,-147.202,-0.91478,-0.366,393.676,137.449,391.601,397.825,137.104,397.825,1097.002,-9.687,350.165,-0.91166,-9.637,351.103,-0.90923,2
10815,355784,10,3,3,0,0,0,1,5,0,0,370.189,-147.202,-0.92048,-0.397,392.638,137.276,390.564,396.788,137.104,396.788,1098.039,-9.680,349.347,-0.91736,-9.629,350.166,-0.91478,2
10815,355794,10,3,3,0,0,0,1,5,0,0,369.254,-147.202,-0.92216,-0.000,391.601,136.931,389.526,395.751,136.758,395.751,1099.076,-9.667,348.411,-0.91904,-9.623,349.348,-0.92048,2
10831,355804,10,3,3,0,0,0,1,5,0,0,368.238,-147.202,-0.92073,0.397,391.082,136.585,389.008,395.232,136.412,394.713,1099.595,-9.649,347.397,-0.91761,-9.610,348.412,-0.92216,2
10847,355814,10,3,3,0,0,0,1,5,0,0,367.228,-147.202,-0.92020,0.427,390.045,136.239,387.970,394.194,136.066,394.194,1100.632,-9.633,346.386,-0.91708,-9.592,347.398,-0.92073,2
10847,355824,10,3,3,0,0,0,1,5,0,0,366.213,-147.202,-0.91469,0.397,389.008,135.893,386.933,393.157,135.720,393.157,1101.670,-9.610,345.373,-0.91157,-9.575,346.387,-0.92020,2
10863,355834,10,3,3,0,0,0,1,5,0,0,365.277,-147.202,-0.90863,0.397,387.970,135.548,385.896,392.120,135.375,391.601,1102.707,-9.588,344.440,-0.90551,-9.552,345.374,-0.91469,2
10863,355844,10,3,3,0,0,0,1,5,0,0,364.306,-147.202,-0.90831,-0.000,387.452,135.202,385.377,391.601,135.029,391.082,1103.226,-9.572,343.470,-0.90519,-9.530,344.441,-0.90863,2
10879,355854,10,3,3,0,0,0,1,5,0,0,363.486,-147.202,-0.91091,-0.275,386.414,134.856,383.821,390.564,134.856,390.045,1104.263,-9.562,342.649,-0.90779,-9.514,343.470,-0.90831,2
10894,355864,10,3,3,0,0,0,1,5,0,0,362.471,-147.202,-0.91346,-0.336,385.377,134.683,382.784,389.526,134.510,389.008,1105.301,-9.549,341.633,-0.91034,-9.504,342.649,-0.91091,2
10894,355874,10,3,3,0,0,0,1,5,0,0,361.500,-147.202,-0.91482,-0.000,384.340,134.337,381.746,388.489,134.164,387.970,1106.338,-9.535,340.661,-0.91170,-9.491,341.633,-0.91346,2
10909,355884,10,3,3,0,0,0,1,5,0,0,360.565,-147.202,-0.91471,-0.000,383.302,133.992,381.228,387.970,133.819,386.933,1106.857,-9.520,339.726,-0.91159,-9.477,340.662,-0.91482,2
10924,355894,10,3,3,0,0,0,1,5,0,0,359.629,-147.202,-0.91830,-0.366,382.784,133.646,380.190,386.933,133.473,386.414,1107.894,-9.510,338.789,-0.91518,-9.462,339.727,-0.91471,2
10924,355904,10,3,3,0,0,0,1,5,0,0,358.849,-147.202,-0.91732,-0.000,381.746,133.300,379.153,385.896,133.127,385.377,1108.931,-9.496,338.010,-0.91420,-9.451,338.790,-0.91830,2
10940,355914,10,3,3,0,0,0,1,5,0,0,357.993,-147.202,-0.91657,-0.244,380.709,132.954,378.115,384.858,132.781,384.340,1109.969,-9.481,337.154,-0.91345,-9.438,338.011,-0.91732,2
10956,355924,10,3,3,0,0,0,1,5,0,0,356.863,-147.202,-0.91788,-0.305,379.672,132.608,377.078,383.821,132.436,383.302,1111.006,-9.465,336.024,-0.91476,-9.423,337.155,-0.91657,2
10956,355934,10,3,3,0,0,0,1,5,0,0,355.848,-147.202,-0.91670,-0.000,378.634,132.263,376.559,382.784,132.263,382.265,1112.043,-9.447,335.009,-0.91358,-9.407,336.025,-0.91788,2
10972,355944,10,3,3,0,0,0,1,5,0,0,354.837,-147.202,-0.91674,-0.244,377.597,132.090,375.522,381.746,131.917,381.228,1113.081,-9.431,333.998,-0.91362,-9.389,335.010,-0.91670,2
10972,355954,10,3,3,0,0,0,1,5,0,0,353.942,-147.202,-0.91704,-0.000,376.559,131.744,374.485,380.709,131.571,380.190,1114.118,-9.417,333.103,-0.91392,-9.373,333.999,-0.91674,2
10988,355964,10,3,3,0,0,0,1,5,0,0,352.811,-147.202,-0.91537,-0.000,375.522,131.398,373.447,380.190,131.225,379.153,1114.637,-9.397,331.973,-0.91224,-9.359,333.104,-0.91704,2
11003,355974,10,3,3,0,0,0,1,5,0,0,351.756,-147.202,-0.91410,0.305,374.485,131.052,372.410,379.153,130.879,378.115,1115.674,-9.379,330.919,-0.91098,-9.339,331.974,-0.91537,2
11003,355984,10,3,3,0,0,0,1,5,0,0,350.630,-147.202,-0.91185,0.275,373.447,130.707,371.373,378.115,130.534,377.078,1116.711,-9.358,329.794,-0.90873,-9.320,330.920,-0.91410,2
11018,355994,10,3,3,0,0,0,1,5,0,0,349.730,-147.202,-0.91219,-0.000,372.410,130.361,370.335,376.559,130.188,376.041,1118.267,-9.345,328.894,-0.90907,-9.300,329.795,-0.91185,2
11034,356004,10,3,3,0,0,0,1,5,0,0,348.679,-147.202,-0.91211,-0.000,371.373,130.015,369.298,376.041,129.842,375.003,1118.786,-9.328,327.843,-0.90899,-9.286,328.895,-0.91219,2
11034,356014,10,3,3,0,0,0,1,5,0,0,347.744,-147.202,-0.91604,-0.488,370.335,129.669,368.261,375.003,129.669,373.966,1119.824,-9.318,326.907,-0.91292,-9.269,327.844,-0.91211,2
11050,356024,10,3,3,0,0,0,1,5,0,0,346.769,-147.202,-0.92475,-0.855,369.298,129.496,367.223,373.966,129.323,372.929,1120.861,-9.313,325.928,-0.92163,-9.259,326.907,-0.91604,2
11066,356034,10,3,3,0,0,0,1,5,0,0,345.798,-147.202,-0.93163,-0.641,368.261,129.151,366.186,372.929,128.978,371.891,1121.898,-9.305,324.955,-0.92851,-9.254,325.929,-0.92475,2
11066,356044,10,3,3,0,0,0,1,5,0,0,344.512,-147.202,-0.93492,-0.244,367.223,128.805,365.149,371.891,128.632,370.854,1122.936,-9.288,323.668,-0.93180,-9.246,324.956,-0.93163,2
11080,356054,10,3,3,0,0,0,1,5,0,0,343.382,-147.202,-0.93153,0.397,366.186,128.113,364.111,370.854,128.286,369.817,1123.973,-9.266,322.539,-0.92841,-9.229,323.669,-0.93492,2
11095,356064,10,3,3,0,0,0,1,5,0,0,342.367,-147.202,-0.92354,0.793,365.149,127.767,363.074,369.817,127.940,368.779,1125.010,-9.240,321.527,-0.92042,-9.207,322.540,-0.93153,2
11095,356074,10,3,3,0,0,0,1,5,0,0,341.201,-147.202,-0.91230,1.129,364.111,127.422,362.037,368.261,127.595,367.742,1126.566,-9.208,320.365,-0.90918,-9.181,321.528,-0.92354,2
11111,356084,10,3,3,0,0,0,1,5,0,0,340.146,-147.202,-0.89573,1.679,363.074,127.076,360.999,367.223,127.249,366.705,1127.604,-9.171,319.317,-0.89261,-9.148,320.366,-0.91230,2
11111,356094,10,3,3,0,0,0,1,5,0,0,339.015,-147.202,-0.87345,2.014,362.037,126.903,359.962,366.186,126.730,365.667,1128.641,-9.126,318.195,-0.87033,-9.112,319.318,-0.89573,2
11127,356104,10,3,3,0,0,0,1,5,0,0,337.849,-147.202,-0.85106,2.472,360.999,126.557,358.406,365.149,126.384,364.630,1129.678,-9.082,317.037,-0.84794,-9.067,318.195,-0.87345,2
11143,356114,10,3,3,0,0,0,1,5,0,0,336.719,-147.202,-0.82986,2.228,359.962,126.211,357.368,363.593,126.038,363.074,1131.234,-9.039,315.914,-0.82674,-9.022,317.038,-0.85106,2
11143,356124,10,3,3,0,0,0,1,5,0,0,335.704,-147.202,-0.81043,2.045,358.406,125.866,356.331,362.555,125.693,362.037,1132.272,-9.001,314.906,-0.80731,-8.980,315.915,-0.82986,2
11158,356134,10,3,3,0,0,0,1,5,0,0,334.888,-147.202,-0.79058,1.740,357.368,125.520,355.294,361.518,125.347,360.999,1133.309,-8.966,314.098,-0.78746,-8.942,314.907,-0.81043,2
11174,356144,10,3,3,0,0,0,1,5,0,0,333.678,-147.202,-0.77710,1.251,356.331,125.174,354.256,360.480,124.655,359.443,1134.346,-8.933,312.893,-0.77398,-8.906,314.099,-0.79058,2
11174,356154,10,3,3,0,0,0,1,5,0,0,332.512,-147.202,-0.77266,0.427,355.294,124.828,353.219,358.924,124.482,358.406,1135.903,-8.912,311.729,-0.76954,-8.873,312.894,-0.77710,2
11190,356164,10,3,3,0,0,0,1,5,0,0,331.341,-147.202,-0.76985,-0.000,354.256,124.310,352.182,357.887,124.137,357.368,1136.940,-8.893,310.559,-0.76673,-8.852,311.730,-0.77266,2
11206,356174,10,3,3,0,0,0,1,5,0,0,330.211,-147.202,-0.76805,-0.000,352.700,123.964,351.144,356.850,123.791,356.331,1137.977,-8.875,309.430,-0.76493,-8.833,310.560,-0.76985,2
11206,356184,10,3,3,0,0,0,1,5,0,0,328.965,-147.202,-0.76914,-0.000,351.663,123.618,349.588,355.294,123.445,354.775,1139.533,-8.860,308.184,-0.76602,-8.816,309.431,-0.76805,2
11222,356194,10,3,3,0,0,0,1,5,0,0,327.720,-147.202,-0.76960,-0.000,350.626,123.272,348.551,354.256,123.099,353.738,1140.571,-8.844,306.938,-0.76647,-8.800,308.185,-0.76914,2
11222,356204,10,3,3,0,0,0,1,5,0,0,326.469,-147.202,-0.76770,-0.000,349.070,122.926,346.995,353.219,122.408,352.700,1141.608,-8.825,305.689,-0.76458,-8.784,306.939,-0.76960,2
11237,356214,10,3,3,0,0,0,1,5,0,0,325.264,-147.202,-0.77145,-0.641,348.032,122.235,345.958,351.663,122.062,351.144,1143.164,-8.813,304.482,-0.76833,-8.765,305.690,-0.76770,2
11252,356224,10,3,3,0,0,0,1,5,0,0,323.938,-147.202,-0.78581,-1.434,346.476,121.889,344.920,350.626,121.889,350.107,1144.201,-8.813,303.151,-0.78269,-8.753,304.483,-0.77145,2
11252,356234,10,3,3,0,0,0,1,5,0,0,322.692,-147.202,-0.79978,-1.099,345.439,121.716,343.364,349.588,121.198,349.070,1145.239,-8.813,301.900,-0.79666,-8.753,303.152,-0.78581,2
11268,356244,10,3,3,0,0,0,1,5,0,0,321.447,-147.202,-0.81375,-1.556,344.401,121.025,342.327,348.032,120.852,347.514,1146.795,-8.812,300.650,-0.81063,-8.752,301.901,-0.79978,2
11284,356254,10,3,3,0,0,0,1,5,0,0,320.316,-147.202,-0.82976,-1.434,342.845,120.679,340.771,346.995,120.506,346.476,1147.832,-8.816,299.513,-0.82664,-8.752,300.650,-0.81375,2
11284,356264,10,3,3,0,0,0,1,5,0,0,319.066,-147.202,-0.84810,-1.923,341.808,119.987,339.733,345.958,120.160,345.439,1148.869,-8.820,298.257,-0.84498,-8.755,299.514,-0.82976,2
11300,356274,10,3,3,0,0,0,1,5,0,0,317.745,-147.202,-0.86581,-1.953,340.252,119.641,338.177,344.401,119.469,343.883,1150.425,-8.821,296.929,-0.86269,-8.759,298.257,-0.84810,2
11315,356284,10,3,3,0,0,0,1,5,0,0,316.420,-147.202,-0.88603,-2.106,338.696,119.296,337.140,343.364,119.296,342.845,1151.463,-8.826,295.596,-0.88291,-8.761,296.930,-0.86581,2
11315,356294,10,3,3,0,0,0,1,5,0,0,315.054,-147.202,-0.91060,-2.289,337.659,118.777,335.584,341.808,118.950,341.289,1153.019,-8.834,294.222,-0.90748,-8.765,295.597,-0.88603,2
11331,356304,10,3,3,0,0,0,1,5,0,0,313.693,-147.202,-0.93683,-2.655,336.103,118.431,334.028,340.771,118.604,340.252,1154.056,-8.844,292.852,-0.93371,-8.774,294.223,-0.91060,2
11346,356314,10,3,3,0,0,0,1,5,0,0,312.328,-147.202,-0.97626,-2.747,335.065,117.740,332.991,339.733,117.913,338.696,1155.094,-8.870,291.472,-0.97314,-8.784,292.853,-0.93683,2
11346,356324,10,3,3,0,0,0,1,5,0,0,310.927,-147.202,-1.01117,-3.662,333.509,117.394,331.435,338.177,117.567,337.659,1156.650,-8.888,290.058,-1.00805,-8.809,291.473,-0.97626,2
11362,356334,10,3,3,0,0,0,1,5,0,0,309.561,-147.202,-1.05083,-4.089,331.953,117.048,329.879,337.140,117.221,336.621,1157.687,-8.912,288.678,-1.04771,-8.827,290.059,-1.01117,2
11362,356344,10,3,3,0,0,0,1,5,0,0,308.316,-147.202,-1.08951,-3.876,330.397,116.529,328.841,335.584,116.702,335.065,1159.243,-8.935,287.419,-1.08639,-8.851,288.679,-1.05083,2
11378,356354,10,3,3,0,0,0,1,5,0,0,306.910,-147.202,-1.12864,-3.784,329.360,116.184,327.285,334.547,116.357,334.028,1160.280,-8.956,285.999,-1.12552,-8.874,287.419,-1.08951,2
11394,356364,10,3,3,0,0,0,1,5,0,0,305.470,-147.202,-1.16689,-3.601,327.804,115.492,325.729,332.991,116.011,332.472,1161.836,-8.973,284.544,-1.16377,-8.895,286.000,-1.12864,2
11394,356374,10,3,3,0,0,0,1,5,0,0,304.144,-147.202,-1.19522,-2.747,326.248,115.146,324.173,331.953,115.665,331.435,1162.874,-8.981,283.208,-1.19210,-8.912,284.545,-1.16689,2
11409,356384,10,3,3,0,0,0,1,5,0,0,302.859,-147.202,-1.21588,-2.136,324.692,114.455,323.136,330.397,114.973,329.879,1164.430,-8.979,281.915,-1.21276,-8.919,283.209,-1.19522,2
11425,356394,10,3,3,0,0,0,1,5,0,0,301.573,-147.202,-1.23328,-1.831,323.654,114.109,321.580,329.360,114.628,328.841,1165.467,-8.972,280.623,-1.23016,-8.917,281.916,-1.21588,2
11425,356404,10,3,3,0,0,0,1,5,0,0,299.937,-147.202,-1.24652,-1.373,322.098,113.936,320.024,327.804,114.282,327.285,1167.023,-8.953,278.983,-1.24340,-8.911,280.624,-1.23328,2
11440,356414,10,3,3,0,0,0,1,5,0,0,298.496,-147.202,-1.25476,-0.610,320.542,113.244,318.468,326.248,113.763,325.729,1168.579,-8.932,277.539,-1.25164,-8.892,278.984,-1.24652,2
11455,356424,10,3,3,0,0,0,1,5,0,0,297.016,-147.202,-1.26120,-0.549,318.986,112.899,316.912,325.210,113.417,324.692,1169.617,-8.907,276.057,-1.25808,-8.870,277.540,-1.25476,2
11455,356434,10,3,3,0,0,0,1,5,0,0,295.690,-147.202,-1.27174,-1.129,317.430,112.207,315.874,323.654,113.072,323.136,1171.173,-8.891,274.728,-1.26862,-8.846,276.058,-1.26120,2
11471,356444,10,3,3,0,0,0,1,5,0,0,294.249,-147.202,-1.28021,-0.824,316.393,111.861,314.318,322.098,112.380,321.580,1172.729,-8.869,273.284,-1.27708,-8.829,274.728,-1.27174,2
11486,356454,10,3,3,0,0,0,1,5,0,0,292.844,-147.202,-1.28579,-0.519,314.837,111.343,312.762,321.061,111.688,320.024,1173.766,-8.844,271.877,-1.28267,-8.807,273.285,-1.28021,2
11486,356464,10,3,3,0,0,0,1,5,0,0,290.588,-147.202,-1.29344,-0.793,313.281,110.997,311.725,319.505,111.516,318.986,1175.322,-8.803,269.618,-1.29032,-8.783,271.878,-1.28579,2
11501,356474,10,3,3,0,0,0,1,5,0,0,289.107,-147.202,-1.29747,-0.275,312.244,110.305,310.169,317.949,110.824,317.430,1176.878,-8.775,268.136,-1.29435,-8.741,269.619,-1.29344,2
11517,356484,10,3,3,0,0,0,1,5,0,0,287.586,-147.202,-1.29690,-0.000,310.687,109.960,308.613,316.393,110.478,315.874,1178.434,-8.740,266.616,-1.29378,-8.713,268.137,-1.29747,2
11517,356494,10,3,3,0,0,0,1,5,0,0,286.181,-147.202,-1.30068,-0.549,309.131,109.268,307.057,314.837,109.787,314.318,1179.990,-8.712,265.210,-1.29756,-8.677,266.617,-1.29690,2
11533,356504,10,3,3,0,0,0,1,5,0,0,284.665,-147.202,-1.30316,-0.000,307.575,108.922,305.501,313.281,109.441,312.762,1181.546,-8.681,263.693,-1.30004,-8.650,265.211,-1.30068,2
11533,356514,10,3,3,0,0,0,1,5,0,0,283.184,-147.202,-1.30127,0.397,306.019,108.403,304.463,312.244,108.922,311.206,1182.583,-8.645,262.214,-1.29815,-8.619,263.694,-1.30316,2
11549,356524,10,3,3,0,0,0,1,5,0,0,281.899,-147.202,-1.29368,1.129,304.463,108.058,302.907,310.687,108.231,309.650,1184.139,-8.607,260.931,-1.29056,-8.583,262.215,-1.30127,2
11563,356534,10,3,3,0,0,0,1,5,0,0,280.223,-147.202,-1.27897,1.617,303.426,107.366,301.351,309.131,107.885,308.613,1185.696,-8.552,259.262,-1.27585,-8.544,260.932,-1.29368,2
11563,356544,10,3,3,0,0,0,1,5,0,0,278.858,-147.202,-1.26312,1.740,301.870,107.020,299.795,307.575,107.193,307.057,1187.252,-8.502,257.902,-1.26000,-8.489,259.262,-1.27897,2
11579,356554,10,3,3,0,0,0,1,5,0,0,277.142,-147.202,-1.24919,1.556,300.314,106.675,298.758,306.019,106.847,305.501,1188.808,-8.448,256.192,-1.24607,-8.439,257.903,-1.26312,2
11595,356564,10,3,3,0,0,0,1,5,0,0,275.391,-147.202,-1.23372,1.770,298.758,106.156,297.202,304.463,106.329,303.945,1190.364,-8.391,254.448,-1.23060,-8.385,256.193,-1.24919,2
11595,356574,10,3,3,0,0,0,1,5,0,0,273.870,-147.202,-1.22342,1.038,297.721,105.810,296.165,302.907,105.983,302.389,1191.920,-8.346,252.931,-1.22030,-8.328,254.449,-1.23372,2
11611,356584,10,3,3,0,0,0,1,5,0,0,272.390,-147.202,-1.21911,0.458,296.165,105.119,294.609,301.351,105.291,300.833,1193.476,-8.309,251.453,-1.21599,-8.283,252.932,-1.22342,2
11627,356594,10,3,3,0,0,0,1,5,0,0,270.949,-147.202,-1.21796,-0.000,294.609,104.773,293.052,300.314,104.946,299.795,1194.513,-8.277,250.013,-1.21484,-8.246,251.453,-1.21911,2
11627,356604,10,3,3,0,0,0,1,5,0,0,269.428,-147.202,-1.22568,-0.916,293.571,104.427,292.015,298.758,104.254,298.239,1196.069,-8.254,248.489,-1.22256,-8.214,250.013,-1.21796,2
11642,356614,10,3,3,0,0,0,1,5,0,0,268.103,-147.202,-1.23916,-1.251,292.015,103.735,290.459,297.202,103.908,296.683,1197.625,-8.242,247.159,-1.23604,-8.191,248.490,-1.22568,2
11642,356624,10,3,3,0,0,0,1,5,0,0,266.817,-147.202,-1.24749,-0.824,290.459,103.562,288.903,296.165,103.735,295.646,1198.662,-8.225,245.871,-1.24437,-8.179,247.160,-1.23916,2
11658,356634,10,3,3,0,0,0,1,5,0,0,265.416,-147.202,-1.25828,-1.190,288.903,102.871,287.866,294.609,103.044,294.090,1200.218,-8.207,244.466,-1.25516,-8.161,245.872,-1.24749,2
11673,356644,10,3,3,0,0,0,1,5,0,0,264.011,-147.202,-1.27958,-2.380,287.866,102.525,286.310,293.571,102.698,293.052,1201.256,-8.202,243.053,-1.27646,-8.144,244.467,-1.25828,2
11673,356654,10,3,3,0,0,0,1,5,0,0,262.455,-147.202,-1.30806,-3.082,286.310,102.179,284.754,292.015,102.006,291.496,1202.812,-8.201,241.487,-1.30493,-8.139,243.054,-1.27958,2
11689,356664,10,3,3,0,0,0,1,5,0,0,261.054,-147.202,-1.34139,-3.601,284.754,101.488,283.198,290.978,101.661,290.459,1203.849,-8.210,240.074,-1.33827,-8.138,241.488,-1.30806,2
11704,356674,10,3,3,0,0,0,1,5,0,0,259.534,-147.202,-1.37948,-3.998,283.198,101.142,281.642,289.422,101.315,288.903,1205.405,-8.220,238.539,-1.37635,-8.146,240.075,-1.34139,2
11704,356684,10,3,3,0,0,0,1,5,0,0,258.053,-147.202,-1.41955,-4.059,281.642,100.623,280.086,288.384,101.142,287.866,1206.443,-8.232,237.044,-1.41643,-8.156,238.540,-1.37947,2
11720,356694,10,3,3,0,0,0,1,5,0,0,256.807,-147.202,-1.45897,-3.906,280.086,100.278,278.530,286.828,100.450,286.310,1207.999,-8.249,235.784,-1.45585,-8.169,237.045,-1.41955,2
11736,356704,10,3,3,0,0,0,1,5,0,0,255.402,-147.202,-1.49755,-3.845,278.530,99.586,276.973,285.791,100.105,285.272,1209.036,-8.259,234.364,-1.49443,-8.185,235.784,-1.45897,2
11736,356714,10,3,3,0,0,0,1,5,0,0,253.881,-147.202,-1.53392,-3.845,277.492,99.240,275.417,284.235,99.759,283.716,1210.592,-8.263,232.830,-1.53079,-8.196,234.365,-1.49755,2
11752,356724,10,3,3,0,0,0,1,5,0,0,252.325,-147.202,-1.56604,-3.082,275.936,98.549,274.380,282.679,99.067,282.679,1212.148,-8.260,231.262,-1.56292,-8.199,232.831,-1.53391,2
11752,356734,10,3,3,0,0,0,1,5,0,0,251.040,-147.202,-1.59248,-2.533,274.380,98.376,272.824,281.642,98.722,281.123,1213.185,-8.257,229.967,-1.58936,-8.196,231.263,-1.56604,2
11768,356744,10,3,3,0,0,0,1,5,0,0,249.404,-147.202,-1.61869,-2.533,272.824,97.338,271.268,280.086,98.549,279.567,1214.741,-8.243,228.322,-1.61557,-8.193,229.968,-1.59248,2
11783,356754,10,3,3,0,0,0,1,5,0,0,247.959,-147.202,-1.64390,-2.625,271.268,96.993,269.712,278.530,97.857,278.530,1216.297,-8.232,226.868,-1.64078,-8.179,228.323,-1.61869,2
11783,356764,10,3,3,0,0,0,1,5,0,0,246.442,-147.202,-1.66990,-2.716,269.712,96.301,268.156,276.973,97.511,276.973,1217.853,-8.220,225.342,-1.66678,-8.168,226.868,-1.64390,2
11799,356774,10,3,3,0,0,0,1,5,0,0,244.962,-147.202,-1.69317,-2.167,268.156,95.955,267.119,275.936,96.820,275.417,1218.891,-8.205,223.853,-1.69005,-8.156,225.343,-1.66990,2
11815,356784,10,3,3,0,0,0,1,5,0,0,243.596,-147.202,-1.70644,-1.312,266.600,95.437,265.563,274.380,96.474,273.861,1220.447,-8.181,222.483,-1.70332,-8.141,223.854,-1.69317,2
11815,356794,10,3,3,0,0,0,1,5,0,0,242.196,-147.202,-1.71517,-0.946,265.044,94.745,264.007,272.824,96.128,272.824,1222.003,-8.149,221.080,-1.71205,-8.116,222.484,-1.70644,2
11831,356804,10,3,3,0,0,0,1,5,0,0,240.520,-147.202,-1.72247,-0.916,263.488,94.399,262.451,271.268,95.609,271.268,1223.559,-8.108,219.402,-1.71935,-8.085,221.080,-1.71517,2
11846,356814,10,3,3,0,0,0,1,5,0,0,238.919,-147.202,-1.72929,-0.885,261.932,93.708,260.895,270.231,95.264,269.712,1224.596,-8.068,217.800,-1.72617,-8.043,219.403,-1.72247,2
11846,356824,10,3,3,0,0,0,1,5,0,0,237.244,-147.202,-1.74163,-1.221,260.376,93.189,259.338,268.675,94.572,268.156,1226.152,-8.033,216.120,-1.73851,-8.003,217.800,-1.72929,2
11862,356834,10,3,3,0,0,0,1,5,0,0,235.763,-147.202,-1.75516,-1.160,259.338,92.843,257.782,267.119,93.881,266.600,1227.708,-8.004,214.635,-1.75204,-7.968,216.121,-1.74163,2
11862,356844,10,3,3,0,0,0,1,5,0,0,233.972,-147.202,-1.76326,-0.671,257.782,92.497,256.226,265.563,93.535,265.044,1229.264,-7.959,212.841,-1.76014,-7.939,214.636,-1.75516,2
11877,356854,10,3,3,0,0,0,1,5,0,0,232.416,-147.202,-1.76659,-0.336,256.226,91.806,254.670,264.007,93.016,263.488,1230.820,-7.915,211.285,-1.76347,-7.894,212.842,-1.76326,2
11893,356864,10,3,3,0,0,0,1,5,0,0,230.700,-147.202,-1.76314,0.305,254.670,91.114,253.114,262.451,92.670,261.932,1232.376,-7.858,209.571,-1.76002,-7.850,211.286,-1.76659,2
11893,356874,10,3,3,0,0,0,1,5,0,0,229.220,-147.202,-1.75661,0.580,253.114,90.768,251.558,260.895,91.979,260.376,1233.932,-7.805,208.094,-1.75349,-7.793,209.572,-1.76314,2
11908,356884,10,3,3,0,0,0,1,5,0,0,227.624,-147.202,-1.74649,1.221,251.558,90.250,250.002,259.338,91.633,258.820,1235.488,-7.744,206.503,-1.74337,-7.739,208.095,-1.75661,2
11925,356894,10,3,3,0,0,0,1,5,0,0,226.103,-147.202,-1.73347,1.343,250.002,89.904,248.446,257.782,90.941,257.264,1237.045,-7.682,204.988,-1.73035,-7.678,206.503,-1.74649,2
11925,356904,10,3,3,0,0,0,1,5,0,0,224.623,-147.202,-1.72537,0.671,248.446,89.212,246.890,256.226,90.423,255.708,1238.601,-7.628,203.511,-1.72225,-7.616,204.989,-1.73347,2
11940,356914,10,3,3,0,0,0,1,5,0,0,222.987,-147.202,-1.72381,-0.000,246.890,88.867,245.334,254.670,90.077,254.152,1240.157,-7.577,201.876,-1.72069,-7.562,203.512,-1.72537,2
11955,356924,10,3,3,0,0,0,1,5,0,0,221.386,-147.202,-1.72337,-0.000,245.334,88.175,244.297,253.114,89.385,252.596,1241.713,-7.528,200.277,-1.72025,-7.511,201.877,-1.72381,2
11955,356934,10,3,3,0,0,0,1,5,0,0,219.751,-147.202,-1.71935,0.305,243.778,88.002,242.741,251.558,89.040,251.040,1243.269,-7.474,198.643,-1.71623,-7.462,200.278,-1.72337,2
11971,356944,10,3,3,0,0,0,1,5,0,0,218.115,-147.202,-1.71221,0.702,242.222,87.311,241.185,250.002,88.348,249.484,1244.825,-7.416,197.011,-1.70909,-7.408,198.644,-1.71935,2
11986,356954,10,3,3,0,0,0,1,5,0,0,216.479,-147.202,-1.70489,0.732,240.666,86.965,239.629,248.446,88.175,248.446,1246.381,-7.359,195.379,-1.70177,-7.351,197.012,-1.71221,2
11986,356964,10,3,3,0,0,0,1,5,0,0,214.998,-147.202,-1.70104,0.458,239.110,86.273,238.073,246.890,87.484,246.890,1247.937,-7.310,193.900,-1.69792,-7.293,195.380,-1.70489,2
12002,356974,10,3,3,0,0,0,1,5,0,0,213.438,-147.202,-1.70188,-0.000,238.073,85.927,236.517,245.334,86.792,245.334,1249.493,-7.265,192.340,-1.69876,-7.244,193.901,-1.70104,2
12002,356984,10,3,3,0,0,0,1,5,0,0,211.687,-147.202,-1.70280,-0.000,236.517,85.409,235.479,243.778,86.446,243.778,1251.049,-7.214,190.589,-1.69968,-7.199,192.341,-1.70188,2
12017,356994,10,3,3,0,0,0,1,5,0,0,210.401,-147.202,-1.70436,-0.000,234.961,85.063,233.923,242.741,85.755,242.222,1252.086,-7.178,189.304,-1.70124,-7.148,190.590,-1.70280,2
12032,357004,10,3,3,0,0,0,1,5,0,0,208.606,-147.202,-1.70544,-0.000,233.405,84.371,232.367,241.185,85.582,240.666,1253.642,-7.126,187.509,-1.70232,-7.112,189.305,-1.70436,2
12032,357014,10,3,3,0,0,0,1,5,0,0,206.855,-147.202,-1.70855,-0.336,231.849,83.680,230.811,239.629,84.890,239.629,1255.198,-7.078,185.757,-1.70542,-7.060,187.510,-1.70544,2
12049,357024,10,3,3,0,0,0,1,5,0,0,205.259,-147.202,-1.71279,-0.275,230.293,83.334,229.255,238.073,84.544,238.073,1256.754,-7.035,184.160,-1.70967,-7.011,185.758,-1.70855,2
12065,357034,10,3,3,0,0,0,1,5,0,0,203.893,-147.202,-1.71109,0.519,228.737,82.815,227.699,236.517,83.853,236.517,1258.310,-6.993,182.796,-1.70797,-6.969,184.161,-1.71279,2
12065,357044,10,3,3,0,0,0,1,5,0,0,202.178,-147.202,-1.69942,1.221,227.181,82.124,226.143,234.961,83.161,234.961,1259.866,-6.927,181.086,-1.69630,-6.926,182.797,-1.71109,2
12080,357054,10,3,3,0,0,0,1,5,0,0,200.542,-147.202,-1.68942,0.885,225.624,81.778,224.587,233.405,82.988,233.405,1261.422,-6.867,179.455,-1.68630,-6.861,181.087,-1.69942,2
12095,357064,10,3,3,0,0,0,1,5,0,0,199.101,-147.202,-1.68225,0.732,224.068,81.086,223.031,231.849,82.297,231.849,1262.978,-6.816,178.017,-1.67913,-6.800,179.456,-1.68942,2
12095,357074,10,3,3,0,0,0,1,5,0,0,197.541,-147.202,-1.67318,1.038,222.512,80.741,221.475,230.293,81.951,230.293,1264.534,-6.759,176.461,-1.67006,-6.749,178.018,-1.68225,2
12111,357084,10,3,3,0,0,0,1,5,0,0,195.905,-147.202,-1.65939,1.648,221.475,80.222,219.919,228.737,81.259,228.737,1266.090,-6.695,174.831,-1.65626,-6.692,176.462,-1.67318,2
12126,357094,10,3,3,0,0,0,1,5,0,0,194.504,-147.202,-1.63983,1.984,219.919,79.876,218.363,227.181,80.568,227.181,1267.646,-6.631,173.438,-1.63671,-6.628,174.832,-1.65938,2
12126,357104,10,3,3,0,0,0,1,5,0,0,192.903,-147.202,-1.62584,1.251,218.363,79.185,217.326,225.624,80.395,225.624,1269.202,-6.569,171.844,-1.62272,-6.564,173.439,-1.63983,2
12141,357114,10,3,3,0,0,0,1,5,0,0,191.387,-147.202,-1.61920,0.610,216.807,78.839,215.770,224.587,79.703,224.068,1270.240,-6.518,170.331,-1.61608,-6.502,171.845,-1.62584,2
12158,357124,10,3,3,0,0,0,1,5,0,0,190.177,-147.122,-1.61397,0.580,215.251,78.147,214.214,223.031,79.358,222.512,1271.796,-6.398,169.125,-1.61085,-6.451,170.332,-1.61920,2
12158,357134,10,3,3,0,0,0,1,5,0,0,188.621,-147.122,-1.61025,0.427,214.214,77.802,213.176,221.475,78.666,221.475,1273.352,-6.350,167.571,-1.60713,-6.330,169.126,-1.61397,2
12173,357144,10,3,3,0,0,0,1,5,0,0,187.296,-147.122,-1.60388,0.855,212.658,77.283,211.620,219.919,78.320,219.919,1274.908,-6.305,166.249,-1.60076,-6.282,167.572,-1.61025,2
12173,357154,10,3,3,0,0,0,1,5,0,0,185.540,-147.122,-1.59956,0.458,211.102,76.937,210.064,218.882,77.802,218.363,1275.945,-6.251,164.496,-1.59644,-6.237,166.250,-1.60388,2
12188,357164,10,3,3,0,0,0,1,5,0,0,184.139,-147.122,-1.59890,-0.000,210.064,76.246,208.508,217.326,77.456,216.807,1277.501,-6.211,163.096,-1.59578,-6.183,164.497,-1.59956,2
12204,357174,10,3,3,0,0,0,1,5,0,0,182.814,-147.122,-1.59660,-0.000,208.508,75.900,207.471,215.770,76.764,215.770,1279.057,-6.171,161.771,-1.59348,-6.143,163.097,-1.59890,2
12204,357184,10,3,3,0,0,0,1,5,0,0,181.373,-147.122,-1.58943,0.671,207.471,75.554,205.915,214.214,76.418,214.214,1280.613,-6.122,160.334,-1.58631,-6.103,161.773,-1.59660,2
12219,357194,10,3,3,0,0,0,1,5,0,0,179.932,-147.122,-1.57812,1.038,205.915,75.035,204.359,213.176,76.073,212.658,1281.651,-6.069,158.898,-1.57500,-6.055,160.335,-1.58943,2
12234,357204,10,3,3,0,0,0,1,5,0,0,178.412,-147.122,-1.56736,1.190,204.359,74.689,202.803,211.620,75.381,211.102,1283.207,-6.014,157.382,-1.56424,-6.001,158.899,-1.57812,2
12234,357214,10,3,3,0,0,0,1,5,0,0,176.971,-147.122,-1.55782,1.160,202.803,73.998,201.247,210.064,75.208,209.545,1284.763,-5.964,155.946,-1.55470,-5.946,157.383,-1.56736,2
12251,357224,10,3,3,0,0,0,1,5,0,0,175.721,-147.122,-1.55405,0.397,201.765,73.652,200.209,208.508,74.517,208.508,1286.319,-5.925,154.697,-1.55093,-5.895,155.947,-1.55782,2
12266,357234,10,3,3,0,0,0,1,5,0,0,174.790,-147.122,-1.55657,-0.000,200.209,72.961,198.653,207.471,74.171,206.952,1287.356,-5.903,153.766,-1.55345,-5.857,154.698,-1.55405,2
12266,357244,10,3,3,0,0,0,1,5,0,0,173.384,-147.122,-1.56103,-0.366,199.172,72.615,197.616,205.915,73.479,205.396,1288.912,-5.870,152.359,-1.55791,-5.835,153.767,-1.55657,2
12281,357254,10,3,3,0,0,0,1,5,0,0,172.139,-147.122,-1.56484,-0.305,197.616,72.442,196.060,204.877,73.133,204.359,1289.950,-5.841,151.113,-1.56172,-5.802,152.360,-1.56103,2
12312,357264,10,3,3,0,0,0,1,5,0,0,170.928,-147.122,-1.57321,-0.793,196.579,71.750,195.023,203.321,72.788,203.321,1291.506,-5.818,149.900,-1.57009,-5.772,151.114,-1.56484,2
12312,357274,10,3,3,0,0,0,1,5,0,0,169.567,-147.122,-1.58140,-0.916,195.023,71.405,193.467,202.284,72.269,201.765,1292.543,-5.791,148.536,-1.57827,-5.749,149.901,-1.57321,2
12312,357284,10,3,3,0,0,0,1,5,0,0,168.357,-147.122,-1.58882,-0.916,193.467,71.059,192.429,200.728,71.923,200.728,1294.099,-5.766,147.323,-1.58570,-5.722,148.537,-1.58139,2
12312,357294,10,3,3,0,0,0,1,5,0,0,166.916,-147.162,-1.60293,-1.434,192.429,70.367,190.873,199.691,71.577,199.172,1295.136,-5.783,145.877,-1.59981,-5.697,147.324,-1.58882,2
12327,357304,10,3,3,0,0,0,1,5,0,0,165.671,-147.162,-1.61834,-1.526,190.873,70.021,189.836,198.135,70.886,198.135,1296.692,-5.767,144.626,-1.61522,-5.714,145.878,-1.60293,2
12358,357314,10,3,3,0,0,0,1,5,0,0,164.305,-147.162,-1.63056,-1.251,189.836,69.848,188.280,197.097,70.540,196.579,1297.730,-5.743,143.256,-1.62744,-5.698,144.627,-1.61834,2
12358,357324,10,3,3,0,0,0,1,5,0,0,163.020,-147.162,-1.64533,-1.709,188.280,69.157,187.242,196.060,70.194,195.541,1298.767,-5.724,141.965,-1.64221,-5.674,143.257,-1.63056,2
12358,357334,10,3,3,0,0,0,1,5,0,0,161.659,-147.162,-1.66210,-1.617,187.242,68.811,185.686,194.504,69.676,194.504,1300.323,-5.705,140.598,-1.65898,-5.655,141.966,-1.64533,2
12374,357344,10,3,3,0,0,0,1,5,0,0,160.373,-147.162,-1.67637,-1.495,185.686,68.120,184.649,193.467,69.330,192.948,1301.360,-5.685,139.308,-1.67325,-5.636,140.599,-1.66210,2
12374,357354,10,3,3,0,0,0,1,5,0,0,159.163,-147.162,-1.68595,-0.977,184.649,67.774,183.093,191.910,68.984,191.910,1302.916,-5.661,138.094,-1.68283,-5.616,139.309,-1.67637,2
12390,357364,10,3,3,0,0,0,1,5,0,0,157.837,-147.162,-1.69059,-0.275,183.612,67.428,182.056,190.873,68.292,190.354,1303.954,-5.628,136.768,-1.68747,-5.592,138.096,-1.68595,2
12421,357374,10,3,3,0,0,0,1,5,0,0,155.851,-147.162,-1.68864,-0.000,182.056,66.909,180.500,189.317,67.947,189.317,1305.510,-5.567,134.783,-1.68552,-5.559,136.769,-1.69059,2
12421,357384,10,3,3,0,0,0,1,5,0,0,154.411,-147.162,-1.68884,-0.275,181.018,66.564,178.944,188.280,67.428,187.761,1306.547,-5.525,133.343,-1.68572,-5.498,134.784,-1.68864,2
12421,357394,10,3,3,0,0,0,1,5,0,0,152.970,-147.162,-1.69832,-1.068,179.462,66.218,177.906,186.724,67.082,186.724,1308.103,-5.494,131.899,-1.69520,-5.456,133.344,-1.68884,2
12437,357404,10,3,3,0,0,0,1,5,0,0,151.644,-147.162,-1.71398,-1.495,177.906,65.872,176.350,185.686,66.736,185.168,1309.141,-5.474,130.568,-1.71086,-5.424,131.900,-1.69832,2
12437,357414,10,3,3,0,0,0,1,5,0,0,150.514,-147.162,-1.73104,-1.617,176.869,65.180,175.313,184.649,66.045,184.130,1310.178,-5.460,129.432,-1.72792,-5.404,130.569,-1.71398,2
12467,357424,10,3,3,0,0,0,1,5,0,0,149.188,-147.162,-1.75076,-1.862,175.313,64.835,173.757,183.093,65.699,183.093,1311.734,-5.444,128.099,-1.74764,-5.391,129.433,-1.73104,2
12467,357434,10,3,3,0,0,0,1,5,0,0,147.943,-147.162,-1.77212,-1.953,174.275,64.316,172.719,182.056,65.353,181.537,1312.771,-5.432,126.846,-1.76900,-5.374,128.100,-1.75076,2
12467,357444,10,3,3,0,0,0,1,5,0,0,146.617,-147.162,-1.79299,-2.350,172.719,63.970,171.163,180.500,65.008,180.500,1314.327,-5.416,125.513,-1.78987,-5.362,126.847,-1.77212,2
12483,357454,10,3,3,0,0,0,1,5,0,0,145.371,-147.162,-1.81548,-2.533,171.682,63.624,169.607,179.462,64.489,179.462,1315.883,-5.404,124.259,-1.81236,-5.346,125.514,-1.79299,2
12483,357464,10,3,3,0,0,0,1,5,0,0,144.161,-147.162,-1.83859,-2.472,170.126,63.279,168.570,178.425,64.143,177.906,1316.921,-5.393,123.041,-1.83547,-5.334,124.260,-1.81548,2
12499,357474,10,3,3,0,0,0,1,5,0,0,142.876,-147.162,-1.86567,-2.869,168.570,62.587,167.533,176.869,63.797,176.869,1317.958,-5.384,121.745,-1.86255,-5.323,123.042,-1.83859,2
12529,357484,10,3,3,0,0,0,1,5,0,0,141.475,-147.162,-1.89086,-2.655,167.533,62.241,165.977,175.831,63.451,175.313,1319.514,-5.369,120.335,-1.88774,-5.314,121.746,-1.86567,2
12529,357494,10,3,3,0,0,0,1,5,0,0,140.189,-147.162,-1.91610,-2.838,165.977,61.723,164.421,174.275,62.760,174.275,1321.070,-5.357,119.040,-1.91298,-5.299,120.336,-1.89086,2
12529,357504,10,3,3,0,0,0,1,5,0,0,138.903,-147.162,-1.94643,-3.449,164.421,61.377,163.383,173.238,62.414,172.719,1322.108,-5.350,117.744,-1.94331,-5.287,119.042,-1.91610,2
12545,357514,10,3,3,0,0,0,1,5,0,0,137.303,-147.162,-1.97943,-3.327,162.865,60.685,161.827,171.682,62.241,171.682,1323.664,-5.336,116.131,-1.97631,-5.280,117.745,-1.94643,2
12545,357524,10,3,3,0,0,0,1,5,0,0,135.902,-147.162,-2.01182,-3.418,161.309,60.339,160.271,170.645,61.895,170.645,1325.220,-5.326,114.719,-2.00869,-5.265,116.133,-1.97943,2
12560,357534,10,3,3,0,0,0,1,5,0,0,134.461,-147.162,-2.04435,-3.388,160.271,59.994,158.715,169.089,61.204,168.570,1326.776,-5.314,113.266,-2.04123,-5.256,114.720,-2.01182,2
12576,357544,10,3,3,0,0,0,1,5,0,0,133.136,-147.162,-2.08922,-3.113,158.715,59.475,157.159,168.051,60.858,168.051,1328.332,-5.321,111.924,-2.08610,-5.244,113.267,-2.04435,2
12576,357554,10,3,3,0,0,0,1,5,0,0,131.615,-147.162,-2.11817,-2.960,157.159,58.783,155.603,166.495,60.512,165.977,1329.888,-5.300,110.393,-2.11505,-5.250,111.925,-2.08922,2
12592,357564,10,3,3,0,0,0,1,5,0,0,130.059,-147.162,-2.14718,-2.747,155.603,58.438,154.047,165.458,59.821,164.421,1331.444,-5.277,108.827,-2.14406,-5.230,110.394,-2.11817,2
12607,357574,10,3,3,0,0,0,1,5,0,0,128.499,-147.162,-2.17536,-2.808,154.047,57.746,152.491,163.902,59.648,162.865,1333.000,-5.253,107.256,-2.17224,-5.207,108.828,-2.14718,2
12607,357584,10,3,3,0,0,0,1,5,0,0,127.058,-147.162,-2.20346,-2.686,152.491,57.400,150.935,162.346,58.956,161.827,1334.556,-5.232,105.805,-2.20034,-5.182,107.257,-2.17536,2
12623,357594,10,3,3,0,0,0,1,5,0,0,125.617,-147.162,-2.22394,-1.862,150.935,56.882,149.379,160.790,58.610,160.271,1336.112,-5.201,104.357,-2.22082,-5.161,105.806,-2.20346,2
12623,357604,10,3,3,0,0,0,1,5,0,0,124.057,-147.162,-2.23711,-1.282,149.379,56.190,147.823,159.752,57.919,158.715,1337.668,-5.156,102.793,-2.23399,-5.130,104.359,-2.22394,2
12640,357614,10,3,3,0,0,0,1,5,0,0,122.731,-147.162,-2.24695,-0.977,147.823,55.844,146.267,158.196,57.227,157.159,1339.224,-5.116,101.465,-2.24383,-5.085,102.794,-2.23711,2
12655,357624,10,3,3,0,0,0,1,5,0,0,121.056,-147.162,-2.25003,-0.000,146.267,55.153,144.711,156.640,57.054,156.122,1340.780,-5.054,99.789,-2.24690,-5.045,101.466,-2.24695,2
12655,357634,10,3,3,0,0,0,1,5,0,0,119.615,-147.162,-2.25026,-0.000,144.711,54.807,143.674,155.084,56.363,154.566,1341.817,-4.998,98.349,-2.24714,-4.983,99.790,-2.25003,2
12686,357644,10,3,3,0,0,0,1,5,0,0,117.904,-147.162,-2.25084,-0.000,143.155,54.288,142.117,153.528,56.017,153.010,1343.373,-4.932,96.639,-2.24772,-4.927,98.350,-2.25026,2
12686,357654,10,3,3,0,0,0,1,5,0,0,115.993,-147.162,-2.25438,-0.336,141.599,53.942,140.561,151.972,55.326,150.935,1344.929,-4.861,94.728,-2.25126,-4.860,96.640,-2.25084,2
12686,357664,10,3,3,0,0,0,1,5,0,0,114.202,-147.162,-2.25687,-0.000,140.043,53.251,139.005,150.416,54.634,149.898,1346.485,-4.793,92.938,-2.25375,-4.789,94.730,-2.25438,2
12702,357674,10,3,3,0,0,0,1,5,0,0,112.721,-147.162,-2.25781,-0.000,138.487,52.905,137.449,148.860,54.461,148.342,1348.041,-4.736,91.458,-2.25469,-4.722,92.939,-2.25687,2
12702,357684,10,3,3,0,0,0,1,5,0,0,111.241,-147.162,-2.24992,1.160,137.449,52.213,135.893,147.304,54.115,146.786,1349.597,-4.669,89.982,-2.24680,-4.665,91.459,-2.25781,2
12718,357694,10,3,3,0,0,0,1,5,0,0,109.760,-147.162,-2.22877,2.441,135.893,51.868,134.856,145.748,53.424,145.230,1350.635,-4.585,88.510,-2.22565,-4.597,89.983,-2.24992,2
12733,357704,10,3,3,0,0,0,1,5,0,0,108.550,-147.162,-2.19716,3.449,134.337,51.349,133.300,144.192,53.078,143.674,1352.191,-4.501,87.314,-2.19404,-4.514,88.512,-2.22877,2
12733,357714,10,3,3,0,0,0,1,5,0,0,106.994,-147.162,-2.15676,4.303,133.300,51.003,131.744,143.155,52.386,142.117,1353.747,-4.393,85.775,-2.15364,-4.429,87.315,-2.19716,2
12750,357724,10,3,3,0,0,0,1,5,0,0,105.628,-147.162,-2.10613,5.463,131.744,50.657,130.707,141.599,52.041,140.561,1354.784,-4.281,84.430,-2.10301,-4.321,85.776,-2.15676,2
12766,357734,10,3,3,0,0,0,1,5,0,0,104.383,-147.162,-2.04249,6.714,130.707,50.312,129.669,140.561,51.522,139.524,1355.822,-4.159,83.210,-2.03937,-4.209,84.431,-2.10613,2
12766,357744,10,3,3,0,0,0,1,5,0,0,102.747,-147.162,-1.96973,7.416,129.669,49.620,128.632,139.005,50.830,137.968,1356.859,-4.014,81.604,-1.96661,-4.087,83.211,-2.04249,2
12781,357754,10,3,3,0,0,0,1,5,0,0,101.461,-147.162,-1.89192,7.843,128.632,49.620,127.595,136.931,50.485,136.412,1357.896,-3.876,80.349,-1.88880,-3.942,81.605,-1.96973,2
12796,357764,10,3,3,0,0,0,1,5,0,0,100.056,-147.162,-1.81927,7.202,127.595,49.101,126.038,135.893,49.793,134.856,1359.452,-3.743,78.973,-1.81615,-3.804,80.350,-1.89192,2
12796,357774,10,3,3,0,0,0,1,5,0,0,98.695,-147.162,-1.75950,5.768,126.557,48.756,125.001,134.337,49.447,133.300,1360.490,-3.628,77.636,-1.75638,-3.671,78.974,-1.81927,2
12812,357784,10,3,3,0,0,0,1,5,0,0,97.525,-147.162,-1.70700,5.371,125.001,48.410,123.964,132.781,48.929,132.263,1362.046,-3.530,76.486,-1.70388,-3.556,77.637,-1.75950,2
12812,357794,10,3,3,0,0,0,1,5,0,0,96.314,-147.162,-1.65424,5.432,123.964,48.064,122.926,131.225,48.583,130.707,1363.602,-3.430,75.297,-1.65112,-3.457,76.487,-1.70700,2
12828,357804,10,3,3,0,0,0,1,5,0,0,95.069,-147.162,-1.59945,5.737,122.926,47.372,121.370,130.188,47.891,129.151,1364.639,-3.329,74.073,-1.59633,-3.358,75.298,-1.65424,2
12843,357814,10,3,3,0,0,0,1,5,0,0,93.668,-147.162,-1.54026,6.256,121.370,47.027,120.333,128.632,47.545,127.595,1366.195,-3.219,72.695,-1.53714,-3.256,74.074,-1.59945,2
12843,357824,10,3,3,0,0,0,1,5,0,0,92.342,-147.162,-1.47967,6.165,120.333,46.681,119.296,127.076,46.854,126.557,1367.751,-3.110,71.393,-1.47655,-3.146,72.696,-1.54026,2
12874,357834,10,3,3,0,0,0,1,5,0,0,90.977,-147.162,-1.42692,5.219,119.296,46.508,118.258,125.520,46.681,125.001,1369.307,-3.012,70.048,-1.42380,-3.037,71.394,-1.47967,2
12874,357844,10,3,3,0,0,0,1,5,0,0,89.886,-147.162,-1.38643,3.754,118.258,46.162,116.702,124.482,45.989,123.445,1370.344,-2.936,68.973,-1.38331,-2.939,70.049,-1.42692,2
12874,357854,10,3,3,0,0,0,1,5,0,0,88.561,-147.162,-1.35918,2.625,117.221,45.816,116.184,123.445,45.644,122.408,1371.382,-2.871,67.658,-1.35606,-2.863,68.974,-1.38643,2
12889,357864,10,3,3,0,0,0,1,5,0,0,87.355,-147.162,-1.33926,1.862,116.184,45.471,115.146,122.408,45.298,121.370,1372.419,-2.819,66.460,-1.33614,-2.798,67.660,-1.35918,2
12905,357874,10,3,3,0,0,0,1,5,0,0,86.459,-147.162,-1.32961,0.885,114.628,45.125,114.109,120.852,44.606,119.814,1373.975,-2.786,65.569,-1.32649,-2.746,66.462,-1.33926,2
12905,357884,10,3,3,0,0,0,1,5,0,0,85.329,-147.162,-1.32718,-0.000,114.109,44.779,113.072,119.814,44.260,118.777,1375.013,-2.757,64.439,-1.32406,-2.713,65.570,-1.32961,2
12920,357894,10,3,3,0,0,0,1,5,0,0,84.394,-147.162,-1.32525,-0.000,112.553,44.088,112.034,118.777,44.088,117.740,1376.050,-2.733,63.505,-1.32213,-2.684,64.441,-1.32718,2
12936,357904,10,3,3,0,0,0,1,5,0,0,83.263,-147.162,-1.32215,-0.000,111.516,43.915,110.997,117.740,43.742,116.702,1377.087,-2.703,62.376,-1.31903,-2.660,63.506,-1.32525,2
12936,357914,10,3,3,0,0,0,1,5,0,0,82.173,-147.162,-1.32016,-0.305,110.478,43.569,109.441,116.184,43.396,115.665,1378.643,-2.676,61.287,-1.31704,-2.630,62.377,-1.32215,2
12952,357924,10,3,3,0,0,0,1,5,0,0,81.002,-147.162,-1.31442,0.519,109.441,43.223,108.403,115.146,43.050,114.628,1379.681,-2.642,60.119,-1.31130,-2.602,61.288,-1.32016,2
12968,357934,10,3,3,0,0,0,1,5,0,0,80.031,-147.162,-1.30030,1.404,108.403,42.877,107.366,114.109,42.704,113.590,1380.718,-2.603,59.153,-1.29718,-2.569,60.120,-1.31442,2
12968,357944,10,3,3,0,0,0,1,5,0,0,78.821,-147.162,-1.28258,1.648,107.366,42.532,106.329,113.590,42.013,112.553,1381.237,-2.554,57.950,-1.27946,-2.529,59.155,-1.30030,2
12999,357954,10,3,3,0,0,0,1,5,0,0,77.496,-147.162,-1.26552,1.617,106.329,41.840,105.291,112.553,41.667,111.516,1382.274,-2.504,56.631,-1.26240,-2.481,57.951,-1.28258,2
12999,357964,10,3,3,0,0,0,1,5,0,0,76.210,-147.162,-1.24693,1.770,104.773,41.494,104.254,110.997,41.494,109.960,1383.830,-2.453,55.353,-1.24380,-2.430,56.633,-1.26552,2
12999,357974,10,3,3,0,0,0,1,5,0,0,75.044,-147.162,-1.22791,1.831,103.735,41.321,102.698,109.960,40.803,108.922,1384.867,-2.405,54.195,-1.22479,-2.380,55.354,-1.24693,2
13029,357984,10,3,3,0,0,0,1,5,0,0,73.759,-147.162,-1.20969,1.679,102.698,40.975,101.661,108.922,40.457,107.366,1386.423,-2.356,52.916,-1.20657,-2.331,54.196,-1.22791,2
13029,357994,10,3,3,0,0,0,1,5,0,0,72.198,-147.162,-1.19328,1.434,101.142,40.284,100.105,107.366,40.111,106.329,1387.461,-2.303,51.362,-1.19016,-2.282,52.917,-1.20969,2
13029,358004,10,3,3,0,0,0,1,5,0,0,70.757,-147.162,-1.18063,1.221,100.105,39.938,99.067,105.810,39.765,104.773,1389.017,-2.258,49.926,-1.17751,-2.229,51.363,-1.19328,2
13045,358014,10,3,3,0,0,0,1,5,0,0,69.507,-147.162,-1.17621,0.366,98.549,39.592,97.511,104.773,39.074,103.217,1390.573,-2.227,48.678,-1.17309,-2.184,49.928,-1.18063,2
13045,358024,10,3,3,0,0,0,1,5,0,0,68.146,-147.162,-1.17779,-0.336,97.511,38.901,95.437,103.217,38.901,102.179,1391.610,-2.201,47.317,-1.17467,-2.153,48.679,-1.17621,2
13060,358034,10,3,3,0,0,0,1,5,0,0,66.900,-147.162,-1.18253,-0.671,95.955,38.728,94.399,102.179,38.209,100.623,1393.166,-2.181,46.070,-1.17941,-2.127,47.318,-1.17779,2
13076,358044,10,3,3,0,0,0,1,5,0,0,65.420,-147.162,-1.18745,-0.519,94.918,38.382,92.843,100.623,37.863,99.586,1394.204,-2.157,44.587,-1.18433,-2.107,46.071,-1.18253,2
13076,358054,10,3,3,0,0,0,1,5,0,0,63.975,-147.162,-1.18767,-0.000,93.362,37.691,91.806,99.067,37.518,98.030,1395.760,-2.127,43.142,-1.18455,-2.082,44.589,-1.18745,2
13091,358064,10,3,3,0,0,0,1,5,0,0,62.654,-147.162,-1.17975,1.221,91.806,37.345,90.768,98.030,36.826,96.993,1396.797,-2.090,41.825,-1.17662,-2.053,43.144,-1.18767,2
13107,358074,10,3,3,0,0,0,1,5,0,0,61.288,-147.162,-1.16083,2.380,90.768,36.999,89.212,96.474,36.480,95.437,1398.353,-2.039,40.467,-1.15771,-2.016,41.826,-1.17974,2
13107,358084,10,3,3,0,0,0,1,5,0,0,59.923,-147.162,-1.13226,2.960,89.212,36.307,87.656,94.918,36.307,93.881,1399.909,-1.977,39.112,-1.12914,-1.965,40.468,-1.16083,2
13122,358094,10,3,3,0,0,0,1,5,0,0,58.677,-147.162,-1.09854,3.571,88.175,36.134,86.619,93.881,35.616,92.843,1400.946,-1.912,37.879,-1.09542,-1.903,39.113,-1.13226,2
13122,358104,10,3,3,0,0,0,1,5,0,0,57.276,-147.162,-1.06782,3.021,86.619,35.789,85.582,92.324,35.270,91.287,1402.502,-1.849,36.490,-1.06470,-1.838,37.881,-1.09854,2
13137,358114,10,3,3,0,0,0,1,5,0,0,55.951,-147.162,-1.04758,2.075,85.582,35.097,84.026,91.287,34.578,89.731,1404.058,-1.800,35.172,-1.04446,-1.774,36.491,-1.06782,2
13153,358124,10,3,3,0,0,0,1,5,0,0,54.665,-147.162,-1.03496,1.312,84.544,34.751,82.988,89.731,34.233,88.694,1405.096,-1.761,33.892,-1.03184,-1.725,35.174,-1.04758,2
13153,358134,10,3,3,0,0,0,1,5,0,0,53.339,-147.162,-1.02558,0.885,82.988,34.406,81.951,88.694,33.714,87.656,1406.133,-1.726,32.570,-1.02246,-1.686,33.893,-1.03496,2
13169,358144,10,3,3,0,0,0,1,5,0,0,52.014,-147.162,-1.01642,0.732,81.951,34.060,80.395,87.138,33.368,86.100,1407.689,-1.691,31.248,-1.01330,-1.651,32.571,-1.02558,2
13185,358154,10,3,3,0,0,0,1,5,0,0,50.884,-147.162,-1.00542,0.855,80.914,33.541,79.358,86.100,33.022,85.063,1408.727,-1.658,30.122,-1.00230,-1.616,31.249,-1.01642,2
13185,358164,10,3,3,0,0,0,1,5,0,0,49.598,-147.162,-0.99582,1.007,79.358,33.195,77.802,84.544,32.331,83.507,1410.283,-1.624,28.840,-0.99270,-1.583,30.123,-1.00542,2
13201,358174,10,3,3,0,0,0,1,5,0,0,48.042,-147.162,-0.98598,1.282,78.320,32.504,76.764,83.507,31.985,82.470,1411.320,-1.585,27.288,-0.98286,-1.549,28.841,-0.99582,2
13217,358184,10,3,3,0,0,0,1,5,0,0,46.676,-147.162,-0.97526,1.160,76.764,32.158,75.208,81.951,31.639,80.914,1412.876,-1.549,25.926,-0.97214,-1.510,27.289,-0.98598,2
13217,358194,10,3,3,0,0,0,1,5,0,0,45.431,-147.162,-0.95892,1.953,75.727,31.466,74.171,80.914,31.121,79.876,1413.913,-1.508,24.687,-0.95580,-1.473,25.928,-0.97526,2
13232,358204,10,3,3,0,0,0,1,5,0,0,44.185,-147.162,-0.94270,1.801,74.689,31.121,72.615,79.358,30.775,78.320,1415.469,-1.468,23.447,-0.93958,-1.433,24.688,-0.95892,2
13232,358214,10,3,3,0,0,0,1,5,0,0,42.935,-147.162,-0.92398,2.106,73.133,30.948,71.577,78.320,30.083,77.283,1416.507,-1.424,22.204,-0.92086,-1.392,23.449,-0.94270,2
13249,358224,10,3,3,0,0,0,1,5,0,0,41.614,-147.162,-0.89828,2.777,72.096,30.256,70.540,76.764,29.737,75.727,1418.063,-1.372,20.893,-0.89516,-1.349,22.206,-0.92398,2
13278,358234,10,3,3,0,0,0,1,5,0,0,40.483,-147.202,-0.86827,3.296,71.059,29.910,69.503,75.727,29.046,74.689,1419.100,-1.358,19.773,-0.86515,-1.297,20.894,-0.89828,2
13278,358244,10,3,3,0,0,0,1,5,0,0,39.313,-147.202,-0.83711,3.510,70.021,29.565,68.465,74.171,29.046,73.133,1420.656,-1.303,18.614,-0.83399,-1.283,19.774,-0.86827,2
13278,358254,10,3,3,0,0,0,1,5,0,0,38.143,-147.202,-0.80216,3.937,68.984,29.219,66.909,73.133,28.527,72.096,1421.694,-1.244,17.457,-0.79904,-1.227,18.615,-0.83711,2
13294,358264,10,3,3,0,0,0,1,5,0,0,36.897,-147.202,-0.76376,4.120,67.947,28.873,66.391,71.577,28.181,70.540,1423.250,-1.180,16.225,-0.76064,-1.168,17.458,-0.80216,2
13294,358274,10,3,3,0,0,0,1,5,0,0,35.886,-147.202,-0.72633,3.815,66.909,28.527,65.353,70.540,27.836,69.503,1424.287,-1.122,15.228,-0.72321,-1.104,16.226,-0.76376,2
13309,358284,10,3,3,0,0,0,1,5,0,0,34.756,-147.202,-0.69298,3.327,65.872,28.354,64.316,69.503,27.490,68.465,1425.324,-1.067,14.110,-0.68986,-1.046,15.229,-0.72633,2
13325,358294,10,3,3,0,0,0,1,5,0,0,33.311,-147.242,-0.66397,2.747,64.835,28.009,63.279,68.465,27.144,67.428,1426.362,-1.055,12.675,-0.66085,-0.991,14.111,-0.69298,2
13325,358304,10,3,3,0,0,0,1,5,0,0,32.065,-147.242,-0.64689,1.495,63.797,27.663,62.241,66.909,26.453,65.872,1427.918,-1.020,11.435,-0.64377,-0.979,12.676,-0.66397,2
13341,358314,10,3,3,0,0,0,1,5,0,0,31.090,-147.242,-0.64450,-0.000,62.760,27.317,61.204,66.391,26.107,64.835,1428.955,-1.006,10.461,-0.64138,-0.944,11.437,-0.64689,2
13357,358324,10,3,3,0,0,0,1,5,0,0,30.039,-147.242,-0.65445,-1.129,61.723,26.971,60.167,65.353,25.934,64.316,1429.474,-1.006,9.407,-0.65133,-0.930,10.462,-0.64450,2
13357,358334,10,3,3,0,0,0,1,5,0,0,29.183,-147.242,-0.67263,-1.984,60.685,26.280,59.129,64.316,25.588,63.279,1430.511,-1.018,8.545,-0.66951,-0.930,9.408,-0.65445,2
13372,358344,10,3,3,0,0,0,1,5,0,0,28.288,-147.242,-0.69670,-2.686,59.648,25.934,58.092,63.279,25.242,62.241,1431.548,-1.037,7.641,-0.69358,-0.942,8.546,-0.67263,2
13372,358354,10,3,3,0,0,0,1,5,0,0,27.352,-147.242,-0.72735,-3.418,58.610,25.761,57.054,62.241,24.896,61.204,1432.586,-1.063,6.694,-0.72423,-0.961,7.642,-0.69670,2
13388,358364,10,3,3,0,0,0,1,5,0,0,25.947,-147.242,-0.75441,-2.655,57.573,25.415,56.017,61.204,24.551,60.167,1433.623,-1.077,5.279,-0.75129,-0.986,6.695,-0.72735,2
13404,358374,10,3,3,0,0,0,1,5,0,0,24.936,-147.242,-0.76998,-1.465,56.536,25.069,54.980,60.167,24.205,59.648,1434.660,-1.083,4.263,-0.76686,-1.001,5.280,-0.75441,2
13404,358384,10,3,3,0,0,0,1,5,0,0,24.001,-147.242,-0.77316,-0.305,55.498,24.724,53.942,59.129,23.859,58.610,1435.698,-1.074,3.326,-0.77004,-1.007,4.264,-0.76998,2
13420,358394,10,3,3,0,0,0,1,5,0,0,23.026,-147.242,-0.76770,0.763,54.461,24.378,52.905,58.092,23.513,57.573,1436.735,-1.055,2.353,-0.76458,-0.998,3.328,-0.77316,2
13436,358404,10,3,3,0,0,0,1,5,0,0,21.975,-147.242,-0.75348,1.679,53.424,24.032,51.868,57.054,23.340,56.536,1437.772,-1.023,1.308,-0.75036,-0.978,2.354,-0.76770,2
13436,358414,10,3,3,0,0,0,1,5,0,0,20.924,-147.242,-0.73192,2.014,52.386,23.686,50.830,56.017,22.995,55.498,1438.810,-0.984,0.265,-0.72880,-0.947,1.309,-0.75348,2
13452,358424,10,3,3,0,0,0,1,5,0,0,19.989,-147.242,-0.71074,2.045,51.349,23.340,49.793,54.980,22.649,54.461,1439.847,-0.946,-0.663,-0.70762,-0.907,0.266,-0.73192,2
13452,358434,10,3,3,0,0,0,1,5,0,0,19.014,-147.242,-0.69633,1.587,50.312,23.168,48.756,53.942,22.303,53.424,1440.885,-0.917,-1.633,-0.69321,-0.869,-0.661,-0.71074,2
13467,358444,10,3,3,0,0,0,1,5,0,0,18.118,-147.242,-0.68684,1.068,49.793,22.822,47.718,52.905,21.957,52.386,1441.922,-0.894,-2.525,-0.68372,-0.840,-1.631,-0.69633,2
13483,358454,10,3,3,0,0,0,1,5,0,0,17.223,-147.242,-0.68293,0.488,48.756,22.476,46.681,52.386,21.612,51.349,1442.441,-0.879,-3.419,-0.67981,-0.818,-2.523,-0.68684,2
13483,358464,10,3,3,0,0,0,1,5,0,0,16.558,-147.242,-0.68242,0.244,47.718,22.130,46.162,51.349,21.266,50.312,1443.478,-0.870,-4.083,-0.67930,-0.802,-3.417,-0.68293,2
13513,358474,10,3,3,0,0,0,1,5,0,0,15.937,-147.242,-0.68405,-0.000,46.681,21.784,45.125,50.312,20.920,49.793,1444.515,-0.865,-4.705,-0.68093,-0.794,-4.082,-0.68242,2
13513,358484,10,3,3,0,0,0,1,5,0,0,15.037,-147.242,-0.68650,-0.000,46.162,21.439,44.088,49.793,20.747,48.756,1445.034,-0.857,-5.605,-0.68338,-0.788,-4.703,-0.68405,2
13513,358494,10,3,3,0,0,0,1,5,0,0,14.297,-147.242,-0.69357,-0.610,45.125,21.439,43.569,48.756,20.401,47.718,1446.071,-0.857,-6.348,-0.69045,-0.780,-5.604,-0.68650,2
13529,358504,10,3,3,0,0,0,1,5,0,0,13.441,-147.242,-0.70581,-1.343,44.606,21.093,42.532,47.718,20.401,47.200,1447.109,-0.862,-7.208,-0.70269,-0.780,-6.347,-0.69357,2
13545,358514,10,3,3,0,0,0,1,5,0,0,12.781,-147.242,-0.72458,-1.862,43.569,20.747,42.013,47.200,20.056,46.162,1447.627,-0.876,-7.875,-0.72146,-0.784,-7.207,-0.70581,2
13545,358524,10,3,3,0,0,0,1,5,0,0,12.076,-147.242,-0.74356,-1.709,42.532,20.574,40.975,46.162,19.710,45.644,1448.665,-0.890,-8.587,-0.74043,-0.799,-7.874,-0.72458,2
13559,358534,10,3,3,0,0,0,1,5,0,0,11.375,-147.242,-0.76249,-1.862,42.013,20.228,40.457,45.644,19.364,45.125,1449.183,-0.904,-9.295,-0.75937,-0.813,-8.586,-0.74355,2
13575,358544,10,3,3,0,0,0,1,5,0,0,10.635,-147.242,-0.78232,-1.801,40.975,19.883,39.419,45.125,19.018,44.606,1449.702,-0.918,-10.042,-0.77920,-0.827,-9.293,-0.76249,2
13575,358554,10,3,3,0,0,0,1,5,0,0,10.170,-147.242,-0.80295,-1.923,40.457,19.883,38.901,44.606,19.018,43.569,1450.221,-0.937,-10.515,-0.79983,-0.841,-10.041,-0.78232,2
13590,358564,10,3,3,0,0,0,1,5,0,0,9.545,-147.242,-0.82024,-1.556,39.938,19.537,38.382,44.088,18.672,43.050,1450.739,-0.949,-11.146,-0.81712,-0.860,-10.514,-0.80295,2
13605,358574,10,3,3,0,0,0,1,5,0,0,8.999,-147.242,-0.83474,-1.282,39.419,19.191,37.863,43.569,18.672,42.532,1451.258,-0.959,-11.697,-0.83162,-0.872,-11.145,-0.82024,2
13605,358584,10,3,3,0,0,0,1,5,0,0,8.534,-147.242,-0.84624,-1.129,38.901,19.191,37.345,43.050,18.327,42.013,1451.777,-0.966,-12.167,-0.84312,-0.882,-11.696,-0.83474,2
13621,358594,10,3,3,0,0,0,1,5,0,0,8.064,-147.242,-0.85616,-0.855,38.382,18.845,36.826,42.532,18.327,42.013,1452.295,-0.971,-12.640,-0.85304,-0.889,-12.165,-0.84624,2
13636,358604,10,3,3,0,0,0,1,5,0,0,7.634,-147.242,-0.86494,-0.824,37.863,18.845,36.307,42.013,18.154,40.975,1452.814,-0.976,-13.073,-0.86182,-0.894,-12.639,-0.85616,2
13636,358614,10,3,3,0,0,0,1,5,0,0,7.248,-147.242,-0.87235,-0.793,37.345,18.499,35.789,41.494,18.154,40.975,1453.333,-0.979,-13.462,-0.86922,-0.898,-13.072,-0.86494,2
13651,358624,10,3,3,0,0,0,1,5,0,0,6.858,-147.242,-0.87361,-0.000,36.826,18.499,35.270,40.975,17.808,40.457,1453.851,-0.974,-13.852,-0.87049,-0.901,-13.460,-0.87234,2
13668,358634,10,3,3,0,0,0,1,5,0,0,6.428,-147.242,-0.87418,-0.000,36.307,18.154,35.270,40.975,17.808,39.938,1453.851,-0.969,-14.282,-0.87106,-0.897,-13.851,-0.87361,2
13668,358644,10,3,3,0,0,0,1,5,0,0,6.153,-147.242,-0.87396,-0.000,36.307,18.154,34.751,40.457,17.462,39.938,1454.370,-0.964,-14.557,-0.87084,-0.891,-14.281,-0.87418,2
13683,358654,10,3,3,0,0,0,1,5,0,0,5.843,-147.242,-0.87108,0.366,35.789,18.154,34.233,39.938,17.462,39.419,1454.889,-0.956,-14.866,-0.86796,-0.887,-14.556,-0.87396,2
13683,358664,10,3,3,0,0,0,1,5,0,0,5.453,-147.242,-0.86743,0.305,35.789,17.981,33.714,39.419,17.462,38.901,1455.408,-0.946,-15.255,-0.86431,-0.878,-14.865,-0.87108,2
13700,358674,10,3,3,0,0,0,1,5,0,0,5.142,-147.242,-0.86465,-0.000,35.270,17.981,33.714,39.419,17.462,38.901,1455.408,-0.938,-15.564,-0.86153,-0.868,-15.254,-0.86743,2
13716,358684,10,3,3,0,0,0,1,5,0,0,4.752,-147.242,-0.86318,-0.000,34.751,17.981,33.714,38.901,17.116,38.382,1455.926,-0.930,-15.954,-0.86006,-0.860,-15.563,-0.86465,2
13716,358694,10,3,3,0,0,0,1,5,0,0,4.517,-147.242,-0.85708,0.580,34.751,17.635,33.195,38.382,17.116,38.382,1456.445,-0.919,-16.186,-0.85396,-0.852,-15.952,-0.86318,2
13731,358704,10,3,3,0,0,0,1,5,0,0,4.167,-147.242,-0.85229,0.336,34.233,17.635,32.677,38.382,16.771,37.863,1456.445,-0.908,-16.535,-0.84917,-0.841,-16.185,-0.85708,2
13746,358714,10,3,3,0,0,0,1,5,0,0,3.817,-147.242,-0.84445,0.641,33.714,17.635,32.677,37.863,16.771,37.345,1456.964,-0.893,-16.882,-0.84133,-0.830,-16.534,-0.85229,2
13746,358724,10,3,3,0,0,0,1,5,0,0,3.467,-147.242,-0.83638,0.793,33.714,17.289,32.158,37.345,16.771,36.826,1457.482,-0.878,-17.229,-0.83326,-0.816,-16.881,-0.84445,2
13761,358734,10,3,3,0,0,0,1,5,0,0,3.156,-147.242,-0.82668,0.702,33.714,17.289,31.639,37.345,16.425,36.826,1457.482,-0.862,-17.536,-0.82356,-0.801,-17.228,-0.83638,2
13777,358744,10,3,3,0,0,0,1,5,0,0,2.842,-147.242,-0.82462,0.244,33.195,16.943,31.639,37.345,16.425,36.307,1457.482,-0.855,-17.850,-0.82150,-0.784,-17.535,-0.82668,2
13777,358754,10,3,3,0,0,0,1,5,0,0,2.531,-147.242,-0.82578,-0.000,32.677,16.943,31.121,36.826,16.425,35.789,1458.001,-0.852,-18.161,-0.82266,-0.777,-17.849,-0.82462,2
13793,358764,10,3,3,0,0,0,1,5,0,0,2.221,-147.242,-0.82528,-0.000,32.158,16.943,31.121,36.307,16.425,35.789,1458.520,-0.847,-18.471,-0.82216,-0.774,-18.159,-0.82578,2
13793,358774,10,3,3,0,0,0,1,5,0,0,2.026,-147.242,-0.82699,-0.305,32.158,16.943,30.602,35.789,16.079,35.789,1459.038,-0.846,-18.667,-0.82386,-0.769,-18.470,-0.82528,2
13809,358784,10,3,3,0,0,0,1,5,0,0,1.716,-147.242,-0.82689,-0.000,32.158,16.598,30.083,35.789,16.079,35.270,1459.038,-0.842,-18.977,-0.82377,-0.768,-18.665,-0.82698,2
13824,358794,10,3,3,0,0,0,1,5,0,0,1.401,-147.242,-0.82235,0.488,31.639,16.598,30.083,35.789,15.733,34.751,1459.038,-0.832,-19.290,-0.81923,-0.764,-18.975,-0.82689,2
13824,358804,10,3,3,0,0,0,1,5,0,0,1.166,-147.242,-0.81035,1.312,31.639,16.598,30.083,35.270,15.733,34.751,1459.557,-0.814,-19.520,-0.80723,-0.754,-19.289,-0.82235,2
13840,358814,10,3,3,0,0,0,1,5,0,0,1.011,-147.242,-0.79987,1.038,31.121,16.598,30.083,34.751,15.733,34.751,1460.076,-0.799,-19.672,-0.79675,-0.736,-19.519,-0.81035,2
13855,358824,10,3,3,0,0,0,1,5,0,0,0.935,-147.242,-0.79099,1.038,31.121,16.252,29.565,34.751,15.733,34.233,1460.076,-0.787,-19.744,-0.78787,-0.721,-19.670,-0.79987,2
13855,358834,10,3,3,0,0,0,1,5,0,0,0.780,-147.242,-0.78907,-0.000,31.121,16.252,29.565,34.751,15.733,34.233,1460.076,-0.782,-19.898,-0.78595,-0.709,-19.742,-0.79099,2
13870,358844,10,3,3,0,0,0,1,5,0,0,0.621,-147.242,-0.79155,-0.244,31.121,16.252,29.046,34.751,15.733,33.714,1460.076,-0.783,-20.059,-0.78843,-0.705,-19.897,-0.78907,2
13886,358854,10,3,3,0,0,0,1,5,0,0,0.621,-147.242,-0.79918,-0.732,31.121,16.252,29.046,34.233,15.733,33.714,1460.594,-0.792,-20.062,-0.79606,-0.705,-20.057,-0.79155,2
13886,358864,10,3,3,0,0,0,1,5,0,0,0.585,-147.242,-0.80710,-0.641,31.121,16.252,29.046,34.233,15.560,33.714,1460.594,-0.802,-20.100,-0.80398,-0.715,-20.060,-0.79918,2
13901,358874,10,3,3,0,0,0,1,5,0,0,0.585,-147.242,-0.81441,-0.580,31.121,16.252,29.046,34.233,15.560,33.714,1460.594,-0.810,-20.103,-0.81129,-0.724,-20.099,-0.80710,2
13917,358884,10,3,3,0,0,0,1,5,0,0,0.585,-147.242,-0.82048,-0.549,31.121,16.252,29.046,34.233,15.560,33.714,1460.594,-0.818,-20.105,-0.81736,-0.733,-20.101,-0.81441,2
13917,358894,10,3,3,0,0,0,1,5,0,0,0.585,-147.242,-0.82559,-0.671,31.121,16.252,29.046,34.233,15.560,33.714,1460.594,-0.824,-20.107,-0.82247,-0.740,-20.103,-0.82048,2
13933,358904,10,3,3,0,0,0,1,5,0,0,0.585,-147.242,-0.83040,-0.610,31.121,16.252,29.046,34.233,15.560,33.714,1460.594,-0.830,-20.108,-0.82728,-0.746,-20.105,-0.82559,2
13933,358914,10,3,3,0,0,0,1,5,0,0,0.505,-147.242,-0.83433,-0.549,31.121,16.252,29.046,34.233,15.560,33.714,1460.594,-0.834,-20.190,-0.83121,-0.752,-20.107,-0.83040,2
13949,358924,10,3,3,0,0,0,1,5,0,0,0.585,-147.242,-0.83779,-0.427,31.121,16.252,29.046,34.233,15.560,33.714,1460.594,-0.839,-20.111,-0.83467,-0.756,-20.188,-0.83433,2
13964,358934,10,3,3,0,0,0,1,5,0,0,0.585,-147.242,-0.83707,-0.000,31.121,16.252,29.046,34.233,15.560,33.714,1460.594,-0.838,-20.111,-0.83395,-0.761,-20.110,-0.83779,2
13964,358944,10,3,3,0,0,0,1,5,0,0,0.585,-147.242,-0.83357,0.305,31.121,16.252,29.046,34.233,15.560,33.714,1460.594,-0.834,-20.110,-0.83045,-0.760,-20.110,-0.83707,2
13980,358954,10,3,3,0,0,0,1,5,0,0,0.585,-147.242,-0.82496,0.824,31.121,16.252,29.046,34.233,15.560,33.714,1460.594,-0.823,-20.106,-0.82184,-0.756,-20.108,-0.83357,2
13995,358964,10,3,3,0,0,0,1,5,0,0,0.585,-147.242,-0.81455,0.855,31.121,16.252,29.046,34.233,15.560,33.714,1460.594,-0.811,-20.103,-0.81143,-0.746,-20.105,-0.82496,2
13995,358974,10,3,3,0,0,0,1,5,0,0,0.585,-147.242,-0.80570,0.702,31.121,16.252,29.046,34.233,15.560,33.714,1460.594,-0.800,-20.099,-0.80258,-0.733,-20.101,-0.81455,2
14011,358984,10,3,3,0,0,0,1,5,0,0,0.585,-147.242,-0.79905,0.458,31.121,16.252,29.046,34.233,15.560,33.714,1460.594,-0.792,-20.097,-0.79593,-0.722,-20.098,-0.80570,2
14027,358994,10,3,3,0,0,0,1,5,0,0,0.585,-147.242,-0.79383,0.305,31.121,16.252,29.046,34.233,15.560,33.714,1460.594,-0.785,-20.095,-0.79071,-0.714,-20.096,-0.79905,2
14027,359004,10,3,3,0,0,0,1,5,0,0,0.585,-147.242,-0.78925,0.305,31.121,16.252,29.046,34.233,15.560,33.714,1460.594,-0.780,-20.093,-0.78613,-0.708,-20.094,-0.79383,2
14043,359014,10,3,3,0,0,0,1,5,0,0,0.585,-147.242,-0.78756,-0.000,31.121,16.252,29.046,34.233,15.560,33.714,1460.594,-0.778,-20.093,-0.78444,-0.702,-20.092,-0.78925,2
14043,359024,10,3,3,0,0,0,1,5,0,0,0.585,-147.242,-0.78563,-0.000,31.121,16.252,29.046,34.233,15.560,33.714,1460.594,-0.775,-20.092,-0.78251,-0.700,-20.091,-0.78756,2
14059,359034,10,3,3,0,0,0,1,5,0,0,0.585,-147.242,-0.78360,-0.000,31.121,16.252,29.046,34.233,15.560,33.714,1460.594,-0.773,-20.091,-0.78048,-0.698,-20.091,-0.78563,2
14074,359044,10,3,3,0,0,0,1,5,0,0,0.585,-147.242,-0.78165,-0.000,31.121,16.252,29.046,34.233,15.560,33.714,1460.594,-0.771,-20.091,-0.77853,-0.695,-20.090,-0.78360,2
14074,359054,10,3,3,0,0,0,1,5,0,0,0.585,-147.242,-0.77993,-0.000,31.121,16.252,29.046,34.233,15.560,33.714,1460.594,-0.769,-20.090,-0.77681,-0.693,-20.089,-0.78165,2
14090,359064,10,3,3,0,0,0,1,5,0,0,0.585,-147.162,-0.77832,-0.000,31.121,16.252,29.046,34.233,15.560,33.714,1460.594,-0.687,-20.088,-0.77520,-0.691,-20.089,-0.77993,2
14106,359074,10,3,3,0,0,0,1,5,0,0,0.585,-147.162,-0.77515,-0.000,31.121,16.252,29.046,34.233,15.560,33.714,1460.594,-0.683,-20.087,-0.77203,-0.609,-20.087,-0.77832,2
14106,359084,10,3,3,0,0,0,1,5,0,0,0.585,-147.162,-0.77234,0.244,31.121,16.252,29.046,34.233,15.560,33.714,1460.594,-0.680,-20.086,-0.76922,-0.605,-20.086,-0.77515,2
14122,359094,10,3,3,0,0,0,1,5,0,0,0.585,-147.162,-0.77179,-0.000,31.121,16.252,29.046,34.233,15.560,33.714,1460.594,-0.679,-20.086,-0.76867,-0.602,-20.085,-0.77234,2
14122,359104,10,3,3,0,0,0,1,5,0,0,0.585,-147.162,-0.77283,-0.000,31.121,16.252,29.046,34.233,15.560,33.714,1460.594,-0.680,-20.086,-0.76971,-0.601,-20.085,-0.77179,2
14138,359114,10,3,3,0,0,0,1,5,0,0,0.585,-147.162,-0.77321,-0.000,31.121,16.252,29.046,34.233,15.560,33.714,1460.594,-0.681,-20.086,-0.77009,-0.602,-20.085,-0.77283,2
14153,359124,10,3,3,0,0,0,1,5,0,0,0.585,-147.162,-0.77504,-0.244,31.121,16.252,29.046,34.233,15.560,33.714,1460.594,-0.683,-20.087,-0.77192,-0.603,-20.085,-0.77321,2
14153,359134,10,3,3,0,0,0,1,5,0,0,0.585,-147.162,-0.77608,-0.000,31.121,16.252,29.046,34.233,15.560,33.714,1460.594,-0.684,-20.088,-0.77296,-0.605,-20.086,-0.77504,2
14168,359144,10,3,3,0,0,0,1,5,0,0,0.585,-147.162,-0.77675,-0.000,31.121,16.252,29.046,34.233,15.560,33.714,1460.594,-0.685,-20.088,-0.77363,-0.606,-20.086,-0.77608,2
14185,359154,10,3,3,0,0,0,1,5,0,0,0.585,-147.162,-0.77756,-0.000,31.121,16.252,29.046,34.233,15.560,33.714,1460.594,-0.686,-20.088,-0.77444,-0.607,-20.086,-0.77675,2
14185,359164,10,3,3,0,0,0,1,5,0,0,0.585,-147.162,-0.77798,-0.000,31.121,16.252,29.046,34.233,15.560,33.714,1460.594,-0.686,-20.088,-0.77486,-0.608,-20.087,-0.77756,2
14200,359174,10,3,3,0,0,0,1,5,0,0,0.585,-147.162,-0.77879,-0.000,31.121,16.252,29.046,34.233,15.560,33.714,1460.594,-0.687,-20.088,-0.77567,-0.609,-20.087,-0.77798,2
14216,359184,10,3,3,0,0,0,1,5,0,0,0.585,-147.162,-0.77998,-0.000,31.121,16.252,29.046,34.233,15.560,33.714,1460.594,-0.689,-20.089,-0.77685,-0.610,-20.087,-0.77879,2
14216,359194,10,3,3,0,0,0,1,5,0,0,0.585,-147.162,-0.78127,-0.000,31.121,16.252,29.046,34.233,15.560,33.714,1460.594,-0.690,-20.089,-0.77815,-0.611,-20.088,-0.77997,2
14231,359204,10,3,3,0,0,0,1,5,0,0,0.585,-147.162,-0.78221,-0.000,31.121,16.252,29.046,34.233,15.560,33.714,1460.594,-0.692,-20.090,-0.77908,-0.613,-20.088,-0.78127,2
14246,359214,10,3,3,0,0,0,1,5,0,0,0.585,-147.162,-0.78266,-0.000,31.121,16.252,29.046,34.233,15.560,33.714,1460.594,-0.692,-20.090,-0.77954,-0.614,-20.088,-0.78220,2
14246,359224,10,3,3,0,0,0,1,5,0,0,0.585,-147.162,-0.78275,-0.000,31.121,16.252,29.046,34.233,15.560,33.714,1460.594,-0.692,-20.090,-0.77963,-0.614,-20.089,-0.78266,2
14261,359234,10,3,3,0,0,0,1,5,0,0,0.585,-147.162,-0.78243,-0.000,31.121,16.252,29.046,34.233,15.560,33.714,1460.594,-0.692,-20.090,-0.77931,-0.614,-20.089,-0.78275,2
14276,359244,10,3,3,0,0,0,1,5,0,0,0.585,-147.162,-0.78188,-0.000,31.121,16.252,29.046,34.233,15.560,33.714,1460.594,-0.691,-20.090,-0.77876,-0.614,-20.088,-0.78243,2
14276,359254,10,3,3,0,0,0,1,5,0,0,0.585,-147.162,-0.78129,-0.000,31.121,16.252,29.046,34.233,15.560,33.714,1460.594,-0.690,-20.089,-0.77817,-0.613,-20.088,-0.78188,2
14292,359264,10,3,3,0,0,0,1,5,0,0,0.585,-147.162,-0.78049,-0.000,31.121,16.252,29.046,34.233,15.560,33.714,1460.594,-0.689,-20.089,-0.77737,-0.613,-20.088,-0.78129,2
14292,359274,10,3,3,0,0,0,1,5,0,0,0.585,-147.162,-0.78046,-0.000,31.121,16.252,29.046,34.233,15.560,33.714,1460.594,-0.689,-20.089,-0.77734,-0.612,-20.088,-0.78049,2
14307,359284,10,3,3,0,0,0,1,5,0,0,0.585,-147.162,-0.78071,-0.000,31.121,16.252,29.046,34.233,15.560,33.714,1460.594,-0.690,-20.089,-0.77759,-0.612,-20.088,-0.78046,2
14322,359294,10,3,3,0,0,0,1,5,0,0,0.585,-147.162,-0.78047,-0.000,31.121,16.252,29.046,34.233,15.560,33.714,1460.594,-0.689,-20.089,-0.77735,-0.612,-20.088,-0.78071,2
14322,359304,10,3,3,0,0,0,1,5,0,0,0.585,-147.162,-0.78030,-0.000,31.121,16.252,29.046,34.233,15.560,33.714,1460.594,-0.689,-20.089,-0.77718,-0.612,-20.088,-0.78047,2
14338,359314,10,3,3,0,0,0,1,5,0,0,0.585,-147.162,-0.78031,-0.000,31.121,16.252,29.046,34.233,15.560,33.714,1460.594,-0.689,-20.089,-0.77719,-0.611,-20.088,-0.78030,2
14354,359324,10,3,3,0,0,0,1,5,0,0,0.585,-147.162,-0.78039,-0.000,31.121,16.252,29.046,34.233,15.560,33.714,1460.594,-0.689,-20.089,-0.77727,-0.611,-20.088,-0.78031,2
14354,359334,10,3,3,0,0,0,1,5,0,0,0.585,-147.162,-0.78056,-0.000,31.121,16.252,29.046,34.233,15.560,33.714,1460.594,-0.690,-20.089,-0.77744,-0.612,-20.088,-0.78039,2
14369,359344,10,3,3,0,0,0,1,5,0,0,0.585,-147.162,-0.78054,-0.000,31.121,16.252,29.046,34.233,15.560,33.714,1460.594,-0.689,-20.089,-0.77742,-0.612,-20.088,-0.78056,2
14386,359354,10,3,3,0,0,0,1,5,0,0,0.585,-147.162,-0.78085,-0.000,31.121,16.252,29.046,34.233,15.560,33.714,1460.594,-0.690,-20.089,-0.77773,-0.612,-20.088,-0.78054,2
14386,359364,10,3,3,0,0,0,1,5,0,0,0.585,-147.162,-0.78112,-0.000,31.121,16.252,29.046,34.233,15.560,33.714,1460.594,-0.690,-20.089,-0.77800,-0.612,-20.088,-0.78085,2
14402,359374,10,3,3,0,0,0,1,5,0,0,0.585,-147.162,-0.78093,-0.000,31.121,16.252,29.046,34.233,15.560,33.714,1460.594,-0.690,-20.089,-0.77781,-0.612,-20.088,-0.78112,2
14402,359384,10,3,3,0,0,0,1,5,0,0,0.585,-147.162,-0.77633,0.793,31.121,16.252,29.046,34.233,15.560,33.714,1460.594,-0.684,-20.088,-0.77321,-0.612,-20.088,-0.78093,2
14418,359394,10,3,3,0,0,0,1,5,0,0,0.585,-147.162,-0.76415,1.251,31.121,16.252,29.046,34.233,15.560,33.714,1460.594,-0.670,-20.083,-0.76103,-0.607,-20.086,-0.77633,2
14433,359404,10,3,3,0,0,0,1,5,0,0,0.585,-147.162,-0.74921,1.770,31.121,16.252,29.046,34.233,15.560,33.714,1460.594,-0.651,-20.078,-0.74609,-0.592,-20.082,-0.76415,2
14433,359414,10,3,3,0,0,0,1,5,0,0,0.585,-147.162,-0.73653,1.038,31.121,16.252,29.046,34.233,15.560,33.714,1460.594,-0.636,-20.073,-0.73341,-0.574,-20.076,-0.74921,2
14448,359424,10,3,3,0,0,0,1,5,0,0,0.585,-147.162,-0.72633,1.068,31.121,16.252,29.046,34.233,15.560,33.714,1460.594,-0.624,-20.069,-0.72320,-0.558,-20.072,-0.73653,2
14463,359434,10,3,3,0,0,0,1,5,0,0,0.585,-147.162,-0.72412,-0.000,31.121,16.252,29.046,34.233,15.560,33.714,1460.594,-0.621,-20.069,-0.72100,-0.546,-20.068,-0.72632,2
14463,359444,10,3,3,0,0,0,1,5,0,0,0.585,-147.162,-0.72457,-0.000,31.121,16.252,29.046,34.233,15.560,33.714,1460.594,-0.621,-20.069,-0.72145,-0.543,-20.067,-0.72412,2
14479,359454,10,3,3,0,0,0,1,5,0,0,0.585,-147.162,-0.72511,-0.000,31.121,16.252,29.046,34.233,15.560,33.714,1460.594,-0.622,-20.069,-0.72199,-0.544,-20.067,-0.72457,2
14495,359464,10,3,3,0,0,0,1,5,0,0,0.585,-147.162,-0.72157,0.336,31.121,16.252,29.046,34.233,15.560,33.714,1460.594,-0.618,-20.068,-0.71845,-0.544,-20.068,-0.72511,2
14495,359474,10,3,3,0,0,0,1,5,0,0,0.585,-147.162,-0.71711,0.336,31.121,16.252,29.046,34.233,15.560,33.714,1460.594,-0.612,-20.066,-0.71399,-0.540,-20.066,-0.72157,2
14511,359484,10,3,3,0,0,0,1,5,0,0,0.585,-147.162,-0.71616,-0.000,31.121,16.252,29.046,34.233,15.560,33.714,1460.594,-0.611,-20.066,-0.71304,-0.535,-20.065,-0.71711,2
14526,359494,10,3,3,0,0,0,1,5,0,0,0.585,-147.162,-0.72314,-0.763,31.121,16.252,29.046,34.233,15.560,33.714,1460.594,-0.620,-20.068,-0.72002,-0.533,-20.064,-0.71616,2
14526,359504,10,3,3,0,0,0,1,5,0,0,0.585,-147.162,-0.73034,-0.885,31.121,16.252,29.046,34.233,15.560,33.714,1460.594,-0.628,-20.071,-0.72722,-0.542,-20.067,-0.72314,2
14541,359514,10,3,3,0,0,0,1,5,0,0,0.585,-147.162,-0.73309,-0.000,31.121,16.252,29.046,34.233,15.560,33.714,1460.594,-0.632,-20.072,-0.72997,-0.551,-20.069,-0.73034,2
14557,359524,10,3,3,0,0,0,1,5,0,0,0.585,-147.162,-0.72821,0.763,31.121,16.252,29.046,34.233,15.560,33.714,1460.594,-0.626,-20.070,-0.72509,-0.554,-20.070,-0.73309,2
14557,359534,10,3,3,0,0,0,1,5,0,0,0.585,-147.162,-0.71683,1.373,31.121,16.252,29.046,34.233,15.560,33.714,1460.594,-0.612,-20.066,-0.71371,-0.548,-20.069,-0.72821,2
14572,359544,10,3,3,0,0,0,1,5,0,0,0.585,-147.162,-0.70165,1.587,31.121,16.252,29.046,34.233,15.560,33.714,1460.594,-0.593,-20.060,-0.69853,-0.534,-20.065,-0.71683,2
14572,359554,10,3,3,0,0,0,1,5,0,0,0.585,-147.162,-0.68646,1.556,31.121,16.252,29.046,34.233,15.560,33.714,1460.594,-0.575,-20.055,-0.68334,-0.516,-20.059,-0.70165,2
14587,359564,10,3,3,0,0,0,1,5,0,0,0.585,-147.162,-0.67289,1.434,31.121,16.252,29.046,34.233,15.560,33.714,1460.594,-0.558,-20.050,-0.66977,-0.497,-20.053,-0.68646,2
14602,359574,10,3,3,0,0,0,1,5,0,0,0.585,-147.162,-0.66896,0.244,31.121,16.252,29.046,34.233,15.560,33.714,1460.594,-0.554,-20.048,-0.66584,-0.481,-20.049,-0.67289,2
14602,359584,10,3,3,0,0,0,1,5,0,0,0.585,-147.162,-0.67812,-1.129,31.121,16.252,29.046,34.233,15.560,33.714,1460.594,-0.565,-20.052,-0.67500,-0.476,-20.047,-0.66896,2
14618,359594,10,3,3,0,0,0,1,5,0,0,0.585,-147.162,-0.69483,-1.801,31.121,16.252,29.046,34.233,15.560,33.714,1460.594,-0.585,-20.058,-0.69171,-0.487,-20.050,-0.67812,2
14634,359604,10,3,3,0,0,0,1,5,0,0,0.585,-147.162,-0.70584,-1.038,31.121,16.252,29.046,34.233,15.560,33.714,1460.594,-0.599,-20.062,-0.70272,-0.507,-20.056,-0.69483,2
14634,359614,10,3,3,0,0,0,1,5,0,0,0.585,-147.162,-0.70696,-0.000,31.121,16.252,29.046,34.233,15.560,33.714,1460.594,-0.600,-20.062,-0.70384,-0.521,-20.061,-0.70584,2
14650,359624,10,3,3,0,0,0,1,5,0,0,0.585,-147.162,-0.70197,0.488,31.121,16.252,29.046,34.233,15.560,33.714,1460.594,-0.594,-20.060,-0.69885,-0.522,-20.061,-0.70696,2
14665,359634,10,3,3,0,0,0,1,5,0,0,0.585,-147.162,-0.69451,0.580,31.121,16.252,29.046,34.233,15.560,33.714,1460.594,-0.585,-20.058,-0.69139,-0.516,-20.059,-0.70197,2
14665,359644,10,3,3,0,0,0,1,5,0,0,0.585,-147.162,-0.68690,0.732,31.121,16.252,29.046,34.233,15.560,33.714,1460.594,-0.576,-20.055,-0.68378,-0.507,-20.056,-0.69451,2
14680,359654,10,3,3,0,0,0,1,5,0,0,0.585,-147.162,-0.67880,0.702,31.121,16.252,29.046,34.233,15.560,33.714,1460.594,-0.566,-20.052,-0.67568,-0.498,-20.054,-0.68690,2
14696,359664,10,3,3,0,0,0,1,5,0,0,0.585,-147.162,-0.66829,0.977,31.121,16.252,29.046,34.233,15.560,33.714,1460.594,-0.553,-20.048,-0.66517,-0.488,-20.051,-0.67880,2
14696,359674,10,3,3,0,0,0,1,5,0,0,0.585,-147.162,-0.65409,1.404,31.121,16.252,29.046,34.233,15.560,33.714,1460.594,-0.536,-20.043,-0.65097,-0.475,-20.047,-0.66829,2
14711,359684,10,3,3,0,0,0,1,5,0,0,0.585,-147.162,-0.63558,1.892,31.121,16.252,29.046,34.233,15.560,33.714,1460.594,-0.513,-20.036,-0.63246,-0.458,-20.042,-0.65409,2
14726,359694,10,3,3,0,0,0,1,5,0,0,0.585,-147.162,-0.61345,2.350,31.121,16.252,29.046,34.233,15.560,33.714,1460.594,-0.486,-20.028,-0.61033,-0.435,-20.035,-0.63558,2
14726,359704,10,3,3,0,0,0,1,5,0,0,0.585,-147.162,-0.59029,2.441,31.121,16.252,29.046,34.233,15.560,33.714,1460.594,-0.458,-20.020,-0.58717,-0.408,-20.027,-0.61345,2
14743,359714,10,3,3,0,0,0,1,5,0,0,0.585,-147.162,-0.56915,2.197,31.121,16.252,29.046,34.233,15.560,33.714,1460.594,-0.432,-20.012,-0.56603,-0.380,-20.019,-0.59029,2
14743,359724,10,3,3,0,0,0,1,5,0,0,0.585,-147.162,-0.55085,1.892,31.121,16.252,29.046,34.233,15.560,33.714,1460.594,-0.410,-20.006,-0.54773,-0.354,-20.011,-0.56915,2
14759,359734,10,3,3,0,0,0,1,5,0,0,0.585,-147.162,-0.53427,1.740,31.121,16.252,29.046,34.233,15.560,33.714,1460.594,-0.390,-20.000,-0.53115,-0.332,-20.004,-0.55085,2
14774,359744,10,3,3,0,0,0,1,5,0,0,0.585,-147.162,-0.52137,1.404,31.121,16.252,29.046,34.233,15.560,33.714,1460.594,-0.374,-19.995,-0.51825,-0.312,-19.998,-0.53427,2
14774,359754,10,3,3,0,0,0,1,5,0,0,0.585,-147.162,-0.51192,1.038,31.121,16.252,29.046,34.233,15.560,33.714,1460.594,-0.362,-19.992,-0.50880,-0.296,-19.994,-0.52137,2
14790,359764,10,3,3,0,0,0,1,5,0,0,0.585,-147.162,-0.50504,0.763,31.121,16.252,29.046,34.233,15.560,33.714,1460.594,-0.354,-19.989,-0.50191,-0.285,-19.990,-0.51192,2
14806,359774,10,3,3,0,0,0,1,5,0,0,0.585,-147.162,-0.49757,0.946,31.121,16.252,29.046,34.233,15.560,33.714,1460.594,-0.345,-19.987,-0.49445,-0.276,-19.988,-0.50503,2
14806,359784,10,3,3,0,0,0,1,5,0,0,0.585,-147.122,-0.48822,1.190,31.121,16.252,29.046,34.233,15.560,33.714,1460.594,-0.294,-19.983,-0.48510,-0.267,-19.985,-0.49757,2
14821,359794,10,3,3,0,0,0,1,5,0,0,0.585,-147.122,-0.47638,1.434,31.121,16.252,29.046,34.233,15.560,33.714,1460.594,-0.279,-19.979,-0.47326,-0.216,-19.981,-0.48822,2
14837,359804,10,3,3,0,0,0,1,5,0,0,0.585,-147.047,-0.46051,1.770,31.121,16.252,29.046,34.233,15.560,33.714,1460.594,-0.184,-19.972,-0.45739,-0.201,-19.977,-0.47638,2
14837,359814,10,3,3,0,0,0,1,5,0,0,0.585,-147.047,-0.44267,1.953,31.121,16.252,29.046,34.233,15.560,33.714,1460.594,-0.163,-19.966,-0.43955,-0.107,-19.971,-0.46051,2
14852,359824,10,3,3,0,0,0,1,5,0,0,0.740,-147.047,-0.42370,2.045,31.121,16.252,29.046,34.233,15.560,33.714,1460.594,-0.141,-19.804,-0.42058,-0.085,-19.964,-0.44267,2
14867,359834,10,3,3,0,0,0,1,5,0,0,0.856,-146.967,-0.40521,1.892,31.121,16.252,29.046,34.233,15.560,33.714,1460.594,-0.039,-19.681,-0.40209,-0.063,-19.803,-0.42370,2
14867,359844,10,3,3,0,0,0,1,5,0,0,0.975,-146.967,-0.38826,1.770,31.121,16.252,29.046,34.233,15.560,33.714,1460.594,-0.019,-19.556,-0.38514,0.038,-19.680,-0.40521,2
14883,359854,10,3,3,0,0,0,1,5,0,0,1.246,-146.967,-0.37251,1.556,31.121,16.252,29.046,34.233,15.560,33.714,1460.594,-0.002,-19.280,-0.36939,0.058,-19.554,-0.38826,2
14883,359864,10,3,3,0,0,0,1,5,0,0,1.401,-146.888,-0.35908,1.221,31.121,16.252,29.565,34.233,15.560,33.714,1460.594,0.093,-19.119,-0.35596,0.076,-19.278,-0.37251,2
14899,359874,10,3,3,0,0,0,1,5,0,0,1.596,-146.888,-0.35125,0.458,31.121,16.252,29.565,34.233,15.560,33.714,1460.594,0.102,-18.921,-0.34813,0.171,-19.118,-0.35908,2
14914,359884,10,3,3,0,0,0,1,5,0,0,1.831,-146.812,-0.35444,-0.885,31.121,16.252,29.565,34.233,15.560,33.714,1460.594,0.172,-18.687,-0.35132,0.179,-18.920,-0.35125,2
14914,359894,10,3,3,0,0,0,1,5,0,0,2.066,-146.812,-0.37506,-2.655,31.121,16.252,29.565,34.233,15.560,33.714,1460.594,0.145,-18.460,-0.37194,0.249,-18.686,-0.35444,2
14929,359904,10,3,3,0,0,0,1,5,0,0,2.221,-146.812,-0.41147,-4.089,31.121,16.252,29.565,34.233,15.560,33.714,1460.594,0.100,-18.317,-0.40835,0.223,-18.458,-0.37506,2
14944,359914,10,3,3,0,0,0,1,5,0,0,2.416,-146.732,-0.45907,-5.036,31.121,16.252,30.083,34.233,15.560,33.714,1460.594,0.120,-18.139,-0.45595,0.177,-18.316,-0.41147,2
14944,359924,10,3,3,0,0,0,1,5,0,0,2.647,-146.657,-0.51228,-5.554,31.121,16.252,30.083,34.233,15.560,33.714,1460.594,0.128,-17.927,-0.50916,0.197,-18.137,-0.45907,2
14960,359934,10,3,3,0,0,0,1,5,0,0,2.806,-146.502,-0.56808,-5.737,31.121,16.252,30.083,34.233,15.560,33.714,1460.594,0.214,-17.786,-0.56496,0.206,-17.925,-0.51228,2
14976,359944,10,3,3,0,0,0,1,5,0,0,3.037,-146.422,-0.62272,-5.493,31.121,16.252,30.083,34.233,15.560,33.714,1460.594,0.225,-17.574,-0.61960,0.292,-17.784,-0.56808,2
14976,359954,10,3,3,0,0,0,1,5,0,0,3.272,-146.267,-0.67267,-4.913,31.121,16.252,30.602,34.233,15.560,33.714,1460.594,0.317,-17.356,-0.66955,0.303,-17.573,-0.62272,2
14991,359964,10,3,3,0,0,0,1,5,0,0,3.507,-146.187,-0.71529,-4.212,31.121,16.252,30.602,34.233,15.560,33.714,1460.594,0.342,-17.135,-0.71217,0.394,-17.354,-0.67267,2
15007,359974,10,3,3,0,0,0,1,5,0,0,3.742,-146.112,-0.75128,-3.723,31.121,16.252,30.602,34.233,15.560,33.714,1460.594,0.370,-16.912,-0.74816,0.419,-17.134,-0.71529,2
15007,359984,10,3,3,0,0,0,1,5,0,0,3.897,-146.032,-0.78439,-3.510,31.121,16.252,30.602,34.233,15.560,33.714,1460.594,0.408,-16.768,-0.78127,0.448,-16.911,-0.75128,2
15023,359994,10,3,3,0,0,0,1,5,0,0,4.052,-145.957,-0.82588,-2.747,31.121,16.252,30.602,34.233,15.560,34.233,1460.594,0.430,-16.627,-0.82276,0.485,-16.767,-0.78439,2
15023,360004,10,3,3,0,0,0,1,5,0,0,4.207,-145.877,-0.84651,-2.136,31.121,16.252,30.602,34.233,15.560,34.233,1460.594,0.483,-16.479,-0.84339,0.508,-16.626,-0.82588,2
15038,360014,10,3,3,0,0,0,1,5,0,0,4.287,-145.797,-0.86037,-1.465,31.121,16.252,30.602,34.233,15.560,34.233,1460.594,0.545,-16.403,-0.85725,0.560,-16.477,-0.84651,2
15055,360024,10,3,3,0,0,0,1,5,0,0,4.362,-145.797,-0.86537,-0.519,31.121,16.252,30.602,34.233,15.560,34.233,1460.594,0.537,-16.329,-0.86225,0.622,-16.401,-0.86037,2
15055,360034,10,3,3,0,0,0,1,5,0,0,4.362,-145.797,-0.86135,0.336,31.121,16.252,30.602,34.233,15.560,34.233,1460.594,0.542,-16.328,-0.85823,0.615,-16.328,-0.86537,2
15070,360044,10,3,3,0,0,0,1,5,0,0,4.362,-145.797,-0.85342,0.732,31.121,16.252,30.602,34.233,15.560,34.233,1460.594,0.552,-16.325,-0.85030,0.620,-16.326,-0.86135,2
15086,360054,10,3,3,0,0,0,1,5,0,0,4.362,-145.797,-0.84613,0.916,31.121,16.252,30.602,34.233,15.560,34.233,1460.594,0.561,-16.322,-0.84301,0.629,-16.323,-0.85342,2
15086,360064,10,3,3,0,0,0,1,5,0,0,4.362,-145.797,-0.84022,0.824,31.121,16.252,31.121,34.233,15.560,34.233,1460.594,0.568,-16.320,-0.83710,0.638,-16.321,-0.84613,2
15101,360074,10,3,3,0,0,0,1,5,0,0,4.362,-145.797,-0.83451,0.793,31.121,16.252,31.121,34.233,15.560,34.233,1460.594,0.575,-16.318,-0.83139,0.645,-16.319,-0.84022,2
15117,360084,10,3,3,0,0,0,1,5,0,0,4.362,-145.797,-0.82789,0.855,31.121,16.252,31.121,34.233,15.560,34.233,1460.594,0.583,-16.315,-0.82477,0.652,-16.316,-0.83451,2
15117,360094,10,3,3,0,0,0,1,5,0,0,4.362,-145.797,-0.82007,0.946,31.121,16.252,31.121,34.233,15.560,34.233,1460.594,0.592,-16.313,-0.81695,0.660,-16.314,-0.82789,2
15132,360104,10,3,3,0,0,0,1,5,0,0,4.362,-145.797,-0.81296,0.885,31.121,16.252,31.121,34.233,15.560,34.233,1460.594,0.601,-16.310,-0.80984,0.670,-16.311,-0.82007,2
15132,360114,10,3,3,0,0,0,1,5,0,0,4.362,-145.797,-0.80458,0.977,31.121,16.252,31.121,34.233,15.560,34.233,1460.594,0.611,-16.307,-0.80146,0.679,-16.309,-0.81296,2
15147,360124,10,3,3,0,0,0,1,5,0,0,4.362,-145.797,-0.79389,1.099,31.121,16.252,31.121,34.233,15.560,34.233,1460.594,0.624,-16.303,-0.79077,0.689,-16.305,-0.80458,2
15162,360134,10,3,3,0,0,0,1,5,0,0,4.442,-145.797,-0.78377,0.977,31.121,16.252,31.121,34.233,15.560,34.233,1460.594,0.635,-16.220,-0.78064,0.702,-16.302,-0.79389,2
15162,360144,10,3,3,0,0,0,1,5,0,0,4.442,-145.797,-0.77607,0.885,31.121,16.252,31.121,34.233,15.560,34.233,1460.594,0.645,-16.217,-0.77295,0.713,-16.218,-0.78377,2
15177,360154,10,3,3,0,0,0,1,5,0,0,4.442,-145.797,-0.77019,0.732,31.121,16.252,31.121,34.233,15.560,34.233,1460.594,0.652,-16.215,-0.76707,0.722,-16.215,-0.77607,2
15193,360164,10,3,3,0,0,0,1,5,0,0,4.517,-145.797,-0.76570,0.580,31.121,16.252,31.121,34.233,15.560,34.233,1460.594,0.656,-16.138,-0.76258,0.730,-16.213,-0.77019,2
15193,360174,10,3,3,0,0,0,1,5,0,0,4.597,-145.797,-0.76338,0.305,31.639,16.252,31.121,34.233,15.560,34.233,1460.594,0.658,-16.057,-0.76026,0.734,-16.136,-0.76570,2
15208,360184,10,3,3,0,0,0,1,5,0,0,4.673,-145.797,-0.76094,0.336,31.639,16.252,31.639,34.233,15.560,34.233,1460.594,0.660,-15.981,-0.75782,0.736,-16.055,-0.76338,2
15224,360194,10,3,3,0,0,0,1,5,0,0,4.752,-145.797,-0.75681,0.427,31.639,16.252,31.639,34.233,15.560,34.233,1460.594,0.664,-15.899,-0.75369,0.738,-15.979,-0.76094,2
15224,360204,10,3,3,0,0,0,1,5,0,0,4.832,-145.762,-0.75036,0.641,31.639,16.252,31.639,34.233,15.560,34.233,1460.594,0.706,-15.817,-0.74724,0.742,-15.898,-0.75681,2
15240,360214,10,3,3,0,0,0,1,5,0,0,4.907,-145.762,-0.74264,0.824,31.639,16.252,31.639,34.233,15.560,34.233,1460.594,0.715,-15.739,-0.73952,0.784,-15.815,-0.75036,2
15256,360224,10,3,3,0,0,0,1,5,0,0,4.987,-145.762,-0.73388,0.793,31.639,16.252,32.158,34.233,15.560,34.233,1460.594,0.725,-15.656,-0.73076,0.792,-15.737,-0.74264,2
15256,360234,10,3,3,0,0,0,1,5,0,0,5.142,-145.762,-0.72433,0.824,31.639,16.252,32.158,34.233,15.560,34.233,1460.594,0.734,-15.497,-0.72121,0.802,-15.654,-0.73388,2
15271,360244,10,3,3,0,0,0,1,5,0,0,5.222,-145.762,-0.71583,0.671,31.639,16.252,32.158,34.233,15.560,34.233,1460.594,0.744,-15.414,-0.71271,0.812,-15.496,-0.72433,2
15287,360254,10,3,3,0,0,0,1,5,0,0,5.222,-145.762,-0.70960,0.488,31.639,16.252,32.158,34.233,15.560,34.233,1460.594,0.751,-15.412,-0.70648,0.821,-15.413,-0.71583,2
15287,360264,10,3,3,0,0,0,1,5,0,0,5.298,-145.762,-0.70431,0.488,31.639,16.252,32.158,34.233,15.560,34.233,1460.594,0.757,-15.335,-0.70119,0.829,-15.410,-0.70960,2
15302,360274,10,3,3,0,0,0,1,5,0,0,5.377,-145.762,-0.69747,0.610,31.639,16.252,32.158,34.233,15.560,34.233,1460.594,0.764,-15.252,-0.69435,0.834,-15.333,-0.70431,2
15302,360284,10,3,3,0,0,0,1,5,0,0,5.377,-145.762,-0.68916,0.763,31.639,16.252,32.158,34.751,15.560,34.233,1461.113,0.774,-15.249,-0.68604,0.841,-15.251,-0.69747,2
15318,360294,10,3,3,0,0,0,1,5,0,0,5.453,-145.762,-0.67906,0.946,31.639,16.252,32.158,34.751,15.560,34.233,1461.113,0.785,-15.170,-0.67594,0.852,-15.248,-0.68916,2
15334,360304,10,3,3,0,0,0,1,5,0,0,5.453,-145.762,-0.66692,1.190,31.639,16.252,32.158,34.751,15.560,34.233,1461.113,0.800,-15.166,-0.66380,0.863,-15.169,-0.67906,2
15334,360314,10,3,3,0,0,0,1,5,0,0,5.533,-145.762,-0.65573,1.129,31.639,16.252,32.158,34.751,15.560,34.233,1461.113,0.813,-15.082,-0.65261,0.878,-15.164,-0.66692,2
15350,360324,10,3,3,0,0,0,1,5,0,0,5.533,-145.762,-0.64676,0.977,31.639,16.252,32.677,34.751,15.560,34.233,1461.113,0.824,-15.079,-0.64364,0.890,-15.080,-0.65573,2
15366,360334,10,3,3,0,0,0,1,5,0,0,5.608,-145.762,-0.63883,0.763,31.639,16.252,32.677,34.751,15.560,34.233,1461.113,0.833,-15.000,-0.63570,0.901,-15.077,-0.64676,2
15366,360344,10,3,3,0,0,0,1,5,0,0,5.608,-145.762,-0.63268,0.549,31.639,16.252,32.677,34.751,15.560,34.233,1461.113,0.840,-14.998,-0.62956,0.910,-14.999,-0.63882,2
15380,360354,10,3,3,0,0,0,1,5,0,0,5.608,-145.762,-0.62866,0.336,31.639,16.252,32.677,34.751,15.560,34.233,1461.113,0.845,-14.997,-0.62554,0.918,-14.997,-0.63268,2
15396,360364,10,3,3,0,0,0,1,5,0,0,5.608,-145.762,-0.62783,-0.000,31.639,16.252,32.677,34.751,15.560,34.233,1461.113,0.846,-14.996,-0.62471,0.923,-14.995,-0.62866,2
15396,360374,10,3,3,0,0,0,1,5,0,0,5.608,-145.762,-0.62749,-0.000,31.639,16.252,32.677,34.751,15.560,34.233,1461.113,0.847,-14.996,-0.62437,0.924,-14.995,-0.62783,2
15411,360384,10,3,3,0,0,0,1,5,0,0,5.608,-145.762,-0.62644,0.305,31.639,16.252,32.677,34.751,15.560,34.233,1461.113,0.848,-14.996,-0.62332,0.924,-14.995,-0.62749,2
15427,360394,10,3,3,0,0,0,1,5,0,0,5.688,-145.762,-0.62222,0.488,31.639,16.252,32.677,34.751,15.560,34.233,1461.113,0.852,-14.915,-0.61910,0.925,-14.995,-0.62644,2
15427,360404,10,3,3,0,0,0,1,5,0,0,5.688,-145.762,-0.61630,0.732,31.639,16.252,32.677,34.751,15.560,34.233,1461.113,0.859,-14.913,-0.61317,0.930,-14.913,-0.62222,2
15442,360414,10,3,3,0,0,0,1,5,0,0,5.688,-145.762,-0.60851,0.946,31.639,16.252,32.677,34.751,15.560,34.233,1461.113,0.869,-14.910,-0.60539,0.937,-14.911,-0.61629,2
15442,360424,10,3,3,0,0,0,1,5,0,0,5.768,-145.762,-0.60059,0.946,32.158,16.252,32.677,34.751,15.560,34.233,1461.113,0.878,-14.827,-0.59747,0.946,-14.908,-0.60851,2
15458,360434,10,3,3,0,0,0,1,5,0,0,5.768,-145.762,-0.59267,0.885,32.158,16.252,32.677,34.751,15.560,34.233,1461.113,0.887,-14.824,-0.58955,0.955,-14.826,-0.60059,2
15474,360444,10,3,3,0,0,0,1,5,0,0,5.768,-145.762,-0.58587,0.732,32.158,16.252,32.677,34.751,15.560,34.233,1461.113,0.896,-14.822,-0.58275,0.965,-14.823,-0.59267,2
15474,360454,10,3,3,0,0,0,1,5,0,0,5.843,-145.762,-0.57960,0.732,32.158,16.252,33.195,34.751,15.560,34.233,1461.113,0.902,-14.744,-0.57648,0.973,-14.820,-0.58587,2
15489,360464,10,3,3,0,0,0,1,5,0,0,5.923,-145.762,-0.57347,0.702,32.158,16.252,33.195,34.751,15.560,34.233,1461.113,0.909,-14.662,-0.57035,0.980,-14.743,-0.57960,2
15504,360474,10,3,3,0,0,0,1,5,0,0,5.998,-145.762,-0.56764,0.702,32.158,16.252,33.195,34.751,15.560,34.233,1461.113,0.915,-14.585,-0.56452,0.987,-14.661,-0.57347,2
15504,360484,10,3,3,0,0,0,1,5,0,0,6.078,-145.762,-0.56092,0.885,32.677,16.252,33.195,34.751,15.560,34.233,1461.113,0.923,-14.502,-0.55780,0.993,-14.583,-0.56764,2
15520,360494,10,3,3,0,0,0,1,5,0,0,6.153,-145.762,-0.54979,1.373,32.677,16.252,33.195,34.751,15.560,34.233,1461.113,0.936,-14.423,-0.54667,1.000,-14.501,-0.56092,2
15536,360504,10,3,3,0,0,0,1,5,0,0,6.233,-145.762,-0.53273,1.953,33.195,16.252,33.714,34.751,15.560,34.233,1461.113,0.956,-14.337,-0.52961,1.013,-14.422,-0.54979,2
15536,360514,10,3,3,0,0,0,1,5,0,0,6.388,-145.762,-0.51156,2.319,33.195,16.252,33.714,34.751,15.560,34.233,1461.113,0.980,-14.174,-0.50844,1.033,-14.336,-0.53273,2
15551,360524,10,3,3,0,0,0,1,5,0,0,6.543,-145.762,-0.48943,2.350,33.195,16.252,33.714,34.751,15.560,34.751,1461.113,1.006,-14.011,-0.48631,1.058,-14.173,-0.51156,2
15567,360534,10,3,3,0,0,0,1,5,0,0,6.703,-145.762,-0.47323,1.343,33.195,16.252,33.714,35.270,15.560,34.751,1461.632,1.024,-13.846,-0.47011,1.083,-14.010,-0.48943,2
15567,360544,10,3,3,0,0,0,1,5,0,0,6.933,-145.762,-0.46997,0.244,33.195,16.252,34.233,35.270,15.560,35.270,1461.632,1.026,-13.614,-0.46685,1.102,-13.844,-0.47323,2
15583,360554,10,3,3,0,0,0,1,5,0,0,7.168,-145.762,-0.47706,-0.732,33.714,16.252,34.751,35.270,15.560,35.270,1462.150,1.016,-13.382,-0.47394,1.104,-13.613,-0.46997,2
15583,360564,10,3,3,0,0,0,1,5,0,0,7.403,-145.762,-0.48438,-0.610,34.233,16.252,34.751,35.789,15.560,35.789,1462.150,1.005,-13.149,-0.48126,1.093,-13.380,-0.47706,2
15599,360574,10,3,3,0,0,0,1,5,0,0,7.714,-145.762,-0.48342,-0.000,34.233,16.252,34.751,35.789,15.560,35.789,1462.150,1.003,-12.839,-0.48030,1.082,-13.148,-0.48438,2
15613,360584,10,3,3,0,0,0,1,5,0,0,7.909,-145.762,-0.47198,1.221,34.233,16.252,35.270,36.307,15.560,35.789,1462.669,1.016,-12.640,-0.46886,1.081,-12.837,-0.48342,2
15613,360594,10,3,3,0,0,0,1,5,0,0,8.219,-145.762,-0.45378,1.556,34.751,16.252,35.789,36.307,15.560,36.307,1463.188,1.035,-12.323,-0.45066,1.093,-12.638,-0.47198,2
15629,360604,10,3,3,0,0,0,1,5,0,0,8.454,-145.762,-0.44003,1.038,35.270,16.252,35.789,36.826,15.560,36.307,1463.188,1.050,-12.083,-0.43691,1.113,-12.321,-0.45378,2
15645,360614,10,3,3,0,0,0,1,5,0,0,8.844,-145.762,-0.43229,0.885,35.789,16.252,35.789,36.826,15.560,36.826,1463.188,1.057,-11.690,-0.42917,1.128,-12.081,-0.44003,2
15645,360624,10,3,3,0,0,0,1,5,0,0,9.079,-145.762,-0.41812,1.343,35.789,16.252,36.307,36.826,15.560,36.826,1463.706,1.072,-11.450,-0.41500,1.134,-11.688,-0.43229,2
15660,360634,10,3,3,0,0,0,1,5,0,0,9.389,-145.762,-0.40115,1.373,35.789,16.252,36.826,37.345,15.560,36.826,1464.225,1.091,-11.134,-0.39803,1.150,-11.448,-0.41812,2
15676,360644,10,3,3,0,0,0,1,5,0,0,9.545,-145.762,-0.38779,1.251,36.307,16.252,36.826,37.345,15.560,36.826,1464.225,1.106,-10.974,-0.38467,1.168,-11.132,-0.40115,2
15676,360654,10,3,3,0,0,0,1,5,0,0,9.855,-145.762,-0.37950,0.946,36.826,16.252,37.345,37.863,15.560,37.345,1464.744,1.114,-10.660,-0.37638,1.183,-10.972,-0.38779,2
15692,360664,10,3,3,0,0,0,1,5,0,0,10.090,-145.762,-0.37727,-0.000,36.826,16.252,37.345,37.863,15.560,37.863,1464.744,1.115,-10.425,-0.37415,1.191,-10.659,-0.37950,2
15692,360674,10,3,3,0,0,0,1,5,0,0,10.325,-145.762,-0.37910,-0.397,36.826,16.252,37.863,38.382,15.560,37.863,1465.262,1.111,-10.190,-0.37598,1.192,-10.423,-0.37727,2
15708,360684,10,3,3,0,0,0,1,5,0,0,10.595,-145.762,-0.38530,-1.007,37.345,16.252,37.863,38.382,15.560,37.863,1465.262,1.102,-9.922,-0.38218,1.189,-10.189,-0.37910,2
15724,360694,10,3,3,0,0,0,1,5,0,0,10.755,-145.762,-0.38686,-0.000,37.345,16.252,38.382,38.382,15.560,38.382,1465.781,1.099,-9.763,-0.38373,1.179,-9.921,-0.38530,2
15724,360704,10,3,3,0,0,0,1,5,0,0,10.910,-145.762,-0.38353,0.519,37.345,16.252,38.382,38.901,15.560,38.382,1465.781,1.102,-9.607,-0.38041,1.176,-9.762,-0.38686,2
15740,360714,10,3,3,0,0,0,1,5,0,0,11.140,-145.762,-0.37498,1.129,37.863,16.252,38.382,38.901,15.560,38.901,1465.781,1.111,-9.373,-0.37186,1.179,-9.605,-0.38353,2
15755,360724,10,3,3,0,0,0,1,5,0,0,11.300,-145.762,-0.36682,0.458,38.382,16.252,38.382,39.419,15.560,38.901,1465.781,1.120,-9.211,-0.36370,1.188,-9.372,-0.37498,2
15755,360734,10,3,3,0,0,0,1,5,0,0,11.531,-145.762,-0.36489,-0.000,38.382,16.252,38.901,39.419,15.560,38.901,1466.300,1.121,-8.979,-0.36177,1.197,-9.209,-0.36682,2
15770,360744,10,3,3,0,0,0,1,5,0,0,11.610,-145.722,-0.36785,-0.580,38.382,16.252,38.901,39.419,15.560,38.901,1466.300,1.157,-8.900,-0.36473,1.198,-8.978,-0.36489,2
15785,360754,10,3,3,0,0,0,1,5,0,0,11.766,-145.722,-0.36944,-0.244,38.382,16.252,38.901,39.419,15.560,38.901,1466.300,1.154,-8.746,-0.36632,1.234,-8.899,-0.36785,2
15785,360764,10,3,3,0,0,0,1,5,0,0,11.845,-145.722,-0.36594,0.366,38.382,16.252,39.419,39.419,15.560,39.419,1466.818,1.158,-8.665,-0.36282,1.231,-8.744,-0.36944,2
15801,360774,10,3,3,0,0,0,1,5,0,0,11.921,-145.722,-0.35778,0.671,38.382,16.252,39.419,39.419,15.560,39.419,1466.818,1.167,-8.587,-0.35466,1.235,-8.663,-0.36594,2
15817,360784,10,3,3,0,0,0,1,5,0,0,12.000,-145.722,-0.34745,0.885,38.901,16.252,39.419,39.419,15.560,39.419,1466.818,1.179,-8.503,-0.34433,1.244,-8.585,-0.35778,2
15817,360794,10,3,3,0,0,0,1,5,0,0,12.000,-145.722,-0.33748,1.038,38.901,16.252,39.419,39.419,15.560,39.419,1466.818,1.191,-8.500,-0.33436,1.256,-8.502,-0.34745,2
15831,360804,10,3,3,0,0,0,1,5,0,0,12.076,-145.722,-0.32834,1.068,39.419,16.252,39.419,39.419,15.560,39.419,1466.818,1.202,-8.421,-0.32522,1.268,-8.498,-0.33748,2
15848,360814,10,3,3,0,0,0,1,5,0,0,12.076,-145.722,-0.31887,1.099,39.419,16.252,39.419,39.938,15.560,39.419,1466.818,1.214,-8.418,-0.31575,1.279,-8.419,-0.32834,2
15848,360824,10,3,3,0,0,0,1,5,0,0,12.156,-145.722,-0.30977,1.007,39.419,16.252,39.419,39.938,15.560,39.419,1466.818,1.224,-8.335,-0.30665,1.291,-8.416,-0.31887,2
15863,360834,10,3,3,0,0,0,1,5,0,0,12.235,-145.722,-0.30418,0.580,39.419,16.252,39.419,39.938,15.560,39.419,1466.818,1.231,-8.253,-0.30106,1.301,-8.333,-0.30977,2
15863,360844,10,3,3,0,0,0,1,5,0,0,12.235,-145.722,-0.30338,-0.000,39.419,16.252,39.938,39.938,15.560,39.419,1467.337,1.232,-8.252,-0.30026,1.308,-8.251,-0.30418,2
15878,360854,10,3,3,0,0,0,1,5,0,0,12.311,-145.722,-0.30817,-0.519,39.419,16.252,39.938,39.938,15.560,39.419,1467.337,1.225,-8.179,-0.30505,1.309,-8.251,-0.30338,2
15894,360864,10,3,3,0,0,0,1,5,0,0,12.391,-145.722,-0.31905,-1.160,39.419,16.252,39.938,40.457,15.560,39.938,1467.337,1.212,-8.103,-0.31593,1.302,-8.177,-0.30817,2
15894,360874,10,3,3,0,0,0,1,5,0,0,12.466,-145.722,-0.33546,-1.679,39.419,16.252,39.938,40.457,15.560,39.938,1467.337,1.191,-8.033,-0.33234,1.289,-8.101,-0.31905,2
15910,360884,10,3,3,0,0,0,1,5,0,0,12.546,-145.722,-0.35325,-1.862,39.419,16.252,39.938,40.457,15.560,39.938,1467.337,1.169,-7.960,-0.35013,1.268,-8.032,-0.33546,2
15926,360894,10,3,3,0,0,0,1,5,0,0,12.621,-145.722,-0.36861,-1.617,39.419,16.252,39.938,40.457,15.560,40.457,1467.337,1.150,-7.890,-0.36549,1.246,-7.958,-0.35325,2
15926,360904,10,3,3,0,0,0,1,5,0,0,12.701,-145.722,-0.37865,-1.038,39.419,16.252,39.938,40.457,15.560,40.457,1467.337,1.137,-7.814,-0.37553,1.227,-7.889,-0.36861,2
15941,360914,10,3,3,0,0,0,1,5,0,0,12.701,-145.682,-0.38347,-0.580,39.419,16.252,39.938,40.457,15.560,40.457,1467.337,1.171,-7.815,-0.38035,1.214,-7.812,-0.37865,2
15957,360924,10,3,3,0,0,0,1,5,0,0,12.701,-145.682,-0.38299,-0.000,39.419,16.252,39.938,40.457,15.560,40.457,1467.337,1.172,-7.815,-0.37987,1.248,-7.814,-0.38347,2
15957,360934,10,3,3,0,0,0,1,5,0,0,12.701,-145.682,-0.38120,-0.000,39.419,16.252,39.938,40.457,15.560,40.457,1467.337,1.174,-7.814,-0.37808,1.249,-7.814,-0.38299,2
15973,360944,10,3,3,0,0,0,1,5,0,0,12.701,-145.682,-0.37892,0.305,39.419,16.252,39.938,40.457,15.560,40.457,1467.337,1.177,-7.814,-0.37579,1.251,-7.813,-0.38120,2
15973,360954,10,3,3,0,0,0,1,5,0,0,12.701,-145.682,-0.37498,0.519,39.419,16.252,39.938,40.457,15.560,40.457,1467.337,1.181,-7.812,-0.37186,1.254,-7.812,-0.37892,2
15989,360964,10,3,3,0,0,0,1,5,0,0,12.701,-145.682,-0.37014,0.641,39.419,16.252,39.938,40.457,15.560,40.457,1467.337,1.187,-7.810,-0.36702,1.259,-7.811,-0.37498,2
16005,360974,10,3,3,0,0,0,1,5,0,0,12.701,-145.682,-0.36586,0.549,39.419,16.252,39.938,40.457,15.560,40.457,1467.337,1.193,-7.809,-0.36274,1.264,-7.809,-0.37014,2
16005,360984,10,3,3,0,0,0,1,5,0,0,12.701,-145.682,-0.36474,-0.000,39.419,16.252,39.938,40.457,15.560,40.457,1467.337,1.194,-7.809,-0.36162,1.270,-7.807,-0.36586,2
16021,360994,10,3,3,0,0,0,1,5,0,0,12.701,-145.682,-0.36616,-0.275,39.419,16.252,39.938,40.457,15.560,40.457,1467.337,1.192,-7.809,-0.36304,1.271,-7.807,-0.36474,2
16035,361004,10,3,3,0,0,0,1,5,0,0,12.701,-145.682,-0.36953,-0.336,39.419,16.252,39.938,40.457,15.560,40.457,1467.337,1.188,-7.810,-0.36640,1.269,-7.808,-0.36616,2
16035,361014,10,3,3,0,0,0,1,5,0,0,12.701,-145.682,-0.37214,-0.305,39.419,16.252,39.938,40.457,15.560,40.457,1467.337,1.185,-7.811,-0.36902,1.265,-7.809,-0.36952,2
16051,361024,10,3,3,0,0,0,1,5,0,0,12.701,-145.682,-0.37060,-0.000,39.419,16.252,39.938,40.457,15.560,40.457,1467.337,1.187,-7.811,-0.36748,1.262,-7.810,-0.37214,2
16067,361034,10,3,3,0,0,0,1,5,0,0,12.701,-145.682,-0.36973,-0.000,39.419,16.252,39.938,40.457,15.560,40.457,1467.337,1.188,-7.810,-0.36661,1.264,-7.809,-0.37060,2
16067,361044,10,3,3,0,0,0,1,5,0,0,12.701,-145.682,-0.37123,-0.000,39.419,16.252,39.938,40.457,15.560,40.457,1467.337,1.186,-7.811,-0.36811,1.265,-7.809,-0.36973,2
16083,361054,10,3,3,0,0,0,1,5,0,0,12.701,-145.682,-0.37301,-0.000,39.419,16.252,39.938,40.457,15.560,40.457,1467.337,1.184,-7.812,-0.36989,1.263,-7.809,-0.37123,2
16083,361064,10,3,3,0,0,0,1,5,0,0,12.701,-145.682,-0.37396,-0.000,39.419,16.252,39.938,40.457,15.560,40.457,1467.337,1.183,-7.812,-0.37084,1.261,-7.810,-0.37301,2
16099,361074,10,3,3,0,0,0,1,5,0,0,12.701,-145.682,-0.37418,-0.000,39.419,16.252,39.938,40.457,15.560,40.457,1467.337,1.182,-7.812,-0.37106,1.260,-7.810,-0.37396,2
16114,361084,10,3,3,0,0,0,1,5,0,0,12.701,-145.682,-0.37297,-0.000,39.419,16.252,39.938,40.457,15.560,40.457,1467.337,1.184,-7.811,-0.36985,1.260,-7.810,-0.37418,2
16114,361094,10,3,3,0,0,0,1,5,0,0,12.701,-145.682,-0.36931,0.336,39.419,16.252,39.938,40.457,15.560,40.457,1467.337,1.188,-7.810,-0.36619,1.261,-7.810,-0.37297,2
16130,361104,10,3,3,0,0,0,1,5,0,0,12.701,-145.642,-0.36635,0.244,39.419,16.252,39.938,40.457,15.560,40.457,1467.337,1.232,-7.809,-0.36323,1.265,-7.809,-0.36931,2
16145,361114,10,3,3,0,0,0,1,5,0,0,12.701,-145.642,-0.36614,-0.000,39.419,16.252,39.938,40.457,15.560,40.457,1467.337,1.232,-7.809,-0.36302,1.309,-7.807,-0.36635,2
16145,361124,10,3,3,0,0,0,1,5,0,0,12.701,-145.642,-0.36683,-0.000,39.419,16.252,39.938,40.457,15.560,40.457,1467.337,1.231,-7.809,-0.36371,1.309,-7.807,-0.36614,2
16161,361134,10,3,3,0,0,0,1,5,0,0,12.701,-145.642,-0.36750,-0.000,39.419,16.252,39.938,40.457,15.560,40.457,1467.337,1.230,-7.809,-0.36438,1.308,-7.808,-0.36683,2
16177,361144,10,3,3,0,0,0,1,5,0,0,12.701,-145.642,-0.36775,-0.000,39.419,16.252,39.938,40.457,15.560,40.457,1467.337,1.230,-7.809,-0.36463,1.308,-7.808,-0.36750,2
16177,361154,10,3,3,0,0,0,1,5,0,0,12.701,-145.642,-0.36696,-0.000,39.419,16.252,39.938,40.457,15.560,40.457,1467.337,1.231,-7.809,-0.36384,1.307,-7.808,-0.36775,2
16192,361164,10,3,3,0,0,0,1,5,0,0,12.701,-145.642,-0.36441,0.244,39.419,16.252,39.938,40.457,15.560,40.457,1467.337,1.234,-7.808,-0.36129,1.308,-7.808,-0.36696,2
16192,361174,10,3,3,0,0,0,1,5,0,0,12.701,-145.642,-0.35992,0.427,39.419,16.252,39.938,40.457,15.560,40.457,1467.337,1.240,-7.807,-0.35680,1.311,-7.807,-0.36441,2
16207,361184,10,3,3,0,0,0,1,5,0,0,12.701,-145.642,-0.35376,0.702,39.419,16.252,39.938,40.457,15.560,40.457,1467.337,1.247,-7.804,-0.35064,1.317,-7.805,-0.35992,2
16223,361194,10,3,3,0,0,0,1,5,0,0,12.701,-145.642,-0.34689,0.732,39.419,16.252,39.938,40.457,15.560,40.457,1467.337,1.256,-7.802,-0.34377,1.324,-7.803,-0.35376,2
16223,361204,10,3,3,0,0,0,1,5,0,0,12.701,-145.642,-0.34095,0.641,39.419,16.252,39.938,40.457,15.560,40.457,1467.337,1.263,-7.800,-0.33783,1.333,-7.800,-0.34689,2
16238,361214,10,3,3,0,0,0,1,5,0,0,12.701,-145.642,-0.33518,0.458,39.419,16.252,39.938,40.457,15.560,40.457,1467.337,1.270,-7.798,-0.33206,1.340,-7.798,-0.34095,2
16253,361224,10,3,3,0,0,0,1,5,0,0,12.701,-145.642,-0.33224,0.336,39.419,16.252,39.938,40.457,15.560,40.457,1467.337,1.273,-7.797,-0.32912,1.347,-7.796,-0.33518,2
16253,361234,10,3,3,0,0,0,1,5,0,0,12.701,-145.642,-0.32890,0.336,39.419,16.252,39.938,40.457,15.560,40.457,1467.337,1.278,-7.796,-0.32578,1.351,-7.795,-0.33224,2
16268,361244,10,3,3,0,0,0,1,5,0,0,12.701,-145.642,-0.32492,0.397,39.419,16.252,39.938,40.457,15.560,40.457,1467.337,1.282,-7.794,-0.32180,1.355,-7.794,-0.32890,2
16284,361254,10,3,3,0,0,0,1,5,0,0,12.701,-145.642,-0.32214,0.305,39.419,16.252,39.938,40.457,15.560,40.457,1467.337,1.286,-7.793,-0.31902,1.359,-7.793,-0.32492,2
16284,361264,10,3,3,0,0,0,1,5,0,0,12.701,-145.642,-0.32364,-0.000,39.419,16.252,39.938,40.457,15.560,40.457,1467.337,1.284,-7.794,-0.32052,1.363,-7.792,-0.32214,2
16300,361274,10,3,3,0,0,0,1,5,0,0,12.701,-145.642,-0.32681,-0.366,39.419,16.252,39.938,40.457,15.560,40.457,1467.337,1.280,-7.795,-0.32369,1.361,-7.792,-0.32364,2
16316,361284,10,3,3,0,0,0,1,5,0,0,12.701,-145.642,-0.33383,-0.671,39.419,16.252,39.938,40.457,15.560,40.457,1467.337,1.272,-7.797,-0.33071,1.357,-7.793,-0.32681,2
16316,361294,10,3,3,0,0,0,1,5,0,0,12.701,-145.642,-0.34185,-0.793,39.419,16.252,39.938,40.457,15.560,40.457,1467.337,1.262,-7.800,-0.33873,1.349,-7.796,-0.33383,2
16333,361304,10,3,3,0,0,0,1,5,0,0,12.701,-145.642,-0.34788,-0.641,39.419,16.252,39.938,40.457,15.560,40.457,1467.337,1.254,-7.802,-0.34476,1.339,-7.799,-0.34185,2
16333,361314,10,3,3,0,0,0,1,5,0,0,12.701,-145.602,-0.35217,-0.519,39.419,16.252,39.938,40.457,15.560,40.457,1467.337,1.289,-7.804,-0.34905,1.331,-7.801,-0.34788,2
16347,361324,10,3,3,0,0,0,1,5,0,0,12.701,-145.602,-0.35463,-0.366,39.419,16.252,39.938,40.457,15.560,40.457,1467.337,1.286,-7.804,-0.35151,1.366,-7.802,-0.35217,2
16362,361334,10,3,3,0,0,0,1,5,0,0,12.701,-145.602,-0.35461,-0.000,39.419,16.252,39.938,40.457,15.560,40.457,1467.337,1.286,-7.804,-0.35149,1.363,-7.803,-0.35463,2
16362,361344,10,3,3,0,0,0,1,5,0,0,12.701,-145.602,-0.35480,-0.244,39.419,16.252,39.938,40.457,15.560,40.457,1467.337,1.286,-7.805,-0.35168,1.363,-7.803,-0.35461,2
16378,361354,10,3,3,0,0,0,1,5,0,0,12.701,-145.602,-0.35668,-0.275,39.419,16.252,39.938,40.457,15.560,40.457,1467.337,1.284,-7.805,-0.35356,1.363,-7.803,-0.35480,2
16394,361364,10,3,3,0,0,0,1,5,0,0,12.701,-145.602,-0.35987,-0.305,39.419,16.252,39.938,40.457,15.560,40.457,1467.337,1.280,-7.806,-0.35675,1.361,-7.804,-0.35668,2
16394,361374,10,3,3,0,0,0,1,5,0,0,12.701,-145.602,-0.36265,-0.275,39.419,16.252,39.938,40.457,15.560,40.457,1467.337,1.276,-7.807,-0.35953,1.357,-7.805,-0.35987,2
16409,361384,10,3,3,0,0,0,1,5,0,0,12.701,-145.602,-0.36454,-0.305,39.419,16.252,39.938,40.457,15.560,40.457,1467.337,1.274,-7.808,-0.36142,1.353,-7.806,-0.36265,2
16425,361394,10,3,3,0,0,0,1,5,0,0,12.701,-145.602,-0.36577,-0.000,39.419,16.252,39.938,40.457,15.560,40.457,1467.337,1.272,-7.808,-0.36265,1.351,-7.806,-0.36454,2
16425,361404,10,3,3,0,0,0,1,5,0,0,12.701,-145.602,-0.36520,-0.000,39.419,16.252,39.938,40.457,15.560,40.457,1467.337,1.273,-7.808,-0.36208,1.350,-7.807,-0.36577,2
16440,361414,10,3,3,0,0,0,1,5,0,0,12.701,-145.602,-0.36485,-0.000,39.419,16.252,39.938,40.457,15.560,40.457,1467.337,1.274,-7.808,-0.36173,1.350,-7.807,-0.36520,2
16455,361424,10,3,3,0,0,0,1,5,0,0,12.701,-145.602,-0.36480,-0.000,39.419,16.252,39.938,40.457,15.560,40.457,1467.337,1.274,-7.808,-0.36168,1.351,-7.807,-0.36485,2
16455,361434,10,3,3,0,0,0,1,5,0,0,12.701,-145.602,-0.36536,-0.000,39.419,16.252,39.938,40.457,15.560,40.457,1467.337,1.273,-7.808,-0.36224,1.351,-7.807,-0.36480,2
16471,361444,10,3,3,0,0,0,1,5,0,0,12.701,-145.566,-0.36544,-0.000,39.419,16.252,39.938,40.457,15.560,40.457,1467.337,1.308,-7.808,-0.36232,1.350,-7.807,-0.36536,2
16486,361454,10,3,3,0,0,0,1,5,0,0,12.701,-145.566,-0.36533,-0.000,39.419,16.252,39.938,40.457,15.560,40.457,1467.337,1.308,-7.808,-0.36221,1.385,-7.807,-0.36544,2
16486,361464,10,3,3,0,0,0,1,5,0,0,12.701,-145.566,-0.36498,-0.000,39.419,16.252,39.938,40.457,15.560,40.457,1467.337,1.309,-7.808,-0.36186,1.386,-7.807,-0.36533,2
16502,361474,10,3,3,0,0,0,1,5,0,0,12.701,-145.566,-0.36474,-0.000,39.419,16.252,39.938,40.457,15.560,40.457,1467.337,1.309,-7.808,-0.36162,1.386,-7.806,-0.36498,2
16517,361484,10,3,3,0,0,0,1,5,0,0,12.701,-145.566,-0.36468,-0.000,39.419,16.252,39.938,40.457,15.560,40.457,1467.337,1.309,-7.808,-0.36156,1.386,-7.806,-0.36474,2
16517,361494,10,3,3,0,0,0,1,5,0,0,12.701,-145.566,-0.36403,-0.000,39.419,16.252,39.938,40.457,15.560,40.457,1467.337,1.310,-7.808,-0.36091,1.386,-7.806,-0.36468,2
16533,361504,10,3,3,0,0,0,1,5,0,0,12.701,-145.566,-0.36628,-0.336,39.419,16.252,39.938,40.457,15.560,40.457,1467.337,1.307,-7.808,-0.36316,1.387,-7.806,-0.36403,2
16533,361514,10,3,3,0,0,0,1,5,0,0,12.701,-145.566,-0.36921,-0.305,39.419,16.252,39.938,40.457,15.560,40.457,1467.337,1.304,-7.809,-0.36608,1.384,-7.807,-0.36628,2
16548,361524,10,3,3,0,0,0,1,5,0,0,12.701,-145.566,-0.37255,-0.275,39.419,16.252,39.938,40.457,15.560,40.457,1467.337,1.300,-7.811,-0.36943,1.381,-7.808,-0.36921,2
16563,361534,10,3,3,0,0,0,1,5,0,0,12.701,-145.566,-0.37333,-0.000,39.419,16.252,39.938,40.457,15.560,40.457,1467.337,1.299,-7.811,-0.37021,1.377,-7.809,-0.37255,2
16563,361544,10,3,3,0,0,0,1,5,0,0,12.701,-145.527,-0.37340,0.244,39.419,16.252,39.938,40.457,15.560,40.457,1467.337,1.339,-7.811,-0.37027,1.376,-7.809,-0.37333,2
16579,361554,10,3,3,0,0,0,1,5,0,0,12.701,-145.527,-0.37074,0.427,39.419,16.252,39.938,40.457,15.560,40.457,1467.337,1.342,-7.810,-0.36762,1.416,-7.809,-0.37340,2
16595,361564,10,3,3,0,0,0,1,5,0,0,12.701,-145.527,-0.36878,0.305,39.419,16.252,39.938,40.457,15.560,40.457,1467.337,1.344,-7.809,-0.36566,1.419,-7.808,-0.37074,2
16595,361574,10,3,3,0,0,0,1,5,0,0,12.701,-145.527,-0.37003,-0.000,39.419,16.252,39.938,40.457,15.560,40.457,1467.337,1.343,-7.809,-0.36691,1.421,-7.808,-0.36878,2
16610,361584,10,3,3,0,0,0,1,5,0,0,12.701,-145.527,-0.37278,-0.305,39.419,16.252,39.938,40.457,15.560,40.457,1467.337,1.339,-7.810,-0.36966,1.420,-7.808,-0.37003,2
16626,361594,10,3,3,0,0,0,1,5,0,0,12.701,-145.487,-0.37748,-0.397,39.419,16.252,39.938,40.457,15.560,40.457,1467.337,1.373,-7.812,-0.37436,1.416,-7.809,-0.37278,2
16626,361604,10,3,3,0,0,0,1,5,0,0,12.701,-145.487,-0.38123,-0.336,39.419,16.252,39.938,40.457,15.560,40.457,1467.337,1.369,-7.813,-0.37811,1.451,-7.810,-0.37748,2
16641,361614,10,3,3,0,0,0,1,5,0,0,12.701,-145.487,-0.38221,-0.000,39.419,16.252,39.938,40.457,15.560,40.457,1467.337,1.368,-7.814,-0.37909,1.446,-7.812,-0.38123,2
16656,361624,10,3,3,0,0,0,1,5,0,0,12.701,-145.487,-0.38080,-0.000,39.419,16.252,39.938,40.457,15.560,40.457,1467.337,1.369,-7.813,-0.37768,1.445,-7.812,-0.38221,2
16656,361634,10,3,3,0,0,0,1,5,0,0,12.701,-145.487,-0.39047,-1.312,39.419,16.252,39.938,40.457,15.560,40.457,1467.337,1.358,-7.817,-0.38735,1.446,-7.812,-0.38080,2
16671,361644,10,3,3,0,0,0,1,5,0,0,12.701,-145.487,-0.40695,-1.587,39.419,16.252,39.938,40.457,15.560,40.457,1467.337,1.338,-7.822,-0.40383,1.435,-7.815,-0.39047,2
16703,361654,10,3,3,0,0,0,1,5,0,0,12.701,-145.487,-0.42580,-2.014,39.419,16.252,39.938,40.457,15.560,40.457,1467.337,1.315,-7.829,-0.42268,1.415,-7.821,-0.40695,2
16703,361664,10,3,3,0,0,0,1,5,0,0,12.701,-145.487,-0.44371,-1.770,39.419,16.252,39.938,40.457,15.560,40.457,1467.337,1.293,-7.836,-0.44059,1.392,-7.828,-0.42580,2
16703,361674,10,3,3,0,0,0,1,5,0,0,12.701,-145.487,-0.45980,-1.617,39.419,16.252,39.938,40.457,15.560,40.457,1467.337,1.273,-7.841,-0.45668,1.370,-7.834,-0.44371,2
16703,361684,10,3,3,0,0,0,1,5,0,0,12.701,-145.487,-0.47094,-1.038,39.419,16.252,39.938,40.457,15.560,40.457,1467.337,1.260,-7.845,-0.46782,1.350,-7.840,-0.45980,2
16719,361694,10,3,3,0,0,0,1,5,0,0,12.701,-145.487,-0.48057,-1.068,39.419,16.252,39.938,40.457,15.560,40.457,1467.337,1.248,-7.849,-0.47745,1.337,-7.844,-0.47094,2
16734,361704,10,3,3,0,0,0,1,5,0,0,12.701,-145.487,-0.48833,-0.855,39.419,16.252,39.938,40.457,15.560,40.457,1467.337,1.238,-7.852,-0.48521,1.325,-7.847,-0.48057,2
16734,361714,10,3,3,0,0,0,1,5,0,0,12.701,-145.487,-0.49603,-0.885,39.419,16.252,39.938,40.457,15.560,40.457,1467.337,1.229,-7.854,-0.49291,1.315,-7.850,-0.48833,2
16751,361724,10,3,3,0,0,0,1,5,0,0,12.701,-145.487,-0.50535,-1.129,39.419,16.252,39.938,40.457,15.560,40.457,1467.337,1.218,-7.858,-0.50223,1.306,-7.853,-0.49603,2
16766,361734,10,3,3,0,0,0,1,5,0,0,12.701,-145.487,-0.52040,-1.679,39.419,16.252,39.938,40.457,15.560,40.457,1467.337,1.199,-7.863,-0.51728,1.295,-7.856,-0.50535,2
16766,361744,10,3,3,0,0,0,1,5,0,0,12.701,-145.487,-0.53966,-2.106,39.419,16.252,39.938,40.457,15.560,40.457,1467.337,1.176,-7.870,-0.53654,1.276,-7.862,-0.52040,2
16782,361754,10,3,3,0,0,0,1,5,0,0,12.701,-145.487,-0.55711,-1.770,39.419,16.252,39.938,40.457,15.560,40.457,1467.337,1.155,-7.876,-0.55399,1.253,-7.869,-0.53966,2
16782,361764,10,3,3,0,0,0,1,5,0,0,12.701,-145.487,-0.56913,-1.160,39.419,16.252,39.938,40.457,15.560,40.457,1467.337,1.140,-7.881,-0.56601,1.232,-7.875,-0.55711,2
16798,361774,10,3,3,0,0,0,1,5,0,0,12.701,-145.487,-0.57529,-0.488,39.419,16.252,39.938,40.457,15.560,40.457,1467.337,1.132,-7.883,-0.57217,1.217,-7.879,-0.56913,2
16813,361784,10,3,3,0,0,0,1,5,0,0,12.701,-145.487,-0.58039,-0.366,39.419,16.252,39.938,40.457,15.560,40.457,1467.337,1.126,-7.885,-0.57727,1.209,-7.881,-0.57529,2
16813,361794,10,3,3,0,0,0,1,5,0,0,12.701,-145.487,-0.58662,-0.519,39.419,16.252,39.938,40.457,15.560,40.457,1467.337,1.119,-7.887,-0.58350,1.203,-7.883,-0.58039,2
16828,361804,10,3,3,0,0,0,1,5,0,0,12.701,-145.487,-0.59244,-0.458,39.419,16.252,39.938,40.457,15.560,40.457,1467.337,1.111,-7.889,-0.58932,1.196,-7.886,-0.58662,2
16843,361814,10,3,3,0,0,0,1,5,0,0,12.701,-145.487,-0.59771,-0.366,39.419,16.252,39.938,40.457,15.560,40.457,1467.337,1.105,-7.891,-0.59459,1.189,-7.888,-0.59244,2
16843,361824,10,3,3,0,0,0,1,5,0,0,12.701,-145.487,-0.59784,-0.000,39.419,16.252,39.938,40.457,15.560,40.457,1467.337,1.105,-7.891,-0.59472,1.182,-7.890,-0.59771,2
16859,361834,10,3,3,0,0,0,1,5,0,0,12.701,-145.487,-0.59663,0.275,39.419,16.252,39.938,40.457,15.560,40.457,1467.337,1.106,-7.891,-0.59351,1.182,-7.890,-0.59784,2
16875,361844,10,3,3,0,0,0,1,5,0,0,12.701,-145.487,-0.59283,0.427,39.419,16.252,39.938,40.457,15.560,40.457,1467.337,1.111,-7.889,-0.58971,1.183,-7.889,-0.59663,2
16875,361854,10,3,3,0,0,0,1,5,0,0,12.701,-145.487,-0.58955,0.305,39.419,16.252,39.938,40.457,15.560,40.457,1467.337,1.115,-7.888,-0.58643,1.188,-7.888,-0.59283,2
16891,361864,10,3,3,0,0,0,1,5,0,0,12.701,-145.447,-0.58555,0.366,39.419,16.252,39.938,40.457,15.560,40.457,1467.337,1.160,-7.886,-0.58243,1.192,-7.887,-0.58955,2
16906,361874,10,3,3,0,0,0,1,5,0,0,12.701,-145.447,-0.58117,0.366,39.419,16.252,39.938,40.457,15.560,40.457,1467.337,1.165,-7.885,-0.57805,1.237,-7.885,-0.58555,2
16906,361884,10,3,3,0,0,0,1,5,0,0,12.701,-145.447,-0.57562,0.488,39.419,16.252,39.938,40.457,15.560,40.457,1467.337,1.172,-7.883,-0.57250,1.242,-7.883,-0.58117,2
16937,361894,10,3,3,0,0,0,1,5,0,0,12.701,-145.447,-0.57098,0.366,39.419,16.252,39.938,40.457,15.560,40.457,1467.337,1.178,-7.881,-0.56786,1.249,-7.881,-0.57562,2
16937,361904,10,3,3,0,0,0,1,5,0,0,12.701,-145.447,-0.56657,0.366,39.419,16.252,39.938,40.457,15.560,40.457,1467.337,1.183,-7.879,-0.56345,1.255,-7.879,-0.57098,2
16937,361914,10,3,3,0,0,0,1,5,0,0,12.701,-145.447,-0.56290,0.275,39.419,16.252,39.938,40.457,15.560,40.457,1467.337,1.187,-7.878,-0.55978,1.260,-7.878,-0.56657,2
16968,361924,10,3,3,0,0,0,1,5,0,0,12.701,-145.447,-0.56085,-0.000,39.419,16.252,39.938,40.457,15.560,40.457,1467.337,1.190,-7.877,-0.55772,1.264,-7.877,-0.56290,2
16968,361934,10,3,3,0,0,0,1,5,0,0,12.701,-145.447,-0.56052,-0.000,39.419,16.252,39.938,40.457,15.560,40.457,1467.337,1.190,-7.877,-0.55740,1.267,-7.876,-0.56084,2
16968,361944,10,3,3,0,0,0,1,5,0,0,12.701,-145.447,-0.56099,-0.000,39.419,16.252,39.938,40.457,15.560,40.457,1467.337,1.190,-7.877,-0.55787,1.267,-7.876,-0.56052,2
16999,361954,10,3,3,0,0,0,1,5,0,0,12.701,-145.447,-0.56486,-0.305,39.419,16.252,39.938,40.457,15.560,40.457,1467.337,1.185,-7.879,-0.56174,1.267,-7.876,-0.56099,2
16999,361964,10,3,3,0,0,0,1,5,0,0,12.701,-145.447,-0.57005,-0.427,39.419,16.252,39.938,40.457,15.560,40.457,1467.337,1.179,-7.881,-0.56693,1.262,-7.877,-0.56486,2
16999,361974,10,3,3,0,0,0,1,5,0,0,12.701,-145.447,-0.57664,-0.641,39.419,16.252,39.938,40.457,15.560,40.457,1467.337,1.171,-7.883,-0.57352,1.256,-7.879,-0.57005,2
17030,361984,10,3,3,0,0,0,1,5,0,0,12.701,-145.447,-0.58634,-0.916,39.419,16.252,39.938,40.457,15.560,40.457,1467.337,1.159,-7.886,-0.58322,1.248,-7.882,-0.57664,2
17030,361994,10,3,3,0,0,0,1,5,0,0,12.701,-145.447,-0.59958,-1.282,39.419,16.252,39.938,40.457,15.560,40.457,1467.337,1.143,-7.891,-0.59646,1.236,-7.885,-0.58634,2
17030,362004,10,3,3,0,0,0,1,5,0,0,12.701,-145.447,-0.61609,-1.648,39.419,16.252,39.938,40.457,15.560,40.457,1467.337,1.123,-7.897,-0.61297,1.220,-7.890,-0.59958,2
17060,362014,10,3,3,0,0,0,1,5,0,0,12.701,-145.447,-0.63460,-1.862,39.419,16.252,39.938,40.457,15.560,40.457,1467.337,1.100,-7.904,-0.63148,1.200,-7.896,-0.61609,2
17060,362024,10,3,3,0,0,0,1,5,0,0,12.701,-145.447,-0.65601,-2.289,39.419,16.252,39.938,40.457,15.560,40.457,1467.337,1.074,-7.912,-0.65289,1.177,-7.902,-0.63460,2
17060,362034,10,3,3,0,0,0,1,5,0,0,12.701,-145.407,-0.67917,-2.411,39.419,16.252,39.938,40.457,15.560,40.457,1467.337,1.086,-7.920,-0.67605,1.151,-7.910,-0.65601,2
17076,362044,10,3,3,0,0,0,1,5,0,0,12.701,-145.407,-0.70362,-2.625,39.419,16.252,39.938,40.457,15.560,40.457,1467.337,1.056,-7.929,-0.70050,1.163,-7.918,-0.67917,2
17076,362054,10,3,3,0,0,0,1,5,0,0,12.701,-145.407,-0.73009,-2.808,39.419,16.252,39.938,40.457,15.560,40.457,1467.337,1.024,-7.938,-0.72697,1.133,-7.927,-0.70362,2
17091,362064,10,3,3,0,0,0,1,5,0,0,12.701,-145.407,-0.75581,-2.655,39.419,16.252,39.938,40.457,15.560,40.457,1467.337,0.992,-7.948,-0.75269,1.101,-7.937,-0.73009,2
17106,362074,10,3,3,0,0,0,1,5,0,0,12.701,-145.407,-0.77924,-2.380,39.419,16.252,39.938,40.457,15.560,40.457,1467.337,0.964,-7.956,-0.77612,1.069,-7.946,-0.75581,2
17106,362084,10,3,3,0,0,0,1,5,0,0,12.701,-145.407,-0.80024,-2.167,39.419,16.252,39.938,40.457,15.560,40.457,1467.337,0.938,-7.964,-0.79712,1.041,-7.955,-0.77924,2
17122,362094,10,3,3,0,0,0,1,5,0,0,12.701,-145.407,-0.81927,-1.862,39.419,16.252,39.938,40.457,15.560,40.457,1467.337,0.915,-7.971,-0.81615,1.015,-7.962,-0.80024,2
17122,362104,10,3,3,0,0,0,1,5,0,0,12.701,-145.407,-0.83518,-1.495,39.419,16.252,39.938,40.457,15.560,40.457,1467.337,0.896,-7.977,-0.83206,0.992,-7.969,-0.81927,2
17137,362114,10,3,3,0,0,0,1,5,0,0,12.701,-145.407,-0.84995,-1.373,39.419,16.252,39.938,40.457,15.560,40.457,1467.337,0.878,-7.982,-0.84683,0.973,-7.975,-0.83518,2
17153,362124,10,3,3,0,0,0,1,5,0,0,12.701,-145.407,-0.86379,-1.312,39.419,16.252,39.938,40.457,15.560,40.457,1467.337,0.861,-7.987,-0.86067,0.955,-7.981,-0.84995,2
17153,362134,10,3,3,0,0,0,1,5,0,0,12.701,-145.407,-0.87900,-1.434,39.419,16.252,39.938,40.457,15.560,40.457,1467.337,0.842,-7.993,-0.87588,0.938,-7.986,-0.86379,2
17168,362144,10,3,3,0,0,0,1,5,0,0,12.701,-145.332,-0.89438,-1.465,39.419,16.252,39.938,40.457,15.560,40.457,1467.337,0.899,-7.997,-0.89126,0.920,-7.991,-0.87900,2
17183,362154,10,3,3,0,0,0,1,5,0,0,12.701,-145.332,-0.90904,-1.526,39.419,16.252,39.938,40.457,15.560,40.457,1467.337,0.881,-8.003,-0.90592,0.976,-7.996,-0.89438,2
17183,362164,10,3,3,0,0,0,1,5,0,0,12.701,-145.332,-0.92385,-1.587,39.419,16.252,39.938,40.457,15.560,40.457,1467.337,0.863,-8.008,-0.92073,0.958,-8.001,-0.90904,2
17199,362174,10,3,3,0,0,0,1,5,0,0,12.701,-145.332,-0.93909,-1.617,39.419,16.252,39.938,40.457,15.560,40.457,1467.337,0.845,-8.014,-0.93597,0.940,-8.007,-0.92385,2
17215,362184,10,3,3,0,0,0,1,5,0,0,12.701,-145.332,-0.95594,-1.770,39.419,16.252,39.938,40.457,15.560,40.457,1467.337,0.824,-8.020,-0.95282,0.922,-8.012,-0.93909,2
17215,362194,10,3,3,0,0,0,1,5,0,0,12.701,-145.332,-0.97467,-1.984,39.419,16.252,39.938,40.457,15.560,40.457,1467.337,0.801,-8.027,-0.97155,0.901,-8.018,-0.95594,2
17230,362204,10,3,3,0,0,0,1,5,0,0,12.701,-145.332,-0.99624,-2.289,39.419,16.252,39.938,40.457,15.560,40.457,1467.337,0.775,-8.035,-0.99312,0.879,-8.025,-0.97467,2
17246,362214,10,3,3,0,0,0,1,5,0,0,12.701,-145.332,-1.02099,-2.655,39.419,16.252,39.938,40.457,15.560,40.457,1467.337,0.745,-8.044,-1.01787,0.852,-8.033,-0.99624,2
17246,362224,10,3,3,0,0,0,1,5,0,0,12.701,-145.332,-1.04799,-2.899,39.419,16.252,39.938,40.457,15.560,40.457,1467.337,0.712,-8.054,-1.04487,0.822,-8.043,-1.02099,2
17261,362234,10,3,3,0,0,0,1,5,0,0,12.701,-145.332,-1.07652,-2.991,39.419,16.252,39.938,40.457,15.560,40.457,1467.337,0.678,-8.065,-1.07339,0.789,-8.053,-1.04799,2
17276,362244,10,3,3,0,0,0,1,5,0,0,12.701,-145.332,-1.10533,-2.960,39.419,16.252,39.938,40.457,15.560,40.457,1467.337,0.643,-8.075,-1.10221,0.755,-8.063,-1.07651,2
17276,362254,10,3,3,0,0,0,1,5,0,0,12.546,-145.252,-1.13243,-2.655,39.419,16.252,39.938,40.457,15.560,40.457,1467.337,0.693,-8.239,-1.12931,0.720,-8.074,-1.10533,2
17292,362264,10,3,3,0,0,0,1,5,0,0,12.466,-145.252,-1.15600,-2.197,39.419,16.252,39.419,40.457,15.560,40.457,1467.856,0.666,-8.328,-1.15288,0.770,-8.238,-1.13243,2
17307,362274,10,3,3,0,0,0,1,5,0,0,12.391,-145.252,-1.17720,-1.953,39.419,16.252,39.419,40.457,15.560,40.457,1467.856,0.641,-8.411,-1.17408,0.743,-8.326,-1.15600,2
17307,362284,10,3,3,0,0,0,1,5,0,0,12.235,-145.252,-1.19592,-1.648,39.419,16.252,39.419,40.457,15.560,40.457,1467.856,0.622,-8.573,-1.19280,0.718,-8.409,-1.17720,2
17323,362294,10,3,3,0,0,0,1,5,0,0,12.156,-145.176,-1.21454,-1.648,39.419,16.252,39.419,40.457,15.560,40.457,1467.856,0.676,-8.658,-1.21142,0.699,-8.572,-1.19592,2
17323,362304,10,3,3,0,0,0,1,5,0,0,12.076,-145.097,-1.23196,-1.495,39.419,16.252,39.419,40.457,15.560,40.457,1467.856,0.737,-8.743,-1.22884,0.753,-8.657,-1.21454,2
17339,362314,10,3,3,0,0,0,1,5,0,0,12.000,-145.021,-1.24800,-1.373,39.419,16.252,39.419,40.457,15.560,40.457,1467.856,0.794,-8.823,-1.24488,0.814,-8.741,-1.23196,2
17354,362324,10,3,3,0,0,0,1,5,0,0,12.000,-145.021,-1.26287,-1.221,39.419,16.252,39.419,40.457,15.560,40.457,1467.856,0.776,-8.828,-1.25975,0.871,-8.821,-1.24800,2
17354,362334,10,3,3,0,0,0,1,5,0,0,12.000,-144.941,-1.27666,-1.190,39.419,16.252,39.419,40.457,15.560,40.457,1467.856,0.839,-8.832,-1.27354,0.853,-8.827,-1.26287,2
17369,362344,10,3,3,0,0,0,1,5,0,0,12.000,-144.941,-1.29076,-1.251,39.419,16.252,39.419,40.457,15.560,40.457,1467.856,0.822,-8.837,-1.28764,0.916,-8.830,-1.27666,2
17385,362354,10,3,3,0,0,0,1,5,0,0,12.000,-144.862,-1.30485,-1.343,39.419,16.252,39.419,40.457,15.560,40.457,1467.856,0.885,-8.840,-1.30173,0.899,-8.835,-1.29076,2
17385,362364,10,3,3,0,0,0,1,5,0,0,12.000,-144.786,-1.31960,-1.495,39.419,16.252,39.419,40.457,15.560,40.457,1467.856,0.942,-8.844,-1.31648,0.962,-8.839,-1.30485,2
17400,362374,10,3,3,0,0,0,1,5,0,0,12.000,-144.786,-1.33424,-1.495,39.419,16.252,39.419,40.457,15.560,40.457,1467.856,0.924,-8.850,-1.33112,1.019,-8.843,-1.31960,2
17416,362384,10,3,3,0,0,0,1,5,0,0,12.000,-144.706,-1.34685,-1.282,39.419,16.252,39.419,40.457,15.560,40.457,1467.856,0.989,-8.853,-1.34373,1.001,-8.848,-1.33424,2
17416,362394,10,3,3,0,0,0,1,5,0,0,12.000,-144.631,-1.35579,-0.946,39.419,16.252,39.419,40.457,15.560,40.457,1467.856,1.053,-8.854,-1.35267,1.066,-8.851,-1.34685,2
17434,362404,10,3,3,0,0,0,1,5,0,0,12.000,-144.631,-1.36122,-0.610,39.419,16.252,39.419,40.457,15.560,40.457,1467.856,1.047,-8.856,-1.35810,1.130,-8.853,-1.35579,2
17434,362414,10,3,3,0,0,0,1,5,0,0,12.000,-144.551,-1.36335,-0.336,39.419,16.252,39.419,40.457,15.560,40.457,1467.856,1.124,-8.855,-1.36023,1.124,-8.855,-1.36122,2
17447,362424,10,3,3,0,0,0,1,5,0,0,12.000,-144.551,-1.36129,-0.000,39.419,16.252,39.419,40.457,15.560,40.457,1467.856,1.126,-8.854,-1.35817,1.201,-8.854,-1.36335,2
17463,362434,10,3,3,0,0,0,1,5,0,0,12.000,-144.551,-1.35836,0.397,39.419,16.252,39.419,40.457,15.560,40.457,1467.856,1.130,-8.853,-1.35524,1.204,-8.853,-1.36129,2
17463,362444,10,3,3,0,0,0,1,5,0,0,11.921,-144.476,-1.34580,1.129,39.419,16.252,39.419,40.457,15.560,40.457,1467.856,1.222,-8.927,-1.34268,1.207,-8.852,-1.35836,2
17478,362454,10,3,3,0,0,0,1,5,0,0,12.000,-144.476,-1.33329,1.282,39.419,16.252,39.419,40.457,15.560,40.457,1467.856,1.236,-8.842,-1.33017,1.300,-8.925,-1.34580,2
17493,362464,10,3,3,0,0,0,1,5,0,0,12.000,-144.476,-1.32265,1.007,39.419,16.252,39.419,40.457,15.560,40.457,1467.856,1.249,-8.838,-1.31953,1.313,-8.841,-1.33329,2
17493,362474,10,3,3,0,0,0,1,5,0,0,12.000,-144.476,-1.31793,0.275,39.419,16.252,39.419,40.457,15.560,40.457,1467.856,1.254,-8.836,-1.31481,1.326,-8.837,-1.32265,2
17508,362484,10,3,3,0,0,0,1,5,0,0,12.000,-144.476,-1.32101,-0.702,39.419,16.252,39.419,40.457,15.560,40.457,1467.856,1.251,-8.837,-1.31789,1.331,-8.835,-1.31793,2
17525,362494,10,3,3,0,0,0,1,5,0,0,12.000,-144.396,-1.33313,-1.495,39.419,16.252,39.419,40.457,15.560,40.457,1467.856,1.316,-8.840,-1.33001,1.328,-8.836,-1.32101,2
17525,362504,10,3,3,0,0,0,1,5,0,0,12.000,-144.396,-1.35058,-1.923,39.419,16.252,39.419,40.457,15.560,40.457,1467.856,1.295,-8.847,-1.34745,1.393,-8.839,-1.33313,2
17540,362514,10,3,3,0,0,0,1,5,0,0,12.000,-144.241,-1.36904,-1.953,39.419,16.252,39.419,40.457,15.560,40.457,1467.856,1.427,-8.850,-1.36592,1.372,-8.845,-1.35057,2
17555,362524,10,3,3,0,0,0,1,5,0,0,12.000,-144.241,-1.38678,-1.862,39.419,16.252,39.419,40.457,15.560,40.457,1467.856,1.406,-8.857,-1.38366,1.504,-8.849,-1.36904,2
17555,362534,10,3,3,0,0,0,1,5,0,0,12.000,-144.161,-1.40421,-1.740,39.419,16.252,39.419,40.457,15.560,40.457,1467.856,1.464,-8.861,-1.40109,1.483,-8.855,-1.38678,2
17571,362544,10,3,3,0,0,0,1,5,0,0,12.000,-144.086,-1.42170,-1.740,39.419,16.252,39.419,40.457,15.560,40.457,1467.856,1.518,-8.866,-1.41858,1.541,-8.860,-1.40421,2
17586,362554,10,3,3,0,0,0,1,5,0,0,12.000,-144.006,-1.43977,-1.740,39.419,16.252,39.419,40.457,15.560,40.457,1467.856,1.576,-8.871,-1.43665,1.596,-8.865,-1.42170,2
17586,362564,10,3,3,0,0,0,1,5,0,0,12.000,-143.931,-1.45960,-1.984,39.419,16.252,39.419,40.457,15.560,40.457,1467.856,1.628,-8.877,-1.45648,1.653,-8.870,-1.43977,2
17602,362574,10,3,3,0,0,0,1,5,0,0,12.000,-143.851,-1.48165,-2.228,39.419,16.252,39.419,40.457,15.560,40.457,1467.856,1.681,-8.883,-1.47853,1.705,-8.875,-1.45960,2
17617,362584,10,3,3,0,0,0,1,5,0,0,12.000,-143.696,-1.50582,-2.503,39.419,16.252,39.419,40.457,15.560,40.457,1467.856,1.806,-8.888,-1.50270,1.758,-8.881,-1.48165,2
17617,362594,10,3,3,0,0,0,1,5,0,0,12.000,-143.616,-1.53194,-2.686,39.419,16.252,39.419,40.457,15.560,40.457,1467.856,1.855,-8.896,-1.52881,1.884,-8.887,-1.50582,2
17632,362604,10,3,3,0,0,0,1,5,0,0,12.000,-143.541,-1.55738,-2.625,39.419,16.252,39.419,40.457,15.560,40.457,1467.856,1.899,-8.904,-1.55426,1.932,-8.894,-1.53193,2
17632,362614,10,3,3,0,0,0,1,5,0,0,12.000,-143.381,-1.58042,-2.289,39.419,16.252,39.419,40.457,15.560,40.457,1467.856,2.031,-8.908,-1.57730,1.976,-8.902,-1.55738,2
17647,362624,10,3,3,0,0,0,1,5,0,0,12.000,-143.306,-1.59844,-1.679,39.419,16.252,39.419,40.457,15.560,40.457,1467.856,2.084,-8.913,-1.59532,2.108,-8.907,-1.58042,2
17662,362634,10,3,3,0,0,0,1,5,0,0,12.000,-143.226,-1.61074,-1.129,39.419,16.252,39.419,40.457,15.560,40.457,1467.856,2.149,-8.915,-1.60762,2.161,-8.911,-1.59844,2
17662,362644,10,3,3,0,0,0,1,5,0,0,11.921,-143.071,-1.62123,-1.038,39.419,16.252,39.419,40.457,15.560,40.457,1467.856,2.294,-8.995,-1.61811,2.226,-8.914,-1.61074,2
17678,362654,10,3,3,0,0,0,1,5,0,0,12.000,-142.995,-1.63386,-1.282,39.419,16.252,39.419,40.457,15.560,40.457,1467.856,2.351,-8.918,-1.63074,2.371,-8.993,-1.62123,2
17693,362664,10,3,3,0,0,0,1,5,0,0,12.000,-142.836,-1.64864,-1.587,39.419,16.252,39.419,40.457,15.560,40.457,1467.856,2.493,-8.919,-1.64552,2.429,-8.916,-1.63386,2
17693,362674,10,3,3,0,0,0,1,5,0,0,12.000,-142.760,-1.66512,-1.740,39.419,16.252,39.419,40.457,15.560,40.457,1467.856,2.548,-8.923,-1.66200,2.570,-8.917,-1.64864,2
17709,362684,10,3,3,0,0,0,1,5,0,0,12.000,-142.680,-1.68328,-1.892,39.419,16.252,38.901,40.457,15.560,40.457,1468.374,2.606,-8.928,-1.68016,2.626,-8.922,-1.66512,2
17725,362694,10,3,3,0,0,0,1,5,0,0,12.000,-142.605,-1.69990,-1.679,39.419,16.252,38.901,40.457,15.560,40.457,1468.374,2.661,-8.932,-1.69678,2.683,-8.926,-1.68328,2
17725,362704,10,3,3,0,0,0,1,5,0,0,12.000,-142.525,-1.71257,-1.190,39.419,16.252,38.901,40.457,15.560,40.457,1468.374,2.726,-8.934,-1.70945,2.739,-8.930,-1.69990,2
17741,362714,10,3,3,0,0,0,1,5,0,0,11.921,-142.525,-1.72048,-0.580,39.419,16.252,38.901,40.457,15.560,40.457,1468.374,2.719,-9.017,-1.71736,2.803,-8.933,-1.71257,2
17756,362724,10,3,3,0,0,0,1,5,0,0,12.000,-142.525,-1.72276,-0.000,39.419,16.252,38.901,40.457,15.560,40.457,1468.374,2.714,-8.938,-1.71964,2.796,-9.016,-1.72048,2
17756,362734,10,3,3,0,0,0,1,5,0,0,12.000,-142.525,-1.71886,0.549,39.419,16.252,38.901,40.457,15.560,40.457,1468.374,2.718,-8.937,-1.71574,2.791,-8.937,-1.72276,2
17771,362744,10,3,3,0,0,0,1,5,0,0,12.000,-142.525,-1.71422,0.519,39.419,16.252,38.901,40.457,15.560,40.457,1468.374,2.724,-8.935,-1.71110,2.795,-8.935,-1.71886,2
17787,362754,10,3,3,0,0,0,1,5,0,0,12.000,-142.525,-1.71114,0.336,39.419,16.252,38.901,40.457,15.560,40.457,1468.374,2.728,-8.934,-1.70802,2.801,-8.933,-1.71422,2
17787,362764,10,3,3,0,0,0,1,5,0,0,12.000,-142.525,-1.71113,-0.000,39.419,16.252,38.901,40.457,15.560,40.457,1468.374,2.728,-8.934,-1.70801,2.805,-8.932,-1.71114,2
17803,362774,10,3,3,0,0,0,1,5,0,0,12.000,-142.525,-1.71011,-0.000,39.419,16.252,38.901,40.457,15.560,40.457,1468.374,2.729,-8.933,-1.70699,2.805,-8.932,-1.71113,2
17803,362784,10,3,3,0,0,0,1,5,0,0,11.921,-142.525,-1.70625,0.397,39.419,16.252,38.901,40.457,15.560,40.457,1468.374,2.736,-9.012,-1.70313,2.806,-8.932,-1.71011,2
17820,362794,10,3,3,0,0,0,1,5,0,0,12.000,-142.525,-1.70085,0.641,39.419,16.252,38.901,40.457,15.560,40.457,1468.374,2.740,-8.930,-1.69773,2.813,-9.010,-1.70625,2
17835,362804,10,3,3,0,0,0,1,5,0,0,12.000,-142.525,-1.69300,0.885,39.419,16.252,38.901,40.457,15.560,40.457,1468.374,2.750,-8.927,-1.68988,2.817,-8.928,-1.70085,2
17835,362814,10,3,3,0,0,0,1,5,0,0,12.000,-142.525,-1.68319,1.129,39.419,16.252,38.901,40.457,15.560,40.457,1468.374,2.761,-8.923,-1.68007,2.827,-8.925,-1.69300,2
17850,362824,10,3,3,0,0,0,1,5,0,0,12.000,-142.450,-1.67493,0.885,39.419,16.252,38.901,40.457,15.560,40.457,1468.374,2.847,-8.918,-1.67181,2.839,-8.922,-1.68319,2
17866,362834,10,3,3,0,0,0,1,5,0,0,12.000,-142.450,-1.66886,0.519,39.419,16.252,38.901,40.457,15.560,40.457,1468.374,2.854,-8.915,-1.66574,2.924,-8.916,-1.67493,2
17866,362844,10,3,3,0,0,0,1,5,0,0,12.000,-142.450,-1.66673,-0.000,39.419,16.252,38.901,40.457,15.560,40.457,1468.374,2.857,-8.915,-1.66361,2.931,-8.914,-1.66886,2
17881,362854,10,3,3,0,0,0,1,5,0,0,12.000,-142.450,-1.66668,-0.244,39.419,16.252,38.901,40.457,15.560,40.457,1468.374,2.857,-8.915,-1.66356,2.934,-8.913,-1.66673,2
17897,362864,10,3,3,0,0,0,1,5,0,0,12.000,-142.450,-1.66931,-0.427,39.419,16.252,38.901,40.457,15.560,40.457,1468.374,2.854,-8.916,-1.66618,2.934,-8.913,-1.66668,2
17897,362874,10,3,3,0,0,0,1,5,0,0,12.000,-142.450,-1.66986,-0.000,39.419,16.252,38.901,40.457,15.560,40.457,1468.374,2.853,-8.916,-1.66674,2.931,-8.914,-1.66931,2
17912,362884,10,3,3,0,0,0,1,5,0,0,12.000,-142.450,-1.66989,-0.000,39.419,16.252,38.901,40.457,15.560,40.457,1468.374,2.853,-8.916,-1.66677,2.930,-8.914,-1.66986,2
17928,362894,10,3,3,0,0,0,1,5,0,0,12.000,-142.450,-1.67138,-0.000,39.419,16.252,38.901,40.457,15.560,40.457,1468.374,2.851,-8.916,-1.66826,2.930,-8.914,-1.66989,2
17928,362904,10,3,3,0,0,0,1,5,0,0,12.000,-142.410,-1.67291,-0.000,39.419,16.252,38.901,40.457,15.560,40.457,1468.374,2.889,-8.916,-1.66979,2.928,-8.915,-1.67138,2
17944,362914,10,3,3,0,0,0,1,5,0,0,12.000,-142.410,-1.67390,-0.000,39.419,16.252,38.901,40.457,15.560,40.457,1468.374,2.888,-8.916,-1.67078,2.966,-8.914,-1.67291,2
17944,362924,10,3,3,0,0,0,1,5,0,0,12.000,-142.410,-1.67385,-0.000,39.419,16.252,38.901,40.457,15.560,40.457,1468.374,2.888,-8.916,-1.67073,2.965,-8.915,-1.67390,2
17959,362934,10,3,3,0,0,0,1,5,0,0,12.000,-142.410,-1.67274,-0.000,39.419,16.252,38.901,40.457,15.560,40.457,1468.374,2.889,-8.916,-1.66962,2.965,-8.915,-1.67385,2
17975,362944,10,3,3,0,0,0,1,5,0,0,12.000,-142.410,-1.67165,-0.000,39.419,16.252,38.901,40.457,15.560,40.457,1468.374,2.891,-8.915,-1.66853,2.966,-8.914,-1.67274,2
17975,362954,10,3,3,0,0,0,1,5,0,0,12.000,-142.410,-1.67069,-0.000,39.419,16.252,38.901,40.457,15.560,40.457,1468.374,2.892,-8.915,-1.66757,2.968,-8.914,-1.67165,2
17990,362964,10,3,3,0,0,0,1,5,0,0,12.000,-142.410,-1.67054,-0.000,39.419,16.252,38.901,40.457,15.560,40.457,1468.374,2.892,-8.915,-1.66742,2.969,-8.913,-1.67069,2
18007,362974,10,3,3,0,0,0,1,5,0,0,12.000,-142.410,-1.67138,-0.000,39.419,16.252,38.901,40.457,15.560,40.457,1468.374,2.891,-8.915,-1.66825,2.969,-8.913,-1.67054,2
18007,362984,10,3,3,0,0,0,1,5,0,0,12.000,-142.410,-1.67238,-0.000,39.419,16.252,38.901,40.457,15.560,40.457,1468.374,2.890,-8.916,-1.66926,2.968,-8.914,-1.67138,2
18022,362994,10,3,3,0,0,0,1,5,0,0,12.000,-142.410,-1.67320,-0.000,39.419,16.252,38.901,40.457,15.560,40.457,1468.374,2.889,-8.916,-1.67008,2.967,-8.914,-1.67238,2
18038,363004,10,3,3,0,0,0,1,5,0,0,12.000,-142.410,-1.67410,-0.000,39.419,16.252,38.901,40.457,15.560,40.457,1468.374,2.888,-8.916,-1.67098,2.966,-8.914,-1.67320,2
18038,363014,10,3,3,0,0,0,1,5,0,0,12.000,-142.410,-1.67391,-0.000,39.419,16.252,38.901,40.457,15.560,40.457,1468.374,2.888,-8.916,-1.67078,2.965,-8.915,-1.67410,2
18053,363024,10,3,3,0,0,0,1,5,0,0,12.000,-142.410,-1.67048,0.305,39.419,16.252,38.901,40.457,15.560,40.457,1468.374,2.892,-8.915,-1.66736,2.965,-8.915,-1.67391,2
18053,363034,10,3,3,0,0,0,1,5,0,0,12.000,-142.410,-1.66539,0.458,39.419,16.252,38.901,40.457,15.560,40.457,1468.374,2.898,-8.913,-1.66227,2.969,-8.913,-1.67048,2
18068,363044,10,3,3,0,0,0,1,5,0,0,12.000,-142.370,-1.65975,0.519,39.419,16.252,38.901,40.457,15.560,40.457,1468.374,2.945,-8.910,-1.65663,2.975,-8.911,-1.66539,2
18084,363054,10,3,3,0,0,0,1,5,0,0,12.000,-142.370,-1.65418,0.397,39.419,16.252,38.901,40.457,15.560,40.457,1468.374,2.952,-8.907,-1.65106,3.022,-8.908,-1.65975,2
18084,363064,10,3,3,0,0,0,1,5,0,0,12.000,-142.370,-1.65233,0.305,39.419,16.252,38.901,40.457,15.560,40.457,1468.374,2.954,-8.907,-1.64921,3.029,-8.906,-1.65418,2
18100,363074,10,3,3,0,0,0,1,5,0,0,12.000,-142.370,-1.65317,-0.000,39.419,16.252,38.901,40.457,15.560,40.457,1468.374,2.953,-8.907,-1.65005,3.031,-8.905,-1.65233,2
18115,363084,10,3,3,0,0,0,1,5,0,0,12.000,-142.370,-1.65340,-0.000,39.419,16.252,38.901,40.457,15.560,40.457,1468.374,2.953,-8.907,-1.65028,3.030,-8.905,-1.65317,2
18115,363094,10,3,3,0,0,0,1,5,0,0,12.000,-142.370,-1.65294,-0.000,39.419,16.252,38.901,40.457,15.560,40.457,1468.374,2.953,-8.907,-1.64982,3.030,-8.906,-1.65340,2
18130,363104,10,3,3,0,0,0,1,5,0,0,12.000,-142.370,-1.65103,0.244,39.419,16.252,38.901,40.457,15.560,40.457,1468.374,2.955,-8.906,-1.64791,3.030,-8.905,-1.65294,2
18147,363114,10,3,3,0,0,0,1,5,0,0,12.000,-142.370,-1.64711,0.366,39.419,16.252,38.901,40.457,15.560,40.457,1468.374,2.960,-8.905,-1.64399,3.033,-8.905,-1.65103,2
18147,363124,10,3,3,0,0,0,1,5,0,0,12.000,-142.370,-1.64180,0.488,39.419,16.252,38.901,40.457,15.560,40.457,1468.374,2.967,-8.903,-1.63868,3.037,-8.903,-1.64711,2
18163,363134,10,3,3,0,0,0,1,5,0,0,12.000,-142.370,-1.63673,0.488,39.419,16.252,38.901,40.457,15.560,40.457,1468.374,2.973,-8.901,-1.63361,3.044,-8.901,-1.64180,2
18163,363144,10,3,3,0,0,0,1,5,0,0,12.000,-142.370,-1.63326,0.336,39.419,16.252,38.901,40.457,15.560,40.457,1468.374,2.977,-8.899,-1.63014,3.050,-8.899,-1.63673,2
18177,363154,10,3,3,0,0,0,1,5,0,0,12.000,-142.370,-1.63238,-0.000,39.419,16.252,38.901,40.457,15.560,40.457,1468.374,2.978,-8.899,-1.62926,3.054,-8.898,-1.63326,2
18194,363164,10,3,3,0,0,0,1,5,0,0,12.000,-142.370,-1.63273,-0.000,39.419,16.252,38.901,40.457,15.560,40.457,1468.374,2.978,-8.899,-1.62961,3.055,-8.897,-1.63238,2
18194,363174,10,3,3,0,0,0,1,5,0,0,12.000,-142.330,-1.63222,-0.000,39.419,16.252,38.901,40.457,15.560,40.457,1468.374,3.018,-8.898,-1.62910,3.055,-8.898,-1.63273,2
18209,363184,10,3,3,0,0,0,1,5,0,0,12.000,-142.330,-1.63158,-0.000,39.419,16.252,38.901,40.457,15.560,40.457,1468.374,3.019,-8.898,-1.62846,3.095,-8.896,-1.63222,2
18224,363194,10,3,3,0,0,0,1,5,0,0,12.000,-142.330,-1.63110,-0.000,39.419,16.252,38.901,40.457,15.560,40.457,1468.374,3.019,-8.897,-1.62798,3.096,-8.896,-1.63158,2
18224,363204,10,3,3,0,0,0,1,5,0,0,12.000,-142.330,-1.63122,-0.000,39.419,16.252,38.901,40.457,15.560,40.457,1468.374,3.019,-8.897,-1.62810,3.097,-8.896,-1.63110,2
18240,363214,10,3,3,0,0,0,1,5,0,0,12.000,-142.330,-1.63159,-0.000,39.419,16.252,38.901,40.457,15.560,40.457,1468.374,3.019,-8.898,-1.62847,3.097,-8.896,-1.63122,2
18255,363224,10,3,3,0,0,0,1,5,0,0,12.000,-142.330,-1.63187,-0.000,39.419,16.252,38.901,40.457,15.560,40.457,1468.374,3.019,-8.898,-1.62875,3.096,-8.896,-1.63159,2
18255,363234,10,3,3,0,0,0,1,5,0,0,12.000,-142.330,-1.63234,-0.000,39.419,16.252,38.901,40.457,15.560,40.457,1468.374,3.018,-8.898,-1.62922,3.096,-8.896,-1.63187,2
18271,363244,10,3,3,0,0,0,1,5,0,0,12.000,-142.330,-1.63263,-0.000,39.419,16.252,38.901,40.457,15.560,40.457,1468.374,3.018,-8.898,-1.62951,3.095,-8.896,-1.63234,2
18287,363254,10,3,3,0,0,0,1,5,0,0,12.000,-142.330,-1.63309,-0.000,39.419,16.252,38.901,40.457,15.560,40.457,1468.374,3.017,-8.898,-1.62997,3.095,-8.896,-1.63263,2
18287,363264,10,3,3,0,0,0,1,5,0,0,12.000,-142.330,-1.63271,-0.000,39.419,16.252,38.901,40.457,15.560,40.457,1468.374,3.018,-8.898,-1.62959,3.094,-8.897,-1.63309,2
18302,363274,10,3,3,0,0,0,1,5,0,0,12.000,-142.330,-1.63241,-0.000,39.419,16.252,38.901,40.457,15.560,40.457,1468.374,3.018,-8.898,-1.62929,3.095,-8.896,-1.63271,2
18318,363284,10,3,3,0,0,0,1,5,0,0,12.000,-142.330,-1.63087,0.275,39.419,16.252,38.901,40.457,15.560,40.457,1468.374,3.020,-8.897,-1.62775,3.095,-8.896,-1.63241,2
18318,363294,10,3,3,0,0,0,1,5,0,0,12.000,-142.330,-1.62967,-0.000,39.419,16.252,38.901,40.457,15.560,40.457,1468.374,3.021,-8.897,-1.62655,3.097,-8.896,-1.63087,2
18333,363304,10,3,3,0,0,0,1,5,0,0,12.000,-142.330,-1.62974,-0.000,39.419,16.252,38.901,40.457,15.560,40.457,1468.374,3.021,-8.897,-1.62662,3.098,-8.895,-1.62967,2
18333,363314,10,3,3,0,0,0,1,5,0,0,12.000,-142.330,-1.62982,-0.000,39.419,16.252,38.901,40.457,15.560,40.457,1468.374,3.021,-8.897,-1.62670,3.098,-8.895,-1.62974,2
18349,363324,10,3,3,0,0,0,1,5,0,0,12.000,-142.330,-1.62990,-0.000,39.419,16.252,38.901,40.457,15.560,40.457,1468.374,3.021,-8.897,-1.62678,3.098,-8.895,-1.62982,2
18363,363334,10,3,3,0,0,0,1,5,0,0,12.000,-142.330,-1.62965,-0.000,39.419,16.252,38.901,40.457,15.560,40.457,1468.374,3.021,-8.897,-1.62653,3.098,-8.895,-1.62990,2
18363,363344,10,3,3,0,0,0,1,5,0,0,12.000,-142.330,-1.62884,-0.000,39.419,16.252,38.901,40.457,15.560,40.457,1468.374,3.022,-8.897,-1.62571,3.098,-8.895,-1.62965,2
18378,363354,10,3,3,0,0,0,1,5,0,0,12.000,-142.330,-1.62932,-0.000,39.419,16.252,38.901,40.457,15.560,40.457,1468.374,3.022,-8.897,-1.62620,3.099,-8.895,-1.62884,2
18394,363364,10,3,3,0,0,0,1,5,0,0,12.000,-142.330,-1.62961,-0.000,39.419,16.252,38.901,40.457,15.560,40.457,1468.374,3.021,-8.897,-1.62649,3.099,-8.895,-1.62932,2
18394,363374,10,3,3,0,0,0,1,5,0,0,12.000,-142.330,-1.62929,-0.000,39.419,16.252,38.901,40.457,15.560,40.457,1468.374,3.022,-8.897,-1.62617,3.098,-8.895,-1.62961,2
18410,363384,10,3,3,0,0,0,1,5,0,0,12.000,-142.330,-1.62913,-0.000,39.419,16.252,38.901,40.457,15.560,40.457,1468.374,3.022,-8.897,-1.62601,3.099,-8.895,-1.62929,2
18425,363394,10,3,3,0,0,0,1,5,0,0,12.000,-142.330,-1.62904,-0.000,39.419,16.252,38.901,40.457,15.560,40.457,1468.374,3.022,-8.897,-1.62592,3.099,-8.895,-1.62913,2
18425,363404,10,3,3,0,0,0,1,5,0,0,12.000,-142.330,-1.62921,-0.000,39.419,16.252,38.901,40.457,15.560,40.457,1468.374,3.022,-8.897,-1.62609,3.099,-8.895,-1.62904,2
18441,363414,10,3,3,0,0,0,1,5,0,0,12.000,-142.330,-1.62649,0.275,39.419,16.252,38.901,40.457,15.560,40.457,1468.374,3.025,-8.896,-1.62337,3.099,-8.895,-1.62921,2
18457,363424,10,3,3,0,0,0,1,5,0,0,12.000,-142.330,-1.62364,0.244,39.419,16.252,38.901,40.457,15.560,40.457,1468.374,3.029,-8.895,-1.62052,3.102,-8.894,-1.62649,2
18457,363434,10,3,3,0,0,0,1,5,0,0,12.000,-142.330,-1.62184,-0.000,39.419,16.252,38.901,40.457,15.560,40.457,1468.374,3.031,-8.894,-1.61872,3.106,-8.893,-1.62364,2
18472,363444,10,3,3,0,0,0,1,5,0,0,12.000,-142.290,-1.62153,-0.000,39.419,16.252,38.901,40.457,15.560,40.457,1468.374,3.071,-8.893,-1.61841,3.108,-8.892,-1.62184,2
18488,363454,10,3,3,0,0,0,1,5,0,0,12.000,-142.290,-1.62149,-0.000,39.419,16.252,38.901,40.457,15.560,40.457,1468.374,3.071,-8.893,-1.61837,3.148,-8.891,-1.62153,2
18488,363464,10,3,3,0,0,0,1,5,0,0,12.000,-142.290,-1.62140,-0.000,39.419,16.252,38.901,40.457,15.560,40.457,1468.374,3.071,-8.893,-1.61828,3.148,-8.891,-1.62149,2
18503,363474,10,3,3,0,0,0,1,5,0,0,12.000,-142.290,-1.62102,-0.000,39.419,16.252,38.901,40.457,15.560,40.457,1468.374,3.072,-8.892,-1.61790,3.148,-8.891,-1.62140,2
18503,363484,10,3,3,0,0,0,1,5,0,0,12.000,-142.290,-1.62088,-0.000,39.419,16.252,38.901,40.457,15.560,40.457,1468.374,3.072,-8.892,-1.61776,3.149,-8.891,-1.62102,2
18520,363494,10,3,3,0,0,0,1,5,0,0,12.000,-142.290,-1.62094,-0.000,39.419,16.252,38.901,40.457,15.560,40.457,1468.374,3.072,-8.892,-1.61782,3.149,-8.891,-1.62088,2
18535,363504,10,3,3,0,0,0,1,5,0,0,12.000,-142.290,-1.62100,-0.000,39.419,16.252,38.901,40.457,15.560,40.457,1468.374,3.072,-8.892,-1.61788,3.149,-8.891,-1.62094,2
18535,363514,10,3,3,0,0,0,1,5,0,0,12.000,-142.290,-1.62123,-0.000,39.419,16.252,38.901,40.457,15.560,40.457,1468.374,3.071,-8.893,-1.61811,3.149,-8.891,-1.62100,2
18551,363524,10,3,3,0,0,0,1,5,0,0,12.000,-142.290,-1.62163,-0.000,39.419,16.252,38.901,40.457,15.560,40.457,1468.374,3.071,-8.893,-1.61851,3.148,-8.891,-1.62123,2
18567,363534,10,3,3,0,0,0,1,5,0,0,12.000,-142.290,-1.62225,-0.000,39.419,16.252,38.901,40.457,15.560,40.457,1468.374,3.070,-8.893,-1.61913,3.148,-8.891,-1.62163,2
18567,363544,10,3,3,0,0,0,1,5,0,0,12.000,-142.290,-1.62251,-0.000,39.419,16.252,38.901,40.457,15.560,40.457,1468.374,3.070,-8.893,-1.61939,3.147,-8.891,-1.62225,2
18582,363554,10,3,3,0,0,0,1,5,0,0,12.000,-142.290,-1.62271,-0.000,39.419,16.252,38.901,40.457,15.560,40.457,1468.374,3.070,-8.893,-1.61959,3.147,-8.891,-1.62251,2
18582,363564,10,3,3,0,0,0,1,5,0,0,12.000,-142.290,-1.62285,-0.000,39.419,16.252,38.901,40.457,15.560,40.457,1468.374,3.069,-8.893,-1.61973,3.147,-8.892,-1.62271,2
18598,363574,10,3,3,0,0,0,1,5,0,0,12.000,-142.290,-1.62287,-0.000,39.419,16.252,38.901,40.457,15.560,40.457,1468.374,3.069,-8.893,-1.61975,3.147,-8.892,-1.62285,2
18613,363584,10,3,3,0,0,0,1,5,0,0,12.000,-142.290,-1.62299,-0.000,39.419,16.252,38.901,40.457,15.560,40.457,1468.374,3.069,-8.893,-1.61987,3.147,-8.892,-1.62287,2
18613,363594,10,3,3,0,0,0,1,5,0,0,12.000,-142.290,-1.62299,-0.000,39.419,16.252,38.901,40.457,15.560,40.457,1468.374,3.069,-8.893,-1.61987,3.146,-8.892,-1.62299,2
18629,363604,10,3,3,0,0,0,1,5,0,0,12.000,-142.290,-1.62299,-0.000,39.419,16.252,38.901,40.457,15.560,40.457,1468.374,3.069,-8.893,-1.61987,3.146,-8.892,-1.62299,2
18645,363614,10,3,3,0,0,0,1,5,0,0,12.000,-142.290,-1.62303,-0.000,39.419,16.252,38.901,40.457,15.560,40.457,1468.374,3.069,-8.893,-1.61991,3.146,-8.892,-1.62299,2
18645,363624,10,3,3,0,0,0,1,5,0,0,12.000,-142.290,-1.62307,-0.000,39.419,16.252,38.901,40.457,15.560,40.457,1468.374,3.069,-8.893,-1.61995,3.146,-8.892,-1.62303,2
18660,363634,10,3,3,0,0,0,1,5,0,0,12.000,-142.290,-1.62317,-0.000,39.419,16.252,38.901,40.457,15.560,40.457,1468.374,3.069,-8.893,-1.62005,3.146,-8.892,-1.62307,2
18675,363644,10,3,3,0,0,0,1,5,0,0,12.000,-142.290,-1.62286,-0.000,39.419,16.252,38.901,40.457,15.560,40.457,1468.374,3.069,-8.893,-1.61974,3.146,-8.892,-1.62317,2
18675,363654,10,3,3,0,0,0,1,5,0,0,12.000,-142.290,-1.62275,-0.000,39.419,16.252,38.901,40.457,15.560,40.457,1468.374,3.069,-8.893,-1.61963,3.147,-8.892,-1.62286,2
18691,363664,10,3,3,0,0,0,1,5,0,0,12.000,-142.290,-1.62282,-0.000,39.419,16.252,38.901,40.457,15.560,40.457,1468.374,3.069,-8.893,-1.61970,3.147,-8.892,-1.62275,2
18706,363674,10,3,3,0,0,0,1,5,0,0,12.000,-142.290,-1.62274,-0.000,39.419,16.252,38.901,40.457,15.560,40.457,1468.374,3.070,-8.893,-1.61962,3.147,-8.892,-1.62282,2
18706,363684,10,3,3,0,0,0,1,5,0,0,12.000,-142.290,-1.62306,-0.000,39.419,16.252,38.901,40.457,15.560,40.457,1468.374,3.069,-8.893,-1.61994,3.147,-8.892,-1.62274,2
18722,363694,10,3,3,0,0,0,1,5,0,0,12.000,-142.290,-1.62341,-0.000,39.419,16.252,38.901,40.457,15.560,40.457,1468.374,3.069,-8.893,-1.62029,3.146,-8.892,-1.62306,2
18737,363704,10,3,3,0,0,0,1,5,0,0,12.000,-142.290,-1.62332,-0.000,39.419,16.252,38.901,40.457,15.560,40.457,1468.374,3.069,-8.893,-1.62020,3.146,-8.892,-1.62341,2
18737,363714,10,3,3,0,0,0,1,5,0,0,12.000,-142.290,-1.62301,-0.000,39.419,16.252,38.901,40.457,15.560,40.457,1468.374,3.069,-8.893,-1.61989,3.146,-8.892,-1.62332,2
18752,363724,10,3,3,0,0,0,1,5,0,0,12.000,-142.290,-1.62274,-0.000,39.419,16.252,38.901,40.457,15.560,40.457,1468.374,3.070,-8.893,-1.61962,3.146,-8.892,-1.62301,2
18768,363734,10,3,3,0,0,0,1,5,0,0,12.000,-142.290,-1.62282,-0.000,39.419,16.252,38.901,40.457,15.560,40.457,1468.374,3.069,-8.893,-1.61970,3.147,-8.892,-1.62274,2
18768,363744,10,3,3,0,0,0,1,5,0,0,12.000,-142.290,-1.62283,-0.000,39.419,16.252,38.901,40.457,15.560,40.457,1468.374,3.069,-8.893,-1.61971,3.147,-8.892,-1.62282,2
18783,363754,10,3,3,0,0,0,1,5,0,0,12.000,-142.290,-1.62262,-0.000,39.419,16.252,38.901,40.457,15.560,40.457,1468.374,3.070,-8.893,-1.61950,3.147,-8.892,-1.62283,2
18783,363764,10,3,3,0,0,0,1,5,0,0,12.000,-142.290,-1.62269,-0.000,39.419,16.252,38.901,40.457,15.560,40.457,1468.374,3.070,-8.893,-1.61956,3.147,-8.891,-1.62262,2
18799,363774,10,3,3,0,0,0,1,5,0,0,12.000,-142.290,-1.62251,-0.000,39.419,16.252,38.901,40.457,15.560,40.457,1468.374,3.070,-8.893,-1.61939,3.147,-8.891,-1.62268,2
18814,363784,10,3,3,0,0,0,1,5,0,0,12.000,-142.290,-1.62263,-0.000,39.419,16.252,38.901,40.457,15.560,40.457,1468.374,3.070,-8.893,-1.61951,3.147,-8.891,-1.62251,2
18814,363794,10,3,3,0,0,0,1,5,0,0,12.000,-142.290,-1.62300,-0.000,39.419,16.252,38.901,40.457,15.560,40.457,1468.374,3.069,-8.893,-1.61988,3.147,-8.891,-1.62263,2
18829,363804,10,3,3,0,0,0,1,5,0,0,12.000,-142.290,-1.62321,-0.000,39.419,16.252,38.901,40.457,15.560,40.457,1468.374,3.069,-8.893,-1.62009,3.146,-8.892,-1.62300,2
18845,363814,10,3,3,0,0,0,1,5,0,0,12.000,-142.290,-1.62319,-0.000,39.419,16.252,38.901,40.457,15.560,40.457,1468.374,3.069,-8.893,-1.62007,3.146,-8.892,-1.62321,2
18845,363824,10,3,3,0,0,0,1,5,0,0,12.000,-142.290,-1.62282,-0.000,39.419,16.252,38.901,40.457,15.560,40.457,1468.374,3.069,-8.893,-1.61970,3.146,-8.892,-1.62319,2
18861,363834,10,3,3,0,0,0,1,5,0,0,12.000,-142.290,-1.62256,-0.000,39.419,16.252,38.901,40.457,15.560,40.457,1468.374,3.070,-8.893,-1.61944,3.147,-8.892,-1.62282,2
18877,363844,10,3,3,0,0,0,1,5,0,0,12.000,-142.290,-1.62232,-0.000,39.419,16.252,38.901,40.457,15.560,40.457,1468.374,3.070,-8.893,-1.61920,3.147,-8.891,-1.62256,2
18877,363854,10,3,3,0,0,0,1,5,0,0,12.000,-142.290,-1.62212,-0.000,39.419,16.252,38.901,40.457,15.560,40.457,1468.374,3.070,-8.893,-1.61900,3.147,-8.891,-1.62232,2
18893,363864,10,3,3,0,0,0,1,5,0,0,12.000,-142.290,-1.62223,-0.000,39.419,16.252,38.901,40.457,15.560,40.457,1468.374,3.070,-8.893,-1.61911,3.147,-8.891,-1.62212,2
18893,363874,10,3,3,0,0,0,1,5,0,0,12.000,-142.290,-1.62253,-0.000,39.419,16.252,38.901,40.457,15.560,40.457,1468.374,3.070,-8.893,-1.61940,3.147,-8.891,-1.62223,2
18908,363884,10,3,3,0,0,0,1,5,0,0,12.000,-142.290,-1.62271,-0.000,39.419,16.252,38.901,40.457,15.560,40.457,1468.374,3.070,-8.893,-1.61959,3.147,-8.891,-1.62253,2
18923,363894,10,3,3,0,0,0,1,5,0,0,12.000,-142.290,-1.62292,-0.000,39.419,16.252,38.901,40.457,15.560,40.457,1468.374,3.069,-8.893,-1.61980,3.147,-8.892,-1.62271,2
18923,363904,10,3,3,0,0,0,1,5,0,0,12.000,-142.290,-1.62308,-0.000,39.419,16.252,38.901,40.457,15.560,40.457,1468.374,3.069,-8.893,-1.61995,3.146,-8.892,-1.62292,2
18939,363914,10,3,3,0,0,0,1,5,0,0,12.000,-142.290,-1.62332,-0.000,39.419,16.252,38.901,40.457,15.560,40.457,1468.374,3.069,-8.893,-1.62020,3.146,-8.892,-1.62307,2
18954,363924,10,3,3,0,0,0,1,5,0,0,12.000,-142.290,-1.62349,-0.000,39.419,16.252,38.901,40.457,15.560,40.457,1468.374,3.069,-8.893,-1.62037,3.146,-8.892,-1.62332,2
18954,363934,10,3,3,0,0,0,1,5,0,0,12.000,-142.290,-1.62391,-0.000,39.419,16.252,38.901,40.457,15.560,40.457,1468.374,3.068,-8.894,-1.62079,3.146,-8.892,-1.62349,2
18970,363944,10,3,3,0,0,0,1,5,0,0,12.000,-142.290,-1.62427,-0.000,39.419,16.252,38.901,40.457,15.560,40.457,1468.374,3.068,-8.894,-1.62115,3.145,-8.892,-1.62391,2
18986,363954,10,3,3,0,0,0,1,5,0,0,12.000,-142.290,-1.62447,-0.000,39.419,16.252,38.901,40.457,15.560,40.457,1468.374,3.067,-8.894,-1.62135,3.145,-8.892,-1.62427,2
18986,363964,10,3,3,0,0,0,1,5,0,0,12.000,-142.290,-1.62421,-0.000,39.419,16.252,38.901,40.457,15.560,40.457,1468.374,3.068,-8.894,-1.62108,3.145,-8.892,-1.62447,2
19002,363974,10,3,3,0,0,0,1,5,0,0,12.000,-142.290,-1.62395,-0.000,39.419,16.252,38.901,40.457,15.560,40.457,1468.374,3.068,-8.894,-1.62083,3.145,-8.892,-1.62420,2
19017,363984,10,3,3,0,0,0,1,5,0,0,12.000,-142.290,-1.62359,-0.000,39.419,16.252,38.901,40.457,15.560,40.457,1468.374,3.068,-8.893,-1.62047,3.145,-8.892,-1.62395,2
19017,363994,10,3,3,0,0,0,1,5,0,0,12.000,-142.290,-1.62336,-0.000,39.419,16.252,38.901,40.457,15.560,40.457,1468.374,3.069,-8.893,-1.62024,3.146,-8.892,-1.62359,2
19033,364004,10,3,3,0,0,0,1,5,0,0,12.000,-142.290,-1.62336,-0.000,39.419,16.252,38.901,40.457,15.560,40.457,1468.374,3.069,-8.893,-1.62024,3.146,-8.892,-1.62336,2
19033,364014,10,3,3,0,0,0,1,5,0,0,12.000,-142.290,-1.62360,-0.000,39.419,16.252,38.901,40.457,15.560,40.457,1468.374,3.068,-8.893,-1.62048,3.146,-8.892,-1.62336,2
19048,364024,10,3,3,0,0,0,1,5,0,0,12.000,-142.290,-1.62362,-0.000,39.419,16.252,38.901,40.457,15.560,40.457,1468.374,3.068,-8.893,-1.62050,3.146,-8.892,-1.62360,2
19065,364034,10,3,3,0,0,0,1,5,0,0,12.000,-142.290,-1.62365,-0.000,39.419,16.252,38.901,40.457,15.560,40.457,1468.374,3.068,-8.893,-1.62053,3.146,-8.892,-1.62362,2
19065,364044,10,3,3,0,0,0,1,5,0,0,12.000,-142.290,-1.62372,-0.000,39.419,16.252,38.901,40.457,15.560,40.457,1468.374,3.068,-8.893,-1.62060,3.146,-8.892,-1.62365,2
19080,364054,10,3,3,0,0,0,1,5,0,0,12.000,-142.290,-1.62376,-0.000,39.419,16.252,38.901,40.457,15.560,40.457,1468.374,3.068,-8.893,-1.62064,3.145,-8.892,-1.62372,2
19095,364064,10,3,3,0,0,0,1,5,0,0,12.000,-142.290,-1.62389,-0.000,39.419,16.252,38.901,40.457,15.560,40.457,1468.374,3.068,-8.894,-1.62077,3.145,-8.892,-1.62376,2
19095,364074,10,3,3,0,0,0,1,5,0,0,12.000,-142.290,-1.62420,-0.000,39.419,16.252,38.901,40.457,15.560,40.457,1468.374,3.068,-8.894,-1.62108,3.145,-8.892,-1.62389,2
19111,364084,10,3,3,0,0,0,1,5,0,0,12.000,-142.290,-1.62393,-0.000,39.419,16.252,38.901,40.457,15.560,40.457,1468.374,3.068,-8.894,-1.62081,3.145,-8.892,-1.62420,2
19127,364094,10,3,3,0,0,0,1,5,0,0,12.000,-142.290,-1.62394,-0.000,39.419,16.252,38.901,40.457,15.560,40.457,1468.374,3.068,-8.894,-1.62082,3.145,-8.892,-1.62393,2
19127,364104,10,3,3,0,0,0,1,5,0,0,12.000,-142.290,-1.62357,-0.000,39.419,16.252,38.901,40.457,15.560,40.457,1468.374,3.069,-8.893,-1.62045,3.145,-8.892,-1.62394,2
19143,364114,10,3,3,0,0,0,1,5,0,0,12.000,-142.290,-1.62311,-0.000,39.419,16.252,38.901,40.457,15.560,40.457,1468.374,3.069,-8.893,-1.61999,3.146,-8.892,-1.62357,2
19143,364124,10,3,3,0,0,0,1,5,0,0,12.000,-142.290,-1.62277,-0.000,39.419,16.252,38.901,40.457,15.560,40.457,1468.374,3.069,-8.893,-1.61965,3.146,-8.892,-1.62311,2
19157,364134,10,3,3,0,0,0,1,5,0,0,12.000,-142.290,-1.62199,-0.000,39.419,16.252,38.901,40.457,15.560,40.457,1468.374,3.070,-8.893,-1.61887,3.147,-8.892,-1.62277,2
19172,364144,10,3,3,0,0,0,1,5,0,0,12.000,-142.290,-1.62113,-0.000,39.419,16.252,38.901,40.457,15.560,40.457,1468.374,3.071,-8.892,-1.61801,3.148,-8.891,-1.62199,2
19172,364154,10,3,3,0,0,0,1,5,0,0,12.000,-142.290,-1.62086,-0.000,39.419,16.252,38.901,40.457,15.560,40.457,1468.374,3.072,-8.892,-1.61774,3.149,-8.891,-1.62113,2
19189,364164,10,3,3,0,0,0,1,5,0,0,12.000,-142.290,-1.62092,-0.000,39.419,16.252,38.901,40.457,15.560,40.457,1468.374,3.072,-8.892,-1.61780,3.149,-8.891,-1.62086,2
19204,364174,10,3,3,0,0,0,1,5,0,0,12.000,-142.290,-1.62106,-0.000,39.419,16.252,38.901,40.457,15.560,40.457,1468.374,3.072,-8.892,-1.61794,3.149,-8.891,-1.62092,2
19204,364184,10,3,3,0,0,0,1,5,0,0,12.000,-142.290,-1.62136,-0.000,39.419,16.252,38.901,40.457,15.560,40.457,1468.374,3.071,-8.893,-1.61824,3.149,-8.891,-1.62106,2
19220,364194,10,3,3,0,0,0,1,5,0,0,12.000,-142.290,-1.62135,-0.000,39.419,16.252,38.901,40.457,15.560,40.457,1468.374,3.071,-8.893,-1.61823,3.148,-8.891,-1.62136,2
19236,364204,10,3,3,0,0,0,1,5,0,0,12.000,-142.290,-1.62131,-0.000,39.419,16.252,38.901,40.457,15.560,40.457,1468.374,3.071,-8.893,-1.61819,3.148,-8.891,-1.62135,2
19236,364214,10,3,3,0,0,0,1,5,0,0,12.000,-142.290,-1.62113,-0.000,39.419,16.252,38.901,40.457,15.560,40.457,1468.374,3.071,-8.892,-1.61801,3.148,-8.891,-1.62131,2
19251,364224,10,3,3,0,0,0,1,5,0,0,12.000,-142.290,-1.62087,-0.000,39.419,16.252,38.901,40.457,15.560,40.457,1468.374,3.072,-8.892,-1.61775,3.149,-8.891,-1.62113,2
19267,364234,10,3,3,0,0,0,1,5,0,0,12.000,-142.290,-1.62078,-0.000,39.419,16.252,38.901,40.457,15.560,40.457,1468.374,3.072,-8.892,-1.61766,3.149,-8.891,-1.62087,2
19267,364244,10,3,3,0,0,0,1,5,0,0,12.000,-142.290,-1.62081,-0.000,39.419,16.252,38.901,40.457,15.560,40.457,1468.374,3.072,-8.892,-1.61769,3.149,-8.891,-1.62078,2
19283,364254,10,3,3,0,0,0,1,5,0,0,12.000,-142.290,-1.62128,-0.000,39.419,16.252,38.901,40.457,15.560,40.457,1468.374,3.071,-8.893,-1.61816,3.149,-8.891,-1.62081,2
19283,364264,10,3,3,0,0,0,1,5,0,0,12.000,-142.290,-1.62192,-0.000,39.419,16.252,38.901,40.457,15.560,40.457,1468.374,3.071,-8.893,-1.61880,3.148,-8.891,-1.62128,2
19299,364274,10,3,3,0,0,0,1,5,0,0,12.000,-142.290,-1.62250,-0.000,39.419,16.252,38.901,40.457,15.560,40.457,1468.374,3.070,-8.893,-1.61938,3.148,-8.891,-1.62192,2
19313,364284,10,3,3,0,0,0,1,5,0,0,12.000,-142.290,-1.62393,-0.000,39.419,16.252,38.901,40.457,15.560,40.457,1468.374,3.068,-8.894,-1.62081,3.147,-8.891,-1.62250,2
19313,364294,10,3,3,0,0,0,1,5,0,0,12.000,-142.290,-1.62339,-0.000,39.419,16.252,38.901,40.457,15.560,40.457,1468.374,3.069,-8.893,-1.62026,3.145,-8.892,-1.62393,2
19329,364304,10,3,3,0,0,0,1,5,0,0,12.000,-142.290,-1.62285,0.244,39.419,16.252,38.901,40.457,15.560,40.457,1468.374,3.069,-8.893,-1.61973,3.146,-8.892,-1.62339,2
19345,364314,10,3,3,0,0,0,1,5,0,0,12.000,-142.290,-1.62175,-0.000,39.419,16.252,38.901,40.457,15.560,40.457,1468.374,3.071,-8.893,-1.61863,3.147,-8.892,-1.62285,2
19345,364324,10,3,3,0,0,0,1,5,0,0,12.000,-142.290,-1.62078,-0.000,39.419,16.252,38.901,40.457,15.560,40.457,1468.374,3.072,-8.892,-1.61766,3.148,-8.891,-1.62175,2
19360,364334,10,3,3,0,0,0,1,5,0,0,12.000,-142.290,-1.62097,-0.000,39.419,16.252,38.901,40.457,15.560,40.457,1468.374,3.072,-8.892,-1.61785,3.149,-8.891,-1.62078,2
19376,364344,10,3,3,0,0,0,1,5,0,0,12.000,-142.290,-1.62126,-0.000,39.419,16.252,38.901,40.457,15.560,40.457,1468.374,3.071,-8.893,-1.61814,3.149,-8.891,-1.62097,2
19376,364354,10,3,3,0,0,0,1,5,0,0,12.000,-142.290,-1.62135,-0.000,39.419,16.252,38.901,40.457,15.560,40.457,1468.374,3.071,-8.893,-1.61823,3.148,-8.891,-1.62126,2
19392,364364,10,3,3,0,0,0,1,5,0,0,12.000,-142.290,-1.62073,-0.000,39.419,16.252,38.901,40.457,15.560,40.457,1468.374,3.072,-8.892,-1.61761,3.148,-8.891,-1.62135,2
19408,364374,10,3,3,0,0,0,1,5,0,0,12.000,-142.290,-1.62004,-0.000,39.419,16.252,38.901,40.457,15.560,40.457,1468.374,3.073,-8.892,-1.61692,3.149,-8.891,-1.62073,2
19408,364384,10,3,3,0,0,0,1,5,0,0,12.000,-142.290,-1.61957,-0.000,39.419,16.252,38.901,40.457,15.560,40.457,1468.374,3.073,-8.892,-1.61645,3.150,-8.890,-1.62004,2
19423,364394,10,3,3,0,0,0,1,5,0,0,12.000,-142.290,-1.61935,-0.000,39.419,16.252,38.901,40.457,15.560,40.457,1468.374,3.074,-8.892,-1.61623,3.150,-8.890,-1.61957,2
19423,364404,10,3,3,0,0,0,1,5,0,0,12.000,-142.290,-1.61904,-0.000,39.419,16.252,38.901,40.457,15.560,40.457,1468.374,3.074,-8.892,-1.61592,3.151,-8.890,-1.61935,2
19439,364414,10,3,3,0,0,0,1,5,0,0,12.000,-142.290,-1.61889,-0.000,39.419,16.252,38.901,40.457,15.560,40.457,1468.374,3.074,-8.892,-1.61577,3.151,-8.890,-1.61904,2
19455,364424,10,3,3,0,0,0,1,5,0,0,12.000,-142.290,-1.61863,-0.000,39.419,16.252,38.901,40.457,15.560,40.457,1468.374,3.074,-8.892,-1.61551,3.151,-8.890,-1.61889,2
19455,364434,10,3,3,0,0,0,1,5,0,0,12.000,-142.290,-1.61862,-0.000,39.419,16.252,38.901,40.457,15.560,40.457,1468.374,3.075,-8.892,-1.61550,3.152,-8.890,-1.61863,2
19471,364444,10,3,3,0,0,0,1,5,0,0,12.000,-142.290,-1.61876,-0.000,39.419,16.252,38.901,40.457,15.560,40.457,1468.374,3.074,-8.892,-1.61564,3.152,-8.890,-1.61862,2
19487,364454,10,3,3,0,0,0,1,5,0,0,12.000,-142.290,-1.61898,-0.000,39.419,16.252,38.901,40.457,15.560,40.457,1468.374,3.074,-8.892,-1.61586,3.151,-8.890,-1.61876,2
19487,364464,10,3,3,0,0,0,1,5,0,0,12.000,-142.290,-1.61923,-0.000,39.419,16.252,38.901,40.457,15.560,40.457,1468.374,3.074,-8.892,-1.61611,3.151,-8.890,-1.61898,2
19502,364474,10,3,3,0,0,0,1,5,0,0,12.000,-142.290,-1.61928,-0.000,39.419,16.252,38.901,40.457,15.560,40.457,1468.374,3.074,-8.892,-1.61616,3.151,-8.890,-1.61923,2
19502,364484,10,3,3,0,0,0,1,5,0,0,12.000,-142.290,-1.61909,-0.000,39.419,16.252,38.901,40.457,15.560,40.457,1468.374,3.074,-8.892,-1.61597,3.151,-8.890,-1.61928,2
19519,364494,10,3,3,0,0,0,1,5,0,0,12.000,-142.290,-1.61874,-0.000,39.419,16.252,38.901,40.457,15.560,40.457,1468.374,3.074,-8.892,-1.61562,3.151,-8.890,-1.61909,2
19534,364504,10,3,3,0,0,0,1,5,0,0,12.000,-142.290,-1.61828,-0.000,39.419,16.252,38.901,40.457,15.560,40.457,1468.374,3.075,-8.891,-1.61516,3.152,-8.890,-1.61874,2
19534,364514,10,3,3,0,0,0,1,5,0,0,12.000,-142.290,-1.61823,-0.000,39.419,16.252,38.901,40.457,15.560,40.457,1468.374,3.075,-8.891,-1.61511,3.152,-8.890,-1.61828,2
19550,364524,10,3,3,0,0,0,1,5,0,0,12.000,-142.290,-1.61817,-0.000,39.419,16.252,38.901,40.457,15.560,40.457,1468.374,3.075,-8.891,-1.61505,3.152,-8.890,-1.61823,2
19566,364534,10,3,3,0,0,0,1,5,0,0,12.000,-142.290,-1.61828,-0.000,39.419,16.252,38.901,40.457,15.560,40.457,1468.374,3.075,-8.891,-1.61516,3.152,-8.890,-1.61817,2
19566,364544,10,3,3,0,0,0,1,5,0,0,12.000,-142.290,-1.61840,-0.000,39.419,16.252,38.901,40.457,15.560,40.457,1468.374,3.075,-8.891,-1.61528,3.152,-8.890,-1.61828,2
19582,364554,10,3,3,0,0,0,1,5,0,0,12.000,-142.290,-1.61840,-0.000,39.419,16.252,38.901,40.457,15.560,40.457,1468.374,3.075,-8.891,-1.61528,3.152,-8.890,-1.61840,2
19597,364564,10,3,3,0,0,0,1,5,0,0,12.000,-142.290,-1.61831,-0.000,39.419,16.252,38.901,40.457,15.560,40.457,1468.374,3.075,-8.891,-1.61519,3.152,-8.890,-1.61840,2
19597,364574,10,3,3,0,0,0,1,5,0,0,12.000,-142.290,-1.61831,-0.000,39.419,16.252,38.901,40.457,15.560,40.457,1468.374,3.075,-8.891,-1.61519,3.152,-8.890,-1.61831,2
19613,364584,10,3,3,0,0,0,1,5,0,0,12.000,-142.290,-1.61841,-0.000,39.419,16.252,38.901,40.457,15.560,40.457,1468.374,3.075,-8.891,-1.61529,3.152,-8.890,-1.61831,2
19613,364594,10,3,3,0,0,0,1,5,0,0,12.000,-142.290,-1.61877,-0.000,39.419,16.252,38.901,40.457,15.560,40.457,1468.374,3.074,-8.892,-1.61565,3.152,-8.890,-1.61841,2
19628,364604,10,3,3,0,0,0,1,5,0,0,12.000,-142.290,-1.61914,-0.000,39.419,16.252,38.901,40.457,15.560,40.457,1468.374,3.074,-8.892,-1.61602,3.151,-8.890,-1.61877,2
19643,364614,10,3,3,0,0,0,1,5,0,0,12.000,-142.290,-1.61917,-0.000,39.419,16.252,38.901,40.457,15.560,40.457,1468.374,3.074,-8.892,-1.61605,3.151,-8.890,-1.61914,2
19643,364624,10,3,3,0,0,0,1,5,0,0,12.000,-142.290,-1.61903,-0.000,39.419,16.252,38.901,40.457,15.560,40.457,1468.374,3.074,-8.892,-1.61591,3.151,-8.890,-1.61917,2
19660,364634,10,3,3,0,0,0,1,5,0,0,12.000,-142.290,-1.61906,-0.000,39.419,16.252,38.901,40.457,15.560,40.457,1468.374,3.074,-8.892,-1.61594,3.151,-8.890,-1.61903,2
19675,364644,10,3,3,0,0,0,1,5,0,0,12.000,-142.290,-1.61905,-0.000,39.419,16.252,38.901,40.457,15.560,40.457,1468.374,3.074,-8.892,-1.61593,3.151,-8.890,-1.61906,2
19675,364654,10,3,3,0,0,0,1,5,0,0,12.000,-142.290,-1.61892,-0.000,39.419,16.252,38.901,40.457,15.560,40.457,1468.374,3.074,-8.892,-1.61580,3.151,-8.890,-1.61905,2
19691,364664,10,3,3,0,0,0,1,5,0,0,12.000,-142.290,-1.61854,-0.000,39.419,16.252,38.901,40.457,15.560,40.457,1468.374,3.075,-8.891,-1.61542,3.151,-8.890,-1.61892,2
19706,364674,10,3,3,0,0,0,1,5,0,0,12.000,-142.290,-1.61847,-0.000,39.419,16.252,38.901,40.457,15.560,40.457,1468.374,3.075,-8.891,-1.61535,3.152,-8.890,-1.61854,2
19706,364684,10,3,3,0,0,0,1,5,0,0,12.000,-142.290,-1.61859,-0.000,39.419,16.252,38.901,40.457,15.560,40.457,1468.374,3.075,-8.892,-1.61547,3.152,-8.890,-1.61847,2
19722,364694,10,3,3,0,0,0,1,5,0,0,12.000,-142.290,-1.61828,-0.000,39.419,16.252,38.901,40.457,15.560,40.457,1468.374,3.075,-8.891,-1.61515,3.152,-8.890,-1.61859,2
19722,364704,10,3,3,0,0,0,1,5,0,0,12.000,-142.290,-1.61821,-0.000,39.419,16.252,38.901,40.457,15.560,40.457,1468.374,3.075,-8.891,-1.61509,3.152,-8.890,-1.61827,2
19738,364714,10,3,3,0,0,0,1,5,0,0,12.000,-142.290,-1.61806,-0.000,39.419,16.252,38.901,40.457,15.560,40.457,1468.374,3.075,-8.891,-1.61494,3.152,-8.890,-1.61821,2
19753,364724,10,3,3,0,0,0,1,5,0,0,12.000,-142.290,-1.61829,-0.000,39.419,16.252,38.901,40.457,15.560,40.457,1468.374,3.075,-8.891,-1.61517,3.152,-8.890,-1.61806,2
19753,364734,10,3,3,0,0,0,1,5,0,0,12.000,-142.290,-1.61829,-0.000,39.419,16.252,38.901,40.457,15.560,40.457,1468.374,3.075,-8.891,-1.61517,3.152,-8.890,-1.61829,2
19769,364744,10,3,3,0,0,0,1,5,0,0,12.000,-142.290,-1.61826,-0.000,39.419,16.252,38.901,40.457,15.560,40.457,1468.374,3.075,-8.891,-1.61514,3.152,-8.890,-1.61829,2
19784,364754,10,3,3,0,0,0,1,5,0,0,12.000,-142.290,-1.61820,-0.000,39.419,16.252,38.901,40.457,15.560,40.457,1468.374,3.075,-8.891,-1.61508,3.152,-8.890,-1.61826,2
19784,364764,10,3,3,0,0,0,1,5,0,0,12.000,-142.290,-1.61801,-0.000,39.419,16.252,38.901,40.457,15.560,40.457,1468.374,3.075,-8.891,-1.61489,3.152,-8.890,-1.61820,2
19800,364774,10,3,3,0,0,0,1,5,0,0,12.000,-142.290,-1.61808,-0.000,39.419,16.252,38.901,40.457,15.560,40.457,1468.374,3.075,-8.891,-1.61496,3.152,-8.890,-1.61801,2
19816,364784,10,3,3,0,0,0,1,5,0,0,12.000,-142.290,-1.61837,-0.000,39.419,16.252,38.901,40.457,15.560,40.457,1468.374,3.075,-8.891,-1.61525,3.152,-8.890,-1.61808,2
19816,364794,10,3,3,0,0,0,1,5,0,0,12.000,-142.290,-1.61844,-0.000,39.419,16.252,38.901,40.457,15.560,40.457,1468.374,3.075,-8.891,-1.61532,3.152,-8.890,-1.61837,2
19833,364804,10,3,3,0,0,0,1,5,0,0,12.000,-142.290,-1.61857,-0.000,39.419,16.252,38.901,40.457,15.560,40.457,1468.374,3.075,-8.892,-1.61545,3.152,-8.890,-1.61844,2
19833,364814,10,3,3,0,0,0,1,5,0,0,12.000,-142.290,-1.61871,-0.000,39.419,16.252,38.901,40.457,15.560,40.457,1468.374,3.074,-8.892,-1.61559,3.152,-8.890,-1.61857,2
19847,364824,10,3,3,0,0,0,1,5,0,0,12.000,-142.290,-1.61879,-0.000,39.419,16.252,38.901,40.457,15.560,40.457,1468.374,3.074,-8.892,-1.61567,3.152,-8.890,-1.61871,2
19863,364834,10,3,3,0,0,0,1,5,0,0,12.000,-142.290,-1.61861,-0.000,39.419,16.252,38.901,40.457,15.560,40.457,1468.374,3.075,-8.892,-1.61549,3.151,-8.890,-1.61879,2
19863,364844,10,3,3,0,0,0,1,5,0,0,12.000,-142.290,-1.61872,-0.000,39.419,16.252,38.901,40.457,15.560,40.457,1468.374,3.074,-8.892,-1.61560,3.152,-8.890,-1.61861,2
19878,364854,10,3,3,0,0,0,1,5,0,0,12.000,-142.290,-1.61853,-0.000,39.419,16.252,38.901,40.457,15.560,40.457,1468.374,3.075,-8.891,-1.61541,3.152,-8.890,-1.61872,2
19894,364864,10,3,3,0,0,0,1,5,0,0,12.000,-142.290,-1.61863,-0.000,39.419,16.252,38.901,40.457,15.560,40.457,1468.374,3.074,-8.892,-1.61551,3.152,-8.890,-1.61853,2
19894,364874,10,3,3,0,0,0,1,5,0,0,12.000,-142.290,-1.61849,-0.000,39.419,16.252,38.901,40.457,15.560,40.457,1468.374,3.075,-8.891,-1.61537,3.152,-8.890,-1.61863,2
19910,364884,10,3,3,0,0,0,1,5,0,0,12.000,-142.290,-1.61846,-0.000,39.419,16.252,38.901,40.457,15.560,40.457,1468.374,3.075,-8.891,-1.61534,3.152,-8.890,-1.61849,2
19926,364894,10,3,3,0,0,0,1,5,0,0,12.000,-142.290,-1.61824,-0.000,39.419,16.252,38.901,40.457,15.560,40.457,1468.374,3.075,-8.891,-1.61512,3.152,-8.890,-1.61846,2
19926,364904,10,3,3,0,0,0,1,5,0,0,12.000,-142.290,-1.61814,-0.000,39.419,16.252,38.901,40.457,15.560,40.457,1468.374,3.075,-8.891,-1.61501,3.152,-8.890,-1.61824,2
19941,364914,10,3,3,0,0,0,1,5,0,0,12.000,-142.290,-1.61828,-0.000,39.419,16.252,38.901,40.457,15.560,40.457,1468.374,3.075,-8.891,-1.61516,3.152,-8.890,-1.61813,2
19956,364924,10,3,3,0,0,0,1,5,0,0,12.000,-142.290,-1.61841,-0.000,39.419,16.252,38.901,40.457,15.560,40.457,1468.374,3.075,-8.891,-1.61529,3.152,-8.890,-1.61828,2
19956,364934,10,3,3,0,0,0,1,5,0,0,12.000,-142.290,-1.61872,-0.000,39.419,16.252,38.901,40.457,15.560,40.457,1468.374,3.074,-8.892,-1.61560,3.152,-8.890,-1.61841,2
19972,364944,10,3,3,0,0,0,1,5,0,0,12.000,-142.290,-1.61865,-0.000,39.419,16.252,38.901,40.457,15.560,40.457,1468.374,3.074,-8.892,-1.61553,3.152,-8.890,-1.61872,2
19988,364954,10,3,3,0,0,0,1,5,0,0,12.000,-142.290,-1.61866,-0.000,39.419,16.252,38.901,40.457,15.560,40.457,1468.374,3.074,-8.892,-1.61554,3.152,-8.890,-1.61865,2
19988,364964,10,3,3,0,0,0,1,5,0,0,12.000,-142.290,-1.61886,-0.000,39.419,16.252,38.901,40.457,15.560,40.457,1468.374,3.074,-8.892,-1.61574,3.152,-8.890,-1.61866,2
20003,364974,10,3,3,0,0,0,1,5,0,0,12.000,-142.290,-1.61895,-0.000,39.419,16.252,38.901,40.457,15.560,40.457,1468.374,3.074,-8.892,-1.61583,3.151,-8.890,-1.61886,2
20003,364984,10,3,3,0,0,0,1,5,0,0,12.000,-142.290,-1.61890,-0.000,39.419,16.252,38.901,40.457,15.560,40.457,1468.374,3.074,-8.892,-1.61578,3.151,-8.890,-1.61895,2
20018,364994,10,3,3,0,0,0,1,5,0,0,12.000,-142.290,-1.61873,-0.000,39.419,16.252,38.901,40.457,15.560,40.457,1468.374,3.074,-8.892,-1.61561,3.151,-8.890,-1.61890,2
20034,365004,10,3,3,0,0,0,1,5,0,0,12.000,-142.290,-1.61887,-0.000,39.419,16.252,38.901,40.457,15.560,40.457,1468.374,3.074,-8.892,-1.61575,3.152,-8.890,-1.61873,2
20034,365014,10,3,3,0,0,0,1,5,0,0,12.000,-142.290,-1.61895,-0.000,39.419,16.252,38.901,40.457,15.560,40.457,1468.374,3.074,-8.892,-1.61582,3.151,-8.890,-1.61887,2
20050,365024,10,3,3,0,0,0,1,5,0,0,12.000,-142.290,-1.61851,-0.000,39.419,16.252,38.901,40.457,15.560,40.457,1468.374,3.075,-8.891,-1.61539,3.151,-8.890,-1.61895,2
20066,365034,10,3,3,0,0,0,1,5,0,0,12.000,-142.290,-1.61827,-0.000,39.419,16.252,38.901,40.457,15.560,40.457,1468.374,3.075,-8.891,-1.61515,3.152,-8.890,-1.61851,2
20066,365044,10,3,3,0,0,0,1,5,0,0,12.000,-142.290,-1.61837,-0.000,39.419,16.252,38.901,40.457,15.560,40.457,1468.374,3.075,-8.891,-1.61525,3.152,-8.890,-1.61827,2
20080,365054,10,3,3,0,0,0,1,5,0,0,12.000,-142.290,-1.61849,-0.000,39.419,16.252,38.901,40.457,15.560,40.457,1468.374,3.075,-8.891,-1.61537,3.152,-8.890,-1.61837,2
20096,365064,10,3,3,0,0,0,1,5,0,0,12.000,-142.290,-1.61871,-0.000,39.419,16.252,38.901,40.457,15.560,40.457,1468.374,3.074,-8.892,-1.61559,3.152,-8.890,-1.61849,2
20096,365074,10,3,3,0,0,0,1,5,0,0,12.000,-142.290,-1.61886,-0.000,39.419,16.252,38.901,40.457,15.560,40.457,1468.374,3.074,-8.892,-1.61574,3.152,-8.890,-1.61871,2
20111,365084,10,3,3,0,0,0,1,5,0,0,12.000,-142.290,-1.61864,-0.000,39.419,16.252,38.901,40.457,15.560,40.457,1468.374,3.074,-8.892,-1.61552,3.151,-8.890,-1.61886,2
20127,365094,10,3,3,0,0,0,1,5,0,0,12.000,-142.290,-1.61829,-0.000,39.419,16.252,38.901,40.457,15.560,40.457,1468.374,3.075,-8.891,-1.61516,3.152,-8.890,-1.61864,2
20127,365104,10,3,3,0,0,0,1,5,0,0,12.000,-142.290,-1.61811,-0.000,39.419,16.252,38.901,40.457,15.560,40.457,1468.374,3.075,-8.891,-1.61499,3.152,-8.890,-1.61829,2
20142,365114,10,3,3,0,0,0,1,5,0,0,12.000,-142.290,-1.61810,-0.000,39.419,16.252,38.901,40.457,15.560,40.457,1468.374,3.075,-8.891,-1.61498,3.152,-8.890,-1.61811,2
20157,365124,10,3,3,0,0,0,1,5,0,0,12.000,-142.290,-1.61805,-0.000,39.419,16.252,38.901,40.457,15.560,40.457,1468.374,3.075,-8.891,-1.61493,3.152,-8.890,-1.61810,2
20157,365134,10,3,3,0,0,0,1,5,0,0,12.000,-142.290,-1.61824,-0.000,39.419,16.252,38.901,40.457,15.560,40.457,1468.374,3.075,-8.891,-1.61512,3.152,-8.890,-1.61805,2
20172,365144,10,3,3,0,0,0,1,5,0,0,12.000,-142.290,-1.61844,-0.000,39.419,16.252,38.901,40.457,15.560,40.457,1468.374,3.075,-8.891,-1.61532,3.152,-8.890,-1.61824,2
20172,365154,10,3,3,0,0,0,1,5,0,0,12.000,-142.290,-1.61836,-0.000,39.419,16.252,38.901,40.457,15.560,40.457,1468.374,3.075,-8.891,-1.61524,3.152,-8.890,-1.61844,2
20188,365164,10,3,3,0,0,0,1,5,0,0,12.000,-142.290,-1.61840,-0.000,39.419,16.252,38.901,40.457,15.560,40.457,1468.374,3.075,-8.891,-1.61528,3.152,-8.890,-1.61836,2
20204,365174,10,3,3,0,0,0,1,5,0,0,12.000,-142.290,-1.61854,-0.000,39.419,16.252,38.901,40.457,15.560,40.457,1468.374,3.075,-8.891,-1.61542,3.152,-8.890,-1.61840,2
20204,365184,10,3,3,0,0,0,1,5,0,0,12.000,-142.290,-1.61863,-0.000,39.419,16.252,38.901,40.457,15.560,40.457,1468.374,3.074,-8.892,-1.61551,3.152,-8.890,-1.61854,2
20220,365194,10,3,3,0,0,0,1,5,0,0,12.000,-142.290,-1.61833,-0.000,39.419,16.252,38.901,40.457,15.560,40.457,1468.374,3.075,-8.891,-1.61521,3.152,-8.890,-1.61863,2
20235,365204,10,3,3,0,0,0,1,5,0,0,12.000,-142.290,-1.61806,-0.000,39.419,16.252,38.901,40.457,15.560,40.457,1468.374,3.075,-8.891,-1.61494,3.152,-8.890,-1.61833,2
20235,365214,10,3,3,0,0,0,1,5,0,0,12.000,-142.290,-1.61751,-0.000,39.419,16.252,38.901,40.457,15.560,40.457,1468.374,3.076,-8.891,-1.61439,3.152,-8.890,-1.61806,2
20251,365224,10,3,3,0,0,0,1,5,0,0,12.000,-142.290,-1.61696,-0.000,39.419,16.252,38.901,40.457,15.560,40.457,1468.374,3.077,-8.891,-1.61384,3.153,-8.890,-1.61751,2
20267,365234,10,3,3,0,0,0,1,5,0,0,12.000,-142.290,-1.61607,-0.000,39.419,16.252,38.901,40.457,15.560,40.457,1468.374,3.078,-8.891,-1.61295,3.154,-8.889,-1.61696,2
20267,365244,10,3,3,0,0,0,1,5,0,0,11.921,-142.290,-1.61523,-0.000,39.419,16.252,38.901,40.457,15.560,40.457,1468.374,3.081,-8.970,-1.61211,3.155,-8.889,-1.61607,2
20280,365254,10,3,3,0,0,0,1,5,0,0,12.000,-142.290,-1.61448,-0.000,39.419,16.252,38.901,40.457,15.560,40.457,1468.374,3.080,-8.890,-1.61136,3.158,-8.968,-1.61523,2
20312,365264,10,3,3,0,0,0,1,5,0,0,12.000,-142.290,-1.61441,-0.000,39.419,16.252,38.901,40.457,15.560,40.457,1468.374,3.080,-8.890,-1.61129,3.157,-8.888,-1.61448,2
20312,365274,10,3,3,0,0,0,1,5,0,0,12.000,-142.290,-1.61473,-0.000,39.419,16.252,38.901,40.457,15.560,40.457,1468.374,3.079,-8.890,-1.61161,3.157,-8.888,-1.61441,2
20312,365284,10,3,3,0,0,0,1,5,0,0,12.000,-142.290,-1.61519,-0.000,39.419,16.252,38.901,40.457,15.560,40.457,1468.374,3.079,-8.890,-1.61207,3.156,-8.888,-1.61473,2
20343,365294,10,3,3,0,0,0,1,5,0,0,12.000,-142.290,-1.61565,-0.000,39.419,16.252,38.901,40.457,15.560,40.457,1468.374,3.078,-8.890,-1.61253,3.156,-8.889,-1.61519,2
20343,365304,10,3,3,0,0,0,1,5,0,0,12.000,-142.290,-1.61614,-0.000,39.419,16.252,38.901,40.457,15.560,40.457,1468.374,3.078,-8.891,-1.61302,3.155,-8.889,-1.61565,2
20343,365314,10,3,3,0,0,0,1,5,0,0,11.921,-142.255,-1.61666,-0.000,39.419,16.252,38.901,40.457,15.560,40.457,1468.374,3.115,-8.970,-1.61354,3.155,-8.889,-1.61614,2
20343,365324,10,3,3,0,0,0,1,5,0,0,11.921,-142.255,-1.61640,-0.000,39.419,16.252,38.901,40.457,15.560,40.457,1468.374,3.115,-8.969,-1.61328,3.192,-8.968,-1.61666,2
20373,365334,10,3,3,0,0,0,1,5,0,0,11.845,-142.255,-1.61546,-0.000,39.419,16.252,38.901,40.457,15.560,40.457,1468.374,3.118,-9.044,-1.61234,3.192,-8.968,-1.61640,2
20373,365344,10,3,3,0,0,0,1,5,0,0,11.845,-142.255,-1.61582,-0.000,39.419,16.252,38.901,40.457,15.560,40.457,1468.374,3.118,-9.045,-1.61269,3.195,-9.043,-1.61546,2
20373,365354,10,3,3,0,0,0,1,5,0,0,11.766,-142.255,-1.61572,-0.000,39.419,16.252,38.901,40.457,15.560,40.457,1468.374,3.120,-9.124,-1.61260,3.195,-9.043,-1.61581,2
20389,365364,10,3,3,0,0,0,1,5,0,0,11.690,-142.255,-1.61519,-0.000,39.419,16.252,38.901,40.457,15.560,40.457,1468.374,3.123,-9.199,-1.61207,3.197,-9.123,-1.61572,2
20404,365374,10,3,3,0,0,0,1,5,0,0,11.690,-142.255,-1.61444,-0.000,39.419,16.252,38.901,40.457,15.560,40.457,1468.374,3.124,-9.199,-1.61132,3.200,-9.198,-1.61519,2
20404,365384,10,3,3,0,0,0,1,5,0,0,11.531,-142.255,-1.61401,-0.000,39.419,16.252,38.901,40.457,15.560,40.457,1468.374,3.129,-9.358,-1.61089,3.201,-9.198,-1.61444,2
20421,365394,10,3,3,0,0,0,1,5,0,0,11.531,-142.255,-1.61319,-0.000,39.419,16.252,38.901,40.457,15.560,40.457,1468.374,3.130,-9.358,-1.61007,3.206,-9.357,-1.61401,2
20436,365404,10,3,3,0,0,0,1,5,0,0,11.375,-142.255,-1.61211,-0.000,39.419,16.252,38.901,40.457,15.560,40.457,1468.374,3.135,-9.513,-1.60899,3.207,-9.357,-1.61319,2
20436,365414,10,3,3,0,0,0,1,5,0,0,11.300,-142.255,-1.61093,-0.000,39.419,16.252,38.382,40.457,15.560,40.457,1468.893,3.139,-9.588,-1.60781,3.213,-9.511,-1.61211,2
20452,365424,10,3,3,0,0,0,1,5,0,0,11.220,-142.255,-1.60927,-0.000,39.419,16.252,38.382,40.457,15.560,40.457,1468.893,3.143,-9.667,-1.60615,3.216,-9.586,-1.61093,2
20468,365434,10,3,3,0,0,0,1,5,0,0,11.025,-142.255,-1.61131,-0.427,39.419,16.252,37.863,40.457,15.560,40.457,1469.412,3.146,-9.863,-1.60819,3.220,-9.665,-1.60927,2
20468,365444,10,3,3,0,0,0,1,5,0,0,10.870,-142.255,-1.61507,-0.549,39.419,16.252,37.863,40.457,15.560,40.457,1469.412,3.146,-10.019,-1.61195,3.223,-9.861,-1.61131,2
20501,365454,10,3,3,0,0,0,1,5,0,0,10.675,-142.255,-1.61668,-0.000,39.419,16.252,37.863,40.457,15.560,40.457,1469.412,3.150,-10.215,-1.61356,3.223,-10.018,-1.61507,2
20501,365464,10,3,3,0,0,0,1,5,0,0,10.520,-142.255,-1.61538,0.336,38.901,16.252,37.863,40.457,15.560,40.457,1469.412,3.155,-10.369,-1.61226,3.227,-10.213,-1.61668,2
20501,365474,10,3,3,0,0,0,1,5,0,0,10.365,-142.255,-1.60928,0.824,38.901,16.252,37.863,40.457,15.560,40.457,1469.412,3.167,-10.522,-1.60616,3.233,-10.368,-1.61538,2
20530,365484,10,3,3,0,0,0,1,5,0,0,10.210,-142.255,-1.60213,0.885,38.901,16.252,37.345,40.457,15.560,40.457,1469.930,3.180,-10.674,-1.59901,3.244,-10.521,-1.60928,2
20530,365494,10,3,3,0,0,0,1,5,0,0,9.975,-142.255,-1.59665,0.763,38.901,16.252,37.345,40.457,15.560,40.457,1469.930,3.193,-10.907,-1.59353,3.257,-10.673,-1.60213,2
20530,365504,10,3,3,0,0,0,1,5,0,0,9.819,-142.255,-1.59345,-0.000,38.901,16.252,36.826,40.457,15.560,40.457,1470.449,3.202,-11.061,-1.59033,3.271,-10.906,-1.59665,2
20545,365514,10,3,3,0,0,0,1,5,0,0,9.660,-142.255,-1.59380,-0.000,38.901,16.252,36.826,40.457,15.560,40.457,1470.449,3.206,-11.221,-1.59068,3.279,-11.060,-1.59345,2
20545,365524,10,3,3,0,0,0,1,5,0,0,9.505,-142.255,-1.59452,-0.000,38.901,16.252,36.826,40.457,15.560,40.457,1470.449,3.209,-11.376,-1.59140,3.283,-11.219,-1.59380,2
20561,365534,10,3,3,0,0,0,1,5,0,0,9.274,-142.255,-1.59358,0.366,38.382,16.252,36.826,40.457,15.560,40.457,1470.449,3.217,-11.606,-1.59046,3.286,-11.375,-1.59452,2
20577,365544,10,3,3,0,0,0,1,5,0,0,9.039,-142.255,-1.58863,0.732,38.382,16.252,36.826,40.457,15.560,40.457,1470.449,3.229,-11.839,-1.58551,3.294,-11.605,-1.59358,2
20577,365554,10,3,3,0,0,0,1,5,0,0,8.844,-142.255,-1.58221,0.763,37.863,16.252,36.307,40.457,15.560,40.457,1470.968,3.242,-12.032,-1.57909,3.306,-11.838,-1.58863,2
20593,365564,10,3,3,0,0,0,1,5,0,0,8.764,-142.255,-1.57989,0.305,37.863,16.252,36.307,40.457,15.560,40.457,1470.968,3.247,-12.111,-1.57677,3.320,-12.030,-1.58221,2
20593,365574,10,3,3,0,0,0,1,5,0,0,8.534,-142.255,-1.58297,-0.336,37.863,16.252,35.789,40.457,15.560,40.457,1471.486,3.250,-12.342,-1.57985,3.325,-12.109,-1.57989,2
20608,365584,10,3,3,0,0,0,1,5,0,0,8.374,-142.255,-1.58941,-0.671,37.863,16.252,35.789,40.457,15.560,40.457,1471.486,3.246,-12.504,-1.58629,3.327,-12.341,-1.58297,2
20639,365594,10,3,3,0,0,0,1,5,0,0,8.299,-142.255,-1.59541,-0.549,37.863,16.252,35.789,40.457,15.560,40.457,1471.486,3.241,-12.582,-1.59229,3.324,-12.503,-1.58941,2
20639,365604,10,3,3,0,0,0,1,5,0,0,8.144,-142.255,-1.59775,-0.000,37.345,16.252,35.789,40.457,15.560,40.457,1471.486,3.243,-12.738,-1.59463,3.319,-12.580,-1.59541,2
20639,365614,10,3,3,0,0,0,1,5,0,0,8.064,-142.255,-1.59733,0.275,37.345,16.252,35.789,40.457,15.560,40.457,1471.486,3.246,-12.817,-1.59421,3.320,-12.736,-1.59775,2
20655,365624,10,3,3,0,0,0,1,5,0,0,7.989,-142.255,-1.59348,0.641,37.345,16.252,35.270,40.457,15.560,40.457,1472.005,3.252,-12.891,-1.59035,3.323,-12.816,-1.59733,2
20655,365634,10,3,3,0,0,0,1,5,0,0,7.909,-142.255,-1.58872,0.671,37.345,16.252,35.270,40.457,15.560,40.457,1472.005,3.260,-12.969,-1.58560,3.330,-12.890,-1.59347,2
20671,365644,10,3,3,0,0,0,1,5,0,0,7.829,-142.255,-1.58730,0.244,37.345,16.252,35.270,40.457,15.560,40.457,1472.005,3.264,-13.048,-1.58418,3.338,-12.968,-1.58872,2
20687,365654,10,3,3,0,0,0,1,5,0,0,7.829,-142.255,-1.58886,-0.000,37.345,16.252,35.270,40.457,15.560,40.457,1472.005,3.262,-13.049,-1.58574,3.342,-13.047,-1.58730,2
20687,365664,10,3,3,0,0,0,1,5,0,0,7.754,-142.255,-1.59311,-0.336,37.345,16.252,35.270,40.457,15.560,40.457,1472.005,3.259,-13.126,-1.58999,3.340,-13.047,-1.58886,2
20702,365674,10,3,3,0,0,0,1,5,0,0,7.754,-142.255,-1.59627,-0.305,37.345,16.252,35.270,40.457,15.560,40.457,1472.005,3.255,-13.127,-1.59315,3.337,-13.124,-1.59311,2
20734,365684,10,3,3,0,0,0,1,5,0,0,7.754,-142.255,-1.59503,-0.000,37.345,16.252,35.270,40.457,15.560,40.457,1472.005,3.257,-13.127,-1.59191,3.333,-13.126,-1.59627,2
20734,365694,10,3,3,0,0,0,1,5,0,0,7.754,-142.255,-1.59379,-0.000,37.345,16.252,35.270,40.457,15.560,40.457,1472.005,3.258,-13.126,-1.59066,3.334,-13.125,-1.59503,2
20734,365704,10,3,3,0,0,0,1,5,0,0,7.754,-142.255,-1.59285,-0.000,37.345,16.252,35.270,40.457,15.560,40.457,1472.005,3.260,-13.126,-1.58973,3.336,-13.125,-1.59378,2
20734,365714,10,3,3,0,0,0,1,5,0,0,7.754,-142.255,-1.59191,-0.000,37.345,16.252,35.270,40.457,15.560,40.457,1472.005,3.261,-13.126,-1.58879,3.337,-13.124,-1.59285,2
20750,365724,10,3,3,0,0,0,1,5,0,0,7.754,-142.255,-1.59101,-0.000,37.345,16.252,35.270,40.457,15.560,40.457,1472.005,3.262,-13.125,-1.58788,3.338,-13.124,-1.59191,2
20766,365734,10,3,3,0,0,0,1,5,0,0,7.754,-142.255,-1.58993,-0.000,37.345,16.252,35.270,40.457,15.560,40.457,1472.005,3.263,-13.125,-1.58681,3.339,-13.124,-1.59100,2
20766,365744,10,3,3,0,0,0,1,5,0,0,7.754,-142.255,-1.58929,-0.000,37.345,16.252,35.270,40.457,15.560,40.457,1472.005,3.264,-13.125,-1.58617,3.340,-13.123,-1.58993,2
20781,365754,10,3,3,0,0,0,1,5,0,0,7.754,-142.255,-1.58946,-0.000,37.345,16.252,35.270,40.457,15.560,40.457,1472.005,3.264,-13.125,-1.58634,3.341,-13.123,-1.58929,2
20797,365764,10,3,3,0,0,0,1,5,0,0,7.754,-142.255,-1.59050,-0.000,37.345,16.252,35.270,40.457,15.560,40.457,1472.005,3.262,-13.125,-1.58738,3.341,-13.123,-1.58946,2
20797,365774,10,3,3,0,0,0,1,5,0,0,7.754,-142.255,-1.59189,-0.000,37.345,16.252,35.270,40.457,15.560,40.457,1472.005,3.261,-13.126,-1.58877,3.340,-13.123,-1.59050,2
20812,365784,10,3,3,0,0,0,1,5,0,0,7.754,-142.255,-1.59357,-0.000,37.345,16.252,35.270,40.457,15.560,40.457,1472.005,3.259,-13.126,-1.59045,3.338,-13.124,-1.59189,2
20828,365794,10,3,3,0,0,0,1,5,0,0,7.754,-142.255,-1.59541,-0.000,37.345,16.252,35.270,40.457,15.560,40.457,1472.005,3.256,-13.127,-1.59229,3.336,-13.125,-1.59357,2
20828,365804,10,3,3,0,0,0,1,5,0,0,7.754,-142.255,-1.59724,-0.000,37.345,16.252,35.270,40.457,15.560,40.457,1472.005,3.254,-13.128,-1.59412,3.334,-13.125,-1.59541,2
20844,365814,10,3,3,0,0,0,1,5,0,0,7.754,-142.255,-1.59680,0.244,37.345,16.252,35.270,40.457,15.560,40.457,1472.005,3.255,-13.127,-1.59368,3.332,-13.126,-1.59724,2
20844,365824,10,3,3,0,0,0,1,5,0,0,7.754,-142.255,-1.59761,0.244,37.345,16.252,35.270,40.457,15.560,40.457,1472.005,3.254,-13.128,-1.59449,3.332,-13.126,-1.59680,2
20859,365834,10,3,3,0,0,0,1,5,0,0,7.754,-142.255,-1.59961,-0.000,37.345,16.252,35.270,40.457,15.560,40.457,1472.005,3.251,-13.129,-1.59649,3.331,-13.126,-1.59761,2
20875,365844,10,3,3,0,0,0,1,5,0,0,7.754,-142.255,-1.60144,-0.000,37.345,16.252,35.270,40.457,15.560,40.457,1472.005,3.249,-13.129,-1.59832,3.329,-13.127,-1.59961,2
20875,365854,10,3,3,0,0,0,1,5,0,0,7.754,-142.255,-1.60284,-0.000,37.345,16.252,35.270,40.457,15.560,40.457,1472.005,3.247,-13.130,-1.59972,3.327,-13.128,-1.60144,2
20891,365864,10,3,3,0,0,0,1,5,0,0,7.754,-142.255,-1.60325,-0.000,37.345,16.252,35.270,40.457,15.560,40.457,1472.005,3.247,-13.130,-1.60013,3.325,-13.128,-1.60284,2
20906,365874,10,3,3,0,0,0,1,5,0,0,7.754,-142.255,-1.60221,-0.000,37.345,16.252,35.270,40.457,15.560,40.457,1472.005,3.248,-13.130,-1.59909,3.324,-13.128,-1.60325,2
20906,365884,10,3,3,0,0,0,1,5,0,0,7.754,-142.255,-1.60094,-0.000,37.345,16.252,35.270,40.457,15.560,40.457,1472.005,3.250,-13.129,-1.59782,3.326,-13.128,-1.60221,2
20922,365894,10,3,3,0,0,0,1,5,0,0,7.754,-142.255,-1.59959,-0.000,37.345,16.252,35.270,40.457,15.560,40.457,1472.005,3.251,-13.129,-1.59646,3.327,-13.127,-1.60094,2
20937,365904,10,3,3,0,0,0,1,5,0,0,8.064,-142.255,-1.59807,-0.000,37.345,16.252,35.270,40.457,15.560,40.457,1472.005,3.245,-12.818,-1.59495,3.329,-13.127,-1.59958,2
20937,365914,10,3,3,0,0,0,1,5,0,0,8.374,-142.255,-1.59553,0.244,37.345,16.252,35.270,40.457,15.560,40.457,1472.005,3.239,-12.507,-1.59241,3.322,-12.816,-1.59807,2
20952,365924,10,3,3,0,0,0,1,5,0,0,8.689,-142.255,-1.59066,0.366,37.345,16.252,35.270,40.457,15.560,40.457,1472.005,3.236,-12.190,-1.58754,3.316,-12.505,-1.59553,2
20969,365934,10,3,3,0,0,0,1,5,0,0,9.039,-142.255,-1.58462,0.427,37.345,16.252,35.270,40.457,15.560,40.457,1472.005,3.234,-11.838,-1.58150,3.314,-12.188,-1.59066,2
20969,365944,10,3,3,0,0,0,1,5,0,0,9.429,-142.255,-1.57768,0.519,37.345,16.252,35.270,40.457,15.560,40.457,1472.005,3.232,-11.445,-1.57456,3.311,-11.836,-1.58462,2
20999,365954,10,3,3,0,0,0,1,5,0,0,9.740,-142.255,-1.56984,0.549,37.345,16.252,35.789,40.457,15.560,40.457,1472.524,3.233,-11.132,-1.56672,3.309,-11.443,-1.57768,2
20999,365964,10,3,3,0,0,0,1,5,0,0,10.050,-142.255,-1.56235,0.519,37.345,16.252,35.789,40.457,15.560,40.457,1472.524,3.233,-10.819,-1.55923,3.310,-11.130,-1.56984,2
20999,365974,10,3,3,0,0,0,1,5,0,0,10.285,-142.255,-1.55528,0.427,37.345,16.252,35.789,40.457,15.560,40.457,1472.524,3.235,-10.581,-1.55216,3.310,-10.817,-1.56235,2
21030,365984,10,3,3,0,0,0,1,5,0,0,10.520,-142.255,-1.54895,0.397,37.345,16.252,35.789,40.457,15.560,40.457,1472.524,3.237,-10.344,-1.54583,3.313,-10.580,-1.55528,2
21030,365994,10,3,3,0,0,0,1,5,0,0,10.755,-142.255,-1.54262,0.366,37.345,16.252,35.789,40.457,15.560,40.457,1472.524,3.238,-10.107,-1.53950,3.314,-10.342,-1.54895,2
21030,366004,10,3,3,0,0,0,1,5,0,0,10.830,-142.255,-1.53711,0.244,37.345,16.252,35.789,40.457,15.560,40.457,1472.524,3.243,-10.029,-1.53399,3.315,-10.105,-1.54262,2
21046,366014,10,3,3,0,0,0,1,5,0,0,10.910,-142.255,-1.53206,0.305,37.345,16.252,35.789,40.457,15.560,40.457,1472.524,3.247,-9.948,-1.52894,3.320,-10.028,-1.53711,2
21046,366024,10,3,3,0,0,0,1,5,0,0,10.985,-142.255,-1.52646,0.275,37.345,16.252,35.789,40.457,15.560,40.457,1472.524,3.251,-9.870,-1.52334,3.324,-9.946,-1.53206,2
21062,366034,10,3,3,0,0,0,1,5,0,0,10.985,-142.255,-1.52302,-0.000,37.345,16.252,35.789,40.457,15.560,40.457,1472.524,3.256,-9.869,-1.51990,3.329,-9.868,-1.52646,2
21093,366044,10,3,3,0,0,0,1,5,0,0,10.985,-142.255,-1.52120,-0.000,37.345,16.252,35.789,40.457,15.560,40.457,1472.524,3.258,-9.868,-1.51808,3.333,-9.867,-1.52302,2
21093,366054,10,3,3,0,0,0,1,5,0,0,10.985,-142.255,-1.52240,-0.000,37.345,16.252,35.789,40.457,15.560,40.457,1472.524,3.256,-9.868,-1.51928,3.335,-9.866,-1.52120,2
21093,366064,10,3,3,0,0,0,1,5,0,0,10.985,-142.255,-1.52421,-0.000,37.345,16.252,35.789,40.457,15.560,40.457,1472.524,3.254,-9.869,-1.52109,3.334,-9.867,-1.52240,2
21093,366074,10,3,3,0,0,0,1,5,0,0,10.985,-142.255,-1.52607,-0.000,37.345,16.252,35.789,40.457,15.560,40.457,1472.524,3.252,-9.870,-1.52295,3.331,-9.868,-1.52421,2
21109,366084,10,3,3,0,0,0,1,5,0,0,10.985,-142.255,-1.52794,-0.000,37.345,16.252,35.789,40.457,15.560,40.457,1472.524,3.250,-9.871,-1.52482,3.329,-9.868,-1.52607,2
21125,366094,10,3,3,0,0,0,1,5,0,0,10.985,-142.255,-1.53002,-0.000,37.345,16.252,35.789,40.457,15.560,40.457,1472.524,3.247,-9.871,-1.52690,3.327,-9.869,-1.52794,2
21125,366104,10,3,3,0,0,0,1,5,0,0,10.985,-142.255,-1.53212,-0.000,37.345,16.252,35.789,40.457,15.560,40.457,1472.524,3.245,-9.872,-1.52900,3.324,-9.870,-1.53002,2
21141,366114,10,3,3,0,0,0,1,5,0,0,10.985,-142.255,-1.53339,-0.000,37.345,16.252,35.789,40.457,15.560,40.457,1472.524,3.243,-9.873,-1.53027,3.322,-9.871,-1.53212,2
21156,366124,10,3,3,0,0,0,1,5,0,0,10.985,-142.255,-1.53189,-0.000,37.345,16.252,35.789,40.457,15.560,40.457,1472.524,3.245,-9.872,-1.52877,3.320,-9.871,-1.53339,2
21156,366134,10,3,3,0,0,0,1,5,0,0,10.985,-142.255,-1.53173,-0.000,37.345,16.252,35.789,40.457,15.560,40.457,1472.524,3.245,-9.872,-1.52861,3.322,-9.871,-1.53189,2
21171,366144,10,3,3,0,0,0,1,5,0,0,10.985,-142.255,-1.53253,-0.000,37.345,16.252,35.789,40.457,15.560,40.457,1472.524,3.244,-9.872,-1.52941,3.322,-9.870,-1.53173,2
21202,366154,10,3,3,0,0,0,1,5,0,0,10.985,-142.255,-1.53189,0.275,37.345,16.252,35.789,40.457,15.560,40.457,1472.524,3.245,-9.872,-1.52877,3.321,-9.871,-1.53253,2
21202,366164,10,3,3,0,0,0,1,5,0,0,10.985,-142.255,-1.52810,0.305,37.345,16.252,35.789,40.457,15.560,40.457,1472.524,3.249,-9.871,-1.52498,3.322,-9.871,-1.53189,2
21202,366174,10,3,3,0,0,0,1,5,0,0,10.985,-142.255,-1.52324,0.397,37.345,16.252,35.789,40.457,15.560,40.457,1472.524,3.255,-9.869,-1.52012,3.327,-9.869,-1.52810,2
21220,366184,10,3,3,0,0,0,1,5,0,0,10.985,-142.255,-1.51931,0.397,37.345,16.252,35.789,40.457,15.560,40.457,1472.524,3.260,-9.867,-1.51619,3.333,-9.867,-1.52324,2
21220,366194,10,3,3,0,0,0,1,5,0,0,10.985,-142.255,-1.51567,0.488,37.345,16.252,35.789,40.457,15.560,40.457,1472.524,3.264,-9.866,-1.51255,3.337,-9.866,-1.51931,2
21248,366204,10,3,3,0,0,0,1,5,0,0,11.065,-142.215,-1.51249,0.427,37.345,16.252,35.789,40.457,15.560,40.457,1472.524,3.306,-9.784,-1.50937,3.342,-9.864,-1.51567,2
21248,366214,10,3,3,0,0,0,1,5,0,0,11.065,-142.215,-1.50882,0.397,37.345,16.252,35.789,40.457,15.560,40.457,1472.524,3.311,-9.782,-1.50570,3.383,-9.782,-1.51249,2
21248,366224,10,3,3,0,0,0,1,5,0,0,11.065,-142.215,-1.50507,0.275,37.345,16.252,35.789,40.457,15.560,40.457,1472.524,3.315,-9.781,-1.50195,3.388,-9.781,-1.50882,2
21279,366234,10,3,3,0,0,0,1,5,0,0,11.140,-142.215,-1.50487,-0.000,37.345,16.252,35.789,40.457,15.560,40.457,1472.524,3.313,-9.706,-1.50175,3.392,-9.779,-1.50507,2
21279,366244,10,3,3,0,0,0,1,5,0,0,11.140,-142.215,-1.50535,-0.000,37.345,16.252,35.789,40.457,15.560,40.457,1472.524,3.313,-9.706,-1.50223,3.391,-9.704,-1.50487,2
21279,366254,10,3,3,0,0,0,1,5,0,0,11.140,-142.215,-1.50554,-0.000,37.345,16.252,35.789,40.457,15.560,40.457,1472.524,3.313,-9.706,-1.50242,3.390,-9.704,-1.50535,2
21310,366264,10,3,3,0,0,0,1,5,0,0,11.140,-142.215,-1.50675,-0.244,37.345,16.252,35.789,40.457,15.560,40.457,1472.524,3.311,-9.706,-1.50363,3.390,-9.704,-1.50554,2
21310,366274,10,3,3,0,0,0,1,5,0,0,11.220,-142.215,-1.50803,-0.000,37.345,16.252,35.789,40.457,15.560,40.457,1472.524,3.307,-9.627,-1.50491,3.388,-9.705,-1.50675,2
21310,366284,10,3,3,0,0,0,1,5,0,0,11.220,-142.215,-1.50838,-0.000,37.345,16.252,35.789,40.457,15.560,40.457,1472.524,3.307,-9.627,-1.50526,3.385,-9.625,-1.50803,2
21341,366294,10,3,3,0,0,0,1,5,0,0,11.220,-142.215,-1.50882,-0.000,37.345,16.252,35.789,40.975,15.560,40.457,1472.524,3.306,-9.627,-1.50570,3.384,-9.626,-1.50838,2
21341,366304,10,3,3,0,0,0,1,5,0,0,11.300,-142.215,-1.50913,-0.000,37.345,16.252,35.789,40.975,15.560,40.457,1472.524,3.304,-9.548,-1.50600,3.384,-9.626,-1.50882,2
21341,366314,10,3,3,0,0,0,1,5,0,0,11.300,-142.215,-1.50947,-0.000,37.345,16.252,36.307,40.975,15.560,40.457,1473.043,3.304,-9.548,-1.50635,3.381,-9.546,-1.50912,2
21357,366324,10,3,3,0,0,0,1,5,0,0,11.300,-142.215,-1.51012,-0.000,37.345,16.252,36.307,40.975,15.560,40.457,1473.043,3.303,-9.548,-1.50700,3.381,-9.546,-1.50947,2
21357,366334,10,3,3,0,0,0,1,5,0,0,11.375,-142.215,-1.51124,-0.000,37.345,16.252,36.307,40.975,15.560,40.457,1473.043,3.299,-9.473,-1.50812,3.380,-9.547,-1.51012,2
21373,366344,10,3,3,0,0,0,1,5,0,0,11.455,-142.215,-1.51406,-0.275,37.345,16.252,36.307,40.975,15.560,40.457,1473.043,3.294,-9.395,-1.51094,3.377,-9.472,-1.51124,2
21373,366354,10,3,3,0,0,0,1,5,0,0,11.455,-142.215,-1.51720,-0.000,37.345,16.252,36.307,40.975,15.560,40.975,1473.043,3.290,-9.396,-1.51408,3.371,-9.393,-1.51406,2
21388,366364,10,3,3,0,0,0,1,5,0,0,11.531,-142.215,-1.52040,-0.244,37.345,16.252,36.307,41.494,15.560,40.975,1473.043,3.284,-9.322,-1.51728,3.367,-9.394,-1.51720,2
21402,366374,10,3,3,0,0,0,1,5,0,0,11.690,-142.215,-1.52520,-0.275,37.345,16.252,36.826,41.494,15.560,40.975,1473.561,3.274,-9.164,-1.52208,3.361,-9.320,-1.52040,2
21419,366384,10,3,3,0,0,0,1,5,0,0,11.845,-142.215,-1.53087,-0.427,37.345,16.252,36.826,41.494,15.560,40.975,1473.561,3.263,-9.011,-1.52775,3.351,-9.162,-1.52520,2
21419,366394,10,3,3,0,0,0,1,5,0,0,12.076,-142.215,-1.54017,-0.855,37.345,16.252,36.826,41.494,15.560,41.494,1473.561,3.246,-8.784,-1.53705,3.340,-9.009,-1.53087,2
21434,366404,10,3,3,0,0,0,1,5,0,0,12.235,-142.215,-1.55038,-1.038,37.345,16.252,36.826,42.013,15.560,41.494,1473.561,3.229,-8.628,-1.54726,3.323,-8.782,-1.54017,2
21434,366414,10,3,3,0,0,0,1,5,0,0,12.466,-142.215,-1.55824,-0.916,37.863,16.252,37.345,42.013,15.560,42.013,1474.080,3.213,-8.401,-1.55512,3.306,-8.627,-1.55038,2
21450,366424,10,3,3,0,0,0,1,5,0,0,12.701,-142.215,-1.55952,-0.000,37.863,16.252,37.345,42.532,15.560,42.013,1474.080,3.205,-8.167,-1.55640,3.290,-8.399,-1.55824,2
21466,366434,10,3,3,0,0,0,1,5,0,0,12.856,-142.215,-1.55557,0.427,37.863,16.252,37.863,42.532,15.560,42.013,1474.599,3.206,-8.010,-1.55245,3.283,-8.165,-1.55952,2
21466,366444,10,3,3,0,0,0,1,5,0,0,13.091,-142.215,-1.54895,0.855,37.863,16.252,37.863,43.050,15.560,42.532,1474.599,3.208,-7.773,-1.54583,3.283,-8.008,-1.55557,2
21481,366454,10,3,3,0,0,0,1,5,0,0,13.326,-142.215,-1.54455,0.458,37.863,16.252,38.382,43.050,15.560,43.050,1475.117,3.207,-7.536,-1.54143,3.285,-7.771,-1.54895,2
21497,366464,10,3,3,0,0,0,1,5,0,0,13.596,-142.215,-1.54625,-0.244,37.863,16.252,38.382,43.050,15.560,43.050,1475.117,3.197,-7.266,-1.54313,3.284,-7.534,-1.54455,2
21497,366474,10,3,3,0,0,0,1,5,0,0,13.831,-142.215,-1.55041,-0.671,37.863,16.252,38.382,43.569,15.560,43.050,1475.117,3.186,-7.033,-1.54729,3.274,-7.265,-1.54625,2
21513,366484,10,3,3,0,0,0,1,5,0,0,13.987,-142.215,-1.55500,-0.671,37.863,16.252,38.382,43.569,15.560,43.050,1475.117,3.176,-6.880,-1.55188,3.263,-7.031,-1.55041,2
21513,366494,10,3,3,0,0,0,1,5,0,0,14.222,-142.215,-1.56063,-0.855,38.382,16.252,38.901,44.088,15.560,43.569,1475.636,3.163,-6.647,-1.55751,3.253,-6.878,-1.55500,2
21528,366504,10,3,3,0,0,0,1,5,0,0,14.297,-142.215,-1.56884,-1.007,38.382,16.252,38.901,44.088,15.560,43.569,1475.636,3.151,-6.575,-1.56572,3.240,-6.645,-1.56063,2
21544,366514,10,3,3,0,0,0,1,5,0,0,14.456,-142.215,-1.57790,-1.190,38.382,16.252,38.901,44.088,15.560,44.088,1475.636,3.136,-6.419,-1.57478,3.228,-6.573,-1.56884,2
21544,366524,10,3,3,0,0,0,1,5,0,0,14.532,-142.215,-1.58729,-1.068,38.382,16.252,39.419,44.088,15.560,44.088,1476.155,3.122,-6.347,-1.58417,3.213,-6.417,-1.57790,2
21560,366534,10,3,3,0,0,0,1,5,0,0,14.532,-142.215,-1.59147,-0.427,38.382,16.252,39.419,44.088,15.560,44.088,1476.155,3.117,-6.349,-1.58835,3.199,-6.345,-1.58729,2
21576,366544,10,3,3,0,0,0,1,5,0,0,14.532,-142.215,-1.58672,0.519,38.382,16.252,39.419,44.088,15.560,44.088,1476.155,3.123,-6.347,-1.58360,3.194,-6.347,-1.59147,2
21576,366554,10,3,3,0,0,0,1,5,0,0,14.532,-142.215,-1.57570,1.007,38.382,16.252,39.419,44.088,15.560,44.088,1476.155,3.136,-6.343,-1.57258,3.200,-6.345,-1.58672,2
21592,366564,10,3,3,0,0,0,1,5,0,0,14.532,-142.215,-1.56612,0.824,38.382,16.252,39.419,44.088,15.560,44.088,1476.155,3.148,-6.339,-1.56300,3.213,-6.341,-1.57570,2
21607,366574,10,3,3,0,0,0,1,5,0,0,14.572,-142.215,-1.56284,-0.000,38.382,16.252,39.419,44.088,15.560,44.088,1476.155,3.151,-6.298,-1.55972,3.225,-6.337,-1.56612,2
21607,366584,10,3,3,0,0,0,1,5,0,0,14.572,-142.215,-1.56517,-0.305,38.382,16.252,39.419,44.088,15.560,44.088,1476.155,3.148,-6.299,-1.56205,3.228,-6.296,-1.56284,2
21623,366594,10,3,3,0,0,0,1,5,0,0,14.572,-142.215,-1.56999,-0.275,38.382,16.252,39.419,44.088,15.560,44.088,1476.155,3.142,-6.300,-1.56687,3.225,-6.297,-1.56517,2
21638,366604,10,3,3,0,0,0,1,5,0,0,14.572,-142.215,-1.57171,-0.000,38.382,16.252,39.419,44.088,15.560,44.088,1476.155,3.140,-6.301,-1.56859,3.219,-6.299,-1.56999,2
21638,366614,10,3,3,0,0,0,1,5,0,0,14.572,-142.215,-1.56957,0.488,38.382,16.252,39.419,44.088,15.560,44.088,1476.155,3.143,-6.300,-1.56645,3.217,-6.300,-1.57171,2
21653,366624,10,3,3,0,0,0,1,5,0,0,14.572,-142.215,-1.56742,0.336,38.382,16.252,39.419,44.088,15.560,44.088,1476.155,3.145,-6.300,-1.56430,3.220,-6.299,-1.56957,2
21653,366634,10,3,3,0,0,0,1,5,0,0,14.572,-142.215,-1.56902,-0.000,38.382,16.252,39.419,44.088,15.560,44.088,1476.155,3.143,-6.300,-1.56590,3.222,-6.298,-1.56742,2
21669,366644,10,3,3,0,0,0,1,5,0,0,14.572,-142.215,-1.57358,-0.519,38.382,16.252,39.419,44.088,15.560,44.088,1476.155,3.138,-6.302,-1.57046,3.220,-6.299,-1.56902,2
21685,366654,10,3,3,0,0,0,1,5,0,0,14.572,-142.215,-1.57802,-0.488,38.382,16.252,39.419,44.088,15.560,44.088,1476.155,3.132,-6.304,-1.57490,3.215,-6.300,-1.57358,2
21685,366664,10,3,3,0,0,0,1,5,0,0,14.572,-142.215,-1.57954,-0.000,38.382,16.252,39.419,44.088,15.560,44.088,1476.155,3.130,-6.304,-1.57642,3.209,-6.302,-1.57802,2
21700,366674,10,3,3,0,0,0,1,5,0,0,14.572,-142.215,-1.57943,-0.000,38.382,16.252,39.419,44.088,15.560,44.088,1476.155,3.131,-6.304,-1.57631,3.208,-6.303,-1.57954,2
21716,366684,10,3,3,0,0,0,1,5,0,0,14.572,-142.215,-1.58031,-0.000,38.382,16.252,39.419,44.088,15.560,44.088,1476.155,3.130,-6.304,-1.57719,3.208,-6.303,-1.57943,2
21716,366694,10,3,3,0,0,0,1,5,0,0,14.647,-142.215,-1.58132,-0.000,38.382,16.252,39.419,44.088,15.560,44.088,1476.155,3.126,-6.229,-1.57820,3.207,-6.303,-1.58031,2
21732,366704,10,3,3,0,0,0,1,5,0,0,14.727,-142.215,-1.58231,-0.000,38.382,16.252,39.419,44.606,15.560,44.088,1476.155,3.123,-6.150,-1.57919,3.203,-6.228,-1.58132,2
21747,366714,10,3,3,0,0,0,1,5,0,0,14.727,-142.215,-1.58362,-0.000,38.901,16.252,39.419,44.606,15.560,44.088,1476.155,3.121,-6.151,-1.58050,3.200,-6.149,-1.58231,2
21747,366724,10,3,3,0,0,0,1,5,0,0,14.807,-142.215,-1.58386,0.275,38.901,16.252,39.419,44.606,15.560,44.088,1476.155,3.119,-6.071,-1.58074,3.198,-6.149,-1.58362,2
21763,366734,10,3,3,0,0,0,1,5,0,0,14.962,-142.215,-1.57246,1.190,38.901,16.252,39.419,44.606,15.560,44.088,1476.155,3.128,-5.911,-1.56934,3.196,-6.069,-1.58386,2
21763,366744,10,3,3,0,0,0,1,5,0,0,15.037,-142.215,-1.55792,1.556,39.419,16.252,39.938,44.606,15.560,44.088,1476.673,3.144,-5.831,-1.55479,3.205,-5.910,-1.57246,2
21778,366754,10,3,3,0,0,0,1,5,0,0,15.197,-142.215,-1.54267,1.434,39.419,16.252,39.938,44.606,15.560,44.088,1476.673,3.158,-5.665,-1.53955,3.221,-5.829,-1.55791,2
21794,366764,10,3,3,0,0,0,1,5,0,0,15.272,-142.215,-1.53099,0.855,39.419,16.252,39.938,44.606,15.560,44.606,1476.673,3.170,-5.585,-1.52787,3.235,-5.664,-1.54267,2
21794,366774,10,3,3,0,0,0,1,5,0,0,15.352,-142.215,-1.53004,-0.244,39.419,16.252,39.938,45.125,15.560,44.606,1476.673,3.169,-5.505,-1.52692,3.247,-5.584,-1.53099,2
21809,366784,10,3,3,0,0,0,1,5,0,0,15.507,-142.215,-1.54078,-1.190,39.419,16.252,39.938,45.125,15.560,44.606,1476.673,3.152,-5.354,-1.53766,3.246,-5.504,-1.53004,2
21825,366794,10,3,3,0,0,0,1,5,0,0,15.582,-142.215,-1.55921,-1.862,39.419,16.252,39.938,45.644,15.560,44.606,1476.673,3.128,-5.286,-1.55609,3.229,-5.353,-1.54078,2
21825,366804,10,3,3,0,0,0,1,5,0,0,15.742,-142.215,-1.58284,-2.350,39.419,16.252,40.457,45.644,15.560,45.125,1477.192,3.095,-5.135,-1.57972,3.205,-5.284,-1.55921,2
21841,366814,10,3,3,0,0,0,1,5,0,0,15.897,-142.135,-1.60673,-2.350,39.419,16.252,40.457,45.644,15.560,45.125,1477.192,3.141,-4.987,-1.60361,3.172,-5.134,-1.58284,2
21856,366824,10,3,3,0,0,0,1,5,0,0,16.052,-142.135,-1.62209,-1.404,39.938,16.252,40.457,45.644,15.560,45.644,1477.192,3.118,-4.838,-1.61897,3.218,-4.986,-1.60673,2
21856,366834,10,3,3,0,0,0,1,5,0,0,16.128,-142.135,-1.62609,-0.275,39.938,16.252,40.457,45.644,15.560,45.644,1477.192,3.111,-4.764,-1.62297,3.195,-4.837,-1.62209,2
21872,366844,10,3,3,0,0,0,1,5,0,0,16.287,-142.135,-1.61661,1.099,40.457,16.252,40.975,45.644,15.560,45.644,1477.711,3.118,-4.601,-1.61349,3.188,-4.763,-1.62609,2
21887,366854,10,3,3,0,0,0,1,5,0,0,16.363,-142.135,-1.59727,1.923,40.457,16.252,40.975,46.162,15.560,45.644,1477.711,3.140,-4.518,-1.59415,3.195,-4.600,-1.61661,2
21887,366864,10,3,3,0,0,0,1,5,0,0,16.518,-142.135,-1.57535,2.045,40.457,16.252,40.975,46.162,15.560,45.644,1477.711,3.162,-4.355,-1.57223,3.216,-4.517,-1.59727,2
21903,366874,10,3,3,0,0,0,1,5,0,0,16.677,-142.095,-1.55996,1.251,40.457,16.252,40.975,46.162,15.560,45.644,1477.711,3.216,-4.188,-1.55684,3.239,-4.353,-1.57535,2
21903,366884,10,3,3,0,0,0,1,5,0,0,16.753,-142.095,-1.55447,0.275,40.975,16.252,41.494,46.162,15.560,46.162,1478.229,3.221,-4.111,-1.55134,3.293,-4.187,-1.55996,2
21918,366894,10,3,3,0,0,0,1,5,0,0,16.833,-142.095,-1.56224,-1.099,40.975,16.252,41.494,46.681,15.560,46.162,1478.229,3.209,-4.034,-1.55912,3.298,-4.109,-1.55446,2
21933,366904,10,3,3,0,0,0,1,5,0,0,16.908,-142.095,-1.58207,-2.075,40.975,16.252,41.494,46.681,15.560,46.162,1478.229,3.183,-3.966,-1.57895,3.286,-4.033,-1.56224,2
21933,366914,10,3,3,0,0,0,1,5,0,0,17.063,-142.095,-1.60543,-2.380,40.975,16.252,41.494,46.681,15.560,46.681,1478.229,3.150,-3.820,-1.60231,3.260,-3.965,-1.58207,2
21950,366924,10,3,3,0,0,0,1,5,0,0,17.143,-142.020,-1.62375,-1.770,40.975,16.252,42.013,46.681,15.560,46.681,1478.748,3.201,-3.745,-1.62063,3.227,-3.819,-1.60543,2
21965,366934,10,3,3,0,0,0,1,5,0,0,17.223,-142.020,-1.63125,-0.610,40.975,16.252,42.013,46.681,15.560,46.681,1478.748,3.190,-3.669,-1.62813,3.278,-3.744,-1.62375,2
21965,366944,10,3,3,0,0,0,1,5,0,0,17.298,-142.020,-1.62741,0.427,40.975,16.252,42.013,47.200,15.560,46.681,1478.748,3.192,-3.592,-1.62429,3.267,-3.667,-1.63125,2
21981,366954,10,3,3,0,0,0,1,5,0,0,17.378,-142.020,-1.61608,1.068,41.494,16.252,42.013,47.200,15.560,46.681,1478.748,3.204,-3.508,-1.61296,3.269,-3.590,-1.62741,2
21996,366964,10,3,3,0,0,0,1,5,0,0,17.453,-142.020,-1.60520,1.282,41.494,16.252,42.013,47.200,15.560,46.681,1478.748,3.215,-3.428,-1.60208,3.281,-3.506,-1.61608,2
21996,366974,10,3,3,0,0,0,1,5,0,0,17.533,-142.020,-1.59548,1.038,42.013,16.252,42.013,47.200,15.560,46.681,1478.748,3.224,-3.345,-1.59236,3.292,-3.427,-1.60520,2
22012,366984,10,3,3,0,0,0,1,5,0,0,17.728,-142.020,-1.58896,0.610,42.013,16.252,42.013,47.200,15.560,47.200,1478.748,3.227,-3.147,-1.58584,3.301,-3.343,-1.59548,2
22028,366994,10,3,3,0,0,0,1,5,0,0,17.803,-142.020,-1.58705,-0.000,42.013,16.252,42.013,47.200,15.560,47.200,1478.748,3.227,-3.071,-1.58393,3.304,-3.146,-1.58896,2
22028,367004,10,3,3,0,0,0,1,5,0,0,17.803,-142.020,-1.58670,-0.000,42.013,16.252,42.532,47.200,15.560,47.200,1479.267,3.228,-3.071,-1.58358,3.304,-3.069,-1.58705,2
22044,367014,10,3,3,0,0,0,1,5,0,0,17.883,-142.020,-1.59107,-0.458,42.013,16.252,42.532,47.200,15.733,47.200,1479.267,3.220,-2.993,-1.58795,3.304,-3.069,-1.58670,2
22044,367024,10,3,3,0,0,0,1,5,0,0,17.963,-142.020,-1.59921,-0.732,42.013,16.252,42.532,47.718,15.733,47.200,1479.267,3.208,-2.916,-1.59609,3.297,-2.991,-1.59107,2
22059,367034,10,3,3,0,0,0,1,5,0,0,18.118,-142.020,-1.61004,-1.007,42.013,16.252,42.532,47.718,15.733,47.718,1479.267,3.191,-2.765,-1.60691,3.285,-2.915,-1.59921,2
22075,367044,10,3,3,0,0,0,1,5,0,0,18.194,-142.020,-1.62478,-1.404,42.013,16.252,42.532,48.237,15.733,47.718,1479.267,3.171,-2.696,-1.62166,3.267,-2.764,-1.61003,2
22075,367054,10,3,3,0,0,0,1,5,0,0,18.349,-142.020,-1.64095,-1.495,42.013,16.252,43.050,48.237,15.733,48.237,1479.785,3.147,-2.547,-1.63783,3.247,-2.694,-1.62478,2
22091,367064,10,3,3,0,0,0,1,5,0,0,18.508,-141.940,-1.65444,-1.312,42.013,16.252,43.050,48.237,15.733,48.237,1479.785,3.205,-2.390,-1.65132,3.223,-2.545,-1.64095,2
22106,367074,10,3,3,0,0,0,1,5,0,0,18.664,-141.940,-1.65990,-0.427,42.532,16.252,43.050,48.237,15.733,48.237,1479.785,3.194,-2.237,-1.65678,3.282,-2.388,-1.65444,2
22106,367084,10,3,3,0,0,0,1,5,0,0,18.819,-141.940,-1.65565,0.549,42.532,16.252,43.050,48.237,15.733,48.237,1479.785,3.195,-2.080,-1.65253,3.271,-2.235,-1.65990,2
22121,367094,10,3,3,0,0,0,1,5,0,0,18.974,-141.940,-1.64290,1.373,43.050,16.252,43.569,48.756,15.733,48.237,1480.304,3.206,-1.920,-1.63978,3.272,-2.079,-1.65565,2
22136,367104,10,3,3,0,0,0,1,5,0,0,19.129,-141.940,-1.62677,1.709,43.050,16.252,43.569,48.756,15.733,48.237,1480.304,3.221,-1.759,-1.62365,3.283,-1.919,-1.64290,2
22136,367114,10,3,3,0,0,0,1,5,0,0,19.284,-141.940,-1.61211,1.587,43.050,16.252,43.569,48.756,16.079,48.756,1480.304,3.235,-1.598,-1.60899,3.298,-1.757,-1.62677,2
22152,367124,10,3,3,0,0,0,1,5,0,0,19.444,-141.865,-1.60592,0.366,43.569,16.252,44.088,49.274,16.079,48.756,1480.823,3.313,-1.434,-1.60280,3.311,-1.597,-1.61211,2
22168,367134,10,3,3,0,0,0,1,5,0,0,19.674,-141.865,-1.61316,-1.099,43.569,16.252,44.088,49.274,16.079,49.274,1480.823,3.298,-1.207,-1.61004,3.390,-1.433,-1.60592,2
22168,367144,10,3,3,0,0,0,1,5,0,0,19.829,-141.940,-1.63150,-2.045,43.569,16.252,44.088,49.274,16.079,49.274,1480.823,3.196,-1.061,-1.62838,3.374,-1.205,-1.61316,2
22184,367154,10,3,3,0,0,0,1,5,0,0,19.989,-141.865,-1.64697,-1.495,43.569,16.252,44.606,49.793,16.079,49.274,1481.341,3.248,-0.905,-1.64385,3.272,-1.059,-1.63150,2
22184,367164,10,3,3,0,0,0,1,5,0,0,20.064,-141.865,-1.65171,-0.336,44.088,16.252,44.606,49.793,16.079,49.274,1481.341,3.240,-0.831,-1.64859,3.324,-0.903,-1.64697,2
22200,367174,10,3,3,0,0,0,1,5,0,0,20.220,-141.865,-1.63983,1.495,44.088,16.252,44.606,49.793,16.079,49.274,1481.341,3.250,-0.672,-1.63671,3.317,-0.830,-1.65171,2
22215,367184,10,3,3,0,0,0,1,5,0,0,20.375,-141.865,-1.61474,2.503,44.606,16.252,44.606,49.793,16.079,49.793,1481.341,3.276,-0.507,-1.61162,3.326,-0.670,-1.63983,2
22215,367194,10,3,3,0,0,0,1,5,0,0,20.454,-141.865,-1.58859,2.411,44.606,16.252,45.125,49.793,16.079,49.793,1481.860,3.305,-0.417,-1.58547,3.352,-0.505,-1.61474,2
22231,367204,10,3,3,0,0,0,1,5,0,0,20.534,-141.865,-1.57053,1.373,44.606,16.252,45.125,50.312,16.079,49.793,1481.860,3.325,-0.331,-1.56741,3.382,-0.416,-1.58859,2
22246,367214,10,3,3,0,0,0,1,5,0,0,20.610,-141.865,-1.56604,-0.000,44.606,16.252,45.125,50.312,16.425,49.793,1481.860,3.328,-0.254,-1.56292,3.402,-0.329,-1.57053,2
22246,367224,10,3,3,0,0,0,1,5,0,0,20.610,-141.865,-1.57171,-0.793,44.606,16.252,45.125,50.312,16.425,49.793,1481.860,3.321,-0.256,-1.56859,3.405,-0.252,-1.56604,2
22261,367234,10,3,3,0,0,0,1,5,0,0,20.610,-141.865,-1.58115,-1.129,44.606,16.252,45.125,50.312,16.425,49.793,1481.860,3.310,-0.259,-1.57803,3.398,-0.254,-1.57171,2
22277,367244,10,3,3,0,0,0,1,5,0,0,20.689,-141.865,-1.59071,-0.977,44.606,16.252,45.125,50.830,16.425,49.793,1481.860,3.296,-0.183,-1.58759,3.387,-0.258,-1.58115,2
22277,367254,10,3,3,0,0,0,1,5,0,0,20.689,-141.865,-1.59942,-0.732,44.606,16.252,45.125,50.830,16.425,50.312,1481.860,3.286,-0.187,-1.59630,3.373,-0.182,-1.59071,2
22292,367264,10,3,3,0,0,0,1,5,0,0,20.689,-141.865,-1.60340,-0.397,44.606,16.252,45.125,50.830,16.425,50.312,1481.860,3.281,-0.188,-1.60028,3.362,-0.185,-1.59942,2
22308,367274,10,3,3,0,0,0,1,5,0,0,20.689,-141.865,-1.60455,-0.000,44.606,16.252,45.125,50.830,16.425,50.312,1481.860,3.279,-0.189,-1.60143,3.358,-0.186,-1.60340,2
22308,367284,10,3,3,0,0,0,1,5,0,0,20.765,-141.865,-1.60529,-0.000,44.606,16.252,45.125,50.830,16.425,50.312,1481.860,3.276,-0.113,-1.60217,3.356,-0.187,-1.60455,2
22323,367294,10,3,3,0,0,0,1,5,0,0,20.765,-141.865,-1.60484,-0.000,44.606,16.252,45.125,50.830,16.425,50.312,1481.860,3.277,-0.113,-1.60172,3.353,-0.112,-1.60529,2
22323,367304,10,3,3,0,0,0,1,5,0,0,20.765,-141.865,-1.60559,-0.000,44.606,16.252,45.125,50.830,16.425,50.312,1481.860,3.276,-0.114,-1.60247,3.354,-0.112,-1.60484,2
22339,367314,10,3,3,0,0,0,1,5,0,0,20.765,-141.865,-1.60861,-0.305,44.606,16.252,45.125,50.830,16.425,50.312,1481.860,3.272,-0.115,-1.60549,3.353,-0.112,-1.60559,2
22354,367324,10,3,3,0,0,0,1,5,0,0,20.765,-141.865,-1.61447,-0.458,44.606,16.252,45.125,50.830,16.771,50.312,1481.860,3.265,-0.117,-1.61135,3.349,-0.113,-1.60861,2
22354,367334,10,3,3,0,0,0,1,5,0,0,20.765,-141.865,-1.62059,-0.458,44.606,16.252,45.125,50.830,16.771,50.312,1481.860,3.258,-0.119,-1.61747,3.342,-0.115,-1.61447,2
22370,367344,10,3,3,0,0,0,1,5,0,0,20.845,-141.865,-1.62726,-0.549,44.606,16.252,45.125,50.830,16.771,50.312,1481.860,3.248,-0.042,-1.62414,3.335,-0.118,-1.62059,2
22386,367354,10,3,3,0,0,0,1,5,0,0,20.845,-141.865,-1.63796,-0.580,44.606,16.252,45.125,50.830,16.771,50.312,1481.860,3.235,-0.046,-1.63484,3.324,-0.041,-1.62726,2
22386,367364,10,3,3,0,0,0,1,5,0,0,20.924,-141.865,-1.64389,-0.397,44.606,16.252,45.125,50.830,16.771,50.312,1481.860,3.225,0.031,-1.64077,3.311,-0.045,-1.63796,2
22401,367374,10,3,3,0,0,0,1,5,0,0,21.000,-141.865,-1.64511,-0.000,44.606,16.252,45.644,50.830,16.771,50.312,1482.379,3.222,0.106,-1.64199,3.302,0.033,-1.64389,2
22417,367384,10,3,3,0,0,0,1,5,0,0,21.080,-141.785,-1.64419,0.336,45.125,16.252,45.644,50.830,16.771,50.312,1482.379,3.300,0.189,-1.64107,3.298,0.108,-1.64511,2
22417,367394,10,3,3,0,0,0,1,5,0,0,21.235,-141.785,-1.63708,0.885,45.125,16.252,45.644,50.830,16.771,50.830,1482.379,3.304,0.346,-1.63396,3.377,0.190,-1.64419,2
22432,367404,10,3,3,0,0,0,1,5,0,0,21.390,-141.785,-1.62581,1.465,45.644,16.252,45.644,50.830,16.771,50.830,1482.379,3.314,0.506,-1.62269,3.381,0.348,-1.63708,2
22448,367414,10,3,3,0,0,0,1,5,0,0,21.545,-141.785,-1.60808,1.801,45.644,16.252,46.162,50.830,16.771,50.830,1482.897,3.331,0.668,-1.60496,3.390,0.507,-1.62581,2
22448,367424,10,3,3,0,0,0,1,5,0,0,21.700,-141.785,-1.58863,1.740,45.644,16.252,46.162,51.349,16.771,50.830,1482.897,3.350,0.830,-1.58551,3.407,0.669,-1.60808,2
22463,367434,10,3,3,0,0,0,1,5,0,0,21.855,-141.785,-1.57660,0.855,45.644,16.252,46.162,51.349,16.771,50.830,1482.897,3.360,0.990,-1.57348,3.426,0.832,-1.58863,2
22463,367444,10,3,3,0,0,0,1,5,0,0,22.015,-141.785,-1.57804,-0.488,46.162,16.252,46.162,51.349,16.771,51.349,1482.897,3.354,1.149,-1.57492,3.437,0.992,-1.57660,2
22479,367454,10,3,3,0,0,0,1,5,0,0,22.090,-141.785,-1.59297,-1.679,46.162,16.252,46.681,51.868,16.771,51.349,1483.416,3.334,1.219,-1.58985,3.431,1.150,-1.57804,2
22495,367464,10,3,3,0,0,0,1,5,0,0,22.245,-141.785,-1.61623,-2.411,46.162,16.252,46.681,51.868,16.771,51.868,1483.416,3.301,1.365,-1.61311,3.410,1.220,-1.59297,2
22495,367474,10,3,3,0,0,0,1,5,0,0,22.405,-141.785,-1.63950,-2.411,46.162,16.252,46.681,51.868,16.771,51.868,1483.416,3.269,1.515,-1.63638,3.378,1.366,-1.61623,2
22510,367484,10,3,3,0,0,0,1,5,0,0,22.560,-141.785,-1.65626,-1.617,46.162,16.252,47.200,51.868,17.116,51.868,1483.935,3.244,1.664,-1.65313,3.345,1.517,-1.63950,2
22527,367494,10,3,3,0,0,0,1,5,0,0,22.636,-141.745,-1.65839,-0.000,46.681,16.252,47.200,52.386,17.116,51.868,1483.935,3.279,1.740,-1.65527,3.320,1.666,-1.65626,2
22527,367504,10,3,3,0,0,0,1,5,0,0,22.715,-141.745,-1.64418,1.526,46.681,16.252,47.200,52.386,17.116,51.868,1483.935,3.294,1.825,-1.64106,3.356,1.741,-1.65839,2
22542,367514,10,3,3,0,0,0,1,5,0,0,22.715,-141.745,-1.62007,2.380,47.200,16.252,47.200,52.386,17.116,51.868,1483.935,3.323,1.834,-1.61695,3.371,1.826,-1.64418,2
22557,367524,10,3,3,0,0,0,1,5,0,0,22.715,-141.745,-1.59483,2.167,47.200,16.252,47.200,52.386,17.116,51.868,1483.935,3.354,1.844,-1.59171,3.400,1.836,-1.62007,2
22557,367534,10,3,3,0,0,0,1,5,0,0,22.755,-141.745,-1.57705,1.373,47.200,16.252,47.200,52.386,17.116,51.868,1483.935,3.374,1.890,-1.57393,3.430,1.845,-1.59483,2
22574,367544,10,3,3,0,0,0,1,5,0,0,22.755,-141.745,-1.57271,-0.000,47.200,16.252,47.200,52.386,17.116,51.868,1483.935,3.379,1.892,-1.56959,3.451,1.892,-1.57705,2
22574,367554,10,3,3,0,0,0,1,5,0,0,22.675,-141.710,-1.57734,-0.610,47.200,16.252,47.200,52.386,17.116,51.868,1483.935,3.411,1.812,-1.57422,3.456,1.894,-1.57271,2
22589,367564,10,3,3,0,0,0,1,5,0,0,22.675,-141.710,-1.58528,-0.732,47.200,16.252,47.200,52.386,17.116,51.868,1483.935,3.402,1.809,-1.58216,3.488,1.813,-1.57734,2
22605,367574,10,3,3,0,0,0,1,5,0,0,22.715,-141.670,-1.59176,-0.488,47.200,16.252,47.200,52.386,17.116,51.868,1483.935,3.433,1.847,-1.58864,3.478,1.810,-1.58528,2
22605,367584,10,3,3,0,0,0,1,5,0,0,22.715,-141.670,-1.59281,-0.000,47.200,16.252,47.200,52.386,17.116,51.868,1483.935,3.431,1.847,-1.58969,3.509,1.849,-1.59176,2
22621,367594,10,3,3,0,0,0,1,5,0,0,22.715,-141.670,-1.59053,0.305,47.200,16.252,47.200,52.386,17.116,51.868,1483.935,3.434,1.847,-1.58741,3.508,1.848,-1.59281,2
22637,367604,10,3,3,0,0,0,1,5,0,0,22.715,-141.670,-1.58806,-0.000,47.200,16.252,47.200,52.386,17.116,51.868,1483.935,3.437,1.848,-1.58494,3.511,1.849,-1.59053,2
22637,367614,10,3,3,0,0,0,1,5,0,0,22.715,-141.630,-1.58676,-0.000,47.200,16.252,47.200,52.386,17.116,51.868,1483.935,3.479,1.850,-1.58364,3.514,1.850,-1.58806,2
22652,367624,10,3,3,0,0,0,1,5,0,0,22.715,-141.630,-1.58840,-0.397,47.200,16.252,47.200,52.386,17.116,51.868,1483.935,3.477,1.849,-1.58528,3.555,1.852,-1.58676,2
22668,367634,10,3,3,0,0,0,1,5,0,0,22.715,-141.630,-1.58956,-0.275,47.200,16.252,47.200,52.386,17.116,51.868,1483.935,3.475,1.849,-1.58644,3.553,1.851,-1.58840,2
22668,367644,10,3,3,0,0,0,1,5,0,0,22.715,-141.590,-1.58781,-0.000,47.200,16.252,47.200,52.386,17.116,51.868,1483.935,3.517,1.851,-1.58469,3.552,1.851,-1.58956,2
22683,367654,10,3,3,0,0,0,1,5,0,0,22.715,-141.590,-1.58222,0.610,47.200,16.252,47.200,52.386,17.116,51.868,1483.935,3.524,1.853,-1.57910,3.594,1.852,-1.58781,2
22683,367664,10,3,3,0,0,0,1,5,0,0,22.636,-141.590,-1.57265,1.099,47.200,16.252,47.200,52.386,17.116,51.868,1483.935,3.538,1.777,-1.56953,3.601,1.854,-1.58222,2
22700,367674,10,3,3,0,0,0,1,5,0,0,22.636,-141.590,-1.56334,1.068,47.200,16.252,47.200,52.386,17.116,51.868,1483.935,3.549,1.780,-1.56022,3.614,1.778,-1.57265,2
22714,367684,10,3,3,0,0,0,1,5,0,0,22.636,-141.590,-1.55606,0.855,47.200,16.252,47.200,52.386,17.116,51.868,1483.935,3.558,1.783,-1.55293,3.626,1.782,-1.56334,2
22714,367694,10,3,3,0,0,0,1,5,0,0,22.636,-141.590,-1.55114,0.549,47.200,16.252,47.200,52.386,17.116,51.868,1483.935,3.564,1.785,-1.54802,3.635,1.785,-1.55606,2
22730,367704,10,3,3,0,0,0,1,5,0,0,22.560,-141.590,-1.54914,0.305,47.200,16.252,47.200,52.386,17.116,51.868,1483.935,3.568,1.710,-1.54602,3.641,1.787,-1.55114,2
22746,367714,10,3,3,0,0,0,1,5,0,0,22.405,-141.590,-1.55082,-0.000,47.200,16.252,47.200,52.386,17.116,51.868,1483.935,3.571,1.555,-1.54770,3.645,1.712,-1.54914,2
22746,367724,10,3,3,0,0,0,1,5,0,0,22.210,-141.590,-1.55254,-0.000,47.200,16.252,47.200,52.386,17.116,51.868,1483.935,3.574,1.359,-1.54942,3.647,1.556,-1.55082,2
22762,367734,10,3,3,0,0,0,1,5,0,0,22.130,-141.590,-1.55026,0.458,47.200,16.252,47.200,52.386,17.116,51.868,1483.935,3.579,1.280,-1.54714,3.650,1.361,-1.55254,2
22778,367744,10,3,3,0,0,0,1,5,0,0,21.975,-141.590,-1.54622,0.580,47.200,16.252,47.200,52.386,17.116,51.868,1483.935,3.588,1.127,-1.54310,3.655,1.282,-1.55026,2
22778,367754,10,3,3,0,0,0,1,5,0,0,21.820,-141.590,-1.54141,0.702,47.200,16.252,47.200,52.386,17.116,51.868,1483.935,3.598,0.973,-1.53829,3.664,1.128,-1.54622,2
22793,367764,10,3,3,0,0,0,1,5,0,0,21.740,-141.590,-1.53657,0.671,47.200,16.252,47.200,52.386,17.116,51.868,1483.935,3.606,0.895,-1.53345,3.674,0.975,-1.54141,2
22793,367774,10,3,3,0,0,0,1,5,0,0,21.665,-141.590,-1.53387,0.397,47.200,16.252,47.200,52.386,17.116,51.868,1483.935,3.611,0.821,-1.53075,3.682,0.897,-1.53657,2
22809,367784,10,3,3,0,0,0,1,5,0,0,21.585,-141.590,-1.53448,-0.000,47.200,16.252,47.200,52.386,17.116,51.868,1483.935,3.612,0.741,-1.53136,3.688,0.823,-1.53387,2
22824,367794,10,3,3,0,0,0,1,5,0,0,21.505,-141.590,-1.53645,-0.000,47.200,16.252,47.200,52.386,17.116,51.868,1483.935,3.612,0.661,-1.53333,3.689,0.743,-1.53448,2
22824,367804,10,3,3,0,0,0,1,5,0,0,21.505,-141.590,-1.53829,-0.000,47.200,16.252,47.200,52.386,17.116,51.868,1483.935,3.610,0.660,-1.53517,3.689,0.662,-1.53645,2
22840,367814,10,3,3,0,0,0,1,5,0,0,21.505,-141.590,-1.53979,-0.000,47.200,16.252,47.200,52.386,17.116,51.868,1483.935,3.608,0.659,-1.53667,3.687,0.661,-1.53829,2
22855,367824,10,3,3,0,0,0,1,5,0,0,21.505,-141.590,-1.54061,-0.000,47.200,16.252,47.200,52.386,17.116,51.868,1483.935,3.607,0.659,-1.53749,3.685,0.661,-1.53979,2
22855,367834,10,3,3,0,0,0,1,5,0,0,21.505,-141.590,-1.53899,-0.000,47.200,16.252,47.200,52.386,17.116,51.868,1483.935,3.609,0.660,-1.53587,3.684,0.661,-1.54061,2
22871,367844,10,3,3,0,0,0,1,5,0,0,21.505,-141.590,-1.53497,0.305,47.200,16.252,47.200,52.386,17.116,51.868,1483.935,3.614,0.661,-1.53185,3.686,0.661,-1.53899,2
22887,367854,10,3,3,0,0,0,1,5,0,0,21.505,-141.590,-1.53230,-0.000,47.200,16.252,47.200,52.386,17.116,51.868,1483.935,3.617,0.662,-1.52918,3.691,0.663,-1.53497,2
22887,367864,10,3,3,0,0,0,1,5,0,0,21.505,-141.590,-1.53063,-0.000,47.200,16.252,47.200,52.386,17.116,51.868,1483.935,3.619,0.663,-1.52751,3.694,0.664,-1.53230,2
22903,367874,10,3,3,0,0,0,1,5,0,0,21.505,-141.590,-1.52894,-0.000,47.200,16.252,47.200,52.386,17.116,51.868,1483.935,3.621,0.663,-1.52582,3.696,0.664,-1.53063,2
22903,367884,10,3,3,0,0,0,1,5,0,0,21.505,-141.590,-1.52700,-0.000,47.200,16.252,47.200,52.386,17.116,51.868,1483.935,3.624,0.664,-1.52388,3.698,0.665,-1.52894,2
22919,367894,10,3,3,0,0,0,1,5,0,0,21.505,-141.590,-1.52506,-0.000,47.200,16.252,47.200,52.386,17.116,51.868,1483.935,3.626,0.665,-1.52194,3.700,0.666,-1.52700,2
22934,367904,10,3,3,0,0,0,1,5,0,0,21.505,-141.590,-1.52317,-0.000,47.200,16.252,47.200,52.386,17.116,51.868,1483.935,3.628,0.666,-1.52005,3.703,0.667,-1.52506,2
22934,367914,10,3,3,0,0,0,1,5,0,0,21.505,-141.590,-1.52153,-0.000,47.200,16.252,47.200,52.386,17.116,51.868,1483.935,3.630,0.666,-1.51841,3.705,0.667,-1.52317,2
22950,367924,10,3,3,0,0,0,1,5,0,0,21.505,-141.590,-1.52038,-0.000,47.200,16.252,47.200,52.386,17.116,51.868,1483.935,3.632,0.667,-1.51726,3.707,0.668,-1.52153,2
22966,367934,10,3,3,0,0,0,1,5,0,0,21.505,-141.590,-1.51991,-0.000,47.200,16.252,47.200,52.386,17.116,51.868,1483.935,3.632,0.667,-1.51679,3.708,0.668,-1.52038,2
22966,367944,10,3,3,0,0,0,1,5,0,0,21.505,-141.590,-1.51943,-0.000,47.200,16.252,47.200,52.386,17.116,51.868,1483.935,3.633,0.667,-1.51631,3.709,0.668,-1.51991,2
22980,367954,10,3,3,0,0,0,1,5,0,0,21.505,-141.590,-1.51954,-0.000,47.200,16.252,47.200,52.386,17.116,51.868,1483.935,3.633,0.667,-1.51642,3.709,0.669,-1.51943,2
22997,367964,10,3,3,0,0,0,1,5,0,0,21.505,-141.590,-1.52030,-0.000,47.200,16.252,47.200,52.386,17.116,51.868,1483.935,3.632,0.667,-1.51718,3.709,0.669,-1.51954,2
22997,367974,10,3,3,0,0,0,1,5,0,0,21.505,-141.590,-1.52113,-0.000,47.200,16.252,47.200,52.386,17.116,51.868,1483.935,3.631,0.666,-1.51801,3.708,0.668,-1.52030,2
23012,367984,10,3,3,0,0,0,1,5,0,0,21.505,-141.590,-1.52205,-0.000,47.200,16.252,47.200,52.386,17.116,51.868,1483.935,3.630,0.666,-1.51893,3.707,0.668,-1.52113,2
23027,367994,10,3,3,0,0,0,1,5,0,0,21.505,-141.590,-1.52312,-0.000,47.200,16.252,47.200,52.386,17.116,51.868,1483.935,3.628,0.666,-1.52000,3.706,0.668,-1.52205,2
23027,368004,10,3,3,0,0,0,1,5,0,0,21.505,-141.590,-1.52396,-0.000,47.200,16.252,47.200,52.386,17.116,51.868,1483.935,3.627,0.665,-1.52084,3.705,0.667,-1.52312,2
23042,368014,10,3,3,0,0,0,1,5,0,0,21.505,-141.590,-1.52463,-0.000,47.200,16.252,47.200,52.386,17.116,51.868,1483.935,3.626,0.665,-1.52151,3.704,0.667,-1.52396,2
23058,368024,10,3,3,0,0,0,1,5,0,0,21.505,-141.590,-1.52494,-0.000,47.200,16.252,47.200,52.386,17.116,51.868,1483.935,3.626,0.665,-1.52182,3.703,0.667,-1.52463,2
23058,368034,10,3,3,0,0,0,1,5,0,0,21.430,-141.590,-1.52505,-0.000,47.200,16.252,47.200,52.386,17.116,51.868,1483.935,3.628,0.590,-1.52193,3.703,0.667,-1.52494,2
23074,368044,10,3,3,0,0,0,1,5,0,0,21.505,-141.590,-1.52491,-0.000,47.200,16.252,47.200,52.386,17.116,51.868,1483.935,3.626,0.665,-1.52179,3.705,0.591,-1.52505,2
23074,368054,10,3,3,0,0,0,1,5,0,0,21.505,-141.590,-1.52458,-0.000,47.200,16.252,47.200,52.386,17.116,51.868,1483.935,3.627,0.665,-1.52146,3.703,0.667,-1.52491,2
23089,368064,10,3,3,0,0,0,1,5,0,0,21.430,-141.590,-1.52404,-0.000,47.200,16.252,47.200,52.386,17.116,51.868,1483.935,3.629,0.590,-1.52092,3.703,0.667,-1.52458,2
23104,368074,10,3,3,0,0,0,1,5,0,0,21.505,-141.590,-1.52338,-0.000,47.200,16.252,47.200,52.386,17.116,51.868,1483.935,3.628,0.666,-1.52026,3.706,0.592,-1.52404,2
23104,368084,10,3,3,0,0,0,1,5,0,0,21.430,-141.550,-1.52292,-0.000,47.200,16.252,47.200,52.386,17.116,51.868,1483.935,3.670,0.591,-1.51980,3.705,0.667,-1.52338,2
23120,368094,10,3,3,0,0,0,1,5,0,0,21.505,-141.550,-1.52255,-0.000,47.200,16.252,47.200,52.386,17.116,51.868,1483.935,3.669,0.667,-1.51943,3.747,0.593,-1.52292,2
23136,368104,10,3,3,0,0,0,1,5,0,0,21.505,-141.550,-1.52238,-0.000,47.200,16.252,47.200,52.386,17.116,51.868,1483.935,3.669,0.667,-1.51926,3.746,0.669,-1.52255,2
23136,368114,10,3,3,0,0,0,1,5,0,0,21.505,-141.550,-1.52196,-0.000,47.200,16.252,47.200,52.386,17.116,51.868,1483.935,3.670,0.667,-1.51884,3.746,0.669,-1.52238,2
23151,368124,10,3,3,0,0,0,1,5,0,0,21.505,-141.550,-1.52160,-0.000,47.200,16.252,47.200,52.386,17.116,51.868,1483.935,3.670,0.667,-1.51847,3.746,0.669,-1.52196,2
23167,368134,10,3,3,0,0,0,1,5,0,0,21.430,-141.550,-1.52125,-0.000,47.200,16.252,47.200,52.386,17.116,51.868,1483.935,3.672,0.592,-1.51813,3.747,0.669,-1.52160,2
23167,368144,10,3,3,0,0,0,1,5,0,0,21.430,-141.550,-1.52133,-0.000,47.200,16.252,47.200,52.386,17.116,51.868,1483.935,3.672,0.592,-1.51821,3.749,0.594,-1.52125,2
23182,368154,10,3,3,0,0,0,1,5,0,0,21.505,-141.550,-1.52130,-0.000,47.200,16.252,47.200,52.386,17.116,51.868,1483.935,3.670,0.667,-1.51818,3.749,0.594,-1.52133,2
23197,368164,10,3,3,0,0,0,1,5,0,0,21.430,-141.550,-1.52168,-0.000,47.200,16.252,47.200,52.386,17.116,51.868,1483.935,3.672,0.592,-1.51856,3.747,0.669,-1.52130,2
23197,368174,10,3,3,0,0,0,1,5,0,0,21.505,-141.550,-1.52193,-0.000,47.200,16.252,47.200,52.386,17.116,51.868,1483.935,3.670,0.667,-1.51881,3.749,0.594,-1.52168,2
23213,368184,10,3,3,0,0,0,1,5,0,0,21.505,-141.550,-1.52207,-0.000,47.200,16.252,47.200,52.386,17.116,51.868,1483.935,3.669,0.667,-1.51895,3.746,0.669,-1.52193,2
23213,368194,10,3,3,0,0,0,1,5,0,0,21.430,-141.550,-1.52218,-0.000,47.200,16.252,47.200,52.386,17.116,51.868,1483.935,3.671,0.592,-1.51906,3.746,0.669,-1.52207,2
23228,368204,10,3,3,0,0,0,1,5,0,0,21.430,-141.550,-1.52223,-0.000,47.200,16.252,47.200,52.386,17.116,51.868,1483.935,3.671,0.592,-1.51911,3.748,0.593,-1.52218,2
23244,368214,10,3,3,0,0,0,1,5,0,0,21.505,-141.550,-1.52203,-0.000,47.200,16.252,47.200,52.386,17.116,51.868,1483.935,3.670,0.667,-1.51891,3.748,0.593,-1.52223,2
23244,368224,10,3,3,0,0,0,1,5,0,0,21.430,-141.550,-1.52171,-0.000,47.200,16.252,47.200,52.386,17.116,51.868,1483.935,3.672,0.592,-1.51859,3.746,0.669,-1.52203,2
23259,368234,10,3,3,0,0,0,1,5,0,0,21.505,-141.550,-1.52165,-0.000,47.200,16.252,47.200,52.386,17.116,51.868,1483.935,3.670,0.667,-1.51853,3.749,0.594,-1.52171,2
23275,368244,10,3,3,0,0,0,1,5,0,0,21.505,-141.550,-1.52149,-0.000,47.200,16.252,47.200,52.386,17.116,51.868,1483.935,3.670,0.667,-1.51837,3.747,0.669,-1.52165,2
23275,368254,10,3,3,0,0,0,1,5,0,0,21.505,-141.550,-1.52115,-0.000,47.200,16.252,47.200,52.386,17.116,51.868,1483.935,3.671,0.667,-1.51803,3.747,0.669,-1.52149,2
23290,368264,10,3,3,0,0,0,1,5,0,0,21.505,-141.550,-1.52124,-0.000,47.200,16.252,47.200,52.386,17.116,51.868,1483.935,3.670,0.667,-1.51812,3.747,0.669,-1.52115,2
23305,368274,10,3,3,0,0,0,1,5,0,0,21.505,-141.550,-1.52126,-0.000,47.200,16.252,47.200,52.386,17.116,51.868,1483.935,3.670,0.667,-1.51814,3.747,0.669,-1.52124,2
23305,368284,10,3,3,0,0,0,1,5,0,0,21.505,-141.550,-1.52137,-0.000,47.200,16.252,47.200,52.386,17.116,51.868,1483.935,3.670,0.667,-1.51825,3.747,0.669,-1.52126,2
23321,368294,10,3,3,0,0,0,1,5,0,0,21.505,-141.550,-1.52149,-0.000,47.200,16.252,47.200,52.386,17.116,51.868,1483.935,3.670,0.667,-1.51837,3.747,0.669,-1.52137,2
23337,368304,10,3,3,0,0,0,1,5,0,0,21.430,-141.550,-1.52161,-0.000,47.200,16.252,47.200,52.386,17.116,51.868,1483.935,3.672,0.592,-1.51849,3.747,0.669,-1.52149,2
23337,368314,10,3,3,0,0,0,1,5,0,0,21.505,-141.550,-1.52194,-0.000,47.200,16.252,47.200,52.386,17.116,51.868,1483.935,3.670,0.667,-1.51882,3.749,0.594,-1.52161,2
23353,368324,10,3,3,0,0,0,1,5,0,0,21.505,-141.550,-1.52209,-0.000,47.200,16.252,47.200,52.386,17.116,51.868,1483.935,3.669,0.667,-1.51897,3.746,0.669,-1.52194,2
23368,368334,10,3,3,0,0,0,1,5,0,0,21.430,-141.550,-1.52215,-0.000,47.200,16.252,47.200,52.386,17.116,51.868,1483.935,3.671,0.592,-1.51903,3.746,0.669,-1.52209,2
23368,368344,10,3,3,0,0,0,1,5,0,0,21.505,-141.550,-1.52227,-0.000,47.200,16.252,47.200,52.386,17.116,51.868,1483.935,3.669,0.667,-1.51915,3.748,0.593,-1.52215,2
23384,368354,10,3,3,0,0,0,1,5,0,0,21.430,-141.550,-1.52209,-0.000,47.200,16.252,47.200,52.386,17.116,51.868,1483.935,3.671,0.592,-1.51897,3.746,0.669,-1.52227,2
23384,368364,10,3,3,0,0,0,1,5,0,0,21.430,-141.550,-1.52209,-0.000,47.200,16.252,47.200,52.386,17.116,51.868,1483.935,3.671,0.592,-1.51897,3.748,0.593,-1.52209,2
23400,368374,10,3,3,0,0,0,1,5,0,0,21.505,-141.550,-1.52214,-0.000,47.200,16.252,47.200,52.386,17.116,51.868,1483.935,3.669,0.667,-1.51902,3.748,0.593,-1.52209,2
23414,368384,10,3,3,0,0,0,1,5,0,0,21.430,-141.550,-1.52218,-0.000,47.200,16.252,47.200,52.386,17.116,51.868,1483.935,3.671,0.592,-1.51906,3.746,0.669,-1.52214,2
23414,368394,10,3,3,0,0,0,1,5,0,0,21.505,-141.550,-1.52189,-0.000,47.200,16.252,47.200,51.868,17.116,51.868,1483.935,3.670,0.667,-1.51877,3.748,0.593,-1.52218,2
23429,368404,10,3,3,0,0,0,1,5,0,0,21.505,-141.550,-1.52184,-0.000,47.200,16.252,47.200,51.868,17.116,51.868,1483.935,3.670,0.667,-1.51872,3.746,0.669,-1.52189,2
23445,368414,10,3,3,0,0,0,1,5,0,0,21.505,-141.550,-1.52190,-0.000,47.200,16.252,47.200,51.868,17.116,51.868,1483.935,3.670,0.667,-1.51878,3.746,0.669,-1.52184,2
23445,368424,10,3,3,0,0,0,1,5,0,0,21.430,-141.550,-1.52173,-0.000,47.200,16.252,47.200,51.868,17.116,51.868,1483.935,3.672,0.592,-1.51861,3.746,0.669,-1.52190,2
23461,368434,10,3,3,0,0,0,1,5,0,0,21.430,-141.550,-1.52154,-0.000,47.200,16.252,47.200,51.868,17.116,51.868,1483.935,3.672,0.592,-1.51842,3.749,0.594,-1.52173,2
23477,368444,10,3,3,0,0,0,1,5,0,0,21.430,-141.550,-1.52136,-0.000,47.200,16.252,47.200,51.868,17.116,51.868,1483.935,3.672,0.592,-1.51824,3.749,0.594,-1.52154,2
23477,368454,10,3,3,0,0,0,1,5,0,0,21.505,-141.550,-1.52163,-0.000,47.200,16.252,47.200,51.868,17.116,51.868,1483.935,3.670,0.667,-1.51851,3.749,0.594,-1.52136,2
23493,368464,10,3,3,0,0,0,1,5,0,0,21.430,-141.550,-1.52185,-0.000,47.200,16.252,47.200,51.868,17.116,51.868,1483.935,3.672,0.592,-1.51873,3.747,0.669,-1.52163,2
23508,368474,10,3,3,0,0,0,1,5,0,0,21.430,-141.550,-1.52206,-0.000,47.200,16.252,47.200,51.868,17.116,51.868,1483.935,3.671,0.592,-1.51894,3.748,0.593,-1.52185,2
23508,368484,10,3,3,0,0,0,1,5,0,0,21.505,-141.550,-1.52206,-0.000,47.200,16.252,47.200,51.868,17.116,51.868,1483.935,3.669,0.667,-1.51894,3.748,0.593,-1.52206,2
23524,368494,10,3,3,0,0,0,1,5,0,0,21.505,-141.550,-1.52222,-0.000,47.200,16.252,47.200,51.868,17.116,51.868,1483.935,3.669,0.667,-1.51910,3.746,0.669,-1.52206,2
23524,368504,10,3,3,0,0,0,1,5,0,0,21.505,-141.550,-1.52204,-0.000,47.200,16.252,47.200,51.868,17.116,51.868,1483.935,3.670,0.667,-1.51892,3.746,0.669,-1.52222,2
23539,368514,10,3,3,0,0,0,1,5,0,0,21.430,-141.550,-1.52193,-0.000,47.200,16.252,47.200,51.868,17.116,51.868,1483.935,3.672,0.592,-1.51881,3.746,0.669,-1.52204,2
23555,368524,10,3,3,0,0,0,1,5,0,0,21.430,-141.550,-1.52209,-0.000,47.200,16.252,47.200,51.868,17.116,51.868,1483.935,3.671,0.592,-1.51897,3.748,0.593,-1.52193,2
23555,368534,10,3,3,0,0,0,1,5,0,0,21.430,-141.550,-1.52201,-0.000,47.200,16.252,47.200,51.868,17.116,51.868,1483.935,3.672,0.592,-1.51889,3.748,0.593,-1.52209,2
23570,368544,10,3,3,0,0,0,1,5,0,0,21.430,-141.550,-1.52219,-0.000,47.200,16.252,47.200,51.868,17.116,51.868,1483.935,3.671,0.592,-1.51907,3.748,0.593,-1.52201,2
23586,368554,10,3,3,0,0,0,1,5,0,0,21.430,-141.550,-1.52226,-0.000,47.200,16.252,47.200,51.868,17.116,51.868,1483.935,3.671,0.592,-1.51914,3.748,0.593,-1.52219,2
23586,368564,10,3,3,0,0,0,1,5,0,0,21.430,-141.550,-1.52221,-0.000,47.200,16.252,47.200,51.868,17.116,51.868,1483.935,3.671,0.592,-1.51909,3.748,0.593,-1.52226,2
23602,368574,10,3,3,0,0,0,1,5,0,0,21.430,-141.550,-1.52194,-0.000,47.200,16.252,47.200,51.868,17.116,51.868,1483.935,3.672,0.592,-1.51882,3.748,0.593,-1.52221,2
23618,368584,10,3,3,0,0,0,1,5,0,0,21.430,-141.550,-1.52181,-0.000,47.200,16.252,47.200,51.868,17.116,51.868,1483.935,3.672,0.592,-1.51869,3.748,0.593,-1.52194,2
23618,368594,10,3,3,0,0,0,1,5,0,0,21.430,-141.550,-1.52180,-0.000,47.200,16.252,47.200,51.868,17.116,51.868,1483.935,3.672,0.592,-1.51868,3.748,0.593,-1.52181,2
23633,368604,10,3,3,0,0,0,1,5,0,0,21.505,-141.550,-1.52173,-0.000,47.200,16.252,47.200,51.868,17.116,51.868,1483.935,3.670,0.667,-1.51861,3.748,0.593,-1.52180,2
23649,368614,10,3,3,0,0,0,1,5,0,0,21.430,-141.550,-1.52195,-0.000,47.200,16.252,47.200,51.868,17.116,51.868,1483.935,3.672,0.592,-1.51883,3.747,0.669,-1.52173,2
23649,368624,10,3,3,0,0,0,1,5,0,0,21.430,-141.550,-1.52211,-0.000,47.200,16.252,47.200,51.868,17.116,51.868,1483.935,3.671,0.592,-1.51899,3.748,0.593,-1.52195,2
23664,368634,10,3,3,0,0,0,1,5,0,0,21.505,-141.550,-1.52202,-0.000,47.200,16.252,47.200,51.868,17.116,51.868,1483.935,3.670,0.667,-1.51890,3.748,0.593,-1.52211,2
23664,368644,10,3,3,0,0,0,1,5,0,0,21.430,-141.550,-1.52195,-0.000,47.200,16.252,47.200,51.868,17.116,51.868,1483.935,3.672,0.592,-1.51883,3.746,0.669,-1.52202,2
23680,368654,10,3,3,0,0,0,1,5,0,0,21.430,-141.550,-1.52185,-0.000,47.200,16.252,47.200,51.868,17.116,51.868,1483.935,3.672,0.592,-1.51873,3.748,0.593,-1.52195,2
23696,368664,10,3,3,0,0,0,1,5,0,0,21.430,-141.550,-1.52202,-0.000,47.200,16.252,47.200,51.868,17.116,51.868,1483.935,3.672,0.592,-1.51890,3.748,0.593,-1.52185,2
23696,368674,10,3,3,0,0,0,1,5,0,0,21.430,-141.550,-1.52220,-0.000,47.200,16.252,47.200,51.868,17.116,51.868,1483.935,3.671,0.592,-1.51908,3.748,0.593,-1.52202,2
23711,368684,10,3,3,0,0,0,1,5,0,0,21.430,-141.550,-1.52217,-0.000,47.200,16.252,47.200,51.868,17.116,51.868,1483.935,3.671,0.592,-1.51905,3.748,0.593,-1.52220,2
23727,368694,10,3,3,0,0,0,1,5,0,0,21.430,-141.550,-1.52203,-0.000,47.200,16.252,47.200,51.868,17.116,51.868,1483.935,3.672,0.592,-1.51891,3.748,0.593,-1.52217,2
23727,368704,10,3,3,0,0,0,1,5,0,0,21.505,-141.550,-1.52176,-0.000,47.200,16.252,47.200,51.868,17.116,51.868,1483.935,3.670,0.667,-1.51864,3.748,0.593,-1.52203,2
23742,368714,10,3,3,0,0,0,1,5,0,0,21.430,-141.550,-1.52196,-0.000,47.200,16.252,47.200,51.868,17.116,51.868,1483.935,3.672,0.592,-1.51884,3.746,0.669,-1.52176,2
23757,368724,10,3,3,0,0,0,1,5,0,0,21.430,-141.550,-1.52209,-0.000,47.200,16.252,47.200,51.868,17.116,51.868,1483.935,3.671,0.592,-1.51897,3.748,0.593,-1.52196,2
23757,368734,10,3,3,0,0,0,1,5,0,0,21.430,-141.550,-1.52208,-0.000,47.200,16.252,47.200,51.868,17.116,51.868,1483.935,3.671,0.592,-1.51896,3.748,0.593,-1.52209,2
23773,368744,10,3,3,0,0,0,1,5,0,0,21.470,-141.550,-1.52230,-0.000,47.200,16.252,47.200,51.868,17.116,51.868,1483.935,3.670,0.632,-1.51918,3.748,0.593,-1.52208,2
23788,368754,10,3,3,0,0,0,1,5,0,0,21.470,-141.550,-1.52237,-0.000,47.200,16.252,47.200,51.868,17.116,51.868,1483.935,3.670,0.632,-1.51925,3.747,0.633,-1.52230,2
23788,368764,10,3,3,0,0,0,1,5,0,0,21.470,-141.550,-1.52216,-0.000,47.200,16.252,47.200,51.868,17.116,51.868,1483.935,3.670,0.632,-1.51904,3.747,0.633,-1.52237,2
23804,368774,10,3,3,0,0,0,1,5,0,0,21.470,-141.550,-1.52196,-0.000,47.200,16.252,47.200,51.868,17.116,51.868,1483.935,3.671,0.632,-1.51884,3.747,0.633,-1.52216,2
23804,368784,10,3,3,0,0,0,1,5,0,0,21.470,-141.550,-1.52181,-0.000,47.200,16.252,47.200,51.868,17.116,51.868,1483.935,3.671,0.632,-1.51869,3.747,0.633,-1.52196,2
23819,368794,10,3,3,0,0,0,1,5,0,0,21.470,-141.550,-1.52186,-0.000,47.200,16.252,47.200,51.868,17.116,51.868,1483.935,3.671,0.632,-1.51874,3.747,0.633,-1.52181,2
23835,368804,10,3,3,0,0,0,1,5,0,0,21.470,-141.550,-1.52186,-0.000,47.200,16.252,47.200,51.868,17.116,51.868,1483.935,3.671,0.632,-1.51874,3.747,0.633,-1.52186,2
23835,368814,10,3,3,0,0,0,1,5,0,0,21.470,-141.550,-1.52190,-0.000,47.200,16.252,47.200,51.868,17.116,51.868,1483.935,3.671,0.632,-1.51877,3.747,0.633,-1.52186,2
23852,368824,10,3,3,0,0,0,1,5,0,0,21.470,-141.550,-1.52228,-0.000,47.200,16.252,47.200,51.868,17.116,51.868,1483.935,3.670,0.632,-1.51916,3.747,0.633,-1.52189,2
23867,368834,10,3,3,0,0,0,1,5,0,0,21.470,-141.550,-1.52247,-0.000,47.200,16.252,47.200,51.868,17.116,51.868,1483.935,3.670,0.631,-1.51935,3.747,0.633,-1.52228,2
23867,368844,10,3,3,0,0,0,1,5,0,0,21.470,-141.550,-1.52259,-0.000,47.200,16.252,47.200,51.868,17.116,51.868,1483.935,3.670,0.631,-1.51947,3.747,0.633,-1.52247,2
23882,368854,10,3,3,0,0,0,1,5,0,0,21.470,-141.550,-1.52250,-0.000,47.200,16.252,47.200,51.868,17.116,51.868,1483.935,3.670,0.631,-1.51938,3.746,0.633,-1.52259,2
23897,368864,10,3,3,0,0,0,1,5,0,0,21.470,-141.550,-1.52247,-0.000,47.200,16.252,47.200,51.868,17.116,51.868,1483.935,3.670,0.631,-1.51935,3.747,0.633,-1.52250,2
23897,368874,10,3,3,0,0,0,1,5,0,0,21.470,-141.550,-1.52224,-0.000,47.200,16.252,47.200,51.868,17.116,51.868,1483.935,3.670,0.632,-1.51912,3.747,0.633,-1.52247,2
23912,368884,10,3,3,0,0,0,1,5,0,0,21.470,-141.550,-1.52217,-0.000,47.200,16.252,47.200,51.868,17.116,51.868,1483.935,3.670,0.632,-1.51905,3.747,0.633,-1.52224,2
23928,368894,10,3,3,0,0,0,1,5,0,0,21.470,-141.550,-1.52225,-0.000,47.200,16.252,47.200,51.868,17.116,51.868,1483.935,3.670,0.632,-1.51913,3.747,0.633,-1.52217,2
23928,368904,10,3,3,0,0,0,1,5,0,0,21.470,-141.550,-1.52201,-0.000,47.200,16.252,47.200,51.868,17.116,51.868,1483.935,3.670,0.632,-1.51889,3.747,0.633,-1.52225,2
23943,368914,10,3,3,0,0,0,1,5,0,0,21.470,-141.550,-1.52208,-0.000,47.200,16.252,47.200,51.868,17.116,51.868,1483.935,3.670,0.632,-1.51896,3.747,0.633,-1.52201,2
23943,368924,10,3,3,0,0,0,1,5,0,0,21.470,-141.550,-1.52224,-0.000,47.200,16.252,47.200,51.868,17.116,51.868,1483.935,3.670,0.632,-1.51912,3.747,0.633,-1.52208,2
23959,368934,10,3,3,0,0,0,1,5,0,0,21.470,-141.550,-1.52215,-0.000,47.200,16.252,47.200,51.868,17.116,51.868,1483.935,3.670,0.632,-1.51903,3.747,0.633,-1.52224,2
23975,368944,10,3,3,0,0,0,1,5,0,0,21.470,-141.550,-1.52262,-0.000,47.200,16.252,47.200,51.868,17.116,51.868,1483.935,3.670,0.631,-1.51950,3.747,0.633,-1.52215,2
23975,368954,10,3,3,0,0,0,1,5,0,0,21.470,-141.550,-1.52258,-0.000,47.200,16.252,47.200,51.868,17.116,51.868,1483.935,3.670,0.631,-1.51946,3.746,0.633,-1.52262,2
23990,368964,10,3,3,0,0,0,1,5,0,0,21.470,-141.550,-1.52245,-0.000,47.200,16.252,47.200,51.868,17.116,51.868,1483.935,3.670,0.632,-1.51933,3.746,0.633,-1.52258,2
24005,368974,10,3,3,0,0,0,1,5,0,0,21.470,-141.550,-1.52260,-0.000,47.200,16.252,47.200,51.868,17.116,51.868,1483.935,3.670,0.631,-1.51948,3.747,0.633,-1.52245,2
24005,368984,10,3,3,0,0,0,1,5,0,0,21.470,-141.550,-1.52254,-0.000,47.200,16.252,47.200,51.868,17.116,51.868,1483.935,3.670,0.631,-1.51942,3.746,0.633,-1.52260,2
24021,368994,10,3,3,0,0,0,1,5,0,0,21.470,-141.550,-1.52245,-0.000,47.200,16.252,47.200,51.868,17.116,51.868,1483.935,3.670,0.632,-1.51933,3.746,0.633,-1.52254,2
24037,369004,10,3,3,0,0,0,1,5,0,0,21.470,-141.550,-1.52228,-0.000,47.200,16.252,47.200,51.868,17.116,51.868,1483.935,3.670,0.632,-1.51916,3.747,0.633,-1.52245,2
24037,369014,10,3,3,0,0,0,1,5,0,0,21.470,-141.550,-1.52233,-0.000,47.200,16.252,47.200,51.868,17.116,51.868,1483.935,3.670,0.632,-1.51921,3.747,0.633,-1.52228,2
24053,369024,10,3,3,0,0,0,1,5,0,0,21.470,-141.550,-1.52222,-0.000,47.200,16.252,47.200,51.868,17.116,51.868,1483.935,3.670,0.632,-1.51910,3.747,0.633,-1.52233,2
24053,369034,10,3,3,0,0,0,1,5,0,0,21.470,-141.550,-1.52242,-0.000,47.200,16.252,47.200,51.868,17.116,51.868,1483.935,3.670,0.632,-1.51930,3.747,0.633,-1.52222,2
24069,369044,10,3,3,0,0,0,1,5,0,0,21.470,-141.550,-1.52239,-0.000,47.200,16.252,47.200,51.868,17.116,51.868,1483.935,3.670,0.632,-1.51927,3.747,0.633,-1.52242,2
24085,369054,10,3,3,0,0,0,1,5,0,0,21.470,-141.550,-1.52225,-0.000,47.200,16.252,47.200,51.868,17.116,51.868,1483.935,3.670,0.632,-1.51913,3.747,0.633,-1.52239,2
24085,369064,10,3,3,0,0,0,1,5,0,0,21.470,-141.550,-1.52218,-0.000,47.200,16.252,47.200,51.868,17.116,51.868,1483.935,3.670,0.632,-1.51906,3.747,0.633,-1.52225,2
24100,369074,10,3,3,0,0,0,1,5,0,0,21.470,-141.550,-1.52188,-0.000,47.200,16.252,47.200,51.868,17.116,51.868,1483.935,3.671,0.632,-1.51876,3.747,0.633,-1.52218,2
24115,369084,10,3,3,0,0,0,1,5,0,0,21.470,-141.550,-1.52178,-0.000,47.200,16.252,47.200,51.868,17.116,51.868,1483.935,3.671,0.632,-1.51866,3.747,0.633,-1.52188,2
24115,369094,10,3,3,0,0,0,1,5,0,0,21.470,-141.550,-1.52177,-0.000,47.200,16.252,47.200,51.868,17.116,51.868,1483.935,3.671,0.632,-1.51865,3.747,0.633,-1.52178,2
24131,369104,10,3,3,0,0,0,1,5,0,0,21.470,-141.550,-1.52193,-0.000,47.200,16.252,47.200,51.868,17.116,51.868,1483.935,3.671,0.632,-1.51881,3.747,0.633,-1.52177,2
24147,369114,10,3,3,0,0,0,1,5,0,0,21.470,-141.550,-1.52205,-0.000,47.200,16.252,47.200,51.868,17.116,51.868,1483.935,3.670,0.632,-1.51893,3.747,0.633,-1.52193,2
24147,369124,10,3,3,0,0,0,1,5,0,0,21.470,-141.550,-1.52232,-0.000,47.200,16.252,47.200,51.868,17.116,51.868,1483.935,3.670,0.632,-1.51920,3.747,0.633,-1.52205,2
24162,369134,10,3,3,0,0,0,1,5,0,0,21.470,-141.550,-1.52233,-0.000,47.200,16.252,47.200,51.868,17.116,51.868,1483.935,3.670,0.632,-1.51921,3.747,0.633,-1.52232,2
24178,369144,10,3,3,0,0,0,1,5,0,0,21.470,-141.550,-1.52228,-0.000,47.200,16.252,47.200,51.868,17.116,51.868,1483.935,3.670,0.632,-1.51916,3.747,0.633,-1.52233,2
24178,369154,10,3,3,0,0,0,1,5,0,0,21.470,-141.550,-1.52249,-0.000,47.200,16.252,47.200,51.868,17.116,51.868,1483.935,3.670,0.631,-1.51937,3.747,0.633,-1.52228,2
24194,369164,10,3,3,0,0,0,1,5,0,0,21.470,-141.550,-1.52284,-0.000,47.200,16.252,47.200,51.868,17.116,51.868,1483.935,3.669,0.631,-1.51972,3.747,0.633,-1.52249,2
24194,369174,10,3,3,0,0,0,1,5,0,0,21.470,-141.550,-1.52285,-0.000,47.200,16.252,47.200,51.868,17.116,51.868,1483.935,3.669,0.631,-1.51973,3.746,0.633,-1.52284,2
24210,369184,10,3,3,0,0,0,1,5,0,0,21.470,-141.550,-1.52274,-0.000,47.200,16.252,47.200,51.868,17.116,51.868,1483.935,3.670,0.631,-1.51962,3.746,0.633,-1.52285,2
24225,369194,10,3,3,0,0,0,1,5,0,0,21.470,-141.550,-1.52243,-0.000,47.200,16.252,47.200,51.868,17.116,51.868,1483.935,3.670,0.632,-1.51931,3.746,0.633,-1.52274,2
24225,369204,10,3,3,0,0,0,1,5,0,0,21.470,-141.550,-1.52236,-0.000,47.200,16.252,47.200,51.868,17.116,51.868,1483.935,3.670,0.632,-1.51924,3.747,0.633,-1.52243,2
24240,369214,10,3,3,0,0,0,1,5,0,0,21.470,-141.550,-1.52225,-0.000,47.200,16.252,47.200,51.868,17.116,51.868,1483.935,3.670,0.632,-1.51913,3.747,0.633,-1.52236,2
24256,369224,10,3,3,0,0,0,1,5,0,0,21.470,-141.550,-1.52214,-0.000,47.200,16.252,47.200,51.868,17.116,51.868,1483.935,3.670,0.632,-1.51902,3.747,0.633,-1.52225,2
24256,369234,10,3,3,0,0,0,1,5,0,0,21.470,-141.550,-1.52204,-0.000,47.200,16.252,47.200,51.868,17.116,51.868,1483.935,3.670,0.632,-1.51892,3.747,0.633,-1.52214,2
24271,369244,10,3,3,0,0,0,1,5,0,0,21.470,-141.550,-1.52186,-0.000,47.200,16.252,47.200,51.868,17.116,51.868,1483.935,3.671,0.632,-1.51874,3.747,0.633,-1.52204,2
24287,369254,10,3,3,0,0,0,1,5,0,0,21.470,-141.550,-1.52161,-0.000,47.200,16.252,47.200,51.868,17.116,51.868,1483.935,3.671,0.632,-1.51849,3.747,0.633,-1.52186,2
24287,369264,10,3,3,0,0,0,1,5,0,0,21.470,-141.550,-1.52158,-0.000,47.200,16.252,47.200,51.868,17.116,51.868,1483.935,3.671,0.632,-1.51846,3.748,0.633,-1.52161,2
24302,369274,10,3,3,0,0,0,1,5,0,0,21.470,-141.550,-1.52177,-0.000,47.200,16.252,47.200,51.868,17.116,51.868,1483.935,3.671,0.632,-1.51865,3.748,0.633,-1.52158,2
24319,369284,10,3,3,0,0,0,1,5,0,0,21.470,-141.550,-1.52183,-0.000,47.200,16.252,47.200,51.868,17.116,51.868,1483.935,3.671,0.632,-1.51871,3.747,0.633,-1.52177,2
24319,369294,10,3,3,0,0,0,1,5,0,0,21.470,-141.550,-1.52198,-0.000,47.200,16.252,47.200,51.868,17.116,51.868,1483.935,3.671,0.632,-1.51886,3.747,0.633,-1.52183,2
24334,369304,10,3,3,0,0,0,1,5,0,0,21.470,-141.550,-1.52200,-0.000,47.200,16.252,47.200,51.868,17.116,51.868,1483.935,3.671,0.632,-1.51888,3.747,0.633,-1.52198,2
24334,369314,10,3,3,0,0,0,1,5,0,0,21.470,-141.550,-1.52206,-0.000,47.200,16.252,47.200,51.868,17.116,51.868,1483.935,3.670,0.632,-1.51894,3.747,0.633,-1.52200,2
24350,369324,10,3,3,0,0,0,1,5,0,0,21.470,-141.550,-1.52185,-0.000,47.200,16.252,47.200,51.868,17.116,51.868,1483.935,3.671,0.632,-1.51872,3.747,0.633,-1.52206,2
24365,369334,10,3,3,0,0,0,1,5,0,0,21.470,-141.550,-1.52186,-0.000,47.200,16.252,47.200,51.868,17.116,51.868,1483.935,3.671,0.632,-1.51874,3.747,0.633,-1.52184,2
24365,369344,10,3,3,0,0,0,1,5,0,0,21.470,-141.550,-1.52180,-0.000,47.200,16.252,47.200,51.868,17.116,51.868,1483.935,3.671,0.632,-1.51868,3.747,0.633,-1.52186,2
24380,369354,10,3,3,0,0,0,1,5,0,0,21.470,-141.550,-1.52182,-0.000,47.200,16.252,47.200,51.868,17.116,51.868,1483.935,3.671,0.632,-1.51870,3.747,0.633,-1.52180,2
24396,369364,10,3,3,0,0,0,1,5,0,0,21.470,-141.550,-1.52212,-0.000,47.200,16.252,47.200,51.868,17.116,51.868,1483.935,3.670,0.632,-1.51900,3.747,0.633,-1.52182,2
24396,369374,10,3,3,0,0,0,1,5,0,0,21.470,-141.550,-1.52209,-0.000,47.200,16.252,47.200,51.868,17.116,51.868,1483.935,3.670,0.632,-1.51897,3.747,0.633,-1.52212,2
24411,369384,10,3,3,0,0,0,1,5,0,0,21.470,-141.550,-1.52215,-0.000,47.200,16.252,47.200,51.868,17.116,51.868,1483.935,3.670,0.632,-1.51903,3.747,0.633,-1.52209,2
24427,369394,10,3,3,0,0,0,1,5,0,0,21.470,-141.550,-1.52229,-0.000,47.200,16.252,47.200,51.868,17.116,51.868,1483.935,3.670,0.632,-1.51917,3.747,0.633,-1.52215,2
24427,369404,10,3,3,0,0,0,1,5,0,0,21.470,-141.550,-1.52238,-0.000,47.200,16.252,47.200,51.868,17.116,51.868,1483.935,3.670,0.632,-1.51926,3.747,0.633,-1.52229,2
24443,369414,10,3,3,0,0,0,1,5,0,0,21.470,-141.550,-1.52259,-0.000,47.200,16.252,47.200,51.868,17.116,51.868,1483.935,3.670,0.631,-1.51947,3.747,0.633,-1.52238,2
24443,369424,10,3,3,0,0,0,1,5,0,0,21.470,-141.550,-1.52254,-0.000,47.200,16.252,47.200,51.868,17.116,51.868,1483.935,3.670,0.631,-1.51942,3.746,0.633,-1.52259,2
24460,369434,10,3,3,0,0,0,1,5,0,0,21.470,-141.550,-1.52235,-0.000,47.200,16.252,47.200,51.868,17.116,51.868,1483.935,3.670,0.632,-1.51923,3.746,0.633,-1.52254,2
24475,369444,10,3,3,0,0,0,1,5,0,0,21.470,-141.550,-1.52209,-0.000,47.200,16.252,47.200,51.868,17.116,51.868,1483.935,3.670,0.632,-1.51897,3.747,0.633,-1.52235,2
24475,369454,10,3,3,0,0,0,1,5,0,0,21.470,-141.550,-1.52193,-0.000,47.200,16.252,47.200,51.868,17.116,51.868,1483.935,3.671,0.632,-1.51881,3.747,0.633,-1.52209,2
24489,369464,10,3,3,0,0,0,1,5,0,0,21.470,-141.550,-1.52177,-0.000,47.200,16.252,47.200,51.868,17.116,51.868,1483.935,3.671,0.632,-1.51865,3.747,0.633,-1.52193,2
24505,369474,10,3,3,0,0,0,1,5,0,0,21.470,-141.550,-1.52168,-0.000,47.200,16.252,47.200,51.868,17.116,51.868,1483.935,3.671,0.632,-1.51856,3.747,0.633,-1.52177,2
24505,369484,10,3,3,0,0,0,1,5,0,0,21.470,-141.550,-1.52162,-0.000,47.200,16.252,47.200,51.868,17.116,51.868,1483.935,3.671,0.632,-1.51850,3.748,0.633,-1.52168,2
24521,369494,10,3,3,0,0,0,1,5,0,0,21.470,-141.550,-1.52170,-0.000,47.200,16.252,47.200,51.868,17.116,51.868,1483.935,3.671,0.632,-1.51858,3.748,0.633,-1.52162,2
24537,369504,10,3,3,0,0,0,1,5,0,0,21.470,-141.550,-1.52173,-0.000,47.200,16.252,47.200,51.868,17.116,51.868,1483.935,3.671,0.632,-1.51861,3.747,0.633,-1.52170,2
24537,369514,10,3,3,0,0,0,1,5,0,0,21.470,-141.550,-1.52184,-0.000,47.200,16.252,47.200,51.868,17.116,51.868,1483.935,3.671,0.632,-1.51872,3.747,0.633,-1.52173,2
24552,369524,10,3,3,0,0,0,1,5,0,0,21.470,-141.550,-1.52196,-0.000,47.200,16.252,47.200,51.868,17.116,51.868,1483.935,3.671,0.632,-1.51884,3.747,0.633,-1.52184,2
24567,369534,10,3,3,0,0,0,1,5,0,0,21.470,-141.550,-1.52189,-0.000,47.200,16.252,47.200,51.868,17.116,51.868,1483.935,3.671,0.632,-1.51876,3.747,0.633,-1.52196,2
24567,369544,10,3,3,0,0,0,1,5,0,0,21.470,-141.550,-1.52179,-0.000,47.200,16.252,47.200,51.868,17.116,51.868,1483.935,3.671,0.632,-1.51867,3.747,0.633,-1.52189,2
24583,369554,10,3,3,0,0,0,1,5,0,0,21.470,-141.550,-1.52193,-0.000,47.200,16.252,47.200,51.868,17.116,51.868,1483.935,3.671,0.632,-1.51881,3.747,0.633,-1.52179,2
24598,369564,10,3,3,0,0,0,1,5,0,0,21.470,-141.550,-1.52199,-0.000,47.200,16.252,47.200,51.868,17.116,51.868,1483.935,3.671,0.632,-1.51887,3.747,0.633,-1.52193,2
24598,369574,10,3,3,0,0,0,1,5,0,0,21.470,-141.550,-1.52208,-0.000,47.200,16.252,47.200,51.868,17.116,51.868,1483.935,3.670,0.632,-1.51896,3.747,0.633,-1.52199,2
24613,369584,10,3,3,0,0,0,1,5,0,0,21.470,-141.550,-1.52350,-0.275,47.200,16.252,47.200,51.868,17.116,51.868,1483.935,3.669,0.631,-1.52038,3.747,0.633,-1.52208,2
24613,369594,10,3,3,0,0,0,1,5,0,0,21.470,-141.550,-1.52558,-0.244,47.200,16.252,47.200,51.868,17.116,51.868,1483.935,3.666,0.630,-1.52246,3.745,0.633,-1.52350,2
24629,369604,10,3,3,0,0,0,1,5,0,0,21.470,-141.550,-1.52470,-0.000,47.200,16.252,47.200,51.868,17.116,51.868,1483.935,3.667,0.631,-1.52158,3.743,0.632,-1.52558,2
24645,369614,10,3,3,0,0,0,1,5,0,0,21.470,-141.550,-1.52421,-0.000,47.200,16.252,47.200,51.868,17.116,51.868,1483.935,3.668,0.631,-1.52109,3.744,0.632,-1.52470,2
24645,369624,10,3,3,0,0,0,1,5,0,0,21.470,-141.550,-1.52090,0.336,47.200,16.252,47.200,51.868,17.116,51.868,1483.935,3.672,0.632,-1.51778,3.744,0.632,-1.52421,2
24660,369634,10,3,3,0,0,0,1,5,0,0,21.390,-141.550,-1.51799,0.275,47.200,16.252,47.200,51.868,17.116,51.868,1483.935,3.677,0.553,-1.51487,3.748,0.634,-1.52090,2
24676,369644,10,3,3,0,0,0,1,5,0,0,21.390,-141.550,-1.51864,-0.000,47.200,16.252,47.200,51.868,17.116,51.868,1483.935,3.677,0.553,-1.51551,3.754,0.555,-1.51799,2
24676,369654,10,3,3,0,0,0,1,5,0,0,21.430,-141.550,-1.51920,-0.000,47.200,16.252,47.200,51.868,17.116,51.868,1483.935,3.675,0.593,-1.51608,3.753,0.555,-1.51864,2
24691,369664,10,3,3,0,0,0,1,5,0,0,21.430,-141.550,-1.51950,-0.000,47.200,16.252,47.200,51.868,17.116,51.868,1483.935,3.675,0.593,-1.51638,3.752,0.594,-1.51920,2
24707,369674,10,3,3,0,0,0,1,5,0,0,21.430,-141.550,-1.51954,-0.000,47.200,16.252,47.200,51.868,17.116,51.868,1483.935,3.675,0.593,-1.51642,3.751,0.594,-1.51950,2
24707,369684,10,3,3,0,0,0,1,5,0,0,21.350,-141.550,-1.51901,-0.000,47.200,16.252,47.200,51.868,17.116,51.868,1483.935,3.677,0.513,-1.51589,3.751,0.594,-1.51954,2
24723,369694,10,3,3,0,0,0,1,5,0,0,21.350,-141.550,-1.51869,-0.000,47.200,16.252,47.200,51.868,17.116,51.868,1483.935,3.678,0.513,-1.51557,3.754,0.515,-1.51901,2
24723,369704,10,3,3,0,0,0,1,5,0,0,21.350,-141.550,-1.51820,-0.000,47.200,16.252,47.200,51.868,17.116,51.868,1483.935,3.678,0.513,-1.51508,3.754,0.515,-1.51869,2
24738,369714,10,3,3,0,0,0,1,5,0,0,21.350,-141.550,-1.51774,-0.000,47.200,16.252,47.200,51.868,17.116,51.868,1483.935,3.679,0.514,-1.51462,3.755,0.515,-1.51820,2
24753,369724,10,3,3,0,0,0,1,5,0,0,21.275,-141.550,-1.52015,-0.275,47.200,16.252,47.200,51.868,17.116,51.868,1483.935,3.678,0.437,-1.51703,3.755,0.515,-1.51774,2
24753,369734,10,3,3,0,0,0,1,5,0,0,21.275,-141.550,-1.52290,-0.336,47.200,16.252,47.200,51.868,17.116,51.868,1483.935,3.675,0.436,-1.51978,3.755,0.439,-1.52015,2
24769,369744,10,3,3,0,0,0,1,5,0,0,21.275,-141.550,-1.52409,-0.000,47.200,16.252,47.200,51.868,17.116,51.868,1483.935,3.673,0.436,-1.52097,3.751,0.438,-1.52290,2
24785,369754,10,3,3,0,0,0,1,5,0,0,21.275,-141.550,-1.52366,-0.000,47.200,16.252,47.200,51.868,17.116,51.868,1483.935,3.674,0.436,-1.52054,3.750,0.438,-1.52409,2
24785,369764,10,3,3,0,0,0,1,5,0,0,21.195,-141.550,-1.52258,0.275,47.200,16.252,47.200,51.868,17.116,51.868,1483.935,3.677,0.357,-1.51946,3.750,0.438,-1.52366,2
24800,369774,10,3,3,0,0,0,1,5,0,0,21.115,-141.550,-1.51956,0.305,47.200,16.252,47.200,51.868,17.116,51.868,1483.935,3.683,0.278,-1.51644,3.754,0.358,-1.52258,2
24817,369784,10,3,3,0,0,0,1,5,0,0,21.115,-141.550,-1.51712,0.244,47.200,16.252,47.200,51.868,17.116,51.868,1483.935,3.686,0.279,-1.51400,3.759,0.280,-1.51956,2
24817,369794,10,3,3,0,0,0,1,5,0,0,21.040,-141.550,-1.51795,-0.000,47.200,16.252,47.200,51.868,17.116,51.868,1483.935,3.687,0.203,-1.51483,3.762,0.281,-1.51712,2
24831,369804,10,3,3,0,0,0,1,5,0,0,21.040,-141.550,-1.51849,-0.000,47.200,16.252,47.200,51.868,17.116,51.868,1483.935,3.686,0.203,-1.51537,3.763,0.205,-1.51795,2
24847,369814,10,3,3,0,0,0,1,5,0,0,21.040,-141.550,-1.51885,-0.000,47.200,16.252,47.200,51.868,17.116,51.868,1483.935,3.686,0.203,-1.51573,3.763,0.205,-1.51849,2
24847,369824,10,3,3,0,0,0,1,5,0,0,20.960,-141.550,-1.51929,-0.000,47.200,16.252,47.200,51.868,17.116,51.868,1483.935,3.687,0.123,-1.51617,3.762,0.205,-1.51885,2
24863,369834,10,3,3,0,0,0,1,5,0,0,20.960,-141.550,-1.51978,-0.000,47.200,16.252,47.200,51.868,17.116,51.868,1483.935,3.687,0.123,-1.51666,3.764,0.125,-1.51929,2
24879,369844,10,3,3,0,0,0,1,5,0,0,20.960,-141.550,-1.52032,-0.000,47.200,16.252,47.200,51.868,17.116,51.868,1483.935,3.686,0.123,-1.51720,3.763,0.125,-1.51978,2
24879,369854,10,3,3,0,0,0,1,5,0,0,20.885,-141.550,-1.52062,-0.000,47.200,16.252,47.200,51.868,17.116,51.868,1483.935,3.688,0.047,-1.51750,3.763,0.124,-1.52032,2
24895,369864,10,3,3,0,0,0,1,5,0,0,20.885,-141.550,-1.52103,-0.000,47.200,16.252,47.200,51.868,17.116,51.868,1483.935,3.687,0.047,-1.51791,3.764,0.049,-1.52062,2
24895,369874,10,3,3,0,0,0,1,5,0,0,20.805,-141.550,-1.52105,-0.000,47.200,16.252,47.200,51.868,17.116,51.868,1483.935,3.689,-0.033,-1.51793,3.764,0.049,-1.52103,2
24911,369884,10,3,3,0,0,0,1,5,0,0,20.805,-141.550,-1.52063,-0.000,47.200,16.252,47.200,51.868,17.116,51.868,1483.935,3.690,-0.033,-1.51751,3.766,-0.031,-1.52105,2
24926,369894,10,3,3,0,0,0,1,5,0,0,20.805,-141.550,-1.52023,-0.000,47.200,16.252,47.200,51.868,17.116,51.868,1483.935,3.690,-0.032,-1.51711,3.766,-0.031,-1.52063,2
24926,369904,10,3,3,0,0,0,1,5,0,0,20.805,-141.550,-1.51997,-0.000,47.200,16.252,47.200,51.868,17.116,51.868,1483.935,3.691,-0.032,-1.51685,3.767,-0.031,-1.52023,2
24942,369914,10,3,3,0,0,0,1,5,0,0,20.805,-141.550,-1.51893,0.244,47.200,16.252,47.200,51.868,17.116,51.868,1483.935,3.692,-0.032,-1.51581,3.767,-0.031,-1.51997,2
24957,369924,10,3,3,0,0,0,1,5,0,0,20.729,-141.550,-1.51923,-0.000,47.200,16.252,47.200,51.868,17.116,51.868,1483.935,3.693,-0.107,-1.51611,3.768,-0.030,-1.51893,2
24957,369934,10,3,3,0,0,0,1,5,0,0,20.805,-141.550,-1.51920,-0.000,47.200,16.252,47.200,51.868,17.116,51.868,1483.935,3.691,-0.032,-1.51608,3.770,-0.106,-1.51923,2
24972,369944,10,3,3,0,0,0,1,5,0,0,20.729,-141.550,-1.51899,-0.000,47.200,16.252,47.200,51.868,17.116,51.868,1483.935,3.694,-0.107,-1.51587,3.768,-0.030,-1.51920,2
24989,369954,10,3,3,0,0,0,1,5,0,0,20.729,-141.550,-1.51897,-0.000,47.200,16.252,47.200,51.868,17.116,51.868,1483.935,3.694,-0.107,-1.51585,3.770,-0.106,-1.51899,2
24989,369964,10,3,3,0,0,0,1,5,0,0,20.729,-141.550,-1.51877,-0.000,47.200,16.252,47.200,51.868,17.116,51.868,1483.935,3.694,-0.107,-1.51565,3.770,-0.106,-1.51897,2
25004,369974,10,3,3,0,0,0,1,5,0,0,20.650,-141.550,-1.51846,-0.000,47.200,16.252,47.200,51.868,17.116,51.868,1483.935,3.697,-0.187,-1.51534,3.771,-0.106,-1.51877,2
25004,369984,10,3,3,0,0,0,1,5,0,0,20.650,-141.550,-1.51802,-0.000,47.200,16.252,47.200,51.868,17.116,51.868,1483.935,3.697,-0.187,-1.51490,3.773,-0.185,-1.51846,2
25020,369994,10,3,3,0,0,0,1,5,0,0,20.650,-141.550,-1.51796,-0.000,47.200,16.252,47.200,51.868,17.116,51.868,1483.935,3.697,-0.187,-1.51484,3.774,-0.185,-1.51802,2
25035,370004,10,3,3,0,0,0,1,5,0,0,20.650,-141.550,-1.51807,-0.000,47.200,16.252,47.200,51.868,17.116,51.868,1483.935,3.697,-0.187,-1.51495,3.774,-0.185,-1.51796,2
25035,370014,10,3,3,0,0,0,1,5,0,0,20.650,-141.550,-1.51852,-0.000,47.200,16.252,47.200,51.868,17.116,51.868,1483.935,3.696,-0.187,-1.51540,3.774,-0.185,-1.51807,2
25051,370024,10,3,3,0,0,0,1,5,0,0,20.570,-141.550,-1.51870,-0.000,47.200,16.252,47.200,51.868,17.116,51.868,1483.935,3.698,-0.267,-1.51557,3.773,-0.185,-1.51852,2
25069,370034,10,3,3,0,0,0,1,5,0,0,20.570,-141.550,-1.51900,-0.000,47.200,16.252,47.200,51.868,17.116,51.868,1483.935,3.698,-0.267,-1.51588,3.775,-0.265,-1.51870,2
25069,370044,10,3,3,0,0,0,1,5,0,0,20.570,-141.550,-1.51894,-0.000,47.200,16.252,47.200,51.868,17.116,51.868,1483.935,3.698,-0.267,-1.51582,3.775,-0.265,-1.51900,2
25082,370054,10,3,3,0,0,0,1,5,0,0,20.570,-141.550,-1.51912,-0.000,47.200,16.252,47.200,51.868,17.116,51.868,1483.935,3.698,-0.267,-1.51600,3.775,-0.265,-1.51894,2
25099,370064,10,3,3,0,0,0,1,5,0,0,20.570,-141.550,-1.51906,-0.000,47.200,16.252,47.200,51.868,17.116,51.868,1483.935,3.698,-0.267,-1.51594,3.774,-0.265,-1.51912,2
25099,370074,10,3,3,0,0,0,1,5,0,0,20.494,-141.550,-1.51889,-0.000,47.200,16.252,47.200,51.868,17.116,51.868,1483.935,3.700,-0.342,-1.51577,3.775,-0.265,-1.51906,2
25113,370084,10,3,3,0,0,0,1,5,0,0,20.494,-141.550,-1.51844,-0.000,47.200,16.252,47.200,51.868,17.116,51.868,1483.935,3.701,-0.342,-1.51532,3.777,-0.340,-1.51889,2
25113,370094,10,3,3,0,0,0,1,5,0,0,20.494,-141.550,-1.51782,-0.000,47.200,16.252,47.200,51.868,17.116,51.868,1483.935,3.701,-0.342,-1.51470,3.777,-0.340,-1.51844,2
25129,370104,10,3,3,0,0,0,1,5,0,0,20.494,-141.550,-1.51752,-0.000,47.200,16.252,47.200,51.868,17.116,51.868,1483.935,3.702,-0.342,-1.51440,3.778,-0.340,-1.51782,2
25144,370114,10,3,3,0,0,0,1,5,0,0,20.494,-141.550,-1.51693,-0.000,47.200,16.252,47.200,51.868,17.116,51.868,1483.935,3.702,-0.341,-1.51381,3.778,-0.340,-1.51752,2
25144,370124,10,3,3,0,0,0,1,5,0,0,20.415,-141.550,-1.51655,-0.000,47.200,16.252,47.200,51.868,17.116,51.868,1483.935,3.705,-0.421,-1.51343,3.779,-0.340,-1.51693,2
25160,370134,10,3,3,0,0,0,1,5,0,0,20.415,-141.550,-1.51590,-0.000,47.200,16.252,47.200,51.868,17.116,51.868,1483.935,3.706,-0.421,-1.51278,3.782,-0.419,-1.51655,2
25175,370144,10,3,3,0,0,0,1,5,0,0,20.339,-141.550,-1.51528,-0.000,47.200,16.252,47.200,51.868,17.116,51.868,1483.935,3.709,-0.496,-1.51216,3.782,-0.419,-1.51590,2
25175,370154,10,3,3,0,0,0,1,5,0,0,20.339,-141.550,-1.51499,-0.000,47.200,16.252,47.200,51.868,17.116,51.868,1483.935,3.709,-0.496,-1.51187,3.785,-0.494,-1.51528,2
25191,370164,10,3,3,0,0,0,1,5,0,0,20.259,-141.550,-1.51473,-0.000,47.200,16.252,47.200,51.868,17.116,51.868,1483.935,3.711,-0.575,-1.51161,3.786,-0.494,-1.51499,2
25207,370174,10,3,3,0,0,0,1,5,0,0,20.259,-141.550,-1.51445,-0.000,47.200,16.252,47.200,51.868,17.116,51.868,1483.935,3.712,-0.575,-1.51133,3.788,-0.574,-1.51473,2
25207,370184,10,3,3,0,0,0,1,5,0,0,20.184,-141.550,-1.51398,-0.000,47.200,16.252,47.200,51.868,17.116,51.868,1483.935,3.714,-0.650,-1.51086,3.788,-0.574,-1.51445,2
25222,370194,10,3,3,0,0,0,1,5,0,0,20.184,-141.550,-1.51371,-0.000,47.200,16.252,47.200,51.868,17.116,51.868,1483.935,3.715,-0.650,-1.51059,3.791,-0.649,-1.51398,2
25238,370204,10,3,3,0,0,0,1,5,0,0,20.104,-141.550,-1.51363,-0.000,47.200,16.252,47.200,51.868,17.116,51.868,1483.935,3.717,-0.730,-1.51051,3.791,-0.649,-1.51371,2
25238,370214,10,3,3,0,0,0,1,5,0,0,20.024,-141.550,-1.51620,-0.244,47.200,16.252,47.200,51.868,17.116,51.868,1483.935,3.716,-0.811,-1.51308,3.793,-0.728,-1.51363,2
25254,370224,10,3,3,0,0,0,1,5,0,0,20.024,-141.550,-1.51665,-0.000,47.200,16.252,47.200,51.868,17.116,51.868,1483.935,3.715,-0.811,-1.51353,3.792,-0.809,-1.51620,2
25254,370234,10,3,3,0,0,0,1,5,0,0,19.869,-141.550,-1.51710,-0.000,47.200,16.252,47.200,51.868,17.116,51.868,1483.935,3.719,-0.966,-1.51398,3.792,-0.809,-1.51665,2
25269,370244,10,3,3,0,0,0,1,5,0,0,19.869,-141.550,-1.51781,-0.000,47.200,16.252,47.200,51.868,17.116,51.868,1483.935,3.718,-0.967,-1.51469,3.795,-0.965,-1.51710,2
25285,370254,10,3,3,0,0,0,1,5,0,0,19.794,-141.550,-1.51846,-0.000,47.200,16.252,47.200,51.868,17.116,51.868,1483.935,3.719,-1.042,-1.51534,3.795,-0.965,-1.51781,2
25285,370264,10,3,3,0,0,0,1,5,0,0,19.794,-141.550,-1.51934,-0.000,47.200,16.252,47.200,51.868,17.116,51.868,1483.935,3.718,-1.042,-1.51622,3.796,-1.040,-1.51846,2
25301,370274,10,3,3,0,0,0,1,5,0,0,19.714,-141.550,-1.51960,-0.000,47.200,16.252,47.200,51.868,17.116,51.868,1483.935,3.720,-1.122,-1.51648,3.795,-1.041,-1.51934,2
25316,370284,10,3,3,0,0,0,1,5,0,0,19.634,-141.550,-1.52056,-0.244,47.200,16.252,47.200,51.868,17.116,51.868,1483.935,3.721,-1.202,-1.51744,3.797,-1.121,-1.51960,2
25316,370294,10,3,3,0,0,0,1,5,0,0,19.559,-141.550,-1.52333,-0.336,47.200,16.252,47.200,51.868,17.116,51.868,1483.935,3.719,-1.279,-1.52021,3.798,-1.201,-1.52056,2
25331,370304,10,3,3,0,0,0,1,5,0,0,19.479,-141.550,-1.52651,-0.397,47.200,16.252,47.200,51.868,17.116,51.868,1483.935,3.718,-1.360,-1.52339,3.796,-1.277,-1.52333,2
25347,370314,10,3,3,0,0,0,1,5,0,0,19.404,-141.550,-1.53008,-0.336,47.200,16.252,47.200,51.868,17.116,51.868,1483.935,3.715,-1.437,-1.52696,3.794,-1.358,-1.52651,2
25347,370324,10,3,3,0,0,0,1,5,0,0,19.404,-141.550,-1.53023,-0.000,47.200,16.252,47.200,51.868,17.116,51.868,1483.935,3.715,-1.437,-1.52711,3.792,-1.435,-1.53008,2
25363,370334,10,3,3,0,0,0,1,5,0,0,19.324,-141.550,-1.53056,-0.000,47.200,16.252,47.200,51.868,17.116,51.868,1483.935,3.717,-1.516,-1.52744,3.792,-1.435,-1.53023,2
25363,370344,10,3,3,0,0,0,1,5,0,0,19.249,-141.550,-1.53127,-0.000,47.200,16.252,47.200,51.868,17.116,51.868,1483.935,3.718,-1.592,-1.52815,3.794,-1.515,-1.53056,2
25378,370354,10,3,3,0,0,0,1,5,0,0,19.169,-141.550,-1.53186,-0.000,47.200,16.252,47.200,51.868,17.116,51.868,1483.935,3.719,-1.672,-1.52874,3.795,-1.590,-1.53127,2
25394,370364,10,3,3,0,0,0,1,5,0,0,19.169,-141.550,-1.53248,-0.000,47.200,16.252,47.200,51.868,17.116,51.868,1483.935,3.719,-1.672,-1.52936,3.796,-1.670,-1.53186,2
25394,370374,10,3,3,0,0,0,1,5,0,0,19.089,-141.550,-1.53307,-0.000,47.200,16.252,47.200,51.868,17.116,51.868,1483.935,3.720,-1.752,-1.52995,3.795,-1.671,-1.53248,2
25410,370384,10,3,3,0,0,0,1,5,0,0,19.014,-141.550,-1.53370,-0.000,47.200,16.252,47.200,51.868,17.116,51.868,1483.935,3.721,-1.828,-1.53058,3.797,-1.751,-1.53307,2
25426,370394,10,3,3,0,0,0,1,5,0,0,19.014,-141.550,-1.53463,-0.000,47.200,16.252,47.200,51.868,17.116,51.868,1483.935,3.720,-1.828,-1.53151,3.798,-1.826,-1.53370,2
25426,370404,10,3,3,0,0,0,1,5,0,0,18.934,-141.550,-1.53592,-0.000,47.200,16.252,46.681,51.868,17.116,51.868,1484.453,3.721,-1.908,-1.53280,3.797,-1.827,-1.53463,2
25441,370414,10,3,3,0,0,0,1,5,0,0,18.934,-141.550,-1.53796,-0.000,47.200,16.252,46.681,51.868,17.116,51.868,1484.453,3.718,-1.909,-1.53484,3.798,-1.907,-1.53592,2
25457,370424,10,3,3,0,0,0,1,5,0,0,18.934,-141.550,-1.53915,-0.000,47.200,16.252,46.681,51.868,17.116,51.868,1484.453,3.717,-1.910,-1.53603,3.795,-1.908,-1.53796,2
25457,370434,10,3,3,0,0,0,1,5,0,0,18.859,-141.550,-1.54011,-0.000,47.200,16.252,46.681,51.868,17.116,51.868,1484.453,3.718,-1.985,-1.53699,3.794,-1.908,-1.53915,2
25473,370444,10,3,3,0,0,0,1,5,0,0,18.934,-141.550,-1.54045,-0.000,47.200,16.252,46.681,51.868,17.116,51.868,1484.453,3.715,-1.910,-1.53733,3.795,-1.984,-1.54011,2
25489,370454,10,3,3,0,0,0,1,5,0,0,18.934,-141.550,-1.53970,-0.000,47.200,16.252,46.681,51.868,17.116,51.868,1484.453,3.716,-1.910,-1.53658,3.792,-1.909,-1.54045,2
25489,370464,10,3,3,0,0,0,1,5,0,0,18.934,-141.550,-1.53855,-0.000,47.200,16.252,46.681,51.868,17.116,51.868,1484.453,3.718,-1.910,-1.53543,3.793,-1.908,-1.53970,2
25504,370474,10,3,3,0,0,0,1,5,0,0,18.859,-141.550,-1.53746,-0.000,47.200,16.252,46.681,51.868,17.116,51.868,1484.453,3.721,-1.984,-1.53434,3.794,-1.908,-1.53855,2
25504,370484,10,3,3,0,0,0,1,5,0,0,18.859,-141.550,-1.53654,-0.000,47.200,16.252,46.681,51.868,17.116,51.868,1484.453,3.722,-1.984,-1.53342,3.798,-1.983,-1.53746,2
25520,370494,10,3,3,0,0,0,1,5,0,0,18.859,-141.550,-1.53573,-0.000,47.200,16.252,46.681,51.868,17.116,51.868,1484.453,3.723,-1.984,-1.53261,3.799,-1.982,-1.53654,2
25536,370504,10,3,3,0,0,0,1,5,0,0,18.934,-141.550,-1.53490,-0.000,47.200,16.252,46.681,51.868,17.116,51.868,1484.453,3.722,-1.908,-1.53178,3.800,-1.982,-1.53573,2
25536,370514,10,3,3,0,0,0,1,5,0,0,18.934,-141.550,-1.53391,-0.000,47.200,16.252,46.681,51.868,17.116,51.868,1484.453,3.723,-1.908,-1.53079,3.799,-1.906,-1.53490,2
25552,370524,10,3,3,0,0,0,1,5,0,0,18.934,-141.550,-1.53324,-0.000,47.200,16.252,46.681,51.868,17.116,51.868,1484.453,3.724,-1.907,-1.53012,3.800,-1.906,-1.53391,2
25568,370534,10,3,3,0,0,0,1,5,0,0,18.934,-141.550,-1.53274,-0.000,47.200,16.252,46.681,51.868,17.116,51.868,1484.453,3.725,-1.907,-1.52962,3.801,-1.906,-1.53324,2
25568,370544,10,3,3,0,0,0,1,5,0,0,18.934,-141.550,-1.53224,-0.000,47.200,16.252,46.681,51.868,17.116,51.868,1484.453,3.725,-1.907,-1.52912,3.801,-1.906,-1.53274,2
25583,370554,10,3,3,0,0,0,1,5,0,0,18.934,-141.550,-1.53218,-0.000,47.200,16.252,46.681,51.868,17.116,51.868,1484.453,3.725,-1.907,-1.52906,3.802,-1.905,-1.53224,2
25583,370564,10,3,3,0,0,0,1,5,0,0,18.934,-141.550,-1.53225,-0.000,47.200,16.252,46.681,51.868,17.116,51.868,1484.453,3.725,-1.907,-1.52913,3.802,-1.905,-1.53218,2
25598,370574,10,3,3,0,0,0,1,5,0,0,18.859,-141.550,-1.53228,-0.000,47.200,16.252,46.681,51.868,17.116,51.868,1484.453,3.727,-1.982,-1.52916,3.802,-1.905,-1.53225,2
25614,370584,10,3,3,0,0,0,1,5,0,0,18.859,-141.550,-1.53253,-0.000,47.200,16.252,46.681,51.868,17.116,51.868,1484.453,3.727,-1.983,-1.52941,3.804,-1.981,-1.53228,2
25614,370594,10,3,3,0,0,0,1,5,0,0,18.934,-141.550,-1.53297,-0.000,47.200,16.252,46.681,51.868,17.116,51.868,1484.453,3.724,-1.907,-1.52985,3.804,-1.981,-1.53253,2
25629,370604,10,3,3,0,0,0,1,5,0,0,18.934,-141.550,-1.53348,-0.000,47.200,16.252,46.681,51.868,17.116,51.868,1484.453,3.724,-1.908,-1.53036,3.801,-1.906,-1.53297,2
25644,370614,10,3,3,0,0,0,1,5,0,0,18.859,-141.550,-1.53039,0.427,47.200,16.252,46.681,51.868,17.116,51.868,1484.453,3.730,-1.982,-1.52727,3.801,-1.906,-1.53348,2
25644,370624,10,3,3,0,0,0,1,5,0,0,18.934,-141.550,-1.52801,0.275,47.200,16.252,46.681,51.868,17.116,51.868,1484.453,3.730,-1.905,-1.52489,3.806,-1.980,-1.53039,2
25660,370634,10,3,3,0,0,0,1,5,0,0,18.934,-141.550,-1.52847,-0.000,47.200,16.252,46.681,51.868,17.116,51.868,1484.453,3.730,-1.906,-1.52535,3.807,-1.904,-1.52801,2
25676,370644,10,3,3,0,0,0,1,5,0,0,18.934,-141.550,-1.52862,-0.000,47.200,16.252,46.681,51.868,17.116,51.868,1484.453,3.730,-1.906,-1.52549,3.807,-1.904,-1.52847,2
25676,370654,10,3,3,0,0,0,1,5,0,0,18.934,-141.550,-1.52811,-0.000,47.200,16.252,46.681,51.868,17.116,51.868,1484.453,3.730,-1.906,-1.52499,3.806,-1.904,-1.52861,2
25692,370664,10,3,3,0,0,0,1,5,0,0,18.934,-141.550,-1.52765,-0.000,47.200,16.252,46.681,51.868,17.116,51.868,1484.453,3.731,-1.905,-1.52453,3.807,-1.904,-1.52811,2
25707,370674,10,3,3,0,0,0,1,5,0,0,18.934,-141.550,-1.52714,-0.000,47.200,16.252,46.681,51.868,17.116,51.868,1484.453,3.731,-1.905,-1.52402,3.808,-1.904,-1.52765,2
25707,370684,10,3,3,0,0,0,1,5,0,0,18.859,-141.550,-1.52640,-0.000,47.200,16.252,46.681,51.868,17.116,51.868,1484.453,3.734,-1.980,-1.52328,3.808,-1.904,-1.52714,2
25722,370694,10,3,3,0,0,0,1,5,0,0,18.859,-141.550,-1.52584,-0.000,47.200,16.252,46.681,51.868,17.116,51.868,1484.453,3.735,-1.980,-1.52272,3.811,-1.979,-1.52640,2
25738,370704,10,3,3,0,0,0,1,5,0,0,18.859,-141.550,-1.52540,-0.000,47.200,16.252,46.681,51.868,17.116,51.868,1484.453,3.736,-1.980,-1.52228,3.812,-1.978,-1.52584,2
25738,370714,10,3,3,0,0,0,1,5,0,0,18.934,-141.550,-1.52524,-0.000,47.200,16.252,46.681,51.868,17.116,51.868,1484.453,3.734,-1.904,-1.52212,3.812,-1.978,-1.52540,2
25754,370724,10,3,3,0,0,0,1,5,0,0,18.859,-141.550,-1.52481,-0.000,47.200,16.252,46.681,51.868,17.116,51.868,1484.453,3.736,-1.980,-1.52169,3.811,-1.903,-1.52524,2
25754,370734,10,3,3,0,0,0,1,5,0,0,18.934,-141.550,-1.52439,-0.000,47.200,16.252,46.681,51.868,17.116,51.868,1484.453,3.735,-1.904,-1.52127,3.813,-1.978,-1.52481,2
25770,370744,10,3,3,0,0,0,1,5,0,0,18.859,-141.550,-1.52410,-0.000,47.200,16.252,46.681,51.868,17.116,51.868,1484.453,3.737,-1.979,-1.52098,3.812,-1.902,-1.52439,2
25785,370754,10,3,3,0,0,0,1,5,0,0,18.934,-141.550,-1.52359,-0.000,47.200,16.252,46.681,51.868,17.116,51.868,1484.453,3.736,-1.904,-1.52047,3.814,-1.978,-1.52410,2
25785,370764,10,3,3,0,0,0,1,5,0,0,18.934,-141.550,-1.52378,-0.000,47.200,16.252,46.681,51.868,17.116,51.868,1484.453,3.736,-1.904,-1.52066,3.813,-1.902,-1.52359,2
25801,370774,10,3,3,0,0,0,1,5,0,0,18.934,-141.550,-1.52431,-0.000,47.200,16.252,46.681,51.868,17.116,51.868,1484.453,3.735,-1.904,-1.52119,3.812,-1.902,-1.52378,2
25817,370784,10,3,3,0,0,0,1,5,0,0,18.859,-141.550,-1.52476,-0.000,47.200,16.252,46.681,51.868,17.116,51.868,1484.453,3.736,-1.980,-1.52164,3.812,-1.902,-1.52431,2
25817,370794,10,3,3,0,0,0,1,5,0,0,18.859,-141.550,-1.52533,-0.000,47.200,16.252,46.681,51.868,17.116,51.868,1484.453,3.736,-1.980,-1.52221,3.813,-1.978,-1.52476,2
25832,370804,10,3,3,0,0,0,1,5,0,0,18.859,-141.550,-1.52547,-0.000,47.200,16.252,46.681,51.868,17.116,51.868,1484.453,3.735,-1.980,-1.52235,3.812,-1.978,-1.52533,2
25847,370814,10,3,3,0,0,0,1,5,0,0,18.934,-141.550,-1.52542,-0.000,47.200,16.252,46.681,51.868,17.116,51.868,1484.453,3.734,-1.904,-1.52230,3.812,-1.978,-1.52547,2
25847,370824,10,3,3,0,0,0,1,5,0,0,18.934,-141.550,-1.52537,-0.000,47.200,16.252,46.681,51.868,17.116,51.868,1484.453,3.734,-1.904,-1.52225,3.810,-1.903,-1.52542,2
25862,370834,10,3,3,0,0,0,1,5,0,0,18.934,-141.550,-1.52554,-0.000,47.200,16.252,46.681,51.868,17.116,51.868,1484.453,3.733,-1.905,-1.52242,3.810,-1.903,-1.52537,2
25878,370844,10,3,3,0,0,0,1,5,0,0,18.934,-141.550,-1.52554,-0.000,47.200,16.252,46.681,51.868,17.116,51.868,1484.453,3.733,-1.905,-1.52242,3.810,-1.903,-1.52554,2
25878,370854,10,3,3,0,0,0,1,5,0,0,18.934,-141.550,-1.52539,-0.000,47.200,16.252,46.681,51.868,17.116,51.868,1484.453,3.734,-1.904,-1.52227,3.810,-1.903,-1.52554,2
25893,370864,10,3,3,0,0,0,1,5,0,0,18.934,-141.550,-1.52542,-0.000,47.200,16.252,46.681,51.868,17.116,51.868,1484.453,3.734,-1.904,-1.52230,3.810,-1.903,-1.52539,2
25893,370874,10,3,3,0,0,0,1,5,0,0,18.934,-141.550,-1.52542,-0.000,47.200,16.252,46.681,51.868,17.116,51.868,1484.453,3.734,-1.904,-1.52230,3.810,-1.903,-1.52542,2
25909,370884,10,3,3,0,0,0,1,5,0,0,18.859,-141.550,-1.52541,-0.000,47.200,16.252,46.681,51.868,17.116,51.868,1484.453,3.736,-1.980,-1.52229,3.810,-1.903,-1.52542,2
25925,370894,10,3,3,0,0,0,1,5,0,0,18.859,-141.550,-1.52558,-0.000,47.200,16.252,46.681,51.868,17.116,51.868,1484.453,3.735,-1.980,-1.52246,3.812,-1.978,-1.52541,2
25925,370904,10,3,3,0,0,0,1,5,0,0,18.859,-141.550,-1.52577,-0.000,47.200,16.252,46.681,51.868,17.116,51.868,1484.453,3.735,-1.980,-1.52265,3.812,-1.978,-1.52558,2
25940,370914,10,3,3,0,0,0,1,5,0,0,18.934,-141.550,-1.52588,-0.000,47.200,16.252,46.681,51.868,17.116,51.868,1484.453,3.733,-1.905,-1.52276,3.812,-1.978,-1.52577,2
25955,370924,10,3,3,0,0,0,1,5,0,0,18.859,-141.550,-1.52621,-0.000,47.200,16.252,46.681,51.868,17.116,51.868,1484.453,3.735,-1.980,-1.52309,3.810,-1.903,-1.52588,2
25955,370934,10,3,3,0,0,0,1,5,0,0,18.859,-141.550,-1.52643,-0.000,47.200,16.252,46.681,51.868,17.116,51.868,1484.453,3.734,-1.980,-1.52331,3.811,-1.979,-1.52621,2
25971,370944,10,3,3,0,0,0,1,5,0,0,18.859,-141.550,-1.52619,-0.000,47.200,16.252,46.681,51.868,17.116,51.868,1484.453,3.735,-1.980,-1.52307,3.811,-1.979,-1.52643,2
25986,370954,10,3,3,0,0,0,1,5,0,0,18.934,-141.550,-1.52591,-0.000,47.200,16.252,46.681,51.868,17.116,51.868,1484.453,3.733,-1.905,-1.52279,3.811,-1.979,-1.52619,2
25986,370964,10,3,3,0,0,0,1,5,0,0,18.859,-141.550,-1.52605,-0.000,47.200,16.252,46.681,51.868,17.116,51.868,1484.453,3.735,-1.980,-1.52293,3.810,-1.903,-1.52591,2
26002,370974,10,3,3,0,0,0,1,5,0,0,18.934,-141.550,-1.52551,-0.000,47.200,16.252,46.681,51.868,17.116,51.868,1484.453,3.733,-1.905,-1.52239,3.812,-1.978,-1.52605,2
26018,370984,10,3,3,0,0,0,1,5,0,0,18.934,-141.550,-1.52532,-0.000,47.200,16.252,46.681,51.868,17.116,51.868,1484.453,3.734,-1.904,-1.52220,3.810,-1.903,-1.52551,2
26018,370994,10,3,3,0,0,0,1,5,0,0,18.934,-141.550,-1.52539,-0.000,47.200,16.252,46.681,51.868,17.116,51.868,1484.453,3.734,-1.904,-1.52227,3.810,-1.903,-1.52532,2
26033,371004,10,3,3,0,0,0,1,5,0,0,18.934,-141.550,-1.52531,-0.000,47.200,16.252,46.681,51.868,17.116,51.868,1484.453,3.734,-1.904,-1.52219,3.810,-1.903,-1.52539,2
26033,371014,10,3,3,0,0,0,1,5,0,0,18.934,-141.550,-1.52557,-0.000,47.200,16.252,46.681,51.868,17.116,51.868,1484.453,3.733,-1.905,-1.52245,3.810,-1.903,-1.52531,2
26049,371024,10,3,3,0,0,0,1,5,0,0,18.934,-141.550,-1.52569,-0.000,47.200,16.252,46.681,51.868,17.116,51.868,1484.453,3.733,-1.905,-1.52257,3.810,-1.903,-1.52557,2
26063,371034,10,3,3,0,0,0,1,5,0,0,18.934,-141.550,-1.52613,-0.000,47.200,16.252,46.681,51.868,17.116,51.868,1484.453,3.733,-1.905,-1.52301,3.810,-1.903,-1.52569,2
26063,371044,10,3,3,0,0,0,1,5,0,0,18.934,-141.550,-1.52622,-0.000,47.200,16.252,46.681,51.868,17.116,51.868,1484.453,3.733,-1.905,-1.52310,3.809,-1.903,-1.52613,2
26080,371054,10,3,3,0,0,0,1,5,0,0,18.859,-141.550,-1.52639,-0.000,47.200,16.252,46.681,51.868,17.116,51.868,1484.453,3.734,-1.980,-1.52327,3.809,-1.903,-1.52622,2
26095,371064,10,3,3,0,0,0,1,5,0,0,18.934,-141.550,-1.52643,-0.000,47.200,16.252,46.681,51.868,17.116,51.868,1484.453,3.732,-1.905,-1.52330,3.811,-1.979,-1.52639,2
26095,371074,10,3,3,0,0,0,1,5,0,0,18.934,-141.550,-1.52627,-0.000,47.200,16.252,46.681,51.868,17.116,51.868,1484.453,3.733,-1.905,-1.52315,3.809,-1.903,-1.52642,2
26111,371084,10,3,3,0,0,0,1,5,0,0,18.934,-141.550,-1.52585,-0.000,47.200,16.252,46.681,51.868,17.116,51.868,1484.453,3.733,-1.905,-1.52273,3.809,-1.903,-1.52627,2
26127,371094,10,3,3,0,0,0,1,5,0,0,18.859,-141.550,-1.52586,-0.000,47.200,16.252,46.681,51.868,17.116,51.868,1484.453,3.735,-1.980,-1.52274,3.810,-1.903,-1.52585,2
26127,371104,10,3,3,0,0,0,1,5,0,0,18.934,-141.550,-1.52583,-0.000,47.200,16.252,46.681,51.868,17.116,51.868,1484.453,3.733,-1.905,-1.52271,3.812,-1.978,-1.52586,2
26143,371114,10,3,3,0,0,0,1,5,0,0,18.859,-141.550,-1.52620,-0.000,47.200,16.252,46.681,51.868,17.116,51.868,1484.453,3.735,-1.980,-1.52308,3.810,-1.903,-1.52583,2
26159,371124,10,3,3,0,0,0,1,5,0,0,18.934,-141.550,-1.52637,-0.000,47.200,16.252,46.681,51.868,17.116,51.868,1484.453,3.732,-1.905,-1.52324,3.811,-1.979,-1.52620,2
26159,371134,10,3,3,0,0,0,1,5,0,0,18.934,-141.550,-1.52660,-0.000,47.200,16.252,46.681,51.868,17.116,51.868,1484.453,3.732,-1.905,-1.52348,3.809,-1.903,-1.52637,2
26174,371144,10,3,3,0,0,0,1,5,0,0,18.859,-141.550,-1.52663,-0.000,47.200,16.252,46.681,51.868,17.116,51.868,1484.453,3.734,-1.980,-1.52351,3.809,-1.903,-1.52660,2
26174,371154,10,3,3,0,0,0,1,5,0,0,18.934,-141.550,-1.52661,-0.000,47.200,16.252,46.681,51.868,17.116,51.868,1484.453,3.732,-1.905,-1.52349,3.811,-1.979,-1.52663,2
26189,371164,10,3,3,0,0,0,1,5,0,0,18.934,-141.550,-1.52689,-0.000,47.200,16.252,46.681,51.868,17.116,51.868,1484.453,3.732,-1.905,-1.52377,3.809,-1.903,-1.52661,2
26205,371174,10,3,3,0,0,0,1,5,0,0,18.934,-141.550,-1.52680,-0.000,47.200,16.252,46.681,51.868,17.116,51.868,1484.453,3.732,-1.905,-1.52368,3.809,-1.903,-1.52689,2
26205,371184,10,3,3,0,0,0,1,5,0,0,18.934,-141.550,-1.52643,-0.000,47.200,16.252,46.681,51.868,17.116,51.868,1484.453,3.732,-1.905,-1.52331,3.809,-1.903,-1.52680,2
26220,371194,10,3,3,0,0,0,1,5,0,0,18.859,-141.550,-1.52616,-0.000,47.200,16.252,46.681,51.868,17.116,51.868,1484.453,3.735,-1.980,-1.52304,3.809,-1.903,-1.52643,2
26236,371204,10,3,3,0,0,0,1,5,0,0,18.859,-141.550,-1.52588,-0.000,47.200,16.252,46.681,51.868,17.116,51.868,1484.453,3.735,-1.980,-1.52276,3.811,-1.978,-1.52616,2
26236,371214,10,3,3,0,0,0,1,5,0,0,18.934,-141.550,-1.52556,-0.000,47.200,16.252,46.681,51.868,17.116,51.868,1484.453,3.733,-1.905,-1.52244,3.812,-1.978,-1.52588,2
26251,371224,10,3,3,0,0,0,1,5,0,0,18.934,-141.550,-1.52536,-0.000,47.200,16.252,46.681,51.868,17.116,51.868,1484.453,3.734,-1.904,-1.52224,3.810,-1.903,-1.52556,2
26267,371234,10,3,3,0,0,0,1,5,0,0,18.934,-141.550,-1.52523,-0.000,47.200,16.252,46.681,51.868,17.116,51.868,1484.453,3.734,-1.904,-1.52211,3.810,-1.903,-1.52536,2
26267,371244,10,3,3,0,0,0,1,5,0,0,18.934,-141.550,-1.52562,-0.000,47.200,16.252,46.681,51.868,17.116,51.868,1484.453,3.733,-1.905,-1.52250,3.811,-1.903,-1.52523,2
26282,371254,10,3,3,0,0,0,1,5,0,0,18.934,-141.550,-1.52634,-0.000,47.200,16.252,46.681,51.868,17.116,51.868,1484.453,3.732,-1.905,-1.52322,3.810,-1.903,-1.52562,2
26297,371264,10,3,3,0,0,0,1,5,0,0,18.934,-141.550,-1.52644,-0.000,47.200,16.252,46.681,51.868,17.116,51.868,1484.453,3.732,-1.905,-1.52332,3.809,-1.903,-1.52634,2
26297,371274,10,3,3,0,0,0,1,5,0,0,18.934,-141.550,-1.52638,-0.000,47.200,16.252,46.681,51.868,17.116,51.868,1484.453,3.732,-1.905,-1.52326,3.809,-1.903,-1.52644,2
26312,371284,10,3,3,0,0,0,1,5,0,0,18.859,-141.550,-1.52616,-0.000,47.200,16.252,46.681,51.868,17.116,51.868,1484.453,3.735,-1.980,-1.52304,3.809,-1.903,-1.52638,2
26328,371294,10,3,3,0,0,0,1,5,0,0,18.934,-141.550,-1.52583,-0.000,47.200,16.252,46.681,51.868,17.116,51.868,1484.453,3.733,-1.905,-1.52271,3.811,-1.978,-1.52616,2
26328,371304,10,3,3,0,0,0,1,5,0,0,18.934,-141.550,-1.52564,-0.000,47.200,16.252,46.681,51.868,17.116,51.868,1484.453,3.733,-1.905,-1.52252,3.810,-1.903,-1.52583,2
26343,371314,10,3,3,0,0,0,1,5,0,0,18.934,-141.550,-1.52557,-0.000,47.200,16.252,46.681,51.868,17.116,51.868,1484.453,3.733,-1.905,-1.52245,3.810,-1.903,-1.52564,2
26343,371324,10,3,3,0,0,0,1,5,0,0,18.934,-141.550,-1.52568,-0.000,47.200,16.252,46.681,51.868,17.116,51.868,1484.453,3.733,-1.905,-1.52256,3.810,-1.903,-1.52557,2
26359,371334,10,3,3,0,0,0,1,5,0,0,18.859,-141.550,-1.52587,-0.000,47.200,16.252,46.681,51.868,17.116,51.868,1484.453,3.735,-1.980,-1.52275,3.810,-1.903,-1.52568,2
26375,371344,10,3,3,0,0,0,1,5,0,0,18.934,-141.550,-1.52589,-0.000,47.200,16.252,46.681,51.868,17.116,51.868,1484.453,3.733,-1.905,-1.52277,3.812,-1.978,-1.52587,2
26375,371354,10,3,3,0,0,0,1,5,0,0,18.934,-141.550,-1.52601,-0.000,47.200,16.252,46.681,51.868,17.116,51.868,1484.453,3.733,-1.905,-1.52289,3.810,-1.903,-1.52589,2
26391,371364,10,3,3,0,0,0,1,5,0,0,18.934,-141.550,-1.52594,-0.000,47.200,16.252,46.681,51.868,17.116,51.868,1484.453,3.733,-1.905,-1.52282,3.810,-1.903,-1.52601,2
26407,371374,10,3,3,0,0,0,1,5,0,0,18.934,-141.550,-1.52567,-0.000,47.200,16.252,46.681,51.868,17.116,51.868,1484.453,3.733,-1.905,-1.52255,3.810,-1.903,-1.52594,2
26407,371384,10,3,3,0,0,0,1,5,0,0,18.934,-141.550,-1.52576,-0.000,47.200,16.252,46.681,51.868,17.116,51.868,1484.453,3.733,-1.905,-1.52264,3.810,-1.903,-1.52567,2
26423,371394,10,3,3,0,0,0,1,5,0,0,18.859,-141.550,-1.52592,-0.000,47.200,16.252,46.681,51.868,17.116,51.868,1484.453,3.735,-1.980,-1.52279,3.810,-1.903,-1.52576,2
26438,371404,10,3,3,0,0,0,1,5,0,0,18.934,-141.550,-1.52602,-0.000,47.200,16.252,46.681,51.868,17.116,51.868,1484.453,3.733,-1.905,-1.52290,3.812,-1.978,-1.52591,2
26438,371414,10,3,3,0,0,0,1,5,0,0,18.934,-141.550,-1.52627,-0.000,47.200,16.252,46.681,51.868,17.116,51.868,1484.453,3.733,-1.905,-1.52315,3.810,-1.903,-1.52602,2
26453,371424,10,3,3,0,0,0,1,5,0,0,18.934,-141.550,-1.52643,-0.000,47.200,16.252,46.681,51.868,17.116,51.868,1484.453,3.732,-1.905,-1.52331,3.809,-1.903,-1.52627,2
26453,371434,10,3,3,0,0,0,1,5,0,0,18.934,-141.550,-1.52613,-0.000,47.200,16.252,46.681,51.868,17.116,51.868,1484.453,3.733,-1.905,-1.52301,3.809,-1.903,-1.52643,2
26468,371444,10,3,3,0,0,0,1,5,0,0,18.934,-141.550,-1.52579,-0.000,47.200,16.252,46.681,51.868,17.116,51.868,1484.453,3.733,-1.905,-1.52267,3.809,-1.903,-1.52613,2
26484,371454,10,3,3,0,0,0,1,5,0,0,18.934,-141.550,-1.52608,-0.000,47.200,16.252,46.681,51.868,17.116,51.868,1484.453,3.733,-1.905,-1.52296,3.810,-1.903,-1.52579,2
26484,371464,10,3,3,0,0,0,1,5,0,0,18.934,-141.550,-1.52615,-0.000,47.200,16.252,46.681,51.868,17.116,51.868,1484.453,3.733,-1.905,-1.52303,3.810,-1.903,-1.52608,2
26500,371474,10,3,3,0,0,0,1,5,0,0,18.859,-141.550,-1.52639,-0.000,47.200,16.252,46.681,51.868,17.116,51.868,1484.453,3.734,-1.980,-1.52327,3.809,-1.903,-1.52615,2
26515,371484,10,3,3,0,0,0,1,5,0,0,18.934,-141.550,-1.52607,-0.000,47.200,16.252,46.681,51.868,17.116,51.868,1484.453,3.733,-1.905,-1.52295,3.811,-1.979,-1.52639,2
26515,371494,10,3,3,0,0,0,1,5,0,0,18.934,-141.550,-1.52613,-0.000,47.200,16.252,46.681,51.868,17.116,51.868,1484.453,3.733,-1.905,-1.52301,3.810,-1.903,-1.52607,2
26545,371504,10,3,3,0,0,0,1,5,0,0,18.934,-141.550,-1.52595,-0.000,47.200,16.252,46.681,51.868,17.116,51.868,1484.453,3.733,-1.905,-1.52283,3.809,-1.903,-1.52613,2
26545,371514,10,3,3,0,0,0,1,5,0,0,18.859,-141.550,-1.52573,-0.000,47.200,16.252,46.681,51.868,17.116,51.868,1484.453,3.735,-1.980,-1.52261,3.810,-1.903,-1.52595,2
26545,371524,10,3,3,0,0,0,1,5,0,0,18.934,-141.550,-1.52561,-0.000,47.200,16.252,46.681,51.868,17.116,51.868,1484.453,3.733,-1.905,-1.52249,3.812,-1.978,-1.52573,2
26561,371534,10,3,3,0,0,0,1,5,0,0,18.934,-141.550,-1.52563,-0.000,47.200,16.252,46.681,51.868,17.116,51.868,1484.453,3.733,-1.905,-1.52251,3.810,-1.903,-1.52561,2
26576,371544,10,3,3,0,0,0,1,5,0,0,18.934,-141.550,-1.52577,-0.000,47.200,16.252,46.681,51.868,17.116,51.868,1484.453,3.733,-1.905,-1.52265,3.810,-1.903,-1.52563,2
26576,371554,10,3,3,0,0,0,1,5,0,0,18.934,-141.550,-1.52586,-0.000,47.200,16.252,46.681,51.868,17.116,51.868,1484.453,3.733,-1.905,-1.52274,3.810,-1.903,-1.52577,2
26592,371564,10,3,3,0,0,0,1,5,0,0,18.934,-141.550,-1.52575,-0.000,47.200,16.252,46.681,51.868,17.116,51.868,1484.453,3.733,-1.905,-1.52263,3.810,-1.903,-1.52586,2
26623,371574,10,3,3,0,0,0,1,5,0,0,18.934,-141.550,-1.52566,-0.000,47.200,16.252,46.681,51.868,17.116,51.868,1484.453,3.733,-1.905,-1.52254,3.810,-1.903,-1.52575,2
26623,371584,10,3,3,0,0,0,1,5,0,0,18.934,-141.550,-1.52584,-0.000,47.200,16.252,46.681,51.868,17.116,51.868,1484.453,3.733,-1.905,-1.52272,3.810,-1.903,-1.52566,2
26623,371594,10,3,3,0,0,0,1,5,0,0,18.934,-141.550,-1.52612,-0.000,47.200,16.252,46.681,51.868,17.116,51.868,1484.453,3.733,-1.905,-1.52300,3.810,-1.903,-1.52584,2
26638,371604,10,3,3,0,0,0,1,5,0,0,18.934,-141.550,-1.52648,-0.000,47.200,16.252,46.681,51.868,17.116,51.868,1484.453,3.732,-1.905,-1.52336,3.809,-1.903,-1.52612,2
26638,371614,10,3,3,0,0,0,1,5,0,0,18.934,-141.550,-1.52643,-0.000,47.200,16.252,46.681,51.868,17.116,51.868,1484.453,3.732,-1.905,-1.52331,3.809,-1.903,-1.52648,2
26654,371624,10,3,3,0,0,0,1,5,0,0,18.934,-141.550,-1.52616,-0.000,47.200,16.252,46.681,51.868,17.116,51.868,1484.453,3.733,-1.905,-1.52304,3.809,-1.903,-1.52643,2
26654,371634,10,3,3,0,0,0,1,5,0,0,18.934,-141.550,-1.52588,-0.000,47.200,16.252,46.681,51.868,17.116,51.868,1484.453,3.733,-1.905,-1.52276,3.809,-1.903,-1.52616,2
26670,371644,10,3,3,0,0,0,1,5,0,0,18.859,-141.550,-1.52585,-0.000,47.200,16.252,46.681,51.868,17.116,51.868,1484.453,3.735,-1.980,-1.52273,3.810,-1.903,-1.52588,2
26685,371654,10,3,3,0,0,0,1,5,0,0,18.859,-141.550,-1.52584,-0.000,47.200,16.252,46.681,51.868,17.116,51.868,1484.453,3.735,-1.980,-1.52272,3.812,-1.978,-1.52585,2
26685,371664,10,3,3,0,0,0,1,5,0,0,18.934,-141.550,-1.52578,-0.000,47.200,16.252,46.681,51.868,17.116,51.868,1484.453,3.733,-1.905,-1.52266,3.812,-1.978,-1.52584,2
26701,371674,10,3,3,0,0,0,1,5,0,0,18.934,-141.550,-1.52579,-0.000,47.200,16.252,46.681,51.868,17.116,51.868,1484.453,3.733,-1.905,-1.52267,3.810,-1.903,-1.52578,2
26717,371684,10,3,3,0,0,0,1,5,0,0,18.859,-141.550,-1.52573,-0.000,47.200,16.252,46.681,51.868,17.116,51.868,1484.453,3.735,-1.980,-1.52261,3.810,-1.903,-1.52579,2
26717,371694,10,3,3,0,0,0,1,5,0,0,18.859,-141.550,-1.52594,-0.000,47.200,16.252,46.681,51.868,17.116,51.868,1484.453,3.735,-1.980,-1.52282,3.812,-1.978,-1.52573,2
26733,371704,10,3,3,0,0,0,1,5,0,0,18.934,-141.550,-1.52626,-0.000,47.200,16.252,46.681,51.868,17.116,51.868,1484.453,3.733,-1.905,-1.52314,3.812,-1.978,-1.52594,2
26733,371714,10,3,3,0,0,0,1,5,0,0,18.859,-141.550,-1.52638,-0.000,47.200,16.252,46.681,51.868,17.116,51.868,1484.453,3.734,-1.980,-1.52326,3.809,-1.903,-1.52626,2
26748,371724,10,3,3,0,0,0,1,5,0,0,18.934,-141.550,-1.52646,-0.000,47.200,16.252,46.681,51.868,17.116,51.868,1484.453,3.732,-1.905,-1.52334,3.811,-1.979,-1.52638,2
26763,371734,10,3,3,0,0,0,1,5,0,0,18.934,-141.550,-1.52627,-0.000,47.200,16.252,46.681,51.868,17.116,51.868,1484.453,3.733,-1.905,-1.52315,3.809,-1.903,-1.52646,2
26763,371744,10,3,3,0,0,0,1,5,0,0,18.934,-141.550,-1.52610,-0.000,47.200,16.252,46.681,51.868,17.116,51.868,1484.453,3.733,-1.905,-1.52298,3.809,-1.903,-1.52627,2
26779,371754,10,3,3,0,0,0,1,5,0,0,18.934,-141.550,-1.52596,-0.000,47.200,16.252,46.681,51.868,17.116,51.868,1484.453,3.733,-1.905,-1.52284,3.810,-1.903,-1.52610,2
26795,371764,10,3,3,0,0,0,1,5,0,0,18.934,-141.550,-1.52591,-0.000,47.200,16.252,46.681,51.868,17.116,51.868,1484.453,3.733,-1.905,-1.52279,3.810,-1.903,-1.52596,2
26795,371774,10,3,3,0,0,0,1,5,0,0,18.934,-141.550,-1.52585,-0.000,47.200,16.252,46.681,51.868,17.116,51.868,1484.453,3.733,-1.905,-1.52273,3.810,-1.903,-1.52591,2
26810,371784,10,3,3,0,0,0,1,5,0,0,18.934,-141.550,-1.52600,-0.000,47.200,16.252,46.681,51.868,17.116,51.868,1484.453,3.733,-1.905,-1.52288,3.810,-1.903,-1.52585,2
26825,371794,10,3,3,0,0,0,1,5,0,0,18.934,-141.550,-1.52624,-0.000,47.200,16.252,46.681,51.868,17.116,51.868,1484.453,3.733,-1.905,-1.52312,3.810,-1.903,-1.52600,2
26825,371804,10,3,3,0,0,0,1,5,0,0,18.934,-141.550,-1.52617,-0.000,47.200,16.252,46.681,51.868,17.116,51.868,1484.453,3.733,-1.905,-1.52305,3.809,-1.903,-1.52624,2
26841,371814,10,3,3,0,0,0,1,5,0,0,18.934,-141.550,-1.52581,-0.000,47.200,16.252,46.681,51.868,17.116,51.868,1484.453,3.733,-1.905,-1.52269,3.809,-1.903,-1.52617,2
26857,371824,10,3,3,0,0,0,1,5,0,0,18.934,-141.550,-1.52539,-0.000,47.200,16.252,46.681,51.868,17.116,51.868,1484.453,3.734,-1.904,-1.52227,3.810,-1.903,-1.52581,2
26857,371834,10,3,3,0,0,0,1,5,0,0,18.934,-141.550,-1.52548,-0.000,47.200,16.252,46.681,51.868,17.116,51.868,1484.453,3.733,-1.905,-1.52236,3.810,-1.903,-1.52539,2
26873,371844,10,3,3,0,0,0,1,5,0,0,18.934,-141.550,-1.52578,-0.000,47.200,16.252,46.681,51.868,17.116,51.868,1484.453,3.733,-1.905,-1.52266,3.810,-1.903,-1.52548,2
26888,371854,10,3,3,0,0,0,1,5,0,0,18.934,-141.550,-1.52607,-0.000,47.200,16.252,46.681,51.868,17.116,51.868,1484.453,3.733,-1.905,-1.52295,3.810,-1.903,-1.52578,2
26888,371864,10,3,3,0,0,0,1,5,0,0,18.934,-141.550,-1.52631,-0.000,47.200,16.252,46.681,51.868,17.116,51.868,1484.453,3.732,-1.905,-1.52319,3.810,-1.903,-1.52607,2
26903,371874,10,3,3,0,0,0,1,5,0,0,18.934,-141.550,-1.52632,-0.000,47.200,16.252,46.681,51.868,17.116,51.868,1484.453,3.732,-1.905,-1.52320,3.809,-1.903,-1.52631,2
26903,371884,10,3,3,0,0,0,1,5,0,0,18.934,-141.550,-1.52641,-0.000,47.200,16.252,46.681,51.868,17.116,51.868,1484.453,3.732,-1.905,-1.52329,3.809,-1.903,-1.52632,2
26919,371894,10,3,3,0,0,0,1,5,0,0,18.934,-141.550,-1.52615,-0.000,47.200,16.252,46.681,51.868,17.116,51.868,1484.453,3.733,-1.905,-1.52303,3.809,-1.903,-1.52641,2
26935,371904,10,3,3,0,0,0,1,5,0,0,18.934,-141.550,-1.52616,-0.000,47.200,16.252,46.681,51.868,17.116,51.868,1484.453,3.733,-1.905,-1.52304,3.809,-1.903,-1.52615,2
26935,371914,10,3,3,0,0,0,1,5,0,0,18.934,-141.550,-1.52603,-0.000,47.200,16.252,46.681,51.868,17.116,51.868,1484.453,3.733,-1.905,-1.52291,3.809,-1.903,-1.52616,2
26950,371924,10,3,3,0,0,0,1,5,0,0,18.934,-141.550,-1.52594,-0.000,47.200,16.252,46.681,51.868,17.116,51.868,1484.453,3.733,-1.905,-1.52282,3.810,-1.903,-1.52603,2
26967,371934,10,3,3,0,0,0,1,5,0,0,18.934,-141.550,-1.52617,-0.000,47.200,16.252,46.681,51.868,17.116,51.868,1484.453,3.733,-1.905,-1.52304,3.810,-1.903,-1.52594,2
26967,371944,10,3,3,0,0,0,1,5,0,0,18.934,-141.550,-1.52586,-0.000,47.200,16.252,46.681,51.868,17.116,51.868,1484.453,3.733,-1.905,-1.52274,3.809,-1.903,-1.52616,2
26997,371954,10,3,3,0,0,0,1,5,0,0,18.934,-141.550,-1.52563,-0.000,47.200,16.252,46.681,51.868,17.116,51.868,1484.453,3.733,-1.905,-1.52251,3.810,-1.903,-1.52586,2
26997,371964,10,3,3,0,0,0,1,5,0,0,18.934,-141.550,-1.52560,-0.000,47.200,16.252,46.681,51.868,17.116,51.868,1484.453,3.733,-1.905,-1.52247,3.810,-1.903,-1.52563,2
26997,371974,10,3,3,0,0,0,1,5,0,0,18.934,-141.550,-1.52576,-0.000,47.200,16.252,46.681,51.868,17.116,51.868,1484.453,3.733,-1.905,-1.52264,3.810,-1.903,-1.52560,2
27013,371984,10,3,3,0,0,0,1,5,0,0,18.859,-141.550,-1.52568,-0.000,47.200,16.252,46.681,51.868,17.116,51.868,1484.453,3.735,-1.980,-1.52256,3.810,-1.903,-1.52576,2
27029,371994,10,3,3,0,0,0,1,5,0,0,18.934,-141.550,-1.52550,-0.000,47.200,16.252,46.681,51.868,17.116,51.868,1484.453,3.733,-1.905,-1.52238,3.812,-1.978,-1.52568,2
27029,372004,10,3,3,0,0,0,1,5,0,0,18.934,-141.550,-1.52566,-0.000,47.200,16.252,46.681,51.868,17.116,51.868,1484.453,3.733,-1.905,-1.52254,3.810,-1.903,-1.52550,2
27044,372014,10,3,3,0,0,0,1,5,0,0,18.934,-141.550,-1.52575,-0.000,47.200,16.252,46.681,51.868,17.116,51.868,1484.453,3.733,-1.905,-1.52263,3.810,-1.903,-1.52566,2
27044,372024,10,3,3,0,0,0,1,5,0,0,18.934,-141.550,-1.52589,-0.000,47.200,16.252,46.681,51.868,17.116,51.868,1484.453,3.733,-1.905,-1.52277,3.810,-1.903,-1.52575,2
27059,372034,10,3,3,0,0,0,1,5,0,0,18.934,-141.550,-1.52591,-0.000,47.200,16.252,46.681,51.868,17.116,51.868,1484.453,3.733,-1.905,-1.52279,3.810,-1.903,-1.52589,2
27075,372044,10,3,3,0,0,0,1,5,0,0,18.859,-141.550,-1.52585,-0.000,47.200,16.252,46.681,51.868,17.116,51.868,1484.453,3.735,-1.980,-1.52273,3.810,-1.903,-1.52591,2
27075,372054,10,3,3,0,0,0,1,5,0,0,18.859,-141.550,-1.52605,-0.000,47.200,16.252,46.681,51.868,17.116,51.868,1484.453,3.735,-1.980,-1.52293,3.812,-1.978,-1.52585,2
27091,372064,10,3,3,0,0,0,1,5,0,0,18.934,-141.550,-1.52604,-0.000,47.200,16.252,46.681,51.868,17.116,51.868,1484.453,3.733,-1.905,-1.52292,3.812,-1.978,-1.52605,2
27113,372074,10,3,3,0,0,0,1,5,0,0,18.934,-141.550,-1.52592,-0.000,47.200,16.252,46.681,51.868,17.116,51.868,1484.453,3.733,-1.905,-1.52280,3.810,-1.903,-1.52604,2
27113,372084,10,3,3,0,0,0,1,5,0,0,18.934,-141.550,-1.52564,-0.000,47.200,16.252,46.681,51.868,17.116,51.868,1484.453,3.733,-1.905,-1.52252,3.810,-1.903,-1.52592,2
27154,372094,10,3,3,0,0,0,1,5,0,0,18.934,-141.550,-1.52560,-0.000,47.200,16.252,46.681,51.868,17.116,51.868,1484.453,3.733,-1.905,-1.52248,3.810,-1.903,-1.52564,2
27154,372104,10,3,3,0,0,0,1,5,0,0,18.934,-141.550,-1.52566,-0.000,47.200,16.252,46.681,51.868,17.116,51.868,1484.453,3.733,-1.905,-1.52254,3.810,-1.903,-1.52560,2
27154,372114,10,3,3,0,0,0,1,5,0,0,18.934,-141.550,-1.52586,-0.000,47.200,16.252,46.681,51.868,17.116,51.868,1484.453,3.733,-1.905,-1.52274,3.810,-1.903,-1.52566,2
27154,372124,10,3,3,0,0,0,1,5,0,0,18.934,-141.550,-1.52579,-0.000,47.200,16.252,46.681,51.868,17.116,51.868,1484.453,3.733,-1.905,-1.52267,3.810,-1.903,-1.52586,2
27154,372134,10,3,3,0,0,0,1,5,0,0,18.934,-141.550,-1.52570,-0.000,47.200,16.252,46.681,51.868,17.116,51.868,1484.453,3.733,-1.905,-1.52258,3.810,-1.903,-1.52579,2
27186,372144,10,3,3,0,0,0,1,5,0,0,18.934,-141.550,-1.52582,-0.000,47.200,16.252,46.681,51.868,17.116,51.868,1484.453,3.733,-1.905,-1.52270,3.810,-1.903,-1.52570,2
27186,372154,10,3,3,0,0,0,1,5,0,0,18.934,-141.550,-1.52604,-0.000,47.200,16.252,46.681,51.868,17.116,51.868,1484.453,3.733,-1.905,-1.52292,3.810,-1.903,-1.52582,2
27186,372164,10,3,3,0,0,0,1,5,0,0,18.934,-141.550,-1.52610,-0.000,47.200,16.252,46.681,51.868,17.116,51.868,1484.453,3.733,-1.905,-1.52298,3.810,-1.903,-1.52604,2
27201,372174,10,3,3,0,0,0,1,5,0,0,18.859,-141.550,-1.52633,-0.000,47.200,16.252,46.681,51.868,17.116,51.868,1484.453,3.734,-1.980,-1.52321,3.810,-1.903,-1.52610,2
27217,372184,10,3,3,0,0,0,1,5,0,0,18.934,-141.550,-1.52648,-0.000,47.200,16.252,46.681,51.868,17.116,51.868,1484.453,3.732,-1.905,-1.52336,3.811,-1.979,-1.52633,2
27217,372194,10,3,3,0,0,0,1,5,0,0,18.859,-141.550,-1.52642,-0.000,47.200,16.252,46.681,51.868,17.116,51.868,1484.453,3.734,-1.980,-1.52330,3.809,-1.903,-1.52648,2
27233,372204,10,3,3,0,0,0,1,5,0,0,18.934,-141.550,-1.52633,-0.000,47.200,16.252,46.681,51.868,17.116,51.868,1484.453,3.732,-1.905,-1.52321,3.811,-1.979,-1.52642,2
27247,372214,10,3,3,0,0,0,1,5,0,0,18.859,-141.550,-1.52617,-0.000,47.200,16.252,46.681,51.868,17.116,51.868,1484.453,3.735,-1.980,-1.52305,3.809,-1.903,-1.52633,2
27247,372224,10,3,3,0,0,0,1,5,0,0,18.934,-141.550,-1.52600,-0.000,47.200,16.252,46.681,51.868,17.116,51.868,1484.453,3.733,-1.905,-1.52288,3.811,-1.978,-1.52617,2
27263,372234,10,3,3,0,0,0,1,5,0,0,18.934,-141.550,-1.52578,-0.000,47.200,16.252,46.681,51.868,17.116,51.868,1484.453,3.733,-1.905,-1.52266,3.810,-1.903,-1.52600,2
27263,372244,10,3,3,0,0,0,1,5,0,0,18.934,-141.550,-1.52569,-0.000,47.200,16.252,46.681,51.868,17.116,51.868,1484.453,3.733,-1.905,-1.52257,3.810,-1.903,-1.52578,2
27279,372254,10,3,3,0,0,0,1,5,0,0,18.934,-141.550,-1.52601,-0.000,47.200,16.252,46.681,51.868,17.116,51.868,1484.453,3.733,-1.905,-1.52289,3.810,-1.903,-1.52569,2
27294,372264,10,3,3,0,0,0,1,5,0,0,18.859,-141.550,-1.52613,-0.000,47.200,16.252,46.681,51.868,17.116,51.868,1484.453,3.735,-1.980,-1.52301,3.810,-1.903,-1.52601,2
27294,372274,10,3,3,0,0,0,1,5,0,0,18.859,-141.550,-1.52626,-0.000,47.200,16.252,46.681,51.868,17.116,51.868,1484.453,3.735,-1.980,-1.52314,3.811,-1.978,-1.52613,2
27310,372284,10,3,3,0,0,0,1,5,0,0,18.934,-141.550,-1.52637,-0.000,47.200,16.252,46.681,51.868,17.116,51.868,1484.453,3.732,-1.905,-1.52325,3.811,-1.979,-1.52626,2
27325,372294,10,3,3,0,0,0,1,5,0,0,18.859,-141.550,-1.52648,-0.000,47.200,16.252,46.681,51.868,17.116,51.868,1484.453,3.734,-1.980,-1.52336,3.809,-1.903,-1.52637,2
27325,372304,10,3,3,0,0,0,1,5,0,0,18.934,-141.550,-1.52649,-0.000,47.200,16.252,46.681,51.868,17.116,51.868,1484.453,3.732,-1.905,-1.52337,3.811,-1.979,-1.52648,2
27341,372314,10,3,3,0,0,0,1,5,0,0,18.934,-141.550,-1.52635,-0.000,47.200,16.252,46.681,51.868,17.116,51.868,1484.453,3.732,-1.905,-1.52323,3.809,-1.903,-1.52649,2
27356,372324,10,3,3,0,0,0,1,5,0,0,18.859,-141.550,-1.52613,-0.000,47.200,16.252,46.681,51.868,17.116,51.868,1484.453,3.735,-1.980,-1.52301,3.809,-1.903,-1.52635,2
27356,372334,10,3,3,0,0,0,1,5,0,0,18.934,-141.550,-1.52586,-0.000,47.200,16.252,46.681,51.868,17.116,51.868,1484.453,3.733,-1.905,-1.52274,3.811,-1.978,-1.52613,2
27372,372344,10,3,3,0,0,0,1,5,0,0,18.934,-141.550,-1.52569,-0.000,47.200,16.252,46.681,51.868,17.116,51.868,1484.453,3.733,-1.905,-1.52256,3.810,-1.903,-1.52586,2
27388,372354,10,3,3,0,0,0,1,5,0,0,18.934,-141.550,-1.52546,-0.000,47.200,16.252,46.681,51.868,17.116,51.868,1484.453,3.733,-1.905,-1.52234,3.810,-1.903,-1.52568,2
27388,372364,10,3,3,0,0,0,1,5,0,0,18.934,-141.550,-1.52535,-0.000,47.200,16.252,46.681,51.868,17.116,51.868,1484.453,3.734,-1.904,-1.52223,3.810,-1.903,-1.52546,2
27403,372374,10,3,3,0,0,0,1,5,0,0,18.934,-141.550,-1.52540,-0.000,47.200,16.252,46.681,51.868,17.116,51.868,1484.453,3.734,-1.904,-1.52228,3.810,-1.903,-1.52535,2
27418,372384,10,3,3,0,0,0,1,5,0,0,18.934,-141.550,-1.52563,-0.000,47.200,16.252,46.681,51.868,17.116,51.868,1484.453,3.733,-1.905,-1.52251,3.810,-1.903,-1.52540,2
27418,372394,10,3,3,0,0,0,1,5,0,0,18.934,-141.550,-1.52589,-0.000,47.200,16.252,46.681,51.868,17.116,51.868,1484.453,3.733,-1.905,-1.52277,3.810,-1.903,-1.52563,2
27434,372404,10,3,3,0,0,0,1,5,0,0,18.934,-141.550,-1.52627,-0.000,47.200,16.252,46.681,51.868,17.116,51.868,1484.453,3.733,-1.905,-1.52315,3.810,-1.903,-1.52589,2
27434,372414,10,3,3,0,0,0,1,5,0,0,18.934,-141.550,-1.52642,-0.000,47.200,16.252,46.681,51.868,17.116,51.868,1484.453,3.732,-1.905,-1.52330,3.809,-1.903,-1.52627,2
27450,372424,10,3,3,0,0,0,1,5,0,0,18.934,-141.550,-1.52639,-0.000,47.200,16.252,46.681,51.868,17.116,51.868,1484.453,3.732,-1.905,-1.52327,3.809,-1.903,-1.52642,2
27465,372434,10,3,3,0,0,0,1,5,0,0,18.934,-141.550,-1.52641,-0.000,47.200,16.252,46.681,51.868,17.116,51.868,1484.453,3.732,-1.905,-1.52329,3.809,-1.903,-1.52639,2
27465,372444,10,3,3,0,0,0,1,5,0,0,18.859,-141.550,-1.52634,-0.000,47.200,16.252,46.681,51.868,17.116,51.868,1484.453,3.734,-1.980,-1.52322,3.809,-1.903,-1.52641,2
27481,372454,10,3,3,0,0,0,1,5,0,0,18.934,-141.550,-1.52609,-0.000,47.200,16.252,46.681,51.868,17.116,51.868,1484.453,3.733,-1.905,-1.52297,3.811,-1.979,-1.52634,2
27496,372464,10,3,3,0,0,0,1,5,0,0,18.859,-141.550,-1.52605,-0.000,47.200,16.252,46.681,51.868,17.116,51.868,1484.453,3.735,-1.980,-1.52293,3.810,-1.903,-1.52609,2
27496,372474,10,3,3,0,0,0,1,5,0,0,18.934,-141.550,-1.52569,-0.000,47.200,16.252,46.681,51.868,17.116,51.868,1484.453,3.733,-1.905,-1.52257,3.812,-1.978,-1.52605,2
27512,372484,10,3,3,0,0,0,1,5,0,0,18.859,-141.550,-1.52524,-0.000,47.200,16.252,46.681,51.868,17.116,51.868,1484.453,3.736,-1.980,-1.52212,3.810,-1.903,-1.52569,2
27527,372494,10,3,3,0,0,0,1,5,0,0,18.934,-141.550,-1.52503,-0.000,47.200,16.252,46.681,51.868,17.116,51.868,1484.453,3.734,-1.904,-1.52191,3.813,-1.978,-1.52524,2
27527,372504,10,3,3,0,0,0,1,5,0,0,18.934,-141.550,-1.52505,-0.000,47.200,16.252,46.681,51.868,17.116,51.868,1484.453,3.734,-1.904,-1.52193,3.811,-1.903,-1.52503,2
27543,372514,10,3,3,0,0,0,1,5,0,0,18.934,-141.550,-1.52515,-0.000,47.200,16.252,46.681,51.868,17.116,51.868,1484.453,3.734,-1.904,-1.52203,3.811,-1.903,-1.52505,2
27559,372524,10,3,3,0,0,0,1,5,0,0,18.859,-141.550,-1.52567,-0.000,47.200,16.252,46.681,51.868,17.116,51.868,1484.453,3.735,-1.980,-1.52255,3.811,-1.903,-1.52515,2
27559,372534,10,3,3,0,0,0,1,5,0,0,18.859,-141.550,-1.52621,-0.000,47.200,16.252,46.681,51.868,17.116,51.868,1484.453,3.735,-1.980,-1.52309,3.812,-1.978,-1.52567,2
27575,372544,10,3,3,0,0,0,1,5,0,0,18.934,-141.550,-1.52625,-0.000,47.200,16.252,46.681,51.868,17.116,51.868,1484.453,3.733,-1.905,-1.52313,3.811,-1.979,-1.52621,2
27575,372554,10,3,3,0,0,0,1,5,0,0,18.934,-141.550,-1.52622,-0.000,47.200,16.252,46.681,51.868,17.116,51.868,1484.453,3.733,-1.905,-1.52310,3.809,-1.903,-1.52625,2
27590,372564,10,3,3,0,0,0,1,5,0,0,18.934,-141.550,-1.52636,-0.000,47.200,16.252,46.681,51.868,17.116,51.868,1484.453,3.732,-1.905,-1.52324,3.809,-1.903,-1.52622,2
27606,372574,10,3,3,0,0,0,1,5,0,0,18.934,-141.550,-1.52640,-0.000,47.200,16.252,46.681,51.868,17.116,51.868,1484.453,3.732,-1.905,-1.52328,3.809,-1.903,-1.52636,2
27606,372584,10,3,3,0,0,0,1,5,0,0,18.934,-141.550,-1.52623,-0.000,47.200,16.252,46.681,51.868,17.116,51.868,1484.453,3.733,-1.905,-1.52311,3.809,-1.903,-1.52640,2
27621,372594,10,3,3,0,0,0,1,5,0,0,18.934,-141.550,-1.52607,-0.000,47.200,16.252,46.681,51.868,17.116,51.868,1484.453,3.733,-1.905,-1.52295,3.809,-1.903,-1.52623,2
27637,372604,10,3,3,0,0,0,1,5,0,0,18.859,-141.550,-1.52577,-0.000,47.200,16.252,46.681,51.868,17.116,51.868,1484.453,3.735,-1.980,-1.52265,3.810,-1.903,-1.52607,2
27637,372614,10,3,3,0,0,0,1,5,0,0,18.859,-141.550,-1.52960,-0.458,47.200,16.252,46.681,51.868,17.116,51.868,1484.453,3.730,-1.981,-1.52648,3.812,-1.978,-1.52577,2
27652,372624,10,3,3,0,0,0,1,5,0,0,18.934,-141.550,-1.53625,-0.732,47.200,16.252,46.681,51.868,17.116,51.868,1484.453,3.720,-1.909,-1.53313,3.807,-1.980,-1.52960,2
27668,372634,10,3,3,0,0,0,1,5,0,0,18.934,-141.550,-1.54496,-0.916,47.200,16.252,46.681,51.868,17.116,51.868,1484.453,3.710,-1.912,-1.54184,3.797,-1.907,-1.53625,2
27668,372644,10,3,3,0,0,0,1,5,0,0,18.859,-141.550,-1.55485,-0.977,47.200,16.252,46.681,51.868,17.116,51.868,1484.453,3.700,-1.991,-1.55173,3.787,-1.910,-1.54496,2
27684,372654,10,3,3,0,0,0,1,5,0,0,18.934,-141.550,-1.56437,-0.946,47.200,16.252,46.681,51.868,17.116,51.868,1484.453,3.686,-1.919,-1.56125,3.777,-1.989,-1.55485,2
27684,372664,10,3,3,0,0,0,1,5,0,0,18.934,-141.550,-1.57291,-0.824,47.200,16.252,46.681,51.868,17.116,51.868,1484.453,3.676,-1.923,-1.56979,3.763,-1.918,-1.56437,2
27700,372674,10,3,3,0,0,0,1,5,0,0,18.934,-141.550,-1.58065,-0.702,47.200,16.252,46.681,51.868,17.116,51.868,1484.453,3.667,-1.926,-1.57753,3.753,-1.921,-1.57291,2
27731,372684,10,3,3,0,0,0,1,5,0,0,18.859,-141.550,-1.58619,-0.488,47.200,16.252,46.681,51.868,17.116,51.868,1484.453,3.662,-2.003,-1.58307,3.743,-1.924,-1.58065,2
27731,372694,10,3,3,0,0,0,1,5,0,0,18.859,-141.550,-1.58909,-0.275,47.200,16.252,46.681,51.868,17.116,51.868,1484.453,3.658,-2.004,-1.58596,3.739,-2.001,-1.58619,2
27731,372704,10,3,3,0,0,0,1,5,0,0,18.859,-141.550,-1.58832,-0.000,47.200,16.252,46.681,51.868,17.116,51.868,1484.453,3.659,-2.004,-1.58520,3.735,-2.003,-1.58909,2
27761,372714,10,3,3,0,0,0,1,5,0,0,18.859,-141.550,-1.58782,-0.000,47.200,16.252,46.681,51.868,17.116,51.868,1484.453,3.660,-2.004,-1.58470,3.736,-2.002,-1.58832,2
27761,372724,10,3,3,0,0,0,1,5,0,0,18.859,-141.550,-1.58746,-0.000,47.200,16.252,46.681,51.868,17.116,51.868,1484.453,3.660,-2.004,-1.58433,3.737,-2.002,-1.58782,2
27761,372734,10,3,3,0,0,0,1,5,0,0,18.859,-141.550,-1.58727,-0.000,47.200,16.252,46.681,51.868,17.116,51.868,1484.453,3.661,-2.003,-1.58415,3.737,-2.002,-1.58745,2
27778,372744,10,3,3,0,0,0,1,5,0,0,18.859,-141.550,-1.58715,-0.000,47.200,16.252,46.681,51.868,17.116,51.868,1484.453,3.661,-2.003,-1.58403,3.737,-2.002,-1.58727,2
27778,372754,10,3,3,0,0,0,1,5,0,0,18.859,-141.550,-1.58710,-0.000,47.200,16.252,46.681,51.868,17.116,51.868,1484.453,3.661,-2.003,-1.58398,3.738,-2.002,-1.58715,2
27793,372764,10,3,3,0,0,0,1,5,0,0,18.859,-141.550,-1.58693,-0.000,47.200,16.252,46.681,51.868,17.116,51.868,1484.453,3.661,-2.003,-1.58381,3.738,-2.002,-1.58710,2
27808,372774,10,3,3,0,0,0,1,5,0,0,18.859,-141.550,-1.58599,-0.000,47.200,16.252,46.681,51.868,17.116,51.868,1484.453,3.662,-2.003,-1.58287,3.738,-2.002,-1.58693,2
27808,372784,10,3,3,0,0,0,1,5,0,0,18.859,-141.550,-1.58533,-0.000,47.200,16.252,46.681,51.868,17.116,51.868,1484.453,3.663,-2.003,-1.58221,3.739,-2.001,-1.58599,2
27824,372794,10,3,3,0,0,0,1,5,0,0,18.859,-141.550,-1.58267,0.244,47.200,16.252,46.681,51.868,17.116,51.868,1484.453,3.666,-2.002,-1.57955,3.740,-2.001,-1.58533,2
27824,372804,10,3,3,0,0,0,1,5,0,0,18.859,-141.550,-1.58275,-0.000,47.200,16.252,46.681,51.868,17.116,51.868,1484.453,3.666,-2.002,-1.57963,3.743,-2.000,-1.58267,2
27840,372814,10,3,3,0,0,0,1,5,0,0,18.859,-141.550,-1.57979,0.305,47.200,16.252,46.681,51.868,17.116,51.868,1484.453,3.670,-2.001,-1.57667,3.743,-2.000,-1.58275,2
27855,372824,10,3,3,0,0,0,1,5,0,0,18.859,-141.550,-1.57666,0.275,47.200,16.252,46.681,51.868,17.116,51.868,1484.453,3.674,-1.999,-1.57354,3.746,-1.999,-1.57979,2
27855,372834,10,3,3,0,0,0,1,5,0,0,18.859,-141.550,-1.57353,0.366,47.200,16.252,46.681,51.868,17.116,51.868,1484.453,3.677,-1.998,-1.57041,3.750,-1.998,-1.57666,2
27871,372844,10,3,3,0,0,0,1,5,0,0,18.859,-141.550,-1.57020,0.427,47.200,16.252,46.681,51.868,17.116,51.868,1484.453,3.681,-1.997,-1.56708,3.754,-1.997,-1.57353,2
27886,372854,10,3,3,0,0,0,1,5,0,0,18.859,-141.550,-1.56643,0.519,47.200,16.252,46.681,51.868,17.116,51.868,1484.453,3.686,-1.995,-1.56331,3.758,-1.995,-1.57020,2
27886,372864,10,3,3,0,0,0,1,5,0,0,18.859,-141.550,-1.56053,0.702,47.200,16.252,46.681,51.868,17.116,51.868,1484.453,3.693,-1.993,-1.55741,3.763,-1.994,-1.56643,2
27901,372874,10,3,3,0,0,0,1,5,0,0,18.859,-141.550,-1.55106,0.763,47.200,16.252,46.681,51.868,17.116,51.868,1484.453,3.705,-1.990,-1.54794,3.770,-1.992,-1.56053,2
27917,372884,10,3,3,0,0,0,1,5,0,0,18.859,-141.550,-1.54533,0.671,47.200,16.252,46.681,51.868,17.116,51.868,1484.453,3.711,-1.987,-1.54221,3.781,-1.988,-1.55106,2
27917,372894,10,3,3,0,0,0,1,5,0,0,18.859,-141.550,-1.54159,0.427,47.200,16.252,46.681,51.868,17.116,51.868,1484.453,3.716,-1.986,-1.53847,3.788,-1.986,-1.54533,2
27931,372904,10,3,3,0,0,0,1,5,0,0,18.859,-141.550,-1.54083,-0.000,47.200,16.252,46.681,51.868,17.116,51.868,1484.453,3.717,-1.986,-1.53771,3.793,-1.984,-1.54159,2
27948,372914,10,3,3,0,0,0,1,5,0,0,18.859,-141.550,-1.54152,-0.000,47.200,16.252,46.681,51.868,17.116,51.868,1484.453,3.716,-1.986,-1.53840,3.794,-1.984,-1.54083,2
27948,372924,10,3,3,0,0,0,1,5,0,0,18.859,-141.550,-1.54135,-0.000,47.200,16.252,46.681,51.868,17.116,51.868,1484.453,3.716,-1.986,-1.53823,3.793,-1.984,-1.54152,2
27963,372934,10,3,3,0,0,0,1,5,0,0,18.859,-141.550,-1.53862,0.305,47.200,16.252,46.681,51.868,17.116,51.868,1484.453,3.720,-1.985,-1.53550,3.793,-1.984,-1.54135,2
27978,372944,10,3,3,0,0,0,1,5,0,0,18.859,-141.550,-1.53205,0.610,47.200,16.252,46.681,51.868,17.116,51.868,1484.453,3.728,-1.982,-1.52893,3.796,-1.983,-1.53862,2
27978,372954,10,3,3,0,0,0,1,5,0,0,18.859,-141.550,-1.52435,0.671,47.200,16.252,46.681,51.868,17.116,51.868,1484.453,3.737,-1.979,-1.52123,3.804,-1.981,-1.53205,2
27994,372964,10,3,3,0,0,0,1,5,0,0,18.859,-141.550,-1.51863,0.458,47.200,16.252,46.681,51.868,17.116,51.868,1484.453,3.744,-1.977,-1.51551,3.814,-1.978,-1.52435,2
27994,372974,10,3,3,0,0,0,1,5,0,0,18.859,-141.550,-1.51537,0.244,47.200,16.252,46.681,51.868,17.116,51.868,1484.453,3.748,-1.976,-1.51225,3.821,-1.976,-1.51863,2
28009,372984,10,3,3,0,0,0,1,5,0,0,18.859,-141.550,-1.51504,-0.000,47.200,16.252,46.681,51.868,17.116,51.868,1484.453,3.748,-1.976,-1.51192,3.825,-1.974,-1.51537,2
28026,372994,10,3,3,0,0,0,1,5,0,0,18.859,-141.515,-1.51679,-0.305,47.200,16.252,46.681,51.868,17.116,51.868,1484.453,3.782,-1.976,-1.51367,3.825,-1.974,-1.51504,2
28026,373004,10,3,3,0,0,0,1,5,0,0,18.859,-141.515,-1.52004,-0.275,47.200,16.252,46.681,51.868,17.116,51.868,1484.453,3.778,-1.977,-1.51692,3.858,-1.974,-1.51679,2
28041,373014,10,3,3,0,0,0,1,5,0,0,18.859,-141.515,-1.52041,-0.000,47.200,16.252,46.681,51.868,17.116,51.868,1484.453,3.777,-1.977,-1.51729,3.854,-1.975,-1.52004,2
28057,373024,10,3,3,0,0,0,1,5,0,0,18.859,-141.515,-1.52057,-0.000,47.200,16.252,46.681,51.868,17.116,51.868,1484.453,3.777,-1.977,-1.51745,3.854,-1.975,-1.52041,2
28057,373034,10,3,3,0,0,0,1,5,0,0,18.859,-141.515,-1.51958,0.244,47.200,16.252,46.681,51.868,17.116,51.868,1484.453,3.778,-1.977,-1.51646,3.854,-1.975,-1.52057,2
28072,373044,10,3,3,0,0,0,1,5,0,0,18.859,-141.515,-1.51665,0.397,47.200,16.252,46.681,51.868,17.116,51.868,1484.453,3.782,-1.976,-1.51353,3.855,-1.975,-1.51958,2
28088,373054,10,3,3,0,0,0,1,5,0,0,18.859,-141.515,-1.51279,0.427,47.200,16.252,46.681,51.868,17.116,51.868,1484.453,3.786,-1.974,-1.50967,3.858,-1.974,-1.51665,2
28088,373064,10,3,3,0,0,0,1,5,0,0,18.859,-141.515,-1.50860,0.458,47.200,16.252,46.681,51.868,17.116,51.868,1484.453,3.791,-1.972,-1.50548,3.863,-1.972,-1.51279,2
28104,373074,10,3,3,0,0,0,1,5,0,0,18.859,-141.515,-1.50472,0.366,47.200,16.252,46.681,51.868,17.116,51.868,1484.453,3.796,-1.971,-1.50160,3.868,-1.971,-1.50860,2
28104,373084,10,3,3,0,0,0,1,5,0,0,18.859,-141.515,-1.50299,-0.000,47.200,16.252,46.681,51.868,17.116,51.868,1484.453,3.798,-1.970,-1.49987,3.873,-1.969,-1.50472,2
28119,373094,10,3,3,0,0,0,1,5,0,0,18.859,-141.515,-1.50235,-0.000,47.200,16.252,46.681,51.868,17.116,51.868,1484.453,3.799,-1.970,-1.49923,3.875,-1.969,-1.50299,2
28136,373104,10,3,3,0,0,0,1,5,0,0,18.859,-141.515,-1.50347,-0.305,47.200,16.252,46.681,51.868,17.116,51.868,1484.453,3.798,-1.971,-1.50035,3.876,-1.968,-1.50235,2
28136,373114,10,3,3,0,0,0,1,5,0,0,18.859,-141.515,-1.50665,-0.427,47.200,16.252,46.681,51.868,17.116,51.868,1484.453,3.794,-1.972,-1.50353,3.874,-1.969,-1.50347,2
28151,373124,10,3,3,0,0,0,1,5,0,0,18.859,-141.515,-1.51042,-0.366,47.200,16.252,46.681,51.868,17.116,51.868,1484.453,3.789,-1.973,-1.50730,3.871,-1.970,-1.50665,2
28167,373134,10,3,3,0,0,0,1,5,0,0,18.859,-141.515,-1.51408,-0.305,47.200,16.252,46.681,51.868,17.116,51.868,1484.453,3.785,-1.975,-1.51096,3.866,-1.972,-1.51042,2
28167,373144,10,3,3,0,0,0,1,5,0,0,18.859,-141.515,-1.51454,-0.000,47.200,16.252,46.681,51.868,17.116,51.868,1484.453,3.784,-1.975,-1.51142,3.862,-1.973,-1.51408,2
28182,373154,10,3,3,0,0,0,1,5,0,0,18.859,-141.515,-1.51492,-0.000,47.200,16.252,46.681,51.868,17.116,51.868,1484.453,3.784,-1.975,-1.51180,3.861,-1.973,-1.51454,2
28197,373164,10,3,3,0,0,0,1,5,0,0,18.859,-141.515,-1.51573,-0.000,47.200,16.252,46.681,51.868,17.116,51.868,1484.453,3.783,-1.975,-1.51261,3.861,-1.973,-1.51492,2
28197,373174,10,3,3,0,0,0,1,5,0,0,18.859,-141.515,-1.51576,-0.000,47.200,16.252,46.681,51.868,17.116,51.868,1484.453,3.783,-1.975,-1.51264,3.860,-1.974,-1.51573,2
28213,373184,10,3,3,0,0,0,1,5,0,0,18.859,-141.515,-1.51517,-0.000,47.200,16.252,46.681,51.868,17.116,51.868,1484.453,3.783,-1.975,-1.51205,3.860,-1.974,-1.51576,2
28229,373194,10,3,3,0,0,0,1,5,0,0,18.859,-141.515,-1.51487,-0.000,47.200,16.252,46.681,51.868,17.116,51.868,1484.453,3.784,-1.975,-1.51175,3.860,-1.973,-1.51517,2
28229,373204,10,3,3,0,0,0,1,5,0,0,18.859,-141.515,-1.51464,-0.000,47.200,16.252,46.681,51.868,17.116,51.868,1484.453,3.784,-1.975,-1.51152,3.861,-1.973,-1.51487,2
28245,373214,10,3,3,0,0,0,1,5,0,0,18.859,-141.515,-1.51440,-0.000,47.200,16.252,46.681,51.868,17.116,51.868,1484.453,3.784,-1.975,-1.51128,3.861,-1.973,-1.51464,2
28245,373224,10,3,3,0,0,0,1,5,0,0,18.859,-141.515,-1.51403,-0.000,47.200,16.252,46.681,51.868,17.116,51.868,1484.453,3.785,-1.975,-1.51091,3.861,-1.973,-1.51440,2
28261,373234,10,3,3,0,0,0,1,5,0,0,18.859,-141.515,-1.51369,-0.000,47.200,16.252,46.681,51.868,17.116,51.868,1484.453,3.785,-1.974,-1.51057,3.862,-1.973,-1.51403,2
28276,373244,10,3,3,0,0,0,1,5,0,0,18.859,-141.515,-1.51403,-0.000,47.200,16.252,46.681,51.868,17.116,51.868,1484.453,3.785,-1.975,-1.51091,3.862,-1.973,-1.51369,2
28276,373254,10,3,3,0,0,0,1,5,0,0,18.859,-141.515,-1.51433,-0.000,47.200,16.252,46.681,51.868,17.116,51.868,1484.453,3.785,-1.975,-1.51121,3.862,-1.973,-1.51403,2
28292,373264,10,3,3,0,0,0,1,5,0,0,18.859,-141.515,-1.51483,-0.000,47.200,16.252,46.681,51.868,17.116,51.868,1484.453,3.784,-1.975,-1.51171,3.861,-1.973,-1.51433,2
28307,373274,10,3,3,0,0,0,1,5,0,0,18.859,-141.515,-1.51518,-0.000,47.200,16.252,46.681,51.868,17.116,51.868,1484.453,3.783,-1.975,-1.51206,3.861,-1.973,-1.51483,2
28307,373284,10,3,3,0,0,0,1,5,0,0,18.859,-141.515,-1.51534,-0.000,47.200,16.252,46.681,51.868,17.116,51.868,1484.453,3.783,-1.975,-1.51222,3.860,-1.973,-1.51518,2
28323,373294,10,3,3,0,0,0,1,5,0,0,18.859,-141.515,-1.51558,-0.000,47.200,16.252,46.681,51.868,17.116,51.868,1484.453,3.783,-1.975,-1.51246,3.860,-1.973,-1.51534,2
28339,373304,10,3,3,0,0,0,1,5,0,0,18.859,-141.515,-1.51570,-0.000,47.200,16.252,46.681,51.868,17.116,51.868,1484.453,3.783,-1.975,-1.51258,3.860,-1.974,-1.51558,2
28339,373314,10,3,3,0,0,0,1,5,0,0,18.859,-141.515,-1.51578,-0.000,47.200,16.252,46.681,51.868,17.116,51.868,1484.453,3.783,-1.975,-1.51266,3.860,-1.974,-1.51570,2
28353,373324,10,3,3,0,0,0,1,5,0,0,18.859,-141.515,-1.51541,-0.000,47.200,16.252,46.681,51.868,17.116,51.868,1484.453,3.783,-1.975,-1.51229,3.860,-1.974,-1.51578,2
28353,373334,10,3,3,0,0,0,1,5,0,0,18.859,-141.515,-1.51489,-0.000,47.200,16.252,46.681,51.868,17.116,51.868,1484.453,3.784,-1.975,-1.51177,3.860,-1.973,-1.51541,2
28369,373344,10,3,3,0,0,0,1,5,0,0,18.859,-141.515,-1.51422,-0.000,47.200,16.252,46.681,51.868,17.116,51.868,1484.453,3.785,-1.975,-1.51110,3.861,-1.973,-1.51489,2
28385,373354,10,3,3,0,0,0,1,5,0,0,18.859,-141.515,-1.51392,-0.000,47.200,16.252,46.681,51.868,17.116,51.868,1484.453,3.785,-1.975,-1.51080,3.861,-1.973,-1.51422,2
28385,373364,10,3,3,0,0,0,1,5,0,0,18.859,-141.515,-1.51392,-0.000,47.200,16.252,46.681,51.868,17.116,51.868,1484.453,3.785,-1.975,-1.51080,3.862,-1.973,-1.51392,2
28401,373374,10,3,3,0,0,0,1,5,0,0,18.859,-141.515,-1.51461,-0.000,47.200,16.252,46.681,51.868,17.116,51.868,1484.453,3.784,-1.975,-1.51149,3.862,-1.973,-1.51392,2
28417,373384,10,3,3,0,0,0,1,5,0,0,18.859,-141.515,-1.51561,-0.000,47.200,16.252,46.681,51.868,17.116,51.868,1484.453,3.783,-1.975,-1.51249,3.861,-1.973,-1.51461,2
28417,373394,10,3,3,0,0,0,1,5,0,0,18.859,-141.515,-1.51700,-0.000,47.200,16.252,46.681,51.868,17.116,51.868,1484.453,3.781,-1.976,-1.51388,3.860,-1.974,-1.51561,2
28432,373404,10,3,3,0,0,0,1,5,0,0,18.859,-141.515,-1.51745,-0.000,47.200,16.252,46.681,51.868,17.116,51.868,1484.453,3.781,-1.976,-1.51433,3.858,-1.974,-1.51700,2
28447,373414,10,3,3,0,0,0,1,5,0,0,18.859,-141.515,-1.51685,-0.000,47.200,16.252,46.681,51.868,17.116,51.868,1484.453,3.781,-1.976,-1.51373,3.857,-1.974,-1.51745,2
28447,373424,10,3,3,0,0,0,1,5,0,0,18.859,-141.475,-1.51590,-0.000,47.200,16.252,46.681,51.868,17.116,51.868,1484.453,3.822,-1.974,-1.51278,3.858,-1.974,-1.51685,2
28463,373434,10,3,3,0,0,0,1,5,0,0,18.859,-141.475,-1.51543,-0.000,47.200,16.252,46.681,51.868,17.116,51.868,1484.453,3.823,-1.974,-1.51231,3.899,-1.973,-1.51590,2
28479,373444,10,3,3,0,0,0,1,5,0,0,18.859,-141.475,-1.51421,0.305,47.200,16.252,46.681,51.868,17.116,51.868,1484.453,3.825,-1.974,-1.51109,3.900,-1.972,-1.51543,2
28479,373454,10,3,3,0,0,0,1,5,0,0,18.859,-141.475,-1.51056,0.458,47.200,16.252,46.681,51.868,17.116,51.868,1484.453,3.829,-1.972,-1.50744,3.901,-1.972,-1.51421,2
28494,373464,10,3,3,0,0,0,1,5,0,0,18.859,-141.475,-1.50506,0.671,47.200,16.252,46.681,51.868,17.116,51.868,1484.453,3.836,-1.970,-1.50194,3.906,-1.971,-1.51056,2
28494,373474,10,3,3,0,0,0,1,5,0,0,18.859,-141.475,-1.49866,0.702,47.200,16.252,46.681,51.868,17.116,51.868,1484.453,3.843,-1.968,-1.49554,3.912,-1.968,-1.50506,2
28510,373484,10,3,3,0,0,0,1,5,0,0,18.859,-141.435,-1.48810,0.702,47.200,16.252,46.681,51.868,17.116,51.868,1484.453,3.896,-1.963,-1.48498,3.920,-1.966,-1.49866,2
28526,373494,10,3,3,0,0,0,1,5,0,0,18.859,-141.435,-1.48198,0.549,47.200,16.252,46.681,51.868,17.116,51.868,1484.453,3.903,-1.960,-1.47886,3.973,-1.961,-1.48810,2
28526,373504,10,3,3,0,0,0,1,5,0,0,18.898,-141.435,-1.47726,0.366,47.200,16.252,46.681,51.868,17.116,51.868,1484.453,3.908,-1.919,-1.47414,3.980,-1.959,-1.48198,2
28541,373514,10,3,3,0,0,0,1,5,0,0,18.898,-141.435,-1.47284,0.427,47.200,16.252,46.681,51.868,17.116,51.868,1484.453,3.914,-1.917,-1.46972,3.985,-1.917,-1.47726,2
28556,373524,10,3,3,0,0,0,1,5,0,0,18.898,-141.435,-1.46748,0.549,47.200,16.252,46.681,51.868,17.116,51.868,1484.453,3.920,-1.915,-1.46436,3.990,-1.915,-1.47284,2
28556,373534,10,3,3,0,0,0,1,5,0,0,18.898,-141.435,-1.46143,0.671,47.200,16.252,46.681,51.868,17.116,51.868,1484.453,3.927,-1.913,-1.45831,3.997,-1.913,-1.46748,2
28572,373544,10,3,3,0,0,0,1,5,0,0,18.898,-141.435,-1.45530,0.641,47.200,16.252,46.681,51.868,17.116,51.868,1484.453,3.935,-1.910,-1.45218,4.004,-1.911,-1.46143,2
28587,373554,10,3,3,0,0,0,1,5,0,0,18.898,-141.435,-1.45075,0.427,47.200,16.252,46.681,51.868,17.116,51.868,1484.453,3.940,-1.908,-1.44763,4.012,-1.909,-1.45530,2
28587,373564,10,3,3,0,0,0,1,5,0,0,18.898,-141.435,-1.45067,-0.000,47.200,16.252,46.681,51.868,17.116,51.868,1484.453,3.940,-1.908,-1.44755,4.017,-1.907,-1.45075,2
28603,373574,10,3,3,0,0,0,1,5,0,0,18.898,-141.435,-1.45032,-0.000,47.200,16.252,46.681,51.868,17.116,51.868,1484.453,3.941,-1.908,-1.44720,4.017,-1.907,-1.45067,2
28619,373584,10,3,3,0,0,0,1,5,0,0,18.898,-141.435,-1.44958,-0.000,47.200,16.252,46.681,51.868,17.116,51.868,1484.453,3.942,-1.908,-1.44646,4.018,-1.907,-1.45032,2
28619,373594,10,3,3,0,0,0,1,5,0,0,18.898,-141.435,-1.44917,-0.000,47.200,16.252,46.681,51.868,17.116,51.868,1484.453,3.942,-1.908,-1.44605,4.019,-1.906,-1.44958,2
28634,373604,10,3,3,0,0,0,1,5,0,0,18.898,-141.435,-1.44986,-0.244,47.200,16.252,46.681,51.868,17.116,51.868,1484.453,3.941,-1.908,-1.44674,4.019,-1.906,-1.44917,2
28634,373614,10,3,3,0,0,0,1,5,0,0,18.898,-141.435,-1.45293,-0.397,47.200,16.252,46.681,51.868,17.116,51.868,1484.453,3.938,-1.909,-1.44981,4.018,-1.907,-1.44986,2
28650,373624,10,3,3,0,0,0,1,5,0,0,18.898,-141.435,-1.45834,-0.641,47.200,16.252,46.681,51.868,17.116,51.868,1484.453,3.931,-1.911,-1.45522,4.014,-1.908,-1.45293,2
28667,373634,10,3,3,0,0,0,1,5,0,0,18.898,-141.435,-1.46607,-0.855,47.200,16.252,46.681,51.868,17.116,51.868,1484.453,3.922,-1.914,-1.46295,4.008,-1.910,-1.45834,2
28667,373644,10,3,3,0,0,0,1,5,0,0,18.898,-141.435,-1.47538,-1.007,47.200,16.252,46.681,51.868,17.116,51.868,1484.453,3.910,-1.918,-1.47226,3.999,-1.913,-1.46607,2
28681,373654,10,3,3,0,0,0,1,5,0,0,18.898,-141.435,-1.48575,-1.068,47.200,16.252,46.681,51.868,17.116,51.868,1484.453,3.898,-1.922,-1.48263,3.987,-1.916,-1.47538,2
28697,373664,10,3,3,0,0,0,1,5,0,0,18.898,-141.435,-1.49625,-1.038,47.200,16.252,46.681,51.868,17.116,51.868,1484.453,3.885,-1.926,-1.49313,3.975,-1.920,-1.48575,2
28697,373674,10,3,3,0,0,0,1,5,0,0,18.898,-141.435,-1.50558,-0.855,47.200,16.252,46.681,51.868,17.116,51.868,1484.453,3.874,-1.929,-1.50246,3.962,-1.924,-1.49625,2
28712,373684,10,3,3,0,0,0,1,5,0,0,18.898,-141.435,-1.51448,-0.855,47.200,16.252,46.681,51.868,17.116,51.868,1484.453,3.863,-1.933,-1.51136,3.951,-1.928,-1.50558,2
28728,373694,10,3,3,0,0,0,1,5,0,0,18.898,-141.435,-1.52418,-1.038,47.200,16.252,46.681,51.868,17.116,51.868,1484.453,3.851,-1.936,-1.52106,3.940,-1.931,-1.51448,2
28728,373704,10,3,3,0,0,0,1,5,0,0,18.898,-141.435,-1.53566,-1.129,47.200,16.252,46.681,51.868,17.116,51.868,1484.453,3.837,-1.941,-1.53253,3.928,-1.935,-1.52418,2
28744,373714,10,3,3,0,0,0,1,5,0,0,18.898,-141.435,-1.54674,-1.068,47.200,16.252,46.681,51.868,17.116,51.868,1484.453,3.824,-1.945,-1.54362,3.914,-1.939,-1.53565,2
28744,373724,10,3,3,0,0,0,1,5,0,0,18.898,-141.435,-1.55665,-0.946,47.200,16.252,46.681,51.868,17.116,51.868,1484.453,3.812,-1.949,-1.55353,3.901,-1.943,-1.54674,2
28760,373734,10,3,3,0,0,0,1,5,0,0,18.898,-141.435,-1.56543,-0.885,47.200,16.252,46.681,51.868,17.116,51.868,1484.453,3.801,-1.952,-1.56231,3.889,-1.947,-1.55665,2
28776,373744,10,3,3,0,0,0,1,5,0,0,18.898,-141.435,-1.57337,-0.671,47.200,16.252,46.681,51.868,17.116,51.868,1484.453,3.792,-1.955,-1.57025,3.878,-1.951,-1.56543,2
28776,373754,10,3,3,0,0,0,1,5,0,0,18.898,-141.435,-1.58016,-0.580,47.200,16.252,46.681,51.868,17.116,51.868,1484.453,3.783,-1.958,-1.57704,3.868,-1.954,-1.57337,2
28791,373764,10,3,3,0,0,0,1,5,0,0,18.898,-141.435,-1.58581,-0.488,47.200,16.252,46.681,51.868,17.116,51.868,1484.453,3.777,-1.960,-1.58269,3.860,-1.956,-1.58016,2
28806,373774,10,3,3,0,0,0,1,5,0,0,18.898,-141.435,-1.59006,-0.336,47.200,16.252,46.681,51.868,17.116,51.868,1484.453,3.771,-1.962,-1.58694,3.853,-1.958,-1.58581,2
28806,373784,10,3,3,0,0,0,1,5,0,0,18.898,-141.435,-1.59146,-0.000,47.200,16.252,46.681,51.868,17.116,51.868,1484.453,3.770,-1.962,-1.58834,3.848,-1.960,-1.59006,2
28822,373794,10,3,3,0,0,0,1,5,0,0,18.898,-141.435,-1.59126,-0.000,47.200,16.252,46.681,51.868,17.116,51.868,1484.453,3.770,-1.962,-1.58814,3.847,-1.961,-1.59146,2
28838,373804,10,3,3,0,0,0,1,5,0,0,18.898,-141.435,-1.59117,-0.000,47.200,16.252,46.681,51.868,17.116,51.868,1484.453,3.770,-1.962,-1.58805,3.847,-1.960,-1.59126,2
28838,373814,10,3,3,0,0,0,1,5,0,0,18.898,-141.435,-1.59112,-0.000,47.200,16.252,46.681,51.868,17.116,51.868,1484.453,3.770,-1.962,-1.58800,3.847,-1.960,-1.59117,2
28854,373824,10,3,3,0,0,0,1,5,0,0,18.898,-141.435,-1.59576,-0.580,47.200,16.252,46.681,51.868,17.116,51.868,1484.453,3.765,-1.964,-1.59264,3.847,-1.960,-1.59112,2
28854,373834,10,3,3,0,0,0,1,5,0,0,18.898,-141.435,-1.60196,-0.732,47.200,16.252,46.681,51.868,17.116,51.868,1484.453,3.757,-1.966,-1.59884,3.841,-1.962,-1.59576,2
28870,373844,10,3,3,0,0,0,1,5,0,0,18.898,-141.435,-1.60987,-0.916,47.200,16.252,46.681,51.868,17.116,51.868,1484.453,3.747,-1.969,-1.60675,3.834,-1.965,-1.60196,2
28885,373854,10,3,3,0,0,0,1,5,0,0,18.898,-141.435,-1.61731,-0.793,47.200,16.252,46.681,51.868,17.116,51.868,1484.453,3.738,-1.972,-1.61419,3.824,-1.968,-1.60987,2
28885,373864,10,3,3,0,0,0,1,5,0,0,18.898,-141.435,-1.62302,-0.641,47.200,16.252,46.681,51.868,17.116,51.868,1484.453,3.732,-1.974,-1.61990,3.815,-1.970,-1.61731,2
28901,373874,10,3,3,0,0,0,1,5,0,0,18.898,-141.435,-1.62613,-0.366,47.200,16.252,46.681,51.868,17.116,51.868,1484.453,3.728,-1.975,-1.62301,3.808,-1.973,-1.62302,2
28915,373884,10,3,3,0,0,0,1,5,0,0,18.898,-141.435,-1.62669,-0.000,47.200,16.252,46.681,51.868,17.116,51.868,1484.453,3.727,-1.976,-1.62357,3.805,-1.974,-1.62613,2
28915,373894,10,3,3,0,0,0,1,5,0,0,18.898,-141.435,-1.62687,-0.000,47.200,16.252,46.681,51.868,17.116,51.868,1484.453,3.727,-1.976,-1.62375,3.804,-1.974,-1.62669,2
28931,373904,10,3,3,0,0,0,1,5,0,0,18.898,-141.435,-1.62600,0.305,47.200,16.252,46.681,51.868,17.116,51.868,1484.453,3.728,-1.975,-1.62288,3.804,-1.974,-1.62687,2
28947,373914,10,3,3,0,0,0,1,5,0,0,18.898,-141.395,-1.62357,0.305,47.200,16.252,46.681,51.868,17.116,51.868,1484.453,3.771,-1.973,-1.62045,3.805,-1.974,-1.62600,2
28947,373924,10,3,3,0,0,0,1,5,0,0,18.898,-141.395,-1.62162,0.305,47.200,16.252,46.681,51.868,17.116,51.868,1484.453,3.773,-1.973,-1.61850,3.848,-1.972,-1.62357,2
28962,373934,10,3,3,0,0,0,1,5,0,0,18.898,-141.395,-1.61943,0.336,47.200,16.252,46.681,51.868,17.116,51.868,1484.453,3.776,-1.972,-1.61631,3.850,-1.971,-1.62162,2
28978,373944,10,3,3,0,0,0,1,5,0,0,18.898,-141.395,-1.61621,0.458,47.200,16.252,46.681,51.868,17.116,51.868,1484.453,3.780,-1.970,-1.61309,3.853,-1.970,-1.61943,2
28978,373954,10,3,3,0,0,0,1,5,0,0,18.898,-141.395,-1.61076,0.641,47.200,16.252,46.681,51.868,17.116,51.868,1484.453,3.786,-1.968,-1.60764,3.856,-1.969,-1.61621,2
28994,373964,10,3,3,0,0,0,1,5,0,0,18.898,-141.395,-1.60430,0.793,47.200,16.252,46.681,51.868,17.116,51.868,1484.453,3.794,-1.966,-1.60118,3.863,-1.967,-1.61076,2
28994,373974,10,3,3,0,0,0,1,5,0,0,18.898,-141.395,-1.59756,0.702,47.200,16.252,46.681,51.868,17.116,51.868,1484.453,3.802,-1.963,-1.59444,3.871,-1.964,-1.60430,2
29010,373984,10,3,3,0,0,0,1,5,0,0,18.898,-141.395,-1.59197,0.580,47.200,16.252,46.681,51.868,17.116,51.868,1484.453,3.809,-1.961,-1.58885,3.879,-1.962,-1.59756,2
29026,373994,10,3,3,0,0,0,1,5,0,0,18.898,-141.395,-1.58891,0.366,47.200,16.252,46.681,51.868,17.116,51.868,1484.453,3.813,-1.960,-1.58579,3.886,-1.960,-1.59197,2
29026,374004,10,3,3,0,0,0,1,5,0,0,18.898,-141.395,-1.58720,-0.000,47.200,16.252,46.681,51.868,17.116,51.868,1484.453,3.815,-1.959,-1.58408,3.890,-1.958,-1.58891,2
29041,374014,10,3,3,0,0,0,1,5,0,0,18.898,-141.395,-1.58466,0.336,47.200,16.252,46.681,51.868,17.116,51.868,1484.453,3.818,-1.958,-1.58154,3.892,-1.958,-1.58720,2
29056,374024,10,3,3,0,0,0,1,5,0,0,18.898,-141.395,-1.57423,1.160,47.200,16.252,46.681,51.868,17.116,51.868,1484.453,3.831,-1.954,-1.57111,3.895,-1.957,-1.58466,2
29056,374034,10,3,3,0,0,0,1,5,0,0,18.898,-141.395,-1.55481,2.014,47.200,16.252,46.681,51.868,17.116,51.868,1484.453,3.854,-1.947,-1.55169,3.907,-1.953,-1.57423,2
29072,374044,10,3,3,0,0,0,1,5,0,0,18.898,-141.435,-1.52616,2.899,47.200,16.252,46.681,51.868,17.116,51.868,1484.453,3.849,-1.937,-1.52304,3.931,-1.945,-1.55481,2
29087,374054,10,3,3,0,0,0,1,5,0,0,18.898,-141.515,-1.49277,3.296,47.200,16.252,46.681,51.868,17.116,51.868,1484.453,3.810,-1.927,-1.48965,3.926,-1.936,-1.52616,2
29087,374064,10,3,3,0,0,0,1,5,0,0,18.898,-141.590,-1.46148,3.113,47.200,16.252,46.681,51.868,17.116,51.868,1484.453,3.772,-1.917,-1.45836,3.886,-1.925,-1.49277,2
29102,374074,10,3,3,0,0,0,1,5,0,0,18.898,-141.745,-1.43651,2.441,47.200,16.252,46.681,51.868,17.116,51.868,1484.453,3.647,-1.911,-1.43339,3.849,-1.915,-1.46148,2
29118,374084,10,3,3,0,0,0,1,5,0,0,18.898,-141.825,-1.41797,1.801,47.200,16.252,46.681,51.868,17.116,51.868,1484.453,3.590,-1.906,-1.41485,3.724,-1.909,-1.43651,2
29118,374094,10,3,3,0,0,0,1,5,0,0,18.898,-141.940,-1.40576,1.190,47.200,16.252,46.681,51.868,17.116,51.868,1484.453,3.490,-1.904,-1.40264,3.667,-1.904,-1.41797,2
29134,374104,10,3,3,0,0,0,1,5,0,0,18.898,-142.020,-1.39347,0.793,47.200,16.252,46.681,51.868,17.116,51.868,1484.453,3.425,-1.901,-1.39034,3.566,-1.903,-1.40576,2
29134,374114,10,3,3,0,0,0,1,5,0,0,18.898,-142.020,-1.38651,0.702,47.200,16.252,46.681,51.868,17.116,51.868,1484.453,3.433,-1.899,-1.38339,3.502,-1.900,-1.39347,2
29148,374124,10,3,3,0,0,0,1,5,0,0,18.898,-142.095,-1.38098,0.549,47.200,16.252,46.681,51.868,17.116,51.868,1484.453,3.365,-1.899,-1.37786,3.510,-1.897,-1.38651,2
29163,374134,10,3,3,0,0,0,1,5,0,0,18.898,-142.095,-1.37795,0.275,47.200,16.252,46.681,51.868,17.116,51.868,1484.453,3.368,-1.897,-1.37483,3.441,-1.897,-1.38098,2
29179,374144,10,3,3,0,0,0,1,5,0,0,18.898,-142.095,-1.37855,-0.000,47.200,16.252,46.681,51.868,17.116,51.868,1484.453,3.368,-1.898,-1.37542,3.445,-1.896,-1.37795,2
29179,374154,10,3,3,0,0,0,1,5,0,0,18.898,-142.095,-1.38302,-0.488,47.200,16.252,46.681,51.868,17.116,51.868,1484.453,3.362,-1.899,-1.37990,3.444,-1.896,-1.37854,2
29195,374164,10,3,3,0,0,0,1,5,0,0,18.898,-142.095,-1.39036,-0.793,47.200,16.252,46.681,51.868,17.116,51.868,1484.453,3.353,-1.902,-1.38724,3.439,-1.898,-1.38302,2
29195,374174,10,3,3,0,0,0,1,5,0,0,18.898,-142.095,-1.39876,-0.885,47.200,16.252,46.681,51.868,17.116,51.868,1484.453,3.343,-1.905,-1.39564,3.430,-1.900,-1.39036,2
29210,374184,10,3,3,0,0,0,1,5,0,0,18.898,-142.095,-1.40818,-0.977,47.200,16.252,46.681,51.868,17.116,51.868,1484.453,3.332,-1.909,-1.40506,3.420,-1.904,-1.39876,2
29226,374194,10,3,3,0,0,0,1,5,0,0,18.898,-142.095,-1.41825,-1.007,47.200,16.252,46.681,51.868,17.116,51.868,1484.453,3.319,-1.913,-1.41513,3.408,-1.907,-1.40818,2
29226,374204,10,3,3,0,0,0,1,5,0,0,18.898,-142.095,-1.42962,-1.221,47.200,16.252,46.681,51.868,17.116,51.868,1484.453,3.306,-1.917,-1.42650,3.396,-1.911,-1.41825,2
29242,374214,10,3,3,0,0,0,1,5,0,0,18.898,-142.135,-1.44206,-1.343,47.200,16.252,46.681,51.868,17.116,51.868,1484.453,3.251,-1.923,-1.43893,3.382,-1.915,-1.42962,2
29257,374224,10,3,3,0,0,0,1,5,0,0,18.898,-142.135,-1.45522,-1.465,47.200,16.252,46.681,51.868,17.116,51.868,1484.453,3.235,-1.928,-1.45210,3.327,-1.921,-1.44206,2
29257,374234,10,3,3,0,0,0,1,5,0,0,18.898,-142.135,-1.46779,-1.373,47.200,16.252,46.681,51.868,17.116,51.868,1484.453,3.219,-1.932,-1.46467,3.311,-1.926,-1.45522,2
29273,374244,10,3,3,0,0,0,1,5,0,0,18.898,-142.175,-1.48038,-1.343,47.200,16.252,46.681,51.868,17.116,51.868,1484.453,3.164,-1.938,-1.47726,3.296,-1.931,-1.46779,2
29273,374254,10,3,3,0,0,0,1,5,0,0,18.898,-142.175,-1.49267,-1.251,47.200,16.252,46.681,51.868,17.116,51.868,1484.453,3.149,-1.943,-1.48954,3.241,-1.937,-1.48038,2
29288,374264,10,3,3,0,0,0,1,5,0,0,18.898,-142.175,-1.50458,-1.190,47.200,16.252,46.681,51.868,17.116,51.868,1484.453,3.135,-1.947,-1.50146,3.226,-1.941,-1.49267,2
29304,374274,10,3,3,0,0,0,1,5,0,0,18.898,-142.255,-1.51706,-1.251,47.200,16.252,46.681,51.868,17.116,51.868,1484.453,3.040,-1.954,-1.51394,3.212,-1.946,-1.50458,2
29304,374284,10,3,3,0,0,0,1,5,0,0,18.898,-142.255,-1.53071,-1.404,47.200,16.252,46.681,51.868,17.116,51.868,1484.453,3.024,-1.960,-1.52759,3.117,-1.953,-1.51706,2
29320,374294,10,3,3,0,0,0,1,5,0,0,18.898,-142.330,-1.54740,-1.709,47.200,16.252,46.681,51.868,17.116,51.868,1484.453,2.928,-1.968,-1.54428,3.100,-1.958,-1.53071,2
29336,374304,10,3,3,0,0,0,1,5,0,0,18.898,-142.410,-1.56702,-1.923,47.200,16.252,46.681,51.868,17.116,51.868,1484.453,2.824,-1.978,-1.56390,3.005,-1.966,-1.54740,2
29336,374314,10,3,3,0,0,0,1,5,0,0,18.898,-142.410,-1.58698,-1.892,47.200,16.252,46.681,51.868,17.116,51.868,1484.453,2.800,-1.985,-1.58386,2.901,-1.976,-1.56702,2
29351,374324,10,3,3,0,0,0,1,5,0,0,18.898,-142.485,-1.60523,-1.679,47.200,16.252,46.681,51.868,17.116,51.868,1484.453,2.703,-1.994,-1.60211,2.877,-1.984,-1.58698,2
29368,374334,10,3,3,0,0,0,1,5,0,0,18.898,-142.485,-1.61920,-1.221,47.200,16.252,46.681,51.868,17.116,51.868,1484.453,2.686,-2.000,-1.61608,2.780,-1.993,-1.60523,2
29368,374344,10,3,3,0,0,0,1,5,0,0,18.898,-142.565,-1.62555,-0.488,47.200,16.252,46.681,51.868,17.116,51.868,1484.453,2.598,-2.004,-1.62243,2.763,-1.998,-1.61920,2
29383,374354,10,3,3,0,0,0,1,5,0,0,18.898,-142.641,-1.62379,0.275,47.200,16.252,46.681,51.868,17.116,51.868,1484.453,2.525,-2.006,-1.62067,2.675,-2.003,-1.62555,2
29383,374364,10,3,3,0,0,0,1,5,0,0,18.898,-142.641,-1.61589,0.916,47.200,16.252,46.681,51.868,17.116,51.868,1484.453,2.535,-2.003,-1.61277,2.602,-2.004,-1.62379,2
29398,374374,10,3,3,0,0,0,1,5,0,0,18.898,-142.720,-1.60511,1.099,47.200,16.252,46.681,51.868,17.116,51.868,1484.453,2.468,-2.001,-1.60199,2.612,-2.001,-1.61589,2
29414,374384,10,3,3,0,0,0,1,5,0,0,18.898,-142.720,-1.59489,1.007,47.200,16.252,46.681,51.868,17.116,51.868,1484.453,2.480,-1.997,-1.59177,2.545,-1.999,-1.60511,2
29414,374394,10,3,3,0,0,0,1,5,0,0,18.898,-142.800,-1.58848,0.549,47.200,16.252,46.681,51.868,17.116,51.868,1484.453,2.408,-1.997,-1.58536,2.557,-1.995,-1.59489,2
29429,374404,10,3,3,0,0,0,1,5,0,0,18.898,-142.800,-1.58637,-0.000,47.200,16.252,46.681,51.868,17.116,51.868,1484.453,2.411,-1.996,-1.58325,2.485,-1.995,-1.58848,2
29445,374414,10,3,3,0,0,0,1,5,0,0,18.898,-142.800,-1.58690,-0.244,47.200,16.252,46.681,51.868,17.116,51.868,1484.453,2.410,-1.996,-1.58378,2.488,-1.994,-1.58637,2
29445,374424,10,3,3,0,0,0,1,5,0,0,18.898,-142.800,-1.58983,-0.427,47.200,16.252,46.681,51.868,17.116,51.868,1484.453,2.407,-1.997,-1.58671,2.487,-1.995,-1.58690,2
29461,374434,10,3,3,0,0,0,1,5,0,0,18.898,-142.800,-1.59343,-0.458,47.200,16.252,46.681,51.868,17.116,51.868,1484.453,2.402,-1.999,-1.59031,2.484,-1.996,-1.58983,2
29477,374444,10,3,3,0,0,0,1,5,0,0,18.898,-142.800,-1.59581,-0.305,47.200,16.252,46.681,51.868,17.116,51.868,1484.453,2.400,-2.000,-1.59269,2.479,-1.997,-1.59343,2
29477,374454,10,3,3,0,0,0,1,5,0,0,18.898,-142.800,-1.59788,-0.305,47.200,16.252,46.681,51.868,17.116,51.868,1484.453,2.397,-2.000,-1.59476,2.476,-1.998,-1.59581,2
29492,374464,10,3,3,0,0,0,1,5,0,0,18.898,-142.800,-1.60100,-0.336,47.200,16.252,46.681,51.868,17.116,51.868,1484.453,2.393,-2.002,-1.59788,2.474,-1.999,-1.59788,2
29508,374474,10,3,3,0,0,0,1,5,0,0,18.898,-142.800,-1.60647,-0.549,47.200,16.252,46.681,51.868,17.116,51.868,1484.453,2.387,-2.004,-1.60335,2.470,-2.000,-1.60100,2
29508,374484,10,3,3,0,0,0,1,5,0,0,18.898,-142.800,-1.61488,-0.824,47.200,16.252,46.681,51.868,17.116,51.868,1484.453,2.376,-2.007,-1.61176,2.463,-2.002,-1.60647,2
29523,374494,10,3,3,0,0,0,1,5,0,0,18.898,-142.800,-1.62793,-1.312,47.200,16.252,46.681,51.868,17.116,51.868,1484.453,2.361,-2.012,-1.62481,2.453,-2.005,-1.61488,2
29539,374504,10,3,3,0,0,0,1,5,0,0,18.898,-142.800,-1.64580,-1.740,47.200,16.252,46.681,51.868,17.116,51.868,1484.453,2.339,-2.019,-1.64268,2.437,-2.010,-1.62793,2
29539,374514,10,3,3,0,0,0,1,5,0,0,18.898,-142.800,-1.66513,-1.862,47.200,16.252,46.681,51.868,17.116,51.868,1484.453,2.316,-2.026,-1.66201,2.416,-2.017,-1.64580,2
29555,374524,10,3,3,0,0,0,1,5,0,0,18.898,-142.800,-1.68292,-1.648,47.200,16.252,46.681,51.868,17.116,51.868,1484.453,2.294,-2.033,-1.67980,2.392,-2.025,-1.66513,2
29555,374534,10,3,3,0,0,0,1,5,0,0,18.898,-142.876,-1.69569,-1.038,47.200,16.252,46.681,51.868,17.116,51.868,1484.453,2.203,-2.040,-1.69257,2.371,-2.031,-1.68292,2
29571,374544,10,3,3,0,0,0,1,5,0,0,18.898,-142.876,-1.70200,-0.397,47.200,16.252,46.681,51.868,17.116,51.868,1484.453,2.196,-2.043,-1.69888,2.280,-2.039,-1.69569,2
29586,374554,10,3,3,0,0,0,1,5,0,0,18.898,-142.955,-1.70276,-0.000,47.200,16.252,46.681,51.868,17.116,51.868,1484.453,2.115,-2.045,-1.69964,2.272,-2.041,-1.70200,2
29586,374564,10,3,3,0,0,0,1,5,0,0,18.898,-143.111,-1.69963,0.397,47.200,16.252,46.681,51.868,17.116,51.868,1484.453,1.964,-2.049,-1.69651,2.192,-2.044,-1.70276,2
29602,374574,10,3,3,0,0,0,1,5,0,0,18.898,-143.190,-1.69480,0.519,47.200,16.252,46.681,51.868,17.116,51.868,1484.453,1.890,-2.049,-1.69168,2.040,-2.047,-1.69963,2
29618,374584,10,3,3,0,0,0,1,5,0,0,18.898,-143.345,-1.68783,0.610,47.200,16.252,46.681,51.868,17.116,51.868,1484.453,1.743,-2.051,-1.68471,1.967,-2.048,-1.69480,2
29618,374594,10,3,3,0,0,0,1,5,0,0,18.898,-143.421,-1.68018,0.702,47.200,16.252,46.681,51.868,17.116,51.868,1484.453,1.677,-2.050,-1.67706,1.820,-2.049,-1.68783,2
29634,374604,10,3,3,0,0,0,1,5,0,0,18.898,-143.576,-1.66983,1.068,47.200,16.252,46.681,51.868,17.116,51.868,1484.453,1.534,-2.051,-1.66671,1.754,-2.049,-1.68018,2
29634,374614,10,3,3,0,0,0,1,5,0,0,18.898,-143.656,-1.65469,1.617,47.200,16.252,46.681,51.868,17.116,51.868,1484.453,1.473,-2.047,-1.65157,1.611,-2.049,-1.66983,2
29650,374624,10,3,3,0,0,0,1,5,0,0,18.898,-143.656,-1.63602,1.892,47.200,16.252,46.681,51.868,17.116,51.868,1484.453,1.496,-2.040,-1.63290,1.550,-2.046,-1.65469,2
29665,374634,10,3,3,0,0,0,1,5,0,0,18.898,-143.736,-1.61651,1.862,47.200,16.252,46.681,51.868,17.116,51.868,1484.453,1.439,-2.035,-1.61339,1.572,-2.039,-1.63602,2
29665,374644,10,3,3,0,0,0,1,5,0,0,18.898,-143.811,-1.60005,1.465,47.200,16.252,46.681,51.868,17.116,51.868,1484.453,1.384,-2.031,-1.59693,1.516,-2.033,-1.61651,2
29680,374654,10,3,3,0,0,0,1,5,0,0,18.898,-143.811,-1.58770,1.038,47.200,16.252,46.681,51.868,17.116,51.868,1484.453,1.399,-2.026,-1.58458,1.461,-2.029,-1.60005,2
29695,374664,10,3,3,0,0,0,1,5,0,0,18.898,-143.891,-1.58011,0.610,47.200,16.252,46.681,51.868,17.116,51.868,1484.453,1.329,-2.025,-1.57699,1.476,-2.024,-1.58770,2
29695,374674,10,3,3,0,0,0,1,5,0,0,18.898,-143.891,-1.57448,0.519,47.200,16.252,46.681,51.868,17.116,51.868,1484.453,1.335,-2.023,-1.57136,1.405,-2.024,-1.58011,2
29711,374684,10,3,3,0,0,0,1,5,0,0,18.898,-143.891,-1.57144,0.366,47.200,16.252,46.681,51.868,17.116,51.868,1484.453,1.339,-2.022,-1.56832,1.412,-2.022,-1.57448,2
29726,374694,10,3,3,0,0,0,1,5,0,0,18.898,-143.931,-1.57283,-0.000,47.200,16.252,46.681,51.868,17.116,51.868,1484.453,1.297,-2.024,-1.56970,1.416,-2.020,-1.57144,2
29726,374704,10,3,3,0,0,0,1,5,0,0,18.898,-143.931,-1.57577,-0.305,47.200,16.252,46.681,51.868,17.116,51.868,1484.453,1.294,-2.025,-1.57265,1.374,-2.022,-1.57283,2
29743,374714,10,3,3,0,0,0,1,5,0,0,18.898,-143.931,-1.58412,-0.549,47.200,16.252,46.681,51.868,17.116,51.868,1484.453,1.284,-2.028,-1.58100,1.371,-2.023,-1.57577,2
29758,374724,10,3,3,0,0,0,1,5,0,0,18.898,-143.931,-1.58749,-0.427,47.200,16.252,46.681,51.868,17.116,51.868,1484.453,1.280,-2.029,-1.58437,1.361,-2.026,-1.58412,2
29758,374734,10,3,3,0,0,0,1,5,0,0,18.898,-143.931,-1.58759,-0.000,47.200,16.252,46.681,51.868,17.116,51.868,1484.453,1.280,-2.029,-1.58447,1.356,-2.028,-1.58749,2
29774,374744,10,3,3,0,0,0,1,5,0,0,18.898,-143.931,-1.58621,-0.000,47.200,16.252,46.681,51.868,17.116,51.868,1484.453,1.281,-2.029,-1.58309,1.356,-2.028,-1.58759,2
29774,374754,10,3,3,0,0,0,1,5,0,0,18.898,-143.931,-1.58574,-0.000,47.200,16.252,46.681,51.868,17.116,51.868,1484.453,1.282,-2.028,-1.58262,1.358,-2.027,-1.58621,2
29789,374764,10,3,3,0,0,0,1,5,0,0,18.898,-143.931,-1.58317,0.427,47.200,16.252,46.681,51.868,17.116,51.868,1484.453,1.285,-2.028,-1.58005,1.359,-2.027,-1.58574,2
29804,374774,10,3,3,0,0,0,1,5,0,0,18.898,-143.931,-1.57768,0.763,47.200,16.252,46.681,51.868,17.116,51.868,1484.453,1.292,-2.025,-1.57456,1.362,-2.026,-1.58317,2
29804,374784,10,3,3,0,0,0,1,5,0,0,18.898,-143.931,-1.56988,0.916,47.200,16.252,46.681,51.868,17.116,51.868,1484.453,1.301,-2.022,-1.56676,1.368,-2.024,-1.57768,2
29820,374794,10,3,3,0,0,0,1,5,0,0,18.898,-143.931,-1.56295,0.793,47.200,16.252,46.681,51.868,17.116,51.868,1484.453,1.309,-2.020,-1.55983,1.378,-2.021,-1.56988,2
29836,374804,10,3,3,0,0,0,1,5,0,0,18.898,-143.931,-1.55711,0.671,47.200,16.252,46.681,51.868,17.116,51.868,1484.453,1.316,-2.018,-1.55399,1.386,-2.018,-1.56295,2
29836,374814,10,3,3,0,0,0,1,5,0,0,18.898,-143.931,-1.55005,0.763,47.200,16.252,46.681,51.868,17.116,51.868,1484.453,1.325,-2.015,-1.54693,1.393,-2.016,-1.55711,2
29852,374824,10,3,3,0,0,0,1,5,0,0,18.898,-143.931,-1.53992,0.977,47.200,16.252,46.681,51.868,17.116,51.868,1484.453,1.337,-2.011,-1.53680,1.402,-2.013,-1.55005,2
29867,374834,10,3,3,0,0,0,1,5,0,0,18.898,-143.931,-1.52574,1.404,47.200,16.252,46.681,51.868,17.116,51.868,1484.453,1.354,-2.006,-1.52262,1.414,-2.009,-1.53992,2
29867,374844,10,3,3,0,0,0,1,5,0,0,18.898,-143.931,-1.50581,2.136,47.200,16.252,46.681,51.868,17.116,51.868,1484.453,1.379,-1.998,-1.50269,1.431,-2.004,-1.52574,2
29883,374854,10,3,3,0,0,0,1,5,0,0,18.898,-144.006,-1.48123,2.625,47.200,16.252,46.681,51.868,17.116,51.868,1484.453,1.333,-1.991,-1.47811,1.455,-1.996,-1.50581,2
29898,374864,10,3,3,0,0,0,1,5,0,0,18.898,-144.006,-1.45362,3.021,47.200,16.252,46.681,51.868,17.116,51.868,1484.453,1.367,-1.980,-1.45050,1.410,-1.989,-1.48123,2
29898,374874,10,3,3,0,0,0,1,5,0,0,18.898,-144.086,-1.42232,3.357,47.200,16.252,46.681,51.868,17.116,51.868,1484.453,1.325,-1.970,-1.41920,1.443,-1.979,-1.45362,2
29914,374884,10,3,3,0,0,0,1,5,0,0,18.898,-144.086,-1.38664,3.784,47.200,16.252,46.681,51.868,17.116,51.868,1484.453,1.368,-1.957,-1.38352,1.402,-1.969,-1.42232,2
29914,374894,10,3,3,0,0,0,1,5,0,0,18.898,-144.086,-1.34675,4.059,47.200,16.252,46.681,51.868,17.116,51.868,1484.453,1.416,-1.942,-1.34363,1.445,-1.955,-1.38664,2
29929,374904,10,3,3,0,0,0,1,5,0,0,18.898,-144.161,-1.30604,4.089,47.200,16.252,46.681,51.868,17.116,51.868,1484.453,1.390,-1.928,-1.30292,1.493,-1.940,-1.34675,2
29944,374914,10,3,3,0,0,0,1,5,0,0,18.898,-144.241,-1.26407,4.181,47.200,16.252,46.681,51.868,17.116,51.868,1484.453,1.362,-1.914,-1.26095,1.467,-1.926,-1.30604,2
29944,374924,10,3,3,0,0,0,1,5,0,0,18.898,-144.316,-1.22298,3.998,47.200,16.252,46.681,51.868,17.116,51.868,1484.453,1.336,-1.900,-1.21986,1.438,-1.912,-1.26407,2
29959,374934,10,3,3,0,0,0,1,5,0,0,18.898,-144.316,-1.18527,3.601,47.200,16.252,46.681,51.868,17.116,51.868,1484.453,1.382,-1.886,-1.18215,1.413,-1.899,-1.22298,2
29976,374944,10,3,3,0,0,0,1,5,0,0,18.898,-144.396,-1.15328,2.930,47.200,16.252,46.681,51.868,17.116,51.868,1484.453,1.341,-1.876,-1.15016,1.459,-1.885,-1.18527,2
29976,374954,10,3,3,0,0,0,1,5,0,0,18.898,-144.476,-1.13044,1.953,47.200,16.252,46.681,51.868,17.116,51.868,1484.453,1.289,-1.869,-1.12732,1.418,-1.874,-1.15328,2
29991,374964,10,3,3,0,0,0,1,5,0,0,18.898,-144.476,-1.11751,0.977,47.200,16.252,46.681,51.868,17.116,51.868,1484.453,1.305,-1.864,-1.11439,1.366,-1.867,-1.13044,2
30006,374974,10,3,3,0,0,0,1,5,0,0,18.898,-144.476,-1.11469,-0.000,47.200,16.252,46.681,51.868,17.116,51.868,1484.453,1.308,-1.863,-1.11157,1.381,-1.862,-1.11751,2
30006,374984,10,3,3,0,0,0,1,5,0,0,18.898,-144.476,-1.12154,-0.977,47.200,16.252,46.681,51.868,17.116,51.868,1484.453,1.300,-1.865,-1.11842,1.385,-1.861,-1.11469,2
30023,374994,10,3,3,0,0,0,1,5,0,0,18.898,-144.476,-1.13405,-1.495,47.200,16.252,46.681,51.868,17.116,51.868,1484.453,1.285,-1.870,-1.13093,1.377,-1.864,-1.12154,2
30038,375004,10,3,3,0,0,0,1,5,0,0,18.898,-144.476,-1.14747,-1.434,47.200,16.252,46.681,51.868,17.116,51.868,1484.453,1.268,-1.875,-1.14435,1.361,-1.869,-1.13405,2
30038,375014,10,3,3,0,0,0,1,5,0,0,18.898,-144.476,-1.15905,-1.190,47.200,16.252,46.681,51.868,17.116,51.868,1484.453,1.254,-1.879,-1.15593,1.345,-1.874,-1.14747,2
30053,375024,10,3,3,0,0,0,1,5,0,0,18.898,-144.476,-1.16930,-1.007,47.200,16.252,46.681,51.868,17.116,51.868,1484.453,1.242,-1.883,-1.16618,1.331,-1.878,-1.15905,2
30070,375034,10,3,3,0,0,0,1,5,0,0,18.898,-144.476,-1.17967,-0.916,47.200,16.252,46.681,51.868,17.116,51.868,1484.453,1.229,-1.887,-1.17655,1.319,-1.882,-1.16930,2
30070,375044,10,3,3,0,0,0,1,5,0,0,18.898,-144.476,-1.19142,-1.068,47.200,16.252,46.681,51.868,17.116,51.868,1484.453,1.215,-1.892,-1.18830,1.306,-1.886,-1.17967,2
30086,375054,10,3,3,0,0,0,1,5,0,0,18.898,-144.476,-1.20511,-1.312,47.200,16.252,46.681,51.868,17.116,51.868,1484.453,1.198,-1.897,-1.20199,1.292,-1.890,-1.19142,2
30086,375064,10,3,3,0,0,0,1,5,0,0,18.898,-144.476,-1.21969,-1.343,47.200,16.252,46.681,51.868,17.116,51.868,1484.453,1.181,-1.902,-1.21657,1.275,-1.895,-1.20511,2
30102,375074,10,3,3,0,0,0,1,5,0,0,18.898,-144.476,-1.23192,-1.068,47.200,16.252,46.681,51.868,17.116,51.868,1484.453,1.166,-1.907,-1.22880,1.257,-1.901,-1.21969,2
30117,375084,10,3,3,0,0,0,1,5,0,0,18.898,-144.476,-1.24148,-0.793,47.200,16.252,46.681,51.868,17.116,51.868,1484.453,1.154,-1.910,-1.23836,1.243,-1.905,-1.23192,2
30117,375094,10,3,3,0,0,0,1,5,0,0,18.898,-144.476,-1.24732,-0.366,47.200,16.252,46.681,51.868,17.116,51.868,1484.453,1.147,-1.913,-1.24420,1.231,-1.909,-1.24148,2
30133,375104,10,3,3,0,0,0,1,5,0,0,18.898,-144.476,-1.24905,-0.000,47.200,16.252,46.681,51.868,17.116,51.868,1484.453,1.145,-1.913,-1.24593,1.224,-1.911,-1.24732,2
30149,375114,10,3,3,0,0,0,1,5,0,0,18.898,-144.476,-1.24962,0.275,47.200,16.252,46.681,51.868,17.116,51.868,1484.453,1.144,-1.913,-1.24650,1.222,-1.912,-1.24905,2
30149,375124,10,3,3,0,0,0,1,5,0,0,18.898,-144.476,-1.24977,-0.000,47.200,16.252,46.681,51.868,17.116,51.868,1484.453,1.144,-1.913,-1.24665,1.221,-1.912,-1.24962,2
30164,375134,10,3,3,0,0,0,1,5,0,0,18.898,-144.476,-1.25025,-0.000,47.200,16.252,46.681,51.868,17.116,51.868,1484.453,1.144,-1.914,-1.24713,1.221,-1.912,-1.24977,2
30164,375144,10,3,3,0,0,0,1,5,0,0,18.898,-144.476,-1.25138,-0.305,47.200,16.252,46.681,51.868,17.116,51.868,1484.453,1.142,-1.914,-1.24826,1.220,-1.912,-1.25025,2
30179,375154,10,3,3,0,0,0,1,5,0,0,18.898,-144.476,-1.25405,-0.397,47.200,16.252,46.681,51.868,17.116,51.868,1484.453,1.139,-1.915,-1.25093,1.219,-1.913,-1.25138,2
30194,375164,10,3,3,0,0,0,1,5,0,0,18.898,-144.476,-1.25630,-0.366,47.200,16.252,46.681,51.868,17.116,51.868,1484.453,1.136,-1.916,-1.25318,1.216,-1.914,-1.25405,2
30194,375174,10,3,3,0,0,0,1,5,0,0,18.898,-144.476,-1.25618,-0.000,47.200,16.252,46.681,51.868,17.116,51.868,1484.453,1.136,-1.916,-1.25306,1.213,-1.914,-1.25630,2
30210,375184,10,3,3,0,0,0,1,5,0,0,18.898,-144.476,-1.25531,-0.000,47.200,16.252,46.681,51.868,17.116,51.868,1484.453,1.137,-1.916,-1.25219,1.213,-1.914,-1.25618,2
30226,375194,10,3,3,0,0,0,1,5,0,0,18.898,-144.476,-1.25487,-0.000,47.200,16.252,46.681,51.868,17.116,51.868,1484.453,1.138,-1.915,-1.25174,1.214,-1.914,-1.25531,2
30226,375204,10,3,3,0,0,0,1,5,0,0,18.898,-144.476,-1.25638,-0.305,47.200,16.252,46.681,51.868,17.116,51.868,1484.453,1.136,-1.916,-1.25326,1.215,-1.914,-1.25487,2
30241,375214,10,3,3,0,0,0,1,5,0,0,18.898,-144.476,-1.26006,-0.366,47.200,16.252,46.681,51.868,17.116,51.868,1484.453,1.132,-1.917,-1.25694,1.213,-1.914,-1.25638,2
30257,375224,10,3,3,0,0,0,1,5,0,0,18.898,-144.476,-1.26302,-0.305,47.200,16.252,46.681,51.868,17.116,51.868,1484.453,1.128,-1.918,-1.25990,1.208,-1.916,-1.26006,2
30257,375234,10,3,3,0,0,0,1,5,0,0,18.898,-144.476,-1.26571,-0.305,47.200,16.252,46.681,51.868,17.116,51.868,1484.453,1.125,-1.919,-1.26259,1.205,-1.917,-1.26302,2
30273,375244,10,3,3,0,0,0,1,5,0,0,18.898,-144.476,-1.26838,-0.275,47.200,16.252,46.681,51.868,17.116,51.868,1484.453,1.122,-1.920,-1.26526,1.202,-1.918,-1.26571,2
30288,375254,10,3,3,0,0,0,1,5,0,0,18.898,-144.476,-1.27161,-0.397,47.200,16.252,46.681,51.868,17.116,51.868,1484.453,1.118,-1.922,-1.26849,1.198,-1.919,-1.26838,2
30288,375264,10,3,3,0,0,0,1,5,0,0,18.898,-144.476,-1.27540,-0.366,47.200,16.252,46.681,51.868,17.116,51.868,1484.453,1.113,-1.923,-1.27228,1.194,-1.920,-1.27161,2
30303,375274,10,3,3,0,0,0,1,5,0,0,18.898,-144.476,-1.27722,-0.000,47.200,16.252,46.681,51.868,17.116,51.868,1484.453,1.111,-1.924,-1.27410,1.190,-1.922,-1.27540,2
30320,375284,10,3,3,0,0,0,1,5,0,0,18.898,-144.476,-1.27734,-0.000,47.200,16.252,46.681,51.868,17.116,51.868,1484.453,1.111,-1.924,-1.27422,1.188,-1.922,-1.27722,2
30320,375294,10,3,3,0,0,0,1,5,0,0,18.898,-144.476,-1.27737,-0.000,47.200,16.252,46.681,51.868,17.116,51.868,1484.453,1.111,-1.924,-1.27425,1.187,-1.922,-1.27734,2
30335,375304,10,3,3,0,0,0,1,5,0,0,18.898,-144.476,-1.27750,-0.000,47.200,16.252,46.681,51.868,17.116,51.868,1484.453,1.110,-1.924,-1.27438,1.187,-1.922,-1.27737,2
30335,375314,10,3,3,0,0,0,1,5,0,0,18.898,-144.476,-1.27762,-0.000,47.200,16.252,46.681,51.868,17.116,51.868,1484.453,1.110,-1.924,-1.27450,1.187,-1.922,-1.27750,2
30350,375324,10,3,3,0,0,0,1,5,0,0,18.898,-144.476,-1.27813,-0.000,47.200,16.252,46.681,51.868,17.116,51.868,1484.453,1.110,-1.924,-1.27501,1.187,-1.922,-1.27762,2
30366,375334,10,3,3,0,0,0,1,5,0,0,18.898,-144.476,-1.27871,-0.000,47.200,16.252,46.681,51.868,17.116,51.868,1484.453,1.109,-1.924,-1.27559,1.186,-1.923,-1.27813,2
30366,375344,10,3,3,0,0,0,1,5,0,0,18.898,-144.476,-1.27918,-0.000,47.200,16.252,46.681,51.868,17.116,51.868,1484.453,1.108,-1.924,-1.27606,1.186,-1.923,-1.27871,2
30382,375354,10,3,3,0,0,0,1,5,0,0,18.898,-144.476,-1.27987,-0.000,47.200,16.252,46.681,51.868,17.116,51.868,1484.453,1.108,-1.925,-1.27675,1.185,-1.923,-1.27918,2
30397,375364,10,3,3,0,0,0,1,5,0,0,18.898,-144.476,-1.28310,-0.305,47.200,16.252,46.681,51.868,17.116,51.868,1484.453,1.104,-1.926,-1.27998,1.184,-1.923,-1.27987,2
30397,375374,10,3,3,0,0,0,1,5,0,0,18.898,-144.476,-1.28577,-0.305,47.200,16.252,46.681,51.868,17.116,51.868,1484.453,1.100,-1.927,-1.28265,1.180,-1.924,-1.28310,2
30413,375384,10,3,3,0,0,0,1,5,0,0,18.898,-144.476,-1.28829,-0.336,47.200,16.252,46.681,51.868,17.116,51.868,1484.453,1.097,-1.928,-1.28517,1.177,-1.926,-1.28577,2
30429,375394,10,3,3,0,0,0,1,5,0,0,18.898,-144.476,-1.29062,-0.275,47.200,16.252,46.681,51.868,17.116,51.868,1484.453,1.095,-1.929,-1.28750,1.174,-1.926,-1.28829,2
30429,375404,10,3,3,0,0,0,1,5,0,0,18.898,-144.476,-1.29199,-0.000,47.200,16.252,46.681,51.868,17.116,51.868,1484.453,1.093,-1.929,-1.28887,1.171,-1.927,-1.29062,2
30444,375414,10,3,3,0,0,0,1,5,0,0,18.898,-144.476,-1.29208,-0.000,47.200,16.252,46.681,51.868,17.116,51.868,1484.453,1.093,-1.929,-1.28896,1.170,-1.928,-1.29199,2
30444,375424,10,3,3,0,0,0,1,5,0,0,18.898,-144.476,-1.29209,-0.000,47.200,16.252,46.681,51.868,17.116,51.868,1484.453,1.093,-1.929,-1.28897,1.170,-1.928,-1.29208,2
30459,375434,10,3,3,0,0,0,1,5,0,0,18.898,-144.476,-1.29189,-0.000,47.200,16.252,46.681,51.868,17.116,51.868,1484.453,1.093,-1.929,-1.28877,1.170,-1.928,-1.29209,2
30474,375444,10,3,3,0,0,0,1,5,0,0,18.898,-144.511,-1.29138,-0.000,47.200,16.252,46.681,51.868,17.116,51.868,1484.453,1.058,-1.930,-1.28826,1.170,-1.928,-1.29189,2
30474,375454,10,3,3,0,0,0,1,5,0,0,18.898,-144.511,-1.29099,-0.000,47.200,16.252,46.681,51.868,17.116,51.868,1484.453,1.059,-1.930,-1.28787,1.135,-1.928,-1.29138,2
30490,375464,10,3,3,0,0,0,1,5,0,0,18.898,-144.511,-1.29120,-0.000,47.200,16.252,46.681,51.868,17.116,51.868,1484.453,1.058,-1.930,-1.28808,1.135,-1.928,-1.29099,2
30506,375474,10,3,3,0,0,0,1,5,0,0,18.898,-144.511,-1.29150,-0.000,47.200,16.252,46.681,51.868,17.116,51.868,1484.453,1.058,-1.930,-1.28838,1.135,-1.928,-1.29120,2
30506,375484,10,3,3,0,0,0,1,5,0,0,18.898,-144.511,-1.29184,-0.000,47.200,16.252,46.681,51.868,17.116,51.868,1484.453,1.058,-1.930,-1.28872,1.135,-1.928,-1.29150,2
30522,375494,10,3,3,0,0,0,1,5,0,0,18.898,-144.511,-1.29205,-0.000,47.200,16.252,46.681,51.868,17.116,51.868,1484.453,1.057,-1.930,-1.28893,1.134,-1.929,-1.29184,2
30538,375504,10,3,3,0,0,0,1,5,0,0,18.898,-144.511,-1.29270,-0.000,47.200,16.252,46.681,51.868,17.116,51.868,1484.453,1.057,-1.930,-1.28958,1.134,-1.929,-1.29205,2
30538,375514,10,3,3,0,0,0,1,5,0,0,18.898,-144.511,-1.29273,-0.000,47.200,16.252,46.681,51.868,17.116,51.868,1484.453,1.056,-1.930,-1.28961,1.133,-1.929,-1.29270,2
30553,375524,10,3,3,0,0,0,1,5,0,0,18.898,-144.511,-1.29260,-0.000,47.200,16.252,46.681,51.868,17.116,51.868,1484.453,1.057,-1.930,-1.28948,1.133,-1.929,-1.29273,2
30569,375534,10,3,3,0,0,0,1,5,0,0,18.898,-144.511,-1.29216,-0.000,47.200,16.252,46.681,51.868,17.116,51.868,1484.453,1.057,-1.930,-1.28904,1.133,-1.929,-1.29260,2
30569,375544,10,3,3,0,0,0,1,5,0,0,18.898,-144.511,-1.29190,-0.000,47.200,16.252,46.681,51.868,17.116,51.868,1484.453,1.058,-1.930,-1.28878,1.134,-1.929,-1.29216,2
30584,375554,10,3,3,0,0,0,1,5,0,0,18.898,-144.511,-1.29143,-0.000,47.200,16.252,46.681,51.868,17.116,51.868,1484.453,1.058,-1.930,-1.28831,1.134,-1.929,-1.29190,2
30584,375564,10,3,3,0,0,0,1,5,0,0,18.898,-144.511,-1.29104,-0.000,47.200,16.252,46.681,51.868,17.116,51.868,1484.453,1.059,-1.930,-1.28792,1.135,-1.928,-1.29143,2
30599,375574,10,3,3,0,0,0,1,5,0,0,18.898,-144.511,-1.29045,-0.000,47.200,16.252,46.681,51.868,17.116,51.868,1484.453,1.059,-1.930,-1.28733,1.135,-1.928,-1.29104,2
30614,375584,10,3,3,0,0,0,1,5,0,0,18.898,-144.511,-1.28998,-0.000,47.200,16.252,46.681,51.868,17.116,51.868,1484.453,1.060,-1.929,-1.28686,1.136,-1.928,-1.29045,2
30614,375594,10,3,3,0,0,0,1,5,0,0,18.898,-144.511,-1.29005,-0.000,47.200,16.252,46.681,51.868,17.116,51.868,1484.453,1.060,-1.929,-1.28693,1.137,-1.928,-1.28998,2
30629,375604,10,3,3,0,0,0,1,5,0,0,18.898,-144.511,-1.29026,-0.000,47.200,16.252,46.681,51.868,17.116,51.868,1484.453,1.059,-1.929,-1.28714,1.137,-1.928,-1.29005,2
30645,375614,10,3,3,0,0,0,1,5,0,0,18.898,-144.511,-1.29068,-0.000,47.200,16.252,46.681,51.868,17.116,51.868,1484.453,1.059,-1.930,-1.28756,1.136,-1.928,-1.29026,2
30645,375624,10,3,3,0,0,0,1,5,0,0,18.898,-144.511,-1.29072,-0.000,47.200,16.252,46.681,51.868,17.116,51.868,1484.453,1.059,-1.930,-1.28760,1.136,-1.928,-1.29068,2
30660,375634,10,3,3,0,0,0,1,5,0,0,18.898,-144.511,-1.29124,-0.000,47.200,16.252,46.681,51.868,17.116,51.868,1484.453,1.058,-1.930,-1.28812,1.136,-1.928,-1.29072,2
30676,375644,10,3,3,0,0,0,1,5,0,0,18.898,-144.511,-1.29222,-0.000,47.200,16.252,46.681,51.868,17.116,51.868,1484.453,1.057,-1.930,-1.28910,1.135,-1.928,-1.29124,2
30676,375654,10,3,3,0,0,0,1,5,0,0,18.898,-144.511,-1.29310,-0.000,47.200,16.252,46.681,51.868,17.116,51.868,1484.453,1.056,-1.931,-1.28998,1.134,-1.929,-1.29222,2
30692,375664,10,3,3,0,0,0,1,5,0,0,18.898,-144.511,-1.29379,-0.000,47.200,16.252,46.681,51.868,17.116,51.868,1484.453,1.055,-1.931,-1.29067,1.133,-1.929,-1.29310,2
30708,375674,10,3,3,0,0,0,1,5,0,0,18.898,-144.511,-1.29393,-0.000,47.200,16.252,46.681,51.868,17.116,51.868,1484.453,1.055,-1.931,-1.29080,1.132,-1.929,-1.29379,2
30708,375684,10,3,3,0,0,0,1,5,0,0,18.898,-144.511,-1.29379,-0.000,47.200,16.252,46.681,51.868,17.116,51.868,1484.453,1.055,-1.931,-1.29067,1.132,-1.929,-1.29393,2
30724,375694,10,3,3,0,0,0,1,5,0,0,18.898,-144.511,-1.29359,-0.000,47.200,16.252,46.681,51.868,17.116,51.868,1484.453,1.055,-1.931,-1.29047,1.132,-1.929,-1.29379,2
30724,375704,10,3,3,0,0,0,1,5,0,0,18.898,-144.511,-1.29325,-0.000,47.200,16.252,46.681,51.868,17.116,51.868,1484.453,1.056,-1.931,-1.29012,1.132,-1.929,-1.29359,2
30740,375714,10,3,3,0,0,0,1,5,0,0,18.898,-144.511,-1.29292,-0.000,47.200,16.252,46.681,51.868,17.116,51.868,1484.453,1.056,-1.930,-1.28980,1.133,-1.929,-1.29324,2
30756,375724,10,3,3,0,0,0,1,5,0,0,18.898,-144.511,-1.29259,-0.000,47.200,16.252,46.681,51.868,17.116,51.868,1484.453,1.057,-1.930,-1.28947,1.133,-1.929,-1.29292,2
30756,375734,10,3,3,0,0,0,1,5,0,0,18.898,-144.511,-1.29199,-0.000,47.200,16.252,46.681,51.868,17.116,51.868,1484.453,1.057,-1.930,-1.28887,1.133,-1.929,-1.29259,2
30772,375744,10,3,3,0,0,0,1,5,0,0,18.898,-144.511,-1.29181,-0.000,47.200,16.252,46.681,51.868,17.116,51.868,1484.453,1.058,-1.930,-1.28869,1.134,-1.929,-1.29199,2
30788,375754,10,3,3,0,0,0,1,5,0,0,18.898,-144.511,-1.29172,-0.000,47.200,16.252,46.681,51.868,17.116,51.868,1484.453,1.058,-1.930,-1.28860,1.134,-1.929,-1.29181,2
30788,375764,10,3,3,0,0,0,1,5,0,0,18.898,-144.511,-1.29162,-0.000,47.200,16.252,46.681,51.868,17.116,51.868,1484.453,1.058,-1.930,-1.28850,1.134,-1.929,-1.29172,2
30803,375774,10,3,3,0,0,0,1,5,0,0,18.898,-144.511,-1.29164,-0.000,47.200,16.252,46.681,51.868,17.116,51.868,1484.453,1.058,-1.930,-1.28852,1.135,-1.929,-1.29162,2
30818,375784,10,3,3,0,0,0,1,5,0,0,18.898,-144.511,-1.29153,-0.000,47.200,16.252,46.681,51.868,17.116,51.868,1484.453,1.058,-1.930,-1.28841,1.135,-1.929,-1.29164,2
30818,375794,10,3,3,0,0,0,1,5,0,0,18.898,-144.511,-1.29189,-0.000,47.200,16.252,46.681,51.868,17.116,51.868,1484.453,1.058,-1.930,-1.28877,1.135,-1.928,-1.29153,2
30834,375804,10,3,3,0,0,0,1,5,0,0,18.898,-144.511,-1.29210,-0.000,47.200,16.252,46.681,51.868,17.116,51.868,1484.453,1.057,-1.930,-1.28898,1.134,-1.929,-1.29189,2
30834,375814,10,3,3,0,0,0,1,5,0,0,18.898,-144.511,-1.29271,-0.000,47.200,16.252,46.681,51.868,17.116,51.868,1484.453,1.057,-1.930,-1.28959,1.134,-1.929,-1.29210,2
30850,375824,10,3,3,0,0,0,1,5,0,0,18.898,-144.511,-1.29310,-0.000,47.200,16.252,46.681,51.868,17.116,51.868,1484.453,1.056,-1.931,-1.28998,1.133,-1.929,-1.29271,2
30867,375834,10,3,3,0,0,0,1,5,0,0,18.898,-144.511,-1.29339,-0.000,47.200,16.252,46.681,51.868,17.116,51.868,1484.453,1.056,-1.931,-1.29027,1.133,-1.929,-1.29310,2
30867,375844,10,3,3,0,0,0,1,5,0,0,18.898,-144.511,-1.29320,-0.000,47.200,16.252,46.681,51.868,17.116,51.868,1484.453,1.056,-1.931,-1.29008,1.132,-1.929,-1.29339,2
30883,375854,10,3,3,0,0,0,1,5,0,0,18.898,-144.511,-1.29249,-0.000,47.200,16.252,46.681,51.868,17.116,51.868,1484.453,1.057,-1.930,-1.28937,1.133,-1.929,-1.29320,2
30898,375864,10,3,3,0,0,0,1,5,0,0,18.898,-144.511,-1.29232,-0.000,47.200,16.252,46.681,51.868,17.116,51.868,1484.453,1.057,-1.930,-1.28920,1.134,-1.929,-1.29249,2
30898,375874,10,3,3,0,0,0,1,5,0,0,18.898,-144.511,-1.29337,-0.244,47.200,16.252,46.681,51.868,17.116,51.868,1484.453,1.056,-1.931,-1.29024,1.134,-1.929,-1.29232,2
30914,375884,10,3,3,0,0,0,1,5,0,0,18.898,-144.511,-1.29598,-0.336,47.200,16.252,46.681,51.868,17.116,51.868,1484.453,1.053,-1.932,-1.29286,1.133,-1.929,-1.29336,2
30914,375894,10,3,3,0,0,0,1,5,0,0,18.898,-144.511,-1.29872,-0.336,47.200,16.252,46.681,51.868,17.116,51.868,1484.453,1.049,-1.933,-1.29560,1.129,-1.930,-1.29598,2
30929,375904,10,3,3,0,0,0,1,5,0,0,18.898,-144.511,-1.30025,-0.000,47.200,16.252,46.681,51.868,17.116,51.868,1484.453,1.047,-1.933,-1.29713,1.126,-1.931,-1.29872,2
30944,375914,10,3,3,0,0,0,1,5,0,0,18.898,-144.511,-1.30057,-0.000,47.200,16.252,46.681,51.868,17.116,51.868,1484.453,1.047,-1.933,-1.29745,1.124,-1.932,-1.30025,2
30944,375924,10,3,3,0,0,0,1,5,0,0,18.898,-144.511,-1.30148,-0.000,47.200,16.252,46.681,51.868,17.116,51.868,1484.453,1.046,-1.934,-1.29836,1.124,-1.932,-1.30057,2
30959,375934,10,3,3,0,0,0,1,5,0,0,18.898,-144.511,-1.30238,-0.000,47.200,16.252,46.681,51.868,17.116,51.868,1484.453,1.045,-1.934,-1.29926,1.123,-1.932,-1.30148,2
30974,375944,10,3,3,0,0,0,1,5,0,0,18.898,-144.511,-1.30245,-0.000,47.200,16.252,46.681,51.868,17.116,51.868,1484.453,1.045,-1.934,-1.29933,1.122,-1.933,-1.30238,2
30974,375954,10,3,3,0,0,0,1,5,0,0,18.898,-144.511,-1.30234,-0.000,47.200,16.252,46.681,51.868,17.116,51.868,1484.453,1.045,-1.934,-1.29922,1.121,-1.933,-1.30245,2
30990,375964,10,3,3,0,0,0,1,5,0,0,18.898,-144.511,-1.30239,-0.000,47.200,16.252,46.681,51.868,17.116,51.868,1484.453,1.045,-1.934,-1.29927,1.122,-1.933,-1.30234,2
31006,375974,10,3,3,0,0,0,1,5,0,0,18.898,-144.511,-1.30265,-0.000,47.200,16.252,46.681,51.868,17.116,51.868,1484.453,1.044,-1.934,-1.29953,1.122,-1.933,-1.30239,2
31006,375984,10,3,3,0,0,0,1,5,0,0,18.898,-144.511,-1.30269,-0.000,47.200,16.252,46.681,51.868,17.116,51.868,1484.453,1.044,-1.934,-1.29957,1.121,-1.933,-1.30265,2
31021,375994,10,3,3,0,0,0,1,5,0,0,18.898,-144.511,-1.30226,-0.000,47.200,16.252,46.681,51.868,17.116,51.868,1484.453,1.045,-1.934,-1.29914,1.121,-1.933,-1.30269,2
31036,376004,10,3,3,0,0,0,1,5,0,0,18.898,-144.511,-1.30195,-0.000,47.200,16.252,46.681,51.868,17.116,51.868,1484.453,1.045,-1.934,-1.29883,1.122,-1.933,-1.30226,2
31036,376014,10,3,3,0,0,0,1,5,0,0,18.898,-144.511,-1.30205,-0.000,47.200,16.252,46.681,51.868,17.116,51.868,1484.453,1.045,-1.934,-1.29893,1.122,-1.932,-1.30195,2
31052,376024,10,3,3,0,0,0,1,5,0,0,18.898,-144.511,-1.30187,-0.000,47.200,16.252,46.681,51.868,17.116,51.868,1484.453,1.045,-1.934,-1.29875,1.122,-1.932,-1.30205,2
31068,376034,10,3,3,0,0,0,1,5,0,0,18.898,-144.511,-1.30140,-0.000,47.200,16.252,46.681,51.868,17.116,51.868,1484.453,1.046,-1.934,-1.29828,1.122,-1.932,-1.30187,2
31068,376044,10,3,3,0,0,0,1,5,0,0,18.898,-144.511,-1.30073,-0.000,47.200,16.252,46.681,51.868,17.116,51.868,1484.453,1.047,-1.933,-1.29761,1.123,-1.932,-1.30140,2
31084,376054,10,3,3,0,0,0,1,5,0,0,18.898,-144.511,-1.30061,-0.000,47.200,16.252,46.681,51.868,17.116,51.868,1484.453,1.047,-1.933,-1.29749,1.124,-1.932,-1.30073,2
31084,376064,10,3,3,0,0,0,1,5,0,0,18.898,-144.511,-1.30095,-0.000,47.200,16.252,46.681,51.868,17.116,51.868,1484.453,1.047,-1.933,-1.29783,1.124,-1.932,-1.30061,2
31100,376074,10,3,3,0,0,0,1,5,0,0,18.898,-144.511,-1.30139,-0.000,47.200,16.252,46.681,51.868,17.116,51.868,1484.453,1.046,-1.934,-1.29827,1.123,-1.932,-1.30095,2
31115,376084,10,3,3,0,0,0,1,5,0,0,18.898,-144.511,-1.30212,-0.000,47.200,16.252,46.681,51.868,17.116,51.868,1484.453,1.045,-1.934,-1.29900,1.123,-1.932,-1.30139,2
31115,376094,10,3,3,0,0,0,1,5,0,0,18.898,-144.511,-1.30235,-0.000,47.200,16.252,46.681,51.868,17.116,51.868,1484.453,1.045,-1.934,-1.29923,1.122,-1.932,-1.30212,2
31130,376104,10,3,3,0,0,0,1,5,0,0,18.898,-144.511,-1.30240,-0.000,47.200,16.252,46.681,51.868,17.116,51.868,1484.453,1.045,-1.934,-1.29928,1.122,-1.933,-1.30235,2
31146,376114,10,3,3,0,0,0,1,5,0,0,18.898,-144.511,-1.30198,-0.000,47.200,16.252,46.681,51.868,17.116,51.868,1484.453,1.045,-1.934,-1.29886,1.122,-1.933,-1.30240,2
31146,376124,10,3,3,0,0,0,1,5,0,0,18.898,-144.511,-1.30155,-0.000,47.200,16.252,46.681,51.868,17.116,51.868,1484.453,1.046,-1.934,-1.29843,1.122,-1.932,-1.30198,2
31161,376134,10,3,3,0,0,0,1,5,0,0,18.898,-144.511,-1.30103,-0.000,47.200,16.252,46.681,51.868,17.116,51.868,1484.453,1.046,-1.934,-1.29791,1.123,-1.932,-1.30155,2
31177,376144,10,3,3,0,0,0,1,5,0,0,18.898,-144.511,-1.30084,-0.000,47.200,16.252,46.681,51.868,17.116,51.868,1484.453,1.047,-1.933,-1.29772,1.123,-1.932,-1.30103,2
31177,376154,10,3,3,0,0,0,1,5,0,0,18.898,-144.511,-1.30091,-0.000,47.200,16.252,46.681,51.868,17.116,51.868,1484.453,1.047,-1.933,-1.29779,1.123,-1.932,-1.30084,2
31192,376164,10,3,3,0,0,0,1,5,0,0,18.898,-144.511,-1.30101,-0.000,47.200,16.252,46.681,51.868,17.116,51.868,1484.453,1.046,-1.934,-1.29789,1.123,-1.932,-1.30091,2
31208,376174,10,3,3,0,0,0,1,5,0,0,18.898,-144.511,-1.30114,-0.000,47.200,16.252,46.681,51.868,17.116,51.868,1484.453,1.046,-1.934,-1.29802,1.123,-1.932,-1.30101,2
31208,376184,10,3,3,0,0,0,1,5,0,0,18.898,-144.511,-1.30119,-0.000,47.200,16.252,46.681,51.868,17.116,51.868,1484.453,1.046,-1.934,-1.29807,1.123,-1.932,-1.30114,2
31224,376194,10,3,3,0,0,0,1,5,0,0,18.898,-144.511,-1.30112,-0.000,47.200,16.252,46.681,51.868,17.116,51.868,1484.453,1.046,-1.934,-1.29800,1.123,-1.932,-1.30119,2
31224,376204,10,3,3,0,0,0,1,5,0,0,18.898,-144.511,-1.30120,-0.000,47.200,16.252,46.681,51.868,17.116,51.868,1484.453,1.046,-1.934,-1.29808,1.123,-1.932,-1.30112,2
31239,376214,10,3,3,0,0,0,1,5,0,0,18.898,-144.511,-1.30113,-0.000,47.200,16.252,46.681,51.868,17.116,51.868,1484.453,1.046,-1.934,-1.29801,1.123,-1.932,-1.30120,2
31253,376224,10,3,3,0,0,0,1,5,0,0,18.898,-144.511,-1.30126,-0.000,47.200,16.252,46.681,51.868,17.116,51.868,1484.453,1.046,-1.934,-1.29814,1.123,-1.932,-1.30113,2
31270,376234,10,3,3,0,0,0,1,5,0,0,18.898,-144.511,-1.30147,-0.000,47.200,16.252,46.681,51.868,17.116,51.868,1484.453,1.046,-1.934,-1.29835,1.123,-1.932,-1.30126,2
31270,376244,10,3,3,0,0,0,1,5,0,0,18.898,-144.511,-1.30184,-0.000,47.200,16.252,46.681,51.868,17.116,51.868,1484.453,1.045,-1.934,-1.29872,1.123,-1.932,-1.30147,2
31286,376254,10,3,3,0,0,0,1,5,0,0,18.898,-144.511,-1.30207,-0.000,47.200,16.252,46.681,51.868,17.116,51.868,1484.453,1.045,-1.934,-1.29895,1.122,-1.932,-1.30184,2
31286,376264,10,3,3,0,0,0,1,5,0,0,18.898,-144.511,-1.30212,-0.000,47.200,16.252,46.681,51.868,17.116,51.868,1484.453,1.045,-1.934,-1.29900,1.122,-1.932,-1.30207,2
31301,376274,10,3,3,0,0,0,1,5,0,0,18.898,-144.511,-1.30186,-0.000,47.200,16.252,46.681,51.868,17.116,51.868,1484.453,1.045,-1.934,-1.29874,1.122,-1.932,-1.30212,2
31316,376284,10,3,3,0,0,0,1,5,0,0,18.898,-144.511,-1.30174,-0.000,47.200,16.252,46.681,51.868,17.116,51.868,1484.453,1.046,-1.934,-1.29862,1.122,-1.932,-1.30186,2
31316,376294,10,3,3,0,0,0,1,5,0,0,18.898,-144.511,-1.30172,-0.000,47.200,16.252,46.681,51.868,17.116,51.868,1484.453,1.046,-1.934,-1.29860,1.122,-1.932,-1.30174,2
31331,376304,10,3,3,0,0,0,1,5,0,0,18.898,-144.511,-1.30157,-0.000,47.200,16.252,46.681,51.868,17.116,51.868,1484.453,1.046,-1.934,-1.29845,1.122,-1.932,-1.30172,2
31347,376314,10,3,3,0,0,0,1,5,0,0,18.898,-144.511,-1.30172,-0.000,47.200,16.252,46.681,51.868,17.116,51.868,1484.453,1.046,-1.934,-1.29860,1.123,-1.932,-1.30157,2
31347,376324,10,3,3,0,0,0,1,5,0,0,18.898,-144.511,-1.30186,-0.000,47.200,16.252,46.681,51.868,17.116,51.868,1484.453,1.045,-1.934,-1.29874,1.122,-1.932,-1.30172,2
31362,376334,10,3,3,0,0,0,1,5,0,0,18.898,-144.511,-1.30192,-0.000,47.200,16.252,46.681,51.868,17.116,51.868,1484.453,1.045,-1.934,-1.29880,1.122,-1.932,-1.30186,2
31378,376344,10,3,3,0,0,0,1,5,0,0,18.898,-144.511,-1.30201,-0.000,47.200,16.252,46.681,51.868,17.116,51.868,1484.453,1.045,-1.934,-1.29889,1.122,-1.932,-1.30192,2
31378,376354,10,3,3,0,0,0,1,5,0,0,18.898,-144.511,-1.30195,-0.000,47.200,16.252,46.681,51.868,17.116,51.868,1484.453,1.045,-1.934,-1.29883,1.122,-1.932,-1.30201,2
31394,376364,10,3,3,0,0,0,1,5,0,0,18.898,-144.511,-1.30181,-0.000,47.200,16.252,46.681,51.868,17.116,51.868,1484.453,1.045,-1.934,-1.29869,1.122,-1.932,-1.30195,2
31394,376374,10,3,3,0,0,0,1,5,0,0,18.898,-144.511,-1.30160,-0.000,47.200,16.252,46.681,51.868,17.116,51.868,1484.453,1.046,-1.934,-1.29848,1.122,-1.932,-1.30181,2
31410,376384,10,3,3,0,0,0,1,5,0,0,18.898,-144.511,-1.30155,-0.000,47.200,16.252,46.681,51.868,17.116,51.868,1484.453,1.046,-1.934,-1.29843,1.123,-1.932,-1.30160,2
31426,376394,10,3,3,0,0,0,1,5,0,0,18.898,-144.511,-1.30161,-0.000,47.200,16.252,46.681,51.868,17.116,51.868,1484.453,1.046,-1.934,-1.29849,1.123,-1.932,-1.30155,2
31426,376404,10,3,3,0,0,0,1,5,0,0,18.898,-144.511,-1.30147,-0.000,47.200,16.252,46.681,51.868,17.116,51.868,1484.453,1.046,-1.934,-1.29835,1.122,-1.932,-1.30161,2
31440,376414,10,3,3,0,0,0,1,5,0,0,18.898,-144.511,-1.30142,-0.000,47.200,16.252,46.681,51.868,17.116,51.868,1484.453,1.046,-1.934,-1.29830,1.123,-1.932,-1.30147,2
31456,376424,10,3,3,0,0,0,1,5,0,0,18.898,-144.511,-1.30149,-0.000,47.200,16.252,46.681,51.868,17.116,51.868,1484.453,1.046,-1.934,-1.29836,1.123,-1.932,-1.30142,2
31456,376434,10,3,3,0,0,0,1,5,0,0,18.898,-144.511,-1.30139,-0.000,47.200,16.252,46.681,51.868,17.116,51.868,1484.453,1.046,-1.934,-1.29827,1.123,-1.932,-1.30148,2
31471,376444,10,3,3,0,0,0,1,5,0,0,18.898,-144.511,-1.30149,-0.000,47.200,16.252,46.681,51.868,17.116,51.868,1484.453,1.046,-1.934,-1.29837,1.123,-1.932,-1.30139,2
31486,376454,10,3,3,0,0,0,1,5,0,0,18.898,-144.511,-1.30184,-0.000,47.200,16.252,46.681,51.868,17.116,51.868,1484.453,1.045,-1.934,-1.29872,1.123,-1.932,-1.30149,2
31486,376464,10,3,3,0,0,0,1,5,0,0,18.898,-144.511,-1.30197,-0.000,47.200,16.252,46.681,51.868,17.116,51.868,1484.453,1.045,-1.934,-1.29885,1.122,-1.932,-1.30184,2
31502,376474,10,3,3,0,0,0,1,5,0,0,18.898,-144.511,-1.30214,-0.000,47.200,16.252,46.681,51.868,17.116,51.868,1484.453,1.045,-1.934,-1.29902,1.122,-1.932,-1.30197,2
31518,376484,10,3,3,0,0,0,1,5,0,0,18.898,-144.511,-1.30207,-0.000,47.200,16.252,46.681,51.868,17.116,51.868,1484.453,1.045,-1.934,-1.29895,1.122,-1.932,-1.30214,2
31518,376494,10,3,3,0,0,0,1,5,0,0,18.898,-144.511,-1.30200,-0.000,47.200,16.252,46.681,51.868,17.116,51.868,1484.453,1.045,-1.934,-1.29888,1.122,-1.932,-1.30207,2
31534,376504,10,3,3,0,0,0,1,5,0,0,18.898,-144.511,-1.30196,-0.000,47.200,16.252,46.681,51.868,17.116,51.868,1484.453,1.045,-1.934,-1.29884,1.122,-1.932,-1.30200,2
31550,376514,10,3,3,0,0,0,1,5,0,0,18.898,-144.511,-1.30207,-0.000,47.200,16.252,46.681,51.868,17.116,51.868,1484.453,1.045,-1.934,-1.29894,1.122,-1.932,-1.30196,2
31550,376524,10,3,3,0,0,0,1,5,0,0,18.898,-144.511,-1.30211,-0.000,47.200,16.252,46.681,51.868,17.116,51.868,1484.453,1.045,-1.934,-1.29899,1.122,-1.932,-1.30207,2
31565,376534,10,3,3,0,0,0,1,5,0,0,18.898,-144.511,-1.30220,-0.000,47.200,16.252,46.681,51.868,17.116,51.868,1484.453,1.045,-1.934,-1.29908,1.122,-1.932,-1.30211,2
31565,376544,10,3,3,0,0,0,1,5,0,0,18.898,-144.511,-1.30226,-0.000,47.200,16.252,46.681,51.868,17.116,51.868,1484.453,1.045,-1.934,-1.29914,1.122,-1.932,-1.30220,2
31579,376554,10,3,3,0,0,0,1,5,0,0,18.898,-144.511,-1.30196,-0.000,47.200,16.252,46.681,51.868,17.116,51.868,1484.453,1.045,-1.934,-1.29884,1.122,-1.933,-1.30226,2
31595,376564,10,3,3,0,0,0,1,5,0,0,18.898,-144.511,-1.30170,-0.000,47.200,16.252,46.681,51.868,17.116,51.868,1484.453,1.046,-1.934,-1.29858,1.122,-1.932,-1.30196,2
31595,376574,10,3,3,0,0,0,1,5,0,0,18.898,-144.511,-1.30159,-0.000,47.200,16.252,46.681,51.868,17.116,51.868,1484.453,1.046,-1.934,-1.29847,1.122,-1.932,-1.30170,2
31610,376584,10,3,3,0,0,0,1,5,0,0,18.898,-144.511,-1.30161,-0.000,47.200,16.252,46.681,51.868,17.116,51.868,1484.453,1.046,-1.934,-1.29849,1.123,-1.932,-1.30159,2
31626,376594,10,3,3,0,0,0,1,5,0,0,18.898,-144.511,-1.30185,-0.000,47.200,16.252,46.681,51.868,17.116,51.868,1484.453,1.045,-1.934,-1.29873,1.122,-1.932,-1.30161,2
31626,376604,10,3,3,0,0,0,1,5,0,0,18.898,-144.511,-1.30175,-0.000,47.200,16.252,46.681,51.868,17.116,51.868,1484.453,1.046,-1.934,-1.29863,1.122,-1.932,-1.30185,2
31642,376614,10,3,3,0,0,0,1,5,0,0,18.898,-144.511,-1.30176,-0.000,47.200,16.252,46.681,51.868,17.116,51.868,1484.453,1.046,-1.934,-1.29864,1.122,-1.932,-1.30175,2
31657,376624,10,3,3,0,0,0,1,5,0,0,18.898,-144.511,-1.30182,-0.000,47.200,16.252,46.681,51.868,17.116,51.868,1484.453,1.045,-1.934,-1.29870,1.122,-1.932,-1.30176,2
31657,376634,10,3,3,0,0,0,1,5,0,0,18.898,-144.511,-1.30180,-0.000,47.200,16.252,46.681,51.868,17.116,51.868,1484.453,1.045,-1.934,-1.29868,1.122,-1.932,-1.30182,2
31673,376644,10,3,3,0,0,0,1,5,0,0,18.898,-144.511,-1.30189,-0.000,47.200,16.252,46.681,51.868,17.116,51.868,1484.453,1.045,-1.934,-1.29876,1.122,-1.932,-1.30180,2
31689,376654,10,3,3,0,0,0,1,5,0,0,18.898,-144.511,-1.30198,-0.000,47.200,16.252,46.681,51.868,17.116,51.868,1484.453,1.045,-1.934,-1.29886,1.122,-1.932,-1.30188,2
31689,376664,10,3,3,0,0,0,1,5,0,0,18.898,-144.511,-1.30210,-0.000,47.200,16.252,46.681,51.868,17.116,51.868,1484.453,1.045,-1.934,-1.29898,1.122,-1.932,-1.30198,2
31704,376674,10,3,3,0,0,0,1,5,0,0,18.898,-144.511,-1.30214,-0.000,47.200,16.252,46.681,51.868,17.116,51.868,1484.453,1.045,-1.934,-1.29902,1.122,-1.932,-1.30210,2
31704,376684,10,3,3,0,0,0,1,5,0,0,18.898,-144.511,-1.30217,-0.000,47.200,16.252,46.681,51.868,17.116,51.868,1484.453,1.045,-1.934,-1.29905,1.122,-1.932,-1.30214,2
31719,376694,10,3,3,0,0,0,1,5,0,0,18.898,-144.511,-1.30219,-0.000,47.200,16.252,46.681,51.868,17.116,51.868,1484.453,1.045,-1.934,-1.29907,1.122,-1.932,-1.30217,2
31736,376704,10,3,3,0,0,0,1,5,0,0,18.898,-144.511,-1.30210,-0.000,47.200,16.252,46.681,51.868,17.116,51.868,1484.453,1.045,-1.934,-1.29898,1.122,-1.932,-1.30219,2
31736,376714,10,3,3,0,0,0,1,5,0,0,18.898,-144.511,-1.30238,-0.000,47.200,16.252,46.681,51.868,17.116,51.868,1484.453,1.045,-1.934,-1.29926,1.122,-1.932,-1.30210,2
31751,376724,10,3,3,0,0,0,1,5,0,0,18.898,-144.511,-1.30245,-0.000,47.200,16.252,46.681,51.868,17.116,51.868,1484.453,1.045,-1.934,-1.29933,1.122,-1.933,-1.30238,2
31767,376734,10,3,3,0,0,0,1,5,0,0,18.898,-144.511,-1.30249,-0.000,47.200,16.252,46.681,51.868,17.116,51.868,1484.453,1.045,-1.934,-1.29937,1.121,-1.933,-1.30245,2
31767,376744,10,3,3,0,0,0,1,5,0,0,18.898,-144.511,-1.30223,-0.000,47.200,16.252,46.681,51.868,17.116,51.868,1484.453,1.045,-1.934,-1.29911,1.121,-1.933,-1.30249,2
31781,376754,10,3,3,0,0,0,1,5,0,0,18.898,-144.511,-1.30220,-0.000,47.200,16.252,46.681,51.868,17.116,51.868,1484.453,1.045,-1.934,-1.29908,1.122,-1.933,-1.30223,2
31798,376764,10,3,3,0,0,0,1,5,0,0,18.898,-144.511,-1.30200,-0.000,47.200,16.252,46.681,51.868,17.116,51.868,1484.453,1.045,-1.934,-1.29888,1.122,-1.932,-1.30220,2
31798,376774,10,3,3,0,0,0,1,5,0,0,18.898,-144.511,-1.30185,-0.000,47.200,16.252,46.681,51.868,17.116,51.868,1484.453,1.045,-1.934,-1.29873,1.122,-1.932,-1.30200,2
31813,376784,10,3,3,0,0,0,1,5,0,0,18.898,-144.511,-1.30213,-0.000,47.200,16.252,46.681,51.868,17.116,51.868,1484.453,1.045,-1.934,-1.29901,1.122,-1.932,-1.30185,2
31829,376794,10,3,3,0,0,0,1,5,0,0,18.898,-144.511,-1.30222,-0.000,47.200,16.252,46.681,51.868,17.116,51.868,1484.453,1.045,-1.934,-1.29910,1.122,-1.932,-1.30213,2
31829,376804,10,3,3,0,0,0,1,5,0,0,18.898,-144.511,-1.30211,-0.000,47.200,16.252,46.681,51.868,17.116,51.868,1484.453,1.045,-1.934,-1.29899,1.122,-1.932,-1.30222,2
31844,376814,10,3,3,0,0,0,1,5,0,0,18.898,-144.511,-1.30196,-0.000,47.200,16.252,46.681,51.868,17.116,51.868,1484.453,1.045,-1.934,-1.29884,1.122,-1.932,-1.30211,2
31844,376824,10,3,3,0,0,0,1,5,0,0,18.898,-144.511,-1.30208,-0.000,47.200,16.252,46.681,51.868,17.116,51.868,1484.453,1.045,-1.934,-1.29896,1.122,-1.932,-1.30196,2
31860,376834,10,3,3,0,0,0,1,5,0,0,18.898,-144.511,-1.30211,-0.000,47.200,16.252,46.681,51.868,17.116,51.868,1484.453,1.045,-1.934,-1.29899,1.122,-1.932,-1.30208,2
31875,376844,10,3,3,0,0,0,1,5,0,0,18.898,-144.511,-1.30230,-0.000,47.200,16.252,46.681,51.868,17.116,51.868,1484.453,1.045,-1.934,-1.29918,1.122,-1.932,-1.30211,2
31875,376854,10,3,3,0,0,0,1,5,0,0,18.898,-144.511,-1.30237,-0.000,47.200,16.252,46.681,51.868,17.116,51.868,1484.453,1.045,-1.934,-1.29925,1.122,-1.933,-1.30230,2
31890,376864,10,3,3,0,0,0,1,5,0,0,18.898,-144.511,-1.30235,-0.000,47.200,16.252,46.681,51.868,17.116,51.868,1484.453,1.045,-1.934,-1.29923,1.122,-1.933,-1.30237,2
31906,376874,10,3,3,0,0,0,1,5,0,0,18.898,-144.511,-1.30220,-0.000,47.200,16.252,46.681,51.868,17.116,51.868,1484.453,1.045,-1.934,-1.29908,1.122,-1.933,-1.30235,2
31906,376884,10,3,3,0,0,0,1,5,0,0,18.898,-144.511,-1.30215,-0.000,47.200,16.252,46.681,51.868,17.116,51.868,1484.453,1.045,-1.934,-1.29903,1.122,-1.932,-1.30220,2
31921,376894,10,3,3,0,0,0,1,5,0,0,18.898,-144.511,-1.30204,-0.000,47.200,16.252,46.681,51.868,17.116,51.868,1484.453,1.045,-1.934,-1.29892,1.122,-1.932,-1.30215,2
31937,376904,10,3,3,0,0,0,1,5,0,0,18.898,-144.511,-1.30214,-0.000,47.200,16.252,46.681,51.868,17.116,51.868,1484.453,1.045,-1.934,-1.29902,1.122,-1.932,-1.30204,2
31937,376914,10,3,3,0,0,0,1,5,0,0,18.898,-144.511,-1.30218,-0.000,47.200,16.252,46.681,51.868,17.116,51.868,1484.453,1.045,-1.934,-1.29906,1.122,-1.932,-1.30214,2
31953,376924,10,3,3,0,0,0,1,5,0,0,18.898,-144.511,-1.30244,-0.000,47.200,16.252,46.681,51.868,17.116,51.868,1484.453,1.045,-1.934,-1.29932,1.122,-1.932,-1.30218,2
31983,376934,10,3,3,0,0,0,1,5,0,0,18.898,-144.511,-1.30254,-0.000,47.200,16.252,46.681,51.868,17.116,51.868,1484.453,1.045,-1.934,-1.29942,1.121,-1.933,-1.30244,2
31983,376944,10,3,3,0,0,0,1,5,0,0,18.898,-144.511,-1.30241,-0.000,47.200,16.252,46.681,51.868,17.116,51.868,1484.453,1.045,-1.934,-1.29929,1.121,-1.933,-1.30254,2
31983,376954,10,3,3,0,0,0,1,5,0,0,18.898,-144.511,-1.30227,-0.000,47.200,16.252,46.681,51.868,17.116,51.868,1484.453,1.045,-1.934,-1.29915,1.122,-1.933,-1.30241,2
32002,376964,10,3,3,0,0,0,1,5,0,0,18.898,-144.511,-1.30215,-0.000,47.200,16.252,46.681,51.868,17.116,51.868,1484.453,1.045,-1.934,-1.29902,1.122,-1.933,-1.30227,2
32002,376974,10,3,3,0,0,0,1,5,0,0,18.898,-144.511,-1.30189,-0.000,47.200,16.252,46.681,51.868,17.116,51.868,1484.453,1.045,-1.934,-1.29877,1.122,-1.932,-1.30215,2
32029,376984,10,3,3,0,0,0,1,5,0,0,18.898,-144.511,-1.30164,-0.000,47.200,16.252,46.681,51.868,17.116,51.868,1484.453,1.046,-1.934,-1.29852,1.122,-1.932,-1.30189,2
32029,376994,10,3,3,0,0,0,1,5,0,0,18.898,-144.511,-1.30171,-0.000,47.200,16.252,46.681,51.868,17.116,51.868,1484.453,1.046,-1.934,-1.29859,1.122,-1.932,-1.30164,2
32029,377004,10,3,3,0,0,0,1,5,0,0,18.898,-144.511,-1.30192,-0.000,47.200,16.252,46.681,51.868,17.116,51.868,1484.453,1.045,-1.934,-1.29880,1.122,-1.932,-1.30171,2
32046,377014,10,3,3,0,0,0,1,5,0,0,18.898,-144.511,-1.30184,-0.000,47.200,16.252,46.681,51.868,17.116,51.868,1484.453,1.045,-1.934,-1.29872,1.122,-1.932,-1.30192,2
32046,377024,10,3,3,0,0,0,1,5,0,0,18.898,-144.511,-1.30188,-0.000,47.200,16.252,46.681,51.868,17.116,51.868,1484.453,1.045,-1.934,-1.29876,1.122,-1.932,-1.30184,2
32077,377034,10,3,3,0,0,0,1,5,0,0,18.898,-144.511,-1.30204,-0.000,47.200,16.252,46.681,51.868,17.116,51.868,1484.453,1.045,-1.934,-1.29892,1.122,-1.932,-1.30188,2
32077,377044,10,3,3,0,0,0,1,5,0,0,18.898,-144.511,-1.30210,-0.000,47.200,16.252,46.681,51.868,17.116,51.868,1484.453,1.045,-1.934,-1.29898,1.122,-1.932,-1.30204,2
32077,377054,10,3,3,0,0,0,1,5,0,0,18.898,-144.511,-1.30226,-0.000,47.200,16.252,46.681,51.868,17.116,51.868,1484.453,1.045,-1.934,-1.29914,1.122,-1.932,-1.30210,2
32107,377064,10,3,3,0,0,0,1,5,0,0,18.898,-144.511,-1.30247,-0.000,47.200,16.252,46.681,51.868,17.116,51.868,1484.453,1.045,-1.934,-1.29935,1.122,-1.933,-1.30226,2
32107,377074,10,3,3,0,0,0,1,5,0,0,18.898,-144.511,-1.30254,-0.000,47.200,16.252,46.681,51.868,17.116,51.868,1484.453,1.045,-1.934,-1.29942,1.121,-1.933,-1.30247,2
32107,377084,10,3,3,0,0,0,1,5,0,0,18.898,-144.511,-1.30248,-0.000,47.200,16.252,46.681,51.868,17.116,51.868,1484.453,1.045,-1.934,-1.29936,1.121,-1.933,-1.30254,2
32122,377094,10,3,3,0,0,0,1,5,0,0,18.898,-144.511,-1.30247,-0.000,47.200,16.252,46.681,51.868,17.116,51.868,1484.453,1.045,-1.934,-1.29935,1.121,-1.933,-1.30248,2
32138,377104,10,3,3,0,0,0,1,5,0,0,18.898,-144.511,-1.30242,-0.000,47.200,16.252,46.681,51.868,17.116,51.868,1484.453,1.045,-1.934,-1.29930,1.121,-1.933,-1.30247,2
32138,377114,10,3,3,0,0,0,1,5,0,0,18.898,-144.511,-1.30235,-0.000,47.200,16.252,46.681,51.868,17.116,51.868,1484.453,1.045,-1.934,-1.29923,1.122,-1.933,-1.30242,2
32155,377124,10,3,3,0,0,0,1,5,0,0,18.898,-144.511,-1.30224,-0.000,47.200,16.252,46.681,51.868,17.116,51.868,1484.453,1.045,-1.934,-1.29912,1.122,-1.933,-1.30235,2
32155,377134,10,3,3,0,0,0,1,5,0,0,18.898,-144.511,-1.30225,-0.000,47.200,16.252,46.681,51.868,17.116,51.868,1484.453,1.045,-1.934,-1.29913,1.122,-1.933,-1.30224,2
32169,377144,10,3,3,0,0,0,1,5,0,0,18.898,-144.511,-1.30219,-0.000,47.200,16.252,46.681,51.868,17.116,51.868,1484.453,1.045,-1.934,-1.29907,1.122,-1.933,-1.30225,2
32185,377154,10,3,3,0,0,0,1,5,0,0,18.898,-144.511,-1.30211,-0.000,47.200,16.252,46.681,51.868,17.116,51.868,1484.453,1.045,-1.934,-1.29899,1.122,-1.932,-1.30219,2
32185,377164,10,3,3,0,0,0,1,5,0,0,18.898,-144.511,-1.30221,-0.000,47.200,16.252,46.681,51.868,17.116,51.868,1484.453,1.045,-1.934,-1.29909,1.122,-1.932,-1.30211,2
32201,377174,10,3,3,0,0,0,1,5,0,0,18.898,-144.511,-1.30228,-0.000,47.200,16.252,46.681,51.868,17.116,51.868,1484.453,1.045,-1.934,-1.29916,1.122,-1.932,-1.30221,2
32217,377184,10,3,3,0,0,0,1,5,0,0,18.898,-144.511,-1.30206,-0.000,47.200,16.252,46.681,51.868,17.116,51.868,1484.453,1.045,-1.934,-1.29894,1.122,-1.933,-1.30228,2
32217,377194,10,3,3,0,0,0,1,5,0,0,18.898,-144.511,-1.30207,-0.000,47.200,16.252,46.681,51.868,17.116,51.868,1484.453,1.045,-1.934,-1.29895,1.122,-1.932,-1.30206,2
32232,377204,10,3,3,0,0,0,1,5,0,0,18.898,-144.511,-1.30229,-0.000,47.200,16.252,46.681,51.868,17.116,51.868,1484.453,1.045,-1.934,-1.29916,1.122,-1.932,-1.30207,2
32247,377214,10,3,3,0,0,0,1,5,0,0,18.898,-144.511,-1.30235,-0.000,47.200,16.252,46.681,51.868,17.116,51.868,1484.453,1.045,-1.934,-1.29923,1.122,-1.933,-1.30229,2
32247,377224,10,3,3,0,0,0,1,5,0,0,18.898,-144.511,-1.30199,-0.000,47.200,16.252,46.681,51.868,17.116,51.868,1484.453,1.045,-1.934,-1.29887,1.122,-1.933,-1.30235,2
32262,377234,10,3,3,0,0,0,1,5,0,0,18.898,-144.511,-1.30211,-0.000,47.200,16.252,46.681,51.868,17.116,51.868,1484.453,1.045,-1.934,-1.29898,1.122,-1.932,-1.30199,2
32278,377244,10,3,3,0,0,0,1,5,0,0,18.898,-144.511,-1.30208,-0.000,47.200,16.252,46.681,51.868,17.116,51.868,1484.453,1.045,-1.934,-1.29896,1.122,-1.932,-1.30210,2
32278,377254,10,3,3,0,0,0,1,5,0,0,18.898,-144.511,-1.30199,-0.000,47.200,16.252,46.681,51.868,17.116,51.868,1484.453,1.045,-1.934,-1.29887,1.122,-1.932,-1.30208,2
32292,377264,10,3,3,0,0,0,1,5,0,0,18.898,-144.511,-1.30187,-0.000,47.200,16.252,46.681,51.868,17.116,51.868,1484.453,1.045,-1.934,-1.29875,1.122,-1.932,-1.30199,2
32308,377274,10,3,3,0,0,0,1,5,0,0,18.898,-144.511,-1.30176,-0.000,47.200,16.252,46.681,51.868,17.116,51.868,1484.453,1.046,-1.934,-1.29864,1.122,-1.932,-1.30187,2
32308,377284,10,3,3,0,0,0,1,5,0,0,18.898,-144.511,-1.30192,-0.000,47.200,16.252,46.681,51.868,17.116,51.868,1484.453,1.045,-1.934,-1.29880,1.122,-1.932,-1.30176,2
32323,377294,10,3,3,0,0,0,1,5,0,0,18.898,-144.511,-1.30187,-0.000,47.200,16.252,46.681,51.868,17.116,51.868,1484.453,1.045,-1.934,-1.29875,1.122,-1.932,-1.30192,2
32339,377304,10,3,3,0,0,0,1,5,0,0,18.898,-144.511,-1.30214,-0.000,47.200,16.252,46.681,51.868,17.116,51.868,1484.453,1.045,-1.934,-1.29901,1.122,-1.932,-1.30187,2
32339,377314,10,3,3,0,0,0,1,5,0,0,18.898,-144.511,-1.30227,-0.000,47.200,16.252,46.681,51.868,17.116,51.868,1484.453,1.045,-1.934,-1.29915,1.122,-1.932,-1.30213,2
32354,377324,10,3,3,0,0,0,1,5,0,0,18.898,-144.511,-1.30234,-0.000,47.200,16.252,46.681,51.868,17.116,51.868,1484.453,1.045,-1.934,-1.29922,1.122,-1.933,-1.30227,2
32354,377334,10,3,3,0,0,0,1,5,0,0,18.898,-144.511,-1.30219,-0.000,47.200,16.252,46.681,51.868,17.116,51.868,1484.453,1.045,-1.934,-1.29907,1.122,-1.933,-1.30234,2
32370,377344,10,3,3,0,0,0,1,5,0,0,18.898,-144.511,-1.30224,-0.000,47.200,16.252,46.681,51.868,17.116,51.868,1484.453,1.045,-1.934,-1.29911,1.122,-1.932,-1.30219,2
32385,377354,10,3,3,0,0,0,1,5,0,0,18.898,-144.511,-1.30230,-0.000,47.200,16.252,46.681,51.868,17.116,51.868,1484.453,1.045,-1.934,-1.29918,1.122,-1.933,-1.30223,2
32385,377364,10,3,3,0,0,0,1,5,0,0,18.898,-144.511,-1.30213,-0.000,47.200,16.252,46.681,51.868,17.116,51.868,1484.453,1.045,-1.934,-1.29901,1.122,-1.933,-1.30230,2
32400,377374,10,3,3,0,0,0,1,5,0,0,18.898,-144.511,-1.30229,-0.000,47.200,16.252,46.681,51.868,17.116,51.868,1484.453,1.045,-1.934,-1.29916,1.122,-1.932,-1.30213,2
32415,377384,10,3,3,0,0,0,1,5,0,0,18.898,-144.511,-1.30237,-0.000,47.200,16.252,46.681,51.868,17.116,51.868,1484.453,1.045,-1.934,-1.29925,1.122,-1.933,-1.30228,2
32415,377394,10,3,3,0,0,0,1,5,0,0,18.898,-144.511,-1.30237,-0.000,47.200,16.252,46.681,51.868,17.116,51.868,1484.453,1.045,-1.934,-1.29925,1.122,-1.933,-1.30237,2
32431,377404,10,3,3,0,0,0,1,5,0,0,18.898,-144.511,-1.30221,-0.000,47.200,16.252,46.681,51.868,17.116,51.868,1484.453,1.045,-1.934,-1.29909,1.122,-1.933,-1.30237,2
32446,377414,10,3,3,0,0,0,1,5,0,0,18.898,-144.511,-1.30203,-0.000,47.200,16.252,46.681,51.868,17.116,51.868,1484.453,1.045,-1.934,-1.29891,1.122,-1.932,-1.30221,2
32446,377424,10,3,3,0,0,0,1,5,0,0,18.898,-144.511,-1.30204,-0.000,47.200,16.252,46.681,51.868,17.116,51.868,1484.453,1.045,-1.934,-1.29892,1.122,-1.932,-1.30203,2
32462,377434,10,3,3,0,0,0,1,5,0,0,18.898,-144.511,-1.30194,-0.000,47.200,16.252,46.681,51.868,17.116,51.868,1484.453,1.045,-1.934,-1.29882,1.122,-1.932,-1.30204,2
32478,377444,10,3,3,0,0,0,1,5,0,0,18.898,-144.511,-1.30180,-0.000,47.200,16.252,46.681,51.868,17.116,51.868,1484.453,1.046,-1.934,-1.29867,1.122,-1.932,-1.30194,2
32478,377454,10,3,3,0,0,0,1,5,0,0,18.898,-144.511,-1.30187,-0.000,47.200,16.252,46.681,51.868,17.116,51.868,1484.453,1.045,-1.934,-1.29875,1.122,-1.932,-1.30180,2
32493,377464,10,3,3,0,0,0,1,5,0,0,18.898,-144.511,-1.30189,-0.000,47.200,16.252,46.681,51.868,17.116,51.868,1484.453,1.045,-1.934,-1.29877,1.122,-1.932,-1.30187,2
32508,377474,10,3,3,0,0,0,1,5,0,0,18.898,-144.511,-1.30188,-0.000,47.200,16.252,46.681,51.868,17.116,51.868,1484.453,1.045,-1.934,-1.29876,1.122,-1.932,-1.30189,2
32508,377484,10,3,3,0,0,0,1,5,0,0,18.898,-144.511,-1.30181,-0.000,47.200,16.252,46.681,51.868,17.116,51.868,1484.453,1.045,-1.934,-1.29869,1.122,-1.932,-1.30188,2
32524,377494,10,3,3,0,0,0,1,5,0,0,18.898,-144.511,-1.30176,-0.000,47.200,16.252,46.681,51.868,17.116,51.868,1484.453,1.046,-1.934,-1.29864,1.122,-1.932,-1.30181,2
32524,377504,10,3,3,0,0,0,1,5,0,0,18.898,-144.511,-1.30184,-0.000,47.200,16.252,46.681,51.868,17.116,51.868,1484.453,1.045,-1.934,-1.29872,1.122,-1.932,-1.30176,2
32541,377514,10,3,3,0,0,0,1,5,0,0,18.898,-144.511,-1.30179,-0.000,47.200,16.252,46.681,51.868,17.116,51.868,1484.453,1.046,-1.934,-1.29866,1.122,-1.932,-1.30184,2
32557,377524,10,3,3,0,0,0,1,5,0,0,18.898,-144.511,-1.30171,-0.000,47.200,16.252,46.681,51.868,17.116,51.868,1484.453,1.046,-1.934,-1.29859,1.122,-1.932,-1.30178,2
32557,377534,10,3,3,0,0,0,1,5,0,0,18.898,-144.511,-1.30167,-0.000,47.200,16.252,46.681,51.868,17.116,51.868,1484.453,1.046,-1.934,-1.29855,1.122,-1.932,-1.30171,2
32572,377544,10,3,3,0,0,0,1,5,0,0,18.898,-144.511,-1.30182,-0.000,47.200,16.252,46.681,51.868,17.116,51.868,1484.453,1.045,-1.934,-1.29870,1.122,-1.932,-1.30167,2
32588,377554,10,3,3,0,0,0,1,5,0,0,18.898,-144.511,-1.30191,-0.000,47.200,16.252,46.681,51.868,17.116,51.868,1484.453,1.045,-1.934,-1.29879,1.122,-1.932,-1.30182,2
32588,377564,10,3,3,0,0,0,1,5,0,0,18.898,-144.511,-1.30168,-0.000,47.200,16.252,46.681,51.868,17.116,51.868,1484.453,1.046,-1.934,-1.29856,1.122,-1.932,-1.30191,2
32604,377574,10,3,3,0,0,0,1,5,0,0,18.898,-144.511,-1.30171,-0.000,47.200,16.252,46.681,51.868,17.116,51.868,1484.453,1.046,-1.934,-1.29859,1.122,-1.932,-1.30168,2
32619,377584,10,3,3,0,0,0,1,5,0,0,18.898,-144.511,-1.30178,-0.000,47.200,16.252,46.681,51.868,17.116,51.868,1484.453,1.046,-1.934,-1.29866,1.122,-1.932,-1.30171,2
32619,377594,10,3,3,0,0,0,1,5,0,0,18.898,-144.511,-1.30197,-0.000,47.200,16.252,46.681,51.868,17.116,51.868,1484.453,1.045,-1.934,-1.29885,1.122,-1.932,-1.30178,2
32635,377604,10,3,3,0,0,0,1,5,0,0,18.898,-144.511,-1.30183,-0.000,47.200,16.252,46.681,51.868,17.116,51.868,1484.453,1.045,-1.934,-1.29871,1.122,-1.932,-1.30197,2
32635,377614,10,3,3,0,0,0,1,5,0,0,18.898,-144.511,-1.30199,-0.000,47.200,16.252,46.681,51.868,17.116,51.868,1484.453,1.045,-1.934,-1.29886,1.122,-1.932,-1.30183,2
32650,377624,10,3,3,0,0,0,1,5,0,0,18.898,-144.511,-1.30197,-0.000,47.200,16.252,46.681,51.868,17.116,51.868,1484.453,1.045,-1.934,-1.29885,1.122,-1.932,-1.30199,2
32666,377634,10,3,3,0,0,0,1,5,0,0,18.898,-144.511,-1.30190,-0.000,47.200,16.252,46.681,51.868,17.116,51.868,1484.453,1.045,-1.934,-1.29878,1.122,-1.932,-1.30197,2
32666,377644,10,3,3,0,0,0,1,5,0,0,18.898,-144.511,-1.30190,-0.000,47.200,16.252,46.681,51.868,17.116,51.868,1484.453,1.045,-1.934,-1.29878,1.122,-1.932,-1.30190,2
32681,377654,10,3,3,0,0,0,1,5,0,0,18.898,-144.511,-1.30198,-0.000,47.200,16.252,46.681,51.868,17.116,51.868,1484.453,1.045,-1.934,-1.29886,1.122,-1.932,-1.30190,2
32698,377664,10,3,3,0,0,0,1,5,0,0,18.898,-144.511,-1.30200,-0.000,47.200,16.252,46.681,51.868,17.116,51.868,1484.453,1.045,-1.934,-1.29888,1.122,-1.932,-1.30198,2
32698,377674,10,3,3,0,0,0,1,5,0,0,18.898,-144.511,-1.30211,-0.000,47.200,16.252,46.681,51.868,17.116,51.868,1484.453,1.045,-1.934,-1.29899,1.122,-1.932,-1.30200,2
32713,377684,10,3,3,0,0,0,1,5,0,0,18.898,-144.511,-1.30221,-0.000,47.200,16.252,46.681,51.868,17.116,51.868,1484.453,1.045,-1.934,-1.29909,1.122,-1.932,-1.30211,2
32729,377694,10,3,3,0,0,0,1,5,0,0,18.898,-144.511,-1.30227,-0.000,47.200,16.252,46.681,51.868,17.116,51.868,1484.453,1.045,-1.934,-1.29915,1.122,-1.932,-1.30221,2
32729,377704,10,3,3,0,0,0,1,5,0,0,18.898,-144.511,-1.30234,-0.000,47.200,16.252,46.681,51.868,17.116,51.868,1484.453,1.045,-1.934,-1.29922,1.122,-1.933,-1.30227,2
32744,377714,10,3,3,0,0,0,1,5,0,0,18.898,-144.511,-1.30220,-0.000,47.200,16.252,46.681,51.868,17.116,51.868,1484.453,1.045,-1.934,-1.29908,1.122,-1.933,-1.30234,2
32760,377724,10,3,3,0,0,0,1,5,0,0,18.898,-144.511,-1.30203,-0.000,47.200,16.252,46.681,51.868,17.116,51.868,1484.453,1.045,-1.934,-1.29891,1.122,-1.932,-1.30220,2
32760,377734,10,3,3,0,0,0,1,5,0,0,18.898,-144.511,-1.30201,-0.000,47.200,16.252,46.681,51.868,17.116,51.868,1484.453,1.045,-1.934,-1.29889,1.122,-1.932,-1.30203,2
32776,377744,10,3,3,0,0,0,1,5,0,0,18.898,-144.511,-1.30198,-0.000,47.200,16.252,46.681,51.868,17.116,51.868,1484.453,1.045,-1.934,-1.29886,1.122,-1.932,-1.30201,2
32776,377754,10,3,3,0,0,0,1,5,0,0,18.898,-144.511,-1.30213,-0.000,47.200,16.252,46.681,51.868,17.116,51.868,1484.453,1.045,-1.934,-1.29901,1.122,-1.932,-1.30198,2
32791,377764,10,3,3,0,0,0,1,5,0,0,18.898,-144.511,-1.30237,-0.000,47.200,16.252,46.681,51.868,17.116,51.868,1484.453,1.045,-1.934,-1.29925,1.122,-1.932,-1.30213,2
32806,377774,10,3,3,0,0,0,1,5,0,0,18.898,-144.511,-1.30233,-0.000,47.200,16.252,46.681,51.868,17.116,51.868,1484.453,1.045,-1.934,-1.29921,1.122,-1.933,-1.30237,2
32806,377784,10,3,3,0,0,0,1,5,0,0,18.898,-144.511,-1.30227,-0.000,47.200,16.252,46.681,51.868,17.116,51.868,1484.453,1.045,-1.934,-1.29915,1.122,-1.933,-1.30233,2
32821,377794,10,3,3,0,0,0,1,5,0,0,18.898,-144.511,-1.30208,-0.000,47.200,16.252,46.681,51.868,17.116,51.868,1484.453,1.045,-1.934,-1.29896,1.122,-1.933,-1.30227,2
32837,377804,10,3,3,0,0,0,1,5,0,0,18.898,-144.511,-1.30193,-0.000,47.200,16.252,46.681,51.868,17.116,51.868,1484.453,1.045,-1.934,-1.29881,1.122,-1.932,-1.30208,2
32837,377814,10,3,3,0,0,0,1,5,0,0,18.898,-144.511,-1.30210,-0.000,47.200,16.252,46.681,51.868,17.116,51.868,1484.453,1.045,-1.934,-1.29898,1.122,-1.932,-1.30193,2
32853,377824,10,3,3,0,0,0,1,5,0,0,18.898,-144.511,-1.30219,-0.000,47.200,16.252,46.681,51.868,17.116,51.868,1484.453,1.045,-1.934,-1.29907,1.122,-1.932,-1.30210,2
32869,377834,10,3,3,0,0,0,1,5,0,0,18.898,-144.511,-1.30237,-0.000,47.200,16.252,46.681,51.868,17.116,51.868,1484.453,1.045,-1.934,-1.29925,1.122,-1.932,-1.30219,2
32869,377844,10,3,3,0,0,0,1,5,0,0,18.898,-144.511,-1.30243,-0.000,47.200,16.252,46.681,51.868,17.116,51.868,1484.453,1.045,-1.934,-1.29931,1.122,-1.933,-1.30237,2
32885,377854,10,3,3,0,0,0,1,5,0,0,18.898,-144.511,-1.30243,-0.000,47.200,16.252,46.681,51.868,17.116,51.868,1484.453,1.045,-1.934,-1.29931,1.122,-1.933,-1.30243,2
32885,377864,10,3,3,0,0,0,1,5,0,0,18.898,-144.511,-1.30237,-0.000,47.200,16.252,46.681,51.868,17.116,51.868,1484.453,1.045,-1.934,-1.29925,1.122,-1.933,-1.30243,2
32900,377874,10,3,3,0,0,0,1,5,0,0,18.898,-144.511,-1.30238,-0.000,47.200,16.252,46.681,51.868,17.116,51.868,1484.453,1.045,-1.934,-1.29926,1.122,-1.933,-1.30237,2
32916,377884,10,3,3,0,0,0,1,5,0,0,18.898,-144.511,-1.30242,-0.000,47.200,16.252,46.681,51.868,17.116,51.868,1484.453,1.045,-1.934,-1.29930,1.122,-1.933,-1.30238,2
32916,377894,10,3,3,0,0,0,1,5,0,0,18.898,-144.511,-1.30232,-0.000,47.200,16.252,46.681,51.868,17.116,51.868,1484.453,1.045,-1.934,-1.29919,1.122,-1.933,-1.30242,2
32931,377904,10,3,3,0,0,0,1,5,0,0,18.898,-144.511,-1.30237,-0.000,47.200,16.252,46.681,51.868,17.116,51.868,1484.453,1.045,-1.934,-1.29925,1.122,-1.933,-1.30231,2
32946,377914,10,3,3,0,0,0,1,5,0,0,18.898,-144.511,-1.30236,-0.000,47.200,16.252,46.681,51.868,17.116,51.868,1484.453,1.045,-1.934,-1.29924,1.122,-1.933,-1.30237,2
32946,377924,10,3,3,0,0,0,1,5,0,0,18.898,-144.511,-1.30227,-0.000,47.200,16.252,46.681,51.868,17.116,51.868,1484.453,1.045,-1.934,-1.29915,1.122,-1.933,-1.30236,2
32962,377934,10,3,3,0,0,0,1,5,0,0,18.898,-144.511,-1.30212,-0.000,47.200,16.252,46.681,51.868,17.116,51.868,1484.453,1.045,-1.934,-1.29900,1.122,-1.933,-1.30227,2
32977,377944,10,3,3,0,0,0,1,5,0,0,18.898,-144.511,-1.30220,-0.000,47.200,16.252,46.681,51.868,17.116,51.868,1484.453,1.045,-1.934,-1.29908,1.122,-1.932,-1.30212,2
32977,377954,10,3,3,0,0,0,1,5,0,0,18.898,-144.511,-1.30230,-0.000,47.200,16.252,46.681,51.868,17.116,51.868,1484.453,1.045,-1.934,-1.29918,1.122,-1.932,-1.30220,2
32992,377964,10,3,3,0,0,0,1,5,0,0,18.898,-144.511,-1.30253,-0.000,47.200,16.252,46.681,51.868,17.116,51.868,1484.453,1.045,-1.934,-1.29941,1.122,-1.933,-1.30230,2
33008,377974,10,3,3,0,0,0,1,5,0,0,18.898,-144.511,-1.30225,-0.000,47.200,16.252,46.681,51.868,17.116,51.868,1484.453,1.045,-1.934,-1.29913,1.121,-1.933,-1.30253,2
33008,377984,10,3,3,0,0,0,1,5,0,0,18.898,-144.511,-1.30206,-0.000,47.200,16.252,46.681,51.868,17.116,51.868,1484.453,1.045,-1.934,-1.29894,1.122,-1.933,-1.30225,2
33023,377994,10,3,3,0,0,0,1,5,0,0,18.898,-144.511,-1.30224,-0.000,47.200,16.252,46.681,51.868,17.116,51.868,1484.453,1.045,-1.934,-1.29912,1.122,-1.932,-1.30206,2
33039,378004,10,3,3,0,0,0,1,5,0,0,18.898,-144.511,-1.30225,-0.000,47.200,16.252,46.681,51.868,17.116,51.868,1484.453,1.045,-1.934,-1.29913,1.122,-1.933,-1.30224,2
33039,378014,10,3,3,0,0,0,1,5,0,0,18.898,-144.511,-1.30201,-0.000,47.200,16.252,46.681,51.868,17.116,51.868,1484.453,1.045,-1.934,-1.29889,1.122,-1.933,-1.30225,2
33054,378024,10,3,3,0,0,0,1,5,0,0,18.898,-144.511,-1.30180,-0.000,47.200,16.252,46.681,51.868,17.116,51.868,1484.453,1.045,-1.934,-1.29868,1.122,-1.932,-1.30201,2
33070,378034,10,3,3,0,0,0,1,5,0,0,18.898,-144.511,-1.30192,-0.000,47.200,16.252,46.681,51.868,17.116,51.868,1484.453,1.045,-1.934,-1.29880,1.122,-1.932,-1.30180,2
33070,378044,10,3,3,0,0,0,1,5,0,0,18.898,-144.511,-1.30206,-0.000,47.200,16.252,46.681,51.868,17.116,51.868,1484.453,1.045,-1.934,-1.29894,1.122,-1.932,-1.30192,2
33086,378054,10,3,3,0,0,0,1,5,0,0,18.898,-144.511,-1.30206,-0.000,47.200,16.252,46.681,51.868,17.116,51.868,1484.453,1.045,-1.934,-1.29894,1.122,-1.932,-1.30206,2
33086,378064,10,3,3,0,0,0,1,5,0,0,18.898,-144.511,-1.30206,-0.000,47.200,16.252,46.681,51.868,17.116,51.868,1484.453,1.045,-1.934,-1.29894,1.122,-1.932,-1.30206,2
33101,378074,10,3,3,0,0,0,1,5,0,0,18.898,-144.511,-1.30215,-0.000,47.200,16.252,46.681,51.868,17.116,51.868,1484.453,1.045,-1.934,-1.29903,1.122,-1.932,-1.30206,2
33117,378084,10,3,3,0,0,0,1,5,0,0,18.898,-144.511,-1.30220,-0.000,47.200,16.252,46.681,51.868,17.116,51.868,1484.453,1.045,-1.934,-1.29908,1.122,-1.932,-1.30215,2
33117,378094,10,3,3,0,0,0,1,5,0,0,18.898,-144.511,-1.30212,-0.000,47.200,16.252,46.681,51.868,17.116,51.868,1484.453,1.045,-1.934,-1.29900,1.122,-1.932,-1.30220,2
33133,378104,10,3,3,0,0,0,1,5,0,0,18.898,-144.511,-1.30219,-0.000,47.200,16.252,46.681,51.868,17.116,51.868,1484.453,1.045,-1.934,-1.29907,1.122,-1.932,-1.30212,2
33148,378114,10,3,3,0,0,0,1,5,0,0,18.898,-144.511,-1.30205,-0.000,47.200,16.252,46.681,51.868,17.116,51.868,1484.453,1.045,-1.934,-1.29893,1.122,-1.932,-1.30219,2
33148,378124,10,3,3,0,0,0,1,5,0,0,18.898,-144.511,-1.30187,-0.000,47.200,16.252,46.681,51.868,17.116,51.868,1484.453,1.045,-1.934,-1.29875,1.122,-1.932,-1.30205,2
33164,378134,10,3,3,0,0,0,1,5,0,0,18.898,-144.511,-1.30183,-0.000,47.200,16.252,46.681,51.868,17.116,51.868,1484.453,1.045,-1.934,-1.29871,1.122,-1.932,-1.30187,2
33178,378144,10,3,3,0,0,0,1,5,0,0,18.898,-144.511,-1.30166,-0.000,47.200,16.252,46.681,51.868,17.116,51.868,1484.453,1.046,-1.934,-1.29854,1.122,-1.932,-1.30183,2
33178,378154,10,3,3,0,0,0,1,5,0,0,18.898,-144.511,-1.30148,-0.000,47.200,16.252,46.681,51.868,17.116,51.868,1484.453,1.046,-1.934,-1.29836,1.122,-1.932,-1.30166,2
33195,378164,10,3,3,0,0,0,1,5,0,0,18.898,-144.511,-1.30165,-0.000,47.200,16.252,46.681,51.868,17.116,51.868,1484.453,1.046,-1.934,-1.29853,1.123,-1.932,-1.30148,2
33195,378174,10,3,3,0,0,0,1,5,0,0,18.898,-144.511,-1.30189,-0.000,47.200,16.252,46.681,51.868,17.116,51.868,1484.453,1.045,-1.934,-1.29877,1.122,-1.932,-1.30165,2
33210,378184,10,3,3,0,0,0,1,5,0,0,18.898,-144.511,-1.30224,-0.000,47.200,16.252,46.681,51.868,17.116,51.868,1484.453,1.045,-1.934,-1.29912,1.122,-1.932,-1.30189,2
33226,378194,10,3,3,0,0,0,1,5,0,0,18.898,-144.511,-1.30211,-0.000,47.200,16.252,46.681,51.868,17.116,51.868,1484.453,1.045,-1.934,-1.29899,1.122,-1.932,-1.30224,2
33226,378204,10,3,3,0,0,0,1,5,0,0,18.898,-144.511,-1.30195,-0.000,47.200,16.252,46.681,51.868,17.116,51.868,1484.453,1.045,-1.934,-1.29883,1.122,-1.932,-1.30211,2
33241,378214,10,3,3,0,0,0,1,5,0,0,18.898,-144.511,-1.30217,-0.000,47.200,16.252,46.681,51.868,17.116,51.868,1484.453,1.045,-1.934,-1.29905,1.122,-1.932,-1.30195,2
33257,378224,10,3,3,0,0,0,1,5,0,0,18.898,-144.511,-1.30216,-0.000,47.200,16.252,46.681,51.868,17.116,51.868,1484.453,1.045,-1.934,-1.29904,1.122,-1.932,-1.30217,2
33257,378234,10,3,3,0,0,0,1,5,0,0,18.898,-144.511,-1.30231,-0.000,47.200,16.252,46.681,51.868,17.116,51.868,1484.453,1.045,-1.934,-1.29919,1.122,-1.932,-1.30216,2
33273,378244,10,3,3,0,0,0,1,5,0,0,18.898,-144.511,-1.30230,-0.000,47.200,16.252,46.681,51.868,17.116,51.868,1484.453,1.045,-1.934,-1.29918,1.122,-1.933,-1.30231,2
33289,378254,10,3,3,0,0,0,1,5,0,0,18.898,-144.511,-1.30230,-0.000,47.200,16.252,46.681,51.868,17.116,51.868,1484.453,1.045,-1.934,-1.29918,1.122,-1.933,-1.30230,2
33289,378264,10,3,3,0,0,0,1,5,0,0,18.898,-144.511,-1.30239,-0.000,47.200,16.252,46.681,51.868,17.116,51.868,1484.453,1.045,-1.934,-1.29927,1.122,-1.933,-1.30230,2
33304,378274,10,3,3,0,0,0,1,5,0,0,18.898,-144.511,-1.30246,-0.000,47.200,16.252,46.681,51.868,17.116,51.868,1484.453,1.045,-1.934,-1.29934,1.122,-1.933,-1.30239,2
33319,378284,10,3,3,0,0,0,1,5,0,0,18.898,-144.511,-1.30231,-0.000,47.200,16.252,46.681,51.868,17.116,51.868,1484.453,1.045,-1.934,-1.29919,1.121,-1.933,-1.30246,2
33319,378294,10,3,3,0,0,0,1,5,0,0,18.898,-144.511,-1.30193,-0.000,47.200,16.252,46.681,51.868,17.116,51.868,1484.453,1.045,-1.934,-1.29881,1.122,-1.933,-1.30231,2
33334,378304,10,3,3,0,0,0,1,5,0,0,18.898,-144.511,-1.30191,-0.000,47.200,16.252,46.681,51.868,17.116,51.868,1484.453,1.045,-1.934,-1.29879,1.122,-1.932,-1.30193,2
33334,378314,10,3,3,0,0,0,1,5,0,0,18.898,-144.511,-1.30185,-0.000,47.200,16.252,46.681,51.868,17.116,51.868,1484.453,1.045,-1.934,-1.29873,1.122,-1.932,-1.30191,2
33351,378324,10,3,3,0,0,0,1,5,0,0,18.898,-144.511,-1.30195,-0.000,47.200,16.252,46.681,51.868,17.116,51.868,1484.453,1.045,-1.934,-1.29883,1.122,-1.932,-1.30185,2
33366,378334,10,3,3,0,0,0,1,5,0,0,18.898,-144.511,-1.30195,-0.000,47.200,16.252,46.681,51.868,17.116,51.868,1484.453,1.045,-1.934,-1.29883,1.122,-1.932,-1.30195,2
33366,378344,10,3,3,0,0,0,1,5,0,0,18.898,-144.511,-1.30199,-0.000,47.200,16.252,46.681,51.868,17.116,51.868,1484.453,1.045,-1.934,-1.29887,1.122,-1.932,-1.30195,2
33381,378354,10,3,3,0,0,0,1,5,0,0,18.898,-144.511,-1.30177,-0.000,47.200,16.252,46.681,51.868,17.116,51.868,1484.453,1.046,-1.934,-1.29865,1.122,-1.932,-1.30199,2
33397,378364,10,3,3,0,0,0,1,5,0,0,18.898,-144.511,-1.30179,-0.000,47.200,16.252,46.681,51.868,17.116,51.868,1484.453,1.046,-1.934,-1.29867,1.122,-1.932,-1.30177,2
33397,378374,10,3,3,0,0,0,1,5,0,0,18.898,-144.511,-1.30168,-0.000,47.200,16.252,46.681,51.868,17.116,51.868,1484.453,1.046,-1.934,-1.29856,1.122,-1.932,-1.30179,2
33412,378384,10,3,3,0,0,0,1,5,0,0,18.898,-144.511,-1.30156,-0.000,47.200,16.252,46.681,51.868,17.116,51.868,1484.453,1.046,-1.934,-1.29844,1.122,-1.932,-1.30168,2
33428,378394,10,3,3,0,0,0,1,5,0,0,18.898,-144.511,-1.30145,-0.000,47.200,16.252,46.681,51.868,17.116,51.868,1484.453,1.046,-1.934,-1.29833,1.123,-1.932,-1.30156,2
33428,378404,10,3,3,0,0,0,1,5,0,0,18.898,-144.511,-1.30157,-0.000,47.200,16.252,46.681,51.868,17.116,51.868,1484.453,1.046,-1.934,-1.29845,1.123,-1.932,-1.30145,2
33444,378414,10,3,3,0,0,0,1,5,0,0,18.898,-144.511,-1.30178,-0.000,47.200,16.252,46.681,51.868,17.116,51.868,1484.453,1.046,-1.934,-1.29866,1.123,-1.932,-1.30157,2
33460,378424,10,3,3,0,0,0,1,5,0,0,18.898,-144.511,-1.30186,-0.000,47.200,16.252,46.681,51.868,17.116,51.868,1484.453,1.045,-1.934,-1.29874,1.122,-1.932,-1.30178,2
33460,378434,10,3,3,0,0,0,1,5,0,0,18.898,-144.511,-1.30177,-0.000,47.200,16.252,46.681,51.868,17.116,51.868,1484.453,1.046,-1.934,-1.29865,1.122,-1.932,-1.30186,2
33475,378444,10,3,3,0,0,0,1,5,0,0,18.898,-144.511,-1.30174,-0.000,47.200,16.252,46.681,51.868,17.116,51.868,1484.453,1.046,-1.934,-1.29862,1.122,-1.932,-1.30177,2
33475,378454,10,3,3,0,0,0,1,5,0,0,18.898,-144.511,-1.30187,-0.000,47.200,16.252,46.681,51.868,17.116,51.868,1484.453,1.045,-1.934,-1.29875,1.122,-1.932,-1.30174,2
33490,378464,10,3,3,0,0,0,1,5,0,0,18.898,-144.511,-1.30203,-0.000,47.200,16.252,46.681,51.868,17.116,51.868,1484.453,1.045,-1.934,-1.29891,1.122,-1.932,-1.30187,2
33505,378474,10,3,3,0,0,0,1,5,0,0,18.898,-144.511,-1.30215,-0.000,47.200,16.252,46.681,51.868,17.116,51.868,1484.453,1.045,-1.934,-1.29903,1.122,-1.932,-1.30203,2
33505,378484,10,3,3,0,0,0,1,5,0,0,18.898,-144.511,-1.30191,-0.000,47.200,16.252,46.681,51.868,17.116,51.868,1484.453,1.045,-1.934,-1.29879,1.122,-1.932,-1.30215,2
33520,378494,10,3,3,0,0,0,1,5,0,0,18.898,-144.511,-1.30174,-0.000,47.200,16.252,46.681,51.868,17.116,51.868,1484.453,1.046,-1.934,-1.29862,1.122,-1.932,-1.30191,2
33536,378504,10,3,3,0,0,0,1,5,0,0,18.898,-144.511,-1.30186,-0.000,47.200,16.252,46.681,51.868,17.116,51.868,1484.453,1.045,-1.934,-1.29874,1.122,-1.932,-1.30174,2
33536,378514,10,3,3,0,0,0,1,5,0,0,18.898,-144.511,-1.30220,-0.000,47.200,16.252,46.681,51.868,17.116,51.868,1484.453,1.045,-1.934,-1.29908,1.122,-1.932,-1.30186,2
33552,378524,10,3,3,0,0,0,1,5,0,0,18.898,-144.511,-1.30221,-0.000,47.200,16.252,46.681,51.868,17.116,51.868,1484.453,1.045,-1.934,-1.29909,1.122,-1.932,-1.30220,2
33568,378534,10,3,3,0,0,0,1,5,0,0,18.898,-144.511,-1.30234,-0.000,47.200,16.252,46.681,51.868,17.116,51.868,1484.453,1.045,-1.934,-1.29922,1.122,-1.932,-1.30221,2
33568,378544,10,3,3,0,0,0,1,5,0,0,18.898,-144.511,-1.30241,-0.000,47.200,16.252,46.681,51.868,17.116,51.868,1484.453,1.045,-1.934,-1.29928,1.122,-1.933,-1.30234,2
33583,378554,10,3,3,0,0,0,1,5,0,0,18.898,-144.511,-1.30229,-0.000,47.200,16.252,46.681,51.868,17.116,51.868,1484.453,1.045,-1.934,-1.29917,1.122,-1.933,-1.30241,2
33598,378564,10,3,3,0,0,0,1,5,0,0,18.898,-144.511,-1.30225,-0.000,47.200,16.252,46.681,51.868,17.116,51.868,1484.453,1.045,-1.934,-1.29913,1.122,-1.933,-1.30229,2
33598,378574,10,3,3,0,0,0,1,5,0,0,18.898,-144.511,-1.30207,-0.000,47.200,16.252,46.681,51.868,17.116,51.868,1484.453,1.045,-1.934,-1.29895,1.122,-1.933,-1.30225,2
33614,378584,10,3,3,0,0,0,1,5,0,0,18.898,-144.511,-1.30224,-0.000,47.200,16.252,46.681,51.868,17.116,51.868,1484.453,1.045,-1.934,-1.29912,1.122,-1.932,-1.30207,2
33629,378594,10,3,3,0,0,0,1,5,0,0,18.898,-144.511,-1.30247,-0.000,47.200,16.252,46.681,51.868,17.116,51.868,1484.453,1.045,-1.934,-1.29935,1.122,-1.933,-1.30224,2
33629,378604,10,3,3,0,0,0,1,5,0,0,18.898,-144.511,-1.30259,-0.000,47.200,16.252,46.681,51.868,17.116,51.868,1484.453,1.045,-1.934,-1.29947,1.121,-1.933,-1.30247,2
33645,378614,10,3,3,0,0,0,1,5,0,0,18.898,-144.511,-1.30255,-0.000,47.200,16.252,46.681,51.868,17.116,51.868,1484.453,1.045,-1.934,-1.29943,1.121,-1.933,-1.30259,2
33645,378624,10,3,3,0,0,0,1,5,0,0,18.898,-144.511,-1.30238,-0.000,47.200,16.252,46.681,51.868,17.116,51.868,1484.453,1.045,-1.934,-1.29926,1.121,-1.933,-1.30255,2
33661,378634,10,3,3,0,0,0,1,5,0,0,18.898,-144.511,-1.30239,-0.000,47.200,16.252,46.681,51.868,17.116,51.868,1484.453,1.045,-1.934,-1.29927,1.122,-1.933,-1.30238,2
33677,378644,10,3,3,0,0,0,1,5,0,0,18.898,-144.511,-1.30230,-0.000,47.200,16.252,46.681,51.868,17.116,51.868,1484.453,1.045,-1.934,-1.29917,1.122,-1.933,-1.30239,2
33677,378654,10,3,3,0,0,0,1,5,0,0,18.898,-144.511,-1.30232,-0.000,47.200,16.252,46.681,51.868,17.116,51.868,1484.453,1.045,-1.934,-1.29920,1.122,-1.933,-1.30230,2
33692,378664,10,3,3,0,0,0,1,5,0,0,18.898,-144.511,-1.30230,-0.000,47.200,16.252,46.681,51.868,17.116,51.868,1484.453,1.045,-1.934,-1.29918,1.122,-1.933,-1.30232,2
33708,378674,10,3,3,0,0,0,1,5,0,0,18.898,-144.511,-1.30219,-0.000,47.200,16.252,46.681,51.868,17.116,51.868,1484.453,1.045,-1.934,-1.29907,1.122,-1.933,-1.30230,2
33708,378684,10,3,3,0,0,0,1,5,0,0,18.898,-144.511,-1.30219,-0.000,47.200,16.252,46.681,51.868,17.116,51.868,1484.453,1.045,-1.934,-1.29907,1.122,-1.932,-1.30219,2
33723,378694,10,3,3,0,0,0,1,5,0,0,18.898,-144.511,-1.30211,-0.000,47.200,16.252,46.681,51.868,17.116,51.868,1484.453,1.045,-1.934,-1.29899,1.122,-1.932,-1.30219,2
33739,378704,10,3,3,0,0,0,1,5,0,0,18.898,-144.511,-1.30215,-0.000,47.200,16.252,46.681,51.868,17.116,51.868,1484.453,1.045,-1.934,-1.29903,1.122,-1.932,-1.30211,2
33739,378714,10,3,3,0,0,0,1,5,0,0,18.898,-144.511,-1.30193,-0.000,47.200,16.252,46.681,51.868,17.116,51.868,1484.453,1.045,-1.934,-1.29881,1.122,-1.932,-1.30215,2
33754,378724,10,3,3,0,0,0,1,5,0,0,18.898,-144.511,-1.30208,-0.000,47.200,16.252,46.681,51.868,17.116,51.868,1484.453,1.045,-1.934,-1.29896,1.122,-1.932,-1.30193,2
33754,378734,10,3,3,0,0,0,1,5,0,0,18.898,-144.511,-1.30215,-0.000,47.200,16.252,46.681,51.868,17.116,51.868,1484.453,1.045,-1.934,-1.29903,1.122,-1.932,-1.30208,2
33771,378744,10,3,3,0,0,0,1,5,0,0,18.898,-144.511,-1.30213,-0.000,47.200,16.252,46.681,51.868,17.116,51.868,1484.453,1.045,-1.934,-1.29901,1.122,-1.932,-1.30215,2
33786,378754,10,3,3,0,0,0,1,5,0,0,18.898,-144.511,-1.30208,-0.000,47.200,16.252,46.681,51.868,17.116,51.868,1484.453,1.045,-1.934,-1.29896,1.122,-1.932,-1.30213,2
33786,378764,10,3,3,0,0,0,1,5,0,0,18.898,-144.511,-1.30215,-0.000,47.200,16.252,46.681,51.868,17.116,51.868,1484.453,1.045,-1.934,-1.29903,1.122,-1.932,-1.30208,2
33801,378774,10,3,3,0,0,0,1,5,0,0,18.898,-144.511,-1.30199,-0.000,47.200,16.252,46.681,51.868,17.116,51.868,1484.453,1.045,-1.934,-1.29887,1.122,-1.932,-1.30215,2
33816,378784,10,3,3,0,0,0,1,5,0,0,18.898,-144.511,-1.30164,-0.000,47.200,16.252,46.681,51.868,17.116,51.868,1484.453,1.046,-1.934,-1.29852,1.122,-1.932,-1.30199,2
33816,378794,10,3,3,0,0,0,1,5,0,0,18.898,-144.511,-1.30157,-0.000,47.200,16.252,46.681,51.868,17.116,51.868,1484.453,1.046,-1.934,-1.29845,1.122,-1.932,-1.30164,2
33831,378804,10,3,3,0,0,0,1,5,0,0,18.898,-144.511,-1.30145,-0.000,47.200,16.252,46.681,51.868,17.116,51.868,1484.453,1.046,-1.934,-1.29833,1.123,-1.932,-1.30157,2
33846,378814,10,3,3,0,0,0,1,5,0,0,18.898,-144.511,-1.30157,-0.000,47.200,16.252,46.681,51.868,17.116,51.868,1484.453,1.046,-1.934,-1.29845,1.123,-1.932,-1.30145,2
33846,378824,10,3,3,0,0,0,1,5,0,0,18.898,-144.511,-1.30163,-0.000,47.200,16.252,46.681,51.868,17.116,51.868,1484.453,1.046,-1.934,-1.29851,1.123,-1.932,-1.30157,2
33862,378834,10,3,3,0,0,0,1,5,0,0,18.898,-144.511,-1.30183,-0.000,47.200,16.252,46.681,51.868,17.116,51.868,1484.453,1.045,-1.934,-1.29871,1.122,-1.932,-1.30163,2
33878,378844,10,3,3,0,0,0,1,5,0,0,18.898,-144.511,-1.30176,-0.000,47.200,16.252,46.681,51.868,17.116,51.868,1484.453,1.046,-1.934,-1.29864,1.122,-1.932,-1.30183,2
33878,378854,10,3,3,0,0,0,1,5,0,0,18.898,-144.511,-1.30166,-0.000,47.200,16.252,46.681,51.868,17.116,51.868,1484.453,1.046,-1.934,-1.29854,1.122,-1.932,-1.30176,2
33894,378864,10,3,3,0,0,0,1,5,0,0,18.898,-144.511,-1.30195,-0.000,47.200,16.252,46.681,51.868,17.116,51.868,1484.453,1.045,-1.934,-1.29882,1.122,-1.932,-1.30166,2
33894,378874,10,3,3,0,0,0,1,5,0,0,18.898,-144.511,-1.30213,-0.000,47.200,16.252,46.681,51.868,17.116,51.868,1484.453,1.045,-1.934,-1.29901,1.122,-1.932,-1.30194,2
33910,378884,10,3,3,0,0,0,1,5,0,0,18.898,-144.511,-1.30220,-0.000,47.200,16.252,46.681,51.868,17.116,51.868,1484.453,1.045,-1.934,-1.29908,1.122,-1.932,-1.30213,2
33925,378894,10,3,3,0,0,0,1,5,0,0,18.898,-144.511,-1.30227,-0.000,47.200,16.252,46.681,51.868,17.116,51.868,1484.453,1.045,-1.934,-1.29915,1.122,-1.932,-1.30220,2
33925,378904,10,3,3,0,0,0,1,5,0,0,18.898,-144.511,-1.30223,-0.000,47.200,16.252,46.681,51.868,17.116,51.868,1484.453,1.045,-1.934,-1.29911,1.122,-1.933,-1.30227,2
33941,378914,10,3,3,0,0,0,1,5,0,0,18.898,-144.511,-1.30233,-0.000,47.200,16.252,46.681,51.868,17.116,51.868,1484.453,1.045,-1.934,-1.29921,1.122,-1.932,-1.30223,2
33957,378924,10,3,3,0,0,0,1,5,0,0,18.898,-144.511,-1.30201,-0.000,47.200,16.252,46.681,51.868,17.116,51.868,1484.453,1.045,-1.934,-1.29889,1.122,-1.933,-1.30233,2
33957,378934,10,3,3,0,0,0,1,5,0,0,18.898,-144.511,-1.30165,-0.000,47.200,16.252,46.681,51.868,17.116,51.868,1484.453,1.046,-1.934,-1.29852,1.122,-1.932,-1.30201,2
33972,378944,10,3,3,0,0,0,1,5,0,0,18.898,-144.511,-1.30177,-0.000,47.200,16.252,46.681,51.868,17.116,51.868,1484.453,1.046,-1.934,-1.29865,1.122,-1.932,-1.30165,2
33988,378954,10,3,3,0,0,0,1,5,0,0,18.898,-144.511,-1.30192,-0.000,47.200,16.252,46.681,51.868,17.116,51.868,1484.453,1.045,-1.934,-1.29880,1.122,-1.932,-1.30177,2
33988,378964,10,3,3,0,0,0,1,5,0,0,18.898,-144.511,-1.30196,-0.000,47.200,16.252,46.681,51.868,17.116,51.868,1484.453,1.045,-1.934,-1.29884,1.122,-1.932,-1.30192,2
34004,378974,10,3,3,0,0,0,1,5,0,0,18.898,-144.511,-1.30196,-0.000,47.200,16.252,46.681,51.868,17.116,51.868,1484.453,1.045,-1.934,-1.29884,1.122,-1.932,-1.30196,2
34019,378984,10,3,3,0,0,0,1,5,0,0,18.898,-144.511,-1.30202,-0.000,47.200,16.252,46.681,51.868,17.116,51.868,1484.453,1.045,-1.934,-1.29890,1.122,-1.932,-1.30196,2
34019,378994,10,3,3,0,0,0,1,5,0,0,18.898,-144.511,-1.30182,-0.000,47.200,16.252,46.681,51.868,17.116,51.868,1484.453,1.045,-1.934,-1.29870,1.122,-1.932,-1.30202,2
34034,379004,10,3,3,0,0,0,1,5,0,0,18.898,-144.511,-1.30167,-0.000,47.200,16.252,46.681,51.868,17.116,51.868,1484.453,1.046,-1.934,-1.29855,1.122,-1.932,-1.30182,2
34034,379014,10,3,3,0,0,0,1,5,0,0,18.898,-144.511,-1.30183,-0.000,47.200,16.252,46.681,51.868,17.116,51.868,1484.453,1.045,-1.934,-1.29870,1.122,-1.932,-1.30167,2
34050,379024,10,3,3,0,0,0,1,5,0,0,18.898,-144.511,-1.30210,-0.000,47.200,16.252,46.681,51.868,17.116,51.868,1484.453,1.045,-1.934,-1.29898,1.122,-1.932,-1.30183,2
34067,379034,10,3,3,0,0,0,1,5,0,0,18.898,-144.511,-1.30209,-0.000,47.200,16.252,46.681,51.868,17.116,51.868,1484.453,1.045,-1.934,-1.29897,1.122,-1.932,-1.30210,2
34067,379044,10,3,3,0,0,0,1,5,0,0,18.898,-144.511,-1.30203,-0.000,47.200,16.252,46.681,51.868,17.116,51.868,1484.453,1.045,-1.934,-1.29891,1.122,-1.932,-1.30209,2
34082,379054,10,3,3,0,0,0,1,5,0,0,18.898,-144.511,-1.30196,-0.000,47.200,16.252,46.681,51.868,17.116,51.868,1484.453,1.045,-1.934,-1.29884,1.122,-1.932,-1.30203,2
34098,379064,10,3,3,0,0,0,1,5,0,0,18.898,-144.511,-1.30209,-0.000,47.200,16.252,46.681,51.868,17.116,51.868,1484.453,1.045,-1.934,-1.29897,1.122,-1.932,-1.30196,2
34098,379074,10,3,3,0,0,0,1,5,0,0,18.898,-144.511,-1.30212,-0.000,47.200,16.252,46.681,51.868,17.116,51.868,1484.453,1.045,-1.934,-1.29900,1.122,-1.932,-1.30209,2
34113,379084,10,3,3,0,0,0,1,5,0,0,18.898,-144.511,-1.30207,-0.000,47.200,16.252,46.681,51.868,17.116,51.868,1484.453,1.045,-1.934,-1.29895,1.122,-1.932,-1.30212,2
34128,379094,10,3,3,0,0,0,1,5,0,0,18.898,-144.511,-1.30198,-0.000,47.200,16.252,46.681,51.868,17.116,51.868,1484.453,1.045,-1.934,-1.29886,1.122,-1.932,-1.30207,2
34128,379104,10,3,3,0,0,0,1,5,0,0,18.898,-144.511,-1.30193,-0.000,47.200,16.252,46.681,51.868,17.116,51.868,1484.453,1.045,-1.934,-1.29881,1.122,-1.932,-1.30198,2
34144,379114,10,3,3,0,0,0,1,5,0,0,18.898,-144.511,-1.30208,-0.000,47.200,16.252,46.681,51.868,17.116,51.868,1484.453,1.045,-1.934,-1.29896,1.122,-1.932,-1.30193,2
34160,379124,10,3,3,0,0,0,1,5,0,0,18.898,-144.511,-1.30199,-0.000,47.200,16.252,46.681,51.868,17.116,51.868,1484.453,1.045,-1.934,-1.29887,1.122,-1.932,-1.30208,2
34160,379134,10,3,3,0,0,0,1,5,0,0,18.898,-144.511,-1.30196,-0.000,47.200,16.252,46.681,51.868,17.116,51.868,1484.453,1.045,-1.934,-1.29884,1.122,-1.932,-1.30199,2
34175,379144,10,3,3,0,0,0,1,5,0,0,18.898,-144.511,-1.30206,-0.000,47.200,16.252,46.681,51.868,17.116,51.868,1484.453,1.045,-1.934,-1.29894,1.122,-1.932,-1.30196,2
34175,379154,10,3,3,0,0,0,1,5,0,0,18.898,-144.511,-1.30210,-0.000,47.200,16.252,46.681,51.868,17.116,51.868,1484.453,1.045,-1.934,-1.29898,1.122,-1.932,-1.30206,2
34191,379164,10,3,3,0,0,0,1,5,0,0,18.898,-144.511,-1.30187,-0.000,47.200,16.252,46.681,51.868,17.116,51.868,1484.453,1.045,-1.934,-1.29875,1.122,-1.932,-1.30210,2
34206,379174,10,3,3,0,0,0,1,5,0,0,18.898,-144.511,-1.30194,-0.000,47.200,16.252,46.681,51.868,17.116,51.868,1484.453,1.045,-1.934,-1.29882,1.122,-1.932,-1.30187,2
34206,379184,10,3,3,0,0,0,1,5,0,0,18.898,-144.511,-1.30206,-0.000,47.200,16.252,46.681,51.868,17.116,51.868,1484.453,1.045,-1.934,-1.29894,1.122,-1.932,-1.30194,2
34222,379194,10,3,3,0,0,0,1,5,0,0,18.898,-144.511,-1.30216,-0.000,47.200,16.252,46.681,51.868,17.116,51.868,1484.453,1.045,-1.934,-1.29904,1.122,-1.932,-1.30206,2
34238,379204,10,3,3,0,0,0,1,5,0,0,18.898,-144.511,-1.30221,-0.000,47.200,16.252,46.681,51.868,17.116,51.868,1484.453,1.045,-1.934,-1.29909,1.122,-1.932,-1.30216,2
34238,379214,10,3,3,0,0,0,1,5,0,0,18.898,-144.511,-1.30217,-0.000,47.200,16.252,46.681,51.868,17.116,51.868,1484.453,1.045,-1.934,-1.29905,1.122,-1.932,-1.30221,2
34253,379224,10,3,3,0,0,0,1,5,0,0,18.898,-144.511,-1.30208,-0.000,47.200,16.252,46.681,51.868,17.116,51.868,1484.453,1.045,-1.934,-1.29896,1.122,-1.932,-1.30217,2
34268,379234,10,3,3,0,0,0,1,5,0,0,18.898,-144.511,-1.30216,-0.000,47.200,16.252,46.681,51.868,17.116,51.868,1484.453,1.045,-1.934,-1.29904,1.122,-1.932,-1.30208,2
34268,379244,10,3,3,0,0,0,1,5,0,0,18.898,-144.511,-1.30217,-0.000,47.200,16.252,46.681,51.868,17.116,51.868,1484.453,1.045,-1.934,-1.29905,1.122,-1.932,-1.30216,2
34283,379254,10,3,3,0,0,0,1,5,0,0,18.898,-144.511,-1.30227,-0.000,47.200,16.252,46.681,51.868,17.116,51.868,1484.453,1.045,-1.934,-1.29915,1.122,-1.932,-1.30217,2
34299,379264,10,3,3,0,0,0,1,5,0,0,18.898,-144.511,-1.30205,-0.000,47.200,16.252,46.681,51.868,17.116,51.868,1484.453,1.045,-1.934,-1.29893,1.122,-1.933,-1.30227,2
34299,379274,10,3,3,0,0,0,1,5,0,0,18.898,-144.511,-1.30211,-0.000,47.200,16.252,46.681,51.868,17.116,51.868,1484.453,1.045,-1.934,-1.29899,1.122,-1.932,-1.30205,2
34315,379284,10,3,3,0,0,0,1,5,0,0,18.898,-144.511,-1.30193,-0.000,47.200,16.252,46.681,51.868,17.116,51.868,1484.453,1.045,-1.934,-1.29881,1.122,-1.932,-1.30211,2
34315,379294,10,3,3,0,0,0,1,5,0,0,18.898,-144.511,-1.30167,-0.000,47.200,16.252,46.681,51.868,17.116,51.868,1484.453,1.046,-1.934,-1.29855,1.122,-1.932,-1.30193,2
34330,379304,10,3,3,0,0,0,1,5,0,0,18.898,-144.511,-1.30187,-0.000,47.200,16.252,46.681,51.868,17.116,51.868,1484.453,1.045,-1.934,-1.29874,1.122,-1.932,-1.30167,2
34345,379314,10,3,3,0,0,0,1,5,0,0,18.898,-144.511,-1.30182,-0.000,47.200,16.252,46.681,51.868,17.116,51.868,1484.453,1.045,-1.934,-1.29870,1.122,-1.932,-1.30187,2
34345,379324,10,3,3,0,0,0,1,5,0,0,18.898,-144.511,-1.30165,-0.000,47.200,16.252,46.681,51.868,17.116,51.868,1484.453,1.046,-1.934,-1.29853,1.122,-1.932,-1.30182,2
34361,379334,10,3,3,0,0,0,1,5,0,0,18.898,-144.511,-1.30154,-0.000,47.200,16.252,46.681,51.868,17.116,51.868,1484.453,1.046,-1.934,-1.29842,1.122,-1.932,-1.30165,2
34376,379344,10,3,3,0,0,0,1,5,0,0,18.898,-144.511,-1.30154,-0.000,47.200,16.252,46.681,51.868,17.116,51.868,1484.453,1.046,-1.934,-1.29842,1.123,-1.932,-1.30154,2
34376,379354,10,3,3,0,0,0,1,5,0,0,18.898,-144.511,-1.30162,-0.000,47.200,16.252,46.681,51.868,17.116,51.868,1484.453,1.046,-1.934,-1.29850,1.123,-1.932,-1.30154,2
34392,379364,10,3,3,0,0,0,1,5,0,0,18.898,-144.511,-1.30190,-0.000,47.200,16.252,46.681,51.868,17.116,51.868,1484.453,1.045,-1.934,-1.29878,1.122,-1.932,-1.30162,2
34408,379374,10,3,3,0,0,0,1,5,0,0,18.898,-144.511,-1.30213,-0.000,47.200,16.252,46.681,51.868,17.116,51.868,1484.453,1.045,-1.934,-1.29901,1.122,-1.932,-1.30190,2
34408,379384,10,3,3,0,0,0,1,5,0,0,18.898,-144.511,-1.30232,-0.000,47.200,16.252,46.681,51.868,17.116,51.868,1484.453,1.045,-1.934,-1.29920,1.122,-1.932,-1.30213,2
34424,379394,10,3,3,0,0,0,1,5,0,0,18.898,-144.511,-1.30237,-0.000,47.200,16.252,46.681,51.868,17.116,51.868,1484.453,1.045,-1.934,-1.29925,1.122,-1.933,-1.30232,2
34438,379404,10,3,3,0,0,0,1,5,0,0,18.898,-144.511,-1.30217,-0.000,47.200,16.252,46.681,51.868,17.116,51.868,1484.453,1.045,-1.934,-1.29905,1.122,-1.933,-1.30237,2
34438,379414,10,3,3,0,0,0,1,5,0,0,18.898,-144.511,-1.30198,-0.000,47.200,16.252,46.681,51.868,17.116,51.868,1484.453,1.045,-1.934,-1.29886,1.122,-1.932,-1.30217,2
34455,379424,10,3,3,0,0,0,1,5,0,0,18.898,-144.511,-1.30198,-0.000,47.200,16.252,46.681,51.868,17.116,51.868,1484.453,1.045,-1.934,-1.29886,1.122,-1.932,-1.30198,2
34455,379434,10,3,3,0,0,0,1,5,0,0,18.898,-144.511,-1.30193,-0.000,47.200,16.252,46.681,51.868,17.116,51.868,1484.453,1.045,-1.934,-1.29881,1.122,-1.932,-1.30198,2
34470,379444,10,3,3,0,0,0,1,5,0,0,18.898,-144.511,-1.30177,-0.000,47.200,16.252,46.681,51.868,17.116,51.868,1484.453,1.046,-1.934,-1.29865,1.122,-1.932,-1.30193,2
34485,379454,10,3,3,0,0,0,1,5,0,0,18.898,-144.511,-1.30185,-0.000,47.200,16.252,46.681,51.868,17.116,51.868,1484.453,1.045,-1.934,-1.29873,1.122,-1.932,-1.30177,2
34485,379464,10,3,3,0,0,0,1,5,0,0,18.898,-144.511,-1.30158,-0.000,47.200,16.252,46.681,51.868,17.116,51.868,1484.453,1.046,-1.934,-1.29846,1.122,-1.932,-1.30185,2
34501,379474,10,3,3,0,0,0,1,5,0,0,18.898,-144.511,-1.30154,-0.000,47.200,16.252,46.681,51.868,17.116,51.868,1484.453,1.046,-1.934,-1.29842,1.123,-1.932,-1.30158,2
34516,379484,10,3,3,0,0,0,1,5,0,0,18.898,-144.511,-1.30151,-0.000,47.200,16.252,46.681,51.868,17.116,51.868,1484.453,1.046,-1.934,-1.29839,1.123,-1.932,-1.30154,2
34516,379494,10,3,3,0,0,0,1,5,0,0,18.898,-144.511,-1.30150,-0.000,47.200,16.252,46.681,51.868,17.116,51.868,1484.453,1.046,-1.934,-1.29838,1.123,-1.932,-1.30151,2
34533,379504,10,3,3,0,0,0,1,5,0,0,18.898,-144.511,-1.30137,-0.000,47.200,16.252,46.681,51.868,17.116,51.868,1484.453,1.046,-1.934,-1.29825,1.123,-1.932,-1.30150,2
34548,379514,10,3,3,0,0,0,1,5,0,0,18.898,-144.511,-1.30144,-0.000,47.200,16.252,46.681,51.868,17.116,51.868,1484.453,1.046,-1.934,-1.29831,1.123,-1.932,-1.30137,2
34548,379524,10,3,3,0,0,0,1,5,0,0,18.898,-144.511,-1.30153,-0.000,47.200,16.252,46.681,51.868,17.116,51.868,1484.453,1.046,-1.934,-1.29841,1.123,-1.932,-1.30143,2
34564,379534,10,3,3,0,0,0,1,5,0,0,18.898,-144.511,-1.30178,-0.000,47.200,16.252,46.681,51.868,17.116,51.868,1484.453,1.046,-1.934,-1.29866,1.123,-1.932,-1.30153,2
34564,379544,10,3,3,0,0,0,1,5,0,0,18.898,-144.511,-1.30202,-0.000,47.200,16.252,46.681,51.868,17.116,51.868,1484.453,1.045,-1.934,-1.29890,1.122,-1.932,-1.30178,2
34579,379554,10,3,3,0,0,0,1,5,0,0,18.898,-144.511,-1.30189,-0.000,47.200,16.252,46.681,51.868,17.116,51.868,1484.453,1.045,-1.934,-1.29876,1.122,-1.932,-1.30202,2
34595,379564,10,3,3,0,0,0,1,5,0,0,18.898,-144.511,-1.30200,-0.000,47.200,16.252,46.681,51.868,17.116,51.868,1484.453,1.045,-1.934,-1.29888,1.122,-1.932,-1.30189,2
34595,379574,10,3,3,0,0,0,1,5,0,0,18.898,-144.511,-1.30215,-0.000,47.200,16.252,46.681,51.868,17.116,51.868,1484.453,1.045,-1.934,-1.29903,1.122,-1.932,-1.30200,2
34611,379584,10,3,3,0,0,0,1,5,0,0,18.898,-144.511,-1.30227,-0.000,47.200,16.252,46.681,51.868,17.116,51.868,1484.453,1.045,-1.934,-1.29915,1.122,-1.932,-1.30215,2
34626,379594,10,3,3,0,0,0,1,5,0,0,18.898,-144.511,-1.30229,-0.000,47.200,16.252,46.681,51.868,17.116,51.868,1484.453,1.045,-1.934,-1.29917,1.122,-1.933,-1.30227,2
34626,379604,10,3,3,0,0,0,1,5,0,0,18.898,-144.511,-1.30229,-0.000,47.200,16.252,46.681,51.868,17.116,51.868,1484.453,1.045,-1.934,-1.29917,1.122,-1.933,-1.30229,2
34642,379614,10,3,3,0,0,0,1,5,0,0,18.898,-144.511,-1.30235,-0.000,47.200,16.252,46.681,51.868,17.116,51.868,1484.453,1.045,-1.934,-1.29923,1.122,-1.933,-1.30229,2
34657,379624,10,3,3,0,0,0,1,5,0,0,18.898,-144.511,-1.30227,-0.000,47.200,16.252,46.681,51.868,17.116,51.868,1484.453,1.045,-1.934,-1.29915,1.122,-1.933,-1.30235,2
34657,379634,10,3,3,0,0,0,1,5,0,0,18.898,-144.511,-1.30210,-0.000,47.200,16.252,46.681,51.868,17.116,51.868,1484.453,1.045,-1.934,-1.29898,1.122,-1.933,-1.30227,2
34672,379644,10,3,3,0,0,0,1,5,0,0,18.898,-144.511,-1.30217,-0.000,47.200,16.252,46.681,51.868,17.116,51.868,1484.453,1.045,-1.934,-1.29904,1.122,-1.932,-1.30210,2
34688,379654,10,3,3,0,0,0,1,5,0,0,18.898,-144.511,-1.30221,-0.000,47.200,16.252,46.681,51.868,17.116,51.868,1484.453,1.045,-1.934,-1.29909,1.122,-1.932,-1.30217,2
34688,379664,10,3,3,0,0,0,1,5,0,0,18.898,-144.511,-1.30213,-0.000,47.200,16.252,46.681,51.868,17.116,51.868,1484.453,1.045,-1.934,-1.29901,1.122,-1.932,-1.30221,2
34704,379674,10,3,3,0,0,0,1,5,0,0,18.898,-144.511,-1.30221,-0.000,47.200,16.252,46.681,51.868,17.116,51.868,1484.453,1.045,-1.934,-1.29909,1.122,-1.932,-1.30213,2
34704,379684,10,3,3,0,0,0,1,5,0,0,18.898,-144.511,-1.30210,-0.000,47.200,16.252,46.681,51.868,17.116,51.868,1484.453,1.045,-1.934,-1.29898,1.122,-1.932,-1.30221,2
34719,379694,10,3,3,0,0,0,1,5,0,0,18.898,-144.511,-1.30229,-0.000,47.200,16.252,46.681,51.868,17.116,51.868,1484.453,1.045,-1.934,-1.29917,1.122,-1.932,-1.30210,2
34735,379704,10,3,3,0,0,0,1,5,0,0,18.898,-144.511,-1.30235,-0.000,47.200,16.252,46.681,51.868,17.116,51.868,1484.453,1.045,-1.934,-1.29923,1.122,-1.933,-1.30229,2
34735,379714,10,3,3,0,0,0,1,5,0,0,18.898,-144.511,-1.30230,-0.000,47.200,16.252,46.681,51.868,17.116,51.868,1484.453,1.045,-1.934,-1.29918,1.122,-1.933,-1.30235,2
34751,379724,10,3,3,0,0,0,1,5,0,0,18.898,-144.511,-1.30218,-0.000,47.200,16.252,46.681,51.868,17.116,51.868,1484.453,1.045,-1.934,-1.29906,1.122,-1.933,-1.30230,2
34767,379734,10,3,3,0,0,0,1,5,0,0,18.898,-144.511,-1.30215,-0.000,47.200,16.252,46.681,51.868,17.116,51.868,1484.453,1.045,-1.934,-1.29903,1.122,-1.932,-1.30218,2
34767,379744,10,3,3,0,0,0,1,5,0,0,18.898,-144.511,-1.30199,-0.000,47.200,16.252,46.681,51.868,17.116,51.868,1484.453,1.045,-1.934,-1.29887,1.122,-1.932,-1.30215,2
34782,379754,10,3,3,0,0,0,1,5,0,0,18.898,-144.511,-1.30214,-0.000,47.200,16.252,46.681,51.868,17.116,51.868,1484.453,1.045,-1.934,-1.29901,1.122,-1.932,-1.30199,2
34797,379764,10,3,3,0,0,0,1,5,0,0,18.898,-144.511,-1.30204,-0.000,47.200,16.252,46.681,51.868,17.116,51.868,1484.453,1.045,-1.934,-1.29892,1.122,-1.932,-1.30214,2
34797,379774,10,3,3,0,0,0,1,5,0,0,18.898,-144.511,-1.30214,-0.000,47.200,16.252,46.681,51.868,17.116,51.868,1484.453,1.045,-1.934,-1.29902,1.122,-1.932,-1.30204,2
34813,379784,10,3,3,0,0,0,1,5,0,0,18.898,-144.511,-1.30192,-0.000,47.200,16.252,46.681,51.868,17.116,51.868,1484.453,1.045,-1.934,-1.29880,1.122,-1.932,-1.30214,2
34829,379794,10,3,3,0,0,0,1,5,0,0,18.898,-144.511,-1.30203,-0.000,47.200,16.252,46.681,51.868,17.116,51.868,1484.453,1.045,-1.934,-1.29891,1.122,-1.932,-1.30192,2
34829,379804,10,3,3,0,0,0,1,5,0,0,18.898,-144.511,-1.30217,-0.000,47.200,16.252,46.681,51.868,17.116,51.868,1484.453,1.045,-1.934,-1.29904,1.122,-1.932,-1.30203,2
34844,379814,10,3,3,0,0,0,1,5,0,0,18.898,-144.511,-1.30222,-0.000,47.200,16.252,46.681,51.868,17.116,51.868,1484.453,1.045,-1.934,-1.29910,1.122,-1.932,-1.30216,2
34844,379824,10,3,3,0,0,0,1,5,0,0,18.898,-144.511,-1.30215,-0.000,47.200,16.252,46.681,51.868,17.116,51.868,1484.453,1.045,-1.934,-1.29903,1.122,-1.932,-1.30222,2
34860,379834,10,3,3,0,0,0,1,5,0,0,18.898,-144.511,-1.30204,-0.000,47.200,16.252,46.681,51.868,17.116,51.868,1484.453,1.045,-1.934,-1.29892,1.122,-1.932,-1.30215,2
34876,379844,10,3,3,0,0,0,1,5,0,0,18.898,-144.511,-1.30215,-0.000,47.200,16.252,46.681,51.868,17.116,51.868,1484.453,1.045,-1.934,-1.29903,1.122,-1.932,-1.30204,2
34876,379854,10,3,3,0,0,0,1,5,0,0,18.898,-144.511,-1.30221,-0.000,47.200,16.252,46.681,51.868,17.116,51.868,1484.453,1.045,-1.934,-1.29909,1.122,-1.932,-1.30215,2
34891,379864,10,3,3,0,0,0,1,5,0,0,18.898,-144.511,-1.30208,-0.000,47.200,16.252,46.681,51.868,17.116,51.868,1484.453,1.045,-1.934,-1.29896,1.122,-1.932,-1.30221,2
34906,379874,10,3,3,0,0,0,1,5,0,0,18.898,-144.511,-1.30190,-0.000,47.200,16.252,46.681,51.868,17.116,51.868,1484.453,1.045,-1.934,-1.29878,1.122,-1.932,-1.30208,2
34906,379884,10,3,3,0,0,0,1,5,0,0,18.898,-144.511,-1.30191,-0.000,47.200,16.252,46.681,51.868,17.116,51.868,1484.453,1.045,-1.934,-1.29879,1.122,-1.932,-1.30190,2
34922,379894,10,3,3,0,0,0,1,5,0,0,18.898,-144.511,-1.30197,-0.000,47.200,16.252,46.681,51.868,17.116,51.868,1484.453,1.045,-1.934,-1.29885,1.122,-1.932,-1.30191,2
34938,379904,10,3,3,0,0,0,1,5,0,0,18.898,-144.511,-1.30222,-0.000,47.200,16.252,46.681,51.868,17.116,51.868,1484.453,1.045,-1.934,-1.29910,1.122,-1.932,-1.30197,2
34938,379914,10,3,3,0,0,0,1,5,0,0,18.898,-144.511,-1.30224,-0.000,47.200,16.252,46.681,51.868,17.116,51.868,1484.453,1.045,-1.934,-1.29912,1.122,-1.932,-1.30222,2
34953,379924,10,3,3,0,0,0,1,5,0,0,18.898,-144.511,-1.30187,-0.000,47.200,16.252,46.681,51.868,17.116,51.868,1484.453,1.045,-1.934,-1.29875,1.122,-1.933,-1.30224,2
34968,379934,10,3,3,0,0,0,1,5,0,0,18.898,-144.511,-1.30188,-0.000,47.200,16.252,46.681,51.868,17.116,51.868,1484.453,1.045,-1.934,-1.29876,1.122,-1.932,-1.30187,2
34968,379944,10,3,3,0,0,0,1,5,0,0,18.898,-144.511,-1.30177,-0.000,47.200,16.252,46.681,51.868,17.116,51.868,1484.453,1.046,-1.934,-1.29865,1.122,-1.932,-1.30188,2
34985,379954,10,3,3,0,0,0,1,5,0,0,18.898,-144.511,-1.30208,-0.000,47.200,16.252,46.681,51.868,17.116,51.868,1484.453,1.045,-1.934,-1.29896,1.122,-1.932,-1.30177,2
34985,379964,10,3,3,0,0,0,1,5,0,0,18.898,-144.511,-1.30185,-0.000,47.200,16.252,46.681,51.868,17.116,51.868,1484.453,1.045,-1.934,-1.29873,1.122,-1.932,-1.30208,2
35000,379974,10,3,3,0,0,0,1,5,0,0,18.898,-144.511,-1.30201,-0.000,47.200,16.252,46.681,51.868,17.116,51.868,1484.453,1.045,-1.934,-1.29889,1.122,-1.932,-1.30185,2
35015,379984,10,3,3,0,0,0,1,5,0,0,18.898,-144.511,-1.30180,-0.000,47.200,16.252,46.681,51.868,17.116,51.868,1484.453,1.045,-1.934,-1.29868,1.122,-1.932,-1.30201,2
35015,379994,10,3,3,0,0,0,1,5,0,0,18.898,-144.511,-1.30176,-0.000,47.200,16.252,46.681,51.868,17.116,51.868,1484.453,1.046,-1.934,-1.29864,1.122,-1.932,-1.30180,2
35031,380004,10,3,3,0,0,0,1,5,0,0,18.898,-144.511,-1.30191,-0.000,47.200,16.252,46.681,51.868,17.116,51.868,1484.453,1.045,-1.934,-1.29879,1.122,-1.932,-1.30176,2
35048,380014,10,3,3,0,0,0,1,5,0,0,18.898,-144.511,-1.30196,-0.000,47.200,16.252,46.681,51.868,17.116,51.868,1484.453,1.045,-1.934,-1.29884,1.122,-1.932,-1.30191,2
35048,380024,10,3,3,0,0,0,1,5,0,0,18.898,-144.511,-1.30196,-0.000,47.200,16.252,46.681,51.868,17.116,51.868,1484.453,1.045,-1.934,-1.29884,1.122,-1.932,-1.30196,2
35063,380034,10,3,3,0,0,0,1,5,0,0,18.898,-144.511,-1.30211,-0.000,47.200,16.252,46.681,51.868,17.116,51.868,1484.453,1.045,-1.934,-1.29899,1.122,-1.932,-1.30196,2
35078,380044,10,3,3,0,0,0,1,5,0,0,18.898,-144.511,-1.30181,-0.000,47.200,16.252,46.681,51.868,17.116,51.868,1484.453,1.045,-1.934,-1.29869,1.122,-1.932,-1.30211,2
35078,380054,10,3,3,0,0,0,1,5,0,0,18.898,-144.511,-1.30177,-0.000,47.200,16.252,46.681,51.868,17.116,51.868,1484.453,1.046,-1.934,-1.29865,1.122,-1.932,-1.30181,2
35094,380064,10,3,3,0,0,0,1,5,0,0,18.898,-144.511,-1.30165,-0.000,47.200,16.252,46.681,51.868,17.116,51.868,1484.453,1.046,-1.934,-1.29853,1.122,-1.932,-1.30177,2
35110,380074,10,3,3,0,0,0,1,5,0,0,18.898,-144.511,-1.30185,-0.000,47.200,16.252,46.681,51.868,17.116,51.868,1484.453,1.045,-1.934,-1.29873,1.122,-1.932,-1.30165,2
35110,380084,10,3,3,0,0,0,1,5,0,0,18.898,-144.511,-1.30196,-0.000,47.200,16.252,46.681,51.868,17.116,51.868,1484.453,1.045,-1.934,-1.29884,1.122,-1.932,-1.30185,2
35125,380094,10,3,3,0,0,0,1,5,0,0,18.898,-144.511,-1.30221,-0.000,47.200,16.252,46.681,51.868,17.116,51.868,1484.453,1.045,-1.934,-1.29909,1.122,-1.932,-1.30196,2
35125,380104,10,3,3,0,0,0,1,5,0,0,18.898,-144.511,-1.30233,-0.000,47.200,16.252,46.681,51.868,17.116,51.868,1484.453,1.045,-1.934,-1.29921,1.122,-1.932,-1.30221,2
35141,380114,10,3,3,0,0,0,1,5,0,0,18.898,-144.511,-1.30224,-0.000,47.200,16.252,46.681,51.868,17.116,51.868,1484.453,1.045,-1.934,-1.29912,1.122,-1.933,-1.30233,2
35156,380124,10,3,3,0,0,0,1,5,0,0,18.898,-144.511,-1.30206,-0.000,47.200,16.252,46.681,51.868,17.116,51.868,1484.453,1.045,-1.934,-1.29894,1.122,-1.933,-1.30224,2
35156,380134,10,3,3,0,0,0,1,5,0,0,18.898,-144.511,-1.30203,-0.000,47.200,16.252,46.681,51.868,17.116,51.868,1484.453,1.045,-1.934,-1.29891,1.122,-1.932,-1.30206,2
35172,380144,10,3,3,0,0,0,1,5,0,0,18.898,-144.511,-1.30207,-0.000,47.200,16.252,46.681,51.868,17.116,51.868,1484.453,1.045,-1.934,-1.29895,1.122,-1.932,-1.30203,2
35188,380154,10,3,3,0,0,0,1,5,0,0,18.898,-144.511,-1.30218,-0.000,47.200,16.252,46.681,51.868,17.116,51.868,1484.453,1.045,-1.934,-1.29906,1.122,-1.932,-1.30207,2
35188,380164,10,3,3,0,0,0,1,5,0,0,18.898,-144.511,-1.30225,-0.000,47.200,16.252,46.681,51.868,17.116,51.868,1484.453,1.045,-1.934,-1.29913,1.122,-1.932,-1.30218,2
35204,380174,10,3,3,0,0,0,1,5,0,0,18.898,-144.511,-1.30226,-0.000,47.200,16.252,46.681,51.868,17.116,51.868,1484.453,1.045,-1.934,-1.29914,1.122,-1.933,-1.30225,2
35219,380184,10,3,3,0,0,0,1,5,0,0,18.898,-144.511,-1.30237,-0.000,47.200,16.252,46.681,51.868,17.116,51.868,1484.453,1.045,-1.934,-1.29925,1.122,-1.933,-1.30226,2
35219,380194,10,3,3,0,0,0,1,5,0,0,18.898,-144.511,-1.30226,-0.000,47.200,16.252,46.681,51.868,17.116,51.868,1484.453,1.045,-1.934,-1.29914,1.122,-1.933,-1.30237,2
35234,380204,10,3,3,0,0,0,1,5,0,0,18.898,-144.511,-1.30220,-0.000,47.200,16.252,46.681,51.868,17.116,51.868,1484.453,1.045,-1.934,-1.29908,1.122,-1.933,-1.30226,2
35250,380214,10,3,3,0,0,0,1,5,0,0,18.898,-144.511,-1.30220,-0.000,47.200,16.252,46.681,51.868,17.116,51.868,1484.453,1.045,-1.934,-1.29908,1.122,-1.932,-1.30220,2
35250,380224,10,3,3,0,0,0,1,5,0,0,18.898,-144.511,-1.30214,-0.000,47.200,16.252,46.681,51.868,17.116,51.868,1484.453,1.045,-1.934,-1.29902,1.122,-1.932,-1.30220,2
35265,380234,10,3,3,0,0,0,1,5,0,0,18.898,-144.511,-1.30228,-0.000,47.200,16.252,46.681,51.868,17.116,51.868,1484.453,1.045,-1.934,-1.29916,1.122,-1.932,-1.30214,2
35265,380244,10,3,3,0,0,0,1,5,0,0,18.898,-144.511,-1.30223,-0.000,47.200,16.252,46.681,51.868,17.116,51.868,1484.453,1.045,-1.934,-1.29911,1.122,-1.933,-1.30228,2
35281,380254,10,3,3,0,0,0,1,5,0,0,18.898,-144.511,-1.30200,-0.000,47.200,16.252,46.681,51.868,17.116,51.868,1484.453,1.045,-1.934,-1.29888,1.122,-1.932,-1.30223,2
35311,380264,10,3,3,0,0,0,1,5,0,0,18.898,-144.511,-1.30187,-0.000,47.200,16.252,46.681,51.868,17.116,51.868,1484.453,1.045,-1.934,-1.29875,1.122,-1.932,-1.30200,2
35311,380274,10,3,3,0,0,0,1,5,0,0,18.898,-144.511,-1.30185,-0.000,47.200,16.252,46.681,51.868,17.116,51.868,1484.453,1.045,-1.934,-1.29873,1.122,-1.932,-1.30187,2
35311,380284,10,3,3,0,0,0,1,5,0,0,18.898,-144.511,-1.30182,-0.000,47.200,16.252,46.681,51.868,17.116,51.868,1484.453,1.045,-1.934,-1.29870,1.122,-1.932,-1.30185,2
35343,380294,10,3,3,0,0,0,1,5,0,0,18.898,-144.511,-1.30214,-0.000,47.200,16.252,46.681,51.868,17.116,51.868,1484.453,1.045,-1.934,-1.29902,1.122,-1.932,-1.30182,2
35343,380304,10,3,3,0,0,0,1,5,0,0,18.898,-144.511,-1.30212,-0.000,47.200,16.252,46.681,51.868,17.116,51.868,1484.453,1.045,-1.934,-1.29900,1.122,-1.932,-1.30214,2
35343,380314,10,3,3,0,0,0,1,5,0,0,18.898,-144.511,-1.30228,-0.000,47.200,16.252,46.681,51.868,17.116,51.868,1484.453,1.045,-1.934,-1.29916,1.122,-1.932,-1.30212,2
35358,380324,10,3,3,0,0,0,1,5,0,0,18.898,-144.511,-1.30233,-0.000,47.200,16.252,46.681,51.868,17.116,51.868,1484.453,1.045,-1.934,-1.29921,1.122,-1.933,-1.30228,2
35358,380334,10,3,3,0,0,0,1,5,0,0,18.898,-144.511,-1.30228,-0.000,47.200,16.252,46.681,51.868,17.116,51.868,1484.453,1.045,-1.934,-1.29916,1.122,-1.933,-1.30233,2
35389,380344,10,3,3,0,0,0,1,5,0,0,18.898,-144.511,-1.30223,-0.000,47.200,16.252,46.681,51.868,17.116,51.868,1484.453,1.045,-1.934,-1.29911,1.122,-1.933,-1.30228,2
35389,380354,10,3,3,0,0,0,1,5,0,0,18.898,-144.511,-1.30232,-0.000,47.200,16.252,46.681,51.868,17.116,51.868,1484.453,1.045,-1.934,-1.29920,1.122,-1.932,-1.30223,2
35389,380364,10,3,3,0,0,0,1,5,0,0,18.898,-144.511,-1.30251,-0.000,47.200,16.252,46.681,51.868,17.116,51.868,1484.453,1.045,-1.934,-1.29939,1.122,-1.933,-1.30232,2
35421,380374,10,3,3,0,0,0,1,5,0,0,18.898,-144.511,-1.30266,-0.000,47.200,16.252,46.681,51.868,17.116,51.868,1484.453,1.044,-1.934,-1.29953,1.121,-1.933,-1.30251,2
35421,380384,10,3,3,0,0,0,1,5,0,0,18.898,-144.511,-1.30250,-0.000,47.200,16.252,46.681,51.868,17.116,51.868,1484.453,1.045,-1.934,-1.29938,1.121,-1.933,-1.30266,2
35421,380394,10,3,3,0,0,0,1,5,0,0,18.898,-144.511,-1.30251,-0.000,47.200,16.252,46.681,51.868,17.116,51.868,1484.453,1.045,-1.934,-1.29939,1.121,-1.933,-1.30250,2
35451,380404,10,3,3,0,0,0,1,5,0,0,18.898,-144.511,-1.30234,-0.000,47.200,16.252,46.681,51.868,17.116,51.868,1484.453,1.045,-1.934,-1.29922,1.121,-1.933,-1.30251,2
35451,380414,10,3,3,0,0,0,1,5,0,0,18.898,-144.511,-1.30237,-0.000,47.200,16.252,46.681,51.868,17.116,51.868,1484.453,1.045,-1.934,-1.29925,1.122,-1.933,-1.30234,2
35451,380424,10,3,3,0,0,0,1,5,0,0,18.898,-144.511,-1.30233,-0.000,47.200,16.252,46.681,51.868,17.116,51.868,1484.453,1.045,-1.934,-1.29921,1.122,-1.933,-1.30237,2
35468,380434,10,3,3,0,0,0,1,5,0,0,18.898,-144.511,-1.30242,-0.000,47.200,16.252,46.681,51.868,17.116,51.868,1484.453,1.045,-1.934,-1.29930,1.122,-1.933,-1.30233,2
35468,380444,10,3,3,0,0,0,1,5,0,0,18.898,-144.511,-1.30239,-0.000,47.200,16.252,46.681,51.868,17.116,51.868,1484.453,1.045,-1.934,-1.29927,1.122,-1.933,-1.30242,2
35498,380454,10,3,3,0,0,0,1,5,0,0,18.898,-144.511,-1.30219,-0.000,47.200,16.252,46.681,51.868,17.116,51.868,1484.453,1.045,-1.934,-1.29907,1.122,-1.933,-1.30239,2
35498,380464,10,3,3,0,0,0,1,5,0,0,18.898,-144.511,-1.30222,-0.000,47.200,16.252,46.681,51.868,17.116,51.868,1484.453,1.045,-1.934,-1.29909,1.122,-1.932,-1.30219,2
35498,380474,10,3,3,0,0,0,1,5,0,0,18.898,-144.511,-1.30221,-0.000,47.200,16.252,46.681,51.868,17.116,51.868,1484.453,1.045,-1.934,-1.29909,1.122,-1.932,-1.30221,2
35513,380484,10,3,3,0,0,0,1,5,0,0,18.898,-144.511,-1.30226,-0.000,47.200,16.252,46.681,51.868,17.116,51.868,1484.453,1.045,-1.934,-1.29914,1.122,-1.932,-1.30221,2
35529,380494,10,3,3,0,0,0,1,5,0,0,18.898,-144.511,-1.30236,-0.000,47.200,16.252,46.681,51.868,17.116,51.868,1484.453,1.045,-1.934,-1.29924,1.122,-1.933,-1.30226,2
35529,380504,10,3,3,0,0,0,1,5,0,0,18.898,-144.511,-1.30256,-0.000,47.200,16.252,46.681,51.868,17.116,51.868,1484.453,1.045,-1.934,-1.29944,1.122,-1.933,-1.30236,2
35545,380514,10,3,3,0,0,0,1,5,0,0,18.898,-144.511,-1.30251,-0.000,47.200,16.252,46.681,51.868,17.116,51.868,1484.453,1.045,-1.934,-1.29939,1.121,-1.933,-1.30256,2
35545,380524,10,3,3,0,0,0,1,5,0,0,18.898,-144.511,-1.30253,-0.000,47.200,16.252,46.681,51.868,17.116,51.868,1484.453,1.045,-1.934,-1.29941,1.121,-1.933,-1.30251,2
35560,380534,10,3,3,0,0,0,1,5,0,0,18.898,-144.511,-1.30252,-0.000,47.200,16.252,46.681,51.868,17.116,51.868,1484.453,1.045,-1.934,-1.29940,1.121,-1.933,-1.30253,2
35576,380544,10,3,3,0,0,0,1,5,0,0,18.898,-144.511,-1.30250,-0.000,47.200,16.252,46.681,51.868,17.116,51.868,1484.453,1.045,-1.934,-1.29938,1.121,-1.933,-1.30252,2
35576,380554,10,3,3,0,0,0,1,5,0,0,18.898,-144.511,-1.30259,-0.000,47.200,16.252,46.681,51.868,17.116,51.868,1484.453,1.045,-1.934,-1.29947,1.121,-1.933,-1.30250,2
35592,380564,10,3,3,0,0,0,1,5,0,0,18.898,-144.511,-1.30261,-0.000,47.200,16.252,46.681,51.868,17.116,51.868,1484.453,1.045,-1.934,-1.29949,1.121,-1.933,-1.30259,2
35622,380574,10,3,3,0,0,0,1,5,0,0,18.898,-144.511,-1.30284,-0.000,47.200,16.252,46.681,51.868,17.116,51.868,1484.453,1.044,-1.934,-1.29972,1.121,-1.933,-1.30261,2
35622,380584,10,3,3,0,0,0,1,5,0,0,18.898,-144.511,-1.30275,-0.000,47.200,16.252,46.681,51.868,17.116,51.868,1484.453,1.044,-1.934,-1.29962,1.121,-1.933,-1.30284,2
35622,380594,10,3,3,0,0,0,1,5,0,0,18.898,-144.511,-1.30255,-0.000,47.200,16.252,46.681,51.868,17.116,51.868,1484.453,1.045,-1.934,-1.29943,1.121,-1.933,-1.30275,2
35638,380604,10,3,3,0,0,0,1,5,0,0,18.898,-144.511,-1.30250,-0.000,47.200,16.252,46.681,51.868,17.116,51.868,1484.453,1.045,-1.934,-1.29938,1.121,-1.933,-1.30255,2
35638,380614,10,3,3,0,0,0,1,5,0,0,18.898,-144.511,-1.30240,-0.000,47.200,16.252,46.681,51.868,17.116,51.868,1484.453,1.045,-1.934,-1.29928,1.121,-1.933,-1.30250,2
35654,380624,10,3,3,0,0,0,1,5,0,0,18.898,-144.511,-1.30221,-0.000,47.200,16.252,46.681,51.868,17.116,51.868,1484.453,1.045,-1.934,-1.29909,1.122,-1.933,-1.30240,2
35670,380634,10,3,3,0,0,0,1,5,0,0,18.898,-144.511,-1.30211,-0.000,47.200,16.252,46.681,51.868,17.116,51.868,1484.453,1.045,-1.934,-1.29899,1.122,-1.932,-1.30221,2
35670,380644,10,3,3,0,0,0,1,5,0,0,18.898,-144.511,-1.30194,-0.000,47.200,16.252,46.681,51.868,17.116,51.868,1484.453,1.045,-1.934,-1.29882,1.122,-1.932,-1.30211,2
35685,380654,10,3,3,0,0,0,1,5,0,0,18.898,-144.511,-1.30190,-0.000,47.200,16.252,46.681,51.868,17.116,51.868,1484.453,1.045,-1.934,-1.29878,1.122,-1.932,-1.30194,2
35685,380664,10,3,3,0,0,0,1,5,0,0,18.898,-144.511,-1.30208,-0.000,47.200,16.252,46.681,51.868,17.116,51.868,1484.453,1.045,-1.934,-1.29896,1.122,-1.932,-1.30190,2
35701,380674,10,3,3,0,0,0,1,5,0,0,18.898,-144.511,-1.30175,-0.000,47.200,16.252,46.681,51.868,17.116,51.868,1484.453,1.046,-1.934,-1.29863,1.122,-1.932,-1.30208,2
35716,380684,10,3,3,0,0,0,1,5,0,0,18.898,-144.511,-1.30183,-0.000,47.200,16.252,46.681,51.868,17.116,51.868,1484.453,1.045,-1.934,-1.29871,1.122,-1.932,-1.30175,2
35716,380694,10,3,3,0,0,0,1,5,0,0,18.898,-144.511,-1.30224,-0.000,47.200,16.252,46.681,51.868,17.116,51.868,1484.453,1.045,-1.934,-1.29912,1.122,-1.932,-1.30183,2
35732,380704,10,3,3,0,0,0,1,5,0,0,18.898,-144.511,-1.30247,-0.000,47.200,16.252,46.681,51.868,17.116,51.868,1484.453,1.045,-1.934,-1.29935,1.122,-1.933,-1.30224,2
35748,380714,10,3,3,0,0,0,1,5,0,0,18.898,-144.511,-1.30252,-0.000,47.200,16.252,46.681,51.868,17.116,51.868,1484.453,1.045,-1.934,-1.29940,1.121,-1.933,-1.30247,2
35748,380724,10,3,3,0,0,0,1,5,0,0,18.898,-144.511,-1.30265,-0.000,47.200,16.252,46.681,51.868,17.116,51.868,1484.453,1.044,-1.934,-1.29952,1.121,-1.933,-1.30252,2
35764,380734,10,3,3,0,0,0,1,5,0,0,18.898,-144.511,-1.30265,-0.000,47.200,16.252,46.681,51.868,17.116,51.868,1484.453,1.044,-1.934,-1.29953,1.121,-1.933,-1.30264,2
35764,380744,10,3,3,0,0,0,1,5,0,0,18.898,-144.511,-1.30236,-0.000,47.200,16.252,46.681,51.868,17.116,51.868,1484.453,1.045,-1.934,-1.29924,1.121,-1.933,-1.30265,2
35796,380754,10,3,3,0,0,0,1,5,0,0,18.898,-144.511,-1.30220,-0.000,47.200,16.252,46.681,51.868,17.116,51.868,1484.453,1.045,-1.934,-1.29908,1.122,-1.933,-1.30236,2
35796,380764,10,3,3,0,0,0,1,5,0,0,18.898,-144.511,-1.30216,-0.000,47.200,16.252,46.681,51.868,17.116,51.868,1484.453,1.045,-1.934,-1.29904,1.122,-1.932,-1.30220,2
35796,380774,10,3,3,0,0,0,1,5,0,0,18.898,-144.511,-1.30204,-0.000,47.200,16.252,46.681,51.868,17.116,51.868,1484.453,1.045,-1.934,-1.29892,1.122,-1.932,-1.30216,2
35827,380784,10,3,3,0,0,0,1,5,0,0,18.898,-144.511,-1.30167,-0.000,47.200,16.252,46.681,51.868,17.116,51.868,1484.453,1.046,-1.934,-1.29855,1.122,-1.932,-1.30204,2
35827,380794,10,3,3,0,0,0,1,5,0,0,18.898,-144.511,-1.30162,-0.000,47.200,16.252,46.681,51.868,17.116,51.868,1484.453,1.046,-1.934,-1.29850,1.122,-1.932,-1.30167,2
35827,380804,10,3,3,0,0,0,1,5,0,0,18.898,-144.511,-1.30145,-0.000,47.200,16.252,46.681,51.868,17.116,51.868,1484.453,1.046,-1.934,-1.29833,1.122,-1.932,-1.30162,2
35843,380814,10,3,3,0,0,0,1,5,0,0,18.898,-144.511,-1.30145,-0.000,47.200,16.252,46.681,51.868,17.116,51.868,1484.453,1.046,-1.934,-1.29833,1.123,-1.932,-1.30145,2
35873,380824,10,3,3,0,0,0,1,5,0,0,18.898,-144.511,-1.30145,-0.000,47.200,16.252,46.681,51.868,17.116,51.868,1484.453,1.046,-1.934,-1.29833,1.123,-1.932,-1.30145,2
35873,380834,10,3,3,0,0,0,1,5,0,0,18.898,-144.511,-1.30153,-0.000,47.200,16.252,46.681,51.868,17.116,51.868,1484.453,1.046,-1.934,-1.29841,1.123,-1.932,-1.30145,2
35873,380844,10,3,3,0,0,0,1,5,0,0,18.898,-144.511,-1.30194,-0.000,47.200,16.252,46.681,51.868,17.116,51.868,1484.453,1.045,-1.934,-1.29882,1.123,-1.932,-1.30153,2
35889,380854,10,3,3,0,0,0,1,5,0,0,18.898,-144.511,-1.30200,-0.000,47.200,16.252,46.681,51.868,17.116,51.868,1484.453,1.045,-1.934,-1.29888,1.122,-1.932,-1.30194,2
35889,380864,10,3,3,0,0,0,1,5,0,0,18.898,-144.511,-1.30196,-0.000,47.200,16.252,46.681,51.868,17.116,51.868,1484.453,1.045,-1.934,-1.29884,1.122,-1.932,-1.30200,2
35904,380874,10,3,3,0,0,0,1,5,0,0,18.898,-144.511,-1.30198,-0.000,47.200,16.252,46.681,51.868,17.116,51.868,1484.453,1.045,-1.934,-1.29886,1.122,-1.932,-1.30196,2
35904,380884,10,3,3,0,0,0,1,5,0,0,18.898,-144.511,-1.30185,-0.000,47.200,16.252,46.681,51.868,17.116,51.868,1484.453,1.045,-1.934,-1.29873,1.122,-1.932,-1.30198,2
35920,380894,10,3,3,0,0,0,1,5,0,0,18.898,-144.511,-1.30208,-0.000,47.200,16.252,46.681,51.868,17.116,51.868,1484.453,1.045,-1.934,-1.29896,1.122,-1.932,-1.30185,2
35935,380904,10,3,3,0,0,0,1,5,0,0,18.898,-144.511,-1.30222,-0.000,47.200,16.252,46.681,51.868,17.116,51.868,1484.453,1.045,-1.934,-1.29910,1.122,-1.932,-1.30208,2
35935,380914,10,3,3,0,0,0,1,5,0,0,18.898,-144.511,-1.30212,-0.000,47.200,16.252,46.681,51.868,17.116,51.868,1484.453,1.045,-1.934,-1.29900,1.122,-1.932,-1.30222,2
35950,380924,10,3,3,0,0,0,1,5,0,0,18.898,-144.511,-1.30212,-0.000,47.200,16.252,46.681,51.868,17.116,51.868,1484.453,1.045,-1.934,-1.29900,1.122,-1.932,-1.30212,2
35966,380934,10,3,3,0,0,0,1,5,0,0,18.898,-144.511,-1.30215,-0.000,47.200,16.252,46.681,51.868,17.116,51.868,1484.453,1.045,-1.934,-1.29903,1.122,-1.932,-1.30212,2
35966,380944,10,3,3,0,0,0,1,5,0,0,18.898,-144.511,-1.30216,-0.000,47.200,16.252,46.681,51.868,17.116,51.868,1484.453,1.045,-1.934,-1.29904,1.122,-1.932,-1.30215,2
35981,380954,10,3,3,0,0,0,1,5,0,0,18.898,-144.511,-1.30203,-0.000,47.200,16.252,46.681,51.868,17.116,51.868,1484.453,1.045,-1.934,-1.29891,1.122,-1.932,-1.30216,2
35996,380964,10,3,3,0,0,0,1,5,0,0,18.898,-144.511,-1.30216,-0.000,47.200,16.252,46.681,51.868,17.116,51.868,1484.453,1.045,-1.934,-1.29904,1.122,-1.932,-1.30203,2
35996,380974,10,3,3,0,0,0,1,5,0,0,18.898,-144.511,-1.30248,-0.000,47.200,16.252,46.681,51.868,17.116,51.868,1484.453,1.045,-1.934,-1.29936,1.122,-1.932,-1.30216,2
36013,380984,10,3,3,0,0,0,1,5,0,0,18.898,-144.511,-1.30239,-0.000,47.200,16.252,46.681,51.868,17.116,51.868,1484.453,1.045,-1.934,-1.29927,1.121,-1.933,-1.30248,2
36029,380994,10,3,3,0,0,0,1,5,0,0,18.898,-144.511,-1.30234,-0.000,47.200,16.252,46.681,51.868,17.116,51.868,1484.453,1.045,-1.934,-1.29922,1.122,-1.933,-1.30239,2
36029,381004,10,3,3,0,0,0,1,5,0,0,18.898,-144.511,-1.30209,-0.000,47.200,16.252,46.681,51.868,17.116,51.868,1484.453,1.045,-1.934,-1.29897,1.122,-1.933,-1.30234,2
36044,381014,10,3,3,0,0,0,1,5,0,0,18.898,-144.511,-1.30216,-0.000,47.200,16.252,46.681,51.868,17.116,51.868,1484.453,1.045,-1.934,-1.29904,1.122,-1.932,-1.30209,2
36044,381024,10,3,3,0,0,0,1,5,0,0,18.898,-144.511,-1.30212,-0.000,47.200,16.252,46.681,51.868,17.116,51.868,1484.453,1.045,-1.934,-1.29900,1.122,-1.932,-1.30216,2
36059,381034,10,3,3,0,0,0,1,5,0,0,18.898,-144.511,-1.30213,-0.000,47.200,16.252,46.681,51.868,17.116,51.868,1484.453,1.045,-1.934,-1.29901,1.122,-1.932,-1.30212,2
36075,381044,10,3,3,0,0,0,1,5,0,0,18.898,-144.511,-1.30222,-0.000,47.200,16.252,46.681,51.868,17.116,51.868,1484.453,1.045,-1.934,-1.29910,1.122,-1.932,-1.30213,2
36075,381054,10,3,3,0,0,0,1,5,0,0,18.898,-144.511,-1.30231,-0.000,47.200,16.252,46.681,51.868,17.116,51.868,1484.453,1.045,-1.934,-1.29919,1.122,-1.932,-1.30222,2
36091,381064,10,3,3,0,0,0,1,5,0,0,18.898,-144.511,-1.30229,-0.000,47.200,16.252,46.681,51.868,17.116,51.868,1484.453,1.045,-1.934,-1.29917,1.122,-1.933,-1.30231,2
36106,381074,10,3,3,0,0,0,1,5,0,0,18.898,-144.511,-1.30230,-0.000,47.200,16.252,46.681,51.868,17.116,51.868,1484.453,1.045,-1.934,-1.29918,1.122,-1.933,-1.30229,2
36106,381084,10,3,3,0,0,0,1,5,0,0,18.898,-144.511,-1.30242,-0.000,47.200,16.252,46.681,51.868,17.116,51.868,1484.453,1.045,-1.934,-1.29930,1.122,-1.933,-1.30230,2
36121,381094,10,3,3,0,0,0,1,5,0,0,18.898,-144.511,-1.30238,-0.000,47.200,16.252,46.681,51.868,17.116,51.868,1484.453,1.045,-1.934,-1.29926,1.122,-1.933,-1.30242,2
36137,381104,10,3,3,0,0,0,1,5,0,0,18.898,-144.511,-1.30251,-0.000,47.200,16.252,46.681,51.868,17.116,51.868,1484.453,1.045,-1.934,-1.29939,1.122,-1.933,-1.30238,2
36137,381114,10,3,3,0,0,0,1,5,0,0,18.898,-144.511,-1.30244,-0.000,47.200,16.252,46.681,51.868,17.116,51.868,1484.453,1.045,-1.934,-1.29932,1.121,-1.933,-1.30251,2
36153,381124,10,3,3,0,0,0,1,5,0,0,18.898,-144.511,-1.30256,-0.000,47.200,16.252,46.681,51.868,17.116,51.868,1484.453,1.045,-1.934,-1.29944,1.121,-1.933,-1.30244,2
36168,381134,10,3,3,0,0,0,1,5,0,0,18.898,-144.511,-1.30276,-0.000,47.200,16.252,46.681,51.868,17.116,51.868,1484.453,1.044,-1.934,-1.29964,1.121,-1.933,-1.30256,2
36168,381144,10,3,3,0,0,0,1,5,0,0,18.898,-144.511,-1.30235,-0.000,47.200,16.252,46.681,51.868,17.116,51.868,1484.453,1.045,-1.934,-1.29923,1.121,-1.933,-1.30276,2
36184,381154,10,3,3,0,0,0,1,5,0,0,18.898,-144.511,-1.30183,-0.000,47.200,16.252,46.681,51.868,17.116,51.868,1484.453,1.045,-1.934,-1.29871,1.122,-1.933,-1.30235,2
36184,381164,10,3,3,0,0,0,1,5,0,0,18.898,-144.511,-1.30142,-0.000,47.200,16.252,46.681,51.868,17.116,51.868,1484.453,1.046,-1.934,-1.29830,1.122,-1.932,-1.30183,2
36199,381174,10,3,3,0,0,0,1,5,0,0,18.898,-144.511,-1.30108,-0.000,47.200,16.252,46.681,51.868,17.116,51.868,1484.453,1.046,-1.934,-1.29796,1.123,-1.932,-1.30142,2
36215,381184,10,3,3,0,0,0,1,5,0,0,18.898,-144.511,-1.30121,-0.000,47.200,16.252,46.681,51.868,17.116,51.868,1484.453,1.046,-1.934,-1.29809,1.123,-1.932,-1.30108,2
36215,381194,10,3,3,0,0,0,1,5,0,0,18.898,-144.511,-1.30141,-0.000,47.200,16.252,46.681,51.868,17.116,51.868,1484.453,1.046,-1.934,-1.29829,1.123,-1.932,-1.30121,2
36230,381204,10,3,3,0,0,0,1,5,0,0,18.898,-144.511,-1.30195,-0.000,47.200,16.252,46.681,51.868,17.116,51.868,1484.453,1.045,-1.934,-1.29883,1.123,-1.932,-1.30141,2
36245,381214,10,3,3,0,0,0,1,5,0,0,18.898,-144.511,-1.30163,-0.000,47.200,16.252,46.681,51.868,17.116,51.868,1484.453,1.046,-1.934,-1.29851,1.122,-1.932,-1.30195,2
36245,381224,10,3,3,0,0,0,1,5,0,0,18.898,-144.511,-1.30059,-0.000,47.200,16.252,46.681,51.868,17.116,51.868,1484.453,1.047,-1.933,-1.29747,1.122,-1.932,-1.30163,2
36261,381234,10,3,3,0,0,0,1,5,0,0,18.898,-144.511,-1.29660,0.397,47.200,16.252,46.681,51.868,17.116,51.868,1484.453,1.052,-1.932,-1.29348,1.124,-1.932,-1.30059,2
36277,381244,10,3,3,0,0,0,1,5,0,0,18.898,-144.511,-1.29184,0.488,47.200,16.252,46.681,51.868,17.116,51.868,1484.453,1.058,-1.930,-1.28872,1.129,-1.930,-1.29660,2
36277,381254,10,3,3,0,0,0,1,5,0,0,18.898,-144.511,-1.28827,0.397,47.200,16.252,46.681,51.868,17.116,51.868,1484.453,1.062,-1.929,-1.28515,1.134,-1.929,-1.29184,2
36293,381264,10,3,3,0,0,0,1,5,0,0,18.898,-144.511,-1.28808,-0.000,47.200,16.252,46.681,51.868,17.116,51.868,1484.453,1.062,-1.929,-1.28496,1.139,-1.927,-1.28827,2
36308,381274,10,3,3,0,0,0,1,5,0,0,18.898,-144.511,-1.28896,-0.000,47.200,16.252,46.681,51.868,17.116,51.868,1484.453,1.061,-1.929,-1.28584,1.139,-1.927,-1.28808,2
36308,381284,10,3,3,0,0,0,1,5,0,0,18.898,-144.511,-1.29040,-0.000,47.200,16.252,46.681,51.868,17.116,51.868,1484.453,1.059,-1.930,-1.28728,1.138,-1.928,-1.28896,2
36323,381294,10,3,3,0,0,0,1,5,0,0,18.898,-144.511,-1.28998,-0.000,47.200,16.252,46.681,51.868,17.116,51.868,1484.453,1.060,-1.929,-1.28686,1.136,-1.928,-1.29040,2
36339,381304,10,3,3,0,0,0,1,5,0,0,18.898,-144.511,-1.28895,-0.000,47.200,16.252,46.681,51.868,17.116,51.868,1484.453,1.061,-1.929,-1.28583,1.137,-1.928,-1.28998,2
36339,381314,10,3,3,0,0,0,1,5,0,0,18.898,-144.511,-1.28832,-0.000,47.200,16.252,46.681,51.868,17.116,51.868,1484.453,1.062,-1.929,-1.28520,1.138,-1.927,-1.28895,2
36356,381324,10,3,3,0,0,0,1,5,0,0,18.898,-144.511,-1.28677,0.305,47.200,16.252,46.681,51.868,17.116,51.868,1484.453,1.064,-1.928,-1.28365,1.139,-1.927,-1.28832,2
36356,381334,10,3,3,0,0,0,1,5,0,0,18.898,-144.511,-1.28208,0.427,47.200,16.252,46.681,51.868,17.116,51.868,1484.453,1.069,-1.926,-1.27896,1.141,-1.927,-1.28677,2
36372,381344,10,3,3,0,0,0,1,5,0,0,18.898,-144.511,-1.27464,0.763,47.200,16.252,46.681,51.868,17.116,51.868,1484.453,1.078,-1.924,-1.27152,1.146,-1.925,-1.28208,2
36387,381354,10,3,3,0,0,0,1,5,0,0,18.898,-144.511,-1.26728,0.824,47.200,16.252,46.681,51.868,17.116,51.868,1484.453,1.087,-1.921,-1.26416,1.155,-1.922,-1.27464,2
36387,381364,10,3,3,0,0,0,1,5,0,0,18.898,-144.511,-1.25930,0.977,47.200,16.252,46.681,51.868,17.116,51.868,1484.453,1.097,-1.918,-1.25618,1.164,-1.919,-1.26728,2
36402,381374,10,3,3,0,0,0,1,5,0,0,18.898,-144.511,-1.25263,0.732,47.200,16.252,46.681,51.868,17.116,51.868,1484.453,1.105,-1.915,-1.24951,1.174,-1.916,-1.25930,2
36418,381384,10,3,3,0,0,0,1,5,0,0,18.898,-144.511,-1.24684,0.549,47.200,16.252,46.681,51.868,17.116,51.868,1484.453,1.112,-1.913,-1.24372,1.182,-1.914,-1.25263,2
36418,381394,10,3,3,0,0,0,1,5,0,0,18.898,-144.511,-1.24509,-0.000,47.200,16.252,46.681,51.868,17.116,51.868,1484.453,1.114,-1.912,-1.24196,1.189,-1.912,-1.24684,2
36433,381404,10,3,3,0,0,0,1,5,0,0,18.898,-144.511,-1.24477,-0.000,47.200,16.252,46.681,51.868,17.116,51.868,1484.453,1.115,-1.912,-1.24165,1.191,-1.911,-1.24509,2
36448,381414,10,3,3,0,0,0,1,5,0,0,18.898,-144.511,-1.24504,-0.244,47.200,16.252,46.681,51.868,17.116,51.868,1484.453,1.114,-1.912,-1.24192,1.191,-1.911,-1.24477,2
36448,381424,10,3,3,0,0,0,1,5,0,0,18.898,-144.511,-1.24768,-0.366,47.200,16.252,46.681,51.868,17.116,51.868,1484.453,1.111,-1.913,-1.24456,1.191,-1.911,-1.24504,2
36464,381434,10,3,3,0,0,0,1,5,0,0,18.898,-144.511,-1.25020,-0.305,47.200,16.252,46.681,51.868,17.116,51.868,1484.453,1.108,-1.914,-1.24708,1.188,-1.912,-1.24768,2
36479,381444,10,3,3,0,0,0,1,5,0,0,18.898,-144.511,-1.25032,-0.000,47.200,16.252,46.681,51.868,17.116,51.868,1484.453,1.108,-1.914,-1.24720,1.185,-1.913,-1.25020,2
36479,381454,10,3,3,0,0,0,1,5,0,0,18.898,-144.511,-1.25040,-0.000,47.200,16.252,46.681,51.868,17.116,51.868,1484.453,1.108,-1.914,-1.24728,1.185,-1.913,-1.25032,2
36495,381464,10,3,3,0,0,0,1,5,0,0,18.898,-144.511,-1.25389,-0.336,47.200,16.252,46.681,51.868,17.116,51.868,1484.453,1.104,-1.916,-1.25077,1.185,-1.913,-1.25040,2
36495,381474,10,3,3,0,0,0,1,5,0,0,18.898,-144.511,-1.25889,-0.519,47.200,16.252,46.681,51.868,17.116,51.868,1484.453,1.098,-1.918,-1.25577,1.180,-1.914,-1.25389,2
36510,381484,10,3,3,0,0,0,1,5,0,0,18.898,-144.511,-1.26481,-0.702,47.200,16.252,46.681,51.868,17.116,51.868,1484.453,1.090,-1.920,-1.26169,1.174,-1.916,-1.25889,2
36525,381494,10,3,3,0,0,0,1,5,0,0,18.898,-144.511,-1.27125,-0.732,47.200,16.252,46.681,51.868,17.116,51.868,1484.453,1.083,-1.922,-1.26812,1.167,-1.918,-1.26481,2
36525,381504,10,3,3,0,0,0,1,5,0,0,18.898,-144.511,-1.27732,-0.702,47.200,16.252,46.681,51.868,17.116,51.868,1484.453,1.075,-1.925,-1.27420,1.159,-1.921,-1.27125,2
36542,381514,10,3,3,0,0,0,1,5,0,0,18.898,-144.511,-1.28223,-0.549,47.200,16.252,46.681,51.868,17.116,51.868,1484.453,1.069,-1.926,-1.27911,1.152,-1.923,-1.27732,2
36557,381524,10,3,3,0,0,0,1,5,0,0,18.898,-144.511,-1.28626,-0.519,47.200,16.252,46.681,51.868,17.116,51.868,1484.453,1.064,-1.928,-1.28314,1.146,-1.925,-1.28223,2
36557,381534,10,3,3,0,0,0,1,5,0,0,18.898,-144.511,-1.29029,-0.427,47.200,16.252,46.681,51.868,17.116,51.868,1484.453,1.059,-1.929,-1.28717,1.141,-1.926,-1.28626,2
36572,381544,10,3,3,0,0,0,1,5,0,0,18.898,-144.511,-1.29376,-0.397,47.200,16.252,46.681,51.868,17.116,51.868,1484.453,1.055,-1.931,-1.29064,1.136,-1.928,-1.29029,2
36588,381554,10,3,3,0,0,0,1,5,0,0,18.898,-144.511,-1.29744,-0.336,47.200,16.252,46.681,51.868,17.116,51.868,1484.453,1.051,-1.932,-1.29432,1.132,-1.929,-1.29376,2
36588,381564,10,3,3,0,0,0,1,5,0,0,18.898,-144.511,-1.30174,-0.427,47.200,16.252,46.681,51.868,17.116,51.868,1484.453,1.046,-1.934,-1.29861,1.128,-1.931,-1.29744,2
36604,381574,10,3,3,0,0,0,1,5,0,0,18.898,-144.511,-1.30590,-0.427,47.200,16.252,46.681,51.868,17.116,51.868,1484.453,1.041,-1.935,-1.30278,1.122,-1.932,-1.30173,2
36619,381584,10,3,3,0,0,0,1,5,0,0,18.898,-144.511,-1.30926,-0.366,47.200,16.252,46.681,51.868,17.116,51.868,1484.453,1.036,-1.937,-1.30614,1.117,-1.934,-1.30590,2
36619,381594,10,3,3,0,0,0,1,5,0,0,18.898,-144.511,-1.31236,-0.305,47.200,16.252,46.681,51.868,17.116,51.868,1484.453,1.033,-1.938,-1.30924,1.113,-1.935,-1.30926,2
36635,381604,10,3,3,0,0,0,1,5,0,0,18.898,-144.511,-1.31168,-0.000,47.200,16.252,46.681,51.868,17.116,51.868,1484.453,1.034,-1.938,-1.30856,1.109,-1.936,-1.31236,2
36635,381614,10,3,3,0,0,0,1,5,0,0,18.819,-144.511,-1.31007,-0.000,47.200,16.252,46.681,51.868,17.116,51.868,1484.453,1.037,-2.017,-1.30695,1.110,-1.936,-1.31168,2
36650,381624,10,3,3,0,0,0,1,5,0,0,18.739,-144.511,-1.30851,-0.000,47.200,16.252,46.681,51.868,17.116,51.868,1484.453,1.041,-2.096,-1.30539,1.114,-2.015,-1.31007,2
36666,381634,10,3,3,0,0,0,1,5,0,0,18.739,-144.511,-1.30817,-0.000,47.200,16.252,46.681,51.868,17.116,51.868,1484.453,1.041,-2.096,-1.30505,1.118,-2.094,-1.30851,2
36666,381644,10,3,3,0,0,0,1,5,0,0,18.739,-144.511,-1.30832,-0.000,47.200,16.252,46.681,51.868,17.116,51.868,1484.453,1.041,-2.096,-1.30520,1.118,-2.094,-1.30817,2
36681,381654,10,3,3,0,0,0,1,5,0,0,18.739,-144.511,-1.30896,-0.000,47.200,16.252,46.681,51.868,17.116,51.868,1484.453,1.040,-2.096,-1.30584,1.118,-2.094,-1.30832,2
36697,381664,10,3,3,0,0,0,1,5,0,0,18.664,-144.511,-1.30837,0.305,47.200,16.252,46.681,51.868,17.116,51.868,1484.453,1.043,-2.171,-1.30525,1.117,-2.095,-1.30896,2
36697,381674,10,3,3,0,0,0,1,5,0,0,18.544,-144.511,-1.30547,0.458,47.200,16.252,46.681,51.868,17.116,51.868,1484.453,1.049,-2.290,-1.30235,1.120,-2.170,-1.30837,2
36712,381684,10,3,3,0,0,0,1,5,0,0,18.468,-144.511,-1.30098,0.702,47.200,16.252,46.681,51.868,17.116,51.868,1484.453,1.056,-2.363,-1.29786,1.126,-2.288,-1.30547,2
36728,381694,10,3,3,0,0,0,1,5,0,0,18.389,-144.511,-1.29452,0.855,47.200,16.252,46.681,51.868,17.116,51.349,1484.453,1.066,-2.441,-1.29140,1.133,-2.362,-1.30098,2
36728,381704,10,3,3,0,0,0,1,5,0,0,18.313,-144.476,-1.28800,0.824,47.200,16.252,46.681,51.868,17.116,51.349,1484.453,1.111,-2.513,-1.28488,1.143,-2.439,-1.29452,2
36744,381714,10,3,3,0,0,0,1,5,0,0,18.233,-144.476,-1.28259,0.702,47.200,16.252,46.681,51.868,17.116,51.349,1484.453,1.119,-2.591,-1.27947,1.188,-2.511,-1.28800,2
36758,381724,10,3,3,0,0,0,1,5,0,0,18.233,-144.476,-1.27919,0.458,47.200,16.252,46.681,51.868,17.116,51.349,1484.453,1.123,-2.589,-1.27607,1.196,-2.589,-1.28259,2
36758,381734,10,3,3,0,0,0,1,5,0,0,18.158,-144.476,-1.27961,-0.000,47.200,16.252,46.681,51.868,17.116,51.349,1484.453,1.125,-2.665,-1.27649,1.200,-2.588,-1.27919,2
36775,381744,10,3,3,0,0,0,1,5,0,0,18.158,-144.476,-1.28242,-0.397,47.200,16.252,46.681,51.868,17.116,51.349,1484.453,1.121,-2.666,-1.27930,1.201,-2.663,-1.27961,2
36775,381754,10,3,3,0,0,0,1,5,0,0,18.158,-144.476,-1.28721,-0.519,47.200,16.252,46.681,51.868,17.116,51.349,1484.453,1.115,-2.668,-1.28409,1.198,-2.664,-1.28242,2
36790,381764,10,3,3,0,0,0,1,5,0,0,18.158,-144.476,-1.29222,-0.488,47.200,16.252,46.681,51.868,17.116,51.349,1484.453,1.109,-2.670,-1.28910,1.192,-2.666,-1.28721,2
36805,381774,10,3,3,0,0,0,1,5,0,0,18.158,-144.476,-1.29542,-0.275,47.200,16.252,46.681,51.868,17.116,51.349,1484.453,1.105,-2.671,-1.29230,1.186,-2.668,-1.29222,2
36805,381784,10,3,3,0,0,0,1,5,0,0,18.118,-144.476,-1.29450,-0.000,47.200,16.252,46.681,51.868,17.116,51.349,1484.453,1.107,-2.710,-1.29138,1.182,-2.669,-1.29542,2
36820,381794,10,3,3,0,0,0,1,5,0,0,18.118,-144.476,-1.28960,0.427,47.200,16.252,46.681,51.868,17.116,51.349,1484.453,1.113,-2.708,-1.28648,1.184,-2.709,-1.29450,2
36836,381804,10,3,3,0,0,0,1,5,0,0,18.118,-144.476,-1.28246,0.610,47.200,16.252,46.681,51.868,17.116,51.349,1484.453,1.122,-2.706,-1.27934,1.190,-2.707,-1.28960,2
36836,381814,10,3,3,0,0,0,1,5,0,0,18.118,-144.476,-1.27607,0.580,47.200,16.252,46.681,51.868,17.116,51.349,1484.453,1.130,-2.703,-1.27295,1.199,-2.704,-1.28246,2
36851,381824,10,3,3,0,0,0,1,5,0,0,18.118,-144.476,-1.27075,0.427,47.200,16.252,46.681,51.868,17.116,51.349,1484.453,1.136,-2.701,-1.26763,1.207,-2.702,-1.27607,2
36868,381834,10,3,3,0,0,0,1,5,0,0,18.118,-144.476,-1.26687,0.305,47.200,16.252,46.681,51.868,17.116,51.349,1484.453,1.141,-2.700,-1.26375,1.213,-2.700,-1.27075,2
36868,381844,10,3,3,0,0,0,1,5,0,0,18.118,-144.476,-1.26357,0.275,47.200,16.252,46.681,51.868,17.116,51.349,1484.453,1.145,-2.699,-1.26045,1.218,-2.698,-1.26687,2
36883,381854,10,3,3,0,0,0,1,5,0,0,18.118,-144.476,-1.26002,0.275,47.200,16.252,46.681,51.868,17.116,51.349,1484.453,1.149,-2.697,-1.25690,1.222,-2.697,-1.26357,2
36899,381864,10,3,3,0,0,0,1,5,0,0,18.118,-144.476,-1.25827,-0.000,47.200,16.252,46.681,51.868,17.116,51.349,1484.453,1.151,-2.697,-1.25514,1.226,-2.696,-1.26002,2
36899,381874,10,3,3,0,0,0,1,5,0,0,18.118,-144.476,-1.25775,-0.000,47.200,16.252,46.681,51.868,17.116,51.349,1484.453,1.152,-2.696,-1.25463,1.228,-2.695,-1.25827,2
36915,381884,10,3,3,0,0,0,1,5,0,0,18.118,-144.476,-1.25782,-0.000,47.200,16.252,46.681,51.868,17.116,51.349,1484.453,1.152,-2.697,-1.25470,1.229,-2.695,-1.25775,2
36915,381894,10,3,3,0,0,0,1,5,0,0,18.118,-144.476,-1.25852,-0.000,47.200,16.252,46.681,51.868,17.116,51.349,1484.453,1.151,-2.697,-1.25540,1.229,-2.695,-1.25782,2
36930,381904,10,3,3,0,0,0,1,5,0,0,18.118,-144.476,-1.25566,0.397,47.200,16.252,46.681,51.349,17.116,51.349,1484.453,1.155,-2.696,-1.25254,1.228,-2.695,-1.25852,2
36945,381914,10,3,3,0,0,0,1,5,0,0,18.118,-144.476,-1.24989,0.702,47.200,16.252,46.681,51.349,17.116,51.349,1484.453,1.162,-2.694,-1.24677,1.231,-2.694,-1.25566,2
36945,381924,10,3,3,0,0,0,1,5,0,0,18.038,-144.476,-1.24093,0.977,47.200,16.252,46.681,51.349,17.116,51.349,1484.453,1.174,-2.770,-1.23781,1.238,-2.692,-1.24989,2
36961,381934,10,3,3,0,0,0,1,5,0,0,18.038,-144.476,-1.23050,1.068,47.200,16.252,46.681,51.349,17.116,51.349,1484.453,1.187,-2.766,-1.22738,1.251,-2.768,-1.24093,2
36977,381944,10,3,3,0,0,0,1,5,0,0,18.038,-144.476,-1.22041,0.946,47.200,16.252,46.681,51.349,17.116,51.349,1484.453,1.199,-2.762,-1.21729,1.264,-2.765,-1.23050,2
36977,381954,10,3,3,0,0,0,1,5,0,0,18.038,-144.476,-1.21178,0.732,47.200,16.252,46.681,51.349,17.116,51.349,1484.453,1.210,-2.759,-1.20866,1.276,-2.761,-1.22041,2
36992,381964,10,3,3,0,0,0,1,5,0,0,18.038,-144.476,-1.20869,-0.000,47.200,16.252,46.681,51.349,17.116,51.349,1484.453,1.213,-2.758,-1.20557,1.286,-2.758,-1.21178,2
37008,381974,10,3,3,0,0,0,1,5,0,0,17.923,-144.476,-1.21012,-0.305,47.200,16.252,46.681,51.349,17.116,51.349,1484.453,1.214,-2.874,-1.20700,1.290,-2.756,-1.20869,2
37008,381984,10,3,3,0,0,0,1,5,0,0,17.923,-144.476,-1.21762,-0.855,47.200,16.252,46.681,51.349,17.116,51.349,1484.453,1.205,-2.876,-1.21450,1.291,-2.872,-1.21012,2
37023,381994,10,3,3,0,0,0,1,5,0,0,17.923,-144.476,-1.22836,-1.007,47.200,16.252,46.681,51.349,17.116,51.349,1484.453,1.192,-2.880,-1.22524,1.282,-2.875,-1.21762,2
37038,382004,10,3,3,0,0,0,1,5,0,0,17.843,-144.476,-1.23848,-0.885,47.200,16.252,46.681,51.349,17.116,51.349,1484.453,1.181,-2.964,-1.23535,1.269,-2.879,-1.22836,2
37038,382014,10,3,3,0,0,0,1,5,0,0,17.843,-144.476,-1.24478,-0.458,47.200,16.252,46.681,51.349,17.116,51.349,1484.453,1.174,-2.966,-1.24166,1.258,-2.963,-1.23847,2
37054,382024,10,3,3,0,0,0,1,5,0,0,17.843,-144.476,-1.24653,-0.000,47.200,16.252,46.681,51.349,17.116,51.349,1484.453,1.172,-2.967,-1.24341,1.251,-2.965,-1.24478,2
37070,382034,10,3,3,0,0,0,1,5,0,0,17.843,-144.476,-1.24193,0.641,47.200,16.252,46.681,51.349,17.116,51.349,1484.453,1.177,-2.965,-1.23881,1.248,-2.966,-1.24653,2
37070,382044,10,3,3,0,0,0,1,5,0,0,17.843,-144.476,-1.23332,0.855,47.200,16.252,46.681,51.349,17.116,50.830,1484.453,1.188,-2.962,-1.23019,1.254,-2.964,-1.24193,2
37085,382054,10,3,3,0,0,0,1,5,0,0,17.843,-144.476,-1.22411,0.855,47.200,16.252,46.681,51.349,17.116,50.830,1484.453,1.199,-2.959,-1.22099,1.264,-2.961,-1.23332,2
37085,382064,10,3,3,0,0,0,1,5,0,0,17.843,-144.476,-1.21749,0.519,47.200,16.252,46.681,51.349,17.116,50.830,1484.453,1.207,-2.956,-1.21437,1.276,-2.957,-1.22411,2
37101,382074,10,3,3,0,0,0,1,5,0,0,17.768,-144.476,-1.21629,-0.000,47.200,16.252,46.681,51.349,17.116,50.830,1484.453,1.210,-3.031,-1.21317,1.284,-2.955,-1.21749,2
37116,382084,10,3,3,0,0,0,1,5,0,0,17.768,-144.476,-1.22209,-0.580,47.200,16.252,46.681,51.349,17.116,50.830,1484.453,1.203,-3.033,-1.21897,1.287,-3.030,-1.21629,2
37116,382094,10,3,3,0,0,0,1,5,0,0,17.768,-144.476,-1.22898,-0.671,47.200,16.252,46.681,51.349,17.116,50.830,1484.453,1.194,-3.036,-1.22586,1.280,-3.032,-1.22209,2
37132,382104,10,3,3,0,0,0,1,5,0,0,17.768,-144.476,-1.23670,-0.732,47.200,16.252,46.681,51.349,17.116,50.830,1484.453,1.185,-3.039,-1.23358,1.271,-3.034,-1.22898,2
37147,382114,10,3,3,0,0,0,1,5,0,0,17.648,-144.476,-1.24374,-0.641,47.200,16.252,46.681,51.349,17.116,50.830,1484.453,1.179,-3.161,-1.24062,1.262,-3.037,-1.23670,2
37147,382124,10,3,3,0,0,0,1,5,0,0,17.573,-144.436,-1.24553,-0.000,47.200,16.252,46.681,51.349,17.116,50.830,1484.453,1.218,-3.236,-1.24241,1.256,-3.160,-1.24374,2
37163,382134,10,3,3,0,0,0,1,5,0,0,17.573,-144.436,-1.24549,-0.000,47.200,16.252,46.681,51.349,17.116,50.830,1484.453,1.219,-3.236,-1.24237,1.295,-3.235,-1.24553,2
37178,382144,10,3,3,0,0,0,1,5,0,0,17.573,-144.436,-1.24288,0.336,47.200,16.252,46.681,51.349,17.116,50.312,1484.453,1.222,-3.235,-1.23976,1.295,-3.235,-1.24549,2
37178,382154,10,3,3,0,0,0,1,5,0,0,17.493,-144.436,-1.24022,-0.000,47.200,16.252,46.681,51.349,17.116,50.312,1484.453,1.227,-3.314,-1.23710,1.299,-3.234,-1.24288,2
37193,382164,10,3,3,0,0,0,1,5,0,0,17.418,-144.436,-1.23962,-0.000,47.200,16.252,46.681,51.349,17.116,50.312,1484.453,1.229,-3.389,-1.23650,1.303,-3.312,-1.24022,2
37209,382174,10,3,3,0,0,0,1,5,0,0,17.338,-144.436,-1.24437,-0.580,47.200,16.252,46.681,51.349,17.116,50.312,1484.453,1.225,-3.471,-1.24125,1.306,-3.388,-1.23962,2
37209,382184,10,3,3,0,0,0,1,5,0,0,17.258,-144.436,-1.25198,-0.763,47.200,16.252,46.162,50.830,17.116,50.312,1484.972,1.217,-3.553,-1.24886,1.302,-3.469,-1.24437,2
37225,382194,10,3,3,0,0,0,1,5,0,0,17.258,-144.436,-1.25936,-0.671,47.200,16.252,46.162,50.830,17.116,50.312,1484.972,1.208,-3.556,-1.25624,1.294,-3.552,-1.25198,2
37225,382204,10,3,3,0,0,0,1,5,0,0,17.183,-144.436,-1.26310,-0.336,47.200,16.252,46.162,50.830,17.116,50.312,1484.972,1.206,-3.633,-1.25998,1.285,-3.555,-1.25936,2
37239,382214,10,3,3,0,0,0,1,5,0,0,17.103,-144.436,-1.26327,-0.000,47.200,16.252,46.162,50.830,17.116,50.312,1484.972,1.207,-3.713,-1.26015,1.282,-3.631,-1.26310,2
37255,382224,10,3,3,0,0,0,1,5,0,0,17.028,-144.436,-1.26522,-0.244,47.200,16.252,45.644,50.830,17.116,50.312,1485.491,1.206,-3.789,-1.26210,1.284,-3.711,-1.26327,2
37255,382234,10,3,3,0,0,0,1,5,0,0,17.028,-144.436,-1.26941,-0.397,47.200,16.252,45.644,50.312,17.116,50.312,1485.491,1.201,-3.790,-1.26629,1.283,-3.787,-1.26522,2
37271,382244,10,3,3,0,0,0,1,5,0,0,16.948,-144.436,-1.27474,-0.549,47.200,16.252,45.644,50.312,17.116,50.312,1485.491,1.197,-3.872,-1.27162,1.278,-3.789,-1.26941,2
37287,382254,10,3,3,0,0,0,1,5,0,0,16.868,-144.356,-1.28005,-0.458,47.200,16.252,45.644,50.312,17.116,50.312,1485.491,1.272,-3.952,-1.27693,1.274,-3.871,-1.27474,2
37287,382264,10,3,3,0,0,0,1,5,0,0,16.793,-144.356,-1.28476,-0.305,47.200,16.252,45.644,50.312,17.116,50.312,1485.491,1.268,-4.029,-1.28164,1.349,-3.951,-1.28005,2
37302,382274,10,3,3,0,0,0,1,5,0,0,16.713,-144.356,-1.28641,-0.000,47.200,16.252,45.644,50.312,17.116,50.312,1485.491,1.268,-4.110,-1.28329,1.345,-4.028,-1.28476,2
37317,382284,10,3,3,0,0,0,1,5,0,0,16.713,-144.316,-1.28800,-0.000,47.200,16.252,45.644,50.312,17.116,50.312,1485.491,1.305,-4.109,-1.28488,1.344,-4.108,-1.28641,2
37317,382294,10,3,3,0,0,0,1,5,0,0,16.638,-144.241,-1.28940,-0.000,47.200,16.252,45.644,50.312,17.116,50.312,1485.491,1.381,-4.183,-1.28628,1.382,-4.108,-1.28800,2
37333,382304,10,3,3,0,0,0,1,5,0,0,16.638,-144.241,-1.29082,-0.000,47.200,16.252,45.644,50.312,17.116,50.312,1485.491,1.379,-4.184,-1.28770,1.458,-4.182,-1.28940,2
37348,382314,10,3,3,0,0,0,1,5,0,0,16.638,-144.241,-1.29174,-0.000,47.200,16.252,45.644,50.312,17.116,50.312,1485.491,1.378,-4.184,-1.28862,1.456,-4.183,-1.29082,2
37348,382324,10,3,3,0,0,0,1,5,0,0,16.638,-144.241,-1.29103,-0.000,47.200,16.252,45.644,50.312,17.116,50.312,1485.491,1.379,-4.184,-1.28791,1.455,-4.183,-1.29174,2
37363,382334,10,3,3,0,0,0,1,5,0,0,16.638,-144.241,-1.28968,-0.000,47.200,16.252,45.644,50.312,17.116,50.312,1485.491,1.380,-4.184,-1.28656,1.456,-4.183,-1.29103,2
37378,382344,10,3,3,0,0,0,1,5,0,0,16.638,-144.241,-1.28849,-0.000,47.200,16.252,45.644,50.312,17.116,50.312,1485.491,1.382,-4.183,-1.28537,1.457,-4.182,-1.28968,2
37378,382354,10,3,3,0,0,0,1,5,0,0,16.638,-144.241,-1.28691,-0.000,47.200,16.252,45.644,50.312,17.116,50.312,1485.491,1.384,-4.183,-1.28379,1.459,-4.182,-1.28849,2
37394,382364,10,3,3,0,0,0,1,5,0,0,16.638,-144.241,-1.28584,-0.000,47.200,16.252,45.644,50.312,17.116,50.312,1485.491,1.385,-4.182,-1.28272,1.461,-4.181,-1.28691,2
37410,382374,10,3,3,0,0,0,1,5,0,0,16.638,-144.201,-1.28552,-0.000,47.200,16.252,45.644,50.312,17.116,50.312,1485.491,1.425,-4.181,-1.28240,1.462,-4.181,-1.28584,2
37410,382384,10,3,3,0,0,0,1,5,0,0,16.638,-144.201,-1.28589,-0.000,47.200,16.252,45.644,50.312,17.116,49.793,1485.491,1.425,-4.181,-1.28277,1.502,-4.180,-1.28552,2
37425,382394,10,3,3,0,0,0,1,5,0,0,16.638,-144.121,-1.28416,0.336,47.200,16.252,45.644,50.312,17.116,49.793,1485.491,1.507,-4.179,-1.28104,1.502,-4.180,-1.28589,2
37425,382404,10,3,3,0,0,0,1,5,0,0,16.638,-144.121,-1.27855,0.519,47.200,16.252,45.644,50.312,17.116,49.793,1485.491,1.514,-4.177,-1.27543,1.584,-4.177,-1.28416,2
37441,382414,10,3,3,0,0,0,1,5,0,0,16.638,-144.121,-1.27242,0.519,47.200,16.252,45.644,50.312,17.116,49.793,1485.491,1.521,-4.174,-1.26930,1.591,-4.175,-1.27855,2
37456,382424,10,3,3,0,0,0,1,5,0,0,16.638,-144.046,-1.26731,0.397,47.200,16.252,45.644,50.312,17.116,49.793,1485.491,1.603,-4.171,-1.26419,1.598,-4.173,-1.27242,2
37456,382434,10,3,3,0,0,0,1,5,0,0,16.638,-144.046,-1.26560,-0.000,47.200,16.252,45.644,50.312,17.116,49.793,1485.491,1.605,-4.170,-1.26248,1.680,-4.169,-1.26731,2
37472,382444,10,3,3,0,0,0,1,5,0,0,16.638,-144.046,-1.26525,-0.000,47.200,16.252,45.644,50.312,17.116,49.793,1485.491,1.605,-4.170,-1.26213,1.682,-4.169,-1.26560,2
37487,382454,10,3,3,0,0,0,1,5,0,0,16.638,-143.966,-1.26532,-0.000,47.200,16.252,45.644,50.312,17.116,49.793,1485.491,1.685,-4.168,-1.26220,1.682,-4.169,-1.26525,2
37487,382464,10,3,3,0,0,0,1,5,0,0,16.558,-143.966,-1.26226,0.397,47.200,16.252,45.644,50.312,17.116,49.793,1485.491,1.690,-4.247,-1.25914,1.762,-4.167,-1.26532,2
37503,382474,10,3,3,0,0,0,1,5,0,0,16.558,-143.966,-1.25804,0.549,47.200,16.252,45.644,50.312,17.116,49.793,1485.491,1.695,-4.245,-1.25492,1.767,-4.245,-1.26226,2
37518,382484,10,3,3,0,0,0,1,5,0,0,16.558,-143.966,-1.25364,0.458,47.200,16.252,45.644,50.312,17.116,49.793,1485.491,1.701,-4.244,-1.25052,1.772,-4.244,-1.25804,2
37518,382494,10,3,3,0,0,0,1,5,0,0,16.558,-143.966,-1.25053,0.305,47.200,16.252,45.644,50.312,17.116,49.793,1485.491,1.705,-4.243,-1.24741,1.778,-4.242,-1.25364,2
37535,382504,10,3,3,0,0,0,1,5,0,0,16.482,-143.891,-1.25080,-0.000,47.200,16.252,45.644,50.312,17.116,49.793,1485.491,1.781,-4.316,-1.24768,1.781,-4.241,-1.25053,2
37535,382514,10,3,3,0,0,0,1,5,0,0,16.482,-143.891,-1.25104,-0.000,47.200,16.252,45.644,50.312,17.116,49.793,1485.491,1.781,-4.316,-1.24792,1.858,-4.315,-1.25080,2
37549,382524,10,3,3,0,0,0,1,5,0,0,16.482,-143.891,-1.25229,-0.244,46.681,16.252,45.644,50.312,17.116,49.793,1485.491,1.779,-4.317,-1.24916,1.858,-4.315,-1.25104,2
37565,382534,10,3,3,0,0,0,1,5,0,0,16.403,-143.811,-1.25558,-0.336,46.681,16.252,45.644,50.312,17.116,49.793,1485.491,1.857,-4.396,-1.25246,1.856,-4.315,-1.25228,2
37565,382544,10,3,3,0,0,0,1,5,0,0,16.403,-143.811,-1.25838,-0.275,46.681,16.252,45.644,50.312,17.116,49.793,1485.491,1.854,-4.397,-1.25526,1.934,-4.395,-1.25558,2
37581,382554,10,3,3,0,0,0,1,5,0,0,16.403,-143.811,-1.26147,-0.244,46.681,16.252,45.644,50.312,17.116,49.793,1485.491,1.850,-4.398,-1.25835,1.930,-4.396,-1.25838,2
37597,382564,10,3,3,0,0,0,1,5,0,0,16.323,-143.811,-1.26669,-0.580,46.681,16.252,45.125,50.312,17.116,49.274,1486.009,1.845,-4.480,-1.26357,1.927,-4.397,-1.26147,2
37597,382574,10,3,3,0,0,0,1,5,0,0,16.323,-143.811,-1.27375,-0.732,46.681,16.252,45.125,50.312,17.116,49.274,1486.009,1.837,-4.483,-1.27063,1.922,-4.479,-1.26669,2
37612,382584,10,3,3,0,0,0,1,5,0,0,16.323,-143.811,-1.28097,-0.824,46.681,16.252,45.125,50.312,17.116,49.274,1486.009,1.828,-4.485,-1.27785,1.914,-4.481,-1.27375,2
37628,382594,10,3,3,0,0,0,1,5,0,0,16.247,-143.811,-1.28691,-0.671,46.681,16.252,45.125,50.312,17.116,49.274,1486.009,1.822,-4.563,-1.28379,1.905,-4.484,-1.28097,2
37628,382604,10,3,3,0,0,0,1,5,0,0,16.247,-143.771,-1.29227,-0.519,46.681,16.252,45.125,50.312,17.116,49.274,1486.009,1.856,-4.564,-1.28915,1.899,-4.562,-1.28691,2
37643,382614,10,3,3,0,0,0,1,5,0,0,16.168,-143.771,-1.29598,-0.305,46.681,16.252,45.125,50.312,17.116,49.274,1486.009,1.853,-4.645,-1.29286,1.933,-4.563,-1.29227,2
37659,382624,10,3,3,0,0,0,1,5,0,0,16.168,-143.771,-1.29845,-0.275,46.681,16.252,45.125,50.312,17.116,49.274,1486.009,1.850,-4.646,-1.29533,1.930,-4.644,-1.29598,2
37659,382634,10,3,3,0,0,0,1,5,0,0,16.092,-143.696,-1.30156,-0.336,46.681,16.252,45.125,50.312,17.116,49.274,1486.009,1.923,-4.721,-1.29844,1.927,-4.645,-1.29845,2
37675,382644,10,3,3,0,0,0,1,5,0,0,16.012,-143.696,-1.30686,-0.610,46.681,16.252,45.125,49.793,17.116,49.274,1486.009,1.919,-4.803,-1.30374,2.000,-4.720,-1.30156,2
37675,382654,10,3,3,0,0,0,1,5,0,0,16.012,-143.616,-1.31455,-0.916,46.681,16.252,44.606,49.793,17.116,49.274,1486.528,1.989,-4.804,-1.31143,1.996,-4.801,-1.30686,2
37690,382664,10,3,3,0,0,0,1,5,0,0,16.012,-143.541,-1.32546,-1.221,46.681,16.252,44.606,49.793,17.116,49.274,1486.528,2.051,-4.806,-1.32234,2.066,-4.802,-1.31455,2
37706,382674,10,3,3,0,0,0,1,5,0,0,15.937,-143.461,-1.33799,-1.282,46.681,16.252,44.606,49.793,17.116,49.274,1486.528,2.118,-4.885,-1.33487,2.128,-4.805,-1.32546,2
37706,382684,10,3,3,0,0,0,1,5,0,0,15.857,-143.381,-1.34862,-1.007,46.681,16.252,44.606,49.793,17.116,49.274,1486.528,2.186,-4.966,-1.34550,2.194,-4.883,-1.33799,2
37721,382694,10,3,3,0,0,0,1,5,0,0,15.778,-143.306,-1.36124,-0.732,46.681,16.252,44.088,49.793,17.116,49.274,1487.047,2.248,-5.049,-1.35812,2.263,-4.965,-1.34862,2
37736,382704,10,3,3,0,0,0,1,5,0,0,15.702,-143.306,-1.36626,-0.336,46.681,16.252,44.088,49.793,17.116,49.274,1487.047,2.244,-5.126,-1.36314,2.325,-5.048,-1.36124,2
37736,382714,10,3,3,0,0,0,1,5,0,0,15.622,-143.306,-1.36668,-0.000,46.681,16.252,44.088,49.793,17.116,49.274,1487.047,2.245,-5.206,-1.36356,2.321,-5.125,-1.36626,2
37753,382724,10,3,3,0,0,0,1,5,0,0,15.622,-143.306,-1.36277,0.458,46.681,16.252,44.088,49.274,17.116,49.274,1487.047,2.250,-5.205,-1.35965,2.322,-5.205,-1.36668,2
37769,382734,10,3,3,0,0,0,1,5,0,0,15.547,-143.226,-1.35523,0.763,46.681,16.252,44.088,49.274,17.116,48.756,1487.047,2.341,-5.276,-1.35211,2.327,-5.203,-1.36277,2
37769,382744,10,3,3,0,0,0,1,5,0,0,15.547,-143.226,-1.34806,0.702,46.681,16.252,44.088,49.274,17.116,48.756,1487.047,2.349,-5.273,-1.34494,2.418,-5.274,-1.35523,2
37785,382754,10,3,3,0,0,0,1,5,0,0,15.467,-143.226,-1.34267,0.610,46.681,16.252,44.088,49.274,17.116,48.756,1487.047,2.358,-5.351,-1.33955,2.426,-5.271,-1.34806,2
37785,382764,10,3,3,0,0,0,1,5,0,0,15.387,-143.226,-1.33950,0.397,46.681,16.252,44.088,49.274,17.116,48.756,1487.047,2.364,-5.429,-1.33638,2.435,-5.349,-1.34267,2
37800,382774,10,3,3,0,0,0,1,5,0,0,15.312,-143.226,-1.33702,0.427,46.681,16.252,44.088,49.274,17.116,48.756,1487.047,2.368,-5.504,-1.33390,2.441,-5.428,-1.33950,2
37815,382784,10,3,3,0,0,0,1,5,0,0,15.312,-143.226,-1.33526,0.397,46.162,16.252,44.088,49.274,17.116,48.756,1487.047,2.370,-5.503,-1.33214,2.445,-5.502,-1.33702,2
37815,382794,10,3,3,0,0,0,1,5,0,0,15.312,-143.226,-1.33234,0.519,46.162,16.252,44.088,49.274,17.116,48.756,1487.047,2.374,-5.502,-1.32922,2.447,-5.501,-1.33526,2
37831,382804,10,3,3,0,0,0,1,5,0,0,15.312,-143.226,-1.32805,0.488,46.162,16.252,44.088,49.274,17.116,48.756,1487.047,2.379,-5.500,-1.32493,2.451,-5.500,-1.33234,2
37846,382814,10,3,3,0,0,0,1,5,0,0,15.312,-143.226,-1.32607,-0.000,46.162,16.252,44.088,49.274,17.116,48.756,1487.047,2.382,-5.499,-1.32294,2.456,-5.499,-1.32805,2
37846,382824,10,3,3,0,0,0,1,5,0,0,15.312,-143.226,-1.32511,-0.000,46.162,16.252,44.088,49.274,17.116,48.756,1487.047,2.383,-5.499,-1.32199,2.459,-5.498,-1.32606,2
37861,382834,10,3,3,0,0,0,1,5,0,0,15.312,-143.226,-1.32702,-0.366,46.162,16.252,44.088,49.274,17.116,48.756,1487.047,2.380,-5.500,-1.32390,2.460,-5.498,-1.32511,2
37877,382844,10,3,3,0,0,0,1,5,0,0,15.312,-143.226,-1.33057,-0.458,46.162,16.252,44.088,49.274,17.116,48.756,1487.047,2.376,-5.501,-1.32745,2.457,-5.498,-1.32702,2
37877,382854,10,3,3,0,0,0,1,5,0,0,15.312,-143.226,-1.33407,-0.366,46.162,16.252,44.088,49.274,17.116,48.756,1487.047,2.372,-5.502,-1.33095,2.453,-5.500,-1.33057,2
37893,382864,10,3,3,0,0,0,1,5,0,0,15.312,-143.226,-1.33431,-0.000,46.162,16.252,44.088,49.274,17.116,48.756,1487.047,2.372,-5.503,-1.33119,2.449,-5.501,-1.33407,2
37908,382874,10,3,3,0,0,0,1,5,0,0,15.312,-143.226,-1.33413,-0.000,46.162,16.252,44.088,49.274,17.116,48.756,1487.047,2.372,-5.502,-1.33101,2.449,-5.501,-1.33431,2
37908,382884,10,3,3,0,0,0,1,5,0,0,15.312,-143.226,-1.33432,-0.000,46.162,16.252,44.088,49.274,17.116,48.756,1487.047,2.372,-5.503,-1.33120,2.449,-5.501,-1.33413,2
37924,382894,10,3,3,0,0,0,1,5,0,0,15.232,-143.226,-1.33382,-0.000,46.162,16.252,44.088,49.274,17.116,48.756,1487.047,2.374,-5.582,-1.33070,2.449,-5.501,-1.33432,2
37939,382904,10,3,3,0,0,0,1,5,0,0,15.232,-143.226,-1.33414,-0.244,46.162,16.252,44.088,49.274,17.116,48.756,1487.047,2.374,-5.582,-1.33102,2.451,-5.581,-1.33382,2
37939,382914,10,3,3,0,0,0,1,5,0,0,15.232,-143.226,-1.33623,-0.275,46.162,16.252,44.088,49.274,17.116,48.756,1487.047,2.371,-5.583,-1.33311,2.451,-5.581,-1.33414,2
37954,382924,10,3,3,0,0,0,1,5,0,0,15.232,-143.226,-1.33951,-0.244,46.162,16.252,44.088,49.274,17.116,48.756,1487.047,2.367,-5.584,-1.33639,2.448,-5.581,-1.33623,2
37954,382934,10,3,3,0,0,0,1,5,0,0,15.232,-143.226,-1.33994,-0.000,46.162,16.252,44.088,49.274,17.116,48.756,1487.047,2.367,-5.584,-1.33682,2.444,-5.583,-1.33951,2
37969,382944,10,3,3,0,0,0,1,5,0,0,15.232,-143.226,-1.34051,-0.000,46.162,16.252,44.088,49.274,17.116,48.756,1487.047,2.366,-5.585,-1.33739,2.444,-5.583,-1.33994,2
37985,382954,10,3,3,0,0,0,1,5,0,0,15.232,-143.226,-1.34163,-0.000,46.162,16.252,44.088,49.274,17.116,48.756,1487.047,2.365,-5.585,-1.33851,2.443,-5.583,-1.34051,2
37985,382964,10,3,3,0,0,0,1,5,0,0,15.232,-143.226,-1.34222,-0.000,46.162,16.252,44.088,49.274,17.116,48.756,1487.047,2.364,-5.585,-1.33910,2.442,-5.584,-1.34163,2
38001,382974,10,3,3,0,0,0,1,5,0,0,15.232,-143.226,-1.34183,-0.000,46.162,16.252,44.088,49.274,17.116,48.756,1487.047,2.364,-5.585,-1.33871,2.441,-5.584,-1.34222,2
38016,382984,10,3,3,0,0,0,1,5,0,0,15.157,-143.226,-1.34092,-0.000,46.162,16.252,44.088,49.274,17.116,48.756,1487.047,2.367,-5.660,-1.33780,2.441,-5.584,-1.34183,2
38016,382994,10,3,3,0,0,0,1,5,0,0,15.232,-143.226,-1.34151,-0.000,46.162,16.252,44.088,49.274,17.116,48.756,1487.047,2.365,-5.585,-1.33839,2.444,-5.659,-1.34092,2
38032,383004,10,3,3,0,0,0,1,5,0,0,15.232,-143.226,-1.34424,-0.366,46.162,16.252,44.088,49.274,17.116,48.756,1487.047,2.361,-5.586,-1.34112,2.442,-5.583,-1.34151,2
38047,383014,10,3,3,0,0,0,1,5,0,0,15.232,-143.226,-1.34846,-0.458,46.162,16.252,44.088,49.274,17.116,48.756,1487.047,2.356,-5.588,-1.34534,2.438,-5.585,-1.34424,2
38047,383024,10,3,3,0,0,0,1,5,0,0,15.157,-143.226,-1.35426,-0.580,46.162,16.252,44.088,49.274,17.116,48.756,1487.047,2.351,-5.665,-1.35114,2.433,-5.586,-1.34846,2
38062,383034,10,3,3,0,0,0,1,5,0,0,15.157,-143.226,-1.36071,-0.671,46.162,16.252,44.088,49.274,17.116,48.756,1487.047,2.343,-5.668,-1.35759,2.428,-5.664,-1.35426,2
38078,383044,10,3,3,0,0,0,1,5,0,0,15.157,-143.226,-1.36518,-0.488,46.162,16.252,44.088,49.274,17.116,48.756,1487.047,2.338,-5.669,-1.36206,2.420,-5.666,-1.36071,2
38078,383054,10,3,3,0,0,0,1,5,0,0,15.157,-143.226,-1.36899,-0.366,46.162,16.252,44.088,49.274,17.116,48.756,1487.047,2.333,-5.671,-1.36587,2.415,-5.668,-1.36518,2
38093,383064,10,3,3,0,0,0,1,5,0,0,15.157,-143.226,-1.37261,-0.366,46.162,16.252,44.088,49.274,17.116,48.756,1487.047,2.329,-5.672,-1.36949,2.410,-5.669,-1.36899,2
38123,383074,10,3,3,0,0,0,1,5,0,0,15.157,-143.226,-1.37556,-0.244,46.162,16.252,44.088,49.274,17.116,48.756,1487.047,2.325,-5.673,-1.37244,2.406,-5.671,-1.37261,2
38123,383084,10,3,3,0,0,0,1,5,0,0,15.077,-143.226,-1.37817,-0.275,46.162,16.252,44.088,49.274,17.116,48.756,1487.047,2.324,-5.754,-1.37505,2.402,-5.672,-1.37556,2
38123,383094,10,3,3,0,0,0,1,5,0,0,15.077,-143.226,-1.38157,-0.305,46.162,16.252,44.088,49.274,17.116,48.756,1487.047,2.320,-5.755,-1.37845,2.401,-5.752,-1.37817,2
38139,383104,10,3,3,0,0,0,1,5,0,0,15.077,-143.226,-1.38302,-0.000,46.162,16.252,44.088,49.274,17.116,48.756,1487.047,2.318,-5.756,-1.37990,2.397,-5.754,-1.38157,2
38139,383114,10,3,3,0,0,0,1,5,0,0,15.077,-143.226,-1.38310,-0.000,45.644,16.252,44.088,49.274,17.116,48.756,1487.047,2.318,-5.756,-1.37998,2.395,-5.754,-1.38302,2
38155,383124,10,3,3,0,0,0,1,5,0,0,15.077,-143.226,-1.38369,-0.000,45.644,16.252,44.088,49.274,17.116,48.756,1487.047,2.317,-5.756,-1.38057,2.395,-5.754,-1.38310,2
38155,383134,10,3,3,0,0,0,1,5,0,0,15.077,-143.226,-1.38361,-0.000,45.644,16.252,44.088,49.274,17.116,48.756,1487.047,2.317,-5.756,-1.38049,2.394,-5.755,-1.38369,2
38170,383144,10,3,3,0,0,0,1,5,0,0,15.077,-143.226,-1.38296,-0.000,45.644,16.252,44.088,49.274,17.116,48.756,1487.047,2.318,-5.756,-1.37984,2.394,-5.755,-1.38361,2
38202,383154,10,3,3,0,0,0,1,5,0,0,15.077,-143.226,-1.38252,-0.000,45.644,16.252,44.088,49.274,17.116,48.756,1487.047,2.319,-5.756,-1.37940,2.395,-5.754,-1.38296,2
38202,383164,10,3,3,0,0,0,1,5,0,0,15.077,-143.226,-1.38372,-0.275,45.644,16.252,44.088,49.274,17.116,48.756,1487.047,2.317,-5.756,-1.38060,2.396,-5.754,-1.38252,2
38202,383174,10,3,3,0,0,0,1,5,0,0,15.002,-143.226,-1.38741,-0.427,45.644,16.252,44.088,49.274,17.116,48.756,1487.047,2.315,-5.833,-1.38429,2.394,-5.755,-1.38372,2
38218,383184,10,3,3,0,0,0,1,5,0,0,15.002,-143.226,-1.39195,-0.427,45.644,16.252,43.569,49.274,17.116,48.756,1487.565,2.309,-5.835,-1.38883,2.392,-5.831,-1.38741,2
38218,383194,10,3,3,0,0,0,1,5,0,0,15.002,-143.226,-1.39651,-0.336,45.644,16.252,43.569,49.274,17.116,48.756,1487.565,2.303,-5.836,-1.39339,2.386,-5.833,-1.39195,2
38235,383204,10,3,3,0,0,0,1,5,0,0,15.002,-143.226,-1.40020,-0.366,45.644,16.252,43.569,49.274,17.116,48.756,1487.565,2.299,-5.838,-1.39708,2.380,-5.835,-1.39651,2
38235,383214,10,3,3,0,0,0,1,5,0,0,15.002,-143.226,-1.40620,-0.549,45.644,16.252,43.569,49.274,17.116,48.756,1487.565,2.292,-5.840,-1.40308,2.376,-5.836,-1.40020,2
38250,383224,10,3,3,0,0,0,1,5,0,0,15.002,-143.190,-1.41372,-0.610,45.644,16.252,43.569,49.274,17.116,48.756,1487.565,2.318,-5.842,-1.41060,2.369,-5.838,-1.40620,2
38265,383234,10,3,3,0,0,0,1,5,0,0,15.002,-143.190,-1.41923,-0.580,45.644,16.252,43.569,49.274,17.116,48.756,1487.565,2.311,-5.844,-1.41611,2.395,-5.840,-1.41372,2
38265,383244,10,3,3,0,0,0,1,5,0,0,15.002,-143.190,-1.42324,-0.427,45.644,16.252,43.569,49.274,17.116,48.756,1487.565,2.307,-5.846,-1.42012,2.388,-5.842,-1.41923,2
38296,383254,10,3,3,0,0,0,1,5,0,0,15.002,-143.190,-1.42381,-0.000,45.644,16.252,43.569,49.274,17.116,48.756,1487.565,2.306,-5.846,-1.42069,2.384,-5.844,-1.42324,2
38296,383264,10,3,3,0,0,0,1,5,0,0,15.002,-143.190,-1.42412,-0.000,45.644,16.252,43.569,49.274,17.116,48.756,1487.565,2.305,-5.846,-1.42100,2.383,-5.844,-1.42381,2
38296,383274,10,3,3,0,0,0,1,5,0,0,15.002,-143.190,-1.42453,-0.000,45.644,16.252,43.569,49.274,17.116,48.756,1487.565,2.305,-5.846,-1.42140,2.382,-5.844,-1.42412,2
38326,383284,10,3,3,0,0,0,1,5,0,0,15.002,-143.190,-1.42508,-0.000,45.644,16.252,43.569,49.274,17.116,48.756,1487.565,2.304,-5.846,-1.42196,2.382,-5.844,-1.42452,2
38326,383294,10,3,3,0,0,0,1,5,0,0,15.002,-143.190,-1.42534,-0.000,45.644,16.252,43.569,49.274,17.116,48.756,1487.565,2.304,-5.846,-1.42222,2.381,-5.845,-1.42508,2
38326,383304,10,3,3,0,0,0,1,5,0,0,15.002,-143.190,-1.42568,-0.000,45.644,16.252,43.569,49.274,17.116,48.756,1487.565,2.304,-5.846,-1.42256,2.381,-5.845,-1.42534,2
38341,383314,10,3,3,0,0,0,1,5,0,0,15.002,-143.190,-1.42638,-0.000,45.644,16.252,43.569,49.274,17.116,48.756,1487.565,2.303,-5.847,-1.42326,2.381,-5.845,-1.42568,2
38357,383324,10,3,3,0,0,0,1,5,0,0,15.002,-143.190,-1.42546,0.458,45.644,16.252,43.569,49.274,17.116,48.756,1487.565,2.304,-5.846,-1.42234,2.380,-5.845,-1.42638,2
38357,383334,10,3,3,0,0,0,1,5,0,0,15.002,-143.190,-1.41809,1.038,45.644,16.252,43.569,49.274,17.116,48.756,1487.565,2.313,-5.844,-1.41497,2.381,-5.845,-1.42546,2
38373,383344,10,3,3,0,0,0,1,5,0,0,15.002,-143.190,-1.40450,1.617,45.644,16.252,43.569,49.274,17.116,48.756,1487.565,2.329,-5.838,-1.40138,2.390,-5.842,-1.41809,2
38388,383354,10,3,3,0,0,0,1,5,0,0,15.002,-143.150,-1.38877,1.556,45.644,16.252,43.569,49.274,17.116,48.756,1487.565,2.388,-5.832,-1.38565,2.406,-5.837,-1.40450,2
38388,383364,10,3,3,0,0,0,1,5,0,0,15.002,-143.150,-1.37519,1.373,45.644,16.252,43.569,49.274,17.116,48.756,1487.565,2.405,-5.826,-1.37207,2.465,-5.830,-1.38877,2
38404,383374,10,3,3,0,0,0,1,5,0,0,15.002,-143.150,-1.36558,0.824,45.644,16.252,43.569,49.274,17.116,48.756,1487.565,2.416,-5.823,-1.36246,2.482,-5.825,-1.37519,2
38420,383384,10,3,3,0,0,0,1,5,0,0,15.002,-143.150,-1.36255,-0.000,45.644,16.252,43.569,49.274,17.116,48.756,1487.565,2.420,-5.822,-1.35943,2.493,-5.821,-1.36558,2
38420,383394,10,3,3,0,0,0,1,5,0,0,15.002,-143.150,-1.36337,-0.397,45.644,16.252,43.569,49.274,17.116,48.756,1487.565,2.419,-5.822,-1.36025,2.497,-5.820,-1.36255,2
38436,383404,10,3,3,0,0,0,1,5,0,0,15.002,-143.150,-1.36765,-0.610,45.644,16.252,43.569,49.274,17.116,48.756,1487.565,2.414,-5.824,-1.36453,2.496,-5.820,-1.36337,2
38436,383414,10,3,3,0,0,0,1,5,0,0,15.002,-143.150,-1.37150,-0.519,45.644,16.252,43.569,49.274,17.116,48.756,1487.565,2.409,-5.825,-1.36838,2.491,-5.822,-1.36765,2
38466,383424,10,3,3,0,0,0,1,5,0,0,15.002,-143.150,-1.37393,-0.366,45.644,16.252,43.569,49.274,17.116,48.756,1487.565,2.406,-5.826,-1.37081,2.486,-5.823,-1.37150,2
38466,383434,10,3,3,0,0,0,1,5,0,0,15.002,-143.150,-1.37338,-0.000,45.644,16.252,43.569,49.274,17.116,48.756,1487.565,2.407,-5.826,-1.37026,2.483,-5.824,-1.37393,2
38466,383444,10,3,3,0,0,0,1,5,0,0,15.002,-143.150,-1.37154,-0.000,45.644,16.252,43.569,49.274,17.116,48.756,1487.565,2.409,-5.825,-1.36842,2.484,-5.824,-1.37338,2
38482,383454,10,3,3,0,0,0,1,5,0,0,15.002,-143.150,-1.36977,-0.000,45.644,16.252,43.569,49.274,17.116,48.756,1487.565,2.411,-5.824,-1.36665,2.486,-5.823,-1.37154,2
38497,383464,10,3,3,0,0,0,1,5,0,0,15.002,-143.150,-1.36863,-0.000,45.644,16.252,43.569,49.274,17.116,48.756,1487.565,2.413,-5.824,-1.36551,2.488,-5.823,-1.36977,2
38497,383474,10,3,3,0,0,0,1,5,0,0,15.002,-143.150,-1.36790,-0.000,45.644,16.252,43.569,49.274,17.116,48.756,1487.565,2.414,-5.824,-1.36478,2.490,-5.822,-1.36863,2
38512,383484,10,3,3,0,0,0,1,5,0,0,15.002,-143.150,-1.36744,-0.000,45.644,16.252,43.569,49.274,17.116,48.756,1487.565,2.414,-5.823,-1.36432,2.491,-5.822,-1.36790,2
38528,383494,10,3,3,0,0,0,1,5,0,0,15.002,-143.150,-1.36693,-0.000,45.644,16.252,43.569,49.274,17.116,48.756,1487.565,2.415,-5.823,-1.36381,2.491,-5.822,-1.36744,2
38528,383504,10,3,3,0,0,0,1,5,0,0,15.002,-143.150,-1.36759,-0.000,45.644,16.252,43.569,49.274,17.116,48.756,1487.565,2.414,-5.823,-1.36447,2.492,-5.822,-1.36693,2
38543,383514,10,3,3,0,0,0,1,5,0,0,15.002,-143.150,-1.36929,-0.000,45.644,16.252,43.569,49.274,17.116,48.756,1487.565,2.412,-5.824,-1.36617,2.491,-5.822,-1.36759,2
38558,383524,10,3,3,0,0,0,1,5,0,0,15.002,-143.150,-1.37125,-0.000,45.644,16.252,43.569,49.274,17.116,48.756,1487.565,2.409,-5.825,-1.36813,2.489,-5.823,-1.36929,2
38558,383534,10,3,3,0,0,0,1,5,0,0,15.002,-143.150,-1.37322,-0.000,45.644,16.252,43.569,49.274,17.116,48.756,1487.565,2.407,-5.826,-1.37010,2.486,-5.823,-1.37125,2
38574,383544,10,3,3,0,0,0,1,5,0,0,15.002,-143.150,-1.37518,-0.000,45.644,16.252,43.569,49.274,17.116,48.756,1487.565,2.405,-5.826,-1.37206,2.484,-5.824,-1.37322,2
38589,383554,10,3,3,0,0,0,1,5,0,0,15.002,-143.150,-1.37716,-0.000,45.644,16.252,43.569,49.274,17.116,48.756,1487.565,2.402,-5.827,-1.37404,2.482,-5.825,-1.37518,2
38589,383564,10,3,3,0,0,0,1,5,0,0,15.002,-143.150,-1.37899,-0.000,45.644,16.252,43.569,49.274,17.116,48.756,1487.565,2.400,-5.828,-1.37587,2.479,-5.826,-1.37716,2
38605,383574,10,3,3,0,0,0,1,5,0,0,15.002,-143.150,-1.37872,0.305,45.644,16.252,43.569,49.274,17.116,48.756,1487.565,2.400,-5.828,-1.37560,2.477,-5.826,-1.37899,2
38605,383584,10,3,3,0,0,0,1,5,0,0,15.002,-143.150,-1.37576,0.366,45.644,16.252,43.569,49.274,17.116,48.756,1487.565,2.404,-5.827,-1.37264,2.477,-5.826,-1.37872,2
38621,383594,10,3,3,0,0,0,1,5,0,0,15.002,-143.150,-1.37220,0.397,45.644,16.252,43.569,49.274,17.116,48.756,1487.565,2.408,-5.825,-1.36908,2.481,-5.825,-1.37576,2
38636,383604,10,3,3,0,0,0,1,5,0,0,15.002,-143.150,-1.37092,-0.000,45.644,16.252,43.569,49.274,17.116,48.756,1487.565,2.410,-5.825,-1.36780,2.485,-5.824,-1.37220,2
38636,383614,10,3,3,0,0,0,1,5,0,0,15.002,-143.150,-1.37065,-0.000,45.644,16.252,43.569,49.274,17.116,48.756,1487.565,2.410,-5.825,-1.36753,2.487,-5.823,-1.37092,2
38652,383624,10,3,3,0,0,0,1,5,0,0,15.002,-143.150,-1.36968,-0.000,45.644,16.252,43.569,49.274,17.116,48.756,1487.565,2.411,-5.824,-1.36656,2.487,-5.823,-1.37065,2
38668,383634,10,3,3,0,0,0,1,5,0,0,15.002,-143.150,-1.36826,-0.000,45.644,16.252,43.569,49.274,17.116,48.756,1487.565,2.413,-5.824,-1.36514,2.488,-5.823,-1.36968,2
38668,383644,10,3,3,0,0,0,1,5,0,0,15.002,-143.150,-1.36664,-0.000,45.644,16.252,43.569,49.274,17.116,48.756,1487.565,2.415,-5.823,-1.36352,2.490,-5.822,-1.36826,2
38683,383654,10,3,3,0,0,0,1,5,0,0,15.002,-143.150,-1.36498,-0.000,45.644,16.252,43.569,49.274,17.116,48.756,1487.565,2.417,-5.823,-1.36186,2.492,-5.822,-1.36664,2
38698,383664,10,3,3,0,0,0,1,5,0,0,15.002,-143.150,-1.36338,-0.000,45.644,16.252,43.569,49.274,17.116,48.756,1487.565,2.419,-5.822,-1.36026,2.494,-5.821,-1.36498,2
38698,383674,10,3,3,0,0,0,1,5,0,0,15.002,-143.111,-1.36190,-0.000,45.644,16.252,43.569,49.274,17.116,48.756,1487.565,2.461,-5.820,-1.35878,2.496,-5.820,-1.36338,2
38714,383684,10,3,3,0,0,0,1,5,0,0,15.002,-143.111,-1.36058,-0.000,45.644,16.252,43.569,49.274,17.116,48.756,1487.565,2.462,-5.820,-1.35746,2.538,-5.819,-1.36190,2
38730,383694,10,3,3,0,0,0,1,5,0,0,15.002,-143.111,-1.36029,-0.000,45.644,16.252,43.569,49.274,17.116,48.756,1487.565,2.463,-5.820,-1.35717,2.539,-5.818,-1.36058,2
38730,383704,10,3,3,0,0,0,1,5,0,0,15.002,-143.111,-1.36065,-0.000,45.644,16.252,43.569,49.274,17.116,48.756,1487.565,2.462,-5.820,-1.35753,2.540,-5.818,-1.36029,2
38745,383714,10,3,3,0,0,0,1,5,0,0,15.002,-143.111,-1.36370,-0.244,45.644,16.252,43.569,49.274,17.116,48.756,1487.565,2.459,-5.821,-1.36058,2.539,-5.818,-1.36065,2
38745,383724,10,3,3,0,0,0,1,5,0,0,15.002,-143.111,-1.36548,-0.000,45.644,16.252,43.569,49.274,17.116,48.756,1487.565,2.456,-5.822,-1.36236,2.536,-5.820,-1.36370,2
38760,383734,10,3,3,0,0,0,1,5,0,0,15.002,-143.111,-1.36632,-0.000,45.644,16.252,43.569,49.274,17.116,48.756,1487.565,2.455,-5.822,-1.36320,2.533,-5.820,-1.36548,2
38776,383744,10,3,3,0,0,0,1,5,0,0,15.002,-143.111,-1.36735,-0.000,45.644,16.252,43.569,49.274,17.116,48.756,1487.565,2.454,-5.822,-1.36423,2.532,-5.821,-1.36632,2
38776,383754,10,3,3,0,0,0,1,5,0,0,15.002,-143.111,-1.36852,-0.000,45.644,16.252,43.569,49.274,17.116,48.756,1487.565,2.453,-5.823,-1.36540,2.531,-5.821,-1.36735,2
38793,383764,10,3,3,0,0,0,1,5,0,0,15.002,-143.111,-1.36956,-0.000,45.644,16.252,43.569,49.274,17.116,48.756,1487.565,2.451,-5.823,-1.36644,2.530,-5.821,-1.36852,2
38807,383774,10,3,3,0,0,0,1,5,0,0,15.002,-143.111,-1.37018,-0.000,45.644,16.252,43.569,49.274,17.116,48.756,1487.565,2.451,-5.824,-1.36706,2.528,-5.822,-1.36956,2
38807,383784,10,3,3,0,0,0,1,5,0,0,15.002,-143.111,-1.37098,-0.000,45.644,16.252,43.569,49.274,17.116,48.756,1487.565,2.450,-5.824,-1.36786,2.528,-5.822,-1.37018,2
38823,383794,10,3,3,0,0,0,1,5,0,0,15.002,-143.111,-1.37194,-0.000,45.644,16.252,43.569,49.274,17.116,48.756,1487.565,2.449,-5.824,-1.36882,2.527,-5.822,-1.37098,2
38838,383804,10,3,3,0,0,0,1,5,0,0,15.002,-143.111,-1.37221,-0.000,45.644,16.252,43.569,49.274,17.116,48.756,1487.565,2.448,-5.824,-1.36909,2.526,-5.823,-1.37194,2
38838,383814,10,3,3,0,0,0,1,5,0,0,15.002,-143.111,-1.37197,-0.000,45.644,16.252,43.569,49.274,17.116,48.756,1487.565,2.448,-5.824,-1.36885,2.525,-5.823,-1.37221,2
38854,383824,10,3,3,0,0,0,1,5,0,0,15.002,-143.111,-1.37162,-0.000,45.644,16.252,43.569,49.274,17.116,48.756,1487.565,2.449,-5.824,-1.36850,2.525,-5.823,-1.37197,2
38870,383834,10,3,3,0,0,0,1,5,0,0,15.002,-143.111,-1.37067,-0.000,45.644,16.252,43.569,49.274,17.116,48.756,1487.565,2.450,-5.824,-1.36755,2.526,-5.823,-1.37162,2
38870,383844,10,3,3,0,0,0,1,5,0,0,15.002,-143.111,-1.36967,-0.000,45.644,16.252,43.569,49.274,17.116,48.756,1487.565,2.451,-5.823,-1.36655,2.527,-5.822,-1.37067,2
38885,383854,10,3,3,0,0,0,1,5,0,0,15.002,-143.111,-1.36870,-0.000,45.644,16.252,43.569,49.274,17.116,48.756,1487.565,2.452,-5.823,-1.36558,2.528,-5.822,-1.36967,2
38885,383864,10,3,3,0,0,0,1,5,0,0,15.002,-143.111,-1.36792,-0.000,45.644,16.252,43.569,49.274,17.116,48.756,1487.565,2.453,-5.823,-1.36480,2.529,-5.821,-1.36870,2
38901,383874,10,3,3,0,0,0,1,5,0,0,15.002,-143.111,-1.36800,-0.000,45.644,16.252,43.569,49.274,17.116,48.756,1487.565,2.453,-5.823,-1.36488,2.530,-5.821,-1.36792,2
38916,383884,10,3,3,0,0,0,1,5,0,0,15.002,-143.111,-1.36830,-0.000,45.644,16.252,43.569,49.274,17.116,48.756,1487.565,2.453,-5.823,-1.36518,2.530,-5.821,-1.36800,2
38916,383894,10,3,3,0,0,0,1,5,0,0,15.002,-143.111,-1.36853,-0.000,45.644,16.252,43.569,49.274,17.116,48.756,1487.565,2.453,-5.823,-1.36541,2.530,-5.821,-1.36830,2
38932,383904,10,3,3,0,0,0,1,5,0,0,15.002,-143.111,-1.36893,-0.000,45.644,16.252,43.569,49.274,17.116,48.756,1487.565,2.452,-5.823,-1.36581,2.530,-5.821,-1.36853,2
38948,383914,10,3,3,0,0,0,1,5,0,0,15.002,-143.111,-1.36896,-0.000,45.644,16.252,43.569,49.274,17.116,48.756,1487.565,2.452,-5.823,-1.36584,2.529,-5.822,-1.36893,2
38948,383924,10,3,3,0,0,0,1,5,0,0,15.002,-143.111,-1.36915,-0.000,45.644,16.252,43.569,49.274,17.116,48.756,1487.565,2.452,-5.823,-1.36603,2.529,-5.822,-1.36896,2
38964,383934,10,3,3,0,0,0,1,5,0,0,15.002,-143.111,-1.36944,-0.000,45.644,16.252,43.569,49.274,17.116,48.756,1487.565,2.452,-5.823,-1.36632,2.529,-5.822,-1.36915,2
38979,383944,10,3,3,0,0,0,1,5,0,0,15.002,-143.111,-1.36985,-0.000,45.644,16.252,43.569,49.274,17.116,48.756,1487.565,2.451,-5.823,-1.36673,2.529,-5.822,-1.36944,2
38979,383954,10,3,3,0,0,0,1,5,0,0,15.002,-143.111,-1.37047,-0.000,45.644,16.252,43.569,49.274,17.116,48.756,1487.565,2.450,-5.824,-1.36735,2.528,-5.822,-1.36985,2
38995,383964,10,3,3,0,0,0,1,5,0,0,15.002,-143.111,-1.37130,-0.000,45.644,16.252,43.569,49.274,17.116,48.756,1487.565,2.449,-5.824,-1.36818,2.527,-5.822,-1.37047,2
38995,383974,10,3,3,0,0,0,1,5,0,0,15.002,-143.111,-1.37140,-0.000,45.644,16.252,43.569,49.274,17.116,48.756,1487.565,2.449,-5.824,-1.36828,2.526,-5.822,-1.37130,2
39010,383984,10,3,3,0,0,0,1,5,0,0,15.002,-143.111,-1.37176,-0.000,45.644,16.252,43.569,49.274,17.116,48.756,1487.565,2.449,-5.824,-1.36864,2.526,-5.822,-1.37140,2
39026,383994,10,3,3,0,0,0,1,5,0,0,15.002,-143.111,-1.37198,-0.000,45.644,16.252,43.569,49.274,17.116,48.756,1487.565,2.448,-5.824,-1.36886,2.526,-5.823,-1.37176,2
39026,384004,10,3,3,0,0,0,1,5,0,0,15.002,-143.111,-1.37146,-0.000,45.644,16.252,43.569,49.274,17.116,48.756,1487.565,2.449,-5.824,-1.36834,2.525,-5.823,-1.37198,2
39042,384014,10,3,3,0,0,0,1,5,0,0,15.002,-143.111,-1.37066,-0.000,45.644,16.252,43.569,49.274,17.116,48.756,1487.565,2.450,-5.824,-1.36754,2.526,-5.822,-1.37146,2
39057,384024,10,3,3,0,0,0,1,5,0,0,15.002,-143.111,-1.37112,-0.244,45.644,16.252,43.569,49.274,17.116,48.756,1487.565,2.450,-5.824,-1.36800,2.527,-5.822,-1.37066,2
39057,384034,10,3,3,0,0,0,1,5,0,0,15.002,-143.111,-1.37337,-0.244,45.644,16.252,43.569,49.274,17.116,48.756,1487.565,2.447,-5.825,-1.37025,2.526,-5.822,-1.37112,2
39073,384044,10,3,3,0,0,0,1,5,0,0,15.002,-143.111,-1.37459,-0.244,45.644,16.252,43.569,49.274,17.116,48.756,1487.565,2.445,-5.825,-1.37147,2.524,-5.823,-1.37337,2
39089,384054,10,3,3,0,0,0,1,5,0,0,15.002,-143.111,-1.37728,-0.275,45.644,16.252,43.569,49.274,17.116,48.756,1487.565,2.442,-5.826,-1.37416,2.522,-5.824,-1.37459,2
39089,384064,10,3,3,0,0,0,1,5,0,0,15.002,-143.111,-1.37990,-0.366,45.644,16.252,43.569,49.274,17.116,48.756,1487.565,2.439,-5.827,-1.37678,2.519,-5.825,-1.37728,2
39104,384074,10,3,3,0,0,0,1,5,0,0,15.002,-143.111,-1.38173,-0.244,45.644,16.252,43.569,49.274,17.116,48.756,1487.565,2.437,-5.828,-1.37861,2.516,-5.826,-1.37990,2
39120,384084,10,3,3,0,0,0,1,5,0,0,15.002,-143.111,-1.38080,-0.000,45.644,16.252,43.569,49.274,17.116,48.756,1487.565,2.438,-5.828,-1.37768,2.514,-5.826,-1.38173,2
39120,384094,10,3,3,0,0,0,1,5,0,0,15.002,-143.111,-1.38146,-0.244,45.644,16.252,43.569,49.274,17.116,48.756,1487.565,2.437,-5.828,-1.37834,2.515,-5.826,-1.38080,2
39135,384104,10,3,3,0,0,0,1,5,0,0,15.002,-143.111,-1.38436,-0.336,45.644,16.252,43.569,49.274,17.116,48.756,1487.565,2.433,-5.829,-1.38124,2.514,-5.826,-1.38146,2
39135,384114,10,3,3,0,0,0,1,5,0,0,15.002,-143.111,-1.38879,-0.549,45.644,16.252,43.569,49.274,17.116,48.756,1487.565,2.428,-5.831,-1.38567,2.510,-5.827,-1.38436,2
39150,384124,10,3,3,0,0,0,1,5,0,0,15.002,-143.111,-1.39500,-0.732,45.644,16.252,43.569,49.274,17.116,48.756,1487.565,2.421,-5.833,-1.39188,2.505,-5.829,-1.38879,2
39165,384134,10,3,3,0,0,0,1,5,0,0,15.002,-143.111,-1.40109,-0.732,45.644,16.252,43.569,49.274,17.116,48.756,1487.565,2.413,-5.835,-1.39797,2.498,-5.831,-1.39500,2
39165,384144,10,3,3,0,0,0,1,5,0,0,15.002,-143.111,-1.40652,-0.549,45.644,16.252,43.569,49.274,17.116,48.756,1487.565,2.407,-5.837,-1.40340,2.490,-5.834,-1.40109,2
39181,384154,10,3,3,0,0,0,1,5,0,0,15.002,-143.111,-1.40991,-0.244,45.644,16.252,43.569,49.274,17.116,48.756,1487.565,2.402,-5.839,-1.40679,2.484,-5.836,-1.40652,2
39197,384164,10,3,3,0,0,0,1,5,0,0,15.002,-143.111,-1.41097,-0.000,45.644,16.252,43.569,49.274,17.116,48.756,1487.565,2.401,-5.839,-1.40785,2.479,-5.837,-1.40991,2
39197,384174,10,3,3,0,0,0,1,5,0,0,15.002,-143.111,-1.41260,-0.000,45.644,16.252,43.050,49.274,17.116,48.756,1488.084,2.399,-5.840,-1.40948,2.478,-5.837,-1.41097,2
39212,384184,10,3,3,0,0,0,1,5,0,0,15.002,-143.111,-1.41414,-0.000,45.644,16.252,43.050,49.274,17.116,48.756,1488.084,2.397,-5.840,-1.41102,2.476,-5.838,-1.41260,2
39229,384194,10,3,3,0,0,0,1,5,0,0,15.002,-143.111,-1.41891,-0.366,45.644,16.252,43.050,49.274,17.116,48.756,1488.084,2.392,-5.842,-1.41579,2.474,-5.839,-1.41414,2
39229,384204,10,3,3,0,0,0,1,5,0,0,15.002,-143.111,-1.42503,-0.488,45.644,16.252,43.050,49.274,17.116,48.756,1488.084,2.384,-5.844,-1.42191,2.469,-5.840,-1.41891,2
39244,384214,10,3,3,0,0,0,1,5,0,0,15.002,-143.111,-1.43195,-0.519,45.644,16.252,43.050,49.274,17.116,48.756,1488.084,2.376,-5.847,-1.42883,2.461,-5.843,-1.42503,2
39259,384224,10,3,3,0,0,0,1,5,0,0,15.002,-143.111,-1.43913,-0.580,45.644,16.252,43.050,49.274,17.116,48.756,1488.084,2.367,-5.850,-1.43601,2.453,-5.845,-1.43195,2
39259,384234,10,3,3,0,0,0,1,5,0,0,15.002,-143.111,-1.44586,-0.458,45.644,16.252,43.050,49.274,17.116,48.756,1488.084,2.359,-5.852,-1.44274,2.444,-5.848,-1.43913,2
39274,384244,10,3,3,0,0,0,1,5,0,0,15.002,-143.111,-1.44782,-0.000,45.644,16.252,43.050,49.274,17.116,48.756,1488.084,2.357,-5.853,-1.44470,2.436,-5.851,-1.44586,2
39290,384254,10,3,3,0,0,0,1,5,0,0,15.002,-143.111,-1.44725,-0.000,45.644,16.252,43.050,49.274,17.116,48.756,1488.084,2.357,-5.853,-1.44413,2.433,-5.851,-1.44782,2
39290,384264,10,3,3,0,0,0,1,5,0,0,15.002,-143.111,-1.44509,0.244,45.644,16.252,43.050,49.274,17.116,48.756,1488.084,2.360,-5.852,-1.44197,2.434,-5.851,-1.44725,2
39305,384274,10,3,3,0,0,0,1,5,0,0,15.002,-143.111,-1.44284,-0.000,45.644,16.252,43.050,49.274,17.116,48.756,1488.084,2.363,-5.851,-1.43972,2.437,-5.850,-1.44509,2
39305,384284,10,3,3,0,0,0,1,5,0,0,15.002,-143.111,-1.44140,-0.000,45.644,16.252,43.050,49.274,17.116,48.756,1488.084,2.364,-5.851,-1.43828,2.440,-5.850,-1.44284,2
39321,384294,10,3,3,0,0,0,1,5,0,0,15.002,-143.111,-1.43983,-0.000,45.644,16.252,43.050,49.274,17.116,48.756,1488.084,2.366,-5.850,-1.43671,2.441,-5.849,-1.44140,2
39336,384304,10,3,3,0,0,0,1,5,0,0,15.002,-143.111,-1.43848,-0.000,45.644,16.252,43.050,49.274,17.116,48.756,1488.084,2.368,-5.849,-1.43536,2.443,-5.848,-1.43983,2
39336,384314,10,3,3,0,0,0,1,5,0,0,15.002,-143.111,-1.43747,-0.000,45.644,16.252,43.050,49.274,17.116,48.756,1488.084,2.369,-5.849,-1.43435,2.445,-5.848,-1.43848,2
39352,384324,10,3,3,0,0,0,1,5,0,0,15.002,-143.111,-1.43723,-0.000,45.644,16.252,43.050,49.274,17.116,48.756,1488.084,2.369,-5.849,-1.43411,2.446,-5.847,-1.43747,2
39367,384334,10,3,3,0,0,0,1,5,0,0,15.002,-143.111,-1.43476,0.336,45.644,16.252,43.050,49.274,17.116,48.756,1488.084,2.372,-5.848,-1.43164,2.446,-5.847,-1.43723,2
39367,384344,10,3,3,0,0,0,1,5,0,0,15.002,-143.111,-1.43266,0.336,45.644,16.252,43.050,49.274,17.116,48.756,1488.084,2.375,-5.847,-1.42954,2.449,-5.846,-1.43476,2
39382,384354,10,3,3,0,0,0,1,5,0,0,15.002,-143.111,-1.43144,0.275,45.644,16.252,43.050,49.274,17.116,48.756,1488.084,2.376,-5.847,-1.42832,2.452,-5.846,-1.43266,2
39398,384364,10,3,3,0,0,0,1,5,0,0,15.002,-143.111,-1.43252,-0.000,45.644,16.252,43.050,49.274,17.116,48.756,1488.084,2.375,-5.847,-1.42940,2.453,-5.845,-1.43144,2
39398,384374,10,3,3,0,0,0,1,5,0,0,15.002,-143.111,-1.43274,-0.000,45.644,16.252,43.050,49.274,17.116,48.756,1488.084,2.375,-5.847,-1.42962,2.452,-5.846,-1.43252,2
39413,384384,10,3,3,0,0,0,1,5,0,0,15.002,-143.111,-1.43281,-0.000,45.644,16.252,43.050,49.274,17.116,48.756,1488.084,2.375,-5.847,-1.42969,2.452,-5.846,-1.43274,2
39428,384394,10,3,3,0,0,0,1,5,0,0,15.002,-143.111,-1.43288,-0.000,45.644,16.252,43.050,49.274,17.116,48.756,1488.084,2.375,-5.847,-1.42976,2.452,-5.846,-1.43281,2
39428,384404,10,3,3,0,0,0,1,5,0,0,15.002,-143.111,-1.43306,-0.000,45.644,16.252,43.050,49.274,17.116,48.756,1488.084,2.374,-5.847,-1.42994,2.452,-5.846,-1.43288,2
39443,384414,10,3,3,0,0,0,1,5,0,0,15.002,-143.111,-1.43322,-0.000,45.644,16.252,43.050,49.274,17.116,48.756,1488.084,2.374,-5.847,-1.43010,2.451,-5.846,-1.43306,2
39458,384424,10,3,3,0,0,0,1,5,0,0,15.002,-143.111,-1.43018,0.519,45.644,16.252,43.050,49.274,17.116,48.756,1488.084,2.378,-5.846,-1.42705,2.451,-5.846,-1.43322,2
39458,384434,10,3,3,0,0,0,1,5,0,0,15.002,-143.111,-1.42572,0.519,45.644,16.252,43.050,49.274,17.116,48.756,1488.084,2.383,-5.845,-1.42259,2.455,-5.845,-1.43018,2
39474,384444,10,3,3,0,0,0,1,5,0,0,15.002,-143.111,-1.42041,0.610,45.644,16.252,43.050,49.274,17.116,48.756,1488.084,2.390,-5.843,-1.41729,2.460,-5.843,-1.42571,2
39490,384454,10,3,3,0,0,0,1,5,0,0,15.002,-143.111,-1.41608,0.397,45.644,16.252,43.050,49.274,17.116,48.756,1488.084,2.395,-5.841,-1.41296,2.467,-5.841,-1.42041,2
39490,384464,10,3,3,0,0,0,1,5,0,0,15.002,-143.111,-1.41282,0.305,45.644,16.252,43.050,49.274,17.116,48.756,1488.084,2.399,-5.840,-1.40970,2.472,-5.839,-1.41608,2
39505,384474,10,3,3,0,0,0,1,5,0,0,15.002,-143.111,-1.41062,-0.000,45.644,16.252,43.050,49.274,17.116,48.756,1488.084,2.402,-5.839,-1.40750,2.476,-5.838,-1.41282,2
39505,384484,10,3,3,0,0,0,1,5,0,0,15.002,-143.111,-1.40912,-0.000,45.644,16.252,43.050,49.274,17.116,48.756,1488.084,2.403,-5.838,-1.40600,2.479,-5.837,-1.41062,2
39520,384494,10,3,3,0,0,0,1,5,0,0,15.002,-143.111,-1.40793,-0.000,45.644,16.252,43.050,49.274,17.116,48.756,1488.084,2.405,-5.838,-1.40481,2.480,-5.837,-1.40912,2
39536,384504,10,3,3,0,0,0,1,5,0,0,15.002,-143.111,-1.40705,-0.000,45.644,16.252,43.050,49.274,17.116,48.756,1488.084,2.406,-5.837,-1.40392,2.482,-5.836,-1.40793,2
39536,384514,10,3,3,0,0,0,1,5,0,0,15.002,-143.111,-1.40609,-0.000,45.644,16.252,43.050,49.274,17.116,48.756,1488.084,2.407,-5.837,-1.40297,2.483,-5.836,-1.40705,2
39552,384524,10,3,3,0,0,0,1,5,0,0,15.002,-143.111,-1.40435,-0.000,45.644,16.252,43.050,49.274,17.116,48.756,1488.084,2.409,-5.836,-1.40123,2.484,-5.836,-1.40609,2
39567,384534,10,3,3,0,0,0,1,5,0,0,15.002,-143.111,-1.40300,-0.000,45.644,16.252,43.050,49.274,17.116,48.756,1488.084,2.411,-5.836,-1.39988,2.486,-5.835,-1.40435,2
39567,384544,10,3,3,0,0,0,1,5,0,0,15.002,-143.111,-1.40172,-0.000,45.644,16.252,43.050,49.274,17.116,48.756,1488.084,2.412,-5.835,-1.39860,2.488,-5.834,-1.40300,2
39583,384554,10,3,3,0,0,0,1,5,0,0,15.002,-143.111,-1.40078,-0.000,45.644,16.252,43.050,49.274,17.116,48.756,1488.084,2.414,-5.835,-1.39766,2.489,-5.834,-1.40172,2
39599,384564,10,3,3,0,0,0,1,5,0,0,15.002,-143.111,-1.40003,-0.000,45.644,16.252,43.050,49.274,17.116,48.756,1488.084,2.414,-5.835,-1.39691,2.491,-5.834,-1.40078,2
39599,384574,10,3,3,0,0,0,1,5,0,0,15.002,-143.111,-1.39939,-0.000,45.644,16.252,43.050,49.274,17.116,48.756,1488.084,2.415,-5.835,-1.39627,2.491,-5.833,-1.40003,2
39615,384584,10,3,3,0,0,0,1,5,0,0,15.002,-143.111,-1.39903,-0.000,45.644,16.252,43.050,49.274,17.116,48.756,1488.084,2.416,-5.834,-1.39591,2.492,-5.833,-1.39939,2
39615,384594,10,3,3,0,0,0,1,5,0,0,15.002,-143.111,-1.40002,-0.000,45.644,16.252,43.050,49.274,17.116,48.756,1488.084,2.414,-5.835,-1.39690,2.493,-5.833,-1.39903,2
39630,384604,10,3,3,0,0,0,1,5,0,0,15.002,-143.111,-1.40135,-0.000,45.644,16.252,43.050,49.274,17.116,48.756,1488.084,2.413,-5.835,-1.39823,2.491,-5.833,-1.40002,2
39646,384614,10,3,3,0,0,0,1,5,0,0,15.002,-143.111,-1.40261,-0.000,45.644,16.252,43.050,49.274,17.116,48.756,1488.084,2.411,-5.836,-1.39949,2.490,-5.834,-1.40135,2
39646,384624,10,3,3,0,0,0,1,5,0,0,15.002,-143.111,-1.40378,-0.000,45.644,16.252,43.050,49.274,17.116,48.756,1488.084,2.410,-5.836,-1.40066,2.488,-5.834,-1.40261,2
39662,384634,10,3,3,0,0,0,1,5,0,0,15.002,-143.111,-1.40500,-0.000,45.644,16.252,43.050,49.274,17.116,48.756,1488.084,2.408,-5.837,-1.40188,2.487,-5.835,-1.40378,2
39677,384644,10,3,3,0,0,0,1,5,0,0,15.002,-143.111,-1.40590,-0.000,45.644,16.252,43.050,49.274,17.116,48.756,1488.084,2.407,-5.837,-1.40278,2.485,-5.835,-1.40500,2
39677,384654,10,3,3,0,0,0,1,5,0,0,15.002,-143.111,-1.40639,-0.000,45.644,16.252,43.050,49.274,17.116,48.756,1488.084,2.407,-5.837,-1.40327,2.484,-5.836,-1.40590,2
39692,384664,10,3,3,0,0,0,1,5,0,0,15.002,-143.111,-1.40651,-0.000,45.644,16.252,43.050,49.274,17.116,48.756,1488.084,2.407,-5.837,-1.40339,2.484,-5.836,-1.40639,2
39707,384674,10,3,3,0,0,0,1,5,0,0,15.002,-143.111,-1.40670,-0.000,45.644,16.252,43.050,49.274,17.116,48.756,1488.084,2.406,-5.837,-1.40358,2.484,-5.836,-1.40651,2
39707,384684,10,3,3,0,0,0,1,5,0,0,15.002,-143.111,-1.40665,-0.000,45.644,16.252,43.050,49.274,17.116,48.756,1488.084,2.406,-5.837,-1.40353,2.483,-5.836,-1.40670,2
39723,384694,10,3,3,0,0,0,1,5,0,0,15.002,-143.111,-1.40631,-0.000,45.644,16.252,43.050,49.274,17.116,48.756,1488.084,2.407,-5.837,-1.40319,2.483,-5.836,-1.40665,2
39738,384704,10,3,3,0,0,0,1,5,0,0,15.002,-143.111,-1.40591,-0.000,45.644,16.252,43.050,49.274,17.116,48.756,1488.084,2.407,-5.837,-1.40279,2.484,-5.836,-1.40631,2
39738,384714,10,3,3,0,0,0,1,5,0,0,15.002,-143.111,-1.40568,-0.000,45.644,16.252,43.050,49.274,17.116,48.756,1488.084,2.408,-5.837,-1.40256,2.484,-5.836,-1.40591,2
39753,384724,10,3,3,0,0,0,1,5,0,0,15.002,-143.111,-1.40516,-0.000,45.644,16.252,43.050,49.274,17.116,48.756,1488.084,2.408,-5.837,-1.40204,2.485,-5.835,-1.40568,2
39769,384734,10,3,3,0,0,0,1,5,0,0,15.002,-143.111,-1.40466,-0.000,45.644,16.252,43.050,49.274,17.116,48.756,1488.084,2.409,-5.837,-1.40154,2.485,-5.835,-1.40516,2
39769,384744,10,3,3,0,0,0,1,5,0,0,15.002,-143.111,-1.40454,-0.000,45.644,16.252,43.050,49.274,17.116,48.756,1488.084,2.409,-5.837,-1.40142,2.486,-5.835,-1.40466,2
39785,384754,10,3,3,0,0,0,1,5,0,0,15.002,-143.111,-1.40487,-0.000,45.644,16.252,43.050,49.274,17.116,48.756,1488.084,2.409,-5.837,-1.40175,2.486,-5.835,-1.40454,2
39785,384764,10,3,3,0,0,0,1,5,0,0,15.002,-143.111,-1.40534,-0.000,45.644,16.252,43.050,49.274,17.116,48.756,1488.084,2.408,-5.837,-1.40222,2.486,-5.835,-1.40487,2
39799,384774,10,3,3,0,0,0,1,5,0,0,15.002,-143.111,-1.40588,-0.000,45.644,16.252,43.050,49.274,17.116,48.756,1488.084,2.407,-5.837,-1.40276,2.485,-5.835,-1.40534,2
39814,384784,10,3,3,0,0,0,1,5,0,0,15.002,-143.111,-1.40653,-0.000,45.644,16.252,43.050,49.274,17.116,48.756,1488.084,2.407,-5.837,-1.40341,2.484,-5.835,-1.40588,2
39830,384794,10,3,3,0,0,0,1,5,0,0,15.002,-143.111,-1.40697,-0.000,45.644,16.252,43.050,49.274,17.116,48.756,1488.084,2.406,-5.837,-1.40385,2.484,-5.836,-1.40653,2
39830,384804,10,3,3,0,0,0,1,5,0,0,15.002,-143.111,-1.40701,-0.000,45.644,16.252,43.050,49.274,17.116,48.756,1488.084,2.406,-5.837,-1.40389,2.483,-5.836,-1.40697,2
39846,384814,10,3,3,0,0,0,1,5,0,0,15.002,-143.111,-1.40688,-0.000,45.644,16.252,43.050,49.274,17.116,48.756,1488.084,2.406,-5.837,-1.40376,2.483,-5.836,-1.40701,2
39846,384824,10,3,3,0,0,0,1,5,0,0,15.002,-143.111,-1.40675,-0.000,45.644,16.252,43.050,49.274,17.116,48.756,1488.084,2.406,-5.837,-1.40363,2.483,-5.836,-1.40688,2
39861,384834,10,3,3,0,0,0,1,5,0,0,15.002,-143.111,-1.40645,-0.000,45.644,16.252,43.050,49.274,17.116,48.756,1488.084,2.407,-5.837,-1.40333,2.483,-5.836,-1.40675,2
39877,384844,10,3,3,0,0,0,1,5,0,0,15.002,-143.111,-1.40633,-0.000,45.644,16.252,43.050,49.274,17.116,48.756,1488.084,2.407,-5.837,-1.40321,2.484,-5.836,-1.40645,2
39877,384854,10,3,3,0,0,0,1,5,0,0,15.002,-143.111,-1.40630,-0.000,45.644,16.252,43.050,49.274,17.116,48.756,1488.084,2.407,-5.837,-1.40318,2.484,-5.836,-1.40633,2
39892,384864,10,3,3,0,0,0,1,5,0,0,15.002,-143.111,-1.40604,-0.000,45.644,16.252,43.050,49.274,17.116,48.756,1488.084,2.407,-5.837,-1.40292,2.484,-5.836,-1.40630,2
39908,384874,10,3,3,0,0,0,1,5,0,0,15.002,-143.111,-1.40596,-0.000,45.644,16.252,43.050,49.274,17.116,48.756,1488.084,2.407,-5.837,-1.40284,2.484,-5.836,-1.40604,2
39908,384884,10,3,3,0,0,0,1,5,0,0,15.002,-143.111,-1.40602,-0.000,45.644,16.252,43.050,49.274,17.116,48.756,1488.084,2.407,-5.837,-1.40290,2.484,-5.836,-1.40596,2
39924,384894,10,3,3,0,0,0,1,5,0,0,15.002,-143.111,-1.40617,-0.000,45.644,16.252,43.050,49.274,17.116,48.756,1488.084,2.407,-5.837,-1.40305,2.484,-5.836,-1.40602,2
39939,384904,10,3,3,0,0,0,1,5,0,0,15.002,-143.111,-1.40648,-0.000,45.644,16.252,43.050,49.274,17.116,48.756,1488.084,2.407,-5.837,-1.40336,2.484,-5.836,-1.40617,2
39939,384914,10,3,3,0,0,0,1,5,0,0,15.002,-143.111,-1.40667,-0.000,45.644,16.252,43.050,49.274,17.116,48.756,1488.084,2.406,-5.837,-1.40355,2.484,-5.836,-1.40648,2
39955,384924,10,3,3,0,0,0,1,5,0,0,15.002,-143.111,-1.40661,-0.000,45.644,16.252,43.050,49.274,17.116,48.756,1488.084,2.406,-5.837,-1.40348,2.483,-5.836,-1.40667,2
39955,384934,10,3,3,0,0,0,1,5,0,0,15.002,-143.111,-1.40663,-0.000,45.644,16.252,43.050,49.274,17.116,48.756,1488.084,2.406,-5.837,-1.40351,2.483,-5.836,-1.40661,2
39970,384944,10,3,3,0,0,0,1,5,0,0,15.002,-143.111,-1.40670,-0.000,45.644,16.252,43.050,49.274,17.116,48.756,1488.084,2.406,-5.837,-1.40358,2.483,-5.836,-1.40663,2
39986,384954,10,3,3,0,0,0,1,5,0,0,15.002,-143.111,-1.40640,-0.000,45.644,16.252,43.050,49.274,17.116,48.756,1488.084,2.407,-5.837,-1.40328,2.483,-5.836,-1.40670,2
39986,384964,10,3,3,0,0,0,1,5,0,0,15.002,-143.111,-1.40619,-0.000,45.644,16.252,43.050,49.274,17.116,48.756,1488.084,2.407,-5.837,-1.40307,2.484,-5.836,-1.40640,2
40002,384974,10,3,3,0,0,0,1,5,0,0,15.002,-143.111,-1.40614,-0.000,45.644,16.252,43.050,49.274,17.116,48.756,1488.084,2.407,-5.837,-1.40302,2.484,-5.836,-1.40619,2
40017,384984,10,3,3,0,0,0,1,5,0,0,15.002,-143.111,-1.40603,-0.000,45.644,16.252,43.050,49.274,17.116,48.756,1488.084,2.407,-5.837,-1.40291,2.484,-5.836,-1.40614,2
40017,384994,10,3,3,0,0,0,1,5,0,0,15.002,-143.111,-1.40601,-0.000,45.644,16.252,43.050,49.274,17.116,48.756,1488.084,2.407,-5.837,-1.40289,2.484,-5.836,-1.40603,2
40031,385004,10,3,3,0,0,0,1,5,0,0,15.002,-143.111,-1.40616,-0.000,45.644,16.252,43.050,49.274,17.116,48.756,1488.084,2.407,-5.837,-1.40304,2.484,-5.836,-1.40601,2
40046,385014,10,3,3,0,0,0,1,5,0,0,15.002,-143.111,-1.40637,-0.000,45.644,16.252,43.050,49.274,17.116,48.756,1488.084,2.407,-5.837,-1.40325,2.484,-5.836,-1.40616,2
40046,385024,10,3,3,0,0,0,1,5,0,0,15.002,-143.111,-1.40637,-0.000,45.644,16.252,43.050,49.274,17.116,48.756,1488.084,2.407,-5.837,-1.40325,2.484,-5.836,-1.40637,2
40077,385034,10,3,3,0,0,0,1,5,0,0,15.002,-143.111,-1.40654,-0.000,45.644,16.252,43.050,49.274,17.116,48.756,1488.084,2.407,-5.837,-1.40342,2.484,-5.836,-1.40637,2
40077,385044,10,3,3,0,0,0,1,5,0,0,15.002,-143.111,-1.40653,-0.000,45.644,16.252,43.050,49.274,17.116,48.756,1488.084,2.407,-5.837,-1.40341,2.484,-5.836,-1.40654,2
40077,385054,10,3,3,0,0,0,1,5,0,0,15.002,-143.111,-1.40636,-0.000,45.644,16.252,43.050,49.274,17.116,48.756,1488.084,2.407,-5.837,-1.40324,2.484,-5.836,-1.40653,2
40109,385064,10,3,3,0,0,0,1,5,0,0,15.002,-143.111,-1.40634,-0.000,45.644,16.252,43.050,49.274,17.116,48.756,1488.084,2.407,-5.837,-1.40322,2.484,-5.836,-1.40636,2
40109,385074,10,3,3,0,0,0,1,5,0,0,15.002,-143.111,-1.40645,-0.000,45.644,16.252,43.050,49.274,17.116,48.756,1488.084,2.407,-5.837,-1.40333,2.484,-5.836,-1.40634,2
40109,385084,10,3,3,0,0,0,1,5,0,0,15.002,-143.111,-1.40648,-0.000,45.644,16.252,43.050,49.274,17.116,48.756,1488.084,2.407,-5.837,-1.40336,2.484,-5.836,-1.40645,2
40140,385094,10,3,3,0,0,0,1,5,0,0,15.002,-143.111,-1.40632,-0.000,45.644,16.252,43.050,49.274,17.116,48.756,1488.084,2.407,-5.837,-1.40320,2.484,-5.836,-1.40648,2
40140,385104,10,3,3,0,0,0,1,5,0,0,15.002,-143.111,-1.40662,-0.000,45.644,16.252,43.050,49.274,17.116,48.756,1488.084,2.406,-5.837,-1.40350,2.484,-5.836,-1.40632,2
40140,385114,10,3,3,0,0,0,1,5,0,0,15.002,-143.111,-1.40655,-0.000,45.644,16.252,43.050,49.274,17.116,48.756,1488.084,2.407,-5.837,-1.40343,2.483,-5.836,-1.40662,2
40156,385124,10,3,3,0,0,0,1,5,0,0,15.002,-143.111,-1.40639,-0.000,45.644,16.252,43.050,49.274,17.116,48.756,1488.084,2.407,-5.837,-1.40327,2.484,-5.836,-1.40655,2
40156,385134,10,3,3,0,0,0,1,5,0,0,15.002,-143.111,-1.40655,-0.000,45.644,16.252,43.050,49.274,17.116,48.756,1488.084,2.407,-5.837,-1.40343,2.484,-5.836,-1.40639,2
40172,385144,10,3,3,0,0,0,1,5,0,0,15.002,-143.111,-1.40652,-0.000,45.644,16.252,43.050,49.274,17.116,48.756,1488.084,2.407,-5.837,-1.40340,2.484,-5.836,-1.40655,2
40188,385154,10,3,3,0,0,0,1,5,0,0,15.002,-143.111,-1.40648,-0.000,45.644,16.252,43.050,49.274,17.116,48.756,1488.084,2.407,-5.837,-1.40336,2.484,-5.836,-1.40652,2
40188,385164,10,3,3,0,0,0,1,5,0,0,15.002,-143.111,-1.40626,-0.000,45.644,16.252,43.050,49.274,17.116,48.756,1488.084,2.407,-5.837,-1.40314,2.484,-5.836,-1.40648,2
40203,385174,10,3,3,0,0,0,1,5,0,0,15.002,-143.111,-1.40617,-0.000,45.644,16.252,43.050,49.274,17.116,48.756,1488.084,2.407,-5.837,-1.40305,2.484,-5.836,-1.40626,2
40233,385184,10,3,3,0,0,0,1,5,0,0,15.002,-143.111,-1.40610,-0.000,45.644,16.252,43.050,49.274,17.116,48.756,1488.084,2.407,-5.837,-1.40298,2.484,-5.836,-1.40617,2
40233,385194,10,3,3,0,0,0,1,5,0,0,15.002,-143.111,-1.40619,-0.000,45.644,16.252,43.050,49.274,17.116,48.756,1488.084,2.407,-5.837,-1.40307,2.484,-5.836,-1.40610,2
40233,385204,10,3,3,0,0,0,1,5,0,0,15.002,-143.111,-1.40641,-0.000,45.644,16.252,43.050,49.274,17.116,48.756,1488.084,2.407,-5.837,-1.40329,2.484,-5.836,-1.40619,2
40264,385214,10,3,3,0,0,0,1,5,0,0,15.002,-143.111,-1.40628,-0.000,45.644,16.252,43.050,49.274,17.116,48.756,1488.084,2.407,-5.837,-1.40316,2.484,-5.836,-1.40641,2
40264,385224,10,3,3,0,0,0,1,5,0,0,15.002,-143.111,-1.40587,-0.000,45.644,16.252,43.050,49.274,17.116,48.756,1488.084,2.407,-5.837,-1.40275,2.484,-5.836,-1.40628,2
40264,385234,10,3,3,0,0,0,1,5,0,0,15.002,-143.111,-1.40610,-0.000,45.644,16.252,43.050,49.274,17.116,48.756,1488.084,2.407,-5.837,-1.40298,2.484,-5.835,-1.40587,2
40280,385244,10,3,3,0,0,0,1,5,0,0,15.002,-143.111,-1.40604,-0.000,45.644,16.252,43.050,49.274,17.116,48.756,1488.084,2.407,-5.837,-1.40292,2.484,-5.836,-1.40610,2
40280,385254,10,3,3,0,0,0,1,5,0,0,15.002,-143.111,-1.40597,-0.000,45.644,16.252,43.050,49.274,17.116,48.756,1488.084,2.407,-5.837,-1.40285,2.484,-5.836,-1.40604,2
40295,385264,10,3,3,0,0,0,1,5,0,0,15.002,-143.111,-1.40619,-0.000,45.644,16.252,43.050,49.274,17.116,48.756,1488.084,2.407,-5.837,-1.40307,2.484,-5.836,-1.40597,2
40295,385274,10,3,3,0,0,0,1,5,0,0,15.002,-143.111,-1.40631,-0.000,45.644,16.252,43.050,49.274,17.116,48.756,1488.084,2.407,-5.837,-1.40319,2.484,-5.836,-1.40619,2
40310,385284,10,3,3,0,0,0,1,5,0,0,15.002,-143.111,-1.40649,-0.000,45.644,16.252,43.050,49.274,17.116,48.756,1488.084,2.407,-5.837,-1.40337,2.484,-5.836,-1.40631,2
40326,385294,10,3,3,0,0,0,1,5,0,0,15.002,-143.111,-1.40654,-0.000,45.644,16.252,43.050,49.274,17.116,48.756,1488.084,2.407,-5.837,-1.40342,2.484,-5.836,-1.40649,2
40326,385304,10,3,3,0,0,0,1,5,0,0,15.002,-143.111,-1.40672,-0.000,45.644,16.252,43.050,49.274,17.116,48.756,1488.084,2.406,-5.837,-1.40360,2.484,-5.836,-1.40654,2
40341,385314,10,3,3,0,0,0,1,5,0,0,15.002,-143.111,-1.40674,-0.000,45.644,16.252,43.050,49.274,17.116,48.756,1488.084,2.406,-5.837,-1.40362,2.483,-5.836,-1.40672,2
40356,385324,10,3,3,0,0,0,1,5,0,0,15.002,-143.111,-1.40663,-0.000,45.644,16.252,43.050,49.274,17.116,48.756,1488.084,2.406,-5.837,-1.40351,2.483,-5.836,-1.40674,2
40356,385334,10,3,3,0,0,0,1,5,0,0,15.002,-143.111,-1.40621,-0.000,45.644,16.252,43.050,49.274,17.116,48.756,1488.084,2.407,-5.837,-1.40309,2.483,-5.836,-1.40663,2
40372,385344,10,3,3,0,0,0,1,5,0,0,15.002,-143.111,-1.40632,-0.000,45.644,16.252,43.050,49.274,17.116,48.756,1488.084,2.407,-5.837,-1.40320,2.484,-5.836,-1.40621,2
40387,385354,10,3,3,0,0,0,1,5,0,0,15.002,-143.111,-1.40633,-0.000,45.644,16.252,43.050,49.274,17.116,48.756,1488.084,2.407,-5.837,-1.40321,2.484,-5.836,-1.40632,2
40387,385364,10,3,3,0,0,0,1,5,0,0,15.002,-143.111,-1.40624,-0.000,45.644,16.252,43.050,49.274,17.116,48.756,1488.084,2.407,-5.837,-1.40312,2.484,-5.836,-1.40633,2
40402,385374,10,3,3,0,0,0,1,5,0,0,15.002,-143.111,-1.40640,-0.000,45.644,16.252,43.050,49.274,17.116,48.756,1488.084,2.407,-5.837,-1.40328,2.484,-5.836,-1.40624,2
40418,385384,10,3,3,0,0,0,1,5,0,0,15.002,-143.111,-1.40643,-0.000,45.644,16.252,43.050,49.274,17.116,48.756,1488.084,2.407,-5.837,-1.40331,2.484,-5.836,-1.40640,2
40418,385394,10,3,3,0,0,0,1,5,0,0,15.002,-143.111,-1.40647,-0.000,45.644,16.252,43.050,49.274,17.116,48.756,1488.084,2.407,-5.837,-1.40335,2.484,-5.836,-1.40643,2
40433,385404,10,3,3,0,0,0,1,5,0,0,15.002,-143.111,-1.40686,-0.000,45.644,16.252,43.050,49.274,17.116,48.756,1488.084,2.406,-5.837,-1.40374,2.484,-5.836,-1.40647,2
40448,385414,10,3,3,0,0,0,1,5,0,0,15.002,-143.111,-1.40675,-0.000,45.644,16.252,43.050,49.274,17.116,48.756,1488.084,2.406,-5.837,-1.40363,2.483,-5.836,-1.40686,2
40448,385424,10,3,3,0,0,0,1,5,0,0,15.002,-143.111,-1.40669,-0.000,45.644,16.252,43.050,49.274,17.116,48.756,1488.084,2.406,-5.837,-1.40357,2.483,-5.836,-1.40675,2
40464,385434,10,3,3,0,0,0,1,5,0,0,15.002,-143.111,-1.40635,-0.000,45.644,16.252,43.050,49.274,17.116,48.756,1488.084,2.407,-5.837,-1.40323,2.483,-5.836,-1.40669,2
40480,385444,10,3,3,0,0,0,1,5,0,0,15.002,-143.111,-1.40626,-0.000,45.644,16.252,43.050,49.274,17.116,48.756,1488.084,2.407,-5.837,-1.40314,2.484,-5.836,-1.40635,2
40480,385454,10,3,3,0,0,0,1,5,0,0,15.002,-143.111,-1.40625,-0.000,45.644,16.252,43.050,49.274,17.116,48.756,1488.084,2.407,-5.837,-1.40313,2.484,-5.836,-1.40626,2
40494,385464,10,3,3,0,0,0,1,5,0,0,15.002,-143.111,-1.40615,-0.000,45.644,16.252,43.050,49.274,17.116,48.756,1488.084,2.407,-5.837,-1.40302,2.484,-5.836,-1.40625,2
40509,385474,10,3,3,0,0,0,1,5,0,0,15.002,-143.111,-1.40639,-0.000,45.644,16.252,43.050,49.274,17.116,48.756,1488.084,2.407,-5.837,-1.40327,2.484,-5.836,-1.40615,2
40509,385484,10,3,3,0,0,0,1,5,0,0,15.002,-143.111,-1.40627,-0.000,45.644,16.252,43.050,49.274,17.116,48.756,1488.084,2.407,-5.837,-1.40315,2.484,-5.836,-1.40639,2
40525,385494,10,3,3,0,0,0,1,5,0,0,15.002,-143.111,-1.40628,-0.000,45.644,16.252,43.050,49.274,17.116,48.756,1488.084,2.407,-5.837,-1.40316,2.484,-5.836,-1.40627,2
40525,385504,10,3,3,0,0,0,1,5,0,0,15.002,-143.111,-1.40650,-0.000,45.644,16.252,43.050,49.274,17.116,48.756,1488.084,2.407,-5.837,-1.40338,2.484,-5.836,-1.40628,2
40541,385514,10,3,3,0,0,0,1,5,0,0,15.002,-143.111,-1.40665,-0.000,45.644,16.252,43.050,49.274,17.116,48.756,1488.084,2.406,-5.837,-1.40352,2.484,-5.836,-1.40650,2
40557,385524,10,3,3,0,0,0,1,5,0,0,15.002,-143.111,-1.40663,-0.000,45.644,16.252,43.050,49.274,17.116,48.756,1488.084,2.406,-5.837,-1.40351,2.483,-5.836,-1.40664,2
40557,385534,10,3,3,0,0,0,1,5,0,0,15.002,-143.111,-1.40669,-0.000,45.644,16.252,43.050,49.274,17.116,48.756,1488.084,2.406,-5.837,-1.40357,2.483,-5.836,-1.40663,2
40572,385544,10,3,3,0,0,0,1,5,0,0,15.002,-143.111,-1.40665,-0.000,45.644,16.252,43.050,49.274,17.116,48.756,1488.084,2.406,-5.837,-1.40353,2.483,-5.836,-1.40669,2
40587,385554,10,3,3,0,0,0,1,5,0,0,15.002,-143.111,-1.40645,-0.000,45.644,16.252,43.050,49.274,17.116,48.756,1488.084,2.407,-5.837,-1.40333,2.483,-5.836,-1.40665,2
40587,385564,10,3,3,0,0,0,1,5,0,0,15.002,-143.111,-1.40657,-0.000,45.644,16.252,43.050,49.274,17.116,48.756,1488.084,2.407,-5.837,-1.40345,2.484,-5.836,-1.40645,2
40603,385574,10,3,3,0,0,0,1,5,0,0,15.002,-143.111,-1.40636,-0.000,45.644,16.252,43.050,49.274,17.116,48.756,1488.084,2.407,-5.837,-1.40324,2.484,-5.836,-1.40657,2
40618,385584,10,3,3,0,0,0,1,5,0,0,15.002,-143.111,-1.40621,-0.000,45.644,16.252,43.050,49.274,17.116,48.756,1488.084,2.407,-5.837,-1.40309,2.484,-5.836,-1.40636,2
40618,385594,10,3,3,0,0,0,1,5,0,0,15.002,-143.111,-1.40623,-0.000,45.644,16.252,43.050,49.274,17.116,48.756,1488.084,2.407,-5.837,-1.40311,2.484,-5.836,-1.40621,2
40634,385604,10,3,3,0,0,0,1,5,0,0,15.002,-143.111,-1.40628,-0.000,45.644,16.252,43.050,49.274,17.116,48.756,1488.084,2.407,-5.837,-1.40316,2.484,-5.836,-1.40623,2
40650,385614,10,3,3,0,0,0,1,5,0,0,15.002,-143.111,-1.40622,-0.000,45.644,16.252,43.050,49.274,17.116,48.756,1488.084,2.407,-5.837,-1.40310,2.484,-5.836,-1.40628,2
40650,385624,10,3,3,0,0,0,1,5,0,0,15.002,-143.111,-1.40620,-0.000,45.644,16.252,43.050,49.274,17.116,48.756,1488.084,2.407,-5.837,-1.40307,2.484,-5.836,-1.40622,2
40665,385634,10,3,3,0,0,0,1,5,0,0,15.002,-143.111,-1.40641,-0.000,45.644,16.252,43.050,49.274,17.116,48.756,1488.084,2.407,-5.837,-1.40329,2.484,-5.836,-1.40620,2
40665,385644,10,3,3,0,0,0,1,5,0,0,15.002,-143.111,-1.40650,-0.000,45.644,16.252,43.050,49.274,17.116,48.756,1488.084,2.407,-5.837,-1.40338,2.484,-5.836,-1.40641,2
40680,385654,10,3,3,0,0,0,1,5,0,0,15.002,-143.111,-1.40669,-0.000,45.644,16.252,43.050,49.274,17.116,48.756,1488.084,2.406,-5.837,-1.40357,2.484,-5.836,-1.40650,2
40697,385664,10,3,3,0,0,0,1,5,0,0,15.002,-143.111,-1.40658,-0.000,45.644,16.252,43.050,49.274,17.116,48.756,1488.084,2.407,-5.837,-1.40346,2.483,-5.836,-1.40669,2
40697,385674,10,3,3,0,0,0,1,5,0,0,15.002,-143.111,-1.40663,-0.000,45.644,16.252,43.050,49.274,17.116,48.756,1488.084,2.406,-5.837,-1.40351,2.483,-5.836,-1.40658,2
40712,385684,10,3,3,0,0,0,1,5,0,0,15.002,-143.111,-1.40657,-0.000,45.644,16.252,43.050,49.274,17.116,48.756,1488.084,2.407,-5.837,-1.40345,2.483,-5.836,-1.40663,2
40727,385694,10,3,3,0,0,0,1,5,0,0,15.002,-143.111,-1.40636,-0.000,45.644,16.252,43.050,49.274,17.116,48.756,1488.084,2.407,-5.837,-1.40324,2.484,-5.836,-1.40657,2
40727,385704,10,3,3,0,0,0,1,5,0,0,15.002,-143.111,-1.40631,-0.000,45.644,16.252,43.050,49.274,17.116,48.756,1488.084,2.407,-5.837,-1.40319,2.484,-5.836,-1.40636,2
40743,385714,10,3,3,0,0,0,1,5,0,0,15.002,-143.111,-1.40636,-0.000,45.644,16.252,43.050,49.274,17.116,48.756,1488.084,2.407,-5.837,-1.40324,2.484,-5.836,-1.40631,2
40759,385724,10,3,3,0,0,0,1,5,0,0,15.002,-143.111,-1.40621,-0.000,45.644,16.252,43.050,49.274,17.116,48.756,1488.084,2.407,-5.837,-1.40309,2.484,-5.836,-1.40636,2
40759,385734,10,3,3,0,0,0,1,5,0,0,15.002,-143.111,-1.40610,-0.000,45.644,16.252,43.050,49.274,17.116,48.756,1488.084,2.407,-5.837,-1.40298,2.484,-5.836,-1.40621,2
40774,385744,10,3,3,0,0,0,1,5,0,0,15.002,-143.111,-1.40595,-0.000,45.644,16.252,43.050,49.274,17.116,48.756,1488.084,2.407,-5.837,-1.40283,2.484,-5.836,-1.40610,2
40791,385754,10,3,3,0,0,0,1,5,0,0,15.002,-143.111,-1.40615,-0.000,45.644,16.252,43.050,49.274,17.116,48.756,1488.084,2.407,-5.837,-1.40302,2.484,-5.836,-1.40595,2
40791,385764,10,3,3,0,0,0,1,5,0,0,15.002,-143.111,-1.40602,-0.000,45.644,16.252,43.050,49.274,17.116,48.756,1488.084,2.407,-5.837,-1.40290,2.484,-5.836,-1.40615,2
40806,385774,10,3,3,0,0,0,1,5,0,0,15.002,-143.111,-1.40589,-0.000,45.644,16.252,43.050,49.274,17.116,48.756,1488.084,2.407,-5.837,-1.40277,2.484,-5.836,-1.40602,2
40806,385784,10,3,3,0,0,0,1,5,0,0,15.002,-143.111,-1.40595,-0.000,45.644,16.252,43.050,49.274,17.116,48.756,1488.084,2.407,-5.837,-1.40283,2.484,-5.835,-1.40589,2
40821,385794,10,3,3,0,0,0,1,5,0,0,15.002,-143.111,-1.40614,-0.000,45.644,16.252,43.050,49.274,17.116,48.756,1488.084,2.407,-5.837,-1.40302,2.484,-5.836,-1.40595,2
40837,385804,10,3,3,0,0,0,1,5,0,0,15.002,-143.111,-1.40632,-0.000,45.644,16.252,43.050,49.274,17.116,48.756,1488.084,2.407,-5.837,-1.40320,2.484,-5.836,-1.40614,2
40837,385814,10,3,3,0,0,0,1,5,0,0,15.002,-143.111,-1.40641,-0.000,45.644,16.252,43.050,49.274,17.116,48.756,1488.084,2.407,-5.837,-1.40329,2.484,-5.836,-1.40632,2
40853,385824,10,3,3,0,0,0,1,5,0,0,15.002,-143.111,-1.40644,-0.000,45.644,16.252,43.050,49.274,17.116,48.756,1488.084,2.407,-5.837,-1.40332,2.484,-5.836,-1.40641,2
40869,385834,10,3,3,0,0,0,1,5,0,0,15.002,-143.111,-1.40650,-0.000,45.644,16.252,43.050,49.274,17.116,48.756,1488.084,2.407,-5.837,-1.40338,2.484,-5.836,-1.40644,2
40869,385844,10,3,3,0,0,0,1,5,0,0,15.002,-143.111,-1.40655,-0.000,45.644,16.252,43.050,49.274,17.116,48.756,1488.084,2.407,-5.837,-1.40343,2.484,-5.836,-1.40650,2
40883,385854,10,3,3,0,0,0,1,5,0,0,15.002,-143.111,-1.40644,-0.000,45.644,16.252,43.050,49.274,17.116,48.756,1488.084,2.407,-5.837,-1.40332,2.484,-5.836,-1.40655,2
40898,385864,10,3,3,0,0,0,1,5,0,0,15.002,-143.111,-1.40649,-0.000,45.644,16.252,43.050,49.274,17.116,48.756,1488.084,2.407,-5.837,-1.40337,2.484,-5.836,-1.40644,2
40898,385874,10,3,3,0,0,0,1,5,0,0,15.002,-143.111,-1.40654,-0.000,45.644,16.252,43.050,49.274,17.116,48.756,1488.084,2.407,-5.837,-1.40342,2.484,-5.836,-1.40649,2
40914,385884,10,3,3,0,0,0,1,5,0,0,15.002,-143.111,-1.40659,-0.000,45.644,16.252,43.050,49.274,17.116,48.756,1488.084,2.407,-5.837,-1.40347,2.484,-5.836,-1.40654,2
40930,385894,10,3,3,0,0,0,1,5,0,0,15.002,-143.111,-1.40673,-0.000,45.644,16.252,43.050,49.274,17.116,48.756,1488.084,2.406,-5.837,-1.40361,2.483,-5.836,-1.40659,2
40930,385904,10,3,3,0,0,0,1,5,0,0,15.002,-143.111,-1.40679,-0.000,45.644,16.252,43.050,49.274,17.116,48.756,1488.084,2.406,-5.837,-1.40367,2.483,-5.836,-1.40673,2
40945,385914,10,3,3,0,0,0,1,5,0,0,15.002,-143.111,-1.40663,-0.000,45.644,16.252,43.050,49.274,17.116,48.756,1488.084,2.406,-5.837,-1.40351,2.483,-5.836,-1.40679,2
40959,385924,10,3,3,0,0,0,1,5,0,0,15.002,-143.111,-1.40665,-0.000,45.644,16.252,43.050,49.274,17.116,48.756,1488.084,2.406,-5.837,-1.40353,2.483,-5.836,-1.40663,2
40959,385934,10,3,3,0,0,0,1,5,0,0,15.002,-143.111,-1.40684,-0.000,45.644,16.252,43.050,49.274,17.116,48.756,1488.084,2.406,-5.837,-1.40372,2.483,-5.836,-1.40665,2
40974,385944,10,3,3,0,0,0,1,5,0,0,15.002,-143.111,-1.40674,-0.000,45.644,16.252,43.050,49.274,17.116,48.756,1488.084,2.406,-5.837,-1.40362,2.483,-5.836,-1.40684,2
40991,385954,10,3,3,0,0,0,1,5,0,0,15.002,-143.111,-1.40651,-0.000,45.644,16.252,43.050,49.274,17.116,48.756,1488.084,2.407,-5.837,-1.40339,2.483,-5.836,-1.40674,2
40991,385964,10,3,3,0,0,0,1,5,0,0,15.002,-143.111,-1.40610,-0.000,45.644,16.252,43.050,49.274,17.116,48.756,1488.084,2.407,-5.837,-1.40298,2.484,-5.836,-1.40651,2
41006,385974,10,3,3,0,0,0,1,5,0,0,15.002,-143.111,-1.40601,-0.000,45.644,16.252,43.050,49.274,17.116,48.756,1488.084,2.407,-5.837,-1.40289,2.484,-5.836,-1.40610,2
41006,385984,10,3,3,0,0,0,1,5,0,0,15.002,-143.111,-1.40626,-0.000,45.644,16.252,43.050,49.274,17.116,48.756,1488.084,2.407,-5.837,-1.40314,2.484,-5.836,-1.40601,2
41021,385994,10,3,3,0,0,0,1,5,0,0,15.002,-143.111,-1.40626,-0.000,45.644,16.252,43.050,49.274,17.116,48.756,1488.084,2.407,-5.837,-1.40314,2.484,-5.836,-1.40626,2
41037,386004,10,3,3,0,0,0,1,5,0,0,15.002,-143.111,-1.40624,-0.000,45.644,16.252,43.050,49.274,17.116,48.756,1488.084,2.407,-5.837,-1.40312,2.484,-5.836,-1.40626,2
41037,386014,10,3,3,0,0,0,1,5,0,0,15.002,-143.111,-1.40610,-0.000,45.644,16.252,43.050,49.274,17.116,48.756,1488.084,2.407,-5.837,-1.40298,2.484,-5.836,-1.40624,2
41053,386024,10,3,3,0,0,0,1,5,0,0,15.002,-143.111,-1.40592,-0.000,45.644,16.252,43.050,49.274,17.116,48.756,1488.084,2.407,-5.837,-1.40280,2.484,-5.836,-1.40610,2
41069,386034,10,3,3,0,0,0,1,5,0,0,15.002,-143.111,-1.40590,-0.000,45.644,16.252,43.050,49.274,17.116,48.756,1488.084,2.407,-5.837,-1.40278,2.484,-5.836,-1.40592,2
41069,386044,10,3,3,0,0,0,1,5,0,0,15.002,-143.111,-1.40582,-0.000,45.644,16.252,43.050,49.274,17.116,48.756,1488.084,2.407,-5.837,-1.40270,2.484,-5.835,-1.40590,2
41085,386054,10,3,3,0,0,0,1,5,0,0,15.002,-143.111,-1.40593,-0.000,45.644,16.252,43.050,49.274,17.116,48.756,1488.084,2.407,-5.837,-1.40281,2.484,-5.835,-1.40582,2
41100,386064,10,3,3,0,0,0,1,5,0,0,15.002,-143.111,-1.40594,-0.000,45.644,16.252,43.050,49.274,17.116,48.756,1488.084,2.407,-5.837,-1.40282,2.484,-5.836,-1.40593,2
41100,386074,10,3,3,0,0,0,1,5,0,0,15.002,-143.111,-1.40624,-0.000,45.644,16.252,43.050,49.274,17.116,48.756,1488.084,2.407,-5.837,-1.40312,2.484,-5.836,-1.40594,2
41115,386084,10,3,3,0,0,0,1,5,0,0,15.002,-143.111,-1.40621,-0.000,45.644,16.252,43.050,49.274,17.116,48.756,1488.084,2.407,-5.837,-1.40309,2.484,-5.836,-1.40624,2
41115,386094,10,3,3,0,0,0,1,5,0,0,15.002,-143.111,-1.40618,-0.000,45.644,16.252,43.050,49.274,17.116,48.756,1488.084,2.407,-5.837,-1.40306,2.484,-5.836,-1.40621,2
41131,386104,10,3,3,0,0,0,1,5,0,0,15.002,-143.111,-1.40633,-0.000,45.644,16.252,43.050,49.274,17.116,48.756,1488.084,2.407,-5.837,-1.40321,2.484,-5.836,-1.40618,2
41147,386114,10,3,3,0,0,0,1,5,0,0,15.002,-143.111,-1.40640,-0.000,45.644,16.252,43.050,49.274,17.116,48.756,1488.084,2.407,-5.837,-1.40328,2.484,-5.836,-1.40633,2
41147,386124,10,3,3,0,0,0,1,5,0,0,15.002,-143.111,-1.40639,-0.000,45.644,16.252,43.050,49.274,17.116,48.756,1488.084,2.407,-5.837,-1.40327,2.484,-5.836,-1.40640,2
41162,386134,10,3,3,0,0,0,1,5,0,0,15.002,-143.111,-1.40638,-0.000,45.644,16.252,43.050,49.274,17.116,48.756,1488.084,2.407,-5.837,-1.40326,2.484,-5.836,-1.40639,2
41177,386144,10,3,3,0,0,0,1,5,0,0,15.002,-143.111,-1.40650,-0.000,45.644,16.252,43.050,49.274,17.116,48.756,1488.084,2.407,-5.837,-1.40338,2.484,-5.836,-1.40638,2
41177,386154,10,3,3,0,0,0,1,5,0,0,15.002,-143.111,-1.40649,-0.000,45.644,16.252,43.050,49.274,17.116,48.756,1488.084,2.407,-5.837,-1.40337,2.484,-5.836,-1.40650,2
41192,386164,10,3,3,0,0,0,1,5,0,0,15.002,-143.111,-1.40628,-0.000,45.644,16.252,43.050,49.274,17.116,48.756,1488.084,2.407,-5.837,-1.40316,2.484,-5.836,-1.40649,2
41207,386174,10,3,3,0,0,0,1,5,0,0,15.002,-143.111,-1.40636,-0.000,45.644,16.252,43.050,49.274,17.116,48.756,1488.084,2.407,-5.837,-1.40324,2.484,-5.836,-1.40628,2
41207,386184,10,3,3,0,0,0,1,5,0,0,15.002,-143.111,-1.40634,-0.000,45.644,16.252,43.050,49.274,17.116,48.756,1488.084,2.407,-5.837,-1.40322,2.484,-5.836,-1.40636,2
41222,386194,10,3,3,0,0,0,1,5,0,0,15.002,-143.111,-1.40641,-0.000,45.644,16.252,43.050,49.274,17.116,48.756,1488.084,2.407,-5.837,-1.40329,2.484,-5.836,-1.40634,2
41237,386204,10,3,3,0,0,0,1,5,0,0,15.002,-143.111,-1.40660,-0.000,45.644,16.252,43.050,49.274,17.116,48.756,1488.084,2.406,-5.837,-1.40348,2.484,-5.836,-1.40641,2
41237,386214,10,3,3,0,0,0,1,5,0,0,15.002,-143.111,-1.40661,-0.000,45.644,16.252,43.050,49.274,17.116,48.756,1488.084,2.406,-5.837,-1.40349,2.483,-5.836,-1.40660,2
41253,386224,10,3,3,0,0,0,1,5,0,0,15.002,-143.111,-1.40655,-0.000,45.644,16.252,43.050,49.274,17.116,48.756,1488.084,2.407,-5.837,-1.40343,2.483,-5.836,-1.40661,2
41268,386234,10,3,3,0,0,0,1,5,0,0,15.002,-143.111,-1.40672,-0.000,45.644,16.252,43.050,49.274,17.116,48.756,1488.084,2.406,-5.837,-1.40360,2.484,-5.836,-1.40655,2
41268,386244,10,3,3,0,0,0,1,5,0,0,15.002,-143.111,-1.40667,-0.000,45.644,16.252,43.050,49.274,17.116,48.756,1488.084,2.406,-5.837,-1.40355,2.483,-5.836,-1.40672,2
41284,386254,10,3,3,0,0,0,1,5,0,0,15.002,-143.111,-1.40632,-0.000,45.644,16.252,43.050,49.274,17.116,48.756,1488.084,2.407,-5.837,-1.40320,2.483,-5.836,-1.40667,2
41300,386264,10,3,3,0,0,0,1,5,0,0,15.002,-143.111,-1.40616,-0.000,45.644,16.252,43.050,49.274,17.116,48.756,1488.084,2.407,-5.837,-1.40304,2.484,-5.836,-1.40632,2
41300,386274,10,3,3,0,0,0,1,5,0,0,15.002,-143.111,-1.40617,-0.000,45.644,16.252,43.050,49.274,17.116,48.756,1488.084,2.407,-5.837,-1.40305,2.484,-5.836,-1.40616,2
41317,386284,10,3,3,0,0,0,1,5,0,0,15.002,-143.111,-1.40646,-0.000,45.644,16.252,43.050,49.274,17.116,48.756,1488.084,2.407,-5.837,-1.40334,2.484,-5.836,-1.40617,2
41317,386294,10,3,3,0,0,0,1,5,0,0,15.002,-143.111,-1.40659,-0.000,45.644,16.252,43.050,49.274,17.116,48.756,1488.084,2.406,-5.837,-1.40347,2.484,-5.836,-1.40646,2
41331,386304,10,3,3,0,0,0,1,5,0,0,15.002,-143.111,-1.40651,-0.000,45.644,16.252,43.050,49.274,17.116,48.756,1488.084,2.407,-5.837,-1.40339,2.483,-5.836,-1.40659,2
41347,386314,10,3,3,0,0,0,1,5,0,0,15.002,-143.111,-1.40651,-0.000,45.644,16.252,43.050,49.274,17.116,48.756,1488.084,2.407,-5.837,-1.40339,2.484,-5.836,-1.40651,2
41347,386324,10,3,3,0,0,0,1,5,0,0,15.002,-143.111,-1.40654,-0.000,45.644,16.252,43.050,49.274,17.116,48.756,1488.084,2.407,-5.837,-1.40342,2.484,-5.836,-1.40651,2
41363,386334,10,3,3,0,0,0,1,5,0,0,15.002,-143.111,-1.40642,-0.000,45.644,16.252,43.050,49.274,17.116,48.756,1488.084,2.407,-5.837,-1.40330,2.484,-5.836,-1.40654,2
41377,386344,10,3,3,0,0,0,1,5,0,0,15.002,-143.111,-1.40654,-0.000,45.644,16.252,43.050,49.274,17.116,48.756,1488.084,2.407,-5.837,-1.40342,2.484,-5.836,-1.40642,2
41377,386354,10,3,3,0,0,0,1,5,0,0,15.002,-143.111,-1.40663,-0.000,45.644,16.252,43.050,49.274,17.116,48.756,1488.084,2.406,-5.837,-1.40351,2.484,-5.836,-1.40654,2
41392,386364,10,3,3,0,0,0,1,5,0,0,15.002,-143.111,-1.40689,-0.000,45.644,16.252,43.050,49.274,17.116,48.756,1488.084,2.406,-5.837,-1.40377,2.483,-5.836,-1.40663,2
41408,386374,10,3,3,0,0,0,1,5,0,0,15.002,-143.111,-1.40675,-0.000,45.644,16.252,43.050,49.274,17.116,48.756,1488.084,2.406,-5.837,-1.40363,2.483,-5.836,-1.40689,2
41408,386384,10,3,3,0,0,0,1,5,0,0,15.002,-143.111,-1.40662,-0.000,45.644,16.252,43.050,49.274,17.116,48.756,1488.084,2.406,-5.837,-1.40350,2.483,-5.836,-1.40675,2
41424,386394,10,3,3,0,0,0,1,5,0,0,15.002,-143.111,-1.40640,-0.000,45.644,16.252,43.050,49.274,17.116,48.756,1488.084,2.407,-5.837,-1.40328,2.483,-5.836,-1.40662,2
41439,386404,10,3,3,0,0,0,1,5,0,0,15.002,-143.111,-1.40630,-0.000,45.644,16.252,43.050,49.274,17.116,48.756,1488.084,2.407,-5.837,-1.40318,2.484,-5.836,-1.40640,2
41439,386414,10,3,3,0,0,0,1,5,0,0,15.002,-143.111,-1.40635,-0.000,45.644,16.252,43.050,49.274,17.116,48.756,1488.084,2.407,-5.837,-1.40323,2.484,-5.836,-1.40630,2
41454,386424,10,3,3,0,0,0,1,5,0,0,15.002,-143.111,-1.40652,-0.000,45.644,16.252,43.050,49.274,17.116,48.756,1488.084,2.407,-5.837,-1.40340,2.484,-5.836,-1.40635,2
41470,386434,10,3,3,0,0,0,1,5,0,0,15.002,-143.111,-1.40681,-0.000,45.644,16.252,43.050,49.274,17.116,48.756,1488.084,2.406,-5.837,-1.40369,2.484,-5.836,-1.40652,2
41470,386444,10,3,3,0,0,0,1,5,0,0,15.002,-143.111,-1.40698,-0.000,45.644,16.252,43.050,49.274,17.116,48.756,1488.084,2.406,-5.837,-1.40386,2.483,-5.836,-1.40681,2
41485,386454,10,3,3,0,0,0,1,5,0,0,15.002,-143.111,-1.40708,-0.000,45.644,16.252,43.050,49.274,17.116,48.756,1488.084,2.406,-5.837,-1.40396,2.483,-5.836,-1.40698,2
41485,386464,10,3,3,0,0,0,1,5,0,0,15.002,-143.111,-1.40669,-0.000,45.644,16.252,43.050,49.274,17.116,48.756,1488.084,2.406,-5.837,-1.40357,2.483,-5.836,-1.40708,2
41500,386474,10,3,3,0,0,0,1,5,0,0,15.002,-143.111,-1.40647,-0.000,45.644,16.252,43.050,49.274,17.116,48.756,1488.084,2.407,-5.837,-1.40335,2.483,-5.836,-1.40669,2
41515,386484,10,3,3,0,0,0,1,5,0,0,15.002,-143.111,-1.40642,-0.000,45.644,16.252,43.050,49.274,17.116,48.756,1488.084,2.407,-5.837,-1.40330,2.484,-5.836,-1.40647,2
41515,386494,10,3,3,0,0,0,1,5,0,0,15.002,-143.111,-1.40657,-0.000,45.644,16.252,43.050,49.274,17.116,48.756,1488.084,2.407,-5.837,-1.40345,2.484,-5.836,-1.40642,2
41531,386504,10,3,3,0,0,0,1,5,0,0,15.002,-143.111,-1.40668,-0.000,45.644,16.252,43.050,49.274,17.116,48.756,1488.084,2.406,-5.837,-1.40356,2.484,-5.836,-1.40657,2
41547,386514,10,3,3,0,0,0,1,5,0,0,15.002,-143.111,-1.40677,-0.000,45.644,16.252,43.050,49.274,17.116,48.756,1488.084,2.406,-5.837,-1.40365,2.483,-5.836,-1.40668,2
41547,386524,10,3,3,0,0,0,1,5,0,0,15.002,-143.111,-1.40640,-0.000,45.644,16.252,43.050,49.274,17.116,48.756,1488.084,2.407,-5.837,-1.40328,2.483,-5.836,-1.40677,2
41577,386534,10,3,3,0,0,0,1,5,0,0,15.002,-143.111,-1.40642,-0.000,45.644,16.252,43.050,49.274,17.116,48.756,1488.084,2.407,-5.837,-1.40330,2.484,-5.836,-1.40640,2
41577,386544,10,3,3,0,0,0,1,5,0,0,15.002,-143.111,-1.40632,-0.000,45.644,16.252,43.050,49.274,17.116,48.756,1488.084,2.407,-5.837,-1.40320,2.484,-5.836,-1.40642,2
41577,386554,10,3,3,0,0,0,1,5,0,0,15.002,-143.111,-1.40642,-0.000,45.644,16.252,43.050,49.274,17.116,48.756,1488.084,2.407,-5.837,-1.40330,2.484,-5.836,-1.40632,2
41609,386564,10,3,3,0,0,0,1,5,0,0,15.002,-143.111,-1.40638,-0.000,45.644,16.252,43.050,49.274,17.116,48.756,1488.084,2.407,-5.837,-1.40326,2.484,-5.836,-1.40642,2
41609,386574,10,3,3,0,0,0,1,5,0,0,15.002,-143.111,-1.40655,-0.000,45.644,16.252,43.050,49.274,17.116,48.756,1488.084,2.407,-5.837,-1.40343,2.484,-5.836,-1.40638,2
41609,386584,10,3,3,0,0,0,1,5,0,0,15.002,-143.111,-1.40663,-0.000,45.644,16.252,43.050,49.274,17.116,48.756,1488.084,2.406,-5.837,-1.40351,2.484,-5.836,-1.40655,2
41639,386594,10,3,3,0,0,0,1,5,0,0,15.002,-143.111,-1.40662,-0.000,45.644,16.252,43.050,49.274,17.116,48.756,1488.084,2.406,-5.837,-1.40350,2.483,-5.836,-1.40663,2
41639,386604,10,3,3,0,0,0,1,5,0,0,15.002,-143.111,-1.40635,-0.000,45.644,16.252,43.050,49.274,17.116,48.756,1488.084,2.407,-5.837,-1.40323,2.483,-5.836,-1.40662,2
41639,386614,10,3,3,0,0,0,1,5,0,0,15.002,-143.111,-1.40625,-0.000,45.644,16.252,43.050,49.274,17.116,48.756,1488.084,2.407,-5.837,-1.40313,2.484,-5.836,-1.40635,2
41655,386624,10,3,3,0,0,0,1,5,0,0,15.002,-143.111,-1.40642,-0.000,45.644,16.252,43.050,49.274,17.116,48.756,1488.084,2.407,-5.837,-1.40330,2.484,-5.836,-1.40625,2
41687,386634,10,3,3,0,0,0,1,5,0,0,15.002,-143.111,-1.40660,-0.000,45.644,16.252,43.050,49.274,17.116,48.756,1488.084,2.406,-5.837,-1.40348,2.484,-5.836,-1.40642,2
41687,386644,10,3,3,0,0,0,1,5,0,0,15.002,-143.111,-1.40674,-0.000,45.644,16.252,43.050,49.274,17.116,48.756,1488.084,2.406,-5.837,-1.40362,2.483,-5.836,-1.40660,2
41687,386654,10,3,3,0,0,0,1,5,0,0,15.002,-143.111,-1.40661,-0.000,45.644,16.252,43.050,49.274,17.116,48.756,1488.084,2.406,-5.837,-1.40349,2.483,-5.836,-1.40674,2
41687,386664,10,3,3,0,0,0,1,5,0,0,15.002,-143.111,-1.40673,-0.000,45.644,16.252,43.050,49.274,17.116,48.756,1488.084,2.406,-5.837,-1.40361,2.483,-5.836,-1.40661,2
41717,386674,10,3,3,0,0,0,1,5,0,0,15.002,-143.111,-1.40661,-0.000,45.644,16.252,43.050,49.274,17.116,48.756,1488.084,2.406,-5.837,-1.40349,2.483,-5.836,-1.40673,2
41717,386684,10,3,3,0,0,0,1,5,0,0,15.002,-143.111,-1.40663,-0.000,45.644,16.252,43.050,49.274,17.116,48.756,1488.084,2.406,-5.837,-1.40351,2.483,-5.836,-1.40661,2
41717,386694,10,3,3,0,0,0,1,5,0,0,15.002,-143.111,-1.40661,-0.000,45.644,16.252,43.050,49.274,17.116,48.756,1488.084,2.406,-5.837,-1.40349,2.483,-5.836,-1.40663,2
41733,386704,10,3,3,0,0,0,1,5,0,0,15.002,-143.111,-1.40651,-0.000,45.644,16.252,43.050,49.274,17.116,48.756,1488.084,2.407,-5.837,-1.40339,2.483,-5.836,-1.40661,2
41749,386714,10,3,3,0,0,0,1,5,0,0,15.002,-143.111,-1.40647,-0.000,45.644,16.252,43.050,49.274,17.116,48.756,1488.084,2.407,-5.837,-1.40335,2.484,-5.836,-1.40651,2
41749,386724,10,3,3,0,0,0,1,5,0,0,15.002,-143.111,-1.40651,-0.000,45.644,16.252,43.050,49.274,17.116,48.756,1488.084,2.407,-5.837,-1.40339,2.484,-5.836,-1.40647,2
41780,386734,10,3,3,0,0,0,1,5,0,0,15.002,-143.111,-1.40658,-0.000,45.644,16.252,43.050,49.274,17.116,48.756,1488.084,2.407,-5.837,-1.40346,2.484,-5.836,-1.40651,2
41780,386744,10,3,3,0,0,0,1,5,0,0,15.002,-143.111,-1.40666,-0.000,45.644,16.252,43.050,49.274,17.116,48.756,1488.084,2.406,-5.837,-1.40354,2.483,-5.836,-1.40658,2
41780,386754,10,3,3,0,0,0,1,5,0,0,15.002,-143.111,-1.40667,-0.000,45.644,16.252,43.050,49.274,17.116,48.756,1488.084,2.406,-5.837,-1.40355,2.483,-5.836,-1.40666,2
41811,386764,10,3,3,0,0,0,1,5,0,0,15.002,-143.111,-1.40655,-0.000,45.644,16.252,43.050,49.274,17.116,48.756,1488.084,2.407,-5.837,-1.40343,2.483,-5.836,-1.40667,2
41811,386774,10,3,3,0,0,0,1,5,0,0,15.002,-143.111,-1.40636,-0.000,45.644,16.252,43.050,49.274,17.116,48.756,1488.084,2.407,-5.837,-1.40324,2.484,-5.836,-1.40655,2
41811,386784,10,3,3,0,0,0,1,5,0,0,15.002,-143.111,-1.40625,-0.000,45.644,16.252,43.050,49.274,17.116,48.756,1488.084,2.407,-5.837,-1.40313,2.484,-5.836,-1.40636,2
41826,386794,10,3,3,0,0,0,1,5,0,0,15.002,-143.111,-1.40619,-0.000,45.644,16.252,43.050,49.274,17.116,48.756,1488.084,2.407,-5.837,-1.40307,2.484,-5.836,-1.40625,2
41826,386804,10,3,3,0,0,0,1,5,0,0,15.002,-143.111,-1.40589,-0.000,45.644,16.252,43.050,49.274,17.116,48.756,1488.084,2.407,-5.837,-1.40277,2.484,-5.836,-1.40619,2
41841,386814,10,3,3,0,0,0,1,5,0,0,15.002,-143.111,-1.40581,-0.000,45.644,16.252,43.050,49.274,17.116,48.756,1488.084,2.407,-5.837,-1.40269,2.484,-5.835,-1.40589,2
41857,386824,10,3,3,0,0,0,1,5,0,0,15.002,-143.111,-1.40587,-0.000,45.644,16.252,43.050,49.274,17.116,48.756,1488.084,2.407,-5.837,-1.40275,2.484,-5.835,-1.40581,2
41857,386834,10,3,3,0,0,0,1,5,0,0,15.002,-143.111,-1.40608,-0.000,45.644,16.252,43.050,49.274,17.116,48.756,1488.084,2.407,-5.837,-1.40296,2.484,-5.835,-1.40587,2
41872,386844,10,3,3,0,0,0,1,5,0,0,15.002,-143.111,-1.40606,-0.000,45.644,16.252,43.050,49.274,17.116,48.756,1488.084,2.407,-5.837,-1.40294,2.484,-5.836,-1.40608,2
41888,386854,10,3,3,0,0,0,1,5,0,0,15.002,-143.111,-1.40614,-0.000,45.644,16.252,43.050,49.274,17.116,48.756,1488.084,2.407,-5.837,-1.40302,2.484,-5.836,-1.40606,2
41888,386864,10,3,3,0,0,0,1,5,0,0,15.002,-143.111,-1.40604,-0.000,45.644,16.252,43.050,49.274,17.116,48.756,1488.084,2.407,-5.837,-1.40292,2.484,-5.836,-1.40614,2
41903,386874,10,3,3,0,0,0,1,5,0,0,15.002,-143.111,-1.40568,-0.000,45.644,16.252,43.050,49.274,17.116,48.756,1488.084,2.408,-5.837,-1.40256,2.484,-5.836,-1.40604,2
41918,386884,10,3,3,0,0,0,1,5,0,0,15.002,-143.111,-1.40552,-0.000,45.644,16.252,43.050,49.274,17.116,48.756,1488.084,2.408,-5.837,-1.40240,2.485,-5.835,-1.40568,2
41918,386894,10,3,3,0,0,0,1,5,0,0,15.002,-143.111,-1.40569,-0.000,45.644,16.252,43.050,49.274,17.116,48.756,1488.084,2.408,-5.837,-1.40257,2.485,-5.835,-1.40552,2
41934,386904,10,3,3,0,0,0,1,5,0,0,15.002,-143.111,-1.40578,-0.000,45.644,16.252,43.050,49.274,17.116,48.756,1488.084,2.407,-5.837,-1.40266,2.485,-5.835,-1.40569,2
41950,386914,10,3,3,0,0,0,1,5,0,0,15.002,-143.111,-1.40608,-0.000,45.644,16.252,43.050,49.274,17.116,48.756,1488.084,2.407,-5.837,-1.40296,2.484,-5.835,-1.40578,2
41950,386924,10,3,3,0,0,0,1,5,0,0,15.002,-143.111,-1.40618,-0.000,45.644,16.252,43.050,49.274,17.116,48.756,1488.084,2.407,-5.837,-1.40306,2.484,-5.836,-1.40608,2
41966,386934,10,3,3,0,0,0,1,5,0,0,15.002,-143.111,-1.40624,-0.000,45.644,16.252,43.050,49.274,17.116,48.756,1488.084,2.407,-5.837,-1.40312,2.484,-5.836,-1.40618,2
41966,386944,10,3,3,0,0,0,1,5,0,0,15.002,-143.111,-1.40605,-0.000,45.644,16.252,43.050,49.274,17.116,48.756,1488.084,2.407,-5.837,-1.40293,2.484,-5.836,-1.40624,2
41981,386954,10,3,3,0,0,0,1,5,0,0,15.002,-143.111,-1.40581,-0.000,45.644,16.252,43.050,49.274,17.116,48.756,1488.084,2.407,-5.837,-1.40269,2.484,-5.836,-1.40605,2
41996,386964,10,3,3,0,0,0,1,5,0,0,15.002,-143.111,-1.40593,-0.000,45.644,16.252,43.050,49.274,17.116,48.756,1488.084,2.407,-5.837,-1.40281,2.484,-5.835,-1.40581,2
41996,386974,10,3,3,0,0,0,1,5,0,0,15.002,-143.111,-1.40585,-0.000,45.644,16.252,43.050,49.274,17.116,48.756,1488.084,2.407,-5.837,-1.40273,2.484,-5.836,-1.40593,2
42011,386984,10,3,3,0,0,0,1,5,0,0,15.002,-143.111,-1.40602,-0.000,45.644,16.252,43.050,49.274,17.116,48.756,1488.084,2.407,-5.837,-1.40290,2.484,-5.835,-1.40585,2
42027,386994,10,3,3,0,0,0,1,5,0,0,15.002,-143.111,-1.40614,-0.000,45.644,16.252,43.050,49.274,17.116,48.756,1488.084,2.407,-5.837,-1.40301,2.484,-5.836,-1.40602,2
42027,387004,10,3,3,0,0,0,1,5,0,0,15.002,-143.111,-1.40633,-0.000,45.644,16.252,43.050,49.274,17.116,48.756,1488.084,2.407,-5.837,-1.40320,2.484,-5.836,-1.40613,2
42042,387014,10,3,3,0,0,0,1,5,0,0,15.002,-143.111,-1.40644,-0.000,45.644,16.252,43.050,49.274,17.116,48.756,1488.084,2.407,-5.837,-1.40332,2.484,-5.836,-1.40632,2
42058,387024,10,3,3,0,0,0,1,5,0,0,15.002,-143.111,-1.40645,-0.000,45.644,16.252,43.050,49.274,17.116,48.756,1488.084,2.407,-5.837,-1.40333,2.484,-5.836,-1.40644,2
42058,387034,10,3,3,0,0,0,1,5,0,0,15.002,-143.111,-1.40641,-0.000,45.644,16.252,43.050,49.274,17.116,48.756,1488.084,2.407,-5.837,-1.40329,2.484,-5.836,-1.40645,2
42073,387044,10,3,3,0,0,0,1,5,0,0,15.002,-143.111,-1.40623,-0.000,45.644,16.252,43.050,49.274,17.116,48.756,1488.084,2.407,-5.837,-1.40311,2.484,-5.836,-1.40641,2
42089,387054,10,3,3,0,0,0,1,5,0,0,15.002,-143.111,-1.40636,-0.000,45.644,16.252,43.050,49.274,17.116,48.756,1488.084,2.407,-5.837,-1.40324,2.484,-5.836,-1.40623,2
42089,387064,10,3,3,0,0,0,1,5,0,0,15.002,-143.111,-1.40634,-0.000,45.644,16.252,43.050,49.274,17.116,48.756,1488.084,2.407,-5.837,-1.40322,2.484,-5.836,-1.40636,2
42104,387074,10,3,3,0,0,0,1,5,0,0,15.002,-143.111,-1.40641,-0.000,45.644,16.252,43.050,49.274,17.116,48.756,1488.084,2.407,-5.837,-1.40329,2.484,-5.836,-1.40634,2
42120,387084,10,3,3,0,0,0,1,5,0,0,15.002,-143.111,-1.40647,-0.000,45.644,16.252,43.050,49.274,17.116,48.756,1488.084,2.407,-5.837,-1.40335,2.484,-5.836,-1.40641,2
42120,387094,10,3,3,0,0,0,1,5,0,0,15.002,-143.111,-1.40675,-0.000,45.644,16.252,43.050,49.274,17.116,48.756,1488.084,2.406,-5.837,-1.40362,2.484,-5.836,-1.40647,2
42136,387104,10,3,3,0,0,0,1,5,0,0,15.002,-143.111,-1.40662,-0.000,45.644,16.252,43.050,49.274,17.116,48.756,1488.084,2.406,-5.837,-1.40350,2.483,-5.836,-1.40675,2
42136,387114,10,3,3,0,0,0,1,5,0,0,15.002,-143.111,-1.40649,-0.000,45.644,16.252,43.050,49.274,17.116,48.756,1488.084,2.407,-5.837,-1.40337,2.483,-5.836,-1.40662,2
42151,387124,10,3,3,0,0,0,1,5,0,0,15.002,-143.111,-1.40655,-0.000,45.644,16.252,43.050,49.274,17.116,48.756,1488.084,2.407,-5.837,-1.40343,2.484,-5.836,-1.40649,2
42167,387134,10,3,3,0,0,0,1,5,0,0,15.002,-143.111,-1.40658,-0.000,45.644,16.252,43.050,49.274,17.116,48.756,1488.084,2.407,-5.837,-1.40346,2.484,-5.836,-1.40655,2
42167,387144,10,3,3,0,0,0,1,5,0,0,15.002,-143.111,-1.40674,-0.000,45.644,16.252,43.050,49.274,17.116,48.756,1488.084,2.406,-5.837,-1.40362,2.483,-5.836,-1.40658,2
42182,387154,10,3,3,0,0,0,1,5,0,0,15.002,-143.111,-1.40675,-0.000,45.644,16.252,43.050,49.274,17.116,48.756,1488.084,2.406,-5.837,-1.40363,2.483,-5.836,-1.40674,2
42198,387164,10,3,3,0,0,0,1,5,0,0,15.002,-143.111,-1.40687,-0.000,45.644,16.252,43.050,49.274,17.116,48.756,1488.084,2.406,-5.837,-1.40375,2.483,-5.836,-1.40675,2
42198,387174,10,3,3,0,0,0,1,5,0,0,15.002,-143.111,-1.40689,-0.000,45.644,16.252,43.050,49.274,17.116,48.756,1488.084,2.406,-5.837,-1.40377,2.483,-5.836,-1.40687,2
42213,387184,10,3,3,0,0,0,1,5,0,0,15.002,-143.111,-1.40710,-0.000,45.644,16.252,43.050,49.274,17.116,48.756,1488.084,2.406,-5.837,-1.40398,2.483,-5.836,-1.40689,2
42228,387194,10,3,3,0,0,0,1,5,0,0,15.002,-143.111,-1.40702,-0.000,45.644,16.252,43.050,49.274,17.116,48.756,1488.084,2.406,-5.837,-1.40390,2.483,-5.836,-1.40710,2
42228,387204,10,3,3,0,0,0,1,5,0,0,15.002,-143.111,-1.40698,-0.000,45.644,16.252,43.050,49.274,17.116,48.756,1488.084,2.406,-5.837,-1.40386,2.483,-5.836,-1.40702,2
42244,387214,10,3,3,0,0,0,1,5,0,0,15.002,-143.111,-1.40690,-0.000,45.644,16.252,43.050,49.274,17.116,48.756,1488.084,2.406,-5.837,-1.40378,2.483,-5.836,-1.40698,2
42260,387224,10,3,3,0,0,0,1,5,0,0,15.002,-143.111,-1.40690,-0.000,45.644,16.252,43.050,49.274,17.116,48.756,1488.084,2.406,-5.837,-1.40378,2.483,-5.836,-1.40690,2
42260,387234,10,3,3,0,0,0,1,5,0,0,15.002,-143.111,-1.40653,-0.000,45.644,16.252,43.050,49.274,17.116,48.756,1488.084,2.407,-5.837,-1.40341,2.483,-5.836,-1.40690,2
42276,387244,10,3,3,0,0,0,1,5,0,0,15.002,-143.111,-1.40642,-0.000,45.644,16.252,43.050,49.274,17.116,48.756,1488.084,2.407,-5.837,-1.40330,2.484,-5.836,-1.40653,2
42276,387254,10,3,3,0,0,0,1,5,0,0,15.002,-143.111,-1.40630,-0.000,45.644,16.252,43.050,49.274,17.116,48.756,1488.084,2.407,-5.837,-1.40318,2.484,-5.836,-1.40642,2
42292,387264,10,3,3,0,0,0,1,5,0,0,15.002,-143.111,-1.40649,-0.000,45.644,16.252,43.050,49.274,17.116,48.756,1488.084,2.407,-5.837,-1.40337,2.484,-5.836,-1.40630,2
42308,387274,10,3,3,0,0,0,1,5,0,0,15.002,-143.111,-1.40648,-0.000,45.644,16.252,43.050,49.274,17.116,48.756,1488.084,2.407,-5.837,-1.40336,2.484,-5.836,-1.40649,2
42308,387284,10,3,3,0,0,0,1,5,0,0,15.002,-143.111,-1.40648,-0.000,45.644,16.252,43.050,49.274,17.116,48.756,1488.084,2.407,-5.837,-1.40336,2.484,-5.836,-1.40648,2
42324,387294,10,3,3,0,0,0,1,5,0,0,15.002,-143.111,-1.40645,-0.000,45.644,16.252,43.050,49.274,17.116,48.756,1488.084,2.407,-5.837,-1.40333,2.484,-5.836,-1.40648,2
42339,387304,10,3,3,0,0,0,1,5,0,0,15.002,-143.111,-1.40650,-0.000,45.644,16.252,43.050,49.274,17.116,48.756,1488.084,2.407,-5.837,-1.40338,2.484,-5.836,-1.40645,2
42339,387314,10,3,3,0,0,0,1,5,0,0,15.002,-143.111,-1.40656,-0.000,45.644,16.252,43.050,49.274,17.116,48.756,1488.084,2.407,-5.837,-1.40343,2.484,-5.836,-1.40650,2
42355,387324,10,3,3,0,0,0,1,5,0,0,15.002,-143.111,-1.40656,-0.000,45.644,16.252,43.050,49.274,17.116,48.756,1488.084,2.407,-5.837,-1.40344,2.484,-5.836,-1.40656,2
42355,387334,10,3,3,0,0,0,1,5,0,0,15.002,-143.111,-1.40660,-0.000,45.644,16.252,43.050,49.274,17.116,48.756,1488.084,2.406,-5.837,-1.40348,2.484,-5.836,-1.40656,2
42370,387344,10,3,3,0,0,0,1,5,0,0,15.002,-143.111,-1.40668,-0.000,45.644,16.252,43.050,49.274,17.116,48.756,1488.084,2.406,-5.837,-1.40356,2.483,-5.836,-1.40660,2
42385,387354,10,3,3,0,0,0,1,5,0,0,15.002,-143.111,-1.40645,-0.000,45.644,16.252,43.050,49.274,17.116,48.756,1488.084,2.407,-5.837,-1.40333,2.483,-5.836,-1.40668,2
42385,387364,10,3,3,0,0,0,1,5,0,0,15.002,-143.111,-1.40622,-0.000,45.644,16.252,43.050,49.274,17.116,48.756,1488.084,2.407,-5.837,-1.40310,2.484,-5.836,-1.40645,2
42401,387374,10,3,3,0,0,0,1,5,0,0,15.002,-143.111,-1.40629,-0.000,45.644,16.252,43.050,49.274,17.116,48.756,1488.084,2.407,-5.837,-1.40317,2.484,-5.836,-1.40622,2
42417,387384,10,3,3,0,0,0,1,5,0,0,15.002,-143.111,-1.40656,-0.000,45.644,16.252,43.050,49.274,17.116,48.756,1488.084,2.407,-5.837,-1.40344,2.484,-5.836,-1.40629,2
42417,387394,10,3,3,0,0,0,1,5,0,0,15.002,-143.111,-1.40657,-0.000,45.644,16.252,43.050,49.274,17.116,48.756,1488.084,2.407,-5.837,-1.40345,2.484,-5.836,-1.40656,2
42432,387404,10,3,3,0,0,0,1,5,0,0,15.002,-143.111,-1.40640,-0.000,45.644,16.252,43.050,49.274,17.116,48.756,1488.084,2.407,-5.837,-1.40328,2.484,-5.836,-1.40657,2
42448,387414,10,3,3,0,0,0,1,5,0,0,15.002,-143.111,-1.40637,-0.000,45.644,16.252,43.050,49.274,17.116,48.756,1488.084,2.407,-5.837,-1.40325,2.484,-5.836,-1.40640,2
42448,387424,10,3,3,0,0,0,1,5,0,0,15.002,-143.111,-1.40626,-0.000,45.644,16.252,43.050,49.274,17.116,48.756,1488.084,2.407,-5.837,-1.40314,2.484,-5.836,-1.40637,2
42464,387434,10,3,3,0,0,0,1,5,0,0,15.002,-143.111,-1.40621,-0.000,45.644,16.252,43.050,49.274,17.116,48.756,1488.084,2.407,-5.837,-1.40309,2.484,-5.836,-1.40626,2
42480,387444,10,3,3,0,0,0,1,5,0,0,15.002,-143.111,-1.40622,-0.000,45.644,16.252,43.050,49.274,17.116,48.756,1488.084,2.407,-5.837,-1.40310,2.484,-5.836,-1.40621,2
42480,387454,10,3,3,0,0,0,1,5,0,0,15.002,-143.111,-1.40603,-0.000,45.644,16.252,43.050,49.274,17.116,48.756,1488.084,2.407,-5.837,-1.40291,2.484,-5.836,-1.40622,2
42495,387464,10,3,3,0,0,0,1,5,0,0,15.002,-143.111,-1.40609,-0.000,45.644,16.252,43.050,49.274,17.116,48.756,1488.084,2.407,-5.837,-1.40297,2.484,-5.836,-1.40603,2
42495,387474,10,3,3,0,0,0,1,5,0,0,15.002,-143.111,-1.40608,-0.000,45.644,16.252,43.050,49.274,17.116,48.756,1488.084,2.407,-5.837,-1.40296,2.484,-5.836,-1.40609,2
42511,387484,10,3,3,0,0,0,1,5,0,0,15.002,-143.111,-1.40593,-0.000,45.644,16.252,43.050,49.274,17.116,48.756,1488.084,2.407,-5.837,-1.40281,2.484,-5.836,-1.40608,2
42528,387494,10,3,3,0,0,0,1,5,0,0,15.002,-143.111,-1.40616,-0.000,45.644,16.252,43.050,49.274,17.116,48.756,1488.084,2.407,-5.837,-1.40304,2.484,-5.836,-1.40593,2
42528,387504,10,3,3,0,0,0,1,5,0,0,15.002,-143.111,-1.40626,-0.000,45.644,16.252,43.050,49.274,17.116,48.756,1488.084,2.407,-5.837,-1.40314,2.484,-5.836,-1.40616,2
42543,387514,10,3,3,0,0,0,1,5,0,0,15.002,-143.111,-1.40630,-0.000,45.644,16.252,43.050,49.274,17.116,48.756,1488.084,2.407,-5.837,-1.40318,2.484,-5.836,-1.40626,2
42558,387524,10,3,3,0,0,0,1,5,0,0,15.002,-143.111,-1.40658,-0.000,45.644,16.252,43.050,49.274,17.116,48.756,1488.084,2.407,-5.837,-1.40346,2.484,-5.836,-1.40630,2
42558,387534,10,3,3,0,0,0,1,5,0,0,15.002,-143.111,-1.40646,-0.000,45.644,16.252,43.050,49.274,17.116,48.756,1488.084,2.407,-5.837,-1.40334,2.483,-5.836,-1.40658,2
42574,387544,10,3,3,0,0,0,1,5,0,0,15.002,-143.111,-1.40643,-0.000,45.644,16.252,43.050,49.274,17.116,48.756,1488.084,2.407,-5.837,-1.40331,2.484,-5.836,-1.40646,2
42589,387554,10,3,3,0,0,0,1,5,0,0,15.002,-143.111,-1.40655,-0.000,45.644,16.252,43.050,49.274,17.116,48.756,1488.084,2.407,-5.837,-1.40343,2.484,-5.836,-1.40643,2
42589,387564,10,3,3,0,0,0,1,5,0,0,15.002,-143.111,-1.40674,-0.000,45.644,16.252,43.050,49.274,17.116,48.756,1488.084,2.406,-5.837,-1.40362,2.484,-5.836,-1.40655,2
42605,387574,10,3,3,0,0,0,1,5,0,0,15.002,-143.111,-1.40665,-0.000,45.644,16.252,43.050,49.274,17.116,48.756,1488.084,2.406,-5.837,-1.40353,2.483,-5.836,-1.40674,2
42619,387584,10,3,3,0,0,0,1,5,0,0,15.002,-143.111,-1.40684,-0.000,45.644,16.252,43.050,49.274,17.116,48.756,1488.084,2.406,-5.837,-1.40372,2.483,-5.836,-1.40665,2
42619,387594,10,3,3,0,0,0,1,5,0,0,15.002,-143.111,-1.40678,-0.000,45.644,16.252,43.050,49.274,17.116,48.756,1488.084,2.406,-5.837,-1.40366,2.483,-5.836,-1.40684,2
42635,387604,10,3,3,0,0,0,1,5,0,0,15.002,-143.111,-1.40661,-0.000,45.644,16.252,43.050,49.274,17.116,48.756,1488.084,2.406,-5.837,-1.40349,2.483,-5.836,-1.40678,2
42635,387614,10,3,3,0,0,0,1,5,0,0,15.002,-143.111,-1.40661,-0.000,45.644,16.252,43.050,49.274,17.116,48.756,1488.084,2.406,-5.837,-1.40349,2.483,-5.836,-1.40661,2
42650,387624,10,3,3,0,0,0,1,5,0,0,15.002,-143.111,-1.40665,-0.000,45.644,16.252,43.050,49.274,17.116,48.756,1488.084,2.406,-5.837,-1.40353,2.483,-5.836,-1.40661,2
42666,387634,10,3,3,0,0,0,1,5,0,0,15.002,-143.111,-1.40676,-0.000,45.644,16.252,43.050,49.274,17.116,48.756,1488.084,2.406,-5.837,-1.40364,2.483,-5.836,-1.40665,2
42666,387644,10,3,3,0,0,0,1,5,0,0,15.002,-143.111,-1.40656,-0.000,45.644,16.252,43.050,49.274,17.116,48.756,1488.084,2.407,-5.837,-1.40344,2.483,-5.836,-1.40676,2
42682,387654,10,3,3,0,0,0,1,5,0,0,15.002,-143.111,-1.40647,-0.000,45.644,16.252,43.050,49.274,17.116,48.756,1488.084,2.407,-5.837,-1.40335,2.484,-5.836,-1.40656,2
42697,387664,10,3,3,0,0,0,1,5,0,0,15.002,-143.111,-1.40655,-0.000,45.644,16.252,43.050,49.274,17.116,48.756,1488.084,2.407,-5.837,-1.40343,2.484,-5.836,-1.40647,2
42697,387674,10,3,3,0,0,0,1,5,0,0,15.002,-143.111,-1.40647,-0.000,45.644,16.252,43.050,49.274,17.116,48.756,1488.084,2.407,-5.837,-1.40335,2.484,-5.836,-1.40655,2
42713,387684,10,3,3,0,0,0,1,5,0,0,15.002,-143.111,-1.40661,-0.000,45.644,16.252,43.050,49.274,17.116,48.756,1488.084,2.406,-5.837,-1.40349,2.484,-5.836,-1.40647,2
42728,387694,10,3,3,0,0,0,1,5,0,0,15.002,-143.111,-1.40662,-0.000,45.644,16.252,43.050,49.274,17.116,48.756,1488.084,2.406,-5.837,-1.40350,2.483,-5.836,-1.40661,2
42728,387704,10,3,3,0,0,0,1,5,0,0,15.002,-143.111,-1.40651,-0.000,45.644,16.252,43.050,49.274,17.116,48.756,1488.084,2.407,-5.837,-1.40339,2.483,-5.836,-1.40662,2
42744,387714,10,3,3,0,0,0,1,5,0,0,15.002,-143.111,-1.40671,-0.000,45.644,16.252,43.050,49.274,17.116,48.756,1488.084,2.406,-5.837,-1.40359,2.484,-5.836,-1.40651,2
42760,387724,10,3,3,0,0,0,1,5,0,0,15.002,-143.111,-1.40685,-0.000,45.644,16.252,43.050,49.274,17.116,48.756,1488.084,2.406,-5.837,-1.40373,2.483,-5.836,-1.40671,2
42760,387734,10,3,3,0,0,0,1,5,0,0,15.002,-143.111,-1.40683,-0.000,45.644,16.252,43.050,49.274,17.116,48.756,1488.084,2.406,-5.837,-1.40371,2.483,-5.836,-1.40685,2
42775,387744,10,3,3,0,0,0,1,5,0,0,15.002,-143.111,-1.40668,-0.000,45.644,16.252,43.050,49.274,17.116,48.756,1488.084,2.406,-5.837,-1.40356,2.483,-5.836,-1.40683,2
42775,387754,10,3,3,0,0,0,1,5,0,0,15.002,-143.111,-1.40658,-0.000,45.644,16.252,43.050,49.274,17.116,48.756,1488.084,2.407,-5.837,-1.40346,2.483,-5.836,-1.40668,2
42791,387764,10,3,3,0,0,0,1,5,0,0,15.002,-143.111,-1.40647,-0.000,45.644,16.252,43.050,49.274,17.116,48.756,1488.084,2.407,-5.837,-1.40335,2.483,-5.836,-1.40658,2
42806,387774,10,3,3,0,0,0,1,5,0,0,15.002,-143.111,-1.40672,-0.000,45.644,16.252,43.050,49.274,17.116,48.756,1488.084,2.406,-5.837,-1.40360,2.484,-5.836,-1.40647,2
42806,387784,10,3,3,0,0,0,1,5,0,0,15.002,-143.111,-1.40672,-0.000,45.644,16.252,43.050,49.274,17.116,48.756,1488.084,2.406,-5.837,-1.40360,2.483,-5.836,-1.40672,2
42822,387794,10,3,3,0,0,0,1,5,0,0,15.002,-143.111,-1.40656,-0.000,45.644,16.252,43.050,49.274,17.116,48.756,1488.084,2.407,-5.837,-1.40344,2.483,-5.836,-1.40672,2
42838,387804,10,3,3,0,0,0,1,5,0,0,15.002,-143.111,-1.40648,-0.000,45.644,16.252,43.050,49.274,17.116,48.756,1488.084,2.407,-5.837,-1.40335,2.484,-5.836,-1.40656,2
42838,387814,10,3,3,0,0,0,1,5,0,0,15.002,-143.111,-1.40656,-0.000,45.644,16.252,43.050,49.274,17.116,48.756,1488.084,2.407,-5.837,-1.40344,2.484,-5.836,-1.40648,2
42854,387824,10,3,3,0,0,0,1,5,0,0,15.002,-143.111,-1.40664,-0.000,45.644,16.252,43.050,49.274,17.116,48.756,1488.084,2.406,-5.837,-1.40352,2.484,-5.836,-1.40656,2
42868,387834,10,3,3,0,0,0,1,5,0,0,15.002,-143.111,-1.40655,-0.000,45.644,16.252,43.050,49.274,17.116,48.756,1488.084,2.407,-5.837,-1.40343,2.483,-5.836,-1.40664,2
42868,387844,10,3,3,0,0,0,1,5,0,0,15.002,-143.111,-1.40623,-0.000,45.644,16.252,43.050,49.274,17.116,48.756,1488.084,2.407,-5.837,-1.40311,2.484,-5.836,-1.40655,2
42883,387854,10,3,3,0,0,0,1,5,0,0,15.002,-143.111,-1.40637,-0.000,45.644,16.252,43.050,49.274,17.116,48.756,1488.084,2.407,-5.837,-1.40324,2.484,-5.836,-1.40623,2
42899,387864,10,3,3,0,0,0,1,5,0,0,15.002,-143.111,-1.40632,-0.000,45.644,16.252,43.050,49.274,17.116,48.756,1488.084,2.407,-5.837,-1.40320,2.484,-5.836,-1.40637,2
42899,387874,10,3,3,0,0,0,1,5,0,0,15.002,-143.111,-1.40624,-0.000,45.644,16.252,43.050,49.274,17.116,48.756,1488.084,2.407,-5.837,-1.40312,2.484,-5.836,-1.40632,2
42914,387884,10,3,3,0,0,0,1,5,0,0,15.002,-143.111,-1.40642,-0.000,45.644,16.252,43.050,49.274,17.116,48.756,1488.084,2.407,-5.837,-1.40330,2.484,-5.836,-1.40624,2
42930,387894,10,3,3,0,0,0,1,5,0,0,15.002,-143.111,-1.40627,-0.000,45.644,16.252,43.050,49.274,17.116,48.756,1488.084,2.407,-5.837,-1.40315,2.484,-5.836,-1.40642,2
42930,387904,10,3,3,0,0,0,1,5,0,0,15.002,-143.111,-1.40627,-0.000,45.644,16.252,43.050,49.274,17.116,48.756,1488.084,2.407,-5.837,-1.40315,2.484,-5.836,-1.40627,2
42946,387914,10,3,3,0,0,0,1,5,0,0,15.002,-143.111,-1.40636,-0.000,45.644,16.252,43.050,49.274,17.116,48.756,1488.084,2.407,-5.837,-1.40324,2.484,-5.836,-1.40627,2
42946,387924,10,3,3,0,0,0,1,5,0,0,15.002,-143.111,-1.40638,-0.000,45.644,16.252,43.050,49.274,17.116,48.756,1488.084,2.407,-5.837,-1.40326,2.484,-5.836,-1.40636,2
42961,387934,10,3,3,0,0,0,1,5,0,0,15.002,-143.111,-1.40627,-0.000,45.644,16.252,43.050,49.274,17.116,48.756,1488.084,2.407,-5.837,-1.40315,2.484,-5.836,-1.40638,2
42976,387944,10,3,3,0,0,0,1,5,0,0,15.002,-143.111,-1.40624,-0.000,45.644,16.252,43.050,49.274,17.116,48.756,1488.084,2.407,-5.837,-1.40312,2.484,-5.836,-1.40627,2
42976,387954,10,3,3,0,0,0,1,5,0,0,15.002,-143.111,-1.40623,-0.000,45.644,16.252,43.050,49.274,17.116,48.756,1488.084,2.407,-5.837,-1.40311,2.484,-5.836,-1.40624,2
42992,387964,10,3,3,0,0,0,1,5,0,0,15.002,-143.111,-1.40625,-0.000,45.644,16.252,43.050,49.274,17.116,48.756,1488.084,2.407,-5.837,-1.40313,2.484,-5.836,-1.40623,2
43007,387974,10,3,3,0,0,0,1,5,0,0,15.002,-143.111,-1.40625,-0.000,45.644,16.252,43.050,49.274,17.116,48.756,1488.084,2.407,-5.837,-1.40313,2.484,-5.836,-1.40625,2
43007,387984,10,3,3,0,0,0,1,5,0,0,15.002,-143.111,-1.40615,-0.000,45.644,16.252,43.050,49.274,17.116,48.756,1488.084,2.407,-5.837,-1.40303,2.484,-5.836,-1.40625,2
43023,387994,10,3,3,0,0,0,1,5,0,0,15.002,-143.111,-1.40639,-0.000,45.644,16.252,43.050,49.274,17.116,48.756,1488.084,2.407,-5.837,-1.40327,2.484,-5.836,-1.40615,2
43039,388004,10,3,3,0,0,0,1,5,0,0,15.002,-143.111,-1.40628,-0.000,45.644,16.252,43.050,49.274,17.116,48.756,1488.084,2.407,-5.837,-1.40316,2.484,-5.836,-1.40639,2
43039,388014,10,3,3,0,0,0,1,5,0,0,15.002,-143.111,-1.40653,-0.000,45.644,16.252,43.050,49.274,17.116,48.756,1488.084,2.407,-5.837,-1.40340,2.484,-5.836,-1.40628,2
43054,388024,10,3,3,0,0,0,1,5,0,0,15.002,-143.111,-1.40660,-0.000,45.644,16.252,43.050,49.274,17.116,48.756,1488.084,2.406,-5.837,-1.40348,2.484,-5.836,-1.40652,2
43069,388034,10,3,3,0,0,0,1,5,0,0,15.002,-143.111,-1.40645,-0.000,45.644,16.252,43.050,49.274,17.116,48.756,1488.084,2.407,-5.837,-1.40333,2.483,-5.836,-1.40660,2
43069,388044,10,3,3,0,0,0,1,5,0,0,15.002,-143.111,-1.40628,-0.000,45.644,16.252,43.050,49.274,17.116,48.756,1488.084,2.407,-5.837,-1.40316,2.484,-5.836,-1.40645,2
43084,388054,10,3,3,0,0,0,1,5,0,0,15.002,-143.111,-1.40651,-0.000,45.644,16.252,43.050,49.274,17.116,48.756,1488.084,2.407,-5.837,-1.40339,2.484,-5.836,-1.40628,2
43100,388064,10,3,3,0,0,0,1,5,0,0,15.002,-143.111,-1.40665,-0.000,45.644,16.252,43.050,49.274,17.116,48.756,1488.084,2.406,-5.837,-1.40353,2.484,-5.836,-1.40651,2
43100,388074,10,3,3,0,0,0,1,5,0,0,15.002,-143.111,-1.40660,-0.000,45.644,16.252,43.050,49.274,17.116,48.756,1488.084,2.406,-5.837,-1.40348,2.483,-5.836,-1.40665,2
43115,388084,10,3,3,0,0,0,1,5,0,0,15.002,-143.111,-1.40652,-0.000,45.644,16.252,43.050,49.274,17.116,48.756,1488.084,2.407,-5.837,-1.40340,2.483,-5.836,-1.40660,2
43130,388094,10,3,3,0,0,0,1,5,0,0,15.002,-143.111,-1.40656,-0.000,45.644,16.252,43.050,49.274,17.116,48.756,1488.084,2.407,-5.837,-1.40344,2.484,-5.836,-1.40652,2
43130,388104,10,3,3,0,0,0,1,5,0,0,15.002,-143.111,-1.40657,-0.000,45.644,16.252,43.050,49.274,17.116,48.756,1488.084,2.407,-5.837,-1.40345,2.484,-5.836,-1.40656,2
43146,388114,10,3,3,0,0,0,1,5,0,0,15.002,-143.111,-1.40652,-0.000,45.644,16.252,43.050,49.274,17.116,48.756,1488.084,2.407,-5.837,-1.40340,2.484,-5.836,-1.40657,2
43146,388124,10,3,3,0,0,0,1,5,0,0,15.002,-143.111,-1.40634,-0.000,45.644,16.252,43.050,49.274,17.116,48.756,1488.084,2.407,-5.837,-1.40322,2.484,-5.836,-1.40652,2
43162,388134,10,3,3,0,0,0,1,5,0,0,15.002,-143.111,-1.40640,-0.000,45.644,16.252,43.050,49.274,17.116,48.756,1488.084,2.407,-5.837,-1.40328,2.484,-5.836,-1.40634,2
43177,388144,10,3,3,0,0,0,1,5,0,0,15.002,-143.111,-1.40646,-0.000,45.644,16.252,43.050,49.274,17.116,48.756,1488.084,2.407,-5.837,-1.40334,2.484,-5.836,-1.40640,2
43177,388154,10,3,3,0,0,0,1,5,0,0,15.002,-143.111,-1.40639,-0.000,45.644,16.252,43.050,49.274,17.116,48.756,1488.084,2.407,-5.837,-1.40327,2.484,-5.836,-1.40646,2
43192,388164,10,3,3,0,0,0,1,5,0,0,15.002,-143.111,-1.40650,-0.000,45.644,16.252,43.050,49.274,17.116,48.756,1488.084,2.407,-5.837,-1.40338,2.484,-5.836,-1.40639,2
43208,388174,10,3,3,0,0,0,1,5,0,0,15.002,-143.111,-1.40661,-0.000,45.644,16.252,43.050,49.274,17.116,48.756,1488.084,2.406,-5.837,-1.40349,2.484,-5.836,-1.40650,2
43208,388184,10,3,3,0,0,0,1,5,0,0,15.002,-143.111,-1.40646,-0.000,45.644,16.252,43.050,49.274,17.116,48.756,1488.084,2.407,-5.837,-1.40334,2.483,-5.836,-1.40661,2
43224,388194,10,3,3,0,0,0,1,5,0,0,15.002,-143.111,-1.40643,-0.000,45.644,16.252,43.050,49.274,17.116,48.756,1488.084,2.407,-5.837,-1.40331,2.484,-5.836,-1.40646,2
43239,388204,10,3,3,0,0,0,1,5,0,0,15.002,-143.111,-1.40646,-0.000,45.644,16.252,43.050,49.274,17.116,48.756,1488.084,2.407,-5.837,-1.40334,2.484,-5.836,-1.40643,2
43239,388214,10,3,3,0,0,0,1,5,0,0,15.002,-143.111,-1.40665,-0.000,45.644,16.252,43.050,49.274,17.116,48.756,1488.084,2.406,-5.837,-1.40353,2.484,-5.836,-1.40646,2
43255,388224,10,3,3,0,0,0,1,5,0,0,15.002,-143.111,-1.40682,-0.000,45.644,16.252,43.050,49.274,17.116,48.756,1488.084,2.406,-5.837,-1.40369,2.483,-5.836,-1.40665,2
43270,388234,10,3,3,0,0,0,1,5,0,0,15.002,-143.111,-1.40674,-0.000,45.644,16.252,43.050,49.274,17.116,48.756,1488.084,2.406,-5.837,-1.40362,2.483,-5.836,-1.40681,2
43270,388244,10,3,3,0,0,0,1,5,0,0,15.002,-143.111,-1.40666,-0.000,45.644,16.252,43.050,49.274,17.116,48.756,1488.084,2.406,-5.837,-1.40354,2.483,-5.836,-1.40674,2
43286,388254,10,3,3,0,0,0,1,5,0,0,15.002,-143.111,-1.40672,-0.000,45.644,16.252,43.050,49.274,17.116,48.756,1488.084,2.406,-5.837,-1.40360,2.483,-5.836,-1.40666,2
43286,388264,10,3,3,0,0,0,1,5,0,0,15.002,-143.111,-1.40658,-0.000,45.644,16.252,43.050,49.274,17.116,48.756,1488.084,2.407,-5.837,-1.40346,2.483,-5.836,-1.40672,2
43300,388274,10,3,3,0,0,0,1,5,0,0,15.002,-143.111,-1.40663,-0.000,45.644,16.252,43.050,49.274,17.116,48.756,1488.084,2.406,-5.837,-1.40351,2.483,-5.836,-1.40658,2
43316,388284,10,3,3,0,0,0,1,5,0,0,15.002,-143.111,-1.40673,-0.000,45.644,16.252,43.050,49.274,17.116,48.756,1488.084,2.406,-5.837,-1.40361,2.483,-5.836,-1.40663,2
43316,388294,10,3,3,0,0,0,1,5,0,0,15.002,-143.111,-1.40677,-0.000,45.644,16.252,43.050,49.274,17.116,48.756,1488.084,2.406,-5.837,-1.40365,2.483,-5.836,-1.40673,2
43331,388304,10,3,3,0,0,0,1,5,0,0,15.002,-143.111,-1.40661,-0.000,45.644,16.252,43.050,49.274,17.116,48.756,1488.084,2.406,-5.837,-1.40349,2.483,-5.836,-1.40677,2
43347,388314,10,3,3,0,0,0,1,5,0,0,15.002,-143.111,-1.40669,-0.000,45.644,16.252,43.050,49.274,17.116,48.756,1488.084,2.406,-5.837,-1.40357,2.483,-5.836,-1.40661,2
43347,388324,10,3,3,0,0,0,1,5,0,0,15.002,-143.111,-1.40669,-0.000,45.644,16.252,43.050,49.274,17.116,48.756,1488.084,2.406,-5.837,-1.40357,2.483,-5.836,-1.40669,2
43363,388334,10,3,3,0,0,0,1,5,0,0,15.002,-143.111,-1.40672,-0.000,45.644,16.252,43.050,49.274,17.116,48.756,1488.084,2.406,-5.837,-1.40359,2.483,-5.836,-1.40669,2
43378,388344,10,3,3,0,0,0,1,5,0,0,15.002,-143.111,-1.40675,-0.000,45.644,16.252,43.050,49.274,17.116,48.756,1488.084,2.406,-5.837,-1.40363,2.483,-5.836,-1.40672,2
43378,388354,10,3,3,0,0,0,1,5,0,0,15.002,-143.111,-1.40667,-0.000,45.644,16.252,43.050,49.274,17.116,48.756,1488.084,2.406,-5.837,-1.40355,2.483,-5.836,-1.40675,2
43393,388364,10,3,3,0,0,0,1,5,0,0,15.002,-143.111,-1.40670,-0.000,45.644,16.252,43.050,49.274,17.116,48.756,1488.084,2.406,-5.837,-1.40358,2.483,-5.836,-1.40667,2
43409,388374,10,3,3,0,0,0,1,5,0,0,15.002,-143.111,-1.40684,-0.000,45.644,16.252,43.050,49.274,17.116,48.756,1488.084,2.406,-5.837,-1.40372,2.483,-5.836,-1.40670,2
43409,388384,10,3,3,0,0,0,1,5,0,0,15.002,-143.111,-1.40662,-0.000,45.644,16.252,43.050,49.274,17.116,48.756,1488.084,2.406,-5.837,-1.40350,2.483,-5.836,-1.40684,2
43425,388394,10,3,3,0,0,0,1,5,0,0,15.002,-143.111,-1.40660,-0.000,45.644,16.252,43.050,49.274,17.116,48.756,1488.084,2.406,-5.837,-1.40348,2.483,-5.836,-1.40662,2
43440,388404,10,3,3,0,0,0,1,5,0,0,15.002,-143.111,-1.40638,-0.000,45.644,16.252,43.050,49.274,17.116,48.756,1488.084,2.407,-5.837,-1.40326,2.483,-5.836,-1.40660,2
43440,388414,10,3,3,0,0,0,1,5,0,0,15.002,-143.111,-1.40636,-0.000,45.644,16.252,43.050,49.274,17.116,48.756,1488.084,2.407,-5.837,-1.40324,2.484,-5.836,-1.40638,2
43456,388424,10,3,3,0,0,0,1,5,0,0,15.037,-143.111,-1.40624,-0.000,45.644,16.252,43.050,49.274,17.116,48.756,1488.084,2.406,-5.802,-1.40312,2.484,-5.836,-1.40636,2
43456,388434,10,3,3,0,0,0,1,5,0,0,15.037,-143.111,-1.40650,-0.000,45.644,16.252,43.050,49.274,17.116,48.756,1488.084,2.406,-5.802,-1.40338,2.483,-5.800,-1.40624,2
43472,388444,10,3,3,0,0,0,1,5,0,0,15.037,-143.111,-1.40627,-0.000,45.644,16.252,43.050,49.274,17.116,48.756,1488.084,2.406,-5.802,-1.40315,2.483,-5.800,-1.40650,2
43487,388454,10,3,3,0,0,0,1,5,0,0,15.037,-143.111,-1.40616,-0.000,45.644,16.252,43.050,49.274,17.116,48.756,1488.084,2.406,-5.802,-1.40304,2.483,-5.800,-1.40627,2
43487,388464,10,3,3,0,0,0,1,5,0,0,15.037,-143.111,-1.40612,-0.000,45.644,16.252,43.050,49.274,17.116,48.756,1488.084,2.406,-5.802,-1.40300,2.483,-5.800,-1.40616,2
43503,388474,10,3,3,0,0,0,1,5,0,0,15.037,-143.111,-1.40646,-0.000,45.644,16.252,43.050,49.274,17.116,48.756,1488.084,2.406,-5.802,-1.40334,2.483,-5.800,-1.40612,2
43519,388484,10,3,3,0,0,0,1,5,0,0,15.037,-143.111,-1.40651,-0.000,45.644,16.252,43.050,49.274,17.116,48.756,1488.084,2.406,-5.802,-1.40339,2.483,-5.800,-1.40646,2
43519,388494,10,3,3,0,0,0,1,5,0,0,15.037,-143.111,-1.40633,-0.000,45.644,16.252,43.050,49.274,17.116,48.756,1488.084,2.406,-5.802,-1.40321,2.483,-5.800,-1.40651,2
43534,388504,10,3,3,0,0,0,1,5,0,0,15.037,-143.111,-1.40642,-0.000,45.644,16.252,43.050,49.274,17.116,48.756,1488.084,2.406,-5.802,-1.40330,2.483,-5.800,-1.40633,2
43549,388514,10,3,3,0,0,0,1,5,0,0,15.037,-143.111,-1.40619,-0.000,45.644,16.252,43.050,49.274,17.116,48.756,1488.084,2.406,-5.802,-1.40307,2.483,-5.800,-1.40642,2
43549,388524,10,3,3,0,0,0,1,5,0,0,15.037,-143.111,-1.40627,-0.000,45.644,16.252,43.050,49.274,17.116,48.756,1488.084,2.406,-5.802,-1.40315,2.483,-5.800,-1.40619,2
43565,388534,10,3,3,0,0,0,1,5,0,0,15.037,-143.111,-1.40620,-0.000,45.644,16.252,43.050,49.274,17.116,48.756,1488.084,2.406,-5.802,-1.40308,2.483,-5.800,-1.40627,2
43580,388544,10,3,3,0,0,0,1,5,0,0,15.037,-143.111,-1.40633,-0.000,45.644,16.252,43.050,49.274,17.116,48.756,1488.084,2.406,-5.802,-1.40321,2.483,-5.800,-1.40620,2
43580,388554,10,3,3,0,0,0,1,5,0,0,15.037,-143.111,-1.40614,-0.000,45.644,16.252,43.050,49.274,17.116,48.756,1488.084,2.406,-5.802,-1.40302,2.483,-5.800,-1.40633,2
43595,388564,10,3,3,0,0,0,1,5,0,0,15.037,-143.111,-1.40589,-0.000,45.644,16.252,43.050,49.274,17.116,48.756,1488.084,2.406,-5.802,-1.40277,2.483,-5.800,-1.40614,2
43595,388574,10,3,3,0,0,0,1,5,0,0,15.037,-143.111,-1.40617,-0.000,45.644,16.252,43.050,49.274,17.116,48.756,1488.084,2.406,-5.802,-1.40305,2.483,-5.800,-1.40589,2
43611,388584,10,3,3,0,0,0,1,5,0,0,15.037,-143.111,-1.40629,-0.000,45.644,16.252,43.050,49.274,17.116,48.756,1488.084,2.406,-5.802,-1.40317,2.483,-5.800,-1.40617,2
43626,388594,10,3,3,0,0,0,1,5,0,0,15.037,-143.111,-1.40617,-0.000,45.644,16.252,43.050,49.274,17.116,48.756,1488.084,2.406,-5.802,-1.40305,2.483,-5.800,-1.40629,2
43626,388604,10,3,3,0,0,0,1,5,0,0,15.037,-143.111,-1.40609,-0.000,45.644,16.252,43.050,49.274,17.116,48.756,1488.084,2.406,-5.802,-1.40297,2.483,-5.800,-1.40617,2
43641,388614,10,3,3,0,0,0,1,5,0,0,15.037,-143.111,-1.40618,-0.000,45.644,16.252,43.050,49.274,17.116,48.756,1488.084,2.406,-5.802,-1.40306,2.483,-5.800,-1.40609,2
43656,388624,10,3,3,0,0,0,1,5,0,0,15.037,-143.111,-1.40624,-0.000,45.644,16.252,43.050,49.274,17.116,48.756,1488.084,2.406,-5.802,-1.40312,2.483,-5.800,-1.40618,2
43656,388634,10,3,3,0,0,0,1,5,0,0,15.037,-143.111,-1.40617,-0.000,45.644,16.252,43.050,49.274,17.116,48.756,1488.084,2.406,-5.802,-1.40305,2.483,-5.800,-1.40624,2
43672,388644,10,3,3,0,0,0,1,5,0,0,15.037,-143.111,-1.40623,-0.000,45.644,16.252,43.050,49.274,17.116,48.756,1488.084,2.406,-5.802,-1.40311,2.483,-5.800,-1.40617,2
43688,388654,10,3,3,0,0,0,1,5,0,0,14.962,-143.111,-1.40638,-0.000,45.644,16.252,43.050,49.274,17.116,48.756,1488.084,2.408,-5.877,-1.40326,2.483,-5.800,-1.40623,2
43688,388664,10,3,3,0,0,0,1,5,0,0,15.037,-143.111,-1.40649,-0.000,45.644,16.252,43.050,49.274,17.116,48.756,1488.084,2.406,-5.802,-1.40337,2.485,-5.876,-1.40638,2
43704,388674,10,3,3,0,0,0,1,5,0,0,15.037,-143.111,-1.40622,-0.000,45.644,16.252,43.050,49.274,17.116,48.756,1488.084,2.406,-5.802,-1.40310,2.483,-5.800,-1.40649,2
43719,388684,10,3,3,0,0,0,1,5,0,0,15.037,-143.111,-1.40627,-0.000,45.644,16.252,43.050,49.274,17.116,48.756,1488.084,2.406,-5.802,-1.40315,2.483,-5.800,-1.40622,2
43719,388694,10,3,3,0,0,0,1,5,0,0,15.037,-143.111,-1.40638,-0.000,45.644,16.252,43.050,49.274,17.116,48.756,1488.084,2.406,-5.802,-1.40326,2.483,-5.800,-1.40627,2
43735,388704,10,3,3,0,0,0,1,5,0,0,15.037,-143.111,-1.40650,-0.000,45.644,16.252,43.050,49.274,17.116,48.756,1488.084,2.406,-5.802,-1.40338,2.483,-5.800,-1.40638,2
43750,388714,10,3,3,0,0,0,1,5,0,0,15.037,-143.111,-1.40667,-0.000,45.644,16.252,43.050,49.274,17.116,48.756,1488.084,2.406,-5.802,-1.40355,2.483,-5.800,-1.40650,2
43750,388724,10,3,3,0,0,0,1,5,0,0,15.037,-143.111,-1.40677,-0.000,45.644,16.252,43.050,49.274,17.116,48.756,1488.084,2.405,-5.802,-1.40365,2.483,-5.800,-1.40667,2
43780,388734,10,3,3,0,0,0,1,5,0,0,15.037,-143.111,-1.40678,-0.000,45.644,16.252,43.050,49.274,17.116,48.756,1488.084,2.405,-5.802,-1.40366,2.482,-5.800,-1.40677,2
43780,388744,10,3,3,0,0,0,1,5,0,0,15.037,-143.111,-1.40688,-0.000,45.644,16.252,43.050,49.274,17.116,48.756,1488.084,2.405,-5.802,-1.40376,2.482,-5.800,-1.40678,2
43780,388754,10,3,3,0,0,0,1,5,0,0,15.037,-143.111,-1.40674,-0.000,45.644,16.252,43.050,49.274,17.116,48.756,1488.084,2.405,-5.802,-1.40362,2.482,-5.800,-1.40688,2
43795,388764,10,3,3,0,0,0,1,5,0,0,15.037,-143.111,-1.40660,-0.000,45.644,16.252,43.050,49.274,17.116,48.756,1488.084,2.406,-5.802,-1.40348,2.482,-5.800,-1.40674,2
43795,388774,10,3,3,0,0,0,1,5,0,0,15.037,-143.111,-1.40650,-0.000,45.644,16.252,43.050,49.274,17.116,48.756,1488.084,2.406,-5.802,-1.40338,2.483,-5.800,-1.40660,2
43828,388784,10,3,3,0,0,0,1,5,0,0,15.037,-143.111,-1.40673,-0.000,45.644,16.252,43.050,49.274,17.116,48.756,1488.084,2.405,-5.802,-1.40361,2.483,-5.800,-1.40650,2
43828,388794,10,3,3,0,0,0,1,5,0,0,15.037,-143.111,-1.40692,-0.000,45.644,16.252,43.050,49.274,17.116,48.756,1488.084,2.405,-5.802,-1.40380,2.482,-5.800,-1.40673,2
43828,388804,10,3,3,0,0,0,1,5,0,0,15.037,-143.111,-1.40675,-0.000,45.644,16.252,43.050,49.274,17.116,48.756,1488.084,2.405,-5.802,-1.40363,2.482,-5.800,-1.40692,2
43858,388814,10,3,3,0,0,0,1,5,0,0,15.037,-143.111,-1.40694,-0.000,45.644,16.252,43.050,49.274,17.116,48.756,1488.084,2.405,-5.802,-1.40382,2.482,-5.800,-1.40675,2
43858,388824,10,3,3,0,0,0,1,5,0,0,15.037,-143.111,-1.40678,-0.000,45.644,16.252,43.050,49.274,17.116,48.756,1488.084,2.405,-5.802,-1.40366,2.482,-5.800,-1.40694,2
43858,388834,10,3,3,0,0,0,1,5,0,0,15.037,-143.111,-1.40674,-0.000,45.644,16.252,43.050,49.274,17.116,48.756,1488.084,2.405,-5.802,-1.40362,2.482,-5.800,-1.40678,2
43890,388844,10,3,3,0,0,0,1,5,0,0,15.037,-143.111,-1.40632,-0.000,45.644,16.252,43.050,49.274,17.116,48.756,1488.084,2.406,-5.802,-1.40320,2.482,-5.800,-1.40674,2
43890,388854,10,3,3,0,0,0,1,5,0,0,15.037,-143.111,-1.40640,-0.000,45.644,16.252,43.050,49.274,17.116,48.756,1488.084,2.406,-5.802,-1.40328,2.483,-5.800,-1.40632,2
43890,388864,10,3,3,0,0,0,1,5,0,0,15.037,-143.111,-1.40633,-0.000,45.644,16.252,43.050,49.274,17.116,48.756,1488.084,2.406,-5.802,-1.40321,2.483,-5.800,-1.40640,2
43920,388874,10,3,3,0,0,0,1,5,0,0,15.037,-143.111,-1.40616,-0.000,45.644,16.252,43.050,49.274,17.116,48.756,1488.084,2.406,-5.802,-1.40304,2.483,-5.800,-1.40633,2
43920,388884,10,3,3,0,0,0,1,5,0,0,15.037,-143.111,-1.40628,-0.000,45.644,16.252,43.050,49.274,17.116,48.756,1488.084,2.406,-5.802,-1.40316,2.483,-5.800,-1.40616,2
43920,388894,10,3,3,0,0,0,1,5,0,0,15.037,-143.111,-1.40657,-0.000,45.644,16.252,43.050,49.274,17.116,48.756,1488.084,2.406,-5.802,-1.40345,2.483,-5.800,-1.40628,2
43935,388904,10,3,3,0,0,0,1,5,0,0,15.037,-143.111,-1.40676,-0.000,45.644,16.252,43.050,49.274,17.116,48.756,1488.084,2.405,-5.802,-1.40364,2.483,-5.800,-1.40657,2
43935,388914,10,3,3,0,0,0,1,5,0,0,15.037,-143.111,-1.40681,-0.000,45.644,16.252,43.050,49.274,17.116,48.756,1488.084,2.405,-5.802,-1.40369,2.482,-5.800,-1.40676,2
43951,388924,10,3,3,0,0,0,1,5,0,0,15.037,-143.111,-1.40678,-0.000,45.644,16.252,43.050,49.274,17.116,48.756,1488.084,2.405,-5.802,-1.40366,2.482,-5.800,-1.40681,2
43968,388934,10,3,3,0,0,0,1,5,0,0,15.037,-143.111,-1.40681,-0.000,45.644,16.252,43.050,49.274,17.116,48.756,1488.084,2.405,-5.802,-1.40368,2.482,-5.800,-1.40678,2
43968,388944,10,3,3,0,0,0,1,5,0,0,15.037,-143.111,-1.40681,-0.000,45.644,16.252,43.050,49.274,17.116,48.756,1488.084,2.405,-5.802,-1.40369,2.482,-5.800,-1.40680,2
43998,388954,10,3,3,0,0,0,1,5,0,0,15.037,-143.111,-1.40679,-0.000,45.644,16.252,43.050,49.274,17.116,48.756,1488.084,2.405,-5.802,-1.40367,2.482,-5.800,-1.40681,2
43998,388964,10,3,3,0,0,0,1,5,0,0,15.037,-143.111,-1.40689,-0.000,45.644,16.252,43.050,49.274,17.116,48.756,1488.084,2.405,-5.802,-1.40377,2.482,-5.800,-1.40679,2
43998,388974,10,3,3,0,0,0,1,5,0,0,15.037,-143.111,-1.40687,-0.000,45.644,16.252,43.050,49.274,17.116,48.756,1488.084,2.405,-5.802,-1.40375,2.482,-5.800,-1.40689,2
44014,388984,10,3,3,0,0,0,1,5,0,0,15.037,-143.111,-1.40676,-0.000,45.644,16.252,43.050,49.274,17.116,48.756,1488.084,2.405,-5.802,-1.40364,2.482,-5.800,-1.40687,2
44030,388994,10,3,3,0,0,0,1,5,0,0,15.037,-143.111,-1.40674,-0.000,45.644,16.252,43.050,49.274,17.116,48.756,1488.084,2.405,-5.802,-1.40362,2.482,-5.800,-1.40676,2
44030,389004,10,3,3,0,0,0,1,5,0,0,15.037,-143.111,-1.40655,-0.000,45.644,16.252,43.050,49.274,17.116,48.756,1488.084,2.406,-5.802,-1.40342,2.482,-5.800,-1.40674,2
44047,389014,10,3,3,0,0,0,1,5,0,0,15.037,-143.111,-1.40638,-0.000,45.644,16.252,43.050,49.274,17.116,48.756,1488.084,2.406,-5.802,-1.40326,2.483,-5.800,-1.40654,2
44047,389024,10,3,3,0,0,0,1,5,0,0,15.037,-143.111,-1.40630,-0.000,45.644,16.252,43.050,49.274,17.116,48.756,1488.084,2.406,-5.802,-1.40318,2.483,-5.800,-1.40638,2
44076,389034,10,3,3,0,0,0,1,5,0,0,14.962,-143.111,-1.40675,-0.000,45.644,16.252,43.050,49.274,17.116,48.756,1488.084,2.407,-5.877,-1.40363,2.483,-5.800,-1.40630,2
44076,389044,10,3,3,0,0,0,1,5,0,0,14.962,-143.111,-1.40683,-0.000,45.644,16.252,43.050,49.274,17.116,48.756,1488.084,2.407,-5.877,-1.40371,2.484,-5.876,-1.40675,2
44076,389054,10,3,3,0,0,0,1,5,0,0,14.962,-143.111,-1.40684,-0.000,45.644,16.252,43.050,49.274,17.116,48.756,1488.084,2.407,-5.877,-1.40372,2.484,-5.876,-1.40683,2
44091,389064,10,3,3,0,0,0,1,5,0,0,15.037,-143.111,-1.40678,-0.000,45.644,16.252,43.050,49.274,17.116,48.756,1488.084,2.405,-5.802,-1.40366,2.484,-5.876,-1.40684,2
44107,389074,10,3,3,0,0,0,1,5,0,0,15.037,-143.111,-1.40675,-0.000,45.644,16.252,43.050,49.274,17.116,48.756,1488.084,2.405,-5.802,-1.40363,2.482,-5.800,-1.40678,2
44107,389084,10,3,3,0,0,0,1,5,0,0,15.037,-143.111,-1.40679,-0.000,45.644,16.252,43.050,49.274,17.116,48.756,1488.084,2.405,-5.802,-1.40367,2.482,-5.800,-1.40675,2
44122,389094,10,3,3,0,0,0,1,5,0,0,15.037,-143.111,-1.40658,-0.000,45.644,16.252,43.050,49.274,17.116,48.756,1488.084,2.406,-5.802,-1.40346,2.482,-5.800,-1.40679,2
44138,389104,10,3,3,0,0,0,1,5,0,0,15.037,-143.111,-1.40650,-0.000,45.644,16.252,43.050,49.274,17.116,48.756,1488.084,2.406,-5.802,-1.40338,2.483,-5.800,-1.40658,2
44138,389114,10,3,3,0,0,0,1,5,0,0,15.037,-143.111,-1.40662,-0.000,45.644,16.252,43.050,49.274,17.116,48.756,1488.084,2.406,-5.802,-1.40350,2.483,-5.800,-1.40650,2
44153,389124,10,3,3,0,0,0,1,5,0,0,15.037,-143.111,-1.40658,-0.000,45.644,16.252,43.050,49.274,17.116,48.756,1488.084,2.406,-5.802,-1.40346,2.483,-5.800,-1.40662,2
44169,389134,10,3,3,0,0,0,1,5,0,0,15.037,-143.111,-1.40655,-0.000,45.644,16.252,43.050,49.274,17.116,48.756,1488.084,2.406,-5.802,-1.40343,2.483,-5.800,-1.40658,2
44169,389144,10,3,3,0,0,0,1,5,0,0,15.037,-143.111,-1.40659,-0.000,45.644,16.252,43.050,49.274,17.116,48.756,1488.084,2.406,-5.802,-1.40347,2.483,-5.800,-1.40655,2
44184,389154,10,3,3,0,0,0,1,5,0,0,15.037,-143.111,-1.40640,-0.000,45.644,16.252,43.050,49.274,17.116,48.756,1488.084,2.406,-5.802,-1.40328,2.483,-5.800,-1.40659,2
44200,389164,10,3,3,0,0,0,1,5,0,0,15.037,-143.111,-1.40624,-0.000,45.644,16.252,43.050,49.274,17.116,48.756,1488.084,2.406,-5.802,-1.40312,2.483,-5.800,-1.40640,2
44200,389174,10,3,3,0,0,0,1,5,0,0,15.037,-143.111,-1.40623,-0.000,45.644,16.252,43.050,49.274,17.116,48.756,1488.084,2.406,-5.802,-1.40311,2.483,-5.800,-1.40624,2
44214,389184,10,3,3,0,0,0,1,5,0,0,15.037,-143.111,-1.40631,-0.000,45.644,16.252,43.050,49.274,17.116,48.756,1488.084,2.406,-5.802,-1.40319,2.483,-5.800,-1.40623,2
44231,389194,10,3,3,0,0,0,1,5,0,0,15.037,-143.111,-1.40659,-0.000,45.644,16.252,43.050,49.274,17.116,48.756,1488.084,2.406,-5.802,-1.40347,2.483,-5.800,-1.40631,2
44231,389204,10,3,3,0,0,0,1,5,0,0,15.037,-143.111,-1.40666,-0.000,45.644,16.252,43.050,49.274,17.116,48.756,1488.084,2.406,-5.802,-1.40354,2.483,-5.800,-1.40659,2
44247,389214,10,3,3,0,0,0,1,5,0,0,15.037,-143.111,-1.40663,-0.000,45.644,16.252,43.050,49.274,17.116,48.756,1488.084,2.406,-5.802,-1.40351,2.483,-5.800,-1.40666,2
44247,389224,10,3,3,0,0,0,1,5,0,0,15.037,-143.111,-1.40641,-0.000,45.644,16.252,43.050,49.274,17.116,48.756,1488.084,2.406,-5.802,-1.40329,2.483,-5.800,-1.40663,2
44263,389234,10,3,3,0,0,0,1,5,0,0,15.037,-143.111,-1.40646,-0.000,45.644,16.252,43.050,49.274,17.116,48.756,1488.084,2.406,-5.802,-1.40334,2.483,-5.800,-1.40641,2
44279,389244,10,3,3,0,0,0,1,5,0,0,15.037,-143.111,-1.40666,-0.000,45.644,16.252,43.050,49.274,17.116,48.756,1488.084,2.406,-5.802,-1.40354,2.483,-5.800,-1.40646,2
44279,389254,10,3,3,0,0,0,1,5,0,0,15.037,-143.111,-1.40680,-0.000,45.644,16.252,43.050,49.274,17.116,48.756,1488.084,2.405,-5.802,-1.40368,2.483,-5.800,-1.40666,2
44294,389264,10,3,3,0,0,0,1,5,0,0,15.037,-143.111,-1.40666,-0.000,45.644,16.252,43.050,49.274,17.116,48.756,1488.084,2.406,-5.802,-1.40354,2.482,-5.800,-1.40680,2
44309,389274,10,3,3,0,0,0,1,5,0,0,15.037,-143.111,-1.40666,-0.000,45.644,16.252,43.050,49.274,17.116,48.756,1488.084,2.406,-5.802,-1.40354,2.483,-5.800,-1.40666,2
44309,389284,10,3,3,0,0,0,1,5,0,0,15.037,-143.111,-1.40673,-0.000,45.644,16.252,43.050,49.274,17.116,48.756,1488.084,2.405,-5.802,-1.40361,2.483,-5.800,-1.40666,2
44324,389294,10,3,3,0,0,0,1,5,0,0,15.037,-143.111,-1.40641,-0.000,45.644,16.252,43.050,49.274,17.116,48.756,1488.084,2.406,-5.802,-1.40329,2.482,-5.800,-1.40673,2
44340,389304,10,3,3,0,0,0,1,5,0,0,15.037,-143.111,-1.40628,-0.000,45.644,16.252,43.050,49.274,17.116,48.756,1488.084,2.406,-5.802,-1.40316,2.483,-5.800,-1.40641,2
44340,389314,10,3,3,0,0,0,1,5,0,0,15.037,-143.111,-1.40628,-0.000,45.644,16.252,43.050,49.274,17.116,48.756,1488.084,2.406,-5.802,-1.40316,2.483,-5.800,-1.40628,2
44355,389324,10,3,3,0,0,0,1,5,0,0,15.037,-143.111,-1.40662,-0.000,45.644,16.252,43.050,49.274,17.116,48.756,1488.084,2.406,-5.802,-1.40350,2.483,-5.800,-1.40628,2
44371,389334,10,3,3,0,0,0,1,5,0,0,15.037,-143.111,-1.40664,-0.000,45.644,16.252,43.050,49.274,17.116,48.756,1488.084,2.406,-5.802,-1.40352,2.483,-5.800,-1.40662,2
44371,389344,10,3,3,0,0,0,1,5,0,0,15.037,-143.111,-1.40654,-0.000,45.644,16.252,43.050,49.274,17.116,48.756,1488.084,2.406,-5.802,-1.40342,2.483,-5.800,-1.40664,2
44387,389354,10,3,3,0,0,0,1,5,0,0,15.037,-143.111,-1.40656,-0.000,45.644,16.252,43.050,49.274,17.116,48.756,1488.084,2.406,-5.802,-1.40344,2.483,-5.800,-1.40654,2
44387,389364,10,3,3,0,0,0,1,5,0,0,15.037,-143.111,-1.40674,-0.000,45.644,16.252,43.050,49.274,17.116,48.756,1488.084,2.405,-5.802,-1.40362,2.483,-5.800,-1.40656,2
44402,389374,10,3,3,0,0,0,1,5,0,0,15.037,-143.111,-1.40674,-0.000,45.644,16.252,43.050,49.274,17.116,48.756,1488.084,2.405,-5.802,-1.40362,2.482,-5.800,-1.40674,2
44417,389384,10,3,3,0,0,0,1,5,0,0,15.037,-143.111,-1.40645,-0.000,45.644,16.252,43.050,49.274,17.116,48.756,1488.084,2.406,-5.802,-1.40333,2.482,-5.800,-1.40674,2
44417,389394,10,3,3,0,0,0,1,5,0,0,15.037,-143.111,-1.40644,-0.000,45.644,16.252,43.050,49.274,17.116,48.756,1488.084,2.406,-5.802,-1.40332,2.483,-5.800,-1.40645,2
44433,389404,10,3,3,0,0,0,1,5,0,0,15.037,-143.111,-1.40647,-0.000,45.644,16.252,43.050,49.274,17.116,48.756,1488.084,2.406,-5.802,-1.40335,2.483,-5.800,-1.40644,2
44447,389414,10,3,3,0,0,0,1,5,0,0,15.037,-143.111,-1.40645,-0.000,45.644,16.252,43.050,49.274,17.116,48.756,1488.084,2.406,-5.802,-1.40333,2.483,-5.800,-1.40647,2
44447,389424,10,3,3,0,0,0,1,5,0,0,15.037,-143.111,-1.40645,-0.000,45.644,16.252,43.050,49.274,17.116,48.756,1488.084,2.406,-5.802,-1.40333,2.483,-5.800,-1.40645,2
44463,389434,10,3,3,0,0,0,1,5,0,0,15.037,-143.111,-1.40655,-0.000,45.644,16.252,43.050,49.274,17.116,48.756,1488.084,2.406,-5.802,-1.40343,2.483,-5.800,-1.40645,2
44479,389444,10,3,3,0,0,0,1,5,0,0,15.037,-143.111,-1.40668,-0.000,45.644,16.252,43.050,49.274,17.116,48.756,1488.084,2.406,-5.802,-1.40356,2.483,-5.800,-1.40655,2
44479,389454,10,3,3,0,0,0,1,5,0,0,15.037,-143.111,-1.40654,-0.000,45.644,16.252,43.050,49.274,17.116,48.756,1488.084,2.406,-5.802,-1.40342,2.482,-5.800,-1.40668,2
44495,389464,10,3,3,0,0,0,1,5,0,0,15.037,-143.111,-1.40660,-0.000,45.644,16.252,43.050,49.274,17.116,48.756,1488.084,2.406,-5.802,-1.40348,2.483,-5.800,-1.40654,2
44510,389474,10,3,3,0,0,0,1,5,0,0,15.037,-143.111,-1.40655,-0.000,45.644,16.252,43.050,49.274,17.116,48.756,1488.084,2.406,-5.802,-1.40343,2.483,-5.800,-1.40660,2
44510,389484,10,3,3,0,0,0,1,5,0,0,15.037,-143.111,-1.40661,-0.000,45.644,16.252,43.050,49.274,17.116,48.756,1488.084,2.406,-5.802,-1.40349,2.483,-5.800,-1.40655,2
44525,389494,10,3,3,0,0,0,1,5,0,0,15.037,-143.111,-1.40685,-0.000,45.644,16.252,43.050,49.274,17.116,48.756,1488.084,2.405,-5.802,-1.40373,2.483,-5.800,-1.40661,2
44525,389504,10,3,3,0,0,0,1,5,0,0,15.037,-143.111,-1.40679,-0.000,45.644,16.252,43.050,49.274,17.116,48.756,1488.084,2.405,-5.802,-1.40367,2.482,-5.800,-1.40685,2
44541,389514,10,3,3,0,0,0,1,5,0,0,15.037,-143.111,-1.40665,-0.000,45.644,16.252,43.050,49.274,17.116,48.756,1488.084,2.406,-5.802,-1.40352,2.482,-5.800,-1.40679,2
44557,389524,10,3,3,0,0,0,1,5,0,0,15.037,-143.111,-1.40652,-0.000,45.644,16.252,43.050,49.274,17.116,48.756,1488.084,2.406,-5.802,-1.40340,2.483,-5.800,-1.40665,2
44557,389534,10,3,3,0,0,0,1,5,0,0,15.037,-143.111,-1.40624,-0.000,45.644,16.252,43.050,49.274,17.116,48.756,1488.084,2.406,-5.802,-1.40312,2.483,-5.800,-1.40652,2
44572,389544,10,3,3,0,0,0,1,5,0,0,15.037,-143.111,-1.40633,-0.000,45.644,16.252,43.050,49.274,17.116,48.756,1488.084,2.406,-5.802,-1.40320,2.483,-5.800,-1.40624,2
44587,389554,10,3,3,0,0,0,1,5,0,0,15.037,-143.111,-1.40643,-0.000,45.644,16.252,43.050,49.274,17.116,48.756,1488.084,2.406,-5.802,-1.40331,2.483,-5.800,-1.40633,2
44587,389564,10,3,3,0,0,0,1,5,0,0,15.037,-143.111,-1.40646,-0.000,45.644,16.252,43.050,49.274,17.116,48.756,1488.084,2.406,-5.802,-1.40334,2.483,-5.800,-1.40643,2
44603,389574,10,3,3,0,0,0,1,5,0,0,15.037,-143.111,-1.40665,-0.000,45.644,16.252,43.050,49.274,17.116,48.756,1488.084,2.406,-5.802,-1.40353,2.483,-5.800,-1.40646,2
44618,389584,10,3,3,0,0,0,1,5,0,0,15.037,-143.111,-1.40684,-0.000,45.644,16.252,43.050,49.274,17.116,48.756,1488.084,2.405,-5.802,-1.40372,2.483,-5.800,-1.40665,2
44618,389594,10,3,3,0,0,0,1,5,0,0,15.037,-143.111,-1.40669,-0.000,45.644,16.252,43.050,49.274,17.116,48.756,1488.084,2.406,-5.802,-1.40357,2.482,-5.800,-1.40684,2
44634,389604,10,3,3,0,0,0,1,5,0,0,15.037,-143.111,-1.40691,-0.000,45.644,16.252,43.050,49.274,17.116,48.756,1488.084,2.405,-5.802,-1.40379,2.482,-5.800,-1.40669,2
44651,389614,10,3,3,0,0,0,1,5,0,0,15.037,-143.111,-1.40703,-0.000,45.644,16.252,43.050,49.274,17.116,48.756,1488.084,2.405,-5.802,-1.40391,2.482,-5.800,-1.40691,2
44651,389624,10,3,3,0,0,0,1,5,0,0,15.037,-143.111,-1.40672,-0.000,45.644,16.252,43.050,49.274,17.116,48.756,1488.084,2.405,-5.802,-1.40360,2.482,-5.800,-1.40703,2
44665,389634,10,3,3,0,0,0,1,5,0,0,15.037,-143.111,-1.40665,-0.000,45.644,16.252,43.050,49.274,17.116,48.756,1488.084,2.406,-5.802,-1.40353,2.482,-5.800,-1.40672,2
44681,389644,10,3,3,0,0,0,1,5,0,0,15.037,-143.111,-1.40674,-0.000,45.644,16.252,43.050,49.274,17.116,48.756,1488.084,2.405,-5.802,-1.40362,2.483,-5.800,-1.40665,2
44681,389654,10,3,3,0,0,0,1,5,0,0,15.037,-143.111,-1.40668,-0.000,45.644,16.252,43.050,49.274,17.116,48.756,1488.084,2.406,-5.802,-1.40356,2.482,-5.800,-1.40674,2
44697,389664,10,3,3,0,0,0,1,5,0,0,15.037,-143.111,-1.40656,-0.000,45.644,16.252,43.050,49.274,17.116,48.756,1488.084,2.406,-5.802,-1.40343,2.483,-5.800,-1.40668,2
44697,389674,10,3,3,0,0,0,1,5,0,0,15.037,-143.111,-1.40647,-0.000,45.644,16.252,43.050,49.274,17.116,48.756,1488.084,2.406,-5.802,-1.40335,2.483,-5.800,-1.40656,2
44713,389684,10,3,3,0,0,0,1,5,0,0,14.962,-143.111,-1.40657,-0.000,45.644,16.252,43.050,49.274,17.116,48.756,1488.084,2.408,-5.877,-1.40345,2.483,-5.800,-1.40647,2
44728,389694,10,3,3,0,0,0,1,5,0,0,14.962,-143.111,-1.40673,-0.000,45.644,16.252,43.050,49.274,17.116,48.756,1488.084,2.407,-5.877,-1.40361,2.484,-5.876,-1.40657,2
44728,389704,10,3,3,0,0,0,1,5,0,0,15.037,-143.111,-1.40676,-0.000,45.644,16.252,43.050,49.274,17.116,48.756,1488.084,2.405,-5.802,-1.40364,2.484,-5.876,-1.40673,2
44743,389714,10,3,3,0,0,0,1,5,0,0,15.037,-143.111,-1.40679,-0.000,45.644,16.252,43.050,49.274,17.116,48.756,1488.084,2.405,-5.802,-1.40367,2.482,-5.800,-1.40676,2
44758,389724,10,3,3,0,0,0,1,5,0,0,15.037,-143.111,-1.40681,-0.000,45.644,16.252,43.050,49.274,17.116,48.756,1488.084,2.405,-5.802,-1.40369,2.482,-5.800,-1.40679,2
44758,389734,10,3,3,0,0,0,1,5,0,0,15.037,-143.111,-1.40666,-0.000,45.644,16.252,43.050,49.274,17.116,48.756,1488.084,2.406,-5.802,-1.40354,2.482,-5.800,-1.40681,2
44774,389744,10,3,3,0,0,0,1,5,0,0,15.037,-143.111,-1.40682,-0.000,45.644,16.252,43.050,49.274,17.116,48.756,1488.084,2.405,-5.802,-1.40370,2.483,-5.800,-1.40666,2
44790,389754,10,3,3,0,0,0,1,5,0,0,15.037,-143.111,-1.40670,-0.000,45.644,16.252,43.050,49.274,17.116,48.756,1488.084,2.405,-5.802,-1.40358,2.482,-5.800,-1.40682,2
44790,389764,10,3,3,0,0,0,1,5,0,0,15.037,-143.111,-1.40662,-0.000,45.644,16.252,43.050,49.274,17.116,48.756,1488.084,2.406,-5.802,-1.40350,2.482,-5.800,-1.40670,2
44806,389774,10,3,3,0,0,0,1,5,0,0,15.037,-143.111,-1.40640,-0.000,45.644,16.252,43.050,49.274,17.116,48.756,1488.084,2.406,-5.802,-1.40328,2.483,-5.800,-1.40662,2
44806,389784,10,3,3,0,0,0,1,5,0,0,15.037,-143.111,-1.40642,-0.000,45.644,16.252,43.050,49.274,17.116,48.756,1488.084,2.406,-5.802,-1.40330,2.483,-5.800,-1.40640,2
44821,389794,10,3,3,0,0,0,1,5,0,0,15.037,-143.111,-1.40648,-0.000,45.644,16.252,43.050,49.274,17.116,48.756,1488.084,2.406,-5.802,-1.40336,2.483,-5.800,-1.40642,2
44837,389804,10,3,3,0,0,0,1,5,0,0,15.037,-143.111,-1.40670,-0.000,45.644,16.252,43.050,49.274,17.116,48.756,1488.084,2.405,-5.802,-1.40358,2.483,-5.800,-1.40648,2
44837,389814,10,3,3,0,0,0,1,5,0,0,15.037,-143.111,-1.40665,-0.000,45.644,16.252,43.050,49.274,17.116,48.756,1488.084,2.406,-5.802,-1.40353,2.482,-5.800,-1.40670,2
44852,389824,10,3,3,0,0,0,1,5,0,0,15.037,-143.111,-1.40660,-0.000,45.644,16.252,43.050,49.274,17.116,48.756,1488.084,2.406,-5.802,-1.40348,2.483,-5.800,-1.40665,2
44868,389834,10,3,3,0,0,0,1,5,0,0,15.037,-143.111,-1.40663,-0.000,45.644,16.252,43.050,49.274,17.116,48.756,1488.084,2.406,-5.802,-1.40351,2.483,-5.800,-1.40660,2
44868,389844,10,3,3,0,0,0,1,5,0,0,15.037,-143.111,-1.40657,-0.000,45.644,16.252,43.050,49.274,17.116,48.756,1488.084,2.406,-5.802,-1.40345,2.483,-5.800,-1.40663,2
44884,389854,10,3,3,0,0,0,1,5,0,0,15.037,-143.111,-1.40657,-0.000,45.644,16.252,43.050,49.274,17.116,48.756,1488.084,2.406,-5.802,-1.40345,2.483,-5.800,-1.40657,2
44899,389864,10,3,3,0,0,0,1,5,0,0,15.037,-143.111,-1.40660,-0.000,45.644,16.252,43.050,49.274,17.116,48.756,1488.084,2.406,-5.802,-1.40348,2.483,-5.800,-1.40657,2
44899,389874,10,3,3,0,0,0,1,5,0,0,15.037,-143.111,-1.40689,-0.000,45.644,16.252,43.050,49.274,17.116,48.756,1488.084,2.405,-5.802,-1.40377,2.483,-5.800,-1.40660,2
44914,389884,10,3,3,0,0,0,1,5,0,0,15.037,-143.111,-1.40684,-0.000,45.644,16.252,43.050,49.274,17.116,48.756,1488.084,2.405,-5.802,-1.40372,2.482,-5.800,-1.40689,2
44930,389894,10,3,3,0,0,0,1,5,0,0,15.037,-143.111,-1.40694,-0.000,45.644,16.252,43.050,49.274,17.116,48.756,1488.084,2.405,-5.802,-1.40382,2.482,-5.800,-1.40684,2
44930,389904,10,3,3,0,0,0,1,5,0,0,15.037,-143.111,-1.40711,-0.000,45.644,16.252,43.050,49.274,17.116,48.756,1488.084,2.405,-5.802,-1.40399,2.482,-5.800,-1.40694,2
44945,389914,10,3,3,0,0,0,1,5,0,0,15.037,-143.111,-1.40712,-0.000,45.644,16.252,43.050,49.274,17.116,48.756,1488.084,2.405,-5.802,-1.40400,2.482,-5.801,-1.40711,2
44960,389924,10,3,3,0,0,0,1,5,0,0,15.037,-143.111,-1.40704,-0.000,45.644,16.252,43.050,49.274,17.116,48.756,1488.084,2.405,-5.802,-1.40392,2.482,-5.801,-1.40712,2
44960,389934,10,3,3,0,0,0,1,5,0,0,14.962,-143.111,-1.40697,-0.000,45.644,16.252,43.050,49.274,17.116,48.756,1488.084,2.407,-5.877,-1.40385,2.482,-5.800,-1.40704,2
44975,389944,10,3,3,0,0,0,1,5,0,0,15.037,-143.111,-1.40702,-0.000,45.644,16.252,43.050,49.274,17.116,48.756,1488.084,2.405,-5.802,-1.40390,2.484,-5.876,-1.40697,2
44975,389954,10,3,3,0,0,0,1,5,0,0,15.037,-143.111,-1.40716,-0.000,45.644,16.252,43.050,49.274,17.116,48.756,1488.084,2.405,-5.802,-1.40404,2.482,-5.800,-1.40702,2
44991,389964,10,3,3,0,0,0,1,5,0,0,15.037,-143.111,-1.40702,-0.000,45.644,16.252,43.050,49.274,17.116,48.756,1488.084,2.405,-5.802,-1.40390,2.482,-5.801,-1.40716,2
45007,389974,10,3,3,0,0,0,1,5,0,0,15.037,-143.111,-1.40707,-0.000,45.644,16.252,43.050,49.274,17.116,48.756,1488.084,2.405,-5.802,-1.40395,2.482,-5.800,-1.40702,2
45007,389984,10,3,3,0,0,0,1,5,0,0,15.037,-143.111,-1.40724,-0.000,45.644,16.252,43.050,49.274,17.116,48.756,1488.084,2.405,-5.802,-1.40412,2.482,-5.800,-1.40707,2
45022,389994,10,3,3,0,0,0,1,5,0,0,15.037,-143.111,-1.40705,-0.000,45.644,16.252,43.050,49.274,17.116,48.756,1488.084,2.405,-5.802,-1.40393,2.482,-5.801,-1.40724,2
45037,390004,10,3,3,0,0,0,1,5,0,0,15.037,-143.111,-1.40689,-0.000,45.644,16.252,43.050,49.274,17.116,48.756,1488.084,2.405,-5.802,-1.40377,2.482,-5.800,-1.40705,2
45037,390014,10,3,3,0,0,0,1,5,0,0,15.037,-143.111,-1.40688,-0.000,45.644,16.252,43.050,49.274,17.116,48.756,1488.084,2.405,-5.802,-1.40376,2.482,-5.800,-1.40689,2
45052,390024,10,3,3,0,0,0,1,5,0,0,15.037,-143.111,-1.40694,-0.000,45.644,16.252,43.050,49.274,17.116,48.756,1488.084,2.405,-5.802,-1.40382,2.482,-5.800,-1.40688,2
45068,390034,10,3,3,0,0,0,1,5,0,0,15.037,-143.111,-1.40688,-0.000,45.644,16.252,43.050,49.274,17.116,48.756,1488.084,2.405,-5.802,-1.40376,2.482,-5.800,-1.40694,2
45068,390044,10,3,3,0,0,0,1,5,0,0,15.037,-143.111,-1.40658,-0.000,45.644,16.252,43.050,49.274,17.116,48.756,1488.084,2.406,-5.802,-1.40346,2.482,-5.800,-1.40688,2
45084,390054,10,3,3,0,0,0,1,5,0,0,15.037,-143.111,-1.40667,-0.000,45.644,16.252,43.050,49.274,17.116,48.756,1488.084,2.406,-5.802,-1.40355,2.483,-5.800,-1.40658,2
45100,390064,10,3,3,0,0,0,1,5,0,0,15.037,-143.111,-1.40708,-0.000,45.644,16.252,43.050,49.274,17.116,48.756,1488.084,2.405,-5.802,-1.40396,2.483,-5.800,-1.40667,2
45100,390074,10,3,3,0,0,0,1,5,0,0,15.037,-143.111,-1.40696,-0.000,45.644,16.252,43.050,49.274,17.116,48.756,1488.084,2.405,-5.802,-1.40384,2.482,-5.800,-1.40708,2
45115,390084,10,3,3,0,0,0,1,5,0,0,15.037,-143.111,-1.40688,-0.000,45.644,16.252,43.050,49.274,17.116,48.756,1488.084,2.405,-5.802,-1.40376,2.482,-5.800,-1.40696,2
45131,390094,10,3,3,0,0,0,1,5,0,0,15.037,-143.111,-1.40676,-0.000,45.644,16.252,43.050,49.274,17.116,48.756,1488.084,2.405,-5.802,-1.40364,2.482,-5.800,-1.40688,2
45131,390104,10,3,3,0,0,0,1,5,0,0,15.037,-143.111,-1.40676,-0.000,45.644,16.252,43.050,49.274,17.116,48.756,1488.084,2.405,-5.802,-1.40364,2.482,-5.800,-1.40676,2
45147,390114,10,3,3,0,0,0,1,5,0,0,15.037,-143.111,-1.40655,-0.000,45.644,16.252,43.050,49.274,17.116,48.756,1488.084,2.406,-5.802,-1.40343,2.482,-5.800,-1.40676,2
45147,390124,10,3,3,0,0,0,1,5,0,0,15.037,-143.111,-1.40640,-0.000,45.644,16.252,43.050,49.274,17.116,48.756,1488.084,2.406,-5.802,-1.40328,2.483,-5.800,-1.40655,2
45162,390134,10,3,3,0,0,0,1,5,0,0,15.037,-143.111,-1.40620,-0.000,45.644,16.252,43.050,49.274,17.116,48.756,1488.084,2.406,-5.802,-1.40308,2.483,-5.800,-1.40640,2
45177,390144,10,3,3,0,0,0,1,5,0,0,15.037,-143.111,-1.40627,-0.000,45.644,16.252,43.050,49.274,17.116,48.756,1488.084,2.406,-5.802,-1.40315,2.483,-5.800,-1.40620,2
45177,390154,10,3,3,0,0,0,1,5,0,0,15.037,-143.111,-1.40637,-0.000,45.644,16.252,43.050,49.274,17.116,48.756,1488.084,2.406,-5.802,-1.40325,2.483,-5.800,-1.40627,2
45193,390164,10,3,3,0,0,0,1,5,0,0,15.037,-143.111,-1.40664,-0.000,45.644,16.252,43.050,49.274,17.116,48.756,1488.084,2.406,-5.802,-1.40352,2.483,-5.800,-1.40637,2
45208,390174,10,3,3,0,0,0,1,5,0,0,15.037,-143.111,-1.40675,-0.000,45.644,16.252,43.050,49.274,17.116,48.756,1488.084,2.405,-5.802,-1.40363,2.483,-5.800,-1.40664,2
45208,390184,10,3,3,0,0,0,1,5,0,0,15.037,-143.111,-1.40693,-0.000,45.644,16.252,43.050,49.274,17.116,48.756,1488.084,2.405,-5.802,-1.40381,2.482,-5.800,-1.40675,2
45223,390194,10,3,3,0,0,0,1,5,0,0,15.037,-143.111,-1.40692,-0.000,45.644,16.252,43.050,49.274,17.116,48.756,1488.084,2.405,-5.802,-1.40380,2.482,-5.800,-1.40693,2
45239,390204,10,3,3,0,0,0,1,5,0,0,15.037,-143.111,-1.40680,-0.000,45.644,16.252,43.050,49.274,17.116,48.756,1488.084,2.405,-5.802,-1.40368,2.482,-5.800,-1.40692,2
45239,390214,10,3,3,0,0,0,1,5,0,0,15.037,-143.111,-1.40678,-0.000,45.644,16.252,43.050,49.274,17.116,48.756,1488.084,2.405,-5.802,-1.40366,2.482,-5.800,-1.40680,2
45255,390224,10,3,3,0,0,0,1,5,0,0,15.037,-143.111,-1.40672,-0.000,45.644,16.252,43.050,49.274,17.116,48.756,1488.084,2.405,-5.802,-1.40360,2.482,-5.800,-1.40678,2
45269,390234,10,3,3,0,0,0,1,5,0,0,15.037,-143.111,-1.40675,-0.000,45.644,16.252,43.050,49.274,17.116,48.756,1488.084,2.405,-5.802,-1.40363,2.482,-5.800,-1.40672,2
45269,390244,10,3,3,0,0,0,1,5,0,0,15.037,-143.111,-1.40697,-0.000,45.644,16.252,43.050,49.274,17.116,48.756,1488.084,2.405,-5.802,-1.40385,2.482,-5.800,-1.40675,2
45285,390254,10,3,3,0,0,0,1,5,0,0,15.037,-143.111,-1.40694,-0.000,45.644,16.252,43.050,49.274,17.116,48.756,1488.084,2.405,-5.802,-1.40382,2.482,-5.800,-1.40697,2
45301,390264,10,3,3,0,0,0,1,5,0,0,15.037,-143.111,-1.40698,-0.000,45.644,16.252,43.050,49.274,17.116,48.756,1488.084,2.405,-5.802,-1.40386,2.482,-5.800,-1.40694,2
45301,390274,10,3,3,0,0,0,1,5,0,0,14.962,-143.111,-1.40714,-0.000,45.644,16.252,43.050,49.274,17.116,48.756,1488.084,2.407,-5.877,-1.40402,2.482,-5.800,-1.40698,2
45316,390284,10,3,3,0,0,0,1,5,0,0,15.037,-143.111,-1.40712,-0.000,45.644,16.252,43.050,49.274,17.116,48.756,1488.084,2.405,-5.802,-1.40400,2.484,-5.876,-1.40714,2
45316,390294,10,3,3,0,0,0,1,5,0,0,15.037,-143.111,-1.40694,-0.000,45.644,16.252,43.050,49.274,17.116,48.756,1488.084,2.405,-5.802,-1.40381,2.482,-5.801,-1.40712,2
45331,390304,10,3,3,0,0,0,1,5,0,0,15.037,-143.111,-1.40703,-0.000,45.644,16.252,43.050,49.274,17.116,48.756,1488.084,2.405,-5.802,-1.40391,2.482,-5.800,-1.40693,2
45346,390314,10,3,3,0,0,0,1,5,0,0,15.037,-143.111,-1.40696,-0.000,45.644,16.252,43.050,49.274,17.116,48.756,1488.084,2.405,-5.802,-1.40383,2.482,-5.800,-1.40703,2
45346,390324,10,3,3,0,0,0,1,5,0,0,15.037,-143.111,-1.40693,-0.000,45.644,16.252,43.050,49.274,17.116,48.756,1488.084,2.405,-5.802,-1.40381,2.482,-5.800,-1.40695,2
45361,390334,10,3,3,0,0,0,1,5,0,0,15.037,-143.111,-1.40702,-0.000,45.644,16.252,43.050,49.274,17.116,48.756,1488.084,2.405,-5.802,-1.40390,2.482,-5.800,-1.40693,2
45376,390344,10,3,3,0,0,0,1,5,0,0,15.037,-143.111,-1.40684,-0.000,45.644,16.252,43.050,49.274,17.116,48.756,1488.084,2.405,-5.802,-1.40372,2.482,-5.800,-1.40702,2
45376,390354,10,3,3,0,0,0,1,5,0,0,15.037,-143.111,-1.40684,-0.000,45.644,16.252,43.050,49.274,17.116,48.756,1488.084,2.405,-5.802,-1.40372,2.482,-5.800,-1.40684,2
45391,390364,10,3,3,0,0,0,1,5,0,0,15.037,-143.111,-1.40670,-0.000,45.644,16.252,43.050,49.274,17.116,48.756,1488.084,2.406,-5.802,-1.40358,2.482,-5.800,-1.40684,2
45407,390374,10,3,3,0,0,0,1,5,0,0,15.037,-143.111,-1.40668,-0.000,45.644,16.252,43.050,49.274,17.116,48.756,1488.084,2.406,-5.802,-1.40356,2.482,-5.800,-1.40670,2
45407,390384,10,3,3,0,0,0,1,5,0,0,15.037,-143.111,-1.40655,-0.000,45.644,16.252,43.050,49.274,17.116,48.756,1488.084,2.406,-5.802,-1.40343,2.483,-5.800,-1.40668,2
45424,390394,10,3,3,0,0,0,1,5,0,0,14.962,-143.111,-1.40650,-0.000,45.644,16.252,43.050,49.274,17.116,48.756,1488.084,2.408,-5.877,-1.40338,2.483,-5.800,-1.40655,2
45439,390404,10,3,3,0,0,0,1,5,0,0,15.037,-143.111,-1.40645,-0.000,45.644,16.252,43.050,49.274,17.116,48.756,1488.084,2.406,-5.802,-1.40333,2.485,-5.876,-1.40650,2
45439,390414,10,3,3,0,0,0,1,5,0,0,15.037,-143.111,-1.40645,-0.000,45.644,16.252,43.050,49.274,17.116,48.756,1488.084,2.406,-5.802,-1.40333,2.483,-5.800,-1.40645,2
45454,390424,10,3,3,0,0,0,1,5,0,0,15.037,-143.111,-1.40618,-0.000,45.644,16.252,43.050,49.274,17.116,48.756,1488.084,2.406,-5.802,-1.40306,2.483,-5.800,-1.40645,2
45471,390434,10,3,3,0,0,0,1,5,0,0,15.037,-143.111,-1.40603,-0.000,45.644,16.252,43.050,49.274,17.116,48.756,1488.084,2.406,-5.802,-1.40291,2.483,-5.800,-1.40618,2
45471,390444,10,3,3,0,0,0,1,5,0,0,15.037,-143.111,-1.40603,-0.000,45.644,16.252,43.050,49.274,17.116,48.756,1488.084,2.406,-5.802,-1.40291,2.483,-5.800,-1.40603,2
45487,390454,10,3,3,0,0,0,1,5,0,0,15.037,-143.111,-1.40626,-0.000,45.644,16.252,43.050,49.274,17.116,48.756,1488.084,2.406,-5.802,-1.40314,2.483,-5.800,-1.40603,2
45487,390464,10,3,3,0,0,0,1,5,0,0,15.037,-143.111,-1.40648,-0.000,45.644,16.252,43.050,49.274,17.116,48.756,1488.084,2.406,-5.802,-1.40336,2.483,-5.800,-1.40626,2
45502,390474,10,3,3,0,0,0,1,5,0,0,15.037,-143.111,-1.40676,-0.000,45.644,16.252,43.050,49.274,17.116,48.756,1488.084,2.405,-5.802,-1.40364,2.483,-5.800,-1.40648,2
45518,390484,10,3,3,0,0,0,1,5,0,0,15.037,-143.111,-1.40666,-0.000,45.644,16.252,43.050,49.274,17.116,48.756,1488.084,2.406,-5.802,-1.40354,2.482,-5.800,-1.40676,2
45518,390494,10,3,3,0,0,0,1,5,0,0,15.037,-143.111,-1.40665,-0.000,45.644,16.252,43.050,49.274,17.116,48.756,1488.084,2.406,-5.802,-1.40353,2.483,-5.800,-1.40666,2
45534,390504,10,3,3,0,0,0,1,5,0,0,15.037,-143.111,-1.40657,-0.000,45.644,16.252,43.050,49.274,17.116,48.756,1488.084,2.406,-5.802,-1.40345,2.483,-5.800,-1.40665,2
45549,390514,10,3,3,0,0,0,1,5,0,0,15.037,-143.111,-1.40648,-0.000,45.644,16.252,43.050,49.274,17.116,48.756,1488.084,2.406,-5.802,-1.40336,2.483,-5.800,-1.40657,2
45549,390524,10,3,3,0,0,0,1,5,0,0,15.037,-143.111,-1.40658,-0.000,45.644,16.252,43.050,49.274,17.116,48.756,1488.084,2.406,-5.802,-1.40346,2.483,-5.800,-1.40648,2
45564,390534,10,3,3,0,0,0,1,5,0,0,14.962,-143.111,-1.40652,-0.000,45.644,16.252,43.050,49.274,17.116,48.756,1488.084,2.408,-5.877,-1.40340,2.483,-5.800,-1.40658,2
45579,390544,10,3,3,0,0,0,1,5,0,0,15.037,-143.111,-1.40648,-0.000,45.644,16.252,43.050,49.274,17.116,48.756,1488.084,2.406,-5.802,-1.40336,2.485,-5.876,-1.40652,2
45579,390554,10,3,3,0,0,0,1,5,0,0,15.037,-143.111,-1.40638,-0.000,45.644,16.252,43.050,49.274,17.116,48.756,1488.084,2.406,-5.802,-1.40326,2.483,-5.800,-1.40648,2
45595,390564,10,3,3,0,0,0,1,5,0,0,15.037,-143.111,-1.40645,-0.000,45.644,16.252,43.050,49.274,17.116,48.756,1488.084,2.406,-5.802,-1.40333,2.483,-5.800,-1.40638,2
45611,390574,10,3,3,0,0,0,1,5,0,0,15.037,-143.111,-1.40650,-0.000,45.644,16.252,43.050,49.274,17.116,48.756,1488.084,2.406,-5.802,-1.40338,2.483,-5.800,-1.40645,2
45611,390584,10,3,3,0,0,0,1,5,0,0,15.037,-143.111,-1.40659,-0.000,45.644,16.252,43.050,49.274,17.116,48.756,1488.084,2.406,-5.802,-1.40347,2.483,-5.800,-1.40650,2
45626,390594,10,3,3,0,0,0,1,5,0,0,15.037,-143.111,-1.40672,-0.000,45.644,16.252,43.050,49.274,17.116,48.756,1488.084,2.405,-5.802,-1.40360,2.483,-5.800,-1.40659,2
45626,390604,10,3,3,0,0,0,1,5,0,0,15.037,-143.111,-1.40709,-0.000,45.644,16.252,43.050,49.274,17.116,48.756,1488.084,2.405,-5.802,-1.40397,2.482,-5.800,-1.40672,2
45641,390614,10,3,3,0,0,0,1,5,0,0,15.037,-143.111,-1.40692,-0.000,45.644,16.252,43.050,49.274,17.116,48.756,1488.084,2.405,-5.802,-1.40380,2.482,-5.801,-1.40709,2
45656,390624,10,3,3,0,0,0,1,5,0,0,15.037,-143.111,-1.40676,-0.000,45.644,16.252,43.050,49.274,17.116,48.756,1488.084,2.405,-5.802,-1.40364,2.482,-5.800,-1.40692,2
45656,390634,10,3,3,0,0,0,1,5,0,0,15.037,-143.111,-1.40679,-0.000,45.644,16.252,43.050,49.274,17.116,48.756,1488.084,2.405,-5.802,-1.40367,2.482,-5.800,-1.40676,2
45672,390644,10,3,3,0,0,0,1,5,0,0,15.037,-143.111,-1.40665,-0.000,45.644,16.252,43.050,49.274,17.116,48.756,1488.084,2.406,-5.802,-1.40353,2.482,-5.800,-1.40679,2
45688,390654,10,3,3,0,0,0,1,5,0,0,14.962,-143.111,-1.40664,-0.000,45.644,16.252,43.050,49.274,17.116,48.756,1488.084,2.407,-5.877,-1.40352,2.483,-5.800,-1.40665,2
45688,390664,10,3,3,0,0,0,1,5,0,0,15.037,-143.111,-1.40667,-0.000,45.644,16.252,43.050,49.274,17.116,48.756,1488.084,2.406,-5.802,-1.40355,2.484,-5.876,-1.40664,2
45703,390674,10,3,3,0,0,0,1,5,0,0,15.037,-143.111,-1.40664,-0.000,45.644,16.252,43.050,49.274,17.116,48.756,1488.084,2.406,-5.802,-1.40352,2.483,-5.800,-1.40667,2
45719,390684,10,3,3,0,0,0,1,5,0,0,15.037,-143.111,-1.40678,-0.000,45.644,16.252,43.050,49.274,17.116,48.756,1488.084,2.405,-5.802,-1.40366,2.483,-5.800,-1.40664,2
45719,390694,10,3,3,0,0,0,1,5,0,0,15.037,-143.111,-1.40699,-0.000,45.644,16.252,43.050,49.274,17.116,48.756,1488.084,2.405,-5.802,-1.40387,2.482,-5.800,-1.40678,2
45735,390704,10,3,3,0,0,0,1,5,0,0,15.037,-143.111,-1.40676,-0.000,45.644,16.252,43.050,49.274,17.116,48.756,1488.084,2.405,-5.802,-1.40364,2.482,-5.800,-1.40699,2
45751,390714,10,3,3,0,0,0,1,5,0,0,15.037,-143.111,-1.40672,-0.000,45.644,16.252,43.050,49.274,17.116,48.756,1488.084,2.405,-5.802,-1.40360,2.482,-5.800,-1.40676,2
45751,390724,10,3,3,0,0,0,1,5,0,0,15.037,-143.111,-1.40665,-0.000,45.644,16.252,43.050,49.274,17.116,48.756,1488.084,2.406,-5.802,-1.40353,2.482,-5.800,-1.40672,2
45766,390734,10,3,3,0,0,0,1,5,0,0,15.037,-143.111,-1.40672,-0.000,45.644,16.252,43.050,49.274,17.116,48.756,1488.084,2.405,-5.802,-1.40360,2.483,-5.800,-1.40665,2
45766,390744,10,3,3,0,0,0,1,5,0,0,15.037,-143.111,-1.40652,-0.000,45.644,16.252,43.050,49.274,17.116,48.756,1488.084,2.406,-5.802,-1.40340,2.482,-5.800,-1.40672,2
45781,390754,10,3,3,0,0,0,1,5,0,0,15.037,-143.111,-1.40669,-0.000,45.644,16.252,43.050,49.274,17.116,48.756,1488.084,2.406,-5.802,-1.40357,2.483,-5.800,-1.40652,2
45797,390764,10,3,3,0,0,0,1,5,0,0,15.037,-143.111,-1.40677,-0.000,45.644,16.252,43.050,49.274,17.116,48.756,1488.084,2.405,-5.802,-1.40365,2.482,-5.800,-1.40669,2
45797,390774,10,3,3,0,0,0,1,5,0,0,15.037,-143.111,-1.40679,-0.000,45.644,16.252,43.050,49.274,17.116,48.756,1488.084,2.405,-5.802,-1.40367,2.482,-5.800,-1.40677,2
45812,390784,10,3,3,0,0,0,1,5,0,0,15.037,-143.111,-1.40683,-0.000,45.644,16.252,43.050,49.274,17.116,48.756,1488.084,2.405,-5.802,-1.40371,2.482,-5.800,-1.40679,2
45827,390794,10,3,3,0,0,0,1,5,0,0,15.037,-143.111,-1.40658,-0.000,45.644,16.252,43.050,49.274,17.116,48.756,1488.084,2.406,-5.802,-1.40346,2.482,-5.800,-1.40683,2
45827,390804,10,3,3,0,0,0,1,5,0,0,14.962,-143.111,-1.40655,-0.000,45.644,16.252,43.050,49.274,17.116,48.756,1488.084,2.408,-5.877,-1.40343,2.483,-5.800,-1.40658,2
45858,390814,10,3,3,0,0,0,1,5,0,0,15.037,-143.111,-1.40664,-0.000,45.644,16.252,43.050,49.274,17.116,48.756,1488.084,2.406,-5.802,-1.40352,2.485,-5.876,-1.40655,2
45858,390824,10,3,3,0,0,0,1,5,0,0,15.037,-143.111,-1.40679,-0.000,45.644,16.252,43.050,49.274,17.116,48.756,1488.084,2.405,-5.802,-1.40367,2.483,-5.800,-1.40664,2
45858,390834,10,3,3,0,0,0,1,5,0,0,15.037,-143.111,-1.40661,-0.000,45.644,16.252,43.050,49.274,17.116,48.756,1488.084,2.406,-5.802,-1.40349,2.482,-5.800,-1.40679,2
45889,390844,10,3,3,0,0,0,1,5,0,0,15.037,-143.111,-1.40657,-0.000,45.644,16.252,43.050,49.274,17.116,48.756,1488.084,2.406,-5.802,-1.40345,2.483,-5.800,-1.40661,2
45889,390854,10,3,3,0,0,0,1,5,0,0,15.037,-143.111,-1.40656,-0.000,45.644,16.252,43.050,49.274,17.116,48.756,1488.084,2.406,-5.802,-1.40344,2.483,-5.800,-1.40657,2
45889,390864,10,3,3,0,0,0,1,5,0,0,15.037,-143.111,-1.40636,-0.000,45.644,16.252,43.050,49.274,17.116,48.756,1488.084,2.406,-5.802,-1.40324,2.483,-5.800,-1.40656,2
45905,390874,10,3,3,0,0,0,1,5,0,0,14.962,-143.111,-1.40662,-0.000,45.644,16.252,43.050,49.274,17.116,48.756,1488.084,2.407,-5.877,-1.40350,2.483,-5.800,-1.40636,2
45921,390884,10,3,3,0,0,0,1,5,0,0,15.037,-143.111,-1.40662,-0.000,45.644,16.252,43.050,49.274,17.116,48.756,1488.084,2.406,-5.802,-1.40350,2.484,-5.876,-1.40662,2
45921,390894,10,3,3,0,0,0,1,5,0,0,15.037,-143.111,-1.40655,-0.000,45.644,16.252,43.050,49.274,17.116,48.756,1488.084,2.406,-5.802,-1.40343,2.483,-5.800,-1.40662,2
45952,390904,10,3,3,0,0,0,1,5,0,0,15.037,-143.111,-1.40655,-0.000,45.644,16.252,43.050,49.274,17.116,48.756,1488.084,2.406,-5.802,-1.40343,2.483,-5.800,-1.40655,2
45952,390914,10,3,3,0,0,0,1,5,0,0,15.037,-143.111,-1.40669,-0.000,45.644,16.252,43.050,49.274,17.116,48.756,1488.084,2.406,-5.802,-1.40357,2.483,-5.800,-1.40655,2
45952,390924,10,3,3,0,0,0,1,5,0,0,15.037,-143.111,-1.40662,-0.000,45.644,16.252,43.050,49.274,17.116,48.756,1488.084,2.406,-5.802,-1.40350,2.482,-5.800,-1.40669,2
45983,390934,10,3,3,0,0,0,1,5,0,0,15.037,-143.111,-1.40644,-0.000,45.644,16.252,43.050,49.274,17.116,48.756,1488.084,2.406,-5.802,-1.40332,2.483,-5.800,-1.40662,2
45983,390944,10,3,3,0,0,0,1,5,0,0,15.037,-143.111,-1.40641,-0.000,45.644,16.252,43.050,49.274,17.116,48.756,1488.084,2.406,-5.802,-1.40329,2.483,-5.800,-1.40644,2
45983,390954,10,3,3,0,0,0,1,5,0,0,14.962,-143.111,-1.40645,-0.000,45.644,16.252,43.050,49.274,17.116,48.756,1488.084,2.408,-5.877,-1.40333,2.483,-5.800,-1.40641,2
46013,390964,10,3,3,0,0,0,1,5,0,0,15.037,-143.111,-1.40650,-0.000,45.644,16.252,43.050,49.274,17.116,48.756,1488.084,2.406,-5.802,-1.40338,2.485,-5.876,-1.40645,2
46013,390974,10,3,3,0,0,0,1,5,0,0,15.037,-143.111,-1.40658,-0.000,45.644,16.252,43.050,49.274,17.116,48.756,1488.084,2.406,-5.802,-1.40346,2.483,-5.800,-1.40650,2
46013,390984,10,3,3,0,0,0,1,5,0,0,15.037,-143.111,-1.40678,-0.000,45.644,16.252,43.050,49.274,17.116,48.756,1488.084,2.405,-5.802,-1.40366,2.483,-5.800,-1.40658,2
46029,390994,10,3,3,0,0,0,1,5,0,0,15.037,-143.111,-1.40692,-0.000,45.644,16.252,43.050,49.274,17.116,48.756,1488.084,2.405,-5.802,-1.40380,2.482,-5.800,-1.40678,2
46029,391004,10,3,3,0,0,0,1,5,0,0,15.037,-143.111,-1.40668,-0.000,45.644,16.252,43.050,49.274,17.116,48.756,1488.084,2.406,-5.802,-1.40356,2.482,-5.800,-1.40692,2
46044,391014,10,3,3,0,0,0,1,5,0,0,15.037,-143.111,-1.40677,-0.000,45.644,16.252,43.050,49.274,17.116,48.756,1488.084,2.405,-5.802,-1.40365,2.483,-5.800,-1.40668,2
46060,391024,10,3,3,0,0,0,1,5,0,0,15.037,-143.111,-1.40684,-0.000,45.644,16.252,43.050,49.274,17.116,48.756,1488.084,2.405,-5.802,-1.40372,2.482,-5.800,-1.40677,2
46060,391034,10,3,3,0,0,0,1,5,0,0,15.037,-143.111,-1.40652,-0.000,45.644,16.252,43.050,49.274,17.116,48.756,1488.084,2.406,-5.802,-1.40340,2.482,-5.800,-1.40684,2
46075,391044,10,3,3,0,0,0,1,5,0,0,15.037,-143.111,-1.40652,-0.000,45.644,16.252,43.050,49.274,17.116,48.756,1488.084,2.406,-5.802,-1.40340,2.483,-5.800,-1.40652,2
46075,391054,10,3,3,0,0,0,1,5,0,0,15.037,-143.111,-1.40669,-0.000,45.644,16.252,43.050,49.274,17.116,48.756,1488.084,2.406,-5.802,-1.40357,2.483,-5.800,-1.40652,2
46091,391064,10,3,3,0,0,0,1,5,0,0,15.037,-143.111,-1.40673,-0.000,45.644,16.252,43.050,49.274,17.116,48.756,1488.084,2.405,-5.802,-1.40361,2.482,-5.800,-1.40669,2
46106,391074,10,3,3,0,0,0,1,5,0,0,15.037,-143.111,-1.40680,-0.000,45.644,16.252,43.050,49.274,17.116,48.756,1488.084,2.405,-5.802,-1.40368,2.482,-5.800,-1.40673,2
46106,391084,10,3,3,0,0,0,1,5,0,0,15.037,-143.111,-1.40686,-0.000,45.644,16.252,43.050,49.274,17.116,48.756,1488.084,2.405,-5.802,-1.40374,2.482,-5.800,-1.40680,2
46122,391094,10,3,3,0,0,0,1,5,0,0,15.037,-143.111,-1.40695,-0.000,45.644,16.252,43.050,49.274,17.116,48.756,1488.084,2.405,-5.802,-1.40383,2.482,-5.800,-1.40686,2
46137,391104,10,3,3,0,0,0,1,5,0,0,15.037,-143.111,-1.40693,-0.000,45.644,16.252,43.050,49.274,17.116,48.756,1488.084,2.405,-5.802,-1.40381,2.482,-5.800,-1.40695,2
46137,391114,10,3,3,0,0,0,1,5,0,0,15.037,-143.111,-1.40684,-0.000,45.644,16.252,43.050,49.274,17.116,48.756,1488.084,2.405,-5.802,-1.40372,2.482,-5.800,-1.40693,2
46154,391124,10,3,3,0,0,0,1,5,0,0,15.037,-143.111,-1.40657,-0.000,45.644,16.252,43.050,49.274,17.116,48.756,1488.084,2.406,-5.802,-1.40345,2.482,-5.800,-1.40684,2
46169,391134,10,3,3,0,0,0,1,5,0,0,15.037,-143.111,-1.40653,-0.000,45.644,16.252,43.050,49.274,17.116,48.756,1488.084,2.406,-5.802,-1.40341,2.483,-5.800,-1.40657,2
46169,391144,10,3,3,0,0,0,1,5,0,0,15.037,-143.111,-1.40647,-0.000,45.644,16.252,43.050,49.274,17.116,48.756,1488.084,2.406,-5.802,-1.40335,2.483,-5.800,-1.40653,2
46184,391154,10,3,3,0,0,0,1,5,0,0,15.037,-143.111,-1.40634,-0.000,45.644,16.252,43.050,49.274,17.116,48.756,1488.084,2.406,-5.802,-1.40322,2.483,-5.800,-1.40647,2
46199,391164,10,3,3,0,0,0,1,5,0,0,15.037,-143.111,-1.40640,-0.000,45.644,16.252,43.050,49.274,17.116,48.756,1488.084,2.406,-5.802,-1.40328,2.483,-5.800,-1.40634,2
46199,391174,10,3,3,0,0,0,1,5,0,0,15.037,-143.111,-1.40640,-0.000,45.644,16.252,43.050,49.274,17.116,48.756,1488.084,2.406,-5.802,-1.40328,2.483,-5.800,-1.40640,2
46215,391184,10,3,3,0,0,0,1,5,0,0,15.037,-143.111,-1.40646,-0.000,45.644,16.252,43.050,49.274,17.116,48.756,1488.084,2.406,-5.802,-1.40334,2.483,-5.800,-1.40640,2
46230,391194,10,3,3,0,0,0,1,5,0,0,15.037,-143.111,-1.40643,-0.000,45.644,16.252,43.050,49.274,17.116,48.756,1488.084,2.406,-5.802,-1.40331,2.483,-5.800,-1.40646,2
46230,391204,10,3,3,0,0,0,1,5,0,0,15.037,-143.111,-1.40622,-0.000,45.644,16.252,43.050,49.274,17.116,48.756,1488.084,2.406,-5.802,-1.40310,2.483,-5.800,-1.40643,2
46246,391214,10,3,3,0,0,0,1,5,0,0,15.037,-143.111,-1.40616,-0.000,45.644,16.252,43.050,49.274,17.116,48.756,1488.084,2.406,-5.802,-1.40304,2.483,-5.800,-1.40622,2
46246,391224,10,3,3,0,0,0,1,5,0,0,14.962,-143.111,-1.40641,-0.000,45.644,16.252,43.050,49.274,17.116,48.756,1488.084,2.408,-5.877,-1.40329,2.483,-5.800,-1.40616,2
46261,391234,10,3,3,0,0,0,1,5,0,0,15.037,-143.111,-1.40652,-0.000,45.644,16.252,43.050,49.274,17.116,48.756,1488.084,2.406,-5.802,-1.40340,2.485,-5.876,-1.40641,2
46276,391244,10,3,3,0,0,0,1,5,0,0,15.037,-143.111,-1.40678,-0.000,45.644,16.252,43.050,49.274,17.116,48.756,1488.084,2.405,-5.802,-1.40366,2.483,-5.800,-1.40652,2
46276,391254,10,3,3,0,0,0,1,5,0,0,15.037,-143.111,-1.40672,-0.000,45.644,16.252,43.050,49.274,17.116,48.756,1488.084,2.405,-5.802,-1.40360,2.482,-5.800,-1.40678,2
46292,391264,10,3,3,0,0,0,1,5,0,0,15.037,-143.111,-1.40688,-0.000,45.644,16.252,43.050,49.274,17.116,48.756,1488.084,2.405,-5.802,-1.40376,2.482,-5.800,-1.40672,2
46307,391274,10,3,3,0,0,0,1,5,0,0,14.962,-143.111,-1.40663,-0.000,45.644,16.252,43.050,49.274,17.116,48.756,1488.084,2.407,-5.877,-1.40351,2.482,-5.800,-1.40688,2
46307,391284,10,3,3,0,0,0,1,5,0,0,15.037,-143.111,-1.40692,-0.000,45.644,16.252,43.050,49.274,17.116,48.756,1488.084,2.405,-5.802,-1.40380,2.484,-5.876,-1.40663,2
46323,391294,10,3,3,0,0,0,1,5,0,0,15.037,-143.111,-1.40683,-0.000,45.644,16.252,43.050,49.274,17.116,48.756,1488.084,2.405,-5.802,-1.40371,2.482,-5.800,-1.40692,2
46340,391304,10,3,3,0,0,0,1,5,0,0,15.037,-143.111,-1.40662,-0.000,45.644,16.252,43.050,49.274,17.116,48.756,1488.084,2.406,-5.802,-1.40350,2.482,-5.800,-1.40683,2
46340,391314,10,3,3,0,0,0,1,5,0,0,15.037,-143.111,-1.40655,-0.000,45.644,16.252,43.050,49.274,17.116,48.756,1488.084,2.406,-5.802,-1.40343,2.483,-5.800,-1.40662,2
46355,391324,10,3,3,0,0,0,1,5,0,0,15.037,-143.111,-1.40644,-0.000,45.644,16.252,43.050,49.274,17.116,48.756,1488.084,2.406,-5.802,-1.40332,2.483,-5.800,-1.40655,2
46355,391334,10,3,3,0,0,0,1,5,0,0,15.037,-143.111,-1.40653,-0.000,45.644,16.252,43.050,49.274,17.116,48.756,1488.084,2.406,-5.802,-1.40341,2.483,-5.800,-1.40644,2
46372,391344,10,3,3,0,0,0,1,5,0,0,15.037,-143.111,-1.40638,-0.000,45.644,16.252,43.050,49.274,17.116,48.756,1488.084,2.406,-5.802,-1.40326,2.483,-5.800,-1.40653,2
46387,391354,10,3,3,0,0,0,1,5,0,0,15.037,-143.111,-1.40633,-0.000,45.644,16.252,43.050,49.274,17.116,48.756,1488.084,2.406,-5.802,-1.40321,2.483,-5.800,-1.40638,2
46387,391364,10,3,3,0,0,0,1,5,0,0,15.037,-143.111,-1.40656,-0.000,45.644,16.252,43.050,49.274,17.116,48.756,1488.084,2.406,-5.802,-1.40344,2.483,-5.800,-1.40633,2
46403,391374,10,3,3,0,0,0,1,5,0,0,15.037,-143.111,-1.40641,-0.000,45.644,16.252,43.050,49.274,17.116,48.756,1488.084,2.406,-5.802,-1.40329,2.483,-5.800,-1.40656,2
46418,391384,10,3,3,0,0,0,1,5,0,0,15.037,-143.111,-1.40642,-0.000,45.644,16.252,43.050,49.274,17.116,48.756,1488.084,2.406,-5.802,-1.40330,2.483,-5.800,-1.40641,2
46418,391394,10,3,3,0,0,0,1,5,0,0,15.037,-143.111,-1.40651,-0.000,45.644,16.252,43.050,49.274,17.116,48.756,1488.084,2.406,-5.802,-1.40339,2.483,-5.800,-1.40642,2
46434,391404,10,3,3,0,0,0,1,5,0,0,15.037,-143.111,-1.40661,-0.000,45.644,16.252,43.050,49.274,17.116,48.756,1488.084,2.406,-5.802,-1.40349,2.483,-5.800,-1.40651,2
46450,391414,10,3,3,0,0,0,1,5,0,0,15.037,-143.111,-1.40655,-0.000,45.644,16.252,43.050,49.274,17.116,48.756,1488.084,2.406,-5.802,-1.40343,2.483,-5.800,-1.40661,2
46450,391424,10,3,3,0,0,0,1,5,0,0,15.037,-143.111,-1.40650,-0.000,45.644,16.252,43.050,49.274,17.116,48.756,1488.084,2.406,-5.802,-1.40338,2.483,-5.800,-1.40655,2
46465,391434,10,3,3,0,0,0,1,5,0,0,15.037,-143.111,-1.40650,-0.000,45.644,16.252,43.050,49.274,17.116,48.756,1488.084,2.406,-5.802,-1.40338,2.483,-5.800,-1.40650,2
46481,391444,10,3,3,0,0,0,1,5,0,0,15.037,-143.111,-1.40646,-0.000,45.644,16.252,43.050,49.274,17.116,48.756,1488.084,2.406,-5.802,-1.40334,2.483,-5.800,-1.40650,2
46481,391454,10,3,3,0,0,0,1,5,0,0,15.037,-143.111,-1.40654,-0.000,45.644,16.252,43.050,49.274,17.116,48.756,1488.084,2.406,-5.802,-1.40342,2.483,-5.800,-1.40646,2
46497,391464,10,3,3,0,0,0,1,5,0,0,15.037,-143.111,-1.40659,-0.000,45.644,16.252,43.050,49.274,17.116,48.756,1488.084,2.406,-5.802,-1.40347,2.483,-5.800,-1.40654,2
46497,391474,10,3,3,0,0,0,1,5,0,0,15.037,-143.111,-1.40641,-0.000,45.644,16.252,43.050,49.274,17.116,48.756,1488.084,2.406,-5.802,-1.40329,2.483,-5.800,-1.40659,2
46512,391484,10,3,3,0,0,0,1,5,0,0,15.037,-143.111,-1.40648,-0.000,45.644,16.252,43.050,49.274,17.116,48.756,1488.084,2.406,-5.802,-1.40336,2.483,-5.800,-1.40641,2
46527,391494,10,3,3,0,0,0,1,5,0,0,15.037,-143.111,-1.40669,-0.000,45.644,16.252,43.050,49.274,17.116,48.756,1488.084,2.406,-5.802,-1.40357,2.483,-5.800,-1.40648,2
46527,391504,10,3,3,0,0,0,1,5,0,0,15.037,-143.111,-1.40654,-0.000,45.644,16.252,43.050,49.274,17.116,48.756,1488.084,2.406,-5.802,-1.40342,2.482,-5.800,-1.40669,2
46543,391514,10,3,3,0,0,0,1,5,0,0,15.037,-143.111,-1.40650,-0.000,45.644,16.252,43.050,49.274,17.116,48.756,1488.084,2.406,-5.802,-1.40338,2.483,-5.800,-1.40654,2
46559,391524,10,3,3,0,0,0,1,5,0,0,15.037,-143.111,-1.40643,-0.000,45.644,16.252,43.050,49.274,17.116,48.756,1488.084,2.406,-5.802,-1.40331,2.483,-5.800,-1.40650,2
46559,391534,10,3,3,0,0,0,1,5,0,0,15.037,-143.111,-1.40655,-0.000,45.644,16.252,43.050,49.274,17.116,48.756,1488.084,2.406,-5.802,-1.40343,2.483,-5.800,-1.40643,2
46575,391544,10,3,3,0,0,0,1,5,0,0,15.037,-143.111,-1.40651,-0.000,45.644,16.252,43.050,49.274,17.116,48.756,1488.084,2.406,-5.802,-1.40339,2.483,-5.800,-1.40655,2
46590,391554,10,3,3,0,0,0,1,5,0,0,15.037,-143.111,-1.40644,-0.000,45.644,16.252,43.050,49.274,17.116,48.756,1488.084,2.406,-5.802,-1.40332,2.483,-5.800,-1.40651,2
46590,391564,10,3,3,0,0,0,1,5,0,0,15.037,-143.111,-1.40676,-0.000,45.644,16.252,43.050,49.274,17.116,48.756,1488.084,2.405,-5.802,-1.40364,2.483,-5.800,-1.40644,2
46606,391574,10,3,3,0,0,0,1,5,0,0,15.037,-143.111,-1.40669,-0.000,45.644,16.252,43.050,49.274,17.116,48.756,1488.084,2.406,-5.802,-1.40357,2.482,-5.800,-1.40676,2
46606,391584,10,3,3,0,0,0,1,5,0,0,15.037,-143.111,-1.40660,-0.000,45.644,16.252,43.050,49.274,17.116,48.756,1488.084,2.406,-5.802,-1.40348,2.482,-5.800,-1.40669,2
46622,391594,10,3,3,0,0,0,1,5,0,0,15.037,-143.111,-1.40683,-0.000,45.644,16.252,43.050,49.274,17.116,48.756,1488.084,2.405,-5.802,-1.40371,2.483,-5.800,-1.40660,2
46637,391604,10,3,3,0,0,0,1,5,0,0,15.037,-143.111,-1.40660,-0.000,45.644,16.252,43.050,49.274,17.116,48.756,1488.084,2.406,-5.802,-1.40348,2.482,-5.800,-1.40683,2
46637,391614,10,3,3,0,0,0,1,5,0,0,15.037,-143.111,-1.40672,-0.000,45.644,16.252,43.050,49.274,17.116,48.756,1488.084,2.405,-5.802,-1.40359,2.483,-5.800,-1.40660,2
46653,391624,10,3,3,0,0,0,1,5,0,0,15.037,-143.111,-1.40676,-0.000,45.644,16.252,43.050,49.274,17.116,48.756,1488.084,2.405,-5.802,-1.40364,2.482,-5.800,-1.40671,2
46668,391634,10,3,3,0,0,0,1,5,0,0,15.037,-143.111,-1.40665,-0.000,45.644,16.252,43.050,49.274,17.116,48.756,1488.084,2.406,-5.802,-1.40353,2.482,-5.800,-1.40676,2
46668,391644,10,3,3,0,0,0,1,5,0,0,15.037,-143.111,-1.40697,-0.000,45.644,16.252,43.050,49.274,17.116,48.756,1488.084,2.405,-5.802,-1.40385,2.483,-5.800,-1.40665,2
46684,391654,10,3,3,0,0,0,1,5,0,0,15.037,-143.111,-1.40695,-0.000,45.644,16.252,43.050,49.274,17.116,48.756,1488.084,2.405,-5.802,-1.40383,2.482,-5.800,-1.40697,2
46699,391664,10,3,3,0,0,0,1,5,0,0,14.962,-143.111,-1.40679,-0.000,45.644,16.252,43.050,49.274,17.116,48.756,1488.084,2.407,-5.877,-1.40367,2.482,-5.800,-1.40695,2
46699,391674,10,3,3,0,0,0,1,5,0,0,15.037,-143.111,-1.40669,-0.000,45.644,16.252,43.050,49.274,17.116,48.756,1488.084,2.406,-5.802,-1.40357,2.484,-5.876,-1.40679,2
46715,391684,10,3,3,0,0,0,1,5,0,0,15.037,-143.111,-1.40675,-0.000,45.644,16.252,43.050,49.274,17.116,48.756,1488.084,2.405,-5.802,-1.40363,2.482,-5.800,-1.40669,2
46730,391694,10,3,3,0,0,0,1,5,0,0,15.037,-143.111,-1.40674,-0.000,45.644,16.252,43.050,49.274,17.116,48.756,1488.084,2.405,-5.802,-1.40362,2.482,-5.800,-1.40675,2
46730,391704,10,3,3,0,0,0,1,5,0,0,15.037,-143.111,-1.40674,-0.000,45.644,16.252,43.050,49.274,17.116,48.756,1488.084,2.405,-5.802,-1.40362,2.482,-5.800,-1.40674,2
46745,391714,10,3,3,0,0,0,1,5,0,0,15.037,-143.111,-1.40665,-0.000,45.644,16.252,43.050,49.274,17.116,48.756,1488.084,2.406,-5.802,-1.40352,2.482,-5.800,-1.40674,2
46761,391724,10,3,3,0,0,0,1,5,0,0,15.037,-143.111,-1.40661,-0.000,45.644,16.252,43.050,49.274,17.116,48.756,1488.084,2.406,-5.802,-1.40349,2.483,-5.800,-1.40665,2
46761,391734,10,3,3,0,0,0,1,5,0,0,15.037,-143.111,-1.40668,-0.000,45.644,16.252,43.050,49.274,17.116,48.756,1488.084,2.406,-5.802,-1.40356,2.483,-5.800,-1.40661,2
46777,391744,10,3,3,0,0,0,1,5,0,0,15.037,-143.111,-1.40696,-0.000,45.644,16.252,43.050,49.274,17.116,48.756,1488.084,2.405,-5.802,-1.40384,2.483,-5.800,-1.40668,2
46777,391754,10,3,3,0,0,0,1,5,0,0,15.037,-143.111,-1.40705,-0.000,45.644,16.252,43.050,49.274,17.116,48.756,1488.084,2.405,-5.802,-1.40393,2.482,-5.800,-1.40696,2
46792,391764,10,3,3,0,0,0,1,5,0,0,15.037,-143.111,-1.40724,-0.000,45.644,16.252,43.050,49.274,17.116,48.756,1488.084,2.405,-5.802,-1.40412,2.482,-5.800,-1.40705,2
46807,391774,10,3,3,0,0,0,1,5,0,0,15.037,-143.111,-1.40718,-0.000,45.644,16.252,43.050,49.274,17.116,48.756,1488.084,2.405,-5.802,-1.40406,2.482,-5.801,-1.40724,2
46807,391784,10,3,3,0,0,0,1,5,0,0,14.962,-143.111,-1.40719,-0.000,45.644,16.252,43.050,49.274,17.116,48.756,1488.084,2.407,-5.877,-1.40407,2.482,-5.801,-1.40718,2
46822,391794,10,3,3,0,0,0,1,5,0,0,15.037,-143.111,-1.40702,-0.000,45.644,16.252,43.050,49.274,17.116,48.756,1488.084,2.405,-5.802,-1.40390,2.484,-5.876,-1.40719,2
46837,391804,10,3,3,0,0,0,1,5,0,0,15.037,-143.111,-1.40670,-0.000,45.644,16.252,43.050,49.274,17.116,48.756,1488.084,2.406,-5.802,-1.40358,2.482,-5.800,-1.40702,2
46837,391814,10,3,3,0,0,0,1,5,0,0,15.037,-143.111,-1.40662,-0.000,45.644,16.252,43.050,49.274,17.116,48.756,1488.084,2.406,-5.802,-1.40350,2.482,-5.800,-1.40670,2
46853,391824,10,3,3,0,0,0,1,5,0,0,14.962,-143.111,-1.40671,-0.000,45.644,16.252,43.050,49.274,17.116,48.756,1488.084,2.407,-5.877,-1.40359,2.483,-5.800,-1.40662,2
46868,391834,10,3,3,0,0,0,1,5,0,0,15.037,-143.111,-1.40676,-0.000,45.644,16.252,43.050,49.274,17.116,48.756,1488.084,2.405,-5.802,-1.40364,2.484,-5.876,-1.40671,2
46868,391844,10,3,3,0,0,0,1,5,0,0,15.037,-143.111,-1.40669,-0.000,45.644,16.252,43.050,49.274,17.116,48.756,1488.084,2.406,-5.802,-1.40357,2.482,-5.800,-1.40676,2
46884,391854,10,3,3,0,0,0,1,5,0,0,15.037,-143.111,-1.40650,-0.000,45.644,16.252,43.050,49.274,17.116,48.756,1488.084,2.406,-5.802,-1.40338,2.482,-5.800,-1.40669,2
46899,391864,10,3,3,0,0,0,1,5,0,0,15.037,-143.111,-1.40669,-0.000,45.644,16.252,43.050,49.274,17.116,48.756,1488.084,2.406,-5.802,-1.40357,2.483,-5.800,-1.40650,2
46899,391874,10,3,3,0,0,0,1,5,0,0,15.037,-143.111,-1.40650,-0.000,45.644,16.252,43.050,49.274,17.116,48.756,1488.084,2.406,-5.802,-1.40338,2.482,-5.800,-1.40669,2
46914,391884,10,3,3,0,0,0,1,5,0,0,15.037,-143.111,-1.40643,-0.000,45.644,16.252,43.050,49.274,17.116,48.756,1488.084,2.406,-5.802,-1.40331,2.483,-5.800,-1.40650,2
46930,391894,10,3,3,0,0,0,1,5,0,0,15.037,-143.111,-1.40655,-0.000,45.644,16.252,43.050,49.274,17.116,48.756,1488.084,2.406,-5.802,-1.40343,2.483,-5.800,-1.40643,2
46930,391904,10,3,3,0,0,0,1,5,0,0,15.037,-143.111,-1.40653,-0.000,45.644,16.252,43.050,49.274,17.116,48.756,1488.084,2.406,-5.802,-1.40341,2.483,-5.800,-1.40655,2
46946,391914,10,3,3,0,0,0,1,5,0,0,15.037,-143.111,-1.40642,-0.000,45.644,16.252,43.050,49.274,17.116,48.756,1488.084,2.406,-5.802,-1.40330,2.483,-5.800,-1.40653,2
46946,391924,10,3,3,0,0,0,1,5,0,0,15.037,-143.111,-1.40660,-0.000,45.644,16.252,43.050,49.274,17.116,48.756,1488.084,2.406,-5.802,-1.40348,2.483,-5.800,-1.40642,2
46961,391934,10,3,3,0,0,0,1,5,0,0,15.037,-143.111,-1.40665,-0.000,45.644,16.252,43.050,49.274,17.116,48.756,1488.084,2.406,-5.802,-1.40353,2.483,-5.800,-1.40660,2
46976,391944,10,3,3,0,0,0,1,5,0,0,15.037,-143.111,-1.40638,-0.000,45.644,16.252,43.050,49.274,17.116,48.756,1488.084,2.406,-5.802,-1.40326,2.483,-5.800,-1.40665,2
46976,391954,10,3,3,0,0,0,1,5,0,0,15.037,-143.111,-1.40631,-0.000,45.644,16.252,43.050,49.274,17.116,48.756,1488.084,2.406,-5.802,-1.40319,2.483,-5.800,-1.40638,2
46992,391964,10,3,3,0,0,0,1,5,0,0,14.962,-143.111,-1.40636,-0.000,45.644,16.252,43.050,49.274,17.116,48.756,1488.084,2.408,-5.877,-1.40324,2.483,-5.800,-1.40631,2
47008,391974,10,3,3,0,0,0,1,5,0,0,15.037,-143.111,-1.40652,-0.000,45.644,16.252,43.050,49.274,17.116,48.756,1488.084,2.406,-5.802,-1.40340,2.485,-5.876,-1.40636,2
47008,391984,10,3,3,0,0,0,1,5,0,0,15.037,-143.111,-1.40638,-0.000,45.644,16.252,43.050,49.274,17.116,48.756,1488.084,2.406,-5.802,-1.40326,2.483,-5.800,-1.40652,2
47023,391994,10,3,3,0,0,0,1,5,0,0,15.037,-143.111,-1.40623,-0.000,45.644,16.252,43.050,49.274,17.116,48.756,1488.084,2.406,-5.802,-1.40310,2.483,-5.800,-1.40638,2
47039,392004,10,3,3,0,0,0,1,5,0,0,15.037,-143.111,-1.40637,-0.000,45.644,16.252,43.050,49.274,17.116,48.756,1488.084,2.406,-5.802,-1.40325,2.483,-5.800,-1.40622,2
47039,392014,10,3,3,0,0,0,1,5,0,0,15.037,-143.111,-1.40647,-0.000,45.644,16.252,43.050,49.274,17.116,48.756,1488.084,2.406,-5.802,-1.40335,2.483,-5.800,-1.40637,2
47054,392024,10,3,3,0,0,0,1,5,0,0,15.037,-143.111,-1.40644,-0.000,45.644,16.252,43.050,49.274,17.116,48.756,1488.084,2.406,-5.802,-1.40332,2.483,-5.800,-1.40647,2
47070,392034,10,3,3,0,0,0,1,5,0,0,15.037,-143.111,-1.40645,-0.000,45.644,16.252,43.050,49.274,17.116,48.756,1488.084,2.406,-5.802,-1.40333,2.483,-5.800,-1.40644,2
47070,392044,10,3,3,0,0,0,1,5,0,0,15.037,-143.111,-1.40655,-0.000,45.644,16.252,43.050,49.274,17.116,48.756,1488.084,2.406,-5.802,-1.40343,2.483,-5.800,-1.40645,2
47085,392054,10,3,3,0,0,0,1,5,0,0,15.037,-143.111,-1.40671,-0.000,45.644,16.252,43.050,49.274,17.116,48.756,1488.084,2.405,-5.802,-1.40359,2.483,-5.800,-1.40655,2
47101,392064,10,3,3,0,0,0,1,5,0,0,15.037,-143.111,-1.40675,-0.000,45.644,16.252,43.050,49.274,17.116,48.756,1488.084,2.405,-5.802,-1.40363,2.482,-5.800,-1.40671,2
47101,392074,10,3,3,0,0,0,1,5,0,0,15.037,-143.111,-1.40677,-0.000,45.644,16.252,43.050,49.274,17.116,48.756,1488.084,2.405,-5.802,-1.40364,2.482,-5.800,-1.40675,2
47116,392084,10,3,3,0,0,0,1,5,0,0,15.037,-143.111,-1.40691,-0.000,45.644,16.252,43.050,49.274,17.116,48.756,1488.084,2.405,-5.802,-1.40379,2.482,-5.800,-1.40676,2
47116,392094,10,3,3,0,0,0,1,5,0,0,15.037,-143.111,-1.40715,-0.000,45.644,16.252,43.050,49.274,17.116,48.756,1488.084,2.405,-5.802,-1.40403,2.482,-5.800,-1.40691,2
47131,392104,10,3,3,0,0,0,1,5,0,0,15.037,-143.111,-1.40710,-0.000,45.644,16.252,43.050,49.274,17.116,48.756,1488.084,2.405,-5.802,-1.40398,2.482,-5.801,-1.40715,2
47147,392114,10,3,3,0,0,0,1,5,0,0,15.037,-143.111,-1.40722,-0.000,45.644,16.252,43.050,49.274,17.116,48.756,1488.084,2.405,-5.802,-1.40410,2.482,-5.801,-1.40710,2
47147,392124,10,3,3,0,0,0,1,5,0,0,15.037,-143.111,-1.40686,-0.000,45.644,16.252,43.050,49.274,17.116,48.756,1488.084,2.405,-5.802,-1.40374,2.482,-5.801,-1.40722,2
47162,392134,10,3,3,0,0,0,1,5,0,0,15.037,-143.111,-1.40675,-0.000,45.644,16.252,43.050,49.274,17.116,48.756,1488.084,2.405,-5.802,-1.40363,2.482,-5.800,-1.40686,2
47177,392144,10,3,3,0,0,0,1,5,0,0,15.037,-143.111,-1.40655,-0.000,45.644,16.252,43.050,49.274,17.116,48.756,1488.084,2.406,-5.802,-1.40343,2.482,-5.800,-1.40675,2
47177,392154,10,3,3,0,0,0,1,5,0,0,15.037,-143.111,-1.40663,-0.000,45.644,16.252,43.050,49.274,17.116,48.756,1488.084,2.406,-5.802,-1.40351,2.483,-5.800,-1.40655,2
47192,392164,10,3,3,0,0,0,1,5,0,0,15.037,-143.111,-1.40623,-0.000,45.644,16.252,43.050,49.274,17.116,48.756,1488.084,2.406,-5.802,-1.40311,2.483,-5.800,-1.40663,2
47208,392174,10,3,3,0,0,0,1,5,0,0,15.037,-143.111,-1.40638,-0.000,45.644,16.252,43.050,49.274,17.116,48.756,1488.084,2.406,-5.802,-1.40326,2.483,-5.800,-1.40623,2
47208,392184,10,3,3,0,0,0,1,5,0,0,15.037,-143.111,-1.40638,-0.000,45.644,16.252,43.050,49.274,17.116,48.756,1488.084,2.406,-5.802,-1.40326,2.483,-5.800,-1.40638,2
47224,392194,10,3,3,0,0,0,1,5,0,0,15.037,-143.111,-1.40651,-0.000,45.644,16.252,43.050,49.274,17.116,48.756,1488.084,2.406,-5.802,-1.40339,2.483,-5.800,-1.40638,2
47239,392204,10,3,3,0,0,0,1,5,0,0,15.037,-143.111,-1.40645,-0.000,45.644,16.252,43.050,49.274,17.116,48.756,1488.084,2.406,-5.802,-1.40333,2.483,-5.800,-1.40651,2
47239,392214,10,3,3,0,0,0,1,5,0,0,15.037,-143.111,-1.40655,-0.000,45.644,16.252,43.050,49.274,17.116,48.756,1488.084,2.406,-5.802,-1.40343,2.483,-5.800,-1.40645,2
47254,392224,10,3,3,0,0,0,1,5,0,0,15.037,-143.111,-1.40683,-0.000,45.644,16.252,43.050,49.274,17.116,48.756,1488.084,2.405,-5.802,-1.40371,2.483,-5.800,-1.40655,2
47269,392234,10,3,3,0,0,0,1,5,0,0,15.037,-143.111,-1.40682,-0.000,45.644,16.252,43.050,49.274,17.116,48.756,1488.084,2.405,-5.802,-1.40370,2.482,-5.800,-1.40683,2
47269,392244,10,3,3,0,0,0,1,5,0,0,14.962,-143.111,-1.40674,-0.000,45.644,16.252,43.050,49.274,17.116,48.756,1488.084,2.407,-5.877,-1.40362,2.482,-5.800,-1.40682,2
47285,392254,10,3,3,0,0,0,1,5,0,0,15.037,-143.111,-1.40671,-0.000,45.644,16.252,43.050,49.274,17.116,48.756,1488.084,2.405,-5.802,-1.40359,2.484,-5.876,-1.40674,2
47301,392264,10,3,3,0,0,0,1,5,0,0,15.037,-143.111,-1.40690,-0.000,45.644,16.252,43.050,49.274,17.116,48.756,1488.084,2.405,-5.802,-1.40378,2.482,-5.800,-1.40671,2
47301,392274,10,3,3,0,0,0,1,5,0,0,15.037,-143.111,-1.40684,-0.000,45.644,16.252,43.050,49.274,17.116,48.756,1488.084,2.405,-5.802,-1.40372,2.482,-5.800,-1.40690,2
47316,392284,10,3,3,0,0,0,1,5,0,0,15.037,-143.111,-1.40696,-0.000,45.644,16.252,43.050,49.274,17.116,48.756,1488.084,2.405,-5.802,-1.40384,2.482,-5.800,-1.40684,2
47316,392294,10,3,3,0,0,0,1,5,0,0,15.037,-143.111,-1.40704,-0.000,45.644,16.252,43.050,49.274,17.116,48.756,1488.084,2.405,-5.802,-1.40392,2.482,-5.800,-1.40696,2
47332,392304,10,3,3,0,0,0,1,5,0,0,15.037,-143.111,-1.40685,-0.000,45.644,16.252,43.050,49.274,17.116,48.756,1488.084,2.405,-5.802,-1.40373,2.482,-5.800,-1.40704,2
47347,392314,10,3,3,0,0,0,1,5,0,0,15.037,-143.111,-1.40668,-0.000,45.644,16.252,43.050,49.274,17.116,48.756,1488.084,2.406,-5.802,-1.40356,2.482,-5.800,-1.40685,2
47347,392324,10,3,3,0,0,0,1,5,0,0,15.037,-143.111,-1.40649,-0.000,45.644,16.252,43.050,49.274,17.116,48.756,1488.084,2.406,-5.802,-1.40337,2.483,-5.800,-1.40668,2
47363,392334,10,3,3,0,0,0,1,5,0,0,15.037,-143.111,-1.40642,-0.000,45.644,16.252,43.050,49.274,17.116,48.756,1488.084,2.406,-5.802,-1.40330,2.483,-5.800,-1.40649,2
47378,392344,10,3,3,0,0,0,1,5,0,0,15.037,-143.111,-1.40645,-0.000,45.644,16.252,43.050,49.274,17.116,48.756,1488.084,2.406,-5.802,-1.40333,2.483,-5.800,-1.40642,2
47378,392354,10,3,3,0,0,0,1,5,0,0,15.037,-143.111,-1.40648,-0.000,45.644,16.252,43.050,49.274,17.116,48.756,1488.084,2.406,-5.802,-1.40336,2.483,-5.800,-1.40645,2
47393,392364,10,3,3,0,0,0,1,5,0,0,15.037,-143.111,-1.40667,-0.000,45.644,16.252,43.050,49.274,17.116,48.756,1488.084,2.406,-5.802,-1.40355,2.483,-5.800,-1.40648,2
47409,392374,10,3,3,0,0,0,1,5,0,0,15.037,-143.111,-1.40683,-0.000,45.644,16.252,43.050,49.274,17.116,48.756,1488.084,2.405,-5.802,-1.40371,2.483,-5.800,-1.40667,2
47409,392384,10,3,3,0,0,0,1,5,0,0,15.037,-143.111,-1.40664,-0.000,45.644,16.252,43.050,49.274,17.116,48.756,1488.084,2.406,-5.802,-1.40352,2.482,-5.800,-1.40683,2
47425,392394,10,3,3,0,0,0,1,5,0,0,15.037,-143.111,-1.40651,-0.000,45.644,16.252,43.050,49.274,17.116,48.756,1488.084,2.406,-5.802,-1.40339,2.483,-5.800,-1.40664,2
47440,392404,10,3,3,0,0,0,1,5,0,0,15.037,-143.111,-1.40654,-0.000,45.644,16.252,43.050,49.274,17.116,48.756,1488.084,2.406,-5.802,-1.40342,2.483,-5.800,-1.40651,2
47440,392414,10,3,3,0,0,0,1,5,0,0,15.037,-143.111,-1.40657,-0.000,45.644,16.252,43.050,49.274,17.116,48.756,1488.084,2.406,-5.802,-1.40345,2.483,-5.800,-1.40654,2
47457,392424,10,3,3,0,0,0,1,5,0,0,14.962,-143.111,-1.40659,-0.000,45.644,16.252,43.050,49.274,17.116,48.756,1488.084,2.407,-5.877,-1.40347,2.483,-5.800,-1.40657,2
47457,392434,10,3,3,0,0,0,1,5,0,0,15.037,-143.111,-1.40663,-0.000,45.644,16.252,43.050,49.274,17.116,48.756,1488.084,2.406,-5.802,-1.40351,2.484,-5.876,-1.40659,2
47472,392444,10,3,3,0,0,0,1,5,0,0,15.037,-143.111,-1.40659,-0.000,45.644,16.252,43.050,49.274,17.116,48.756,1488.084,2.406,-5.802,-1.40347,2.483,-5.800,-1.40663,2
47488,392454,10,3,3,0,0,0,1,5,0,0,15.037,-143.111,-1.40662,-0.000,45.644,16.252,43.050,49.274,17.116,48.756,1488.084,2.406,-5.802,-1.40350,2.483,-5.800,-1.40659,2
47488,392464,10,3,3,0,0,0,1,5,0,0,15.037,-143.111,-1.40646,-0.000,45.644,16.252,43.050,49.274,17.116,48.756,1488.084,2.406,-5.802,-1.40334,2.483,-5.800,-1.40662,2
47504,392474,10,3,3,0,0,0,1,5,0,0,15.037,-143.111,-1.40650,-0.000,45.644,16.252,43.050,49.274,17.116,48.756,1488.084,2.406,-5.802,-1.40338,2.483,-5.800,-1.40646,2
47520,392484,10,3,3,0,0,0,1,5,0,0,15.037,-143.111,-1.40663,-0.000,45.644,16.252,43.050,49.274,17.116,48.756,1488.084,2.406,-5.802,-1.40351,2.483,-5.800,-1.40650,2
47520,392494,10,3,3,0,0,0,1,5,0,0,15.037,-143.111,-1.40665,-0.000,45.644,16.252,43.050,49.274,17.116,48.756,1488.084,2.406,-5.802,-1.40353,2.483,-5.800,-1.40663,2
47535,392504,10,3,3,0,0,0,1,5,0,0,15.037,-143.111,-1.40645,-0.000,45.644,16.252,43.050,49.274,17.116,48.756,1488.084,2.406,-5.802,-1.40333,2.483,-5.800,-1.40665,2
47550,392514,10,3,3,0,0,0,1,5,0,0,15.037,-143.111,-1.40657,-0.000,45.644,16.252,43.050,49.274,17.116,48.756,1488.084,2.406,-5.802,-1.40345,2.483,-5.800,-1.40645,2
47550,392524,10,3,3,0,0,0,1,5,0,0,15.037,-143.111,-1.40633,-0.000,45.644,16.252,43.050,49.274,17.116,48.756,1488.084,2.406,-5.802,-1.40321,2.483,-5.800,-1.40657,2
47565,392534,10,3,3,0,0,0,1,5,0,0,15.037,-143.111,-1.40648,-0.000,45.644,16.252,43.050,49.274,17.116,48.756,1488.084,2.406,-5.802,-1.40336,2.483,-5.800,-1.40633,2
47581,392544,10,3,3,0,0,0,1,5,0,0,15.037,-143.111,-1.40653,-0.000,45.644,16.252,43.050,49.274,17.116,48.756,1488.084,2.406,-5.802,-1.40341,2.483,-5.800,-1.40648,2
47581,392554,10,3,3,0,0,0,1,5,0,0,15.037,-143.111,-1.40667,-0.000,45.644,16.252,43.050,49.274,17.116,48.756,1488.084,2.406,-5.802,-1.40355,2.483,-5.800,-1.40653,2
47596,392564,10,3,3,0,0,0,1,5,0,0,15.037,-143.111,-1.40656,-0.000,45.644,16.252,43.050,49.274,17.116,48.756,1488.084,2.406,-5.802,-1.40344,2.483,-5.800,-1.40667,2
47596,392574,10,3,3,0,0,0,1,5,0,0,15.037,-143.111,-1.40658,-0.000,45.644,16.252,43.050,49.274,17.116,48.756,1488.084,2.406,-5.802,-1.40345,2.483,-5.800,-1.40656,2
47611,392584,10,3,3,0,0,0,1,5,0,0,15.037,-143.111,-1.40663,-0.000,45.644,16.252,43.050,49.274,17.116,48.756,1488.084,2.406,-5.802,-1.40351,2.483,-5.800,-1.40658,2
47626,392594,10,3,3,0,0,0,1,5,0,0,15.037,-143.111,-1.40667,-0.000,45.644,16.252,43.050,49.274,17.116,48.756,1488.084,2.406,-5.802,-1.40355,2.483,-5.800,-1.40663,2
47626,392604,10,3,3,0,0,0,1,5,0,0,15.037,-143.111,-1.40649,-0.000,45.644,16.252,43.050,49.274,17.116,48.756,1488.084,2.406,-5.802,-1.40337,2.483,-5.800,-1.40667,2
47642,392614,10,3,3,0,0,0,1,5,0,0,15.037,-143.111,-1.40640,-0.000,45.644,16.252,43.050,49.274,17.116,48.756,1488.084,2.406,-5.802,-1.40328,2.483,-5.800,-1.40649,2
47657,392624,10,3,3,0,0,0,1,5,0,0,15.037,-143.111,-1.40664,-0.000,45.644,16.252,43.050,49.274,17.116,48.756,1488.084,2.406,-5.802,-1.40351,2.483,-5.800,-1.40640,2
47657,392634,10,3,3,0,0,0,1,5,0,0,15.037,-143.111,-1.40651,-0.000,45.644,16.252,43.050,49.274,17.116,48.756,1488.084,2.406,-5.802,-1.40339,2.483,-5.800,-1.40663,2
47673,392644,10,3,3,0,0,0,1,5,0,0,15.037,-143.111,-1.40651,-0.000,45.644,16.252,43.050,49.274,17.116,48.756,1488.084,2.406,-5.802,-1.40339,2.483,-5.800,-1.40651,2
47688,392654,10,3,3,0,0,0,1,5,0,0,15.037,-143.111,-1.40629,-0.000,45.644,16.252,43.050,49.274,17.116,48.756,1488.084,2.406,-5.802,-1.40317,2.483,-5.800,-1.40651,2
47688,392664,10,3,3,0,0,0,1,5,0,0,15.037,-143.111,-1.40650,-0.000,45.644,16.252,43.050,49.274,17.116,48.756,1488.084,2.406,-5.802,-1.40338,2.483,-5.800,-1.40629,2
47704,392674,10,3,3,0,0,0,1,5,0,0,15.037,-143.111,-1.40664,-0.000,45.644,16.252,43.050,49.274,17.116,48.756,1488.084,2.406,-5.802,-1.40352,2.483,-5.800,-1.40650,2
47720,392684,10,3,3,0,0,0,1,5,0,0,15.037,-143.111,-1.40682,-0.000,45.644,16.252,43.050,49.274,17.116,48.756,1488.084,2.405,-5.802,-1.40370,2.483,-5.800,-1.40664,2
47720,392694,10,3,3,0,0,0,1,5,0,0,15.037,-143.111,-1.40670,-0.000,45.644,16.252,43.050,49.274,17.116,48.756,1488.084,2.405,-5.802,-1.40358,2.482,-5.800,-1.40682,2
47735,392704,10,3,3,0,0,0,1,5,0,0,15.037,-143.111,-1.40663,-0.000,45.644,16.252,43.050,49.274,17.116,48.756,1488.084,2.406,-5.802,-1.40351,2.482,-5.800,-1.40670,2
47752,392714,10,3,3,0,0,0,1,5,0,0,15.037,-143.111,-1.40673,-0.000,45.644,16.252,43.050,49.274,17.116,48.756,1488.084,2.405,-5.802,-1.40361,2.483,-5.800,-1.40663,2
47752,392724,10,3,3,0,0,0,1,5,0,0,15.037,-143.111,-1.40681,-0.000,45.644,16.252,43.050,49.274,17.116,48.756,1488.084,2.405,-5.802,-1.40369,2.482,-5.800,-1.40673,2
47766,392734,10,3,3,0,0,0,1,5,0,0,15.037,-143.111,-1.40684,-0.000,45.644,16.252,43.050,49.274,17.116,48.756,1488.084,2.405,-5.802,-1.40372,2.482,-5.800,-1.40681,2
47766,392744,10,3,3,0,0,0,1,5,0,0,15.037,-143.111,-1.40666,-0.000,45.644,16.252,43.050,49.274,17.116,48.756,1488.084,2.406,-5.802,-1.40354,2.482,-5.800,-1.40684,2
47782,392754,10,3,3,0,0,0,1,5,0,0,15.037,-143.111,-1.40668,-0.000,45.644,16.252,43.050,49.274,17.116,48.756,1488.084,2.406,-5.802,-1.40356,2.483,-5.800,-1.40666,2
47798,392764,10,3,3,0,0,0,1,5,0,0,15.037,-143.111,-1.40651,-0.000,45.644,16.252,43.050,49.274,17.116,48.756,1488.084,2.406,-5.802,-1.40339,2.482,-5.800,-1.40668,2
47798,392774,10,3,3,0,0,0,1,5,0,0,15.037,-143.111,-1.40650,-0.000,45.644,16.252,43.050,49.274,17.116,48.756,1488.084,2.406,-5.802,-1.40338,2.483,-5.800,-1.40651,2
47812,392784,10,3,3,0,0,0,1,5,0,0,15.037,-143.111,-1.40637,-0.000,45.644,16.252,43.050,49.274,17.116,48.756,1488.084,2.406,-5.802,-1.40325,2.483,-5.800,-1.40650,2
47828,392794,10,3,3,0,0,0,1,5,0,0,15.037,-143.111,-1.40652,-0.000,45.644,16.252,43.050,49.274,17.116,48.756,1488.084,2.406,-5.802,-1.40340,2.483,-5.800,-1.40637,2
47828,392804,10,3,3,0,0,0,1,5,0,0,15.037,-143.111,-1.40643,-0.000,45.644,16.252,43.050,49.274,17.116,48.756,1488.084,2.406,-5.802,-1.40330,2.483,-5.800,-1.40652,2
47844,392814,10,3,3,0,0,0,1,5,0,0,15.037,-143.111,-1.40653,-0.000,45.644,16.252,43.050,49.274,17.116,48.756,1488.084,2.406,-5.802,-1.40341,2.483,-5.800,-1.40643,2
47859,392824,10,3,3,0,0,0,1,5,0,0,15.037,-143.111,-1.40657,-0.000,45.644,16.252,43.050,49.274,17.116,48.756,1488.084,2.406,-5.802,-1.40344,2.483,-5.800,-1.40653,2
47859,392834,10,3,3,0,0,0,1,5,0,0,15.037,-143.111,-1.40652,-0.000,45.644,16.252,43.050,49.274,17.116,48.756,1488.084,2.406,-5.802,-1.40340,2.483,-5.800,-1.40657,2
47875,392844,10,3,3,0,0,0,1,5,0,0,14.962,-143.111,-1.40663,-0.000,45.644,16.252,43.050,49.274,17.116,48.756,1488.084,2.407,-5.877,-1.40351,2.483,-5.800,-1.40652,2
47890,392854,10,3,3,0,0,0,1,5,0,0,15.037,-143.111,-1.40668,-0.000,45.644,16.252,43.050,49.274,17.116,48.756,1488.084,2.406,-5.802,-1.40356,2.484,-5.876,-1.40663,2
47890,392864,10,3,3,0,0,0,1,5,0,0,15.037,-143.111,-1.40659,-0.000,45.644,16.252,43.050,49.274,17.116,48.756,1488.084,2.406,-5.802,-1.40347,2.483,-5.800,-1.40668,2
47906,392874,10,3,3,0,0,0,1,5,0,0,15.037,-143.111,-1.40665,-0.000,45.644,16.252,43.050,49.274,17.116,48.756,1488.084,2.406,-5.802,-1.40353,2.483,-5.800,-1.40659,2
47906,392884,10,3,3,0,0,0,1,5,0,0,15.037,-143.111,-1.40660,-0.000,45.644,16.252,43.050,49.274,17.116,48.756,1488.084,2.406,-5.802,-1.40348,2.483,-5.800,-1.40665,2
47937,392894,10,3,3,0,0,0,1,5,0,0,15.037,-143.111,-1.40662,-0.000,45.644,16.252,43.050,49.274,17.116,48.756,1488.084,2.406,-5.802,-1.40350,2.483,-5.800,-1.40660,2
47937,392904,10,3,3,0,0,0,1,5,0,0,15.037,-143.111,-1.40682,-0.000,45.644,16.252,43.050,49.274,17.116,48.756,1488.084,2.405,-5.802,-1.40370,2.483,-5.800,-1.40662,2
47937,392914,10,3,3,0,0,0,1,5,0,0,15.037,-143.111,-1.40675,-0.000,45.644,16.252,43.050,49.274,17.116,48.756,1488.084,2.405,-5.802,-1.40363,2.482,-5.800,-1.40682,2
47968,392924,10,3,3,0,0,0,1,5,0,0,15.037,-143.111,-1.40673,-0.000,45.644,16.252,43.050,49.274,17.116,48.756,1488.084,2.405,-5.802,-1.40361,2.482,-5.800,-1.40675,2
47968,392934,10,3,3,0,0,0,1,5,0,0,15.037,-143.111,-1.40674,-0.000,45.644,16.252,43.050,49.274,17.116,48.756,1488.084,2.405,-5.802,-1.40362,2.482,-5.800,-1.40673,2
47968,392944,10,3,3,0,0,0,1,5,0,0,15.037,-143.111,-1.40683,-0.000,45.644,16.252,43.050,49.274,17.116,48.756,1488.084,2.405,-5.802,-1.40371,2.482,-5.800,-1.40674,2
47984,392954,10,3,3,0,0,0,1,5,0,0,15.037,-143.111,-1.40662,-0.000,45.644,16.252,43.050,49.274,17.116,48.756,1488.084,2.406,-5.802,-1.40350,2.482,-5.800,-1.40683,2
48014,392964,10,3,3,0,0,0,1,5,0,0,15.037,-143.111,-1.40664,-0.000,45.644,16.252,43.050,49.274,17.116,48.756,1488.084,2.406,-5.802,-1.40352,2.483,-5.800,-1.40662,2
48014,392974,10,3,3,0,0,0,1,5,0,0,15.037,-143.111,-1.40646,-0.000,45.644,16.252,43.050,49.274,17.116,48.756,1488.084,2.406,-5.802,-1.40334,2.483,-5.800,-1.40664,2
48014,392984,10,3,3,0,0,0,1,5,0,0,15.037,-143.111,-1.40654,-0.000,45.644,16.252,43.050,49.274,17.116,48.756,1488.084,2.406,-5.802,-1.40342,2.483,-5.800,-1.40646,2
48046,392994,10,3,3,0,0,0,1,5,0,0,15.037,-143.111,-1.40648,-0.000,45.644,16.252,43.050,49.274,17.116,48.756,1488.084,2.406,-5.802,-1.40336,2.483,-5.800,-1.40654,2
48046,393004,10,3,3,0,0,0,1,5,0,0,15.037,-143.111,-1.40653,-0.000,45.644,16.252,43.050,49.274,17.116,48.756,1488.084,2.406,-5.802,-1.40341,2.483,-5.800,-1.40648,2
48046,393014,10,3,3,0,0,0,1,5,0,0,15.037,-143.111,-1.40679,-0.000,45.644,16.252,43.050,49.274,17.116,48.756,1488.084,2.405,-5.802,-1.40367,2.483,-5.800,-1.40653,2
48046,393024,10,3,3,0,0,0,1,5,0,0,15.037,-143.111,-1.40709,-0.000,45.644,16.252,43.050,49.274,17.116,48.756,1488.084,2.405,-5.802,-1.40397,2.482,-5.800,-1.40679,2
48062,393034,10,3,3,0,0,0,1,5,0,0,15.037,-143.111,-1.40712,-0.000,45.644,16.252,43.050,49.274,17.116,48.756,1488.084,2.405,-5.802,-1.40400,2.482,-5.801,-1.40709,2
48078,393044,10,3,3,0,0,0,1,5,0,0,15.037,-143.111,-1.40708,-0.000,45.644,16.252,43.050,49.274,17.116,48.756,1488.084,2.405,-5.802,-1.40396,2.482,-5.801,-1.40712,2
48078,393054,10,3,3,0,0,0,1,5,0,0,15.037,-143.111,-1.40683,-0.000,45.644,16.252,43.050,49.274,17.116,48.756,1488.084,2.405,-5.802,-1.40371,2.482,-5.801,-1.40708,2
48093,393064,10,3,3,0,0,0,1,5,0,0,15.037,-143.111,-1.40681,-0.000,45.644,16.252,43.050,49.274,17.116,48.756,1488.084,2.405,-5.802,-1.40369,2.482,-5.800,-1.40683,2
48110,393074,10,3,3,0,0,0,1,5,0,0,15.037,-143.111,-1.40676,-0.000,45.644,16.252,43.050,49.274,17.116,48.756,1488.084,2.405,-5.802,-1.40363,2.482,-5.800,-1.40681,2
48110,393084,10,3,3,0,0,0,1,5,0,0,15.037,-143.111,-1.40663,-0.000,45.644,16.252,43.050,49.274,17.116,48.756,1488.084,2.406,-5.802,-1.40351,2.482,-5.800,-1.40675,2
48125,393094,10,3,3,0,0,0,1,5,0,0,15.037,-143.111,-1.40680,-0.000,45.644,16.252,43.050,49.274,17.116,48.756,1488.084,2.405,-5.802,-1.40368,2.483,-5.800,-1.40663,2
48141,393104,10,3,3,0,0,0,1,5,0,0,15.037,-143.111,-1.40668,-0.000,45.644,16.252,43.050,49.274,17.116,48.756,1488.084,2.406,-5.802,-1.40356,2.482,-5.800,-1.40680,2
48141,393114,10,3,3,0,0,0,1,5,0,0,15.037,-143.111,-1.40701,-0.000,45.644,16.252,43.050,49.274,17.116,48.756,1488.084,2.405,-5.802,-1.40389,2.482,-5.800,-1.40668,2
48157,393124,10,3,3,0,0,0,1,5,0,0,15.037,-143.111,-1.40703,-0.000,45.644,16.252,43.050,49.274,17.116,48.756,1488.084,2.405,-5.802,-1.40391,2.482,-5.800,-1.40701,2
48157,393134,10,3,3,0,0,0,1,5,0,0,15.037,-143.111,-1.40684,-0.000,45.644,16.252,43.050,49.274,17.116,48.756,1488.084,2.405,-5.802,-1.40372,2.482,-5.800,-1.40703,2
48172,393144,10,3,3,0,0,0,1,5,0,0,15.037,-143.111,-1.40669,-0.000,45.644,16.252,43.050,49.274,17.116,48.756,1488.084,2.406,-5.802,-1.40357,2.482,-5.800,-1.40684,2
48188,393154,10,3,3,0,0,0,1,5,0,0,14.962,-143.111,-1.40665,-0.000,45.644,16.252,43.050,49.274,17.116,48.756,1488.084,2.407,-5.877,-1.40353,2.482,-5.800,-1.40669,2
48188,393164,10,3,3,0,0,0,1,5,0,0,15.037,-143.111,-1.40670,-0.000,45.644,16.252,43.050,49.274,17.116,48.756,1488.084,2.405,-5.802,-1.40358,2.484,-5.876,-1.40665,2
48202,393174,10,3,3,0,0,0,1,5,0,0,15.037,-143.111,-1.40690,-0.000,45.644,16.252,43.050,49.274,17.116,48.756,1488.084,2.405,-5.802,-1.40378,2.482,-5.800,-1.40670,2
48233,393184,10,3,3,0,0,0,1,5,0,0,15.037,-143.111,-1.40693,-0.000,45.644,16.252,43.050,49.274,17.116,48.756,1488.084,2.405,-5.802,-1.40381,2.482,-5.800,-1.40690,2
48233,393194,10,3,3,0,0,0,1,5,0,0,15.037,-143.111,-1.40692,-0.000,45.644,16.252,43.050,49.274,17.116,48.756,1488.084,2.405,-5.802,-1.40380,2.482,-5.800,-1.40693,2
48233,393204,10,3,3,0,0,0,1,5,0,0,15.037,-143.111,-1.40712,-0.000,45.644,16.252,43.050,49.274,17.116,48.756,1488.084,2.405,-5.802,-1.40400,2.482,-5.800,-1.40692,2
48264,393214,10,3,3,0,0,0,1,5,0,0,15.037,-143.111,-1.40713,-0.000,45.644,16.252,43.050,49.274,17.116,48.756,1488.084,2.405,-5.802,-1.40401,2.482,-5.801,-1.40712,2
48264,393224,10,3,3,0,0,0,1,5,0,0,15.037,-143.111,-1.40721,-0.000,45.644,16.252,43.050,49.274,17.116,48.756,1488.084,2.405,-5.802,-1.40409,2.482,-5.801,-1.40713,2
48264,393234,10,3,3,0,0,0,1,5,0,0,15.037,-143.111,-1.40729,-0.000,45.644,16.252,43.050,49.274,17.116,48.756,1488.084,2.405,-5.802,-1.40417,2.482,-5.801,-1.40721,2
48279,393244,10,3,3,0,0,0,1,5,0,0,15.037,-143.111,-1.40719,-0.000,45.644,16.252,43.050,49.274,17.116,48.756,1488.084,2.405,-5.802,-1.40407,2.482,-5.801,-1.40729,2
48279,393254,10,3,3,0,0,0,1,5,0,0,15.037,-143.111,-1.40714,-0.000,45.644,16.252,43.050,49.274,17.116,48.756,1488.084,2.405,-5.802,-1.40402,2.482,-5.801,-1.40719,2
48294,393264,10,3,3,0,0,0,1,5,0,0,15.037,-143.111,-1.40704,-0.000,45.644,16.252,43.050,49.274,17.116,48.756,1488.084,2.405,-5.802,-1.40392,2.482,-5.801,-1.40714,2
48310,393274,10,3,3,0,0,0,1,5,0,0,15.037,-143.111,-1.40713,-0.000,45.644,16.252,43.050,49.274,17.116,48.756,1488.084,2.405,-5.802,-1.40401,2.482,-5.800,-1.40704,2
48310,393284,10,3,3,0,0,0,1,5,0,0,15.037,-143.111,-1.40707,-0.000,45.644,16.252,43.050,49.274,17.116,48.756,1488.084,2.405,-5.802,-1.40395,2.482,-5.801,-1.40713,2
48326,393294,10,3,3,0,0,0,1,5,0,0,15.037,-143.111,-1.40698,-0.000,45.644,16.252,43.050,49.274,17.116,48.756,1488.084,2.405,-5.802,-1.40386,2.482,-5.800,-1.40707,2
48326,393304,10,3,3,0,0,0,1,5,0,0,15.037,-143.111,-1.40709,-0.000,45.644,16.252,43.050,49.274,17.116,48.756,1488.084,2.405,-5.802,-1.40397,2.482,-5.800,-1.40698,2
48342,393314,10,3,3,0,0,0,1,5,0,0,15.037,-143.111,-1.40715,-0.000,45.644,16.252,43.050,49.274,17.116,48.756,1488.084,2.405,-5.802,-1.40403,2.482,-5.801,-1.40709,2
48358,393324,10,3,3,0,0,0,1,5,0,0,15.037,-143.111,-1.40730,-0.000,45.644,16.252,43.050,49.274,17.116,48.756,1488.084,2.405,-5.802,-1.40417,2.482,-5.801,-1.40715,2
48358,393334,10,3,3,0,0,0,1,5,0,0,15.037,-143.111,-1.40709,-0.000,45.644,16.252,43.050,49.274,17.116,48.756,1488.084,2.405,-5.802,-1.40397,2.482,-5.801,-1.40729,2
48373,393344,10,3,3,0,0,0,1,5,0,0,15.037,-143.111,-1.40707,-0.000,45.644,16.252,43.050,49.274,17.116,48.756,1488.084,2.405,-5.802,-1.40395,2.482,-5.801,-1.40709,2
48389,393354,10,3,3,0,0,0,1,5,0,0,15.037,-143.111,-1.40700,-0.000,45.644,16.252,43.050,49.274,17.116,48.756,1488.084,2.405,-5.802,-1.40388,2.482,-5.800,-1.40707,2
48389,393364,10,3,3,0,0,0,1,5,0,0,15.037,-143.111,-1.40700,-0.000,45.644,16.252,43.050,49.274,17.116,48.756,1488.084,2.405,-5.802,-1.40388,2.482,-5.800,-1.40700,2
48421,393374,10,3,3,0,0,0,1,5,0,0,15.037,-143.111,-1.40687,-0.000,45.644,16.252,43.050,49.274,17.116,48.756,1488.084,2.405,-5.802,-1.40375,2.482,-5.800,-1.40700,2
48421,393384,10,3,3,0,0,0,1,5,0,0,15.037,-143.111,-1.40655,-0.000,45.644,16.252,43.050,49.274,17.116,48.756,1488.084,2.406,-5.802,-1.40343,2.482,-5.800,-1.40687,2
48421,393394,10,3,3,0,0,0,1,5,0,0,15.037,-143.111,-1.40647,-0.000,45.644,16.252,43.050,49.274,17.116,48.756,1488.084,2.406,-5.802,-1.40335,2.483,-5.800,-1.40655,2
48437,393404,10,3,3,0,0,0,1,5,0,0,15.037,-143.111,-1.40647,-0.000,45.644,16.252,43.050,49.274,17.116,48.756,1488.084,2.406,-5.802,-1.40335,2.483,-5.800,-1.40647,2
48437,393414,10,3,3,0,0,0,1,5,0,0,15.037,-143.111,-1.40612,-0.000,45.644,16.252,43.050,49.274,17.116,48.756,1488.084,2.406,-5.802,-1.40300,2.483,-5.800,-1.40647,2
48453,393424,10,3,3,0,0,0,1,5,0,0,15.037,-143.111,-1.40608,-0.000,45.644,16.252,43.050,49.274,17.116,48.756,1488.084,2.406,-5.802,-1.40296,2.483,-5.800,-1.40612,2
48469,393434,10,3,3,0,0,0,1,5,0,0,15.037,-143.111,-1.40608,-0.000,45.644,16.252,43.050,49.274,17.116,48.756,1488.084,2.406,-5.802,-1.40296,2.483,-5.800,-1.40608,2
48469,393444,10,3,3,0,0,0,1,5,0,0,15.037,-143.111,-1.40607,-0.000,45.644,16.252,43.050,49.274,17.116,48.756,1488.084,2.406,-5.802,-1.40295,2.483,-5.800,-1.40608,2
48484,393454,10,3,3,0,0,0,1,5,0,0,15.037,-143.111,-1.40610,-0.000,45.644,16.252,43.050,49.274,17.116,48.756,1488.084,2.406,-5.802,-1.40298,2.483,-5.800,-1.40607,2
48514,393464,10,3,3,0,0,0,1,5,0,0,15.037,-143.111,-1.40626,-0.000,45.644,16.252,43.050,49.274,17.116,48.756,1488.084,2.406,-5.802,-1.40314,2.483,-5.800,-1.40610,2
48514,393474,10,3,3,0,0,0,1,5,0,0,15.037,-143.111,-1.40647,-0.000,45.644,16.252,43.050,49.274,17.116,48.756,1488.084,2.406,-5.802,-1.40335,2.483,-5.800,-1.40626,2
48514,393484,10,3,3,0,0,0,1,5,0,0,15.037,-143.111,-1.40634,-0.000,45.644,16.252,43.050,49.274,17.116,48.756,1488.084,2.406,-5.802,-1.40322,2.483,-5.800,-1.40647,2
48546,393494,10,3,3,0,0,0,1,5,0,0,15.037,-143.111,-1.40640,-0.000,45.644,16.252,43.050,49.274,17.116,48.756,1488.084,2.406,-5.802,-1.40328,2.483,-5.800,-1.40634,2
48546,393504,10,3,3,0,0,0,1,5,0,0,15.037,-143.111,-1.40656,-0.000,45.644,16.252,43.050,49.274,17.116,48.756,1488.084,2.406,-5.802,-1.40344,2.483,-5.800,-1.40640,2
48546,393514,10,3,3,0,0,0,1,5,0,0,15.037,-143.111,-1.40667,-0.000,45.644,16.252,43.050,49.274,17.116,48.756,1488.084,2.406,-5.802,-1.40355,2.483,-5.800,-1.40656,2
48546,393524,10,3,3,0,0,0,1,5,0,0,15.037,-143.111,-1.40654,-0.000,45.644,16.252,43.050,49.274,17.116,48.756,1488.084,2.406,-5.802,-1.40342,2.483,-5.800,-1.40667,2
48562,393534,10,3,3,0,0,0,1,5,0,0,15.037,-143.111,-1.40656,-0.000,45.644,16.252,43.050,49.274,17.116,48.756,1488.084,2.406,-5.802,-1.40344,2.483,-5.800,-1.40654,2
48592,393544,10,3,3,0,0,0,1,5,0,0,15.037,-143.111,-1.40635,-0.000,45.644,16.252,43.050,49.274,17.116,48.756,1488.084,2.406,-5.802,-1.40323,2.483,-5.800,-1.40656,2
48592,393554,10,3,3,0,0,0,1,5,0,0,15.037,-143.111,-1.40663,-0.000,45.644,16.252,43.050,49.274,17.116,48.756,1488.084,2.406,-5.802,-1.40351,2.483,-5.800,-1.40635,2
48592,393564,10,3,3,0,0,0,1,5,0,0,15.037,-143.111,-1.40665,-0.000,45.644,16.252,43.050,49.274,17.116,48.756,1488.084,2.406,-5.802,-1.40353,2.483,-5.800,-1.40663,2
48623,393574,10,3,3,0,0,0,1,5,0,0,15.037,-143.111,-1.40677,-0.000,45.644,16.252,43.050,49.274,17.116,48.756,1488.084,2.405,-5.802,-1.40365,2.483,-5.800,-1.40665,2
48623,393584,10,3,3,0,0,0,1,5,0,0,15.037,-143.111,-1.40675,-0.000,45.644,16.252,43.050,49.274,17.116,48.756,1488.084,2.405,-5.802,-1.40363,2.482,-5.800,-1.40677,2
48623,393594,10,3,3,0,0,0,1,5,0,0,15.037,-143.111,-1.40670,-0.000,45.644,16.252,43.050,49.274,17.116,48.756,1488.084,2.406,-5.802,-1.40358,2.482,-5.800,-1.40675,2
48639,393604,10,3,3,0,0,0,1,5,0,0,15.037,-143.111,-1.40679,-0.000,45.644,16.252,43.050,49.274,17.116,48.756,1488.084,2.405,-5.802,-1.40367,2.482,-5.800,-1.40670,2
48639,393614,10,3,3,0,0,0,1,5,0,0,15.037,-143.111,-1.40684,-0.000,45.644,16.252,43.050,49.274,17.116,48.756,1488.084,2.405,-5.802,-1.40372,2.482,-5.800,-1.40679,2
48670,393624,10,3,3,0,0,0,1,5,0,0,15.037,-143.111,-1.40680,-0.000,45.644,16.252,43.050,49.274,17.116,48.756,1488.084,2.405,-5.802,-1.40368,2.482,-5.800,-1.40684,2
48670,393634,10,3,3,0,0,0,1,5,0,0,15.037,-143.111,-1.40641,-0.000,45.644,16.252,43.050,49.274,17.116,48.756,1488.084,2.406,-5.802,-1.40329,2.482,-5.800,-1.40680,2
48670,393644,10,3,3,0,0,0,1,5,0,0,15.037,-143.111,-1.40663,-0.000,45.644,16.252,43.050,49.274,17.116,48.756,1488.084,2.406,-5.802,-1.40351,2.483,-5.800,-1.40641,2
48686,393654,10,3,3,0,0,0,1,5,0,0,15.037,-143.111,-1.40683,-0.000,45.644,16.252,43.050,49.274,17.116,48.756,1488.084,2.405,-5.802,-1.40371,2.483,-5.800,-1.40663,2
48686,393664,10,3,3,0,0,0,1,5,0,0,14.962,-143.111,-1.40690,-0.000,45.644,16.252,43.050,49.274,17.116,48.756,1488.084,2.407,-5.877,-1.40378,2.482,-5.800,-1.40683,2
48702,393674,10,3,3,0,0,0,1,5,0,0,15.037,-143.111,-1.40695,-0.000,45.644,16.252,43.050,49.274,17.116,48.756,1488.084,2.405,-5.802,-1.40383,2.484,-5.876,-1.40690,2
48733,393684,10,3,3,0,0,0,1,5,0,0,15.037,-143.111,-1.40677,-0.000,45.644,16.252,43.050,49.274,17.116,48.756,1488.084,2.405,-5.802,-1.40365,2.482,-5.800,-1.40695,2
48733,393694,10,3,3,0,0,0,1,5,0,0,15.037,-143.111,-1.40676,-0.000,45.644,16.252,43.050,49.274,17.116,48.756,1488.084,2.405,-5.802,-1.40364,2.482,-5.800,-1.40677,2
48733,393704,10,3,3,0,0,0,1,5,0,0,15.037,-143.111,-1.40676,-0.000,45.644,16.252,43.050,49.274,17.116,48.756,1488.084,2.405,-5.802,-1.40363,2.482,-5.800,-1.40676,2
48763,393714,10,3,3,0,0,0,1,5,0,0,15.037,-143.111,-1.40678,-0.000,45.644,16.252,43.050,49.274,17.116,48.756,1488.084,2.405,-5.802,-1.40366,2.482,-5.800,-1.40675,2
48763,393724,10,3,3,0,0,0,1,5,0,0,15.037,-143.111,-1.40664,-0.000,45.644,16.252,43.050,49.274,17.116,48.756,1488.084,2.406,-5.802,-1.40352,2.482,-5.800,-1.40678,2
48763,393734,10,3,3,0,0,0,1,5,0,0,15.037,-143.111,-1.40668,-0.000,45.644,16.252,43.050,49.274,17.116,48.756,1488.084,2.406,-5.802,-1.40356,2.483,-5.800,-1.40664,2
48778,393744,10,3,3,0,0,0,1,5,0,0,14.962,-143.111,-1.40656,-0.000,45.644,16.252,43.050,49.274,17.116,48.756,1488.084,2.408,-5.877,-1.40344,2.482,-5.800,-1.40668,2
48778,393754,10,3,3,0,0,0,1,5,0,0,15.037,-143.111,-1.40649,-0.000,45.644,16.252,43.050,49.274,17.116,48.756,1488.084,2.406,-5.802,-1.40337,2.485,-5.876,-1.40656,2
48794,393764,10,3,3,0,0,0,1,5,0,0,15.037,-143.111,-1.40658,-0.000,45.644,16.252,43.050,49.274,17.116,48.756,1488.084,2.406,-5.802,-1.40346,2.483,-5.800,-1.40649,2
48810,393774,10,3,3,0,0,0,1,5,0,0,15.037,-143.111,-1.40668,-0.000,45.644,16.252,43.050,49.274,17.116,48.756,1488.084,2.406,-5.802,-1.40356,2.483,-5.800,-1.40658,2
48810,393784,10,3,3,0,0,0,1,5,0,0,15.037,-143.111,-1.40667,-0.000,45.644,16.252,43.050,49.274,17.116,48.756,1488.084,2.406,-5.802,-1.40355,2.482,-5.800,-1.40668,2
48825,393794,10,3,3,0,0,0,1,5,0,0,15.037,-143.111,-1.40658,-0.000,45.644,16.252,43.050,49.274,17.116,48.756,1488.084,2.406,-5.802,-1.40346,2.483,-5.800,-1.40667,2
48841,393804,10,3,3,0,0,0,1,5,0,0,15.037,-143.111,-1.40663,-0.000,45.644,16.252,43.050,49.274,17.116,48.756,1488.084,2.406,-5.802,-1.40351,2.483,-5.800,-1.40658,2
48841,393814,10,3,3,0,0,0,1,5,0,0,15.037,-143.111,-1.40641,-0.000,45.644,16.252,43.050,49.274,17.116,48.756,1488.084,2.406,-5.802,-1.40329,2.483,-5.800,-1.40663,2
48856,393824,10,3,3,0,0,0,1,5,0,0,15.037,-143.111,-1.40643,-0.000,45.644,16.252,43.050,49.274,17.116,48.756,1488.084,2.406,-5.802,-1.40331,2.483,-5.800,-1.40641,2
48856,393834,10,3,3,0,0,0,1,5,0,0,15.037,-143.111,-1.40642,-0.000,45.644,16.252,43.050,49.274,17.116,48.756,1488.084,2.406,-5.802,-1.40330,2.483,-5.800,-1.40643,2
48872,393844,10,3,3,0,0,0,1,5,0,0,15.037,-143.111,-1.40648,-0.000,45.644,16.252,43.050,49.274,17.116,48.756,1488.084,2.406,-5.802,-1.40336,2.483,-5.800,-1.40642,2
48887,393854,10,3,3,0,0,0,1,5,0,0,15.037,-143.111,-1.40676,-0.000,45.644,16.252,43.050,49.274,17.116,48.756,1488.084,2.405,-5.802,-1.40364,2.483,-5.800,-1.40648,2
48887,393864,10,3,3,0,0,0,1,5,0,0,15.037,-143.111,-1.40702,-0.000,45.644,16.252,43.050,49.274,17.116,48.756,1488.084,2.405,-5.802,-1.40390,2.482,-5.800,-1.40676,2
48902,393874,10,3,3,0,0,0,1,5,0,0,15.037,-143.111,-1.40693,-0.000,45.644,16.252,43.050,49.274,17.116,48.756,1488.084,2.405,-5.802,-1.40381,2.482,-5.800,-1.40702,2
48918,393884,10,3,3,0,0,0,1,5,0,0,15.037,-143.111,-1.40696,-0.000,45.644,16.252,43.050,49.274,17.116,48.756,1488.084,2.405,-5.802,-1.40384,2.482,-5.800,-1.40693,2
48918,393894,10,3,3,0,0,0,1,5,0,0,15.037,-143.111,-1.40672,-0.000,45.644,16.252,43.050,49.274,17.116,48.756,1488.084,2.405,-5.802,-1.40360,2.482,-5.800,-1.40696,2
48933,393904,10,3,3,0,0,0,1,5,0,0,15.037,-143.111,-1.40665,-0.000,45.644,16.252,43.050,49.274,17.116,48.756,1488.084,2.406,-5.802,-1.40353,2.482,-5.800,-1.40672,2
48949,393914,10,3,3,0,0,0,1,5,0,0,15.037,-143.111,-1.40642,-0.000,45.644,16.252,43.050,49.274,17.116,48.756,1488.084,2.406,-5.802,-1.40330,2.483,-5.800,-1.40665,2
48949,393924,10,3,3,0,0,0,1,5,0,0,15.037,-143.111,-1.40658,-0.000,45.644,16.252,43.050,49.274,17.116,48.756,1488.084,2.406,-5.802,-1.40346,2.483,-5.800,-1.40642,2
48964,393934,10,3,3,0,0,0,1,5,0,0,15.037,-143.111,-1.40664,-0.000,45.644,16.252,43.050,49.274,17.116,48.756,1488.084,2.406,-5.802,-1.40352,2.483,-5.800,-1.40658,2
48980,393944,10,3,3,0,0,0,1,5,0,0,15.037,-143.111,-1.40695,-0.000,45.644,16.252,43.050,49.274,17.116,48.756,1488.084,2.405,-5.802,-1.40382,2.483,-5.800,-1.40664,2
48980,393954,10,3,3,0,0,0,1,5,0,0,15.037,-143.111,-1.40700,-0.000,45.644,16.252,43.050,49.274,17.116,48.756,1488.084,2.405,-5.802,-1.40388,2.482,-5.800,-1.40694,2
48996,393964,10,3,3,0,0,0,1,5,0,0,15.037,-143.111,-1.40716,-0.000,45.644,16.252,43.050,49.274,17.116,48.756,1488.084,2.405,-5.802,-1.40404,2.482,-5.800,-1.40700,2
48996,393974,10,3,3,0,0,0,1,5,0,0,15.037,-143.111,-1.40723,-0.000,45.644,16.252,43.050,49.274,17.116,48.756,1488.084,2.405,-5.802,-1.40411,2.482,-5.801,-1.40716,2
49012,393984,10,3,3,0,0,0,1,5,0,0,14.962,-143.111,-1.40708,-0.000,45.644,16.252,43.050,49.274,17.116,48.756,1488.084,2.407,-5.877,-1.40396,2.482,-5.801,-1.40723,2
49027,393994,10,3,3,0,0,0,1,5,0,0,15.037,-143.111,-1.40703,-0.000,45.644,16.252,43.050,49.274,17.116,48.756,1488.084,2.405,-5.802,-1.40391,2.484,-5.876,-1.40708,2
49027,394004,10,3,3,0,0,0,1,5,0,0,15.037,-143.111,-1.40683,-0.000,45.644,16.252,43.050,49.274,17.116,48.756,1488.084,2.405,-5.802,-1.40371,2.482,-5.800,-1.40703,2
49043,394014,10,3,3,0,0,0,1,5,0,0,15.037,-143.111,-1.40655,-0.000,45.644,16.252,43.050,49.274,17.116,48.756,1488.084,2.406,-5.802,-1.40343,2.482,-5.800,-1.40683,2
49059,394024,10,3,3,0,0,0,1,5,0,0,14.962,-143.111,-1.40637,-0.000,45.644,16.252,43.050,49.274,17.116,48.756,1488.084,2.408,-5.877,-1.40324,2.483,-5.800,-1.40655,2
49059,394034,10,3,3,0,0,0,1,5,0,0,15.037,-143.111,-1.40646,-0.000,45.644,16.252,43.050,49.274,17.116,48.756,1488.084,2.406,-5.802,-1.40334,2.485,-5.876,-1.40637,2
49074,394044,10,3,3,0,0,0,1,5,0,0,15.037,-143.111,-1.40646,-0.000,45.644,16.252,43.050,49.274,17.116,48.756,1488.084,2.406,-5.802,-1.40334,2.483,-5.800,-1.40646,2
49090,394054,10,3,3,0,0,0,1,5,0,0,15.037,-143.111,-1.40625,-0.000,45.644,16.252,43.050,49.274,17.116,48.756,1488.084,2.406,-5.802,-1.40313,2.483,-5.800,-1.40646,2
49090,394064,10,3,3,0,0,0,1,5,0,0,15.037,-143.111,-1.40638,-0.000,45.644,16.252,43.050,49.274,17.116,48.756,1488.084,2.406,-5.802,-1.40326,2.483,-5.800,-1.40625,2
49105,394074,10,3,3,0,0,0,1,5,0,0,15.037,-143.111,-1.40655,-0.000,45.644,16.252,43.050,49.274,17.116,48.756,1488.084,2.406,-5.802,-1.40343,2.483,-5.800,-1.40638,2
49121,394084,10,3,3,0,0,0,1,5,0,0,15.037,-143.111,-1.40679,-0.000,45.644,16.252,43.050,49.274,17.116,48.756,1488.084,2.405,-5.802,-1.40367,2.483,-5.800,-1.40655,2
49121,394094,10,3,3,0,0,0,1,5,0,0,15.037,-143.111,-1.40666,-0.000,45.644,16.252,43.050,49.274,17.116,48.756,1488.084,2.406,-5.802,-1.40354,2.482,-5.800,-1.40679,2
49136,394104,10,3,3,0,0,0,1,5,0,0,15.037,-143.111,-1.40666,-0.000,45.644,16.252,43.050,49.274,17.116,48.756,1488.084,2.406,-5.802,-1.40354,2.483,-5.800,-1.40666,2
49136,394114,10,3,3,0,0,0,1,5,0,0,15.037,-143.111,-1.40683,-0.000,45.644,16.252,43.050,49.274,17.116,48.756,1488.084,2.405,-5.802,-1.40371,2.483,-5.800,-1.40666,2
49152,394124,10,3,3,0,0,0,1,5,0,0,15.037,-143.111,-1.40678,-0.000,45.644,16.252,43.050,49.274,17.116,48.756,1488.084,2.405,-5.802,-1.40366,2.482,-5.800,-1.40683,2
49167,394134,10,3,3,0,0,0,1,5,0,0,15.037,-143.111,-1.40686,-0.000,45.644,16.252,43.050,49.274,17.116,48.756,1488.084,2.405,-5.802,-1.40374,2.482,-5.800,-1.40678,2
49167,394144,10,3,3,0,0,0,1,5,0,0,15.037,-143.111,-1.40654,-0.000,45.644,16.252,43.050,49.274,17.116,48.756,1488.084,2.406,-5.802,-1.40342,2.482,-5.800,-1.40686,2
49183,394154,10,3,3,0,0,0,1,5,0,0,15.037,-143.111,-1.40658,-0.000,45.644,16.252,43.050,49.274,17.116,48.756,1488.084,2.406,-5.802,-1.40346,2.483,-5.800,-1.40654,2
49198,394164,10,3,3,0,0,0,1,5,0,0,15.037,-143.111,-1.40648,-0.000,45.644,16.252,43.050,49.274,17.116,48.756,1488.084,2.406,-5.802,-1.40336,2.483,-5.800,-1.40658,2
49198,394174,10,3,3,0,0,0,1,5,0,0,15.037,-143.111,-1.40632,-0.000,45.644,16.252,43.050,49.274,17.116,48.756,1488.084,2.406,-5.802,-1.40320,2.483,-5.800,-1.40648,2
49213,394184,10,3,3,0,0,0,1,5,0,0,15.037,-143.111,-1.40642,-0.000,45.644,16.252,43.050,49.274,17.116,48.756,1488.084,2.406,-5.802,-1.40330,2.483,-5.800,-1.40632,2
49230,394194,10,3,3,0,0,0,1,5,0,0,15.037,-143.111,-1.40649,-0.000,45.644,16.252,43.050,49.274,17.116,48.756,1488.084,2.406,-5.802,-1.40337,2.483,-5.800,-1.40642,2
49230,394204,10,3,3,0,0,0,1,5,0,0,15.037,-143.111,-1.40649,-0.000,45.644,16.252,43.050,49.274,17.116,48.756,1488.084,2.406,-5.802,-1.40337,2.483,-5.800,-1.40649,2
49245,394214,10,3,3,0,0,0,1,5,0,0,15.037,-143.111,-1.40643,-0.000,45.644,16.252,43.050,49.274,17.116,48.756,1488.084,2.406,-5.802,-1.40331,2.483,-5.800,-1.40649,2
49261,394224,10,3,3,0,0,0,1,5,0,0,15.037,-143.111,-1.40648,-0.000,45.644,16.252,43.050,49.274,17.116,48.756,1488.084,2.406,-5.802,-1.40336,2.483,-5.800,-1.40643,2
49261,394234,10,3,3,0,0,0,1,5,0,0,15.037,-143.111,-1.40633,-0.000,45.644,16.252,43.050,49.274,17.116,48.756,1488.084,2.406,-5.802,-1.40321,2.483,-5.800,-1.40648,2
49277,394244,10,3,3,0,0,0,1,5,0,0,15.037,-143.111,-1.40616,-0.000,45.644,16.252,43.050,49.274,17.116,48.756,1488.084,2.406,-5.802,-1.40304,2.483,-5.800,-1.40633,2
49277,394254,10,3,3,0,0,0,1,5,0,0,15.037,-143.111,-1.40617,-0.000,45.644,16.252,43.050,49.274,17.116,48.756,1488.084,2.406,-5.802,-1.40305,2.483,-5.800,-1.40616,2
49292,394264,10,3,3,0,0,0,1,5,0,0,15.037,-143.111,-1.40619,-0.000,45.644,16.252,43.050,49.274,17.116,48.756,1488.084,2.406,-5.802,-1.40307,2.483,-5.800,-1.40617,2
49307,394274,10,3,3,0,0,0,1,5,0,0,15.037,-143.111,-1.40621,-0.000,45.644,16.252,43.050,49.274,17.116,48.756,1488.084,2.406,-5.802,-1.40309,2.483,-5.800,-1.40619,2
49307,394284,10,3,3,0,0,0,1,5,0,0,15.037,-143.111,-1.40620,-0.000,45.644,16.252,43.050,49.274,17.116,48.756,1488.084,2.406,-5.802,-1.40308,2.483,-5.800,-1.40621,2
49322,394294,10,3,3,0,0,0,1,5,0,0,15.037,-143.111,-1.40633,-0.000,45.644,16.252,43.050,49.274,17.116,48.756,1488.084,2.406,-5.802,-1.40320,2.483,-5.800,-1.40620,2
49338,394304,10,3,3,0,0,0,1,5,0,0,15.037,-143.111,-1.40602,-0.000,45.644,16.252,43.050,49.274,17.116,48.756,1488.084,2.406,-5.802,-1.40290,2.483,-5.800,-1.40633,2
49338,394314,10,3,3,0,0,0,1,5,0,0,15.037,-143.111,-1.40600,-0.000,45.644,16.252,43.050,49.274,17.116,48.756,1488.084,2.406,-5.802,-1.40288,2.483,-5.800,-1.40602,2
49353,394324,10,3,3,0,0,0,1,5,0,0,15.037,-143.111,-1.40612,-0.000,45.644,16.252,43.050,49.274,17.116,48.756,1488.084,2.406,-5.802,-1.40300,2.483,-5.800,-1.40600,2
49370,394334,10,3,3,0,0,0,1,5,0,0,15.037,-143.111,-1.40646,-0.000,45.644,16.252,43.050,49.274,17.116,48.756,1488.084,2.406,-5.802,-1.40334,2.483,-5.800,-1.40612,2
49370,394344,10,3,3,0,0,0,1,5,0,0,15.037,-143.111,-1.40679,-0.000,45.644,16.252,43.050,49.274,17.116,48.756,1488.084,2.405,-5.802,-1.40367,2.483,-5.800,-1.40646,2
49385,394354,10,3,3,0,0,0,1,5,0,0,15.037,-143.111,-1.40661,-0.000,45.644,16.252,43.050,49.274,17.116,48.756,1488.084,2.406,-5.802,-1.40349,2.482,-5.800,-1.40679,2
49399,394364,10,3,3,0,0,0,1,5,0,0,15.037,-143.111,-1.40660,-0.000,45.644,16.252,43.050,49.274,17.116,48.756,1488.084,2.406,-5.802,-1.40348,2.483,-5.800,-1.40661,2
49399,394374,10,3,3,0,0,0,1,5,0,0,15.037,-143.111,-1.40676,-0.000,45.644,16.252,43.050,49.274,17.116,48.756,1488.084,2.405,-5.802,-1.40364,2.483,-5.800,-1.40660,2
49416,394384,10,3,3,0,0,0,1,5,0,0,15.037,-143.111,-1.40698,-0.000,45.644,16.252,43.050,49.274,17.116,48.756,1488.084,2.405,-5.802,-1.40386,2.482,-5.800,-1.40676,2
49431,394394,10,3,3,0,0,0,1,5,0,0,15.037,-143.111,-1.40696,-0.000,45.644,16.252,43.050,49.274,17.116,48.756,1488.084,2.405,-5.802,-1.40384,2.482,-5.800,-1.40698,2
49431,394404,10,3,3,0,0,0,1,5,0,0,15.037,-143.111,-1.40705,-0.000,45.644,16.252,43.050,49.274,17.116,48.756,1488.084,2.405,-5.802,-1.40393,2.482,-5.800,-1.40696,2
49447,394414,10,3,3,0,0,0,1,5,0,0,15.037,-143.111,-1.40709,-0.000,45.644,16.252,43.050,49.274,17.116,48.756,1488.084,2.405,-5.802,-1.40397,2.482,-5.800,-1.40705,2
49447,394424,10,3,3,0,0,0,1,5,0,0,15.037,-143.111,-1.40693,-0.000,45.644,16.252,43.050,49.274,17.116,48.756,1488.084,2.405,-5.802,-1.40381,2.482,-5.800,-1.40709,2
49462,394434,10,3,3,0,0,0,1,5,0,0,15.037,-143.111,-1.40689,-0.000,45.644,16.252,43.050,49.274,17.116,48.756,1488.084,2.405,-5.802,-1.40377,2.482,-5.800,-1.40693,2
49478,394444,10,3,3,0,0,0,1,5,0,0,15.037,-143.111,-1.40683,-0.000,45.644,16.252,43.050,49.274,17.116,48.756,1488.084,2.405,-5.802,-1.40370,2.482,-5.800,-1.40689,2
49478,394454,10,3,3,0,0,0,1,5,0,0,15.037,-143.111,-1.40693,-0.000,45.644,16.252,43.050,49.274,17.116,48.756,1488.084,2.405,-5.802,-1.40380,2.482,-5.800,-1.40682,2
49493,394464,10,3,3,0,0,0,1,5,0,0,15.037,-143.111,-1.40664,-0.000,45.644,16.252,43.050,49.274,17.116,48.756,1488.084,2.406,-5.802,-1.40352,2.482,-5.800,-1.40692,2
49508,394474,10,3,3,0,0,0,1,5,0,0,15.037,-143.111,-1.40657,-0.000,45.644,16.252,43.050,49.274,17.116,48.756,1488.084,2.406,-5.802,-1.40345,2.483,-5.800,-1.40664,2
49508,394484,10,3,3,0,0,0,1,5,0,0,15.037,-143.111,-1.40678,-0.000,45.644,16.252,43.050,49.274,17.116,48.756,1488.084,2.405,-5.802,-1.40366,2.483,-5.800,-1.40657,2
49523,394494,10,3,3,0,0,0,1,5,0,0,15.037,-143.111,-1.40666,-0.000,45.644,16.252,43.050,49.274,17.116,48.756,1488.084,2.406,-5.802,-1.40354,2.482,-5.800,-1.40678,2
49539,394504,10,3,3,0,0,0,1,5,0,0,15.037,-143.111,-1.40645,-0.000,45.644,16.252,43.050,49.274,17.116,48.756,1488.084,2.406,-5.802,-1.40333,2.483,-5.800,-1.40666,2
49539,394514,10,3,3,0,0,0,1,5,0,0,15.037,-143.111,-1.40660,-0.000,45.644,16.252,43.050,49.274,17.116,48.756,1488.084,2.406,-5.802,-1.40348,2.483,-5.800,-1.40645,2
49555,394524,10,3,3,0,0,0,1,5,0,0,15.037,-143.111,-1.40651,-0.000,45.644,16.252,43.050,49.274,17.116,48.756,1488.084,2.406,-5.802,-1.40339,2.483,-5.800,-1.40660,2
49571,394534,10,3,3,0,0,0,1,5,0,0,15.037,-143.111,-1.40645,-0.000,45.644,16.252,43.050,49.274,17.116,48.756,1488.084,2.406,-5.802,-1.40333,2.483,-5.800,-1.40651,2
49571,394544,10,3,3,0,0,0,1,5,0,0,15.037,-143.111,-1.40644,-0.000,45.644,16.252,43.050,49.274,17.116,48.756,1488.084,2.406,-5.802,-1.40332,2.483,-5.800,-1.40645,2
49586,394554,10,3,3,0,0,0,1,5,0,0,15.037,-143.111,-1.40645,-0.000,45.644,16.252,43.050,49.274,17.116,48.756,1488.084,2.406,-5.802,-1.40333,2.483,-5.800,-1.40644,2
49586,394564,10,3,3,0,0,0,1,5,0,0,15.037,-143.111,-1.40653,-0.000,45.644,16.252,43.050,49.274,17.116,48.756,1488.084,2.406,-5.802,-1.40341,2.483,-5.800,-1.40645,2
49602,394574,10,3,3,0,0,0,1,5,0,0,15.037,-143.111,-1.40677,-0.000,45.644,16.252,43.050,49.274,17.116,48.756,1488.084,2.405,-5.802,-1.40365,2.483,-5.800,-1.40653,2
49618,394584,10,3,3,0,0,0,1,5,0,0,15.037,-143.111,-1.40659,-0.000,45.644,16.252,43.050,49.274,17.116,48.756,1488.084,2.406,-5.802,-1.40346,2.482,-5.800,-1.40677,2
49618,394594,10,3,3,0,0,0,1,5,0,0,15.037,-143.111,-1.40641,-0.000,45.644,16.252,43.050,49.274,17.116,48.756,1488.084,2.406,-5.802,-1.40329,2.483,-5.800,-1.40659,2
49633,394604,10,3,3,0,0,0,1,5,0,0,15.037,-143.111,-1.40645,-0.000,45.644,16.252,43.050,49.274,17.116,48.756,1488.084,2.406,-5.802,-1.40333,2.483,-5.800,-1.40641,2
49648,394614,10,3,3,0,0,0,1,5,0,0,15.037,-143.111,-1.40651,-0.000,45.644,16.252,43.050,49.274,17.116,48.756,1488.084,2.406,-5.802,-1.40339,2.483,-5.800,-1.40645,2
49648,394624,10,3,3,0,0,0,1,5,0,0,15.037,-143.111,-1.40654,-0.000,45.644,16.252,43.050,49.274,17.116,48.756,1488.084,2.406,-5.802,-1.40342,2.483,-5.800,-1.40651,2
49664,394634,10,3,3,0,0,0,1,5,0,0,15.037,-143.111,-1.40651,-0.000,45.644,16.252,43.050,49.274,17.116,48.756,1488.084,2.406,-5.802,-1.40339,2.483,-5.800,-1.40654,2
49679,394644,10,3,3,0,0,0,1,5,0,0,15.037,-143.111,-1.40677,-0.000,45.644,16.252,43.050,49.274,17.116,48.756,1488.084,2.405,-5.802,-1.40365,2.483,-5.800,-1.40651,2
49679,394654,10,3,3,0,0,0,1,5,0,0,15.037,-143.111,-1.40661,-0.000,45.644,16.252,43.050,49.274,17.116,48.756,1488.084,2.406,-5.802,-1.40349,2.482,-5.800,-1.40677,2
49694,394664,10,3,3,0,0,0,1,5,0,0,15.037,-143.111,-1.40660,-0.000,45.644,16.252,43.050,49.274,17.116,48.756,1488.084,2.406,-5.802,-1.40348,2.483,-5.800,-1.40661,2
49710,394674,10,3,3,0,0,0,1,5,0,0,15.037,-143.111,-1.40661,-0.000,45.644,16.252,43.050,49.274,17.116,48.756,1488.084,2.406,-5.802,-1.40349,2.483,-5.800,-1.40660,2
49710,394684,10,3,3,0,0,0,1,5,0,0,15.037,-143.111,-1.40673,-0.000,45.644,16.252,43.050,49.274,17.116,48.756,1488.084,2.405,-5.802,-1.40361,2.483,-5.800,-1.40661,2
49725,394694,10,3,3,0,0,0,1,5,0,0,15.037,-143.111,-1.40676,-0.000,45.644,16.252,43.050,49.274,17.116,48.756,1488.084,2.405,-5.802,-1.40364,2.482,-5.800,-1.40673,2
49740,394704,10,3,3,0,0,0,1,5,0,0,15.037,-143.111,-1.40663,-0.000,45.644,16.252,43.050,49.274,17.116,48.756,1488.084,2.406,-5.802,-1.40351,2.482,-5.800,-1.40676,2
49740,394714,10,3,3,0,0,0,1,5,0,0,15.037,-143.111,-1.40653,-0.000,45.644,16.252,43.050,49.274,17.116,48.756,1488.084,2.406,-5.802,-1.40341,2.483,-5.800,-1.40663,2
49755,394724,10,3,3,0,0,0,1,5,0,0,15.037,-143.111,-1.40642,-0.000,45.644,16.252,43.050,49.274,17.116,48.756,1488.084,2.406,-5.802,-1.40330,2.483,-5.800,-1.40653,2
49771,394734,10,3,3,0,0,0,1,5,0,0,15.037,-143.111,-1.40650,-0.000,45.644,16.252,43.050,49.274,17.116,48.756,1488.084,2.406,-5.802,-1.40338,2.483,-5.800,-1.40642,2
49771,394744,10,3,3,0,0,0,1,5,0,0,15.037,-143.111,-1.40674,-0.000,45.644,16.252,43.050,49.274,17.116,48.756,1488.084,2.405,-5.802,-1.40362,2.483,-5.800,-1.40650,2
49786,394754,10,3,3,0,0,0,1,5,0,0,15.037,-143.111,-1.40670,-0.000,45.644,16.252,43.050,49.274,17.116,48.756,1488.084,2.405,-5.802,-1.40358,2.482,-5.800,-1.40674,2
49786,394764,10,3,3,0,0,0,1,5,0,0,15.037,-143.111,-1.40669,-0.000,45.644,16.252,43.050,49.274,17.116,48.756,1488.084,2.406,-5.802,-1.40357,2.482,-5.800,-1.40670,2
49802,394774,10,3,3,0,0,0,1,5,0,0,15.037,-143.111,-1.40668,-0.000,45.644,16.252,43.050,49.274,17.116,48.756,1488.084,2.406,-5.802,-1.40356,2.482,-5.800,-1.40669,2
49818,394784,10,3,3,0,0,0,1,5,0,0,15.037,-143.111,-1.40677,-0.000,45.644,16.252,43.050,49.274,17.116,48.756,1488.084,2.405,-5.802,-1.40365,2.483,-5.800,-1.40668,2
49818,394794,10,3,3,0,0,0,1,5,0,0,15.037,-143.111,-1.40684,-0.000,45.644,16.252,43.050,49.274,17.116,48.756,1488.084,2.405,-5.802,-1.40372,2.482,-5.800,-1.40677,2
49835,394804,10,3,3,0,0,0,1,5,0,0,15.037,-143.111,-1.40678,-0.000,45.644,16.252,43.050,49.274,17.116,48.756,1488.084,2.405,-5.802,-1.40366,2.482,-5.800,-1.40684,2
49850,394814,10,3,3,0,0,0,1,5,0,0,15.037,-143.111,-1.40701,-0.000,45.644,16.252,43.050,49.274,17.116,48.756,1488.084,2.405,-5.802,-1.40389,2.482,-5.800,-1.40678,2
49850,394824,10,3,3,0,0,0,1,5,0,0,15.037,-143.111,-1.40715,-0.000,45.644,16.252,43.050,49.274,17.116,48.756,1488.084,2.405,-5.802,-1.40403,2.482,-5.800,-1.40701,2
49865,394834,10,3,3,0,0,0,1,5,0,0,15.037,-143.111,-1.40706,-0.000,45.644,16.252,43.050,49.274,17.116,48.756,1488.084,2.405,-5.802,-1.40394,2.482,-5.801,-1.40715,2
49881,394844,10,3,3,0,0,0,1,5,0,0,15.037,-143.111,-1.40700,-0.000,45.644,16.252,43.050,49.274,17.116,48.756,1488.084,2.405,-5.802,-1.40388,2.482,-5.800,-1.40706,2
49881,394854,10,3,3,0,0,0,1,5,0,0,15.037,-143.111,-1.40708,-0.000,45.644,16.252,43.050,49.274,17.116,48.756,1488.084,2.405,-5.802,-1.40396,2.482,-5.800,-1.40700,2
49896,394864,10,3,3,0,0,0,1,5,0,0,15.037,-143.111,-1.40692,-0.000,45.644,16.252,43.050,49.274,17.116,48.756,1488.084,2.405,-5.802,-1.40380,2.482,-5.800,-1.40708,2
49896,394874,10,3,3,0,0,0,1,5,0,0,15.037,-143.111,-1.40695,-0.000,45.644,16.252,43.050,49.274,17.116,48.756,1488.084,2.405,-5.802,-1.40383,2.482,-5.800,-1.40692,2
49911,394884,10,3,3,0,0,0,1,5,0,0,15.037,-143.111,-1.40694,-0.000,45.644,16.252,43.050,49.274,17.116,48.756,1488.084,2.405,-5.802,-1.40382,2.482,-5.800,-1.40695,2
49927,394894,10,3,3,0,0,0,1,5,0,0,15.037,-143.111,-1.40679,-0.000,45.644,16.252,43.050,49.274,17.116,48.756,1488.084,2.405,-5.802,-1.40367,2.482,-5.800,-1.40694,2
49927,394904,10,3,3,0,0,0,1,5,0,0,15.037,-143.111,-1.40667,-0.000,45.644,16.252,43.050,49.274,17.116,48.756,1488.084,2.406,-5.802,-1.40355,2.482,-5.800,-1.40679,2
49942,394914,10,3,3,0,0,0,1,5,0,0,15.037,-143.111,-1.40687,-0.000,45.644,16.252,43.050,49.274,17.116,48.756,1488.084,2.405,-5.802,-1.40375,2.483,-5.800,-1.40667,2
49957,394924,10,3,3,0,0,0,1,5,0,0,15.037,-143.111,-1.40682,-0.000,45.644,16.252,43.050,49.274,17.116,48.756,1488.084,2.405,-5.802,-1.40370,2.482,-5.800,-1.40687,2
49957,394934,10,3,3,0,0,0,1,5,0,0,15.037,-143.111,-1.40677,-0.000,45.644,16.252,43.050,49.274,17.116,48.756,1488.084,2.405,-5.802,-1.40365,2.482,-5.800,-1.40682,2
49973,394944,10,3,3,0,0,0,1,5,0,0,15.037,-143.111,-1.40696,-0.000,45.644,16.252,43.050,49.274,17.116,48.756,1488.084,2.405,-5.802,-1.40383,2.482,-5.800,-1.40677,2
49988,394954,10,3,3,0,0,0,1,5,0,0,15.037,-143.111,-1.40709,-0.000,45.644,16.252,43.050,49.274,17.116,48.756,1488.084,2.405,-5.802,-1.40397,2.482,-5.800,-1.40696,2
49988,394964,10,3,3,0,0,0,1,5,0,0,15.037,-143.111,-1.40685,-0.000,45.644,16.252,43.050,49.274,17.116,48.756,1488.084,2.405,-5.802,-1.40373,2.482,-5.801,-1.40709,2
50003,394974,10,3,3,0,0,0,1,5,0,0,15.037,-143.111,-1.40661,-0.000,45.644,16.252,43.050,49.274,17.116,48.756,1488.084,2.406,-5.802,-1.40349,2.482,-5.800,-1.40685,2
50019,394984,10,3,3,0,0,0,1,5,0,0,15.037,-143.111,-1.40661,-0.000,45.644,16.252,43.050,49.274,17.116,48.756,1488.084,2.406,-5.802,-1.40348,2.483,-5.800,-1.40661,2
50019,394994,10,3,3,0,0,0,1,5,0,0,15.037,-143.111,-1.40683,-0.000,45.644,16.252,43.050,49.274,17.116,48.756,1488.084,2.405,-5.802,-1.40371,2.483,-5.800,-1.40661,2
50035,395004,10,3,3,0,0,0,1,5,0,0,15.037,-143.111,-1.40694,-0.000,45.644,16.252,43.050,49.274,17.116,48.756,1488.084,2.405,-5.802,-1.40382,2.482,-5.800,-1.40683,2
50050,395014,10,3,3,0,0,0,1,5,0,0,15.037,-143.111,-1.40686,-0.000,45.644,16.252,43.050,49.274,17.116,48.756,1488.084,2.405,-5.802,-1.40374,2.482,-5.800,-1.40694,2
50050,395024,10,3,3,0,0,0,1,5,0,0,15.037,-143.111,-1.40682,-0.000,45.644,16.252,43.050,49.274,17.116,48.756,1488.084,2.405,-5.802,-1.40370,2.482,-5.800,-1.40686,2
50066,395034,10,3,3,0,0,0,1,5,0,0,15.037,-143.111,-1.40660,-0.000,45.644,16.252,43.050,49.274,17.116,48.756,1488.084,2.406,-5.802,-1.40348,2.482,-5.800,-1.40682,2
50066,395044,10,3,3,0,0,0,1,5,0,0,15.037,-143.111,-1.40654,-0.000,45.644,16.252,43.050,49.274,17.116,48.756,1488.084,2.406,-5.802,-1.40342,2.483,-5.800,-1.40660,2
50081,395054,10,3,3,0,0,0,1,5,0,0,14.962,-143.111,-1.40648,-0.000,45.644,16.252,43.050,49.274,17.116,48.756,1488.084,2.408,-5.877,-1.40336,2.483,-5.800,-1.40654,2
50097,395064,10,3,3,0,0,0,1,5,0,0,15.037,-143.111,-1.40647,-0.000,45.644,16.252,43.050,49.274,17.116,48.756,1488.084,2.406,-5.802,-1.40334,2.485,-5.876,-1.40648,2
50097,395074,10,3,3,0,0,0,1,5,0,0,15.037,-143.111,-1.40666,-0.000,45.644,16.252,43.050,49.274,17.116,48.756,1488.084,2.406,-5.802,-1.40354,2.483,-5.800,-1.40647,2
50112,395084,10,3,3,0,0,0,1,5,0,0,15.037,-143.111,-1.40669,-0.000,45.644,16.252,43.050,49.274,17.116,48.756,1488.084,2.406,-5.802,-1.40357,2.483,-5.800,-1.40666,2
50127,395094,10,3,3,0,0,0,1,5,0,0,15.037,-143.111,-1.40655,-0.000,45.644,16.252,43.050,49.274,17.116,48.756,1488.084,2.406,-5.802,-1.40343,2.482,-5.800,-1.40669,2
50127,395104,10,3,3,0,0,0,1,5,0,0,14.962,-143.111,-1.40649,-0.000,45.644,16.252,43.050,49.274,17.116,48.756,1488.084,2.408,-5.877,-1.40336,2.483,-5.800,-1.40655,2
50141,395114,10,3,3,0,0,0,1,5,0,0,15.037,-143.111,-1.40633,-0.000,45.644,16.252,43.050,49.274,17.116,48.756,1488.084,2.406,-5.802,-1.40321,2.485,-5.876,-1.40648,2
50158,395124,10,3,3,0,0,0,1,5,0,0,15.037,-143.111,-1.40629,-0.000,45.644,16.252,43.050,49.274,17.116,48.756,1488.084,2.406,-5.802,-1.40317,2.483,-5.800,-1.40633,2
50158,395134,10,3,3,0,0,0,1,5,0,0,15.037,-143.111,-1.40618,-0.000,45.644,16.252,43.050,49.274,17.116,48.756,1488.084,2.406,-5.802,-1.40305,2.483,-5.800,-1.40629,2
50174,395144,10,3,3,0,0,0,1,5,0,0,15.037,-143.111,-1.40624,-0.000,45.644,16.252,43.050,49.274,17.116,48.756,1488.084,2.406,-5.802,-1.40312,2.483,-5.800,-1.40618,2
50189,395154,10,3,3,0,0,0,1,5,0,0,14.962,-143.111,-1.40628,-0.000,45.644,16.252,43.050,49.274,17.116,48.756,1488.084,2.408,-5.877,-1.40316,2.483,-5.800,-1.40624,2
50189,395164,10,3,3,0,0,0,1,5,0,0,15.037,-143.111,-1.40665,-0.000,45.644,16.252,43.050,49.274,17.116,48.756,1488.084,2.406,-5.802,-1.40353,2.485,-5.876,-1.40628,2
50205,395174,10,3,3,0,0,0,1,5,0,0,15.037,-143.111,-1.40664,-0.000,45.644,16.252,43.050,49.274,17.116,48.756,1488.084,2.406,-5.802,-1.40352,2.483,-5.800,-1.40665,2
50220,395184,10,3,3,0,0,0,1,5,0,0,15.037,-143.111,-1.40660,-0.000,45.644,16.252,43.050,49.274,17.116,48.756,1488.084,2.406,-5.802,-1.40348,2.483,-5.800,-1.40664,2
50220,395194,10,3,3,0,0,0,1,5,0,0,15.037,-143.111,-1.40657,-0.000,45.644,16.252,43.050,49.274,17.116,48.756,1488.084,2.406,-5.802,-1.40345,2.483,-5.800,-1.40660,2
50236,395204,10,3,3,0,0,0,1,5,0,0,15.037,-143.111,-1.40672,-0.000,45.644,16.252,43.050,49.274,17.116,48.756,1488.084,2.405,-5.802,-1.40360,2.483,-5.800,-1.40657,2
50236,395214,10,3,3,0,0,0,1,5,0,0,15.037,-143.111,-1.40670,-0.000,45.644,16.252,43.050,49.274,17.116,48.756,1488.084,2.406,-5.802,-1.40358,2.482,-5.800,-1.40672,2
50251,395224,10,3,3,0,0,0,1,5,0,0,15.037,-143.111,-1.40674,-0.000,45.644,16.252,43.050,49.274,17.116,48.756,1488.084,2.405,-5.802,-1.40362,2.482,-5.800,-1.40670,2
50268,395234,10,3,3,0,0,0,1,5,0,0,15.037,-143.111,-1.40665,-0.000,45.644,16.252,43.050,49.274,17.116,48.756,1488.084,2.406,-5.802,-1.40353,2.482,-5.800,-1.40674,2
50268,395244,10,3,3,0,0,0,1,5,0,0,15.037,-143.111,-1.40660,-0.000,45.644,16.252,43.050,49.274,17.116,48.756,1488.084,2.406,-5.802,-1.40348,2.483,-5.800,-1.40665,2
50282,395254,10,3,3,0,0,0,1,5,0,0,15.037,-143.111,-1.40652,-0.000,45.644,16.252,43.050,49.274,17.116,48.756,1488.084,2.406,-5.802,-1.40340,2.483,-5.800,-1.40660,2
50298,395264,10,3,3,0,0,0,1,5,0,0,15.037,-143.111,-1.40664,-0.000,45.644,16.252,43.050,49.274,17.116,48.756,1488.084,2.406,-5.802,-1.40352,2.483,-5.800,-1.40652,2
50298,395274,10,3,3,0,0,0,1,5,0,0,15.037,-143.111,-1.40679,-0.000,45.644,16.252,43.050,49.274,17.116,48.756,1488.084,2.405,-5.802,-1.40366,2.483,-5.800,-1.40664,2
50314,395284,10,3,3,0,0,0,1,5,0,0,14.962,-143.111,-1.40702,-0.000,45.644,16.252,43.050,49.274,17.116,48.756,1488.084,2.407,-5.877,-1.40390,2.482,-5.800,-1.40679,2
50329,395294,10,3,3,0,0,0,1,5,0,0,15.037,-143.111,-1.40692,-0.000,45.644,16.252,43.050,49.274,17.116,48.756,1488.084,2.405,-5.802,-1.40380,2.484,-5.876,-1.40702,2
50329,395304,10,3,3,0,0,0,1,5,0,0,15.037,-143.111,-1.40698,-0.000,45.644,16.252,43.050,49.274,17.116,48.756,1488.084,2.405,-5.802,-1.40386,2.482,-5.800,-1.40692,2
50344,395314,10,3,3,0,0,0,1,5,0,0,14.962,-143.111,-1.40686,-0.000,45.644,16.252,43.050,49.274,17.116,48.756,1488.084,2.407,-5.877,-1.40374,2.482,-5.800,-1.40698,2
50359,395324,10,3,3,0,0,0,1,5,0,0,15.037,-143.111,-1.40670,-0.000,45.644,16.252,43.050,49.274,17.116,48.756,1488.084,2.405,-5.802,-1.40358,2.484,-5.876,-1.40686,2
50359,395334,10,3,3,0,0,0,1,5,0,0,15.037,-143.111,-1.40678,-0.000,45.644,16.252,43.050,49.274,17.116,48.756,1488.084,2.405,-5.802,-1.40366,2.482,-5.800,-1.40670,2
50376,395344,10,3,3,0,0,0,1,5,0,0,15.037,-143.111,-1.40665,-0.000,45.644,16.252,43.050,49.274,17.116,48.756,1488.084,2.406,-5.802,-1.40353,2.482,-5.800,-1.40678,2
50391,395354,10,3,3,0,0,0,1,5,0,0,15.037,-143.111,-1.40668,-0.000,45.644,16.252,43.050,49.274,17.116,48.756,1488.084,2.406,-5.802,-1.40356,2.483,-5.800,-1.40665,2
50391,395364,10,3,3,0,0,0,1,5,0,0,15.037,-143.111,-1.40636,-0.000,45.644,16.252,43.050,49.274,17.116,48.756,1488.084,2.406,-5.802,-1.40324,2.483,-5.800,-1.40668,2
50406,395374,10,3,3,0,0,0,1,5,0,0,15.037,-143.111,-1.40638,-0.000,45.644,16.252,43.050,49.274,17.116,48.756,1488.084,2.406,-5.802,-1.40326,2.483,-5.800,-1.40636,2
50406,395384,10,3,3,0,0,0,1,5,0,0,15.037,-143.111,-1.40617,-0.000,45.644,16.252,43.050,49.274,17.116,48.756,1488.084,2.406,-5.802,-1.40305,2.483,-5.800,-1.40638,2
50422,395394,10,3,3,0,0,0,1,5,0,0,15.037,-143.111,-1.40617,-0.000,45.644,16.252,43.050,49.274,17.116,48.756,1488.084,2.406,-5.802,-1.40305,2.483,-5.800,-1.40617,2
50437,395404,10,3,3,0,0,0,1,5,0,0,15.037,-143.111,-1.40630,-0.000,45.644,16.252,43.050,49.274,17.116,48.756,1488.084,2.406,-5.802,-1.40318,2.483,-5.800,-1.40617,2
50437,395414,10,3,3,0,0,0,1,5,0,0,15.037,-143.111,-1.40648,-0.000,45.644,16.252,43.050,49.274,17.116,48.756,1488.084,2.406,-5.802,-1.40336,2.483,-5.800,-1.40630,2
50452,395424,10,3,3,0,0,0,1,5,0,0,15.037,-143.111,-1.40659,-0.000,45.644,16.252,43.050,49.274,17.116,48.756,1488.084,2.406,-5.802,-1.40347,2.483,-5.800,-1.40648,2
50468,395434,10,3,3,0,0,0,1,5,0,0,15.037,-143.111,-1.40685,-0.000,45.644,16.252,43.050,49.274,17.116,48.756,1488.084,2.405,-5.802,-1.40373,2.483,-5.800,-1.40659,2
50468,395444,10,3,3,0,0,0,1,5,0,0,15.037,-143.111,-1.40705,-0.000,45.644,16.252,43.050,49.274,17.116,48.756,1488.084,2.405,-5.802,-1.40393,2.482,-5.800,-1.40685,2
50484,395454,10,3,3,0,0,0,1,5,0,0,15.037,-143.111,-1.40685,-0.000,45.644,16.252,43.050,49.274,17.116,48.756,1488.084,2.405,-5.802,-1.40373,2.482,-5.800,-1.40705,2
50515,395464,10,3,3,0,0,0,1,5,0,0,15.037,-143.111,-1.40701,-0.000,45.644,16.252,43.050,49.274,17.116,48.756,1488.084,2.405,-5.802,-1.40389,2.482,-5.800,-1.40685,2
50515,395474,10,3,3,0,0,0,1,5,0,0,15.037,-143.111,-1.40668,-0.000,45.644,16.252,43.050,49.274,17.116,48.756,1488.084,2.406,-5.802,-1.40356,2.482,-5.800,-1.40701,2
50515,395484,10,3,3,0,0,0,1,5,0,0,15.037,-143.111,-1.40656,-0.000,45.644,16.252,43.050,49.274,17.116,48.756,1488.084,2.406,-5.802,-1.40344,2.483,-5.800,-1.40668,2
50531,395494,10,3,3,0,0,0,1,5,0,0,15.037,-143.111,-1.40625,-0.000,45.644,16.252,43.050,49.274,17.116,48.756,1488.084,2.406,-5.802,-1.40313,2.483,-5.800,-1.40656,2
50531,395504,10,3,3,0,0,0,1,5,0,0,15.037,-143.111,-1.40659,-0.000,45.644,16.252,43.050,49.274,17.116,48.756,1488.084,2.406,-5.802,-1.40347,2.483,-5.800,-1.40625,2
50562,395514,10,3,3,0,0,0,1,5,0,0,15.037,-143.111,-1.40641,-0.000,45.644,16.252,43.050,49.274,17.116,48.756,1488.084,2.406,-5.802,-1.40329,2.483,-5.800,-1.40659,2
50562,395524,10,3,3,0,0,0,1,5,0,0,15.037,-143.111,-1.40642,-0.000,45.644,16.252,43.050,49.274,17.116,48.756,1488.084,2.406,-5.802,-1.40330,2.483,-5.800,-1.40641,2
50562,395534,10,3,3,0,0,0,1,5,0,0,15.037,-143.111,-1.40634,-0.000,45.644,16.252,43.050,49.274,17.116,48.756,1488.084,2.406,-5.802,-1.40322,2.483,-5.800,-1.40642,2
50593,395544,10,3,3,0,0,0,1,5,0,0,15.037,-143.111,-1.40641,-0.000,45.644,16.252,43.050,49.274,17.116,48.756,1488.084,2.406,-5.802,-1.40329,2.483,-5.800,-1.40634,2
50593,395554,10,3,3,0,0,0,1,5,0,0,15.037,-143.111,-1.40637,-0.000,45.644,16.252,43.050,49.274,17.116,48.756,1488.084,2.406,-5.802,-1.40325,2.483,-5.800,-1.40641,2
50593,395564,10,3,3,0,0,0,1,5,0,0,15.037,-143.111,-1.40665,-0.000,45.644,16.252,43.050,49.274,17.116,48.756,1488.084,2.406,-5.802,-1.40353,2.483,-5.800,-1.40637,2
50624,395574,10,3,3,0,0,0,1,5,0,0,15.037,-143.111,-1.40659,-0.000,45.644,16.252,43.050,49.274,17.116,48.756,1488.084,2.406,-5.802,-1.40347,2.483,-5.800,-1.40665,2
50624,395584,10,3,3,0,0,0,1,5,0,0,14.962,-143.111,-1.40643,-0.000,45.644,16.252,43.050,49.274,17.116,48.756,1488.084,2.408,-5.877,-1.40331,2.483,-5.800,-1.40659,2
50624,395594,10,3,3,0,0,0,1,5,0,0,15.037,-143.111,-1.40621,-0.000,45.644,16.252,43.050,49.274,17.116,48.756,1488.084,2.406,-5.802,-1.40309,2.485,-5.876,-1.40643,2
50639,395604,10,3,3,0,0,0,1,5,0,0,15.037,-143.111,-1.40621,-0.000,45.644,16.252,43.050,49.274,17.116,48.756,1488.084,2.406,-5.802,-1.40309,2.483,-5.800,-1.40621,2
50639,395614,10,3,3,0,0,0,1,5,0,0,15.037,-143.111,-1.40647,-0.000,45.644,16.252,43.050,49.274,17.116,48.756,1488.084,2.406,-5.802,-1.40335,2.483,-5.800,-1.40621,2
50655,395624,10,3,3,0,0,0,1,5,0,0,15.037,-143.111,-1.40653,-0.000,45.644,16.252,43.050,49.274,17.116,48.756,1488.084,2.406,-5.802,-1.40340,2.483,-5.800,-1.40647,2
50686,395634,10,3,3,0,0,0,1,5,0,0,15.037,-143.111,-1.40649,-0.000,45.644,16.252,43.050,49.274,17.116,48.756,1488.084,2.406,-5.802,-1.40337,2.483,-5.800,-1.40653,2
50686,395644,10,3,3,0,0,0,1,5,0,0,15.037,-143.111,-1.40661,-0.000,45.644,16.252,43.050,49.274,17.116,48.756,1488.084,2.406,-5.802,-1.40349,2.483,-5.800,-1.40649,2
50686,395654,10,3,3,0,0,0,1,5,0,0,15.037,-143.111,-1.40665,-0.000,45.644,16.252,43.050,49.274,17.116,48.756,1488.084,2.406,-5.802,-1.40353,2.483,-5.800,-1.40661,2
50717,395664,10,3,3,0,0,0,1,5,0,0,15.037,-143.111,-1.40683,-0.000,45.644,16.252,43.050,49.274,17.116,48.756,1488.084,2.405,-5.802,-1.40371,2.483,-5.800,-1.40665,2
50717,395674,10,3,3,0,0,0,1,5,0,0,15.037,-143.111,-1.40687,-0.000,45.644,16.252,43.050,49.274,17.116,48.756,1488.084,2.405,-5.802,-1.40375,2.482,-5.800,-1.40683,2
50717,395684,10,3,3,0,0,0,1,5,0,0,15.037,-143.111,-1.40654,-0.000,45.644,16.252,43.050,49.274,17.116,48.756,1488.084,2.406,-5.802,-1.40342,2.482,-5.800,-1.40687,2
50717,395694,10,3,3,0,0,0,1,5,0,0,15.037,-143.111,-1.40654,-0.000,45.644,16.252,43.050,49.274,17.116,48.756,1488.084,2.406,-5.802,-1.40342,2.483,-5.800,-1.40654,2
50732,395704,10,3,3,0,0,0,1,5,0,0,15.037,-143.111,-1.40646,-0.000,45.644,16.252,43.050,49.274,17.116,48.756,1488.084,2.406,-5.802,-1.40334,2.483,-5.800,-1.40654,2
50748,395714,10,3,3,0,0,0,1,5,0,0,14.962,-143.111,-1.40667,-0.000,45.644,16.252,43.050,49.274,17.116,48.756,1488.084,2.407,-5.877,-1.40355,2.483,-5.800,-1.40646,2
50748,395724,10,3,3,0,0,0,1,5,0,0,15.037,-143.111,-1.40670,-0.000,45.644,16.252,43.050,49.274,17.116,48.756,1488.084,2.405,-5.802,-1.40358,2.484,-5.876,-1.40667,2
50763,395734,10,3,3,0,0,0,1,5,0,0,15.037,-143.111,-1.40673,-0.000,45.644,16.252,43.050,49.274,17.116,48.756,1488.084,2.405,-5.802,-1.40361,2.482,-5.800,-1.40670,2
50796,395744,10,3,3,0,0,0,1,5,0,0,15.037,-143.111,-1.40671,-0.000,45.644,16.252,43.050,49.274,17.116,48.756,1488.084,2.405,-5.802,-1.40359,2.482,-5.800,-1.40673,2
50796,395754,10,3,3,0,0,0,1,5,0,0,15.037,-143.111,-1.40664,-0.000,45.644,16.252,43.050,49.274,17.116,48.756,1488.084,2.406,-5.802,-1.40352,2.482,-5.800,-1.40671,2
50796,395764,10,3,3,0,0,0,1,5,0,0,15.037,-143.111,-1.40668,-0.000,45.644,16.252,43.050,49.274,17.116,48.756,1488.084,2.406,-5.802,-1.40356,2.483,-5.800,-1.40664,2
50827,395774,10,3,3,0,0,0,1,5,0,0,15.037,-143.111,-1.40663,-0.000,45.644,16.252,43.050,49.274,17.116,48.756,1488.084,2.406,-5.802,-1.40351,2.483,-5.800,-1.40668,2
50827,395784,10,3,3,0,0,0,1,5,0,0,15.037,-143.111,-1.40655,-0.000,45.644,16.252,43.050,49.274,17.116,48.756,1488.084,2.406,-5.802,-1.40343,2.483,-5.800,-1.40663,2
50827,395794,10,3,3,0,0,0,1,5,0,0,15.037,-143.111,-1.40667,-0.000,45.644,16.252,43.050,49.274,17.116,48.756,1488.084,2.406,-5.802,-1.40355,2.483,-5.800,-1.40655,2
50827,395804,10,3,3,0,0,0,1,5,0,0,15.037,-143.111,-1.40663,-0.000,45.644,16.252,43.050,49.274,17.116,48.756,1488.084,2.406,-5.802,-1.40351,2.483,-5.800,-1.40667,2
50857,395814,10,3,3,0,0,0,1,5,0,0,14.962,-143.111,-1.40673,-0.000,45.644,16.252,43.050,49.274,17.116,48.756,1488.084,2.407,-5.877,-1.40360,2.483,-5.800,-1.40663,2
50857,395824,10,3,3,0,0,0,1,5,0,0,14.962,-143.111,-1.40680,-0.000,45.644,16.252,43.050,49.274,17.116,48.756,1488.084,2.407,-5.877,-1.40368,2.484,-5.876,-1.40672,2
50857,395834,10,3,3,0,0,0,1,5,0,0,15.037,-143.111,-1.40686,-0.000,45.644,16.252,43.050,49.274,17.116,48.756,1488.084,2.405,-5.802,-1.40374,2.484,-5.876,-1.40680,2
50873,395844,10,3,3,0,0,0,1,5,0,0,15.037,-143.111,-1.40698,-0.000,45.644,16.252,43.050,49.274,17.116,48.756,1488.084,2.405,-5.802,-1.40386,2.482,-5.800,-1.40686,2
50888,395854,10,3,3,0,0,0,1,5,0,0,15.037,-143.111,-1.40698,-0.000,45.644,16.252,43.050,49.274,17.116,48.756,1488.084,2.405,-5.802,-1.40386,2.482,-5.800,-1.40698,2
50888,395864,10,3,3,0,0,0,1,5,0,0,15.037,-143.111,-1.40703,-0.000,45.644,16.252,43.050,49.274,17.116,48.756,1488.084,2.405,-5.802,-1.40391,2.482,-5.800,-1.40698,2
50904,395874,10,3,3,0,0,0,1,5,0,0,15.037,-143.111,-1.40686,-0.000,45.644,16.252,43.050,49.274,17.116,48.756,1488.084,2.405,-5.802,-1.40373,2.482,-5.800,-1.40703,2
50919,395884,10,3,3,0,0,0,1,5,0,0,15.037,-143.111,-1.40681,-0.000,45.644,16.252,43.050,49.274,17.116,48.756,1488.084,2.405,-5.802,-1.40369,2.482,-5.800,-1.40685,2
50919,395894,10,3,3,0,0,0,1,5,0,0,15.037,-143.111,-1.40693,-0.000,45.644,16.252,43.050,49.274,17.116,48.756,1488.084,2.405,-5.802,-1.40381,2.482,-5.800,-1.40681,2
50936,395904,10,3,3,0,0,0,1,5,0,0,15.037,-143.111,-1.40689,-0.000,45.644,16.252,43.050,49.274,17.116,48.756,1488.084,2.405,-5.802,-1.40377,2.482,-5.800,-1.40693,2
50951,395914,10,3,3,0,0,0,1,5,0,0,15.037,-143.111,-1.40664,-0.000,45.644,16.252,43.050,49.274,17.116,48.756,1488.084,2.406,-5.802,-1.40352,2.482,-5.800,-1.40689,2
50951,395924,10,3,3,0,0,0,1,5,0,0,15.037,-143.111,-1.40671,-0.000,45.644,16.252,43.050,49.274,17.116,48.756,1488.084,2.405,-5.802,-1.40359,2.483,-5.800,-1.40664,2
50967,395934,10,3,3,0,0,0,1,5,0,0,15.037,-143.111,-1.40638,-0.000,45.644,16.252,43.050,49.274,17.116,48.756,1488.084,2.406,-5.802,-1.40326,2.482,-5.800,-1.40671,2
50967,395944,10,3,3,0,0,0,1,5,0,0,15.037,-143.111,-1.40653,-0.000,45.644,16.252,43.050,49.274,17.116,48.756,1488.084,2.406,-5.802,-1.40341,2.483,-5.800,-1.40638,2
50996,395954,10,3,3,0,0,0,1,5,0,0,15.037,-143.111,-1.40658,-0.000,45.644,16.252,43.050,49.274,17.116,48.756,1488.084,2.406,-5.802,-1.40346,2.483,-5.800,-1.40653,2
50996,395964,10,3,3,0,0,0,1,5,0,0,15.037,-143.111,-1.40672,-0.000,45.644,16.252,43.050,49.274,17.116,48.756,1488.084,2.405,-5.802,-1.40360,2.483,-5.800,-1.40658,2
50996,395974,10,3,3,0,0,0,1,5,0,0,15.037,-143.111,-1.40671,-0.000,45.644,16.252,43.050,49.274,17.116,48.756,1488.084,2.405,-5.802,-1.40359,2.482,-5.800,-1.40672,2
51013,395984,10,3,3,0,0,0,1,5,0,0,15.037,-143.111,-1.40671,-0.000,45.644,16.252,43.050,49.274,17.116,48.756,1488.084,2.405,-5.802,-1.40359,2.482,-5.800,-1.40671,2
51028,395994,10,3,3,0,0,0,1,5,0,0,15.037,-143.111,-1.40684,-0.000,45.644,16.252,43.050,49.274,17.116,48.756,1488.084,2.405,-5.802,-1.40372,2.482,-5.800,-1.40671,2
51028,396004,10,3,3,0,0,0,1,5,0,0,15.037,-143.111,-1.40727,-0.000,45.644,16.252,43.050,49.274,17.116,48.756,1488.084,2.405,-5.802,-1.40415,2.482,-5.800,-1.40684,2
51044,396014,10,3,3,0,0,0,1,5,0,0,15.037,-143.111,-1.40708,-0.000,45.644,16.252,43.050,49.274,17.116,48.756,1488.084,2.405,-5.802,-1.40396,2.482,-5.801,-1.40727,2
51059,396024,10,3,3,0,0,0,1,5,0,0,15.037,-143.111,-1.40686,-0.000,45.644,16.252,43.050,49.274,17.116,48.756,1488.084,2.405,-5.802,-1.40373,2.482,-5.800,-1.40708,2
51059,396034,10,3,3,0,0,0,1,5,0,0,15.037,-143.111,-1.40682,-0.000,45.644,16.252,43.050,49.274,17.116,48.756,1488.084,2.405,-5.802,-1.40370,2.482,-5.800,-1.40686,2
51075,396044,10,3,3,0,0,0,1,5,0,0,15.037,-143.111,-1.40684,-0.000,45.644,16.252,43.050,49.274,17.116,48.756,1488.084,2.405,-5.802,-1.40372,2.482,-5.800,-1.40682,2
51090,396054,10,3,3,0,0,0,1,5,0,0,15.037,-143.111,-1.40698,-0.000,45.644,16.252,43.050,49.274,17.116,48.756,1488.084,2.405,-5.802,-1.40386,2.482,-5.800,-1.40684,2
51090,396064,10,3,3,0,0,0,1,5,0,0,15.037,-143.111,-1.40693,-0.000,45.644,16.252,43.050,49.274,17.116,48.756,1488.084,2.405,-5.802,-1.40381,2.482,-5.800,-1.40698,2
51105,396074,10,3,3,0,0,0,1,5,0,0,15.037,-143.111,-1.40702,-0.000,45.644,16.252,43.050,49.274,17.116,48.756,1488.084,2.405,-5.802,-1.40390,2.482,-5.800,-1.40693,2
51128,396084,10,3,3,0,0,0,1,5,0,0,15.037,-143.111,-1.40706,-0.000,45.644,16.252,43.050,49.274,17.116,48.756,1488.084,2.405,-5.802,-1.40394,2.482,-5.800,-1.40702,2
51128,396094,10,3,3,0,0,0,1,5,0,0,15.037,-143.111,-1.40697,-0.000,45.644,16.252,43.050,49.274,17.116,48.756,1488.084,2.405,-5.802,-1.40385,2.482,-5.800,-1.40706,2
51128,396104,10,3,3,0,0,0,1,5,0,0,15.037,-143.111,-1.40677,-0.000,45.644,16.252,43.050,49.274,17.116,48.756,1488.084,2.405,-5.802,-1.40365,2.482,-5.800,-1.40697,2
51153,396114,10,3,3,0,0,0,1,5,0,0,15.037,-143.111,-1.40679,-0.000,45.644,16.252,43.050,49.274,17.116,48.756,1488.084,2.405,-5.802,-1.40367,2.482,-5.800,-1.40677,2
51153,396124,10,3,3,0,0,0,1,5,0,0,15.037,-143.111,-1.40665,-0.000,45.644,16.252,43.050,49.274,17.116,48.756,1488.084,2.406,-5.802,-1.40353,2.482,-5.800,-1.40679,2
51167,396134,10,3,3,0,0,0,1,5,0,0,15.037,-143.111,-1.40650,-0.000,45.644,16.252,43.050,49.274,17.116,48.756,1488.084,2.406,-5.802,-1.40338,2.483,-5.800,-1.40665,2
51167,396144,10,3,3,0,0,0,1,5,0,0,15.037,-143.111,-1.40656,-0.000,45.644,16.252,43.050,49.274,17.116,48.756,1488.084,2.406,-5.802,-1.40344,2.483,-5.800,-1.40650,2
51183,396154,10,3,3,0,0,0,1,5,0,0,15.037,-143.111,-1.40658,-0.000,45.644,16.252,43.050,49.274,17.116,48.756,1488.084,2.406,-5.802,-1.40345,2.483,-5.800,-1.40656,2
51198,396164,10,3,3,0,0,0,1,5,0,0,15.037,-143.111,-1.40660,-0.000,45.644,16.252,43.050,49.274,17.116,48.756,1488.084,2.406,-5.802,-1.40348,2.483,-5.800,-1.40657,2
51198,396174,10,3,3,0,0,0,1,5,0,0,15.037,-143.111,-1.40674,-0.000,45.644,16.252,43.050,49.274,17.116,48.756,1488.084,2.405,-5.802,-1.40362,2.483,-5.800,-1.40660,2
51213,396184,10,3,3,0,0,0,1,5,0,0,15.037,-143.111,-1.40682,-0.000,45.644,16.252,43.050,49.274,17.116,48.756,1488.084,2.405,-5.802,-1.40370,2.482,-5.800,-1.40674,2
51229,396194,10,3,3,0,0,0,1,5,0,0,15.037,-143.111,-1.40665,-0.000,45.644,16.252,43.050,49.274,17.116,48.756,1488.084,2.406,-5.802,-1.40353,2.482,-5.800,-1.40682,2
51229,396204,10,3,3,0,0,0,1,5,0,0,15.037,-143.111,-1.40676,-0.000,45.644,16.252,43.050,49.274,17.116,48.756,1488.084,2.405,-5.802,-1.40364,2.483,-5.800,-1.40665,2
51245,396214,10,3,3,0,0,0,1,5,0,0,15.037,-143.111,-1.40696,-0.000,45.644,16.252,43.050,49.274,17.116,48.756,1488.084,2.405,-5.802,-1.40384,2.482,-5.800,-1.40676,2
51261,396224,10,3,3,0,0,0,1,5,0,0,15.037,-143.111,-1.40676,-0.000,45.644,16.252,43.050,49.274,17.116,48.756,1488.084,2.405,-5.802,-1.40364,2.482,-5.800,-1.40696,2
51261,396234,10,3,3,0,0,0,1,5,0,0,15.037,-143.111,-1.40660,-0.000,45.644,16.252,43.050,49.274,17.116,48.756,1488.084,2.406,-5.802,-1.40348,2.482,-5.800,-1.40676,2
51276,396244,10,3,3,0,0,0,1,5,0,0,15.037,-143.111,-1.40633,-0.000,45.644,16.252,43.050,49.274,17.116,48.756,1488.084,2.406,-5.802,-1.40321,2.483,-5.800,-1.40660,2
51291,396254,10,3,3,0,0,0,1,5,0,0,15.037,-143.111,-1.40627,-0.000,45.644,16.252,43.050,49.274,17.116,48.756,1488.084,2.406,-5.802,-1.40315,2.483,-5.800,-1.40633,2
51291,396264,10,3,3,0,0,0,1,5,0,0,15.037,-143.111,-1.40607,-0.000,45.644,16.252,43.050,49.274,17.116,48.756,1488.084,2.406,-5.802,-1.40295,2.483,-5.800,-1.40627,2
51307,396274,10,3,3,0,0,0,1,5,0,0,15.037,-143.111,-1.40601,-0.000,45.644,16.252,43.050,49.274,17.116,48.756,1488.084,2.406,-5.802,-1.40289,2.483,-5.800,-1.40607,2
51307,396284,10,3,3,0,0,0,1,5,0,0,15.037,-143.111,-1.40610,-0.000,45.644,16.252,43.050,49.274,17.116,48.756,1488.084,2.406,-5.802,-1.40298,2.483,-5.800,-1.40601,2
51323,396294,10,3,3,0,0,0,1,5,0,0,15.037,-143.111,-1.40607,-0.000,45.644,16.252,43.050,49.274,17.116,48.756,1488.084,2.406,-5.802,-1.40295,2.483,-5.800,-1.40610,2
51337,396304,10,3,3,0,0,0,1,5,0,0,15.037,-143.111,-1.40601,-0.000,45.644,16.252,43.050,49.274,17.116,48.756,1488.084,2.406,-5.802,-1.40289,2.483,-5.800,-1.40607,2
51337,396314,10,3,3,0,0,0,1,5,0,0,15.037,-143.111,-1.40618,-0.000,45.644,16.252,43.050,49.274,17.116,48.756,1488.084,2.406,-5.802,-1.40306,2.483,-5.800,-1.40601,2
51352,396324,10,3,3,0,0,0,1,5,0,0,15.037,-143.111,-1.40643,-0.000,45.644,16.252,43.050,49.274,17.116,48.756,1488.084,2.406,-5.802,-1.40331,2.483,-5.800,-1.40618,2
51367,396334,10,3,3,0,0,0,1,5,0,0,15.037,-143.111,-1.40656,-0.000,45.644,16.252,43.050,49.274,17.116,48.756,1488.084,2.406,-5.802,-1.40344,2.483,-5.800,-1.40643,2
51367,396344,10,3,3,0,0,0,1,5,0,0,15.037,-143.111,-1.40663,-0.000,45.644,16.252,43.050,49.274,17.116,48.756,1488.084,2.406,-5.802,-1.40351,2.483,-5.800,-1.40656,2
51383,396354,10,3,3,0,0,0,1,5,0,0,15.037,-143.111,-1.40663,-0.000,45.644,16.252,43.050,49.274,17.116,48.756,1488.084,2.406,-5.802,-1.40351,2.483,-5.800,-1.40663,2
51399,396364,10,3,3,0,0,0,1,5,0,0,15.037,-143.111,-1.40669,-0.000,45.644,16.252,43.050,49.274,17.116,48.756,1488.084,2.406,-5.802,-1.40357,2.483,-5.800,-1.40663,2
51399,396374,10,3,3,0,0,0,1,5,0,0,15.037,-143.111,-1.40690,-0.000,45.644,16.252,43.050,49.274,17.116,48.756,1488.084,2.405,-5.802,-1.40378,2.482,-5.800,-1.40669,2
51415,396384,10,3,3,0,0,0,1,5,0,0,15.037,-143.111,-1.40686,-0.000,45.644,16.252,43.050,49.274,17.116,48.756,1488.084,2.405,-5.802,-1.40374,2.482,-5.800,-1.40690,2
51429,396394,10,3,3,0,0,0,1,5,0,0,15.037,-143.111,-1.40697,-0.000,45.644,16.252,43.050,49.274,17.116,48.756,1488.084,2.405,-5.802,-1.40385,2.482,-5.800,-1.40686,2
51429,396404,10,3,3,0,0,0,1,5,0,0,15.037,-143.111,-1.40700,-0.000,45.644,16.252,43.050,49.274,17.116,48.756,1488.084,2.405,-5.802,-1.40388,2.482,-5.800,-1.40697,2
51445,396414,10,3,3,0,0,0,1,5,0,0,15.037,-143.111,-1.40692,-0.000,45.644,16.252,43.050,49.274,17.116,48.756,1488.084,2.405,-5.802,-1.40380,2.482,-5.800,-1.40700,2
51460,396424,10,3,3,0,0,0,1,5,0,0,15.037,-143.111,-1.40687,-0.000,45.644,16.252,43.050,49.274,17.116,48.756,1488.084,2.405,-5.802,-1.40375,2.482,-5.800,-1.40692,2
51460,396434,10,3,3,0,0,0,1,5,0,0,15.037,-143.111,-1.40690,-0.000,45.644,16.252,43.050,49.274,17.116,48.756,1488.084,2.405,-5.802,-1.40378,2.482,-5.800,-1.40687,2
51475,396444,10,3,3,0,0,0,1,5,0,0,15.037,-143.111,-1.40696,-0.000,45.644,16.252,43.050,49.274,17.116,48.756,1488.084,2.405,-5.802,-1.40384,2.482,-5.800,-1.40690,2
51491,396454,10,3,3,0,0,0,1,5,0,0,15.037,-143.111,-1.40693,-0.000,45.644,16.252,43.050,49.274,17.116,48.756,1488.084,2.405,-5.802,-1.40380,2.482,-5.800,-1.40696,2
51491,396464,10,3,3,0,0,0,1,5,0,0,15.037,-143.111,-1.40687,-0.000,45.644,16.252,43.050,49.274,17.116,48.756,1488.084,2.405,-5.802,-1.40375,2.482,-5.800,-1.40692,2
51507,396474,10,3,3,0,0,0,1,5,0,0,15.037,-143.111,-1.40677,-0.000,45.644,16.252,43.050,49.274,17.116,48.756,1488.084,2.405,-5.802,-1.40365,2.482,-5.800,-1.40687,2
51507,396484,10,3,3,0,0,0,1,5,0,0,15.037,-143.111,-1.40657,-0.000,45.644,16.252,43.050,49.274,17.116,48.756,1488.084,2.406,-5.802,-1.40345,2.482,-5.800,-1.40677,2
51523,396494,10,3,3,0,0,0,1,5,0,0,15.037,-143.111,-1.40678,-0.000,45.644,16.252,43.050,49.274,17.116,48.756,1488.084,2.405,-5.802,-1.40366,2.483,-5.800,-1.40657,2
51539,396504,10,3,3,0,0,0,1,5,0,0,15.037,-143.111,-1.40690,-0.000,45.644,16.252,43.050,49.274,17.116,48.756,1488.084,2.405,-5.802,-1.40378,2.482,-5.800,-1.40678,2
51539,396514,10,3,3,0,0,0,1,5,0,0,15.037,-143.111,-1.40686,-0.000,45.644,16.252,43.050,49.274,17.116,48.756,1488.084,2.405,-5.802,-1.40374,2.482,-5.800,-1.40690,2
51555,396524,10,3,3,0,0,0,1,5,0,0,15.037,-143.111,-1.40697,-0.000,45.644,16.252,43.050,49.274,17.116,48.756,1488.084,2.405,-5.802,-1.40385,2.482,-5.800,-1.40686,2
51571,396534,10,3,3,0,0,0,1,5,0,0,15.037,-143.111,-1.40709,-0.000,45.644,16.252,43.050,49.274,17.116,48.756,1488.084,2.405,-5.802,-1.40397,2.482,-5.800,-1.40697,2
51571,396544,10,3,3,0,0,0,1,5,0,0,15.037,-143.111,-1.40697,-0.000,45.644,16.252,43.050,49.274,17.116,48.756,1488.084,2.405,-5.802,-1.40385,2.482,-5.800,-1.40709,2
51585,396554,10,3,3,0,0,0,1,5,0,0,15.037,-143.111,-1.40664,-0.000,45.644,16.252,43.050,49.274,17.116,48.756,1488.084,2.406,-5.802,-1.40352,2.482,-5.800,-1.40697,2
51601,396564,10,3,3,0,0,0,1,5,0,0,15.037,-143.111,-1.40664,-0.000,45.644,16.252,43.050,49.274,17.116,48.756,1488.084,2.406,-5.802,-1.40352,2.483,-5.800,-1.40664,2
51601,396574,10,3,3,0,0,0,1,5,0,0,15.037,-143.111,-1.40663,-0.000,45.644,16.252,43.050,49.274,17.116,48.756,1488.084,2.406,-5.802,-1.40351,2.483,-5.800,-1.40664,2
51617,396584,10,3,3,0,0,0,1,5,0,0,15.037,-143.111,-1.40661,-0.000,45.644,16.252,43.050,49.274,17.116,48.756,1488.084,2.406,-5.802,-1.40349,2.483,-5.800,-1.40663,2
51617,396594,10,3,3,0,0,0,1,5,0,0,15.037,-143.111,-1.40645,-0.000,45.644,16.252,43.050,49.274,17.116,48.756,1488.084,2.406,-5.802,-1.40333,2.483,-5.800,-1.40661,2
51633,396604,10,3,3,0,0,0,1,5,0,0,15.037,-143.111,-1.40645,-0.000,45.644,16.252,43.050,49.274,17.116,48.756,1488.084,2.406,-5.802,-1.40333,2.483,-5.800,-1.40645,2
51647,396614,10,3,3,0,0,0,1,5,0,0,15.037,-143.111,-1.40654,-0.000,45.644,16.252,43.050,49.274,17.116,48.756,1488.084,2.406,-5.802,-1.40342,2.483,-5.800,-1.40645,2
51647,396624,10,3,3,0,0,0,1,5,0,0,15.037,-143.111,-1.40686,-0.000,45.644,16.252,43.050,49.274,17.116,48.756,1488.084,2.405,-5.802,-1.40374,2.483,-5.800,-1.40654,2
51663,396634,10,3,3,0,0,0,1,5,0,0,15.037,-143.111,-1.40694,-0.000,45.644,16.252,43.050,49.274,17.116,48.756,1488.084,2.405,-5.802,-1.40382,2.482,-5.800,-1.40686,2
51678,396644,10,3,3,0,0,0,1,5,0,0,15.037,-143.111,-1.40698,-0.000,45.644,16.252,43.050,49.274,17.116,48.756,1488.084,2.405,-5.802,-1.40386,2.482,-5.800,-1.40694,2
51678,396654,10,3,3,0,0,0,1,5,0,0,15.037,-143.111,-1.40703,-0.000,45.644,16.252,43.050,49.274,17.116,48.756,1488.084,2.405,-5.802,-1.40391,2.482,-5.800,-1.40698,2
51693,396664,10,3,3,0,0,0,1,5,0,0,15.037,-143.111,-1.40712,-0.000,45.644,16.252,43.050,49.274,17.116,48.756,1488.084,2.405,-5.802,-1.40400,2.482,-5.800,-1.40703,2
51709,396674,10,3,3,0,0,0,1,5,0,0,15.037,-143.111,-1.40708,-0.000,45.644,16.252,43.050,49.274,17.116,48.756,1488.084,2.405,-5.802,-1.40396,2.482,-5.801,-1.40712,2
51709,396684,10,3,3,0,0,0,1,5,0,0,15.037,-143.111,-1.40714,-0.000,45.644,16.252,43.050,49.274,17.116,48.756,1488.084,2.405,-5.802,-1.40402,2.482,-5.800,-1.40708,2
51725,396694,10,3,3,0,0,0,1,5,0,0,15.037,-143.111,-1.40737,-0.000,45.644,16.252,43.050,49.274,17.116,48.756,1488.084,2.405,-5.802,-1.40424,2.482,-5.801,-1.40714,2
51741,396704,10,3,3,0,0,0,1,5,0,0,15.037,-143.111,-1.40724,-0.000,45.644,16.252,43.050,49.274,17.116,48.756,1488.084,2.405,-5.802,-1.40412,2.482,-5.801,-1.40737,2
51741,396714,10,3,3,0,0,0,1,5,0,0,15.037,-143.111,-1.40724,-0.000,45.644,16.252,43.050,49.274,17.116,48.756,1488.084,2.405,-5.802,-1.40412,2.482,-5.801,-1.40724,2
51757,396724,10,3,3,0,0,0,1,5,0,0,15.037,-143.111,-1.40721,-0.000,45.644,16.252,43.050,49.274,17.116,48.756,1488.084,2.405,-5.802,-1.40409,2.482,-5.801,-1.40724,2
51757,396734,10,3,3,0,0,0,1,5,0,0,14.962,-143.111,-1.40714,-0.000,45.644,16.252,43.050,49.274,17.116,48.756,1488.084,2.407,-5.877,-1.40402,2.482,-5.801,-1.40721,2
51772,396744,10,3,3,0,0,0,1,5,0,0,15.037,-143.111,-1.40711,-0.000,45.644,16.252,43.050,49.274,17.116,48.756,1488.084,2.405,-5.802,-1.40399,2.484,-5.876,-1.40714,2
51788,396754,10,3,3,0,0,0,1,5,0,0,15.037,-143.111,-1.40700,-0.000,45.644,16.252,43.050,49.274,17.116,48.756,1488.084,2.405,-5.802,-1.40388,2.482,-5.801,-1.40711,2
51788,396764,10,3,3,0,0,0,1,5,0,0,15.037,-143.111,-1.40688,-0.000,45.644,16.252,43.050,49.274,17.116,48.756,1488.084,2.405,-5.802,-1.40376,2.482,-5.800,-1.40700,2
51803,396774,10,3,3,0,0,0,1,5,0,0,15.037,-143.111,-1.40682,-0.000,45.644,16.252,43.050,49.274,17.116,48.756,1488.084,2.405,-5.802,-1.40370,2.482,-5.800,-1.40688,2
51820,396784,10,3,3,0,0,0,1,5,0,0,15.037,-143.111,-1.40704,-0.000,45.644,16.252,43.050,49.274,17.116,48.756,1488.084,2.405,-5.802,-1.40392,2.482,-5.800,-1.40682,2
51820,396794,10,3,3,0,0,0,1,5,0,0,15.037,-143.111,-1.40703,-0.000,45.644,16.252,43.050,49.274,17.116,48.756,1488.084,2.405,-5.802,-1.40391,2.482,-5.800,-1.40704,2
51835,396804,10,3,3,0,0,0,1,5,0,0,15.037,-143.111,-1.40699,-0.000,45.644,16.252,43.050,49.274,17.116,48.756,1488.084,2.405,-5.802,-1.40387,2.482,-5.800,-1.40703,2
51852,396814,10,3,3,0,0,0,1,5,0,0,15.037,-143.111,-1.40685,-0.000,45.644,16.252,43.050,49.274,17.116,48.756,1488.084,2.405,-5.802,-1.40373,2.482,-5.800,-1.40699,2
51852,396824,10,3,3,0,0,0,1,5,0,0,15.037,-143.111,-1.40681,-0.000,45.644,16.252,43.050,49.274,17.116,48.756,1488.084,2.405,-5.802,-1.40369,2.482,-5.800,-1.40685,2
51866,396834,10,3,3,0,0,0,1,5,0,0,15.037,-143.111,-1.40674,-0.000,45.644,16.252,43.050,49.274,17.116,48.756,1488.084,2.405,-5.802,-1.40362,2.482,-5.800,-1.40681,2
51866,396844,10,3,3,0,0,0,1,5,0,0,15.037,-143.111,-1.40666,-0.000,45.644,16.252,43.050,49.274,17.116,48.756,1488.084,2.406,-5.802,-1.40354,2.482,-5.800,-1.40674,2
51882,396854,10,3,3,0,0,0,1,5,0,0,15.037,-143.111,-1.40681,-0.000,45.644,16.252,43.050,49.274,17.116,48.756,1488.084,2.405,-5.802,-1.40369,2.483,-5.800,-1.40666,2
51898,396864,10,3,3,0,0,0,1,5,0,0,14.962,-143.111,-1.40695,-0.000,45.644,16.252,43.050,49.274,17.116,48.756,1488.084,2.407,-5.877,-1.40383,2.482,-5.800,-1.40681,2
51898,396874,10,3,3,0,0,0,1,5,0,0,15.037,-143.111,-1.40662,-0.000,45.644,16.252,43.050,49.274,17.116,48.756,1488.084,2.406,-5.802,-1.40350,2.484,-5.876,-1.40695,2
51914,396884,10,3,3,0,0,0,1,5,0,0,15.037,-143.111,-1.40665,-0.000,45.644,16.252,43.050,49.274,17.116,48.756,1488.084,2.406,-5.802,-1.40353,2.483,-5.800,-1.40662,2
51929,396894,10,3,3,0,0,0,1,5,0,0,15.037,-143.111,-1.40686,-0.000,45.644,16.252,43.050,49.274,17.116,48.756,1488.084,2.405,-5.802,-1.40374,2.483,-5.800,-1.40665,2
51929,396904,10,3,3,0,0,0,1,5,0,0,15.037,-143.111,-1.40689,-0.000,45.644,16.252,43.050,49.274,17.116,48.756,1488.084,2.405,-5.802,-1.40377,2.482,-5.800,-1.40686,2
51945,396914,10,3,3,0,0,0,1,5,0,0,15.037,-143.111,-1.40671,-0.000,45.644,16.252,43.050,49.274,17.116,48.756,1488.084,2.405,-5.802,-1.40359,2.482,-5.800,-1.40689,2
51961,396924,10,3,3,0,0,0,1,5,0,0,15.037,-143.111,-1.40653,-0.000,45.644,16.252,43.050,49.274,17.116,48.756,1488.084,2.406,-5.802,-1.40341,2.482,-5.800,-1.40671,2
51961,396934,10,3,3,0,0,0,1,5,0,0,15.037,-143.111,-1.40667,-0.000,45.644,16.252,43.050,49.274,17.116,48.756,1488.084,2.406,-5.802,-1.40355,2.483,-5.800,-1.40653,2
51976,396944,10,3,3,0,0,0,1,5,0,0,15.037,-143.111,-1.40660,-0.000,45.644,16.252,43.050,49.274,17.116,48.756,1488.084,2.406,-5.802,-1.40348,2.483,-5.800,-1.40667,2
51976,396954,10,3,3,0,0,0,1,5,0,0,15.037,-143.111,-1.40661,-0.000,45.644,16.252,43.050,49.274,17.116,48.756,1488.084,2.406,-5.802,-1.40349,2.483,-5.800,-1.40660,2
51992,396964,10,3,3,0,0,0,1,5,0,0,15.037,-143.111,-1.40680,-0.000,45.644,16.252,43.050,49.274,17.116,48.756,1488.084,2.405,-5.802,-1.40368,2.483,-5.800,-1.40661,2
52007,396974,10,3,3,0,0,0,1,5,0,0,15.037,-143.111,-1.40678,-0.000,45.644,16.252,43.050,49.274,17.116,48.756,1488.084,2.405,-5.802,-1.40366,2.482,-5.800,-1.40680,2
52007,396984,10,3,3,0,0,0,1,5,0,0,15.037,-143.111,-1.40671,-0.000,45.644,16.252,43.050,49.274,17.116,48.756,1488.084,2.405,-5.802,-1.40359,2.482,-5.800,-1.40678,2
52022,396994,10,3,3,0,0,0,1,5,0,0,15.037,-143.111,-1.40659,-0.000,45.644,16.252,43.050,49.274,17.116,48.756,1488.084,2.406,-5.802,-1.40347,2.482,-5.800,-1.40671,2
52038,397004,10,3,3,0,0,0,1,5,0,0,15.037,-143.111,-1.40652,-0.000,45.644,16.252,43.050,49.274,17.116,48.756,1488.084,2.406,-5.802,-1.40339,2.483,-5.800,-1.40659,2
52038,397014,10,3,3,0,0,0,1,5,0,0,15.037,-143.111,-1.40676,-0.000,45.644,16.252,43.050,49.274,17.116,48.756,1488.084,2.405,-5.802,-1.40364,2.483,-5.800,-1.40651,2
52054,397024,10,3,3,0,0,0,1,5,0,0,15.037,-143.111,-1.40682,-0.000,45.644,16.252,43.050,49.274,17.116,48.756,1488.084,2.405,-5.802,-1.40370,2.482,-5.800,-1.40676,2
52070,397034,10,3,3,0,0,0,1,5,0,0,15.037,-143.111,-1.40697,-0.000,45.644,16.252,43.050,49.274,17.116,48.756,1488.084,2.405,-5.802,-1.40385,2.482,-5.800,-1.40682,2
52070,397044,10,3,3,0,0,0,1,5,0,0,15.037,-143.111,-1.40712,-0.000,45.644,16.252,43.050,49.274,17.116,48.756,1488.084,2.405,-5.802,-1.40400,2.482,-5.800,-1.40697,2
52085,397054,10,3,3,0,0,0,1,5,0,0,15.037,-143.111,-1.40695,-0.000,45.644,16.252,43.050,49.274,17.116,48.756,1488.084,2.405,-5.802,-1.40383,2.482,-5.801,-1.40712,2
52100,397064,10,3,3,0,0,0,1,5,0,0,15.037,-143.111,-1.40664,-0.000,45.644,16.252,43.050,49.274,17.116,48.756,1488.084,2.406,-5.802,-1.40352,2.482,-5.800,-1.40695,2
52100,397074,10,3,3,0,0,0,1,5,0,0,15.037,-143.111,-1.40674,-0.000,45.644,16.252,43.050,49.274,17.116,48.756,1488.084,2.405,-5.802,-1.40362,2.483,-5.800,-1.40664,2
52115,397084,10,3,3,0,0,0,1,5,0,0,15.037,-143.111,-1.40689,-0.000,45.644,16.252,43.050,49.274,17.116,48.756,1488.084,2.405,-5.802,-1.40377,2.482,-5.800,-1.40674,2
52131,397094,10,3,3,0,0,0,1,5,0,0,15.037,-143.111,-1.40687,-0.000,45.644,16.252,43.050,49.274,17.116,48.756,1488.084,2.405,-5.802,-1.40375,2.482,-5.800,-1.40689,2
52131,397104,10,3,3,0,0,0,1,5,0,0,15.037,-143.111,-1.40699,-0.000,45.644,16.252,43.050,49.274,17.116,48.756,1488.084,2.405,-5.802,-1.40387,2.482,-5.800,-1.40687,2
52146,397114,10,3,3,0,0,0,1,5,0,0,15.037,-143.111,-1.40690,-0.000,45.644,16.252,43.050,49.274,17.116,48.756,1488.084,2.405,-5.802,-1.40378,2.482,-5.800,-1.40699,2
52146,397124,10,3,3,0,0,0,1,5,0,0,15.037,-143.111,-1.40670,-0.000,45.644,16.252,43.050,49.274,17.116,48.756,1488.084,2.406,-5.802,-1.40358,2.482,-5.800,-1.40690,2
52162,397134,10,3,3,0,0,0,1,5,0,0,15.037,-143.111,-1.40665,-0.000,45.644,16.252,43.050,49.274,17.116,48.756,1488.084,2.406,-5.802,-1.40353,2.482,-5.800,-1.40670,2
52177,397144,10,3,3,0,0,0,1,5,0,0,15.037,-143.111,-1.40653,-0.000,45.644,16.252,43.050,49.274,17.116,48.756,1488.084,2.406,-5.802,-1.40341,2.483,-5.800,-1.40665,2
52177,397154,10,3,3,0,0,0,1,5,0,0,15.037,-143.111,-1.40641,-0.000,45.644,16.252,43.050,49.274,17.116,48.756,1488.084,2.406,-5.802,-1.40328,2.483,-5.800,-1.40653,2
52192,397164,10,3,3,0,0,0,1,5,0,0,15.037,-143.111,-1.40633,-0.000,45.644,16.252,43.050,49.274,17.116,48.756,1488.084,2.406,-5.802,-1.40321,2.483,-5.800,-1.40641,2
52208,397174,10,3,3,0,0,0,1,5,0,0,15.037,-143.111,-1.40642,-0.000,45.644,16.252,43.050,49.274,17.116,48.756,1488.084,2.406,-5.802,-1.40330,2.483,-5.800,-1.40633,2
52208,397184,10,3,3,0,0,0,1,5,0,0,15.037,-143.111,-1.40630,-0.000,45.644,16.252,43.050,49.274,17.116,48.756,1488.084,2.406,-5.802,-1.40318,2.483,-5.800,-1.40642,2
52224,397194,10,3,3,0,0,0,1,5,0,0,15.037,-143.111,-1.40639,-0.000,45.644,16.252,43.050,49.274,17.116,48.756,1488.084,2.406,-5.802,-1.40327,2.483,-5.800,-1.40630,2
52240,397204,10,3,3,0,0,0,1,5,0,0,14.962,-143.111,-1.40621,-0.000,45.644,16.252,43.050,49.274,17.116,48.756,1488.084,2.408,-5.877,-1.40309,2.483,-5.800,-1.40639,2
52240,397214,10,3,3,0,0,0,1,5,0,0,15.037,-143.111,-1.40607,-0.000,45.644,16.252,43.050,49.274,17.116,48.756,1488.084,2.406,-5.802,-1.40295,2.485,-5.876,-1.40621,2
52256,397224,10,3,3,0,0,0,1,5,0,0,15.037,-143.111,-1.40617,-0.000,45.644,16.252,43.050,49.274,17.116,48.756,1488.084,2.406,-5.802,-1.40305,2.483,-5.800,-1.40607,2
52271,397234,10,3,3,0,0,0,1,5,0,0,15.037,-143.111,-1.40624,-0.000,45.644,16.252,43.050,49.274,17.116,48.756,1488.084,2.406,-5.802,-1.40312,2.483,-5.800,-1.40617,2
52271,397244,10,3,3,0,0,0,1,5,0,0,15.037,-143.111,-1.40613,-0.000,45.644,16.252,43.050,49.274,17.116,48.756,1488.084,2.406,-5.802,-1.40301,2.483,-5.800,-1.40624,2
52287,397254,10,3,3,0,0,0,1,5,0,0,15.037,-143.111,-1.40626,-0.000,45.644,16.252,43.050,49.274,17.116,48.756,1488.084,2.406,-5.802,-1.40314,2.483,-5.800,-1.40613,2
52287,397264,10,3,3,0,0,0,1,5,0,0,15.037,-143.111,-1.40627,-0.000,45.644,16.252,43.050,49.274,17.116,48.756,1488.084,2.406,-5.802,-1.40315,2.483,-5.800,-1.40626,2
52303,397274,10,3,3,0,0,0,1,5,0,0,15.037,-143.111,-1.40641,-0.000,45.644,16.252,43.050,49.274,17.116,48.756,1488.084,2.406,-5.802,-1.40329,2.483,-5.800,-1.40627,2
52319,397284,10,3,3,0,0,0,1,5,0,0,15.037,-143.111,-1.40650,-0.000,45.644,16.252,43.050,49.274,17.116,48.756,1488.084,2.406,-5.802,-1.40337,2.483,-5.800,-1.40641,2
52319,397294,10,3,3,0,0,0,1,5,0,0,15.037,-143.111,-1.40654,-0.000,45.644,16.252,43.050,49.274,17.116,48.756,1488.084,2.406,-5.802,-1.40342,2.483,-5.800,-1.40649,2
52334,397304,10,3,3,0,0,0,1,5,0,0,15.037,-143.111,-1.40651,-0.000,45.644,16.252,43.050,49.274,17.116,48.756,1488.084,2.406,-5.802,-1.40339,2.483,-5.800,-1.40654,2
52350,397314,10,3,3,0,0,0,1,5,0,0,15.037,-143.111,-1.40665,-0.000,45.644,16.252,43.050,49.274,17.116,48.756,1488.084,2.406,-5.802,-1.40353,2.483,-5.800,-1.40651,2
52350,397324,10,3,3,0,0,0,1,5,0,0,14.962,-143.111,-1.40677,-0.000,45.644,16.252,43.050,49.274,17.116,48.756,1488.084,2.407,-5.877,-1.40365,2.483,-5.800,-1.40665,2
52365,397334,10,3,3,0,0,0,1,5,0,0,15.037,-143.111,-1.40652,-0.000,45.644,16.252,43.050,49.274,17.116,48.756,1488.084,2.406,-5.802,-1.40340,2.484,-5.876,-1.40677,2
52381,397344,10,3,3,0,0,0,1,5,0,0,15.037,-143.111,-1.40653,-0.000,45.644,16.252,43.050,49.274,17.116,48.756,1488.084,2.406,-5.802,-1.40341,2.483,-5.800,-1.40652,2
52381,397354,10,3,3,0,0,0,1,5,0,0,15.037,-143.111,-1.40644,-0.000,45.644,16.252,43.050,49.274,17.116,48.756,1488.084,2.406,-5.802,-1.40332,2.483,-5.800,-1.40653,2
52397,397364,10,3,3,0,0,0,1,5,0,0,15.037,-143.111,-1.40653,-0.000,45.644,16.252,43.050,49.274,17.116,48.756,1488.084,2.406,-5.802,-1.40341,2.483,-5.800,-1.40644,2
52397,397374,10,3,3,0,0,0,1,5,0,0,15.037,-143.111,-1.40635,-0.000,45.644,16.252,43.050,49.274,17.116,48.756,1488.084,2.406,-5.802,-1.40323,2.483,-5.800,-1.40653,2
52412,397384,10,3,3,0,0,0,1,5,0,0,15.037,-143.111,-1.40672,-0.000,45.644,16.252,43.050,49.274,17.116,48.756,1488.084,2.405,-5.802,-1.40360,2.483,-5.800,-1.40635,2
52428,397394,10,3,3,0,0,0,1,5,0,0,15.037,-143.111,-1.40661,-0.000,45.644,16.252,43.050,49.274,17.116,48.756,1488.084,2.406,-5.802,-1.40349,2.482,-5.800,-1.40672,2
52428,397404,10,3,3,0,0,0,1,5,0,0,15.037,-143.111,-1.40636,-0.000,45.644,16.252,43.050,49.274,17.116,48.756,1488.084,2.406,-5.802,-1.40324,2.483,-5.800,-1.40661,2
52444,397414,10,3,3,0,0,0,1,5,0,0,15.037,-143.111,-1.40635,-0.000,45.644,16.252,43.050,49.274,17.116,48.756,1488.084,2.406,-5.802,-1.40323,2.483,-5.800,-1.40636,2
52459,397424,10,3,3,0,0,0,1,5,0,0,15.037,-143.111,-1.40637,-0.000,45.644,16.252,43.050,49.274,17.116,48.756,1488.084,2.406,-5.802,-1.40325,2.483,-5.800,-1.40635,2
52459,397434,10,3,3,0,0,0,1,5,0,0,15.037,-143.111,-1.40642,-0.000,45.644,16.252,43.050,49.274,17.116,48.756,1488.084,2.406,-5.802,-1.40330,2.483,-5.800,-1.40637,2
52476,397444,10,3,3,0,0,0,1,5,0,0,15.037,-143.111,-1.40659,-0.000,45.644,16.252,43.050,49.274,17.116,48.756,1488.084,2.406,-5.802,-1.40347,2.483,-5.800,-1.40642,2
52491,397454,10,3,3,0,0,0,1,5,0,0,15.037,-143.111,-1.40691,-0.000,45.644,16.252,43.050,49.274,17.116,48.756,1488.084,2.405,-5.802,-1.40379,2.483,-5.800,-1.40659,2
52491,397464,10,3,3,0,0,0,1,5,0,0,15.037,-143.111,-1.40692,-0.000,45.644,16.252,43.050,49.274,17.116,48.756,1488.084,2.405,-5.802,-1.40380,2.482,-5.800,-1.40691,2
52507,397474,10,3,3,0,0,0,1,5,0,0,15.037,-143.111,-1.40707,-0.000,45.644,16.252,43.050,49.274,17.116,48.756,1488.084,2.405,-5.802,-1.40395,2.482,-5.800,-1.40692,2
52507,397484,10,3,3,0,0,0,1,5,0,0,15.037,-143.111,-1.40724,-0.000,45.644,16.252,43.050,49.274,17.116,48.756,1488.084,2.405,-5.802,-1.40412,2.482,-5.800,-1.40707,2
52522,397494,10,3,3,0,0,0,1,5,0,0,15.037,-143.111,-1.40695,-0.000,45.644,16.252,43.050,49.274,17.116,48.756,1488.084,2.405,-5.802,-1.40383,2.482,-5.801,-1.40724,2
52538,397504,10,3,3,0,0,0,1,5,0,0,15.037,-143.111,-1.40680,-0.000,45.644,16.252,43.050,49.274,17.116,48.756,1488.084,2.405,-5.802,-1.40368,2.482,-5.800,-1.40695,2
52538,397514,10,3,3,0,0,0,1,5,0,0,15.037,-143.111,-1.40672,-0.000,45.644,16.252,43.050,49.274,17.116,48.756,1488.084,2.405,-5.802,-1.40360,2.482,-5.800,-1.40680,2
52553,397524,10,3,3,0,0,0,1,5,0,0,15.037,-143.111,-1.40670,-0.000,45.644,16.252,43.050,49.274,17.116,48.756,1488.084,2.405,-5.802,-1.40358,2.482,-5.800,-1.40672,2
52569,397534,10,3,3,0,0,0,1,5,0,0,15.037,-143.111,-1.40667,-0.000,45.644,16.252,43.050,49.274,17.116,48.756,1488.084,2.406,-5.802,-1.40355,2.482,-5.800,-1.40670,2
52569,397544,10,3,3,0,0,0,1,5,0,0,15.037,-143.111,-1.40652,-0.000,45.644,16.252,43.050,49.274,17.116,48.756,1488.084,2.406,-5.802,-1.40340,2.483,-5.800,-1.40667,2
52585,397554,10,3,3,0,0,0,1,5,0,0,15.037,-143.111,-1.40654,-0.000,45.644,16.252,43.050,49.274,17.116,48.756,1488.084,2.406,-5.802,-1.40342,2.483,-5.800,-1.40652,2
52600,397564,10,3,3,0,0,0,1,5,0,0,15.037,-143.111,-1.40652,-0.000,45.644,16.252,43.050,49.274,17.116,48.756,1488.084,2.406,-5.802,-1.40340,2.483,-5.800,-1.40654,2
52600,397574,10,3,3,0,0,0,1,5,0,0,15.037,-143.111,-1.40651,-0.000,45.644,16.252,43.050,49.274,17.116,48.756,1488.084,2.406,-5.802,-1.40339,2.483,-5.800,-1.40652,2
52616,397584,10,3,3,0,0,0,1,5,0,0,15.037,-143.111,-1.40654,-0.000,45.644,16.252,43.050,49.274,17.116,48.756,1488.084,2.406,-5.802,-1.40342,2.483,-5.800,-1.40651,2
52616,397594,10,3,3,0,0,0,1,5,0,0,14.962,-143.111,-1.40648,-0.000,45.644,16.252,43.050,49.274,17.116,48.756,1488.084,2.408,-5.877,-1.40336,2.483,-5.800,-1.40654,2
52631,397604,10,3,3,0,0,0,1,5,0,0,15.037,-143.111,-1.40626,-0.000,45.644,16.252,43.050,49.274,17.116,48.756,1488.084,2.406,-5.802,-1.40313,2.485,-5.876,-1.40648,2
52646,397614,10,3,3,0,0,0,1,5,0,0,15.037,-143.111,-1.40619,-0.000,45.644,16.252,43.050,49.274,17.116,48.756,1488.084,2.406,-5.802,-1.40307,2.483,-5.800,-1.40625,2
52646,397624,10,3,3,0,0,0,1,5,0,0,15.037,-143.111,-1.40627,-0.000,45.644,16.252,43.050,49.274,17.116,48.756,1488.084,2.406,-5.802,-1.40315,2.483,-5.800,-1.40619,2
52662,397634,10,3,3,0,0,0,1,5,0,0,15.037,-143.111,-1.40638,-0.000,45.644,16.252,43.050,49.274,17.116,48.756,1488.084,2.406,-5.802,-1.40326,2.483,-5.800,-1.40627,2
52677,397644,10,3,3,0,0,0,1,5,0,0,15.037,-143.111,-1.40654,-0.000,45.644,16.252,43.050,49.274,17.116,48.756,1488.084,2.406,-5.802,-1.40342,2.483,-5.800,-1.40638,2
52677,397654,10,3,3,0,0,0,1,5,0,0,15.037,-143.111,-1.40665,-0.000,45.644,16.252,43.050,49.274,17.116,48.756,1488.084,2.406,-5.802,-1.40353,2.483,-5.800,-1.40654,2
52694,397664,10,3,3,0,0,0,1,5,0,0,15.037,-143.111,-1.40666,-0.000,45.644,16.252,43.050,49.274,17.116,48.756,1488.084,2.406,-5.802,-1.40354,2.483,-5.800,-1.40665,2
52709,397674,10,3,3,0,0,0,1,5,0,0,15.037,-143.111,-1.40645,-0.000,45.644,16.252,43.050,49.274,17.116,48.756,1488.084,2.406,-5.802,-1.40333,2.483,-5.800,-1.40666,2
52709,397684,10,3,3,0,0,0,1,5,0,0,15.037,-143.111,-1.40614,-0.000,45.644,16.252,43.050,49.274,17.116,48.756,1488.084,2.406,-5.802,-1.40302,2.483,-5.800,-1.40645,2
52725,397694,10,3,3,0,0,0,1,5,0,0,15.037,-143.111,-1.40623,-0.000,45.644,16.252,43.050,49.274,17.116,48.756,1488.084,2.406,-5.802,-1.40311,2.483,-5.800,-1.40614,2
52740,397704,10,3,3,0,0,0,1,5,0,0,15.037,-143.111,-1.40627,-0.000,45.644,16.252,43.050,49.274,17.116,48.756,1488.084,2.406,-5.802,-1.40315,2.483,-5.800,-1.40623,2
52740,397714,10,3,3,0,0,0,1,5,0,0,14.962,-143.111,-1.40657,-0.000,45.644,16.252,43.050,49.274,17.116,48.756,1488.084,2.407,-5.877,-1.40345,2.483,-5.800,-1.40627,2
52756,397724,10,3,3,0,0,0,1,5,0,0,15.037,-143.111,-1.40689,-0.000,45.644,16.252,43.050,49.274,17.116,48.756,1488.084,2.405,-5.802,-1.40377,2.484,-5.876,-1.40657,2
52756,397734,10,3,3,0,0,0,1,5,0,0,15.037,-143.111,-1.40707,-0.000,45.644,16.252,43.050,49.274,17.116,48.756,1488.084,2.405,-5.802,-1.40395,2.482,-5.800,-1.40689,2
52771,397744,10,3,3,0,0,0,1,5,0,0,15.037,-143.111,-1.40696,-0.000,45.644,16.252,43.050,49.274,17.116,48.756,1488.084,2.405,-5.802,-1.40384,2.482,-5.800,-1.40707,2
52787,397754,10,3,3,0,0,0,1,5,0,0,15.037,-143.111,-1.40704,-0.000,45.644,16.252,43.050,49.274,17.116,48.756,1488.084,2.405,-5.802,-1.40392,2.482,-5.800,-1.40696,2
52787,397764,10,3,3,0,0,0,1,5,0,0,15.037,-143.111,-1.40698,-0.000,45.644,16.252,43.050,49.274,17.116,48.756,1488.084,2.405,-5.802,-1.40386,2.482,-5.800,-1.40704,2
52803,397774,10,3,3,0,0,0,1,5,0,0,15.037,-143.111,-1.40700,-0.000,45.644,16.252,43.050,49.274,17.116,48.756,1488.084,2.405,-5.802,-1.40388,2.482,-5.800,-1.40698,2
52819,397784,10,3,3,0,0,0,1,5,0,0,15.037,-143.111,-1.40693,-0.000,45.644,16.252,43.050,49.274,17.116,48.756,1488.084,2.405,-5.802,-1.40381,2.482,-5.800,-1.40700,2
52819,397794,10,3,3,0,0,0,1,5,0,0,15.037,-143.111,-1.40704,-0.000,45.644,16.252,43.050,49.274,17.116,48.756,1488.084,2.405,-5.802,-1.40392,2.482,-5.800,-1.40693,2
52834,397804,10,3,3,0,0,0,1,5,0,0,15.037,-143.111,-1.40703,-0.000,45.644,16.252,43.050,49.274,17.116,48.756,1488.084,2.405,-5.802,-1.40391,2.482,-5.800,-1.40704,2
52849,397814,10,3,3,0,0,0,1,5,0,0,15.037,-143.111,-1.40697,-0.000,45.644,16.252,43.050,49.274,17.116,48.756,1488.084,2.405,-5.802,-1.40385,2.482,-5.800,-1.40703,2
52849,397824,10,3,3,0,0,0,1,5,0,0,15.037,-143.111,-1.40663,-0.000,45.644,16.252,43.050,49.274,17.116,48.756,1488.084,2.406,-5.802,-1.40351,2.482,-5.800,-1.40697,2
52865,397834,10,3,3,0,0,0,1,5,0,0,15.037,-143.111,-1.40678,-0.000,45.644,16.252,43.050,49.274,17.116,48.756,1488.084,2.405,-5.802,-1.40366,2.483,-5.800,-1.40663,2
52880,397844,10,3,3,0,0,0,1,5,0,0,15.037,-143.111,-1.40694,-0.000,45.644,16.252,43.050,49.274,17.116,48.756,1488.084,2.405,-5.802,-1.40382,2.482,-5.800,-1.40678,2
52880,397854,10,3,3,0,0,0,1,5,0,0,15.037,-143.111,-1.40683,-0.000,45.644,16.252,43.050,49.274,17.116,48.756,1488.084,2.405,-5.802,-1.40371,2.482,-5.800,-1.40694,2
52896,397864,10,3,3,0,0,0,1,5,0,0,15.037,-143.111,-1.40681,-0.000,45.644,16.252,43.050,49.274,17.116,48.756,1488.084,2.405,-5.802,-1.40369,2.482,-5.800,-1.40683,2
52896,397874,10,3,3,0,0,0,1,5,0,0,15.037,-143.111,-1.40693,-0.000,45.644,16.252,43.050,49.274,17.116,48.756,1488.084,2.405,-5.802,-1.40381,2.482,-5.800,-1.40681,2
52911,397884,10,3,3,0,0,0,1,5,0,0,15.037,-143.111,-1.40688,-0.000,45.644,16.252,43.050,49.274,17.116,48.756,1488.084,2.405,-5.802,-1.40376,2.482,-5.800,-1.40693,2
52927,397894,10,3,3,0,0,0,1,5,0,0,15.037,-143.111,-1.40691,-0.000,45.644,16.252,43.050,49.274,17.116,48.756,1488.084,2.405,-5.802,-1.40379,2.482,-5.800,-1.40688,2
52927,397904,10,3,3,0,0,0,1,5,0,0,15.037,-143.111,-1.40681,-0.000,45.644,16.252,43.050,49.274,17.116,48.756,1488.084,2.405,-5.802,-1.40369,2.482,-5.800,-1.40691,2
52942,397914,10,3,3,0,0,0,1,5,0,0,15.037,-143.111,-1.40680,-0.000,45.644,16.252,43.050,49.274,17.116,48.756,1488.084,2.405,-5.802,-1.40368,2.482,-5.800,-1.40681,2
52958,397924,10,3,3,0,0,0,1,5,0,0,15.037,-143.111,-1.40688,-0.000,45.644,16.252,43.050,49.274,17.116,48.756,1488.084,2.405,-5.802,-1.40376,2.482,-5.800,-1.40680,2
52958,397934,10,3,3,0,0,0,1,5,0,0,15.037,-143.111,-1.40688,-0.000,45.644,16.252,43.050,49.274,17.116,48.756,1488.084,2.405,-5.802,-1.40376,2.482,-5.800,-1.40688,2
52973,397944,10,3,3,0,0,0,1,5,0,0,15.037,-143.111,-1.40649,-0.000,45.644,16.252,43.050,49.274,17.116,48.756,1488.084,2.406,-5.802,-1.40337,2.482,-5.800,-1.40688,2
52989,397954,10,3,3,0,0,0,1,5,0,0,15.037,-143.111,-1.40642,-0.000,45.644,16.252,43.050,49.274,17.116,48.756,1488.084,2.406,-5.802,-1.40330,2.483,-5.800,-1.40649,2
52989,397964,10,3,3,0,0,0,1,5,0,0,15.037,-143.111,-1.40635,-0.000,45.644,16.252,43.050,49.274,17.116,48.756,1488.084,2.406,-5.802,-1.40323,2.483,-5.800,-1.40642,2
53005,397974,10,3,3,0,0,0,1,5,0,0,15.037,-143.111,-1.40640,-0.000,45.644,16.252,43.050,49.274,17.116,48.756,1488.084,2.406,-5.802,-1.40328,2.483,-5.800,-1.40635,2
53020,397984,10,3,3,0,0,0,1,5,0,0,14.962,-143.111,-1.40667,-0.000,45.644,16.252,43.050,49.274,17.116,48.756,1488.084,2.407,-5.877,-1.40355,2.483,-5.800,-1.40640,2
53020,397994,10,3,3,0,0,0,1,5,0,0,15.037,-143.111,-1.40652,-0.000,45.644,16.252,43.050,49.274,17.116,48.756,1488.084,2.406,-5.802,-1.40340,2.484,-5.876,-1.40667,2
53035,398004,10,3,3,0,0,0,1,5,0,0,15.037,-143.111,-1.40641,-0.000,45.644,16.252,43.050,49.274,17.116,48.756,1488.084,2.406,-5.802,-1.40329,2.483,-5.800,-1.40652,2
53052,398014,10,3,3,0,0,0,1,5,0,0,15.037,-143.111,-1.40678,-0.000,45.644,16.252,43.050,49.274,17.116,48.756,1488.084,2.405,-5.802,-1.40366,2.483,-5.800,-1.40641,2
53052,398024,10,3,3,0,0,0,1,5,0,0,15.037,-143.111,-1.40676,-0.000,45.644,16.252,43.050,49.274,17.116,48.756,1488.084,2.405,-5.802,-1.40364,2.482,-5.800,-1.40678,2
53067,398034,10,3,3,0,0,0,1,5,0,0,15.037,-143.111,-1.40661,-0.000,45.644,16.252,43.050,49.274,17.116,48.756,1488.084,2.406,-5.802,-1.40349,2.482,-5.800,-1.40676,2
53067,398044,10,3,3,0,0,0,1,5,0,0,15.037,-143.111,-1.40653,-0.000,45.644,16.252,43.050,49.274,17.116,48.756,1488.084,2.406,-5.802,-1.40341,2.483,-5.800,-1.40661,2
53082,398054,10,3,3,0,0,0,1,5,0,0,15.037,-143.111,-1.40639,-0.000,45.644,16.252,43.050,49.274,17.116,48.756,1488.084,2.406,-5.802,-1.40327,2.483,-5.800,-1.40653,2
53098,398064,10,3,3,0,0,0,1,5,0,0,15.037,-143.111,-1.40630,-0.000,45.644,16.252,43.050,49.274,17.116,48.756,1488.084,2.406,-5.802,-1.40318,2.483,-5.800,-1.40639,2
53098,398074,10,3,3,0,0,0,1,5,0,0,15.037,-143.111,-1.40660,-0.000,45.644,16.252,43.050,49.274,17.116,48.756,1488.084,2.406,-5.802,-1.40348,2.483,-5.800,-1.40630,2
53114,398084,10,3,3,0,0,0,1,5,0,0,15.037,-143.111,-1.40676,-0.000,45.644,16.252,43.050,49.274,17.116,48.756,1488.084,2.405,-5.802,-1.40364,2.483,-5.800,-1.40660,2
53129,398094,10,3,3,0,0,0,1,5,0,0,15.037,-143.111,-1.40701,-0.000,45.644,16.252,43.050,49.274,17.116,48.756,1488.084,2.405,-5.802,-1.40389,2.482,-5.800,-1.40676,2
53129,398104,10,3,3,0,0,0,1,5,0,0,15.037,-143.111,-1.40677,-0.000,45.644,16.252,43.050,49.274,17.116,48.756,1488.084,2.405,-5.802,-1.40365,2.482,-5.800,-1.40701,2
53145,398114,10,3,3,0,0,0,1,5,0,0,15.037,-143.111,-1.40663,-0.000,45.644,16.252,43.050,49.274,17.116,48.756,1488.084,2.406,-5.802,-1.40351,2.482,-5.800,-1.40677,2
53160,398124,10,3,3,0,0,0,1,5,0,0,15.037,-143.111,-1.40658,-0.000,45.644,16.252,43.050,49.274,17.116,48.756,1488.084,2.406,-5.802,-1.40346,2.483,-5.800,-1.40663,2
53160,398134,10,3,3,0,0,0,1,5,0,0,15.037,-143.111,-1.40662,-0.000,45.644,16.252,43.050,49.274,17.116,48.756,1488.084,2.406,-5.802,-1.40349,2.483,-5.800,-1.40658,2
53175,398144,10,3,3,0,0,0,1,5,0,0,15.037,-143.111,-1.40652,-0.000,45.644,16.252,43.050,49.274,17.116,48.756,1488.084,2.406,-5.802,-1.40340,2.483,-5.800,-1.40662,2
53191,398154,10,3,3,0,0,0,1,5,0,0,15.037,-143.111,-1.40669,-0.000,45.644,16.252,43.050,49.274,17.116,48.756,1488.084,2.406,-5.802,-1.40356,2.483,-5.800,-1.40652,2
53191,398164,10,3,3,0,0,0,1,5,0,0,15.037,-143.111,-1.40692,-0.000,45.644,16.252,43.050,49.274,17.116,48.756,1488.084,2.405,-5.802,-1.40380,2.482,-5.800,-1.40669,2
53207,398174,10,3,3,0,0,0,1,5,0,0,15.037,-143.111,-1.40701,-0.000,45.644,16.252,43.050,49.274,17.116,48.756,1488.084,2.405,-5.802,-1.40389,2.482,-5.800,-1.40692,2
53207,398184,10,3,3,0,0,0,1,5,0,0,15.037,-143.111,-1.40698,-0.000,45.644,16.252,43.050,49.274,17.116,48.756,1488.084,2.405,-5.802,-1.40386,2.482,-5.800,-1.40701,2
53222,398194,10,3,3,0,0,0,1,5,0,0,15.037,-143.111,-1.40683,-0.000,45.644,16.252,43.050,49.274,17.116,48.756,1488.084,2.405,-5.802,-1.40371,2.482,-5.800,-1.40698,2
53239,398204,10,3,3,0,0,0,1,5,0,0,15.037,-143.111,-1.40661,-0.000,45.644,16.252,43.050,49.274,17.116,48.756,1488.084,2.406,-5.802,-1.40349,2.482,-5.800,-1.40683,2
53239,398214,10,3,3,0,0,0,1,5,0,0,15.037,-143.111,-1.40681,-0.000,45.644,16.252,43.050,49.274,17.116,48.756,1488.084,2.405,-5.802,-1.40369,2.483,-5.800,-1.40661,2
53254,398224,10,3,3,0,0,0,1,5,0,0,15.037,-143.111,-1.40673,-0.000,45.644,16.252,43.050,49.274,17.116,48.756,1488.084,2.405,-5.802,-1.40361,2.482,-5.800,-1.40681,2
53270,398234,10,3,3,0,0,0,1,5,0,0,15.037,-143.111,-1.40694,-0.000,45.644,16.252,43.050,49.274,17.116,48.756,1488.084,2.405,-5.802,-1.40382,2.482,-5.800,-1.40673,2
53270,398244,10,3,3,0,0,0,1,5,0,0,15.037,-143.111,-1.40686,-0.000,45.644,16.252,43.050,49.274,17.116,48.756,1488.084,2.405,-5.802,-1.40374,2.482,-5.800,-1.40694,2
53286,398254,10,3,3,0,0,0,1,5,0,0,15.037,-143.111,-1.40697,-0.000,45.644,16.252,43.050,49.274,17.116,48.756,1488.084,2.405,-5.802,-1.40385,2.482,-5.800,-1.40686,2
53301,398264,10,3,3,0,0,0,1,5,0,0,15.037,-143.111,-1.40712,-0.000,45.644,16.252,43.050,49.274,17.116,48.756,1488.084,2.405,-5.802,-1.40400,2.482,-5.800,-1.40697,2
53301,398274,10,3,3,0,0,0,1,5,0,0,15.037,-143.111,-1.40712,-0.000,45.644,16.252,43.050,49.274,17.116,48.756,1488.084,2.405,-5.802,-1.40400,2.482,-5.801,-1.40712,2
53318,398284,10,3,3,0,0,0,1,5,0,0,15.037,-143.111,-1.40721,-0.000,45.644,16.252,43.050,49.274,17.116,48.756,1488.084,2.405,-5.802,-1.40409,2.482,-5.801,-1.40712,2
53318,398294,10,3,3,0,0,0,1,5,0,0,15.037,-143.111,-1.40727,-0.000,45.644,16.252,43.050,49.274,17.116,48.756,1488.084,2.405,-5.802,-1.40415,2.482,-5.801,-1.40721,2
53333,398304,10,3,3,0,0,0,1,5,0,0,15.037,-143.111,-1.40723,-0.000,45.644,16.252,43.050,49.274,17.116,48.756,1488.084,2.405,-5.802,-1.40411,2.482,-5.801,-1.40727,2
53349,398314,10,3,3,0,0,0,1,5,0,0,15.037,-143.111,-1.40715,-0.000,45.644,16.252,43.050,49.274,17.116,48.756,1488.084,2.405,-5.802,-1.40403,2.482,-5.801,-1.40723,2
53349,398324,10,3,3,0,0,0,1,5,0,0,15.037,-143.111,-1.40691,-0.000,45.644,16.252,43.050,49.274,17.116,48.756,1488.084,2.405,-5.802,-1.40379,2.482,-5.801,-1.40715,2
53364,398334,10,3,3,0,0,0,1,5,0,0,15.037,-143.111,-1.40655,-0.000,45.644,16.252,43.050,49.274,17.116,48.756,1488.084,2.406,-5.802,-1.40343,2.482,-5.800,-1.40691,2
53379,398344,10,3,3,0,0,0,1,5,0,0,15.037,-143.111,-1.40655,-0.000,45.644,16.252,43.050,49.274,17.116,48.756,1488.084,2.406,-5.802,-1.40343,2.483,-5.800,-1.40655,2
53379,398354,10,3,3,0,0,0,1,5,0,0,15.037,-143.111,-1.40664,-0.000,45.644,16.252,43.050,49.274,17.116,48.756,1488.084,2.406,-5.802,-1.40352,2.483,-5.800,-1.40655,2
53396,398364,10,3,3,0,0,0,1,5,0,0,15.037,-143.111,-1.40662,-0.000,45.644,16.252,43.050,49.274,17.116,48.756,1488.084,2.406,-5.802,-1.40350,2.483,-5.800,-1.40664,2
53412,398374,10,3,3,0,0,0,1,5,0,0,15.037,-143.111,-1.40683,-0.000,45.644,16.252,43.050,49.274,17.116,48.756,1488.084,2.405,-5.802,-1.40371,2.483,-5.800,-1.40662,2
53412,398384,10,3,3,0,0,0,1,5,0,0,15.037,-143.111,-1.40686,-0.000,45.644,16.252,43.050,49.274,17.116,48.756,1488.084,2.405,-5.802,-1.40374,2.482,-5.800,-1.40683,2
53428,398394,10,3,3,0,0,0,1,5,0,0,15.037,-143.111,-1.40695,-0.000,45.644,16.252,43.050,49.274,17.116,48.756,1488.084,2.405,-5.802,-1.40383,2.482,-5.800,-1.40686,2
53428,398404,10,3,3,0,0,0,1,5,0,0,15.037,-143.111,-1.40681,-0.000,45.644,16.252,43.050,49.274,17.116,48.756,1488.084,2.405,-5.802,-1.40369,2.482,-5.800,-1.40695,2
53443,398414,10,3,3,0,0,0,1,5,0,0,15.037,-143.111,-1.40665,-0.000,45.644,16.252,43.050,49.274,17.116,48.756,1488.084,2.406,-5.802,-1.40353,2.482,-5.800,-1.40681,2
53459,398424,10,3,3,0,0,0,1,5,0,0,15.037,-143.111,-1.40646,-0.000,45.644,16.252,43.050,49.274,17.116,48.756,1488.084,2.406,-5.802,-1.40334,2.483,-5.800,-1.40665,2
53459,398434,10,3,3,0,0,0,1,5,0,0,15.037,-143.111,-1.40650,-0.000,45.644,16.252,43.050,49.274,17.116,48.756,1488.084,2.406,-5.802,-1.40338,2.483,-5.800,-1.40646,2
53475,398444,10,3,3,0,0,0,1,5,0,0,15.037,-143.111,-1.40661,-0.000,45.644,16.252,43.050,49.274,17.116,48.756,1488.084,2.406,-5.802,-1.40349,2.483,-5.800,-1.40650,2
53489,398454,10,3,3,0,0,0,1,5,0,0,15.037,-143.111,-1.40660,-0.000,45.644,16.252,43.050,49.274,17.116,48.756,1488.084,2.406,-5.802,-1.40348,2.483,-5.800,-1.40661,2
53489,398464,10,3,3,0,0,0,1,5,0,0,15.037,-143.111,-1.40680,-0.000,45.644,16.252,43.050,49.274,17.116,48.756,1488.084,2.405,-5.802,-1.40368,2.483,-5.800,-1.40660,2
53505,398474,10,3,3,0,0,0,1,5,0,0,15.037,-143.111,-1.40691,-0.000,45.644,16.252,43.050,49.274,17.116,48.756,1488.084,2.405,-5.802,-1.40379,2.482,-5.800,-1.40680,2
53522,398484,10,3,3,0,0,0,1,5,0,0,15.037,-143.111,-1.40700,-0.000,45.644,16.252,43.050,49.274,17.116,48.756,1488.084,2.405,-5.802,-1.40388,2.482,-5.800,-1.40691,2
53522,398494,10,3,3,0,0,0,1,5,0,0,15.037,-143.111,-1.40710,-0.000,45.644,16.252,43.050,49.274,17.116,48.756,1488.084,2.405,-5.802,-1.40398,2.482,-5.800,-1.40700,2
53536,398504,10,3,3,0,0,0,1,5,0,0,15.037,-143.111,-1.40715,-0.000,45.644,16.252,43.050,49.274,17.116,48.756,1488.084,2.405,-5.802,-1.40403,2.482,-5.801,-1.40710,2
53536,398514,10,3,3,0,0,0,1,5,0,0,15.037,-143.111,-1.40707,-0.000,45.644,16.252,43.050,49.274,17.116,48.756,1488.084,2.405,-5.802,-1.40395,2.482,-5.801,-1.40715,2
53552,398524,10,3,3,0,0,0,1,5,0,0,14.962,-143.111,-1.40691,-0.000,45.644,16.252,43.050,49.274,17.116,48.756,1488.084,2.407,-5.877,-1.40379,2.482,-5.800,-1.40707,2
53567,398534,10,3,3,0,0,0,1,5,0,0,15.037,-143.111,-1.40678,-0.000,45.644,16.252,43.050,49.274,17.116,48.756,1488.084,2.405,-5.802,-1.40366,2.484,-5.876,-1.40691,2
53567,398544,10,3,3,0,0,0,1,5,0,0,15.037,-143.111,-1.40676,-0.000,45.644,16.252,43.050,49.274,17.116,48.756,1488.084,2.405,-5.802,-1.40364,2.482,-5.800,-1.40678,2
53582,398554,10,3,3,0,0,0,1,5,0,0,15.037,-143.111,-1.40681,-0.000,45.644,16.252,43.050,49.274,17.116,48.756,1488.084,2.405,-5.802,-1.40369,2.482,-5.800,-1.40676,2
53598,398564,10,3,3,0,0,0,1,5,0,0,15.037,-143.111,-1.40662,-0.000,45.644,16.252,43.050,49.274,17.116,48.756,1488.084,2.406,-5.802,-1.40350,2.482,-5.800,-1.40681,2
53598,398574,10,3,3,0,0,0,1,5,0,0,15.037,-143.111,-1.40661,-0.000,45.644,16.252,43.050,49.274,17.116,48.756,1488.084,2.406,-5.802,-1.40349,2.483,-5.800,-1.40662,2
53613,398584,10,3,3,0,0,0,1,5,0,0,15.037,-143.111,-1.40667,-0.000,45.644,16.252,43.050,49.274,17.116,48.756,1488.084,2.406,-5.802,-1.40355,2.483,-5.800,-1.40661,2
53628,398594,10,3,3,0,0,0,1,5,0,0,15.037,-143.111,-1.40657,-0.000,45.644,16.252,43.050,49.274,17.116,48.756,1488.084,2.406,-5.802,-1.40345,2.483,-5.800,-1.40667,2
53628,398604,10,3,3,0,0,0,1,5,0,0,15.037,-143.111,-1.40656,-0.000,45.644,16.252,43.050,49.274,17.116,48.756,1488.084,2.406,-5.802,-1.40344,2.483,-5.800,-1.40657,2
53643,398614,10,3,3,0,0,0,1,5,0,0,15.037,-143.111,-1.40655,-0.000,45.644,16.252,43.050,49.274,17.116,48.756,1488.084,2.406,-5.802,-1.40343,2.483,-5.800,-1.40656,2
53659,398624,10,3,3,0,0,0,1,5,0,0,15.037,-143.111,-1.40670,-0.000,45.644,16.252,43.050,49.274,17.116,48.756,1488.084,2.406,-5.802,-1.40358,2.483,-5.800,-1.40655,2
53659,398634,10,3,3,0,0,0,1,5,0,0,15.037,-143.111,-1.40691,-0.000,45.644,16.252,43.050,49.274,17.116,48.756,1488.084,2.405,-5.802,-1.40379,2.482,-5.800,-1.40670,2
53674,398644,10,3,3,0,0,0,1,5,0,0,15.037,-143.111,-1.40692,-0.000,45.644,16.252,43.050,49.274,17.116,48.756,1488.084,2.405,-5.802,-1.40379,2.482,-5.800,-1.40691,2
53690,398654,10,3,3,0,0,0,1,5,0,0,15.037,-143.111,-1.40699,-0.000,45.644,16.252,43.050,49.274,17.116,48.756,1488.084,2.405,-5.802,-1.40387,2.482,-5.800,-1.40691,2
53690,398664,10,3,3,0,0,0,1,5,0,0,15.037,-143.111,-1.40690,-0.000,45.644,16.252,43.050,49.274,17.116,48.756,1488.084,2.405,-5.802,-1.40378,2.482,-5.800,-1.40699,2
53705,398674,10,3,3,0,0,0,1,5,0,0,15.037,-143.111,-1.40691,-0.000,45.644,16.252,43.050,49.274,17.116,48.756,1488.084,2.405,-5.802,-1.40379,2.482,-5.800,-1.40690,2
53721,398684,10,3,3,0,0,0,1,5,0,0,15.037,-143.111,-1.40708,-0.000,45.644,16.252,43.050,49.274,17.116,48.756,1488.084,2.405,-5.802,-1.40396,2.482,-5.800,-1.40691,2
53721,398694,10,3,3,0,0,0,1,5,0,0,15.037,-143.111,-1.40696,-0.000,45.644,16.252,43.050,49.274,17.116,48.756,1488.084,2.405,-5.802,-1.40384,2.482,-5.800,-1.40708,2
53736,398704,10,3,3,0,0,0,1,5,0,0,15.037,-143.111,-1.40697,-0.000,45.644,16.252,43.050,49.274,17.116,48.756,1488.084,2.405,-5.802,-1.40385,2.482,-5.800,-1.40696,2
53752,398714,10,3,3,0,0,0,1,5,0,0,15.037,-143.111,-1.40713,-0.000,45.644,16.252,43.050,49.274,17.116,48.756,1488.084,2.405,-5.802,-1.40401,2.482,-5.800,-1.40697,2
53752,398724,10,3,3,0,0,0,1,5,0,0,15.037,-143.111,-1.40722,-0.000,45.644,16.252,43.050,49.274,17.116,48.756,1488.084,2.405,-5.802,-1.40410,2.482,-5.801,-1.40713,2
53767,398734,10,3,3,0,0,0,1,5,0,0,15.037,-143.111,-1.40720,-0.000,45.644,16.252,43.050,49.274,17.116,48.756,1488.084,2.405,-5.802,-1.40408,2.482,-5.801,-1.40722,2
53767,398744,10,3,3,0,0,0,1,5,0,0,15.037,-143.111,-1.40721,-0.000,45.644,16.252,43.050,49.274,17.116,48.756,1488.084,2.405,-5.802,-1.40409,2.482,-5.801,-1.40720,2
53782,398754,10,3,3,0,0,0,1,5,0,0,15.037,-143.111,-1.40731,-0.000,45.644,16.252,43.050,49.274,17.116,48.756,1488.084,2.405,-5.802,-1.40419,2.482,-5.801,-1.40721,2
53798,398764,10,3,3,0,0,0,1,5,0,0,15.037,-143.111,-1.40706,-0.000,45.644,16.252,43.050,49.274,17.116,48.756,1488.084,2.405,-5.802,-1.40393,2.482,-5.801,-1.40731,2
53798,398774,10,3,3,0,0,0,1,5,0,0,15.037,-143.111,-1.40693,-0.000,45.644,16.252,43.050,49.274,17.116,48.756,1488.084,2.405,-5.802,-1.40381,2.482,-5.800,-1.40705,2
53813,398784,10,3,3,0,0,0,1,5,0,0,15.037,-143.111,-1.40681,-0.000,45.644,16.252,43.050,49.274,17.116,48.756,1488.084,2.405,-5.802,-1.40369,2.482,-5.800,-1.40693,2
53829,398794,10,3,3,0,0,0,1,5,0,0,15.037,-143.111,-1.40643,-0.000,45.644,16.252,43.050,49.274,17.116,48.756,1488.084,2.406,-5.802,-1.40331,2.482,-5.800,-1.40681,2
53829,398804,10,3,3,0,0,0,1,5,0,0,15.037,-143.111,-1.40674,-0.000,45.644,16.252,43.050,49.274,17.116,48.756,1488.084,2.405,-5.802,-1.40362,2.483,-5.800,-1.40643,2
53844,398814,10,3,3,0,0,0,1,5,0,0,15.037,-143.111,-1.40662,-0.000,45.644,16.252,43.050,49.274,17.116,48.756,1488.084,2.406,-5.802,-1.40350,2.482,-5.800,-1.40674,2
53859,398824,10,3,3,0,0,0,1,5,0,0,15.037,-143.111,-1.40672,-0.000,45.644,16.252,43.050,49.274,17.116,48.756,1488.084,2.405,-5.802,-1.40360,2.483,-5.800,-1.40662,2
53859,398834,10,3,3,0,0,0,1,5,0,0,15.037,-143.111,-1.40673,-0.000,45.644,16.252,43.050,49.274,17.116,48.756,1488.084,2.405,-5.802,-1.40361,2.482,-5.800,-1.40672,2
53875,398844,10,3,3,0,0,0,1,5,0,0,15.037,-143.111,-1.40680,-0.000,45.644,16.252,43.050,49.274,17.116,48.756,1488.084,2.405,-5.802,-1.40368,2.482,-5.800,-1.40673,2
53891,398854,10,3,3,0,0,0,1,5,0,0,15.037,-143.111,-1.40672,-0.000,45.644,16.252,43.050,49.274,17.116,48.756,1488.084,2.405,-5.802,-1.40360,2.482,-5.800,-1.40680,2
53891,398864,10,3,3,0,0,0,1,5,0,0,15.037,-143.111,-1.40657,-0.000,45.644,16.252,43.050,49.274,17.116,48.756,1488.084,2.406,-5.802,-1.40345,2.482,-5.800,-1.40672,2
53906,398874,10,3,3,0,0,0,1,5,0,0,15.037,-143.111,-1.40667,-0.000,45.644,16.252,43.050,49.274,17.116,48.756,1488.084,2.406,-5.802,-1.40355,2.483,-5.800,-1.40657,2
53906,398884,10,3,3,0,0,0,1,5,0,0,15.037,-143.111,-1.40683,-0.000,45.644,16.252,43.050,49.274,17.116,48.756,1488.084,2.405,-5.802,-1.40371,2.483,-5.800,-1.40667,2
53922,398894,10,3,3,0,0,0,1,5,0,0,15.037,-143.111,-1.40692,-0.000,45.644,16.252,43.050,49.274,17.116,48.756,1488.084,2.405,-5.802,-1.40380,2.482,-5.800,-1.40683,2
53938,398904,10,3,3,0,0,0,1,5,0,0,15.037,-143.111,-1.40688,-0.000,45.644,16.252,43.050,49.274,17.116,48.756,1488.084,2.405,-5.802,-1.40376,2.482,-5.800,-1.40692,2
53938,398914,10,3,3,0,0,0,1,5,0,0,14.962,-143.111,-1.40680,-0.000,45.644,16.252,43.050,49.274,17.116,48.756,1488.084,2.407,-5.877,-1.40368,2.482,-5.800,-1.40688,2
53954,398924,10,3,3,0,0,0,1,5,0,0,15.037,-143.111,-1.40667,-0.000,45.644,16.252,43.050,49.274,17.116,48.756,1488.084,2.406,-5.802,-1.40354,2.484,-5.876,-1.40680,2
53969,398934,10,3,3,0,0,0,1,5,0,0,15.037,-143.111,-1.40667,-0.000,45.644,16.252,43.050,49.274,17.116,48.756,1488.084,2.406,-5.802,-1.40355,2.483,-5.800,-1.40666,2
53969,398944,10,3,3,0,0,0,1,5,0,0,15.037,-143.111,-1.40687,-0.000,45.644,16.252,43.050,49.274,17.116,48.756,1488.084,2.405,-5.802,-1.40375,2.483,-5.800,-1.40667,2
53985,398954,10,3,3,0,0,0,1,5,0,0,15.037,-143.111,-1.40681,-0.000,45.644,16.252,43.050,49.274,17.116,48.756,1488.084,2.405,-5.802,-1.40369,2.482,-5.800,-1.40687,2
54000,398964,10,3,3,0,0,0,1,5,0,0,15.037,-143.111,-1.40667,-0.000,45.644,16.252,43.050,49.274,17.116,48.756,1488.084,2.406,-5.802,-1.40355,2.482,-5.800,-1.40681,2
54000,398974,10,3,3,0,0,0,1,5,0,0,15.037,-143.111,-1.40663,-0.000,45.644,16.252,43.050,49.274,17.116,48.756,1488.084,2.406,-5.802,-1.40351,2.483,-5.800,-1.40667,2
54016,398984,10,3,3,0,0,0,1,5,0,0,15.037,-143.111,-1.40670,-0.000,45.644,16.252,43.050,49.274,17.116,48.756,1488.084,2.405,-5.802,-1.40358,2.483,-5.800,-1.40663,2
54031,398994,10,3,3,0,0,0,1,5,0,0,15.037,-143.111,-1.40684,-0.000,45.644,16.252,43.050,49.274,17.116,48.756,1488.084,2.405,-5.802,-1.40372,2.482,-5.800,-1.40670,2
54031,399004,10,3,3,0,0,0,1,5,0,0,15.037,-143.111,-1.40677,-0.000,45.644,16.252,43.050,49.274,17.116,48.756,1488.084,2.405,-5.802,-1.40365,2.482,-5.800,-1.40684,2
54047,399014,10,3,3,0,0,0,1,5,0,0,15.037,-143.111,-1.40686,-0.000,45.644,16.252,43.050,49.274,17.116,48.756,1488.084,2.405,-5.802,-1.40374,2.482,-5.800,-1.40677,2
54047,399024,10,3,3,0,0,0,1,5,0,0,14.962,-143.111,-1.40684,-0.000,45.644,16.252,43.050,49.274,17.116,48.756,1488.084,2.407,-5.877,-1.40372,2.482,-5.800,-1.40686,2
54062,399034,10,3,3,0,0,0,1,5,0,0,15.037,-143.111,-1.40685,-0.000,45.644,16.252,43.050,49.274,17.116,48.756,1488.084,2.405,-5.802,-1.40373,2.484,-5.876,-1.40684,2
54078,399044,10,3,3,0,0,0,1,5,0,0,14.962,-143.111,-1.40708,-0.000,45.644,16.252,43.050,49.274,17.116,48.756,1488.084,2.407,-5.877,-1.40395,2.482,-5.800,-1.40685,2
54078,399054,10,3,3,0,0,0,1,5,0,0,15.037,-143.111,-1.40718,-0.000,45.644,16.252,43.050,49.274,17.116,48.756,1488.084,2.405,-5.802,-1.40406,2.484,-5.876,-1.40708,2
54093,399064,10,3,3,0,0,0,1,5,0,0,15.037,-143.111,-1.40735,-0.000,45.644,16.252,43.050,49.274,17.116,48.756,1488.084,2.405,-5.802,-1.40423,2.482,-5.801,-1.40718,2
54109,399074,10,3,3,0,0,0,1,5,0,0,15.037,-143.111,-1.40719,-0.000,45.644,16.252,43.050,49.274,17.116,48.756,1488.084,2.405,-5.802,-1.40407,2.482,-5.801,-1.40735,2
54109,399084,10,3,3,0,0,0,1,5,0,0,15.037,-143.111,-1.40711,-0.000,45.644,16.252,43.050,49.274,17.116,48.756,1488.084,2.405,-5.802,-1.40399,2.482,-5.801,-1.40719,2
54124,399094,10,3,3,0,0,0,1,5,0,0,15.037,-143.111,-1.40673,-0.000,45.644,16.252,43.050,49.274,17.116,48.756,1488.084,2.405,-5.802,-1.40361,2.482,-5.801,-1.40711,2
54140,399104,10,3,3,0,0,0,1,5,0,0,15.037,-143.111,-1.40667,-0.000,45.644,16.252,43.050,49.274,17.116,48.756,1488.084,2.406,-5.802,-1.40355,2.482,-5.800,-1.40673,2
54140,399114,10,3,3,0,0,0,1,5,0,0,15.037,-143.111,-1.40666,-0.000,45.644,16.252,43.050,49.274,17.116,48.756,1488.084,2.406,-5.802,-1.40354,2.483,-5.800,-1.40667,2
54156,399124,10,3,3,0,0,0,1,5,0,0,15.037,-143.111,-1.40679,-0.000,45.644,16.252,43.050,49.274,17.116,48.756,1488.084,2.405,-5.802,-1.40367,2.483,-5.800,-1.40666,2
54171,399134,10,3,3,0,0,0,1,5,0,0,15.037,-143.111,-1.40661,-0.000,45.644,16.252,43.050,49.274,17.116,48.756,1488.084,2.406,-5.802,-1.40349,2.482,-5.800,-1.40679,2
54171,399144,10,3,3,0,0,0,1,5,0,0,15.037,-143.111,-1.40653,-0.000,45.644,16.252,43.050,49.274,17.116,48.756,1488.084,2.406,-5.802,-1.40341,2.483,-5.800,-1.40661,2
54187,399154,10,3,3,0,0,0,1,5,0,0,15.037,-143.111,-1.40648,-0.000,45.644,16.252,43.050,49.274,17.116,48.756,1488.084,2.406,-5.802,-1.40336,2.483,-5.800,-1.40653,2
54187,399164,10,3,3,0,0,0,1,5,0,0,15.037,-143.111,-1.40658,-0.000,45.644,16.252,43.050,49.274,17.116,48.756,1488.084,2.406,-5.802,-1.40346,2.483,-5.800,-1.40648,2
54202,399174,10,3,3,0,0,0,1,5,0,0,15.037,-143.111,-1.40663,-0.000,45.644,16.252,43.050,49.274,17.116,48.756,1488.084,2.406,-5.802,-1.40351,2.483,-5.800,-1.40658,2
54219,399184,10,3,3,0,0,0,1,5,0,0,15.037,-143.111,-1.40636,-0.000,45.644,16.252,43.050,49.274,17.116,48.756,1488.084,2.406,-5.802,-1.40324,2.483,-5.800,-1.40663,2
54219,399194,10,3,3,0,0,0,1,5,0,0,15.037,-143.111,-1.40647,-0.000,45.644,16.252,43.050,49.274,17.116,48.756,1488.084,2.406,-5.802,-1.40335,2.483,-5.800,-1.40636,2
54249,399204,10,3,3,0,0,0,1,5,0,0,15.037,-143.111,-1.40670,-0.000,45.644,16.252,43.050,49.274,17.116,48.756,1488.084,2.405,-5.802,-1.40358,2.483,-5.800,-1.40647,2
54249,399214,10,3,3,0,0,0,1,5,0,0,15.037,-143.111,-1.40674,-0.000,45.644,16.252,43.050,49.274,17.116,48.756,1488.084,2.405,-5.802,-1.40362,2.482,-5.800,-1.40670,2
54249,399224,10,3,3,0,0,0,1,5,0,0,15.037,-143.111,-1.40681,-0.000,45.644,16.252,43.050,49.274,17.116,48.756,1488.084,2.405,-5.802,-1.40369,2.482,-5.800,-1.40674,2
54264,399234,10,3,3,0,0,0,1,5,0,0,15.037,-143.111,-1.40671,-0.000,45.644,16.252,43.050,49.274,17.116,48.756,1488.084,2.405,-5.802,-1.40359,2.482,-5.800,-1.40681,2
54280,399244,10,3,3,0,0,0,1,5,0,0,15.037,-143.111,-1.40676,-0.000,45.644,16.252,43.050,49.274,17.116,48.756,1488.084,2.405,-5.802,-1.40364,2.482,-5.800,-1.40671,2
54280,399254,10,3,3,0,0,0,1,5,0,0,15.037,-143.111,-1.40712,-0.000,45.644,16.252,43.050,49.274,17.116,48.756,1488.084,2.405,-5.802,-1.40400,2.482,-5.800,-1.40676,2
54311,399264,10,3,3,0,0,0,1,5,0,0,15.037,-143.111,-1.40710,-0.000,45.644,16.252,43.050,49.274,17.116,48.756,1488.084,2.405,-5.802,-1.40398,2.482,-5.801,-1.40712,2
54311,399274,10,3,3,0,0,0,1,5,0,0,15.037,-143.111,-1.40698,-0.000,45.644,16.252,43.050,49.274,17.116,48.756,1488.084,2.405,-5.802,-1.40386,2.482,-5.800,-1.40710,2
54311,399284,10,3,3,0,0,0,1,5,0,0,15.037,-143.111,-1.40685,-0.000,45.644,16.252,43.050,49.274,17.116,48.756,1488.084,2.405,-5.802,-1.40373,2.482,-5.800,-1.40698,2
54342,399294,10,3,3,0,0,0,1,5,0,0,15.037,-143.111,-1.40686,-0.000,45.644,16.252,43.050,49.274,17.116,48.756,1488.084,2.405,-5.802,-1.40374,2.482,-5.800,-1.40685,2
54342,399304,10,3,3,0,0,0,1,5,0,0,15.037,-143.111,-1.40689,-0.000,45.644,16.252,43.050,49.274,17.116,48.756,1488.084,2.405,-5.802,-1.40377,2.482,-5.800,-1.40686,2
54342,399314,10,3,3,0,0,0,1,5,0,0,15.037,-143.111,-1.40677,-0.000,45.644,16.252,43.050,49.274,17.116,48.756,1488.084,2.405,-5.802,-1.40365,2.482,-5.800,-1.40689,2
54358,399324,10,3,3,0,0,0,1,5,0,0,15.037,-143.111,-1.40697,-0.000,45.644,16.252,43.050,49.274,17.116,48.756,1488.084,2.405,-5.802,-1.40385,2.482,-5.800,-1.40677,2
54358,399334,10,3,3,0,0,0,1,5,0,0,15.037,-143.111,-1.40730,-0.000,45.644,16.252,43.050,49.274,17.116,48.756,1488.084,2.405,-5.802,-1.40418,2.482,-5.800,-1.40697,2
54390,399344,10,3,3,0,0,0,1,5,0,0,15.037,-143.111,-1.40740,-0.000,45.644,16.252,43.050,49.274,17.116,48.756,1488.084,2.405,-5.802,-1.40428,2.482,-5.801,-1.40730,2
54390,399354,10,3,3,0,0,0,1,5,0,0,15.037,-143.111,-1.40720,-0.000,45.644,16.252,43.050,49.274,17.116,48.756,1488.084,2.405,-5.802,-1.40408,2.482,-5.801,-1.40740,2
54390,399364,10,3,3,0,0,0,1,5,0,0,15.037,-143.111,-1.40706,-0.000,45.644,16.252,43.050,49.274,17.116,48.756,1488.084,2.405,-5.802,-1.40394,2.482,-5.801,-1.40720,2
54421,399374,10,3,3,0,0,0,1,5,0,0,15.037,-143.111,-1.40704,-0.000,45.644,16.252,43.050,49.274,17.116,48.756,1488.084,2.405,-5.802,-1.40392,2.482,-5.800,-1.40706,2
54421,399384,10,3,3,0,0,0,1,5,0,0,15.037,-143.111,-1.40693,-0.000,45.644,16.252,43.050,49.274,17.116,48.756,1488.084,2.405,-5.802,-1.40380,2.482,-5.800,-1.40704,2
54421,399394,10,3,3,0,0,0,1,5,0,0,15.037,-143.111,-1.40703,-0.000,45.644,16.252,43.050,49.274,17.116,48.756,1488.084,2.405,-5.802,-1.40391,2.482,-5.800,-1.40693,2
54452,399404,10,3,3,0,0,0,1,5,0,0,15.037,-143.111,-1.40706,-0.000,45.644,16.252,43.050,49.274,17.116,48.756,1488.084,2.405,-5.802,-1.40393,2.482,-5.800,-1.40703,2
54452,399414,10,3,3,0,0,0,1,5,0,0,15.037,-143.111,-1.40720,-0.000,45.644,16.252,43.050,49.274,17.116,48.756,1488.084,2.405,-5.802,-1.40407,2.482,-5.800,-1.40705,2
54452,399424,10,3,3,0,0,0,1,5,0,0,15.037,-143.111,-1.40733,-0.000,45.644,16.252,43.050,49.274,17.116,48.756,1488.084,2.405,-5.802,-1.40421,2.482,-5.801,-1.40719,2
54468,399434,10,3,3,0,0,0,1,5,0,0,15.037,-143.111,-1.40706,-0.000,45.644,16.252,43.050,49.274,17.116,48.756,1488.084,2.405,-5.802,-1.40394,2.482,-5.801,-1.40733,2
54468,399444,10,3,3,0,0,0,1,5,0,0,15.037,-143.111,-1.40691,-0.000,45.644,16.252,43.050,49.274,17.116,48.756,1488.084,2.405,-5.802,-1.40379,2.482,-5.800,-1.40706,2
54499,399454,10,3,3,0,0,0,1,5,0,0,15.037,-143.111,-1.40691,-0.000,45.644,16.252,43.050,49.274,17.116,48.756,1488.084,2.405,-5.802,-1.40379,2.482,-5.800,-1.40691,2
54499,399464,10,3,3,0,0,0,1,5,0,0,15.037,-143.111,-1.40664,-0.000,45.644,16.252,43.050,49.274,17.116,48.756,1488.084,2.406,-5.802,-1.40352,2.482,-5.800,-1.40691,2
54499,399474,10,3,3,0,0,0,1,5,0,0,15.037,-143.111,-1.40670,-0.000,45.644,16.252,43.050,49.274,17.116,48.756,1488.084,2.405,-5.802,-1.40358,2.483,-5.800,-1.40664,2
54515,399484,10,3,3,0,0,0,1,5,0,0,15.037,-143.111,-1.40683,-0.000,45.644,16.252,43.050,49.274,17.116,48.756,1488.084,2.405,-5.802,-1.40371,2.482,-5.800,-1.40670,2
54531,399494,10,3,3,0,0,0,1,5,0,0,15.037,-143.111,-1.40679,-0.000,45.644,16.252,43.050,49.274,17.116,48.756,1488.084,2.405,-5.802,-1.40367,2.482,-5.800,-1.40683,2
54531,399504,10,3,3,0,0,0,1,5,0,0,15.037,-143.111,-1.40672,-0.000,45.644,16.252,43.050,49.274,17.116,48.756,1488.084,2.405,-5.802,-1.40360,2.482,-5.800,-1.40679,2
54547,399514,10,3,3,0,0,0,1,5,0,0,15.037,-143.111,-1.40646,-0.000,45.644,16.252,43.050,49.274,17.116,48.756,1488.084,2.406,-5.802,-1.40334,2.482,-5.800,-1.40672,2
54547,399524,10,3,3,0,0,0,1,5,0,0,15.037,-143.111,-1.40645,-0.000,45.644,16.252,43.050,49.274,17.116,48.756,1488.084,2.406,-5.802,-1.40333,2.483,-5.800,-1.40646,2
54563,399534,10,3,3,0,0,0,1,5,0,0,15.037,-143.111,-1.40648,-0.000,45.644,16.252,43.050,49.274,17.116,48.756,1488.084,2.406,-5.802,-1.40336,2.483,-5.800,-1.40645,2
54579,399544,10,3,3,0,0,0,1,5,0,0,15.037,-143.111,-1.40669,-0.000,45.644,16.252,43.050,49.274,17.116,48.756,1488.084,2.406,-5.802,-1.40357,2.483,-5.800,-1.40648,2
54579,399554,10,3,3,0,0,0,1,5,0,0,15.037,-143.111,-1.40676,-0.000,45.644,16.252,43.050,49.274,17.116,48.756,1488.084,2.405,-5.802,-1.40364,2.482,-5.800,-1.40669,2
54594,399564,10,3,3,0,0,0,1,5,0,0,15.037,-143.111,-1.40695,-0.000,45.644,16.252,43.050,49.274,17.116,48.756,1488.084,2.405,-5.802,-1.40383,2.482,-5.800,-1.40676,2
54610,399574,10,3,3,0,0,0,1,5,0,0,15.037,-143.111,-1.40695,-0.000,45.644,16.252,43.050,49.274,17.116,48.756,1488.084,2.405,-5.802,-1.40383,2.482,-5.800,-1.40695,2
54610,399584,10,3,3,0,0,0,1,5,0,0,15.037,-143.111,-1.40721,-0.000,45.644,16.252,43.050,49.274,17.116,48.756,1488.084,2.405,-5.802,-1.40409,2.482,-5.800,-1.40695,2
54626,399594,10,3,3,0,0,0,1,5,0,0,15.037,-143.111,-1.40712,-0.000,45.644,16.252,43.050,49.274,17.116,48.756,1488.084,2.405,-5.802,-1.40400,2.482,-5.801,-1.40721,2
54641,399604,10,3,3,0,0,0,1,5,0,0,15.037,-143.111,-1.40722,-0.000,45.644,16.252,43.050,49.274,17.116,48.756,1488.084,2.405,-5.802,-1.40410,2.482,-5.801,-1.40712,2
54641,399614,10,3,3,0,0,0,1,5,0,0,15.037,-143.111,-1.40705,-0.000,45.644,16.252,43.050,49.274,17.116,48.756,1488.084,2.405,-5.802,-1.40393,2.482,-5.801,-1.40722,2
54657,399624,10,3,3,0,0,0,1,5,0,0,15.037,-143.111,-1.40692,-0.000,45.644,16.252,43.050,49.274,17.116,48.756,1488.084,2.405,-5.802,-1.40380,2.482,-5.800,-1.40705,2
54657,399634,10,3,3,0,0,0,1,5,0,0,15.037,-143.111,-1.40693,-0.000,45.644,16.252,43.050,49.274,17.116,48.756,1488.084,2.405,-5.802,-1.40381,2.482,-5.800,-1.40692,2
54673,399644,10,3,3,0,0,0,1,5,0,0,15.037,-143.111,-1.40698,-0.000,45.644,16.252,43.050,49.274,17.116,48.756,1488.084,2.405,-5.802,-1.40386,2.482,-5.800,-1.40693,2
54688,399654,10,3,3,0,0,0,1,5,0,0,15.037,-143.111,-1.40706,-0.000,45.644,16.252,43.050,49.274,17.116,48.756,1488.084,2.405,-5.802,-1.40394,2.482,-5.800,-1.40698,2
54688,399664,10,3,3,0,0,0,1,5,0,0,15.037,-143.111,-1.40696,-0.000,45.644,16.252,43.050,49.274,17.116,48.756,1488.084,2.405,-5.802,-1.40384,2.482,-5.800,-1.40706,2
54704,399674,10,3,3,0,0,0,1,5,0,0,15.037,-143.111,-1.40701,-0.000,45.644,16.252,43.050,49.274,17.116,48.756,1488.084,2.405,-5.802,-1.40389,2.482,-5.800,-1.40696,2
54720,399684,10,3,3,0,0,0,1,5,0,0,15.037,-143.111,-1.40701,-0.000,45.644,16.252,43.050,49.274,17.116,48.756,1488.084,2.405,-5.802,-1.40389,2.482,-5.800,-1.40701,2
54720,399694,10,3,3,0,0,0,1,5,0,0,15.037,-143.111,-1.40697,-0.000,45.644,16.252,43.050,49.274,17.116,48.756,1488.084,2.405,-5.802,-1.40385,2.482,-5.800,-1.40701,2
54735,399704,10,3,3,0,0,0,1,5,0,0,15.037,-143.111,-1.40702,-0.000,45.644,16.252,43.050,49.274,17.116,48.756,1488.084,2.405,-5.802,-1.40390,2.482,-5.800,-1.40697,2
54750,399714,10,3,3,0,0,0,1,5,0,0,15.037,-143.111,-1.40701,-0.000,45.644,16.252,43.050,49.274,17.116,48.756,1488.084,2.405,-5.802,-1.40388,2.482,-5.800,-1.40702,2
54750,399724,10,3,3,0,0,0,1,5,0,0,15.037,-143.111,-1.40714,-0.000,45.644,16.252,43.050,49.274,17.116,48.756,1488.084,2.405,-5.802,-1.40402,2.482,-5.800,-1.40700,2
54766,399734,10,3,3,0,0,0,1,5,0,0,15.037,-143.111,-1.40703,-0.000,45.644,16.252,43.050,49.274,17.116,48.756,1488.084,2.405,-5.802,-1.40391,2.482,-5.801,-1.40714,2
54782,399744,10,3,3,0,0,0,1,5,0,0,15.037,-143.111,-1.40705,-0.000,45.644,16.252,43.050,49.274,17.116,48.756,1488.084,2.405,-5.802,-1.40393,2.482,-5.800,-1.40703,2
54782,399754,10,3,3,0,0,0,1,5,0,0,15.037,-143.111,-1.40686,-0.000,45.644,16.252,43.050,49.274,17.116,48.756,1488.084,2.405,-5.802,-1.40374,2.482,-5.800,-1.40705,2
54798,399764,10,3,3,0,0,0,1,5,0,0,15.037,-143.111,-1.40662,-0.000,45.644,16.252,43.050,49.274,17.116,48.756,1488.084,2.406,-5.802,-1.40350,2.482,-5.800,-1.40686,2
54798,399774,10,3,3,0,0,0,1,5,0,0,15.037,-143.111,-1.40662,-0.000,45.644,16.252,43.050,49.274,17.116,48.756,1488.084,2.406,-5.802,-1.40350,2.483,-5.800,-1.40662,2
54813,399784,10,3,3,0,0,0,1,5,0,0,15.037,-143.111,-1.40670,-0.000,45.644,16.252,43.050,49.274,17.116,48.756,1488.084,2.405,-5.802,-1.40358,2.483,-5.800,-1.40662,2
54828,399794,10,3,3,0,0,0,1,5,0,0,15.037,-143.111,-1.40674,-0.000,45.644,16.252,43.050,49.274,17.116,48.756,1488.084,2.405,-5.802,-1.40362,2.482,-5.800,-1.40670,2
54828,399804,10,3,3,0,0,0,1,5,0,0,15.037,-143.111,-1.40653,-0.000,45.644,16.252,43.050,49.274,17.116,48.756,1488.084,2.406,-5.802,-1.40341,2.482,-5.800,-1.40674,2
54844,399814,10,3,3,0,0,0,1,5,0,0,15.037,-143.111,-1.40653,-0.000,45.644,16.252,43.050,49.274,17.116,48.756,1488.084,2.406,-5.802,-1.40341,2.483,-5.800,-1.40653,2
54859,399824,10,3,3,0,0,0,1,5,0,0,15.037,-143.111,-1.40634,-0.000,45.644,16.252,43.050,49.274,17.116,48.756,1488.084,2.406,-5.802,-1.40322,2.483,-5.800,-1.40653,2
54859,399834,10,3,3,0,0,0,1,5,0,0,15.037,-143.111,-1.40634,-0.000,45.644,16.252,43.050,49.274,17.116,48.756,1488.084,2.406,-5.802,-1.40322,2.483,-5.800,-1.40634,2
54875,399844,10,3,3,0,0,0,1,5,0,0,15.037,-143.111,-1.40654,-0.000,45.644,16.252,43.050,49.274,17.116,48.756,1488.084,2.406,-5.802,-1.40342,2.483,-5.800,-1.40634,2
54891,399854,10,3,3,0,0,0,1,5,0,0,15.037,-143.111,-1.40650,-0.000,45.644,16.252,43.050,49.274,17.116,48.756,1488.084,2.406,-5.802,-1.40338,2.483,-5.800,-1.40654,2
54891,399864,10,3,3,0,0,0,1,5,0,0,15.037,-143.111,-1.40695,-0.000,45.644,16.252,43.050,49.274,17.116,48.756,1488.084,2.405,-5.802,-1.40383,2.483,-5.800,-1.40650,2
54906,399874,10,3,3,0,0,0,1,5,0,0,15.037,-143.111,-1.40683,-0.000,45.644,16.252,43.050,49.274,17.116,48.756,1488.084,2.405,-5.802,-1.40371,2.482,-5.800,-1.40695,2
54906,399884,10,3,3,0,0,0,1,5,0,0,15.037,-143.111,-1.40678,-0.000,45.644,16.252,43.050,49.274,17.116,48.756,1488.084,2.405,-5.802,-1.40366,2.482,-5.800,-1.40683,2
54922,399894,10,3,3,0,0,0,1,5,0,0,15.037,-143.111,-1.40680,-0.000,45.644,16.252,43.050,49.274,17.116,48.756,1488.084,2.405,-5.802,-1.40368,2.482,-5.800,-1.40678,2
54938,399904,10,3,3,0,0,0,1,5,0,0,15.037,-143.111,-1.40669,-0.000,45.644,16.252,43.050,49.274,17.116,48.756,1488.084,2.406,-5.802,-1.40357,2.482,-5.800,-1.40680,2
54938,399914,10,3,3,0,0,0,1,5,0,0,15.037,-143.111,-1.40680,-0.000,45.644,16.252,43.050,49.274,17.116,48.756,1488.084,2.405,-5.802,-1.40368,2.482,-5.800,-1.40669,2
54968,399924,10,3,3,0,0,0,1,5,0,0,15.037,-143.111,-1.40663,-0.000,45.644,16.252,43.050,49.274,17.116,48.756,1488.084,2.406,-5.802,-1.40351,2.482,-5.800,-1.40680,2
54968,399934,10,3,3,0,0,0,1,5,0,0,15.037,-143.111,-1.40666,-0.000,45.644,16.252,43.050,49.274,17.116,48.756,1488.084,2.406,-5.802,-1.40354,2.483,-5.800,-1.40663,2
54968,399944,10,3,3,0,0,0,1,5,0,0,14.962,-143.111,-1.40645,-0.000,45.644,16.252,43.050,49.274,17.116,48.756,1488.084,2.408,-5.877,-1.40333,2.483,-5.800,-1.40666,2
54998,399954,10,3,3,0,0,0,1,5,0,0,15.037,-143.111,-1.40636,-0.000,45.644,16.252,43.050,49.274,17.116,48.756,1488.084,2.406,-5.802,-1.40324,2.485,-5.876,-1.40645,2
54998,399964,10,3,3,0,0,0,1,5,0,0,15.037,-143.111,-1.40648,-0.000,45.644,16.252,43.050,49.274,17.116,48.756,1488.084,2.406,-5.802,-1.40336,2.483,-5.800,-1.40636,2
54998,399974,10,3,3,0,0,0,1,5,0,0,15.037,-143.111,-1.40652,-0.000,45.644,16.252,43.050,49.274,17.116,48.756,1488.084,2.406,-5.802,-1.40340,2.483,-5.800,-1.40648,2
55013,399984,10,3,3,0,0,0,1,5,0,0,15.037,-143.111,-1.40661,-0.000,45.644,16.252,43.050,49.274,17.116,48.756,1488.084,2.406,-5.802,-1.40349,2.483,-5.800,-1.40652,2
55029,399994,10,3,3,0,0,0,1,5,0,0,15.037,-143.111,-1.40685,-0.000,45.644,16.252,43.050,49.274,17.116,48.756,1488.084,2.405,-5.802,-1.40373,2.483,-5.800,-1.40661,2
55029,400004,10,3,3,0,0,0,1,5,0,0,14.962,-143.111,-1.40663,-0.000,45.644,16.252,43.050,49.274,17.116,48.756,1488.084,2.407,-5.877,-1.40351,2.482,-5.800,-1.40685,2
55044,400014,10,3,3,0,0,0,1,5,0,0,15.037,-143.111,-1.40642,-0.000,45.644,16.252,43.050,49.274,17.116,48.756,1488.084,2.406,-5.802,-1.40330,2.484,-5.876,-1.40663,2
55059,400024,10,3,3,0,0,0,1,5,0,0,15.037,-143.111,-1.40636,-0.000,45.644,16.252,43.050,49.274,17.116,48.756,1488.084,2.406,-5.802,-1.40324,2.483,-5.800,-1.40642,2
55059,400034,10,3,3,0,0,0,1,5,0,0,15.037,-143.111,-1.40627,-0.000,45.644,16.252,43.050,49.274,17.116,48.756,1488.084,2.406,-5.802,-1.40315,2.483,-5.800,-1.40636,2
55074,400044,10,3,3,0,0,0,1,5,0,0,15.037,-143.111,-1.40634,-0.000,45.644,16.252,43.050,49.274,17.116,48.756,1488.084,2.406,-5.802,-1.40322,2.483,-5.800,-1.40627,2
55090,400054,10,3,3,0,0,0,1,5,0,0,15.037,-143.111,-1.40665,-0.000,45.644,16.252,43.050,49.274,17.116,48.756,1488.084,2.406,-5.802,-1.40353,2.483,-5.800,-1.40634,2
55090,400064,10,3,3,0,0,0,1,5,0,0,15.037,-143.111,-1.40668,-0.000,45.644,16.252,43.050,49.274,17.116,48.756,1488.084,2.406,-5.802,-1.40356,2.483,-5.800,-1.40665,2
55106,400074,10,3,3,0,0,0,1,5,0,0,15.037,-143.111,-1.40644,-0.000,45.644,16.252,43.050,49.274,17.116,48.756,1488.084,2.406,-5.802,-1.40332,2.483,-5.800,-1.40668,2
55122,400084,10,3,3,0,0,0,1,5,0,0,15.037,-143.111,-1.40624,-0.000,45.644,16.252,43.050,49.274,17.116,48.756,1488.084,2.406,-5.802,-1.40312,2.483,-5.800,-1.40644,2
55122,400094,10,3,3,0,0,0,1,5,0,0,15.037,-143.111,-1.40633,-0.000,45.644,16.252,43.050,49.274,17.116,48.756,1488.084,2.406,-5.802,-1.40321,2.483,-5.800,-1.40624,2
55137,400104,10,3,3,0,0,0,1,5,0,0,14.962,-143.111,-1.40636,-0.000,45.644,16.252,43.050,49.274,17.116,48.756,1488.084,2.408,-5.877,-1.40324,2.483,-5.800,-1.40633,2
55137,400114,10,3,3,0,0,0,1,5,0,0,15.037,-143.111,-1.40647,-0.000,45.644,16.252,43.050,49.274,17.116,48.756,1488.084,2.406,-5.802,-1.40335,2.485,-5.876,-1.40636,2
55153,400124,10,3,3,0,0,0,1,5,0,0,15.037,-143.111,-1.40664,-0.000,45.644,16.252,43.050,49.274,17.116,48.756,1488.084,2.406,-5.802,-1.40352,2.483,-5.800,-1.40647,2
55170,400134,10,3,3,0,0,0,1,5,0,0,15.037,-143.111,-1.40659,-0.000,45.644,16.252,43.050,49.274,17.116,48.756,1488.084,2.406,-5.802,-1.40346,2.483,-5.800,-1.40664,2
55170,400144,10,3,3,0,0,0,1,5,0,0,15.037,-143.111,-1.40663,-0.000,45.644,16.252,43.050,49.274,17.116,48.756,1488.084,2.406,-5.802,-1.40351,2.483,-5.800,-1.40659,2
55184,400154,10,3,3,0,0,0,1,5,0,0,15.037,-143.111,-1.40646,-0.000,45.644,16.252,43.050,49.274,17.116,48.756,1488.084,2.406,-5.802,-1.40334,2.483,-5.800,-1.40663,2
55201,400164,10,3,3,0,0,0,1,5,0,0,15.037,-143.111,-1.40654,-0.000,45.644,16.252,43.050,49.274,17.116,48.756,1488.084,2.406,-5.802,-1.40342,2.483,-5.800,-1.40646,2
55201,400174,10,3,3,0,0,0,1,5,0,0,14.962,-143.111,-1.40665,-0.000,45.644,16.252,43.050,49.274,17.116,48.756,1488.084,2.407,-5.877,-1.40353,2.483,-5.800,-1.40654,2
55232,400184,10,3,3,0,0,0,1,5,0,0,15.037,-143.111,-1.40639,-0.000,45.644,16.252,43.050,49.274,17.116,48.756,1488.084,2.406,-5.802,-1.40327,2.484,-5.876,-1.40665,2
55232,400194,10,3,3,0,0,0,1,5,0,0,15.037,-143.111,-1.40632,-0.000,45.644,16.252,43.050,49.274,17.116,48.756,1488.084,2.406,-5.802,-1.40320,2.483,-5.800,-1.40639,2
55232,400204,10,3,3,0,0,0,1,5,0,0,15.037,-143.111,-1.40640,-0.000,45.644,16.252,43.050,49.274,17.116,48.756,1488.084,2.406,-5.802,-1.40328,2.483,-5.800,-1.40632,2
55248,400214,10,3,3,0,0,0,1,5,0,0,14.962,-143.111,-1.40667,-0.000,45.644,16.252,43.050,49.274,17.116,48.756,1488.084,2.407,-5.877,-1.40355,2.483,-5.800,-1.40640,2
55248,400224,10,3,3,0,0,0,1,5,0,0,15.037,-143.111,-1.40684,-0.000,45.644,16.252,43.050,49.274,17.116,48.756,1488.084,2.405,-5.802,-1.40372,2.484,-5.876,-1.40667,2
55263,400234,10,3,3,0,0,0,1,5,0,0,15.037,-143.111,-1.40693,-0.000,45.644,16.252,43.050,49.274,17.116,48.756,1488.084,2.405,-5.802,-1.40381,2.482,-5.800,-1.40684,2
55279,400244,10,3,3,0,0,0,1,5,0,0,15.037,-143.111,-1.40700,-0.000,45.644,16.252,43.050,49.274,17.116,48.756,1488.084,2.405,-5.802,-1.40388,2.482,-5.800,-1.40693,2
55279,400254,10,3,3,0,0,0,1,5,0,0,15.037,-143.111,-1.40685,-0.000,45.644,16.252,43.050,49.274,17.116,48.756,1488.084,2.405,-5.802,-1.40373,2.482,-5.800,-1.40700,2
55294,400264,10,3,3,0,0,0,1,5,0,0,15.037,-143.111,-1.40673,-0.000,45.644,16.252,43.050,49.274,17.116,48.756,1488.084,2.405,-5.802,-1.40361,2.482,-5.800,-1.40685,2
55309,400274,10,3,3,0,0,0,1,5,0,0,15.037,-143.111,-1.40677,-0.000,45.644,16.252,43.050,49.274,17.116,48.756,1488.084,2.405,-5.802,-1.40365,2.482,-5.800,-1.40673,2
55309,400284,10,3,3,0,0,0,1,5,0,0,15.037,-143.111,-1.40660,-0.000,45.644,16.252,43.050,49.274,17.116,48.756,1488.084,2.406,-5.802,-1.40348,2.482,-5.800,-1.40677,2
55325,400294,10,3,3,0,0,0,1,5,0,0,15.037,-143.111,-1.40656,-0.000,45.644,16.252,43.050,49.274,17.116,48.756,1488.084,2.406,-5.802,-1.40344,2.483,-5.800,-1.40660,2
55340,400304,10,3,3,0,0,0,1,5,0,0,14.962,-143.111,-1.40669,-0.000,45.644,16.252,43.050,49.274,17.116,48.756,1488.084,2.407,-5.877,-1.40357,2.483,-5.800,-1.40656,2
55340,400314,10,3,3,0,0,0,1,5,0,0,15.037,-143.111,-1.40667,-0.000,45.644,16.252,43.050,49.274,17.116,48.756,1488.084,2.406,-5.802,-1.40355,2.484,-5.876,-1.40669,2
55355,400324,10,3,3,0,0,0,1,5,0,0,15.037,-143.111,-1.40671,-0.000,45.644,16.252,43.050,49.274,17.116,48.756,1488.084,2.405,-5.802,-1.40359,2.483,-5.800,-1.40667,2
55371,400334,10,3,3,0,0,0,1,5,0,0,14.962,-143.111,-1.40669,-0.000,45.644,16.252,43.050,49.274,17.116,48.756,1488.084,2.407,-5.877,-1.40357,2.482,-5.800,-1.40671,2
55371,400344,10,3,3,0,0,0,1,5,0,0,15.037,-143.111,-1.40663,-0.000,45.644,16.252,43.050,49.274,17.116,48.756,1488.084,2.406,-5.802,-1.40351,2.484,-5.876,-1.40669,2
55387,400354,10,3,3,0,0,0,1,5,0,0,15.037,-143.111,-1.40675,-0.000,45.644,16.252,43.050,49.274,17.116,48.756,1488.084,2.405,-5.802,-1.40363,2.483,-5.800,-1.40663,2
55387,400364,10,3,3,0,0,0,1,5,0,0,15.037,-143.111,-1.40657,-0.000,45.644,16.252,43.050,49.274,17.116,48.756,1488.084,2.406,-5.802,-1.40345,2.482,-5.800,-1.40675,2
55402,400374,10,3,3,0,0,0,1,5,0,0,15.037,-143.111,-1.40647,-0.000,45.644,16.252,43.050,49.274,17.116,48.756,1488.084,2.406,-5.802,-1.40335,2.483,-5.800,-1.40657,2
55419,400384,10,3,3,0,0,0,1,5,0,0,15.037,-143.111,-1.40652,-0.000,45.644,16.252,43.050,49.274,17.116,48.756,1488.084,2.406,-5.802,-1.40340,2.483,-5.800,-1.40647,2
55419,400394,10,3,3,0,0,0,1,5,0,0,15.037,-143.111,-1.40670,-0.000,45.644,16.252,43.050,49.274,17.116,48.756,1488.084,2.405,-5.802,-1.40358,2.483,-5.800,-1.40652,2
55434,400404,10,3,3,0,0,0,1,5,0,0,15.037,-143.111,-1.40665,-0.000,45.644,16.252,43.050,49.274,17.116,48.756,1488.084,2.406,-5.802,-1.40353,2.482,-5.800,-1.40670,2
55450,400414,10,3,3,0,0,0,1,5,0,0,15.037,-143.111,-1.40676,-0.000,45.644,16.252,43.050,49.274,17.116,48.756,1488.084,2.405,-5.802,-1.40363,2.483,-5.800,-1.40665,2
55450,400424,10,3,3,0,0,0,1,5,0,0,15.037,-143.111,-1.40697,-0.000,45.644,16.252,43.050,49.274,17.116,48.756,1488.084,2.405,-5.802,-1.40385,2.482,-5.800,-1.40676,2
55466,400434,10,3,3,0,0,0,1,5,0,0,15.037,-143.111,-1.40696,-0.000,45.644,16.252,43.050,49.274,17.116,48.756,1488.084,2.405,-5.802,-1.40383,2.482,-5.800,-1.40697,2
55481,400444,10,3,3,0,0,0,1,5,0,0,15.037,-143.111,-1.40720,-0.000,45.644,16.252,43.050,49.274,17.116,48.756,1488.084,2.405,-5.802,-1.40408,2.482,-5.800,-1.40696,2
55481,400454,10,3,3,0,0,0,1,5,0,0,15.037,-143.111,-1.40719,-0.000,45.644,16.252,43.050,49.274,17.116,48.756,1488.084,2.405,-5.802,-1.40407,2.482,-5.801,-1.40720,2
55496,400464,10,3,3,0,0,0,1,5,0,0,15.037,-143.111,-1.40738,-0.000,45.644,16.252,43.050,49.274,17.116,48.756,1488.084,2.405,-5.802,-1.40426,2.482,-5.801,-1.40719,2
55512,400474,10,3,3,0,0,0,1,5,0,0,15.037,-143.111,-1.40713,-0.000,45.644,16.252,43.050,49.274,17.116,48.756,1488.084,2.405,-5.802,-1.40401,2.482,-5.801,-1.40738,2
55512,400484,10,3,3,0,0,0,1,5,0,0,15.037,-143.111,-1.40705,-0.000,45.644,16.252,43.050,49.274,17.116,48.756,1488.084,2.405,-5.802,-1.40393,2.482,-5.801,-1.40713,2
55528,400494,10,3,3,0,0,0,1,5,0,0,15.037,-143.111,-1.40696,-0.000,45.644,16.252,43.050,49.274,17.116,48.756,1488.084,2.405,-5.802,-1.40384,2.482,-5.800,-1.40705,2
55528,400504,10,3,3,0,0,0,1,5,0,0,15.037,-143.111,-1.40678,-0.000,45.644,16.252,43.050,49.274,17.116,48.756,1488.084,2.405,-5.802,-1.40366,2.482,-5.800,-1.40696,2
55544,400514,10,3,3,0,0,0,1,5,0,0,15.037,-143.111,-1.40677,-0.000,45.644,16.252,43.050,49.274,17.116,48.756,1488.084,2.405,-5.802,-1.40365,2.482,-5.800,-1.40678,2
55559,400524,10,3,3,0,0,0,1,5,0,0,15.037,-143.111,-1.40660,-0.000,45.644,16.252,43.050,49.274,17.116,48.756,1488.084,2.406,-5.802,-1.40348,2.482,-5.800,-1.40677,2
55559,400534,10,3,3,0,0,0,1,5,0,0,15.037,-143.111,-1.40649,-0.000,45.644,16.252,43.050,49.274,17.116,48.756,1488.084,2.406,-5.802,-1.40337,2.483,-5.800,-1.40660,2
55575,400544,10,3,3,0,0,0,1,5,0,0,15.037,-143.111,-1.40653,-0.000,45.644,16.252,43.050,49.274,17.116,48.756,1488.084,2.406,-5.802,-1.40341,2.483,-5.800,-1.40649,2
55590,400554,10,3,3,0,0,0,1,5,0,0,15.037,-143.111,-1.40638,-0.000,45.644,16.252,43.050,49.274,17.116,48.756,1488.084,2.406,-5.802,-1.40326,2.483,-5.800,-1.40653,2
55590,400564,10,3,3,0,0,0,1,5,0,0,15.037,-143.111,-1.40639,-0.000,45.644,16.252,43.050,49.274,17.116,48.756,1488.084,2.406,-5.802,-1.40327,2.483,-5.800,-1.40638,2
55606,400574,10,3,3,0,0,0,1,5,0,0,14.962,-143.111,-1.40651,-0.000,45.644,16.252,43.050,49.274,17.116,48.756,1488.084,2.408,-5.877,-1.40339,2.483,-5.800,-1.40639,2
55622,400584,10,3,3,0,0,0,1,5,0,0,15.037,-143.111,-1.40665,-0.000,45.644,16.252,43.050,49.274,17.116,48.756,1488.084,2.406,-5.802,-1.40352,2.485,-5.876,-1.40651,2
55622,400594,10,3,3,0,0,0,1,5,0,0,15.037,-143.111,-1.40647,-0.000,45.644,16.252,43.050,49.274,17.116,48.756,1488.084,2.406,-5.802,-1.40335,2.483,-5.800,-1.40664,2
55637,400604,10,3,3,0,0,0,1,5,0,0,15.037,-143.111,-1.40668,-0.000,45.644,16.252,43.050,49.274,17.116,48.756,1488.084,2.406,-5.802,-1.40356,2.483,-5.800,-1.40647,2
55637,400614,10,3,3,0,0,0,1,5,0,0,15.037,-143.111,-1.40682,-0.000,45.644,16.252,43.050,49.274,17.116,48.756,1488.084,2.405,-5.802,-1.40370,2.483,-5.800,-1.40668,2
55653,400624,10,3,3,0,0,0,1,5,0,0,15.037,-143.111,-1.40674,-0.000,45.644,16.252,43.050,49.274,17.116,48.756,1488.084,2.405,-5.802,-1.40362,2.482,-5.800,-1.40682,2
55668,400634,10,3,3,0,0,0,1,5,0,0,15.037,-143.111,-1.40657,-0.000,45.644,16.252,43.050,49.274,17.116,48.756,1488.084,2.406,-5.802,-1.40345,2.482,-5.800,-1.40674,2
55668,400644,10,3,3,0,0,0,1,5,0,0,15.037,-143.111,-1.40653,-0.000,45.644,16.252,43.050,49.274,17.116,48.756,1488.084,2.406,-5.802,-1.40341,2.483,-5.800,-1.40657,2
55683,400654,10,3,3,0,0,0,1,5,0,0,15.037,-143.111,-1.40669,-0.000,45.644,16.252,43.050,49.274,17.116,48.756,1488.084,2.406,-5.802,-1.40357,2.483,-5.800,-1.40653,2
55699,400664,10,3,3,0,0,0,1,5,0,0,15.037,-143.111,-1.40679,-0.000,45.644,16.252,43.050,49.274,17.116,48.756,1488.084,2.405,-5.802,-1.40367,2.482,-5.800,-1.40669,2
55699,400674,10,3,3,0,0,0,1,5,0,0,15.037,-143.111,-1.40671,-0.000,45.644,16.252,43.050,49.274,17.116,48.756,1488.084,2.405,-5.802,-1.40359,2.482,-5.800,-1.40679,2
55714,400684,10,3,3,0,0,0,1,5,0,0,15.037,-143.111,-1.40667,-0.000,45.644,16.252,43.050,49.274,17.116,48.756,1488.084,2.406,-5.802,-1.40355,2.482,-5.800,-1.40671,2
55729,400694,10,3,3,0,0,0,1,5,0,0,15.037,-143.111,-1.40645,-0.000,45.644,16.252,43.050,49.274,17.116,48.756,1488.084,2.406,-5.802,-1.40333,2.483,-5.800,-1.40667,2
55729,400704,10,3,3,0,0,0,1,5,0,0,14.962,-143.111,-1.40647,-0.000,45.644,16.252,43.050,49.274,17.116,48.756,1488.084,2.408,-5.877,-1.40335,2.483,-5.800,-1.40645,2
55744,400714,10,3,3,0,0,0,1,5,0,0,15.037,-143.111,-1.40660,-0.000,45.644,16.252,43.050,49.274,17.116,48.756,1488.084,2.406,-5.802,-1.40348,2.485,-5.876,-1.40647,2
55760,400724,10,3,3,0,0,0,1,5,0,0,15.037,-143.111,-1.40660,-0.000,45.644,16.252,43.050,49.274,17.116,48.756,1488.084,2.406,-5.802,-1.40348,2.483,-5.800,-1.40660,2
55760,400734,10,3,3,0,0,0,1,5,0,0,15.037,-143.111,-1.40668,-0.000,45.644,16.252,43.050,49.274,17.116,48.756,1488.084,2.406,-5.802,-1.40356,2.483,-5.800,-1.40660,2
55775,400744,10,3,3,0,0,0,1,5,0,0,15.037,-143.111,-1.40676,-0.000,45.644,16.252,43.050,49.274,17.116,48.756,1488.084,2.405,-5.802,-1.40364,2.483,-5.800,-1.40668,2
55791,400754,10,3,3,0,0,0,1,5,0,0,15.037,-143.111,-1.40672,-0.000,45.644,16.252,43.050,49.274,17.116,48.756,1488.084,2.405,-5.802,-1.40360,2.482,-5.800,-1.40676,2
55791,400764,10,3,3,0,0,0,1,5,0,0,15.037,-143.111,-1.40697,-0.000,45.644,16.252,43.050,49.274,17.116,48.756,1488.084,2.405,-5.802,-1.40385,2.482,-5.800,-1.40672,2
55807,400774,10,3,3,0,0,0,1,5,0,0,15.037,-143.111,-1.40698,-0.000,45.644,16.252,43.050,49.274,17.116,48.756,1488.084,2.405,-5.802,-1.40386,2.482,-5.800,-1.40697,2
55807,400784,10,3,3,0,0,0,1,5,0,0,15.037,-143.111,-1.40700,-0.000,45.644,16.252,43.050,49.274,17.116,48.756,1488.084,2.405,-5.802,-1.40388,2.482,-5.800,-1.40698,2
55823,400794,10,3,3,0,0,0,1,5,0,0,15.037,-143.111,-1.40714,-0.000,45.644,16.252,43.050,49.274,17.116,48.756,1488.084,2.405,-5.802,-1.40402,2.482,-5.800,-1.40700,2
55839,400804,10,3,3,0,0,0,1,5,0,0,15.037,-143.111,-1.40715,-0.000,45.644,16.252,43.050,49.274,17.116,48.756,1488.084,2.405,-5.802,-1.40403,2.482,-5.801,-1.40714,2
55839,400814,10,3,3,0,0,0,1,5,0,0,15.037,-143.111,-1.40704,-0.000,45.644,16.252,43.050,49.274,17.116,48.756,1488.084,2.405,-5.802,-1.40391,2.482,-5.801,-1.40715,2
55854,400824,10,3,3,0,0,0,1,5,0,0,15.037,-143.111,-1.40721,-0.000,45.644,16.252,43.050,49.274,17.116,48.756,1488.084,2.405,-5.802,-1.40409,2.482,-5.800,-1.40703,2
55870,400834,10,3,3,0,0,0,1,5,0,0,15.037,-143.111,-1.40704,-0.000,45.644,16.252,43.050,49.274,17.116,48.756,1488.084,2.405,-5.802,-1.40392,2.482,-5.801,-1.40721,2
55870,400844,10,3,3,0,0,0,1,5,0,0,15.037,-143.111,-1.40671,-0.000,45.644,16.252,43.050,49.274,17.116,48.756,1488.084,2.405,-5.802,-1.40359,2.482,-5.800,-1.40704,2
55886,400854,10,3,3,0,0,0,1,5,0,0,15.037,-143.111,-1.40642,-0.000,45.644,16.252,43.050,49.274,17.116,48.756,1488.084,2.406,-5.802,-1.40330,2.482,-5.800,-1.40671,2
55902,400864,10,3,3,0,0,0,1,5,0,0,15.037,-143.111,-1.40634,-0.000,45.644,16.252,43.050,49.274,17.116,48.756,1488.084,2.406,-5.802,-1.40322,2.483,-5.800,-1.40642,2
55902,400874,10,3,3,0,0,0,1,5,0,0,15.037,-143.111,-1.40623,-0.000,45.644,16.252,43.050,49.274,17.116,48.756,1488.084,2.406,-5.802,-1.40311,2.483,-5.800,-1.40634,2
55917,400884,10,3,3,0,0,0,1,5,0,0,14.962,-143.111,-1.40622,-0.000,45.644,16.252,43.050,49.274,17.116,48.756,1488.084,2.408,-5.877,-1.40310,2.483,-5.800,-1.40623,2
55917,400894,10,3,3,0,0,0,1,5,0,0,15.037,-143.111,-1.40620,-0.000,45.644,16.252,43.050,49.274,17.116,48.756,1488.084,2.406,-5.802,-1.40308,2.485,-5.876,-1.40622,2
55932,400904,10,3,3,0,0,0,1,5,0,0,14.962,-143.111,-1.40636,-0.000,45.644,16.252,43.050,49.274,17.116,48.756,1488.084,2.408,-5.877,-1.40324,2.483,-5.800,-1.40620,2
55947,400914,10,3,3,0,0,0,1,5,0,0,15.037,-143.111,-1.40658,-0.000,45.644,16.252,43.050,49.274,17.116,48.756,1488.084,2.406,-5.802,-1.40346,2.485,-5.876,-1.40636,2
55947,400924,10,3,3,0,0,0,1,5,0,0,15.037,-143.111,-1.40658,-0.000,45.644,16.252,43.050,49.274,17.116,48.756,1488.084,2.406,-5.802,-1.40346,2.483,-5.800,-1.40658,2
55963,400934,10,3,3,0,0,0,1,5,0,0,15.037,-143.111,-1.40630,-0.000,45.644,16.252,43.050,49.274,17.116,48.756,1488.084,2.406,-5.802,-1.40318,2.483,-5.800,-1.40658,2
55978,400944,10,3,3,0,0,0,1,5,0,0,15.037,-143.111,-1.40640,-0.000,45.644,16.252,43.050,49.274,17.116,48.756,1488.084,2.406,-5.802,-1.40328,2.483,-5.800,-1.40630,2
55978,400954,10,3,3,0,0,0,1,5,0,0,15.037,-143.111,-1.40639,-0.000,45.644,16.252,43.050,49.274,17.116,48.756,1488.084,2.406,-5.802,-1.40327,2.483,-5.800,-1.40640,2
55993,400964,10,3,3,0,0,0,1,5,0,0,15.037,-143.111,-1.40639,-0.000,45.644,16.252,43.050,49.274,17.116,48.756,1488.084,2.406,-5.802,-1.40327,2.483,-5.800,-1.40639,2
56009,400974,10,3,3,0,0,0,1,5,0,0,15.037,-143.111,-1.40656,-0.000,45.644,16.252,43.050,49.274,17.116,48.756,1488.084,2.406,-5.802,-1.40344,2.483,-5.800,-1.40639,2
56009,400984,10,3,3,0,0,0,1,5,0,0,15.037,-143.111,-1.40668,-0.000,45.644,16.252,43.050,49.274,17.116,48.756,1488.084,2.406,-5.802,-1.40356,2.483,-5.800,-1.40656,2
56025,400994,10,3,3,0,0,0,1,5,0,0,15.037,-143.111,-1.40655,-0.000,45.644,16.252,43.050,49.274,17.116,48.756,1488.084,2.406,-5.802,-1.40343,2.482,-5.800,-1.40668,2
56041,401004,10,3,3,0,0,0,1,5,0,0,15.037,-143.111,-1.40646,-0.000,45.644,16.252,43.050,49.274,17.116,48.756,1488.084,2.406,-5.802,-1.40334,2.483,-5.800,-1.40655,2
56041,401014,10,3,3,0,0,0,1,5,0,0,15.037,-143.111,-1.40651,-0.000,45.644,16.252,43.050,49.274,17.116,48.756,1488.084,2.406,-5.802,-1.40339,2.483,-5.800,-1.40646,2
56057,401024,10,3,3,0,0,0,1,5,0,0,15.037,-143.111,-1.40666,-0.000,45.644,16.252,43.050,49.274,17.116,48.756,1488.084,2.406,-5.802,-1.40354,2.483,-5.800,-1.40651,2
56057,401034,10,3,3,0,0,0,1,5,0,0,15.037,-143.111,-1.40652,-0.000,45.644,16.252,43.050,49.274,17.116,48.756,1488.084,2.406,-5.802,-1.40340,2.483,-5.800,-1.40666,2
56073,401044,10,3,3,0,0,0,1,5,0,0,15.037,-143.111,-1.40656,-0.000,45.644,16.252,43.050,49.274,17.116,48.756,1488.084,2.406,-5.802,-1.40344,2.483,-5.800,-1.40652,2
56089,401054,10,3,3,0,0,0,1,5,0,0,15.037,-143.111,-1.40655,-0.000,45.644,16.252,43.050,49.274,17.116,48.756,1488.084,2.406,-5.802,-1.40343,2.483,-5.800,-1.40656,2
56089,401064,10,3,3,0,0,0,1,5,0,0,15.037,-143.111,-1.40667,-0.000,45.644,16.252,43.050,49.274,17.116,48.756,1488.084,2.406,-5.802,-1.40355,2.483,-5.800,-1.40655,2
56105,401074,10,3,3,0,0,0,1,5,0,0,15.037,-143.111,-1.40688,-0.000,45.644,16.252,43.050,49.274,17.116,48.756,1488.084,2.405,-5.802,-1.40376,2.483,-5.800,-1.40667,2
56120,401084,10,3,3,0,0,0,1,5,0,0,15.037,-143.111,-1.40693,-0.000,45.644,16.252,43.050,49.274,17.116,48.756,1488.084,2.405,-5.802,-1.40381,2.482,-5.800,-1.40688,2
56120,401094,10,3,3,0,0,0,1,5,0,0,15.037,-143.111,-1.40705,-0.000,45.644,16.252,43.050,49.274,17.116,48.756,1488.084,2.405,-5.802,-1.40393,2.482,-5.800,-1.40693,2
56135,401104,10,3,3,0,0,0,1,5,0,0,15.037,-143.111,-1.40710,-0.000,45.644,16.252,43.050,49.274,17.116,48.756,1488.084,2.405,-5.802,-1.40398,2.482,-5.800,-1.40705,2
56151,401114,10,3,3,0,0,0,1,5,0,0,15.037,-143.111,-1.40718,-0.000,45.644,16.252,43.050,49.274,17.116,48.756,1488.084,2.405,-5.802,-1.40406,2.482,-5.801,-1.40710,2
56151,401124,10,3,3,0,0,0,1,5,0,0,15.037,-143.111,-1.40707,-0.000,45.644,16.252,43.050,49.274,17.116,48.756,1488.084,2.405,-5.802,-1.40395,2.482,-5.801,-1.40718,2
56167,401134,10,3,3,0,0,0,1,5,0,0,15.037,-143.111,-1.40709,-0.000,45.644,16.252,43.050,49.274,17.116,48.756,1488.084,2.405,-5.802,-1.40397,2.482,-5.800,-1.40707,2
56167,401144,10,3,3,0,0,0,1,5,0,0,15.037,-143.111,-1.40727,-0.000,45.644,16.252,43.050,49.274,17.116,48.756,1488.084,2.405,-5.802,-1.40415,2.482,-5.800,-1.40709,2
56183,401154,10,3,3,0,0,0,1,5,0,0,15.037,-143.111,-1.40728,-0.000,45.644,16.252,43.050,49.274,17.116,48.756,1488.084,2.405,-5.802,-1.40416,2.482,-5.801,-1.40727,2
56199,401164,10,3,3,0,0,0,1,5,0,0,15.037,-143.111,-1.40746,-0.000,45.644,16.252,43.050,49.274,17.116,48.756,1488.084,2.405,-5.802,-1.40434,2.482,-5.801,-1.40728,2
56199,401174,10,3,3,0,0,0,1,5,0,0,15.037,-143.111,-1.40743,-0.000,45.644,16.252,43.050,49.274,17.116,48.756,1488.084,2.405,-5.802,-1.40431,2.482,-5.801,-1.40746,2
56214,401184,10,3,3,0,0,0,1,5,0,0,15.037,-143.111,-1.40745,-0.000,45.644,16.252,43.050,49.274,17.116,48.756,1488.084,2.405,-5.802,-1.40432,2.482,-5.801,-1.40743,2
56230,401194,10,3,3,0,0,0,1,5,0,0,15.037,-143.111,-1.40726,-0.000,45.644,16.252,43.050,49.274,17.116,48.756,1488.084,2.405,-5.802,-1.40414,2.482,-5.801,-1.40745,2
56230,401204,10,3,3,0,0,0,1,5,0,0,15.037,-143.111,-1.40712,-0.000,45.644,16.252,43.050,49.274,17.116,48.756,1488.084,2.405,-5.802,-1.40400,2.482,-5.801,-1.40726,2
56246,401214,10,3,3,0,0,0,1,5,0,0,15.037,-143.111,-1.40724,-0.000,45.644,16.252,43.050,49.274,17.116,48.756,1488.084,2.405,-5.802,-1.40412,2.482,-5.801,-1.40712,2
56261,401224,10,3,3,0,0,0,1,5,0,0,14.962,-143.111,-1.40692,-0.000,45.644,16.252,43.050,49.274,17.116,48.756,1488.084,2.407,-5.877,-1.40380,2.482,-5.801,-1.40724,2
56261,401234,10,3,3,0,0,0,1,5,0,0,15.037,-143.111,-1.40693,-0.000,45.644,16.252,43.050,49.274,17.116,48.756,1488.084,2.405,-5.802,-1.40381,2.484,-5.876,-1.40692,2
56277,401244,10,3,3,0,0,0,1,5,0,0,15.037,-143.111,-1.40679,-0.000,45.644,16.252,43.050,49.274,17.116,48.756,1488.084,2.405,-5.802,-1.40367,2.482,-5.800,-1.40693,2
56277,401254,10,3,3,0,0,0,1,5,0,0,15.037,-143.111,-1.40662,-0.000,45.644,16.252,43.050,49.274,17.116,48.756,1488.084,2.406,-5.802,-1.40350,2.482,-5.800,-1.40679,2
56293,401264,10,3,3,0,0,0,1,5,0,0,15.037,-143.111,-1.40644,-0.000,45.644,16.252,43.050,49.274,17.116,48.756,1488.084,2.406,-5.802,-1.40332,2.483,-5.800,-1.40662,2
56308,401274,10,3,3,0,0,0,1,5,0,0,15.037,-143.111,-1.40648,-0.000,45.644,16.252,43.050,49.274,17.116,48.756,1488.084,2.406,-5.802,-1.40336,2.483,-5.800,-1.40644,2
56308,401284,10,3,3,0,0,0,1,5,0,0,15.037,-143.111,-1.40655,-0.000,45.644,16.252,43.050,49.274,17.116,48.756,1488.084,2.406,-5.802,-1.40343,2.483,-5.800,-1.40648,2
56323,401294,10,3,3,0,0,0,1,5,0,0,15.037,-143.111,-1.40673,-0.000,45.644,16.252,43.050,49.274,17.116,48.756,1488.084,2.405,-5.802,-1.40361,2.483,-5.800,-1.40655,2
56338,401304,10,3,3,0,0,0,1,5,0,0,15.037,-143.111,-1.40692,-0.000,45.644,16.252,43.050,49.274,17.116,48.756,1488.084,2.405,-5.802,-1.40380,2.482,-5.800,-1.40673,2
56338,401314,10,3,3,0,0,0,1,5,0,0,15.037,-143.111,-1.40686,-0.000,45.644,16.252,43.050,49.274,17.116,48.756,1488.084,2.405,-5.802,-1.40374,2.482,-5.800,-1.40692,2
56354,401324,10,3,3,0,0,0,1,5,0,0,15.037,-143.111,-1.40681,-0.000,45.644,16.252,43.050,49.274,17.116,48.756,1488.084,2.405,-5.802,-1.40369,2.482,-5.800,-1.40686,2
56369,401334,10,3,3,0,0,0,1,5,0,0,15.037,-143.111,-1.40704,-0.000,45.644,16.252,43.050,49.274,17.116,48.756,1488.084,2.405,-5.802,-1.40391,2.482,-5.800,-1.40681,2
56369,401344,10,3,3,0,0,0,1,5,0,0,15.037,-143.111,-1.40691,-0.000,45.644,16.252,43.050,49.274,17.116,48.756,1488.084,2.405,-5.802,-1.40379,2.482,-5.800,-1.40703,2
56385,401354,10,3,3,0,0,0,1,5,0,0,15.037,-143.111,-1.40661,-0.000,45.644,16.252,43.050,49.274,17.116,48.756,1488.084,2.406,-5.802,-1.40349,2.482,-5.800,-1.40691,2
56402,401364,10,3,3,0,0,0,1,5,0,0,15.037,-143.111,-1.40665,-0.000,45.644,16.252,43.050,49.274,17.116,48.756,1488.084,2.406,-5.802,-1.40353,2.483,-5.800,-1.40661,2
56402,401374,10,3,3,0,0,0,1,5,0,0,15.037,-143.111,-1.40652,-0.000,45.644,16.252,43.050,49.274,17.116,48.756,1488.084,2.406,-5.802,-1.40340,2.483,-5.800,-1.40665,2
56417,401384,10,3,3,0,0,0,1,5,0,0,15.037,-143.111,-1.40667,-0.000,45.644,16.252,43.050,49.274,17.116,48.756,1488.084,2.406,-5.802,-1.40355,2.483,-5.800,-1.40652,2
56417,401394,10,3,3,0,0,0,1,5,0,0,15.037,-143.111,-1.40684,-0.000,45.644,16.252,43.050,49.274,17.116,48.756,1488.084,2.405,-5.802,-1.40372,2.483,-5.800,-1.40667,2
56432,401404,10,3,3,0,0,0,1,5,0,0,15.037,-143.111,-1.40680,-0.000,45.644,16.252,43.050,49.274,17.116,48.756,1488.084,2.405,-5.802,-1.40368,2.482,-5.800,-1.40684,2
56447,401414,10,3,3,0,0,0,1,5,0,0,15.037,-143.111,-1.40674,-0.000,45.644,16.252,43.050,49.274,17.116,48.756,1488.084,2.405,-5.802,-1.40362,2.482,-5.800,-1.40680,2
56447,401424,10,3,3,0,0,0,1,5,0,0,15.037,-143.111,-1.40695,-0.000,45.644,16.252,43.050,49.274,17.116,48.756,1488.084,2.405,-5.802,-1.40383,2.482,-5.800,-1.40674,2
56462,401434,10,3,3,0,0,0,1,5,0,0,15.037,-143.111,-1.40687,-0.000,45.644,16.252,43.050,49.274,17.116,48.756,1488.084,2.405,-5.802,-1.40375,2.482,-5.800,-1.40695,2
56477,401444,10,3,3,0,0,0,1,5,0,0,15.037,-143.111,-1.40685,-0.000,45.644,16.252,43.050,49.274,17.116,48.756,1488.084,2.405,-5.802,-1.40373,2.482,-5.800,-1.40687,2
56477,401454,10,3,3,0,0,0,1,5,0,0,14.962,-143.111,-1.40690,-0.000,45.644,16.252,43.050,49.274,17.116,48.756,1488.084,2.407,-5.877,-1.40378,2.482,-5.800,-1.40685,2
56492,401464,10,3,3,0,0,0,1,5,0,0,14.962,-143.111,-1.40690,-0.000,45.644,16.252,43.050,49.274,17.116,48.756,1488.084,2.407,-5.877,-1.40378,2.484,-5.876,-1.40690,2
56509,401474,10,3,3,0,0,0,1,5,0,0,15.037,-143.111,-1.40679,-0.000,45.644,16.252,43.050,49.274,17.116,48.756,1488.084,2.405,-5.802,-1.40367,2.484,-5.876,-1.40690,2
56509,401484,10,3,3,0,0,0,1,5,0,0,15.037,-143.111,-1.40686,-0.000,45.644,16.252,43.050,49.274,17.116,48.756,1488.084,2.405,-5.802,-1.40374,2.482,-5.800,-1.40679,2
56524,401494,10,3,3,0,0,0,1,5,0,0,15.037,-143.111,-1.40677,-0.000,45.644,16.252,43.050,49.274,17.116,48.756,1488.084,2.405,-5.802,-1.40365,2.482,-5.800,-1.40686,2
56540,401504,10,3,3,0,0,0,1,5,0,0,15.037,-143.111,-1.40681,-0.000,45.644,16.252,43.050,49.274,17.116,48.756,1488.084,2.405,-5.802,-1.40369,2.482,-5.800,-1.40677,2
56540,401514,10,3,3,0,0,0,1,5,0,0,15.037,-143.111,-1.40683,-0.000,45.644,16.252,43.050,49.274,17.116,48.756,1488.084,2.405,-5.802,-1.40371,2.482,-5.800,-1.40681,2
56556,401524,10,3,3,0,0,0,1,5,0,0,15.037,-143.111,-1.40700,-0.000,45.644,16.252,43.050,49.274,17.116,48.756,1488.084,2.405,-5.802,-1.40388,2.482,-5.800,-1.40683,2
56572,401534,10,3,3,0,0,0,1,5,0,0,15.037,-143.111,-1.40691,-0.000,45.644,16.252,43.050,49.274,17.116,48.756,1488.084,2.405,-5.802,-1.40379,2.482,-5.800,-1.40700,2
56572,401544,10,3,3,0,0,0,1,5,0,0,15.037,-143.111,-1.40672,-0.000,45.644,16.252,43.050,49.274,17.116,48.756,1488.084,2.405,-5.802,-1.40360,2.482,-5.800,-1.40691,2
56588,401554,10,3,3,0,0,0,1,5,0,0,15.037,-143.111,-1.40657,-0.000,45.644,16.252,43.050,49.274,17.116,48.756,1488.084,2.406,-5.802,-1.40345,2.482,-5.800,-1.40672,2
56588,401564,10,3,3,0,0,0,1,5,0,0,15.037,-143.111,-1.40673,-0.000,45.644,16.252,43.050,49.274,17.116,48.756,1488.084,2.405,-5.802,-1.40361,2.483,-5.800,-1.40657,2
56603,401574,10,3,3,0,0,0,1,5,0,0,15.037,-143.111,-1.40674,-0.000,45.644,16.252,43.050,49.274,17.116,48.756,1488.084,2.405,-5.802,-1.40362,2.482,-5.800,-1.40673,2
56619,401584,10,3,3,0,0,0,1,5,0,0,15.037,-143.111,-1.40677,-0.000,45.644,16.252,43.050,49.274,17.116,48.756,1488.084,2.405,-5.802,-1.40365,2.482,-5.800,-1.40674,2
56619,401594,10,3,3,0,0,0,1,5,0,0,15.037,-143.111,-1.40687,-0.000,45.644,16.252,43.050,49.274,17.116,48.756,1488.084,2.405,-5.802,-1.40375,2.482,-5.800,-1.40677,2
56634,401604,10,3,3,0,0,0,1,5,0,0,15.037,-143.111,-1.40693,-0.000,45.644,16.252,43.050,49.274,17.116,48.756,1488.084,2.405,-5.802,-1.40381,2.482,-5.800,-1.40687,2
56650,401614,10,3,3,0,0,0,1,5,0,0,15.037,-143.111,-1.40691,-0.000,45.644,16.252,43.050,49.274,17.116,48.756,1488.084,2.405,-5.802,-1.40379,2.482,-5.800,-1.40693,2
56650,401624,10,3,3,0,0,0,1,5,0,0,15.037,-143.111,-1.40690,-0.000,45.644,16.252,43.050,49.274,17.116,48.756,1488.084,2.405,-5.802,-1.40378,2.482,-5.800,-1.40691,2
56666,401634,10,3,3,0,0,0,1,5,0,0,15.037,-143.111,-1.40698,-0.000,45.644,16.252,43.050,49.274,17.116,48.756,1488.084,2.405,-5.802,-1.40386,2.482,-5.800,-1.40690,2
56682,401644,10,3,3,0,0,0,1,5,0,0,15.037,-143.111,-1.40704,-0.000,45.644,16.252,43.050,49.274,17.116,48.756,1488.084,2.405,-5.802,-1.40392,2.482,-5.800,-1.40698,2
56682,401654,10,3,3,0,0,0,1,5,0,0,15.037,-143.111,-1.40697,-0.000,45.644,16.252,43.050,49.274,17.116,48.756,1488.084,2.405,-5.802,-1.40385,2.482,-5.800,-1.40704,2
56697,401664,10,3,3,0,0,0,1,5,0,0,15.037,-143.111,-1.40692,-0.000,45.644,16.252,43.050,49.274,17.116,48.756,1488.084,2.405,-5.802,-1.40380,2.482,-5.800,-1.40697,2
56697,401674,10,3,3,0,0,0,1,5,0,0,15.037,-143.111,-1.40682,-0.000,45.644,16.252,43.050,49.274,17.116,48.756,1488.084,2.405,-5.802,-1.40370,2.482,-5.800,-1.40692,2
56712,401684,10,3,3,0,0,0,1,5,0,0,15.037,-143.111,-1.40695,-0.000,45.644,16.252,43.050,49.274,17.116,48.756,1488.084,2.405,-5.802,-1.40383,2.482,-5.800,-1.40682,2
56728,401694,10,3,3,0,0,0,1,5,0,0,15.037,-143.111,-1.40697,-0.000,45.644,16.252,43.050,49.274,17.116,48.756,1488.084,2.405,-5.802,-1.40385,2.482,-5.800,-1.40695,2
56728,401704,10,3,3,0,0,0,1,5,0,0,15.037,-143.111,-1.40676,-0.000,45.644,16.252,43.050,49.274,17.116,48.756,1488.084,2.405,-5.802,-1.40364,2.482,-5.800,-1.40697,2
56744,401714,10,3,3,0,0,0,1,5,0,0,14.962,-143.111,-1.40669,-0.000,45.644,16.252,43.050,49.274,17.116,48.756,1488.084,2.407,-5.877,-1.40357,2.482,-5.800,-1.40676,2
56760,401724,10,3,3,0,0,0,1,5,0,0,15.037,-143.111,-1.40661,-0.000,45.644,16.252,43.050,49.274,17.116,48.756,1488.084,2.406,-5.802,-1.40349,2.484,-5.876,-1.40669,2
56760,401734,10,3,3,0,0,0,1,5,0,0,15.037,-143.111,-1.40652,-0.000,45.644,16.252,43.050,49.274,17.116,48.756,1488.084,2.406,-5.802,-1.40340,2.483,-5.800,-1.40661,2
56775,401744,10,3,3,0,0,0,1,5,0,0,15.037,-143.111,-1.40676,-0.000,45.644,16.252,43.050,49.274,17.116,48.756,1488.084,2.405,-5.802,-1.40364,2.483,-5.800,-1.40652,2
56791,401754,10,3,3,0,0,0,1,5,0,0,15.037,-143.111,-1.40669,-0.000,45.644,16.252,43.050,49.274,17.116,48.756,1488.084,2.406,-5.802,-1.40357,2.482,-5.800,-1.40676,2
56791,401764,10,3,3,0,0,0,1,5,0,0,15.037,-143.111,-1.40665,-0.000,45.644,16.252,43.050,49.274,17.116,48.756,1488.084,2.406,-5.802,-1.40353,2.482,-5.800,-1.40669,2
56807,401774,10,3,3,0,0,0,1,5,0,0,15.037,-143.111,-1.40662,-0.000,45.644,16.252,43.050,49.274,17.116,48.756,1488.084,2.406,-5.802,-1.40350,2.483,-5.800,-1.40665,2
56807,401784,10,3,3,0,0,0,1,5,0,0,15.037,-143.111,-1.40662,-0.000,45.644,16.252,43.050,49.274,17.116,48.756,1488.084,2.406,-5.802,-1.40350,2.483,-5.800,-1.40662,2
56822,401794,10,3,3,0,0,0,1,5,0,0,15.037,-143.111,-1.40670,-0.000,45.644,16.252,43.050,49.274,17.116,48.756,1488.084,2.405,-5.802,-1.40358,2.483,-5.800,-1.40662,2
56838,401804,10,3,3,0,0,0,1,5,0,0,15.037,-143.111,-1.40666,-0.000,45.644,16.252,43.050,49.274,17.116,48.756,1488.084,2.406,-5.802,-1.40354,2.482,-5.800,-1.40670,2
56838,401814,10,3,3,0,0,0,1,5,0,0,15.037,-143.111,-1.40678,-0.000,45.644,16.252,43.050,49.274,17.116,48.756,1488.084,2.405,-5.802,-1.40366,2.483,-5.800,-1.40666,2
56853,401824,10,3,3,0,0,0,1,5,0,0,15.037,-143.111,-1.40694,-0.000,45.644,16.252,43.050,49.274,17.116,48.756,1488.084,2.405,-5.802,-1.40382,2.482,-5.800,-1.40678,2
56868,401834,10,3,3,0,0,0,1,5,0,0,14.962,-143.111,-1.40675,-0.000,45.644,16.252,43.050,49.274,17.116,48.756,1488.084,2.407,-5.877,-1.40363,2.482,-5.800,-1.40694,2
56868,401844,10,3,3,0,0,0,1,5,0,0,15.037,-143.111,-1.40675,-0.000,45.644,16.252,43.050,49.274,17.116,48.756,1488.084,2.405,-5.802,-1.40363,2.484,-5.876,-1.40675,2
56884,401854,10,3,3,0,0,0,1,5,0,0,15.037,-143.111,-1.40656,-0.000,45.644,16.252,43.050,49.274,17.116,48.756,1488.084,2.406,-5.802,-1.40344,2.482,-5.800,-1.40675,2
56899,401864,10,3,3,0,0,0,1,5,0,0,15.037,-143.111,-1.40678,-0.000,45.644,16.252,43.050,49.274,17.116,48.756,1488.084,2.405,-5.802,-1.40366,2.483,-5.800,-1.40656,2
56899,401874,10,3,3,0,0,0,1,5,0,0,15.037,-143.111,-1.40670,-0.000,45.644,16.252,43.050,49.274,17.116,48.756,1488.084,2.405,-5.802,-1.40358,2.482,-5.800,-1.40678,2
56915,401884,10,3,3,0,0,0,1,5,0,0,15.037,-143.111,-1.40672,-0.000,45.644,16.252,43.050,49.274,17.116,48.756,1488.084,2.405,-5.802,-1.40360,2.482,-5.800,-1.40670,2
56930,401894,10,3,3,0,0,0,1,5,0,0,15.037,-143.111,-1.40682,-0.000,45.644,16.252,43.050,49.274,17.116,48.756,1488.084,2.405,-5.802,-1.40370,2.482,-5.800,-1.40672,2
56930,401904,10,3,3,0,0,0,1,5,0,0,15.037,-143.111,-1.40698,-0.000,45.644,16.252,43.050,49.274,17.116,48.756,1488.084,2.405,-5.802,-1.40386,2.482,-5.800,-1.40682,2
56946,401914,10,3,3,0,0,0,1,5,0,0,15.037,-143.111,-1.40698,-0.000,45.644,16.252,43.050,49.274,17.116,48.756,1488.084,2.405,-5.802,-1.40386,2.482,-5.800,-1.40698,2
56961,401924,10,3,3,0,0,0,1,5,0,0,15.037,-143.111,-1.40704,-0.000,45.644,16.252,43.050,49.274,17.116,48.756,1488.084,2.405,-5.802,-1.40392,2.482,-5.800,-1.40698,2
56961,401934,10,3,3,0,0,0,1,5,0,0,15.037,-143.111,-1.40706,-0.000,45.644,16.252,43.050,49.274,17.116,48.756,1488.084,2.405,-5.802,-1.40394,2.482,-5.800,-1.40704,2
56977,401944,10,3,3,0,0,0,1,5,0,0,15.037,-143.111,-1.40701,-0.000,45.644,16.252,43.050,49.274,17.116,48.756,1488.084,2.405,-5.802,-1.40389,2.482,-5.800,-1.40706,2
56977,401954,10,3,3,0,0,0,1,5,0,0,15.037,-143.111,-1.40707,-0.000,45.644,16.252,43.050,49.274,17.116,48.756,1488.084,2.405,-5.802,-1.40395,2.482,-5.800,-1.40701,2
56993,401964,10,3,3,0,0,0,1,5,0,0,15.037,-143.111,-1.40714,-0.000,45.644,16.252,43.050,49.274,17.116,48.756,1488.084,2.405,-5.802,-1.40402,2.482,-5.800,-1.40707,2
57008,401974,10,3,3,0,0,0,1,5,0,0,15.037,-143.111,-1.40705,-0.000,45.644,16.252,43.050,49.274,17.116,48.756,1488.084,2.405,-5.802,-1.40393,2.482,-5.801,-1.40714,2
57008,401984,10,3,3,0,0,0,1,5,0,0,15.037,-143.111,-1.40694,-0.000,45.644,16.252,43.050,49.274,17.116,48.756,1488.084,2.405,-5.802,-1.40382,2.482,-5.800,-1.40705,2
57023,401994,10,3,3,0,0,0,1,5,0,0,15.037,-143.111,-1.40708,-0.000,45.644,16.252,43.050,49.274,17.116,48.756,1488.084,2.405,-5.802,-1.40396,2.482,-5.800,-1.40694,2
57039,402004,10,3,3,0,0,0,1,5,0,0,15.037,-143.111,-1.40691,-0.000,45.644,16.252,43.050,49.274,17.116,48.756,1488.084,2.405,-5.802,-1.40379,2.482,-5.800,-1.40708,2
57039,402014,10,3,3,0,0,0,1,5,0,0,15.037,-143.111,-1.40662,-0.000,45.644,16.252,43.050,49.274,17.116,48.756,1488.084,2.406,-5.802,-1.40350,2.482,-5.800,-1.40691,2
57054,402024,10,3,3,0,0,0,1,5,0,0,15.037,-143.111,-1.40655,-0.000,45.644,16.252,43.050,49.274,17.116,48.756,1488.084,2.406,-5.802,-1.40343,2.483,-5.800,-1.40662,2
57069,402034,10,3,3,0,0,0,1,5,0,0,15.037,-143.111,-1.40654,-0.000,45.644,16.252,43.050,49.274,17.116,48.756,1488.084,2.406,-5.802,-1.40342,2.483,-5.800,-1.40655,2
57069,402044,10,3,3,0,0,0,1,5,0,0,15.037,-143.111,-1.40671,-0.000,45.644,16.252,43.050,49.274,17.116,48.756,1488.084,2.405,-5.802,-1.40359,2.483,-5.800,-1.40654,2
57084,402054,10,3,3,0,0,0,1,5,0,0,15.037,-143.111,-1.40673,-0.000,45.644,16.252,43.050,49.274,17.116,48.756,1488.084,2.405,-5.802,-1.40361,2.482,-5.800,-1.40671,2
57100,402064,10,3,3,0,0,0,1,5,0,0,15.037,-143.111,-1.40658,-0.000,45.644,16.252,43.050,49.274,17.116,48.756,1488.084,2.406,-5.802,-1.40346,2.482,-5.800,-1.40673,2
57100,402074,10,3,3,0,0,0,1,5,0,0,15.037,-143.111,-1.40653,-0.000,45.644,16.252,43.050,49.274,17.116,48.756,1488.084,2.406,-5.802,-1.40341,2.483,-5.800,-1.40658,2
57115,402084,10,3,3,0,0,0,1,5,0,0,15.037,-143.111,-1.40645,-0.000,45.644,16.252,43.050,49.274,17.116,48.756,1488.084,2.406,-5.802,-1.40333,2.483,-5.800,-1.40653,2
57131,402094,10,3,3,0,0,0,1,5,0,0,15.037,-143.111,-1.40667,-0.000,45.644,16.252,43.050,49.274,17.116,48.756,1488.084,2.406,-5.802,-1.40355,2.483,-5.800,-1.40645,2
57131,402104,10,3,3,0,0,0,1,5,0,0,15.037,-143.111,-1.40688,-0.000,45.644,16.252,43.050,49.274,17.116,48.756,1488.084,2.405,-5.802,-1.40376,2.483,-5.800,-1.40667,2
57146,402114,10,3,3,0,0,0,1,5,0,0,15.037,-143.111,-1.40684,-0.000,45.644,16.252,43.050,49.274,17.116,48.756,1488.084,2.405,-5.802,-1.40372,2.482,-5.800,-1.40688,2
57161,402124,10,3,3,0,0,0,1,5,0,0,15.037,-143.111,-1.40678,-0.000,45.644,16.252,43.050,49.274,17.116,48.756,1488.084,2.405,-5.802,-1.40366,2.482,-5.800,-1.40684,2
57161,402134,10,3,3,0,0,0,1,5,0,0,15.037,-143.111,-1.40681,-0.000,45.644,16.252,43.050,49.274,17.116,48.756,1488.084,2.405,-5.802,-1.40369,2.482,-5.800,-1.40678,2
57176,402144,10,3,3,0,0,0,1,5,0,0,15.037,-143.111,-1.40680,-0.000,45.644,16.252,43.050,49.274,17.116,48.756,1488.084,2.405,-5.802,-1.40368,2.482,-5.800,-1.40681,2
57192,402154,10,3,3,0,0,0,1,5,0,0,15.037,-143.111,-1.40681,-0.000,45.644,16.252,43.050,49.274,17.116,48.756,1488.084,2.405,-5.802,-1.40368,2.482,-5.800,-1.40680,2
57192,402164,10,3,3,0,0,0,1,5,0,0,15.037,-143.111,-1.40676,-0.000,45.644,16.252,43.050,49.274,17.116,48.756,1488.084,2.405,-5.802,-1.40364,2.482,-5.800,-1.40681,2
57207,402174,10,3,3,0,0,0,1,5,0,0,15.037,-143.111,-1.40683,-0.000,45.644,16.252,43.050,49.274,17.116,48.756,1488.084,2.405,-5.802,-1.40371,2.482,-5.800,-1.40676,2
57207,402184,10,3,3,0,0,0,1,5,0,0,15.037,-143.111,-1.40679,-0.000,45.644,16.252,43.050,49.274,17.116,48.756,1488.084,2.405,-5.802,-1.40367,2.482,-5.800,-1.40683,2
57223,402194,10,3,3,0,0,0,1,5,0,0,15.037,-143.111,-1.40674,-0.000,45.644,16.252,43.050,49.274,17.116,48.756,1488.084,2.405,-5.802,-1.40362,2.482,-5.800,-1.40679,2
57239,402204,10,3,3,0,0,0,1,5,0,0,15.037,-143.111,-1.40677,-0.000,45.644,16.252,43.050,49.274,17.116,48.756,1488.084,2.405,-5.802,-1.40365,2.482,-5.800,-1.40674,2
57239,402214,10,3,3,0,0,0,1,5,0,0,15.037,-143.111,-1.40670,-0.000,45.644,16.252,43.050,49.274,17.116,48.756,1488.084,2.405,-5.802,-1.40358,2.482,-5.800,-1.40677,2
57254,402224,10,3,3,0,0,0,1,5,0,0,15.037,-143.111,-1.40678,-0.000,45.644,16.252,43.050,49.274,17.116,48.756,1488.084,2.405,-5.802,-1.40366,2.482,-5.800,-1.40670,2
57270,402234,10,3,3,0,0,0,1,5,0,0,15.037,-143.111,-1.40663,-0.000,45.644,16.252,43.050,49.274,17.116,48.756,1488.084,2.406,-5.802,-1.40351,2.482,-5.800,-1.40678,2
57270,402244,10,3,3,0,0,0,1,5,0,0,15.037,-143.111,-1.40662,-0.000,45.644,16.252,43.050,49.274,17.116,48.756,1488.084,2.406,-5.802,-1.40350,2.483,-5.800,-1.40663,2
57286,402254,10,3,3,0,0,0,1,5,0,0,15.037,-143.111,-1.40667,-0.000,45.644,16.252,43.050,49.274,17.116,48.756,1488.084,2.406,-5.802,-1.40355,2.483,-5.800,-1.40662,2
57301,402264,10,3,3,0,0,0,1,5,0,0,15.037,-143.111,-1.40666,-0.000,45.644,16.252,43.050,49.274,17.116,48.756,1488.084,2.406,-5.802,-1.40354,2.483,-5.800,-1.40667,2
57301,402274,10,3,3,0,0,0,1,5,0,0,15.037,-143.111,-1.40676,-0.000,45.644,16.252,43.050,49.274,17.116,48.756,1488.084,2.405,-5.802,-1.40364,2.483,-5.800,-1.40666,2
57317,402284,10,3,3,0,0,0,1,5,0,0,15.037,-143.111,-1.40658,-0.000,45.644,16.252,43.050,49.274,17.116,48.756,1488.084,2.406,-5.802,-1.40346,2.482,-5.800,-1.40676,2
57317,402294,10,3,3,0,0,0,1,5,0,0,15.037,-143.111,-1.40654,-0.000,45.644,16.252,43.050,49.274,17.116,48.756,1488.084,2.406,-5.802,-1.40342,2.483,-5.800,-1.40658,2
57332,402304,10,3,3,0,0,0,1,5,0,0,15.037,-143.111,-1.40643,-0.000,45.644,16.252,43.050,49.274,17.116,48.756,1488.084,2.406,-5.802,-1.40331,2.483,-5.800,-1.40654,2
57348,402314,10,3,3,0,0,0,1,5,0,0,14.962,-143.111,-1.40665,-0.000,45.644,16.252,43.050,49.274,17.116,48.756,1488.084,2.407,-5.877,-1.40353,2.483,-5.800,-1.40643,2
57348,402324,10,3,3,0,0,0,1,5,0,0,15.037,-143.111,-1.40662,-0.000,45.644,16.252,43.050,49.274,17.116,48.756,1488.084,2.406,-5.802,-1.40350,2.484,-5.876,-1.40665,2
57364,402334,10,3,3,0,0,0,1,5,0,0,15.037,-143.111,-1.40648,-0.000,45.644,16.252,43.050,49.274,17.116,48.756,1488.084,2.406,-5.802,-1.40335,2.483,-5.800,-1.40662,2
57380,402344,10,3,3,0,0,0,1,5,0,0,15.037,-143.111,-1.40641,-0.000,45.644,16.252,43.050,49.274,17.116,48.756,1488.084,2.406,-5.802,-1.40329,2.483,-5.800,-1.40648,2
57380,402354,10,3,3,0,0,0,1,5,0,0,15.037,-143.111,-1.40644,-0.000,45.644,16.252,43.050,49.274,17.116,48.756,1488.084,2.406,-5.802,-1.40332,2.483,-5.800,-1.40641,2
57395,402364,10,3,3,0,0,0,1,5,0,0,15.037,-143.111,-1.40653,-0.000,45.644,16.252,43.050,49.274,17.116,48.756,1488.084,2.406,-5.802,-1.40341,2.483,-5.800,-1.40644,2
57410,402374,10,3,3,0,0,0,1,5,0,0,15.037,-143.111,-1.40660,-0.000,45.644,16.252,43.050,49.274,17.116,48.756,1488.084,2.406,-5.802,-1.40348,2.483,-5.800,-1.40653,2
57410,402384,10,3,3,0,0,0,1,5,0,0,15.037,-143.111,-1.40650,-0.000,45.644,16.252,43.050,49.274,17.116,48.756,1488.084,2.406,-5.802,-1.40338,2.483,-5.800,-1.40660,2
57426,402394,10,3,3,0,0,0,1,5,0,0,15.037,-143.111,-1.40664,-0.000,45.644,16.252,43.050,49.274,17.116,48.756,1488.084,2.406,-5.802,-1.40352,2.483,-5.800,-1.40650,2
57442,402404,10,3,3,0,0,0,1,5,0,0,15.037,-143.111,-1.40673,-0.000,45.644,16.252,43.050,49.274,17.116,48.756,1488.084,2.405,-5.802,-1.40361,2.483,-5.800,-1.40664,2
57442,402414,10,3,3,0,0,0,1,5,0,0,15.037,-143.111,-1.40676,-0.000,45.644,16.252,43.050,49.274,17.116,48.756,1488.084,2.405,-5.802,-1.40364,2.482,-5.800,-1.40673,2
57458,402424,10,3,3,0,0,0,1,5,0,0,15.037,-143.111,-1.40694,-0.000,45.644,16.252,43.050,49.274,17.116,48.756,1488.084,2.405,-5.802,-1.40382,2.482,-5.800,-1.40676,2
57458,402434,10,3,3,0,0,0,1,5,0,0,15.037,-143.111,-1.40708,-0.000,45.644,16.252,43.050,49.274,17.116,48.756,1488.084,2.405,-5.802,-1.40396,2.482,-5.800,-1.40694,2
57473,402444,10,3,3,0,0,0,1,5,0,0,15.037,-143.111,-1.40703,-0.000,45.644,16.252,43.050,49.274,17.116,48.756,1488.084,2.405,-5.802,-1.40391,2.482,-5.800,-1.40708,2
57488,402454,10,3,3,0,0,0,1,5,0,0,15.037,-143.111,-1.40697,-0.000,45.644,16.252,43.050,49.274,17.116,48.756,1488.084,2.405,-5.802,-1.40385,2.482,-5.800,-1.40703,2
57488,402464,10,3,3,0,0,0,1,5,0,0,15.037,-143.111,-1.40701,-0.000,45.644,16.252,43.050,49.274,17.116,48.756,1488.084,2.405,-5.802,-1.40389,2.482,-5.800,-1.40697,2
57504,402474,10,3,3,0,0,0,1,5,0,0,15.037,-143.111,-1.40692,-0.000,45.644,16.252,43.050,49.274,17.116,48.756,1488.084,2.405,-5.802,-1.40380,2.482,-5.800,-1.40701,2
57520,402484,10,3,3,0,0,0,1,5,0,0,15.037,-143.111,-1.40673,-0.000,45.644,16.252,43.050,49.274,17.116,48.756,1488.084,2.405,-5.802,-1.40361,2.482,-5.800,-1.40692,2
57520,402494,10,3,3,0,0,0,1,5,0,0,15.037,-143.111,-1.40675,-0.000,45.644,16.252,43.050,49.274,17.116,48.756,1488.084,2.405,-5.802,-1.40363,2.482,-5.800,-1.40673,2
57536,402504,10,3,3,0,0,0,1,5,0,0,15.037,-143.111,-1.40680,-0.000,45.644,16.252,43.050,49.274,17.116,48.756,1488.084,2.405,-5.802,-1.40368,2.482,-5.800,-1.40675,2
57552,402514,10,3,3,0,0,0,1,5,0,0,15.037,-143.111,-1.40662,-0.000,45.644,16.252,43.050,49.274,17.116,48.756,1488.084,2.406,-5.802,-1.40350,2.482,-5.800,-1.40680,2
57552,402524,10,3,3,0,0,0,1,5,0,0,15.037,-143.111,-1.40692,-0.000,45.644,16.252,43.050,49.274,17.116,48.756,1488.084,2.405,-5.802,-1.40380,2.483,-5.800,-1.40662,2
57567,402534,10,3,3,0,0,0,1,5,0,0,15.037,-143.111,-1.40702,-0.000,45.644,16.252,43.050,49.274,17.116,48.756,1488.084,2.405,-5.802,-1.40390,2.482,-5.800,-1.40692,2
57567,402544,10,3,3,0,0,0,1,5,0,0,14.962,-143.111,-1.40695,-0.000,45.644,16.252,43.050,49.274,17.116,48.756,1488.084,2.407,-5.877,-1.40383,2.482,-5.800,-1.40702,2
57582,402554,10,3,3,0,0,0,1,5,0,0,15.037,-143.111,-1.40680,-0.000,45.644,16.252,43.050,49.274,17.116,48.756,1488.084,2.405,-5.802,-1.40368,2.484,-5.876,-1.40695,2
57597,402564,10,3,3,0,0,0,1,5,0,0,15.037,-143.111,-1.40698,-0.000,45.644,16.252,43.050,49.274,17.116,48.756,1488.084,2.405,-5.802,-1.40386,2.482,-5.800,-1.40680,2
57597,402574,10,3,3,0,0,0,1,5,0,0,15.037,-143.111,-1.40695,-0.000,45.644,16.252,43.050,49.274,17.116,48.756,1488.084,2.405,-5.802,-1.40383,2.482,-5.800,-1.40698,2
57613,402584,10,3,3,0,0,0,1,5,0,0,15.037,-143.111,-1.40682,-0.000,45.644,16.252,43.050,49.274,17.116,48.756,1488.084,2.405,-5.802,-1.40370,2.482,-5.800,-1.40695,2
57628,402594,10,3,3,0,0,0,1,5,0,0,15.037,-143.111,-1.40688,-0.000,45.644,16.252,43.050,49.274,17.116,48.756,1488.084,2.405,-5.802,-1.40376,2.482,-5.800,-1.40682,2
57628,402604,10,3,3,0,0,0,1,5,0,0,15.037,-143.111,-1.40718,-0.000,45.644,16.252,43.050,49.274,17.116,48.756,1488.084,2.405,-5.802,-1.40406,2.482,-5.800,-1.40688,2
57644,402614,10,3,3,0,0,0,1,5,0,0,15.037,-143.111,-1.40703,-0.000,45.644,16.252,43.050,49.274,17.116,48.756,1488.084,2.405,-5.802,-1.40391,2.482,-5.801,-1.40718,2
57660,402624,10,3,3,0,0,0,1,5,0,0,15.037,-143.111,-1.40702,-0.000,45.644,16.252,43.050,49.274,17.116,48.756,1488.084,2.405,-5.802,-1.40390,2.482,-5.800,-1.40703,2
57660,402634,10,3,3,0,0,0,1,5,0,0,15.037,-143.111,-1.40714,-0.000,45.644,16.252,43.050,49.274,17.116,48.756,1488.084,2.405,-5.802,-1.40402,2.482,-5.800,-1.40702,2
57675,402644,10,3,3,0,0,0,1,5,0,0,15.037,-143.111,-1.40731,-0.000,45.644,16.252,43.050,49.274,17.116,48.756,1488.084,2.405,-5.802,-1.40419,2.482,-5.801,-1.40714,2
57691,402654,10,3,3,0,0,0,1,5,0,0,15.037,-143.111,-1.40732,-0.000,45.644,16.252,43.050,49.274,17.116,48.756,1488.084,2.405,-5.802,-1.40420,2.482,-5.801,-1.40731,2
57691,402664,10,3,3,0,0,0,1,5,0,0,15.037,-143.111,-1.40721,-0.000,45.644,16.252,43.050,49.274,17.116,48.756,1488.084,2.405,-5.802,-1.40409,2.482,-5.801,-1.40732,2
57706,402674,10,3,3,0,0,0,1,5,0,0,15.037,-143.111,-1.40708,-0.000,45.644,16.252,43.050,49.274,17.116,48.756,1488.084,2.405,-5.802,-1.40396,2.482,-5.801,-1.40721,2
57722,402684,10,3,3,0,0,0,1,5,0,0,15.037,-143.111,-1.40696,-0.000,45.644,16.252,43.050,49.274,17.116,48.756,1488.084,2.405,-5.802,-1.40384,2.482,-5.800,-1.40708,2
57722,402694,10,3,3,0,0,0,1,5,0,0,15.037,-143.111,-1.40689,-0.000,45.644,16.252,43.050,49.274,17.116,48.756,1488.084,2.405,-5.802,-1.40377,2.482,-5.800,-1.40696,2
57737,402704,10,3,3,0,0,0,1,5,0,0,15.037,-143.111,-1.40690,-0.000,45.644,16.252,43.050,49.274,17.116,48.756,1488.084,2.405,-5.802,-1.40378,2.482,-5.800,-1.40689,2
57737,402714,10,3,3,0,0,0,1,5,0,0,15.037,-143.111,-1.40708,-0.000,45.644,16.252,43.050,49.274,17.116,48.756,1488.084,2.405,-5.802,-1.40396,2.482,-5.800,-1.40690,2
57753,402724,10,3,3,0,0,0,1,5,0,0,15.037,-143.111,-1.40727,-0.000,45.644,16.252,43.050,49.274,17.116,48.756,1488.084,2.405,-5.802,-1.40415,2.482,-5.800,-1.40708,2
57769,402734,10,3,3,0,0,0,1,5,0,0,15.037,-143.111,-1.40718,-0.000,45.644,16.252,43.050,49.274,17.116,48.756,1488.084,2.405,-5.802,-1.40406,2.482,-5.801,-1.40727,2
57769,402744,10,3,3,0,0,0,1,5,0,0,15.037,-143.111,-1.40729,-0.000,45.644,16.252,43.050,49.274,17.116,48.756,1488.084,2.405,-5.802,-1.40417,2.482,-5.801,-1.40718,2
57784,402754,10,3,3,0,0,0,1,5,0,0,15.037,-143.111,-1.40722,-0.000,45.644,16.252,43.050,49.274,17.116,48.756,1488.084,2.405,-5.802,-1.40410,2.482,-5.801,-1.40729,2
57799,402764,10,3,3,0,0,0,1,5,0,0,15.037,-143.111,-1.40709,-0.000,45.644,16.252,43.050,49.274,17.116,48.756,1488.084,2.405,-5.802,-1.40397,2.482,-5.801,-1.40722,2
57799,402774,10,3,3,0,0,0,1,5,0,0,15.037,-143.111,-1.40712,-0.000,45.644,16.252,43.050,49.274,17.116,48.756,1488.084,2.405,-5.802,-1.40400,2.482,-5.800,-1.40709,2
57814,402784,10,3,3,0,0,0,1,5,0,0,15.037,-143.111,-1.40713,-0.000,45.644,16.252,43.050,49.274,17.116,48.756,1488.084,2.405,-5.802,-1.40401,2.482,-5.801,-1.40712,2
57830,402794,10,3,3,0,0,0,1,5,0,0,15.037,-143.111,-1.40718,-0.000,45.644,16.252,43.050,49.274,17.116,48.756,1488.084,2.405,-5.802,-1.40406,2.482,-5.801,-1.40713,2
57830,402804,10,3,3,0,0,0,1,5,0,0,15.037,-143.111,-1.40703,-0.000,45.644,16.252,43.050,49.274,17.116,48.756,1488.084,2.405,-5.802,-1.40391,2.482,-5.801,-1.40718,2
57845,402814,10,3,3,0,0,0,1,5,0,0,14.962,-143.111,-1.40698,-0.000,45.644,16.252,43.050,49.274,17.116,48.756,1488.084,2.407,-5.877,-1.40386,2.482,-5.800,-1.40703,2
57861,402824,10,3,3,0,0,0,1,5,0,0,15.037,-143.111,-1.40709,-0.000,45.644,16.252,43.050,49.274,17.116,48.756,1488.084,2.405,-5.802,-1.40397,2.484,-5.876,-1.40698,2
57861,402834,10,3,3,0,0,0,1,5,0,0,15.037,-143.111,-1.40698,-0.000,45.644,16.252,43.050,49.274,17.116,48.756,1488.084,2.405,-5.802,-1.40386,2.482,-5.800,-1.40709,2
57876,402844,10,3,3,0,0,0,1,5,0,0,15.037,-143.111,-1.40667,-0.000,45.644,16.252,43.050,49.274,17.116,48.756,1488.084,2.406,-5.802,-1.40355,2.482,-5.800,-1.40698,2
57891,402854,10,3,3,0,0,0,1,5,0,0,15.037,-143.111,-1.40658,-0.000,45.644,16.252,43.050,49.274,17.116,48.756,1488.084,2.406,-5.802,-1.40346,2.483,-5.800,-1.40667,2
57891,402864,10,3,3,0,0,0,1,5,0,0,15.037,-143.111,-1.40648,-0.000,45.644,16.252,43.050,49.274,17.116,48.756,1488.084,2.406,-5.802,-1.40336,2.483,-5.800,-1.40658,2
57906,402874,10,3,3,0,0,0,1,5,0,0,15.037,-143.111,-1.40643,-0.000,45.644,16.252,43.050,49.274,17.116,48.756,1488.084,2.406,-5.802,-1.40331,2.483,-5.800,-1.40648,2
57922,402884,10,3,3,0,0,0,1,5,0,0,15.037,-143.111,-1.40649,-0.000,45.644,16.252,43.050,49.274,17.116,48.756,1488.084,2.406,-5.802,-1.40337,2.483,-5.800,-1.40643,2
57922,402894,10,3,3,0,0,0,1,5,0,0,15.037,-143.111,-1.40666,-0.000,45.644,16.252,43.050,49.274,17.116,48.756,1488.084,2.406,-5.802,-1.40354,2.483,-5.800,-1.40649,2
57952,402904,10,3,3,0,0,0,1,5,0,0,15.037,-143.111,-1.40670,-0.000,45.644,16.252,43.050,49.274,17.116,48.756,1488.084,2.405,-5.802,-1.40358,2.483,-5.800,-1.40666,2
57952,402914,10,3,3,0,0,0,1,5,0,0,15.037,-143.111,-1.40673,-0.000,45.644,16.252,43.050,49.274,17.116,48.756,1488.084,2.405,-5.802,-1.40361,2.482,-5.800,-1.40670,2
57952,402924,10,3,3,0,0,0,1,5,0,0,15.037,-143.111,-1.40675,-0.000,45.644,16.252,43.050,49.274,17.116,48.756,1488.084,2.405,-5.802,-1.40363,2.482,-5.800,-1.40673,2
57983,402934,10,3,3,0,0,0,1,5,0,0,15.037,-143.111,-1.40673,-0.000,45.644,16.252,43.050,49.274,17.116,48.756,1488.084,2.405,-5.802,-1.40361,2.482,-5.800,-1.40675,2
57983,402944,10,3,3,0,0,0,1,5,0,0,15.037,-143.111,-1.40659,-0.000,45.644,16.252,43.050,49.274,17.116,48.756,1488.084,2.406,-5.802,-1.40347,2.482,-5.800,-1.40673,2
57983,402954,10,3,3,0,0,0,1,5,0,0,15.037,-143.111,-1.40655,-0.000,45.644,16.252,43.050,49.274,17.116,48.756,1488.084,2.406,-5.802,-1.40343,2.483,-5.800,-1.40659,2
58014,402964,10,3,3,0,0,0,1,5,0,0,15.037,-143.111,-1.40649,-0.000,45.644,16.252,43.050,49.274,17.116,48.756,1488.084,2.406,-5.802,-1.40337,2.483,-5.800,-1.40655,2
58014,402974,10,3,3,0,0,0,1,5,0,0,15.037,-143.111,-1.40664,-0.000,45.644,16.252,43.050,49.274,17.116,48.756,1488.084,2.406,-5.802,-1.40352,2.483,-5.800,-1.40649,2
58014,402984,10,3,3,0,0,0,1,5,0,0,15.037,-143.111,-1.40681,-0.000,45.644,16.252,43.050,49.274,17.116,48.756,1488.084,2.405,-5.802,-1.40369,2.483,-5.800,-1.40664,2
58030,402994,10,3,3,0,0,0,1,5,0,0,15.037,-143.111,-1.40704,-0.000,45.644,16.252,43.050,49.274,17.116,48.756,1488.084,2.405,-5.802,-1.40392,2.482,-5.800,-1.40681,2
58030,403004,10,3,3,0,0,0,1,5,0,0,15.037,-143.111,-1.40696,-0.000,45.644,16.252,43.050,49.274,17.116,48.756,1488.084,2.405,-5.802,-1.40384,2.482,-5.800,-1.40704,2
58044,403014,10,3,3,0,0,0,1,5,0,0,15.037,-143.111,-1.40696,-0.000,45.644,16.252,43.050,49.274,17.116,48.756,1488.084,2.405,-5.802,-1.40384,2.482,-5.800,-1.40696,2
58059,403024,10,3,3,0,0,0,1,5,0,0,15.037,-143.111,-1.40678,-0.000,45.644,16.252,43.050,49.274,17.116,48.756,1488.084,2.405,-5.802,-1.40366,2.482,-5.800,-1.40696,2
58059,403034,10,3,3,0,0,0,1,5,0,0,15.037,-143.111,-1.40660,-0.000,45.644,16.252,43.050,49.274,17.116,48.756,1488.084,2.406,-5.802,-1.40348,2.482,-5.800,-1.40678,2
58076,403044,10,3,3,0,0,0,1,5,0,0,15.037,-143.111,-1.40657,-0.000,45.644,16.252,43.050,49.274,17.116,48.756,1488.084,2.406,-5.802,-1.40345,2.483,-5.800,-1.40660,2
58091,403054,10,3,3,0,0,0,1,5,0,0,15.037,-143.111,-1.40638,-0.000,45.644,16.252,43.050,49.274,17.116,48.756,1488.084,2.406,-5.802,-1.40326,2.483,-5.800,-1.40657,2
58091,403064,10,3,3,0,0,0,1,5,0,0,15.037,-143.111,-1.40625,-0.000,45.644,16.252,43.050,49.274,17.116,48.756,1488.084,2.406,-5.802,-1.40313,2.483,-5.800,-1.40638,2
58106,403074,10,3,3,0,0,0,1,5,0,0,15.037,-143.111,-1.40621,-0.000,45.644,16.252,43.050,49.274,17.116,48.756,1488.084,2.406,-5.802,-1.40309,2.483,-5.800,-1.40625,2
58122,403084,10,3,3,0,0,0,1,5,0,0,15.037,-143.111,-1.40622,-0.000,45.644,16.252,43.050,49.274,17.116,48.756,1488.084,2.406,-5.802,-1.40310,2.483,-5.800,-1.40621,2
58122,403094,10,3,3,0,0,0,1,5,0,0,15.037,-143.111,-1.40630,-0.000,45.644,16.252,43.050,49.274,17.116,48.756,1488.084,2.406,-5.802,-1.40318,2.483,-5.800,-1.40622,2
58137,403104,10,3,3,0,0,0,1,5,0,0,15.037,-143.111,-1.40632,-0.000,45.644,16.252,43.050,49.274,17.116,48.756,1488.084,2.406,-5.802,-1.40320,2.483,-5.800,-1.40630,2
58137,403114,10,3,3,0,0,0,1,5,0,0,14.962,-143.111,-1.40652,-0.000,45.644,16.252,43.050,49.274,17.116,48.756,1488.084,2.408,-5.877,-1.40340,2.483,-5.800,-1.40632,2
58153,403124,10,3,3,0,0,0,1,5,0,0,15.037,-143.111,-1.40645,-0.000,45.644,16.252,43.050,49.274,17.116,48.756,1488.084,2.406,-5.802,-1.40333,2.485,-5.876,-1.40652,2
58168,403134,10,3,3,0,0,0,1,5,0,0,15.037,-143.111,-1.40642,-0.000,45.644,16.252,43.050,49.274,17.116,48.756,1488.084,2.406,-5.802,-1.40330,2.483,-5.800,-1.40645,2
58168,403144,10,3,3,0,0,0,1,5,0,0,15.037,-143.111,-1.40650,-0.000,45.644,16.252,43.050,49.274,17.116,48.756,1488.084,2.406,-5.802,-1.40338,2.483,-5.800,-1.40642,2
58184,403154,10,3,3,0,0,0,1,5,0,0,15.037,-143.111,-1.40665,-0.000,45.644,16.252,43.050,49.274,17.116,48.756,1488.084,2.406,-5.802,-1.40353,2.483,-5.800,-1.40650,2
58200,403164,10,3,3,0,0,0,1,5,0,0,15.037,-143.111,-1.40670,-0.000,45.644,16.252,43.050,49.274,17.116,48.756,1488.084,2.406,-5.802,-1.40358,2.483,-5.800,-1.40665,2
58200,403174,10,3,3,0,0,0,1,5,0,0,15.037,-143.111,-1.40663,-0.000,45.644,16.252,43.050,49.274,17.116,48.756,1488.084,2.406,-5.802,-1.40351,2.482,-5.800,-1.40670,2
58215,403184,10,3,3,0,0,0,1,5,0,0,15.037,-143.111,-1.40666,-0.000,45.644,16.252,43.050,49.274,17.116,48.756,1488.084,2.406,-5.802,-1.40354,2.483,-5.800,-1.40663,2
58231,403194,10,3,3,0,0,0,1,5,0,0,15.037,-143.111,-1.40652,-0.000,45.644,16.252,43.050,49.274,17.116,48.756,1488.084,2.406,-5.802,-1.40340,2.483,-5.800,-1.40666,2
58231,403204,10,3,3,0,0,0,1,5,0,0,15.037,-143.111,-1.40659,-0.000,45.644,16.252,43.050,49.274,17.116,48.756,1488.084,2.406,-5.802,-1.40347,2.483,-5.800,-1.40652,2
58247,403214,10,3,3,0,0,0,1,5,0,0,15.037,-143.111,-1.40650,-0.000,45.644,16.252,43.050,49.274,17.116,48.756,1488.084,2.406,-5.802,-1.40338,2.483,-5.800,-1.40659,2
58247,403224,10,3,3,0,0,0,1,5,0,0,15.037,-143.111,-1.40639,-0.000,45.644,16.252,43.050,49.274,17.116,48.756,1488.084,2.406,-5.802,-1.40327,2.483,-5.800,-1.40650,2
58262,403234,10,3,3,0,0,0,1,5,0,0,15.037,-143.111,-1.40633,-0.000,45.644,16.252,43.050,49.274,17.116,48.756,1488.084,2.406,-5.802,-1.40321,2.483,-5.800,-1.40639,2
58278,403244,10,3,3,0,0,0,1,5,0,0,15.037,-143.111,-1.40648,-0.000,45.644,16.252,43.050,49.274,17.116,48.756,1488.084,2.406,-5.802,-1.40336,2.483,-5.800,-1.40633,2
58278,403254,10,3,3,0,0,0,1,5,0,0,15.037,-143.111,-1.40656,-0.000,45.644,16.252,43.050,49.274,17.116,48.756,1488.084,2.406,-5.802,-1.40344,2.483,-5.800,-1.40648,2
58294,403264,10,3,3,0,0,0,1,5,0,0,15.037,-143.111,-1.40674,-0.000,45.644,16.252,43.050,49.274,17.116,48.756,1488.084,2.405,-5.802,-1.40362,2.483,-5.800,-1.40656,2
58310,403274,10,3,3,0,0,0,1,5,0,0,15.037,-143.111,-1.40671,-0.000,45.644,16.252,43.050,49.274,17.116,48.756,1488.084,2.405,-5.802,-1.40358,2.482,-5.800,-1.40674,2
58310,403284,10,3,3,0,0,0,1,5,0,0,15.037,-143.111,-1.40669,-0.000,45.644,16.252,43.050,49.274,17.116,48.756,1488.084,2.406,-5.802,-1.40357,2.482,-5.800,-1.40670,2
58325,403294,10,3,3,0,0,0,1,5,0,0,15.037,-143.111,-1.40664,-0.000,45.644,16.252,43.050,49.274,17.116,48.756,1488.084,2.406,-5.802,-1.40352,2.482,-5.800,-1.40669,2
58341,403304,10,3,3,0,0,0,1,5,0,0,15.037,-143.111,-1.40669,-0.000,45.644,16.252,43.050,49.274,17.116,48.756,1488.084,2.406,-5.802,-1.40356,2.483,-5.800,-1.40664,2
58341,403314,10,3,3,0,0,0,1,5,0,0,15.037,-143.111,-1.40669,-0.000,45.644,16.252,43.050,49.274,17.116,48.756,1488.084,2.406,-5.802,-1.40357,2.482,-5.800,-1.40669,2
58356,403324,10,3,3,0,0,0,1,5,0,0,15.037,-143.111,-1.40677,-0.000,45.644,16.252,43.050,49.274,17.116,48.756,1488.084,2.405,-5.802,-1.40365,2.482,-5.800,-1.40669,2
58372,403334,10,3,3,0,0,0,1,5,0,0,15.037,-143.111,-1.40684,-0.000,45.644,16.252,43.050,49.274,17.116,48.756,1488.084,2.405,-5.802,-1.40372,2.482,-5.800,-1.40677,2
58372,403344,10,3,3,0,0,0,1,5,0,0,15.037,-143.111,-1.40676,-0.000,45.644,16.252,43.050,49.274,17.116,48.756,1488.084,2.405,-5.802,-1.40364,2.482,-5.800,-1.40684,2
58387,403354,10,3,3,0,0,0,1,5,0,0,15.037,-143.111,-1.40678,-0.000,45.644,16.252,43.050,49.274,17.116,48.756,1488.084,2.405,-5.802,-1.40366,2.482,-5.800,-1.40676,2
58387,403364,10,3,3,0,0,0,1,5,0,0,15.037,-143.111,-1.40685,-0.000,45.644,16.252,43.050,49.274,17.116,48.756,1488.084,2.405,-5.802,-1.40373,2.482,-5.800,-1.40678,2
58403,403374,10,3,3,0,0,0,1,5,0,0,15.037,-143.111,-1.40688,-0.000,45.644,16.252,43.050,49.274,17.116,48.756,1488.084,2.405,-5.802,-1.40376,2.482,-5.800,-1.40685,2
58419,403384,10,3,3,0,0,0,1,5,0,0,15.037,-143.111,-1.40681,-0.000,45.644,16.252,43.050,49.274,17.116,48.756,1488.084,2.405,-5.802,-1.40369,2.482,-5.800,-1.40688,2
58419,403394,10,3,3,0,0,0,1,5,0,0,15.037,-143.111,-1.40684,-0.000,45.644,16.252,43.050,49.274,17.116,48.756,1488.084,2.405,-5.802,-1.40372,2.482,-5.800,-1.40681,2
58434,403404,10,3,3,0,0,0,1,5,0,0,15.037,-143.111,-1.40690,-0.000,45.644,16.252,43.050,49.274,17.116,48.756,1488.084,2.405,-5.802,-1.40378,2.482,-5.800,-1.40684,2
58450,403414,10,3,3,0,0,0,1,5,0,0,15.037,-143.111,-1.40665,-0.000,45.644,16.252,43.050,49.274,17.116,48.756,1488.084,2.406,-5.802,-1.40352,2.482,-5.800,-1.40690,2
58450,403424,10,3,3,0,0,0,1,5,0,0,15.037,-143.111,-1.40641,-0.000,45.644,16.252,43.050,49.274,17.116,48.756,1488.084,2.406,-5.802,-1.40329,2.483,-5.800,-1.40664,2
58465,403434,10,3,3,0,0,0,1,5,0,0,15.037,-143.111,-1.40632,-0.000,45.644,16.252,43.050,49.274,17.116,48.756,1488.084,2.406,-5.802,-1.40320,2.483,-5.800,-1.40641,2
58480,403444,10,3,3,0,0,0,1,5,0,0,15.037,-143.111,-1.40641,-0.000,45.644,16.252,43.050,49.274,17.116,48.756,1488.084,2.406,-5.802,-1.40329,2.483,-5.800,-1.40632,2
58480,403454,10,3,3,0,0,0,1,5,0,0,15.037,-143.111,-1.40667,-0.000,45.644,16.252,43.050,49.274,17.116,48.756,1488.084,2.406,-5.802,-1.40355,2.483,-5.800,-1.40641,2
58495,403464,10,3,3,0,0,0,1,5,0,0,15.037,-143.111,-1.40660,-0.000,45.644,16.252,43.050,49.274,17.116,48.756,1488.084,2.406,-5.802,-1.40348,2.483,-5.800,-1.40667,2
58511,403474,10,3,3,0,0,0,1,5,0,0,15.037,-143.111,-1.40632,-0.000,45.644,16.252,43.050,49.274,17.116,48.756,1488.084,2.406,-5.802,-1.40320,2.483,-5.800,-1.40660,2
58511,403484,10,3,3,0,0,0,1,5,0,0,15.037,-143.111,-1.40619,-0.000,45.644,16.252,43.050,49.274,17.116,48.756,1488.084,2.406,-5.802,-1.40307,2.483,-5.800,-1.40632,2
58527,403494,10,3,3,0,0,0,1,5,0,0,15.037,-143.111,-1.40605,-0.000,45.644,16.252,43.050,49.274,17.116,48.756,1488.084,2.406,-5.802,-1.40293,2.483,-5.800,-1.40619,2
58527,403504,10,3,3,0,0,0,1,5,0,0,15.037,-143.111,-1.40600,-0.000,45.644,16.252,43.050,49.274,17.116,48.756,1488.084,2.406,-5.802,-1.40288,2.483,-5.800,-1.40605,2
58542,403514,10,3,3,0,0,0,1,5,0,0,15.037,-143.111,-1.40606,-0.000,45.644,16.252,43.050,49.274,17.116,48.756,1488.084,2.406,-5.802,-1.40294,2.483,-5.800,-1.40600,2
58558,403524,10,3,3,0,0,0,1,5,0,0,15.037,-143.111,-1.40619,-0.000,45.644,16.252,43.050,49.274,17.116,48.756,1488.084,2.406,-5.802,-1.40307,2.483,-5.800,-1.40606,2
58558,403534,10,3,3,0,0,0,1,5,0,0,15.037,-143.111,-1.40609,-0.000,45.644,16.252,43.050,49.274,17.116,48.756,1488.084,2.406,-5.802,-1.40297,2.483,-5.800,-1.40619,2
58574,403544,10,3,3,0,0,0,1,5,0,0,15.037,-143.111,-1.40636,-0.000,45.644,16.252,43.050,49.274,17.116,48.756,1488.084,2.406,-5.802,-1.40324,2.483,-5.800,-1.40609,2
58589,403554,10,3,3,0,0,0,1,5,0,0,15.037,-143.111,-1.40661,-0.000,45.644,16.252,43.050,49.274,17.116,48.756,1488.084,2.406,-5.802,-1.40349,2.483,-5.800,-1.40636,2
58589,403564,10,3,3,0,0,0,1,5,0,0,15.037,-143.111,-1.40680,-0.000,45.644,16.252,43.050,49.274,17.116,48.756,1488.084,2.405,-5.802,-1.40368,2.483,-5.800,-1.40661,2
58604,403574,10,3,3,0,0,0,1,5,0,0,15.037,-143.111,-1.40659,-0.000,45.644,16.252,43.050,49.274,17.116,48.756,1488.084,2.406,-5.802,-1.40347,2.482,-5.800,-1.40680,2
58620,403584,10,3,3,0,0,0,1,5,0,0,15.037,-143.111,-1.40655,-0.000,45.644,16.252,43.050,49.274,17.116,48.756,1488.084,2.406,-5.802,-1.40343,2.483,-5.800,-1.40659,2
58620,403594,10,3,3,0,0,0,1,5,0,0,15.037,-143.111,-1.40668,-0.000,45.644,16.252,43.050,49.274,17.116,48.756,1488.084,2.406,-5.802,-1.40356,2.483,-5.800,-1.40655,2
58635,403604,10,3,3,0,0,0,1,5,0,0,15.037,-143.111,-1.40670,-0.000,45.644,16.252,43.050,49.274,17.116,48.756,1488.084,2.406,-5.802,-1.40357,2.482,-5.800,-1.40668,2
58650,403614,10,3,3,0,0,0,1,5,0,0,15.037,-143.111,-1.40671,-0.000,45.644,16.252,43.050,49.274,17.116,48.756,1488.084,2.405,-5.802,-1.40359,2.482,-5.800,-1.40670,2
58650,403624,10,3,3,0,0,0,1,5,0,0,15.037,-143.111,-1.40673,-0.000,45.644,16.252,43.050,49.274,17.116,48.756,1488.084,2.405,-5.802,-1.40361,2.482,-5.800,-1.40671,2
58666,403634,10,3,3,0,0,0,1,5,0,0,15.037,-143.111,-1.40699,-0.000,45.644,16.252,43.050,49.274,17.116,48.756,1488.084,2.405,-5.802,-1.40387,2.482,-5.800,-1.40673,2
58682,403644,10,3,3,0,0,0,1,5,0,0,15.037,-143.111,-1.40701,-0.000,45.644,16.252,43.050,49.274,17.116,48.756,1488.084,2.405,-5.802,-1.40389,2.482,-5.800,-1.40699,2
58682,403654,10,3,3,0,0,0,1,5,0,0,15.037,-143.111,-1.40714,-0.000,45.644,16.252,43.050,49.274,17.116,48.756,1488.084,2.405,-5.802,-1.40402,2.482,-5.800,-1.40701,2
58697,403664,10,3,3,0,0,0,1,5,0,0,15.037,-143.111,-1.40720,-0.000,45.644,16.252,43.050,49.274,17.116,48.756,1488.084,2.405,-5.802,-1.40408,2.482,-5.801,-1.40714,2
58697,403674,10,3,3,0,0,0,1,5,0,0,15.037,-143.111,-1.40712,-0.000,45.644,16.252,43.050,49.274,17.116,48.756,1488.084,2.405,-5.802,-1.40400,2.482,-5.801,-1.40720,2
58712,403684,10,3,3,0,0,0,1,5,0,0,15.037,-143.111,-1.40685,-0.000,45.644,16.252,43.050,49.274,17.116,48.756,1488.084,2.405,-5.802,-1.40373,2.482,-5.801,-1.40712,2
58728,403694,10,3,3,0,0,0,1,5,0,0,15.037,-143.111,-1.40698,-0.000,45.644,16.252,43.050,49.274,17.116,48.756,1488.084,2.405,-5.802,-1.40385,2.482,-5.800,-1.40685,2
58728,403704,10,3,3,0,0,0,1,5,0,0,15.037,-143.111,-1.40687,-0.000,45.644,16.252,43.050,49.274,17.116,48.756,1488.084,2.405,-5.802,-1.40375,2.482,-5.800,-1.40698,2
58743,403714,10,3,3,0,0,0,1,5,0,0,15.037,-143.111,-1.40672,-0.000,45.644,16.252,43.050,49.274,17.116,48.756,1488.084,2.405,-5.802,-1.40360,2.482,-5.800,-1.40687,2
58759,403724,10,3,3,0,0,0,1,5,0,0,15.037,-143.111,-1.40667,-0.000,45.644,16.252,43.050,49.274,17.116,48.756,1488.084,2.406,-5.802,-1.40355,2.482,-5.800,-1.40672,2
58759,403734,10,3,3,0,0,0,1,5,0,0,15.037,-143.111,-1.40653,-0.000,45.644,16.252,43.050,49.274,17.116,48.756,1488.084,2.406,-5.802,-1.40341,2.483,-5.800,-1.40667,2
58774,403744,10,3,3,0,0,0,1,5,0,0,14.962,-143.111,-1.40625,-0.000,45.644,16.252,43.050,49.274,17.116,48.756,1488.084,2.408,-5.877,-1.40313,2.483,-5.800,-1.40653,2
58790,403754,10,3,3,0,0,0,1,5,0,0,15.037,-143.111,-1.40623,-0.000,45.644,16.252,43.050,49.274,17.116,48.756,1488.084,2.406,-5.802,-1.40311,2.485,-5.876,-1.40625,2
58790,403764,10,3,3,0,0,0,1,5,0,0,15.037,-143.111,-1.40629,-0.000,45.644,16.252,43.050,49.274,17.116,48.756,1488.084,2.406,-5.802,-1.40317,2.483,-5.800,-1.40623,2
58805,403774,10,3,3,0,0,0,1,5,0,0,15.037,-143.111,-1.40618,-0.000,45.644,16.252,43.050,49.274,17.116,48.756,1488.084,2.406,-5.802,-1.40306,2.483,-5.800,-1.40629,2
58820,403784,10,3,3,0,0,0,1,5,0,0,15.037,-143.111,-1.40619,-0.000,45.644,16.252,43.050,49.274,17.116,48.756,1488.084,2.406,-5.802,-1.40307,2.483,-5.800,-1.40618,2
58820,403794,10,3,3,0,0,0,1,5,0,0,15.037,-143.111,-1.40624,-0.000,45.644,16.252,43.050,49.274,17.116,48.756,1488.084,2.406,-5.802,-1.40312,2.483,-5.800,-1.40619,2
58836,403804,10,3,3,0,0,0,1,5,0,0,15.037,-143.111,-1.40614,-0.000,45.644,16.252,43.050,49.274,17.116,48.756,1488.084,2.406,-5.802,-1.40302,2.483,-5.800,-1.40624,2
58852,403814,10,3,3,0,0,0,1,5,0,0,15.037,-143.111,-1.40609,-0.000,45.644,16.252,43.050,49.274,17.116,48.756,1488.084,2.406,-5.802,-1.40297,2.483,-5.800,-1.40614,2
58852,403824,10,3,3,0,0,0,1,5,0,0,15.037,-143.111,-1.40622,-0.000,45.644,16.252,43.050,49.274,17.116,48.756,1488.084,2.406,-5.802,-1.40310,2.483,-5.800,-1.40609,2
58867,403834,10,3,3,0,0,0,1,5,0,0,15.037,-143.111,-1.40621,-0.000,45.644,16.252,43.050,49.274,17.116,48.756,1488.084,2.406,-5.802,-1.40309,2.483,-5.800,-1.40622,2
58867,403844,10,3,3,0,0,0,1,5,0,0,15.037,-143.111,-1.40616,-0.000,45.644,16.252,43.050,49.274,17.116,48.756,1488.084,2.406,-5.802,-1.40304,2.483,-5.800,-1.40621,2
58882,403854,10,3,3,0,0,0,1,5,0,0,15.037,-143.111,-1.40622,-0.000,45.644,16.252,43.050,49.274,17.116,48.756,1488.084,2.406,-5.802,-1.40310,2.483,-5.800,-1.40616,2
58898,403864,10,3,3,0,0,0,1,5,0,0,14.962,-143.111,-1.40652,-0.000,45.644,16.252,43.050,49.274,17.116,48.756,1488.084,2.408,-5.877,-1.40340,2.483,-5.800,-1.40622,2
58898,403874,10,3,3,0,0,0,1,5,0,0,15.037,-143.111,-1.40656,-0.000,45.644,16.252,43.050,49.274,17.116,48.756,1488.084,2.406,-5.802,-1.40344,2.485,-5.876,-1.40652,2
58913,403884,10,3,3,0,0,0,1,5,0,0,15.037,-143.111,-1.40647,-0.000,45.644,16.252,43.050,49.274,17.116,48.756,1488.084,2.406,-5.802,-1.40335,2.483,-5.800,-1.40656,2
58929,403894,10,3,3,0,0,0,1,5,0,0,15.037,-143.111,-1.40657,-0.000,45.644,16.252,43.050,49.274,17.116,48.756,1488.084,2.406,-5.802,-1.40345,2.483,-5.800,-1.40647,2
58929,403904,10,3,3,0,0,0,1,5,0,0,15.037,-143.111,-1.40651,-0.000,45.644,16.252,43.050,49.274,17.116,48.756,1488.084,2.406,-5.802,-1.40339,2.483,-5.800,-1.40657,2
58951,403914,10,3,3,0,0,0,1,5,0,0,15.037,-143.111,-1.40677,-0.000,45.644,16.252,43.050,49.274,17.116,48.756,1488.084,2.405,-5.802,-1.40364,2.483,-5.800,-1.40651,2
58951,403924,10,3,3,0,0,0,1,5,0,0,15.037,-143.111,-1.40686,-0.000,45.644,16.252,43.050,49.274,17.116,48.756,1488.084,2.405,-5.802,-1.40374,2.482,-5.800,-1.40676,2
58976,403934,10,3,3,0,0,0,1,5,0,0,14.962,-143.111,-1.40685,-0.000,45.644,16.252,43.050,49.274,17.116,48.756,1488.084,2.407,-5.877,-1.40373,2.482,-5.800,-1.40686,2
58976,403944,10,3,3,0,0,0,1,5,0,0,15.037,-143.111,-1.40653,-0.000,45.644,16.252,43.050,49.274,17.116,48.756,1488.084,2.406,-5.802,-1.40341,2.484,-5.876,-1.40685,2
58992,403954,10,3,3,0,0,0,1,5,0,0,14.962,-143.111,-1.40639,-0.000,45.644,16.252,43.050,49.274,17.116,48.756,1488.084,2.408,-5.877,-1.40327,2.483,-5.800,-1.40653,2
58992,403964,10,3,3,0,0,0,1,5,0,0,15.037,-143.111,-1.40636,-0.000,45.644,16.252,43.050,49.274,17.116,48.756,1488.084,2.406,-5.802,-1.40324,2.485,-5.876,-1.40639,2
59008,403974,10,3,3,0,0,0,1,5,0,0,15.037,-143.111,-1.40643,-0.000,45.644,16.252,43.050,49.274,17.116,48.756,1488.084,2.406,-5.802,-1.40331,2.483,-5.800,-1.40636,2
59008,403984,10,3,3,0,0,0,1,5,0,0,15.037,-143.111,-1.40638,-0.000,45.644,16.252,43.050,49.274,17.116,48.756,1488.084,2.406,-5.802,-1.40326,2.483,-5.800,-1.40643,2
59023,403994,10,3,3,0,0,0,1,5,0,0,15.037,-143.111,-1.40667,-0.000,45.644,16.252,43.050,49.274,17.116,48.756,1488.084,2.406,-5.802,-1.40355,2.483,-5.800,-1.40638,2
59039,404004,10,3,3,0,0,0,1,5,0,0,15.037,-143.111,-1.40673,-0.000,45.644,16.252,43.050,49.274,17.116,48.756,1488.084,2.405,-5.802,-1.40361,2.483,-5.800,-1.40667,2
59039,404014,10,3,3,0,0,0,1,5,0,0,15.037,-143.111,-1.40662,-0.000,45.644,16.252,43.050,49.274,17.116,48.756,1488.084,2.406,-5.802,-1.40350,2.482,-5.800,-1.40673,2
59055,404024,10,3,3,0,0,0,1,5,0,0,15.037,-143.111,-1.40653,-0.000,45.644,16.252,43.050,49.274,17.116,48.756,1488.084,2.406,-5.802,-1.40341,2.483,-5.800,-1.40662,2
59071,404034,10,3,3,0,0,0,1,5,0,0,15.037,-143.111,-1.40665,-0.000,45.644,16.252,43.050,49.274,17.116,48.756,1488.084,2.406,-5.802,-1.40353,2.483,-5.800,-1.40653,2
59071,404044,10,3,3,0,0,0,1,5,0,0,15.037,-143.111,-1.40666,-0.000,45.644,16.252,43.050,49.274,17.116,48.756,1488.084,2.406,-5.802,-1.40354,2.483,-5.800,-1.40665,2
59086,404054,10,3,3,0,0,0,1,5,0,0,15.037,-143.111,-1.40684,-0.000,45.644,16.252,43.050,49.274,17.116,48.756,1488.084,2.405,-5.802,-1.40372,2.483,-5.800,-1.40666,2
59102,404064,10,3,3,0,0,0,1,5,0,0,14.962,-143.111,-1.40676,-0.000,45.644,16.252,43.050,49.274,17.116,48.756,1488.084,2.407,-5.877,-1.40364,2.482,-5.800,-1.40684,2
59102,404074,10,3,3,0,0,0,1,5,0,0,15.037,-143.111,-1.40669,-0.000,45.644,16.252,43.050,49.274,17.116,48.756,1488.084,2.406,-5.802,-1.40357,2.484,-5.876,-1.40676,2
59117,404084,10,3,3,0,0,0,1,5,0,0,15.037,-143.111,-1.40692,-0.000,45.644,16.252,43.050,49.274,17.116,48.756,1488.084,2.405,-5.802,-1.40380,2.482,-5.800,-1.40669,2
59117,404094,10,3,3,0,0,0,1,5,0,0,15.037,-143.111,-1.40699,-0.000,45.644,16.252,43.050,49.274,17.116,48.756,1488.084,2.405,-5.802,-1.40387,2.482,-5.800,-1.40692,2
59133,404104,10,3,3,0,0,0,1,5,0,0,15.037,-143.111,-1.40709,-0.000,45.644,16.252,43.050,49.274,17.116,48.756,1488.084,2.405,-5.802,-1.40397,2.482,-5.800,-1.40699,2
59149,404114,10,3,3,0,0,0,1,5,0,0,15.037,-143.111,-1.40688,-0.000,45.644,16.252,43.050,49.274,17.116,48.756,1488.084,2.405,-5.802,-1.40376,2.482,-5.800,-1.40709,2
59149,404124,10,3,3,0,0,0,1,5,0,0,15.037,-143.111,-1.40703,-0.000,45.644,16.252,43.050,49.274,17.116,48.756,1488.084,2.405,-5.802,-1.40391,2.482,-5.800,-1.40688,2
59164,404134,10,3,3,0,0,0,1,5,0,0,15.037,-143.111,-1.40673,-0.000,45.644,16.252,43.050,49.274,17.116,48.756,1488.084,2.405,-5.802,-1.40361,2.482,-5.800,-1.40703,2
59180,404144,10,3,3,0,0,0,1,5,0,0,15.037,-143.111,-1.40656,-0.000,45.644,16.252,43.050,49.274,17.116,48.756,1488.084,2.406,-5.802,-1.40344,2.482,-5.800,-1.40673,2
59180,404154,10,3,3,0,0,0,1,5,0,0,15.037,-143.111,-1.40669,-0.000,45.644,16.252,43.050,49.274,17.116,48.756,1488.084,2.406,-5.802,-1.40357,2.483,-5.800,-1.40656,2
59196,404164,10,3,3,0,0,0,1,5,0,0,15.037,-143.111,-1.40680,-0.000,45.644,16.252,43.050,49.274,17.116,48.756,1488.084,2.405,-5.802,-1.40368,2.482,-5.800,-1.40669,2
59211,404174,10,3,3,0,0,0,1,5,0,0,15.037,-143.111,-1.40684,-0.000,45.644,16.252,43.050,49.274,17.116,48.756,1488.084,2.405,-5.802,-1.40372,2.482,-5.800,-1.40680,2
59211,404184,10,3,3,0,0,0,1,5,0,0,15.037,-143.111,-1.40682,-0.000,45.644,16.252,43.050,49.274,17.116,48.756,1488.084,2.405,-5.802,-1.40370,2.482,-5.800,-1.40684,2
59227,404194,10,3,3,0,0,0,1,5,0,0,15.037,-143.111,-1.40669,-0.000,45.644,16.252,43.050,49.274,17.116,48.756,1488.084,2.406,-5.802,-1.40357,2.482,-5.800,-1.40682,2
59227,404204,10,3,3,0,0,0,1,5,0,0,15.037,-143.111,-1.40624,-0.000,45.644,16.252,43.050,49.274,17.116,48.756,1488.084,2.406,-5.802,-1.40312,2.482,-5.800,-1.40669,2
59242,404214,10,3,3,0,0,0,1,5,0,0,15.037,-143.111,-1.40626,-0.000,45.644,16.252,43.050,49.274,17.116,48.756,1488.084,2.406,-5.802,-1.40314,2.483,-5.800,-1.40624,2
59257,404224,10,3,3,0,0,0,1,5,0,0,15.037,-143.111,-1.40622,-0.000,45.644,16.252,43.050,49.274,17.116,48.756,1488.084,2.406,-5.802,-1.40310,2.483,-5.800,-1.40626,2
59257,404234,10,3,3,0,0,0,1,5,0,0,15.037,-143.111,-1.40619,-0.000,45.644,16.252,43.050,49.274,17.116,48.756,1488.084,2.406,-5.802,-1.40307,2.483,-5.800,-1.40622,2
59273,404244,10,3,3,0,0,0,1,5,0,0,15.037,-143.111,-1.40615,-0.000,45.644,16.252,43.050,49.274,17.116,48.756,1488.084,2.406,-5.802,-1.40303,2.483,-5.800,-1.40619,2
59288,404254,10,3,3,0,0,0,1,5,0,0,15.037,-143.111,-1.40604,-0.000,45.644,16.252,43.050,49.274,17.116,48.756,1488.084,2.406,-5.802,-1.40292,2.483,-5.800,-1.40615,2
59288,404264,10,3,3,0,0,0,1,5,0,0,15.037,-143.111,-1.40625,-0.000,45.644,16.252,43.050,49.274,17.116,48.756,1488.084,2.406,-5.802,-1.40312,2.483,-5.800,-1.40604,2
59304,404274,10,3,3,0,0,0,1,5,0,0,15.037,-143.111,-1.40621,-0.000,45.644,16.252,43.050,49.274,17.116,48.756,1488.084,2.406,-5.802,-1.40309,2.483,-5.800,-1.40625,2
59321,404284,10,3,3,0,0,0,1,5,0,0,15.037,-143.111,-1.40615,-0.000,45.644,16.252,43.050,49.274,17.116,48.756,1488.084,2.406,-5.802,-1.40303,2.483,-5.800,-1.40621,2
59321,404294,10,3,3,0,0,0,1,5,0,0,15.037,-143.111,-1.40626,-0.000,45.644,16.252,43.050,49.274,17.116,48.756,1488.084,2.406,-5.802,-1.40314,2.483,-5.800,-1.40615,2
59336,404304,10,3,3,0,0,0,1,5,0,0,15.037,-143.111,-1.40638,-0.000,45.644,16.252,43.050,49.274,17.116,48.756,1488.084,2.406,-5.802,-1.40326,2.483,-5.800,-1.40626,2
59352,404314,10,3,3,0,0,0,1,5,0,0,15.037,-143.111,-1.40630,-0.000,45.644,16.252,43.050,49.274,17.116,48.756,1488.084,2.406,-5.802,-1.40318,2.483,-5.800,-1.40638,2
59352,404324,10,3,3,0,0,0,1,5,0,0,15.037,-143.111,-1.40642,-0.000,45.644,16.252,43.050,49.274,17.116,48.756,1488.084,2.406,-5.802,-1.40330,2.483,-5.800,-1.40630,2
59367,404334,10,3,3,0,0,0,1,5,0,0,15.037,-143.111,-1.40643,-0.000,45.644,16.252,43.050,49.274,17.116,48.756,1488.084,2.406,-5.802,-1.40331,2.483,-5.800,-1.40642,2
59367,404344,10,3,3,0,0,0,1,5,0,0,15.037,-143.111,-1.40673,-0.000,45.644,16.252,43.050,49.274,17.116,48.756,1488.084,2.405,-5.802,-1.40361,2.483,-5.800,-1.40643,2
59382,404354,10,3,3,0,0,0,1,5,0,0,15.037,-143.111,-1.40673,-0.000,45.644,16.252,43.050,49.274,17.116,48.756,1488.084,2.405,-5.802,-1.40361,2.482,-5.800,-1.40673,2
59397,404364,10,3,3,0,0,0,1,5,0,0,15.037,-143.111,-1.40687,-0.000,45.644,16.252,43.050,49.274,17.116,48.756,1488.084,2.405,-5.802,-1.40375,2.482,-5.800,-1.40673,2
59397,404374,10,3,3,0,0,0,1,5,0,0,15.037,-143.111,-1.40700,-0.000,45.644,16.252,43.050,49.274,17.116,48.756,1488.084,2.405,-5.802,-1.40388,2.482,-5.800,-1.40687,2
59413,404384,10,3,3,0,0,0,1,5,0,0,15.037,-143.111,-1.40714,-0.000,45.644,16.252,43.050,49.274,17.116,48.756,1488.084,2.405,-5.802,-1.40402,2.482,-5.800,-1.40700,2
59429,404394,10,3,3,0,0,0,1,5,0,0,15.037,-143.111,-1.40713,-0.000,45.644,16.252,43.050,49.274,17.116,48.756,1488.084,2.405,-5.802,-1.40401,2.482,-5.801,-1.40714,2
59429,404404,10,3,3,0,0,0,1,5,0,0,15.037,-143.111,-1.40695,-0.000,45.644,16.252,43.050,49.274,17.116,48.756,1488.084,2.405,-5.802,-1.40383,2.482,-5.801,-1.40713,2
59444,404414,10,3,3,0,0,0,1,5,0,0,15.037,-143.111,-1.40692,-0.000,45.644,16.252,43.050,49.274,17.116,48.756,1488.084,2.405,-5.802,-1.40380,2.482,-5.800,-1.40695,2
59460,404424,10,3,3,0,0,0,1,5,0,0,15.037,-143.111,-1.40699,-0.000,45.644,16.252,43.050,49.274,17.116,48.756,1488.084,2.405,-5.802,-1.40387,2.482,-5.800,-1.40692,2
59460,404434,10,3,3,0,0,0,1,5,0,0,15.037,-143.111,-1.40722,-0.000,45.644,16.252,43.050,49.274,17.116,48.756,1488.084,2.405,-5.802,-1.40410,2.482,-5.800,-1.40699,2
59475,404444,10,3,3,0,0,0,1,5,0,0,15.037,-143.111,-1.40705,-0.000,45.644,16.252,43.050,49.274,17.116,48.756,1488.084,2.405,-5.802,-1.40393,2.482,-5.801,-1.40722,2
59491,404454,10,3,3,0,0,0,1,5,0,0,15.037,-143.111,-1.40704,-0.000,45.644,16.252,43.050,49.274,17.116,48.756,1488.084,2.405,-5.802,-1.40392,2.482,-5.800,-1.40705,2
59491,404464,10,3,3,0,0,0,1,5,0,0,15.037,-143.111,-1.40691,-0.000,45.644,16.252,43.050,49.274,17.116,48.756,1488.084,2.405,-5.802,-1.40379,2.482,-5.800,-1.40704,2
59507,404474,10,3,3,0,0,0,1,5,0,0,15.037,-143.111,-1.40687,-0.000,45.644,16.252,43.050,49.274,17.116,48.756,1488.084,2.405,-5.802,-1.40375,2.482,-5.800,-1.40691,2
59522,404484,10,3,3,0,0,0,1,5,0,0,15.037,-143.111,-1.40685,-0.000,45.644,16.252,43.050,49.274,17.116,48.756,1488.084,2.405,-5.802,-1.40373,2.482,-5.800,-1.40687,2
59522,404494,10,3,3,0,0,0,1,5,0,0,15.037,-143.111,-1.40696,-0.000,45.644,16.252,43.050,49.274,17.116,48.756,1488.084,2.405,-5.802,-1.40384,2.482,-5.800,-1.40685,2
59537,404504,10,3,3,0,0,0,1,5,0,0,15.037,-143.111,-1.40720,-0.000,45.644,16.252,43.050,49.274,17.116,48.756,1488.084,2.405,-5.802,-1.40408,2.482,-5.800,-1.40696,2
59537,404514,10,3,3,0,0,0,1,5,0,0,15.037,-143.111,-1.40708,-0.000,45.644,16.252,43.050,49.274,17.116,48.756,1488.084,2.405,-5.802,-1.40396,2.482,-5.801,-1.40720,2
59554,404524,10,3,3,0,0,0,1,5,0,0,15.037,-143.111,-1.40717,-0.000,45.644,16.252,43.050,49.274,17.116,48.756,1488.084,2.405,-5.802,-1.40405,2.482,-5.800,-1.40708,2
59569,404534,10,3,3,0,0,0,1,5,0,0,15.037,-143.111,-1.40712,-0.000,45.644,16.252,43.050,49.274,17.116,48.756,1488.084,2.405,-5.802,-1.40400,2.482,-5.801,-1.40717,2
59569,404544,10,3,3,0,0,0,1,5,0,0,15.037,-143.111,-1.40685,-0.000,45.644,16.252,43.050,49.274,17.116,48.756,1488.084,2.405,-5.802,-1.40373,2.482,-5.801,-1.40712,2
59585,404554,10,3,3,0,0,0,1,5,0,0,15.037,-143.111,-1.40679,-0.000,45.644,16.252,43.050,49.274,17.116,48.756,1488.084,2.405,-5.802,-1.40367,2.482,-5.800,-1.40685,2
59600,404564,10,3,3,0,0,0,1,5,0,0,15.037,-143.111,-1.40668,-0.000,45.644,16.252,43.050,49.274,17.116,48.756,1488.084,2.406,-5.802,-1.40355,2.482,-5.800,-1.40679,2
59600,404574,10,3,3,0,0,0,1,5,0,0,15.037,-143.111,-1.40675,-0.000,45.644,16.252,43.050,49.274,17.116,48.756,1488.084,2.405,-5.802,-1.40363,2.483,-5.800,-1.40667,2
59615,404584,10,3,3,0,0,0,1,5,0,0,15.037,-143.111,-1.40669,-0.000,45.644,16.252,43.050,49.274,17.116,48.756,1488.084,2.406,-5.802,-1.40357,2.482,-5.800,-1.40675,2
59631,404594,10,3,3,0,0,0,1,5,0,0,15.037,-143.111,-1.40657,-0.000,45.644,16.252,43.050,49.274,17.116,48.756,1488.084,2.406,-5.802,-1.40345,2.482,-5.800,-1.40669,2
59631,404604,10,3,3,0,0,0,1,5,0,0,15.037,-143.111,-1.40675,-0.000,45.644,16.252,43.050,49.274,17.116,48.756,1488.084,2.405,-5.802,-1.40363,2.483,-5.800,-1.40657,2
59647,404614,10,3,3,0,0,0,1,5,0,0,15.037,-143.111,-1.40677,-0.000,45.644,16.252,43.050,49.274,17.116,48.756,1488.084,2.405,-5.802,-1.40365,2.482,-5.800,-1.40675,2
59647,404624,10,3,3,0,0,0,1,5,0,0,14.962,-143.111,-1.40668,-0.000,45.644,16.252,43.050,49.274,17.116,48.756,1488.084,2.407,-5.877,-1.40356,2.482,-5.800,-1.40677,2
59663,404634,10,3,3,0,0,0,1,5,0,0,15.037,-143.111,-1.40680,-0.000,45.644,16.252,43.050,49.274,17.116,48.756,1488.084,2.405,-5.802,-1.40368,2.484,-5.876,-1.40668,2
59678,404644,10,3,3,0,0,0,1,5,0,0,15.037,-143.111,-1.40683,-0.000,45.644,16.252,43.050,49.274,17.116,48.756,1488.084,2.405,-5.802,-1.40371,2.482,-5.800,-1.40680,2
59678,404654,10,3,3,0,0,0,1,5,0,0,14.962,-143.111,-1.40662,-0.000,45.644,16.252,43.050,49.274,17.116,48.756,1488.084,2.407,-5.877,-1.40350,2.482,-5.800,-1.40683,2
59693,404664,10,3,3,0,0,0,1,5,0,0,15.037,-143.111,-1.40640,-0.000,45.644,16.252,43.050,49.274,17.116,48.756,1488.084,2.406,-5.802,-1.40328,2.484,-5.876,-1.40662,2
59709,404674,10,3,3,0,0,0,1,5,0,0,15.037,-143.111,-1.40653,-0.000,45.644,16.252,43.050,49.274,17.116,48.756,1488.084,2.406,-5.802,-1.40341,2.483,-5.800,-1.40640,2
59709,404684,10,3,3,0,0,0,1,5,0,0,15.037,-143.111,-1.40648,-0.000,45.644,16.252,43.050,49.274,17.116,48.756,1488.084,2.406,-5.802,-1.40336,2.483,-5.800,-1.40653,2
59725,404694,10,3,3,0,0,0,1,5,0,0,15.037,-143.111,-1.40639,-0.000,45.644,16.252,43.050,49.274,17.116,48.756,1488.084,2.406,-5.802,-1.40327,2.483,-5.800,-1.40648,2
59740,404704,10,3,3,0,0,0,1,5,0,0,15.037,-143.111,-1.40613,-0.000,45.644,16.252,43.050,49.274,17.116,48.756,1488.084,2.406,-5.802,-1.40301,2.483,-5.800,-1.40639,2
59740,404714,10,3,3,0,0,0,1,5,0,0,15.037,-143.111,-1.40600,-0.000,45.644,16.252,43.050,49.274,17.116,48.756,1488.084,2.406,-5.802,-1.40288,2.483,-5.800,-1.40613,2
59756,404724,10,3,3,0,0,0,1,5,0,0,14.962,-143.111,-1.40602,-0.000,45.644,16.252,43.050,49.274,17.116,48.756,1488.084,2.408,-5.877,-1.40290,2.483,-5.800,-1.40600,2
59772,404734,10,3,3,0,0,0,1,5,0,0,15.037,-143.111,-1.40612,-0.000,45.644,16.252,43.050,49.274,17.116,48.756,1488.084,2.406,-5.802,-1.40300,2.485,-5.875,-1.40602,2
59772,404744,10,3,3,0,0,0,1,5,0,0,15.037,-143.111,-1.40629,-0.000,45.644,16.252,43.050,49.274,17.116,48.756,1488.084,2.406,-5.802,-1.40317,2.483,-5.800,-1.40612,2
59788,404754,10,3,3,0,0,0,1,5,0,0,15.037,-143.111,-1.40617,-0.000,45.644,16.252,43.050,49.274,17.116,48.756,1488.084,2.406,-5.802,-1.40305,2.483,-5.800,-1.40629,2
59788,404764,10,3,3,0,0,0,1,5,0,0,15.037,-143.111,-1.40611,-0.000,45.644,16.252,43.050,49.274,17.116,48.756,1488.084,2.406,-5.802,-1.40299,2.483,-5.800,-1.40617,2
59803,404774,10,3,3,0,0,0,1,5,0,0,15.037,-143.111,-1.40623,-0.000,45.644,16.252,43.050,49.274,17.116,48.756,1488.084,2.406,-5.802,-1.40311,2.483,-5.800,-1.40611,2
59819,404784,10,3,3,0,0,0,1,5,0,0,15.037,-143.111,-1.40626,-0.000,45.644,16.252,43.050,49.274,17.116,48.756,1488.084,2.406,-5.802,-1.40314,2.483,-5.800,-1.40623,2
59819,404794,10,3,3,0,0,0,1,5,0,0,15.037,-143.111,-1.40641,-0.000,45.644,16.252,43.050,49.274,17.116,48.756,1488.084,2.406,-5.802,-1.40329,2.483,-5.800,-1.40626,2
59834,404804,10,3,3,0,0,0,1,5,0,0,15.037,-143.111,-1.40648,-0.000,45.644,16.252,43.050,49.274,17.116,48.756,1488.084,2.406,-5.802,-1.40336,2.483,-5.800,-1.40641,2
59850,404814,10,3,3,0,0,0,1,5,0,0,15.037,-143.111,-1.40648,-0.000,45.644,16.252,43.050,49.274,17.116,48.756,1488.084,2.406,-5.802,-1.40336,2.483,-5.800,-1.40648,2
59850,404824,10,3,3,0,0,0,1,5,0,0,15.037,-143.111,-1.40656,-0.000,45.644,16.252,43.050,49.274,17.116,48.756,1488.084,2.406,-5.802,-1.40344,2.483,-5.800,-1.40648,2
59866,404834,10,3,3,0,0,0,1,5,0,0,15.037,-143.111,-1.40678,-0.000,45.644,16.252,43.050,49.274,17.116,48.756,1488.084,2.405,-5.802,-1.40366,2.483,-5.800,-1.40656,2
59881,404844,10,3,3,0,0,0,1,5,0,0,15.037,-143.111,-1.40694,-0.000,45.644,16.252,43.050,49.274,17.116,48.756,1488.084,2.405,-5.802,-1.40382,2.482,-5.800,-1.40678,2
59881,404854,10,3,3,0,0,0,1,5,0,0,15.037,-143.111,-1.40706,-0.000,45.644,16.252,43.050,49.274,17.116,48.756,1488.084,2.405,-5.802,-1.40394,2.482,-5.800,-1.40694,2
59897,404864,10,3,3,0,0,0,1,5,0,0,15.037,-143.111,-1.40715,-0.000,45.644,16.252,43.050,49.274,17.116,48.756,1488.084,2.405,-5.802,-1.40403,2.482,-5.800,-1.40706,2
59912,404874,10,3,3,0,0,0,1,5,0,0,15.037,-143.111,-1.40738,-0.000,45.644,16.252,43.050,49.274,17.116,48.756,1488.084,2.405,-5.802,-1.40426,2.482,-5.801,-1.40715,2
59912,404884,10,3,3,0,0,0,1,5,0,0,15.037,-143.111,-1.40749,-0.000,45.644,16.252,43.050,49.274,17.116,48.756,1488.084,2.405,-5.802,-1.40437,2.482,-5.801,-1.40738,2
59928,404894,10,3,3,0,0,0,1,5,0,0,15.037,-143.111,-1.40751,-0.000,45.644,16.252,43.050,49.274,17.116,48.756,1488.084,2.405,-5.802,-1.40439,2.482,-5.801,-1.40749,2
59928,404904,10,3,3,0,0,0,1,5,0,0,15.037,-143.111,-1.40739,-0.000,45.644,16.252,43.050,49.274,17.116,48.756,1488.084,2.405,-5.802,-1.40427,2.481,-5.801,-1.40751,2
59943,404914,10,3,3,0,0,0,1,5,0,0,15.037,-143.111,-1.40728,-0.000,45.644,16.252,43.050,49.274,17.116,48.756,1488.084,2.405,-5.802,-1.40416,2.482,-5.801,-1.40739,2
59958,404924,10,3,3,0,0,0,1,5,0,0,15.037,-143.111,-1.40725,-0.000,45.644,16.252,43.050,49.274,17.116,48.756,1488.084,2.405,-5.802,-1.40413,2.482,-5.801,-1.40728,2
59958,404934,10,3,3,0,0,0,1,5,0,0,15.037,-143.111,-1.40688,-0.000,45.644,16.252,43.050,49.274,17.116,48.756,1488.084,2.405,-5.802,-1.40376,2.482,-5.801,-1.40725,2
59974,404944,10,3,3,0,0,0,1,5,0,0,15.037,-143.111,-1.40692,-0.000,45.644,16.252,43.050,49.274,17.116,48.756,1488.084,2.405,-5.802,-1.40380,2.482,-5.800,-1.40688,2
59990,404954,10,3,3,0,0,0,1,5,0,0,15.037,-143.111,-1.40668,-0.000,45.644,16.252,43.050,49.274,17.116,48.756,1488.084,2.406,-5.802,-1.40355,2.482,-5.800,-1.40692,2
59990,404964,10,3,3,0,0,0,1,5,0,0,15.037,-143.111,-1.40678,-0.000,45.644,16.252,43.050,49.274,17.116,48.756,1488.084,2.405,-5.802,-1.40366,2.483,-5.800,-1.40668,2
