host_ms,board_ms,cycle_ms,sample_seq,marker,marker_ok,controller_connected,valid_mask,drops,forward_raw_cd,lateral_raw_cd,forward_mm,lateral_right_mm,imu_deg,gyro_x_dps,gyro_y_dps,gyro_z_dps,accel_x_g,accel_y_g,accel_z_g,pitch_deg,roll_deg,motor_l1_rev,motor_l2_rev,motor_l3_rev,motor_r1_rev,motor_r2_rev,motor_r3_rev,f_before_us,f_after_us,l_before_us,l_after_us,g_before_us,g_after_us,drive_before_us,drive_after_us
7,11544,10,954,0,1,1,31,0,23879,659,105.858862,-2.921437,0.035827,0.000000,0.000000,0.000000,-0.020752,-0.063721,1.008911,-1.213387,-3.592618,0.000000000,-0.000000000,0.000000000,-0.000000000,0.000000000,-0.000000000,11824848,11824851,11824852,11824854,11824855,11824867,11824868,11824887
60,11554,10,955,0,1,1,31,0,23879,659,105.858862,-2.921437,0.035974,0.000000,0.000000,0.000000,-0.021362,-0.064575,1.008667,-1.212113,-3.599536,0.000000000,-0.000000000,0.000000000,-0.000000000,0.000000000,-0.000000000,11834850,11834853,11834854,11834856,11834857,11834869,11834870,11834890
60,11564,10,956,0,1,1,31,0,23879,659,105.858862,-2.921437,0.035824,0.000000,0.000000,0.000000,-0.020508,-0.062012,1.008667,-1.207436,-3.592449,0.000000000,-0.000000000,0.000000000,-0.000000000,0.000000000,-0.000000000,11844851,11844853,11844854,11844856,11844857,11844870,11844871,11844890
60,11574,10,957,0,1,1,31,0,23879,659,105.858862,-2.921437,0.035775,0.000000,0.000000,0.000000,-0.020996,-0.064209,1.009155,-1.205349,-3.590145,0.000000000,-0.000000000,0.000000000,-0.000000000,0.000000000,-0.000000000,11854848,11854851,11854851,11854854,11854854,11854867,11854868,11854887
60,11584,10,958,0,1,1,31,0,23879,659,105.858862,-2.921437,0.035640,0.000000,0.000000,0.000000,-0.021851,-0.062744,1.008911,-1.210642,-3.583757,0.000000000,-0.000000000,0.000000000,-0.000000000,0.000000000,-0.000000000,11864851,11864854,11864854,11864857,11864857,11864870,11864871,11864889
60,11594,10,959,0,1,1,31,0,23879,659,105.858862,-2.921437,0.035516,0.000000,0.000000,0.000000,-0.022705,-0.062744,1.008179,-1.227965,-3.577960,0.000000000,-0.000000000,0.000000000,-0.000000000,0.000000000,-0.000000000,11874850,11874853,11874854,11874856,11874857,11874870,11874871,11874889
76,11604,10,960,0,1,1,31,0,23879,659,105.858862,-2.921437,0.035705,0.000000,0.000000,0.000000,-0.022705,-0.064819,1.007324,-1.239366,-3.586689,0.000000000,-0.000000000,0.000000000,-0.000000000,0.000000000,-0.000000000,11884848,11884851,11884851,11884853,11884854,11884867,11884868,11884887
76,11614,10,961,0,1,1,31,0,23879,659,105.858862,-2.921437,0.035823,0.000000,0.000000,0.000000,-0.020874,-0.063843,1.007324,-1.234125,-3.592136,0.000000000,-0.000000000,0.000000000,-0.000000000,0.000000000,-0.000000000,11894850,11894853,11894854,11894856,11894857,11894870,11894870,11894889
106,11624,10,962,0,1,1,31,0,23879,659,105.858862,-2.921437,0.035910,0.000000,0.000000,0.000000,-0.022461,-0.064819,1.007935,-1.241809,-3.596144,0.000000000,-0.000000000,0.000000000,-0.000000000,0.000000000,-0.000000000,11904856,11904859,11904859,11904861,11904862,11904878,11904878,11904898
106,11634,10,963,0,1,1,31,0,23879,659,105.858862,-2.921437,0.036076,0.000000,0.000000,0.000000,-0.021729,-0.063843,1.006470,-1.246362,-3.603737,0.000000000,-0.000000000,0.000000000,-0.000000000,0.000000000,-0.000000000,11914850,11914853,11914853,11914855,11914856,11914869,11914870,11914889
106,11644,10,964,0,1,1,31,0,23879,659,105.858862,-2.921437,0.036016,0.000000,0.000000,0.000000,-0.021362,-0.063354,1.008545,-1.240597,-3.601000,0.000000000,-0.000000000,0.000000000,-0.000000000,0.000000000,-0.000000000,11924852,11924855,11924855,11924858,11924859,11924872,11924873,11924891
122,11654,10,965,0,1,1,31,0,23879,659,105.858862,-2.921437,0.035972,0.000000,0.000000,0.000000,-0.022949,-0.063965,1.009033,-1.245435,-3.598993,0.000000000,-0.000000000,0.000000000,-0.000000000,0.000000000,-0.000000000,11934851,11934854,11934854,11934856,11934857,11934870,11934871,11934890
122,11664,10,966,0,1,1,31,0,23879,659,105.858862,-2.921437,0.035981,0.000000,0.000000,0.000000,-0.021240,-0.063721,1.007935,-1.236325,-3.599366,0.000000000,-0.000000000,0.000000000,-0.000000000,0.000000000,-0.000000000,11944849,11944852,11944853,11944856,11944856,11944870,11944870,11944889
153,11674,10,967,0,1,1,31,0,23879,659,105.858862,-2.921437,0.035758,0.000000,0.000000,0.000000,-0.022339,-0.062622,1.008423,-1.237279,-3.589107,0.000000000,-0.000000000,0.000000000,-0.000000000,0.000000000,-0.000000000,11954850,11954853,11954854,11954856,11954856,11954869,11954870,11954889
153,11684,10,968,0,1,1,31,0,23879,659,105.858862,-2.921437,0.035871,0.000000,0.000000,0.000000,-0.022827,-0.064209,1.008789,-1.242820,-3.594301,0.000000000,-0.000000000,0.000000000,-0.000000000,0.000000000,-0.000000000,11964851,11964854,11964855,11964857,11964857,11964870,11964871,11964891
153,11694,10,969,0,1,1,31,0,23879,659,105.858862,-2.921437,0.035966,0.000000,0.000000,0.000000,-0.022095,-0.063843,1.007446,-1.245992,-3.598630,0.000000000,-0.000000000,0.000000000,-0.000000000,0.000000000,-0.000000000,11974849,11974852,11974852,11974855,11974855,11974868,11974869,11974888
184,11704,10,970,0,1,1,31,0,23879,659,105.858862,-2.921437,0.035779,0.000000,0.000000,0.000000,-0.020630,-0.062500,1.008423,-1.234931,-3.590057,0.000000000,-0.000000000,0.000000000,-0.000000000,0.000000000,-0.000000000,11984851,11984854,11984855,11984857,11984857,11984870,11984871,11984890
184,11714,10,971,0,1,1,31,0,23879,659,105.858862,-2.921437,0.036079,0.000000,0.000000,0.000000,-0.020874,-0.064941,1.008179,-1.225657,-3.603956,0.000000000,-0.000000000,0.000000000,-0.000000000,0.000000000,-0.000000000,11994850,11994853,11994853,11994856,11994857,11994869,11994870,11994889
184,11724,10,972,0,1,1,31,0,23879,659,105.858862,-2.921437,0.036104,0.000000,0.000000,0.000000,-0.022827,-0.063477,1.008179,-1.239453,-3.605151,0.000000000,-0.000000000,0.000000000,-0.000000000,0.000000000,-0.000000000,12004848,12004851,12004852,12004854,12004855,12004868,12004868,12004887
200,11734,10,973,0,1,1,31,0,23879,659,105.858862,-2.921437,0.035935,0.000000,0.000000,0.000000,-0.022583,-0.063965,1.008057,-1.239459,-3.597334,0.000000000,-0.000000000,0.000000000,-0.000000000,0.000000000,-0.000000000,12014850,12014853,12014854,12014856,12014857,12014870,12014871,12014890
230,11744,10,974,0,1,1,31,0,23879,659,105.858862,-2.921437,0.035749,0.000000,0.000000,0.000000,-0.022827,-0.062744,1.008301,-1.241842,-3.588770,0.000000000,-0.000000000,0.000000000,-0.000000000,0.000000000,-0.000000000,12024848,12024851,12024852,12024854,12024855,12024868,12024868,12024887
230,11754,10,975,0,1,1,31,0,23879,659,105.858862,-2.921437,0.035713,0.000000,0.000000,0.000000,-0.021606,-0.062500,1.008911,-1.240956,-3.587104,0.000000000,-0.000000000,0.000000000,-0.000000000,0.000000000,-0.000000000,12034850,12034853,12034853,12034856,12034856,12034869,12034870,12034889
230,11764,10,976,0,1,1,31,0,23879,659,105.858862,-2.921437,0.035721,0.000000,0.000000,0.000000,-0.022949,-0.064087,1.008057,-1.244800,-3.587467,0.000000000,-0.000000000,0.000000000,-0.000000000,0.000000000,-0.000000000,12044851,12044854,12044854,12044857,12044857,12044870,12044871,12044890
246,11774,10,977,0,1,1,31,0,23879,659,105.858862,-2.921437,0.035931,0.000000,0.000000,0.000000,-0.020752,-0.063965,1.008179,-1.236517,-3.597136,0.000000000,-0.000000000,0.000000000,-0.000000000,0.000000000,-0.000000000,12054851,12054854,12054854,12054857,12054857,12054870,12054871,12054890
246,11784,10,978,0,1,1,31,0,23879,659,105.858862,-2.921437,0.035979,0.000000,0.000000,0.000000,-0.020996,-0.064209,1.007690,-1.227725,-3.599363,0.000000000,-0.000000000,0.000000000,-0.000000000,0.000000000,-0.000000000,12064849,12064851,12064852,12064855,12064855,12064868,12064869,12064888
262,11794,10,979,0,1,1,31,0,23879,659,105.858862,-2.921437,0.035987,0.000000,0.000000,0.000000,-0.022583,-0.064209,1.008057,-1.230963,-3.599695,0.000000000,-0.000000000,0.000000000,-0.000000000,0.000000000,-0.000000000,12074851,12074854,12074854,12074856,12074857,12074870,12074871,12074890
278,11804,10,980,0,1,1,31,0,23879,659,105.858862,-2.921437,0.035974,0.000000,0.000000,0.000000,-0.021118,-0.063599,1.009033,-1.229930,-3.599096,0.000000000,-0.000000000,0.000000000,-0.000000000,0.000000000,-0.000000000,12084851,12084853,12084854,12084856,12084857,12084870,12084871,12084890
278,11814,10,981,0,1,1,31,0,23879,659,105.858862,-2.921437,0.035869,0.000000,0.000000,0.000000,-0.021729,-0.063721,1.009766,-1.238064,-3.594275,0.000000000,-0.000000000,0.000000000,-0.000000000,0.000000000,-0.000000000,12094848,12094851,12094852,12094854,12094855,12094868,12094869,12094887
293,11824,10,982,0,1,1,31,0,23879,659,105.858862,-2.921437,0.035904,0.000000,0.000000,0.000000,-0.021362,-0.064331,1.009033,-1.233551,-3.595896,0.000000000,-0.000000000,0.000000000,-0.000000000,0.000000000,-0.000000000,12104857,12104860,12104860,12104863,12104863,12104878,12104879,12104899
293,11834,10,983,0,1,1,31,0,23879,659,105.858862,-2.921437,0.036104,0.000000,0.000000,0.000000,-0.019409,-0.064941,1.009766,-1.218468,-3.605167,0.000000000,-0.000000000,0.000000000,-0.000000000,0.000000000,-0.000000000,12114855,12114857,12114858,12114861,12114861,12114875,12114875,12114894
310,11844,10,984,0,1,1,31,0,23879,659,105.858862,-2.921437,0.036314,0.000000,0.000000,0.000000,-0.021973,-0.065186,1.009033,-1.221049,-3.615012,0.000000000,-0.000000000,0.000000000,-0.000000000,0.000000000,-0.000000000,12124849,12124852,12124853,12124855,12124856,12124869,12124870,12124889
326,11854,10,985,0,1,1,31,0,23879,659,105.858862,-2.921437,0.036151,0.000000,0.000000,0.000000,-0.021606,-0.061768,1.006958,-1.223177,-3.607403,0.000000000,-0.000000000,0.000000000,-0.000000000,0.000000000,-0.000000000,12134851,12134854,12134855,12134857,12134858,12134871,12134872,12134891
326,11864,10,986,0,1,1,31,0,23879,659,105.858862,-2.921437,0.035950,0.000000,0.000000,0.000000,-0.022583,-0.063110,1.008667,-1.232635,-3.598043,0.000000000,-0.000000000,0.000000000,-0.000000000,0.000000000,-0.000000000,12144851,12144854,12144855,12144857,12144858,12144870,12144871,12144890
357,11874,10,987,0,1,1,31,0,23879,659,105.858862,-2.921437,0.035867,0.000000,0.000000,0.000000,-0.021362,-0.062622,1.008667,-1.232107,-3.594230,0.000000000,-0.000000000,0.000000000,-0.000000000,0.000000000,-0.000000000,12154850,12154853,12154853,12154856,12154856,12154869,12154870,12154889
357,11884,10,988,0,1,1,31,0,23879,659,105.858862,-2.921437,0.035748,0.000000,0.000000,0.000000,-0.021118,-0.063477,1.009399,-1.227765,-3.588671,0.000000000,-0.000000000,0.000000000,-0.000000000,0.000000000,-0.000000000,12164851,12164854,12164855,12164857,12164858,12164871,12164872,12164891
357,11894,10,989,0,1,1,31,0,23879,659,105.858862,-2.921437,0.035705,0.000000,0.000000,0.000000,-0.022583,-0.063843,1.007812,-1.238349,-3.586676,0.000000000,-0.000000000,0.000000000,-0.000000000,0.000000000,-0.000000000,12174851,12174853,12174854,12174857,12174857,12174870,12174871,12174889
388,11904,10,990,0,1,1,31,0,23879,659,105.858862,-2.921437,0.035828,0.000000,0.000000,0.000000,-0.021606,-0.063965,1.008789,-1.237317,-3.592360,0.000000000,-0.000000000,0.000000000,-0.000000000,0.000000000,-0.000000000,12184850,12184852,12184853,12184855,12184856,12184869,12184870,12184889
388,11914,10,991,0,1,1,31,0,23879,659,105.858862,-2.921437,0.035738,0.000000,0.000000,0.000000,-0.020996,-0.062500,1.007690,-1.239991,-3.588232,0.000000000,-0.000000000,0.000000000,-0.000000000,0.000000000,-0.000000000,12194851,12194854,12194855,12194857,12194858,12194871,12194871,12194891
388,11924,10,992,0,1,1,31,0,23879,659,105.858862,-2.921437,0.035530,0.000000,0.000000,0.000000,-0.021240,-0.062622,1.008545,-1.236168,-3.578638,0.000000000,-0.000000000,0.000000000,-0.000000000,0.000000000,-0.000000000,12204852,12204854,12204855,12204857,12204858,12204871,12204872,12204891
419,11934,10,993,0,1,1,31,0,23879,659,105.858862,-2.921437,0.035545,0.000000,0.000000,0.000000,-0.021240,-0.063477,1.008179,-1.235365,-3.579341,0.000000000,-0.000000000,0.000000000,-0.000000000,0.000000000,-0.000000000,12214850,12214852,12214853,12214855,12214856,12214869,12214870,12214888
419,11944,10,994,0,1,1,31,0,23879,659,105.858862,-2.921437,0.035572,0.000000,0.000000,0.000000,-0.023926,-0.063599,1.008057,-1.255989,-3.580588,0.000000000,-0.000000000,0.000000000,-0.000000000,0.000000000,-0.000000000,12224852,12224854,12224855,12224857,12224858,12224871,12224872,12224890
419,11954,10,995,0,1,1,31,0,23879,659,105.858862,-2.921437,0.035733,0.000000,0.000000,0.000000,-0.021484,-0.065308,1.007202,-1.253908,-3.587892,0.000000000,-0.000000000,0.000000000,-0.000000000,0.000000000,-0.000000000,12234851,12234853,12234854,12234857,12234857,12234870,12234871,12234890
435,11964,10,996,0,1,1,31,0,23879,659,105.858862,-2.921437,0.035656,0.000000,0.000000,0.000000,-0.022339,-0.063477,1.008789,-1.249520,-3.584396,0.000000000,-0.000000000,0.000000000,-0.000000000,0.000000000,-0.000000000,12244849,12244851,12244852,12244855,12244855,12244868,12244868,12244887
435,11974,10,997,0,1,1,31,0,23879,659,105.858862,-2.921437,0.035867,0.000000,0.000000,0.000000,-0.022583,-0.064209,1.008667,-1.248186,-3.594043,0.000000000,-0.000000000,0.000000000,-0.000000000,0.000000000,-0.000000000,12254851,12254854,12254854,12254856,12254857,12254870,12254871,12254890
465,11984,10,998,0,1,1,31,0,23879,659,105.858862,-2.921437,0.035935,0.000000,0.000000,0.000000,-0.021606,-0.063965,1.008057,-1.243292,-3.597136,0.000000000,-0.000000000,0.000000000,-0.000000000,0.000000000,-0.000000000,12264851,12264854,12264855,12264857,12264858,12264871,12264871,12264890
465,11994,10,999,0,1,1,31,0,23879,659,105.858862,-2.921437,0.035893,0.000000,0.000000,0.000000,-0.023193,-0.063843,1.007324,-1.250893,-3.595239,0.000000000,-0.000000000,0.000000000,-0.000000000,0.000000000,-0.000000000,12274849,12274852,12274852,12274855,12274855,12274868,12274869,12274887
465,12004,10,1000,0,1,1,31,0,23879,659,105.858862,-2.921437,0.035861,0.000000,0.000000,0.000000,-0.021484,-0.063354,1.008911,-1.248898,-3.593755,0.000000000,-0.000000000,0.000000000,-0.000000000,0.000000000,-0.000000000,12284852,12284855,12284856,12284858,12284859,12284871,12284872,12284891
496,12014,10,1001,0,1,1,31,0,23879,659,105.858862,-2.921437,0.035877,0.000000,0.000000,0.000000,-0.023926,-0.064087,1.008545,-1.260207,-3.594478,0.000000000,-0.000000000,0.000000000,-0.000000000,0.000000000,-0.000000000,12294852,12294854,12294855,12294857,12294858,12294871,12294872,12294891
496,12024,10,1002,0,1,1,31,0,23879,659,105.858862,-2.921437,0.035820,0.000000,0.000000,0.000000,-0.023071,-0.063477,1.008789,-1.263499,-3.591924,0.000000000,-0.000000000,0.000000000,-0.000000000,0.000000000,-0.000000000,12304855,12304858,12304858,12304861,12304861,12304876,12304877,12304896
496,12034,10,1003,0,1,1,31,0,23879,659,105.858862,-2.921437,0.035699,0.000000,0.000000,0.000000,-0.022583,-0.063110,1.008789,-1.259263,-3.586434,0.000000000,-0.000000000,0.000000000,-0.000000000,0.000000000,-0.000000000,12314853,12314855,12314856,12314859,12314860,12314873,12314874,12314893
513,12044,10,1004,0,1,1,31,0,23879,659,105.858862,-2.921437,0.035629,0.000000,0.000000,0.000000,-0.022583,-0.063965,1.009766,-1.264788,-3.583262,0.000000000,-0.000000000,0.000000000,-0.000000000,0.000000000,-0.000000000,12324852,12324855,12324855,12324858,12324859,12324872,12324872,12324892
513,12054,10,1005,0,1,1,31,0,23879,659,105.858862,-2.921437,0.035627,0.000000,0.000000,0.000000,-0.022705,-0.063232,1.008545,-1.270543,-3.583148,0.000000000,-0.000000000,0.000000000,-0.000000000,0.000000000,-0.000000000,12334849,12334852,12334853,12334855,12334855,12334868,12334869,12334888
544,12064,10,1006,0,1,1,31,0,23879,659,105.858862,-2.921437,0.035238,0.000000,0.000000,0.000000,-0.021729,-0.061646,1.008911,-1.257090,-3.565562,0.000000000,-0.000000000,0.000000000,-0.000000000,0.000000000,-0.000000000,12344852,12344854,12344855,12344857,12344858,12344871,12344872,12344891
544,12074,10,1007,0,1,1,31,0,23879,659,105.858862,-2.921437,0.035324,0.000000,0.000000,0.000000,-0.023193,-0.063599,1.009155,-1.261426,-3.569443,0.000000000,-0.000000000,0.000000000,-0.000000000,0.000000000,-0.000000000,12354850,12354853,12354853,12354856,12354856,12354869,12354870,12354889
544,12084,10,1008,0,1,1,31,0,23879,659,105.858862,-2.921437,0.035261,0.000000,0.000000,0.000000,-0.023315,-0.062866,1.008423,-1.266399,-3.566601,0.000000000,-0.000000000,0.000000000,-0.000000000,0.000000000,-0.000000000,12364852,12364854,12364855,12364857,12364858,12364871,12364872,12364891
575,12094,10,1009,0,1,1,31,0,23879,659,105.858862,-2.921437,0.035279,0.000000,0.000000,0.000000,-0.022339,-0.062744,1.007690,-1.269646,-3.567420,0.000000000,-0.000000000,0.000000000,-0.000000000,0.000000000,-0.000000000,12374851,12374854,12374854,12374857,12374857,12374870,12374871,12374890
575,12104,10,1010,0,1,1,31,0,23879,659,105.858862,-2.921437,0.035326,0.000000,0.000000,0.000000,-0.023315,-0.063843,1.008301,-1.274417,-3.569545,0.000000000,-0.000000000,0.000000000,-0.000000000,0.000000000,-0.000000000,12384852,12384854,12384855,12384857,12384858,12384871,12384872,12384891
575,12114,10,1011,0,1,1,31,0,23879,659,105.858862,-2.921437,0.035361,0.000000,0.000000,0.000000,-0.022461,-0.063721,1.009155,-1.270336,-3.571133,0.000000000,-0.000000000,0.000000000,-0.000000000,0.000000000,-0.000000000,12394850,12394853,12394853,12394856,12394856,12394869,12394870,12394889
590,12124,10,1012,0,1,1,31,0,23879,659,105.858862,-2.921437,0.035520,0.000000,0.000000,0.000000,-0.022461,-0.064331,1.008179,-1.271044,-3.578251,0.000000000,-0.000000000,0.000000000,-0.000000000,0.000000000,-0.000000000,12404852,12404855,12404855,12404858,12404858,12404872,12404872,12404891
621,12134,10,1013,0,1,1,31,0,23879,659,105.858862,-2.921437,0.035580,0.000000,0.000000,0.000000,-0.022217,-0.063354,1.008545,-1.269871,-3.580969,0.000000000,-0.000000000,0.000000000,-0.000000000,0.000000000,-0.000000000,12414851,12414853,12414854,12414857,12414857,12414870,12414871,12414890
621,12144,10,1014,0,1,1,31,0,23879,659,105.858862,-2.921437,0.035780,0.000000,0.000000,0.000000,-0.022583,-0.065063,1.009155,-1.268959,-3.589939,0.000000000,-0.000000000,0.000000000,-0.000000000,0.000000000,-0.000000000,12424849,12424852,12424853,12424855,12424856,12424869,12424869,12424888
621,12154,10,1015,0,1,1,31,0,23879,659,105.858862,-2.921437,0.035909,0.000000,0.000000,0.000000,-0.022217,-0.063477,1.008057,-1.267000,-3.595776,0.000000000,-0.000000000,0.000000000,-0.000000000,0.000000000,-0.000000000,12434851,12434854,12434855,12434857,12434857,12434871,12434871,12434890
637,12164,10,1016,0,1,1,31,0,23879,659,105.858862,-2.921437,0.035771,0.000000,0.000000,0.000000,-0.022949,-0.063599,1.008911,-1.270700,-3.589560,0.000000000,-0.000000000,0.000000000,-0.000000000,0.000000000,-0.000000000,12444852,12444855,12444855,12444858,12444859,12444871,12444872,12444891
637,12174,10,1017,0,1,1,31,0,23879,659,105.858862,-2.921437,0.035936,0.000000,0.000000,0.000000,-0.023193,-0.064941,1.010254,-1.271985,-3.596972,0.000000000,-0.000000000,0.000000000,-0.000000000,0.000000000,-0.000000000,12454849,12454852,12454853,12454855,12454856,12454869,12454869,12454888
651,12184,10,1018,0,1,1,31,0,23879,659,105.858862,-2.921437,0.035808,0.000000,0.000000,0.000000,-0.023071,-0.062988,1.009644,-1.273656,-3.591203,0.000000000,-0.000000000,0.000000000,-0.000000000,0.000000000,-0.000000000,12464852,12464855,12464856,12464858,12464858,12464871,12464872,12464891
668,12194,10,1019,0,1,1,31,0,23879,659,105.858862,-2.921437,0.035860,0.000000,0.000000,0.000000,-0.022949,-0.064209,1.008423,-1.277971,-3.593548,0.000000000,-0.000000000,0.000000000,-0.000000000,0.000000000,-0.000000000,12474852,12474855,12474855,12474858,12474858,12474871,12474872,12474891
668,12204,10,1020,0,1,1,31,0,23879,659,105.858862,-2.921437,0.036035,0.000000,0.000000,0.000000,-0.022339,-0.064575,1.007324,-1.276299,-3.601352,0.000000000,-0.000000000,0.000000000,-0.000000000,0.000000000,-0.000000000,12484850,12484853,12484853,12484856,12484856,12484869,12484870,12484889
698,12214,10,1021,0,1,1,31,0,23879,659,105.858862,-2.921437,0.036110,0.000000,0.000000,0.000000,-0.021362,-0.064453,1.008301,-1.271067,-3.604697,0.000000000,-0.000000000,0.000000000,-0.000000000,0.000000000,-0.000000000,12494852,12494854,12494855,12494857,12494858,12494871,12494872,12494891
698,12224,10,1022,0,1,1,31,0,23879,659,105.858862,-2.921437,0.035836,0.000000,0.000000,0.000000,-0.022705,-0.063354,1.007935,-1.271336,-3.592393,0.000000000,-0.000000000,0.000000000,-0.000000000,0.000000000,-0.000000000,12504857,12504860,12504861,12504863,12504864,12504878,12504879,12504899
698,12234,10,1023,0,1,1,31,0,23879,659,105.858862,-2.921437,0.035635,0.000000,0.000000,0.000000,-0.022339,-0.062866,1.008667,-1.262894,-3.583355,0.000000000,-0.000000000,0.000000000,-0.000000000,0.000000000,-0.000000000,12514850,12514853,12514854,12514856,12514857,12514870,12514871,12514890
715,12244,10,1024,0,1,1,31,0,23879,659,105.858862,-2.921437,0.035395,0.000000,0.000000,0.000000,-0.022461,-0.063477,1.006958,-1.262353,-3.572482,0.000000000,-0.000000000,0.000000000,-0.000000000,0.000000000,-0.000000000,12524853,12524856,12524857,12524859,12524860,12524873,12524874,12524893
715,12254,10,1025,0,1,1,31,0,23879,659,105.858862,-2.921437,0.035195,0.000000,0.000000,0.000000,-0.023193,-0.061401,1.009277,-1.256795,-3.563364,0.000000000,-0.000000000,0.000000000,-0.000000000,0.000000000,-0.000000000,12534852,12534855,12534855,12534858,12534859,12534872,12534872,12534891
730,12264,10,1026,0,1,1,31,0,23879,659,105.858862,-2.921437,0.035049,0.000000,0.000000,0.000000,-0.023071,-0.062256,1.009033,-1.262181,-3.556734,0.000000000,-0.000000000,0.000000000,-0.000000000,0.000000000,-0.000000000,12544850,12544853,12544853,12544855,12544856,12544869,12544870,12544889
746,12274,10,1027,0,1,1,31,0,23879,659,105.858862,-2.921437,0.034928,0.000000,0.000000,0.000000,-0.022217,-0.062744,1.008301,-1.260185,-3.551262,0.000000000,-0.000000000,0.000000000,-0.000000000,0.000000000,-0.000000000,12554852,12554855,12554855,12554858,12554859,12554871,12554872,12554891
746,12284,10,1028,0,1,1,31,0,23879,659,105.858862,-2.921437,0.035099,0.000000,0.000000,0.000000,-0.021118,-0.064331,1.008423,-1.258700,-3.558989,0.000000000,-0.000000000,0.000000000,-0.000000000,0.000000000,-0.000000000,12564853,12564856,12564857,12564859,12564860,12564873,12564874,12564892
762,12294,10,1029,0,1,1,31,0,23879,659,105.858862,-2.921437,0.035323,0.000000,0.000000,0.000000,-0.022217,-0.064819,1.009155,-1.252172,-3.569223,0.000000000,-0.000000000,0.000000000,-0.000000000,0.000000000,-0.000000000,12574850,12574853,12574853,12574855,12574856,12574870,12574870,12574890
778,12304,10,1030,0,1,1,31,0,23879,659,105.858862,-2.921437,0.035282,0.000000,0.000000,0.000000,-0.022095,-0.061768,1.008545,-1.253712,-3.567339,0.000000000,-0.000000000,0.000000000,-0.000000000,0.000000000,-0.000000000,12584853,12584855,12584856,12584859,12584859,12584872,12584873,12584892
778,12314,10,1031,0,1,1,31,0,23879,659,105.858862,-2.921437,0.035561,0.000000,0.000000,0.000000,-0.021606,-0.064087,1.009277,-1.243287,-3.580115,0.000000000,-0.000000000,0.000000000,-0.000000000,0.000000000,-0.000000000,12594852,12594855,12594856,12594858,12594859,12594872,12594873,12594892
793,12324,10,1032,0,1,1,31,0,23879,659,105.858862,-2.921437,0.035712,0.000000,0.000000,0.000000,-0.019775,-0.063354,1.007812,-1.229659,-3.587030,0.000000000,-0.000000000,0.000000000,-0.000000000,0.000000000,-0.000000000,12604850,12604853,12604853,12604856,12604856,12604869,12604870,12604889
793,12334,10,1033,0,1,1,31,0,23879,659,105.858862,-2.921437,0.035686,0.000000,0.000000,0.000000,-0.021851,-0.062988,1.007690,-1.230039,-3.585845,0.000000000,-0.000000000,0.000000000,-0.000000000,0.000000000,-0.000000000,12614852,12614855,12614856,12614858,12614859,12614872,12614872,12614891
808,12344,10,1034,0,1,1,31,0,23879,659,105.858862,-2.921437,0.035585,0.000000,0.000000,0.000000,-0.022339,-0.063721,1.008179,-1.233193,-3.581152,0.000000000,-0.000000000,0.000000000,-0.000000000,0.000000000,-0.000000000,12624852,12624855,12624856,12624858,12624859,12624872,12624872,12624891
824,12354,10,1035,0,1,1,31,0,23879,659,105.858862,-2.921437,0.035602,0.000000,0.000000,0.000000,-0.022705,-0.063477,1.008423,-1.237010,-3.581942,0.000000000,-0.000000000,0.000000000,-0.000000000,0.000000000,-0.000000000,12634850,12634852,12634853,12634855,12634856,12634869,12634869,12634889
824,12364,10,1036,0,1,1,31,0,23879,659,105.858862,-2.921437,0.035872,0.000000,0.000000,0.000000,-0.020996,-0.065430,1.008301,-1.231475,-3.594426,0.000000000,-0.000000000,0.000000000,-0.000000000,0.000000000,-0.000000000,12644852,12644855,12644855,12644858,12644859,12644871,12644872,12644891
840,12374,10,1037,0,1,1,31,0,23879,659,105.858862,-2.921437,0.035912,0.000000,0.000000,0.000000,-0.020630,-0.063232,1.007812,-1.222894,-3.596266,0.000000000,-0.000000000,0.000000000,-0.000000000,0.000000000,-0.000000000,12654852,12654854,12654855,12654857,12654858,12654871,12654872,12654891
856,12384,10,1038,0,1,1,31,0,23879,659,105.858862,-2.921437,0.035676,0.000000,0.000000,0.000000,-0.022339,-0.062378,1.007812,-1.226722,-3.585258,0.000000000,-0.000000000,0.000000000,-0.000000000,0.000000000,-0.000000000,12664850,12664853,12664853,12664856,12664857,12664870,12664870,12664889
856,12394,10,1039,0,1,1,31,0,23879,659,105.858862,-2.921437,0.035487,0.000000,0.000000,0.000000,-0.022705,-0.062622,1.008301,-1.237558,-3.576531,0.000000000,-0.000000000,0.000000000,-0.000000000,0.000000000,-0.000000000,12674852,12674854,12674855,12674857,12674858,12674871,12674872,12674891
872,12404,10,1040,0,1,1,31,0,23879,659,105.858862,-2.921437,0.035661,0.000000,0.000000,0.000000,-0.020996,-0.064453,1.009888,-1.233548,-3.584562,0.000000000,-0.000000000,0.000000000,-0.000000000,0.000000000,-0.000000000,12684852,12684855,12684856,12684858,12684859,12684872,12684873,12684892
872,12414,10,1041,0,1,1,31,0,23879,659,105.858862,-2.921437,0.035674,0.000000,0.000000,0.000000,-0.021729,-0.063232,1.008545,-1.226668,-3.585150,0.000000000,-0.000000000,0.000000000,-0.000000000,0.000000000,-0.000000000,12694849,12694852,12694853,12694855,12694856,12694868,12694869,12694888
902,12424,10,1042,0,1,1,31,0,23879,659,105.858862,-2.921437,0.035717,0.000000,0.000000,0.000000,-0.021118,-0.064453,1.007935,-1.229467,-3.587118,0.000000000,-0.000000000,0.000000000,-0.000000000,0.000000000,-0.000000000,12704858,12704861,12704862,12704864,12704865,12704880,12704881,12704900
902,12434,10,1043,0,1,1,31,0,23879,659,105.858862,-2.921437,0.035967,0.000000,0.000000,0.000000,-0.022949,-0.064087,1.008545,-1.235810,-3.598732,0.000000000,-0.000000000,0.000000000,-0.000000000,0.000000000,-0.000000000,12714853,12714856,12714856,12714859,12714859,12714873,12714874,12714893
902,12444,10,1044,0,1,1,31,0,23879,659,105.858862,-2.921437,0.036058,0.000000,0.000000,0.000000,-0.022705,-0.064941,1.007690,-1.243943,-3.602907,0.000000000,-0.000000000,0.000000000,-0.000000000,0.000000000,-0.000000000,12724851,12724853,12724854,12724856,12724857,12724870,12724871,12724890
918,12454,10,1045,0,1,1,31,0,23879,659,105.858862,-2.921437,0.036279,0.000000,0.000000,0.000000,-0.022705,-0.065186,1.008545,-1.242595,-3.613087,0.000000000,-0.000000000,0.000000000,-0.000000000,0.000000000,-0.000000000,12734852,12734855,12734856,12734858,12734859,12734872,12734873,12734892
933,12464,10,1046,0,1,1,31,0,23879,659,105.858862,-2.921437,0.036186,0.000000,0.000000,0.000000,-0.022217,-0.063477,1.008301,-1.236449,-3.608788,0.000000000,-0.000000000,0.000000000,-0.000000000,0.000000000,-0.000000000,12744852,12744855,12744856,12744858,12744858,12744871,12744872,12744891
933,12474,10,1047,0,1,1,31,0,23879,659,105.858862,-2.921437,0.036074,0.000000,0.000000,0.000000,-0.021729,-0.064087,1.008667,-1.240945,-3.603637,0.000000000,-0.000000000,0.000000000,-0.000000000,0.000000000,-0.000000000,12754850,12754853,12754854,12754856,12754857,12754870,12754870,12754889
949,12484,10,1048,0,1,1,31,0,23879,659,105.858862,-2.921437,0.036064,0.000000,0.000000,0.000000,-0.021362,-0.063477,1.008301,-1.235517,-3.603171,0.000000000,-0.000000000,0.000000000,-0.000000000,0.000000000,-0.000000000,12764853,12764856,12764857,12764859,12764860,12764873,12764873,12764892
964,12494,10,1049,0,1,1,31,0,23879,659,105.858862,-2.921437,0.036251,0.000000,0.000000,0.000000,-0.021484,-0.064819,1.007324,-1.232314,-3.611808,0.000000000,-0.000000000,0.000000000,-0.000000000,0.000000000,-0.000000000,12774852,12774855,12774856,12774858,12774859,12774872,12774872,12774891
964,12504,10,1050,0,1,1,31,0,23879,659,105.858862,-2.921437,0.036267,0.000000,0.000000,0.000000,-0.021729,-0.063843,1.008057,-1.228039,-3.612578,0.000000000,-0.000000000,0.000000000,-0.000000000,0.000000000,-0.000000000,12784850,12784853,12784854,12784856,12784857,12784870,12784870,12784889
980,12514,10,1051,0,1,1,31,0,23879,659,105.858862,-2.921437,0.036472,0.000000,0.000000,0.000000,-0.022339,-0.065674,1.008179,-1.231450,-3.622084,0.000000000,-0.000000000,0.000000000,-0.000000000,0.000000000,-0.000000000,12794852,12794855,12794856,12794858,12794859,12794872,12794872,12794891
996,12524,10,1052,0,1,1,31,0,23879,659,105.858862,-2.921437,0.036409,0.000000,0.000000,0.000000,-0.020020,-0.063721,1.009521,-1.220280,-3.619155,0.000000000,-0.000000000,0.000000000,-0.000000000,0.000000000,-0.000000000,12804850,12804853,12804853,12804856,12804856,12804869,12804870,12804889
996,12534,10,1053,0,1,1,31,0,23879,659,105.858862,-2.921437,0.036333,0.000000,0.000000,0.000000,-0.021606,-0.064331,1.008301,-1.222417,-3.615609,0.000000000,-0.000000000,0.000000000,-0.000000000,0.000000000,-0.000000000,12814852,12814855,12814856,12814858,12814859,12814872,12814873,12814891
1011,12544,10,1054,0,1,1,31,0,23879,659,105.858862,-2.921437,0.036091,0.000000,0.000000,0.000000,-0.023315,-0.062988,1.008057,-1.232337,-3.604309,0.000000000,-0.000000000,0.000000000,-0.000000000,0.000000000,-0.000000000,12824852,12824855,12824856,12824858,12824859,12824871,12824872,12824891
1026,12554,10,1055,0,1,1,31,0,23879,659,105.858862,-2.921437,0.036169,0.000000,0.000000,0.000000,-0.021973,-0.064331,1.007568,-1.239612,-3.607886,0.000000000,-0.000000000,0.000000000,-0.000000000,0.000000000,-0.000000000,12834852,12834854,12834855,12834857,12834858,12834871,12834872,12834891
1026,12564,10,1056,0,1,1,31,0,23879,659,105.858862,-2.921437,0.036283,0.000000,0.000000,0.000000,-0.022339,-0.064087,1.008789,-1.235984,-3.613188,0.000000000,-0.000000000,0.000000000,-0.000000000,0.000000000,-0.000000000,12844851,12844853,12844854,12844856,12844857,12844870,12844871,12844890
1061,12574,10,1057,0,1,1,31,0,23879,659,105.858862,-2.921437,0.036185,0.000000,0.000000,0.000000,-0.021729,-0.063354,1.007690,-1.234967,-3.608630,0.000000000,-0.000000000,0.000000000,-0.000000000,0.000000000,-0.000000000,12854852,12854855,12854856,12854858,12854858,12854871,12854872,12854891
1061,12584,10,1058,0,1,1,31,0,23879,659,105.858862,-2.921437,0.036254,0.000000,0.000000,0.000000,-0.022583,-0.064819,1.008789,-1.244187,-3.611799,0.000000000,-0.000000000,0.000000000,-0.000000000,0.000000000,-0.000000000,12864852,12864855,12864856,12864858,12864859,12864872,12864873,12864892
1061,12594,10,1059,0,1,1,31,0,23879,659,105.858862,-2.921437,0.036120,0.000000,0.000000,0.000000,-0.021484,-0.064087,1.009766,-1.242043,-3.605664,0.000000000,-0.000000000,0.000000000,-0.000000000,0.000000000,-0.000000000,12874850,12874853,12874853,12874856,12874856,12874869,12874870,12874888
1089,12604,10,1060,0,1,1,31,0,23879,659,105.858862,-2.921437,0.035903,0.000000,0.000000,0.000000,-0.021729,-0.062744,1.009766,-1.238190,-3.595653,0.000000000,-0.000000000,0.000000000,-0.000000000,0.000000000,-0.000000000,12884853,12884855,12884856,12884859,12884859,12884872,12884873,12884892
1089,12614,10,1061,0,1,1,31,0,23879,659,105.858862,-2.921437,0.035784,0.000000,0.000000,0.000000,-0.020508,-0.062866,1.009399,-1.235698,-3.590198,0.000000000,-0.000000000,0.000000000,-0.000000000,0.000000000,-0.000000000,12894852,12894855,12894856,12894858,12894859,12894872,12894872,12894891
1089,12624,10,1062,0,1,1,31,0,23879,659,105.858862,-2.921437,0.035661,0.000000,0.000000,0.000000,-0.022461,-0.063232,1.008179,-1.232885,-3.584501,0.000000000,-0.000000000,0.000000000,-0.000000000,0.000000000,-0.000000000,12904855,12904858,12904859,12904861,12904862,12904876,12904877,12904896
1103,12634,10,1063,0,1,1,31,0,23879,659,105.858862,-2.921437,0.035474,0.000000,0.000000,0.000000,-0.020874,-0.063354,1.007568,-1.227620,-3.575840,0.000000000,-0.000000000,0.000000000,-0.000000000,0.000000000,-0.000000000,12914854,12914857,12914858,12914860,12914861,12914874,12914875,12914894
1103,12644,10,1064,0,1,1,31,0,23879,659,105.858862,-2.921437,0.035379,0.000000,0.000000,0.000000,-0.023438,-0.062866,1.007812,-1.241916,-3.571422,0.000000000,-0.000000000,0.000000000,-0.000000000,0.000000000,-0.000000000,12924853,12924856,12924857,12924859,12924860,12924873,12924874,12924893
1119,12654,10,1065,0,1,1,31,0,23879,659,105.858862,-2.921437,0.035347,0.000000,0.000000,0.000000,-0.021240,-0.062622,1.007568,-1.235723,-3.569951,0.000000000,-0.000000000,0.000000000,-0.000000000,0.000000000,-0.000000000,12934851,12934854,12934854,12934857,12934857,12934871,12934871,12934890
1136,12664,10,1066,0,1,1,31,0,23879,659,105.858862,-2.921437,0.035305,0.000000,0.000000,0.000000,-0.021484,-0.063599,1.010376,-1.231112,-3.568028,0.000000000,-0.000000000,0.000000000,-0.000000000,0.000000000,-0.000000000,12944853,12944856,12944856,12944859,12944859,12944872,12944873,12944892
1136,12674,10,1067,0,1,1,31,0,23879,659,105.858862,-2.921437,0.035555,0.000000,0.000000,0.000000,-0.023315,-0.064453,1.009277,-1.243268,-3.579552,0.000000000,-0.000000000,0.000000000,-0.000000000,0.000000000,-0.000000000,12954853,12954855,12954856,12954859,12954859,12954872,12954873,12954892
1150,12684,10,1068,0,1,1,31,0,23879,659,105.858862,-2.921437,0.035313,0.000000,0.000000,0.000000,-0.021973,-0.062256,1.007935,-1.242465,-3.568444,0.000000000,-0.000000000,0.000000000,-0.000000000,0.000000000,-0.000000000,12964851,12964854,12964855,12964857,12964857,12964870,12964871,12964890
1165,12694,10,1069,0,1,1,31,0,23879,659,105.858862,-2.921437,0.035560,0.000000,0.000000,0.000000,-0.020874,-0.064331,1.008179,-1.238889,-3.579759,0.000000000,-0.000000000,0.000000000,-0.000000000,0.000000000,-0.000000000,12974853,12974856,12974856,12974858,12974859,12974872,12974873,12974892
1165,12704,10,1070,0,1,1,31,0,23879,659,105.858862,-2.921437,0.035413,0.000000,0.000000,0.000000,-0.021118,-0.063232,1.008667,-1.232001,-3.573001,0.000000000,-0.000000000,0.000000000,-0.000000000,0.000000000,-0.000000000,12984852,12984855,12984856,12984858,12984859,12984872,12984872,12984891
1181,12714,10,1071,0,1,1,31,0,23879,659,105.858862,-2.921437,0.035204,0.000000,0.000000,0.000000,-0.022217,-0.062866,1.008301,-1.235277,-3.563314,0.000000000,-0.000000000,0.000000000,-0.000000000,0.000000000,-0.000000000,12994851,12994853,12994854,12994856,12994857,12994870,12994871,12994889
1197,12724,10,1072,0,1,1,31,0,23879,659,105.858862,-2.921437,0.035360,0.000000,0.000000,0.000000,-0.023560,-0.065308,1.008789,-1.236238,-3.570554,0.000000000,-0.000000000,0.000000000,-0.000000000,0.000000000,-0.000000000,13004853,13004856,13004857,13004859,13004860,13004872,13004873,13004892
1197,12734,10,1073,0,1,1,31,0,23879,659,105.858862,-2.921437,0.035446,0.000000,0.000000,0.000000,-0.022827,-0.063843,1.007080,-1.251888,-3.574472,0.000000000,-0.000000000,0.000000000,-0.000000000,0.000000000,-0.000000000,13014851,13014854,13014855,13014857,13014857,13014870,13014871,13014890
1213,12744,10,1074,0,1,1,31,0,23879,659,105.858862,-2.921437,0.035539,0.000000,0.000000,0.000000,-0.023560,-0.063110,1.008057,-1.261636,-3.578711,0.000000000,-0.000000000,0.000000000,-0.000000000,0.000000000,-0.000000000,13024851,13024854,13024854,13024856,13024857,13024870,13024871,13024890
1213,12754,10,1075,0,1,1,31,0,23879,659,105.858862,-2.921437,0.035551,0.000000,0.000000,0.000000,-0.021729,-0.063843,1.008301,-1.261281,-3.579258,0.000000000,-0.000000000,0.000000000,-0.000000000,0.000000000,-0.000000000,13034853,13034855,13034856,13034858,13034859,13034872,13034872,13034892
1227,12764,10,1076,0,1,1,31,0,23879,659,105.858862,-2.921437,0.035426,0.000000,0.000000,0.000000,-0.022095,-0.062134,1.009155,-1.266765,-3.573634,0.000000000,-0.000000000,0.000000000,-0.000000000,0.000000000,-0.000000000,13044853,13044856,13044857,13044859,13044859,13044872,13044873,13044892
1243,12774,10,1077,0,1,1,31,0,23879,659,105.858862,-2.921437,0.035347,0.000000,0.000000,0.000000,-0.023071,-0.063477,1.007935,-1.264617,-3.570084,0.000000000,-0.000000000,0.000000000,-0.000000000,0.000000000,-0.000000000,13054851,13054853,13054854,13054856,13054857,13054870,13054871,13054889
1243,12784,10,1078,0,1,1,31,0,23879,659,105.858862,-2.921437,0.035556,0.000000,0.000000,0.000000,-0.023071,-0.064087,1.008545,-1.265475,-3.579510,0.000000000,-0.000000000,0.000000000,-0.000000000,0.000000000,-0.000000000,13064853,13064856,13064857,13064859,13064860,13064872,13064873,13064892
1259,12794,10,1079,0,1,1,31,0,23879,659,105.858862,-2.921437,0.035549,0.000000,0.000000,0.000000,-0.022705,-0.063477,1.006836,-1.262879,-3.579194,0.000000000,-0.000000000,0.000000000,-0.000000000,0.000000000,-0.000000000,13074852,13074855,13074856,13074858,13074859,13074872,13074872,13074891
1275,12804,10,1080,0,1,1,31,0,23879,659,105.858862,-2.921437,0.035466,0.000000,0.000000,0.000000,-0.022949,-0.062988,1.008545,-1.270944,-3.575490,0.000000000,-0.000000000,0.000000000,-0.000000000,0.000000000,-0.000000000,13084851,13084853,13084854,13084856,13084857,13084870,13084871,13084890
1275,12814,10,1081,0,1,1,31,0,23879,659,105.858862,-2.921437,0.035563,0.000000,0.000000,0.000000,-0.020874,-0.064087,1.009155,-1.256043,-3.579873,0.000000000,-0.000000000,0.000000000,-0.000000000,0.000000000,-0.000000000,13094853,13094856,13094857,13094859,13094860,13094873,13094873,13094892
1290,12824,10,1082,0,1,1,31,0,23879,659,105.858862,-2.921437,0.035696,0.000000,0.000000,0.000000,-0.022949,-0.064209,1.008545,-1.255491,-3.585913,0.000000000,-0.000000000,0.000000000,-0.000000000,0.000000000,-0.000000000,13104858,13104861,13104862,13104864,13104865,13104879,13104880,13104900
1306,12834,10,1083,0,1,1,31,0,23879,659,105.858862,-2.921437,0.035748,0.000000,0.000000,0.000000,-0.022705,-0.063110,1.009033,-1.258913,-3.588274,0.000000000,-0.000000000,0.000000000,-0.000000000,0.000000000,-0.000000000,13114852,13114855,13114855,13114858,13114859,13114872,13114873,13114892
1306,12844,10,1084,0,1,1,31,0,23879,659,105.858862,-2.921437,0.035509,0.000000,0.000000,0.000000,-0.021606,-0.062622,1.008179,-1.260887,-3.577458,0.000000000,-0.000000000,0.000000000,-0.000000000,0.000000000,-0.000000000,13124855,13124857,13124858,13124861,13124861,13124875,13124875,13124894
1321,12854,10,1085,0,1,1,31,0,23879,659,105.858862,-2.921437,0.035612,0.000000,0.000000,0.000000,-0.022705,-0.064575,1.009033,-1.261544,-3.582117,0.000000000,-0.000000000,0.000000000,-0.000000000,0.000000000,-0.000000000,13134853,13134856,13134857,13134859,13134860,13134873,13134874,13134893
1337,12864,10,1086,0,1,1,31,0,23879,659,105.858862,-2.921437,0.035434,0.000000,0.000000,0.000000,-0.020508,-0.062866,1.008545,-1.253360,-3.574095,0.000000000,-0.000000000,0.000000000,-0.000000000,0.000000000,-0.000000000,13144851,13144854,13144855,13144857,13144858,13144871,13144871,13144890
1337,12874,10,1087,0,1,1,31,0,23879,659,105.858862,-2.921437,0.035209,0.000000,0.000000,0.000000,-0.020630,-0.062256,1.008789,-1.243821,-3.563797,0.000000000,-0.000000000,0.000000000,-0.000000000,0.000000000,-0.000000000,13154853,13154855,13154856,13154858,13154859,13154872,13154873,13154892
1353,12884,10,1088,0,1,1,31,0,23879,659,105.858862,-2.921437,0.035369,0.000000,0.000000,0.000000,-0.020630,-0.064331,1.008789,-1.239680,-3.571117,0.000000000,-0.000000000,0.000000000,-0.000000000,0.000000000,-0.000000000,13164853,13164856,13164857,13164859,13164859,13164872,13164873,13164892
1353,12894,10,1089,0,1,1,31,0,23879,659,105.858862,-2.921437,0.035243,0.000000,0.000000,0.000000,-0.021729,-0.061768,1.007935,-1.237493,-3.565314,0.000000000,-0.000000000,0.000000000,-0.000000000,0.000000000,-0.000000000,13174851,13174854,13174854,13174856,13174857,13174870,13174871,13174890
1369,12904,10,1090,0,1,1,31,0,23879,659,105.858862,-2.921437,0.035000,0.000000,0.000000,0.000000,-0.021362,-0.062256,1.007935,-1.233316,-3.554094,0.000000000,-0.000000000,0.000000000,-0.000000000,0.000000000,-0.000000000,13184854,13184856,13184857,13184859,13184860,13184873,13184874,13184893
1385,12914,10,1091,0,1,1,31,0,23879,659,105.858862,-2.921437,0.034958,0.000000,0.000000,0.000000,-0.022827,-0.063354,1.009277,-1.242242,-3.552142,0.000000000,-0.000000000,0.000000000,-0.000000000,0.000000000,-0.000000000,13194854,13194856,13194857,13194859,13194860,13194873,13194874,13194893
1385,12924,10,1092,0,1,1,31,0,23879,659,105.858862,-2.921437,0.034920,0.000000,0.000000,0.000000,-0.022461,-0.062866,1.008545,-1.241013,-3.550387,0.000000000,-0.000000000,0.000000000,-0.000000000,0.000000000,-0.000000000,13204851,13204854,13204854,13204857,13204857,13204870,13204871,13204890
1401,12934,10,1093,0,1,1,31,0,23879,659,105.858862,-2.921437,0.035462,0.000000,0.000000,0.000000,-0.021606,-0.066284,1.008545,-1.240790,-3.575325,0.000000000,-0.000000000,0.000000000,-0.000000000,0.000000000,-0.000000000,13214853,13214855,13214856,13214859,13214859,13214872,13214873,13214892
1417,12944,10,1094,0,1,1,31,0,23879,659,105.858862,-2.921437,0.035464,0.000000,0.000000,0.000000,-0.021729,-0.063721,1.009521,-1.242219,-3.575397,0.000000000,-0.000000000,0.000000000,-0.000000000,0.000000000,-0.000000000,13224853,13224856,13224857,13224859,13224860,13224873,13224873,13224892
1417,12954,10,1095,0,1,1,31,0,23879,659,105.858862,-2.921437,0.035568,0.000000,0.000000,0.000000,-0.022461,-0.063477,1.008667,-1.243834,-3.580213,0.000000000,-0.000000000,0.000000000,-0.000000000,0.000000000,-0.000000000,13234851,13234854,13234855,13234857,13234858,13234871,13234871,13234891
1433,12964,10,1096,0,1,1,31,0,23879,659,105.858862,-2.921437,0.035672,0.000000,0.000000,0.000000,-0.021851,-0.064453,1.007080,-1.244033,-3.584968,0.000000000,-0.000000000,0.000000000,-0.000000000,0.000000000,-0.000000000,13244854,13244856,13244857,13244859,13244860,13244873,13244874,13244893
1433,12974,10,1097,0,1,1,31,0,23879,659,105.858862,-2.921437,0.035672,0.000000,0.000000,0.000000,-0.021973,-0.064087,1.008423,-1.241688,-3.584953,0.000000000,-0.000000000,0.000000000,-0.000000000,0.000000000,-0.000000000,13254854,13254857,13254857,13254860,13254860,13254874,13254875,13254894
1448,12984,10,1098,0,1,1,31,0,23879,659,105.858862,-2.921437,0.035501,0.000000,0.000000,0.000000,-0.022339,-0.062622,1.008301,-1.239997,-3.577071,0.000000000,-0.000000000,0.000000000,-0.000000000,0.000000000,-0.000000000,13264851,13264854,13264854,13264857,13264857,13264870,13264871,13264889
1464,12994,10,1099,0,1,1,31,0,23879,659,105.858862,-2.921437,0.035523,0.000000,0.000000,0.000000,-0.022705,-0.064697,1.009155,-1.246603,-3.578109,0.000000000,-0.000000000,0.000000000,-0.000000000,0.000000000,-0.000000000,13274853,13274856,13274857,13274859,13274860,13274872,13274873,13274892
1464,13004,10,1100,0,1,1,31,0,23879,659,105.858862,-2.921437,0.035452,0.000000,0.000000,0.000000,-0.022461,-0.062500,1.007812,-1.249826,-3.574857,0.000000000,-0.000000000,0.000000000,-0.000000000,0.000000000,-0.000000000,13284851,13284854,13284854,13284856,13284857,13284870,13284871,13284890
1479,13014,10,1101,0,1,1,31,0,23879,659,105.858862,-2.921437,0.035330,0.000000,0.000000,0.000000,-0.022217,-0.062500,1.007568,-1.252598,-3.569275,0.000000000,-0.000000000,0.000000000,-0.000000000,0.000000000,-0.000000000,13294851,13294854,13294855,13294857,13294857,13294870,13294871,13294890
1494,13024,10,1102,0,1,1,31,0,23879,659,105.858862,-2.921437,0.035234,0.000000,0.000000,0.000000,-0.022217,-0.062378,1.008545,-1.242867,-3.564875,0.000000000,-0.000000000,0.000000000,-0.000000000,0.000000000,-0.000000000,13304860,13304863,13304864,13304866,13304867,13304881,13304882,13304902
1494,13034,10,1103,0,1,1,31,0,23879,659,105.858862,-2.921437,0.035375,0.000000,0.000000,0.000000,-0.022339,-0.063599,1.009277,-1.239142,-3.571347,0.000000000,-0.000000000,0.000000000,-0.000000000,0.000000000,-0.000000000,13314855,13314858,13314858,13314861,13314861,13314875,13314875,13314894
1510,13044,10,1104,0,1,1,31,0,23879,659,105.858862,-2.921437,0.035334,0.000000,0.000000,0.000000,-0.022217,-0.063110,1.008179,-1.248011,-3.569463,0.000000000,-0.000000000,0.000000000,-0.000000000,0.000000000,-0.000000000,13324852,13324855,13324855,13324858,13324858,13324871,13324872,13324891
1526,13054,10,1105,0,1,1,31,0,23879,659,105.858862,-2.921437,0.035319,0.000000,0.000000,0.000000,-0.021118,-0.062988,1.008179,-1.241186,-3.568773,0.000000000,-0.000000000,0.000000000,-0.000000000,0.000000000,-0.000000000,13334854,13334857,13334857,13334860,13334860,13334873,13334874,13334893
1526,13064,10,1106,0,1,1,31,0,23879,659,105.858862,-2.921437,0.035402,0.000000,0.000000,0.000000,-0.023193,-0.063477,1.007568,-1.244009,-3.572626,0.000000000,-0.000000000,0.000000000,-0.000000000,0.000000000,-0.000000000,13344854,13344856,13344857,13344859,13344860,13344873,13344874,13344893
1542,13074,10,1107,0,1,1,31,0,23879,659,105.858862,-2.921437,0.035374,0.000000,0.000000,0.000000,-0.024170,-0.063354,1.007324,-1.254167,-3.571338,0.000000000,-0.000000000,0.000000000,-0.000000000,0.000000000,-0.000000000,13354851,13354854,13354855,13354857,13354858,13354871,13354871,13354891
1557,13084,10,1108,0,1,1,31,0,23879,659,105.858862,-2.921437,0.035520,0.000000,0.000000,0.000000,-0.021851,-0.063721,1.009277,-1.252239,-3.577949,0.000000000,-0.000000000,0.000000000,-0.000000000,0.000000000,-0.000000000,13364854,13364857,13364857,13364860,13364861,13364874,13364874,13364893
1557,13094,10,1109,0,1,1,31,0,23879,659,105.858862,-2.921437,0.035659,0.000000,0.000000,0.000000,-0.022461,-0.064087,1.008423,-1.254380,-3.584282,0.000000000,-0.000000000,0.000000000,-0.000000000,0.000000000,-0.000000000,13374854,13374857,13374858,13374860,13374861,13374875,13374875,13374894
1573,13104,10,1110,0,1,1,31,0,23879,659,105.858862,-2.921437,0.035460,0.000000,0.000000,0.000000,-0.021362,-0.061646,1.008545,-1.254202,-3.575281,0.000000000,-0.000000000,0.000000000,-0.000000000,0.000000000,-0.000000000,13384851,13384854,13384855,13384857,13384858,13384871,13384871,13384890
1573,13114,10,1111,0,1,1,31,0,23879,659,105.858862,-2.921437,0.035351,0.000000,0.000000,0.000000,-0.021729,-0.063110,1.008057,-1.252251,-3.570299,0.000000000,-0.000000000,0.000000000,-0.000000000,0.000000000,-0.000000000,13394853,13394856,13394857,13394859,13394860,13394873,13394873,13394892
1587,13124,10,1112,0,1,1,31,0,23879,659,105.858862,-2.921437,0.035620,0.000000,0.000000,0.000000,-0.022095,-0.064453,1.009155,-1.254181,-3.582564,0.000000000,-0.000000000,0.000000000,-0.000000000,0.000000000,-0.000000000,13404854,13404857,13404858,13404860,13404861,13404874,13404874,13404893
1603,13134,10,1113,0,1,1,31,0,23879,659,105.858862,-2.921437,0.035689,0.000000,0.000000,0.000000,-0.022705,-0.063599,1.008301,-1.255573,-3.585700,0.000000000,-0.000000000,0.000000000,-0.000000000,0.000000000,-0.000000000,13414851,13414854,13414854,13414857,13414857,13414870,13414871,13414889
1603,13144,10,1114,0,1,1,31,0,23879,659,105.858862,-2.921437,0.035589,0.000000,0.000000,0.000000,-0.021851,-0.062866,1.008423,-1.256909,-3.581151,0.000000000,-0.000000000,0.000000000,-0.000000000,0.000000000,-0.000000000,13424854,13424857,13424857,13424859,13424860,13424874,13424874,13424893
1618,13154,10,1115,0,1,1,31,0,23879,659,105.858862,-2.921437,0.035635,0.000000,0.000000,0.000000,-0.021851,-0.064575,1.008423,-1.256262,-3.583263,0.000000000,-0.000000000,0.000000000,-0.000000000,0.000000000,-0.000000000,13434853,13434856,13434857,13434859,13434860,13434873,13434873,13434892
1634,13164,10,1116,0,1,1,31,0,23879,659,105.858862,-2.921437,0.035827,0.000000,0.000000,0.000000,-0.021484,-0.064209,1.009521,-1.250398,-3.591984,0.000000000,-0.000000000,0.000000000,-0.000000000,0.000000000,-0.000000000,13444852,13444855,13444856,13444858,13444858,13444871,13444872,13444891
1634,13174,10,1117,0,1,1,31,0,23879,659,105.858862,-2.921437,0.035752,0.000000,0.000000,0.000000,-0.021606,-0.062866,1.008667,-1.245679,-3.588559,0.000000000,-0.000000000,0.000000000,-0.000000000,0.000000000,-0.000000000,13454853,13454856,13454857,13454859,13454860,13454873,13454873,13454892
1649,13184,10,1118,0,1,1,31,0,23879,659,105.858862,-2.921437,0.035856,0.000000,0.000000,0.000000,-0.022583,-0.064575,1.007812,-1.242976,-3.593326,0.000000000,-0.000000000,0.000000000,-0.000000000,0.000000000,-0.000000000,13464854,13464856,13464857,13464859,13464860,13464873,13464874,13464892
1665,13194,10,1119,0,1,1,31,0,23879,659,105.858862,-2.921437,0.035757,0.000000,0.000000,0.000000,-0.022949,-0.062988,1.008057,-1.252742,-3.588819,0.000000000,-0.000000000,0.000000000,-0.000000000,0.000000000,-0.000000000,13474852,13474855,13474855,13474858,13474858,13474871,13474872,13474891
1665,13204,10,1120,0,1,1,31,0,23879,659,105.858862,-2.921437,0.035618,0.000000,0.000000,0.000000,-0.022949,-0.062378,1.007935,-1.253940,-3.582478,0.000000000,-0.000000000,0.000000000,-0.000000000,0.000000000,-0.000000000,13484854,13484857,13484857,13484859,13484860,13484873,13484874,13484892
1681,13214,10,1121,0,1,1,31,0,23879,659,105.858862,-2.921437,0.035671,0.000000,0.000000,0.000000,-0.020996,-0.063721,1.007446,-1.247856,-3.584900,0.000000000,-0.000000000,0.000000000,-0.000000000,0.000000000,-0.000000000,13494853,13494856,13494857,13494859,13494860,13494873,13494873,13494892
1696,13224,10,1122,0,1,1,31,0,23879,659,105.858862,-2.921437,0.035772,0.000000,0.000000,0.000000,-0.021606,-0.063843,1.007812,-1.240321,-3.589532,0.000000000,-0.000000000,0.000000000,-0.000000000,0.000000000,-0.000000000,13504856,13504859,13504860,13504863,13504863,13504878,13504879,13504898
1696,13234,10,1123,0,1,1,31,0,23879,659,105.858862,-2.921437,0.035898,0.000000,0.000000,0.000000,-0.020630,-0.063965,1.007202,-1.238908,-3.595291,0.000000000,-0.000000000,0.000000000,-0.000000000,0.000000000,-0.000000000,13514855,13514858,13514859,13514861,13514862,13514876,13514877,13514895
1711,13244,10,1124,0,1,1,31,0,23879,659,105.858862,-2.921437,0.035776,0.000000,0.000000,0.000000,-0.021851,-0.062744,1.008423,-1.242029,-3.589676,0.000000000,-0.000000000,0.000000000,-0.000000000,0.000000000,-0.000000000,13524856,13524858,13524859,13524861,13524862,13524875,13524876,13524895
1727,13254,10,1125,0,1,1,31,0,23879,659,105.858862,-2.921437,0.035474,0.000000,0.000000,0.000000,-0.022461,-0.061768,1.008423,-1.251368,-3.575879,0.000000000,-0.000000000,0.000000000,-0.000000000,0.000000000,-0.000000000,13534852,13534855,13534856,13534858,13534859,13534872,13534873,13534892
1727,13264,10,1126,0,1,1,31,0,23879,659,105.858862,-2.921437,0.035342,0.000000,0.000000,0.000000,-0.021240,-0.062744,1.007935,-1.244166,-3.569863,0.000000000,-0.000000000,0.000000000,-0.000000000,0.000000000,-0.000000000,13544854,13544857,13544858,13544860,13544861,13544874,13544875,13544893
1743,13274,10,1127,0,1,1,31,0,23879,659,105.858862,-2.921437,0.035404,0.000000,0.000000,0.000000,-0.022461,-0.062744,1.008301,-1.237611,-3.572685,0.000000000,-0.000000000,0.000000000,-0.000000000,0.000000000,-0.000000000,13554854,13554857,13554857,13554860,13554861,13554873,13554874,13554893
1743,13284,10,1128,0,1,1,31,0,23879,659,105.858862,-2.921437,0.035379,0.000000,0.000000,0.000000,-0.022339,-0.063354,1.009033,-1.246156,-3.571547,0.000000000,-0.000000000,0.000000000,-0.000000000,0.000000000,-0.000000000,13564852,13564855,13564856,13564858,13564859,13564872,13564872,13564891
1758,13294,10,1129,0,1,1,31,0,23879,659,105.858862,-2.921437,0.035530,0.000000,0.000000,0.000000,-0.023315,-0.064331,1.009155,-1.255972,-3.578458,0.000000000,-0.000000000,0.000000000,-0.000000000,0.000000000,-0.000000000,13574854,13574857,13574858,13574860,13574861,13574873,13574874,13574893
1774,13304,10,1130,0,1,1,31,0,23879,659,105.858862,-2.921437,0.035550,0.000000,0.000000,0.000000,-0.020996,-0.063843,1.010132,-1.254950,-3.579353,0.000000000,-0.000000000,0.000000000,-0.000000000,0.000000000,-0.000000000,13584854,13584857,13584857,13584860,13584861,13584874,13584874,13584893
1774,13314,10,1131,0,1,1,31,0,23879,659,105.858862,-2.921437,0.035549,0.000000,0.000000,0.000000,-0.021973,-0.063965,1.008179,-1.246318,-3.579330,0.000000000,-0.000000000,0.000000000,-0.000000000,0.000000000,-0.000000000,13594851,13594854,13594855,13594857,13594857,13594870,13594871,13594890
1789,13324,10,1132,0,1,1,31,0,23879,659,105.858862,-2.921437,0.035742,0.000000,0.000000,0.000000,-0.021606,-0.064819,1.007568,-1.248162,-3.588110,0.000000000,-0.000000000,0.000000000,-0.000000000,0.000000000,-0.000000000,13604854,13604856,13604857,13604859,13604860,13604873,13604874,13604893
1805,13334,10,1133,0,1,1,31,0,23879,659,105.858862,-2.921437,0.035835,0.000000,0.000000,0.000000,-0.020752,-0.063477,1.008911,-1.241770,-3.592366,0.000000000,-0.000000000,0.000000000,-0.000000000,0.000000000,-0.000000000,13614853,13614856,13614857,13614859,13614860,13614873,13614873,13614892
1805,13344,10,1134,0,1,1,31,0,23879,659,105.858862,-2.921437,0.035933,0.000000,0.000000,0.000000,-0.021362,-0.063965,1.008057,-1.233916,-3.596914,0.000000000,-0.000000000,0.000000000,-0.000000000,0.000000000,-0.000000000,13624853,13624855,13624856,13624859,13624859,13624872,13624873,13624891
1820,13354,10,1135,0,1,1,31,0,23879,659,105.858862,-2.921437,0.035909,0.000000,0.000000,0.000000,-0.023071,-0.063477,1.008057,-1.238598,-3.595778,0.000000000,-0.000000000,0.000000000,-0.000000000,0.000000000,-0.000000000,13634854,13634856,13634857,13634859,13634860,13634873,13634874,13634893
1836,13364,10,1136,0,1,1,31,0,23879,659,105.858862,-2.921437,0.035817,0.000000,0.000000,0.000000,-0.022461,-0.062988,1.008301,-1.241351,-3.591549,0.000000000,-0.000000000,0.000000000,-0.000000000,0.000000000,-0.000000000,13644854,13644857,13644858,13644860,13644861,13644874,13644875,13644894
1836,13374,10,1137,0,1,1,31,0,23879,659,105.858862,-2.921437,0.035863,0.000000,0.000000,0.000000,-0.022583,-0.063843,1.009644,-1.246348,-3.593673,0.000000000,-0.000000000,0.000000000,-0.000000000,0.000000000,-0.000000000,13654852,13654855,13654855,13654858,13654858,13654871,13654872,13654891
1852,13384,10,1138,0,1,1,31,0,23879,659,105.858862,-2.921437,0.035756,0.000000,0.000000,0.000000,-0.021851,-0.062622,1.008911,-1.243012,-3.588777,0.000000000,-0.000000000,0.000000000,-0.000000000,0.000000000,-0.000000000,13664854,13664857,13664858,13664860,13664861,13664874,13664875,13664894
1867,13394,10,1139,0,1,1,31,0,23879,659,105.858862,-2.921437,0.035807,0.000000,0.000000,0.000000,-0.022095,-0.064453,1.009155,-1.244875,-3.591083,0.000000000,-0.000000000,0.000000000,-0.000000000,0.000000000,-0.000000000,13674854,13674857,13674857,13674860,13674861,13674873,13674874,13674893
1867,13404,10,1140,0,1,1,31,0,23879,659,105.858862,-2.921437,0.035516,0.000000,0.000000,0.000000,-0.022339,-0.061646,1.008179,-1.243135,-3.577742,0.000000000,-0.000000000,0.000000000,-0.000000000,0.000000000,-0.000000000,13684852,13684855,13684856,13684858,13684859,13684872,13684872,13684891
1883,13414,10,1141,0,1,1,31,0,23879,659,105.858862,-2.921437,0.035311,0.000000,0.000000,0.000000,-0.021973,-0.063110,1.008911,-1.242614,-3.568310,0.000000000,-0.000000000,0.000000000,-0.000000000,0.000000000,-0.000000000,13694854,13694857,13694858,13694860,13694861,13694873,13694874,13694893
1883,13424,10,1142,0,1,1,31,0,23879,659,105.858862,-2.921437,0.035514,0.000000,0.000000,0.000000,-0.022339,-0.063354,1.008667,-1.242967,-3.577657,0.000000000,-0.000000000,0.000000000,-0.000000000,0.000000000,-0.000000000,13704859,13704862,13704863,13704865,13704866,13704880,13704881,13704901
1898,13434,10,1143,0,1,1,31,0,23879,659,105.858862,-2.921437,0.035246,0.000000,0.000000,0.000000,-0.021484,-0.062256,1.009033,-1.235465,-3.565294,0.000000000,-0.000000000,0.000000000,-0.000000000,0.000000000,-0.000000000,13714853,13714856,13714857,13714859,13714859,13714873,13714874,13714893
1914,13444,10,1144,0,1,1,31,0,23879,659,105.858862,-2.921437,0.035394,0.000000,0.000000,0.000000,-0.023193,-0.064087,1.008545,-1.249880,-3.572052,0.000000000,-0.000000000,0.000000000,-0.000000000,0.000000000,-0.000000000,13724855,13724858,13724859,13724861,13724862,13724875,13724875,13724894
1914,13454,10,1145,0,1,1,31,0,23879,659,105.858862,-2.921437,0.035517,0.000000,0.000000,0.000000,-0.022949,-0.063965,1.008911,-1.258362,-3.577666,0.000000000,-0.000000000,0.000000000,-0.000000000,0.000000000,-0.000000000,13734854,13734857,13734857,13734860,13734860,13734873,13734874,13734893
1929,13464,10,1146,0,1,1,31,0,23879,659,105.858862,-2.921437,0.035649,0.000000,0.000000,0.000000,-0.022583,-0.064087,1.008057,-1.258986,-3.583645,0.000000000,-0.000000000,0.000000000,-0.000000000,0.000000000,-0.000000000,13744853,13744856,13744856,13744859,13744859,13744872,13744873,13744891
1944,13474,10,1147,0,1,1,31,0,23879,659,105.858862,-2.921437,0.035587,0.000000,0.000000,0.000000,-0.022217,-0.063354,1.008301,-1.257624,-3.580833,0.000000000,-0.000000000,0.000000000,-0.000000000,0.000000000,-0.000000000,13754854,13754857,13754857,13754860,13754860,13754873,13754874,13754893
1944,13484,10,1148,0,1,1,31,0,23879,659,105.858862,-2.921437,0.035928,0.000000,0.000000,0.000000,-0.022339,-0.065674,1.008789,-1.255326,-3.596366,0.000000000,-0.000000000,0.000000000,-0.000000000,0.000000000,-0.000000000,13764854,13764857,13764858,13764860,13764861,13764874,13764875,13764894
1960,13494,10,1149,0,1,1,31,0,23879,659,105.858862,-2.921437,0.035960,0.000000,0.000000,0.000000,-0.022705,-0.063843,1.008301,-1.258239,-3.597819,0.000000000,-0.000000000,0.000000000,-0.000000000,0.000000000,-0.000000000,13774852,13774855,13774856,13774858,13774859,13774872,13774873,13774891
1976,13504,10,1150,0,1,1,31,0,23879,659,105.858862,-2.921437,0.035844,0.000000,0.000000,0.000000,-0.023438,-0.063721,1.007935,-1.261712,-3.592534,0.000000000,-0.000000000,0.000000000,-0.000000000,0.000000000,-0.000000000,13784855,13784858,13784859,13784861,13784862,13784875,13784875,13784894
1976,13514,10,1151,0,1,1,31,0,23879,659,105.858862,-2.921437,0.035952,0.000000,0.000000,0.000000,-0.023193,-0.063232,1.008301,-1.268913,-3.597420,0.000000000,-0.000000000,0.000000000,-0.000000000,0.000000000,-0.000000000,13794854,13794857,13794857,13794860,13794860,13794873,13794874,13794893
1992,13524,10,1152,0,1,1,31,0,23879,659,105.858862,-2.921437,0.035759,0.000000,0.000000,0.000000,-0.021484,-0.062866,1.007935,-1.259906,-3.588735,0.000000000,-0.000000000,0.000000000,-0.000000000,0.000000000,-0.000000000,13804852,13804855,13804855,13804858,13804859,13804871,13804872,13804891
2008,13534,10,1153,0,1,1,31,0,23879,659,105.858862,-2.921437,0.035833,0.000000,0.000000,0.000000,-0.021606,-0.063843,1.008057,-1.256379,-3.592091,0.000000000,-0.000000000,0.000000000,-0.000000000,0.000000000,-0.000000000,13814855,13814857,13814858,13814861,13814861,13814874,13814875,13814894
2008,13544,10,1154,0,1,1,31,0,23879,659,105.858862,-2.921437,0.035846,0.000000,0.000000,0.000000,-0.021484,-0.063721,1.008667,-1.246539,-3.592677,0.000000000,-0.000000000,0.000000000,-0.000000000,0.000000000,-0.000000000,13824855,13824857,13824858,13824860,13824861,13824874,13824875,13824894
2023,13554,10,1155,0,1,1,31,0,23879,659,105.858862,-2.921437,0.035545,0.000000,0.000000,0.000000,-0.022583,-0.062378,1.008423,-1.246938,-3.578866,0.000000000,-0.000000000,0.000000000,-0.000000000,0.000000000,-0.000000000,13834852,13834854,13834855,13834857,13834858,13834871,13834872,13834891
2023,13564,10,1156,0,1,1,31,0,23879,659,105.858862,-2.921437,0.035311,0.000000,0.000000,0.000000,-0.023560,-0.062988,1.008911,-1.259418,-3.568170,0.000000000,-0.000000000,0.000000000,-0.000000000,0.000000000,-0.000000000,13844854,13844857,13844858,13844860,13844861,13844874,13844875,13844893
2038,13574,10,1157,0,1,1,31,0,23879,659,105.858862,-2.921437,0.035255,0.000000,0.000000,0.000000,-0.022949,-0.062988,1.007935,-1.269110,-3.565652,0.000000000,-0.000000000,0.000000000,-0.000000000,0.000000000,-0.000000000,13854854,13854857,13854858,13854860,13854860,13854873,13854874,13854893
2054,13584,10,1158,0,1,1,31,0,23879,659,105.858862,-2.921437,0.035092,0.000000,0.000000,0.000000,-0.021362,-0.062378,1.009033,-1.266645,-3.558323,0.000000000,-0.000000000,0.000000000,-0.000000000,0.000000000,-0.000000000,13864853,13864855,13864856,13864859,13864859,13864872,13864873,13864892
2054,13594,10,1159,0,1,1,31,0,23879,659,105.858862,-2.921437,0.035384,0.000000,0.000000,0.000000,-0.020874,-0.064331,1.008667,-1.256538,-3.571535,0.000000000,-0.000000000,0.000000000,-0.000000000,0.000000000,-0.000000000,13874854,13874857,13874857,13874860,13874860,13874873,13874874,13874893
2069,13604,10,1160,0,1,1,31,0,23879,659,105.858862,-2.921437,0.035418,0.000000,0.000000,0.000000,-0.022217,-0.063110,1.006958,-1.256392,-3.573070,0.000000000,-0.000000000,0.000000000,-0.000000000,0.000000000,-0.000000000,13884855,13884858,13884859,13884861,13884862,13884874,13884875,13884894
2085,13614,10,1161,0,1,1,31,0,23879,659,105.858862,-2.921437,0.035358,0.000000,0.000000,0.000000,-0.020996,-0.063232,1.008057,-1.248115,-3.570321,0.000000000,-0.000000000,0.000000000,-0.000000000,0.000000000,-0.000000000,13894853,13894856,13894857,13894859,13894860,13894872,13894873,13894892
2085,13624,10,1162,0,1,1,31,0,23879,659,105.858862,-2.921437,0.035373,0.000000,0.000000,0.000000,-0.021606,-0.064087,1.010254,-1.239648,-3.571025,0.000000000,-0.000000000,0.000000000,-0.000000000,0.000000000,-0.000000000,13904860,13904863,13904864,13904866,13904867,13904881,13904882,13904902
2101,13634,10,1163,0,1,1,31,0,23879,659,105.858862,-2.921437,0.035506,0.000000,0.000000,0.000000,-0.021362,-0.064697,1.009155,-1.229790,-3.577221,0.000000000,-0.000000000,0.000000000,-0.000000000,0.000000000,-0.000000000,13914856,13914859,13914859,13914862,13914863,13914876,13914877,13914896
2116,13644,10,1164,0,1,1,31,0,23879,659,105.858862,-2.921437,0.035504,0.000000,0.000000,0.000000,-0.022217,-0.063721,1.007690,-1.230200,-3.577115,0.000000000,-0.000000000,0.000000000,-0.000000000,0.000000000,-0.000000000,13924853,13924856,13924856,13924858,13924859,13924872,13924873,13924892
2116,13654,10,1165,0,1,1,31,0,23879,659,105.858862,-2.921437,0.035581,0.000000,0.000000,0.000000,-0.021484,-0.063232,1.007568,-1.226302,-3.580675,0.000000000,-0.000000000,0.000000000,-0.000000000,0.000000000,-0.000000000,13934855,13934858,13934858,13934861,13934861,13934874,13934875,13934894
2132,13664,10,1166,0,1,1,31,0,23879,659,105.858862,-2.921437,0.035629,0.000000,0.000000,0.000000,-0.022583,-0.063599,1.008301,-1.227919,-3.582924,0.000000000,-0.000000000,0.000000000,-0.000000000,0.000000000,-0.000000000,13944854,13944857,13944858,13944860,13944861,13944874,13944874,13944893
2147,13674,10,1167,0,1,1,31,0,23879,659,105.858862,-2.921437,0.035333,0.000000,0.000000,0.000000,-0.022705,-0.062866,1.008667,-1.238416,-3.569195,0.000000000,-0.000000000,0.000000000,-0.000000000,0.000000000,-0.000000000,13954852,13954855,13954856,13954858,13954859,13954872,13954873,13954891
2147,13684,10,1168,0,1,1,31,0,23879,659,105.858862,-2.921437,0.035282,0.000000,0.000000,0.000000,-0.022705,-0.064209,1.008911,-1.253121,-3.566844,0.000000000,-0.000000000,0.000000000,-0.000000000,0.000000000,-0.000000000,13964855,13964857,13964858,13964861,13964861,13964874,13964875,13964894
2162,13694,10,1169,0,1,1,31,0,23879,659,105.858862,-2.921437,0.035236,0.000000,0.000000,0.000000,-0.023071,-0.063354,1.009277,-1.254702,-3.564741,0.000000000,-0.000000000,0.000000000,-0.000000000,0.000000000,-0.000000000,13974854,13974857,13974858,13974860,13974861,13974874,13974874,13974893
2178,13704,10,1170,0,1,1,31,0,23879,659,105.858862,-2.921437,0.035397,0.000000,0.000000,0.000000,-0.023315,-0.064697,1.008057,-1.265333,-3.572006,0.000000000,-0.000000000,0.000000000,-0.000000000,0.000000000,-0.000000000,13984854,13984856,13984857,13984859,13984860,13984872,13984873,13984892
2178,13714,10,1171,0,1,1,31,0,23879,659,105.858862,-2.921437,0.035423,0.000000,0.000000,0.000000,-0.021118,-0.062866,1.008423,-1.258413,-3.573188,0.000000000,-0.000000000,0.000000000,-0.000000000,0.000000000,-0.000000000,13994854,13994857,13994858,13994860,13994861,13994874,13994874,13994893
2194,13724,10,1172,0,1,1,31,0,23879,659,105.858862,-2.921437,0.035220,0.000000,0.000000,0.000000,-0.021606,-0.062378,1.006958,-1.257149,-3.563983,0.000000000,-0.000000000,0.000000000,-0.000000000,0.000000000,-0.000000000,14004855,14004857,14004858,14004861,14004861,14004874,14004875,14004894
2194,13734,10,1173,0,1,1,31,0,23879,659,105.858862,-2.921437,0.035122,0.000000,0.000000,0.000000,-0.022217,-0.063232,1.008423,-1.253880,-3.559519,0.000000000,-0.000000000,0.000000000,-0.000000000,0.000000000,-0.000000000,14014853,14014856,14014857,14014859,14014860,14014873,14014873,14014892
2210,13744,10,1174,0,1,1,31,0,23879,659,105.858862,-2.921437,0.035179,0.000000,0.000000,0.000000,-0.023071,-0.062378,1.009399,-1.262035,-3.562134,0.000000000,-0.000000000,0.000000000,-0.000000000,0.000000000,-0.000000000,14024856,14024859,14024859,14024861,14024862,14024875,14024876,14024895
2225,13754,10,1175,0,1,1,31,0,23879,659,105.858862,-2.921437,0.035324,0.000000,0.000000,0.000000,-0.024048,-0.064453,1.007935,-1.268376,-3.568680,0.000000000,-0.000000000,0.000000000,-0.000000000,0.000000000,-0.000000000,14034853,14034855,14034856,14034859,14034859,14034872,14034873,14034891
2225,13764,10,1176,0,1,1,31,0,23879,659,105.858862,-2.921437,0.035437,0.000000,0.000000,0.000000,-0.021851,-0.063599,1.008667,-1.261803,-3.573769,0.000000000,-0.000000000,0.000000000,-0.000000000,0.000000000,-0.000000000,14044855,14044857,14044858,14044861,14044861,14044874,14044875,14044894
2241,13774,10,1177,0,1,1,31,0,23879,659,105.858862,-2.921437,0.035376,0.000000,0.000000,0.000000,-0.021973,-0.063965,1.007935,-1.262752,-3.571043,0.000000000,-0.000000000,0.000000000,-0.000000000,0.000000000,-0.000000000,14054854,14054857,14054858,14054860,14054861,14054873,14054874,14054893
2256,13784,10,1178,0,1,1,31,0,23879,659,105.858862,-2.921437,0.035668,0.000000,0.000000,0.000000,-0.022461,-0.064819,1.008667,-1.265973,-3.584218,0.000000000,-0.000000000,0.000000000,-0.000000000,0.000000000,-0.000000000,14064855,14064858,14064859,14064861,14064861,14064874,14064875,14064894
2256,13794,10,1179,0,1,1,31,0,23879,659,105.858862,-2.921437,0.035579,0.000000,0.000000,0.000000,-0.021729,-0.063232,1.008179,-1.260351,-3.580162,0.000000000,-0.000000000,0.000000000,-0.000000000,0.000000000,-0.000000000,14074852,14074855,14074856,14074858,14074859,14074871,14074872,14074891
2271,13804,10,1180,0,1,1,31,0,23879,659,105.858862,-2.921437,0.035624,0.000000,0.000000,0.000000,-0.020996,-0.063721,1.007446,-1.248020,-3.582230,0.000000000,-0.000000000,0.000000000,-0.000000000,0.000000000,-0.000000000,14084855,14084858,14084858,14084860,14084861,14084874,14084874,14084893
2287,13814,10,1181,0,1,1,31,0,23879,659,105.858862,-2.921437,0.035729,0.000000,0.000000,0.000000,-0.022583,-0.063965,1.008179,-1.248815,-3.587046,0.000000000,-0.000000000,0.000000000,-0.000000000,0.000000000,-0.000000000,14094855,14094858,14094858,14094860,14094861,14094874,14094874,14094893
2287,13824,10,1182,0,1,1,31,0,23879,659,105.858862,-2.921437,0.035816,0.000000,0.000000,0.000000,-0.022461,-0.064331,1.008301,-1.247659,-3.591038,0.000000000,-0.000000000,0.000000000,-0.000000000,0.000000000,-0.000000000,14104858,14104861,14104861,14104864,14104865,14104879,14104880,14104899
2303,13834,10,1183,0,1,1,31,0,23879,659,105.858862,-2.921437,0.035747,0.000000,0.000000,0.000000,-0.020874,-0.063477,1.007935,-1.235835,-3.587874,0.000000000,-0.000000000,0.000000000,-0.000000000,0.000000000,-0.000000000,14114857,14114860,14114860,14114863,14114863,14114877,14114878,14114897
2303,13844,10,1184,0,1,1,31,0,23879,659,105.858862,-2.921437,0.035814,0.000000,0.000000,0.000000,-0.020630,-0.064331,1.008545,-1.224137,-3.590970,0.000000000,-0.000000000,0.000000000,-0.000000000,0.000000000,-0.000000000,14124856,14124859,14124859,14124861,14124862,14124876,14124877,14124896
2318,13854,10,1185,0,1,1,31,0,23879,659,105.858862,-2.921437,0.035919,0.000000,0.000000,0.000000,-0.022339,-0.063721,1.008545,-1.224828,-3.595900,0.000000000,-0.000000000,0.000000000,-0.000000000,0.000000000,-0.000000000,14134853,14134856,14134856,14134859,14134859,14134872,14134873,14134891
2334,13864,10,1186,0,1,1,31,0,23879,659,105.858862,-2.921437,0.036026,0.000000,0.000000,0.000000,-0.022461,-0.063843,1.007080,-1.230311,-3.600841,0.000000000,-0.000000000,0.000000000,-0.000000000,0.000000000,-0.000000000,14144856,14144859,14144860,14144862,14144863,14144877,14144877,14144896
2334,13874,10,1187,0,1,1,31,0,23879,659,105.858862,-2.921437,0.035895,0.000000,0.000000,0.000000,-0.020630,-0.062988,1.007812,-1.220864,-3.594772,0.000000000,-0.000000000,0.000000000,-0.000000000,0.000000000,-0.000000000,14154856,14154859,14154860,14154862,14154863,14154876,14154877,14154896
2349,13884,10,1188,0,1,1,31,0,23879,659,105.858862,-2.921437,0.035772,0.000000,0.000000,0.000000,-0.020996,-0.062866,1.008545,-1.214861,-3.588977,0.000000000,-0.000000000,0.000000000,-0.000000000,0.000000000,-0.000000000,14164854,14164856,14164857,14164859,14164860,14164873,14164873,14164892
2365,13894,10,1189,0,1,1,31,0,23879,659,105.858862,-2.921437,0.035696,0.000000,0.000000,0.000000,-0.023071,-0.062988,1.007812,-1.226808,-3.585451,0.000000000,-0.000000000,0.000000000,-0.000000000,0.000000000,-0.000000000,14174855,14174858,14174858,14174861,14174861,14174874,14174875,14174894
2365,13904,10,1190,0,1,1,31,0,23879,659,105.858862,-2.921437,0.035753,0.000000,0.000000,0.000000,-0.021729,-0.063477,1.008545,-1.226261,-3.588107,0.000000000,-0.000000000,0.000000000,-0.000000000,0.000000000,-0.000000000,14184855,14184858,14184859,14184861,14184862,14184875,14184876,14184894
2380,13914,10,1191,0,1,1,31,0,23879,659,105.858862,-2.921437,0.035679,0.000000,0.000000,0.000000,-0.020630,-0.063599,1.008057,-1.217363,-3.584638,0.000000000,-0.000000000,0.000000000,-0.000000000,0.000000000,-0.000000000,14194853,14194856,14194857,14194859,14194860,14194873,14194873,14194892
2395,13924,10,1192,0,1,1,31,0,23879,659,105.858862,-2.921437,0.035633,0.000000,0.000000,0.000000,-0.020752,-0.062744,1.008179,-1.208925,-3.582460,0.000000000,-0.000000000,0.000000000,-0.000000000,0.000000000,-0.000000000,14204856,14204858,14204859,14204861,14204862,14204875,14204876,14204894
2395,13934,10,1193,0,1,1,31,0,23879,659,105.858862,-2.921437,0.035686,0.000000,0.000000,0.000000,-0.023193,-0.064697,1.008667,-1.222309,-3.584949,0.000000000,-0.000000000,0.000000000,-0.000000000,0.000000000,-0.000000000,14214855,14214858,14214858,14214861,14214861,14214874,14214875,14214894
2410,13944,10,1194,0,1,1,31,0,23879,659,105.858862,-2.921437,0.035590,0.000000,0.000000,0.000000,-0.021851,-0.062988,1.009399,-1.228802,-3.580462,0.000000000,-0.000000000,0.000000000,-0.000000000,0.000000000,-0.000000000,14224853,14224855,14224856,14224859,14224859,14224872,14224873,14224892
2427,13954,10,1195,0,1,1,31,0,23879,659,105.858862,-2.921437,0.035614,0.000000,0.000000,0.000000,-0.023438,-0.062988,1.006592,-1.236945,-3.581575,0.000000000,-0.000000000,0.000000000,-0.000000000,0.000000000,-0.000000000,14234855,14234858,14234859,14234861,14234862,14234875,14234876,14234894
2427,13964,10,1196,0,1,1,31,0,23879,659,105.858862,-2.921437,0.035492,0.000000,0.000000,0.000000,-0.022705,-0.063110,1.008545,-1.246877,-3.575994,0.000000000,-0.000000000,0.000000000,-0.000000000,0.000000000,-0.000000000,14244855,14244858,14244858,14244860,14244861,14244874,14244875,14244893
2441,13974,10,1197,0,1,1,31,0,23879,659,105.858862,-2.921437,0.035509,0.000000,0.000000,0.000000,-0.022217,-0.064087,1.008789,-1.246908,-3.576742,0.000000000,-0.000000000,0.000000000,-0.000000000,0.000000000,-0.000000000,14254853,14254855,14254856,14254858,14254859,14254872,14254872,14254891
2458,13984,10,1198,0,1,1,31,0,23879,659,105.858862,-2.921437,0.035637,0.000000,0.000000,0.000000,-0.022949,-0.064087,1.008667,-1.246223,-3.582612,0.000000000,-0.000000000,0.000000000,-0.000000000,0.000000000,-0.000000000,14264856,14264859,14264859,14264862,14264862,14264875,14264876,14264895
2458,13994,10,1199,0,1,1,31,0,23879,659,105.858862,-2.921437,0.035614,0.000000,0.000000,0.000000,-0.023438,-0.063477,1.008545,-1.260569,-3.581561,0.000000000,-0.000000000,0.000000000,-0.000000000,0.000000000,-0.000000000,14274856,14274859,14274859,14274861,14274862,14274875,14274876,14274895
2473,14004,10,1200,0,1,1,31,0,23879,659,105.858862,-2.921437,0.035627,0.000000,0.000000,0.000000,-0.022583,-0.063599,1.008301,-1.267669,-3.582171,0.000000000,-0.000000000,0.000000000,-0.000000000,0.000000000,-0.000000000,14284854,14284856,14284857,14284859,14284860,14284873,14284874,14284893
2473,14014,10,1201,0,1,1,31,0,23879,659,105.858862,-2.921437,0.035391,0.000000,0.000000,0.000000,-0.022583,-0.062378,1.009033,-1.270517,-3.571560,0.000000000,-0.000000000,0.000000000,-0.000000000,0.000000000,-0.000000000,14294855,14294858,14294859,14294861,14294862,14294875,14294876,14294894
2489,14024,10,1202,0,1,1,31,0,23879,659,105.858862,-2.921437,0.035414,0.000000,0.000000,0.000000,-0.021606,-0.062988,1.007568,-1.257927,-3.572581,0.000000000,-0.000000000,0.000000000,-0.000000000,0.000000000,-0.000000000,14304861,14304864,14304864,14304867,14304867,14304882,14304883,14304902
2505,14034,10,1203,0,1,1,31,0,23879,659,105.858862,-2.921437,0.035199,0.000000,0.000000,0.000000,-0.021973,-0.062500,1.008301,-1.254376,-3.562788,0.000000000,-0.000000000,0.000000000,-0.000000000,0.000000000,-0.000000000,14314854,14314857,14314858,14314860,14314861,14314874,14314875,14314894
2505,14044,10,1204,0,1,1,31,0,23879,659,105.858862,-2.921437,0.035384,0.000000,0.000000,0.000000,-0.020508,-0.064209,1.008301,-1.241702,-3.571254,0.000000000,-0.000000000,0.000000000,-0.000000000,0.000000000,-0.000000000,14324857,14324860,14324861,14324863,14324863,14324876,14324877,14324896
2520,14054,10,1205,0,1,1,31,0,23879,659,105.858862,-2.921437,0.035768,0.000000,0.000000,0.000000,-0.021973,-0.065308,1.007935,-1.239343,-3.588963,0.000000000,-0.000000000,0.000000000,-0.000000000,0.000000000,-0.000000000,14334856,14334859,14334859,14334861,14334862,14334875,14334876,14334895
2535,14064,10,1206,0,1,1,31,0,23879,659,105.858862,-2.921437,0.035899,0.000000,0.000000,0.000000,-0.021362,-0.064453,1.009155,-1.236886,-3.594991,0.000000000,-0.000000000,0.000000000,-0.000000000,0.000000000,-0.000000000,14344853,14344856,14344856,14344859,14344859,14344872,14344873,14344892
2535,14074,10,1207,0,1,1,31,0,23879,659,105.858862,-2.921437,0.036053,0.000000,0.000000,0.000000,-0.020142,-0.064697,1.008057,-1.231646,-3.602107,0.000000000,-0.000000000,0.000000000,-0.000000000,0.000000000,-0.000000000,14354856,14354858,14354859,14354861,14354862,14354875,14354876,14354895
2551,14084,10,1208,0,1,1,31,0,23879,659,105.858862,-2.921437,0.036141,0.000000,0.000000,0.000000,-0.022339,-0.064941,1.009399,-1.230992,-3.606174,0.000000000,-0.000000000,0.000000000,-0.000000000,0.000000000,-0.000000000,14364855,14364858,14364859,14364861,14364862,14364875,14364876,14364895
2567,14094,10,1209,0,1,1,31,0,23879,659,105.858862,-2.921437,0.036202,0.000000,0.000000,0.000000,-0.020752,-0.064209,1.007446,-1.224710,-3.609029,0.000000000,-0.000000000,0.000000000,-0.000000000,0.000000000,-0.000000000,14374853,14374856,14374856,14374859,14374859,14374872,14374873,14374892
2567,14104,10,1210,0,1,1,31,0,23879,659,105.858862,-2.921437,0.036218,0.000000,0.000000,0.000000,-0.023193,-0.064331,1.007446,-1.236058,-3.609758,0.000000000,-0.000000000,0.000000000,-0.000000000,0.000000000,-0.000000000,14384856,14384859,14384860,14384862,14384862,14384875,14384876,14384895
2582,14114,10,1211,0,1,1,31,0,23879,659,105.858862,-2.921437,0.036141,0.000000,0.000000,0.000000,-0.021118,-0.063232,1.008789,-1.237592,-3.606223,0.000000000,-0.000000000,0.000000000,-0.000000000,0.000000000,-0.000000000,14394855,14394858,14394859,14394861,14394861,14394874,14394875,14394894
2597,14124,10,1212,0,1,1,31,0,23879,659,105.858862,-2.921437,0.036197,0.000000,0.000000,0.000000,-0.022461,-0.064209,1.007568,-1.240206,-3.608804,0.000000000,-0.000000000,0.000000000,-0.000000000,0.000000000,-0.000000000,14404854,14404856,14404857,14404859,14404860,14404873,14404874,14404893
2597,14134,10,1213,0,1,1,31,0,23879,659,105.858862,-2.921437,0.036404,0.000000,0.000000,0.000000,-0.022217,-0.065674,1.008789,-1.238596,-3.618347,0.000000000,-0.000000000,0.000000000,-0.000000000,0.000000000,-0.000000000,14414855,14414858,14414859,14414861,14414862,14414875,14414875,14414894
2613,14144,10,1214,0,1,1,31,0,23879,659,105.858862,-2.921437,0.036357,0.000000,0.000000,0.000000,-0.022095,-0.062988,1.008545,-1.235559,-3.616143,0.000000000,-0.000000000,0.000000000,-0.000000000,0.000000000,-0.000000000,14424855,14424858,14424859,14424861,14424862,14424875,14424876,14424895
2613,14154,10,1215,0,1,1,31,0,23879,659,105.858862,-2.921437,0.036186,0.000000,0.000000,0.000000,-0.021851,-0.063843,1.007324,-1.236709,-3.608250,0.000000000,-0.000000000,0.000000000,-0.000000000,0.000000000,-0.000000000,14434853,14434856,14434857,14434859,14434860,14434873,14434873,14434892
2629,14164,10,1216,0,1,1,31,0,23879,659,105.858862,-2.921437,0.036137,0.000000,0.000000,0.000000,-0.022095,-0.063477,1.007935,-1.242104,-3.606019,0.000000000,-0.000000000,0.000000000,-0.000000000,0.000000000,-0.000000000,14444855,14444858,14444858,14444860,14444861,14444874,14444874,14444893
2645,14174,10,1217,0,1,1,31,0,23879,659,105.858862,-2.921437,0.036058,0.000000,0.000000,0.000000,-0.021729,-0.063599,1.007812,-1.238361,-3.602361,0.000000000,-0.000000000,0.000000000,-0.000000000,0.000000000,-0.000000000,14454855,14454858,14454858,14454861,14454862,14454875,14454875,14454895
2645,14184,10,1218,0,1,1,31,0,23879,659,105.858862,-2.921437,0.035872,0.000000,0.000000,0.000000,-0.020874,-0.063110,1.008545,-1.237059,-3.593793,0.000000000,-0.000000000,0.000000000,-0.000000000,0.000000000,-0.000000000,14464854,14464857,14464858,14464860,14464861,14464874,14464875,14464894
2660,14194,10,1219,0,1,1,31,0,23879,659,105.858862,-2.921437,0.035695,0.000000,0.000000,0.000000,-0.021973,-0.062378,1.009033,-1.227038,-3.585580,0.000000000,-0.000000000,0.000000000,-0.000000000,0.000000000,-0.000000000,14474856,14474859,14474860,14474862,14474863,14474876,14474876,14474895
2676,14204,10,1220,0,1,1,31,0,23879,659,105.858862,-2.921437,0.035556,0.000000,0.000000,0.000000,-0.021362,-0.063354,1.009521,-1.225532,-3.579092,0.000000000,-0.000000000,0.000000000,-0.000000000,0.000000000,-0.000000000,14484853,14484856,14484857,14484859,14484860,14484873,14484873,14484892
2676,14214,10,1221,0,1,1,31,0,23879,659,105.858862,-2.921437,0.035638,0.000000,0.000000,0.000000,-0.021729,-0.064453,1.009033,-1.226230,-3.582950,0.000000000,-0.000000000,0.000000000,-0.000000000,0.000000000,-0.000000000,14494856,14494859,14494860,14494862,14494863,14494876,14494877,14494896
2691,14224,10,1222,0,1,1,31,0,23879,659,105.858862,-2.921437,0.035493,0.000000,0.000000,0.000000,-0.022095,-0.063232,1.009766,-1.231904,-3.576195,0.000000000,-0.000000000,0.000000000,-0.000000000,0.000000000,-0.000000000,14504862,14504865,14504865,14504868,14504868,14504884,14504884,14504904
2707,14234,10,1223,0,1,1,31,0,23879,659,105.858862,-2.921437,0.035752,0.000000,0.000000,0.000000,-0.020874,-0.065186,1.007568,-1.231812,-3.588180,0.000000000,-0.000000000,0.000000000,-0.000000000,0.000000000,-0.000000000,14514857,14514860,14514861,14514863,14514863,14514876,14514877,14514896
2707,14244,10,1224,0,1,1,31,0,23879,659,105.858862,-2.921437,0.035982,0.000000,0.000000,0.000000,-0.022705,-0.064697,1.008545,-1.238792,-3.598812,0.000000000,-0.000000000,0.000000000,-0.000000000,0.000000000,-0.000000000,14524854,14524856,14524857,14524859,14524860,14524873,14524874,14524893
2722,14254,10,1225,0,1,1,31,0,23879,659,105.858862,-2.921437,0.035718,0.000000,0.000000,0.000000,-0.021851,-0.062256,1.009521,-1.237687,-3.586646,0.000000000,-0.000000000,0.000000000,-0.000000000,0.000000000,-0.000000000,14534856,14534859,14534860,14534862,14534863,14534876,14534876,14534895
2737,14264,10,1226,0,1,1,31,0,23879,659,105.858862,-2.921437,0.035747,0.000000,0.000000,0.000000,-0.020386,-0.063721,1.009277,-1.232838,-3.587983,0.000000000,-0.000000000,0.000000000,-0.000000000,0.000000000,-0.000000000,14544856,14544859,14544860,14544862,14544863,14544876,14544876,14544895
2737,14274,10,1227,0,1,1,31,0,23879,659,105.858862,-2.921437,0.035672,0.000000,0.000000,0.000000,-0.020874,-0.063599,1.008301,-1.226868,-3.584514,0.000000000,-0.000000000,0.000000000,-0.000000000,0.000000000,-0.000000000,14554854,14554856,14554857,14554859,14554860,14554873,14554874,14554893
2753,14284,10,1228,0,1,1,31,0,23879,659,105.858862,-2.921437,0.035831,0.000000,0.000000,0.000000,-0.021484,-0.064331,1.009155,-1.227208,-3.591873,0.000000000,-0.000000000,0.000000000,-0.000000000,0.000000000,-0.000000000,14564855,14564858,14564859,14564861,14564861,14564874,14564875,14564894
2753,14294,10,1229,0,1,1,31,0,23879,659,105.858862,-2.921437,0.035863,0.000000,0.000000,0.000000,-0.021729,-0.063599,1.008911,-1.226617,-3.593358,0.000000000,-0.000000000,0.000000000,-0.000000000,0.000000000,-0.000000000,14574856,14574858,14574859,14574861,14574862,14574875,14574876,14574895
2768,14304,10,1230,0,1,1,31,0,23879,659,105.858862,-2.921437,0.035825,0.000000,0.000000,0.000000,-0.023682,-0.063965,1.007690,-1.238417,-3.591587,0.000000000,-0.000000000,0.000000000,-0.000000000,0.000000000,-0.000000000,14584855,14584857,14584858,14584860,14584861,14584874,14584875,14584894
2784,14314,10,1231,0,1,1,31,0,23879,659,105.858862,-2.921437,0.035877,0.000000,0.000000,0.000000,-0.021362,-0.064331,1.008789,-1.243535,-3.593971,0.000000000,-0.000000000,0.000000000,-0.000000000,0.000000000,-0.000000000,14594857,14594860,14594860,14594863,14594863,14594876,14594877,14594896
2784,14324,10,1232,0,1,1,31,0,23879,659,105.858862,-2.921437,0.035896,0.000000,0.000000,0.000000,-0.022339,-0.063110,1.008911,-1.241436,-3.594838,0.000000000,-0.000000000,0.000000000,-0.000000000,0.000000000,-0.000000000,14604856,14604859,14604859,14604862,14604862,14604876,14604876,14604896
2800,14334,10,1233,0,1,1,31,0,23879,659,105.858862,-2.921437,0.035764,0.000000,0.000000,0.000000,-0.022461,-0.062744,1.007812,-1.248382,-3.588794,0.000000000,-0.000000000,0.000000000,-0.000000000,0.000000000,-0.000000000,14614853,14614856,14614857,14614859,14614859,14614873,14614873,14614892
2815,14344,10,1234,0,1,1,31,0,23879,659,105.858862,-2.921437,0.035760,0.000000,0.000000,0.000000,-0.021729,-0.063721,1.006836,-1.247072,-3.588616,0.000000000,-0.000000000,0.000000000,-0.000000000,0.000000000,-0.000000000,14624856,14624858,14624859,14624861,14624862,14624875,14624876,14624895
2815,14354,10,1235,0,1,1,31,0,23879,659,105.858862,-2.921437,0.035892,0.000000,0.000000,0.000000,-0.020630,-0.064209,1.007812,-1.239179,-3.594700,0.000000000,-0.000000000,0.000000000,-0.000000000,0.000000000,-0.000000000,14634856,14634859,14634860,14634862,14634863,14634876,14634877,14634896
2831,14364,10,1236,0,1,1,31,0,23879,659,105.858862,-2.921437,0.035947,0.000000,0.000000,0.000000,-0.021851,-0.063110,1.008911,-1.237069,-3.597201,0.000000000,-0.000000000,0.000000000,-0.000000000,0.000000000,-0.000000000,14644854,14644856,14644857,14644859,14644860,14644873,14644874,14644893
2846,14374,10,1237,0,1,1,31,0,23879,659,105.858862,-2.921437,0.035907,0.000000,0.000000,0.000000,-0.020996,-0.063599,1.008179,-1.236028,-3.595386,0.000000000,-0.000000000,0.000000000,-0.000000000,0.000000000,-0.000000000,14654857,14654860,14654860,14654863,14654863,14654876,14654877,14654896
2846,14384,10,1238,0,1,1,31,0,23879,659,105.858862,-2.921437,0.035955,0.000000,0.000000,0.000000,-0.021729,-0.064575,1.008545,-1.234315,-3.597575,0.000000000,-0.000000000,0.000000000,-0.000000000,0.000000000,-0.000000000,14664856,14664859,14664860,14664862,14664862,14664875,14664876,14664895
2862,14394,10,1239,0,1,1,31,0,23879,659,105.858862,-2.921437,0.035796,0.000000,0.000000,0.000000,-0.021973,-0.062866,1.008667,-1.238183,-3.590271,0.000000000,-0.000000000,0.000000000,-0.000000000,0.000000000,-0.000000000,14674853,14674856,14674857,14674859,14674860,14674872,14674873,14674892
2878,14404,10,1240,0,1,1,31,0,23879,659,105.858862,-2.921437,0.035718,0.000000,0.000000,0.000000,-0.023071,-0.062744,1.008545,-1.241334,-3.586640,0.000000000,-0.000000000,0.000000000,-0.000000000,0.000000000,-0.000000000,14684857,14684860,14684860,14684863,14684863,14684876,14684877,14684896
2878,14414,10,1241,0,1,1,31,0,23879,659,105.858862,-2.921437,0.035467,0.000000,0.000000,0.000000,-0.022949,-0.062988,1.007690,-1.247483,-3.575100,0.000000000,-0.000000000,0.000000000,-0.000000000,0.000000000,-0.000000000,14694856,14694859,14694860,14694862,14694863,14694876,14694877,14694895
2893,14424,10,1242,0,1,1,31,0,23879,659,105.858862,-2.921437,0.035496,0.000000,0.000000,0.000000,-0.022339,-0.062622,1.008667,-1.250492,-3.576446,0.000000000,-0.000000000,0.000000000,-0.000000000,0.000000000,-0.000000000,14704861,14704864,14704865,14704867,14704868,14704882,14704883,14704902
2893,14434,10,1243,0,1,1,31,0,23879,659,105.858862,-2.921437,0.035706,0.000000,0.000000,0.000000,-0.020142,-0.065186,1.009155,-1.241296,-3.586068,0.000000000,-0.000000000,0.000000000,-0.000000000,0.000000000,-0.000000000,14714857,14714860,14714861,14714863,14714864,14714877,14714878,14714897
2909,14444,10,1244,0,1,1,31,0,23879,659,105.858862,-2.921437,0.035929,0.000000,0.000000,0.000000,-0.021118,-0.064819,1.009399,-1.229966,-3.596384,0.000000000,-0.000000000,0.000000000,-0.000000000,0.000000000,-0.000000000,14724857,14724860,14724860,14724863,14724863,14724876,14724877,14724896
2925,14454,10,1245,0,1,1,31,0,23879,659,105.858862,-2.921437,0.035936,0.000000,0.000000,0.000000,-0.022827,-0.064453,1.009155,-1.238350,-3.596703,0.000000000,-0.000000000,0.000000000,-0.000000000,0.000000000,-0.000000000,14734854,14734857,14734858,14734860,14734861,14734874,14734875,14734894
2925,14464,10,1246,0,1,1,31,0,23879,659,105.858862,-2.921437,0.036039,0.000000,0.000000,0.000000,-0.022949,-0.064697,1.009644,-1.248657,-3.601399,0.000000000,-0.000000000,0.000000000,-0.000000000,0.000000000,-0.000000000,14744857,14744859,14744860,14744862,14744863,14744876,14744876,14744895
2940,14474,10,1247,0,1,1,31,0,23879,659,105.858862,-2.921437,0.035941,0.000000,0.000000,0.000000,-0.022583,-0.064209,1.008179,-1.250889,-3.596926,0.000000000,-0.000000000,0.000000000,-0.000000000,0.000000000,-0.000000000,14754856,14754859,14754860,14754862,14754863,14754876,14754876,14754895
2956,14484,10,1248,0,1,1,31,0,23879,659,105.858862,-2.921437,0.035785,0.000000,0.000000,0.000000,-0.022461,-0.062622,1.007324,-1.251840,-3.589820,0.000000000,-0.000000000,0.000000000,-0.000000000,0.000000000,-0.000000000,14764854,14764856,14764857,14764859,14764860,14764873,14764873,14764892
2956,14494,10,1249,0,1,1,31,0,23879,659,105.858862,-2.921437,0.035836,0.000000,0.000000,0.000000,-0.020386,-0.064209,1.008301,-1.245943,-3.592154,0.000000000,-0.000000000,0.000000000,-0.000000000,0.000000000,-0.000000000,14774856,14774859,14774860,14774862,14774862,14774875,14774876,14774895
2972,14504,10,1250,0,1,1,31,0,23879,659,105.858862,-2.921437,0.035950,0.000000,0.000000,0.000000,-0.023315,-0.064209,1.008789,-1.247891,-3.597370,0.000000000,-0.000000000,0.000000000,-0.000000000,0.000000000,-0.000000000,14784857,14784859,14784860,14784863,14784863,14784876,14784877,14784896
2987,14514,10,1251,0,1,1,31,0,23879,659,105.858862,-2.921437,0.036076,0.000000,0.000000,0.000000,-0.020996,-0.064087,1.009399,-1.247110,-3.603140,0.000000000,-0.000000000,0.000000000,-0.000000000,0.000000000,-0.000000000,14794854,14794857,14794857,14794860,14794860,14794873,14794874,14794893
2987,14524,10,1252,0,1,1,31,0,23879,659,105.858862,-2.921437,0.036202,0.000000,0.000000,0.000000,-0.022949,-0.065063,1.007080,-1.260613,-3.608829,0.000000000,-0.000000000,0.000000000,-0.000000000,0.000000000,-0.000000000,14804857,14804860,14804861,14804863,14804863,14804876,14804877,14804895
3002,14534,10,1253,0,1,1,31,0,23879,659,105.858862,-2.921437,0.036141,0.000000,0.000000,0.000000,-0.022339,-0.063843,1.007446,-1.260454,-3.606097,0.000000000,-0.000000000,0.000000000,-0.000000000,0.000000000,-0.000000000,14814854,14814857,14814858,14814860,14814861,14814873,14814874,14814893
3018,14544,10,1254,0,1,1,31,0,23879,659,105.858862,-2.921437,0.036015,0.000000,0.000000,0.000000,-0.022583,-0.063599,1.008911,-1.265118,-3.600366,0.000000000,-0.000000000,0.000000000,-0.000000000,0.000000000,-0.000000000,14824857,14824860,14824860,14824862,14824863,14824876,14824876,14824895
3018,14554,10,1255,0,1,1,31,0,23879,659,105.858862,-2.921437,0.036015,0.000000,0.000000,0.000000,-0.021606,-0.063232,1.009155,-1.262856,-3.600393,0.000000000,-0.000000000,0.000000000,-0.000000000,0.000000000,-0.000000000,14834857,14834860,14834860,14834863,14834863,14834876,14834877,14834895
3033,14564,10,1256,0,1,1,31,0,23879,659,105.858862,-2.921437,0.035824,0.000000,0.000000,0.000000,-0.021484,-0.063354,1.009155,-1.251481,-3.591709,0.000000000,-0.000000000,0.000000000,-0.000000000,0.000000000,-0.000000000,14844857,14844860,14844861,14844863,14844864,14844877,14844877,14844896
3033,14574,10,1257,0,1,1,31,0,23879,659,105.858862,-2.921437,0.035913,0.000000,0.000000,0.000000,-0.020264,-0.064087,1.007812,-1.241117,-3.595780,0.000000000,-0.000000000,0.000000000,-0.000000000,0.000000000,-0.000000000,14854854,14854857,14854858,14854860,14854861,14854873,14854874,14854893
3048,14584,10,1258,0,1,1,31,0,23879,659,105.858862,-2.921437,0.035972,0.000000,0.000000,0.000000,-0.021973,-0.064087,1.008179,-1.236474,-3.598477,0.000000000,-0.000000000,0.000000000,-0.000000000,0.000000000,-0.000000000,14864857,14864860,14864861,14864863,14864864,14864877,14864878,14864897
3064,14594,10,1259,0,1,1,31,0,23879,659,105.858862,-2.921437,0.036007,0.000000,0.000000,0.000000,-0.023193,-0.063721,1.009155,-1.247740,-3.600103,0.000000000,-0.000000000,0.000000000,-0.000000000,0.000000000,-0.000000000,14874856,14874859,14874860,14874862,14874863,14874876,14874876,14874896
3064,14604,10,1260,0,1,1,31,0,23879,659,105.858862,-2.921437,0.035975,0.000000,0.000000,0.000000,-0.021606,-0.063354,1.008423,-1.245862,-3.598641,0.000000000,-0.000000000,0.000000000,-0.000000000,0.000000000,-0.000000000,14884854,14884857,14884858,14884860,14884861,14884874,14884875,14884894
3081,14614,10,1261,0,1,1,31,0,23879,659,105.858862,-2.921437,0.035916,0.000000,0.000000,0.000000,-0.021362,-0.063477,1.009033,-1.240086,-3.595935,0.000000000,-0.000000000,0.000000000,-0.000000000,0.000000000,-0.000000000,14894857,14894859,14894860,14894863,14894863,14894876,14894877,14894896
3097,14624,10,1262,0,1,1,31,0,23879,659,105.858862,-2.921437,0.035570,0.000000,0.000000,0.000000,-0.021729,-0.062378,1.008301,-1.233408,-3.579968,0.000000000,-0.000000000,0.000000000,-0.000000000,0.000000000,-0.000000000,14904861,14904864,14904865,14904868,14904868,14904883,14904884,14904903
3097,14634,10,1263,0,1,1,31,0,23879,659,105.858862,-2.921437,0.035383,0.000000,0.000000,0.000000,-0.021851,-0.062378,1.008789,-1.228409,-3.571255,0.000000000,-0.000000000,0.000000000,-0.000000000,0.000000000,-0.000000000,14914855,14914858,14914859,14914861,14914862,14914875,14914876,14914895
3112,14644,10,1264,0,1,1,31,0,23879,659,105.858862,-2.921437,0.035538,0.000000,0.000000,0.000000,-0.021118,-0.064453,1.007568,-1.224023,-3.578496,0.000000000,-0.000000000,0.000000000,-0.000000000,0.000000000,-0.000000000,14924857,14924860,14924861,14924863,14924864,14924877,14924878,14924897
3127,14654,10,1265,0,1,1,31,0,23879,659,105.858862,-2.921437,0.035651,0.000000,0.000000,0.000000,-0.022339,-0.063965,1.008545,-1.236713,-3.583728,0.000000000,-0.000000000,0.000000000,-0.000000000,0.000000000,-0.000000000,14934856,14934859,14934860,14934863,14934863,14934877,14934877,14934896
3127,14664,10,1266,0,1,1,31,0,23879,659,105.858862,-2.921437,0.035653,0.000000,0.000000,0.000000,-0.021851,-0.064087,1.008179,-1.236872,-3.583808,0.000000000,-0.000000000,0.000000000,-0.000000000,0.000000000,-0.000000000,14944855,14944858,14944858,14944861,14944861,14944874,14944875,14944894
3143,14674,10,1267,0,1,1,31,0,23879,659,105.858862,-2.921437,0.035770,0.000000,0.000000,0.000000,-0.023193,-0.064575,1.008545,-1.244235,-3.589186,0.000000000,-0.000000000,0.000000000,-0.000000000,0.000000000,-0.000000000,14954856,14954859,14954860,14954862,14954863,14954876,14954877,14954896
3157,14684,10,1268,0,1,1,31,0,23879,659,105.858862,-2.921437,0.035929,0.000000,0.000000,0.000000,-0.021729,-0.064087,1.008179,-1.247981,-3.596456,0.000000000,-0.000000000,0.000000000,-0.000000000,0.000000000,-0.000000000,14964856,14964859,14964860,14964862,14964863,14964876,14964877,14964895
3157,14694,10,1269,0,1,1,31,0,23879,659,105.858862,-2.921437,0.035672,0.000000,0.000000,0.000000,-0.022095,-0.062988,1.008301,-1.243488,-3.584702,0.000000000,-0.000000000,0.000000000,-0.000000000,0.000000000,-0.000000000,14974854,14974857,14974857,14974860,14974861,14974873,14974874,14974893
3174,14704,10,1270,0,1,1,31,0,23879,659,105.858862,-2.921437,0.035995,0.000000,0.000000,0.000000,-0.021729,-0.065674,1.008179,-1.238395,-3.599547,0.000000000,-0.000000000,0.000000000,-0.000000000,0.000000000,-0.000000000,14984857,14984860,14984860,14984863,14984863,14984876,14984877,14984896
3174,14714,10,1271,0,1,1,31,0,23879,659,105.858862,-2.921437,0.035932,0.000000,0.000000,0.000000,-0.021362,-0.063599,1.007935,-1.234617,-3.596647,0.000000000,-0.000000000,0.000000000,-0.000000000,0.000000000,-0.000000000,14994856,14994859,14994860,14994862,14994862,14994875,14994876,14994895
3189,14724,10,1272,0,1,1,31,0,23879,659,105.858862,-2.921437,0.035917,0.000000,0.000000,0.000000,-0.022217,-0.063354,1.008301,-1.239701,-3.595971,0.000000000,-0.000000000,0.000000000,-0.000000000,0.000000000,-0.000000000,15004855,15004858,15004858,15004860,15004861,15004873,15004874,15004893
3204,14734,10,1273,0,1,1,31,0,23879,659,105.858862,-2.921437,0.035732,0.000000,0.000000,0.000000,-0.022217,-0.062622,1.008423,-1.240027,-3.587454,0.000000000,-0.000000000,0.000000000,-0.000000000,0.000000000,-0.000000000,15014857,15014860,15014860,15014863,15014863,15014876,15014877,15014896
3204,14744,10,1274,0,1,1,31,0,23879,659,105.858862,-2.921437,0.035612,0.000000,0.000000,0.000000,-0.021362,-0.063599,1.008423,-1.240424,-3.581931,0.000000000,-0.000000000,0.000000000,-0.000000000,0.000000000,-0.000000000,15024857,15024860,15024861,15024863,15024863,15024876,15024877,15024896
3220,14754,10,1275,0,1,1,31,0,23879,659,105.858862,-2.921437,0.035600,0.000000,0.000000,0.000000,-0.022217,-0.063354,1.007812,-1.236707,-3.581379,0.000000000,-0.000000000,0.000000000,-0.000000000,0.000000000,-0.000000000,15034854,15034857,15034858,15034860,15034861,15034874,15034874,15034893
3235,14764,10,1276,0,1,1,31,0,23879,659,105.858862,-2.921437,0.035556,0.000000,0.000000,0.000000,-0.020996,-0.063232,1.008179,-1.235440,-3.579337,0.000000000,-0.000000000,0.000000000,-0.000000000,0.000000000,-0.000000000,15044857,15044860,15044861,15044863,15044864,15044877,15044877,15044896
3235,14774,10,1277,0,1,1,31,0,23879,659,105.858862,-2.921437,0.035677,0.000000,0.000000,0.000000,-0.022705,-0.063232,1.007568,-1.245119,-3.584948,0.000000000,-0.000000000,0.000000000,-0.000000000,0.000000000,-0.000000000,15054857,15054860,15054861,15054863,15054863,15054876,15054877,15054896
3250,14784,10,1278,0,1,1,31,0,23879,659,105.858862,-2.921437,0.035793,0.000000,0.000000,0.000000,-0.021484,-0.064941,1.009277,-1.235554,-3.590288,0.000000000,-0.000000000,0.000000000,-0.000000000,0.000000000,-0.000000000,15064855,15064857,15064858,15064861,15064861,15064874,15064875,15064894
3265,14794,10,1279,0,1,1,31,0,23879,659,105.858862,-2.921437,0.035725,0.000000,0.000000,0.000000,-0.020508,-0.062866,1.008301,-1.222208,-3.587094,0.000000000,-0.000000000,0.000000000,-0.000000000,0.000000000,-0.000000000,15074856,15074859,15074860,15074863,15074863,15074876,15074877,15074896
3265,14804,10,1280,0,1,1,31,0,23879,659,105.858862,-2.921437,0.035656,0.000000,0.000000,0.000000,-0.021240,-0.064209,1.007446,-1.220027,-3.583914,0.000000000,-0.000000000,0.000000000,-0.000000000,0.000000000,-0.000000000,15084857,15084860,15084860,15084863,15084863,15084876,15084877,15084895
3281,14814,10,1281,0,1,1,31,0,23879,659,105.858862,-2.921437,0.035709,0.000000,0.000000,0.000000,-0.022217,-0.063354,1.008179,-1.228376,-3.586395,0.000000000,-0.000000000,0.000000000,-0.000000000,0.000000000,-0.000000000,15094855,15094858,15094858,15094861,15094861,15094874,15094875,15094894
3297,14824,10,1282,0,1,1,31,0,23879,659,105.858862,-2.921437,0.035880,0.000000,0.000000,0.000000,-0.021118,-0.064941,1.006958,-1.227491,-3.594296,0.000000000,-0.000000000,0.000000000,-0.000000000,0.000000000,-0.000000000,15104862,15104865,15104866,15104869,15104869,15104884,15104885,15104904
3297,14834,10,1283,0,1,1,31,0,23879,659,105.858862,-2.921437,0.035829,0.000000,0.000000,0.000000,-0.021362,-0.063110,1.008301,-1.222707,-3.591912,0.000000000,-0.000000000,0.000000000,-0.000000000,0.000000000,-0.000000000,15114858,15114861,15114862,15114864,15114865,15114878,15114879,15114898
3312,14844,10,1284,0,1,1,31,0,23879,659,105.858862,-2.921437,0.035559,0.000000,0.000000,0.000000,-0.021729,-0.062500,1.008667,-1.228440,-3.579363,0.000000000,-0.000000000,0.000000000,-0.000000000,0.000000000,-0.000000000,15124855,15124858,15124859,15124861,15124862,15124874,15124875,15124894
3329,14854,10,1285,0,1,1,31,0,23879,659,105.858862,-2.921437,0.035746,0.000000,0.000000,0.000000,-0.021362,-0.065186,1.008667,-1.223372,-3.588079,0.000000000,-0.000000000,0.000000000,-0.000000000,0.000000000,-0.000000000,15134857,15134860,15134861,15134863,15134864,15134877,15134878,15134897
3329,14864,10,1286,0,1,1,31,0,23879,659,105.858862,-2.921437,0.035616,0.000000,0.000000,0.000000,-0.022461,-0.062744,1.008057,-1.231169,-3.582036,0.000000000,-0.000000000,0.000000000,-0.000000000,0.000000000,-0.000000000,15144855,15144858,15144858,15144860,15144861,15144874,15144875,15144894
3344,14874,10,1287,0,1,1,31,0,23879,659,105.858862,-2.921437,0.035390,0.000000,0.000000,0.000000,-0.021851,-0.062744,1.007446,-1.232833,-3.571589,0.000000000,-0.000000000,0.000000000,-0.000000000,0.000000000,-0.000000000,15154858,15154860,15154861,15154863,15154864,15154877,15154878,15154897
3344,14884,10,1288,0,1,1,31,0,23879,659,105.858862,-2.921437,0.035406,0.000000,0.000000,0.000000,-0.021851,-0.063354,1.008789,-1.231384,-3.572328,0.000000000,-0.000000000,0.000000000,-0.000000000,0.000000000,-0.000000000,15164858,15164860,15164861,15164863,15164864,15164877,15164878,15164897
3360,14894,10,1289,0,1,1,31,0,23879,659,105.858862,-2.921437,0.035253,0.000000,0.000000,0.000000,-0.023071,-0.062988,1.008057,-1.240362,-3.565225,0.000000000,-0.000000000,0.000000000,-0.000000000,0.000000000,-0.000000000,15174857,15174860,15174861,15174863,15174864,15174877,15174877,15174896
3375,14904,10,1290,0,1,1,31,0,23879,659,105.858862,-2.921437,0.035273,0.000000,0.000000,0.000000,-0.022217,-0.063843,1.009033,-1.241131,-3.566136,0.000000000,-0.000000000,0.000000000,-0.000000000,0.000000000,-0.000000000,15184855,15184858,15184859,15184861,15184862,15184875,15184875,15184895
3375,14914,10,1291,0,1,1,31,0,23879,659,105.858862,-2.921437,0.035544,0.000000,0.000000,0.000000,-0.022095,-0.064819,1.009644,-1.243836,-3.578622,0.000000000,-0.000000000,0.000000000,-0.000000000,0.000000000,-0.000000000,15194857,15194860,15194861,15194863,15194864,15194876,15194877,15194896
3391,14924,10,1292,0,1,1,31,0,23879,659,105.858862,-2.921437,0.035576,0.000000,0.000000,0.000000,-0.021851,-0.063843,1.008789,-1.245968,-3.580052,0.000000000,-0.000000000,0.000000000,-0.000000000,0.000000000,-0.000000000,15204859,15204862,15204863,15204865,15204866,15204878,15204879,15204898
3406,14934,10,1293,0,1,1,31,0,23879,659,105.858862,-2.921437,0.035654,0.000000,0.000000,0.000000,-0.021729,-0.063354,1.008301,-1.243813,-3.583632,0.000000000,-0.000000000,0.000000000,-0.000000000,0.000000000,-0.000000000,15214855,15214858,15214859,15214861,15214861,15214874,15214875,15214894
3406,14944,10,1294,0,1,1,31,0,23879,659,105.858862,-2.921437,0.035543,0.000000,0.000000,0.000000,-0.022583,-0.063354,1.010010,-1.251790,-3.578547,0.000000000,-0.000000000,0.000000000,-0.000000000,0.000000000,-0.000000000,15224858,15224860,15224861,15224863,15224864,15224877,15224878,15224897
3422,14954,10,1295,0,1,1,31,0,23879,659,105.858862,-2.921437,0.035679,0.000000,0.000000,0.000000,-0.022339,-0.064209,1.008057,-1.256743,-3.584770,0.000000000,-0.000000000,0.000000000,-0.000000000,0.000000000,-0.000000000,15234857,15234860,15234861,15234863,15234864,15234877,15234877,15234896
3438,14964,10,1296,0,1,1,31,0,23879,659,105.858862,-2.921437,0.035855,0.000000,0.000000,0.000000,-0.021729,-0.064087,1.008545,-1.248697,-3.592787,0.000000000,-0.000000000,0.000000000,-0.000000000,0.000000000,-0.000000000,15244856,15244859,15244860,15244862,15244862,15244875,15244876,15244895
3438,14974,10,1297,0,1,1,31,0,23879,659,105.858862,-2.921437,0.035845,0.000000,0.000000,0.000000,-0.022461,-0.062988,1.008667,-1.248510,-3.592322,0.000000000,-0.000000000,0.000000000,-0.000000000,0.000000000,-0.000000000,15254856,15254859,15254860,15254862,15254863,15254876,15254877,15254896
3453,14984,10,1298,0,1,1,31,0,23879,659,105.858862,-2.921437,0.035802,0.000000,0.000000,0.000000,-0.023315,-0.063477,1.008423,-1.261396,-3.590366,0.000000000,-0.000000000,0.000000000,-0.000000000,0.000000000,-0.000000000,15264857,15264860,15264861,15264863,15264864,15264877,15264878,15264896
3453,14994,10,1299,0,1,1,31,0,23879,659,105.858862,-2.921437,0.035634,0.000000,0.000000,0.000000,-0.022583,-0.063232,1.008789,-1.260291,-3.582732,0.000000000,-0.000000000,0.000000000,-0.000000000,0.000000000,-0.000000000,15274854,15274857,15274858,15274860,15274861,15274874,15274875,15274894
3469,15004,10,1300,0,1,1,31,0,23879,659,105.858862,-2.921437,0.035741,0.000000,0.000000,0.000000,-0.022217,-0.063965,1.008179,-1.251395,-3.587606,0.000000000,-0.000000000,0.000000000,-0.000000000,0.000000000,-0.000000000,15284858,15284861,15284861,15284863,15284864,15284877,15284878,15284897
3484,15014,10,1301,0,1,1,31,0,23879,659,105.858862,-2.921437,0.035578,0.000000,0.000000,0.000000,-0.023438,-0.062744,1.009033,-1.261967,-3.580218,0.000000000,-0.000000000,0.000000000,-0.000000000,0.000000000,-0.000000000,15294857,15294860,15294860,15294863,15294863,15294876,15294877,15294896
3484,15024,10,1302,0,1,1,31,0,23879,659,105.858862,-2.921437,0.035438,0.000000,0.000000,0.000000,-0.022339,-0.063110,1.009155,-1.261061,-3.573891,0.000000000,-0.000000000,0.000000000,-0.000000000,0.000000000,-0.000000000,15304860,15304863,15304864,15304867,15304867,15304882,15304883,15304902
3500,15034,10,1303,0,1,1,31,0,23879,659,105.858862,-2.921437,0.035658,0.000000,0.000000,0.000000,-0.023804,-0.064575,1.008911,-1.276896,-3.583761,0.000000000,-0.000000000,0.000000000,-0.000000000,0.000000000,-0.000000000,15314859,15314862,15314863,15314865,15314866,15314879,15314880,15314899
3515,15044,10,1304,0,1,1,31,0,23879,659,105.858862,-2.921437,0.035688,0.000000,0.000000,0.000000,-0.021606,-0.063354,1.008789,-1.263644,-3.585103,0.000000000,-0.000000000,0.000000000,-0.000000000,0.000000000,-0.000000000,15324859,15324861,15324862,15324865,15324865,15324878,15324879,15324898
3515,15054,10,1305,0,1,1,31,0,23879,659,105.858862,-2.921437,0.035831,0.000000,0.000000,0.000000,-0.022583,-0.064453,1.009155,-1.263684,-3.591544,0.000000000,-0.000000000,0.000000000,-0.000000000,0.000000000,-0.000000000,15334855,15334858,15334859,15334861,15334862,15334874,15334875,15334894
3531,15064,10,1306,0,1,1,31,0,23879,659,105.858862,-2.921437,0.035929,0.000000,0.000000,0.000000,-0.020630,-0.064697,1.010010,-1.247133,-3.596019,0.000000000,-0.000000000,0.000000000,-0.000000000,0.000000000,-0.000000000,15344858,15344861,15344861,15344864,15344864,15344877,15344878,15344897
3546,15074,10,1307,0,1,1,31,0,23879,659,105.858862,-2.921437,0.036083,0.000000,0.000000,0.000000,-0.020630,-0.064331,1.008545,-1.236247,-3.603096,0.000000000,-0.000000000,0.000000000,-0.000000000,0.000000000,-0.000000000,15354858,15354861,15354861,15354863,15354864,15354877,15354878,15354897
3546,15084,10,1308,0,1,1,31,0,23879,659,105.858862,-2.921437,0.036222,0.000000,0.000000,0.000000,-0.022827,-0.064819,1.008789,-1.235696,-3.609567,0.000000000,-0.000000000,0.000000000,-0.000000000,0.000000000,-0.000000000,15364855,15364858,15364859,15364861,15364862,15364875,15364875,15364894
3562,15094,10,1309,0,1,1,31,0,23879,659,105.858862,-2.921437,0.036300,0.000000,0.000000,0.000000,-0.022949,-0.064209,1.008545,-1.243714,-3.613131,0.000000000,-0.000000000,0.000000000,-0.000000000,0.000000000,-0.000000000,15374858,15374860,15374861,15374863,15374864,15374877,15374878,15374897
3577,15104,10,1310,0,1,1,31,0,23879,659,105.858862,-2.921437,0.035982,0.000000,0.000000,0.000000,-0.021240,-0.062988,1.008911,-1.233943,-3.598473,0.000000000,-0.000000000,0.000000000,-0.000000000,0.000000000,-0.000000000,15384858,15384861,15384862,15384864,15384864,15384878,15384878,15384897
3577,15114,10,1311,0,1,1,31,0,23879,659,105.858862,-2.921437,0.035882,0.000000,0.000000,0.000000,-0.021973,-0.063965,1.008545,-1.233927,-3.593847,0.000000000,-0.000000000,0.000000000,-0.000000000,0.000000000,-0.000000000,15394856,15394858,15394859,15394861,15394862,15394875,15394876,15394895
3593,15124,10,1312,0,1,1,31,0,23879,659,105.858862,-2.921437,0.035878,0.000000,0.000000,0.000000,-0.021851,-0.063477,1.009399,-1.234978,-3.593676,0.000000000,-0.000000000,0.000000000,-0.000000000,0.000000000,-0.000000000,15404858,15404860,15404861,15404863,15404864,15404877,15404878,15404896
3593,15134,10,1313,0,1,1,31,0,23879,659,105.858862,-2.921437,0.035674,0.000000,0.000000,0.000000,-0.023315,-0.062378,1.008301,-1.246169,-3.584268,0.000000000,-0.000000000,0.000000000,-0.000000000,0.000000000,-0.000000000,15414857,15414860,15414861,15414863,15414864,15414877,15414877,15414896
3609,15144,10,1314,0,1,1,31,0,23879,659,105.858862,-2.921437,0.035612,0.000000,0.000000,0.000000,-0.022095,-0.063599,1.008911,-1.249266,-3.581473,0.000000000,-0.000000000,0.000000000,-0.000000000,0.000000000,-0.000000000,15424856,15424858,15424859,15424861,15424862,15424875,15424875,15424894
3625,15154,10,1315,0,1,1,31,0,23879,659,105.858862,-2.921437,0.035748,0.000000,0.000000,0.000000,-0.024048,-0.064087,1.009766,-1.259681,-3.587656,0.000000000,-0.000000000,0.000000000,-0.000000000,0.000000000,-0.000000000,15434857,15434860,15434861,15434863,15434863,15434876,15434877,15434896
3625,15164,10,1316,0,1,1,31,0,23879,659,105.858862,-2.921437,0.035852,0.000000,0.000000,0.000000,-0.022339,-0.064331,1.008301,-1.262718,-3.592383,0.000000000,-0.000000000,0.000000000,-0.000000000,0.000000000,-0.000000000,15444858,15444860,15444861,15444863,15444864,15444877,15444878,15444896
3640,15174,10,1317,0,1,1,31,0,23879,659,105.858862,-2.921437,0.035893,0.000000,0.000000,0.000000,-0.021851,-0.064087,1.007690,-1.259984,-3.594212,0.000000000,-0.000000000,0.000000000,-0.000000000,0.000000000,-0.000000000,15454855,15454857,15454858,15454861,15454861,15454874,15454875,15454894
3656,15184,10,1318,0,1,1,31,0,23879,659,105.858862,-2.921437,0.036020,0.000000,0.000000,0.000000,-0.022217,-0.064331,1.007324,-1.254568,-3.599978,0.000000000,-0.000000000,0.000000000,-0.000000000,0.000000000,-0.000000000,15464857,15464860,15464861,15464863,15464864,15464877,15464877,15464896
3656,15194,10,1319,0,1,1,31,0,23879,659,105.858862,-2.921437,0.035995,0.000000,0.000000,0.000000,-0.021973,-0.063477,1.009888,-1.255921,-3.598871,0.000000000,-0.000000000,0.000000000,-0.000000000,0.000000000,-0.000000000,15474855,15474858,15474859,15474861,15474862,15474875,15474876,15474894
3672,15204,10,1320,0,1,1,31,0,23879,659,105.858862,-2.921437,0.035833,0.000000,0.000000,0.000000,-0.023560,-0.062134,1.008911,-1.261650,-3.591495,0.000000000,-0.000000000,0.000000000,-0.000000000,0.000000000,-0.000000000,15484858,15484861,15484861,15484864,15484864,15484877,15484878,15484897
3687,15214,10,1321,0,1,1,31,0,23879,659,105.858862,-2.921437,0.035849,0.000000,0.000000,0.000000,-0.022705,-0.064087,1.008301,-1.261762,-3.592213,0.000000000,-0.000000000,0.000000000,-0.000000000,0.000000000,-0.000000000,15494857,15494860,15494860,15494863,15494863,15494876,15494877,15494896
3687,15224,10,1322,0,1,1,31,0,23879,659,105.858862,-2.921437,0.035726,0.000000,0.000000,0.000000,-0.021973,-0.062378,1.008179,-1.255345,-3.586622,0.000000000,-0.000000000,0.000000000,-0.000000000,0.000000000,-0.000000000,15504863,15504865,15504866,15504869,15504869,15504884,15504885,15504904
3702,15234,10,1323,0,1,1,31,0,23879,659,105.858862,-2.921437,0.035603,0.000000,0.000000,0.000000,-0.022095,-0.062866,1.008545,-1.248954,-3.581021,0.000000000,-0.000000000,0.000000000,-0.000000000,0.000000000,-0.000000000,15514857,15514860,15514860,15514863,15514863,15514877,15514877,15514897
3718,15244,10,1324,0,1,1,31,0,23879,659,105.858862,-2.921437,0.035562,0.000000,0.000000,0.000000,-0.022339,-0.063354,1.008667,-1.245398,-3.579154,0.000000000,-0.000000000,0.000000000,-0.000000000,0.000000000,-0.000000000,15524859,15524861,15524862,15524864,15524865,15524878,15524879,15524898
3718,15254,10,1325,0,1,1,31,0,23879,659,105.858862,-2.921437,0.035609,0.000000,0.000000,0.000000,-0.022827,-0.063965,1.007568,-1.253712,-3.581289,0.000000000,-0.000000000,0.000000000,-0.000000000,0.000000000,-0.000000000,15534857,15534860,15534861,15534863,15534864,15534876,15534877,15534896
3734,15264,10,1326,0,1,1,31,0,23879,659,105.858862,-2.921437,0.035612,0.000000,0.000000,0.000000,-0.022583,-0.062866,1.008789,-1.260231,-3.581446,0.000000000,-0.000000000,0.000000000,-0.000000000,0.000000000,-0.000000000,15544855,15544858,15544859,15544861,15544862,15544875,15544875,15544894
3734,15274,10,1327,0,1,1,31,0,23879,659,105.858862,-2.921437,0.035725,0.000000,0.000000,0.000000,-0.023315,-0.064209,1.008789,-1.261919,-3.586560,0.000000000,-0.000000000,0.000000000,-0.000000000,0.000000000,-0.000000000,15554858,15554861,15554862,15554864,15554865,15554878,15554879,15554897
3749,15284,10,1328,0,1,1,31,0,23879,659,105.858862,-2.921437,0.035793,0.000000,0.000000,0.000000,-0.021240,-0.063721,1.007812,-1.248869,-3.589640,0.000000000,-0.000000000,0.000000000,-0.000000000,0.000000000,-0.000000000,15564858,15564861,15564862,15564864,15564865,15564878,15564878,15564897
3764,15294,10,1329,0,1,1,31,0,23879,659,105.858862,-2.921437,0.035949,0.000000,0.000000,0.000000,-0.021729,-0.064575,1.008057,-1.246231,-3.596797,0.000000000,-0.000000000,0.000000000,-0.000000000,0.000000000,-0.000000000,15574855,15574858,15574859,15574861,15574861,15574874,15574875,15574894
3764,15304,10,1330,0,1,1,31,0,23879,659,105.858862,-2.921437,0.036003,0.000000,0.000000,0.000000,-0.022339,-0.065063,1.008057,-1.248444,-3.599232,0.000000000,-0.000000000,0.000000000,-0.000000000,0.000000000,-0.000000000,15584859,15584861,15584862,15584864,15584865,15584878,15584878,15584897
3780,15314,10,1331,0,1,1,31,0,23879,659,105.858862,-2.921437,0.036301,0.000000,0.000000,0.000000,-0.022583,-0.065430,1.008667,-1.255320,-3.612846,0.000000000,-0.000000000,0.000000000,-0.000000000,0.000000000,-0.000000000,15594858,15594860,15594861,15594863,15594864,15594877,15594877,15594896
3811,15324,10,1332,0,1,1,31,0,23879,659,105.858862,-2.921437,0.036388,0.000000,0.000000,0.000000,-0.022461,-0.065063,1.008057,-1.259885,-3.616761,0.000000000,-0.000000000,0.000000000,-0.000000000,0.000000000,-0.000000000,15604856,15604859,15604859,15604862,15604862,15604875,15604876,15604895
3811,15334,10,1333,0,1,1,31,0,23879,659,105.858862,-2.921437,0.036319,0.000000,0.000000,0.000000,-0.022705,-0.064209,1.007812,-1.258778,-3.613653,0.000000000,-0.000000000,0.000000000,-0.000000000,0.000000000,-0.000000000,15614858,15614860,15614861,15614863,15614864,15614877,15614878,15614897
3811,15344,10,1334,0,1,1,31,0,23879,659,105.858862,-2.921437,0.036104,0.000000,0.000000,0.000000,-0.021729,-0.063354,1.008911,-1.257781,-3.603917,0.000000000,-0.000000000,0.000000000,-0.000000000,0.000000000,-0.000000000,15624858,15624860,15624861,15624863,15624864,15624877,15624878,15624896
3827,15354,10,1335,0,1,1,31,0,23879,659,105.858862,-2.921437,0.036355,0.000000,0.000000,0.000000,-0.020874,-0.064819,1.007324,-1.248177,-3.615302,0.000000000,-0.000000000,0.000000000,-0.000000000,0.000000000,-0.000000000,15634855,15634858,15634859,15634861,15634861,15634874,15634875,15634894
3827,15364,10,1336,0,1,1,31,0,23879,659,105.858862,-2.921437,0.036255,0.000000,0.000000,0.000000,-0.022705,-0.064819,1.009033,-1.249883,-3.610735,0.000000000,-0.000000000,0.000000000,-0.000000000,0.000000000,-0.000000000,15644859,15644861,15644862,15644864,15644865,15644878,15644878,15644897
3843,15374,10,1337,0,1,1,31,0,23879,659,105.858862,-2.921437,0.036255,0.000000,0.000000,0.000000,-0.021606,-0.064331,1.008545,-1.249688,-3.610763,0.000000000,-0.000000000,0.000000000,-0.000000000,0.000000000,-0.000000000,15654857,15654860,15654861,15654863,15654864,15654877,15654877,15654896
3858,15384,10,1338,0,1,1,31,0,23879,659,105.858862,-2.921437,0.036147,0.000000,0.000000,0.000000,-0.022217,-0.063232,1.008545,-1.250981,-3.605789,0.000000000,-0.000000000,0.000000000,-0.000000000,0.000000000,-0.000000000,15664856,15664859,15664859,15664862,15664862,15664875,15664876,15664894
3858,15394,10,1339,0,1,1,31,0,23879,659,105.858862,-2.921437,0.036359,0.000000,0.000000,0.000000,-0.023438,-0.065430,1.009033,-1.264911,-3.615436,0.000000000,-0.000000000,0.000000000,-0.000000000,0.000000000,-0.000000000,15674858,15674861,15674861,15674864,15674864,15674877,15674878,15674897
3874,15404,10,1340,0,1,1,31,0,23879,659,105.858862,-2.921437,0.036412,0.000000,0.000000,0.000000,-0.022217,-0.063843,1.006958,-1.265435,-3.617820,0.000000000,-0.000000000,0.000000000,-0.000000000,0.000000000,-0.000000000,15684858,15684861,15684862,15684864,15684865,15684878,15684879,15684898
3874,15414,10,1341,0,1,1,31,0,23879,659,105.858862,-2.921437,0.036451,0.000000,0.000000,0.000000,-0.023193,-0.064331,1.009033,-1.263904,-3.619573,0.000000000,-0.000000000,0.000000000,-0.000000000,0.000000000,-0.000000000,15694856,15694859,15694859,15694862,15694862,15694875,15694876,15694894
3890,15424,10,1342,0,1,1,31,0,23879,659,105.858862,-2.921437,0.036240,0.000000,0.000000,0.000000,-0.023193,-0.063843,1.008545,-1.269389,-3.610063,0.000000000,-0.000000000,0.000000000,-0.000000000,0.000000000,-0.000000000,15704864,15704867,15704867,15704870,15704871,15704885,15704886,15704905
3906,15434,10,1343,0,1,1,31,0,23879,659,105.858862,-2.921437,0.036218,0.000000,0.000000,0.000000,-0.020752,-0.064453,1.008057,-1.253789,-3.609056,0.000000000,-0.000000000,0.000000000,-0.000000000,0.000000000,-0.000000000,15714859,15714862,15714863,15714865,15714866,15714879,15714880,15714899
3906,15444,10,1344,0,1,1,31,0,23879,659,105.858862,-2.921437,0.036352,0.000000,0.000000,0.000000,-0.022949,-0.064087,1.007935,-1.256663,-3.615160,0.000000000,-0.000000000,0.000000000,-0.000000000,0.000000000,-0.000000000,15724857,15724860,15724860,15724863,15724863,15724876,15724877,15724896
3922,15454,10,1345,0,1,1,31,0,23879,659,105.858862,-2.921437,0.036269,0.000000,0.000000,0.000000,-0.020630,-0.063232,1.008667,-1.253458,-3.611425,0.000000000,-0.000000000,0.000000000,-0.000000000,0.000000000,-0.000000000,15734858,15734861,15734862,15734864,15734865,15734878,15734879,15734898
3936,15464,10,1346,0,1,1,31,0,23879,659,105.858862,-2.921437,0.036134,0.000000,0.000000,0.000000,-0.021973,-0.063354,1.009155,-1.246088,-3.605239,0.000000000,-0.000000000,0.000000000,-0.000000000,0.000000000,-0.000000000,15744859,15744861,15744862,15744865,15744865,15744878,15744879,15744898
3936,15474,10,1347,0,1,1,31,0,23879,659,105.858862,-2.921437,0.036027,0.000000,0.000000,0.000000,-0.021240,-0.063843,1.009033,-1.241310,-3.600302,0.000000000,-0.000000000,0.000000000,-0.000000000,0.000000000,-0.000000000,15754856,15754859,15754859,15754862,15754862,15754876,15754877,15754895
3952,15484,10,1348,0,1,1,31,0,23879,659,105.858862,-2.921437,0.035752,0.000000,0.000000,0.000000,-0.020264,-0.062988,1.008667,-1.235367,-3.587687,0.000000000,-0.000000000,0.000000000,-0.000000000,0.000000000,-0.000000000,15764859,15764861,15764862,15764865,15764865,15764878,15764879,15764898
3968,15494,10,1349,0,1,1,31,0,23879,659,105.858862,-2.921437,0.035669,0.000000,0.000000,0.000000,-0.022095,-0.062866,1.008667,-1.234584,-3.583817,0.000000000,-0.000000000,0.000000000,-0.000000000,0.000000000,-0.000000000,15774858,15774861,15774862,15774864,15774865,15774878,15774878,15774897
3968,15504,10,1350,0,1,1,31,0,23879,659,105.858862,-2.921437,0.035817,0.000000,0.000000,0.000000,-0.021362,-0.064819,1.008545,-1.248022,-3.590596,0.000000000,-0.000000000,0.000000000,-0.000000000,0.000000000,-0.000000000,15784857,15784860,15784860,15784863,15784863,15784876,15784877,15784895
3984,15514,10,1351,0,1,1,31,0,23879,659,105.858862,-2.921437,0.035580,0.000000,0.000000,0.000000,-0.022461,-0.062012,1.008545,-1.249401,-3.579750,0.000000000,-0.000000000,0.000000000,-0.000000000,0.000000000,-0.000000000,15794859,15794861,15794862,15794864,15794865,15794878,15794879,15794897
3984,15524,10,1352,0,1,1,31,0,23879,659,105.858862,-2.921437,0.035677,0.000000,0.000000,0.000000,-0.021362,-0.064209,1.009521,-1.243442,-3.584187,0.000000000,-0.000000000,0.000000000,-0.000000000,0.000000000,-0.000000000,15804856,15804859,15804860,15804862,15804863,15804875,15804876,15804895
3999,15534,10,1353,0,1,1,31,0,23879,659,105.858862,-2.921437,0.035706,0.000000,0.000000,0.000000,-0.022217,-0.063965,1.009644,-1.240057,-3.585558,0.000000000,-0.000000000,0.000000000,-0.000000000,0.000000000,-0.000000000,15814859,15814862,15814863,15814865,15814865,15814878,15814879,15814897
