host_ms,board_ms,cycle_ms,sample_seq,marker,marker_ok,controller_connected,valid_mask,drops,forward_raw_cd,lateral_raw_cd,forward_mm,lateral_right_mm,imu_deg,gyro_x_dps,gyro_y_dps,gyro_z_dps,accel_x_g,accel_y_g,accel_z_g,pitch_deg,roll_deg,motor_l1_rev,motor_l2_rev,motor_l3_rev,motor_r1_rev,motor_r2_rev,motor_r3_rev,f_before_us,f_after_us,l_before_us,l_after_us,g_before_us,g_after_us,drive_before_us,drive_after_us
4,1143194,10,114120,3,1,1,31,0,1206500,1081,5348.578946,-4.792220,360.863832,0.000000,0.000000,0.000000,-0.021606,-0.065552,1.008545,-1.180026,-3.649007,40.066666667,13.316666667,40.066666667,28.406666667,9.445555556,28.403333333,1143477112,1143477115,1143477116,1143477118,1143477119,1143477132,1143477133,1143477152
59,1143204,10,114121,3,1,1,31,0,1206500,1081,5348.578946,-4.792220,360.863964,0.000000,0.000000,0.000000,-0.020508,-0.065063,1.009644,-1.180540,-3.655342,40.066666667,13.316666667,40.066666667,28.406666667,9.445555556,28.403333333,1143487110,1143487113,1143487113,1143487116,1143487116,1143487129,1143487130,1143487149
59,1143214,10,114122,3,1,1,31,0,1206500,1081,5348.578946,-4.792220,360.863928,0.000000,0.000000,0.000000,-0.021484,-0.064453,1.008545,-1.181624,-3.653602,40.066666667,13.316666667,40.066666667,28.406666667,9.445555556,28.403333333,1143497117,1143497120,1143497121,1143497124,1143497125,1143497140,1143497141,1143497160
59,1143224,10,114123,3,1,1,31,0,1206500,1081,5348.578946,-4.792220,360.863721,0.000000,0.000000,0.000000,-0.020752,-0.064087,1.008179,-1.182750,-3.643617,40.066666667,13.316666667,40.066666667,28.406666667,9.445555556,28.403333333,1143507114,1143507117,1143507118,1143507120,1143507121,1143507134,1143507135,1143507155
59,1143234,10,114124,3,1,1,31,0,1206500,1081,5348.578946,-4.792220,360.863942,0.000000,0.000000,0.000000,-0.019897,-0.067261,1.009277,-1.174234,-3.654328,40.066666667,13.316666667,40.066666667,28.406666667,9.445555556,28.403333333,1143517110,1143517113,1143517114,1143517116,1143517116,1143517129,1143517130,1143517149
59,1143244,10,114125,3,1,1,31,0,1206500,1081,5348.578946,-4.792220,360.863898,0.000000,0.000000,0.000000,-0.020020,-0.064209,1.008667,-1.169939,-3.652191,40.066666667,13.316666667,40.066666667,28.406666667,9.445555556,28.403333333,1143527112,1143527115,1143527116,1143527118,1143527119,1143527131,1143527132,1143527152
75,1143254,10,114126,3,1,1,31,0,1206500,1081,5348.578946,-4.792220,360.863826,0.000000,0.000000,0.000000,-0.021484,-0.064941,1.008057,-1.171289,-3.648681,40.066666667,13.316666667,40.066666667,28.406666667,9.445555556,28.403333333,1143537112,1143537114,1143537115,1143537117,1143537118,1143537132,1143537132,1143537152
75,1143264,10,114127,3,1,1,31,0,1206500,1081,5348.578946,-4.792220,360.864016,0.000000,0.000000,0.000000,-0.021118,-0.066406,1.008789,-1.180523,-3.657907,40.066666667,13.316666667,40.066666667,28.406666667,9.445555556,28.403333333,1143547112,1143547114,1143547115,1143547117,1143547118,1143547131,1143547132,1143547151
91,1143274,10,114128,3,1,1,31,0,1206500,1081,5348.578946,-4.792220,360.864036,0.000000,0.000000,0.000000,-0.020874,-0.064331,1.008301,-1.173476,-3.658841,40.066666667,13.316666667,40.066666667,28.406666667,9.445555556,28.403333333,1143557113,1143557116,1143557117,1143557119,1143557120,1143557133,1143557133,1143557152
91,1143284,10,114129,3,1,1,31,0,1206500,1081,5348.578946,-4.792220,360.864032,0.000000,0.000000,0.000000,-0.021362,-0.064819,1.007568,-1.175282,-3.658644,40.066666667,13.316666667,40.066666667,28.406666667,9.445555556,28.403333333,1143567112,1143567115,1143567115,1143567118,1143567119,1143567131,1143567132,1143567152
107,1143294,10,114130,3,1,1,31,0,1206500,1081,5348.578946,-4.792220,360.864011,0.000000,0.000000,0.000000,-0.022217,-0.064819,1.009399,-1.188054,-3.657645,40.066666667,13.316666667,40.066666667,28.406666667,9.445555556,28.403333333,1143577110,1143577113,1143577114,1143577116,1143577117,1143577130,1143577131,1143577150
123,1143304,10,114131,3,1,1,31,0,1206500,1081,5348.578946,-4.792220,360.863878,0.000000,0.000000,0.000000,-0.021240,-0.064453,1.008545,-1.187091,-3.651294,40.066666667,13.316666667,40.066666667,28.406666667,9.445555556,28.403333333,1143587112,1143587115,1143587116,1143587118,1143587119,1143587132,1143587133,1143587152
123,1143314,10,114132,3,1,1,31,0,1206500,1081,5348.578946,-4.792220,360.863636,0.000000,0.000000,0.000000,-0.020020,-0.063965,1.007324,-1.178550,-3.639607,40.066666667,13.316666667,40.066666667,28.406666667,9.445555556,28.403333333,1143597112,1143597115,1143597116,1143597118,1143597119,1143597132,1143597133,1143597152
138,1143324,10,114133,3,1,1,31,0,1206500,1081,5348.578946,-4.792220,360.863521,0.000000,0.000000,0.000000,-0.020630,-0.063721,1.009644,-1.166658,-3.633993,40.066666667,13.316666667,40.066666667,28.406666667,9.445555556,28.403333333,1143607111,1143607113,1143607114,1143607117,1143607117,1143607130,1143607131,1143607150
154,1143334,10,114134,3,1,1,31,0,1206500,1081,5348.578946,-4.792220,360.863406,0.000000,0.000000,0.000000,-0.020142,-0.063721,1.009766,-1.159219,-3.628343,40.066666667,13.316666667,40.066666667,28.406666667,9.445555556,28.403333333,1143617111,1143617114,1143617115,1143617117,1143617118,1143617131,1143617132,1143617151
154,1143344,10,114135,3,1,1,31,0,1206500,1081,5348.578946,-4.792220,360.863665,0.000000,0.000000,0.000000,-0.019653,-0.066040,1.008301,-1.152362,-3.641097,40.066666667,13.316666667,40.066666667,28.406666667,9.445555556,28.403333333,1143627111,1143627114,1143627115,1143627117,1143627118,1143627131,1143627131,1143627150
169,1143354,10,114136,3,1,1,31,0,1206500,1081,5348.578946,-4.792220,360.863733,0.000000,0.000000,0.000000,-0.021606,-0.064941,1.007690,-1.157913,-3.644470,40.066666667,13.316666667,40.066666667,28.406666667,9.445555556,28.403333333,1143637112,1143637114,1143637115,1143637118,1143637118,1143637132,1143637133,1143637152
185,1143364,10,114137,3,1,1,31,0,1206500,1081,5348.578946,-4.792220,360.863920,0.000000,0.000000,0.000000,-0.020264,-0.065063,1.010132,-1.155311,-3.653708,40.066666667,13.316666667,40.066666667,28.406666667,9.445555556,28.403333333,1143647112,1143647115,1143647116,1143647119,1143647120,1143647133,1143647134,1143647153
185,1143374,10,114138,3,1,1,31,0,1206500,1081,5348.578946,-4.792220,360.864039,0.000000,0.000000,0.000000,-0.021240,-0.065552,1.009888,-1.157626,-3.659602,40.066666667,13.316666667,40.066666667,28.406666667,9.445555556,28.403333333,1143657112,1143657115,1143657116,1143657118,1143657119,1143657132,1143657133,1143657152
200,1143384,10,114139,3,1,1,31,0,1206500,1081,5348.578946,-4.792220,360.863948,0.000000,0.000000,0.000000,-0.020264,-0.064087,1.009766,-1.159847,-3.655111,40.066666667,13.316666667,40.066666667,28.406666667,9.445555556,28.403333333,1143667109,1143667112,1143667113,1143667116,1143667116,1143667129,1143667130,1143667149
215,1143394,10,114140,3,1,1,31,0,1206500,1081,5348.578946,-4.792220,360.863856,0.000000,0.000000,0.000000,-0.021362,-0.064697,1.007690,-1.167240,-3.650594,40.066666667,13.316666667,40.066666667,28.406666667,9.445555556,28.403333333,1143677112,1143677115,1143677116,1143677118,1143677119,1143677132,1143677133,1143677152
215,1143404,10,114141,3,1,1,31,0,1206500,1081,5348.578946,-4.792220,360.863704,0.000000,0.000000,0.000000,-0.019775,-0.064575,1.009399,-1.159577,-3.643150,40.066666667,13.316666667,40.066666667,28.406666667,9.445555556,28.403333333,1143687112,1143687115,1143687116,1143687118,1143687119,1143687132,1143687133,1143687152
231,1143414,10,114142,3,1,1,31,0,1206500,1081,5348.578946,-4.792220,360.863905,0.000000,0.000000,0.000000,-0.022827,-0.066040,1.009155,-1.173758,-3.652999,40.066666667,13.316666667,40.066666667,28.406666667,9.445555556,28.403333333,1143697115,1143697118,1143697119,1143697121,1143697122,1143697136,1143697137,1143697157
231,1143424,10,114143,3,1,1,31,0,1206500,1081,5348.578946,-4.792220,360.863983,0.000000,0.000000,0.000000,-0.022827,-0.065674,1.009399,-1.187682,-3.656745,40.066666667,13.316666667,40.066666667,28.406666667,9.445555556,28.403333333,1143707114,1143707117,1143707118,1143707120,1143707121,1143707135,1143707136,1143707155
247,1143434,10,114144,3,1,1,31,0,1206500,1081,5348.578946,-4.792220,360.863986,0.000000,0.000000,0.000000,-0.019165,-0.064697,1.009888,-1.172302,-3.656884,40.066666667,13.316666667,40.066666667,28.406666667,9.445555556,28.403333333,1143717112,1143717115,1143717116,1143717118,1143717119,1143717133,1143717133,1143717153
261,1143444,10,114145,3,1,1,31,0,1206500,1081,5348.578946,-4.792220,360.864035,0.000000,0.000000,0.000000,-0.021240,-0.065430,1.008667,-1.176405,-3.659264,40.066666667,13.316666667,40.066666667,28.406666667,9.445555556,28.403333333,1143727110,1143727113,1143727114,1143727116,1143727117,1143727130,1143727131,1143727150
261,1143454,10,114146,3,1,1,31,0,1206500,1081,5348.578946,-4.792220,360.863943,0.000000,0.000000,0.000000,-0.020874,-0.064209,1.008911,-1.176144,-3.654786,40.066666667,13.316666667,40.066666667,28.406666667,9.445555556,28.403333333,1143737112,1143737115,1143737116,1143737119,1143737119,1143737132,1143737133,1143737153
277,1143464,10,114147,3,1,1,31,0,1206500,1081,5348.578946,-4.792220,360.863953,0.000000,0.000000,0.000000,-0.020630,-0.064941,1.009277,-1.175230,-3.655321,40.066666667,13.316666667,40.066666667,28.406666667,9.445555556,28.403333333,1143747112,1143747115,1143747116,1143747119,1143747120,1143747133,1143747134,1143747153
293,1143474,10,114148,3,1,1,31,0,1206500,1081,5348.578946,-4.792220,360.863653,0.000000,0.000000,0.000000,-0.019531,-0.063232,1.008545,-1.164033,-3.640645,40.066666667,13.316666667,40.066666667,28.406666667,9.445555556,28.403333333,1143757110,1143757113,1143757113,1143757116,1143757117,1143757130,1143757131,1143757149
293,1143484,10,114149,3,1,1,31,0,1206500,1081,5348.578946,-4.792220,360.863753,0.000000,0.000000,0.000000,-0.021118,-0.065430,1.010010,-1.164132,-3.645567,40.066666667,13.316666667,40.066666667,28.406666667,9.445555556,28.403333333,1143767112,1143767115,1143767116,1143767119,1143767120,1143767132,1143767133,1143767152
308,1143494,10,114150,3,1,1,31,0,1206500,1081,5348.578946,-4.792220,360.863605,0.000000,0.000000,0.000000,-0.021973,-0.063965,1.009277,-1.177193,-3.638321,40.066666667,13.316666667,40.066666667,28.406666667,9.445555556,28.403333333,1143777111,1143777114,1143777115,1143777118,1143777118,1143777131,1143777132,1143777151
324,1143504,10,114151,3,1,1,31,0,1206500,1081,5348.578946,-4.792220,360.863807,0.000000,0.000000,0.000000,-0.020752,-0.066284,1.008911,-1.180178,-3.648141,40.066666667,13.316666667,40.066666667,28.406666667,9.445555556,28.403333333,1143787110,1143787113,1143787113,1143787116,1143787117,1143787129,1143787130,1143787149
324,1143514,10,114152,3,1,1,31,0,1206500,1081,5348.578946,-4.792220,360.863891,0.000000,0.000000,0.000000,-0.021484,-0.065430,1.009277,-1.185144,-3.652172,40.066666667,13.316666667,40.066666667,28.406666667,9.445555556,28.403333333,1143797112,1143797115,1143797116,1143797118,1143797119,1143797132,1143797133,1143797152
339,1143524,10,114153,3,1,1,31,0,1206500,1081,5348.578946,-4.792220,360.863843,0.000000,0.000000,0.000000,-0.020264,-0.064209,1.008667,-1.179079,-3.649837,40.066666667,13.316666667,40.066666667,28.406666667,9.445555556,28.403333333,1143807112,1143807115,1143807116,1143807118,1143807119,1143807132,1143807133,1143807152
355,1143534,10,114154,3,1,1,31,0,1206500,1081,5348.578946,-4.792220,360.863763,0.000000,0.000000,0.000000,-0.020996,-0.064575,1.008789,-1.181212,-3.645959,40.066666667,13.316666667,40.066666667,28.406666667,9.445555556,28.403333333,1143817109,1143817113,1143817113,1143817116,1143817116,1143817129,1143817130,1143817149
355,1143544,10,114155,3,1,1,31,0,1206500,1081,5348.578946,-4.792220,360.863631,0.000000,0.000000,0.000000,-0.019531,-0.064209,1.008301,-1.165607,-3.639540,40.066666667,13.316666667,40.066666667,28.406666667,9.445555556,28.403333333,1143827112,1143827116,1143827116,1143827119,1143827119,1143827132,1143827133,1143827152
371,1143554,10,114156,3,1,1,31,0,1206500,1081,5348.578946,-4.792220,360.863622,0.000000,0.000000,0.000000,-0.021118,-0.064575,1.008545,-1.164498,-3.639103,40.066666667,13.316666667,40.066666667,28.406666667,9.445555556,28.403333333,1143837112,1143837115,1143837116,1143837118,1143837119,1143837132,1143837133,1143837152
371,1143564,10,114157,3,1,1,31,0,1206500,1081,5348.578946,-4.792220,360.863659,0.000000,0.000000,0.000000,-0.020630,-0.065674,1.008301,-1.159534,-3.640928,40.066666667,13.316666667,40.066666667,28.406666667,9.445555556,28.403333333,1143847110,1143847113,1143847114,1143847117,1143847117,1143847130,1143847131,1143847150
386,1143574,10,114158,3,1,1,31,0,1206500,1081,5348.578946,-4.792220,360.863559,0.000000,0.000000,0.000000,-0.021118,-0.064453,1.008301,-1.169675,-3.636048,40.066666667,13.316666667,40.066666667,28.406666667,9.445555556,28.403333333,1143857112,1143857115,1143857116,1143857118,1143857119,1143857132,1143857133,1143857152
402,1143584,10,114159,3,1,1,31,0,1206500,1081,5348.578946,-4.792220,360.863488,0.000000,0.000000,0.000000,-0.019653,-0.064697,1.009155,-1.161040,-3.632582,40.066666667,13.316666667,40.066666667,28.406666667,9.445555556,28.403333333,1143867113,1143867116,1143867116,1143867119,1143867119,1143867132,1143867133,1143867152
402,1143594,10,114160,3,1,1,31,0,1206500,1081,5348.578946,-4.792220,360.863357,0.000000,0.000000,0.000000,-0.020630,-0.063477,1.008911,-1.160490,-3.626148,40.066666667,13.316666667,40.066666667,28.406666667,9.445555556,28.403333333,1143877110,1143877113,1143877114,1143877116,1143877117,1143877130,1143877131,1143877150
417,1143604,10,114161,3,1,1,31,0,1206500,1081,5348.578946,-4.792220,360.863294,0.000000,0.000000,0.000000,-0.022217,-0.064697,1.008667,-1.169227,-3.623046,40.066666667,13.316666667,40.066666667,28.406666667,9.445555556,28.403333333,1143887113,1143887116,1143887116,1143887119,1143887119,1143887133,1143887134,1143887152
432,1143614,10,114162,3,1,1,31,0,1206500,1081,5348.578946,-4.792220,360.863201,0.000000,0.000000,0.000000,-0.021484,-0.063721,1.008057,-1.175646,-3.618507,40.066666667,13.316666667,40.066666667,28.406666667,9.445555556,28.403333333,1143897118,1143897121,1143897121,1143897124,1143897125,1143897140,1143897141,1143897160
432,1143624,10,114163,3,1,1,31,0,1206500,1081,5348.578946,-4.792220,360.863188,0.000000,0.000000,0.000000,-0.022217,-0.063965,1.008789,-1.183402,-3.617885,40.066666667,13.316666667,40.066666667,28.406666667,9.445555556,28.403333333,1143907111,1143907114,1143907115,1143907118,1143907119,1143907132,1143907133,1143907152
448,1143634,10,114164,3,1,1,31,0,1206500,1081,5348.578946,-4.792220,360.863070,0.000000,0.000000,0.000000,-0.021118,-0.063965,1.008545,-1.183253,-3.612169,40.066666667,13.316666667,40.066666667,28.406666667,9.445555556,28.403333333,1143917114,1143917117,1143917118,1143917120,1143917121,1143917134,1143917135,1143917154
464,1143644,10,114165,3,1,1,31,0,1206500,1081,5348.578946,-4.792220,360.863239,0.000000,0.000000,0.000000,-0.021606,-0.064331,1.007690,-1.189135,-3.620349,40.066666667,13.316666667,40.066666667,28.406666667,9.445555556,28.403333333,1143927113,1143927116,1143927116,1143927119,1143927119,1143927132,1143927133,1143927153
464,1143654,10,114166,3,1,1,31,0,1206500,1081,5348.578946,-4.792220,360.863334,0.000000,0.000000,0.000000,-0.022095,-0.064819,1.010376,-1.193327,-3.624883,40.066666667,13.316666667,40.066666667,28.406666667,9.445555556,28.403333333,1143937111,1143937114,1143937114,1143937117,1143937117,1143937130,1143937131,1143937150
480,1143664,10,114167,3,1,1,31,0,1206500,1081,5348.578946,-4.792220,360.863389,0.000000,0.000000,0.000000,-0.019653,-0.064941,1.010254,-1.183233,-3.627536,40.066666667,13.316666667,40.066666667,28.406666667,9.445555556,28.403333333,1143947113,1143947116,1143947117,1143947119,1143947120,1143947133,1143947133,1143947152
495,1143674,10,114168,3,1,1,31,0,1206500,1081,5348.578946,-4.792220,360.863340,0.000000,0.000000,0.000000,-0.021606,-0.064575,1.009644,-1.183211,-3.625156,40.066666667,13.316666667,40.066666667,28.406666667,9.445555556,28.403333333,1143957112,1143957115,1143957116,1143957119,1143957119,1143957133,1143957133,1143957153
495,1143684,10,114169,3,1,1,31,0,1206500,1081,5348.578946,-4.792220,360.863227,0.000000,0.000000,0.000000,-0.019775,-0.064209,1.009521,-1.176781,-3.619716,40.066666667,13.316666667,40.066666667,28.406666667,9.445555556,28.403333333,1143967111,1143967114,1143967114,1143967117,1143967117,1143967130,1143967131,1143967150
511,1143694,10,114170,3,1,1,31,0,1206500,1081,5348.578946,-4.792220,360.862976,0.000000,0.000000,0.000000,-0.021118,-0.063110,1.009155,-1.177148,-3.607529,40.066666667,13.316666667,40.066666667,28.406666667,9.445555556,28.403333333,1143977113,1143977116,1143977116,1143977119,1143977119,1143977133,1143977134,1143977153
511,1143704,10,114171,3,1,1,31,0,1206500,1081,5348.578946,-4.792220,360.862893,0.000000,0.000000,0.000000,-0.020386,-0.063843,1.008789,-1.169256,-3.603509,40.066666667,13.316666667,40.066666667,28.406666667,9.445555556,28.403333333,1143987113,1143987116,1143987117,1143987119,1143987120,1143987133,1143987134,1143987153
527,1143714,10,114172,3,1,1,31,0,1206500,1081,5348.578946,-4.792220,360.862832,0.000000,0.000000,0.000000,-0.020508,-0.064087,1.008545,-1.169400,-3.600514,40.066666667,13.316666667,40.066666667,28.406666667,9.445555556,28.403333333,1143997110,1143997113,1143997114,1143997116,1143997117,1143997130,1143997131,1143997150
542,1143724,10,114173,3,1,1,31,0,1206500,1081,5348.578946,-4.792220,360.862955,0.000000,0.000000,0.000000,-0.019775,-0.064697,1.009277,-1.156329,-3.606538,40.066666667,13.316666667,40.066666667,28.406666667,9.445555556,28.403333333,1144007113,1144007116,1144007116,1144007119,1144007119,1144007132,1144007133,1144007152
542,1143734,10,114174,3,1,1,31,0,1206500,1081,5348.578946,-4.792220,360.863195,0.000000,0.000000,0.000000,-0.020264,-0.065430,1.010254,-1.153404,-3.618421,40.066666667,13.316666667,40.066666667,28.406666667,9.445555556,28.403333333,1144017113,1144017116,1144017117,1144017120,1144017120,1144017133,1144017134,1144017153
559,1143744,10,114175,3,1,1,31,0,1206500,1081,5348.578946,-4.792220,360.863313,0.000000,0.000000,0.000000,-0.021729,-0.063843,1.008179,-1.154769,-3.624289,40.066666667,13.316666667,40.066666667,28.406666667,9.445555556,28.403333333,1144027111,1144027114,1144027114,1144027117,1144027118,1144027130,1144027131,1144027150
573,1143754,10,114176,3,1,1,31,0,1206500,1081,5348.578946,-4.792220,360.863441,0.000000,0.000000,0.000000,-0.021484,-0.065063,1.009521,-1.161864,-3.630579,40.066666667,13.316666667,40.066666667,28.406666667,9.445555556,28.403333333,1144037113,1144037116,1144037116,1144037119,1144037119,1144037132,1144037133,1144037152
573,1143764,10,114177,3,1,1,31,0,1206500,1081,5348.578946,-4.792220,360.863490,0.000000,0.000000,0.000000,-0.020874,-0.064087,1.008301,-1.160123,-3.633015,40.066666667,13.316666667,40.066666667,28.406666667,9.445555556,28.403333333,1144047113,1144047116,1144047116,1144047119,1144047119,1144047132,1144047133,1144047152
589,1143774,10,114178,3,1,1,31,0,1206500,1081,5348.578946,-4.792220,360.863530,0.000000,0.000000,0.000000,-0.019897,-0.064697,1.009399,-1.158286,-3.634981,40.066666667,13.316666667,40.066666667,28.406666667,9.445555556,28.403333333,1144057111,1144057113,1144057114,1144057117,1144057117,1144057130,1144057131,1144057150
605,1143784,10,114179,3,1,1,31,0,1206500,1081,5348.578946,-4.792220,360.863592,0.000000,0.000000,0.000000,-0.020874,-0.065308,1.009033,-1.158326,-3.638038,40.066666667,13.316666667,40.066666667,28.406666667,9.445555556,28.403333333,1144067113,1144067116,1144067117,1144067120,1144067120,1144067133,1144067134,1144067153
605,1143794,10,114180,3,1,1,31,0,1206500,1081,5348.578946,-4.792220,360.863542,0.000000,0.000000,0.000000,-0.020874,-0.064453,1.008545,-1.157232,-3.635555,40.066666667,13.316666667,40.066666667,28.406666667,9.445555556,28.403333333,1144077113,1144077116,1144077117,1144077119,1144077120,1144077133,1144077133,1144077152
621,1143804,10,114181,3,1,1,31,0,1206500,1081,5348.578946,-4.792220,360.863452,0.000000,0.000000,0.000000,-0.020020,-0.064087,1.009033,-1.157063,-3.631123,40.066666667,13.316666667,40.066666667,28.406666667,9.445555556,28.403333333,1144087111,1144087114,1144087115,1144087117,1144087118,1144087131,1144087132,1144087151
621,1143814,10,114182,3,1,1,31,0,1206500,1081,5348.578946,-4.792220,360.863363,0.000000,0.000000,0.000000,-0.020508,-0.064697,1.008423,-1.156027,-3.626723,40.066666667,13.316666667,40.066666667,28.406666667,9.445555556,28.403333333,1144097118,1144097121,1144097122,1144097124,1144097125,1144097140,1144097141,1144097161
636,1143824,10,114183,3,1,1,31,0,1206500,1081,5348.578946,-4.792220,360.863435,0.000000,0.000000,0.000000,-0.019409,-0.065063,1.008057,-1.148497,-3.630326,40.066666667,13.316666667,40.066666667,28.406666667,9.445555556,28.403333333,1144107114,1144107117,1144107118,1144107120,1144107121,1144107134,1144107135,1144107154
651,1143834,10,114184,3,1,1,31,0,1206500,1081,5348.578946,-4.792220,360.863621,0.000000,0.000000,0.000000,-0.020874,-0.065308,1.009888,-1.152956,-3.639523,40.066666667,13.316666667,40.066666667,28.406666667,9.445555556,28.403333333,1144117110,1144117113,1144117114,1144117117,1144117117,1144117130,1144117131,1144117150
651,1143844,10,114185,3,1,1,31,0,1206500,1081,5348.578946,-4.792220,360.863791,0.000000,0.000000,0.000000,-0.020874,-0.065552,1.008911,-1.158386,-3.647951,40.066666667,13.316666667,40.066666667,28.406666667,9.445555556,28.403333333,1144127113,1144127116,1144127117,1144127120,1144127120,1144127133,1144127134,1144127153
667,1143854,10,114186,3,1,1,31,0,1206500,1081,5348.578946,-4.792220,360.863914,0.000000,0.000000,0.000000,-0.021118,-0.065796,1.008057,-1.155299,-3.654017,40.066666667,13.316666667,40.066666667,28.406666667,9.445555556,28.403333333,1144137113,1144137116,1144137117,1144137119,1144137120,1144137133,1144137134,1144137153
682,1143864,10,114187,3,1,1,31,0,1206500,1081,5348.578946,-4.792220,360.863957,0.000000,0.000000,0.000000,-0.020508,-0.065552,1.008545,-1.154731,-3.656178,40.066666667,13.316666667,40.066666667,28.406666667,9.445555556,28.403333333,1144147112,1144147115,1144147116,1144147118,1144147118,1144147131,1144147132,1144147151
682,1143874,10,114188,3,1,1,31,0,1206500,1081,5348.578946,-4.792220,360.863942,0.000000,0.000000,0.000000,-0.020508,-0.064331,1.007935,-1.157591,-3.655415,40.066666667,13.316666667,40.066666667,28.406666667,9.445555556,28.403333333,1144157113,1144157116,1144157117,1144157119,1144157120,1144157133,1144157133,1144157152
698,1143884,10,114189,3,1,1,31,0,1206500,1081,5348.578946,-4.792220,360.864011,0.000000,0.000000,0.000000,-0.019409,-0.064575,1.008301,-1.147529,-3.658826,40.066666667,13.316666667,40.066666667,28.406666667,9.445555556,28.403333333,1144167114,1144167117,1144167117,1144167119,1144167120,1144167133,1144167134,1144167153
714,1143894,10,114190,3,1,1,31,0,1206500,1081,5348.578946,-4.792220,360.863874,0.000000,0.000000,0.000000,-0.020874,-0.064941,1.007812,-1.151898,-3.652011,40.066666667,13.316666667,40.066666667,28.406666667,9.445555556,28.403333333,1144177111,1144177114,1144177115,1144177117,1144177118,1144177131,1144177132,1144177151
714,1143904,10,114191,3,1,1,31,0,1206500,1081,5348.578946,-4.792220,360.863882,0.000000,0.000000,0.000000,-0.020508,-0.065430,1.008789,-1.156182,-3.652390,40.066666667,13.316666667,40.066666667,28.406666667,9.445555556,28.403333333,1144187114,1144187117,1144187117,1144187119,1144187120,1144187133,1144187134,1144187153
730,1143914,10,114192,3,1,1,31,0,1206500,1081,5348.578946,-4.792220,360.863954,0.000000,0.000000,0.000000,-0.021118,-0.065308,1.009277,-1.161849,-3.655928,40.066666667,13.316666667,40.066666667,28.406666667,9.445555556,28.403333333,1144197113,1144197116,1144197117,1144197120,1144197120,1144197133,1144197134,1144197153
745,1143924,10,114193,3,1,1,31,0,1206500,1081,5348.578946,-4.792220,360.863759,0.000000,0.000000,0.000000,-0.020020,-0.063599,1.009644,-1.159665,-3.646334,40.066666667,13.316666667,40.066666667,28.406666667,9.445555556,28.403333333,1144207111,1144207114,1144207115,1144207117,1144207118,1144207131,1144207132,1144207151
745,1143934,10,114194,3,1,1,31,0,1206500,1081,5348.578946,-4.792220,360.863802,0.000000,0.000000,0.000000,-0.019165,-0.065552,1.008301,-1.145727,-3.648511,40.066666667,13.316666667,40.066666667,28.406666667,9.445555556,28.403333333,1144217113,1144217116,1144217117,1144217119,1144217120,1144217133,1144217134,1144217153
761,1143944,10,114195,3,1,1,31,0,1206500,1081,5348.578946,-4.792220,360.863699,0.000000,0.000000,0.000000,-0.020874,-0.063354,1.008667,-1.146236,-3.643393,40.066666667,13.316666667,40.066666667,28.406666667,9.445555556,28.403333333,1144227114,1144227117,1144227117,1144227120,1144227121,1144227134,1144227134,1144227153
761,1143954,10,114196,3,1,1,31,0,1206500,1081,5348.578946,-4.792220,360.863750,0.000000,0.000000,0.000000,-0.021851,-0.064575,1.009766,-1.162968,-3.645916,40.066666667,13.316666667,40.066666667,28.406666667,9.445555556,28.403333333,1144237110,1144237113,1144237114,1144237116,1144237117,1144237130,1144237131,1144237149
776,1143964,10,114197,3,1,1,31,0,1206500,1081,5348.578946,-4.792220,360.863708,0.000000,0.000000,0.000000,-0.021118,-0.064697,1.008789,-1.167940,-3.643865,40.066666667,13.316666667,40.066666667,28.406666667,9.445555556,28.403333333,1144247113,1144247116,1144247117,1144247119,1144247120,1144247133,1144247133,1144247153
792,1143974,10,114198,3,1,1,31,0,1206500,1081,5348.578946,-4.792220,360.863739,0.000000,0.000000,0.000000,-0.021851,-0.065186,1.009155,-1.174701,-3.645343,40.066666667,13.316666667,40.066666667,28.406666667,9.445555556,28.403333333,1144257113,1144257116,1144257116,1144257119,1144257120,1144257133,1144257133,1144257153
792,1143984,10,114199,3,1,1,31,0,1206500,1081,5348.578946,-4.792220,360.863656,0.000000,0.000000,0.000000,-0.020874,-0.064331,1.009155,-1.183005,-3.641360,40.066666667,13.316666667,40.066666667,28.406666667,9.445555556,28.403333333,1144267111,1144267114,1144267115,1144267118,1144267118,1144267131,1144267132,1144267151
824,1143994,10,114200,3,1,1,31,0,1206500,1081,5348.578946,-4.792220,360.863679,0.000000,0.000000,0.000000,-0.020508,-0.065063,1.009644,-1.175733,-3.642490,40.066666667,13.316666667,40.066666667,28.406666667,9.445555556,28.403333333,1144277113,1144277116,1144277117,1144277120,1144277120,1144277133,1144277134,1144277153
824,1144004,10,114201,3,1,1,31,0,1206500,1081,5348.578946,-4.792220,360.863786,0.000000,0.000000,0.000000,-0.021240,-0.064209,1.008057,-1.174217,-3.647675,40.066666667,13.316666667,40.066666667,28.406666667,9.445555556,28.403333333,1144287113,1144287116,1144287117,1144287120,1144287120,1144287133,1144287134,1144287153
824,1144014,10,114202,3,1,1,31,0,1206500,1081,5348.578946,-4.792220,360.863888,0.000000,0.000000,0.000000,-0.021240,-0.065063,1.009277,-1.168292,-3.652662,40.066666667,13.316666667,40.066666667,28.406666667,9.445555556,28.403333333,1144297116,1144297119,1144297120,1144297123,1144297124,1144297138,1144297139,1144297159
839,1144024,10,114203,3,1,1,31,0,1206500,1081,5348.578946,-4.792220,360.863813,0.000000,0.000000,0.000000,-0.022583,-0.064697,1.009644,-1.179182,-3.648986,40.066666667,13.316666667,40.066666667,28.406666667,9.445555556,28.403333333,1144307115,1144307118,1144307119,1144307121,1144307122,1144307135,1144307136,1144307155
854,1144034,10,114204,3,1,1,31,0,1206500,1081,5348.578946,-4.792220,360.863878,0.000000,0.000000,0.000000,-0.020996,-0.065552,1.008789,-1.178534,-3.652150,40.066666667,13.316666667,40.066666667,28.406666667,9.445555556,28.403333333,1144317114,1144317117,1144317118,1144317120,1144317121,1144317134,1144317135,1144317154
854,1144044,10,114205,3,1,1,31,0,1206500,1081,5348.578946,-4.792220,360.863902,0.000000,0.000000,0.000000,-0.021729,-0.065063,1.008301,-1.186259,-3.653309,40.066666667,13.316666667,40.066666667,28.406666667,9.445555556,28.403333333,1144327112,1144327115,1144327115,1144327117,1144327118,1144327132,1144327133,1144327152
870,1144054,10,114206,3,1,1,31,0,1206500,1081,5348.578946,-4.792220,360.863829,0.000000,0.000000,0.000000,-0.020874,-0.063843,1.008789,-1.187734,-3.649799,40.066666667,13.316666667,40.066666667,28.406666667,9.445555556,28.403333333,1144337113,1144337116,1144337117,1144337119,1144337120,1144337133,1144337134,1144337153
885,1144064,10,114207,3,1,1,31,0,1206500,1081,5348.578946,-4.792220,360.863773,0.000000,0.000000,0.000000,-0.020386,-0.064453,1.006592,-1.175479,-3.647084,40.066666667,13.316666667,40.066666667,28.406666667,9.445555556,28.403333333,1144347114,1144347117,1144347118,1144347120,1144347120,1144347133,1144347134,1144347153
885,1144074,10,114208,3,1,1,31,0,1206500,1081,5348.578946,-4.792220,360.863891,0.000000,0.000000,0.000000,-0.021851,-0.065430,1.007446,-1.183486,-3.652779,40.066666667,13.316666667,40.066666667,28.406666667,9.445555556,28.403333333,1144357111,1144357114,1144357115,1144357117,1144357118,1144357132,1144357133,1144357152
901,1144084,10,114209,3,1,1,31,0,1206500,1081,5348.578946,-4.792220,360.864118,0.000000,0.000000,0.000000,-0.023315,-0.065674,1.009399,-1.198845,-3.663708,40.066666667,13.316666667,40.066666667,28.406666667,9.445555556,28.403333333,1144367113,1144367116,1144367117,1144367120,1144367120,1144367133,1144367134,1144367153
901,1144094,10,114210,3,1,1,31,0,1206500,1081,5348.578946,-4.792220,360.864263,0.000000,0.000000,0.000000,-0.022583,-0.064941,1.008057,-1.205845,-3.670599,40.066666667,13.316666667,40.066666667,28.406666667,9.445555556,28.403333333,1144377113,1144377116,1144377117,1144377119,1144377120,1144377133,1144377134,1144377153
916,1144104,10,114211,3,1,1,31,0,1206500,1081,5348.578946,-4.792220,360.863984,0.000000,0.000000,0.000000,-0.019653,-0.063232,1.009033,-1.205380,-3.657448,40.066666667,13.316666667,40.066666667,28.406666667,9.445555556,28.403333333,1144387111,1144387114,1144387115,1144387117,1144387117,1144387131,1144387131,1144387151
932,1144114,10,114212,3,1,1,31,0,1206500,1081,5348.578946,-4.792220,360.863683,0.000000,0.000000,0.000000,-0.020386,-0.063354,1.010254,-1.196543,-3.643123,40.066666667,13.316666667,40.066666667,28.406666667,9.445555556,28.403333333,1144397113,1144397116,1144397117,1144397120,1144397120,1144397133,1144397134,1144397153
932,1144124,10,114213,3,1,1,31,0,1206500,1081,5348.578946,-4.792220,360.863720,0.000000,0.000000,0.000000,-0.020386,-0.064819,1.009888,-1.185123,-3.644921,40.066666667,13.316666667,40.066666667,28.406666667,9.445555556,28.403333333,1144407114,1144407117,1144407118,1144407120,1144407121,1144407134,1144407135,1144407154
947,1144134,10,114214,3,1,1,31,0,1206500,1081,5348.578946,-4.792220,360.863688,0.000000,0.000000,0.000000,-0.020142,-0.064575,1.008057,-1.179696,-3.643395,40.066666667,13.316666667,40.066666667,28.406666667,9.445555556,28.403333333,1144417112,1144417114,1144417115,1144417117,1144417118,1144417131,1144417132,1144417151
963,1144144,10,114215,3,1,1,31,0,1206500,1081,5348.578946,-4.792220,360.863468,0.000000,0.000000,0.000000,-0.021606,-0.063477,1.008301,-1.183316,-3.632737,40.066666667,13.316666667,40.066666667,28.406666667,9.445555556,28.403333333,1144427115,1144427118,1144427119,1144427121,1144427122,1144427135,1144427136,1144427155
963,1144154,10,114216,3,1,1,31,0,1206500,1081,5348.578946,-4.792220,360.863340,0.000000,0.000000,0.000000,-0.019897,-0.063965,1.008911,-1.177503,-3.626569,40.066666667,13.316666667,40.066666667,28.406666667,9.445555556,28.403333333,1144437114,1144437117,1144437118,1144437120,1144437121,1144437134,1144437135,1144437154
978,1144164,10,114217,3,1,1,31,0,1206500,1081,5348.578946,-4.792220,360.863181,0.000000,0.000000,0.000000,-0.021729,-0.063843,1.009644,-1.179610,-3.618845,40.066666667,13.316666667,40.066666667,28.406666667,9.445555556,28.403333333,1144447111,1144447114,1144447115,1144447117,1144447118,1144447131,1144447132,1144447151
994,1144174,10,114218,3,1,1,31,0,1206500,1081,5348.578946,-4.792220,360.863007,0.000000,0.000000,0.000000,-0.020142,-0.063721,1.009033,-1.174509,-3.610384,40.066666667,13.316666667,40.066666667,28.406666667,9.445555556,28.403333333,1144457114,1144457117,1144457118,1144457120,1144457121,1144457134,1144457135,1144457154
994,1144184,10,114219,3,1,1,31,0,1206500,1081,5348.578946,-4.792220,360.863215,0.000000,0.000000,0.000000,-0.020020,-0.065186,1.009644,-1.164564,-3.620548,40.066666667,13.316666667,40.066666667,28.406666667,9.445555556,28.403333333,1144467113,1144467116,1144467117,1144467119,1144467120,1144467133,1144467134,1144467153
1010,1144194,10,114220,3,1,1,31,0,1206500,1081,5348.578946,-4.792220,360.863334,0.000000,0.000000,0.000000,-0.021362,-0.064819,1.008179,-1.165610,-3.626410,40.066666667,13.316666667,40.066666667,28.406666667,9.445555556,28.403333333,1144477112,1144477115,1144477115,1144477117,1144477118,1144477131,1144477132,1144477151
1025,1144204,10,114221,3,1,1,31,0,1206500,1081,5348.578946,-4.792220,360.863402,0.000000,0.000000,0.000000,-0.020508,-0.065063,1.008667,-1.168734,-3.629726,40.066666667,13.316666667,40.066666667,28.406666667,9.445555556,28.403333333,1144487114,1144487117,1144487118,1144487120,1144487121,1144487134,1144487135,1144487154
1025,1144214,10,114222,3,1,1,31,0,1206500,1081,5348.578946,-4.792220,360.863499,0.000000,0.000000,0.000000,-0.022095,-0.064453,1.009521,-1.178276,-3.634486,40.066666667,13.316666667,40.066666667,28.406666667,9.445555556,28.403333333,1144497119,1144497122,1144497123,1144497125,1144497126,1144497141,1144497142,1144497162
1041,1144224,10,114223,3,1,1,31,0,1206500,1081,5348.578946,-4.792220,360.863600,0.000000,0.000000,0.000000,-0.021973,-0.065552,1.008911,-1.184961,-3.639330,40.066666667,13.316666667,40.066666667,28.406666667,9.445555556,28.403333333,1144507113,1144507116,1144507117,1144507119,1144507120,1144507133,1144507134,1144507153
1041,1144234,10,114224,3,1,1,31,0,1206500,1081,5348.578946,-4.792220,360.863831,0.000000,0.000000,0.000000,-0.019409,-0.065308,1.008301,-1.181563,-3.650452,40.066666667,13.316666667,40.066666667,28.406666667,9.445555556,28.403333333,1144517114,1144517117,1144517118,1144517120,1144517121,1144517134,1144517135,1144517154
1057,1144244,10,114225,3,1,1,31,0,1206500,1081,5348.578946,-4.792220,360.863829,0.000000,0.000000,0.000000,-0.020142,-0.064941,1.008301,-1.170558,-3.650372,40.066666667,13.316666667,40.066666667,28.406666667,9.445555556,28.403333333,1144527114,1144527117,1144527118,1144527120,1144527121,1144527134,1144527135,1144527154
1072,1144254,10,114226,3,1,1,31,0,1206500,1081,5348.578946,-4.792220,360.863609,0.000000,0.000000,0.000000,-0.021484,-0.063354,1.009644,-1.173170,-3.639620,40.066666667,13.316666667,40.066666667,28.406666667,9.445555556,28.403333333,1144537111,1144537114,1144537115,1144537118,1144537118,1144537131,1144537132,1144537151
1072,1144264,10,114227,3,1,1,31,0,1206500,1081,5348.578946,-4.792220,360.863571,0.000000,0.000000,0.000000,-0.021362,-0.063965,1.008423,-1.178206,-3.637786,40.066666667,13.316666667,40.066666667,28.406666667,9.445555556,28.403333333,1144547114,1144547117,1144547117,1144547120,1144547121,1144547134,1144547134,1144547153
1103,1144274,10,114228,3,1,1,31,0,1206500,1081,5348.578946,-4.792220,360.863629,0.000000,0.000000,0.000000,-0.022461,-0.065186,1.009033,-1.189817,-3.640604,40.066666667,13.316666667,40.066666667,28.406666667,9.445555556,28.403333333,1144557114,1144557117,1144557118,1144557120,1144557121,1144557134,1144557135,1144557154
1103,1144284,10,114229,3,1,1,31,0,1206500,1081,5348.578946,-4.792220,360.864047,0.000000,0.000000,0.000000,-0.022705,-0.067261,1.008545,-1.204421,-3.660529,40.066666667,13.316666667,40.066666667,28.406666667,9.445555556,28.403333333,1144567111,1144567114,1144567115,1144567117,1144567118,1144567131,1144567132,1144567151
1103,1144294,10,114230,3,1,1,31,0,1206500,1081,5348.578946,-4.792220,360.864346,0.000000,0.000000,0.000000,-0.021606,-0.065674,1.009399,-1.202951,-3.674710,40.066666667,13.316666667,40.066666667,28.406666667,9.445555556,28.403333333,1144577114,1144577117,1144577118,1144577121,1144577122,1144577135,1144577135,1144577154
1134,1144304,10,114231,3,1,1,31,0,1206500,1081,5348.578946,-4.792220,360.864247,0.000000,0.000000,0.000000,-0.021851,-0.064819,1.007202,-1.203840,-3.669982,40.066666667,13.316666667,40.066666667,28.406666667,9.445555556,28.403333333,1144587114,1144587117,1144587118,1144587121,1144587122,1144587135,1144587135,1144587154
1134,1144314,10,114232,3,1,1,31,0,1206500,1081,5348.578946,-4.792220,360.864073,0.000000,0.000000,0.000000,-0.021240,-0.065063,1.009399,-1.197927,-3.661737,40.066666667,13.316666667,40.066666667,28.406666667,9.445555556,28.403333333,1144597111,1144597114,1144597115,1144597117,1144597118,1144597131,1144597132,1144597151
1134,1144324,10,114233,3,1,1,31,0,1206500,1081,5348.578946,-4.792220,360.863929,0.000000,0.000000,0.000000,-0.020996,-0.065186,1.009521,-1.196169,-3.654850,40.066666667,13.316666667,40.066666667,28.406666667,9.445555556,28.403333333,1144607114,1144607117,1144607118,1144607120,1144607120,1144607133,1144607134,1144607154
1149,1144334,10,114234,3,1,1,31,0,1206500,1081,5348.578946,-4.792220,360.864008,0.000000,0.000000,0.000000,-0.020142,-0.065674,1.008423,-1.183731,-3.658689,40.066666667,13.316666667,40.066666667,28.406666667,9.445555556,28.403333333,1144617113,1144617116,1144617117,1144617120,1144617120,1144617133,1144617134,1144617153
1165,1144344,10,114235,3,1,1,31,0,1206500,1081,5348.578946,-4.792220,360.863837,0.000000,0.000000,0.000000,-0.021118,-0.064087,1.008667,-1.190236,-3.650441,40.066666667,13.316666667,40.066666667,28.406666667,9.445555556,28.403333333,1144627112,1144627115,1144627116,1144627118,1144627119,1144627132,1144627133,1144627152
1165,1144354,10,114236,3,1,1,31,0,1206500,1081,5348.578946,-4.792220,360.863802,0.000000,0.000000,0.000000,-0.022095,-0.064941,1.009644,-1.189791,-3.648789,40.066666667,13.316666667,40.066666667,28.406666667,9.445555556,28.403333333,1144637114,1144637117,1144637117,1144637120,1144637121,1144637134,1144637135,1144637153
1181,1144364,10,114237,3,1,1,31,0,1206500,1081,5348.578946,-4.792220,360.863753,0.000000,0.000000,0.000000,-0.020874,-0.064697,1.008423,-1.180635,-3.646408,40.066666667,13.316666667,40.066666667,28.406666667,9.445555556,28.403333333,1144647114,1144647117,1144647118,1144647120,1144647121,1144647134,1144647135,1144647154
1181,1144374,10,114238,3,1,1,31,0,1206500,1081,5348.578946,-4.792220,360.863845,0.000000,0.000000,0.000000,-0.022095,-0.065552,1.008545,-1.187157,-3.650847,40.066666667,13.316666667,40.066666667,28.406666667,9.445555556,28.403333333,1144657111,1144657114,1144657115,1144657118,1144657118,1144657131,1144657132,1144657151
1197,1144384,10,114239,3,1,1,31,0,1206500,1081,5348.578946,-4.792220,360.863886,0.000000,0.000000,0.000000,-0.020752,-0.065186,1.009399,-1.195115,-3.652805,40.066666667,13.316666667,40.066666667,28.406666667,9.445555556,28.403333333,1144667114,1144667117,1144667118,1144667120,1144667121,1144667134,1144667135,1144667154
1227,1144394,10,114240,3,1,1,31,0,1206500,1081,5348.578946,-4.792220,360.864005,0.000000,0.000000,0.000000,-0.021851,-0.065796,1.008789,-1.201047,-3.658451,40.066666667,13.316666667,40.066666667,28.406666667,9.445555556,28.403333333,1144677115,1144677118,1144677119,1144677121,1144677122,1144677134,1144677135,1144677154
1227,1144404,10,114241,3,1,1,31,0,1206500,1081,5348.578946,-4.792220,360.864062,0.000000,0.000000,0.000000,-0.023438,-0.065552,1.007935,-1.209079,-3.661180,40.066666667,13.316666667,40.066666667,28.406666667,9.445555556,28.403333333,1144687112,1144687115,1144687116,1144687118,1144687119,1144687132,1144687132,1144687151
1227,1144414,10,114242,3,1,1,31,0,1206500,1081,5348.578946,-4.792220,360.863823,0.000000,0.000000,0.000000,-0.020874,-0.063599,1.008667,-1.202786,-3.649837,40.066666667,13.316666667,40.066666667,28.406666667,9.445555556,28.403333333,1144697119,1144697122,1144697123,1144697126,1144697126,1144697141,1144697142,1144697161
1242,1144424,10,114243,3,1,1,31,0,1206500,1081,5348.578946,-4.792220,360.863913,0.000000,0.000000,0.000000,-0.020264,-0.066284,1.008789,-1.197690,-3.654137,40.066666667,13.316666667,40.066666667,28.406666667,9.445555556,28.403333333,1144707116,1144707119,1144707119,1144707122,1144707123,1144707136,1144707137,1144707157
1242,1144434,10,114244,3,1,1,31,0,1206500,1081,5348.578946,-4.792220,360.864024,0.000000,0.000000,0.000000,-0.020630,-0.064575,1.008301,-1.194255,-3.659436,40.066666667,13.316666667,40.066666667,28.406666667,9.445555556,28.403333333,1144717112,1144717115,1144717116,1144717118,1144717119,1144717132,1144717133,1144717152
1258,1144444,10,114245,3,1,1,31,0,1206500,1081,5348.578946,-4.792220,360.864090,0.000000,0.000000,0.000000,-0.020386,-0.065186,1.008911,-1.182782,-3.662586,40.066666667,13.316666667,40.066666667,28.406666667,9.445555556,28.403333333,1144727115,1144727118,1144727119,1144727121,1144727122,1144727135,1144727136,1144727155
1290,1144454,10,114246,3,1,1,31,0,1206500,1081,5348.578946,-4.792220,360.863820,0.000000,0.000000,0.000000,-0.020142,-0.062988,1.008301,-1.173360,-3.649505,40.066666667,13.316666667,40.066666667,28.406666667,9.445555556,28.403333333,1144737114,1144737117,1144737118,1144737120,1144737121,1144737134,1144737135,1144737154
1290,1144464,10,114247,3,1,1,31,0,1206500,1081,5348.578946,-4.792220,360.863797,0.000000,0.000000,0.000000,-0.021240,-0.064575,1.008423,-1.179046,-3.648374,40.066666667,13.316666667,40.066666667,28.406666667,9.445555556,28.403333333,1144747112,1144747115,1144747115,1144747117,1144747118,1144747131,1144747132,1144747151
1290,1144474,10,114248,3,1,1,31,0,1206500,1081,5348.578946,-4.792220,360.863866,0.000000,0.000000,0.000000,-0.022095,-0.064697,1.009644,-1.184345,-3.651718,40.066666667,13.316666667,40.066666667,28.406666667,9.445555556,28.403333333,1144757114,1144757117,1144757118,1144757120,1144757121,1144757134,1144757135,1144757155
1306,1144484,10,114249,3,1,1,31,0,1206500,1081,5348.578946,-4.792220,360.864179,0.000000,0.000000,0.000000,-0.021362,-0.065674,1.008911,-1.181230,-3.666851,40.066666667,13.316666667,40.066666667,28.406666667,9.445555556,28.403333333,1144767113,1144767116,1144767117,1144767120,1144767121,1144767134,1144767134,1144767153
1306,1144494,10,114250,3,1,1,31,0,1206500,1081,5348.578946,-4.792220,360.864030,0.000000,0.000000,0.000000,-0.018433,-0.064087,1.008789,-1.165309,-3.659605,40.066666667,13.316666667,40.066666667,28.406666667,9.445555556,28.403333333,1144777112,1144777115,1144777116,1144777118,1144777119,1144777132,1144777133,1144777152
1321,1144504,10,114251,3,1,1,31,0,1206500,1081,5348.578946,-4.792220,360.863827,0.000000,0.000000,0.000000,-0.020386,-0.063354,1.009888,-1.163930,-3.649667,40.066666667,13.316666667,40.066666667,28.406666667,9.445555556,28.403333333,1144787114,1144787117,1144787118,1144787121,1144787121,1144787134,1144787135,1144787154
1321,1144514,10,114252,3,1,1,31,0,1206500,1081,5348.578946,-4.792220,360.863693,0.000000,0.000000,0.000000,-0.021362,-0.064941,1.008667,-1.172960,-3.643119,40.066666667,13.316666667,40.066666667,28.406666667,9.445555556,28.403333333,1144797115,1144797118,1144797119,1144797121,1144797122,1144797135,1144797136,1144797155
1352,1144524,10,114253,3,1,1,31,0,1206500,1081,5348.578946,-4.792220,360.863718,0.000000,0.000000,0.000000,-0.019531,-0.065063,1.009033,-1.163134,-3.644316,40.066666667,13.316666667,40.066666667,28.406666667,9.445555556,28.403333333,1144807113,1144807116,1144807116,1144807119,1144807119,1144807132,1144807133,1144807152
1352,1144534,10,114254,3,1,1,31,0,1206500,1081,5348.578946,-4.792220,360.863488,0.000000,0.000000,0.000000,-0.020020,-0.063477,1.009277,-1.150850,-3.632964,40.066666667,13.316666667,40.066666667,28.406666667,9.445555556,28.403333333,1144817114,1144817116,1144817117,1144817119,1144817120,1144817133,1144817134,1144817153
1352,1144544,10,114255,3,1,1,31,0,1206500,1081,5348.578946,-4.792220,360.863643,0.000000,0.000000,0.000000,-0.020020,-0.065308,1.008789,-1.148290,-3.640640,40.066666667,13.316666667,40.066666667,28.406666667,9.445555556,28.403333333,1144827115,1144827117,1144827118,1144827121,1144827121,1144827134,1144827135,1144827154
1368,1144554,10,114256,3,1,1,31,0,1206500,1081,5348.578946,-4.792220,360.863644,0.000000,0.000000,0.000000,-0.020386,-0.064453,1.008667,-1.144209,-3.640730,40.066666667,13.316666667,40.066666667,28.406666667,9.445555556,28.403333333,1144837112,1144837114,1144837115,1144837117,1144837118,1144837131,1144837132,1144837151
1398,1144564,10,114257,3,1,1,31,0,1206500,1081,5348.578946,-4.792220,360.863654,0.000000,0.000000,0.000000,-0.020874,-0.064941,1.008667,-1.148493,-3.641181,40.066666667,13.316666667,40.066666667,28.406666667,9.445555556,28.403333333,1144847114,1144847117,1144847118,1144847121,1144847122,1144847135,1144847135,1144847154
1398,1144574,10,114258,3,1,1,31,0,1206500,1081,5348.578946,-4.792220,360.863706,0.000000,0.000000,0.000000,-0.021118,-0.064575,1.008789,-1.156172,-3.643780,40.066666667,13.316666667,40.066666667,28.406666667,9.445555556,28.403333333,1144857114,1144857117,1144857118,1144857120,1144857121,1144857134,1144857135,1144857154
1398,1144584,10,114259,3,1,1,31,0,1206500,1081,5348.578946,-4.792220,360.863573,0.000000,0.000000,0.000000,-0.021484,-0.063965,1.009766,-1.161874,-3.637236,40.066666667,13.316666667,40.066666667,28.406666667,9.445555556,28.403333333,1144867112,1144867115,1144867116,1144867119,1144867120,1144867132,1144867133,1144867152
1414,1144594,10,114260,3,1,1,31,0,1206500,1081,5348.578946,-4.792220,360.863602,0.000000,0.000000,0.000000,-0.020508,-0.065186,1.009766,-1.164863,-3.638671,40.066666667,13.316666667,40.066666667,28.406666667,9.445555556,28.403333333,1144877115,1144877118,1144877118,1144877121,1144877121,1144877134,1144877135,1144877155
1414,1144604,10,114261,3,1,1,31,0,1206500,1081,5348.578946,-4.792220,360.863446,0.000000,0.000000,0.000000,-0.020020,-0.063477,1.009766,-1.159379,-3.630979,40.066666667,13.316666667,40.066666667,28.406666667,9.445555556,28.403333333,1144887115,1144887118,1144887119,1144887121,1144887121,1144887134,1144887135,1144887154
1446,1144614,10,114262,3,1,1,31,0,1206500,1081,5348.578946,-4.792220,360.863384,0.000000,0.000000,0.000000,-0.020752,-0.064209,1.007935,-1.155397,-3.627921,40.066666667,13.316666667,40.066666667,28.406666667,9.445555556,28.403333333,1144897117,1144897120,1144897121,1144897123,1144897124,1144897139,1144897139,1144897159
1446,1144624,10,114263,3,1,1,31,0,1206500,1081,5348.578946,-4.792220,360.863330,0.000000,0.000000,0.000000,-0.020386,-0.063232,1.008911,-1.154236,-3.625268,40.066666667,13.316666667,40.066666667,28.406666667,9.445555556,28.403333333,1144907116,1144907119,1144907120,1144907122,1144907123,1144907136,1144907137,1144907156
1446,1144634,10,114264,3,1,1,31,0,1206500,1081,5348.578946,-4.792220,360.863592,0.000000,0.000000,0.000000,-0.022461,-0.066284,1.008667,-1.172472,-3.638109,40.066666667,13.316666667,40.066666667,28.406666667,9.445555556,28.403333333,1144917115,1144917118,1144917119,1144917121,1144917122,1144917135,1144917136,1144917155
1462,1144644,10,114265,3,1,1,31,0,1206500,1081,5348.578946,-4.792220,360.863627,0.000000,0.000000,0.000000,-0.020508,-0.064453,1.008789,-1.172194,-3.639780,40.066666667,13.316666667,40.066666667,28.406666667,9.445555556,28.403333333,1144927113,1144927116,1144927117,1144927119,1144927119,1144927133,1144927134,1144927152
1462,1144654,10,114266,3,1,1,31,0,1206500,1081,5348.578946,-4.792220,360.863841,0.000000,0.000000,0.000000,-0.021118,-0.065552,1.008667,-1.172246,-3.650229,40.066666667,13.316666667,40.066666667,28.406666667,9.445555556,28.403333333,1144937115,1144937118,1144937119,1144937121,1144937122,1144937135,1144937136,1144937155
1492,1144664,10,114267,3,1,1,31,0,1206500,1081,5348.578946,-4.792220,360.863974,0.000000,0.000000,0.000000,-0.022217,-0.064331,1.008667,-1.184130,-3.656691,40.066666667,13.316666667,40.066666667,28.406666667,9.445555556,28.403333333,1144947115,1144947118,1144947119,1144947121,1144947122,1144947135,1144947136,1144947155
1492,1144674,10,114268,3,1,1,31,0,1206500,1081,5348.578946,-4.792220,360.864050,0.000000,0.000000,0.000000,-0.020142,-0.066040,1.008667,-1.185311,-3.660382,40.066666667,13.316666667,40.066666667,28.406666667,9.445555556,28.403333333,1144957113,1144957116,1144957117,1144957119,1144957120,1144957133,1144957134,1144957152
1492,1144684,10,114269,3,1,1,31,0,1206500,1081,5348.578946,-4.792220,360.864091,0.000000,0.000000,0.000000,-0.021606,-0.064209,1.008301,-1.180060,-3.662345,40.066666667,13.316666667,40.066666667,28.406666667,9.445555556,28.403333333,1144967115,1144967118,1144967119,1144967121,1144967122,1144967135,1144967135,1144967154
1508,1144694,10,114270,3,1,1,31,0,1206500,1081,5348.578946,-4.792220,360.864040,0.000000,0.000000,0.000000,-0.020630,-0.065918,1.008545,-1.174161,-3.659893,40.066666667,13.316666667,40.066666667,28.406666667,9.445555556,28.403333333,1144977115,1144977118,1144977119,1144977121,1144977122,1144977135,1144977136,1144977154
1540,1144704,10,114271,3,1,1,31,0,1206500,1081,5348.578946,-4.792220,360.863914,0.000000,0.000000,0.000000,-0.020386,-0.064575,1.007812,-1.168012,-3.653756,40.066666667,13.316666667,40.066666667,28.406666667,9.445555556,28.403333333,1144987112,1144987115,1144987116,1144987119,1144987120,1144987133,1144987133,1144987152
1540,1144714,10,114272,3,1,1,31,0,1206500,1081,5348.578946,-4.792220,360.863811,0.000000,0.000000,0.000000,-0.020630,-0.064087,1.008911,-1.169747,-3.648693,40.066666667,13.316666667,40.066666667,28.406666667,9.445555556,28.403333333,1144997115,1144997117,1144997118,1144997121,1144997121,1144997135,1144997136,1144997154
1540,1144724,10,114273,3,1,1,31,0,1206500,1081,5348.578946,-4.792220,360.863858,0.000000,0.000000,0.000000,-0.021118,-0.064819,1.010010,-1.175148,-3.651014,40.066666667,13.316666667,40.066666667,28.406666667,9.445555556,28.403333333,1145007114,1145007117,1145007118,1145007121,1145007121,1145007134,1145007135,1145007154
1541,1144734,10,114274,3,1,1,31,0,1206500,1081,5348.578946,-4.792220,360.863819,0.000000,0.000000,0.000000,-0.020142,-0.064331,1.009033,-1.169668,-3.649114,40.066666667,13.316666667,40.066666667,28.406666667,9.445555556,28.403333333,1145017112,1145017115,1145017116,1145017119,1145017119,1145017132,1145017133,1145017152
1570,1144744,10,114275,3,1,1,31,0,1206500,1081,5348.578946,-4.792220,360.863635,0.000000,0.000000,0.000000,-0.021118,-0.063232,1.007324,-1.170828,-3.640123,40.066666667,13.316666667,40.066666667,28.406666667,9.445555556,28.403333333,1145027115,1145027118,1145027118,1145027121,1145027121,1145027135,1145027136,1145027155
1570,1144754,10,114276,3,1,1,31,0,1206500,1081,5348.578946,-4.792220,360.863551,0.000000,0.000000,0.000000,-0.020996,-0.064209,1.009888,-1.177250,-3.636065,40.066666667,13.316666667,40.066666667,28.406666667,9.445555556,28.403333333,1145037115,1145037118,1145037119,1145037121,1145037122,1145037135,1145037136,1145037154
1570,1144764,10,114277,3,1,1,31,0,1206500,1081,5348.578946,-4.792220,360.863642,0.000000,0.000000,0.000000,-0.020874,-0.064697,1.009033,-1.179721,-3.640474,40.066666667,13.316666667,40.066666667,28.406666667,9.445555556,28.403333333,1145047113,1145047116,1145047117,1145047119,1145047120,1145047133,1145047134,1145047153
1586,1144774,10,114278,3,1,1,31,0,1206500,1081,5348.578946,-4.792220,360.863704,0.000000,0.000000,0.000000,-0.019775,-0.065308,1.008301,-1.166066,-3.643499,40.066666667,13.316666667,40.066666667,28.406666667,9.445555556,28.403333333,1145057115,1145057118,1145057119,1145057121,1145057122,1145057135,1145057136,1145057154
1602,1144784,10,114279,3,1,1,31,0,1206500,1081,5348.578946,-4.792220,360.863904,0.000000,0.000000,0.000000,-0.021484,-0.065308,1.009399,-1.169472,-3.653276,40.066666667,13.316666667,40.066666667,28.406666667,9.445555556,28.403333333,1145067114,1145067117,1145067118,1145067120,1145067121,1145067134,1145067135,1145067154
1602,1144794,10,114280,3,1,1,31,0,1206500,1081,5348.578946,-4.792220,360.864109,0.000000,0.000000,0.000000,-0.022583,-0.065552,1.009277,-1.183524,-3.663261,40.066666667,13.316666667,40.066666667,28.406666667,9.445555556,28.403333333,1145077113,1145077115,1145077116,1145077119,1145077119,1145077132,1145077133,1145077152
1619,1144804,10,114281,3,1,1,31,0,1206500,1081,5348.578946,-4.792220,360.864184,0.000000,0.000000,0.000000,-0.021240,-0.064941,1.009399,-1.189552,-3.666867,40.066666667,13.316666667,40.066666667,28.406666667,9.445555556,28.403333333,1145087115,1145087118,1145087119,1145087121,1145087122,1145087135,1145087136,1145087155
1649,1144814,10,114282,3,1,1,31,0,1206500,1081,5348.578946,-4.792220,360.864039,0.000000,0.000000,0.000000,-0.021606,-0.064453,1.007812,-1.189232,-3.659916,40.066666667,13.316666667,40.066666667,28.406666667,9.445555556,28.403333333,1145097119,1145097123,1145097124,1145097126,1145097127,1145097142,1145097142,1145097162
1649,1144824,10,114283,3,1,1,31,0,1206500,1081,5348.578946,-4.792220,360.863872,0.000000,0.000000,0.000000,-0.020386,-0.063843,1.008423,-1.184884,-3.651883,40.066666667,13.316666667,40.066666667,28.406666667,9.445555556,28.403333333,1145107114,1145107117,1145107118,1145107121,1145107121,1145107135,1145107136,1145107155
1649,1144834,10,114284,3,1,1,31,0,1206500,1081,5348.578946,-4.792220,360.863827,0.000000,0.000000,0.000000,-0.019897,-0.064453,1.009277,-1.176450,-3.649670,40.066666667,13.316666667,40.066666667,28.406666667,9.445555556,28.403333333,1145117115,1145117118,1145117119,1145117121,1145117122,1145117135,1145117136,1145117155
1665,1144844,10,114285,3,1,1,31,0,1206500,1081,5348.578946,-4.792220,360.863907,0.000000,0.000000,0.000000,-0.020386,-0.065063,1.008057,-1.172005,-3.653600,40.066666667,13.316666667,40.066666667,28.406666667,9.445555556,28.403333333,1145127115,1145127118,1145127119,1145127121,1145127122,1145127135,1145127136,1145127154
1665,1144854,10,114286,3,1,1,31,0,1206500,1081,5348.578946,-4.792220,360.863828,0.000000,0.000000,0.000000,-0.022461,-0.064209,1.008545,-1.184603,-3.649771,40.066666667,13.316666667,40.066666667,28.406666667,9.445555556,28.403333333,1145137113,1145137116,1145137117,1145137119,1145137120,1145137133,1145137133,1145137152
1682,1144864,10,114287,3,1,1,31,0,1206500,1081,5348.578946,-4.792220,360.863884,0.000000,0.000000,0.000000,-0.022217,-0.064819,1.008545,-1.199977,-3.652471,40.066666667,13.316666667,40.066666667,28.406666667,9.445555556,28.403333333,1145147115,1145147118,1145147119,1145147121,1145147122,1145147135,1145147136,1145147155
1682,1144874,10,114288,3,1,1,31,0,1206500,1081,5348.578946,-4.792220,360.863815,0.000000,0.000000,0.000000,-0.020996,-0.064941,1.007935,-1.194793,-3.649154,40.066666667,13.316666667,40.066666667,28.406666667,9.445555556,28.403333333,1145157115,1145157118,1145157119,1145157121,1145157122,1145157135,1145157136,1145157155
1713,1144884,10,114289,3,1,1,31,0,1206500,1081,5348.578946,-4.792220,360.863920,0.000000,0.000000,0.000000,-0.020264,-0.065308,1.008179,-1.183260,-3.654217,40.066666667,13.316666667,40.066666667,28.406666667,9.445555556,28.403333333,1145167113,1145167116,1145167117,1145167119,1145167120,1145167132,1145167133,1145167152
1713,1144894,10,114290,3,1,1,31,0,1206500,1081,5348.578946,-4.792220,360.863800,0.000000,0.000000,0.000000,-0.018921,-0.064331,1.010010,-1.168727,-3.648405,40.066666667,13.316666667,40.066666667,28.406666667,9.445555556,28.403333333,1145177115,1145177118,1145177119,1145177121,1145177122,1145177135,1145177136,1145177155
1713,1144904,10,114291,3,1,1,31,0,1206500,1081,5348.578946,-4.792220,360.863899,0.000000,0.000000,0.000000,-0.021362,-0.065674,1.007812,-1.174740,-3.653219,40.066666667,13.316666667,40.066666667,28.406666667,9.445555556,28.403333333,1145187116,1145187118,1145187119,1145187121,1145187122,1145187135,1145187136,1145187155
1742,1144914,10,114292,3,1,1,31,0,1206500,1081,5348.578946,-4.792220,360.864001,0.000000,0.000000,0.000000,-0.019165,-0.064575,1.009277,-1.167394,-3.658134,40.066666667,13.316666667,40.066666667,28.406666667,9.445555556,28.403333333,1145197113,1145197116,1145197117,1145197119,1145197120,1145197133,1145197133,1145197152
1742,1144924,10,114293,3,1,1,31,0,1206500,1081,5348.578946,-4.792220,360.863785,0.000000,0.000000,0.000000,-0.022461,-0.064331,1.009644,-1.178832,-3.647618,40.066666667,13.316666667,40.066666667,28.406666667,9.445555556,28.403333333,1145207115,1145207118,1145207119,1145207121,1145207122,1145207135,1145207136,1145207155
1742,1144934,10,114294,3,1,1,31,0,1206500,1081,5348.578946,-4.792220,360.863750,0.000000,0.000000,0.000000,-0.021118,-0.064209,1.009033,-1.182107,-3.645947,40.066666667,13.316666667,40.066666667,28.406666667,9.445555556,28.403333333,1145217115,1145217118,1145217119,1145217121,1145217122,1145217135,1145217135,1145217155
1758,1144944,10,114295,3,1,1,31,0,1206500,1081,5348.578946,-4.792220,360.863845,0.000000,0.000000,0.000000,-0.019897,-0.064697,1.007935,-1.172093,-3.650522,40.066666667,13.316666667,40.066666667,28.406666667,9.445555556,28.403333333,1145227113,1145227116,1145227117,1145227119,1145227120,1145227133,1145227134,1145227153
1775,1144954,10,114296,3,1,1,31,0,1206500,1081,5348.578946,-4.792220,360.863730,0.000000,0.000000,0.000000,-0.020752,-0.063599,1.009033,-1.168653,-3.644904,40.066666667,13.316666667,40.066666667,28.406666667,9.445555556,28.403333333,1145237115,1145237118,1145237119,1145237121,1145237122,1145237135,1145237136,1145237154
1775,1144964,10,114297,3,1,1,31,0,1206500,1081,5348.578946,-4.792220,360.863561,0.000000,0.000000,0.000000,-0.020752,-0.064209,1.009155,-1.166836,-3.636634,40.066666667,13.316666667,40.066666667,28.406666667,9.445555556,28.403333333,1145247115,1145247118,1145247119,1145247122,1145247122,1145247135,1145247136,1145247155
1806,1144974,10,114298,3,1,1,31,0,1206500,1081,5348.578946,-4.792220,360.863930,0.000000,0.000000,0.000000,-0.020020,-0.065796,1.009521,-1.168314,-3.654649,40.066666667,13.316666667,40.066666667,28.406666667,9.445555556,28.403333333,1145257113,1145257116,1145257117,1145257119,1145257120,1145257133,1145257133,1145257152
1806,1144984,10,114299,3,1,1,31,0,1206500,1081,5348.578946,-4.792220,360.863789,0.000000,0.000000,0.000000,-0.020142,-0.064331,1.008667,-1.159591,-3.647758,40.066666667,13.316666667,40.066666667,28.406666667,9.445555556,28.403333333,1145267116,1145267119,1145267120,1145267122,1145267123,1145267136,1145267137,1145267156
1806,1144994,10,114300,3,1,1,31,0,1206500,1081,5348.578946,-4.792220,360.863655,0.000000,0.000000,0.000000,-0.019531,-0.064087,1.009277,-1.144309,-3.641070,40.066666667,13.316666667,40.066666667,28.406666667,9.445555556,28.403333333,1145277115,1145277118,1145277119,1145277121,1145277122,1145277135,1145277136,1145277155
1836,1145004,10,114301,3,1,1,31,0,1206500,1081,5348.578946,-4.792220,360.863545,0.000000,0.000000,0.000000,-0.021606,-0.063843,1.008301,-1.156133,-3.635640,40.066666667,13.316666667,40.066666667,28.406666667,9.445555556,28.403333333,1145287113,1145287116,1145287117,1145287119,1145287120,1145287133,1145287133,1145287153
1836,1145014,10,114302,3,1,1,31,0,1206500,1081,5348.578946,-4.792220,360.863544,0.000000,0.000000,0.000000,-0.022461,-0.064697,1.009888,-1.174465,-3.635567,40.066666667,13.316666667,40.066666667,28.406666667,9.445555556,28.403333333,1145297121,1145297124,1145297125,1145297127,1145297128,1145297143,1145297143,1145297163
1836,1145024,10,114303,3,1,1,31,0,1206500,1081,5348.578946,-4.792220,360.863945,0.000000,0.000000,0.000000,-0.022461,-0.066162,1.009277,-1.180832,-3.655067,40.066666667,13.316666667,40.066666667,28.406666667,9.445555556,28.403333333,1145307117,1145307120,1145307121,1145307124,1145307124,1145307138,1145307139,1145307158
1867,1145034,10,114304,3,1,1,31,0,1206500,1081,5348.578946,-4.792220,360.863779,0.000000,0.000000,0.000000,-0.019653,-0.064331,1.007568,-1.174962,-3.647069,40.066666667,13.316666667,40.066666667,28.406666667,9.445555556,28.403333333,1145317113,1145317116,1145317117,1145317119,1145317120,1145317133,1145317134,1145317153
1867,1145044,10,114305,3,1,1,31,0,1206500,1081,5348.578946,-4.792220,360.863638,0.000000,0.000000,0.000000,-0.019897,-0.063965,1.008301,-1.165531,-3.640186,40.066666667,13.316666667,40.066666667,28.406666667,9.445555556,28.403333333,1145327116,1145327119,1145327119,1145327122,1145327122,1145327136,1145327136,1145327156
1867,1145054,10,114306,3,1,1,31,0,1206500,1081,5348.578946,-4.792220,360.863658,0.000000,0.000000,0.000000,-0.020264,-0.065674,1.008667,-1.159607,-3.641148,40.066666667,13.316666667,40.066666667,28.406666667,9.445555556,28.403333333,1145337115,1145337118,1145337119,1145337122,1145337122,1145337136,1145337136,1145337155
1883,1145064,10,114307,3,1,1,31,0,1206500,1081,5348.578946,-4.792220,360.863719,0.000000,0.000000,0.000000,-0.021851,-0.065186,1.009644,-1.166631,-3.644173,40.066666667,13.316666667,40.066666667,28.406666667,9.445555556,28.403333333,1145347114,1145347116,1145347117,1145347120,1145347120,1145347134,1145347134,1145347153
1883,1145074,10,114308,3,1,1,31,0,1206500,1081,5348.578946,-4.792220,360.863466,0.000000,0.000000,0.000000,-0.020630,-0.062988,1.008545,-1.175774,-3.631854,40.066666667,13.316666667,40.066666667,28.406666667,9.445555556,28.403333333,1145357115,1145357118,1145357119,1145357122,1145357122,1145357135,1145357136,1145357155
1899,1145084,10,114309,3,1,1,31,0,1206500,1081,5348.578946,-4.792220,360.863399,0.000000,0.000000,0.000000,-0.020752,-0.064575,1.009155,-1.172261,-3.628622,40.066666667,13.316666667,40.066666667,28.406666667,9.445555556,28.403333333,1145367116,1145367119,1145367119,1145367122,1145367123,1145367136,1145367136,1145367155
1914,1145094,10,114310,3,1,1,31,0,1206500,1081,5348.578946,-4.792220,360.863501,0.000000,0.000000,0.000000,-0.021118,-0.065063,1.009766,-1.173319,-3.633589,40.066666667,13.316666667,40.066666667,28.406666667,9.445555556,28.403333333,1145377114,1145377117,1145377118,1145377120,1145377121,1145377134,1145377135,1145377154
1914,1145104,10,114311,3,1,1,31,0,1206500,1081,5348.578946,-4.792220,360.863559,0.000000,0.000000,0.000000,-0.021484,-0.064819,1.009521,-1.173222,-3.636415,40.066666667,13.316666667,40.066666667,28.406666667,9.445555556,28.403333333,1145387116,1145387119,1145387120,1145387122,1145387123,1145387136,1145387137,1145387156
1930,1145114,10,114312,3,1,1,31,0,1206500,1081,5348.578946,-4.792220,360.863532,0.000000,0.000000,0.000000,-0.019165,-0.064697,1.008545,-1.163031,-3.635110,40.066666667,13.316666667,40.066666667,28.406666667,9.445555556,28.403333333,1145397116,1145397119,1145397120,1145397122,1145397123,1145397136,1145397136,1145397155
1945,1145124,10,114313,3,1,1,31,0,1206500,1081,5348.578946,-4.792220,360.863571,0.000000,0.000000,0.000000,-0.021240,-0.065308,1.009399,-1.166009,-3.637027,40.066666667,13.316666667,40.066666667,28.406666667,9.445555556,28.403333333,1145407113,1145407116,1145407117,1145407120,1145407120,1145407133,1145407134,1145407153
1945,1145134,10,114314,3,1,1,31,0,1206500,1081,5348.578946,-4.792220,360.863603,0.000000,0.000000,0.000000,-0.019287,-0.064331,1.009277,-1.155514,-3.638569,40.066666667,13.316666667,40.066666667,28.406666667,9.445555556,28.403333333,1145417116,1145417119,1145417120,1145417123,1145417123,1145417136,1145417137,1145417156
1961,1145144,10,114315,3,1,1,31,0,1206500,1081,5348.578946,-4.792220,360.863593,0.000000,0.000000,0.000000,-0.020996,-0.064087,1.008179,-1.155675,-3.638103,40.066666667,13.316666667,40.066666667,28.406666667,9.445555556,28.403333333,1145427116,1145427119,1145427120,1145427122,1145427123,1145427136,1145427137,1145427156
1961,1145154,10,114316,3,1,1,31,0,1206500,1081,5348.578946,-4.792220,360.863537,0.000000,0.000000,0.000000,-0.020386,-0.064697,1.008911,-1.153704,-3.635321,40.066666667,13.316666667,40.066666667,28.406666667,9.445555556,28.403333333,1145437113,1145437116,1145437117,1145437119,1145437120,1145437133,1145437134,1145437153
1976,1145164,10,114317,3,1,1,31,0,1206500,1081,5348.578946,-4.792220,360.863776,0.000000,0.000000,0.000000,-0.019531,-0.065552,1.007446,-1.150121,-3.647140,40.066666667,13.316666667,40.066666667,28.406666667,9.445555556,28.403333333,1145447116,1145447119,1145447120,1145447122,1145447123,1145447136,1145447137,1145447156
1992,1145174,10,114318,3,1,1,31,0,1206500,1081,5348.578946,-4.792220,360.863602,0.000000,0.000000,0.000000,-0.020996,-0.063599,1.009155,-1.154536,-3.638531,40.066666667,13.316666667,40.066666667,28.406666667,9.445555556,28.403333333,1145457115,1145457118,1145457119,1145457121,1145457122,1145457136,1145457136,1145457156
1992,1145184,10,114319,3,1,1,31,0,1206500,1081,5348.578946,-4.792220,360.863669,0.000000,0.000000,0.000000,-0.020264,-0.064941,1.008667,-1.152637,-3.641831,40.066666667,13.316666667,40.066666667,28.406666667,9.445555556,28.403333333,1145467114,1145467117,1145467118,1145467120,1145467121,1145467134,1145467135,1145467154
2008,1145194,10,114320,3,1,1,31,0,1206500,1081,5348.578946,-4.792220,360.863744,0.000000,0.000000,0.000000,-0.021240,-0.065186,1.008911,-1.159022,-3.645569,40.066666667,13.316666667,40.066666667,28.406666667,9.445555556,28.403333333,1145477116,1145477119,1145477120,1145477122,1145477123,1145477136,1145477137,1145477156
2024,1145204,10,114321,3,1,1,31,0,1206500,1081,5348.578946,-4.792220,360.863581,0.000000,0.000000,0.000000,-0.020142,-0.063843,1.007812,-1.157059,-3.637551,40.066666667,13.316666667,40.066666667,28.406666667,9.445555556,28.403333333,1145487116,1145487119,1145487119,1145487122,1145487123,1145487136,1145487136,1145487156
2024,1145214,10,114322,3,1,1,31,0,1206500,1081,5348.578946,-4.792220,360.863634,0.000000,0.000000,0.000000,-0.021973,-0.065063,1.008911,-1.164644,-3.640149,40.066666667,13.316666667,40.066666667,28.406666667,9.445555556,28.403333333,1145497119,1145497122,1145497124,1145497126,1145497127,1145497142,1145497142,1145497162
2040,1145224,10,114323,3,1,1,31,0,1206500,1081,5348.578946,-4.792220,360.863841,0.000000,0.000000,0.000000,-0.021606,-0.065674,1.009521,-1.171790,-3.650237,40.066666667,13.316666667,40.066666667,28.406666667,9.445555556,28.403333333,1145507118,1145507121,1145507121,1145507124,1145507125,1145507138,1145507138,1145507157
2055,1145234,10,114324,3,1,1,31,0,1206500,1081,5348.578946,-4.792220,360.863878,0.000000,0.000000,0.000000,-0.020386,-0.065308,1.008667,-1.166504,-3.652082,40.066666667,13.316666667,40.066666667,28.406666667,9.445555556,28.403333333,1145517116,1145517119,1145517120,1145517123,1145517124,1145517136,1145517137,1145517156
2055,1145244,10,114325,3,1,1,31,0,1206500,1081,5348.578946,-4.792220,360.863728,0.000000,0.000000,0.000000,-0.020264,-0.063354,1.008911,-1.165494,-3.644707,40.066666667,13.316666667,40.066666667,28.406666667,9.445555556,28.403333333,1145527113,1145527116,1145527117,1145527120,1145527121,1145527133,1145527134,1145527153
2071,1145254,10,114326,3,1,1,31,0,1206500,1081,5348.578946,-4.792220,360.863913,0.000000,0.000000,0.000000,-0.021484,-0.065308,1.006714,-1.170007,-3.653786,40.066666667,13.316666667,40.066666667,28.406666667,9.445555556,28.403333333,1145537116,1145537119,1145537120,1145537122,1145537123,1145537136,1145537137,1145537156
2071,1145264,10,114327,3,1,1,31,0,1206500,1081,5348.578946,-4.792220,360.863762,0.000000,0.000000,0.000000,-0.021118,-0.064697,1.008545,-1.172817,-3.646419,40.066666667,13.316666667,40.066666667,28.406666667,9.445555556,28.403333333,1145547117,1145547119,1145547120,1145547123,1145547124,1145547137,1145547138,1145547156
2102,1145274,10,114328,3,1,1,31,0,1206500,1081,5348.578946,-4.792220,360.863701,0.000000,0.000000,0.000000,-0.021606,-0.064819,1.009277,-1.187002,-3.643446,40.066666667,13.316666667,40.066666667,28.406666667,9.445555556,28.403333333,1145557114,1145557117,1145557118,1145557120,1145557121,1145557134,1145557134,1145557153
2102,1145284,10,114329,3,1,1,31,0,1206500,1081,5348.578946,-4.792220,360.863600,0.000000,0.000000,0.000000,-0.021484,-0.064331,1.009155,-1.182920,-3.638613,40.066666667,13.316666667,40.066666667,28.406666667,9.445555556,28.403333333,1145567116,1145567119,1145567120,1145567122,1145567123,1145567136,1145567137,1145567156
2102,1145294,10,114330,3,1,1,31,0,1206500,1081,5348.578946,-4.792220,360.863686,0.000000,0.000000,0.000000,-0.020996,-0.065674,1.008179,-1.187342,-3.642697,40.066666667,13.316666667,40.066666667,28.406666667,9.445555556,28.403333333,1145577116,1145577119,1145577120,1145577122,1145577123,1145577136,1145577137,1145577156
2118,1145304,10,114331,3,1,1,31,0,1206500,1081,5348.578946,-4.792220,360.863776,0.000000,0.000000,0.000000,-0.021118,-0.065063,1.007935,-1.189992,-3.647062,40.066666667,13.316666667,40.066666667,28.406666667,9.445555556,28.403333333,1145587114,1145587116,1145587117,1145587120,1145587120,1145587133,1145587134,1145587153
2149,1145314,10,114332,3,1,1,31,0,1206500,1081,5348.578946,-4.792220,360.863746,0.000000,0.000000,0.000000,-0.019775,-0.064819,1.007690,-1.177427,-3.645595,40.066666667,13.316666667,40.066666667,28.406666667,9.445555556,28.403333333,1145597115,1145597118,1145597119,1145597121,1145597122,1145597135,1145597136,1145597155
2149,1145324,10,114333,3,1,1,31,0,1206500,1081,5348.578946,-4.792220,360.863645,0.000000,0.000000,0.000000,-0.021118,-0.064575,1.008667,-1.180118,-3.640734,40.066666667,13.316666667,40.066666667,28.406666667,9.445555556,28.403333333,1145607116,1145607119,1145607120,1145607122,1145607123,1145607136,1145607137,1145607156
2149,1145334,10,114334,3,1,1,31,0,1206500,1081,5348.578946,-4.792220,360.863499,0.000000,0.000000,0.000000,-0.020630,-0.063477,1.009644,-1.175595,-3.633633,40.066666667,13.316666667,40.066666667,28.406666667,9.445555556,28.403333333,1145617114,1145617117,1145617118,1145617120,1145617121,1145617134,1145617135,1145617153
2164,1145344,10,114335,3,1,1,31,0,1206500,1081,5348.578946,-4.792220,360.863512,0.000000,0.000000,0.000000,-0.020996,-0.065308,1.007080,-1.177428,-3.634234,40.066666667,13.316666667,40.066666667,28.406666667,9.445555556,28.403333333,1145627115,1145627118,1145627119,1145627122,1145627122,1145627135,1145627136,1145627155
2164,1145354,10,114336,3,1,1,31,0,1206500,1081,5348.578946,-4.792220,360.863398,0.000000,0.000000,0.000000,-0.020508,-0.064453,1.008057,-1.173094,-3.628741,40.066666667,13.316666667,40.066666667,28.406666667,9.445555556,28.403333333,1145637116,1145637119,1145637119,1145637122,1145637123,1145637135,1145637136,1145637155
2180,1145364,10,114337,3,1,1,31,0,1206500,1081,5348.578946,-4.792220,360.863358,0.000000,0.000000,0.000000,-0.020386,-0.064087,1.009644,-1.167407,-3.626775,40.066666667,13.316666667,40.066666667,28.406666667,9.445555556,28.403333333,1145647113,1145647117,1145647117,1145647120,1145647120,1145647133,1145647134,1145647153
2196,1145374,10,114338,3,1,1,31,0,1206500,1081,5348.578946,-4.792220,360.863446,0.000000,0.000000,0.000000,-0.021118,-0.065552,1.009888,-1.169848,-3.631051,40.066666667,13.316666667,40.066666667,28.406666667,9.445555556,28.403333333,1145657115,1145657118,1145657119,1145657122,1145657122,1145657135,1145657136,1145657155
2196,1145384,10,114339,3,1,1,31,0,1206500,1081,5348.578946,-4.792220,360.863503,0.000000,0.000000,0.000000,-0.020386,-0.064697,1.009399,-1.171052,-3.633853,40.066666667,13.316666667,40.066666667,28.406666667,9.445555556,28.403333333,1145667116,1145667119,1145667120,1145667122,1145667123,1145667136,1145667136,1145667155
2212,1145394,10,114340,3,1,1,31,0,1206500,1081,5348.578946,-4.792220,360.863496,0.000000,0.000000,0.000000,-0.022827,-0.064575,1.008301,-1.176591,-3.633494,40.066666667,13.316666667,40.066666667,28.406666667,9.445555556,28.403333333,1145677114,1145677117,1145677118,1145677121,1145677121,1145677134,1145677135,1145677154
2212,1145404,10,114341,3,1,1,31,0,1206500,1081,5348.578946,-4.792220,360.863573,0.000000,0.000000,0.000000,-0.021362,-0.064575,1.007080,-1.185311,-3.637224,40.066666667,13.316666667,40.066666667,28.406666667,9.445555556,28.403333333,1145687117,1145687120,1145687121,1145687123,1145687124,1145687137,1145687138,1145687157
2243,1145414,10,114342,3,1,1,31,0,1206500,1081,5348.578946,-4.792220,360.863717,0.000000,0.000000,0.000000,-0.021606,-0.064331,1.010498,-1.192747,-3.644183,40.066666667,13.316666667,40.066666667,28.406666667,9.445555556,28.403333333,1145697121,1145697125,1145697125,1145697128,1145697129,1145697143,1145697144,1145697164
2243,1145424,10,114343,3,1,1,31,0,1206500,1081,5348.578946,-4.792220,360.863609,0.000000,0.000000,0.000000,-0.021973,-0.063843,1.008911,-1.200768,-3.639010,40.066666667,13.316666667,40.066666667,28.406666667,9.445555556,28.403333333,1145707115,1145707117,1145707118,1145707121,1145707121,1145707135,1145707136,1145707155
2243,1145434,10,114344,3,1,1,31,0,1206500,1081,5348.578946,-4.792220,360.863705,0.000000,0.000000,0.000000,-0.020630,-0.065308,1.010376,-1.196578,-3.643572,40.066666667,13.316666667,40.066666667,28.406666667,9.445555556,28.403333333,1145717116,1145717119,1145717120,1145717122,1145717123,1145717136,1145717137,1145717156
2258,1145444,10,114345,3,1,1,31,0,1206500,1081,5348.578946,-4.792220,360.863623,0.000000,0.000000,0.000000,-0.019897,-0.064819,1.008057,-1.190240,-3.639694,40.066666667,13.316666667,40.066666667,28.406666667,9.445555556,28.403333333,1145727117,1145727120,1145727121,1145727123,1145727124,1145727137,1145727138,1145727157
2274,1145454,10,114346,3,1,1,31,0,1206500,1081,5348.578946,-4.792220,360.863589,0.000000,0.000000,0.000000,-0.022339,-0.064941,1.008301,-1.194597,-3.638027,40.066666667,13.316666667,40.066666667,28.406666667,9.445555556,28.403333333,1145737114,1145737117,1145737118,1145737120,1145737121,1145737134,1145737135,1145737154
2274,1145464,10,114347,3,1,1,31,0,1206500,1081,5348.578946,-4.792220,360.863450,0.000000,0.000000,0.000000,-0.021606,-0.063232,1.008545,-1.195549,-3.631392,40.066666667,13.316666667,40.066666667,28.406666667,9.445555556,28.403333333,1145747116,1145747119,1145747120,1145747123,1145747123,1145747136,1145747137,1145747156
2291,1145474,10,114348,3,1,1,31,0,1206500,1081,5348.578946,-4.792220,360.863623,0.000000,0.000000,0.000000,-0.021729,-0.065552,1.008423,-1.201052,-3.639651,40.066666667,13.316666667,40.066666667,28.406666667,9.445555556,28.403333333,1145757116,1145757119,1145757120,1145757122,1145757123,1145757136,1145757136,1145757155
2291,1145484,10,114349,3,1,1,31,0,1206500,1081,5348.578946,-4.792220,360.863858,0.000000,0.000000,0.000000,-0.021729,-0.065918,1.010132,-1.196800,-3.650841,40.066666667,13.316666667,40.066666667,28.406666667,9.445555556,28.403333333,1145767115,1145767118,1145767119,1145767121,1145767122,1145767134,1145767135,1145767154
2307,1145494,10,114350,3,1,1,31,0,1206500,1081,5348.578946,-4.792220,360.864015,0.000000,0.000000,0.000000,-0.020874,-0.065430,1.008545,-1.192926,-3.658336,40.066666667,13.316666667,40.066666667,28.406666667,9.445555556,28.403333333,1145777116,1145777119,1145777120,1145777123,1145777123,1145777136,1145777137,1145777156
2337,1145504,10,114351,3,1,1,31,0,1206500,1081,5348.578946,-4.792220,360.864099,0.000000,0.000000,0.000000,-0.019897,-0.065308,1.009033,-1.179773,-3.662407,40.066666667,13.316666667,40.066666667,28.406666667,9.445555556,28.403333333,1145787116,1145787119,1145787120,1145787122,1145787123,1145787136,1145787137,1145787156
2337,1145514,10,114352,3,1,1,31,0,1206500,1081,5348.578946,-4.792220,360.864096,0.000000,0.000000,0.000000,-0.021606,-0.065308,1.008911,-1.188233,-3.662238,40.066666667,13.316666667,40.066666667,28.406666667,9.445555556,28.403333333,1145797114,1145797117,1145797117,1145797120,1145797120,1145797134,1145797134,1145797154
2337,1145524,10,114353,3,1,1,31,0,1206500,1081,5348.578946,-4.792220,360.864093,0.000000,0.000000,0.000000,-0.020264,-0.065552,1.009399,-1.182738,-3.662112,40.066666667,13.316666667,40.066666667,28.406666667,9.445555556,28.403333333,1145807117,1145807120,1145807121,1145807123,1145807124,1145807137,1145807137,1145807157
2355,1145534,10,114354,3,1,1,31,0,1206500,1081,5348.578946,-4.792220,360.863958,0.000000,0.000000,0.000000,-0.021606,-0.064819,1.008423,-1.181757,-3.655586,40.066666667,13.316666667,40.066666667,28.406666667,9.445555556,28.403333333,1145817116,1145817119,1145817120,1145817122,1145817122,1145817135,1145817136,1145817155
2355,1145544,10,114355,3,1,1,31,0,1206500,1081,5348.578946,-4.792220,360.863863,0.000000,0.000000,0.000000,-0.020874,-0.064941,1.008423,-1.180201,-3.650991,40.066666667,13.316666667,40.066666667,28.406666667,9.445555556,28.403333333,1145827115,1145827117,1145827118,1145827121,1145827121,1145827134,1145827135,1145827155
2383,1145554,10,114356,3,1,1,31,0,1206500,1081,5348.578946,-4.792220,360.863788,0.000000,0.000000,0.000000,-0.020752,-0.064819,1.008057,-1.178170,-3.647358,40.066666667,13.316666667,40.066666667,28.406666667,9.445555556,28.403333333,1145837116,1145837119,1145837120,1145837123,1145837123,1145837136,1145837137,1145837156
2383,1145564,10,114357,3,1,1,31,0,1206500,1081,5348.578946,-4.792220,360.863835,0.000000,0.000000,0.000000,-0.021606,-0.064575,1.008301,-1.175757,-3.649647,40.066666667,13.316666667,40.066666667,28.406666667,9.445555556,28.403333333,1145847117,1145847120,1145847121,1145847123,1145847124,1145847137,1145847138,1145847157
2383,1145574,10,114358,3,1,1,31,0,1206500,1081,5348.578946,-4.792220,360.864093,0.000000,0.000000,0.000000,-0.021362,-0.066162,1.009521,-1.176853,-3.662145,40.066666667,13.316666667,40.066666667,28.406666667,9.445555556,28.403333333,1145857114,1145857117,1145857118,1145857121,1145857121,1145857135,1145857135,1145857154
2399,1145584,10,114359,3,1,1,31,0,1206500,1081,5348.578946,-4.792220,360.864045,0.000000,0.000000,0.000000,-0.021240,-0.064697,1.009033,-1.178261,-3.659845,40.066666667,13.316666667,40.066666667,28.406666667,9.445555556,28.403333333,1145867117,1145867120,1145867120,1145867123,1145867123,1145867136,1145867137,1145867156
2415,1145594,10,114360,3,1,1,31,0,1206500,1081,5348.578946,-4.792220,360.864097,0.000000,0.000000,0.000000,-0.021240,-0.065186,1.007812,-1.185926,-3.662375,40.066666667,13.316666667,40.066666667,28.406666667,9.445555556,28.403333333,1145877116,1145877119,1145877120,1145877122,1145877123,1145877136,1145877137,1145877156
2415,1145604,10,114361,3,1,1,31,0,1206500,1081,5348.578946,-4.792220,360.863994,0.000000,0.000000,0.000000,-0.020630,-0.063721,1.008301,-1.175036,-3.657346,40.066666667,13.316666667,40.066666667,28.406666667,9.445555556,28.403333333,1145887115,1145887118,1145887118,1145887121,1145887121,1145887135,1145887136,1145887154
2431,1145614,10,114362,3,1,1,31,0,1206500,1081,5348.578946,-4.792220,360.864085,0.000000,0.000000,0.000000,-0.021118,-0.064941,1.009277,-1.177304,-3.661783,40.066666667,13.316666667,40.066666667,28.406666667,9.445555556,28.403333333,1145897122,1145897126,1145897127,1145897129,1145897130,1145897146,1145897147,1145897166
2431,1145624,10,114363,3,1,1,31,0,1206500,1081,5348.578946,-4.792220,360.863875,0.000000,0.000000,0.000000,-0.021851,-0.062866,1.010986,-1.179740,-3.651565,40.066666667,13.316666667,40.066666667,28.406666667,9.445555556,28.403333333,1145907118,1145907121,1145907121,1145907124,1145907125,1145907139,1145907140,1145907159
2447,1145634,10,114364,3,1,1,31,0,1206500,1081,5348.578946,-4.792220,360.863530,0.000000,0.000000,0.000000,-0.019531,-0.063110,1.009521,-1.173236,-3.634835,40.066666667,13.316666667,40.066666667,28.406666667,9.445555556,28.403333333,1145917115,1145917118,1145917119,1145917121,1145917122,1145917135,1145917136,1145917155
2463,1145644,10,114365,3,1,1,31,0,1206500,1081,5348.578946,-4.792220,360.863508,0.000000,0.000000,0.000000,-0.020996,-0.063721,1.009277,-1.173388,-3.633767,40.066666667,13.316666667,40.066666667,28.406666667,9.445555556,28.403333333,1145927117,1145927120,1145927121,1145927123,1145927124,1145927137,1145927138,1145927157
2463,1145654,10,114366,3,1,1,31,0,1206500,1081,5348.578946,-4.792220,360.863553,0.000000,0.000000,0.000000,-0.019653,-0.064697,1.009155,-1.157930,-3.635999,40.066666667,13.316666667,40.066666667,28.406666667,9.445555556,28.403333333,1145937117,1145937120,1145937120,1145937123,1145937123,1145937137,1145937138,1145937157
2494,1145664,10,114367,3,1,1,31,0,1206500,1081,5348.578946,-4.792220,360.863434,0.000000,0.000000,0.000000,-0.019409,-0.064453,1.008423,-1.154536,-3.630145,40.066666667,13.316666667,40.066666667,28.406666667,9.445555556,28.403333333,1145947114,1145947117,1145947118,1145947121,1145947121,1145947134,1145947135,1145947154
2494,1145674,10,114368,3,1,1,31,0,1206500,1081,5348.578946,-4.792220,360.863364,0.000000,0.000000,0.000000,-0.020508,-0.063721,1.008667,-1.148343,-3.626665,40.066666667,13.316666667,40.066666667,28.406666667,9.445555556,28.403333333,1145957116,1145957119,1145957120,1145957123,1145957123,1145957136,1145957137,1145957156
2494,1145684,10,114369,3,1,1,31,0,1206500,1081,5348.578946,-4.792220,360.863390,0.000000,0.000000,0.000000,-0.021484,-0.065063,1.008301,-1.153332,-3.627907,40.066666667,13.316666667,40.066666667,28.406666667,9.445555556,28.403333333,1145967117,1145967119,1145967120,1145967123,1145967123,1145967136,1145967137,1145967156
2524,1145694,10,114370,3,1,1,31,0,1206500,1081,5348.578946,-4.792220,360.863282,0.000000,0.000000,0.000000,-0.019775,-0.063721,1.009644,-1.150808,-3.622596,40.066666667,13.316666667,40.066666667,28.406666667,9.445555556,28.403333333,1145977114,1145977117,1145977118,1145977120,1145977121,1145977134,1145977135,1145977153
2524,1145704,10,114371,3,1,1,31,0,1206500,1081,5348.578946,-4.792220,360.863572,0.000000,0.000000,0.000000,-0.020142,-0.065186,1.009277,-1.145528,-3.637006,40.066666667,13.316666667,40.066666667,28.406666667,9.445555556,28.403333333,1145987116,1145987119,1145987120,1145987123,1145987123,1145987137,1145987137,1145987156
2524,1145714,10,114372,3,1,1,31,0,1206500,1081,5348.578946,-4.792220,360.863623,0.000000,0.000000,0.000000,-0.021362,-0.064453,1.010010,-1.156347,-3.639529,40.066666667,13.316666667,40.066666667,28.406666667,9.445555556,28.403333333,1145997117,1145997119,1145997120,1145997123,1145997123,1145997137,1145997137,1145997156
2540,1145724,10,114373,3,1,1,31,0,1206500,1081,5348.578946,-4.792220,360.863455,0.000000,0.000000,0.000000,-0.020630,-0.063232,1.008789,-1.164726,-3.631278,40.066666667,13.316666667,40.066666667,28.406666667,9.445555556,28.403333333,1146007114,1146007117,1146007118,1146007120,1146007121,1146007134,1146007135,1146007153
2555,1145734,10,114374,3,1,1,31,0,1206500,1081,5348.578946,-4.792220,360.863503,0.000000,0.000000,0.000000,-0.020996,-0.065186,1.009033,-1.163664,-3.633640,40.066666667,13.316666667,40.066666667,28.406666667,9.445555556,28.403333333,1146017117,1146017120,1146017121,1146017124,1146017124,1146017137,1146017138,1146017157
2555,1145744,10,114375,3,1,1,31,0,1206500,1081,5348.578946,-4.792220,360.863337,0.000000,0.000000,0.000000,-0.020142,-0.063477,1.008667,-1.164226,-3.625550,40.066666667,13.316666667,40.066666667,28.406666667,9.445555556,28.403333333,1146027117,1146027120,1146027121,1146027123,1146027124,1146027137,1146027137,1146027157
2570,1145754,10,114376,3,1,1,31,0,1206500,1081,5348.578946,-4.792220,360.863488,0.000000,0.000000,0.000000,-0.020020,-0.064575,1.007690,-1.162474,-3.632912,40.066666667,13.316666667,40.066666667,28.406666667,9.445555556,28.403333333,1146037114,1146037117,1146037118,1146037120,1146037121,1146037134,1146037135,1146037154
2570,1145764,10,114377,3,1,1,31,0,1206500,1081,5348.578946,-4.792220,360.863489,0.000000,0.000000,0.000000,-0.020874,-0.065063,1.008179,-1.159070,-3.633013,40.066666667,13.316666667,40.066666667,28.406666667,9.445555556,28.403333333,1146047116,1146047119,1146047120,1146047122,1146047123,1146047136,1146047137,1146047156
2586,1145774,10,114378,3,1,1,31,0,1206500,1081,5348.578946,-4.792220,360.863409,0.000000,0.000000,0.000000,-0.019287,-0.064819,1.008179,-1.150937,-3.629044,40.066666667,13.316666667,40.066666667,28.406666667,9.445555556,28.403333333,1146057117,1146057119,1146057120,1146057123,1146057123,1146057136,1146057137,1146057156
2602,1145784,10,114379,3,1,1,31,0,1206500,1081,5348.578946,-4.792220,360.863466,0.000000,0.000000,0.000000,-0.021240,-0.064697,1.009888,-1.152273,-3.631878,40.066666667,13.316666667,40.066666667,28.406666667,9.445555556,28.403333333,1146067115,1146067117,1146067118,1146067121,1146067121,1146067134,1146067135,1146067154
2602,1145794,10,114380,3,1,1,31,0,1206500,1081,5348.578946,-4.792220,360.863356,0.000000,0.000000,0.000000,-0.020508,-0.064209,1.009033,-1.157113,-3.626462,40.066666667,13.316666667,40.066666667,28.406666667,9.445555556,28.403333333,1146077116,1146077119,1146077120,1146077123,1146077123,1146077137,1146077137,1146077156
2617,1145804,10,114381,3,1,1,31,0,1206500,1081,5348.578946,-4.792220,360.863521,0.000000,0.000000,0.000000,-0.021484,-0.065063,1.009033,-1.158153,-3.634595,40.066666667,13.316666667,40.066666667,28.406666667,9.445555556,28.403333333,1146087116,1146087119,1146087120,1146087122,1146087123,1146087136,1146087137,1146087156
2633,1145814,10,114382,3,1,1,31,0,1206500,1081,5348.578946,-4.792220,360.863637,0.000000,0.000000,0.000000,-0.020508,-0.064331,1.009521,-1.163581,-3.640317,40.066666667,13.316666667,40.066666667,28.406666667,9.445555556,28.403333333,1146097119,1146097122,1146097123,1146097126,1146097127,1146097142,1146097143,1146097162
2633,1145824,10,114383,3,1,1,31,0,1206500,1081,5348.578946,-4.792220,360.863550,0.000000,0.000000,0.000000,-0.020752,-0.064575,1.009399,-1.167251,-3.636037,40.066666667,13.316666667,40.066666667,28.406666667,9.445555556,28.403333333,1146107118,1146107121,1146107122,1146107125,1146107126,1146107139,1146107140,1146107159
2648,1145834,10,114384,3,1,1,31,0,1206500,1081,5348.578946,-4.792220,360.863490,0.000000,0.000000,0.000000,-0.020020,-0.064209,1.009277,-1.162467,-3.633090,40.066666667,13.316666667,40.066666667,28.406666667,9.445555556,28.403333333,1146117117,1146117120,1146117121,1146117124,1146117124,1146117138,1146117139,1146117158
2664,1145844,10,114385,3,1,1,31,0,1206500,1081,5348.578946,-4.792220,360.863657,0.000000,0.000000,0.000000,-0.020264,-0.065918,1.009277,-1.154627,-3.641333,40.066666667,13.316666667,40.066666667,28.406666667,9.445555556,28.403333333,1146127115,1146127117,1146127118,1146127121,1146127121,1146127134,1146127135,1146127154
2664,1145854,10,114386,3,1,1,31,0,1206500,1081,5348.578946,-4.792220,360.863622,0.000000,0.000000,0.000000,-0.021362,-0.063965,1.008911,-1.167267,-3.639648,40.066666667,13.316666667,40.066666667,28.406666667,9.445555556,28.403333333,1146137118,1146137121,1146137122,1146137124,1146137125,1146137138,1146137139,1146137158
2679,1145864,10,114387,3,1,1,31,0,1206500,1081,5348.578946,-4.792220,360.863669,0.000000,0.000000,0.000000,-0.020630,-0.065430,1.009399,-1.164504,-3.641962,40.066666667,13.316666667,40.066666667,28.406666667,9.445555556,28.403333333,1146147117,1146147120,1146147121,1146147123,1146147124,1146147137,1146147137,1146147156
2694,1145874,10,114388,3,1,1,31,0,1206500,1081,5348.578946,-4.792220,360.863686,0.000000,0.000000,0.000000,-0.019165,-0.065186,1.008057,-1.158781,-3.642823,40.066666667,13.316666667,40.066666667,28.406666667,9.445555556,28.403333333,1146157115,1146157118,1146157119,1146157121,1146157122,1146157135,1146157136,1146157155
2694,1145884,10,114389,3,1,1,31,0,1206500,1081,5348.578946,-4.792220,360.863839,0.000000,0.000000,0.000000,-0.020386,-0.065430,1.009888,-1.152733,-3.650371,40.066666667,13.316666667,40.066666667,28.406666667,9.445555556,28.403333333,1146167117,1146167121,1146167121,1146167124,1146167124,1146167137,1146167138,1146167157
2710,1145894,10,114390,3,1,1,31,0,1206500,1081,5348.578946,-4.792220,360.863785,0.000000,0.000000,0.000000,-0.020752,-0.064331,1.008301,-1.151496,-3.647702,40.066666667,13.316666667,40.066666667,28.406666667,9.445555556,28.403333333,1146177116,1146177119,1146177120,1146177123,1146177123,1146177137,1146177137,1146177156
2727,1145904,10,114391,3,1,1,31,0,1206500,1081,5348.578946,-4.792220,360.863851,0.000000,0.000000,0.000000,-0.021606,-0.064697,1.009277,-1.158073,-3.650953,40.066666667,13.316666667,40.066666667,28.406666667,9.445555556,28.403333333,1146187115,1146187119,1146187119,1146187122,1146187122,1146187135,1146187136,1146187155
2727,1145914,10,114392,3,1,1,31,0,1206500,1081,5348.578946,-4.792220,360.863607,0.000000,0.000000,0.000000,-0.020752,-0.063477,1.008911,-1.160266,-3.638967,40.066666667,13.316666667,40.066666667,28.406666667,9.445555556,28.403333333,1146197118,1146197121,1146197121,1146197124,1146197125,1146197138,1146197139,1146197157
2743,1145924,10,114393,3,1,1,31,0,1206500,1081,5348.578946,-4.792220,360.863759,0.000000,0.000000,0.000000,-0.021606,-0.065674,1.007812,-1.174505,-3.646351,40.066666667,13.316666667,40.066666667,28.406666667,9.445555556,28.403333333,1146207117,1146207120,1146207121,1146207124,1146207124,1146207137,1146207138,1146207157
2743,1145934,10,114394,3,1,1,31,0,1206500,1081,5348.578946,-4.792220,360.863799,0.000000,0.000000,0.000000,-0.021362,-0.064575,1.009033,-1.174802,-3.648307,40.066666667,13.316666667,40.066666667,28.406666667,9.445555556,28.403333333,1146217115,1146217118,1146217119,1146217121,1146217122,1146217135,1146217135,1146217154
2774,1145944,10,114395,3,1,1,31,0,1206500,1081,5348.578946,-4.792220,360.863775,0.000000,0.000000,0.000000,-0.020630,-0.064819,1.008423,-1.175260,-3.647149,40.066666667,13.316666667,40.066666667,28.406666667,9.445555556,28.403333333,1146227118,1146227120,1146227121,1146227123,1146227124,1146227137,1146227138,1146227157
2774,1145954,10,114396,3,1,1,31,0,1206500,1081,5348.578946,-4.792220,360.863939,0.000000,0.000000,0.000000,-0.019653,-0.066406,1.008057,-1.161772,-3.655217,40.066666667,13.316666667,40.066666667,28.406666667,9.445555556,28.403333333,1146237117,1146237120,1146237121,1146237123,1146237124,1146237137,1146237138,1146237157
2774,1145964,10,114397,3,1,1,31,0,1206500,1081,5348.578946,-4.792220,360.863802,0.000000,0.000000,0.000000,-0.020386,-0.064819,1.009033,-1.159332,-3.648478,40.066666667,13.316666667,40.066666667,28.406666667,9.445555556,28.403333333,1146247116,1146247118,1146247119,1146247121,1146247122,1146247135,1146247136,1146247155
2790,1145974,10,114398,3,1,1,31,0,1206500,1081,5348.578946,-4.792220,360.863644,0.000000,0.000000,0.000000,-0.019409,-0.063599,1.009888,-1.151137,-3.640635,40.066666667,13.316666667,40.066666667,28.406666667,9.445555556,28.403333333,1146257118,1146257121,1146257121,1146257124,1146257124,1146257137,1146257138,1146257157
2821,1145984,10,114399,3,1,1,31,0,1206500,1081,5348.578946,-4.792220,360.863633,0.000000,0.000000,0.000000,-0.021606,-0.064941,1.009033,-1.156098,-3.640098,40.066666667,13.316666667,40.066666667,28.406666667,9.445555556,28.403333333,1146267117,1146267120,1146267121,1146267123,1146267124,1146267137,1146267138,1146267157
2821,1145994,10,114400,3,1,1,31,0,1206500,1081,5348.578946,-4.792220,360.863760,0.000000,0.000000,0.000000,-0.019897,-0.065674,1.008789,-1.154912,-3.646366,40.066666667,13.316666667,40.066666667,28.406666667,9.445555556,28.403333333,1146277114,1146277117,1146277118,1146277120,1146277121,1146277134,1146277135,1146277154
2821,1146004,10,114401,3,1,1,31,0,1206500,1081,5348.578946,-4.792220,360.863735,0.000000,0.000000,0.000000,-0.021606,-0.065552,1.009644,-1.156955,-3.645125,40.066666667,13.316666667,40.066666667,28.406666667,9.445555556,28.403333333,1146287118,1146287121,1146287121,1146287124,1146287125,1146287138,1146287138,1146287157
2821,1146014,10,114402,3,1,1,31,0,1206500,1081,5348.578946,-4.792220,360.863764,0.000000,0.000000,0.000000,-0.021851,-0.064453,1.008545,-1.167857,-3.646560,40.066666667,13.316666667,40.066666667,28.406666667,9.445555556,28.403333333,1146297122,1146297125,1146297126,1146297129,1146297130,1146297145,1146297146,1146297165
2836,1146024,10,114403,3,1,1,31,0,1206500,1081,5348.578946,-4.792220,360.863885,0.000000,0.000000,0.000000,-0.021606,-0.065308,1.008667,-1.171780,-3.652465,40.066666667,13.316666667,40.066666667,28.406666667,9.445555556,28.403333333,1146307116,1146307119,1146307120,1146307123,1146307124,1146307137,1146307138,1146307157
2852,1146034,10,114404,3,1,1,31,0,1206500,1081,5348.578946,-4.792220,360.864003,0.000000,0.000000,0.000000,-0.021973,-0.065430,1.008789,-1.177925,-3.658215,40.066666667,13.316666667,40.066666667,28.406666667,9.445555556,28.403333333,1146317118,1146317121,1146317122,1146317124,1146317125,1146317138,1146317139,1146317158
2852,1146044,10,114405,3,1,1,31,0,1206500,1081,5348.578946,-4.792220,360.864076,0.000000,0.000000,0.000000,-0.020752,-0.065552,1.008057,-1.175756,-3.661773,40.066666667,13.316666667,40.066666667,28.406666667,9.445555556,28.403333333,1146327118,1146327121,1146327122,1146327124,1146327125,1146327138,1146327139,1146327158
2886,1146054,10,114406,3,1,1,31,0,1206500,1081,5348.578946,-4.792220,360.864127,0.000000,0.000000,0.000000,-0.019775,-0.065918,1.009155,-1.165469,-3.664268,40.066666667,13.316666667,40.066666667,28.406666667,9.445555556,28.403333333,1146337115,1146337118,1146337119,1146337122,1146337122,1146337135,1146337136,1146337155
2886,1146064,10,114407,3,1,1,31,0,1206500,1081,5348.578946,-4.792220,360.864119,0.000000,0.000000,0.000000,-0.021851,-0.063721,1.007690,-1.171093,-3.663877,40.066666667,13.316666667,40.066666667,28.406666667,9.445555556,28.403333333,1146347117,1146347120,1146347121,1146347123,1146347124,1146347137,1146347138,1146347157
2886,1146074,10,114408,3,1,1,31,0,1206500,1081,5348.578946,-4.792220,360.864101,0.000000,0.000000,0.000000,-0.021606,-0.065063,1.008545,-1.172137,-3.663028,40.066666667,13.316666667,40.066666667,28.406666667,9.445555556,28.403333333,1146357117,1146357120,1146357121,1146357123,1146357124,1146357137,1146357138,1146357157
2915,1146084,10,114409,3,1,1,31,0,1206500,1081,5348.578946,-4.792220,360.863877,0.000000,0.000000,0.000000,-0.021118,-0.063599,1.008301,-1.178932,-3.652123,40.066666667,13.316666667,40.066666667,28.406666667,9.445555556,28.403333333,1146367116,1146367119,1146367119,1146367122,1146367123,1146367135,1146367136,1146367155
2915,1146094,10,114410,3,1,1,31,0,1206500,1081,5348.578946,-4.792220,360.863976,0.000000,0.000000,0.000000,-0.020508,-0.065186,1.009155,-1.178151,-3.656958,40.066666667,13.316666667,40.066666667,28.406666667,9.445555556,28.403333333,1146377117,1146377120,1146377121,1146377124,1146377124,1146377137,1146377138,1146377157
2915,1146104,10,114411,3,1,1,31,0,1206500,1081,5348.578946,-4.792220,360.864176,0.000000,0.000000,0.000000,-0.022705,-0.065918,1.007935,-1.188792,-3.666606,40.066666667,13.316666667,40.066666667,28.406666667,9.445555556,28.403333333,1146387117,1146387120,1146387121,1146387123,1146387124,1146387137,1146387138,1146387156
2931,1146114,10,114412,3,1,1,31,0,1206500,1081,5348.578946,-4.792220,360.864045,0.000000,0.000000,0.000000,-0.021484,-0.064819,1.008667,-1.198598,-3.660375,40.066666667,13.316666667,40.066666667,28.406666667,9.445555556,28.403333333,1146397115,1146397118,1146397120,1146397122,1146397123,1146397136,1146397136,1146397156
2931,1146124,10,114413,3,1,1,31,0,1206500,1081,5348.578946,-4.792220,360.864192,0.000000,0.000000,0.000000,-0.020874,-0.066162,1.009399,-1.192656,-3.667396,40.066666667,13.316666667,40.066666667,28.406666667,9.445555556,28.403333333,1146407117,1146407120,1146407121,1146407123,1146407124,1146407137,1146407138,1146407157
2946,1146134,10,114414,3,1,1,31,0,1206500,1081,5348.578946,-4.792220,360.864087,0.000000,0.000000,0.000000,-0.020386,-0.064819,1.010254,-1.183599,-3.662319,40.066666667,13.316666667,40.066666667,28.406666667,9.445555556,28.403333333,1146417117,1146417120,1146417121,1146417124,1146417124,1146417137,1146417138,1146417157
2962,1146144,10,114415,3,1,1,31,0,1206500,1081,5348.578946,-4.792220,360.863951,0.000000,0.000000,0.000000,-0.021118,-0.064209,1.008423,-1.181139,-3.655772,40.066666667,13.316666667,40.066666667,28.406666667,9.445555556,28.403333333,1146427115,1146427118,1146427119,1146427121,1146427122,1146427135,1146427136,1146427155
2962,1146154,10,114416,3,1,1,31,0,1206500,1081,5348.578946,-4.792220,360.863610,0.000000,0.000000,0.000000,-0.021851,-0.062988,1.009277,-1.185344,-3.639282,40.066666667,13.316666667,40.066666667,28.406666667,9.445555556,28.403333333,1146437118,1146437120,1146437121,1146437123,1146437124,1146437137,1146437138,1146437157
2978,1146164,10,114417,3,1,1,31,0,1206500,1081,5348.578946,-4.792220,360.863656,0.000000,0.000000,0.000000,-0.020020,-0.064209,1.008789,-1.180287,-3.641515,40.066666667,13.316666667,40.066666667,28.406666667,9.445555556,28.403333333,1146447118,1146447121,1146447121,1146447124,1146447125,1146447138,1146447139,1146447157
2993,1146174,10,114418,3,1,1,31,0,1206500,1081,5348.578946,-4.792220,360.863702,0.000000,0.000000,0.000000,-0.020264,-0.064453,1.008545,-1.173998,-3.643727,40.066666667,13.316666667,40.066666667,28.406666667,9.445555556,28.403333333,1146457116,1146457119,1146457119,1146457122,1146457123,1146457136,1146457137,1146457156
2993,1146184,10,114419,3,1,1,31,0,1206500,1081,5348.578946,-4.792220,360.863996,0.000000,0.000000,0.000000,-0.020630,-0.066895,1.009033,-1.170674,-3.658051,40.066666667,13.316666667,40.066666667,28.406666667,9.445555556,28.403333333,1146467118,1146467121,1146467121,1146467124,1146467124,1146467137,1146467138,1146467157
3024,1146194,10,114420,3,1,1,31,0,1206500,1081,5348.578946,-4.792220,360.864011,0.000000,0.000000,0.000000,-0.021606,-0.065063,1.008057,-1.173094,-3.658774,40.066666667,13.316666667,40.066666667,28.406666667,9.445555556,28.403333333,1146477117,1146477120,1146477121,1146477123,1146477124,1146477137,1146477138,1146477157
3024,1146204,10,114421,3,1,1,31,0,1206500,1081,5348.578946,-4.792220,360.863888,0.000000,0.000000,0.000000,-0.021118,-0.064819,1.009521,-1.177952,-3.652801,40.066666667,13.316666667,40.066666667,28.406666667,9.445555556,28.403333333,1146487115,1146487118,1146487119,1146487121,1146487122,1146487135,1146487135,1146487154
3024,1146214,10,114422,3,1,1,31,0,1206500,1081,5348.578946,-4.792220,360.864010,0.000000,0.000000,0.000000,-0.021118,-0.064697,1.009155,-1.180357,-3.658721,40.066666667,13.316666667,40.066666667,28.406666667,9.445555556,28.403333333,1146497123,1146497127,1146497128,1146497130,1146497131,1146497146,1146497147,1146497166
3038,1146224,10,114423,3,1,1,31,0,1206500,1081,5348.578946,-4.792220,360.863687,0.000000,0.000000,0.000000,-0.018555,-0.063843,1.008301,-1.166384,-3.643074,40.066666667,13.316666667,40.066666667,28.406666667,9.445555556,28.403333333,1146507120,1146507122,1146507123,1146507126,1146507126,1146507140,1146507140,1146507159
3054,1146234,10,114424,3,1,1,31,0,1206500,1081,5348.578946,-4.792220,360.863571,0.000000,0.000000,0.000000,-0.019409,-0.064575,1.010010,-1.157587,-3.637383,40.066666667,13.316666667,40.066666667,28.406666667,9.445555556,28.403333333,1146517116,1146517119,1146517120,1146517122,1146517123,1146517136,1146517137,1146517157
3054,1146244,10,114425,3,1,1,31,0,1206500,1081,5348.578946,-4.792220,360.863647,0.000000,0.000000,0.000000,-0.021362,-0.065308,1.010376,-1.162285,-3.641100,40.066666667,13.316666667,40.066666667,28.406666667,9.445555556,28.403333333,1146527119,1146527122,1146527123,1146527125,1146527126,1146527138,1146527139,1146527158
3070,1146254,10,114426,3,1,1,31,0,1206500,1081,5348.578946,-4.792220,360.863661,0.000000,0.000000,0.000000,-0.020264,-0.064575,1.008057,-1.168123,-3.641783,40.066666667,13.316666667,40.066666667,28.406666667,9.445555556,28.403333333,1146537118,1146537121,1146537122,1146537124,1146537125,1146537138,1146537139,1146537158
3085,1146264,10,114427,3,1,1,31,0,1206500,1081,5348.578946,-4.792220,360.863438,0.000000,0.000000,0.000000,-0.020996,-0.063965,1.008667,-1.167751,-3.630888,40.066666667,13.316666667,40.066666667,28.406666667,9.445555556,28.403333333,1146547116,1146547119,1146547120,1146547122,1146547123,1146547136,1146547137,1146547156
3085,1146274,10,114428,3,1,1,31,0,1206500,1081,5348.578946,-4.792220,360.863313,0.000000,0.000000,0.000000,-0.023193,-0.063721,1.009521,-1.182166,-3.624797,40.066666667,13.316666667,40.066666667,28.406666667,9.445555556,28.403333333,1146557118,1146557121,1146557122,1146557124,1146557125,1146557138,1146557139,1146557158
3101,1146284,10,114429,3,1,1,31,0,1206500,1081,5348.578946,-4.792220,360.863341,0.000000,0.000000,0.000000,-0.019897,-0.064697,1.008789,-1.175821,-3.626144,40.066666667,13.316666667,40.066666667,28.406666667,9.445555556,28.403333333,1146567118,1146567121,1146567122,1146567124,1146567125,1146567138,1146567139,1146567158
3101,1146294,10,114430,3,1,1,31,0,1206500,1081,5348.578946,-4.792220,360.863294,0.000000,0.000000,0.000000,-0.021118,-0.063965,1.009155,-1.179764,-3.623914,40.066666667,13.316666667,40.066666667,28.406666667,9.445555556,28.403333333,1146577115,1146577118,1146577119,1146577121,1146577122,1146577135,1146577136,1146577155
3116,1146304,10,114431,3,1,1,31,0,1206500,1081,5348.578946,-4.792220,360.863377,0.000000,0.000000,0.000000,-0.022095,-0.065308,1.008057,-1.184095,-3.627890,40.066666667,13.316666667,40.066666667,28.406666667,9.445555556,28.403333333,1146587118,1146587121,1146587122,1146587124,1146587125,1146587138,1146587139,1146587158
3131,1146314,10,114432,3,1,1,31,0,1206500,1081,5348.578946,-4.792220,360.863454,0.000000,0.000000,0.000000,-0.020508,-0.065308,1.008423,-1.184796,-3.631605,40.066666667,13.316666667,40.066666667,28.406666667,9.445555556,28.403333333,1146597117,1146597120,1146597121,1146597123,1146597124,1146597137,1146597138,1146597157
3131,1146324,10,114433,3,1,1,31,0,1206500,1081,5348.578946,-4.792220,360.863546,0.000000,0.000000,0.000000,-0.020630,-0.064819,1.009399,-1.178963,-3.636061,40.066666667,13.316666667,40.066666667,28.406666667,9.445555556,28.403333333,1146607116,1146607119,1146607120,1146607122,1146607123,1146607136,1146607137,1146607156
3147,1146334,10,114434,3,1,1,31,0,1206500,1081,5348.578946,-4.792220,360.863565,0.000000,0.000000,0.000000,-0.020630,-0.064453,1.008301,-1.169233,-3.636976,40.066666667,13.316666667,40.066666667,28.406666667,9.445555556,28.403333333,1146617118,1146617121,1146617122,1146617124,1146617125,1146617138,1146617139,1146617158
3162,1146344,10,114435,3,1,1,31,0,1206500,1081,5348.578946,-4.792220,360.863381,0.000000,0.000000,0.000000,-0.020142,-0.064209,1.008911,-1.167677,-3.628013,40.066666667,13.316666667,40.066666667,28.406666667,9.445555556,28.403333333,1146627118,1146627121,1146627122,1146627124,1146627125,1146627138,1146627139,1146627158
3162,1146354,10,114436,3,1,1,31,0,1206500,1081,5348.578946,-4.792220,360.863375,0.000000,0.000000,0.000000,-0.020630,-0.064697,1.009521,-1.167582,-3.627722,40.066666667,13.316666667,40.066666667,28.406666667,9.445555556,28.403333333,1146637115,1146637118,1146637119,1146637121,1146637122,1146637135,1146637136,1146637155
3177,1146364,10,114437,3,1,1,31,0,1206500,1081,5348.578946,-4.792220,360.863338,0.000000,0.000000,0.000000,-0.021484,-0.064575,1.008789,-1.171931,-3.625916,40.066666667,13.316666667,40.066666667,28.406666667,9.445555556,28.403333333,1146647119,1146647122,1146647123,1146647125,1146647125,1146647139,1146647139,1146647158
3194,1146374,10,114438,3,1,1,31,0,1206500,1081,5348.578946,-4.792220,360.863528,0.000000,0.000000,0.000000,-0.020630,-0.064697,1.010010,-1.170972,-3.635154,40.066666667,13.316666667,40.066666667,28.406666667,9.445555556,28.403333333,1146657118,1146657121,1146657122,1146657124,1146657125,1146657138,1146657139,1146657158
3194,1146384,10,114439,3,1,1,31,0,1206500,1081,5348.578946,-4.792220,360.863746,0.000000,0.000000,0.000000,-0.021240,-0.066162,1.007812,-1.172506,-3.645795,40.066666667,13.316666667,40.066666667,28.406666667,9.445555556,28.403333333,1146667116,1146667119,1146667120,1146667122,1146667123,1146667136,1146667136,1146667155
3208,1146394,10,114440,3,1,1,31,0,1206500,1081,5348.578946,-4.792220,360.863805,0.000000,0.000000,0.000000,-0.021240,-0.065186,1.009277,-1.180472,-3.648640,40.066666667,13.316666667,40.066666667,28.406666667,9.445555556,28.403333333,1146677118,1146677121,1146677122,1146677124,1146677125,1146677138,1146677139,1146677157
3224,1146404,10,114441,3,1,1,31,0,1206500,1081,5348.578946,-4.792220,360.863828,0.000000,0.000000,0.000000,-0.021606,-0.064331,1.010254,-1.184057,-3.649747,40.066666667,13.316666667,40.066666667,28.406666667,9.445555556,28.403333333,1146687118,1146687121,1146687122,1146687124,1146687125,1146687138,1146687139,1146687158
3224,1146414,10,114442,3,1,1,31,0,1206500,1081,5348.578946,-4.792220,360.863726,0.000000,0.000000,0.000000,-0.021240,-0.064087,1.009644,-1.187063,-3.644873,40.066666667,13.316666667,40.066666667,28.406666667,9.445555556,28.403333333,1146697121,1146697124,1146697125,1146697127,1146697128,1146697143,1146697144,1146697163
3240,1146424,10,114443,3,1,1,31,0,1206500,1081,5348.578946,-4.792220,360.863601,0.000000,0.000000,0.000000,-0.021240,-0.065063,1.009155,-1.180780,-3.638850,40.066666667,13.316666667,40.066666667,28.406666667,9.445555556,28.403333333,1146707120,1146707123,1146707124,1146707126,1146707127,1146707140,1146707141,1146707160
3255,1146434,10,114444,3,1,1,31,0,1206500,1081,5348.578946,-4.792220,360.863500,0.000000,0.000000,0.000000,-0.022095,-0.064575,1.008789,-1.185927,-3.633929,40.066666667,13.316666667,40.066666667,28.406666667,9.445555556,28.403333333,1146717118,1146717121,1146717122,1146717124,1146717124,1146717137,1146717138,1146717157
3255,1146444,10,114445,3,1,1,31,0,1206500,1081,5348.578946,-4.792220,360.863242,0.000000,0.000000,0.000000,-0.020508,-0.062988,1.008057,-1.182196,-3.621504,40.066666667,13.316666667,40.066666667,28.406666667,9.445555556,28.403333333,1146727116,1146727119,1146727119,1146727122,1146727123,1146727136,1146727137,1146727155
3271,1146454,10,114446,3,1,1,31,0,1206500,1081,5348.578946,-4.792220,360.863308,0.000000,0.000000,0.000000,-0.018433,-0.065063,1.008545,-1.162055,-3.624735,40.066666667,13.316666667,40.066666667,28.406666667,9.445555556,28.403333333,1146737118,1146737121,1146737121,1146737124,1146737124,1146737137,1146737138,1146737157
3271,1146464,10,114447,3,1,1,31,0,1206500,1081,5348.578946,-4.792220,360.863170,0.000000,0.000000,0.000000,-0.020752,-0.063599,1.008911,-1.156442,-3.617931,40.066666667,13.316666667,40.066666667,28.406666667,9.445555556,28.403333333,1146747118,1146747121,1146747122,1146747124,1146747125,1146747138,1146747139,1146747158
3286,1146474,10,114448,3,1,1,31,0,1206500,1081,5348.578946,-4.792220,360.863197,0.000000,0.000000,0.000000,-0.021729,-0.064697,1.006836,-1.166002,-3.619257,40.066666667,13.316666667,40.066666667,28.406666667,9.445555556,28.403333333,1146757115,1146757118,1146757119,1146757121,1146757122,1146757135,1146757135,1146757154
3303,1146484,10,114449,3,1,1,31,0,1206500,1081,5348.578946,-4.792220,360.863179,0.000000,0.000000,0.000000,-0.020996,-0.064331,1.008789,-1.169307,-3.618362,40.066666667,13.316666667,40.066666667,28.406666667,9.445555556,28.403333333,1146767119,1146767122,1146767123,1146767125,1146767126,1146767139,1146767139,1146767159
3303,1146494,10,114450,3,1,1,31,0,1206500,1081,5348.578946,-4.792220,360.863093,0.000000,0.000000,0.000000,-0.020752,-0.063477,1.008057,-1.177670,-3.614204,40.066666667,13.316666667,40.066666667,28.406666667,9.445555556,28.403333333,1146777118,1146777121,1146777122,1146777124,1146777125,1146777138,1146777139,1146777158
3319,1146504,10,114451,3,1,1,31,0,1206500,1081,5348.578946,-4.792220,360.863420,0.000000,0.000000,0.000000,-0.021606,-0.065552,1.009033,-1.178674,-3.630081,40.066666667,13.316666667,40.066666667,28.406666667,9.445555556,28.403333333,1146787116,1146787119,1146787120,1146787122,1146787123,1146787136,1146787137,1146787156
3334,1146514,10,114452,3,1,1,31,0,1206500,1081,5348.578946,-4.792220,360.863548,0.000000,0.000000,0.000000,-0.020142,-0.065674,1.009277,-1.173692,-3.636305,40.066666667,13.316666667,40.066666667,28.406666667,9.445555556,28.403333333,1146797119,1146797122,1146797122,1146797125,1146797125,1146797138,1146797139,1146797158
3334,1146524,10,114453,3,1,1,31,0,1206500,1081,5348.578946,-4.792220,360.863648,0.000000,0.000000,0.000000,-0.021606,-0.065552,1.009521,-1.177512,-3.641148,40.066666667,13.316666667,40.066666667,28.406666667,9.445555556,28.403333333,1146807119,1146807122,1146807122,1146807125,1146807125,1146807138,1146807139,1146807158
3349,1146534,10,114454,3,1,1,31,0,1206500,1081,5348.578946,-4.792220,360.863782,0.000000,0.000000,0.000000,-0.020996,-0.065430,1.009155,-1.179906,-3.647609,40.066666667,13.316666667,40.066666667,28.406666667,9.445555556,28.403333333,1146817116,1146817119,1146817120,1146817122,1146817122,1146817135,1146817136,1146817155
3364,1146544,10,114455,3,1,1,31,0,1206500,1081,5348.578946,-4.792220,360.863909,0.000000,0.000000,0.000000,-0.020996,-0.065674,1.007812,-1.184382,-3.653774,40.066666667,13.316666667,40.066666667,28.406666667,9.445555556,28.403333333,1146827118,1146827121,1146827122,1146827124,1146827125,1146827138,1146827139,1146827158
3364,1146554,10,114456,3,1,1,31,0,1206500,1081,5348.578946,-4.792220,360.863834,0.000000,0.000000,0.000000,-0.019531,-0.065186,1.008301,-1.173823,-3.650126,40.066666667,13.316666667,40.066666667,28.406666667,9.445555556,28.403333333,1146837118,1146837121,1146837122,1146837125,1146837125,1146837138,1146837139,1146837158
3380,1146564,10,114457,3,1,1,31,0,1206500,1081,5348.578946,-4.792220,360.863871,0.000000,0.000000,0.000000,-0.020996,-0.065063,1.008301,-1.173605,-3.651929,40.066666667,13.316666667,40.066666667,28.406666667,9.445555556,28.403333333,1146847117,1146847119,1146847120,1146847123,1146847124,1146847136,1146847137,1146847156
3396,1146574,10,114458,3,1,1,31,0,1206500,1081,5348.578946,-4.792220,360.863885,0.000000,0.000000,0.000000,-0.020752,-0.064697,1.008789,-1.175012,-3.652633,40.066666667,13.316666667,40.066666667,28.406666667,9.445555556,28.403333333,1146857118,1146857121,1146857122,1146857124,1146857125,1146857137,1146857138,1146857157
3396,1146584,10,114459,3,1,1,31,0,1206500,1081,5348.578946,-4.792220,360.863875,0.000000,0.000000,0.000000,-0.021362,-0.064819,1.008423,-1.178744,-3.652173,40.066666667,13.316666667,40.066666667,28.406666667,9.445555556,28.403333333,1146867118,1146867121,1146867122,1146867125,1146867125,1146867138,1146867139,1146867158
3411,1146594,10,114460,3,1,1,31,0,1206500,1081,5348.578946,-4.792220,360.863785,0.000000,0.000000,0.000000,-0.020508,-0.064941,1.008545,-1.175139,-3.647785,40.066666667,13.316666667,40.066666667,28.406666667,9.445555556,28.403333333,1146877117,1146877120,1146877120,1146877123,1146877123,1146877136,1146877137,1146877157
3411,1146604,10,114461,3,1,1,31,0,1206500,1081,5348.578946,-4.792220,360.863558,0.000000,0.000000,0.000000,-0.020874,-0.062500,1.009155,-1.174481,-3.636742,40.066666667,13.316666667,40.066666667,28.406666667,9.445555556,28.403333333,1146887119,1146887122,1146887122,1146887125,1146887125,1146887138,1146887139,1146887158
3427,1146614,10,114462,3,1,1,31,0,1206500,1081,5348.578946,-4.792220,360.863795,0.000000,0.000000,0.000000,-0.021484,-0.065918,1.009155,-1.181050,-3.648230,40.066666667,13.316666667,40.066666667,28.406666667,9.445555556,28.403333333,1146897124,1146897127,1146897127,1146897130,1146897131,1146897146,1146897147,1146897167
3443,1146624,10,114463,3,1,1,31,0,1206500,1081,5348.578946,-4.792220,360.863726,0.000000,0.000000,0.000000,-0.019531,-0.064087,1.009766,-1.175503,-3.644902,40.066666667,13.316666667,40.066666667,28.406666667,9.445555556,28.403333333,1146907118,1146907121,1146907122,1146907124,1146907125,1146907138,1146907139,1146907159
3443,1146634,10,114464,3,1,1,31,0,1206500,1081,5348.578946,-4.792220,360.863683,0.000000,0.000000,0.000000,-0.020386,-0.064209,1.009155,-1.163423,-3.642783,40.066666667,13.316666667,40.066666667,28.406666667,9.445555556,28.403333333,1146917119,1146917122,1146917123,1146917125,1146917126,1146917140,1146917140,1146917160
3458,1146644,10,114465,3,1,1,31,0,1206500,1081,5348.578946,-4.792220,360.863666,0.000000,0.000000,0.000000,-0.020996,-0.063721,1.008423,-1.169614,-3.641985,40.066666667,13.316666667,40.066666667,28.406666667,9.445555556,28.403333333,1146927119,1146927121,1146927122,1146927125,1146927125,1146927138,1146927139,1146927158
3473,1146654,10,114466,3,1,1,31,0,1206500,1081,5348.578946,-4.792220,360.863743,0.000000,0.000000,0.000000,-0.022461,-0.065063,1.007935,-1.182713,-3.645698,40.066666667,13.316666667,40.066666667,28.406666667,9.445555556,28.403333333,1146937117,1146937119,1146937120,1146937123,1146937124,1146937136,1146937137,1146937156
3473,1146664,10,114467,3,1,1,31,0,1206500,1081,5348.578946,-4.792220,360.863792,0.000000,0.000000,0.000000,-0.020386,-0.065186,1.010132,-1.184414,-3.648077,40.066666667,13.316666667,40.066666667,28.406666667,9.445555556,28.403333333,1146947120,1146947122,1146947123,1146947125,1146947126,1146947140,1146947140,1146947160
3489,1146674,10,114468,3,1,1,31,0,1206500,1081,5348.578946,-4.792220,360.863982,0.000000,0.000000,0.000000,-0.021729,-0.066528,1.010132,-1.191383,-3.657168,40.066666667,13.316666667,40.066666667,28.406666667,9.445555556,28.403333333,1146957119,1146957122,1146957123,1146957125,1146957126,1146957139,1146957140,1146957159
3505,1146684,10,114469,3,1,1,31,0,1206500,1081,5348.578946,-4.792220,360.863896,0.000000,0.000000,0.000000,-0.021362,-0.063721,1.008179,-1.191079,-3.653043,40.066666667,13.316666667,40.066666667,28.406666667,9.445555556,28.403333333,1146967117,1146967120,1146967121,1146967123,1146967124,1146967137,1146967138,1146967157
3505,1146694,10,114470,3,1,1,31,0,1206500,1081,5348.578946,-4.792220,360.863802,0.000000,0.000000,0.000000,-0.019897,-0.064453,1.007935,-1.186878,-3.648574,40.066666667,13.316666667,40.066666667,28.406666667,9.445555556,28.403333333,1146977118,1146977121,1146977122,1146977124,1146977125,1146977138,1146977139,1146977157
3520,1146704,10,114471,3,1,1,31,0,1206500,1081,5348.578946,-4.792220,360.863764,0.000000,0.000000,0.000000,-0.021240,-0.064209,1.008301,-1.185046,-3.646726,40.066666667,13.316666667,40.066666667,28.406666667,9.445555556,28.403333333,1146987119,1146987122,1146987123,1146987125,1146987126,1146987139,1146987140,1146987159
3540,1146714,10,114472,3,1,1,31,0,1206500,1081,5348.578946,-4.792220,360.863951,0.000000,0.000000,0.000000,-0.020874,-0.066040,1.009033,-1.180385,-3.655776,40.066666667,13.316666667,40.066666667,28.406666667,9.445555556,28.403333333,1146997116,1146997119,1146997120,1146997122,1146997123,1146997136,1146997137,1146997156
3540,1146724,10,114473,3,1,1,31,0,1206500,1081,5348.578946,-4.792220,360.864115,0.000000,0.000000,0.000000,-0.020264,-0.065308,1.009277,-1.169564,-3.663737,40.066666667,13.316666667,40.066666667,28.406666667,9.445555556,28.403333333,1147007119,1147007122,1147007123,1147007125,1147007126,1147007139,1147007140,1147007158
3567,1146734,10,114474,3,1,1,31,0,1206500,1081,5348.578946,-4.792220,360.864232,0.000000,0.000000,0.000000,-0.020874,-0.064575,1.008545,-1.169368,-3.669454,40.066666667,13.316666667,40.066666667,28.406666667,9.445555556,28.403333333,1147017119,1147017122,1147017123,1147017125,1147017126,1147017139,1147017140,1147017159
3567,1146744,10,114475,3,1,1,31,0,1206500,1081,5348.578946,-4.792220,360.864099,0.000000,0.000000,0.000000,-0.020142,-0.063965,1.009888,-1.165428,-3.662928,40.066666667,13.316666667,40.066666667,28.406666667,9.445555556,28.403333333,1147027117,1147027119,1147027120,1147027123,1147027124,1147027136,1147027137,1147027156
3567,1146754,10,114476,3,1,1,31,0,1206500,1081,5348.578946,-4.792220,360.863794,0.000000,0.000000,0.000000,-0.019287,-0.063354,1.008911,-1.157996,-3.647985,40.066666667,13.316666667,40.066666667,28.406666667,9.445555556,28.403333333,1147037118,1147037121,1147037122,1147037124,1147037125,1147037138,1147037139,1147037158
3583,1146764,10,114477,3,1,1,31,0,1206500,1081,5348.578946,-4.792220,360.864018,0.000000,0.000000,0.000000,-0.020020,-0.065918,1.009888,-1.153084,-3.659029,40.066666667,13.316666667,40.066666667,28.406666667,9.445555556,28.403333333,1147047119,1147047122,1147047123,1147047126,1147047126,1147047139,1147047140,1147047159
3583,1146774,10,114478,3,1,1,31,0,1206500,1081,5348.578946,-4.792220,360.863976,0.000000,0.000000,0.000000,-0.018188,-0.065186,1.008545,-1.141743,-3.656962,40.066666667,13.316666667,40.066666667,28.406666667,9.445555556,28.403333333,1147057116,1147057119,1147057120,1147057122,1147057123,1147057136,1147057137,1147057156
3598,1146784,10,114479,3,1,1,31,0,1206500,1081,5348.578946,-4.792220,360.863896,0.000000,0.000000,0.000000,-0.021729,-0.064087,1.007568,-1.150392,-3.652972,40.066666667,13.316666667,40.066666667,28.406666667,9.445555556,28.403333333,1147067119,1147067122,1147067123,1147067125,1147067126,1147067139,1147067140,1147067159
3614,1146794,10,114480,3,1,1,31,0,1206500,1081,5348.578946,-4.792220,360.863841,0.000000,0.000000,0.000000,-0.020874,-0.063843,1.008667,-1.154152,-3.650277,40.066666667,13.316666667,40.066666667,28.406666667,9.445555556,28.403333333,1147077118,1147077121,1147077121,1147077124,1147077125,1147077138,1147077139,1147077157
3614,1146804,10,114481,3,1,1,31,0,1206500,1081,5348.578946,-4.792220,360.863902,0.000000,0.000000,0.000000,-0.019409,-0.064941,1.008423,-1.154740,-3.653264,40.066666667,13.316666667,40.066666667,28.406666667,9.445555556,28.403333333,1147087118,1147087121,1147087122,1147087124,1147087125,1147087138,1147087139,1147087158
3630,1146814,10,114482,3,1,1,31,0,1206500,1081,5348.578946,-4.792220,360.863721,0.000000,0.000000,0.000000,-0.021729,-0.063477,1.009277,-1.165280,-3.644389,40.066666667,13.316666667,40.066666667,28.406666667,9.445555556,28.403333333,1147097124,1147097127,1147097128,1147097130,1147097131,1147097146,1147097147,1147097167
3645,1146824,10,114483,3,1,1,31,0,1206500,1081,5348.578946,-4.792220,360.863505,0.000000,0.000000,0.000000,-0.020142,-0.063599,1.009277,-1.166628,-3.633795,40.066666667,13.316666667,40.066666667,28.406666667,9.445555556,28.403333333,1147107121,1147107124,1147107125,1147107127,1147107128,1147107141,1147107142,1147107161
3645,1146834,10,114484,3,1,1,31,0,1206500,1081,5348.578946,-4.792220,360.863318,0.000000,0.000000,0.000000,-0.021973,-0.064331,1.009033,-1.168046,-3.624646,40.066666667,13.316666667,40.066666667,28.406666667,9.445555556,28.403333333,1147117116,1147117119,1147117120,1147117123,1147117124,1147117137,1147117137,1147117157
3661,1146844,10,114485,3,1,1,31,0,1206500,1081,5348.578946,-4.792220,360.863572,0.000000,0.000000,0.000000,-0.020996,-0.065918,1.007446,-1.175597,-3.636972,40.066666667,13.316666667,40.066666667,28.406666667,9.445555556,28.403333333,1147127120,1147127123,1147127124,1147127126,1147127127,1147127140,1147127141,1147127160
3661,1146854,10,114486,3,1,1,31,0,1206500,1081,5348.578946,-4.792220,360.863785,0.000000,0.000000,0.000000,-0.020874,-0.065796,1.008179,-1.176217,-3.647355,40.066666667,13.316666667,40.066666667,28.406666667,9.445555556,28.403333333,1147137119,1147137122,1147137123,1147137126,1147137126,1147137139,1147137140,1147137159
3676,1146864,10,114487,3,1,1,31,0,1206500,1081,5348.578946,-4.792220,360.864014,0.000000,0.000000,0.000000,-0.021240,-0.066040,1.008301,-1.175083,-3.658467,40.066666667,13.316666667,40.066666667,28.406666667,9.445555556,28.403333333,1147147117,1147147120,1147147122,1147147124,1147147125,1147147138,1147147138,1147147157
3692,1146874,10,114488,3,1,1,31,0,1206500,1081,5348.578946,-4.792220,360.864130,0.000000,0.000000,0.000000,-0.021484,-0.065796,1.008789,-1.175388,-3.664143,40.066666667,13.316666667,40.066666667,28.406666667,9.445555556,28.403333333,1147157119,1147157122,1147157123,1147157125,1147157126,1147157139,1147157139,1147157158
3692,1146884,10,114489,3,1,1,31,0,1206500,1081,5348.578946,-4.792220,360.864046,0.000000,0.000000,0.000000,-0.020264,-0.065186,1.010132,-1.176604,-3.660051,40.066666667,13.316666667,40.066666667,28.406666667,9.445555556,28.403333333,1147167119,1147167122,1147167123,1147167125,1147167126,1147167139,1147167140,1147167159
3707,1146894,10,114490,3,1,1,31,0,1206500,1081,5348.578946,-4.792220,360.863861,0.000000,0.000000,0.000000,-0.020752,-0.063599,1.007935,-1.172991,-3.651034,40.066666667,13.316666667,40.066666667,28.406666667,9.445555556,28.403333333,1147177116,1147177119,1147177120,1147177123,1147177123,1147177137,1147177137,1147177156
3724,1146904,10,114491,3,1,1,31,0,1206500,1081,5348.578946,-4.792220,360.863586,0.000000,0.000000,0.000000,-0.020630,-0.063110,1.008423,-1.173880,-3.637671,40.066666667,13.316666667,40.066666667,28.406666667,9.445555556,28.403333333,1147187119,1147187122,1147187123,1147187125,1147187126,1147187139,1147187140,1147187159
3724,1146914,10,114492,3,1,1,31,0,1206500,1081,5348.578946,-4.792220,360.863639,0.000000,0.000000,0.000000,-0.021729,-0.065186,1.010620,-1.179350,-3.640252,40.066666667,13.316666667,40.066666667,28.406666667,9.445555556,28.403333333,1147197119,1147197122,1147197123,1147197125,1147197126,1147197139,1147197140,1147197159
3739,1146924,10,114493,3,1,1,31,0,1206500,1081,5348.578946,-4.792220,360.863529,0.000000,0.000000,0.000000,-0.020264,-0.063843,1.009521,-1.174750,-3.634918,40.066666667,13.316666667,40.066666667,28.406666667,9.445555556,28.403333333,1147207118,1147207121,1147207122,1147207124,1147207124,1147207138,1147207138,1147207158
3765,1146934,10,114494,3,1,1,31,0,1206500,1081,5348.578946,-4.792220,360.863665,0.000000,0.000000,0.000000,-0.022217,-0.064819,1.008179,-1.181190,-3.641529,40.066666667,13.316666667,40.066666667,28.406666667,9.445555556,28.403333333,1147217119,1147217122,1147217123,1147217125,1147217126,1147217139,1147217139,1147217159
3765,1146944,10,114495,3,1,1,31,0,1206500,1081,5348.578946,-4.792220,360.863536,0.000000,0.000000,0.000000,-0.020996,-0.063599,1.008667,-1.185802,-3.635303,40.066666667,13.316666667,40.066666667,28.406666667,9.445555556,28.403333333,1147227119,1147227121,1147227122,1147227125,1147227125,1147227138,1147227139,1147227158
3765,1146954,10,114496,3,1,1,31,0,1206500,1081,5348.578946,-4.792220,360.863379,0.000000,0.000000,0.000000,-0.019897,-0.064453,1.008911,-1.186314,-3.627774,40.066666667,13.316666667,40.066666667,28.406666667,9.445555556,28.403333333,1147237117,1147237120,1147237121,1147237123,1147237124,1147237136,1147237137,1147237156
3787,1146964,10,114497,3,1,1,31,0,1206500,1081,5348.578946,-4.792220,360.863521,0.000000,0.000000,0.000000,-0.021851,-0.065430,1.007202,-1.192423,-3.634547,40.066666667,13.316666667,40.066666667,28.406666667,9.445555556,28.403333333,1147247120,1147247123,1147247123,1147247126,1147247127,1147247140,1147247141,1147247160
3787,1146974,10,114498,3,1,1,31,0,1206500,1081,5348.578946,-4.792220,360.863513,0.000000,0.000000,0.000000,-0.021484,-0.063965,1.008057,-1.189948,-3.634197,40.066666667,13.316666667,40.066666667,28.406666667,9.445555556,28.403333333,1147257119,1147257122,1147257123,1147257126,1147257126,1147257139,1147257140,1147257159
3802,1146984,10,114499,3,1,1,31,0,1206500,1081,5348.578946,-4.792220,360.863647,0.000000,0.000000,0.000000,-0.020996,-0.065186,1.007446,-1.193410,-3.640628,40.066666667,13.316666667,40.066666667,28.406666667,9.445555556,28.403333333,1147267117,1147267120,1147267121,1147267123,1147267124,1147267137,1147267138,1147267157
3802,1146994,10,114500,3,1,1,31,0,1206500,1081,5348.578946,-4.792220,360.863516,0.000000,0.000000,0.000000,-0.021851,-0.063843,1.009399,-1.188416,-3.634310,40.066666667,13.316666667,40.066666667,28.406666667,9.445555556,28.403333333,1147277119,1147277122,1147277123,1147277126,1147277126,1147277139,1147277140,1147277159
3817,1147004,10,114501,3,1,1,31,0,1206500,1081,5348.578946,-4.792220,360.863700,0.000000,0.000000,0.000000,-0.020752,-0.064941,1.008789,-1.187585,-3.643160,40.066666667,13.316666667,40.066666667,28.406666667,9.445555556,28.403333333,1147287121,1147287124,1147287124,1147287127,1147287127,1147287140,1147287141,1147287160
3833,1147014,10,114502,3,1,1,31,0,1206500,1081,5348.578946,-4.792220,360.863536,0.000000,0.000000,0.000000,-0.019043,-0.063843,1.009155,-1.169598,-3.635180,40.066666667,13.316666667,40.066666667,28.406666667,9.445555556,28.403333333,1147297122,1147297125,1147297126,1147297128,1147297129,1147297144,1147297145,1147297164
3833,1147024,10,114503,3,1,1,31,0,1206500,1081,5348.578946,-4.792220,360.863817,0.000000,0.000000,0.000000,-0.020142,-0.067017,1.009277,-1.162809,-3.648959,40.066666667,13.316666667,40.066666667,28.406666667,9.445555556,28.403333333,1147307122,1147307125,1147307125,1147307128,1147307129,1147307142,1147307143,1147307162
3848,1147034,10,114504,3,1,1,31,0,1206500,1081,5348.578946,-4.792220,360.863964,0.000000,0.000000,0.000000,-0.021240,-0.065063,1.009277,-1.163893,-3.656191,40.066666667,13.316666667,40.066666667,28.406666667,9.445555556,28.403333333,1147317119,1147317122,1147317123,1147317125,1147317126,1147317140,1147317140,1147317159
3864,1147044,10,114505,3,1,1,31,0,1206500,1081,5348.578946,-4.792220,360.863861,0.000000,0.000000,0.000000,-0.019775,-0.064331,1.007568,-1.158077,-3.651128,40.066666667,13.316666667,40.066666667,28.406666667,9.445555556,28.403333333,1147327117,1147327120,1147327121,1147327123,1147327124,1147327137,1147327138,1147327157
3864,1147054,10,114506,3,1,1,31,0,1206500,1081,5348.578946,-4.792220,360.863617,0.000000,0.000000,0.000000,-0.020508,-0.063599,1.008789,-1.156410,-3.639105,40.066666667,13.316666667,40.066666667,28.406666667,9.445555556,28.403333333,1147337119,1147337122,1147337123,1147337126,1147337127,1147337140,1147337141,1147337160
3880,1147064,10,114507,3,1,1,31,0,1206500,1081,5348.578946,-4.792220,360.863402,0.000000,0.000000,0.000000,-0.021362,-0.062866,1.009033,-1.167633,-3.628540,40.066666667,13.316666667,40.066666667,28.406666667,9.445555556,28.403333333,1147347120,1147347123,1147347124,1147347126,1147347127,1147347140,1147347141,1147347160
3895,1147074,10,114508,3,1,1,31,0,1206500,1081,5348.578946,-4.792220,360.863594,0.000000,0.000000,0.000000,-0.020752,-0.065308,1.008667,-1.171687,-3.637910,40.066666667,13.316666667,40.066666667,28.406666667,9.445555556,28.403333333,1147357117,1147357119,1147357120,1147357123,1147357123,1147357136,1147357137,1147357156
3895,1147084,10,114509,3,1,1,31,0,1206500,1081,5348.578946,-4.792220,360.863522,0.000000,0.000000,0.000000,-0.021118,-0.064941,1.009521,-1.169489,-3.634426,40.066666667,13.316666667,40.066666667,28.406666667,9.445555556,28.403333333,1147367119,1147367122,1147367123,1147367125,1147367126,1147367139,1147367140,1147367158
3910,1147094,10,114510,3,1,1,31,0,1206500,1081,5348.578946,-4.792220,360.863634,0.000000,0.000000,0.000000,-0.020874,-0.065186,1.009155,-1.169302,-3.639865,40.066666667,13.316666667,40.066666667,28.406666667,9.445555556,28.403333333,1147377119,1147377122,1147377122,1147377125,1147377125,1147377139,1147377140,1147377159
3926,1147104,10,114511,3,1,1,31,0,1206500,1081,5348.578946,-4.792220,360.863674,0.000000,0.000000,0.000000,-0.019897,-0.064819,1.008301,-1.165837,-3.641863,40.066666667,13.316666667,40.066666667,28.406666667,9.445555556,28.403333333,1147387117,1147387120,1147387121,1147387124,1147387124,1147387137,1147387138,1147387157
3926,1147114,10,114512,3,1,1,31,0,1206500,1081,5348.578946,-4.792220,360.863916,0.000000,0.000000,0.000000,-0.020874,-0.065796,1.008789,-1.170256,-3.653677,40.066666667,13.316666667,40.066666667,28.406666667,9.445555556,28.403333333,1147397120,1147397123,1147397123,1147397126,1147397127,1147397139,1147397140,1147397159
3942,1147124,10,114513,3,1,1,31,0,1206500,1081,5348.578946,-4.792220,360.863830,0.000000,0.000000,0.000000,-0.020630,-0.064087,1.009155,-1.172958,-3.649464,40.066666667,13.316666667,40.066666667,28.406666667,9.445555556,28.403333333,1147407120,1147407123,1147407124,1147407126,1147407127,1147407140,1147407141,1147407160
3942,1147134,10,114514,3,1,1,31,0,1206500,1081,5348.578946,-4.792220,360.863913,0.000000,0.000000,0.000000,-0.021240,-0.065552,1.007935,-1.177619,-3.653495,40.066666667,13.316666667,40.066666667,28.406666667,9.445555556,28.403333333,1147417117,1147417120,1147417120,1147417123,1147417123,1147417136,1147417137,1147417156
3957,1147144,10,114515,3,1,1,31,0,1206500,1081,5348.578946,-4.792220,360.864011,0.000000,0.000000,0.000000,-0.019653,-0.065796,1.008667,-1.176105,-3.658257,40.066666667,13.316666667,40.066666667,28.406666667,9.445555556,28.403333333,1147427120,1147427123,1147427124,1147427126,1147427127,1147427139,1147427140,1147427159
3973,1147154,10,114516,3,1,1,31,0,1206500,1081,5348.578946,-4.792220,360.864018,0.000000,0.000000,0.000000,-0.021606,-0.064941,1.007568,-1.175839,-3.658575,40.066666667,13.316666667,40.066666667,28.406666667,9.445555556,28.403333333,1147437119,1147437122,1147437123,1147437125,1147437126,1147437139,1147437140,1147437159
3973,1147164,10,114517,3,1,1,31,0,1206500,1081,5348.578946,-4.792220,360.863867,0.000000,0.000000,0.000000,-0.021118,-0.063965,1.008911,-1.173518,-3.651234,40.066666667,13.316666667,40.066666667,28.406666667,9.445555556,28.403333333,1147447118,1147447121,1147447121,1147447124,1147447125,1147447138,1147447138,1147447158
3989,1147174,10,114518,3,1,1,31,0,1206500,1081,5348.578946,-4.792220,360.863815,0.000000,0.000000,0.000000,-0.019653,-0.065186,1.008301,-1.170353,-3.648724,40.066666667,13.316666667,40.066666667,28.406666667,9.445555556,28.403333333,1147457120,1147457123,1147457124,1147457126,1147457127,1147457140,1147457141,1147457160
4004,1147184,10,114519,3,1,1,31,0,1206500,1081,5348.578946,-4.792220,360.864078,0.000000,0.000000,0.000000,-0.019165,-0.065674,1.009399,-1.157351,-3.661608,40.066666667,13.316666667,40.066666667,28.406666667,9.445555556,28.403333333,1147467120,1147467123,1147467124,1147467126,1147467127,1147467140,1147467141,1147467159
4004,1147194,10,114520,3,1,1,31,0,1206500,1081,5348.578946,-4.792220,360.863895,0.000000,0.000000,0.000000,-0.021362,-0.063599,1.008789,-1.165678,-3.652596,40.066666667,13.316666667,40.066666667,28.406666667,9.445555556,28.403333333,1147477117,1147477120,1147477121,1147477124,1147477124,1147477137,1147477138,1147477157
4020,1147204,10,114521,3,1,1,31,0,1206500,1081,5348.578946,-4.792220,360.863761,0.000000,0.000000,0.000000,-0.021484,-0.064209,1.007812,-1.168957,-3.646022,40.066666667,13.316666667,40.066666667,28.406666667,9.445555556,28.403333333,1147487120,1147487123,1147487123,1147487126,1147487126,1147487140,1147487140,1147487159
4035,1147214,10,114522,3,1,1,31,0,1206500,1081,5348.578946,-4.792220,360.863869,0.000000,0.000000,0.000000,-0.020508,-0.064941,1.009766,-1.164637,-3.651319,40.066666667,13.316666667,40.066666667,28.406666667,9.445555556,28.403333333,1147497125,1147497128,1147497129,1147497131,1147497132,1147497147,1147497147,1147497167
4035,1147224,10,114523,3,1,1,31,0,1206500,1081,5348.578946,-4.792220,360.863801,0.000000,0.000000,0.000000,-0.020874,-0.064575,1.009521,-1.161788,-3.648013,40.066666667,13.316666667,40.066666667,28.406666667,9.445555556,28.403333333,1147507119,1147507122,1147507123,1147507125,1147507126,1147507139,1147507140,1147507159
4051,1147234,10,114524,3,1,1,31,0,1206500,1081,5348.578946,-4.792220,360.863916,0.000000,0.000000,0.000000,-0.021606,-0.066040,1.009033,-1.167773,-3.653626,40.066666667,13.316666667,40.066666667,28.406666667,9.445555556,28.403333333,1147517120,1147517123,1147517123,1147517126,1147517126,1147517140,1147517140,1147517160
4051,1147244,10,114525,3,1,1,31,0,1206500,1081,5348.578946,-4.792220,360.863801,0.000000,0.000000,0.000000,-0.020264,-0.063843,1.009644,-1.171478,-3.648018,40.066666667,13.316666667,40.066666667,28.406666667,9.445555556,28.403333333,1147527119,1147527122,1147527123,1147527126,1147527126,1147527140,1147527140,1147527159
4066,1147254,10,114526,3,1,1,31,0,1206500,1081,5348.578946,-4.792220,360.863790,0.000000,0.000000,0.000000,-0.020996,-0.064453,1.009521,-1.168623,-3.647507,40.066666667,13.316666667,40.066666667,28.406666667,9.445555556,28.403333333,1147537118,1147537121,1147537121,1147537124,1147537125,1147537138,1147537138,1147537158
4082,1147264,10,114527,3,1,1,31,0,1206500,1081,5348.578946,-4.792220,360.863851,0.000000,0.000000,0.000000,-0.020630,-0.064941,1.009155,-1.158366,-3.650472,40.066666667,13.316666667,40.066666667,28.406666667,9.445555556,28.403333333,1147547121,1147547124,1147547125,1147547127,1147547128,1147547141,1147547141,1147547161
4082,1147274,10,114528,3,1,1,31,0,1206500,1081,5348.578946,-4.792220,360.863746,0.000000,0.000000,0.000000,-0.021484,-0.065430,1.009644,-1.167634,-3.645309,40.066666667,13.316666667,40.066666667,28.406666667,9.445555556,28.403333333,1147557119,1147557122,1147557123,1147557125,1147557126,1147557139,1147557140,1147557159
4099,1147284,10,114529,3,1,1,31,0,1206500,1081,5348.578946,-4.792220,360.863887,0.000000,0.000000,0.000000,-0.021851,-0.065552,1.009033,-1.172683,-3.652193,40.066666667,13.316666667,40.066666667,28.406666667,9.445555556,28.403333333,1147567117,1147567120,1147567121,1147567123,1147567124,1147567137,1147567137,1147567157
4114,1147294,10,114530,3,1,1,31,0,1206500,1081,5348.578946,-4.792220,360.864014,0.000000,0.000000,0.000000,-0.019531,-0.064331,1.008911,-1.170919,-3.658354,40.066666667,13.316666667,40.066666667,28.406666667,9.445555556,28.403333333,1147577120,1147577123,1147577124,1147577126,1147577127,1147577140,1147577141,1147577160
4114,1147304,10,114531,3,1,1,31,0,1206500,1081,5348.578946,-4.792220,360.864018,0.000000,0.000000,0.000000,-0.019897,-0.064941,1.008301,-1.165545,-3.658554,40.066666667,13.316666667,40.066666667,28.406666667,9.445555556,28.403333333,1147587120,1147587123,1147587124,1147587127,1147587127,1147587140,1147587141,1147587160
4130,1147314,10,114532,3,1,1,31,0,1206500,1081,5348.578946,-4.792220,360.863932,0.000000,0.000000,0.000000,-0.019165,-0.064331,1.009521,-1.155759,-3.654352,40.066666667,13.316666667,40.066666667,28.406666667,9.445555556,28.403333333,1147597118,1147597121,1147597121,1147597124,1147597125,1147597138,1147597139,1147597158
4145,1147324,10,114533,3,1,1,31,0,1206500,1081,5348.578946,-4.792220,360.863979,0.000000,0.000000,0.000000,-0.021606,-0.065186,1.008179,-1.163528,-3.656615,40.066666667,13.316666667,40.066666667,28.406666667,9.445555556,28.403333333,1147607120,1147607123,1147607124,1147607126,1147607127,1147607140,1147607141,1147607160
4145,1147334,10,114534,3,1,1,31,0,1206500,1081,5348.578946,-4.792220,360.863964,0.000000,0.000000,0.000000,-0.021729,-0.065063,1.008789,-1.174984,-3.655923,40.066666667,13.316666667,40.066666667,28.406666667,9.445555556,28.403333333,1147617119,1147617122,1147617123,1147617125,1147617126,1147617139,1147617140,1147617159
4161,1147344,10,114535,3,1,1,31,0,1206500,1081,5348.578946,-4.792220,360.864126,0.000000,0.000000,0.000000,-0.019653,-0.065063,1.008911,-1.172179,-3.663761,40.066666667,13.316666667,40.066666667,28.406666667,9.445555556,28.403333333,1147627117,1147627120,1147627121,1147627124,1147627124,1147627137,1147627138,1147627157
4161,1147354,10,114536,3,1,1,31,0,1206500,1081,5348.578946,-4.792220,360.864042,0.000000,0.000000,0.000000,-0.020386,-0.063721,1.009155,-1.161223,-3.659622,40.066666667,13.316666667,40.066666667,28.406666667,9.445555556,28.403333333,1147637120,1147637122,1147637123,1147637125,1147637126,1147637139,1147637140,1147637159
4177,1147364,10,114537,3,1,1,31,0,1206500,1081,5348.578946,-4.792220,360.864203,0.000000,0.000000,0.000000,-0.021362,-0.066650,1.008911,-1.175486,-3.667446,40.066666667,13.316666667,40.066666667,28.406666667,9.445555556,28.403333333,1147647120,1147647122,1147647123,1147647125,1147647126,1147647139,1147647140,1147647159
4192,1147374,10,114538,3,1,1,31,0,1206500,1081,5348.578946,-4.792220,360.864096,0.000000,0.000000,0.000000,-0.020508,-0.064453,1.008545,-1.172390,-3.662236,40.066666667,13.316666667,40.066666667,28.406666667,9.445555556,28.403333333,1147657117,1147657120,1147657121,1147657123,1147657124,1147657137,1147657138,1147657156
4192,1147384,10,114539,3,1,1,31,0,1206500,1081,5348.578946,-4.792220,360.864015,0.000000,0.000000,0.000000,-0.020386,-0.065308,1.008911,-1.168062,-3.658306,40.066666667,13.316666667,40.066666667,28.406666667,9.445555556,28.403333333,1147667120,1147667123,1147667124,1147667126,1147667127,1147667140,1147667141,1147667160
4208,1147394,10,114540,3,1,1,31,0,1206500,1081,5348.578946,-4.792220,360.863972,0.000000,0.000000,0.000000,-0.021362,-0.064331,1.009521,-1.168259,-3.656204,40.066666667,13.316666667,40.066666667,28.406666667,9.445555556,28.403333333,1147677119,1147677122,1147677123,1147677125,1147677126,1147677139,1147677140,1147677158
4223,1147404,10,114541,3,1,1,31,0,1206500,1081,5348.578946,-4.792220,360.864054,0.000000,0.000000,0.000000,-0.020264,-0.066284,1.009155,-1.169525,-3.660201,40.066666667,13.316666667,40.066666667,28.406666667,9.445555556,28.403333333,1147687118,1147687121,1147687122,1147687125,1147687126,1147687138,1147687139,1147687158
4223,1147414,10,114542,3,1,1,31,0,1206500,1081,5348.578946,-4.792220,360.864089,0.000000,0.000000,0.000000,-0.020752,-0.064331,1.009766,-1.169099,-3.661923,40.066666667,13.316666667,40.066666667,28.406666667,9.445555556,28.403333333,1147697125,1147697129,1147697130,1147697132,1147697133,1147697148,1147697148,1147697168
4239,1147424,10,114543,3,1,1,31,0,1206500,1081,5348.578946,-4.792220,360.864066,0.000000,0.000000,0.000000,-0.018921,-0.065186,1.008301,-1.164704,-3.660805,40.066666667,13.316666667,40.066666667,28.406666667,9.445555556,28.403333333,1147707122,1147707125,1147707126,1147707128,1147707129,1147707142,1147707143,1147707162
4254,1147434,10,114544,3,1,1,31,0,1206500,1081,5348.578946,-4.792220,360.864004,0.000000,0.000000,0.000000,-0.019897,-0.065186,1.007690,-1.162786,-3.657735,40.066666667,13.316666667,40.066666667,28.406666667,9.445555556,28.403333333,1147717118,1147717121,1147717122,1147717125,1147717125,1147717139,1147717139,1147717159
4254,1147444,10,114545,3,1,1,31,0,1206500,1081,5348.578946,-4.792220,360.864146,0.000000,0.000000,0.000000,-0.020752,-0.066406,1.007812,-1.161574,-3.664717,40.066666667,13.316666667,40.066666667,28.406666667,9.445555556,28.403333333,1147727121,1147727124,1147727125,1147727127,1147727127,1147727141,1147727142,1147727161
4269,1147454,10,114546,3,1,1,31,0,1206500,1081,5348.578946,-4.792220,360.864127,0.000000,0.000000,0.000000,-0.020996,-0.064941,1.008789,-1.169120,-3.663797,40.066666667,13.316666667,40.066666667,28.406666667,9.445555556,28.403333333,1147737120,1147737123,1147737124,1147737127,1147737128,1147737141,1147737141,1147737160
4285,1147464,10,114547,3,1,1,31,0,1206500,1081,5348.578946,-4.792220,360.864085,0.000000,0.000000,0.000000,-0.020630,-0.065308,1.008789,-1.164344,-3.661768,40.066666667,13.316666667,40.066666667,28.406666667,9.445555556,28.403333333,1147747118,1147747121,1147747122,1147747124,1147747125,1147747138,1147747139,1147747158
4285,1147474,10,114548,3,1,1,31,0,1206500,1081,5348.578946,-4.792220,360.864079,0.000000,0.000000,0.000000,-0.020264,-0.064697,1.008667,-1.164147,-3.661488,40.066666667,13.316666667,40.066666667,28.406666667,9.445555556,28.403333333,1147757120,1147757123,1147757124,1147757126,1147757127,1147757140,1147757141,1147757160
4301,1147484,10,114549,3,1,1,31,0,1206500,1081,5348.578946,-4.792220,360.864063,0.000000,0.000000,0.000000,-0.019531,-0.064819,1.008179,-1.156996,-3.660672,40.066666667,13.316666667,40.066666667,28.406666667,9.445555556,28.403333333,1147767120,1147767123,1147767124,1147767126,1147767127,1147767140,1147767141,1147767160
4301,1147494,10,114550,3,1,1,31,0,1206500,1081,5348.578946,-4.792220,360.863871,0.000000,0.000000,0.000000,-0.020508,-0.063843,1.009888,-1.153662,-3.651204,40.066666667,13.316666667,40.066666667,28.406666667,9.445555556,28.403333333,1147777118,1147777121,1147777121,1147777124,1147777125,1147777138,1147777138,1147777157
4316,1147504,10,114551,3,1,1,31,0,1206500,1081,5348.578946,-4.792220,360.863990,0.000000,0.000000,0.000000,-0.021606,-0.065552,1.009277,-1.167198,-3.657041,40.066666667,13.316666667,40.066666667,28.406666667,9.445555556,28.403333333,1147787121,1147787124,1147787125,1147787127,1147787128,1147787141,1147787142,1147787161
4331,1147514,10,114552,3,1,1,31,0,1206500,1081,5348.578946,-4.792220,360.863929,0.000000,0.000000,0.000000,-0.020630,-0.063965,1.008301,-1.172972,-3.654084,40.066666667,13.316666667,40.066666667,28.406666667,9.445555556,28.403333333,1147797120,1147797123,1147797124,1147797127,1147797127,1147797140,1147797141,1147797160
4331,1147524,10,114553,3,1,1,31,0,1206500,1081,5348.578946,-4.792220,360.863805,0.000000,0.000000,0.000000,-0.021362,-0.064453,1.010010,-1.178496,-3.648049,40.066666667,13.316666667,40.066666667,28.406666667,9.445555556,28.403333333,1147807119,1147807122,1147807123,1147807125,1147807126,1147807139,1147807139,1147807159
4347,1147534,10,114554,3,1,1,31,0,1206500,1081,5348.578946,-4.792220,360.863917,0.000000,0.000000,0.000000,-0.020996,-0.065674,1.008301,-1.183503,-3.653438,40.066666667,13.316666667,40.066666667,28.406666667,9.445555556,28.403333333,1147817120,1147817123,1147817124,1147817126,1147817127,1147817140,1147817141,1147817160
4363,1147544,10,114555,3,1,1,31,0,1206500,1081,5348.578946,-4.792220,360.863847,0.000000,0.000000,0.000000,-0.020508,-0.063965,1.010498,-1.178903,-3.650040,40.066666667,13.316666667,40.066666667,28.406666667,9.445555556,28.403333333,1147827121,1147827124,1147827125,1147827127,1147827128,1147827141,1147827142,1147827161
4363,1147554,10,114556,3,1,1,31,0,1206500,1081,5348.578946,-4.792220,360.863852,0.000000,0.000000,0.000000,-0.020508,-0.064819,1.009521,-1.178994,-3.650293,40.066666667,13.316666667,40.066666667,28.406666667,9.445555556,28.403333333,1147837118,1147837121,1147837122,1147837124,1147837125,1147837138,1147837139,1147837158
4378,1147564,10,114557,3,1,1,31,0,1206500,1081,5348.578946,-4.792220,360.863621,0.000000,0.000000,0.000000,-0.021362,-0.063965,1.008667,-1.173614,-3.639056,40.066666667,13.316666667,40.066666667,28.406666667,9.445555556,28.403333333,1147847121,1147847124,1147847124,1147847127,1147847128,1147847141,1147847141,1147847160
4395,1147574,10,114558,3,1,1,31,0,1206500,1081,5348.578946,-4.792220,360.863634,0.000000,0.000000,0.000000,-0.022095,-0.064575,1.008789,-1.179977,-3.639677,40.066666667,13.316666667,40.066666667,28.406666667,9.445555556,28.403333333,1147857120,1147857123,1147857124,1147857127,1147857127,1147857140,1147857141,1147857160
4395,1147584,10,114559,3,1,1,31,0,1206500,1081,5348.578946,-4.792220,360.863382,0.000000,0.000000,0.000000,-0.021851,-0.063354,1.010376,-1.182641,-3.627478,40.066666667,13.316666667,40.066666667,28.406666667,9.445555556,28.403333333,1147867119,1147867122,1147867123,1147867125,1147867126,1147867139,1147867140,1147867159
4409,1147594,10,114560,3,1,1,31,0,1206500,1081,5348.578946,-4.792220,360.863525,0.000000,0.000000,0.000000,-0.020630,-0.066040,1.009644,-1.177086,-3.634427,40.066666667,13.316666667,40.066666667,28.406666667,9.445555556,28.403333333,1147877120,1147877123,1147877124,1147877126,1147877127,1147877140,1147877141,1147877160
4425,1147604,10,114561,3,1,1,31,0,1206500,1081,5348.578946,-4.792220,360.863458,0.000000,0.000000,0.000000,-0.020996,-0.063843,1.009155,-1.180712,-3.631178,40.066666667,13.316666667,40.066666667,28.406666667,9.445555556,28.403333333,1147887121,1147887124,1147887124,1147887127,1147887127,1147887140,1147887141,1147887160
4425,1147614,10,114562,3,1,1,31,0,1206500,1081,5348.578946,-4.792220,360.863696,0.000000,0.000000,0.000000,-0.020386,-0.066406,1.009766,-1.173704,-3.642787,40.066666667,13.316666667,40.066666667,28.406666667,9.445555556,28.403333333,1147897123,1147897126,1147897127,1147897130,1147897131,1147897145,1147897146,1147897165
4440,1147624,10,114563,3,1,1,31,0,1206500,1081,5348.578946,-4.792220,360.863938,0.000000,0.000000,0.000000,-0.021851,-0.065186,1.009399,-1.177576,-3.654525,40.066666667,13.316666667,40.066666667,28.406666667,9.445555556,28.403333333,1147907122,1147907125,1147907126,1147907128,1147907129,1147907143,1147907143,1147907162
4456,1147634,10,114564,3,1,1,31,0,1206500,1081,5348.578946,-4.792220,360.863998,0.000000,0.000000,0.000000,-0.022217,-0.065308,1.009033,-1.185599,-3.657432,40.066666667,13.316666667,40.066666667,28.406666667,9.445555556,28.403333333,1147917121,1147917124,1147917125,1147917127,1147917128,1147917142,1147917143,1147917162
4456,1147644,10,114565,3,1,1,31,0,1206500,1081,5348.578946,-4.792220,360.863926,0.000000,0.000000,0.000000,-0.020996,-0.064087,1.008667,-1.188980,-3.653973,40.066666667,13.316666667,40.066666667,28.406666667,9.445555556,28.403333333,1147927119,1147927122,1147927123,1147927125,1147927126,1147927139,1147927139,1147927158
4472,1147654,10,114566,3,1,1,31,0,1206500,1081,5348.578946,-4.792220,360.864008,0.000000,0.000000,0.000000,-0.020142,-0.065918,1.008545,-1.176117,-3.657954,40.066666667,13.316666667,40.066666667,28.406666667,9.445555556,28.403333333,1147937121,1147937124,1147937124,1147937127,1147937127,1147937140,1147937141,1147937160
4472,1147664,10,114567,3,1,1,31,0,1206500,1081,5348.578946,-4.792220,360.864037,0.000000,0.000000,0.000000,-0.020630,-0.064941,1.008301,-1.171892,-3.659393,40.066666667,13.316666667,40.066666667,28.406666667,9.445555556,28.403333333,1147947120,1147947123,1147947124,1147947127,1147947128,1147947141,1147947142,1147947161
4488,1147674,10,114568,3,1,1,31,0,1206500,1081,5348.578946,-4.792220,360.863841,0.000000,0.000000,0.000000,-0.020752,-0.063599,1.010010,-1.173942,-3.649832,40.066666667,13.316666667,40.066666667,28.406666667,9.445555556,28.403333333,1147957118,1147957121,1147957122,1147957124,1147957125,1147957138,1147957139,1147957157
4503,1147684,10,114569,3,1,1,31,0,1206500,1081,5348.578946,-4.792220,360.863851,0.000000,0.000000,0.000000,-0.020630,-0.064575,1.008789,-1.170114,-3.650351,40.066666667,13.316666667,40.066666667,28.406666667,9.445555556,28.403333333,1147967120,1147967123,1147967124,1147967126,1147967127,1147967140,1147967141,1147967160
4503,1147694,10,114570,3,1,1,31,0,1206500,1081,5348.578946,-4.792220,360.863945,0.000000,0.000000,0.000000,-0.020386,-0.065674,1.010254,-1.168305,-3.654927,40.066666667,13.316666667,40.066666667,28.406666667,9.445555556,28.403333333,1147977120,1147977123,1147977124,1147977126,1147977127,1147977140,1147977141,1147977160
4519,1147704,10,114571,3,1,1,31,0,1206500,1081,5348.578946,-4.792220,360.864255,0.000000,0.000000,0.000000,-0.020264,-0.067139,1.009644,-1.165634,-3.670086,40.066666667,13.316666667,40.066666667,28.406666667,9.445555556,28.403333333,1147987119,1147987121,1147987122,1147987125,1147987125,1147987138,1147987138,1147987157
4535,1147714,10,114572,3,1,1,31,0,1206500,1081,5348.578946,-4.792220,360.864245,0.000000,0.000000,0.000000,-0.021118,-0.064453,1.009644,-1.165472,-3.669586,40.066666667,13.316666667,40.066666667,28.406666667,9.445555556,28.403333333,1147997120,1147997123,1147997124,1147997126,1147997127,1147997140,1147997141,1147997160
4535,1147724,10,114573,3,1,1,31,0,1206500,1081,5348.578946,-4.792220,360.864080,0.000000,0.000000,0.000000,-0.020264,-0.064819,1.008911,-1.161775,-3.661507,40.066666667,13.316666667,40.066666667,28.406666667,9.445555556,28.403333333,1148007120,1148007123,1148007124,1148007126,1148007127,1148007140,1148007140,1148007159
4550,1147734,10,114574,3,1,1,31,0,1206500,1081,5348.578946,-4.792220,360.863948,0.000000,0.000000,0.000000,-0.020630,-0.064941,1.010376,-1.159887,-3.655010,40.066666667,13.316666667,40.066666667,28.406666667,9.445555556,28.403333333,1148017118,1148017121,1148017122,1148017124,1148017125,1148017138,1148017138,1148017157
4565,1147744,10,114575,3,1,1,31,0,1206500,1081,5348.578946,-4.792220,360.864056,0.000000,0.000000,0.000000,-0.020508,-0.064941,1.008545,-1.161822,-3.660336,40.066666667,13.316666667,40.066666667,28.406666667,9.445555556,28.403333333,1148027121,1148027124,1148027125,1148027127,1148027128,1148027141,1148027142,1148027161
4565,1147754,10,114576,3,1,1,31,0,1206500,1081,5348.578946,-4.792220,360.864026,0.000000,0.000000,0.000000,-0.020386,-0.064941,1.009033,-1.168350,-3.658865,40.066666667,13.316666667,40.066666667,28.406666667,9.445555556,28.403333333,1148037120,1148037123,1148037124,1148037126,1148037127,1148037140,1148037141,1148037160
4581,1147764,10,114577,3,1,1,31,0,1206500,1081,5348.578946,-4.792220,360.863762,0.000000,0.000000,0.000000,-0.020996,-0.064209,1.008301,-1.166899,-3.645949,40.066666667,13.316666667,40.066666667,28.406666667,9.445555556,28.403333333,1148047118,1148047121,1148047122,1148047125,1148047125,1148047138,1148047139,1148047158
4581,1147774,10,114578,3,1,1,31,0,1206500,1081,5348.578946,-4.792220,360.863944,0.000000,0.000000,0.000000,-0.022705,-0.067017,1.008057,-1.182602,-3.654733,40.066666667,13.316666667,40.066666667,28.406666667,9.445555556,28.403333333,1148057121,1148057124,1148057125,1148057128,1148057128,1148057141,1148057142,1148057161
4596,1147784,10,114579,3,1,1,31,0,1206500,1081,5348.578946,-4.792220,360.863758,0.000000,0.000000,0.000000,-0.021362,-0.064697,1.008911,-1.189325,-3.645770,40.066666667,13.316666667,40.066666667,28.406666667,9.445555556,28.403333333,1148067121,1148067124,1148067125,1148067127,1148067128,1148067141,1148067142,1148067161
4612,1147794,10,114580,3,1,1,31,0,1206500,1081,5348.578946,-4.792220,360.863969,0.000000,0.000000,0.000000,-0.020996,-0.066040,1.007935,-1.186473,-3.655914,40.066666667,13.316666667,40.066666667,28.406666667,9.445555556,28.403333333,1148077118,1148077121,1148077122,1148077124,1148077125,1148077138,1148077138,1148077158
4612,1147804,10,114581,3,1,1,31,0,1206500,1081,5348.578946,-4.792220,360.864051,0.000000,0.000000,0.000000,-0.019409,-0.064453,1.008423,-1.178721,-3.659862,40.066666667,13.316666667,40.066666667,28.406666667,9.445555556,28.403333333,1148087121,1148087124,1148087125,1148087127,1148087128,1148087141,1148087141,1148087160
4628,1147814,10,114582,3,1,1,31,0,1206500,1081,5348.578946,-4.792220,360.864182,0.000000,0.000000,0.000000,-0.021606,-0.065918,1.008789,-1.184820,-3.666188,40.066666667,13.316666667,40.066666667,28.406666667,9.445555556,28.403333333,1148097126,1148097129,1148097130,1148097133,1148097134,1148097148,1148097149,1148097169
4644,1147824,10,114583,3,1,1,31,0,1206500,1081,5348.578946,-4.792220,360.864095,0.000000,0.000000,0.000000,-0.020874,-0.065063,1.009155,-1.193126,-3.662046,40.066666667,13.316666667,40.066666667,28.406666667,9.445555556,28.403333333,1148107120,1148107123,1148107124,1148107126,1148107127,1148107140,1148107141,1148107161
4644,1147834,10,114584,3,1,1,31,0,1206500,1081,5348.578946,-4.792220,360.863867,0.000000,0.000000,0.000000,-0.020752,-0.064087,1.008423,-1.186101,-3.651084,40.066666667,13.316666667,40.066666667,28.406666667,9.445555556,28.403333333,1148117121,1148117124,1148117125,1148117128,1148117128,1148117142,1148117142,1148117161
4660,1147844,10,114585,3,1,1,31,0,1206500,1081,5348.578946,-4.792220,360.863674,0.000000,0.000000,0.000000,-0.021240,-0.064453,1.008301,-1.183926,-3.641745,40.066666667,13.316666667,40.066666667,28.406666667,9.445555556,28.403333333,1148127122,1148127125,1148127125,1148127128,1148127129,1148127142,1148127143,1148127162
4674,1147854,10,114586,3,1,1,31,0,1206500,1081,5348.578946,-4.792220,360.863598,0.000000,0.000000,0.000000,-0.019897,-0.063843,1.008423,-1.177482,-3.638081,40.066666667,13.316666667,40.066666667,28.406666667,9.445555556,28.403333333,1148137118,1148137121,1148137122,1148137124,1148137125,1148137138,1148137139,1148137158
4674,1147864,10,114587,3,1,1,31,0,1206500,1081,5348.578946,-4.792220,360.863657,0.000000,0.000000,0.000000,-0.022827,-0.065186,1.007568,-1.189416,-3.640914,40.066666667,13.316666667,40.066666667,28.406666667,9.445555556,28.403333333,1148147122,1148147125,1148147125,1148147128,1148147129,1148147142,1148147142,1148147161
4690,1147874,10,114588,3,1,1,31,0,1206500,1081,5348.578946,-4.792220,360.863819,0.000000,0.000000,0.000000,-0.021973,-0.065552,1.009033,-1.199291,-3.648676,40.066666667,13.316666667,40.066666667,28.406666667,9.445555556,28.403333333,1148157120,1148157123,1148157124,1148157126,1148157127,1148157140,1148157141,1148157160
4707,1147884,10,114589,3,1,1,31,0,1206500,1081,5348.578946,-4.792220,360.863805,0.000000,0.000000,0.000000,-0.020752,-0.064941,1.009155,-1.195560,-3.648006,40.066666667,13.316666667,40.066666667,28.406666667,9.445555556,28.403333333,1148167119,1148167122,1148167123,1148167125,1148167126,1148167139,1148167140,1148167159
4707,1147894,10,114590,3,1,1,31,0,1206500,1081,5348.578946,-4.792220,360.863773,0.000000,0.000000,0.000000,-0.020508,-0.064331,1.010132,-1.188245,-3.646483,40.066666667,13.316666667,40.066666667,28.406666667,9.445555556,28.403333333,1148177121,1148177124,1148177125,1148177128,1148177128,1148177141,1148177142,1148177161
4722,1147904,10,114591,3,1,1,31,0,1206500,1081,5348.578946,-4.792220,360.863683,0.000000,0.000000,0.000000,-0.019409,-0.064819,1.009521,-1.178935,-3.642134,40.066666667,13.316666667,40.066666667,28.406666667,9.445555556,28.403333333,1148187121,1148187124,1148187125,1148187127,1148187128,1148187141,1148187142,1148187161
4722,1147914,10,114592,3,1,1,31,0,1206500,1081,5348.578946,-4.792220,360.863707,0.000000,0.000000,0.000000,-0.021606,-0.063965,1.008667,-1.183652,-3.643309,40.066666667,13.316666667,40.066666667,28.406666667,9.445555556,28.403333333,1148197118,1148197121,1148197122,1148197124,1148197125,1148197138,1148197139,1148197158
4738,1147924,10,114593,3,1,1,31,0,1206500,1081,5348.578946,-4.792220,360.863542,0.000000,0.000000,0.000000,-0.020874,-0.064209,1.007812,-1.180625,-3.635336,40.066666667,13.316666667,40.066666667,28.406666667,9.445555556,28.403333333,1148207121,1148207124,1148207125,1148207127,1148207128,1148207141,1148207142,1148207161
4754,1147934,10,114594,3,1,1,31,0,1206500,1081,5348.578946,-4.792220,360.863723,0.000000,0.000000,0.000000,-0.021118,-0.065552,1.008545,-1.183892,-3.644087,40.066666667,13.316666667,40.066666667,28.406666667,9.445555556,28.403333333,1148217122,1148217125,1148217126,1148217128,1148217129,1148217143,1148217143,1148217162
4754,1147944,10,114595,3,1,1,31,0,1206500,1081,5348.578946,-4.792220,360.863797,0.000000,0.000000,0.000000,-0.020142,-0.065063,1.009033,-1.178570,-3.647633,40.066666667,13.316666667,40.066666667,28.406666667,9.445555556,28.403333333,1148227119,1148227122,1148227123,1148227125,1148227126,1148227139,1148227140,1148227159
4770,1147954,10,114596,3,1,1,31,0,1206500,1081,5348.578946,-4.792220,360.863769,0.000000,0.000000,0.000000,-0.018799,-0.064697,1.008789,-1.162968,-3.646314,40.066666667,13.316666667,40.066666667,28.406666667,9.445555556,28.403333333,1148237121,1148237124,1148237125,1148237128,1148237128,1148237141,1148237142,1148237161
4785,1147964,10,114597,3,1,1,31,0,1206500,1081,5348.578946,-4.792220,360.863797,0.000000,0.000000,0.000000,-0.020630,-0.064819,1.009155,-1.166031,-3.647662,40.066666667,13.316666667,40.066666667,28.406666667,9.445555556,28.403333333,1148247121,1148247124,1148247125,1148247127,1148247128,1148247141,1148247142,1148247161
4785,1147974,10,114598,3,1,1,31,0,1206500,1081,5348.578946,-4.792220,360.863684,0.000000,0.000000,0.000000,-0.019409,-0.063232,1.007812,-1.159829,-3.642110,40.066666667,13.316666667,40.066666667,28.406666667,9.445555556,28.403333333,1148257119,1148257122,1148257123,1148257125,1148257126,1148257139,1148257140,1148257159
4800,1147984,10,114599,3,1,1,31,0,1206500,1081,5348.578946,-4.792220,360.863757,0.000000,0.000000,0.000000,-0.022339,-0.064331,1.008545,-1.172308,-3.645682,40.066666667,13.316666667,40.066666667,28.406666667,9.445555556,28.403333333,1148267122,1148267125,1148267126,1148267128,1148267129,1148267142,1148267143,1148267162
4816,1147994,10,114600,3,1,1,31,0,1206500,1081,5348.578946,-4.792220,360.863841,0.000000,0.000000,0.000000,-0.021240,-0.064819,1.008057,-1.179279,-3.649810,40.066666667,13.316666667,40.066666667,28.406666667,9.445555556,28.403333333,1148277120,1148277123,1148277124,1148277126,1148277127,1148277140,1148277141,1148277160
4816,1148004,10,114601,3,1,1,31,0,1206500,1081,5348.578946,-4.792220,360.863720,0.000000,0.000000,0.000000,-0.022339,-0.064575,1.009033,-1.183201,-3.643934,40.066666667,13.316666667,40.066666667,28.406666667,9.445555556,28.403333333,1148287119,1148287122,1148287123,1148287126,1148287126,1148287139,1148287140,1148287159
4832,1148014,10,114602,3,1,1,31,0,1206500,1081,5348.578946,-4.792220,360.863635,0.000000,0.000000,0.000000,-0.020508,-0.064697,1.007812,-1.181655,-3.639826,40.066666667,13.316666667,40.066666667,28.406666667,9.445555556,28.403333333,1148297126,1148297129,1148297130,1148297133,1148297133,1148297148,1148297150,1148297169
4832,1148024,10,114603,3,1,1,31,0,1206500,1081,5348.578946,-4.792220,360.863772,0.000000,0.000000,0.000000,-0.020874,-0.064941,1.009033,-1.181049,-3.646452,40.066666667,13.316666667,40.066666667,28.406666667,9.445555556,28.403333333,1148307122,1148307125,1148307126,1148307129,1148307130,1148307143,1148307144,1148307163
4848,1148034,10,114604,3,1,1,31,0,1206500,1081,5348.578946,-4.792220,360.863790,0.000000,0.000000,0.000000,-0.021606,-0.065308,1.009644,-1.188174,-3.647308,40.066666667,13.316666667,40.066666667,28.406666667,9.445555556,28.403333333,1148317119,1148317122,1148317123,1148317126,1148317126,1148317140,1148317141,1148317160
4863,1148044,10,114605,3,1,1,31,0,1206500,1081,5348.578946,-4.792220,360.863907,0.000000,0.000000,0.000000,-0.021851,-0.064209,1.008545,-1.194672,-3.652953,40.066666667,13.316666667,40.066666667,28.406666667,9.445555556,28.403333333,1148327122,1148327124,1148327125,1148327127,1148327128,1148327141,1148327142,1148327161
4863,1148054,10,114606,3,1,1,31,0,1206500,1081,5348.578946,-4.792220,360.863641,0.000000,0.000000,0.000000,-0.022705,-0.062622,1.008667,-1.208955,-3.640327,40.066666667,13.316666667,40.066666667,28.406666667,9.445555556,28.403333333,1148337121,1148337124,1148337125,1148337127,1148337128,1148337141,1148337142,1148337161
4879,1148064,10,114607,3,1,1,31,0,1206500,1081,5348.578946,-4.792220,360.863584,0.000000,0.000000,0.000000,-0.021240,-0.064819,1.008545,-1.203954,-3.637654,40.066666667,13.316666667,40.066666667,28.406666667,9.445555556,28.403333333,1148347119,1148347122,1148347123,1148347125,1148347126,1148347139,1148347139,1148347159
4894,1148074,10,114608,3,1,1,31,0,1206500,1081,5348.578946,-4.792220,360.863390,0.000000,0.000000,0.000000,-0.021973,-0.063843,1.009399,-1.203843,-3.628436,40.066666667,13.316666667,40.066666667,28.406666667,9.445555556,28.403333333,1148357121,1148357124,1148357125,1148357127,1148357128,1148357140,1148357141,1148357160
4894,1148084,10,114609,3,1,1,31,0,1206500,1081,5348.578946,-4.792220,360.863628,0.000000,0.000000,0.000000,-0.020264,-0.067017,1.009399,-1.199726,-3.639719,40.066666667,13.316666667,40.066666667,28.406666667,9.445555556,28.403333333,1148367122,1148367124,1148367125,1148367128,1148367128,1148367141,1148367142,1148367161
4909,1148094,10,114610,3,1,1,31,0,1206500,1081,5348.578946,-4.792220,360.863814,0.000000,0.000000,0.000000,-0.019653,-0.065308,1.007935,-1.195584,-3.648569,40.066666667,13.316666667,40.066666667,28.406666667,9.445555556,28.403333333,1148377119,1148377122,1148377123,1148377125,1148377126,1148377139,1148377140,1148377158
4924,1148104,10,114611,3,1,1,31,0,1206500,1081,5348.578946,-4.792220,360.863782,0.000000,0.000000,0.000000,-0.021240,-0.063965,1.009033,-1.190487,-3.647044,40.066666667,13.316666667,40.066666667,28.406666667,9.445555556,28.403333333,1148387122,1148387125,1148387125,1148387128,1148387128,1148387142,1148387142,1148387162
4924,1148114,10,114612,3,1,1,31,0,1206500,1081,5348.578946,-4.792220,360.863825,0.000000,0.000000,0.000000,-0.021362,-0.065308,1.008667,-1.185244,-3.649101,40.066666667,13.316666667,40.066666667,28.406666667,9.445555556,28.403333333,1148397121,1148397124,1148397125,1148397127,1148397128,1148397141,1148397142,1148397161
4940,1148124,10,114613,3,1,1,31,0,1206500,1081,5348.578946,-4.792220,360.863843,0.000000,0.000000,0.000000,-0.020874,-0.064575,1.009644,-1.182876,-3.649975,40.066666667,13.316666667,40.066666667,28.406666667,9.445555556,28.403333333,1148407119,1148407122,1148407123,1148407125,1148407126,1148407139,1148407139,1148407159
4955,1148134,10,114614,3,1,1,31,0,1206500,1081,5348.578946,-4.792220,360.863618,0.000000,0.000000,0.000000,-0.019775,-0.063599,1.009766,-1.184218,-3.639143,40.066666667,13.316666667,40.066666667,28.406666667,9.445555556,28.403333333,1148417122,1148417124,1148417125,1148417127,1148417128,1148417141,1148417142,1148417161
4955,1148144,10,114615,3,1,1,31,0,1206500,1081,5348.578946,-4.792220,360.863572,0.000000,0.000000,0.000000,-0.021851,-0.064453,1.008789,-1.190358,-3.636946,40.066666667,13.316666667,40.066666667,28.406666667,9.445555556,28.403333333,1148427122,1148427125,1148427126,1148427128,1148427129,1148427142,1148427143,1148427162
4971,1148154,10,114616,3,1,1,31,0,1206500,1081,5348.578946,-4.792220,360.863712,0.000000,0.000000,0.000000,-0.021729,-0.065308,1.007568,-1.192400,-3.643640,40.066666667,13.316666667,40.066666667,28.406666667,9.445555556,28.403333333,1148437119,1148437122,1148437123,1148437126,1148437126,1148437139,1148437140,1148437159
4971,1148164,10,114617,3,1,1,31,0,1206500,1081,5348.578946,-4.792220,360.863728,0.000000,0.000000,0.000000,-0.020874,-0.064941,1.008545,-1.189353,-3.644439,40.066666667,13.316666667,40.066666667,28.406666667,9.445555556,28.403333333,1148447122,1148447125,1148447125,1148447128,1148447128,1148447141,1148447142,1148447161
4986,1148174,10,114618,3,1,1,31,0,1206500,1081,5348.578946,-4.792220,360.863813,0.000000,0.000000,0.000000,-0.020508,-0.065430,1.008789,-1.186233,-3.648498,40.066666667,13.316666667,40.066666667,28.406666667,9.445555556,28.403333333,1148457121,1148457124,1148457125,1148457127,1148457128,1148457141,1148457141,1148457160
5002,1148184,10,114619,3,1,1,31,0,1206500,1081,5348.578946,-4.792220,360.864029,0.000000,0.000000,0.000000,-0.020630,-0.066040,1.008423,-1.181939,-3.658916,40.066666667,13.316666667,40.066666667,28.406666667,9.445555556,28.403333333,1148467119,1148467122,1148467123,1148467126,1148467126,1148467139,1148467140,1148467159
5002,1148194,10,114620,3,1,1,31,0,1206500,1081,5348.578946,-4.792220,360.863905,0.000000,0.000000,0.000000,-0.021729,-0.063721,1.008423,-1.181181,-3.652912,40.066666667,13.316666667,40.066666667,28.406666667,9.445555556,28.403333333,1148477122,1148477125,1148477126,1148477128,1148477129,1148477142,1148477143,1148477162
5018,1148204,10,114621,3,1,1,31,0,1206500,1081,5348.578946,-4.792220,360.864064,0.000000,0.000000,0.000000,-0.020020,-0.066528,1.008423,-1.178727,-3.660629,40.066666667,13.316666667,40.066666667,28.406666667,9.445555556,28.403333333,1148487122,1148487125,1148487126,1148487128,1148487129,1148487142,1148487143,1148487162
5033,1148214,10,114622,3,1,1,31,0,1206500,1081,5348.578946,-4.792220,360.864187,0.000000,0.000000,0.000000,-0.020996,-0.066040,1.008667,-1.182132,-3.666543,40.066666667,13.316666667,40.066666667,28.406666667,9.445555556,28.403333333,1148497124,1148497127,1148497128,1148497130,1148497131,1148497146,1148497148,1148497168
5033,1148224,10,114623,3,1,1,31,0,1206500,1081,5348.578946,-4.792220,360.864181,0.000000,0.000000,0.000000,-0.019775,-0.064087,1.008545,-1.178299,-3.666238,40.066666667,13.316666667,40.066666667,28.406666667,9.445555556,28.403333333,1148507124,1148507127,1148507128,1148507131,1148507132,1148507145,1148507146,1148507165
5049,1148234,10,114624,3,1,1,31,0,1206500,1081,5348.578946,-4.792220,360.864224,0.000000,0.000000,0.000000,-0.020142,-0.065796,1.009644,-1.169955,-3.668371,40.066666667,13.316666667,40.066666667,28.406666667,9.445555556,28.403333333,1148517122,1148517125,1148517125,1148517127,1148517128,1148517142,1148517143,1148517162
5065,1148244,10,114625,3,1,1,31,0,1206500,1081,5348.578946,-4.792220,360.864391,0.000000,0.000000,0.000000,-0.021484,-0.066284,1.009033,-1.166623,-3.676527,40.066666667,13.316666667,40.066666667,28.406666667,9.445555556,28.403333333,1148527120,1148527123,1148527123,1148527126,1148527127,1148527139,1148527140,1148527159
5065,1148254,10,114626,3,1,1,31,0,1206500,1081,5348.578946,-4.792220,360.864205,0.000000,0.000000,0.000000,-0.020996,-0.064575,1.009399,-1.168627,-3.667459,40.066666667,13.316666667,40.066666667,28.406666667,9.445555556,28.403333333,1148537122,1148537125,1148537126,1148537128,1148537129,1148537142,1148537143,1148537162
5080,1148264,10,114627,3,1,1,31,0,1206500,1081,5348.578946,-4.792220,360.864012,0.000000,0.000000,0.000000,-0.021362,-0.063721,1.008789,-1.180052,-3.658103,40.066666667,13.316666667,40.066666667,28.406666667,9.445555556,28.403333333,1148547122,1148547125,1148547126,1148547128,1148547129,1148547142,1148547143,1148547162
5096,1148274,10,114628,3,1,1,31,0,1206500,1081,5348.578946,-4.792220,360.863937,0.000000,0.000000,0.000000,-0.020630,-0.064453,1.007324,-1.183161,-3.654464,40.066666667,13.316666667,40.066666667,28.406666667,9.445555556,28.403333333,1148557120,1148557123,1148557123,1148557126,1148557127,1148557140,1148557141,1148557160
5096,1148284,10,114629,3,1,1,31,0,1206500,1081,5348.578946,-4.792220,360.863860,0.000000,0.000000,0.000000,-0.020996,-0.064697,1.008423,-1.181874,-3.650731,40.066666667,13.316666667,40.066666667,28.406666667,9.445555556,28.403333333,1148567122,1148567124,1148567125,1148567127,1148567128,1148567142,1148567142,1148567162
5112,1148294,10,114630,3,1,1,31,0,1206500,1081,5348.578946,-4.792220,360.863763,0.000000,0.000000,0.000000,-0.020386,-0.064209,1.008545,-1.181573,-3.646043,40.066666667,13.316666667,40.066666667,28.406666667,9.445555556,28.403333333,1148577121,1148577124,1148577125,1148577128,1148577128,1148577142,1148577142,1148577162
5112,1148304,10,114631,3,1,1,31,0,1206500,1081,5348.578946,-4.792220,360.863839,0.000000,0.000000,0.000000,-0.020630,-0.065186,1.009033,-1.173020,-3.649751,40.066666667,13.316666667,40.066666667,28.406666667,9.445555556,28.403333333,1148587119,1148587122,1148587123,1148587125,1148587126,1148587139,1148587140,1148587159
5128,1148314,10,114632,3,1,1,31,0,1206500,1081,5348.578946,-4.792220,360.863596,0.000000,0.000000,0.000000,-0.020752,-0.064209,1.009644,-1.180411,-3.637983,40.066666667,13.316666667,40.066666667,28.406666667,9.445555556,28.403333333,1148597121,1148597124,1148597125,1148597128,1148597128,1148597141,1148597142,1148597161
5144,1148324,10,114633,3,1,1,31,0,1206500,1081,5348.578946,-4.792220,360.863311,0.000000,0.000000,0.000000,-0.020386,-0.062988,1.008423,-1.185794,-3.624270,40.066666667,13.316666667,40.066666667,28.406666667,9.445555556,28.403333333,1148607122,1148607125,1148607126,1148607128,1148607129,1148607142,1148607143,1148607161
5144,1148334,10,114634,3,1,1,31,0,1206500,1081,5348.578946,-4.792220,360.863398,0.000000,0.000000,0.000000,-0.020874,-0.064697,1.009399,-1.174975,-3.628470,40.066666667,13.316666667,40.066666667,28.406666667,9.445555556,28.403333333,1148617119,1148617122,1148617123,1148617126,1148617126,1148617139,1148617140,1148617159
5159,1148344,10,114635,3,1,1,31,0,1206500,1081,5348.578946,-4.792220,360.863553,0.000000,0.000000,0.000000,-0.021484,-0.064331,1.009155,-1.181981,-3.636018,40.066666667,13.316666667,40.066666667,28.406666667,9.445555556,28.403333333,1148627122,1148627125,1148627125,1148627128,1148627129,1148627142,1148627142,1148627161
5175,1148354,10,114636,3,1,1,31,0,1206500,1081,5348.578946,-4.792220,360.863700,0.000000,0.000000,0.000000,-0.022461,-0.065918,1.008667,-1.187695,-3.643121,40.066666667,13.316666667,40.066666667,28.406666667,9.445555556,28.403333333,1148637122,1148637124,1148637125,1148637127,1148637128,1148637141,1148637142,1148637161
5175,1148364,10,114637,3,1,1,31,0,1206500,1081,5348.578946,-4.792220,360.863881,0.000000,0.000000,0.000000,-0.020996,-0.065430,1.009155,-1.185552,-3.651787,40.066666667,13.316666667,40.066666667,28.406666667,9.445555556,28.403333333,1148647120,1148647123,1148647124,1148647126,1148647127,1148647140,1148647141,1148647159
5191,1148374,10,114638,3,1,1,31,0,1206500,1081,5348.578946,-4.792220,360.863834,0.000000,0.000000,0.000000,-0.020020,-0.064209,1.007935,-1.176061,-3.649509,40.066666667,13.316666667,40.066666667,28.406666667,9.445555556,28.403333333,1148657122,1148657125,1148657126,1148657128,1148657129,1148657142,1148657143,1148657162
5191,1148384,10,114639,3,1,1,31,0,1206500,1081,5348.578946,-4.792220,360.863756,0.000000,0.000000,0.000000,-0.019287,-0.064697,1.009155,-1.161662,-3.645733,40.066666667,13.316666667,40.066666667,28.406666667,9.445555556,28.403333333,1148667122,1148667125,1148667126,1148667128,1148667129,1148667142,1148667143,1148667162
5207,1148394,10,114640,3,1,1,31,0,1206500,1081,5348.578946,-4.792220,360.863799,0.000000,0.000000,0.000000,-0.020264,-0.064575,1.008423,-1.156897,-3.647834,40.066666667,13.316666667,40.066666667,28.406666667,9.445555556,28.403333333,1148677120,1148677123,1148677124,1148677126,1148677127,1148677140,1148677141,1148677160
5222,1148404,10,114641,3,1,1,31,0,1206500,1081,5348.578946,-4.792220,360.863847,0.000000,0.000000,0.000000,-0.020142,-0.065674,1.009766,-1.156756,-3.650225,40.066666667,13.316666667,40.066666667,28.406666667,9.445555556,28.403333333,1148687123,1148687126,1148687127,1148687129,1148687130,1148687143,1148687143,1148687162
5222,1148414,10,114642,3,1,1,31,0,1206500,1081,5348.578946,-4.792220,360.863766,0.000000,0.000000,0.000000,-0.020264,-0.065063,1.009644,-1.156076,-3.646203,40.066666667,13.316666667,40.066666667,28.406666667,9.445555556,28.403333333,1148697127,1148697130,1148697131,1148697133,1148697134,1148697150,1148697150,1148697170
5238,1148424,10,114643,3,1,1,31,0,1206500,1081,5348.578946,-4.792220,360.863717,0.000000,0.000000,0.000000,-0.020630,-0.065063,1.009033,-1.160332,-3.643827,40.066666667,13.316666667,40.066666667,28.406666667,9.445555556,28.403333333,1148707122,1148707125,1148707126,1148707128,1148707129,1148707142,1148707143,1148707163
5253,1148434,10,114644,3,1,1,31,0,1206500,1081,5348.578946,-4.792220,360.863968,0.000000,0.000000,0.000000,-0.020752,-0.065552,1.009033,-1.161623,-3.656131,40.066666667,13.316666667,40.066666667,28.406666667,9.445555556,28.403333333,1148717123,1148717126,1148717127,1148717130,1148717130,1148717144,1148717144,1148717163
5253,1148444,10,114645,3,1,1,31,0,1206500,1081,5348.578946,-4.792220,360.863890,0.000000,0.000000,0.000000,-0.020508,-0.063965,1.009399,-1.159111,-3.652307,40.066666667,13.316666667,40.066666667,28.406666667,9.445555556,28.403333333,1148727123,1148727125,1148727127,1148727129,1148727130,1148727143,1148727143,1148727162
5269,1148454,10,114646,3,1,1,31,0,1206500,1081,5348.578946,-4.792220,360.863587,0.000000,0.000000,0.000000,-0.021362,-0.063721,1.010010,-1.164148,-3.637412,40.066666667,13.316666667,40.066666667,28.406666667,9.445555556,28.403333333,1148737121,1148737123,1148737124,1148737127,1148737127,1148737140,1148737141,1148737160
5284,1148464,10,114647,3,1,1,31,0,1206500,1081,5348.578946,-4.792220,360.863305,0.000000,0.000000,0.000000,-0.021362,-0.062622,1.008667,-1.169523,-3.623614,40.066666667,13.316666667,40.066666667,28.406666667,9.445555556,28.403333333,1148747122,1148747125,1148747126,1148747128,1148747129,1148747142,1148747142,1148747162
5284,1148474,10,114648,3,1,1,31,0,1206500,1081,5348.578946,-4.792220,360.863213,0.000000,0.000000,0.000000,-0.019409,-0.063721,1.010498,-1.157913,-3.619057,40.066666667,13.316666667,40.066666667,28.406666667,9.445555556,28.403333333,1148757121,1148757124,1148757125,1148757127,1148757128,1148757141,1148757142,1148757161
5300,1148484,10,114649,3,1,1,31,0,1206500,1081,5348.578946,-4.792220,360.863102,0.000000,0.000000,0.000000,-0.020020,-0.063965,1.008301,-1.153140,-3.613623,40.066666667,13.316666667,40.066666667,28.406666667,9.445555556,28.403333333,1148767120,1148767123,1148767124,1148767126,1148767127,1148767140,1148767141,1148767160
5315,1148494,10,114650,3,1,1,31,0,1206500,1081,5348.578946,-4.792220,360.863141,0.000000,0.000000,0.000000,-0.020386,-0.063110,1.008057,-1.153338,-3.615566,40.066666667,13.316666667,40.066666667,28.406666667,9.445555556,28.403333333,1148777122,1148777125,1148777126,1148777128,1148777129,1148777142,1148777143,1148777162
5315,1148504,10,114651,3,1,1,31,0,1206500,1081,5348.578946,-4.792220,360.863341,0.000000,0.000000,0.000000,-0.021729,-0.065552,1.009033,-1.157423,-3.625435,40.066666667,13.316666667,40.066666667,28.406666667,9.445555556,28.403333333,1148787122,1148787125,1148787126,1148787128,1148787129,1148787142,1148787143,1148787162
5330,1148514,10,114652,3,1,1,31,0,1206500,1081,5348.578946,-4.792220,360.863519,0.000000,0.000000,0.000000,-0.021973,-0.066040,1.010620,-1.166288,-3.634207,40.066666667,13.316666667,40.066666667,28.406666667,9.445555556,28.403333333,1148797120,1148797123,1148797124,1148797126,1148797127,1148797140,1148797141,1148797160
5346,1148524,10,114653,3,1,1,31,0,1206500,1081,5348.578946,-4.792220,360.863592,0.000000,0.000000,0.000000,-0.021240,-0.063843,1.009399,-1.174111,-3.637751,40.066666667,13.316666667,40.066666667,28.406666667,9.445555556,28.403333333,1148807122,1148807125,1148807126,1148807128,1148807129,1148807142,1148807143,1148807162
5346,1148534,10,114654,3,1,1,31,0,1206500,1081,5348.578946,-4.792220,360.863492,0.000000,0.000000,0.000000,-0.019653,-0.065430,1.008545,-1.169780,-3.632906,40.066666667,13.316666667,40.066666667,28.406666667,9.445555556,28.403333333,1148817122,1148817124,1148817125,1148817127,1148817128,1148817141,1148817142,1148817161
5362,1148544,10,114655,3,1,1,31,0,1206500,1081,5348.578946,-4.792220,360.863510,0.000000,0.000000,0.000000,-0.019043,-0.064209,1.008911,-1.160363,-3.633768,40.066666667,13.316666667,40.066666667,28.406666667,9.445555556,28.403333333,1148827121,1148827124,1148827125,1148827127,1148827128,1148827140,1148827141,1148827160
5362,1148554,10,114656,3,1,1,31,0,1206500,1081,5348.578946,-4.792220,360.863488,0.000000,0.000000,0.000000,-0.020996,-0.063721,1.009766,-1.156056,-3.632701,40.066666667,13.316666667,40.066666667,28.406666667,9.445555556,28.403333333,1148837122,1148837125,1148837126,1148837128,1148837129,1148837142,1148837143,1148837162
5377,1148564,10,114657,3,1,1,31,0,1206500,1081,5348.578946,-4.792220,360.863564,0.000000,0.000000,0.000000,-0.019287,-0.064209,1.009644,-1.157963,-3.636449,40.066666667,13.316666667,40.066666667,28.406666667,9.445555556,28.403333333,1148847123,1148847126,1148847126,1148847129,1148847129,1148847143,1148847143,1148847162
5393,1148574,10,114658,3,1,1,31,0,1206500,1081,5348.578946,-4.792220,360.863722,0.000000,0.000000,0.000000,-0.021240,-0.065430,1.007690,-1.160635,-3.644214,40.066666667,13.316666667,40.066666667,28.406666667,9.445555556,28.403333333,1148857120,1148857123,1148857124,1148857126,1148857127,1148857140,1148857140,1148857159
5393,1148584,10,114659,3,1,1,31,0,1206500,1081,5348.578946,-4.792220,360.863619,0.000000,0.000000,0.000000,-0.020752,-0.064575,1.010376,-1.160056,-3.639187,40.066666667,13.316666667,40.066666667,28.406666667,9.445555556,28.403333333,1148867122,1148867125,1148867126,1148867128,1148867129,1148867142,1148867143,1148867162
5409,1148594,10,114660,3,1,1,31,0,1206500,1081,5348.578946,-4.792220,360.863680,0.000000,0.000000,0.000000,-0.020752,-0.064575,1.007690,-1.160445,-3.642182,40.066666667,13.316666667,40.066666667,28.406666667,9.445555556,28.403333333,1148877122,1148877125,1148877126,1148877128,1148877129,1148877142,1148877143,1148877162
5424,1148604,10,114661,3,1,1,31,0,1206500,1081,5348.578946,-4.792220,360.863818,0.000000,0.000000,0.000000,-0.020508,-0.065430,1.007935,-1.160208,-3.648954,40.066666667,13.316666667,40.066666667,28.406666667,9.445555556,28.403333333,1148887121,1148887124,1148887125,1148887127,1148887128,1148887141,1148887141,1148887160
5424,1148614,10,114662,3,1,1,31,0,1206500,1081,5348.578946,-4.792220,360.863823,0.000000,0.000000,0.000000,-0.020752,-0.063965,1.009766,-1.160860,-3.649205,40.066666667,13.316666667,40.066666667,28.406666667,9.445555556,28.403333333,1148897128,1148897131,1148897132,1148897134,1148897135,1148897150,1148897151,1148897171
5440,1148624,10,114663,3,1,1,31,0,1206500,1081,5348.578946,-4.792220,360.863580,0.000000,0.000000,0.000000,-0.020996,-0.063843,1.007935,-1.163519,-3.637243,40.066666667,13.316666667,40.066666667,28.406666667,9.445555556,28.403333333,1148907124,1148907127,1148907128,1148907131,1148907132,1148907145,1148907146,1148907165
5455,1148634,10,114664,3,1,1,31,0,1206500,1081,5348.578946,-4.792220,360.863737,0.000000,0.000000,0.000000,-0.021973,-0.065063,1.008423,-1.168299,-3.644972,40.066666667,13.316666667,40.066666667,28.406666667,9.445555556,28.403333333,1148917121,1148917124,1148917125,1148917127,1148917128,1148917141,1148917142,1148917160
5455,1148644,10,114665,3,1,1,31,0,1206500,1081,5348.578946,-4.792220,360.863701,0.000000,0.000000,0.000000,-0.020508,-0.064453,1.008545,-1.163655,-3.643220,40.066666667,13.316666667,40.066666667,28.406666667,9.445555556,28.403333333,1148927123,1148927126,1148927127,1148927130,1148927130,1148927143,1148927144,1148927163
5471,1148654,10,114666,3,1,1,31,0,1206500,1081,5348.578946,-4.792220,360.863740,0.000000,0.000000,0.000000,-0.019531,-0.064453,1.008545,-1.153698,-3.645135,40.066666667,13.316666667,40.066666667,28.406666667,9.445555556,28.403333333,1148937123,1148937126,1148937127,1148937129,1148937129,1148937143,1148937144,1148937162
5471,1148664,10,114667,3,1,1,31,0,1206500,1081,5348.578946,-4.792220,360.863738,0.000000,0.000000,0.000000,-0.020996,-0.065186,1.008179,-1.155848,-3.645014,40.066666667,13.316666667,40.066666667,28.406666667,9.445555556,28.403333333,1148947120,1148947123,1148947124,1148947126,1148947127,1148947139,1148947140,1148947159
5486,1148674,10,114668,3,1,1,31,0,1206500,1081,5348.578946,-4.792220,360.863699,0.000000,0.000000,0.000000,-0.020020,-0.064941,1.007935,-1.152598,-3.643113,40.066666667,13.316666667,40.066666667,28.406666667,9.445555556,28.403333333,1148957122,1148957125,1148957126,1148957129,1148957129,1148957142,1148957143,1148957162
5502,1148684,10,114669,3,1,1,31,0,1206500,1081,5348.578946,-4.792220,360.863709,0.000000,0.000000,0.000000,-0.022339,-0.065308,1.008911,-1.169449,-3.643567,40.066666667,13.316666667,40.066666667,28.406666667,9.445555556,28.403333333,1148967123,1148967126,1148967127,1148967129,1148967130,1148967143,1148967143,1148967162
5502,1148694,10,114670,3,1,1,31,0,1206500,1081,5348.578946,-4.792220,360.863664,0.000000,0.000000,0.000000,-0.020264,-0.063843,1.008179,-1.168509,-3.641346,40.066666667,13.316666667,40.066666667,28.406666667,9.445555556,28.403333333,1148977120,1148977123,1148977124,1148977126,1148977127,1148977140,1148977141,1148977160
5518,1148704,10,114671,3,1,1,31,0,1206500,1081,5348.578946,-4.792220,360.863490,0.000000,0.000000,0.000000,-0.021973,-0.064087,1.008057,-1.172514,-3.632838,40.066666667,13.316666667,40.066666667,28.406666667,9.445555556,28.403333333,1148987123,1148987126,1148987127,1148987129,1148987130,1148987144,1148987144,1148987164
5533,1148714,10,114672,3,1,1,31,0,1206500,1081,5348.578946,-4.792220,360.863634,0.000000,0.000000,0.000000,-0.021484,-0.064697,1.007935,-1.177739,-3.639864,40.066666667,13.316666667,40.066666667,28.406666667,9.445555556,28.403333333,1148997122,1148997125,1148997126,1148997128,1148997129,1148997142,1148997143,1148997162
5533,1148724,10,114673,3,1,1,31,0,1206500,1081,5348.578946,-4.792220,360.863612,0.000000,0.000000,0.000000,-0.020020,-0.064087,1.008789,-1.176918,-3.638774,40.066666667,13.316666667,40.066666667,28.406666667,9.445555556,28.403333333,1149007121,1149007124,1149007124,1149007127,1149007127,1149007141,1149007142,1149007161
5549,1148734,10,114674,3,1,1,31,0,1206500,1081,5348.578946,-4.792220,360.863668,0.000000,0.000000,0.000000,-0.020386,-0.064331,1.007812,-1.172434,-3.641519,40.066666667,13.316666667,40.066666667,28.406666667,9.445555556,28.403333333,1149017122,1149017125,1149017126,1149017129,1149017129,1149017142,1149017143,1149017162
5564,1148744,10,114675,3,1,1,31,0,1206500,1081,5348.578946,-4.792220,360.863821,0.000000,0.000000,0.000000,-0.021851,-0.065186,1.007935,-1.179730,-3.648951,40.066666667,13.316666667,40.066666667,28.406666667,9.445555556,28.403333333,1149027123,1149027126,1149027127,1149027129,1149027130,1149027143,1149027144,1149027163
5564,1148754,10,114676,3,1,1,31,0,1206500,1081,5348.578946,-4.792220,360.863969,0.000000,0.000000,0.000000,-0.020874,-0.065063,1.008179,-1.178573,-3.656094,40.066666667,13.316666667,40.066666667,28.406666667,9.445555556,28.403333333,1149037120,1149037123,1149037124,1149037127,1149037127,1149037140,1149037141,1149037160
5580,1148764,10,114677,3,1,1,31,0,1206500,1081,5348.578946,-4.792220,360.864014,0.000000,0.000000,0.000000,-0.019775,-0.064941,1.008423,-1.170095,-3.658270,40.066666667,13.316666667,40.066666667,28.406666667,9.445555556,28.403333333,1149047123,1149047126,1149047127,1149047129,1149047130,1149047143,1149047143,1149047162
5596,1148774,10,114678,3,1,1,31,0,1206500,1081,5348.578946,-4.792220,360.863959,0.000000,0.000000,0.000000,-0.021240,-0.064697,1.008423,-1.168374,-3.655609,40.066666667,13.316666667,40.066666667,28.406666667,9.445555556,28.403333333,1149057122,1149057125,1149057126,1149057128,1149057129,1149057142,1149057143,1149057162
5596,1148784,10,114679,3,1,1,31,0,1206500,1081,5348.578946,-4.792220,360.863910,0.000000,0.000000,0.000000,-0.021729,-0.064331,1.009155,-1.175536,-3.653234,40.066666667,13.316666667,40.066666667,28.406666667,9.445555556,28.403333333,1149067120,1149067123,1149067124,1149067127,1149067127,1149067140,1149067141,1149067160
5611,1148794,10,114680,3,1,1,31,0,1206500,1081,5348.578946,-4.792220,360.863894,0.000000,0.000000,0.000000,-0.021973,-0.064331,1.007812,-1.186274,-3.652453,40.066666667,13.316666667,40.066666667,28.406666667,9.445555556,28.403333333,1149077123,1149077126,1149077127,1149077129,1149077130,1149077143,1149077144,1149077163
5611,1148804,10,114681,3,1,1,31,0,1206500,1081,5348.578946,-4.792220,360.864047,0.000000,0.000000,0.000000,-0.020752,-0.065918,1.008911,-1.189447,-3.659826,40.066666667,13.316666667,40.066666667,28.406666667,9.445555556,28.403333333,1149087124,1149087127,1149087127,1149087130,1149087131,1149087144,1149087144,1149087163
5627,1148814,10,114682,3,1,1,31,0,1206500,1081,5348.578946,-4.792220,360.864101,0.000000,0.000000,0.000000,-0.020996,-0.065552,1.010010,-1.184633,-3.662416,40.066666667,13.316666667,40.066666667,28.406666667,9.445555556,28.403333333,1149097126,1149097130,1149097130,1149097133,1149097133,1149097149,1149097150,1149097170
5642,1148824,10,114683,3,1,1,31,0,1206500,1081,5348.578946,-4.792220,360.863994,0.000000,0.000000,0.000000,-0.020386,-0.064575,1.009033,-1.179241,-3.657226,40.066666667,13.316666667,40.066666667,28.406666667,9.445555556,28.403333333,1149107125,1149107128,1149107129,1149107132,1149107132,1149107146,1149107147,1149107166
5642,1148834,10,114684,3,1,1,31,0,1206500,1081,5348.578946,-4.792220,360.863352,0.000000,0.000000,0.000000,-0.021484,-0.061646,1.009277,-1.183037,-3.626179,40.066666667,13.316666667,40.066666667,28.406666667,9.445555556,28.403333333,1149117124,1149117127,1149117127,1149117130,1149117131,1149117144,1149117145,1149117164
5658,1148844,10,114685,3,1,1,31,0,1206500,1081,5348.578946,-4.792220,360.863327,0.000000,0.000000,0.000000,-0.021362,-0.064453,1.009399,-1.184599,-3.625003,40.066666667,13.316666667,40.066666667,28.406666667,9.445555556,28.403333333,1149127122,1149127125,1149127126,1149127128,1149127129,1149127142,1149127143,1149127162
5673,1148854,10,114686,3,1,1,31,0,1206500,1081,5348.578946,-4.792220,360.863462,0.000000,0.000000,0.000000,-0.020630,-0.064453,1.009033,-1.181618,-3.631496,40.066666667,13.316666667,40.066666667,28.406666667,9.445555556,28.403333333,1149137123,1149137126,1149137127,1149137129,1149137129,1149137142,1149137143,1149137162
5673,1148864,10,114687,3,1,1,31,0,1206500,1081,5348.578946,-4.792220,360.863413,0.000000,0.000000,0.000000,-0.020508,-0.064331,1.008911,-1.178621,-3.629144,40.066666667,13.316666667,40.066666667,28.406666667,9.445555556,28.403333333,1149147124,1149147127,1149147127,1149147129,1149147130,1149147144,1149147144,1149147163
5689,1148874,10,114688,3,1,1,31,0,1206500,1081,5348.578946,-4.792220,360.863405,0.000000,0.000000,0.000000,-0.020386,-0.065308,1.008667,-1.172676,-3.628740,40.066666667,13.316666667,40.066666667,28.406666667,9.445555556,28.403333333,1149157121,1149157124,1149157124,1149157127,1149157127,1149157140,1149157141,1149157160
5705,1148884,10,114689,3,1,1,31,0,1206500,1081,5348.578946,-4.792220,360.863472,0.000000,0.000000,0.000000,-0.019043,-0.064941,1.009033,-1.158149,-3.632066,40.066666667,13.316666667,40.066666667,28.406666667,9.445555556,28.403333333,1149167123,1149167126,1149167127,1149167130,1149167130,1149167143,1149167144,1149167163
5705,1148894,10,114690,3,1,1,31,0,1206500,1081,5348.578946,-4.792220,360.863403,0.000000,0.000000,0.000000,-0.020874,-0.064697,1.009033,-1.152137,-3.628637,40.066666667,13.316666667,40.066666667,28.406666667,9.445555556,28.403333333,1149177123,1149177126,1149177126,1149177129,1149177129,1149177142,1149177144,1149177163
5721,1148904,10,114691,3,1,1,31,0,1206500,1081,5348.578946,-4.792220,360.863139,0.000000,0.000000,0.000000,-0.019531,-0.062744,1.008301,-1.147662,-3.615516,40.066666667,13.316666667,40.066666667,28.406666667,9.445555556,28.403333333,1149187121,1149187124,1149187125,1149187127,1149187128,1149187141,1149187142,1149187161
5721,1148914,10,114692,3,1,1,31,0,1206500,1081,5348.578946,-4.792220,360.863409,0.000000,0.000000,0.000000,-0.020508,-0.066040,1.009521,-1.145361,-3.628988,40.066666667,13.316666667,40.066666667,28.406666667,9.445555556,28.403333333,1149197124,1149197126,1149197127,1149197129,1149197130,1149197143,1149197144,1149197163
5737,1148924,10,114693,3,1,1,31,0,1206500,1081,5348.578946,-4.792220,360.863308,0.000000,0.000000,0.000000,-0.021729,-0.063965,1.008179,-1.159280,-3.623997,40.066666667,13.316666667,40.066666667,28.406666667,9.445555556,28.403333333,1149207123,1149207126,1149207127,1149207130,1149207130,1149207143,1149207144,1149207163
5753,1148934,10,114694,3,1,1,31,0,1206500,1081,5348.578946,-4.792220,360.863232,0.000000,0.000000,0.000000,-0.019409,-0.063843,1.008545,-1.156990,-3.620233,40.066666667,13.316666667,40.066666667,28.406666667,9.445555556,28.403333333,1149217121,1149217124,1149217125,1149217127,1149217128,1149217141,1149217142,1149217161
5753,1148944,10,114695,3,1,1,31,0,1206500,1081,5348.578946,-4.792220,360.863307,0.000000,0.000000,0.000000,-0.020386,-0.064941,1.010132,-1.156283,-3.623941,40.066666667,13.316666667,40.066666667,28.406666667,9.445555556,28.403333333,1149227124,1149227127,1149227128,1149227131,1149227132,1149227145,1149227145,1149227165
5768,1148954,10,114696,3,1,1,31,0,1206500,1081,5348.578946,-4.792220,360.863413,0.000000,0.000000,0.000000,-0.021729,-0.065308,1.009766,-1.154193,-3.629186,40.066666667,13.316666667,40.066666667,28.406666667,9.445555556,28.403333333,1149237123,1149237126,1149237127,1149237130,1149237130,1149237143,1149237144,1149237163
5784,1148964,10,114697,3,1,1,31,0,1206500,1081,5348.578946,-4.792220,360.863663,0.000000,0.000000,0.000000,-0.020386,-0.066528,1.009155,-1.158076,-3.641548,40.066666667,13.316666667,40.066666667,28.406666667,9.445555556,28.403333333,1149247122,1149247125,1149247126,1149247128,1149247128,1149247141,1149247142,1149247161
5784,1148974,10,114698,3,1,1,31,0,1206500,1081,5348.578946,-4.792220,360.863369,0.000000,0.000000,0.000000,-0.020264,-0.062256,1.009033,-1.158457,-3.627027,40.066666667,13.316666667,40.066666667,28.406666667,9.445555556,28.403333333,1149257123,1149257126,1149257127,1149257130,1149257131,1149257143,1149257144,1149257163
5800,1148984,10,114699,3,1,1,31,0,1206500,1081,5348.578946,-4.792220,360.863238,0.000000,0.000000,0.000000,-0.020386,-0.063599,1.009033,-1.159220,-3.620625,40.066666667,13.316666667,40.066666667,28.406666667,9.445555556,28.403333333,1149267124,1149267127,1149267127,1149267130,1149267131,1149267143,1149267144,1149267163
5815,1148994,10,114700,3,1,1,31,0,1206500,1081,5348.578946,-4.792220,360.863421,0.000000,0.000000,0.000000,-0.020630,-0.064819,1.009155,-1.158898,-3.629622,40.066666667,13.316666667,40.066666667,28.406666667,9.445555556,28.403333333,1149277121,1149277124,1149277125,1149277128,1149277128,1149277141,1149277142,1149277161
5815,1149004,10,114701,3,1,1,31,0,1206500,1081,5348.578946,-4.792220,360.863478,0.000000,0.000000,0.000000,-0.022095,-0.064819,1.010742,-1.166344,-3.632427,40.066666667,13.316666667,40.066666667,28.406666667,9.445555556,28.403333333,1149287124,1149287127,1149287128,1149287130,1149287130,1149287143,1149287144,1149287164
5831,1149014,10,114702,3,1,1,31,0,1206500,1081,5348.578946,-4.792220,360.863553,0.000000,0.000000,0.000000,-0.020264,-0.064453,1.009155,-1.166990,-3.636103,40.066666667,13.316666667,40.066666667,28.406666667,9.445555556,28.403333333,1149297129,1149297132,1149297133,1149297136,1149297137,1149297152,1149297152,1149297172
5831,1149024,10,114703,3,1,1,31,0,1206500,1081,5348.578946,-4.792220,360.863381,0.000000,0.000000,0.000000,-0.019043,-0.063477,1.008667,-1.160951,-3.627651,40.066666667,13.316666667,40.066666667,28.406666667,9.445555556,28.403333333,1149307122,1149307125,1149307126,1149307128,1149307129,1149307143,1149307143,1149307163
5847,1149034,10,114704,3,1,1,31,0,1206500,1081,5348.578946,-4.792220,360.863437,0.000000,0.000000,0.000000,-0.020264,-0.064087,1.009277,-1.162378,-3.630421,40.066666667,13.316666667,40.066666667,28.406666667,9.445555556,28.403333333,1149317124,1149317127,1149317128,1149317130,1149317131,1149317144,1149317145,1149317164
5863,1149044,10,114705,3,1,1,31,0,1206500,1081,5348.578946,-4.792220,360.863559,0.000000,0.000000,0.000000,-0.020142,-0.064941,1.008301,-1.160800,-3.636426,40.066666667,13.316666667,40.066666667,28.406666667,9.445555556,28.403333333,1149327124,1149327127,1149327128,1149327131,1149327131,1149327144,1149327145,1149327164
5863,1149054,10,114706,3,1,1,31,0,1206500,1081,5348.578946,-4.792220,360.863687,0.000000,0.000000,0.000000,-0.020996,-0.064941,1.007935,-1.167350,-3.642717,40.066666667,13.316666667,40.066666667,28.406666667,9.445555556,28.403333333,1149337122,1149337125,1149337125,1149337128,1149337128,1149337141,1149337142,1149337161
5879,1149064,10,114707,3,1,1,31,0,1206500,1081,5348.578946,-4.792220,360.863646,0.000000,0.000000,0.000000,-0.021729,-0.064575,1.008179,-1.177542,-3.640731,40.066666667,13.316666667,40.066666667,28.406666667,9.445555556,28.403333333,1149347124,1149347127,1149347128,1149347130,1149347130,1149347143,1149347144,1149347163
5894,1149074,10,114708,3,1,1,31,0,1206500,1081,5348.578946,-4.792220,360.863434,0.000000,0.000000,0.000000,-0.021240,-0.062500,1.009155,-1.178323,-3.630403,40.066666667,13.316666667,40.066666667,28.406666667,9.445555556,28.403333333,1149357123,1149357126,1149357127,1149357129,1149357130,1149357143,1149357143,1149357163
5894,1149084,10,114709,3,1,1,31,0,1206500,1081,5348.578946,-4.792220,360.863336,0.000000,0.000000,0.000000,-0.021851,-0.064331,1.008301,-1.185119,-3.625661,40.066666667,13.316666667,40.066666667,28.406666667,9.445555556,28.403333333,1149367121,1149367124,1149367125,1149367127,1149367127,1149367141,1149367142,1149367161
5909,1149094,10,114710,3,1,1,31,0,1206500,1081,5348.578946,-4.792220,360.863412,0.000000,0.000000,0.000000,-0.021118,-0.065430,1.008789,-1.188017,-3.629349,40.066666667,13.316666667,40.066666667,28.406666667,9.445555556,28.403333333,1149377124,1149377127,1149377127,1149377130,1149377131,1149377144,1149377145,1149377163
5925,1149104,10,114711,3,1,1,31,0,1206500,1081,5348.578946,-4.792220,360.863496,0.000000,0.000000,0.000000,-0.019653,-0.065063,1.008789,-1.180151,-3.633358,40.066666667,13.316666667,40.066666667,28.406666667,9.445555556,28.403333333,1149387123,1149387126,1149387127,1149387129,1149387130,1149387143,1149387143,1149387162
5925,1149114,10,114712,3,1,1,31,0,1206500,1081,5348.578946,-4.792220,360.863350,0.000000,0.000000,0.000000,-0.020630,-0.063354,1.008789,-1.170217,-3.626273,40.066666667,13.316666667,40.066666667,28.406666667,9.445555556,28.403333333,1149397121,1149397124,1149397125,1149397127,1149397128,1149397141,1149397141,1149397160
5941,1149124,10,114713,3,1,1,31,0,1206500,1081,5348.578946,-4.792220,360.863295,0.000000,0.000000,0.000000,-0.019897,-0.064087,1.008179,-1.165501,-3.623575,40.066666667,13.316666667,40.066666667,28.406666667,9.445555556,28.403333333,1149407124,1149407127,1149407128,1149407130,1149407131,1149407144,1149407145,1149407164
5956,1149134,10,114714,3,1,1,31,0,1206500,1081,5348.578946,-4.792220,360.863242,0.000000,0.000000,0.000000,-0.020020,-0.063599,1.008057,-1.162198,-3.621004,40.066666667,13.316666667,40.066666667,28.406666667,9.445555556,28.403333333,1149417123,1149417126,1149417127,1149417129,1149417129,1149417143,1149417144,1149417163
5956,1149144,10,114715,3,1,1,31,0,1206500,1081,5348.578946,-4.792220,360.863248,0.000000,0.000000,0.000000,-0.021606,-0.064941,1.008301,-1.166670,-3.621279,40.066666667,13.316666667,40.066666667,28.406666667,9.445555556,28.403333333,1149427121,1149427124,1149427125,1149427127,1149427128,1149427141,1149427142,1149427161
5972,1149154,10,114716,3,1,1,31,0,1206500,1081,5348.578946,-4.792220,360.863284,0.000000,0.000000,0.000000,-0.020142,-0.064331,1.008545,-1.162124,-3.623016,40.066666667,13.316666667,40.066666667,28.406666667,9.445555556,28.403333333,1149437123,1149437126,1149437127,1149437129,1149437130,1149437143,1149437144,1149437163
5972,1149164,10,114717,3,1,1,31,0,1206500,1081,5348.578946,-4.792220,360.863505,0.000000,0.000000,0.000000,-0.021118,-0.065308,1.007812,-1.163511,-3.633906,40.066666667,13.316666667,40.066666667,28.406666667,9.445555556,28.403333333,1149447124,1149447127,1149447128,1149447130,1149447131,1149447144,1149447145,1149447164
5987,1149174,10,114718,3,1,1,31,0,1206500,1081,5348.578946,-4.792220,360.863756,0.000000,0.000000,0.000000,-0.019165,-0.065552,1.007690,-1.155023,-3.646216,40.066666667,13.316666667,40.066666667,28.406666667,9.445555556,28.403333333,1149457121,1149457124,1149457125,1149457127,1149457128,1149457141,1149457142,1149457161
6003,1149184,10,114719,3,1,1,31,0,1206500,1081,5348.578946,-4.792220,360.864014,0.000000,0.000000,0.000000,-0.020752,-0.066406,1.008423,-1.148913,-3.659056,40.066666667,13.316666667,40.066666667,28.406666667,9.445555556,28.403333333,1149467124,1149467127,1149467128,1149467130,1149467131,1149467144,1149467145,1149467164
6003,1149194,10,114720,3,1,1,31,0,1206500,1081,5348.578946,-4.792220,360.864080,0.000000,0.000000,0.000000,-0.021973,-0.064697,1.008789,-1.155020,-3.662323,40.066666667,13.316666667,40.066666667,28.406666667,9.445555556,28.403333333,1149477123,1149477126,1149477127,1149477130,1149477130,1149477143,1149477144,1149477163
6019,1149204,10,114721,3,1,1,31,0,1206500,1081,5348.578946,-4.792220,360.864087,0.000000,0.000000,0.000000,-0.020508,-0.065552,1.008301,-1.157222,-3.662712,40.066666667,13.316666667,40.066666667,28.406666667,9.445555556,28.403333333,1149487122,1149487125,1149487125,1149487128,1149487129,1149487142,1149487143,1149487161
6034,1149214,10,114722,3,1,1,31,0,1206500,1081,5348.578946,-4.792220,360.863867,0.000000,0.000000,0.000000,-0.021118,-0.063110,1.008179,-1.161584,-3.651873,40.066666667,13.316666667,40.066666667,28.406666667,9.445555556,28.403333333,1149497129,1149497132,1149497133,1149497136,1149497137,1149497151,1149497152,1149497171
6034,1149224,10,114723,3,1,1,31,0,1206500,1081,5348.578946,-4.792220,360.864115,0.000000,0.000000,0.000000,-0.020996,-0.066650,1.008179,-1.164135,-3.664045,40.066666667,13.316666667,40.066666667,28.406666667,9.445555556,28.403333333,1149507125,1149507128,1149507129,1149507131,1149507132,1149507145,1149507146,1149507166
6050,1149234,10,114724,3,1,1,31,0,1206500,1081,5348.578946,-4.792220,360.864030,0.000000,0.000000,0.000000,-0.020142,-0.065186,1.008545,-1.167293,-3.659898,40.066666667,13.316666667,40.066666667,28.406666667,9.445555556,28.403333333,1149517122,1149517125,1149517125,1149517128,1149517128,1149517141,1149517142,1149517161
6066,1149244,10,114725,3,1,1,31,0,1206500,1081,5348.578946,-4.792220,360.863765,0.000000,0.000000,0.000000,-0.020264,-0.063599,1.008179,-1.161670,-3.646870,40.066666667,13.316666667,40.066666667,28.406666667,9.445555556,28.403333333,1149527124,1149527127,1149527128,1149527130,1149527131,1149527144,1149527145,1149527164
6066,1149254,10,114726,3,1,1,31,0,1206500,1081,5348.578946,-4.792220,360.863717,0.000000,0.000000,0.000000,-0.019653,-0.064209,1.010132,-1.157239,-3.644516,40.066666667,13.316666667,40.066666667,28.406666667,9.445555556,28.403333333,1149537124,1149537127,1149537128,1149537130,1149537131,1149537144,1149537144,1149537164
6082,1149264,10,114727,3,1,1,31,0,1206500,1081,5348.578946,-4.792220,360.863673,0.000000,0.000000,0.000000,-0.021240,-0.064819,1.009399,-1.158774,-3.642345,40.066666667,13.316666667,40.066666667,28.406666667,9.445555556,28.403333333,1149547122,1149547125,1149547126,1149547128,1149547129,1149547142,1149547143,1149547162
6082,1149274,10,114728,3,1,1,31,0,1206500,1081,5348.578946,-4.792220,360.863623,0.000000,0.000000,0.000000,-0.020996,-0.064453,1.008423,-1.167298,-3.639892,40.066666667,13.316666667,40.066666667,28.406666667,9.445555556,28.403333333,1149557124,1149557127,1149557128,1149557130,1149557131,1149557144,1149557145,1149557164
6097,1149284,10,114729,3,1,1,31,0,1206500,1081,5348.578946,-4.792220,360.863676,0.000000,0.000000,0.000000,-0.021240,-0.065063,1.010010,-1.165766,-3.642483,40.066666667,13.316666667,40.066666667,28.406666667,9.445555556,28.403333333,1149567124,1149567127,1149567128,1149567130,1149567130,1149567143,1149567144,1149567163
6113,1149294,10,114730,3,1,1,31,0,1206500,1081,5348.578946,-4.792220,360.863701,0.000000,0.000000,0.000000,-0.020996,-0.065186,1.008179,-1.171368,-3.643710,40.066666667,13.316666667,40.066666667,28.406666667,9.445555556,28.403333333,1149577122,1149577124,1149577125,1149577127,1149577128,1149577141,1149577142,1149577161
6113,1149304,10,114731,3,1,1,31,0,1206500,1081,5348.578946,-4.792220,360.863831,0.000000,0.000000,0.000000,-0.019775,-0.066040,1.008667,-1.168613,-3.650030,40.066666667,13.316666667,40.066666667,28.406666667,9.445555556,28.403333333,1149587125,1149587128,1149587129,1149587131,1149587132,1149587145,1149587145,1149587164
6129,1149314,10,114732,3,1,1,31,0,1206500,1081,5348.578946,-4.792220,360.863849,0.000000,0.000000,0.000000,-0.019775,-0.064697,1.008423,-1.159045,-3.650913,40.066666667,13.316666667,40.066666667,28.406666667,9.445555556,28.403333333,1149597124,1149597127,1149597128,1149597130,1149597131,1149597143,1149597144,1149597164
6143,1149324,10,114733,3,1,1,31,0,1206500,1081,5348.578946,-4.792220,360.863911,0.000000,0.000000,0.000000,-0.020020,-0.065186,1.009155,-1.164763,-3.653995,40.066666667,13.316666667,40.066666667,28.406666667,9.445555556,28.403333333,1149607122,1149607125,1149607126,1149607128,1149607129,1149607142,1149607143,1149607162
6143,1149334,10,114734,3,1,1,31,0,1206500,1081,5348.578946,-4.792220,360.863807,0.000000,0.000000,0.000000,-0.021240,-0.064819,1.008667,-1.164427,-3.648884,40.066666667,13.316666667,40.066666667,28.406666667,9.445555556,28.403333333,1149617125,1149617128,1149617129,1149617131,1149617132,1149617145,1149617146,1149617164
6159,1149344,10,114735,3,1,1,31,0,1206500,1081,5348.578946,-4.792220,360.863840,0.000000,0.000000,0.000000,-0.020630,-0.064453,1.008789,-1.162782,-3.650508,40.066666667,13.316666667,40.066666667,28.406666667,9.445555556,28.403333333,1149627124,1149627127,1149627128,1149627130,1149627131,1149627144,1149627145,1149627164
6175,1149354,10,114736,3,1,1,31,0,1206500,1081,5348.578946,-4.792220,360.863903,0.000000,0.000000,0.000000,-0.020508,-0.065552,1.009155,-1.165732,-3.653556,40.066666667,13.316666667,40.066666667,28.406666667,9.445555556,28.403333333,1149637122,1149637125,1149637125,1149637128,1149637129,1149637142,1149637142,1149637161
6175,1149364,10,114737,3,1,1,31,0,1206500,1081,5348.578946,-4.792220,360.863935,0.000000,0.000000,0.000000,-0.021851,-0.064941,1.008789,-1.176930,-3.655143,40.066666667,13.316666667,40.066666667,28.406666667,9.445555556,28.403333333,1149647124,1149647127,1149647127,1149647130,1149647131,1149647144,1149647145,1149647164
6190,1149374,10,114738,3,1,1,31,0,1206500,1081,5348.578946,-4.792220,360.863688,0.000000,0.000000,0.000000,-0.020996,-0.063721,1.008789,-1.174905,-3.643107,40.066666667,13.316666667,40.066666667,28.406666667,9.445555556,28.403333333,1149657124,1149657127,1149657128,1149657131,1149657131,1149657144,1149657145,1149657164
6206,1149384,10,114739,3,1,1,31,0,1206500,1081,5348.578946,-4.792220,360.863700,0.000000,0.000000,0.000000,-0.019531,-0.065186,1.009155,-1.162385,-3.643738,40.066666667,13.316666667,40.066666667,28.406666667,9.445555556,28.403333333,1149667121,1149667124,1149667125,1149667128,1149667129,1149667141,1149667142,1149667161
6206,1149394,10,114740,3,1,1,31,0,1206500,1081,5348.578946,-4.792220,360.863679,0.000000,0.000000,0.000000,-0.020630,-0.064819,1.008911,-1.164701,-3.642696,40.066666667,13.316666667,40.066666667,28.406666667,9.445555556,28.403333333,1149677125,1149677128,1149677128,1149677131,1149677131,1149677145,1149677145,1149677164
6222,1149404,10,114741,3,1,1,31,0,1206500,1081,5348.578946,-4.792220,360.863728,0.000000,0.000000,0.000000,-0.020508,-0.065186,1.009521,-1.161093,-3.645136,40.066666667,13.316666667,40.066666667,28.406666667,9.445555556,28.403333333,1149687124,1149687127,1149687128,1149687131,1149687132,1149687144,1149687145,1149687164
6222,1149414,10,114742,3,1,1,31,0,1206500,1081,5348.578946,-4.792220,360.863763,0.000000,0.000000,0.000000,-0.020264,-0.065308,1.009033,-1.155799,-3.646858,40.066666667,13.316666667,40.066666667,28.406666667,9.445555556,28.403333333,1149697127,1149697130,1149697131,1149697133,1149697134,1149697149,1149697150,1149697169
6237,1149424,10,114743,3,1,1,31,0,1206500,1081,5348.578946,-4.792220,360.863838,0.000000,0.000000,0.000000,-0.019409,-0.064697,1.008057,-1.149396,-3.650570,40.066666667,13.316666667,40.066666667,28.406666667,9.445555556,28.403333333,1149707125,1149707128,1149707129,1149707132,1149707132,1149707146,1149707147,1149707166
6252,1149434,10,114744,3,1,1,31,0,1206500,1081,5348.578946,-4.792220,360.863875,0.000000,0.000000,0.000000,-0.021240,-0.064697,1.009033,-1.159112,-3.652411,40.066666667,13.316666667,40.066666667,28.406666667,9.445555556,28.403333333,1149717124,1149717127,1149717128,1149717131,1149717132,1149717144,1149717145,1149717164
6252,1149444,10,114745,3,1,1,31,0,1206500,1081,5348.578946,-4.792220,360.863712,0.000000,0.000000,0.000000,-0.021973,-0.063721,1.008301,-1.164566,-3.644367,40.066666667,13.316666667,40.066666667,28.406666667,9.445555556,28.403333333,1149727122,1149727125,1149727126,1149727129,1149727129,1149727142,1149727143,1149727162
6269,1149454,10,114746,3,1,1,31,0,1206500,1081,5348.578946,-4.792220,360.863772,0.000000,0.000000,0.000000,-0.022095,-0.065063,1.008545,-1.174477,-3.647308,40.066666667,13.316666667,40.066666667,28.406666667,9.445555556,28.403333333,1149737124,1149737127,1149737128,1149737130,1149737131,1149737143,1149737145,1149737164
6283,1149464,10,114747,3,1,1,31,0,1206500,1081,5348.578946,-4.792220,360.863609,0.000000,0.000000,0.000000,-0.021606,-0.064331,1.008911,-1.179988,-3.639378,40.066666667,13.316666667,40.066666667,28.406666667,9.445555556,28.403333333,1149747124,1149747127,1149747128,1149747130,1149747131,1149747144,1149747145,1149747164
6283,1149474,10,114748,3,1,1,31,0,1206500,1081,5348.578946,-4.792220,360.863692,0.000000,0.000000,0.000000,-0.020264,-0.065918,1.009155,-1.172556,-3.643430,40.066666667,13.316666667,40.066666667,28.406666667,9.445555556,28.403333333,1149757122,1149757125,1149757126,1149757129,1149757129,1149757143,1149757143,1149757162
6300,1149484,10,114749,3,1,1,31,0,1206500,1081,5348.578946,-4.792220,360.863705,0.000000,0.000000,0.000000,-0.019775,-0.065186,1.009033,-1.160578,-3.644094,40.066666667,13.316666667,40.066666667,28.406666667,9.445555556,28.403333333,1149767124,1149767127,1149767128,1149767130,1149767131,1149767144,1149767145,1149767165
6315,1149494,10,114750,3,1,1,31,0,1206500,1081,5348.578946,-4.792220,360.863677,0.000000,0.000000,0.000000,-0.021118,-0.063965,1.008789,-1.163731,-3.642704,40.066666667,13.316666667,40.066666667,28.406666667,9.445555556,28.403333333,1149777124,1149777127,1149777128,1149777130,1149777131,1149777144,1149777145,1149777164
6315,1149504,10,114751,3,1,1,31,0,1206500,1081,5348.578946,-4.792220,360.863617,0.000000,0.000000,0.000000,-0.020996,-0.064453,1.008301,-1.172019,-3.639772,40.066666667,13.316666667,40.066666667,28.406666667,9.445555556,28.403333333,1149787123,1149787125,1149787126,1149787129,1149787129,1149787142,1149787143,1149787162
6331,1149514,10,114752,3,1,1,31,0,1206500,1081,5348.578946,-4.792220,360.863923,0.000000,0.000000,0.000000,-0.020264,-0.065796,1.008057,-1.167825,-3.654711,40.066666667,13.316666667,40.066666667,28.406666667,9.445555556,28.403333333,1149797124,1149797127,1149797128,1149797130,1149797131,1149797144,1149797145,1149797164
6346,1149524,10,114753,3,1,1,31,0,1206500,1081,5348.578946,-4.792220,360.863989,0.000000,0.000000,0.000000,-0.021606,-0.065063,1.010010,-1.177207,-3.657907,40.066666667,13.316666667,40.066666667,28.406666667,9.445555556,28.403333333,1149807124,1149807127,1149807128,1149807130,1149807131,1149807144,1149807145,1149807164
6346,1149534,10,114754,3,1,1,31,0,1206500,1081,5348.578946,-4.792220,360.863896,0.000000,0.000000,0.000000,-0.021973,-0.064331,1.008179,-1.189299,-3.653454,40.066666667,13.316666667,40.066666667,28.406666667,9.445555556,28.403333333,1149817122,1149817125,1149817126,1149817128,1149817129,1149817142,1149817143,1149817161
6361,1149544,10,114755,3,1,1,31,0,1206500,1081,5348.578946,-4.792220,360.863786,0.000000,0.000000,0.000000,-0.020386,-0.064697,1.008667,-1.176631,-3.648128,40.066666667,13.316666667,40.066666667,28.406666667,9.445555556,28.403333333,1149827125,1149827128,1149827129,1149827131,1149827132,1149827145,1149827146,1149827165
6361,1149554,10,114756,3,1,1,31,0,1206500,1081,5348.578946,-4.792220,360.863719,0.000000,0.000000,0.000000,-0.019775,-0.064697,1.010010,-1.167300,-3.644886,40.066666667,13.316666667,40.066666667,28.406666667,9.445555556,28.403333333,1149837124,1149837127,1149837127,1149837130,1149837130,1149837144,1149837144,1149837163
6376,1149564,10,114757,3,1,1,31,0,1206500,1081,5348.578946,-4.792220,360.863696,0.000000,0.000000,0.000000,-0.018921,-0.064575,1.007080,-1.153754,-3.643761,40.066666667,13.316666667,40.066666667,28.406666667,9.445555556,28.403333333,1149847123,1149847126,1149847126,1149847129,1149847129,1149847142,1149847143,1149847162
6392,1149574,10,114758,3,1,1,31,0,1206500,1081,5348.578946,-4.792220,360.863871,0.000000,0.000000,0.000000,-0.020630,-0.066040,1.008301,-1.154444,-3.652406,40.066666667,13.316666667,40.066666667,28.406666667,9.445555556,28.403333333,1149857125,1149857128,1149857129,1149857131,1149857132,1149857145,1149857145,1149857165
6392,1149584,10,114759,3,1,1,31,0,1206500,1081,5348.578946,-4.792220,360.863798,0.000000,0.000000,0.000000,-0.020386,-0.065063,1.009399,-1.154318,-3.648831,40.066666667,13.316666667,40.066666667,28.406666667,9.445555556,28.403333333,1149867124,1149867127,1149867128,1149867130,1149867131,1149867144,1149867145,1149867164
6408,1149594,10,114760,3,1,1,31,0,1206500,1081,5348.578946,-4.792220,360.863814,0.000000,0.000000,0.000000,-0.020386,-0.064697,1.009399,-1.154205,-3.649612,40.066666667,13.316666667,40.066666667,28.406666667,9.445555556,28.403333333,1149877122,1149877125,1149877126,1149877128,1149877128,1149877141,1149877142,1149877161
6423,1149604,10,114761,3,1,1,31,0,1206500,1081,5348.578946,-4.792220,360.863933,0.000000,0.000000,0.000000,-0.020996,-0.064941,1.009033,-1.158356,-3.655468,40.066666667,13.316666667,40.066666667,28.406666667,9.445555556,28.403333333,1149887124,1149887127,1149887128,1149887130,1149887131,1149887144,1149887145,1149887164
6423,1149614,10,114762,3,1,1,31,0,1206500,1081,5348.578946,-4.792220,360.863988,0.000000,0.000000,0.000000,-0.020386,-0.065918,1.009766,-1.155202,-3.658216,40.066666667,13.316666667,40.066666667,28.406666667,9.445555556,28.403333333,1149897129,1149897132,1149897133,1149897135,1149897136,1149897150,1149897151,1149897170
6439,1149624,10,114763,3,1,1,31,0,1206500,1081,5348.578946,-4.792220,360.864063,0.000000,0.000000,0.000000,-0.022705,-0.065674,1.009033,-1.170995,-3.661911,40.066666667,13.316666667,40.066666667,28.406666667,9.445555556,28.403333333,1149907123,1149907126,1149907128,1149907130,1149907131,1149907144,1149907145,1149907164
6455,1149634,10,114764,3,1,1,31,0,1206500,1081,5348.578946,-4.792220,360.864151,0.000000,0.000000,0.000000,-0.021606,-0.065308,1.009766,-1.176969,-3.666166,40.066666667,13.316666667,40.066666667,28.406666667,9.445555556,28.403333333,1149917125,1149917128,1149917129,1149917131,1149917132,1149917145,1149917146,1149917165
6455,1149644,10,114765,3,1,1,31,0,1206500,1081,5348.578946,-4.792220,360.864026,0.000000,0.000000,0.000000,-0.021362,-0.064331,1.008545,-1.184235,-3.660135,40.066666667,13.316666667,40.066666667,28.406666667,9.445555556,28.403333333,1149927125,1149927128,1149927129,1149927131,1149927132,1149927145,1149927146,1149927165
6470,1149654,10,114766,3,1,1,31,0,1206500,1081,5348.578946,-4.792220,360.864329,0.000000,0.000000,0.000000,-0.019287,-0.067017,1.008545,-1.172929,-3.674795,40.066666667,13.316666667,40.066666667,28.406666667,9.445555556,28.403333333,1149937123,1149937125,1149937126,1149937129,1149937129,1149937142,1149937143,1149937162
6486,1149664,10,114767,3,1,1,31,0,1206500,1081,5348.578946,-4.792220,360.864324,0.000000,0.000000,0.000000,-0.020264,-0.063232,1.009033,-1.165131,-3.674528,40.066666667,13.316666667,40.066666667,28.406666667,9.445555556,28.403333333,1149947125,1149947128,1149947128,1149947131,1149947132,1149947144,1149947145,1149947164
6486,1149674,10,114768,3,1,1,31,0,1206500,1081,5348.578946,-4.792220,360.864135,0.000000,0.000000,0.000000,-0.019897,-0.063965,1.008423,-1.160231,-3.665244,40.066666667,13.316666667,40.066666667,28.406666667,9.445555556,28.403333333,1149957125,1149957128,1149957129,1149957131,1149957132,1149957145,1149957146,1149957165
6502,1149684,10,114769,3,1,1,31,0,1206500,1081,5348.578946,-4.792220,360.863803,0.000000,0.000000,0.000000,-0.020630,-0.063599,1.009521,-1.156473,-3.648838,40.066666667,13.316666667,40.066666667,28.406666667,9.445555556,28.403333333,1149967122,1149967125,1149967126,1149967128,1149967129,1149967142,1149967143,1149967162
6502,1149694,10,114770,3,1,1,31,0,1206500,1081,5348.578946,-4.792220,360.863781,0.000000,0.000000,0.000000,-0.021240,-0.064331,1.009277,-1.159763,-3.647764,40.066666667,13.316666667,40.066666667,28.406666667,9.445555556,28.403333333,1149977124,1149977127,1149977128,1149977130,1149977131,1149977144,1149977144,1149977163
6517,1149704,10,114771,3,1,1,31,0,1206500,1081,5348.578946,-4.792220,360.863714,0.000000,0.000000,0.000000,-0.020752,-0.063232,1.008423,-1.163516,-3.644514,40.066666667,13.316666667,40.066666667,28.406666667,9.445555556,28.403333333,1149987124,1149987128,1149987128,1149987131,1149987131,1149987144,1149987145,1149987164
6533,1149714,10,114772,3,1,1,31,0,1206500,1081,5348.578946,-4.792220,360.863533,0.000000,0.000000,0.000000,-0.020386,-0.063232,1.008301,-1.167053,-3.635639,40.066666667,13.316666667,40.066666667,28.406666667,9.445555556,28.403333333,1149997122,1149997125,1149997126,1149997128,1149997129,1149997142,1149997143,1149997162
6533,1149724,10,114773,3,1,1,31,0,1206500,1081,5348.578946,-4.792220,360.863384,0.000000,0.000000,0.000000,-0.020508,-0.064331,1.009521,-1.165923,-3.628377,40.066666667,13.316666667,40.066666667,28.406666667,9.445555556,28.403333333,1150007125,1150007128,1150007129,1150007131,1150007132,1150007144,1150007145,1150007164
6549,1149734,10,114774,3,1,1,31,0,1206500,1081,5348.578946,-4.792220,360.863449,0.000000,0.000000,0.000000,-0.019409,-0.064941,1.008301,-1.156107,-3.631544,40.066666667,13.316666667,40.066666667,28.406666667,9.445555556,28.403333333,1150017124,1150017127,1150017128,1150017130,1150017131,1150017144,1150017145,1150017164
6564,1149744,10,114775,3,1,1,31,0,1206500,1081,5348.578946,-4.792220,360.863541,0.000000,0.000000,0.000000,-0.021362,-0.064575,1.006958,-1.163280,-3.636119,40.066666667,13.316666667,40.066666667,28.406666667,9.445555556,28.403333333,1150027123,1150027126,1150027127,1150027129,1150027130,1150027143,1150027144,1150027163
6564,1149754,10,114776,3,1,1,31,0,1206500,1081,5348.578946,-4.792220,360.863559,0.000000,0.000000,0.000000,-0.019165,-0.064209,1.009277,-1.158474,-3.637000,40.066666667,13.316666667,40.066666667,28.406666667,9.445555556,28.403333333,1150037126,1150037129,1150037130,1150037132,1150037133,1150037146,1150037147,1150037166
6579,1149764,10,114777,3,1,1,31,0,1206500,1081,5348.578946,-4.792220,360.863617,0.000000,0.000000,0.000000,-0.018555,-0.064697,1.007935,-1.141765,-3.639872,40.066666667,13.316666667,40.066666667,28.406666667,9.445555556,28.403333333,1150047125,1150047128,1150047129,1150047131,1150047132,1150047145,1150047146,1150047165
6595,1149774,10,114778,3,1,1,31,0,1206500,1081,5348.578946,-4.792220,360.863766,0.000000,0.000000,0.000000,-0.019897,-0.066162,1.009155,-1.139216,-3.647330,40.066666667,13.316666667,40.066666667,28.406666667,9.445555556,28.403333333,1150057122,1150057125,1150057126,1150057129,1150057129,1150057142,1150057143,1150057162
6595,1149784,10,114779,3,1,1,31,0,1206500,1081,5348.578946,-4.792220,360.863930,0.000000,0.000000,0.000000,-0.021973,-0.065430,1.008789,-1.148656,-3.655533,40.066666667,13.316666667,40.066666667,28.406666667,9.445555556,28.403333333,1150067125,1150067129,1150067129,1150067132,1150067132,1150067145,1150067146,1150067166
6611,1149794,10,114780,3,1,1,31,0,1206500,1081,5348.578946,-4.792220,360.864087,0.000000,0.000000,0.000000,-0.020752,-0.065796,1.009766,-1.157493,-3.663313,40.066666667,13.316666667,40.066666667,28.406666667,9.445555556,28.403333333,1150077125,1150077128,1150077128,1150077131,1150077131,1150077144,1150077145,1150077164
6627,1149804,10,114781,3,1,1,31,0,1206500,1081,5348.578946,-4.792220,360.864100,0.000000,0.000000,0.000000,-0.020630,-0.064331,1.007446,-1.157195,-3.663932,40.066666667,13.316666667,40.066666667,28.406666667,9.445555556,28.403333333,1150087122,1150087125,1150087126,1150087129,1150087129,1150087142,1150087143,1150087162
6627,1149814,10,114782,3,1,1,31,0,1206500,1081,5348.578946,-4.792220,360.864036,0.000000,0.000000,0.000000,-0.021484,-0.063721,1.007568,-1.164157,-3.660809,40.066666667,13.316666667,40.066666667,28.406666667,9.445555556,28.403333333,1150097131,1150097134,1150097135,1150097137,1150097138,1150097153,1150097153,1150097173
6643,1149824,10,114783,3,1,1,31,0,1206500,1081,5348.578946,-4.792220,360.863934,0.000000,0.000000,0.000000,-0.019653,-0.064209,1.007690,-1.151000,-3.655752,40.066666667,13.316666667,40.066666667,28.406666667,9.445555556,28.403333333,1150107127,1150107130,1150107131,1150107133,1150107134,1150107147,1150107148,1150107167
6643,1149834,10,114784,3,1,1,31,0,1206500,1081,5348.578946,-4.792220,360.864004,0.000000,0.000000,0.000000,-0.023315,-0.065674,1.009033,-1.164961,-3.659198,40.066666667,13.316666667,40.066666667,28.406666667,9.445555556,28.403333333,1150117123,1150117126,1150117127,1150117129,1150117130,1150117143,1150117143,1150117162
6658,1149844,10,114785,3,1,1,31,0,1206500,1081,5348.578946,-4.792220,360.864041,0.000000,0.000000,0.000000,-0.019287,-0.065552,1.009521,-1.158681,-3.661009,40.066666667,13.316666667,40.066666667,28.406666667,9.445555556,28.403333333,1150127125,1150127128,1150127128,1150127131,1150127132,1150127144,1150127145,1150127164
6674,1149854,10,114786,3,1,1,31,0,1206500,1081,5348.578946,-4.792220,360.864111,0.000000,0.000000,0.000000,-0.019775,-0.065796,1.008179,-1.162053,-3.664460,40.066666667,13.316666667,40.066666667,28.406666667,9.445555556,28.403333333,1150137125,1150137128,1150137129,1150137131,1150137132,1150137145,1150137145,1150137164
6674,1149864,10,114787,3,1,1,31,0,1206500,1081,5348.578946,-4.792220,360.864127,0.000000,0.000000,0.000000,-0.019409,-0.065308,1.009033,-1.156275,-3.665255,40.066666667,13.316666667,40.066666667,28.406666667,9.445555556,28.403333333,1150147123,1150147125,1150147126,1150147129,1150147129,1150147142,1150147143,1150147162
6690,1149874,10,114788,3,1,1,31,0,1206500,1081,5348.578946,-4.792220,360.864011,0.000000,0.000000,0.000000,-0.020386,-0.064819,1.010254,-1.160210,-3.659547,40.066666667,13.316666667,40.066666667,28.406666667,9.445555556,28.403333333,1150157125,1150157128,1150157129,1150157131,1150157132,1150157145,1150157146,1150157164
6706,1149884,10,114789,3,1,1,31,0,1206500,1081,5348.578946,-4.792220,360.864440,0.000000,0.000000,0.000000,-0.020874,-0.067261,1.009155,-1.164953,-3.680600,40.066666667,13.316666667,40.066666667,28.406666667,9.445555556,28.403333333,1150167125,1150167128,1150167129,1150167132,1150167132,1150167146,1150167146,1150167166
6706,1149894,10,114790,3,1,1,31,0,1206500,1081,5348.578946,-4.792220,360.864595,0.000000,0.000000,0.000000,-0.020996,-0.066406,1.009033,-1.169557,-3.688151,40.066666667,13.316666667,40.066666667,28.406666667,9.445555556,28.403333333,1150177123,1150177126,1150177126,1150177129,1150177129,1150177142,1150177143,1150177162
6722,1149904,10,114791,3,1,1,31,0,1206500,1081,5348.578946,-4.792220,360.864561,0.000000,0.000000,0.000000,-0.020264,-0.064819,1.008423,-1.167423,-3.686499,40.066666667,13.316666667,40.066666667,28.406666667,9.445555556,28.403333333,1150187125,1150187128,1150187129,1150187131,1150187132,1150187145,1150187146,1150187165
6722,1149914,10,114792,3,1,1,31,0,1206500,1081,5348.578946,-4.792220,360.864312,0.000000,0.000000,0.000000,-0.020874,-0.064575,1.009277,-1.163708,-3.674268,40.066666667,13.316666667,40.066666667,28.406666667,9.445555556,28.403333333,1150197125,1150197128,1150197129,1150197131,1150197132,1150197144,1150197145,1150197164
6737,1149924,10,114793,3,1,1,31,0,1206500,1081,5348.578946,-4.792220,360.864251,0.000000,0.000000,0.000000,-0.022095,-0.064087,1.008179,-1.165085,-3.671291,40.066666667,13.316666667,40.066666667,28.406666667,9.445555556,28.403333333,1150207123,1150207126,1150207127,1150207129,1150207130,1150207143,1150207143,1150207163
6752,1149934,10,114794,3,1,1,31,0,1206500,1081,5348.578946,-4.792220,360.864064,0.000000,0.000000,0.000000,-0.020386,-0.064453,1.008545,-1.167111,-3.662154,40.066666667,13.316666667,40.066666667,28.406666667,9.445555556,28.403333333,1150217126,1150217129,1150217129,1150217132,1150217132,1150217146,1150217146,1150217166
6752,1149944,10,114795,3,1,1,31,0,1206500,1081,5348.578946,-4.792220,360.864027,0.000000,0.000000,0.000000,-0.021118,-0.064819,1.008911,-1.167457,-3.660341,40.066666667,13.316666667,40.066666667,28.406666667,9.445555556,28.403333333,1150227125,1150227128,1150227129,1150227131,1150227132,1150227145,1150227146,1150227165
6768,1149954,10,114796,3,1,1,31,0,1206500,1081,5348.578946,-4.792220,360.863817,0.000000,0.000000,0.000000,-0.019287,-0.063721,1.007935,-1.159088,-3.650031,40.066666667,13.316666667,40.066666667,28.406666667,9.445555556,28.403333333,1150237122,1150237125,1150237126,1150237128,1150237129,1150237142,1150237143,1150237162
6783,1149964,10,114797,3,1,1,31,0,1206500,1081,5348.578946,-4.792220,360.863803,0.000000,0.000000,0.000000,-0.019775,-0.064575,1.009521,-1.153338,-3.649344,40.066666667,13.316666667,40.066666667,28.406666667,9.445555556,28.403333333,1150247126,1150247128,1150247129,1150247131,1150247132,1150247146,1150247146,1150247165
6783,1149974,10,114798,3,1,1,31,0,1206500,1081,5348.578946,-4.792220,360.863893,0.000000,0.000000,0.000000,-0.020508,-0.066040,1.008423,-1.159145,-3.653782,40.066666667,13.316666667,40.066666667,28.406666667,9.445555556,28.403333333,1150257125,1150257128,1150257129,1150257131,1150257132,1150257145,1150257146,1150257165
6798,1149984,10,114799,3,1,1,31,0,1206500,1081,5348.578946,-4.792220,360.864028,0.000000,0.000000,0.000000,-0.022339,-0.065552,1.009888,-1.165782,-3.660405,40.066666667,13.316666667,40.066666667,28.406666667,9.445555556,28.403333333,1150267123,1150267126,1150267127,1150267130,1150267130,1150267143,1150267144,1150267163
6814,1149994,10,114800,3,1,1,31,0,1206500,1081,5348.578946,-4.792220,360.863901,0.000000,0.000000,0.000000,-0.022095,-0.064209,1.009033,-1.175059,-3.654206,40.066666667,13.316666667,40.066666667,28.406666667,9.445555556,28.403333333,1150277124,1150277127,1150277128,1150277131,1150277131,1150277144,1150277145,1150277164
6814,1150004,10,114801,3,1,1,31,0,1206500,1081,5348.578946,-4.792220,360.863962,0.000000,0.000000,0.000000,-0.020264,-0.064575,1.009277,-1.169166,-3.657165,40.066666667,13.316666667,40.066666667,28.406666667,9.445555556,28.403333333,1150287126,1150287128,1150287129,1150287131,1150287132,1150287145,1150287146,1150287165
6830,1150014,10,114802,3,1,1,31,0,1206500,1081,5348.578946,-4.792220,360.863914,0.000000,0.000000,0.000000,-0.021240,-0.065063,1.008179,-1.170430,-3.654828,40.066666667,13.316666667,40.066666667,28.406666667,9.445555556,28.403333333,1150297128,1150297131,1150297132,1150297135,1150297136,1150297150,1150297151,1150297171
6845,1150024,10,114803,3,1,1,31,0,1206500,1081,5348.578946,-4.792220,360.863656,0.000000,0.000000,0.000000,-0.021240,-0.063599,1.008667,-1.178299,-3.642320,40.066666667,13.316666667,40.066666667,28.406666667,9.445555556,28.403333333,1150307127,1150307130,1150307131,1150307134,1150307135,1150307148,1150307149,1150307168
6845,1150034,10,114804,3,1,1,31,0,1206500,1081,5348.578946,-4.792220,360.863588,0.000000,0.000000,0.000000,-0.020630,-0.064209,1.009033,-1.175878,-3.638995,40.066666667,13.316666667,40.066666667,28.406666667,9.445555556,28.403333333,1150317125,1150317128,1150317129,1150317131,1150317132,1150317145,1150317146,1150317165
6861,1150044,10,114805,3,1,1,31,0,1206500,1081,5348.578946,-4.792220,360.863644,0.000000,0.000000,0.000000,-0.021240,-0.065552,1.008179,-1.178219,-3.641720,40.066666667,13.316666667,40.066666667,28.406666667,9.445555556,28.403333333,1150327123,1150327126,1150327127,1150327129,1150327130,1150327143,1150327144,1150327163
6861,1150054,10,114806,3,1,1,31,0,1206500,1081,5348.578946,-4.792220,360.863642,0.000000,0.000000,0.000000,-0.020386,-0.064209,1.008057,-1.172509,-3.641598,40.066666667,13.316666667,40.066666667,28.406666667,9.445555556,28.403333333,1150337125,1150337129,1150337130,1150337132,1150337133,1150337146,1150337146,1150337165
6878,1150064,10,114807,3,1,1,31,0,1206500,1081,5348.578946,-4.792220,360.863489,0.000000,0.000000,0.000000,-0.022095,-0.064453,1.010254,-1.178341,-3.634173,40.066666667,13.316666667,40.066666667,28.406666667,9.445555556,28.403333333,1150347125,1150347128,1150347129,1150347131,1150347132,1150347145,1150347146,1150347166
6892,1150074,10,114808,3,1,1,31,0,1206500,1081,5348.578946,-4.792220,360.863559,0.000000,0.000000,0.000000,-0.019897,-0.064575,1.009277,-1.171063,-3.637557,40.066666667,13.316666667,40.066666667,28.406666667,9.445555556,28.403333333,1150357123,1150357126,1150357127,1150357129,1150357130,1150357143,1150357144,1150357163
6892,1150084,10,114809,3,1,1,31,0,1206500,1081,5348.578946,-4.792220,360.863780,0.000000,0.000000,0.000000,-0.020874,-0.065552,1.009644,-1.167648,-3.648377,40.066666667,13.316666667,40.066666667,28.406666667,9.445555556,28.403333333,1150367126,1150367129,1150367130,1150367132,1150367133,1150367146,1150367147,1150367166
6908,1150094,10,114810,3,1,1,31,0,1206500,1081,5348.578946,-4.792220,360.863931,0.000000,0.000000,0.000000,-0.020508,-0.065308,1.009033,-1.165837,-3.655751,40.066666667,13.316666667,40.066666667,28.406666667,9.445555556,28.403333333,1150377125,1150377128,1150377128,1150377130,1150377131,1150377144,1150377145,1150377164
6923,1150104,10,114811,3,1,1,31,0,1206500,1081,5348.578946,-4.792220,360.863765,0.000000,0.000000,0.000000,-0.019653,-0.063843,1.009277,-1.160064,-3.647610,40.066666667,13.316666667,40.066666667,28.406666667,9.445555556,28.403333333,1150387124,1150387127,1150387127,1150387130,1150387131,1150387144,1150387144,1150387164
6923,1150114,10,114812,3,1,1,31,0,1206500,1081,5348.578946,-4.792220,360.863735,0.000000,0.000000,0.000000,-0.020386,-0.064331,1.008667,-1.156267,-3.646131,40.066666667,13.316666667,40.066666667,28.406666667,9.445555556,28.403333333,1150397125,1150397128,1150397129,1150397131,1150397132,1150397145,1150397146,1150397165
6939,1150124,10,114813,3,1,1,31,0,1206500,1081,5348.578946,-4.792220,360.863827,0.000000,0.000000,0.000000,-0.021484,-0.065186,1.008789,-1.165467,-3.650637,40.066666667,13.316666667,40.066666667,28.406666667,9.445555556,28.403333333,1150407126,1150407129,1150407130,1150407132,1150407133,1150407146,1150407147,1150407166
6955,1150134,10,114814,3,1,1,31,0,1206500,1081,5348.578946,-4.792220,360.863961,0.000000,0.000000,0.000000,-0.020630,-0.065186,1.008057,-1.168317,-3.657209,40.066666667,13.316666667,40.066666667,28.406666667,9.445555556,28.403333333,1150417123,1150417126,1150417127,1150417129,1150417130,1150417143,1150417143,1150417162
6955,1150144,10,114815,3,1,1,31,0,1206500,1081,5348.578946,-4.792220,360.864042,0.000000,0.000000,0.000000,-0.021362,-0.064697,1.009521,-1.178703,-3.661169,40.066666667,13.316666667,40.066666667,28.406666667,9.445555556,28.403333333,1150427127,1150427130,1150427130,1150427133,1150427133,1150427147,1150427147,1150427167
6970,1150154,10,114816,3,1,1,31,0,1206500,1081,5348.578946,-4.792220,360.863932,0.000000,0.000000,0.000000,-0.020874,-0.064575,1.009155,-1.180252,-3.655819,40.066666667,13.316666667,40.066666667,28.406666667,9.445555556,28.403333333,1150437126,1150437128,1150437129,1150437131,1150437132,1150437145,1150437146,1150437165
6986,1150164,10,114817,3,1,1,31,0,1206500,1081,5348.578946,-4.792220,360.863984,0.000000,0.000000,0.000000,-0.021729,-0.065430,1.010132,-1.181838,-3.658368,40.066666667,13.316666667,40.066666667,28.406666667,9.445555556,28.403333333,1150447124,1150447127,1150447128,1150447130,1150447131,1150447144,1150447145,1150447164
6986,1150174,10,114818,3,1,1,31,0,1206500,1081,5348.578946,-4.792220,360.863913,0.000000,0.000000,0.000000,-0.021118,-0.064697,1.007568,-1.178710,-3.654909,40.066666667,13.316666667,40.066666667,28.406666667,9.445555556,28.403333333,1150457126,1150457129,1150457129,1150457132,1150457132,1150457145,1150457146,1150457165
7001,1150184,10,114819,3,1,1,31,0,1206500,1081,5348.578946,-4.792220,360.863715,0.000000,0.000000,0.000000,-0.021973,-0.063110,1.007568,-1.183871,-3.645315,40.066666667,13.316666667,40.066666667,28.406666667,9.445555556,28.403333333,1150467126,1150467129,1150467130,1150467132,1150467133,1150467146,1150467147,1150467166
7001,1150194,10,114820,3,1,1,31,0,1206500,1081,5348.578946,-4.792220,360.863755,0.000000,0.000000,0.000000,-0.021729,-0.064819,1.008911,-1.192497,-3.647253,40.066666667,13.316666667,40.066666667,28.406666667,9.445555556,28.403333333,1150477124,1150477127,1150477127,1150477130,1150477131,1150477143,1150477144,1150477163
7017,1150204,10,114821,3,1,1,31,0,1206500,1081,5348.578946,-4.792220,360.863675,0.000000,0.000000,0.000000,-0.020752,-0.064819,1.008911,-1.196131,-3.643469,40.066666667,13.316666667,40.066666667,28.406666667,9.445555556,28.403333333,1150487126,1150487129,1150487130,1150487132,1150487133,1150487146,1150487147,1150487166
7033,1150214,10,114822,3,1,1,31,0,1206500,1081,5348.578946,-4.792220,360.863826,0.000000,0.000000,0.000000,-0.019531,-0.065918,1.008179,-1.183461,-3.650702,40.066666667,13.316666667,40.066666667,28.406666667,9.445555556,28.403333333,1150497131,1150497134,1150497135,1150497137,1150497138,1150497153,1150497153,1150497173
7033,1150224,10,114823,3,1,1,31,0,1206500,1081,5348.578946,-4.792220,360.863907,0.000000,0.000000,0.000000,-0.019775,-0.064697,1.008545,-1.170838,-3.654602,40.066666667,13.316666667,40.066666667,28.406666667,9.445555556,28.403333333,1150507125,1150507128,1150507129,1150507132,1150507132,1150507146,1150507147,1150507166
7048,1150234,10,114824,3,1,1,31,0,1206500,1081,5348.578946,-4.792220,360.863655,0.000000,0.000000,0.000000,-0.019775,-0.062500,1.008301,-1.168490,-3.642321,40.066666667,13.316666667,40.066666667,28.406666667,9.445555556,28.403333333,1150517127,1150517129,1150517130,1150517133,1150517133,1150517146,1150517147,1150517166
7064,1150244,10,114825,3,1,1,31,0,1206500,1081,5348.578946,-4.792220,360.863668,0.000000,0.000000,0.000000,-0.020142,-0.065308,1.009033,-1.158020,-3.643003,40.066666667,13.316666667,40.066666667,28.406666667,9.445555556,28.403333333,1150527126,1150527129,1150527130,1150527132,1150527133,1150527146,1150527147,1150527166
7064,1150254,10,114826,3,1,1,31,0,1206500,1081,5348.578946,-4.792220,360.863719,0.000000,0.000000,0.000000,-0.020752,-0.065674,1.008545,-1.152500,-3.645519,40.066666667,13.316666667,40.066666667,28.406666667,9.445555556,28.403333333,1150537124,1150537126,1150537127,1150537129,1150537130,1150537144,1150537145,1150537164
7080,1150264,10,114827,3,1,1,31,0,1206500,1081,5348.578946,-4.792220,360.863695,0.000000,0.000000,0.000000,-0.021484,-0.064819,1.008789,-1.159540,-3.644366,40.066666667,13.316666667,40.066666667,28.406666667,9.445555556,28.403333333,1150547126,1150547129,1150547129,1150547132,1150547132,1150547146,1150547147,1150547166
7095,1150274,10,114828,3,1,1,31,0,1206500,1081,5348.578946,-4.792220,360.863603,0.000000,0.000000,0.000000,-0.020386,-0.064331,1.009155,-1.153528,-3.639795,40.066666667,13.316666667,40.066666667,28.406666667,9.445555556,28.403333333,1150557125,1150557128,1150557129,1150557132,1150557132,1150557145,1150557146,1150557165
7095,1150284,10,114829,3,1,1,31,0,1206500,1081,5348.578946,-4.792220,360.863754,0.000000,0.000000,0.000000,-0.020752,-0.065918,1.009155,-1.163268,-3.647229,40.066666667,13.316666667,40.066666667,28.406666667,9.445555556,28.403333333,1150567124,1150567127,1150567127,1150567130,1150567131,1150567143,1150567144,1150567163
7111,1150294,10,114830,3,1,1,31,0,1206500,1081,5348.578946,-4.792220,360.864012,0.000000,0.000000,0.000000,-0.021240,-0.065796,1.008545,-1.168322,-3.659853,40.066666667,13.316666667,40.066666667,28.406666667,9.445555556,28.403333333,1150577126,1150577129,1150577130,1150577132,1150577133,1150577146,1150577147,1150577165
7111,1150304,10,114831,3,1,1,31,0,1206500,1081,5348.578946,-4.792220,360.864183,0.000000,0.000000,0.000000,-0.022705,-0.066772,1.006958,-1.181973,-3.668162,40.066666667,13.316666667,40.066666667,28.406666667,9.445555556,28.403333333,1150587126,1150587129,1150587130,1150587132,1150587133,1150587146,1150587146,1150587166
7127,1150314,10,114832,3,1,1,31,0,1206500,1081,5348.578946,-4.792220,360.863998,0.000000,0.000000,0.000000,-0.020508,-0.063232,1.009888,-1.188931,-3.659304,40.066666667,13.316666667,40.066666667,28.406666667,9.445555556,28.403333333,1150597124,1150597127,1150597127,1150597130,1150597131,1150597143,1150597144,1150597163
7143,1150324,10,114833,3,1,1,31,0,1206500,1081,5348.578946,-4.792220,360.864141,0.000000,0.000000,0.000000,-0.019775,-0.066284,1.008057,-1.178135,-3.666192,40.066666667,13.316666667,40.066666667,28.406666667,9.445555556,28.403333333,1150607127,1150607129,1150607130,1150607133,1150607133,1150607146,1150607147,1150607166
7143,1150334,10,114834,3,1,1,31,0,1206500,1081,5348.578946,-4.792220,360.864135,0.000000,0.000000,0.000000,-0.021484,-0.064941,1.008789,-1.182376,-3.665894,40.066666667,13.316666667,40.066666667,28.406666667,9.445555556,28.403333333,1150617125,1150617128,1150617129,1150617131,1150617132,1150617145,1150617146,1150617165
7159,1150344,10,114835,3,1,1,31,0,1206500,1081,5348.578946,-4.792220,360.864142,0.000000,0.000000,0.000000,-0.022339,-0.064453,1.007935,-1.195666,-3.666246,40.066666667,13.316666667,40.066666667,28.406666667,9.445555556,28.403333333,1150627123,1150627126,1150627127,1150627130,1150627130,1150627143,1150627144,1150627163
7174,1150354,10,114836,3,1,1,31,0,1206500,1081,5348.578946,-4.792220,360.863882,0.000000,0.000000,0.000000,-0.021240,-0.063232,1.007080,-1.193716,-3.653815,40.066666667,13.316666667,40.066666667,28.406666667,9.445555556,28.403333333,1150637126,1150637129,1150637129,1150637132,1150637132,1150637145,1150637146,1150637165
7174,1150364,10,114837,3,1,1,31,0,1206500,1081,5348.578946,-4.792220,360.863761,0.000000,0.000000,0.000000,-0.019287,-0.063721,1.008545,-1.180908,-3.648022,40.066666667,13.316666667,40.066666667,28.406666667,9.445555556,28.403333333,1150647125,1150647128,1150647129,1150647131,1150647132,1150647145,1150647146,1150647165
7190,1150374,10,114838,3,1,1,31,0,1206500,1081,5348.578946,-4.792220,360.863586,0.000000,0.000000,0.000000,-0.020264,-0.063843,1.009644,-1.168414,-3.639490,40.066666667,13.316666667,40.066666667,28.406666667,9.445555556,28.403333333,1150657124,1150657126,1150657127,1150657129,1150657130,1150657144,1150657144,1150657163
7205,1150384,10,114839,3,1,1,31,0,1206500,1081,5348.578946,-4.792220,360.863670,0.000000,0.000000,0.000000,-0.021240,-0.064941,1.007690,-1.172079,-3.643565,40.066666667,13.316666667,40.066666667,28.406666667,9.445555556,28.403333333,1150667127,1150667130,1150667131,1150667133,1150667134,1150667147,1150667148,1150667166
7205,1150394,10,114840,3,1,1,31,0,1206500,1081,5348.578946,-4.792220,360.863560,0.000000,0.000000,0.000000,-0.021851,-0.064209,1.009888,-1.180836,-3.638214,40.066666667,13.316666667,40.066666667,28.406666667,9.445555556,28.403333333,1150677126,1150677129,1150677130,1150677132,1150677132,1150677145,1150677146,1150677165
7221,1150404,10,114841,3,1,1,31,0,1206500,1081,5348.578946,-4.792220,360.863592,0.000000,0.000000,0.000000,-0.022461,-0.065552,1.009644,-1.189596,-3.639749,40.066666667,13.316666667,40.066666667,28.406666667,9.445555556,28.403333333,1150687124,1150687127,1150687128,1150687130,1150687131,1150687144,1150687145,1150687164
7221,1150414,10,114842,3,1,1,31,0,1206500,1081,5348.578946,-4.792220,360.863792,0.000000,0.000000,0.000000,-0.022339,-0.065552,1.009644,-1.194291,-3.649346,40.066666667,13.316666667,40.066666667,28.406666667,9.445555556,28.403333333,1150697131,1150697134,1150697135,1150697138,1150697138,1150697153,1150697154,1150697173
7237,1150424,10,114843,3,1,1,31,0,1206500,1081,5348.578946,-4.792220,360.863831,0.000000,0.000000,0.000000,-0.019165,-0.064697,1.009399,-1.186387,-3.651229,40.066666667,13.316666667,40.066666667,28.406666667,9.445555556,28.403333333,1150707127,1150707130,1150707131,1150707133,1150707134,1150707147,1150707148,1150707167
7253,1150434,10,114844,3,1,1,31,0,1206500,1081,5348.578946,-4.792220,360.863737,0.000000,0.000000,0.000000,-0.020996,-0.064697,1.008545,-1.180025,-3.646705,40.066666667,13.316666667,40.066666667,28.406666667,9.445555556,28.403333333,1150717124,1150717127,1150717128,1150717130,1150717131,1150717144,1150717145,1150717165
7253,1150444,10,114845,3,1,1,31,0,1206500,1081,5348.578946,-4.792220,360.863834,0.000000,0.000000,0.000000,-0.020142,-0.064819,1.008911,-1.170866,-3.651407,40.066666667,13.316666667,40.066666667,28.406666667,9.445555556,28.403333333,1150727126,1150727129,1150727130,1150727133,1150727133,1150727147,1150727147,1150727166
7269,1150454,10,114846,3,1,1,31,0,1206500,1081,5348.578946,-4.792220,360.863754,0.000000,0.000000,0.000000,-0.021362,-0.065063,1.009644,-1.168410,-3.647495,40.066666667,13.316666667,40.066666667,28.406666667,9.445555556,28.403333333,1150737126,1150737129,1150737130,1150737132,1150737132,1150737145,1150737146,1150737165
7284,1150464,10,114847,3,1,1,31,0,1206500,1081,5348.578946,-4.792220,360.864003,0.000000,0.000000,0.000000,-0.020264,-0.066162,1.007446,-1.173348,-3.659617,40.066666667,13.316666667,40.066666667,28.406666667,9.445555556,28.403333333,1150747124,1150747127,1150747128,1150747131,1150747131,1150747144,1150747145,1150747165
7284,1150474,10,114848,3,1,1,31,0,1206500,1081,5348.578946,-4.792220,360.863883,0.000000,0.000000,0.000000,-0.019531,-0.064331,1.008545,-1.159597,-3.653737,40.066666667,13.316666667,40.066666667,28.406666667,9.445555556,28.403333333,1150757126,1150757129,1150757130,1150757132,1150757133,1150757146,1150757147,1150757166
7300,1150484,10,114849,3,1,1,31,0,1206500,1081,5348.578946,-4.792220,360.863721,0.000000,0.000000,0.000000,-0.020752,-0.063843,1.008667,-1.159252,-3.645745,40.066666667,13.316666667,40.066666667,28.406666667,9.445555556,28.403333333,1150767126,1150767129,1150767130,1150767132,1150767133,1150767146,1150767147,1150767166
7316,1150494,10,114850,3,1,1,31,0,1206500,1081,5348.578946,-4.792220,360.863646,0.000000,0.000000,0.000000,-0.021851,-0.064087,1.009155,-1.167534,-3.642039,40.066666667,13.316666667,40.066666667,28.406666667,9.445555556,28.403333333,1150777124,1150777127,1150777128,1150777131,1150777131,1150777144,1150777145,1150777164
7316,1150504,10,114851,3,1,1,31,0,1206500,1081,5348.578946,-4.792220,360.863465,0.000000,0.000000,0.000000,-0.019775,-0.063721,1.008179,-1.166665,-3.633209,40.066666667,13.316666667,40.066666667,28.406666667,9.445555556,28.403333333,1150787125,1150787128,1150787129,1150787131,1150787132,1150787145,1150787146,1150787165
7331,1150514,10,114852,3,1,1,31,0,1206500,1081,5348.578946,-4.792220,360.863529,0.000000,0.000000,0.000000,-0.020752,-0.065308,1.009399,-1.169086,-3.636335,40.066666667,13.316666667,40.066666667,28.406666667,9.445555556,28.403333333,1150797126,1150797129,1150797130,1150797132,1150797133,1150797146,1150797147,1150797166
7347,1150524,10,114853,3,1,1,31,0,1206500,1081,5348.578946,-4.792220,360.863669,0.000000,0.000000,0.000000,-0.022705,-0.064819,1.009277,-1.177531,-3.643168,40.066666667,13.316666667,40.066666667,28.406666667,9.445555556,28.403333333,1150807127,1150807130,1150807131,1150807133,1150807134,1150807147,1150807147,1150807167
7347,1150534,10,114854,3,1,1,31,0,1206500,1081,5348.578946,-4.792220,360.863744,0.000000,0.000000,0.000000,-0.020264,-0.065308,1.009399,-1.174453,-3.646822,40.066666667,13.316666667,40.066666667,28.406666667,9.445555556,28.403333333,1150817124,1150817127,1150817128,1150817131,1150817132,1150817144,1150817145,1150817165
7362,1150544,10,114855,3,1,1,31,0,1206500,1081,5348.578946,-4.792220,360.863904,0.000000,0.000000,0.000000,-0.019775,-0.065918,1.009155,-1.171687,-3.654593,40.066666667,13.316666667,40.066666667,28.406666667,9.445555556,28.403333333,1150827126,1150827129,1150827130,1150827133,1150827133,1150827147,1150827147,1150827166
7362,1150554,10,114856,3,1,1,31,0,1206500,1081,5348.578946,-4.792220,360.863809,0.000000,0.000000,0.000000,-0.019165,-0.064453,1.009033,-1.160252,-3.649957,40.066666667,13.316666667,40.066666667,28.406666667,9.445555556,28.403333333,1150837126,1150837129,1150837130,1150837133,1150837133,1150837146,1150837147,1150837166
7378,1150564,10,114857,3,1,1,31,0,1206500,1081,5348.578946,-4.792220,360.863800,0.000000,0.000000,0.000000,-0.019897,-0.064819,1.010132,-1.151998,-3.649501,40.066666667,13.316666667,40.066666667,28.406666667,9.445555556,28.403333333,1150847125,1150847128,1150847129,1150847131,1150847132,1150847145,1150847146,1150847165
7394,1150574,10,114858,3,1,1,31,0,1206500,1081,5348.578946,-4.792220,360.863650,0.000000,0.000000,0.000000,-0.019653,-0.064087,1.008179,-1.149357,-3.642106,40.066666667,13.316666667,40.066666667,28.406666667,9.445555556,28.403333333,1150857127,1150857130,1150857131,1150857133,1150857134,1150857147,1150857148,1150857167
7394,1150584,10,114859,3,1,1,31,0,1206500,1081,5348.578946,-4.792220,360.863720,0.000000,0.000000,0.000000,-0.019775,-0.065918,1.007324,-1.147217,-3.645550,40.066666667,13.316666667,40.066666667,28.406666667,9.445555556,28.403333333,1150867127,1150867129,1150867130,1150867133,1150867133,1150867146,1150867147,1150867166
7409,1150594,10,114860,3,1,1,31,0,1206500,1081,5348.578946,-4.792220,360.863649,0.000000,0.000000,0.000000,-0.020752,-0.064209,1.009155,-1.149780,-3.642017,40.066666667,13.316666667,40.066666667,28.406666667,9.445555556,28.403333333,1150877124,1150877127,1150877128,1150877130,1150877131,1150877144,1150877145,1150877164
7425,1150604,10,114861,3,1,1,31,0,1206500,1081,5348.578946,-4.792220,360.863690,0.000000,0.000000,0.000000,-0.020996,-0.065308,1.010742,-1.159455,-3.644072,40.066666667,13.316666667,40.066666667,28.406666667,9.445555556,28.403333333,1150887127,1150887130,1150887130,1150887133,1150887133,1150887146,1150887147,1150887166
7425,1150614,10,114862,3,1,1,31,0,1206500,1081,5348.578946,-4.792220,360.863657,0.000000,0.000000,0.000000,-0.019653,-0.065674,1.008423,-1.154886,-3.642449,40.066666667,13.316666667,40.066666667,28.406666667,9.445555556,28.403333333,1150897129,1150897132,1150897133,1150897136,1150897136,1150897151,1150897151,1150897171
7439,1150624,10,114863,3,1,1,31,0,1206500,1081,5348.578946,-4.792220,360.863908,0.000000,0.000000,0.000000,-0.021729,-0.065796,1.008911,-1.163321,-3.654794,40.066666667,13.316666667,40.066666667,28.406666667,9.445555556,28.403333333,1150907128,1150907131,1150907131,1150907134,1150907135,1150907148,1150907149,1150907168
7455,1150634,10,114864,3,1,1,31,0,1206500,1081,5348.578946,-4.792220,360.863820,0.000000,0.000000,0.000000,-0.021729,-0.064453,1.008545,-1.172135,-3.650524,40.066666667,13.316666667,40.066666667,28.406666667,9.445555556,28.403333333,1150917128,1150917132,1150917132,1150917134,1150917135,1150917148,1150917149,1150917168
7455,1150644,10,114865,3,1,1,31,0,1206500,1081,5348.578946,-4.792220,360.863872,0.000000,0.000000,0.000000,-0.019897,-0.065796,1.008179,-1.165983,-3.653078,40.066666667,13.316666667,40.066666667,28.406666667,9.445555556,28.403333333,1150927126,1150927130,1150927130,1150927132,1150927133,1150927146,1150927147,1150927166
7471,1150654,10,114866,3,1,1,31,0,1206500,1081,5348.578946,-4.792220,360.863754,0.000000,0.000000,0.000000,-0.020752,-0.064697,1.009521,-1.161196,-3.647267,40.066666667,13.316666667,40.066666667,28.406666667,9.445555556,28.403333333,1150937124,1150937127,1150937128,1150937131,1150937132,1150937144,1150937145,1150937164
7471,1150664,10,114867,3,1,1,31,0,1206500,1081,5348.578946,-4.792220,360.863946,0.000000,0.000000,0.000000,-0.021118,-0.065552,1.008789,-1.165907,-3.656694,40.066666667,13.316666667,40.066666667,28.406666667,9.445555556,28.403333333,1150947127,1150947130,1150947131,1150947133,1150947134,1150947147,1150947148,1150947167
7487,1150674,10,114868,3,1,1,31,0,1206500,1081,5348.578946,-4.792220,360.864089,0.000000,0.000000,0.000000,-0.020264,-0.065552,1.008423,-1.170603,-3.663657,40.066666667,13.316666667,40.066666667,28.406666667,9.445555556,28.403333333,1150957124,1150957126,1150957127,1150957130,1150957130,1150957143,1150957144,1150957163
7504,1150684,10,114869,3,1,1,31,0,1206500,1081,5348.578946,-4.792220,360.864030,0.000000,0.000000,0.000000,-0.020386,-0.064819,1.008179,-1.174074,-3.660801,40.066666667,13.316666667,40.066666667,28.406666667,9.445555556,28.403333333,1150967127,1150967130,1150967131,1150967133,1150967134,1150967147,1150967148,1150967167
7504,1150694,10,114870,3,1,1,31,0,1206500,1081,5348.578946,-4.792220,360.863964,0.000000,0.000000,0.000000,-0.020508,-0.064453,1.008179,-1.173575,-3.657589,40.066666667,13.316666667,40.066666667,28.406666667,9.445555556,28.403333333,1150977127,1150977130,1150977131,1150977133,1150977134,1150977147,1150977148,1150977167
7519,1150704,10,114871,3,1,1,31,0,1206500,1081,5348.578946,-4.792220,360.863943,0.000000,0.000000,0.000000,-0.022217,-0.065552,1.008667,-1.178490,-3.656578,40.066666667,13.316666667,40.066666667,28.406666667,9.445555556,28.403333333,1150987127,1150987130,1150987131,1150987133,1150987134,1150987146,1150987147,1150987166
7534,1150714,10,114872,3,1,1,31,0,1206500,1081,5348.578946,-4.792220,360.864036,0.000000,0.000000,0.000000,-0.021240,-0.065308,1.008911,-1.177479,-3.661065,40.066666667,13.316666667,40.066666667,28.406666667,9.445555556,28.403333333,1150997124,1150997127,1150997128,1150997130,1150997131,1150997144,1150997145,1150997164
7534,1150724,10,114873,3,1,1,31,0,1206500,1081,5348.578946,-4.792220,360.864138,0.000000,0.000000,0.000000,-0.022339,-0.064697,1.009155,-1.183840,-3.666049,40.066666667,13.316666667,40.066666667,28.406666667,9.445555556,28.403333333,1151007127,1151007130,1151007131,1151007133,1151007134,1151007147,1151007147,1151007166
7551,1150734,10,114874,3,1,1,31,0,1206500,1081,5348.578946,-4.792220,360.864167,0.000000,0.000000,0.000000,-0.019653,-0.064819,1.008423,-1.168337,-3.667409,40.066666667,13.316666667,40.066666667,28.406666667,9.445555556,28.403333333,1151017125,1151017128,1151017129,1151017131,1151017131,1151017145,1151017145,1151017164
7567,1150744,10,114875,3,1,1,31,0,1206500,1081,5348.578946,-4.792220,360.864316,0.000000,0.000000,0.000000,-0.020752,-0.066772,1.009277,-1.170592,-3.674671,40.066666667,13.316666667,40.066666667,28.406666667,9.445555556,28.403333333,1151027127,1151027130,1151027130,1151027133,1151027133,1151027146,1151027147,1151027166
7567,1150754,10,114876,3,1,1,31,0,1206500,1081,5348.578946,-4.792220,360.864446,0.000000,0.000000,0.000000,-0.022339,-0.065430,1.007324,-1.180155,-3.681026,40.066666667,13.316666667,40.066666667,28.406666667,9.445555556,28.403333333,1151037126,1151037129,1151037130,1151037132,1151037133,1151037146,1151037147,1151037166
7583,1150764,10,114877,3,1,1,31,0,1206500,1081,5348.578946,-4.792220,360.864465,0.000000,0.000000,0.000000,-0.021240,-0.065308,1.008545,-1.181736,-3.681954,40.066666667,13.316666667,40.066666667,28.406666667,9.445555556,28.403333333,1151047127,1151047130,1151047131,1151047133,1151047134,1151047147,1151047148,1151047166
7583,1150774,10,114878,3,1,1,31,0,1206500,1081,5348.578946,-4.792220,360.864471,0.000000,0.000000,0.000000,-0.020142,-0.065674,1.009521,-1.174436,-3.682237,40.066666667,13.316666667,40.066666667,28.406666667,9.445555556,28.403333333,1151057125,1151057128,1151057129,1151057131,1151057131,1151057145,1151057146,1151057165
7598,1150784,10,114879,3,1,1,31,0,1206500,1081,5348.578946,-4.792220,360.864484,0.000000,0.000000,0.000000,-0.021729,-0.065186,1.008789,-1.182347,-3.682897,40.066666667,13.316666667,40.066666667,28.406666667,9.445555556,28.403333333,1151067128,1151067131,1151067132,1151067134,1151067135,1151067148,1151067149,1151067168
7614,1150794,10,114880,3,1,1,31,0,1206500,1081,5348.578946,-4.792220,360.864440,0.000000,0.000000,0.000000,-0.021118,-0.065186,1.009155,-1.186734,-3.680763,40.066666667,13.316666667,40.066666667,28.406666667,9.445555556,28.403333333,1151077124,1151077127,1151077128,1151077130,1151077131,1151077144,1151077145,1151077164
7614,1150804,10,114881,3,1,1,31,0,1206500,1081,5348.578946,-4.792220,360.864332,0.000000,0.000000,0.000000,-0.021606,-0.065063,1.009766,-1.188900,-3.675579,40.066666667,13.316666667,40.066666667,28.406666667,9.445555556,28.403333333,1151087128,1151087131,1151087131,1151087134,1151087135,1151087148,1151087148,1151087168
7630,1150814,10,114882,3,1,1,31,0,1206500,1081,5348.578946,-4.792220,360.864286,0.000000,0.000000,0.000000,-0.022095,-0.064941,1.009155,-1.195395,-3.673364,40.066666667,13.316666667,40.066666667,28.406666667,9.445555556,28.403333333,1151097132,1151097135,1151097136,1151097139,1151097140,1151097155,1151097156,1151097175
7645,1150824,10,114883,3,1,1,31,0,1206500,1081,5348.578946,-4.792220,360.864737,0.000000,0.000000,0.000000,-0.023071,-0.068359,1.008545,-1.213017,-3.694691,40.066666667,13.316666667,40.066666667,28.406666667,9.445555556,28.403333333,1151107126,1151107129,1151107130,1151107132,1151107133,1151107147,1151107148,1151107167
7645,1150834,10,114884,3,1,1,31,0,1206500,1081,5348.578946,-4.792220,360.864837,0.000000,0.000000,0.000000,-0.020752,-0.066040,1.008667,-1.212710,-3.699410,40.066666667,13.316666667,40.066666667,28.406666667,9.445555556,28.403333333,1151117128,1151117131,1151117131,1151117134,1151117134,1151117148,1151117149,1151117168
7661,1150844,10,114885,3,1,1,31,0,1206500,1081,5348.578946,-4.792220,360.864511,0.000000,0.000000,0.000000,-0.020874,-0.064453,1.008667,-1.207998,-3.684034,40.066666667,13.316666667,40.066666667,28.406666667,9.445555556,28.403333333,1151127128,1151127131,1151127132,1151127134,1151127135,1151127148,1151127149,1151127168
7661,1150854,10,114886,3,1,1,31,0,1206500,1081,5348.578946,-4.792220,360.864266,0.000000,0.000000,0.000000,-0.020996,-0.064575,1.009888,-1.207340,-3.672463,40.066666667,13.316666667,40.066666667,28.406666667,9.445555556,28.403333333,1151137127,1151137130,1151137131,1151137133,1151137134,1151137147,1151137148,1151137167
7677,1150864,10,114887,3,1,1,31,0,1206500,1081,5348.578946,-4.792220,360.864224,0.000000,0.000000,0.000000,-0.020874,-0.064453,1.008301,-1.200635,-3.670450,40.066666667,13.316666667,40.066666667,28.406666667,9.445555556,28.403333333,1151147126,1151147129,1151147129,1151147132,1151147133,1151147146,1151147146,1151147166
7693,1150874,10,114888,3,1,1,31,0,1206500,1081,5348.578946,-4.792220,360.864225,0.000000,0.000000,0.000000,-0.020386,-0.064819,1.008911,-1.194254,-3.670500,40.066666667,13.316666667,40.066666667,28.406666667,9.445555556,28.403333333,1151157127,1151157130,1151157131,1151157133,1151157134,1151157147,1151157148,1151157166
7693,1150884,10,114889,3,1,1,31,0,1206500,1081,5348.578946,-4.792220,360.864058,0.000000,0.000000,0.000000,-0.020264,-0.065063,1.008423,-1.187317,-3.662533,40.066666667,13.316666667,40.066666667,28.406666667,9.445555556,28.403333333,1151167124,1151167127,1151167128,1151167130,1151167131,1151167144,1151167145,1151167164
7709,1150894,10,114890,3,1,1,31,0,1206500,1081,5348.578946,-4.792220,360.863982,0.000000,0.000000,0.000000,-0.020386,-0.063965,1.008423,-1.181079,-3.658842,40.066666667,13.316666667,40.066666667,28.406666667,9.445555556,28.403333333,1151177127,1151177130,1151177131,1151177134,1151177134,1151177147,1151177148,1151177167
7724,1150904,10,114891,3,1,1,31,0,1206500,1081,5348.578946,-4.792220,360.863886,0.000000,0.000000,0.000000,-0.019897,-0.064819,1.009033,-1.173382,-3.654225,40.066666667,13.316666667,40.066666667,28.406666667,9.445555556,28.403333333,1151187127,1151187130,1151187131,1151187133,1151187134,1151187147,1151187148,1151187167
7724,1150914,10,114892,3,1,1,31,0,1206500,1081,5348.578946,-4.792220,360.864130,0.000000,0.000000,0.000000,-0.020264,-0.065552,1.008911,-1.167161,-3.666122,40.066666667,13.316666667,40.066666667,28.406666667,9.445555556,28.403333333,1151197125,1151197128,1151197129,1151197131,1151197132,1151197145,1151197145,1151197165
7740,1150924,10,114893,3,1,1,31,0,1206500,1081,5348.578946,-4.792220,360.864093,0.000000,0.000000,0.000000,-0.021362,-0.064819,1.009521,-1.167463,-3.664310,40.066666667,13.316666667,40.066666667,28.406666667,9.445555556,28.403333333,1151207127,1151207130,1151207131,1151207133,1151207134,1151207147,1151207147,1151207166
7756,1150934,10,114894,3,1,1,31,0,1206500,1081,5348.578946,-4.792220,360.863869,0.000000,0.000000,0.000000,-0.021729,-0.063477,1.008179,-1.179375,-3.653391,40.066666667,13.316666667,40.066666667,28.406666667,9.445555556,28.403333333,1151217127,1151217130,1151217131,1151217134,1151217134,1151217147,1151217148,1151217167
7756,1150944,10,114895,3,1,1,31,0,1206500,1081,5348.578946,-4.792220,360.863984,0.000000,0.000000,0.000000,-0.020386,-0.066284,1.006714,-1.177379,-3.658979,40.066666667,13.316666667,40.066666667,28.406666667,9.445555556,28.403333333,1151227124,1151227127,1151227128,1151227131,1151227131,1151227144,1151227145,1151227164
7772,1150954,10,114896,3,1,1,31,0,1206500,1081,5348.578946,-4.792220,360.863964,0.000000,0.000000,0.000000,-0.020386,-0.064575,1.007812,-1.178582,-3.658032,40.066666667,13.316666667,40.066666667,28.406666667,9.445555556,28.403333333,1151237127,1151237130,1151237131,1151237133,1151237134,1151237147,1151237148,1151237167
7772,1150964,10,114897,3,1,1,31,0,1206500,1081,5348.578946,-4.792220,360.863935,0.000000,0.000000,0.000000,-0.020508,-0.064941,1.010132,-1.172587,-3.656596,40.066666667,13.316666667,40.066666667,28.406666667,9.445555556,28.403333333,1151247127,1151247130,1151247131,1151247134,1151247135,1151247148,1151247149,1151247167
7787,1150974,10,114898,3,1,1,31,0,1206500,1081,5348.578946,-4.792220,360.863992,0.000000,0.000000,0.000000,-0.021118,-0.065674,1.010254,-1.178523,-3.659390,40.066666667,13.316666667,40.066666667,28.406666667,9.445555556,28.403333333,1151257125,1151257127,1151257128,1151257131,1151257131,1151257144,1151257145,1151257164
7802,1150984,10,114899,3,1,1,31,0,1206500,1081,5348.578946,-4.792220,360.863959,0.000000,0.000000,0.000000,-0.020386,-0.065186,1.009033,-1.175832,-3.657783,40.066666667,13.316666667,40.066666667,28.406666667,9.445555556,28.403333333,1151267128,1151267131,1151267132,1151267134,1151267135,1151267148,1151267148,1151267167
7802,1150994,10,114900,3,1,1,31,0,1206500,1081,5348.578946,-4.792220,360.863986,0.000000,0.000000,0.000000,-0.021606,-0.065186,1.008789,-1.180548,-3.659097,40.066666667,13.316666667,40.066666667,28.406666667,9.445555556,28.403333333,1151277127,1151277130,1151277131,1151277133,1151277134,1151277147,1151277148,1151277167
7818,1151004,10,114901,3,1,1,31,0,1206500,1081,5348.578946,-4.792220,360.864005,0.000000,0.000000,0.000000,-0.021484,-0.064575,1.008911,-1.182695,-3.659985,40.066666667,13.316666667,40.066666667,28.406666667,9.445555556,28.403333333,1151287125,1151287128,1151287129,1151287132,1151287132,1151287145,1151287146,1151287165
7834,1151014,10,114902,3,1,1,31,0,1206500,1081,5348.578946,-4.792220,360.863876,0.000000,0.000000,0.000000,-0.020508,-0.064209,1.009766,-1.175982,-3.653777,40.066666667,13.316666667,40.066666667,28.406666667,9.445555556,28.403333333,1151297133,1151297136,1151297137,1151297140,1151297140,1151297155,1151297156,1151297175
7834,1151024,10,114903,3,1,1,31,0,1206500,1081,5348.578946,-4.792220,360.863663,0.000000,0.000000,0.000000,-0.021118,-0.063599,1.008789,-1.172581,-3.643364,40.066666667,13.316666667,40.066666667,28.406666667,9.445555556,28.403333333,1151307128,1151307131,1151307132,1151307134,1151307135,1151307148,1151307149,1151307168
7849,1151034,10,114904,3,1,1,31,0,1206500,1081,5348.578946,-4.792220,360.863581,0.000000,0.000000,0.000000,-0.021484,-0.063354,1.008057,-1.176031,-3.639395,40.066666667,13.316666667,40.066666667,28.406666667,9.445555556,28.403333333,1151317127,1151317130,1151317131,1151317133,1151317134,1151317147,1151317148,1151317167
7865,1151044,10,114905,3,1,1,31,0,1206500,1081,5348.578946,-4.792220,360.863644,0.000000,0.000000,0.000000,-0.018311,-0.064941,1.008545,-1.160304,-3.642459,40.066666667,13.316666667,40.066666667,28.406666667,9.445555556,28.403333333,1151327126,1151327129,1151327130,1151327132,1151327133,1151327146,1151327147,1151327166
7865,1151054,10,114906,3,1,1,31,0,1206500,1081,5348.578946,-4.792220,360.863546,0.000000,0.000000,0.000000,-0.019531,-0.063965,1.008179,-1.149309,-3.637626,40.066666667,13.316666667,40.066666667,28.406666667,9.445555556,28.403333333,1151337127,1151337130,1151337131,1151337134,1151337134,1151337147,1151337148,1151337167
7881,1151064,10,114907,3,1,1,31,0,1206500,1081,5348.578946,-4.792220,360.863488,0.000000,0.000000,0.000000,-0.022217,-0.065430,1.007812,-1.161898,-3.634736,40.066666667,13.316666667,40.066666667,28.406666667,9.445555556,28.403333333,1151347125,1151347128,1151347129,1151347131,1151347132,1151347145,1151347146,1151347165
7881,1151074,10,114908,3,1,1,31,0,1206500,1081,5348.578946,-4.792220,360.863429,0.000000,0.000000,0.000000,-0.022095,-0.064575,1.008423,-1.178446,-3.631809,40.066666667,13.316666667,40.066666667,28.406666667,9.445555556,28.403333333,1151357128,1151357131,1151357132,1151357134,1151357135,1151357148,1151357149,1151357168
7896,1151084,10,114909,3,1,1,31,0,1206500,1081,5348.578946,-4.792220,360.863549,0.000000,0.000000,0.000000,-0.020996,-0.065552,1.008423,-1.177429,-3.637634,40.066666667,13.316666667,40.066666667,28.406666667,9.445555556,28.403333333,1151367127,1151367130,1151367131,1151367133,1151367134,1151367147,1151367148,1151367167
7912,1151094,10,114910,3,1,1,31,0,1206500,1081,5348.578946,-4.792220,360.863743,0.000000,0.000000,0.000000,-0.020142,-0.065552,1.009521,-1.176079,-3.647041,40.066666667,13.316666667,40.066666667,28.406666667,9.445555556,28.403333333,1151377128,1151377131,1151377131,1151377134,1151377134,1151377148,1151377149,1151377168
7912,1151104,10,114911,3,1,1,31,0,1206500,1081,5348.578946,-4.792220,360.863949,0.000000,0.000000,0.000000,-0.020142,-0.064209,1.007935,-1.173429,-3.657050,40.066666667,13.316666667,40.066666667,28.406666667,9.445555556,28.403333333,1151387126,1151387129,1151387130,1151387132,1151387133,1151387146,1151387146,1151387166
7928,1151114,10,114912,3,1,1,31,0,1206500,1081,5348.578946,-4.792220,360.863878,0.000000,0.000000,0.000000,-0.021973,-0.064819,1.009277,-1.180897,-3.653609,40.066666667,13.316666667,40.066666667,28.406666667,9.445555556,28.403333333,1151397127,1151397130,1151397131,1151397133,1151397134,1151397147,1151397148,1151397167
7944,1151124,10,114913,3,1,1,31,0,1206500,1081,5348.578946,-4.792220,360.863892,0.000000,0.000000,0.000000,-0.020874,-0.065186,1.008911,-1.185388,-3.654266,40.066666667,13.316666667,40.066666667,28.406666667,9.445555556,28.403333333,1151407125,1151407128,1151407129,1151407132,1151407132,1151407145,1151407146,1151407165
7944,1151134,10,114914,3,1,1,31,0,1206500,1081,5348.578946,-4.792220,360.863819,0.000000,0.000000,0.000000,-0.020386,-0.064819,1.009644,-1.179197,-3.650763,40.066666667,13.316666667,40.066666667,28.406666667,9.445555556,28.403333333,1151417127,1151417130,1151417131,1151417133,1151417134,1151417147,1151417148,1151417167
7960,1151144,10,114915,3,1,1,31,0,1206500,1081,5348.578946,-4.792220,360.863637,0.000000,0.000000,0.000000,-0.020142,-0.063721,1.010010,-1.171793,-3.641900,40.066666667,13.316666667,40.066666667,28.406666667,9.445555556,28.403333333,1151427128,1151427131,1151427132,1151427134,1151427135,1151427148,1151427149,1151427168
7975,1151154,10,114916,3,1,1,31,0,1206500,1081,5348.578946,-4.792220,360.864010,0.000000,0.000000,0.000000,-0.020752,-0.067383,1.009033,-1.170460,-3.660076,40.066666667,13.316666667,40.066666667,28.406666667,9.445555556,28.403333333,1151437128,1151437131,1151437131,1151437134,1151437134,1151437147,1151437148,1151437167
7975,1151164,10,114917,3,1,1,31,0,1206500,1081,5348.578946,-4.792220,360.864046,0.000000,0.000000,0.000000,-0.020142,-0.065552,1.007690,-1.166519,-3.661838,40.066666667,13.316666667,40.066666667,28.406666667,9.445555556,28.403333333,1151447125,1151447128,1151447129,1151447131,1151447132,1151447145,1151447145,1151447164
7990,1151174,10,114918,3,1,1,31,0,1206500,1081,5348.578946,-4.792220,360.863829,0.000000,0.000000,0.000000,-0.020264,-0.063965,1.008667,-1.159833,-3.651192,40.066666667,13.316666667,40.066666667,28.406666667,9.445555556,28.403333333,1151457128,1151457131,1151457131,1151457134,1151457134,1151457148,1151457148,1151457167
8006,1151184,10,114919,3,1,1,31,0,1206500,1081,5348.578946,-4.792220,360.863992,0.000000,0.000000,0.000000,-0.019409,-0.066406,1.009277,-1.157295,-3.659201,40.066666667,13.316666667,40.066666667,28.406666667,9.445555556,28.403333333,1151467128,1151467130,1151467131,1151467133,1151467134,1151467147,1151467148,1151467167
8006,1151194,10,114920,3,1,1,31,0,1206500,1081,5348.578946,-4.792220,360.864073,0.000000,0.000000,0.000000,-0.022705,-0.065308,1.009399,-1.171640,-3.663229,40.066666667,13.316666667,40.066666667,28.406666667,9.445555556,28.403333333,1151477125,1151477128,1151477129,1151477132,1151477132,1151477145,1151477146,1151477165
8022,1151204,10,114921,3,1,1,31,0,1206500,1081,5348.578946,-4.792220,360.864038,0.000000,0.000000,0.000000,-0.021484,-0.064819,1.009033,-1.171852,-3.661473,40.066666667,13.316666667,40.066666667,28.406666667,9.445555556,28.403333333,1151487127,1151487130,1151487131,1151487134,1151487135,1151487147,1151487148,1151487167
8022,1151214,10,114922,3,1,1,31,0,1206500,1081,5348.578946,-4.792220,360.863522,0.000000,0.000000,0.000000,-0.019653,-0.061768,1.008667,-1.169905,-3.636385,40.066666667,13.316666667,40.066666667,28.406666667,9.445555556,28.403333333,1151497133,1151497136,1151497137,1151497139,1151497140,1151497155,1151497156,1151497175
8037,1151224,10,114923,3,1,1,31,0,1206500,1081,5348.578946,-4.792220,360.863343,0.000000,0.000000,0.000000,-0.021729,-0.064941,1.009766,-1.166650,-3.627601,40.066666667,13.316666667,40.066666667,28.406666667,9.445555556,28.403333333,1151507127,1151507130,1151507131,1151507134,1151507134,1151507148,1151507149,1151507168
8052,1151234,10,114924,3,1,1,31,0,1206500,1081,5348.578946,-4.792220,360.863436,0.000000,0.000000,0.000000,-0.020996,-0.064819,1.009155,-1.162461,-3.632183,40.066666667,13.316666667,40.066666667,28.406666667,9.445555556,28.403333333,1151517128,1151517131,1151517132,1151517134,1151517135,1151517148,1151517149,1151517168
8052,1151244,10,114925,3,1,1,31,0,1206500,1081,5348.578946,-4.792220,360.863665,0.000000,0.000000,0.000000,-0.019775,-0.065796,1.008423,-1.157878,-3.643405,40.066666667,13.316666667,40.066666667,28.406666667,9.445555556,28.403333333,1151527129,1151527132,1151527133,1151527135,1151527136,1151527148,1151527149,1151527168
8068,1151254,10,114926,3,1,1,31,0,1206500,1081,5348.578946,-4.792220,360.863746,0.000000,0.000000,0.000000,-0.019409,-0.064819,1.007812,-1.151168,-3.647445,40.066666667,13.316666667,40.066666667,28.406666667,9.445555556,28.403333333,1151537125,1151537128,1151537129,1151537132,1151537132,1151537145,1151537146,1151537165
8084,1151264,10,114927,3,1,1,31,0,1206500,1081,5348.578946,-4.792220,360.863847,0.000000,0.000000,0.000000,-0.019287,-0.065430,1.008423,-1.141529,-3.652440,40.066666667,13.316666667,40.066666667,28.406666667,9.445555556,28.403333333,1151547128,1151547131,1151547132,1151547134,1151547135,1151547148,1151547149,1151547168
8084,1151274,10,114928,3,1,1,31,0,1206500,1081,5348.578946,-4.792220,360.863859,0.000000,0.000000,0.000000,-0.021729,-0.064819,1.007690,-1.149139,-3.653083,40.066666667,13.316666667,40.066666667,28.406666667,9.445555556,28.403333333,1151557127,1151557130,1151557131,1151557134,1151557134,1151557147,1151557148,1151557167
8099,1151284,10,114929,3,1,1,31,0,1206500,1081,5348.578946,-4.792220,360.863913,0.000000,0.000000,0.000000,-0.020386,-0.064941,1.008545,-1.147879,-3.655755,40.066666667,13.316666667,40.066666667,28.406666667,9.445555556,28.403333333,1151567126,1151567129,1151567129,1151567132,1151567132,1151567146,1151567146,1151567165
8114,1151294,10,114930,3,1,1,31,0,1206500,1081,5348.578946,-4.792220,360.863711,0.000000,0.000000,0.000000,-0.020020,-0.063110,1.009644,-1.144201,-3.645675,40.066666667,13.316666667,40.066666667,28.406666667,9.445555556,28.403333333,1151577127,1151577130,1151577131,1151577133,1151577134,1151577147,1151577148,1151577167
8114,1151304,10,114931,3,1,1,31,0,1206500,1081,5348.578946,-4.792220,360.863562,0.000000,0.000000,0.000000,-0.018921,-0.064697,1.008789,-1.137328,-3.638233,40.066666667,13.316666667,40.066666667,28.406666667,9.445555556,28.403333333,1151587128,1151587131,1151587132,1151587134,1151587135,1151587148,1151587149,1151587168
8130,1151314,10,114932,3,1,1,31,0,1206500,1081,5348.578946,-4.792220,360.863581,0.000000,0.000000,0.000000,-0.020630,-0.064575,1.009888,-1.134498,-3.639195,40.066666667,13.316666667,40.066666667,28.406666667,9.445555556,28.403333333,1151597126,1151597129,1151597130,1151597132,1151597133,1151597146,1151597147,1151597166
8145,1151324,10,114933,3,1,1,31,0,1206500,1081,5348.578946,-4.792220,360.863753,0.000000,0.000000,0.000000,-0.020508,-0.065430,1.007568,-1.141524,-3.647853,40.066666667,13.316666667,40.066666667,28.406666667,9.445555556,28.403333333,1151607127,1151607130,1151607131,1151607134,1151607134,1151607147,1151607148,1151607167
8145,1151334,10,114934,3,1,1,31,0,1206500,1081,5348.578946,-4.792220,360.863684,0.000000,0.000000,0.000000,-0.021484,-0.064331,1.010010,-1.147928,-3.644394,40.066666667,13.316666667,40.066666667,28.406666667,9.445555556,28.403333333,1151617126,1151617129,1151617130,1151617132,1151617133,1151617146,1151617147,1151617166
8162,1151344,10,114935,3,1,1,31,0,1206500,1081,5348.578946,-4.792220,360.863539,0.000000,0.000000,0.000000,-0.021729,-0.064453,1.009521,-1.155074,-3.637183,40.066666667,13.316666667,40.066666667,28.406666667,9.445555556,28.403333333,1151627128,1151627131,1151627132,1151627134,1151627135,1151627148,1151627149,1151627168
8162,1151354,10,114936,3,1,1,31,0,1206500,1081,5348.578946,-4.792220,360.863598,0.000000,0.000000,0.000000,-0.021973,-0.064697,1.009277,-1.164634,-3.640099,40.066666667,13.316666667,40.066666667,28.406666667,9.445555556,28.403333333,1151637128,1151637131,1151637132,1151637134,1151637135,1151637148,1151637149,1151637168
8176,1151364,10,114937,3,1,1,31,0,1206500,1081,5348.578946,-4.792220,360.863295,0.000000,0.000000,0.000000,-0.022095,-0.062622,1.009399,-1.175739,-3.625297,40.066666667,13.316666667,40.066666667,28.406666667,9.445555556,28.403333333,1151647128,1151647131,1151647132,1151647134,1151647135,1151647148,1151647148,1151647167
8192,1151374,10,114938,3,1,1,31,0,1206500,1081,5348.578946,-4.792220,360.863268,0.000000,0.000000,0.000000,-0.020630,-0.064087,1.008911,-1.178168,-3.624007,40.066666667,13.316666667,40.066666667,28.406666667,9.445555556,28.403333333,1151657126,1151657129,1151657130,1151657132,1151657133,1151657146,1151657147,1151657165
8192,1151384,10,114939,3,1,1,31,0,1206500,1081,5348.578946,-4.792220,360.863116,0.000000,0.000000,0.000000,-0.020996,-0.063232,1.008789,-1.178971,-3.616640,40.066666667,13.316666667,40.066666667,28.406666667,9.445555556,28.403333333,1151667127,1151667130,1151667131,1151667133,1151667134,1151667147,1151667148,1151667167
8208,1151394,10,114940,3,1,1,31,0,1206500,1081,5348.578946,-4.792220,360.863306,0.000000,0.000000,0.000000,-0.020752,-0.065918,1.009033,-1.180074,-3.625833,40.066666667,13.316666667,40.066666667,28.406666667,9.445555556,28.403333333,1151677126,1151677129,1151677130,1151677132,1151677133,1151677145,1151677146,1151677165
8223,1151404,10,114941,3,1,1,31,0,1206500,1081,5348.578946,-4.792220,360.863283,0.000000,0.000000,0.000000,-0.021484,-0.063843,1.009644,-1.186266,-3.624716,40.066666667,13.316666667,40.066666667,28.406666667,9.445555556,28.403333333,1151687129,1151687132,1151687133,1151687135,1151687136,1151687149,1151687150,1151687169
8223,1151414,10,114942,3,1,1,31,0,1206500,1081,5348.578946,-4.792220,360.863494,0.000000,0.000000,0.000000,-0.021606,-0.066528,1.008179,-1.184733,-3.634940,40.066666667,13.316666667,40.066666667,28.406666667,9.445555556,28.403333333,1151697133,1151697136,1151697137,1151697139,1151697140,1151697155,1151697156,1151697176
8239,1151424,10,114943,3,1,1,31,0,1206500,1081,5348.578946,-4.792220,360.863632,0.000000,0.000000,0.000000,-0.021240,-0.064941,1.009155,-1.186121,-3.641566,40.066666667,13.316666667,40.066666667,28.406666667,9.445555556,28.403333333,1151707129,1151707132,1151707133,1151707136,1151707137,1151707150,1151707151,1151707170
8254,1151434,10,114944,3,1,1,31,0,1206500,1081,5348.578946,-4.792220,360.863707,0.000000,0.000000,0.000000,-0.019287,-0.064941,1.009033,-1.172246,-3.645174,40.066666667,13.316666667,40.066666667,28.406666667,9.445555556,28.403333333,1151717126,1151717129,1151717130,1151717132,1151717133,1151717146,1151717147,1151717166
8254,1151444,10,114945,3,1,1,31,0,1206500,1081,5348.578946,-4.792220,360.863557,0.000000,0.000000,0.000000,-0.020386,-0.063110,1.009277,-1.167886,-3.637883,40.066666667,13.316666667,40.066666667,28.406666667,9.445555556,28.403333333,1151727129,1151727132,1151727133,1151727136,1151727136,1151727149,1151727150,1151727169
8271,1151454,10,114946,3,1,1,31,0,1206500,1081,5348.578946,-4.792220,360.863519,0.000000,0.000000,0.000000,-0.020752,-0.065308,1.009277,-1.169623,-3.635996,40.066666667,13.316666667,40.066666667,28.406666667,9.445555556,28.403333333,1151737128,1151737131,1151737132,1151737134,1151737135,1151737148,1151737149,1151737168
8286,1151464,10,114947,3,1,1,31,0,1206500,1081,5348.578946,-4.792220,360.863768,0.000000,0.000000,0.000000,-0.020752,-0.065552,1.007690,-1.168377,-3.648150,40.066666667,13.316666667,40.066666667,28.406666667,9.445555556,28.403333333,1151747127,1151747130,1151747131,1151747133,1151747134,1151747147,1151747148,1151747167
8286,1151474,10,114948,3,1,1,31,0,1206500,1081,5348.578946,-4.792220,360.863564,0.000000,0.000000,0.000000,-0.019409,-0.063599,1.010376,-1.159246,-3.638169,40.066666667,13.316666667,40.066666667,28.406666667,9.445555556,28.403333333,1151757128,1151757131,1151757132,1151757134,1151757135,1151757148,1151757148,1151757167
8301,1151484,10,114949,3,1,1,31,0,1206500,1081,5348.578946,-4.792220,360.863268,0.000000,0.000000,0.000000,-0.020386,-0.063477,1.008179,-1.155549,-3.623548,40.066666667,13.316666667,40.066666667,28.406666667,9.445555556,28.403333333,1151767128,1151767131,1151767132,1151767135,1151767136,1151767149,1151767150,1151767168
8316,1151494,10,114950,3,1,1,31,0,1206500,1081,5348.578946,-4.792220,360.863316,0.000000,0.000000,0.000000,-0.020020,-0.064087,1.008667,-1.152313,-3.625921,40.066666667,13.316666667,40.066666667,28.406666667,9.445555556,28.403333333,1151777126,1151777129,1151777130,1151777132,1151777133,1151777146,1151777146,1151777166
8316,1151504,10,114951,3,1,1,31,0,1206500,1081,5348.578946,-4.792220,360.863127,0.000000,0.000000,0.000000,-0.021851,-0.064575,1.008301,-1.156838,-3.616551,40.066666667,13.316666667,40.066666667,28.406666667,9.445555556,28.403333333,1151787129,1151787131,1151787132,1151787135,1151787135,1151787148,1151787149,1151787167
8332,1151514,10,114952,3,1,1,31,0,1206500,1081,5348.578946,-4.792220,360.863206,0.000000,0.000000,0.000000,-0.021362,-0.065430,1.008423,-1.158489,-3.620484,40.066666667,13.316666667,40.066666667,28.406666667,9.445555556,28.403333333,1151797129,1151797132,1151797132,1151797135,1151797135,1151797148,1151797149,1151797168
8332,1151524,10,114953,3,1,1,31,0,1206500,1081,5348.578946,-4.792220,360.863433,0.000000,0.000000,0.000000,-0.021851,-0.065674,1.008423,-1.169243,-3.631569,40.066666667,13.316666667,40.066666667,28.406666667,9.445555556,28.403333333,1151807126,1151807129,1151807130,1151807132,1151807133,1151807146,1151807147,1151807166
8348,1151534,10,114954,3,1,1,31,0,1206500,1081,5348.578946,-4.792220,360.863454,0.000000,0.000000,0.000000,-0.020386,-0.064453,1.009277,-1.166614,-3.632623,40.066666667,13.316666667,40.066666667,28.406666667,9.445555556,28.403333333,1151817128,1151817131,1151817132,1151817134,1151817135,1151817148,1151817149,1151817168
8363,1151544,10,114955,3,1,1,31,0,1206500,1081,5348.578946,-4.792220,360.863587,0.000000,0.000000,0.000000,-0.021851,-0.064941,1.009521,-1.170665,-3.639111,40.066666667,13.316666667,40.066666667,28.406666667,9.445555556,28.403333333,1151827127,1151827130,1151827131,1151827133,1151827134,1151827147,1151827147,1151827166
8363,1151554,10,114956,3,1,1,31,0,1206500,1081,5348.578946,-4.792220,360.863507,0.000000,0.000000,0.000000,-0.020386,-0.063965,1.008911,-1.172109,-3.635247,40.066666667,13.316666667,40.066666667,28.406666667,9.445555556,28.403333333,1151837128,1151837131,1151837132,1151837134,1151837135,1151837147,1151837148,1151837167
8379,1151564,10,114957,3,1,1,31,0,1206500,1081,5348.578946,-4.792220,360.863345,0.000000,0.000000,0.000000,-0.021484,-0.063477,1.009399,-1.168917,-3.627292,40.066666667,13.316666667,40.066666667,28.406666667,9.445555556,28.403333333,1151847128,1151847131,1151847132,1151847134,1151847135,1151847148,1151847148,1151847167
8394,1151574,10,114958,3,1,1,31,0,1206500,1081,5348.578946,-4.792220,360.863337,0.000000,0.000000,0.000000,-0.020752,-0.063843,1.007812,-1.162222,-3.626915,40.066666667,13.316666667,40.066666667,28.406666667,9.445555556,28.403333333,1151857128,1151857131,1151857132,1151857134,1151857135,1151857148,1151857149,1151857168
8394,1151584,10,114959,3,1,1,31,0,1206500,1081,5348.578946,-4.792220,360.863273,0.000000,0.000000,0.000000,-0.020874,-0.063965,1.007935,-1.165127,-3.623759,40.066666667,13.316666667,40.066666667,28.406666667,9.445555556,28.403333333,1151867127,1151867130,1151867130,1151867133,1151867134,1151867147,1151867147,1151867166
8409,1151594,10,114960,3,1,1,31,0,1206500,1081,5348.578946,-4.792220,360.863250,0.000000,0.000000,0.000000,-0.023071,-0.064453,1.008301,-1.178095,-3.622632,40.066666667,13.316666667,40.066666667,28.406666667,9.445555556,28.403333333,1151877128,1151877131,1151877132,1151877134,1151877135,1151877148,1151877149,1151877168
8425,1151604,10,114961,3,1,1,31,0,1206500,1081,5348.578946,-4.792220,360.863250,0.000000,0.000000,0.000000,-0.021118,-0.063965,1.008423,-1.185827,-3.622670,40.066666667,13.316666667,40.066666667,28.406666667,9.445555556,28.403333333,1151887126,1151887129,1151887130,1151887133,1151887133,1151887146,1151887147,1151887166
8425,1151614,10,114962,3,1,1,31,0,1206500,1081,5348.578946,-4.792220,360.863424,0.000000,0.000000,0.000000,-0.020752,-0.065186,1.008667,-1.186064,-3.631026,40.066666667,13.316666667,40.066666667,28.406666667,9.445555556,28.403333333,1151897134,1151897137,1151897138,1151897141,1151897141,1151897156,1151897157,1151897176
8440,1151624,10,114963,3,1,1,31,0,1206500,1081,5348.578946,-4.792220,360.863451,0.000000,0.000000,0.000000,-0.020020,-0.064087,1.009033,-1.180870,-3.632294,40.066666667,13.316666667,40.066666667,28.406666667,9.445555556,28.403333333,1151907130,1151907133,1151907133,1151907136,1151907137,1151907150,1151907151,1151907170
8456,1151634,10,114964,3,1,1,31,0,1206500,1081,5348.578946,-4.792220,360.863407,0.000000,0.000000,0.000000,-0.020996,-0.064209,1.008057,-1.184638,-3.630196,40.066666667,13.316666667,40.066666667,28.406666667,9.445555556,28.403333333,1151917129,1151917132,1151917133,1151917135,1151917136,1151917149,1151917150,1151917170
8456,1151644,10,114965,3,1,1,31,0,1206500,1081,5348.578946,-4.792220,360.863363,0.000000,0.000000,0.000000,-0.020874,-0.063354,1.008545,-1.186553,-3.628074,40.066666667,13.316666667,40.066666667,28.406666667,9.445555556,28.403333333,1151927127,1151927130,1151927131,1151927134,1151927134,1151927147,1151927148,1151927167
8471,1151654,10,114966,3,1,1,31,0,1206500,1081,5348.578946,-4.792220,360.863668,0.000000,0.000000,0.000000,-0.020752,-0.066162,1.009399,-1.182731,-3.642794,40.066666667,13.316666667,40.066666667,28.406666667,9.445555556,28.403333333,1151937129,1151937132,1151937133,1151937135,1151937135,1151937149,1151937149,1151937168
8487,1151664,10,114967,3,1,1,31,0,1206500,1081,5348.578946,-4.792220,360.863718,0.000000,0.000000,0.000000,-0.022705,-0.064331,1.008179,-1.194675,-3.645226,40.066666667,13.316666667,40.066666667,28.406666667,9.445555556,28.403333333,1151947127,1151947130,1151947130,1151947133,1151947133,1151947146,1151947147,1151947166
8487,1151674,10,114968,3,1,1,31,0,1206500,1081,5348.578946,-4.792220,360.863634,0.000000,0.000000,0.000000,-0.020996,-0.064453,1.007690,-1.196092,-3.641185,40.066666667,13.316666667,40.066666667,28.406666667,9.445555556,28.403333333,1151957129,1151957132,1151957132,1151957135,1151957135,1151957149,1151957149,1151957168
8502,1151684,10,114969,3,1,1,31,0,1206500,1081,5348.578946,-4.792220,360.863749,0.000000,0.000000,0.000000,-0.020020,-0.065430,1.008667,-1.187516,-3.646686,40.066666667,13.316666667,40.066666667,28.406666667,9.445555556,28.403333333,1151967129,1151967132,1151967133,1151967135,1151967136,1151967149,1151967150,1151967168
8502,1151694,10,114970,3,1,1,31,0,1206500,1081,5348.578946,-4.792220,360.863672,0.000000,0.000000,0.000000,-0.020874,-0.064575,1.008911,-1.184255,-3.643023,40.066666667,13.316666667,40.066666667,28.406666667,9.445555556,28.403333333,1151977128,1151977131,1151977132,1151977134,1151977135,1151977148,1151977149,1151977168
8518,1151704,10,114971,3,1,1,31,0,1206500,1081,5348.578946,-4.792220,360.863672,0.000000,0.000000,0.000000,-0.020630,-0.065430,1.007935,-1.182094,-3.643025,40.066666667,13.316666667,40.066666667,28.406666667,9.445555556,28.403333333,1151987127,1151987130,1151987131,1151987133,1151987134,1151987147,1151987148,1151987166
8534,1151714,10,114972,3,1,1,31,0,1206500,1081,5348.578946,-4.792220,360.863529,0.000000,0.000000,0.000000,-0.020752,-0.062378,1.007568,-1.181532,-3.636094,40.066666667,13.316666667,40.066666667,28.406666667,9.445555556,28.403333333,1151997128,1151997131,1151997132,1151997134,1151997134,1151997148,1151997148,1151997167
8534,1151724,10,114973,3,1,1,31,0,1206500,1081,5348.578946,-4.792220,360.863740,0.000000,0.000000,0.000000,-0.020874,-0.065552,1.009644,-1.179754,-3.646305,40.066666667,13.316666667,40.066666667,28.406666667,9.445555556,28.403333333,1152007126,1152007129,1152007130,1152007133,1152007134,1152007146,1152007147,1152007166
8550,1151734,10,114974,3,1,1,31,0,1206500,1081,5348.578946,-4.792220,360.863820,0.000000,0.000000,0.000000,-0.020874,-0.065430,1.009155,-1.177732,-3.650169,40.066666667,13.316666667,40.066666667,28.406666667,9.445555556,28.403333333,1152017129,1152017132,1152017133,1152017136,1152017136,1152017149,1152017150,1152017169
8565,1151744,10,114975,3,1,1,31,0,1206500,1081,5348.578946,-4.792220,360.863845,0.000000,0.000000,0.000000,-0.021973,-0.065674,1.008667,-1.180621,-3.651402,40.066666667,13.316666667,40.066666667,28.406666667,9.445555556,28.403333333,1152027129,1152027132,1152027133,1152027135,1152027136,1152027149,1152027150,1152027169
8565,1151754,10,114976,3,1,1,31,0,1206500,1081,5348.578946,-4.792220,360.863906,0.000000,0.000000,0.000000,-0.021118,-0.065063,1.008545,-1.183141,-3.654341,40.066666667,13.316666667,40.066666667,28.406666667,9.445555556,28.403333333,1152037129,1152037132,1152037133,1152037135,1152037136,1152037149,1152037150,1152037168
8581,1151764,10,114977,3,1,1,31,0,1206500,1081,5348.578946,-4.792220,360.863958,0.000000,0.000000,0.000000,-0.020386,-0.064941,1.009277,-1.180787,-3.656842,40.066666667,13.316666667,40.066666667,28.406666667,9.445555556,28.403333333,1152047127,1152047130,1152047131,1152047133,1152047134,1152047147,1152047148,1152047167
8581,1151774,10,114978,3,1,1,31,0,1206500,1081,5348.578946,-4.792220,360.863893,0.000000,0.000000,0.000000,-0.022949,-0.065063,1.009399,-1.197551,-3.653699,40.066666667,13.316666667,40.066666667,28.406666667,9.445555556,28.403333333,1152057129,1152057132,1152057133,1152057136,1152057136,1152057149,1152057150,1152057169
8597,1151784,10,114979,3,1,1,31,0,1206500,1081,5348.578946,-4.792220,360.863884,0.000000,0.000000,0.000000,-0.021362,-0.063477,1.008545,-1.200066,-3.653275,40.066666667,13.316666667,40.066666667,28.406666667,9.445555556,28.403333333,1152067128,1152067131,1152067132,1152067135,1152067135,1152067149,1152067149,1152067168
8613,1151794,10,114980,3,1,1,31,0,1206500,1081,5348.578946,-4.792220,360.863810,0.000000,0.000000,0.000000,-0.020386,-0.064453,1.008179,-1.195616,-3.649779,40.066666667,13.316666667,40.066666667,28.406666667,9.445555556,28.403333333,1152077127,1152077130,1152077131,1152077134,1152077134,1152077147,1152077148,1152077167
8613,1151804,10,114981,3,1,1,31,0,1206500,1081,5348.578946,-4.792220,360.863707,0.000000,0.000000,0.000000,-0.020630,-0.064697,1.009033,-1.191900,-3.644850,40.066666667,13.316666667,40.066666667,28.406666667,9.445555556,28.403333333,1152087129,1152087132,1152087132,1152087134,1152087135,1152087148,1152087149,1152087168
8629,1151814,10,114982,3,1,1,31,0,1206500,1081,5348.578946,-4.792220,360.863642,0.000000,0.000000,0.000000,-0.020142,-0.064941,1.008911,-1.182485,-3.641733,40.066666667,13.316666667,40.066666667,28.406666667,9.445555556,28.403333333,1152097134,1152097138,1152097138,1152097141,1152097141,1152097156,1152097158,1152097177
8644,1151824,10,114983,3,1,1,31,0,1206500,1081,5348.578946,-4.792220,360.863735,0.000000,0.000000,0.000000,-0.018433,-0.064453,1.010010,-1.165644,-3.646229,40.066666667,13.316666667,40.066666667,28.406666667,9.445555556,28.403333333,1152107128,1152107131,1152107132,1152107135,1152107136,1152107149,1152107150,1152107169
8644,1151834,10,114984,3,1,1,31,0,1206500,1081,5348.578946,-4.792220,360.863885,0.000000,0.000000,0.000000,-0.020874,-0.066040,1.009277,-1.163213,-3.653582,40.066666667,13.316666667,40.066666667,28.406666667,9.445555556,28.403333333,1152117129,1152117132,1152117133,1152117135,1152117136,1152117149,1152117150,1152117169
8660,1151844,10,114985,3,1,1,31,0,1206500,1081,5348.578946,-4.792220,360.863801,0.000000,0.000000,0.000000,-0.020752,-0.064575,1.008179,-1.163029,-3.649453,40.066666667,13.316666667,40.066666667,28.406666667,9.445555556,28.403333333,1152127129,1152127132,1152127133,1152127135,1152127136,1152127148,1152127149,1152127168
8676,1151854,10,114986,3,1,1,31,0,1206500,1081,5348.578946,-4.792220,360.863670,0.000000,0.000000,0.000000,-0.021362,-0.064453,1.007324,-1.170131,-3.643026,40.066666667,13.316666667,40.066666667,28.406666667,9.445555556,28.403333333,1152137128,1152137131,1152137132,1152137135,1152137135,1152137148,1152137149,1152137168
8676,1151864,10,114987,3,1,1,31,0,1206500,1081,5348.578946,-4.792220,360.863595,0.000000,0.000000,0.000000,-0.020996,-0.063843,1.008301,-1.171732,-3.639368,40.066666667,13.316666667,40.066666667,28.406666667,9.445555556,28.403333333,1152147129,1152147132,1152147133,1152147135,1152147136,1152147149,1152147150,1152147169
8692,1151874,10,114988,3,1,1,31,0,1206500,1081,5348.578946,-4.792220,360.863824,0.000000,0.000000,0.000000,-0.018921,-0.066650,1.009033,-1.164800,-3.650577,40.066666667,13.316666667,40.066666667,28.406666667,9.445555556,28.403333333,1152157128,1152157131,1152157132,1152157135,1152157135,1152157148,1152157149,1152157168
8692,1151884,10,114989,3,1,1,31,0,1206500,1081,5348.578946,-4.792220,360.863876,0.000000,0.000000,0.000000,-0.021362,-0.065552,1.009766,-1.170663,-3.653081,40.066666667,13.316666667,40.066666667,28.406666667,9.445555556,28.403333333,1152167127,1152167130,1152167131,1152167133,1152167134,1152167147,1152167148,1152167167
8707,1151894,10,114990,3,1,1,31,0,1206500,1081,5348.578946,-4.792220,360.863936,0.000000,0.000000,0.000000,-0.021240,-0.065430,1.009399,-1.172547,-3.655994,40.066666667,13.316666667,40.066666667,28.406666667,9.445555556,28.403333333,1152177130,1152177132,1152177133,1152177135,1152177136,1152177149,1152177150,1152177169
8722,1151904,10,114991,3,1,1,31,0,1206500,1081,5348.578946,-4.792220,360.863736,0.000000,0.000000,0.000000,-0.020630,-0.064331,1.009888,-1.173626,-3.646313,40.066666667,13.316666667,40.066666667,28.406666667,9.445555556,28.403333333,1152187129,1152187132,1152187133,1152187135,1152187136,1152187149,1152187150,1152187168
8722,1151914,10,114992,3,1,1,31,0,1206500,1081,5348.578946,-4.792220,360.863849,0.000000,0.000000,0.000000,-0.020020,-0.066040,1.009277,-1.163766,-3.651810,40.066666667,13.316666667,40.066666667,28.406666667,9.445555556,28.403333333,1152197127,1152197130,1152197130,1152197133,1152197134,1152197146,1152197147,1152197166
8738,1151924,10,114993,3,1,1,31,0,1206500,1081,5348.578946,-4.792220,360.863899,0.000000,0.000000,0.000000,-0.021484,-0.065186,1.008423,-1.169435,-3.654287,40.066666667,13.316666667,40.066666667,28.406666667,9.445555556,28.403333333,1152207130,1152207133,1152207133,1152207136,1152207137,1152207150,1152207150,1152207169
8754,1151934,10,114994,3,1,1,31,0,1206500,1081,5348.578946,-4.792220,360.864039,0.000000,0.000000,0.000000,-0.019531,-0.065063,1.009521,-1.163532,-3.661089,40.066666667,13.316666667,40.066666667,28.406666667,9.445555556,28.403333333,1152217128,1152217131,1152217132,1152217134,1152217135,1152217148,1152217149,1152217168
8754,1151944,10,114995,3,1,1,31,0,1206500,1081,5348.578946,-4.792220,360.864047,0.000000,0.000000,0.000000,-0.020508,-0.065186,1.008545,-1.164277,-3.661525,40.066666667,13.316666667,40.066666667,28.406666667,9.445555556,28.403333333,1152227127,1152227130,1152227131,1152227133,1152227134,1152227147,1152227147,1152227166
8769,1151954,10,114996,3,1,1,31,0,1206500,1081,5348.578946,-4.792220,360.863974,0.000000,0.000000,0.000000,-0.021118,-0.063965,1.009888,-1.175105,-3.657985,40.066666667,13.316666667,40.066666667,28.406666667,9.445555556,28.403333333,1152237129,1152237132,1152237133,1152237135,1152237136,1152237149,1152237149,1152237168
8785,1151964,10,114997,3,1,1,31,0,1206500,1081,5348.578946,-4.792220,360.863864,0.000000,0.000000,0.000000,-0.021484,-0.064697,1.010864,-1.183218,-3.652652,40.066666667,13.316666667,40.066666667,28.406666667,9.445555556,28.403333333,1152247130,1152247133,1152247133,1152247136,1152247137,1152247150,1152247150,1152247169
8785,1151974,10,114998,3,1,1,31,0,1206500,1081,5348.578946,-4.792220,360.863819,0.000000,0.000000,0.000000,-0.020752,-0.065552,1.008789,-1.179444,-3.650472,40.066666667,13.316666667,40.066666667,28.406666667,9.445555556,28.403333333,1152257127,1152257130,1152257131,1152257133,1152257134,1152257147,1152257147,1152257166
8801,1151984,10,114999,3,1,1,31,0,1206500,1081,5348.578946,-4.792220,360.863884,0.000000,0.000000,0.000000,-0.021729,-0.065063,1.010010,-1.183399,-3.653647,40.066666667,13.316666667,40.066666667,28.406666667,9.445555556,28.403333333,1152267130,1152267133,1152267133,1152267136,1152267136,1152267149,1152267150,1152267169
8816,1151994,10,115000,3,1,1,31,0,1206500,1081,5348.578946,-4.792220,360.863886,0.000000,0.000000,0.000000,-0.021851,-0.064575,1.009155,-1.193472,-3.653763,40.066666667,13.316666667,40.066666667,28.406666667,9.445555556,28.403333333,1152277127,1152277130,1152277131,1152277134,1152277134,1152277148,1152277148,1152277167
8816,1152004,10,115001,3,1,1,31,0,1206500,1081,5348.578946,-4.792220,360.863997,0.000000,0.000000,0.000000,-0.020996,-0.064697,1.008911,-1.190458,-3.659048,40.066666667,13.316666667,40.066666667,28.406666667,9.445555556,28.403333333,1152287130,1152287133,1152287133,1152287135,1152287136,1152287149,1152287150,1152287169
8832,1152014,10,115002,3,1,1,31,0,1206500,1081,5348.578946,-4.792220,360.864314,0.000000,0.000000,0.000000,-0.021851,-0.068115,1.008789,-1.188627,-3.674311,40.066666667,13.316666667,40.066666667,28.406666667,9.445555556,28.403333333,1152297134,1152297138,1152297138,1152297141,1152297141,1152297156,1152297158,1152297177
8832,1152024,10,115003,3,1,1,31,0,1206500,1081,5348.578946,-4.792220,360.864313,0.000000,0.000000,0.000000,-0.020874,-0.065552,1.009766,-1.187262,-3.674261,40.066666667,13.316666667,40.066666667,28.406666667,9.445555556,28.403333333,1152307131,1152307134,1152307134,1152307136,1152307137,1152307151,1152307152,1152307171
8847,1152034,10,115004,3,1,1,31,0,1206500,1081,5348.578946,-4.792220,360.864237,0.000000,0.000000,0.000000,-0.020508,-0.064941,1.009644,-1.184867,-3.670608,40.066666667,13.316666667,40.066666667,28.406666667,9.445555556,28.403333333,1152317128,1152317131,1152317132,1152317134,1152317135,1152317148,1152317149,1152317168
8863,1152044,10,115005,3,1,1,31,0,1206500,1081,5348.578946,-4.792220,360.864068,0.000000,0.000000,0.000000,-0.021606,-0.063965,1.008789,-1.185185,-3.662473,40.066666667,13.316666667,40.066666667,28.406666667,9.445555556,28.403333333,1152327129,1152327132,1152327133,1152327135,1152327136,1152327149,1152327149,1152327168
8863,1152054,10,115006,3,1,1,31,0,1206500,1081,5348.578946,-4.792220,360.863862,0.000000,0.000000,0.000000,-0.021851,-0.064697,1.007446,-1.194081,-3.652577,40.066666667,13.316666667,40.066666667,28.406666667,9.445555556,28.403333333,1152337129,1152337132,1152337133,1152337136,1152337136,1152337149,1152337150,1152337169
8878,1152064,10,115007,3,1,1,31,0,1206500,1081,5348.578946,-4.792220,360.863647,0.000000,0.000000,0.000000,-0.020996,-0.063354,1.008911,-1.183138,-3.642196,40.066666667,13.316666667,40.066666667,28.406666667,9.445555556,28.403333333,1152347127,1152347130,1152347131,1152347134,1152347134,1152347147,1152347148,1152347167
8894,1152074,10,115008,3,1,1,31,0,1206500,1081,5348.578946,-4.792220,360.863488,0.000000,0.000000,0.000000,-0.021606,-0.064575,1.008057,-1.183940,-3.634525,40.066666667,13.316666667,40.066666667,28.406666667,9.445555556,28.403333333,1152357129,1152357132,1152357133,1152357135,1152357135,1152357149,1152357149,1152357168
8894,1152084,10,115009,3,1,1,31,0,1206500,1081,5348.578946,-4.792220,360.863669,0.000000,0.000000,0.000000,-0.021973,-0.065308,1.008789,-1.196936,-3.643175,40.066666667,13.316666667,40.066666667,28.406666667,9.445555556,28.403333333,1152367129,1152367132,1152367133,1152367136,1152367136,1152367149,1152367150,1152367169
8909,1152094,10,115010,3,1,1,31,0,1206500,1081,5348.578946,-4.792220,360.863671,0.000000,0.000000,0.000000,-0.020508,-0.064209,1.008667,-1.196396,-3.643262,40.066666667,13.316666667,40.066666667,28.406666667,9.445555556,28.403333333,1152377127,1152377130,1152377131,1152377133,1152377134,1152377147,1152377147,1152377167
8925,1152104,10,115011,3,1,1,31,0,1206500,1081,5348.578946,-4.792220,360.863659,0.000000,0.000000,0.000000,-0.021362,-0.064209,1.010620,-1.189364,-3.642708,40.066666667,13.316666667,40.066666667,28.406666667,9.445555556,28.403333333,1152387130,1152387133,1152387134,1152387136,1152387136,1152387149,1152387150,1152387169
8925,1152114,10,115012,3,1,1,31,0,1206500,1081,5348.578946,-4.792220,360.863595,0.000000,0.000000,0.000000,-0.020508,-0.064697,1.008423,-1.182183,-3.639605,40.066666667,13.316666667,40.066666667,28.406666667,9.445555556,28.403333333,1152397127,1152397130,1152397131,1152397133,1152397134,1152397147,1152397148,1152397167
8941,1152124,10,115013,3,1,1,31,0,1206500,1081,5348.578946,-4.792220,360.863581,0.000000,0.000000,0.000000,-0.020142,-0.065552,1.008179,-1.172792,-3.638942,40.066666667,13.316666667,40.066666667,28.406666667,9.445555556,28.403333333,1152407130,1152407133,1152407134,1152407136,1152407137,1152407150,1152407151,1152407170
8941,1152134,10,115014,3,1,1,31,0,1206500,1081,5348.578946,-4.792220,360.863496,0.000000,0.000000,0.000000,-0.019897,-0.064941,1.007812,-1.165468,-3.634847,40.066666667,13.316666667,40.066666667,28.406666667,9.445555556,28.403333333,1152417130,1152417133,1152417133,1152417136,1152417137,1152417150,1152417151,1152417170
8957,1152144,10,115015,3,1,1,31,0,1206500,1081,5348.578946,-4.792220,360.863600,0.000000,0.000000,0.000000,-0.020386,-0.064575,1.007935,-1.167867,-3.639933,40.066666667,13.316666667,40.066666667,28.406666667,9.445555556,28.403333333,1152427131,1152427134,1152427134,1152427137,1152427137,1152427151,1152427152,1152427171
8974,1152154,10,115016,3,1,1,31,0,1206500,1081,5348.578946,-4.792220,360.863914,0.000000,0.000000,0.000000,-0.021240,-0.066284,1.008545,-1.167053,-3.655326,40.066666667,13.316666667,40.066666667,28.406666667,9.445555556,28.403333333,1152437127,1152437130,1152437131,1152437133,1152437134,1152437146,1152437147,1152437166
8974,1152164,10,115017,3,1,1,31,0,1206500,1081,5348.578946,-4.792220,360.863747,0.000000,0.000000,0.000000,-0.021362,-0.063965,1.008179,-1.178815,-3.647199,40.066666667,13.316666667,40.066666667,28.406666667,9.445555556,28.403333333,1152447130,1152447133,1152447134,1152447136,1152447137,1152447150,1152447151,1152447170
8989,1152174,10,115018,3,1,1,31,0,1206500,1081,5348.578946,-4.792220,360.863975,0.000000,0.000000,0.000000,-0.019409,-0.066040,1.009277,-1.163981,-3.658279,40.066666667,13.316666667,40.066666667,28.406666667,9.445555556,28.403333333,1152457129,1152457132,1152457133,1152457136,1152457136,1152457150,1152457150,1152457169
9004,1152184,10,115019,3,1,1,31,0,1206500,1081,5348.578946,-4.792220,360.864100,0.000000,0.000000,0.000000,-0.020996,-0.065308,1.008789,-1.166980,-3.664426,40.066666667,13.316666667,40.066666667,28.406666667,9.445555556,28.403333333,1152467127,1152467130,1152467131,1152467134,1152467134,1152467148,1152467148,1152467167
9004,1152194,10,115020,3,1,1,31,0,1206500,1081,5348.578946,-4.792220,360.864091,0.000000,0.000000,0.000000,-0.019653,-0.065063,1.007690,-1.161713,-3.664011,40.066666667,13.316666667,40.066666667,28.406666667,9.445555556,28.403333333,1152477130,1152477132,1152477133,1152477135,1152477136,1152477149,1152477150,1152477169
9020,1152204,10,115021,3,1,1,31,0,1206500,1081,5348.578946,-4.792220,360.863760,0.000000,0.000000,0.000000,-0.020020,-0.062622,1.008667,-1.160924,-3.647755,40.066666667,13.316666667,40.066666667,28.406666667,9.445555556,28.403333333,1152487127,1152487130,1152487131,1152487134,1152487134,1152487147,1152487148,1152487167
9037,1152214,10,115022,3,1,1,31,0,1206500,1081,5348.578946,-4.792220,360.863555,0.000000,0.000000,0.000000,-0.020508,-0.063965,1.008423,-1.154865,-3.637596,40.066666667,13.316666667,40.066666667,28.406666667,9.445555556,28.403333333,1152497135,1152497138,1152497138,1152497141,1152497141,1152497156,1152497157,1152497177
9037,1152224,10,115023,3,1,1,31,0,1206500,1081,5348.578946,-4.792220,360.863578,0.000000,0.000000,0.000000,-0.020508,-0.064087,1.009521,-1.154654,-3.638741,40.066666667,13.316666667,40.066666667,28.406666667,9.445555556,28.403333333,1152507131,1152507134,1152507135,1152507137,1152507138,1152507152,1152507153,1152507172
9052,1152234,10,115024,3,1,1,31,0,1206500,1081,5348.578946,-4.792220,360.863371,0.000000,0.000000,0.000000,-0.021973,-0.062988,1.008301,-1.173225,-3.628643,40.066666667,13.316666667,40.066666667,28.406666667,9.445555556,28.403333333,1152517130,1152517133,1152517134,1152517136,1152517137,1152517150,1152517151,1152517170
9052,1152244,10,115025,3,1,1,31,0,1206500,1081,5348.578946,-4.792220,360.863298,0.000000,0.000000,0.000000,-0.021240,-0.062866,1.008057,-1.174431,-3.625069,40.066666667,13.316666667,40.066666667,28.406666667,9.445555556,28.403333333,1152527128,1152527131,1152527131,1152527134,1152527135,1152527147,1152527148,1152527167
9068,1152254,10,115026,3,1,1,31,0,1206500,1081,5348.578946,-4.792220,360.863271,0.000000,0.000000,0.000000,-0.021606,-0.064087,1.007446,-1.181391,-3.623764,40.066666667,13.316666667,40.066666667,28.406666667,9.445555556,28.403333333,1152537130,1152537133,1152537134,1152537136,1152537137,1152537150,1152537151,1152537170
9083,1152264,10,115027,3,1,1,31,0,1206500,1081,5348.578946,-4.792220,360.863384,0.000000,0.000000,0.000000,-0.020508,-0.065430,1.008179,-1.182480,-3.629233,40.066666667,13.316666667,40.066666667,28.406666667,9.445555556,28.403333333,1152547131,1152547133,1152547134,1152547137,1152547137,1152547150,1152547151,1152547170
9083,1152274,10,115028,3,1,1,31,0,1206500,1081,5348.578946,-4.792220,360.863296,0.000000,0.000000,0.000000,-0.020630,-0.064453,1.008545,-1.182719,-3.624988,40.066666667,13.316666667,40.066666667,28.406666667,9.445555556,28.403333333,1152557128,1152557131,1152557132,1152557134,1152557135,1152557148,1152557148,1152557167
9098,1152284,10,115029,3,1,1,31,0,1206500,1081,5348.578946,-4.792220,360.863584,0.000000,0.000000,0.000000,-0.021484,-0.064819,1.008789,-1.186830,-3.638867,40.066666667,13.316666667,40.066666667,28.406666667,9.445555556,28.403333333,1152567130,1152567133,1152567134,1152567136,1152567137,1152567150,1152567151,1152567169
9115,1152294,10,115030,3,1,1,31,0,1206500,1081,5348.578946,-4.792220,360.863536,0.000000,0.000000,0.000000,-0.021240,-0.064819,1.008911,-1.186088,-3.636548,40.066666667,13.316666667,40.066666667,28.406666667,9.445555556,28.403333333,1152577131,1152577133,1152577134,1152577137,1152577137,1152577151,1152577151,1152577170
9115,1152304,10,115031,3,1,1,31,0,1206500,1081,5348.578946,-4.792220,360.863415,0.000000,0.000000,0.000000,-0.021362,-0.063965,1.009277,-1.186616,-3.630721,40.066666667,13.316666667,40.066666667,28.406666667,9.445555556,28.403333333,1152587127,1152587130,1152587131,1152587134,1152587134,1152587147,1152587148,1152587167
9131,1152314,10,115032,3,1,1,31,0,1206500,1081,5348.578946,-4.792220,360.863360,0.000000,0.000000,0.000000,-0.020264,-0.064819,1.009033,-1.179796,-3.628090,40.066666667,13.316666667,40.066666667,28.406666667,9.445555556,28.403333333,1152597130,1152597132,1152597133,1152597135,1152597136,1152597149,1152597150,1152597169
9146,1152324,10,115033,3,1,1,31,0,1206500,1081,5348.578946,-4.792220,360.863272,0.000000,0.000000,0.000000,-0.021118,-0.064209,1.008423,-1.175843,-3.623856,40.066666667,13.316666667,40.066666667,28.406666667,9.445555556,28.403333333,1152607128,1152607131,1152607132,1152607134,1152607135,1152607148,1152607149,1152607168
9146,1152334,10,115034,3,1,1,31,0,1206500,1081,5348.578946,-4.792220,360.863123,0.000000,0.000000,0.000000,-0.021240,-0.063843,1.008423,-1.181047,-3.616594,40.066666667,13.316666667,40.066666667,28.406666667,9.445555556,28.403333333,1152617130,1152617133,1152617134,1152617137,1152617137,1152617150,1152617151,1152617170
9162,1152344,10,115035,3,1,1,31,0,1206500,1081,5348.578946,-4.792220,360.863239,0.000000,0.000000,0.000000,-0.021240,-0.065186,1.008179,-1.183537,-3.622203,40.066666667,13.316666667,40.066666667,28.406666667,9.445555556,28.403333333,1152627130,1152627133,1152627134,1152627136,1152627137,1152627150,1152627151,1152627170
9162,1152354,10,115036,3,1,1,31,0,1206500,1081,5348.578946,-4.792220,360.863491,0.000000,0.000000,0.000000,-0.020386,-0.065430,1.008423,-1.178547,-3.634399,40.066666667,13.316666667,40.066666667,28.406666667,9.445555556,28.403333333,1152637130,1152637133,1152637134,1152637136,1152637136,1152637149,1152637150,1152637169
9178,1152364,10,115037,3,1,1,31,0,1206500,1081,5348.578946,-4.792220,360.863474,0.000000,0.000000,0.000000,-0.020996,-0.063965,1.008179,-1.175871,-3.633575,40.066666667,13.316666667,40.066666667,28.406666667,9.445555556,28.403333333,1152647128,1152647131,1152647132,1152647135,1152647135,1152647149,1152647149,1152647169
9193,1152374,10,115038,3,1,1,31,0,1206500,1081,5348.578946,-4.792220,360.863321,0.000000,0.000000,0.000000,-0.020264,-0.063354,1.009277,-1.172533,-3.626105,40.066666667,13.316666667,40.066666667,28.406666667,9.445555556,28.403333333,1152657130,1152657132,1152657133,1152657135,1152657136,1152657149,1152657150,1152657170
9193,1152384,10,115039,3,1,1,31,0,1206500,1081,5348.578946,-4.792220,360.863289,0.000000,0.000000,0.000000,-0.020142,-0.063721,1.007935,-1.174071,-3.624574,40.066666667,13.316666667,40.066666667,28.406666667,9.445555556,28.403333333,1152667128,1152667130,1152667131,1152667133,1152667134,1152667147,1152667148,1152667167
9209,1152394,10,115040,3,1,1,31,0,1206500,1081,5348.578946,-4.792220,360.863305,0.000000,0.000000,0.000000,-0.020874,-0.064819,1.009521,-1.170836,-3.625356,40.066666667,13.316666667,40.066666667,28.406666667,9.445555556,28.403333333,1152677130,1152677133,1152677134,1152677136,1152677137,1152677150,1152677150,1152677169
9225,1152404,10,115041,3,1,1,31,0,1206500,1081,5348.578946,-4.792220,360.863250,0.000000,0.000000,0.000000,-0.021118,-0.063477,1.009277,-1.173233,-3.622707,40.066666667,13.316666667,40.066666667,28.406666667,9.445555556,28.403333333,1152687130,1152687133,1152687134,1152687136,1152687136,1152687150,1152687150,1152687170
9225,1152414,10,115042,3,1,1,31,0,1206500,1081,5348.578946,-4.792220,360.863273,0.000000,0.000000,0.000000,-0.019775,-0.064087,1.008545,-1.166342,-3.623791,40.066666667,13.316666667,40.066666667,28.406666667,9.445555556,28.403333333,1152697137,1152697140,1152697141,1152697144,1152697144,1152697159,1152697160,1152697179
9240,1152424,10,115043,3,1,1,31,0,1206500,1081,5348.578946,-4.792220,360.863264,0.000000,0.000000,0.000000,-0.020752,-0.064697,1.010498,-1.164750,-3.623375,40.066666667,13.316666667,40.066666667,28.406666667,9.445555556,28.403333333,1152707129,1152707132,1152707133,1152707135,1152707136,1152707149,1152707150,1152707169
9255,1152434,10,115044,3,1,1,31,0,1206500,1081,5348.578946,-4.792220,360.863434,0.000000,0.000000,0.000000,-0.020386,-0.065308,1.008423,-1.162410,-3.631700,40.066666667,13.316666667,40.066666667,28.406666667,9.445555556,28.403333333,1152717130,1152717133,1152717134,1152717136,1152717137,1152717150,1152717151,1152717170
9255,1152444,10,115045,3,1,1,31,0,1206500,1081,5348.578946,-4.792220,360.863657,0.000000,0.000000,0.000000,-0.020508,-0.064087,1.006958,-1.167290,-3.642630,40.066666667,13.316666667,40.066666667,28.406666667,9.445555556,28.403333333,1152727130,1152727133,1152727134,1152727136,1152727137,1152727150,1152727151,1152727170
9271,1152454,10,115046,3,1,1,31,0,1206500,1081,5348.578946,-4.792220,360.863694,0.000000,0.000000,0.000000,-0.021973,-0.064453,1.007690,-1.165424,-3.644479,40.066666667,13.316666667,40.066666667,28.406666667,9.445555556,28.403333333,1152737128,1152737131,1152737132,1152737134,1152737135,1152737148,1152737149,1152737168
9271,1152464,10,115047,3,1,1,31,0,1206500,1081,5348.578946,-4.792220,360.863574,0.000000,0.000000,0.000000,-0.020996,-0.064209,1.007446,-1.166756,-3.638565,40.066666667,13.316666667,40.066666667,28.406666667,9.445555556,28.403333333,1152747131,1152747134,1152747135,1152747137,1152747138,1152747151,1152747152,1152747171
9287,1152474,10,115048,3,1,1,31,0,1206500,1081,5348.578946,-4.792220,360.863817,0.000000,0.000000,0.000000,-0.020874,-0.065552,1.008301,-1.168232,-3.650450,40.066666667,13.316666667,40.066666667,28.406666667,9.445555556,28.403333333,1152757132,1152757135,1152757135,1152757138,1152757138,1152757152,1152757152,1152757171
9302,1152484,10,115049,3,1,1,31,0,1206500,1081,5348.578946,-4.792220,360.863930,0.000000,0.000000,0.000000,-0.021484,-0.064941,1.009399,-1.174083,-3.655999,40.066666667,13.316666667,40.066666667,28.406666667,9.445555556,28.403333333,1152767128,1152767130,1152767131,1152767133,1152767134,1152767147,1152767148,1152767167
9302,1152494,10,115050,3,1,1,31,0,1206500,1081,5348.578946,-4.792220,360.864056,0.000000,0.000000,0.000000,-0.020264,-0.065918,1.008667,-1.166618,-3.662157,40.066666667,13.316666667,40.066666667,28.406666667,9.445555556,28.403333333,1152777130,1152777133,1152777134,1152777136,1152777137,1152777150,1152777151,1152777170
9318,1152504,10,115051,3,1,1,31,0,1206500,1081,5348.578946,-4.792220,360.863976,0.000000,0.000000,0.000000,-0.020874,-0.064331,1.009399,-1.161790,-3.658219,40.066666667,13.316666667,40.066666667,28.406666667,9.445555556,28.403333333,1152787131,1152787134,1152787135,1152787137,1152787138,1152787151,1152787151,1152787171
9334,1152514,10,115052,3,1,1,31,0,1206500,1081,5348.578946,-4.792220,360.863861,0.000000,0.000000,0.000000,-0.020020,-0.064941,1.008789,-1.159101,-3.652555,40.066666667,13.316666667,40.066666667,28.406666667,9.445555556,28.403333333,1152797128,1152797131,1152797132,1152797134,1152797135,1152797148,1152797149,1152797168
9334,1152524,10,115053,3,1,1,31,0,1206500,1081,5348.578946,-4.792220,360.863848,0.000000,0.000000,0.000000,-0.019775,-0.064819,1.008789,-1.154005,-3.651916,40.066666667,13.316666667,40.066666667,28.406666667,9.445555556,28.403333333,1152807131,1152807133,1152807134,1152807137,1152807137,1152807150,1152807151,1152807170
9350,1152534,10,115054,3,1,1,31,0,1206500,1081,5348.578946,-4.792220,360.863911,0.000000,0.000000,0.000000,-0.020386,-0.064819,1.009644,-1.149840,-3.655016,40.066666667,13.316666667,40.066666667,28.406666667,9.445555556,28.403333333,1152817130,1152817133,1152817134,1152817136,1152817137,1152817150,1152817151,1152817170
9366,1152544,10,115055,3,1,1,31,0,1206500,1081,5348.578946,-4.792220,360.863783,0.000000,0.000000,0.000000,-0.020630,-0.064575,1.009888,-1.153855,-3.648695,40.066666667,13.316666667,40.066666667,28.406666667,9.445555556,28.403333333,1152827129,1152827132,1152827132,1152827135,1152827135,1152827148,1152827149,1152827168
9366,1152554,10,115056,3,1,1,31,0,1206500,1081,5348.578946,-4.792220,360.863930,0.000000,0.000000,0.000000,-0.020386,-0.065674,1.007935,-1.153897,-3.655949,40.066666667,13.316666667,40.066666667,28.406666667,9.445555556,28.403333333,1152837130,1152837133,1152837134,1152837136,1152837137,1152837150,1152837151,1152837170
9382,1152564,10,115057,3,1,1,31,0,1206500,1081,5348.578946,-4.792220,360.863624,0.000000,0.000000,0.000000,-0.020264,-0.062866,1.009277,-1.158916,-3.640901,40.066666667,13.316666667,40.066666667,28.406666667,9.445555556,28.403333333,1152847130,1152847133,1152847134,1152847137,1152847138,1152847150,1152847151,1152847170
9382,1152574,10,115058,3,1,1,31,0,1206500,1081,5348.578946,-4.792220,360.863536,0.000000,0.000000,0.000000,-0.020630,-0.063232,1.009155,-1.162200,-3.636550,40.066666667,13.316666667,40.066666667,28.406666667,9.445555556,28.403333333,1152857128,1152857131,1152857132,1152857135,1152857135,1152857149,1152857149,1152857169
9397,1152584,10,115059,3,1,1,31,0,1206500,1081,5348.578946,-4.792220,360.863628,0.000000,0.000000,0.000000,-0.021240,-0.064819,1.008789,-1.170919,-3.641078,40.066666667,13.316666667,40.066666667,28.406666667,9.445555556,28.403333333,1152867130,1152867133,1152867134,1152867136,1152867137,1152867150,1152867151,1152867170
9412,1152594,10,115060,3,1,1,31,0,1206500,1081,5348.578946,-4.792220,360.863759,0.000000,0.000000,0.000000,-0.021606,-0.064941,1.008911,-1.179881,-3.647435,40.066666667,13.316666667,40.066666667,28.406666667,9.445555556,28.403333333,1152877130,1152877133,1152877134,1152877137,1152877137,1152877150,1152877151,1152877170
9412,1152604,10,115061,3,1,1,31,0,1206500,1081,5348.578946,-4.792220,360.863962,0.000000,0.000000,0.000000,-0.020142,-0.066284,1.008789,-1.177544,-3.657256,40.066666667,13.316666667,40.066666667,28.406666667,9.445555556,28.403333333,1152887129,1152887132,1152887133,1152887135,1152887136,1152887148,1152887149,1152887168
9428,1152614,10,115062,3,1,1,31,0,1206500,1081,5348.578946,-4.792220,360.863829,0.000000,0.000000,0.000000,-0.020874,-0.063843,1.009033,-1.173710,-3.650797,40.066666667,13.316666667,40.066666667,28.406666667,9.445555556,28.403333333,1152897135,1152897138,1152897139,1152897142,1152897142,1152897157,1152897158,1152897177
9443,1152624,10,115063,3,1,1,31,0,1206500,1081,5348.578946,-4.792220,360.863883,0.000000,0.000000,0.000000,-0.021606,-0.064697,1.008789,-1.179465,-3.653414,40.066666667,13.316666667,40.066666667,28.406666667,9.445555556,28.403333333,1152907130,1152907133,1152907134,1152907136,1152907137,1152907151,1152907151,1152907170
9443,1152634,10,115064,3,1,1,31,0,1206500,1081,5348.578946,-4.792220,360.863915,0.000000,0.000000,0.000000,-0.021484,-0.065430,1.007935,-1.183111,-3.654990,40.066666667,13.316666667,40.066666667,28.406666667,9.445555556,28.403333333,1152917131,1152917134,1152917134,1152917137,1152917137,1152917151,1152917152,1152917171
9460,1152644,10,115065,3,1,1,31,0,1206500,1081,5348.578946,-4.792220,360.863985,0.000000,0.000000,0.000000,-0.020508,-0.065796,1.008911,-1.178713,-3.658344,40.066666667,13.316666667,40.066666667,28.406666667,9.445555556,28.403333333,1152927130,1152927133,1152927134,1152927137,1152927138,1152927151,1152927152,1152927171
9475,1152654,10,115066,3,1,1,31,0,1206500,1081,5348.578946,-4.792220,360.864299,0.000000,0.000000,0.000000,-0.020386,-0.066284,1.008545,-1.178506,-3.673554,40.066666667,13.316666667,40.066666667,28.406666667,9.445555556,28.403333333,1152937128,1152937131,1152937132,1152937135,1152937135,1152937148,1152937149,1152937168
9475,1152664,10,115067,3,1,1,31,0,1206500,1081,5348.578946,-4.792220,360.864001,0.000000,0.000000,0.000000,-0.022217,-0.063721,1.009155,-1.191288,-3.659184,40.066666667,13.316666667,40.066666667,28.406666667,9.445555556,28.403333333,1152947131,1152947134,1152947135,1152947137,1152947138,1152947151,1152947152,1152947170
9490,1152674,10,115068,3,1,1,31,0,1206500,1081,5348.578946,-4.792220,360.863722,0.000000,0.000000,0.000000,-0.020142,-0.063354,1.009521,-1.184778,-3.645811,40.066666667,13.316666667,40.066666667,28.406666667,9.445555556,28.403333333,1152957131,1152957134,1152957134,1152957137,1152957137,1152957150,1152957151,1152957171
9506,1152684,10,115069,3,1,1,31,0,1206500,1081,5348.578946,-4.792220,360.863661,0.000000,0.000000,0.000000,-0.021973,-0.064819,1.009521,-1.183494,-3.642839,40.066666667,13.316666667,40.066666667,28.406666667,9.445555556,28.403333333,1152967131,1152967134,1152967134,1152967137,1152967137,1152967151,1152967152,1152967171
9506,1152694,10,115070,3,1,1,31,0,1206500,1081,5348.578946,-4.792220,360.863520,0.000000,0.000000,0.000000,-0.021973,-0.064331,1.008911,-1.186438,-3.636021,40.066666667,13.316666667,40.066666667,28.406666667,9.445555556,28.403333333,1152977129,1152977132,1152977133,1152977135,1152977136,1152977149,1152977150,1152977169
9521,1152704,10,115071,3,1,1,31,0,1206500,1081,5348.578946,-4.792220,360.863566,0.000000,0.000000,0.000000,-0.021362,-0.064819,1.009521,-1.194662,-3.638238,40.066666667,13.316666667,40.066666667,28.406666667,9.445555556,28.403333333,1152987131,1152987134,1152987134,1152987137,1152987137,1152987151,1152987152,1152987171
9521,1152714,10,115072,3,1,1,31,0,1206500,1081,5348.578946,-4.792220,360.863482,0.000000,0.000000,0.000000,-0.021118,-0.063354,1.008423,-1.190938,-3.634220,40.066666667,13.316666667,40.066666667,28.406666667,9.445555556,28.403333333,1152997130,1152997133,1152997134,1152997136,1152997137,1152997150,1152997151,1152997170
9538,1152724,10,115073,3,1,1,31,0,1206500,1081,5348.578946,-4.792220,360.863495,0.000000,0.000000,0.000000,-0.019653,-0.065063,1.008545,-1.189192,-3.634832,40.066666667,13.316666667,40.066666667,28.406666667,9.445555556,28.403333333,1153007129,1153007132,1153007133,1153007135,1153007136,1153007149,1153007149,1153007168
9554,1152734,10,115074,3,1,1,31,0,1206500,1081,5348.578946,-4.792220,360.863432,0.000000,0.000000,0.000000,-0.020386,-0.064453,1.008911,-1.177547,-3.631800,40.066666667,13.316666667,40.066666667,28.406666667,9.445555556,28.403333333,1153017130,1153017133,1153017134,1153017136,1153017137,1153017150,1153017151,1153017170
9554,1152744,10,115075,3,1,1,31,0,1206500,1081,5348.578946,-4.792220,360.863490,0.000000,0.000000,0.000000,-0.019165,-0.064453,1.009888,-1.168412,-3.634598,40.066666667,13.316666667,40.066666667,28.406666667,9.445555556,28.403333333,1153027131,1153027134,1153027135,1153027137,1153027138,1153027151,1153027152,1153027170
9570,1152754,10,115076,3,1,1,31,0,1206500,1081,5348.578946,-4.792220,360.863572,0.000000,0.000000,0.000000,-0.020020,-0.064941,1.009521,-1.161183,-3.638624,40.066666667,13.316666667,40.066666667,28.406666667,9.445555556,28.403333333,1153037128,1153037131,1153037132,1153037134,1153037135,1153037148,1153037149,1153037167
9585,1152764,10,115077,3,1,1,31,0,1206500,1081,5348.578946,-4.792220,360.863529,0.000000,0.000000,0.000000,-0.021118,-0.064209,1.009766,-1.167385,-3.636515,40.066666667,13.316666667,40.066666667,28.406666667,9.445555556,28.403333333,1153047131,1153047133,1153047134,1153047137,1153047137,1153047150,1153047151,1153047170
9585,1152774,10,115078,3,1,1,31,0,1206500,1081,5348.578946,-4.792220,360.863440,0.000000,0.000000,0.000000,-0.020386,-0.064209,1.008057,-1.162856,-3.632154,40.066666667,13.316666667,40.066666667,28.406666667,9.445555556,28.403333333,1153057131,1153057134,1153057135,1153057137,1153057137,1153057150,1153057151,1153057170
9601,1152784,10,115079,3,1,1,31,0,1206500,1081,5348.578946,-4.792220,360.863331,0.000000,0.000000,0.000000,-0.020508,-0.064209,1.008179,-1.163655,-3.626828,40.066666667,13.316666667,40.066666667,28.406666667,9.445555556,28.403333333,1153067131,1153067134,1153067134,1153067137,1153067137,1153067151,1153067152,1153067171
9617,1152794,10,115080,3,1,1,31,0,1206500,1081,5348.578946,-4.792220,360.863258,0.000000,0.000000,0.000000,-0.020264,-0.064697,1.008789,-1.166424,-3.623225,40.066666667,13.316666667,40.066666667,28.406666667,9.445555556,28.403333333,1153077131,1153077133,1153077134,1153077137,1153077137,1153077150,1153077151,1153077170
9617,1152804,10,115081,3,1,1,31,0,1206500,1081,5348.578946,-4.792220,360.863474,0.000000,0.000000,0.000000,-0.020630,-0.065430,1.008301,-1.164455,-3.633835,40.066666667,13.316666667,40.066666667,28.406666667,9.445555556,28.403333333,1153087130,1153087133,1153087134,1153087136,1153087137,1153087150,1153087151,1153087170
9632,1152814,10,115082,3,1,1,31,0,1206500,1081,5348.578946,-4.792220,360.863516,0.000000,0.000000,0.000000,-0.020142,-0.064331,1.008179,-1.166622,-3.635893,40.066666667,13.316666667,40.066666667,28.406666667,9.445555556,28.403333333,1153097134,1153097137,1153097138,1153097140,1153097141,1153097155,1153097156,1153097176
9632,1152824,10,115083,3,1,1,31,0,1206500,1081,5348.578946,-4.792220,360.863403,0.000000,0.000000,0.000000,-0.019775,-0.063965,1.008789,-1.161950,-3.630373,40.066666667,13.316666667,40.066666667,28.406666667,9.445555556,28.403333333,1153107133,1153107136,1153107136,1153107139,1153107139,1153107153,1153107154,1153107173
9648,1152834,10,115084,3,1,1,31,0,1206500,1081,5348.578946,-4.792220,360.863357,0.000000,0.000000,0.000000,-0.021240,-0.064697,1.007935,-1.166772,-3.628106,40.066666667,13.316666667,40.066666667,28.406666667,9.445555556,28.403333333,1153117132,1153117134,1153117135,1153117138,1153117138,1153117151,1153117152,1153117171
9663,1152844,10,115085,3,1,1,31,0,1206500,1081,5348.578946,-4.792220,360.863403,0.000000,0.000000,0.000000,-0.020508,-0.064697,1.008789,-1.163461,-3.630339,40.066666667,13.316666667,40.066666667,28.406666667,9.445555556,28.403333333,1153127129,1153127132,1153127133,1153127136,1153127137,1153127150,1153127150,1153127169
9663,1152854,10,115086,3,1,1,31,0,1206500,1081,5348.578946,-4.792220,360.863478,0.000000,0.000000,0.000000,-0.018799,-0.065552,1.008667,-1.153192,-3.634046,40.066666667,13.316666667,40.066666667,28.406666667,9.445555556,28.403333333,1153137131,1153137134,1153137135,1153137137,1153137138,1153137151,1153137151,1153137170
9679,1152864,10,115087,3,1,1,31,0,1206500,1081,5348.578946,-4.792220,360.863483,0.000000,0.000000,0.000000,-0.019775,-0.064819,1.009277,-1.144018,-3.634299,40.066666667,13.316666667,40.066666667,28.406666667,9.445555556,28.403333333,1153147131,1153147134,1153147135,1153147137,1153147138,1153147151,1153147152,1153147171
9696,1152874,10,115088,3,1,1,31,0,1206500,1081,5348.578946,-4.792220,360.863426,0.000000,0.000000,0.000000,-0.020142,-0.063843,1.008789,-1.143298,-3.631491,40.066666667,13.316666667,40.066666667,28.406666667,9.445555556,28.403333333,1153157129,1153157132,1153157133,1153157135,1153157136,1153157149,1153157150,1153157169
9696,1152884,10,115089,3,1,1,31,0,1206500,1081,5348.578946,-4.792220,360.863415,0.000000,0.000000,0.000000,-0.020874,-0.065063,1.008301,-1.150042,-3.630922,40.066666667,13.316666667,40.066666667,28.406666667,9.445555556,28.403333333,1153167131,1153167134,1153167135,1153167137,1153167138,1153167151,1153167152,1153167171
9711,1152894,10,115090,3,1,1,31,0,1206500,1081,5348.578946,-4.792220,360.863503,0.000000,0.000000,0.000000,-0.021851,-0.064697,1.008301,-1.161734,-3.635283,40.066666667,13.316666667,40.066666667,28.406666667,9.445555556,28.403333333,1153177131,1153177134,1153177135,1153177138,1153177138,1153177151,1153177152,1153177171
9711,1152904,10,115091,3,1,1,31,0,1206500,1081,5348.578946,-4.792220,360.863337,0.000000,0.000000,0.000000,-0.022095,-0.064087,1.008301,-1.170812,-3.627116,40.066666667,13.316666667,40.066666667,28.406666667,9.445555556,28.403333333,1153187129,1153187132,1153187133,1153187135,1153187136,1153187149,1153187150,1153187168
9727,1152914,10,115092,3,1,1,31,0,1206500,1081,5348.578946,-4.792220,360.863376,0.000000,0.000000,0.000000,-0.019897,-0.063721,1.007812,-1.165119,-3.629027,40.066666667,13.316666667,40.066666667,28.406666667,9.445555556,28.403333333,1153197132,1153197135,1153197135,1153197138,1153197138,1153197152,1153197152,1153197172
9742,1152924,10,115093,3,1,1,31,0,1206500,1081,5348.578946,-4.792220,360.863424,0.000000,0.000000,0.000000,-0.019653,-0.064331,1.008179,-1.151685,-3.631361,40.066666667,13.316666667,40.066666667,28.406666667,9.445555556,28.403333333,1153207131,1153207134,1153207135,1153207137,1153207138,1153207151,1153207152,1153207170
9742,1152934,10,115094,3,1,1,31,0,1206500,1081,5348.578946,-4.792220,360.863586,0.000000,0.000000,0.000000,-0.021240,-0.065186,1.009277,-1.154123,-3.639399,40.066666667,13.316666667,40.066666667,28.406666667,9.445555556,28.403333333,1153217129,1153217132,1153217133,1153217135,1153217136,1153217149,1153217150,1153217169
9758,1152944,10,115095,3,1,1,31,0,1206500,1081,5348.578946,-4.792220,360.863856,0.000000,0.000000,0.000000,-0.021606,-0.066040,1.009521,-1.160110,-3.652739,40.066666667,13.316666667,40.066666667,28.406666667,9.445555556,28.403333333,1153227131,1153227134,1153227135,1153227138,1153227138,1153227151,1153227152,1153227171
9774,1152954,10,115096,3,1,1,31,0,1206500,1081,5348.578946,-4.792220,360.863951,0.000000,0.000000,0.000000,-0.020630,-0.065430,1.009033,-1.160715,-3.657453,40.066666667,13.316666667,40.066666667,28.406666667,9.445555556,28.403333333,1153237130,1153237134,1153237134,1153237137,1153237137,1153237150,1153237151,1153237170
9774,1152964,10,115097,3,1,1,31,0,1206500,1081,5348.578946,-4.792220,360.863866,0.000000,0.000000,0.000000,-0.019531,-0.063843,1.008789,-1.151865,-3.653219,40.066666667,13.316666667,40.066666667,28.406666667,9.445555556,28.403333333,1153247130,1153247133,1153247134,1153247136,1153247137,1153247150,1153247151,1153247170
9789,1152974,10,115098,3,1,1,31,0,1206500,1081,5348.578946,-4.792220,360.863858,0.000000,0.000000,0.000000,-0.019775,-0.065308,1.008179,-1.150853,-3.652811,40.066666667,13.316666667,40.066666667,28.406666667,9.445555556,28.403333333,1153257131,1153257134,1153257135,1153257137,1153257138,1153257151,1153257152,1153257170
9805,1152984,10,115099,3,1,1,31,0,1206500,1081,5348.578946,-4.792220,360.863671,0.000000,0.000000,0.000000,-0.020142,-0.063843,1.007935,-1.155372,-3.643567,40.066666667,13.316666667,40.066666667,28.406666667,9.445555556,28.403333333,1153267129,1153267132,1153267133,1153267135,1153267136,1153267149,1153267149,1153267168
9805,1152994,10,115100,3,1,1,31,0,1206500,1081,5348.578946,-4.792220,360.863803,0.000000,0.000000,0.000000,-0.020386,-0.065430,1.008911,-1.151114,-3.650136,40.066666667,13.316666667,40.066666667,28.406666667,9.445555556,28.403333333,1153277131,1153277134,1153277135,1153277138,1153277138,1153277151,1153277152,1153277171
9821,1153004,10,115101,3,1,1,31,0,1206500,1081,5348.578946,-4.792220,360.863532,0.000000,0.000000,0.000000,-0.022949,-0.063477,1.008667,-1.167324,-3.636746,40.066666667,13.316666667,40.066666667,28.406666667,9.445555556,28.403333333,1153287131,1153287133,1153287134,1153287137,1153287138,1153287150,1153287151,1153287170
9837,1153014,10,115102,3,1,1,31,0,1206500,1081,5348.578946,-4.792220,360.863676,0.000000,0.000000,0.000000,-0.021606,-0.065674,1.009399,-1.179227,-3.643749,40.066666667,13.316666667,40.066666667,28.406666667,9.445555556,28.403333333,1153297136,1153297139,1153297140,1153297143,1153297144,1153297158,1153297159,1153297179
9837,1153024,10,115103,3,1,1,31,0,1206500,1081,5348.578946,-4.792220,360.863744,0.000000,0.000000,0.000000,-0.021851,-0.064209,1.008667,-1.185896,-3.647026,40.066666667,13.316666667,40.066666667,28.406666667,9.445555556,28.403333333,1153307131,1153307134,1153307135,1153307138,1153307138,1153307152,1153307153,1153307172
9852,1153034,10,115104,3,1,1,31,0,1206500,1081,5348.578946,-4.792220,360.863857,0.000000,0.000000,0.000000,-0.020874,-0.066528,1.009277,-1.183982,-3.652464,40.066666667,13.316666667,40.066666667,28.406666667,9.445555556,28.403333333,1153317131,1153317134,1153317135,1153317138,1153317139,1153317152,1153317153,1153317172
9852,1153044,10,115105,3,1,1,31,0,1206500,1081,5348.578946,-4.792220,360.864114,0.000000,0.000000,0.000000,-0.020874,-0.065308,1.008911,-1.186511,-3.664862,40.066666667,13.316666667,40.066666667,28.406666667,9.445555556,28.403333333,1153327133,1153327136,1153327137,1153327139,1153327140,1153327153,1153327154,1153327173
9867,1153054,10,115106,3,1,1,31,0,1206500,1081,5348.578946,-4.792220,360.863875,0.000000,0.000000,0.000000,-0.022705,-0.063965,1.008667,-1.190087,-3.653358,40.066666667,13.316666667,40.066666667,28.406666667,9.445555556,28.403333333,1153337129,1153337132,1153337133,1153337135,1153337136,1153337149,1153337150,1153337169
9883,1153064,10,115107,3,1,1,31,0,1206500,1081,5348.578946,-4.792220,360.863623,0.000000,0.000000,0.000000,-0.021118,-0.063354,1.008789,-1.187632,-3.641238,40.066666667,13.316666667,40.066666667,28.406666667,9.445555556,28.403333333,1153347131,1153347134,1153347135,1153347138,1153347138,1153347151,1153347152,1153347171
9883,1153074,10,115108,3,1,1,31,0,1206500,1081,5348.578946,-4.792220,360.863560,0.000000,0.000000,0.000000,-0.019287,-0.064819,1.008057,-1.172435,-3.638192,40.066666667,13.316666667,40.066666667,28.406666667,9.445555556,28.403333333,1153357132,1153357135,1153357136,1153357138,1153357139,1153357152,1153357153,1153357172
9899,1153084,10,115109,3,1,1,31,0,1206500,1081,5348.578946,-4.792220,360.863606,0.000000,0.000000,0.000000,-0.020264,-0.064697,1.008789,-1.164104,-3.640438,40.066666667,13.316666667,40.066666667,28.406666667,9.445555556,28.403333333,1153367130,1153367133,1153367134,1153367136,1153367137,1153367150,1153367151,1153367170
9914,1153094,10,115110,3,1,1,31,0,1206500,1081,5348.578946,-4.792220,360.863879,0.000000,0.000000,0.000000,-0.021484,-0.066284,1.009277,-1.172505,-3.653814,40.066666667,13.316666667,40.066666667,28.406666667,9.445555556,28.403333333,1153377131,1153377134,1153377135,1153377138,1153377138,1153377151,1153377152,1153377171
9914,1153104,10,115111,3,1,1,31,0,1206500,1081,5348.578946,-4.792220,360.863907,0.000000,0.000000,0.000000,-0.020386,-0.064941,1.009888,-1.169698,-3.655153,40.066666667,13.316666667,40.066666667,28.406666667,9.445555556,28.403333333,1153387131,1153387134,1153387135,1153387137,1153387138,1153387151,1153387152,1153387171
9930,1153114,10,115112,3,1,1,31,0,1206500,1081,5348.578946,-4.792220,360.863808,0.000000,0.000000,0.000000,-0.020264,-0.064575,1.010986,-1.167306,-3.650307,40.066666667,13.316666667,40.066666667,28.406666667,9.445555556,28.403333333,1153397129,1153397132,1153397133,1153397135,1153397136,1153397149,1153397150,1153397169
9946,1153124,10,115113,3,1,1,31,0,1206500,1081,5348.578946,-4.792220,360.863934,0.000000,0.000000,0.000000,-0.020508,-0.066040,1.009888,-1.168746,-3.656472,40.066666667,13.316666667,40.066666667,28.406666667,9.445555556,28.403333333,1153407132,1153407135,1153407135,1153407138,1153407138,1153407152,1153407152,1153407172
9946,1153134,10,115114,3,1,1,31,0,1206500,1081,5348.578946,-4.792220,360.863830,0.000000,0.000000,0.000000,-0.021606,-0.064453,1.007690,-1.173762,-3.651408,40.066666667,13.316666667,40.066666667,28.406666667,9.445555556,28.403333333,1153417131,1153417134,1153417135,1153417138,1153417138,1153417151,1153417152,1153417171
9961,1153144,10,115115,3,1,1,31,0,1206500,1081,5348.578946,-4.792220,360.863922,0.000000,0.000000,0.000000,-0.021606,-0.065674,1.008911,-1.180578,-3.655864,40.066666667,13.316666667,40.066666667,28.406666667,9.445555556,28.403333333,1153427130,1153427133,1153427133,1153427136,1153427137,1153427150,1153427150,1153427169
9977,1153154,10,115116,3,1,1,31,0,1206500,1081,5348.578946,-4.792220,360.863807,0.000000,0.000000,0.000000,-0.021729,-0.064575,1.008911,-1.187282,-3.650324,40.066666667,13.316666667,40.066666667,28.406666667,9.445555556,28.403333333,1153437131,1153437134,1153437135,1153437138,1153437138,1153437151,1153437152,1153437171
9977,1153164,10,115117,3,1,1,31,0,1206500,1081,5348.578946,-4.792220,360.863814,0.000000,0.000000,0.000000,-0.020874,-0.065430,1.009399,-1.181164,-3.650670,40.066666667,13.316666667,40.066666667,28.406666667,9.445555556,28.403333333,1153447132,1153447135,1153447136,1153447138,1153447139,1153447152,1153447152,1153447171
9993,1153174,10,115118,3,1,1,31,0,1206500,1081,5348.578946,-4.792220,360.863713,0.000000,0.000000,0.000000,-0.020264,-0.063965,1.008911,-1.174130,-3.645747,40.066666667,13.316666667,40.066666667,28.406666667,9.445555556,28.403333333,1153457130,1153457132,1153457133,1153457135,1153457136,1153457149,1153457150,1153457169
9993,1153184,10,115119,3,1,1,31,0,1206500,1081,5348.578946,-4.792220,360.863851,0.000000,0.000000,0.000000,-0.020752,-0.065430,1.009155,-1.175266,-3.652465,40.066666667,13.316666667,40.066666667,28.406666667,9.445555556,28.403333333,1153467131,1153467134,1153467135,1153467137,1153467138,1153467151,1153467152,1153467171
