host_ms,board_ms,cycle_ms,seq,accepted,drops,consent,active,fault,stop_reason,left_mv,right_mv,forward_mm,lateral_right_mm,imu_deg,gyro_dps,motor_l1_mm,motor_l2_mm,motor_l3_mm,motor_r1_mm,motor_r2_mm,motor_r3_mm,session_mm,nexus_x_mm,nexus_y_mm,nexus_h_deg,lemlib_x_mm,lemlib_y_mm,lemlib_h_deg,interlocks
4,112664,10,1,0,0,0,0,0,7,0,0,0.040,0.080,0.03248,-0.000,0.000,-0.000,0.000,-0.000,0.000,-0.000,0.000,0.044,0.052,0.03560,0.039,0.051,0.03220,2
50,112674,10,1,0,0,0,0,0,7,0,0,0.040,0.000,0.03255,-0.000,0.000,-0.000,0.000,-0.000,0.000,-0.000,0.000,-0.036,0.052,0.03567,0.120,0.051,0.03248,2
50,112684,10,1,0,0,0,0,0,7,0,0,0.040,0.000,0.03249,-0.000,0.000,-0.000,0.000,-0.000,0.000,-0.000,0.000,-0.036,0.052,0.03561,0.040,0.051,0.03255,2
50,112694,10,1,0,0,0,0,0,7,0,0,0.040,0.000,0.03236,-0.000,0.000,-0.000,0.000,-0.000,0.000,-0.000,0.000,-0.036,0.052,0.03548,0.040,0.051,0.03249,2
50,112704,10,1,0,0,0,0,0,7,0,0,0.040,0.000,0.03238,-0.000,0.000,-0.000,0.000,-0.000,0.000,-0.000,0.000,-0.036,0.052,0.03550,0.040,0.051,0.03236,2
50,112714,10,1,0,0,0,0,0,7,0,0,0.040,0.000,0.03260,-0.000,0.000,-0.000,0.000,-0.000,0.000,-0.000,0.000,-0.036,0.052,0.03572,0.040,0.051,0.03238,2
66,112724,10,1,0,0,0,0,0,7,0,0,0.040,0.000,0.03280,-0.000,0.000,-0.000,0.000,-0.000,0.000,-0.000,0.000,-0.036,0.052,0.03592,0.040,0.051,0.03260,2
82,112734,10,1,0,0,0,0,0,7,0,0,0.040,0.000,0.03292,-0.000,0.000,-0.000,0.000,-0.000,0.000,-0.000,0.000,-0.036,0.052,0.03604,0.040,0.051,0.03280,2
82,112744,10,1,0,0,0,0,0,7,0,0,0.040,0.080,0.03280,-0.000,0.000,-0.000,0.000,-0.000,0.000,-0.000,0.000,0.044,0.052,0.03592,0.040,0.051,0.03292,2
97,112754,10,1,0,0,0,0,0,7,0,0,0.040,0.000,0.03283,-0.000,0.000,-0.000,0.000,-0.000,0.000,-0.000,0.000,-0.036,0.052,0.03595,0.120,0.051,0.03280,2
113,112764,10,1,0,0,0,0,0,7,0,0,0.040,0.000,0.03271,-0.000,0.000,-0.000,0.000,-0.000,0.000,-0.000,0.000,-0.036,0.052,0.03583,0.040,0.051,0.03283,2
113,112774,10,1,0,0,0,0,0,7,0,0,0.040,0.000,0.03273,-0.000,0.000,-0.000,0.000,-0.000,0.000,-0.000,0.000,-0.036,0.052,0.03585,0.040,0.051,0.03271,2
128,112784,10,1,0,0,0,0,0,7,0,0,0.040,0.000,0.03260,-0.000,0.000,-0.000,0.000,-0.000,0.000,-0.000,0.000,-0.036,0.052,0.03573,0.040,0.051,0.03273,2
144,112794,10,1,0,0,0,0,0,7,0,0,0.040,0.000,0.03253,-0.000,0.000,-0.000,0.000,-0.000,0.000,-0.000,0.000,-0.036,0.052,0.03565,0.040,0.051,0.03260,2
144,112804,10,1,0,0,0,0,0,7,0,0,0.040,0.000,0.03251,-0.000,0.000,-0.000,0.000,-0.000,0.000,-0.000,0.000,-0.036,0.052,0.03563,0.040,0.051,0.03253,2
159,112814,10,1,0,0,0,0,0,7,0,0,0.040,0.000,0.03233,-0.000,0.000,-0.000,0.000,-0.000,0.000,-0.000,0.000,-0.036,0.052,0.03545,0.040,0.051,0.03251,2
159,112824,10,1,0,0,0,0,0,7,0,0,0.040,0.080,0.03249,-0.000,0.000,-0.000,0.000,-0.000,0.000,-0.000,0.000,0.044,0.052,0.03561,0.040,0.051,0.03233,2
176,112834,10,1,0,0,0,0,0,7,0,0,0.040,0.000,0.03235,-0.000,0.000,-0.000,0.000,-0.000,0.000,-0.000,0.000,-0.036,0.052,0.03547,0.120,0.051,0.03249,2
191,112844,10,1,0,0,0,0,0,7,0,0,0.040,0.080,0.03236,-0.000,0.000,-0.000,0.000,-0.000,0.000,-0.000,0.000,0.043,0.052,0.03548,0.040,0.051,0.03235,2
191,112854,10,1,0,0,0,0,0,7,0,0,0.040,0.000,0.03232,-0.000,0.000,-0.000,0.000,-0.000,0.000,-0.000,0.000,-0.036,0.052,0.03544,0.119,0.051,0.03236,2
207,112864,10,1,0,0,0,0,0,7,0,0,0.040,0.000,0.03229,-0.000,0.000,-0.000,0.000,-0.000,0.000,-0.000,0.000,-0.037,0.052,0.03541,0.040,0.051,0.03232,2
223,112874,10,1,0,0,0,0,0,7,0,0,0.040,0.000,0.03219,-0.000,0.000,-0.000,0.000,-0.000,0.000,-0.000,0.000,-0.037,0.052,0.03531,0.039,0.051,0.03229,2
223,112884,10,1,0,0,0,0,0,7,0,0,0.040,0.000,0.03214,-0.000,0.000,-0.000,0.000,-0.000,0.000,-0.000,0.000,-0.037,0.052,0.03526,0.039,0.051,0.03219,2
237,112894,10,1,0,0,0,0,0,7,0,0,0.040,0.000,0.03204,-0.000,0.000,-0.000,0.000,-0.000,0.000,-0.000,0.000,-0.037,0.052,0.03516,0.039,0.051,0.03214,2
252,112904,10,1,0,0,0,0,0,7,0,0,0.040,0.000,0.03207,-0.000,0.000,-0.000,0.000,-0.000,0.000,-0.000,0.000,-0.037,0.052,0.03519,0.039,0.051,0.03204,2
252,112914,10,1,0,0,0,0,0,7,0,0,0.040,0.000,0.03198,-0.000,0.000,-0.000,0.000,-0.000,0.000,-0.000,0.000,-0.037,0.052,0.03510,0.039,0.051,0.03207,2
267,112924,10,1,0,0,0,0,0,7,0,0,0.040,0.000,0.03206,-0.000,0.000,-0.000,0.000,-0.000,0.000,-0.000,0.000,-0.037,0.052,0.03518,0.039,0.051,0.03198,2
283,112934,10,1,0,0,0,0,0,7,0,0,0.040,0.080,0.03216,-0.000,0.000,-0.000,0.000,-0.000,0.000,-0.000,0.000,0.043,0.052,0.03528,0.039,0.051,0.03206,2
283,112944,10,1,0,0,0,0,0,7,0,0,0.040,0.000,0.03229,-0.000,0.000,-0.000,0.000,-0.000,0.000,-0.000,0.000,-0.037,0.052,0.03541,0.119,0.051,0.03216,2
299,112954,10,1,0,0,0,0,0,7,0,0,0.040,0.000,0.03205,-0.000,0.000,-0.000,0.000,-0.000,0.000,-0.000,0.000,-0.037,0.052,0.03517,0.039,0.051,0.03229,2
315,112964,10,1,0,0,0,0,0,7,0,0,0.040,0.000,0.03235,-0.000,0.000,-0.000,0.000,-0.000,0.000,-0.000,0.000,-0.036,0.052,0.03547,0.039,0.051,0.03205,2
315,112974,10,1,0,0,0,0,0,7,0,0,0.040,0.000,0.03252,-0.000,0.000,-0.000,0.000,-0.000,0.000,-0.000,0.000,-0.036,0.052,0.03564,0.040,0.051,0.03235,2
331,112984,10,1,0,0,0,0,0,7,0,0,0.040,0.000,0.03274,-0.000,0.000,-0.000,0.000,-0.000,0.000,-0.000,0.000,-0.036,0.052,0.03586,0.040,0.051,0.03252,2
331,112994,10,1,0,0,0,0,0,7,0,0,0.040,0.080,0.03276,-0.000,0.000,-0.000,0.000,-0.000,0.000,-0.000,0.000,0.044,0.052,0.03588,0.040,0.051,0.03274,2
346,113004,10,1,0,0,0,0,0,7,0,0,0.040,0.000,0.03265,-0.000,0.000,-0.000,0.000,-0.000,0.000,-0.000,0.000,-0.036,0.052,0.03577,0.120,0.051,0.03276,2
361,113014,10,1,0,0,0,0,0,7,0,0,0.040,0.000,0.03261,-0.000,0.000,-0.000,0.000,-0.000,0.000,-0.000,0.000,-0.036,0.052,0.03573,0.040,0.051,0.03265,2
361,113024,10,1,0,0,0,0,0,7,0,0,0.040,0.000,0.03261,-0.000,0.000,-0.000,0.000,-0.000,0.000,-0.000,0.000,-0.036,0.052,0.03573,0.040,0.051,0.03261,2
377,113034,10,1,0,0,0,0,0,7,0,0,0.040,0.000,0.03263,-0.000,0.000,-0.000,0.000,-0.000,0.000,-0.000,0.000,-0.036,0.052,0.03575,0.040,0.051,0.03261,2
392,113044,10,1,0,0,0,0,0,7,0,0,0.040,0.000,0.03265,-0.000,0.000,-0.000,0.000,-0.000,0.000,-0.000,0.000,-0.036,0.052,0.03577,0.040,0.051,0.03263,2
392,113054,10,1,0,0,0,0,0,7,0,0,0.040,0.000,0.03275,-0.000,0.000,-0.000,0.000,-0.000,0.000,-0.000,0.000,-0.036,0.052,0.03587,0.040,0.051,0.03265,2
409,113064,10,1,0,0,0,0,0,7,0,0,0.040,0.000,0.03281,-0.000,0.000,-0.000,0.000,-0.000,0.000,-0.000,0.000,-0.036,0.052,0.03593,0.040,0.051,0.03275,2
424,113074,10,1,0,0,0,0,0,7,0,0,0.040,0.080,0.03271,-0.000,0.000,-0.000,0.000,-0.000,0.000,-0.000,0.000,0.044,0.052,0.03583,0.040,0.051,0.03281,2
424,113084,10,1,0,0,0,0,0,7,0,0,0.040,0.080,0.03271,-0.000,0.000,-0.000,0.000,-0.000,0.000,-0.000,0.000,0.044,0.052,0.03583,0.120,0.051,0.03271,2
440,113094,10,1,0,0,0,0,0,7,0,0,0.040,0.000,0.03279,-0.000,0.000,-0.000,0.000,-0.000,0.000,-0.000,0.000,-0.036,0.052,0.03591,0.120,0.051,0.03271,2
440,113104,10,1,0,0,0,0,0,7,0,0,0.040,0.000,0.03270,-0.000,0.000,-0.000,0.000,-0.000,0.000,-0.000,0.000,-0.036,0.052,0.03582,0.040,0.051,0.03279,2
455,113114,10,1,0,0,0,0,0,7,0,0,0.040,0.000,0.03258,-0.000,0.000,-0.000,0.000,-0.000,0.000,-0.000,0.000,-0.036,0.052,0.03570,0.040,0.051,0.03270,2
471,113124,10,1,0,0,0,0,0,7,0,0,0.040,0.000,0.03255,-0.000,0.000,-0.000,0.000,-0.000,0.000,-0.000,0.000,-0.036,0.052,0.03567,0.040,0.051,0.03258,2
471,113134,10,1,0,0,0,0,0,7,0,0,0.040,0.000,0.03249,-0.000,0.000,-0.000,0.000,-0.000,0.000,-0.000,0.000,-0.036,0.052,0.03561,0.040,0.051,0.03255,2
487,113144,10,1,0,0,0,0,0,7,0,0,0.040,0.000,0.03266,-0.000,0.000,-0.000,0.000,-0.000,0.000,-0.000,0.000,-0.036,0.052,0.03578,0.040,0.051,0.03249,2
502,113154,10,1,0,0,0,0,0,7,0,0,0.040,0.000,0.03247,-0.000,0.000,-0.000,0.000,-0.000,0.000,-0.000,0.000,-0.036,0.052,0.03559,0.040,0.051,0.03266,2
502,113164,10,1,0,0,0,0,0,7,0,0,0.040,0.000,0.03237,-0.000,0.000,-0.000,0.000,-0.000,0.000,-0.000,0.000,-0.036,0.052,0.03549,0.040,0.051,0.03247,2
516,113174,10,1,0,0,0,0,0,7,0,0,0.040,0.000,0.03254,-0.000,0.000,-0.000,0.000,-0.000,0.000,-0.000,0.000,-0.036,0.052,0.03566,0.040,0.051,0.03237,2
532,113184,10,1,0,0,0,0,0,7,0,0,0.040,0.000,0.03262,-0.000,0.000,-0.000,0.000,-0.000,0.000,-0.000,0.000,-0.036,0.052,0.03574,0.040,0.051,0.03254,2
532,113194,10,1,0,0,0,0,0,7,0,0,0.040,0.080,0.03294,-0.000,0.000,-0.000,0.000,-0.000,0.000,-0.000,0.000,0.044,0.052,0.03606,0.040,0.051,0.03262,2
549,113204,10,1,0,0,0,0,0,7,0,0,0.040,0.000,0.03293,-0.000,0.000,-0.000,0.000,-0.000,0.000,-0.000,0.000,-0.036,0.052,0.03605,0.120,0.051,0.03294,2
564,113214,10,1,0,0,0,0,0,7,0,0,0.040,0.080,0.03291,-0.000,0.000,-0.000,0.000,-0.000,0.000,-0.000,0.000,0.044,0.052,0.03603,0.040,0.051,0.03293,2
564,113224,10,1,0,0,0,0,0,7,0,0,0.040,0.000,0.03299,-0.000,0.000,-0.000,0.000,-0.000,0.000,-0.000,0.000,-0.036,0.052,0.03611,0.120,0.051,0.03291,2
580,113234,10,1,0,0,0,0,0,7,0,0,0.040,0.000,0.03307,-0.000,0.000,-0.000,0.000,-0.000,0.000,-0.000,0.000,-0.036,0.053,0.03619,0.040,0.051,0.03299,2
580,113244,10,1,0,0,0,0,0,7,0,0,0.040,0.080,0.03294,-0.000,0.000,-0.000,0.000,-0.000,0.000,-0.000,0.000,0.044,0.052,0.03606,0.040,0.051,0.03307,2
595,113254,10,1,0,0,0,0,0,7,0,0,0.040,0.080,0.03273,-0.000,0.000,-0.000,0.000,-0.000,0.000,-0.000,0.000,0.044,0.052,0.03585,0.120,0.051,0.03294,2
611,113264,10,1,0,0,0,0,0,7,0,0,0.040,0.000,0.03257,-0.000,0.000,-0.000,0.000,-0.000,0.000,-0.000,0.000,-0.036,0.052,0.03569,0.120,0.051,0.03273,2
611,113274,10,1,0,0,0,0,0,7,0,0,0.040,0.080,0.03246,-0.000,0.000,-0.000,0.000,-0.000,0.000,-0.000,0.000,0.044,0.052,0.03558,0.040,0.051,0.03257,2
626,113284,10,1,0,0,0,0,0,7,0,0,0.040,0.080,0.03241,-0.000,0.000,-0.000,0.000,-0.000,0.000,-0.000,0.000,0.043,0.052,0.03553,0.119,0.051,0.03246,2
642,113294,10,1,0,0,0,0,0,7,0,0,0.040,0.000,0.03242,-0.000,0.000,-0.000,0.000,-0.000,0.000,-0.000,0.000,-0.036,0.052,0.03554,0.119,0.051,0.03241,2
642,113304,10,1,0,0,0,0,0,7,0,0,0.040,0.000,0.03256,-0.000,0.000,-0.000,0.000,-0.000,0.000,-0.000,0.000,-0.036,0.052,0.03568,0.040,0.051,0.03242,2
658,113314,10,1,0,0,0,0,0,7,0,0,0.040,0.000,0.03228,-0.000,0.000,-0.000,0.000,-0.000,0.000,-0.000,0.000,-0.037,0.052,0.03540,0.040,0.051,0.03256,2
674,113324,10,1,0,0,0,0,0,7,0,0,0.040,0.000,0.03230,-0.000,0.000,-0.000,0.000,-0.000,0.000,-0.000,0.000,-0.036,0.052,0.03542,0.039,0.051,0.03228,2
674,113334,10,1,0,0,0,0,0,7,0,0,0.040,0.080,0.03238,-0.000,0.000,-0.000,0.000,-0.000,0.000,-0.000,0.000,0.043,0.052,0.03550,0.039,0.051,0.03230,2
690,113344,10,1,0,0,0,0,0,7,0,0,0.040,0.000,0.03231,-0.000,0.000,-0.000,0.000,-0.000,0.000,-0.000,0.000,-0.036,0.052,0.03543,0.119,0.051,0.03238,2
690,113354,10,1,0,0,0,0,0,7,0,0,0.040,0.000,0.03215,-0.000,0.000,-0.000,0.000,-0.000,0.000,-0.000,0.000,-0.037,0.052,0.03527,0.040,0.051,0.03231,2
705,113364,10,1,0,0,0,0,0,7,0,0,0.040,0.000,0.03212,-0.000,0.000,-0.000,0.000,-0.000,0.000,-0.000,0.000,-0.037,0.052,0.03524,0.039,0.051,0.03215,2
720,113374,10,1,0,0,0,0,0,7,0,0,0.040,0.000,0.03198,-0.000,0.000,-0.000,0.000,-0.000,0.000,-0.000,0.000,-0.037,0.052,0.03510,0.039,0.051,0.03212,2
720,113384,10,1,0,0,0,0,0,7,0,0,0.040,0.000,0.03194,-0.000,0.000,-0.000,0.000,-0.000,0.000,-0.000,0.000,-0.037,0.052,0.03506,0.039,0.051,0.03198,2
735,113394,10,1,0,0,0,0,0,7,0,0,0.040,0.080,0.03207,-0.000,0.000,-0.000,0.000,-0.000,0.000,-0.000,0.000,0.043,0.052,0.03519,0.039,0.051,0.03194,2
751,113404,10,1,0,0,0,0,0,7,0,0,0.040,0.080,0.03238,-0.000,0.000,-0.000,0.000,-0.000,0.000,-0.000,0.000,0.043,0.052,0.03550,0.119,0.051,0.03207,2
751,113414,10,1,0,0,0,0,0,7,0,0,0.040,0.000,0.03240,-0.000,0.000,-0.000,0.000,-0.000,0.000,-0.000,0.000,-0.036,0.052,0.03552,0.119,0.051,0.03238,2
767,113424,10,1,0,0,0,0,0,7,0,0,0.040,0.000,0.03251,-0.000,0.000,-0.000,0.000,-0.000,0.000,-0.000,0.000,-0.036,0.052,0.03563,0.040,0.051,0.03240,2
782,113434,10,1,0,0,0,0,0,7,0,0,0.040,0.080,0.03250,-0.000,0.000,-0.000,0.000,-0.000,0.000,-0.000,0.000,0.044,0.052,0.03562,0.040,0.051,0.03251,2
782,113444,10,1,0,0,0,0,0,7,0,0,0.040,0.000,0.03252,-0.000,0.000,-0.000,0.000,-0.000,0.000,-0.000,0.000,-0.036,0.052,0.03564,0.120,0.051,0.03250,2
798,113454,10,1,0,0,0,0,0,7,0,0,0.040,0.000,0.03274,-0.000,0.000,-0.000,0.000,-0.000,0.000,-0.000,0.000,-0.036,0.052,0.03586,0.040,0.051,0.03252,2
813,113464,10,1,0,0,0,0,0,7,0,0,0.040,0.000,0.03274,-0.000,0.000,-0.000,0.000,-0.000,0.000,-0.000,0.000,-0.036,0.052,0.03586,0.040,0.051,0.03274,2
813,113474,10,1,0,0,0,0,0,7,0,0,0.040,0.000,0.03275,-0.000,0.000,-0.000,0.000,-0.000,0.000,-0.000,0.000,-0.036,0.052,0.03587,0.040,0.051,0.03274,2
829,113484,10,1,0,0,0,0,0,7,0,0,0.040,0.000,0.03267,-0.000,0.000,-0.000,0.000,-0.000,0.000,-0.000,0.000,-0.036,0.052,0.03579,0.040,0.051,0.03275,2
845,113494,10,1,0,0,0,0,0,7,0,0,0.040,0.000,0.03237,-0.000,0.000,-0.000,0.000,-0.000,0.000,-0.000,0.000,-0.036,0.052,0.03550,0.040,0.051,0.03267,2
845,113504,10,1,0,0,0,0,0,7,0,0,0.040,0.000,0.03234,-0.000,0.000,-0.000,0.000,-0.000,0.000,-0.000,0.000,-0.036,0.052,0.03546,0.040,0.051,0.03237,2
861,113514,10,1,0,0,0,0,0,7,0,0,0.040,0.080,0.03239,-0.000,0.000,-0.000,0.000,-0.000,0.000,-0.000,0.000,0.043,0.052,0.03551,0.040,0.051,0.03234,2
861,113524,10,1,0,0,0,0,0,7,0,0,0.040,0.000,0.03237,-0.000,0.000,-0.000,0.000,-0.000,0.000,-0.000,0.000,-0.036,0.052,0.03549,0.119,0.051,0.03239,2
877,113534,10,1,0,0,0,0,0,7,0,0,0.040,0.000,0.03235,-0.000,0.000,-0.000,0.000,-0.000,0.000,-0.000,0.000,-0.036,0.052,0.03547,0.040,0.051,0.03237,2
893,113544,10,1,0,0,0,0,0,7,0,0,0.040,0.080,0.03232,-0.000,0.000,-0.000,0.000,-0.000,0.000,-0.000,0.000,0.043,0.052,0.03544,0.040,0.051,0.03235,2
893,113554,10,1,0,0,0,0,0,7,0,0,0.040,0.000,0.03223,-0.000,0.000,-0.000,0.000,-0.000,0.000,-0.000,0.000,-0.037,0.052,0.03535,0.119,0.051,0.03232,2
910,113564,10,1,0,0,0,0,0,7,0,0,0.040,0.080,0.03223,-0.000,0.000,-0.000,0.000,-0.000,0.000,-0.000,0.000,0.043,0.052,0.03535,0.039,0.051,0.03223,2
910,113574,10,1,0,0,0,0,0,7,0,0,0.040,0.000,0.03239,-0.000,0.000,-0.000,0.000,-0.000,0.000,-0.000,0.000,-0.036,0.052,0.03551,0.119,0.051,0.03223,2
925,113584,10,1,0,0,0,0,0,7,0,0,0.040,0.080,0.03233,-0.000,0.000,-0.000,0.000,-0.000,0.000,-0.000,0.000,0.043,0.052,0.03545,0.040,0.051,0.03239,2
942,113594,10,1,0,0,0,0,0,7,0,0,0.040,0.000,0.03208,-0.000,0.000,-0.000,0.000,-0.000,0.000,-0.000,0.000,-0.037,0.052,0.03520,0.119,0.051,0.03233,2
942,113604,10,1,0,0,0,0,0,7,0,0,0.040,0.000,0.03186,-0.000,0.000,-0.000,0.000,-0.000,0.000,-0.000,0.000,-0.037,0.052,0.03498,0.039,0.051,0.03208,2
957,113614,10,1,0,0,0,0,0,7,0,0,0.040,0.000,0.03196,-0.000,0.000,-0.000,0.000,-0.000,0.000,-0.000,0.000,-0.037,0.052,0.03508,0.039,0.051,0.03186,2
973,113624,10,1,0,0,0,0,0,7,0,0,0.040,0.120,0.03191,-0.000,0.000,-0.000,0.000,-0.000,0.000,-0.000,0.000,0.083,0.052,0.03503,0.039,0.051,0.03196,2
973,113634,10,1,0,0,0,0,0,7,0,0,0.040,0.000,0.03201,-0.000,0.000,-0.000,0.000,-0.000,0.000,-0.000,0.000,-0.037,0.052,0.03513,0.159,0.051,0.03191,2
989,113644,10,1,0,0,0,0,0,7,0,0,0.040,0.000,0.03203,-0.000,0.000,-0.000,0.000,-0.000,0.000,-0.000,0.000,-0.037,0.052,0.03515,0.039,0.051,0.03201,2
1006,113654,10,1,0,0,0,0,0,7,0,0,0.040,0.000,0.03201,-0.000,0.000,-0.000,0.000,-0.000,0.000,-0.000,0.000,-0.037,0.052,0.03513,0.039,0.051,0.03203,2
1006,113664,10,1,0,0,0,0,0,7,0,0,0.040,0.000,0.03252,-0.000,0.000,-0.000,0.000,-0.000,0.000,-0.000,0.000,-0.036,0.052,0.03564,0.039,0.051,0.03201,2
1021,113674,10,1,0,0,0,0,0,7,0,0,0.040,0.000,0.03254,-0.000,0.000,-0.000,0.000,-0.000,0.000,-0.000,0.000,-0.036,0.052,0.03566,0.040,0.051,0.03252,2
1021,113684,10,1,0,0,0,0,0,7,0,0,0.040,0.080,0.03264,-0.000,0.000,-0.000,0.000,-0.000,0.000,-0.000,0.000,0.044,0.052,0.03576,0.040,0.051,0.03254,2
1036,113694,10,1,0,0,0,0,0,7,0,0,0.040,0.000,0.03270,-0.000,0.000,-0.000,0.000,-0.000,0.000,-0.000,0.000,-0.036,0.052,0.03582,0.120,0.051,0.03264,2
1052,113704,10,1,0,0,0,0,0,7,0,0,0.040,0.000,0.03285,-0.000,0.000,-0.000,0.000,-0.000,0.000,-0.000,0.000,-0.036,0.052,0.03597,0.040,0.051,0.03270,2
1052,113714,10,1,0,0,0,0,0,7,0,0,0.040,0.000,0.03292,-0.000,0.000,-0.000,0.000,-0.000,0.000,-0.000,0.000,-0.036,0.052,0.03604,0.040,0.051,0.03285,2
1067,113724,10,1,0,0,0,0,0,7,0,0,0.040,0.000,0.03298,-0.000,0.000,-0.000,0.000,-0.000,0.000,-0.000,0.000,-0.036,0.052,0.03610,0.040,0.051,0.03292,2
1084,113734,10,1,0,0,0,0,0,7,0,0,0.040,0.000,0.03270,-0.000,0.000,-0.000,0.000,-0.000,0.000,-0.000,0.000,-0.036,0.052,0.03582,0.040,0.051,0.03298,2
1084,113744,10,1,0,0,0,0,0,7,0,0,0.040,0.000,0.03264,-0.000,0.000,-0.000,0.000,-0.000,0.000,-0.000,0.000,-0.036,0.052,0.03576,0.040,0.051,0.03270,2
1117,113754,10,1,0,0,0,0,0,7,0,0,0.040,0.000,0.03255,-0.000,0.000,-0.000,0.000,-0.000,0.000,-0.000,0.000,-0.036,0.052,0.03567,0.040,0.051,0.03264,2
1117,113764,10,1,0,0,0,0,0,7,0,0,0.040,0.000,0.03244,-0.000,0.000,-0.000,0.000,-0.000,0.000,-0.000,0.000,-0.036,0.052,0.03556,0.040,0.051,0.03255,2
1117,113774,10,1,0,0,0,0,0,7,0,0,0.040,0.000,0.03237,-0.000,0.000,-0.000,0.000,-0.000,0.000,-0.000,0.000,-0.036,0.052,0.03549,0.040,0.051,0.03244,2
1130,113784,10,1,0,0,0,0,0,7,0,0,0.040,0.000,0.03245,-0.000,0.000,-0.000,0.000,-0.000,0.000,-0.000,0.000,-0.036,0.052,0.03557,0.040,0.051,0.03237,2
1130,113794,10,1,0,0,0,0,0,7,0,0,0.040,0.000,0.03241,-0.000,0.000,-0.000,0.000,-0.000,0.000,-0.000,0.000,-0.036,0.052,0.03553,0.040,0.051,0.03245,2
1146,113804,10,1,0,0,0,0,0,7,0,0,0.040,0.000,0.03268,-0.000,0.000,-0.000,0.000,-0.000,0.000,-0.000,0.000,-0.036,0.052,0.03580,0.040,0.051,0.03241,2
1162,113814,10,1,0,0,0,0,0,7,0,0,0.040,0.000,0.03289,-0.000,0.000,-0.000,0.000,-0.000,0.000,-0.000,0.000,-0.036,0.052,0.03601,0.040,0.051,0.03268,2
1162,113824,10,1,0,0,0,0,0,7,0,0,0.040,0.000,0.03313,-0.000,0.000,-0.000,0.000,-0.000,0.000,-0.000,0.000,-0.035,0.053,0.03625,0.040,0.051,0.03289,2
1179,113834,10,1,0,0,0,0,0,7,0,0,0.040,0.000,0.03329,-0.000,0.000,-0.000,0.000,-0.000,0.000,-0.000,0.000,-0.035,0.053,0.03641,0.041,0.051,0.03313,2
1193,113844,10,1,0,0,0,0,0,7,0,0,0.040,0.080,0.03328,-0.000,0.000,-0.000,0.000,-0.000,0.000,-0.000,0.000,0.045,0.053,0.03640,0.041,0.052,0.03329,2
1193,113854,10,1,0,0,0,0,0,7,0,0,0.040,0.000,0.03314,-0.000,0.000,-0.000,0.000,-0.000,0.000,-0.000,0.000,-0.035,0.053,0.03626,0.120,0.051,0.03328,2
1209,113864,10,1,0,0,0,0,0,7,0,0,0.040,0.000,0.03307,-0.000,0.000,-0.000,0.000,-0.000,0.000,-0.000,0.000,-0.036,0.053,0.03619,0.041,0.051,0.03314,2
1224,113874,10,1,0,0,0,0,0,7,0,0,0.040,0.000,0.03297,-0.000,0.000,-0.000,0.000,-0.000,0.000,-0.000,0.000,-0.036,0.052,0.03609,0.040,0.051,0.03307,2
1224,113884,10,1,0,0,0,0,0,7,0,0,0.040,0.000,0.03285,-0.000,0.000,-0.000,0.000,-0.000,0.000,-0.000,0.000,-0.036,0.052,0.03598,0.040,0.051,0.03297,2
1240,113894,10,1,0,0,0,0,0,7,0,0,0.040,0.080,0.03276,-0.000,0.000,-0.000,0.000,-0.000,0.000,-0.000,0.000,0.044,0.052,0.03589,0.040,0.051,0.03285,2
1240,113904,10,1,0,0,0,0,0,7,0,0,0.040,0.000,0.03264,-0.000,0.000,-0.000,0.000,-0.000,0.000,-0.000,0.000,-0.036,0.052,0.03576,0.120,0.051,0.03276,2
1255,113914,10,1,0,0,0,0,0,7,0,0,0.040,0.000,0.03246,-0.000,0.000,-0.000,0.000,-0.000,0.000,-0.000,0.000,-0.036,0.052,0.03558,0.040,0.051,0.03264,2
1270,113924,10,1,0,0,0,0,0,7,0,0,0.040,0.000,0.03261,-0.000,0.000,-0.000,0.000,-0.000,0.000,-0.000,0.000,-0.036,0.052,0.03574,0.040,0.051,0.03246,2
1270,113934,10,1,0,0,0,0,0,7,0,0,0.040,0.000,0.03239,-0.000,0.000,-0.000,0.000,-0.000,0.000,-0.000,0.000,-0.036,0.052,0.03551,0.040,0.051,0.03261,2
1286,113944,10,1,0,0,0,0,0,7,0,0,0.040,0.000,0.03225,-0.000,0.000,-0.000,0.000,-0.000,0.000,-0.000,0.000,-0.037,0.052,0.03537,0.040,0.051,0.03239,2
1302,113954,10,1,0,0,0,0,0,7,0,0,0.040,0.080,0.03227,-0.000,0.000,-0.000,0.000,-0.000,0.000,-0.000,0.000,0.043,0.052,0.03539,0.039,0.051,0.03225,2
1302,113964,10,1,0,0,0,0,0,7,0,0,0.040,0.080,0.03243,-0.000,0.000,-0.000,0.000,-0.000,0.000,-0.000,0.000,0.043,0.052,0.03555,0.119,0.051,0.03227,2
1318,113974,10,1,0,0,0,0,0,7,0,0,0.040,0.080,0.03222,-0.000,0.000,-0.000,0.000,-0.000,0.000,-0.000,0.000,0.043,0.052,0.03534,0.119,0.051,0.03243,2
1334,113984,10,1,0,0,0,0,0,7,0,0,0.040,0.000,0.03208,-0.000,0.000,-0.000,0.000,-0.000,0.000,-0.000,0.000,-0.037,0.052,0.03520,0.119,0.051,0.03222,2
1334,113994,10,1,0,0,0,0,0,7,0,0,0.040,0.080,0.03198,-0.000,0.000,-0.000,0.000,-0.000,0.000,-0.000,0.000,0.043,0.052,0.03510,0.039,0.051,0.03208,2
1350,114004,10,1,0,0,0,0,0,7,0,0,0.040,0.000,0.03188,-0.000,0.000,-0.000,0.000,-0.000,0.000,-0.000,0.000,-0.037,0.052,0.03501,0.119,0.051,0.03198,2
1350,114014,10,1,0,0,0,0,0,7,0,0,0.040,0.000,0.03234,-0.000,0.000,-0.000,0.000,-0.000,0.000,-0.000,0.000,-0.036,0.052,0.03546,0.039,0.051,0.03188,2
1365,114024,10,1,0,0,0,0,0,7,0,0,0.040,0.000,0.03253,-0.000,0.000,-0.000,0.000,-0.000,0.000,-0.000,0.000,-0.036,0.052,0.03565,0.040,0.051,0.03234,2
1380,114034,10,1,0,0,0,0,0,7,0,0,0.040,0.080,0.03259,-0.000,0.000,-0.000,0.000,-0.000,0.000,-0.000,0.000,0.044,0.052,0.03571,0.040,0.051,0.03253,2
1380,114044,10,1,0,0,0,0,0,7,0,0,0.040,0.000,0.03254,-0.000,0.000,-0.000,0.000,-0.000,0.000,-0.000,0.000,-0.036,0.052,0.03566,0.120,0.051,0.03259,2
1396,114054,10,1,0,0,0,0,0,7,0,0,0.040,0.000,0.03237,-0.000,0.000,-0.000,0.000,-0.000,0.000,-0.000,0.000,-0.036,0.052,0.03549,0.040,0.051,0.03254,2
1412,114064,10,1,0,0,0,0,0,7,0,0,0.040,0.000,0.03219,-0.000,0.000,-0.000,0.000,-0.000,0.000,-0.000,0.000,-0.037,0.052,0.03531,0.040,0.051,0.03237,2
1412,114074,10,1,0,0,0,0,0,7,0,0,0.040,0.000,0.03214,-0.000,0.000,-0.000,0.000,-0.000,0.000,-0.000,0.000,-0.037,0.052,0.03526,0.039,0.051,0.03219,2
1427,114084,10,1,0,0,0,0,0,7,0,0,0.040,0.000,0.03241,-0.000,0.000,-0.000,0.000,-0.000,0.000,-0.000,0.000,-0.036,0.052,0.03553,0.039,0.051,0.03214,2
1443,114094,10,1,0,0,0,0,0,7,0,0,0.040,0.000,0.03232,-0.000,0.000,-0.000,0.000,-0.000,0.000,-0.000,0.000,-0.036,0.052,0.03544,0.040,0.051,0.03241,2
1443,114104,10,1,0,0,0,0,0,7,0,0,0.040,0.000,0.03229,-0.000,0.000,-0.000,0.000,-0.000,0.000,-0.000,0.000,-0.037,0.052,0.03541,0.040,0.051,0.03232,2
1459,114114,10,1,0,0,0,0,0,7,0,0,0.040,0.000,0.03225,-0.000,0.000,-0.000,0.000,-0.000,0.000,-0.000,0.000,-0.037,0.052,0.03537,0.039,0.051,0.03229,2
1475,114124,10,1,0,0,0,0,0,7,0,0,0.040,0.080,0.03213,-0.000,0.000,-0.000,0.000,-0.000,0.000,-0.000,0.000,0.043,0.052,0.03525,0.039,0.051,0.03225,2
1475,114134,10,1,0,0,0,0,0,7,0,0,0.040,0.080,0.03180,-0.000,0.000,-0.000,0.000,-0.000,0.000,-0.000,0.000,0.043,0.052,0.03492,0.119,0.051,0.03213,2
1491,114144,10,1,0,0,0,0,0,7,0,0,0.040,0.000,0.03188,-0.000,0.000,-0.000,0.000,-0.000,0.000,-0.000,0.000,-0.037,0.052,0.03500,0.119,0.051,0.03180,2
1491,114154,10,1,0,0,0,0,0,7,0,0,0.040,0.000,0.03177,-0.000,0.000,-0.000,0.000,-0.000,0.000,-0.000,0.000,-0.037,0.052,0.03489,0.039,0.051,0.03188,2
1505,114164,10,1,0,0,0,0,0,7,0,0,0.040,0.000,0.03181,-0.000,0.000,-0.000,0.000,-0.000,0.000,-0.000,0.000,-0.037,0.052,0.03493,0.039,0.051,0.03177,2
1520,114174,10,1,0,0,0,0,0,7,0,0,0.040,0.080,0.03213,-0.000,0.000,-0.000,0.000,-0.000,0.000,-0.000,0.000,0.043,0.052,0.03525,0.039,0.051,0.03181,2
1520,114184,10,1,0,0,0,0,0,7,0,0,0.040,0.080,0.03211,-0.000,0.000,-0.000,0.000,-0.000,0.000,-0.000,0.000,0.043,0.052,0.03523,0.119,0.051,0.03213,2
1536,114194,10,1,0,0,0,0,0,7,0,0,0.040,0.000,0.03234,-0.000,0.000,-0.000,0.000,-0.000,0.000,-0.000,0.000,-0.036,0.052,0.03546,0.119,0.051,0.03211,2
1552,114204,10,1,0,0,0,0,0,7,0,0,0.040,0.000,0.03250,-0.000,0.000,-0.000,0.000,-0.000,0.000,-0.000,0.000,-0.036,0.052,0.03562,0.040,0.051,0.03234,2
1552,114214,10,1,0,0,0,0,0,7,0,0,0.040,0.000,0.03248,-0.000,0.000,-0.000,0.000,-0.000,0.000,-0.000,0.000,-0.036,0.052,0.03560,0.040,0.051,0.03250,2
1567,114224,10,1,0,0,0,0,0,7,0,0,0.040,0.000,0.03241,-0.000,0.000,-0.000,0.000,-0.000,0.000,-0.000,0.000,-0.036,0.052,0.03553,0.040,0.051,0.03248,2
1583,114234,10,1,0,0,0,0,0,7,0,0,0.040,0.000,0.03241,-0.000,0.000,-0.000,0.000,-0.000,0.000,-0.000,0.000,-0.036,0.052,0.03553,0.040,0.051,0.03241,2
1583,114244,10,1,0,0,0,0,0,7,0,0,0.040,0.080,0.03243,-0.000,0.000,-0.000,0.000,-0.000,0.000,-0.000,0.000,0.043,0.052,0.03555,0.040,0.051,0.03241,2
1598,114254,10,1,0,0,0,0,0,7,0,0,0.040,0.000,0.03243,-0.000,0.000,-0.000,0.000,-0.000,0.000,-0.000,0.000,-0.036,0.052,0.03556,0.119,0.051,0.03243,2
1614,114264,10,1,0,0,0,0,0,7,0,0,0.040,0.000,0.03243,-0.000,0.000,-0.000,0.000,-0.000,0.000,-0.000,0.000,-0.036,0.052,0.03555,0.040,0.051,0.03243,2
1614,114274,10,1,0,0,0,0,0,7,0,0,0.040,0.000,0.03241,-0.000,0.000,-0.000,0.000,-0.000,0.000,-0.000,0.000,-0.036,0.052,0.03553,0.040,0.051,0.03243,2
1630,114284,10,1,0,0,0,0,0,7,0,0,0.040,0.000,0.03229,-0.000,0.000,-0.000,0.000,-0.000,0.000,-0.000,0.000,-0.037,0.052,0.03541,0.040,0.051,0.03241,2
1630,114294,10,1,0,0,0,0,0,7,0,0,0.040,0.080,0.03230,-0.000,0.000,-0.000,0.000,-0.000,0.000,-0.000,0.000,0.043,0.052,0.03542,0.039,0.051,0.03229,2
1645,114304,10,1,0,0,0,0,0,7,0,0,0.040,0.080,0.03242,-0.000,0.000,-0.000,0.000,-0.000,0.000,-0.000,0.000,0.043,0.052,0.03554,0.119,0.051,0.03230,2
1660,114314,10,1,0,0,0,0,0,7,0,0,0.040,0.000,0.03246,-0.000,0.000,-0.000,0.000,-0.000,0.000,-0.000,0.000,-0.036,0.052,0.03558,0.119,0.051,0.03242,2
1660,114324,10,1,0,0,0,0,0,7,0,0,0.040,0.080,0.03268,-0.000,0.000,-0.000,0.000,-0.000,0.000,-0.000,0.000,0.044,0.052,0.03580,0.040,0.051,0.03246,2
1676,114334,10,1,0,0,0,0,0,7,0,0,0.040,0.000,0.03257,-0.000,0.000,-0.000,0.000,-0.000,0.000,-0.000,0.000,-0.036,0.052,0.03569,0.120,0.051,0.03268,2
1691,114344,10,1,0,0,0,0,0,7,0,0,0.040,0.120,0.03232,-0.000,0.000,-0.000,0.000,-0.000,0.000,-0.000,0.000,0.083,0.052,0.03544,0.040,0.051,0.03257,2
1691,114354,10,1,0,0,0,0,0,7,0,0,0.040,0.080,0.03246,-0.000,0.000,-0.000,0.000,-0.000,0.000,-0.000,0.000,0.043,0.052,0.03558,0.159,0.051,0.03232,2
1708,114364,10,1,0,0,0,0,0,7,0,0,0.040,0.000,0.03243,-0.000,0.000,-0.000,0.000,-0.000,0.000,-0.000,0.000,-0.036,0.052,0.03555,0.119,0.051,0.03246,2
1724,114374,10,1,0,0,0,0,0,7,0,0,0.040,0.000,0.03249,-0.000,0.000,-0.000,0.000,-0.000,0.000,-0.000,0.000,-0.036,0.052,0.03561,0.040,0.051,0.03243,2
1724,114384,10,1,0,0,0,0,0,7,0,0,0.040,0.000,0.03253,-0.000,0.000,-0.000,0.000,-0.000,0.000,-0.000,0.000,-0.036,0.052,0.03565,0.040,0.051,0.03249,2
1739,114394,10,1,0,0,0,0,0,7,0,0,0.040,0.000,0.03253,-0.000,0.000,-0.000,0.000,-0.000,0.000,-0.000,0.000,-0.036,0.052,0.03565,0.040,0.051,0.03253,2
1754,114404,10,1,0,0,0,0,0,7,0,0,0.040,0.080,0.03253,-0.000,0.000,-0.000,0.000,-0.000,0.000,-0.000,0.000,0.044,0.052,0.03565,0.040,0.051,0.03253,2
1754,114414,10,1,0,0,0,0,0,7,0,0,0.040,0.000,0.03258,-0.000,0.000,-0.000,0.000,-0.000,0.000,-0.000,0.000,-0.036,0.052,0.03570,0.120,0.051,0.03253,2
1770,114424,10,1,0,0,0,0,0,7,0,0,0.040,0.000,0.03271,-0.000,0.000,-0.000,0.000,-0.000,0.000,-0.000,0.000,-0.036,0.052,0.03583,0.040,0.051,0.03258,2
1785,114434,10,1,0,0,0,0,0,7,0,0,0.040,0.000,0.03261,-0.000,0.000,-0.000,0.000,-0.000,0.000,-0.000,0.000,-0.036,0.052,0.03573,0.040,0.051,0.03271,2
1785,114444,10,1,0,0,0,0,0,7,0,0,0.040,0.080,0.03256,-0.000,0.000,-0.000,0.000,-0.000,0.000,-0.000,0.000,0.044,0.052,0.03568,0.040,0.051,0.03261,2
1800,114454,10,1,0,0,0,0,0,7,0,0,0.040,0.080,0.03222,-0.000,0.000,-0.000,0.000,-0.000,0.000,-0.000,0.000,0.043,0.052,0.03534,0.120,0.051,0.03256,2
1800,114464,10,1,0,0,0,0,0,7,0,0,0.040,0.000,0.03248,-0.000,0.000,-0.000,0.000,-0.000,0.000,-0.000,0.000,-0.036,0.052,0.03560,0.119,0.051,0.03222,2
1816,114474,10,1,0,0,0,0,0,7,0,0,0.040,0.000,0.03237,-0.000,0.000,-0.000,0.000,-0.000,0.000,-0.000,0.000,-0.036,0.052,0.03549,0.040,0.051,0.03248,2
1831,114484,10,1,0,0,0,0,0,7,0,0,0.040,0.080,0.03228,-0.000,0.000,-0.000,0.000,-0.000,0.000,-0.000,0.000,0.043,0.052,0.03541,0.040,0.051,0.03237,2
1831,114494,10,1,0,0,0,0,0,7,0,0,0.040,0.080,0.03226,-0.000,0.000,-0.000,0.000,-0.000,0.000,-0.000,0.000,0.043,0.052,0.03538,0.119,0.051,0.03228,2
1847,114504,10,1,0,0,0,0,0,7,0,0,0.040,0.000,0.03226,-0.000,0.000,-0.000,0.000,-0.000,0.000,-0.000,0.000,-0.037,0.052,0.03538,0.119,0.051,0.03226,2
1862,114514,10,1,0,0,0,0,0,7,0,0,0.040,0.000,0.03256,-0.000,0.000,-0.000,0.000,-0.000,0.000,-0.000,0.000,-0.036,0.052,0.03568,0.039,0.051,0.03226,2
1862,114524,10,1,0,0,0,0,0,7,0,0,0.040,0.000,0.03269,-0.000,0.000,-0.000,0.000,-0.000,0.000,-0.000,0.000,-0.036,0.052,0.03581,0.040,0.051,0.03256,2
1878,114534,10,1,0,0,0,0,0,7,0,0,0.040,0.000,0.03258,-0.000,0.000,-0.000,0.000,-0.000,0.000,-0.000,0.000,-0.036,0.052,0.03570,0.040,0.051,0.03269,2
1894,114544,10,1,0,0,0,0,0,7,0,0,0.040,0.000,0.03264,-0.000,0.000,-0.000,0.000,-0.000,0.000,-0.000,0.000,-0.036,0.052,0.03576,0.040,0.051,0.03258,2
1894,114554,10,1,0,0,0,0,0,7,0,0,0.040,0.000,0.03269,-0.000,0.000,-0.000,0.000,-0.000,0.000,-0.000,0.000,-0.036,0.052,0.03581,0.040,0.051,0.03264,2
1909,114564,10,1,0,0,0,0,0,7,0,0,0.040,0.080,0.03279,-0.000,0.000,-0.000,0.000,-0.000,0.000,-0.000,0.000,0.044,0.052,0.03591,0.040,0.051,0.03269,2
1925,114574,10,1,0,0,0,0,0,7,0,0,0.040,0.000,0.03267,-0.000,0.000,-0.000,0.000,-0.000,0.000,-0.000,0.000,-0.036,0.052,0.03579,0.120,0.051,0.03279,2
1925,114584,10,1,0,0,0,0,0,7,0,0,0.040,0.000,0.03252,-0.000,0.000,-0.000,0.000,-0.000,0.000,-0.000,0.000,-0.036,0.052,0.03564,0.040,0.051,0.03267,2
1940,114594,10,1,0,0,0,0,0,7,0,0,0.040,0.000,0.03248,-0.000,0.000,-0.000,0.000,-0.000,0.000,-0.000,0.000,-0.036,0.052,0.03560,0.040,0.051,0.03252,2
1940,114604,10,1,0,0,0,0,0,7,0,0,0.040,0.000,0.03256,-0.000,0.000,-0.000,0.000,-0.000,0.000,-0.000,0.000,-0.036,0.052,0.03568,0.040,0.051,0.03248,2
1956,114614,10,1,0,0,0,0,0,7,0,0,0.040,0.000,0.03239,-0.000,0.000,-0.000,0.000,-0.000,0.000,-0.000,0.000,-0.036,0.052,0.03551,0.040,0.051,0.03256,2
1971,114624,10,1,0,0,0,0,0,7,0,0,0.040,0.080,0.03265,-0.000,0.000,-0.000,0.000,-0.000,0.000,-0.000,0.000,0.044,0.052,0.03577,0.040,0.051,0.03239,2
1971,114634,10,1,0,0,0,0,0,7,0,0,0.040,0.000,0.03255,-0.000,0.000,-0.000,0.000,-0.000,0.000,-0.000,0.000,-0.036,0.052,0.03567,0.120,0.051,0.03265,2
1986,114644,10,1,0,0,0,0,0,7,0,0,0.040,0.000,0.03224,-0.000,0.000,-0.000,0.000,-0.000,0.000,-0.000,0.000,-0.037,0.052,0.03536,0.040,0.051,0.03255,2
2002,114654,10,1,0,0,0,0,0,7,0,0,0.040,0.120,0.03224,-0.000,0.000,-0.000,0.000,-0.000,0.000,-0.000,0.000,0.083,0.052,0.03536,0.039,0.051,0.03224,2
2002,114664,10,1,0,0,0,0,0,7,0,0,0.040,0.000,0.03214,-0.000,0.000,-0.000,0.000,-0.000,0.000,-0.000,0.000,-0.037,0.052,0.03526,0.159,0.051,0.03224,2
2017,114674,10,1,0,0,0,0,0,7,0,0,0.040,0.000,0.03220,-0.000,0.000,-0.000,0.000,-0.000,0.000,-0.000,0.000,-0.037,0.052,0.03532,0.039,0.051,0.03214,2
2033,114684,10,1,0,0,0,0,0,7,0,0,0.040,0.080,0.03208,-0.000,0.000,-0.000,0.000,-0.000,0.000,-0.000,0.000,0.043,0.052,0.03520,0.039,0.051,0.03220,2
2033,114694,10,1,0,0,0,0,0,7,0,0,0.040,0.000,0.03219,-0.000,0.000,-0.000,0.000,-0.000,0.000,-0.000,0.000,-0.037,0.052,0.03531,0.119,0.051,0.03208,2
2049,114704,10,1,0,0,0,0,0,7,0,0,0.040,0.000,0.03227,-0.000,0.000,-0.000,0.000,-0.000,0.000,-0.000,0.000,-0.037,0.052,0.03539,0.039,0.051,0.03219,2
2064,114714,10,1,0,0,0,0,0,7,0,0,0.040,0.000,0.03214,-0.000,0.000,-0.000,0.000,-0.000,0.000,-0.000,0.000,-0.037,0.052,0.03526,0.039,0.051,0.03227,2
2064,114724,10,1,0,0,0,0,0,7,0,0,0.040,0.000,0.03230,-0.000,0.000,-0.000,0.000,-0.000,0.000,-0.000,0.000,-0.036,0.052,0.03542,0.039,0.051,0.03214,2
2081,114734,10,1,0,0,0,0,0,7,0,0,0.040,0.000,0.03218,-0.000,0.000,-0.000,0.000,-0.000,0.000,-0.000,0.000,-0.037,0.052,0.03530,0.039,0.051,0.03230,2
2081,114744,10,1,0,0,0,0,0,7,0,0,0.040,0.000,0.03213,-0.000,0.000,-0.000,0.000,-0.000,0.000,-0.000,0.000,-0.037,0.052,0.03525,0.039,0.051,0.03218,2
2096,114754,10,1,0,0,0,0,0,7,0,0,0.040,0.080,0.03212,-0.000,0.000,-0.000,0.000,-0.000,0.000,-0.000,0.000,0.043,0.052,0.03524,0.039,0.051,0.03213,2
2111,114764,10,1,0,0,0,0,0,7,0,0,0.040,0.080,0.03236,-0.000,0.000,-0.000,0.000,-0.000,0.000,-0.000,0.000,0.043,0.052,0.03548,0.119,0.051,0.03212,2
2111,114774,10,1,0,0,0,0,0,7,0,0,0.040,0.000,0.03203,-0.000,0.000,-0.000,0.000,-0.000,0.000,-0.000,0.000,-0.037,0.052,0.03515,0.119,0.051,0.03236,2
2126,114784,10,1,0,0,0,0,0,7,0,0,0.040,0.080,0.03190,-0.000,0.000,-0.000,0.000,-0.000,0.000,-0.000,0.000,0.043,0.052,0.03502,0.039,0.051,0.03203,2
2142,114794,10,1,0,0,0,0,0,7,0,0,0.040,0.080,0.03170,-0.000,0.000,-0.000,0.000,-0.000,0.000,-0.000,0.000,0.043,0.052,0.03482,0.119,0.051,0.03190,2
2142,114804,10,1,0,0,0,0,0,7,0,0,0.040,0.000,0.03178,-0.000,0.000,-0.000,0.000,-0.000,0.000,-0.000,0.000,-0.037,0.052,0.03490,0.119,0.051,0.03170,2
2158,114814,10,1,0,0,0,0,0,7,0,0,0.040,0.000,0.03199,-0.000,0.000,-0.000,0.000,-0.000,0.000,-0.000,0.000,-0.037,0.052,0.03511,0.039,0.051,0.03178,2
2174,114824,10,1,0,0,0,0,0,7,0,0,0.040,0.000,0.03203,-0.000,0.000,-0.000,0.000,-0.000,0.000,-0.000,0.000,-0.037,0.052,0.03515,0.039,0.051,0.03199,2
2174,114834,10,1,0,0,0,0,0,7,0,0,0.040,0.080,0.03225,-0.000,0.000,-0.000,0.000,-0.000,0.000,-0.000,0.000,0.043,0.052,0.03537,0.039,0.051,0.03203,2
2188,114844,10,1,0,0,0,0,0,7,0,0,0.040,0.000,0.03246,-0.000,0.000,-0.000,0.000,-0.000,0.000,-0.000,0.000,-0.036,0.052,0.03558,0.119,0.051,0.03225,2
2204,114854,10,1,0,0,0,0,0,7,0,0,0.040,0.000,0.03246,-0.000,0.000,-0.000,0.000,-0.000,0.000,-0.000,0.000,-0.036,0.052,0.03558,0.040,0.051,0.03246,2
2204,114864,10,1,0,0,0,0,0,7,0,0,0.040,0.000,0.03249,-0.000,0.000,-0.000,0.000,-0.000,0.000,-0.000,0.000,-0.036,0.052,0.03561,0.040,0.051,0.03246,2
2220,114874,10,1,0,0,0,0,0,7,0,0,0.040,0.000,0.03266,-0.000,0.000,-0.000,0.000,-0.000,0.000,-0.000,0.000,-0.036,0.052,0.03578,0.040,0.051,0.03249,2
2220,114884,10,1,0,0,0,0,0,7,0,0,0.040,0.000,0.03312,-0.000,0.000,-0.000,0.000,-0.000,0.000,-0.000,0.000,-0.035,0.053,0.03624,0.040,0.051,0.03266,2
2235,114894,10,1,0,0,0,0,0,7,0,0,0.040,0.080,0.03316,-0.000,0.000,-0.000,0.000,-0.000,0.000,-0.000,0.000,0.044,0.053,0.03628,0.040,0.051,0.03312,2
2250,114904,10,1,0,0,0,0,0,7,0,0,0.040,0.000,0.03312,-0.000,0.000,-0.000,0.000,-0.000,0.000,-0.000,0.000,-0.035,0.053,0.03624,0.120,0.051,0.03316,2
2250,114914,10,1,0,0,0,0,0,7,0,0,0.040,0.080,0.03308,-0.000,0.000,-0.000,0.000,-0.000,0.000,-0.000,0.000,0.044,0.052,0.03620,0.040,0.051,0.03312,2
2266,114924,10,1,0,0,0,0,0,7,0,0,0.040,0.000,0.03294,-0.000,0.000,-0.000,0.000,-0.000,0.000,-0.000,0.000,-0.036,0.052,0.03606,0.120,0.051,0.03308,2
2297,114934,10,1,0,0,0,0,0,7,0,0,0.040,0.000,0.03274,-0.000,0.000,-0.000,0.000,-0.000,0.000,-0.000,0.000,-0.036,0.052,0.03586,0.040,0.051,0.03294,2
2297,114944,10,1,0,0,0,0,0,7,0,0,0.040,0.000,0.03269,-0.000,0.000,-0.000,0.000,-0.000,0.000,-0.000,0.000,-0.036,0.052,0.03581,0.040,0.051,0.03274,2
2297,114954,10,1,0,0,0,0,0,7,0,0,0.040,0.000,0.03273,-0.000,0.000,-0.000,0.000,-0.000,0.000,-0.000,0.000,-0.036,0.052,0.03585,0.040,0.051,0.03269,2
2313,114964,10,1,0,0,0,0,0,7,0,0,0.040,0.000,0.03257,-0.000,0.000,-0.000,0.000,-0.000,0.000,-0.000,0.000,-0.036,0.052,0.03570,0.040,0.051,0.03273,2
2313,114974,10,1,0,0,0,0,0,7,0,0,0.040,0.000,0.03244,-0.000,0.000,-0.000,0.000,-0.000,0.000,-0.000,0.000,-0.036,0.052,0.03556,0.040,0.051,0.03257,2
2328,114984,10,1,0,0,0,0,0,7,0,0,0.040,0.000,0.03251,-0.000,0.000,-0.000,0.000,-0.000,0.000,-0.000,0.000,-0.036,0.052,0.03563,0.040,0.051,0.03244,2
2344,114994,10,1,0,0,0,0,0,7,0,0,0.040,0.000,0.03240,-0.000,0.000,-0.000,0.000,-0.000,0.000,-0.000,0.000,-0.036,0.052,0.03552,0.040,0.051,0.03251,2
2344,115004,10,1,0,0,0,0,0,7,0,0,0.040,0.000,0.03267,-0.000,0.000,-0.000,0.000,-0.000,0.000,-0.000,0.000,-0.036,0.052,0.03579,0.040,0.051,0.03240,2
2374,115014,10,1,0,0,0,0,0,7,0,0,0.040,0.000,0.03241,-0.000,0.000,-0.000,0.000,-0.000,0.000,-0.000,0.000,-0.036,0.052,0.03553,0.040,0.051,0.03267,2
2374,115024,10,1,0,0,0,0,0,7,0,0,0.040,0.000,0.03235,-0.000,0.000,-0.000,0.000,-0.000,0.000,-0.000,0.000,-0.036,0.052,0.03547,0.040,0.051,0.03241,2
2374,115034,10,1,0,0,0,0,0,7,0,0,0.040,0.000,0.03229,-0.000,0.000,-0.000,0.000,-0.000,0.000,-0.000,0.000,-0.037,0.052,0.03541,0.040,0.051,0.03235,2
2406,115044,10,1,0,0,0,0,0,7,0,0,0.040,0.000,0.03213,-0.000,0.000,-0.000,0.000,-0.000,0.000,-0.000,0.000,-0.037,0.052,0.03525,0.039,0.051,0.03229,2
2406,115054,10,1,0,0,0,0,0,7,0,0,0.040,0.080,0.03204,-0.000,0.000,-0.000,0.000,-0.000,0.000,-0.000,0.000,0.043,0.052,0.03516,0.039,0.051,0.03213,2
2406,115064,10,1,0,0,0,0,0,7,0,0,0.040,0.000,0.03211,-0.000,0.000,-0.000,0.000,-0.000,0.000,-0.000,0.000,-0.037,0.052,0.03523,0.119,0.051,0.03204,2
2437,115074,10,1,0,0,0,0,0,7,0,0,0.040,0.000,0.03206,-0.000,0.000,-0.000,0.000,-0.000,0.000,-0.000,0.000,-0.037,0.052,0.03518,0.039,0.051,0.03211,2
2437,115084,10,1,0,0,0,0,0,7,0,0,0.040,0.000,0.03195,-0.000,0.000,-0.000,0.000,-0.000,0.000,-0.000,0.000,-0.037,0.052,0.03507,0.039,0.051,0.03206,2
2437,115094,10,1,0,0,0,0,0,7,0,0,0.040,0.000,0.03197,-0.000,0.000,-0.000,0.000,-0.000,0.000,-0.000,0.000,-0.037,0.052,0.03509,0.039,0.051,0.03195,2
2453,115104,10,1,0,0,0,0,0,7,0,0,0.040,0.000,0.03205,-0.000,0.000,-0.000,0.000,-0.000,0.000,-0.000,0.000,-0.037,0.052,0.03517,0.039,0.051,0.03197,2
2453,115114,10,1,0,0,0,0,0,7,0,0,0.040,0.000,0.03218,-0.000,0.000,-0.000,0.000,-0.000,0.000,-0.000,0.000,-0.037,0.052,0.03530,0.039,0.051,0.03205,2
2484,115124,10,1,0,0,0,0,0,7,0,0,0.040,0.000,0.03258,-0.000,0.000,-0.000,0.000,-0.000,0.000,-0.000,0.000,-0.036,0.052,0.03570,0.039,0.051,0.03218,2
2484,115134,10,1,0,0,0,0,0,7,0,0,0.040,0.000,0.03261,-0.000,0.000,-0.000,0.000,-0.000,0.000,-0.000,0.000,-0.036,0.052,0.03573,0.040,0.051,0.03258,2
2484,115144,10,1,0,0,0,0,0,7,0,0,0.040,0.000,0.03243,-0.000,0.000,-0.000,0.000,-0.000,0.000,-0.000,0.000,-0.036,0.052,0.03555,0.040,0.051,0.03261,2
2500,115154,10,1,0,0,0,0,0,7,0,0,0.040,0.000,0.03231,-0.000,0.000,-0.000,0.000,-0.000,0.000,-0.000,0.000,-0.036,0.052,0.03543,0.040,0.051,0.03243,2
2500,115164,10,1,0,0,0,0,0,7,0,0,0.040,0.000,0.03210,-0.000,0.000,-0.000,0.000,-0.000,0.000,-0.000,0.000,-0.037,0.052,0.03522,0.039,0.051,0.03231,2
2530,115174,10,1,0,0,0,0,0,7,0,0,0.040,0.000,0.03250,-0.000,0.000,-0.000,0.000,-0.000,0.000,-0.000,0.000,-0.036,0.052,0.03562,0.039,0.051,0.03210,2
2530,115184,10,1,0,0,0,0,0,7,0,0,0.040,0.000,0.03248,-0.000,0.000,-0.000,0.000,-0.000,0.000,-0.000,0.000,-0.036,0.052,0.03560,0.040,0.051,0.03250,2
2530,115194,10,1,0,0,0,0,0,7,0,0,0.040,0.000,0.03230,-0.000,0.000,-0.000,0.000,-0.000,0.000,-0.000,0.000,-0.036,0.052,0.03542,0.040,0.051,0.03248,2
2545,115204,10,1,0,0,0,0,0,7,0,0,0.040,0.000,0.03214,-0.000,0.000,-0.000,0.000,-0.000,0.000,-0.000,0.000,-0.037,0.052,0.03526,0.039,0.051,0.03230,2
2560,115214,10,1,0,0,0,0,0,7,0,0,0.040,0.000,0.03177,-0.000,0.000,-0.000,0.000,-0.000,0.000,-0.000,0.000,-0.037,0.052,0.03489,0.039,0.051,0.03214,2
2560,115224,10,1,0,0,0,0,0,7,0,0,0.040,0.000,0.03191,-0.000,0.000,-0.000,0.000,-0.000,0.000,-0.000,0.000,-0.037,0.052,0.03503,0.039,0.051,0.03177,2
2576,115234,10,1,0,0,0,0,0,7,0,0,0.040,0.080,0.03216,-0.000,0.000,-0.000,0.000,-0.000,0.000,-0.000,0.000,0.043,0.052,0.03528,0.039,0.051,0.03191,2
2608,115244,10,1,0,0,0,0,0,7,0,0,0.040,0.000,0.03252,-0.000,0.000,-0.000,0.000,-0.000,0.000,-0.000,0.000,-0.036,0.052,0.03564,0.119,0.051,0.03216,2
2608,115254,10,1,0,0,0,0,0,7,0,0,0.040,0.000,0.03268,-0.000,0.000,-0.000,0.000,-0.000,0.000,-0.000,0.000,-0.036,0.052,0.03580,0.040,0.051,0.03252,2
2608,115264,10,1,0,0,0,0,0,7,0,0,0.040,0.000,0.03289,-0.000,0.000,-0.000,0.000,-0.000,0.000,-0.000,0.000,-0.036,0.052,0.03602,0.040,0.051,0.03268,2
2623,115274,10,1,0,0,0,0,0,7,0,0,0.040,0.000,0.03267,-0.000,0.000,-0.000,0.000,-0.000,0.000,-0.000,0.000,-0.036,0.052,0.03579,0.040,0.051,0.03289,2
2623,115284,10,1,0,0,0,0,0,7,0,0,0.040,0.080,0.03251,-0.000,0.000,-0.000,0.000,-0.000,0.000,-0.000,0.000,0.044,0.052,0.03563,0.040,0.051,0.03267,2
2638,115294,10,1,0,0,0,0,0,7,0,0,0.040,0.000,0.03261,-0.000,0.000,-0.000,0.000,-0.000,0.000,-0.000,0.000,-0.036,0.052,0.03573,0.120,0.051,0.03251,2
2653,115304,10,1,0,0,0,0,0,7,0,0,0.040,0.000,0.03257,-0.000,0.000,-0.000,0.000,-0.000,0.000,-0.000,0.000,-0.036,0.052,0.03570,0.040,0.051,0.03261,2
2653,115314,10,1,0,0,0,0,0,7,0,0,0.040,0.080,0.03255,-0.000,0.000,-0.000,0.000,-0.000,0.000,-0.000,0.000,0.044,0.052,0.03567,0.040,0.051,0.03257,2
2668,115324,10,1,0,0,0,0,0,7,0,0,0.040,0.000,0.03270,-0.000,0.000,-0.000,0.000,-0.000,0.000,-0.000,0.000,-0.036,0.052,0.03582,0.120,0.051,0.03255,2
2684,115334,10,1,0,0,0,0,0,7,0,0,0.040,0.000,0.03283,-0.000,0.000,-0.000,0.000,-0.000,0.000,-0.000,0.000,-0.036,0.052,0.03595,0.040,0.051,0.03270,2
2684,115344,10,1,0,0,0,0,0,7,0,0,0.040,0.000,0.03266,-0.000,0.000,-0.000,0.000,-0.000,0.000,-0.000,0.000,-0.036,0.052,0.03578,0.040,0.051,0.03283,2
2700,115354,10,1,0,0,0,0,0,7,0,0,0.040,0.000,0.03268,-0.000,0.000,-0.000,0.000,-0.000,0.000,-0.000,0.000,-0.036,0.052,0.03580,0.040,0.051,0.03266,2
2700,115364,10,1,0,0,0,0,0,7,0,0,0.040,0.000,0.03264,-0.000,0.000,-0.000,0.000,-0.000,0.000,-0.000,0.000,-0.036,0.052,0.03576,0.040,0.051,0.03268,2
2715,115374,10,1,0,0,0,0,0,7,0,0,0.040,0.000,0.03250,-0.000,0.000,-0.000,0.000,-0.000,0.000,-0.000,0.000,-0.036,0.052,0.03562,0.040,0.051,0.03264,2
2731,115384,10,1,0,0,0,0,0,7,0,0,0.040,0.000,0.03255,-0.000,0.000,-0.000,0.000,-0.000,0.000,-0.000,0.000,-0.036,0.052,0.03568,0.040,0.051,0.03250,2
2731,115394,10,1,0,0,0,0,0,7,0,0,0.040,0.000,0.03253,-0.000,0.000,-0.000,0.000,-0.000,0.000,-0.000,0.000,-0.036,0.052,0.03565,0.040,0.051,0.03255,2
2747,115404,10,1,0,0,0,0,0,7,0,0,0.040,0.000,0.03254,-0.000,0.000,-0.000,0.000,-0.000,0.000,-0.000,0.000,-0.036,0.052,0.03566,0.040,0.051,0.03253,2
2762,115414,10,1,0,0,0,0,0,7,0,0,0.040,0.000,0.03272,-0.000,0.000,-0.000,0.000,-0.000,0.000,-0.000,0.000,-0.036,0.052,0.03584,0.040,0.051,0.03254,2
2762,115424,10,1,0,0,0,0,0,7,0,0,0.040,0.000,0.03243,-0.000,0.000,-0.000,0.000,-0.000,0.000,-0.000,0.000,-0.036,0.052,0.03555,0.040,0.051,0.03272,2
2777,115434,10,1,0,0,0,0,0,7,0,0,0.040,0.000,0.03234,-0.000,0.000,-0.000,0.000,-0.000,0.000,-0.000,0.000,-0.036,0.052,0.03546,0.040,0.051,0.03243,2
2793,115444,10,1,0,0,0,0,0,7,0,0,0.040,0.000,0.03241,-0.000,0.000,-0.000,0.000,-0.000,0.000,-0.000,0.000,-0.036,0.052,0.03553,0.040,0.051,0.03234,2
2793,115454,10,1,0,0,0,0,0,7,0,0,0.040,0.000,0.03230,-0.000,0.000,-0.000,0.000,-0.000,0.000,-0.000,0.000,-0.036,0.052,0.03542,0.040,0.051,0.03241,2
2809,115464,10,1,0,0,0,0,0,7,0,0,0.040,0.000,0.03226,-0.000,0.000,-0.000,0.000,-0.000,0.000,-0.000,0.000,-0.037,0.052,0.03538,0.039,0.051,0.03230,2
2824,115474,10,1,0,0,0,0,0,7,0,0,0.040,0.000,0.03221,-0.000,0.000,-0.000,0.000,-0.000,0.000,-0.000,0.000,-0.037,0.052,0.03533,0.039,0.051,0.03226,2
2824,115484,10,1,0,0,0,0,0,7,0,0,0.040,0.000,0.03201,-0.000,0.000,-0.000,0.000,-0.000,0.000,-0.000,0.000,-0.037,0.052,0.03514,0.039,0.051,0.03221,2
2840,115494,10,1,0,0,0,0,0,7,0,0,0.040,0.080,0.03197,-0.000,0.000,-0.000,0.000,-0.000,0.000,-0.000,0.000,0.043,0.052,0.03509,0.039,0.051,0.03201,2
2840,115504,10,1,0,0,0,0,0,7,0,0,0.040,0.000,0.03203,-0.000,0.000,-0.000,0.000,-0.000,0.000,-0.000,0.000,-0.037,0.052,0.03515,0.119,0.051,0.03197,2
2855,115514,10,1,0,0,0,0,0,7,0,0,0.040,0.000,0.03222,-0.000,0.000,-0.000,0.000,-0.000,0.000,-0.000,0.000,-0.037,0.052,0.03534,0.039,0.051,0.03203,2
2871,115524,10,1,0,0,0,0,0,7,0,0,0.040,0.080,0.03204,-0.000,0.000,-0.000,0.000,-0.000,0.000,-0.000,0.000,0.043,0.052,0.03516,0.039,0.051,0.03222,2
2871,115534,10,1,0,0,0,0,0,7,0,0,0.040,0.000,0.03194,-0.000,0.000,-0.000,0.000,-0.000,0.000,-0.000,0.000,-0.037,0.052,0.03506,0.119,0.051,0.03204,2
2888,115544,10,1,0,0,0,0,0,7,0,0,0.040,0.000,0.03187,-0.000,0.000,-0.000,0.000,-0.000,0.000,-0.000,0.000,-0.037,0.052,0.03499,0.039,0.051,0.03194,2
2903,115554,10,1,0,0,0,0,0,7,0,0,0.040,0.000,0.03202,-0.000,0.000,-0.000,0.000,-0.000,0.000,-0.000,0.000,-0.037,0.052,0.03514,0.039,0.051,0.03187,2
2903,115564,10,1,0,0,0,0,0,7,0,0,0.040,0.000,0.03186,-0.000,0.000,-0.000,0.000,-0.000,0.000,-0.000,0.000,-0.037,0.052,0.03498,0.039,0.051,0.03202,2
2918,115574,10,1,0,0,0,0,0,7,0,0,0.040,0.080,0.03213,-0.000,0.000,-0.000,0.000,-0.000,0.000,-0.000,0.000,0.043,0.052,0.03525,0.039,0.051,0.03186,2
2933,115584,10,1,0,0,0,0,0,7,0,0,0.040,0.080,0.03239,-0.000,0.000,-0.000,0.000,-0.000,0.000,-0.000,0.000,0.043,0.052,0.03551,0.119,0.051,0.03213,2
2933,115594,10,1,0,0,0,0,0,7,0,0,0.040,0.000,0.03239,-0.000,0.000,-0.000,0.000,-0.000,0.000,-0.000,0.000,-0.036,0.052,0.03551,0.119,0.051,0.03239,2
2949,115604,10,1,0,0,0,0,0,7,0,0,0.040,0.000,0.03245,-0.000,0.000,-0.000,0.000,-0.000,0.000,-0.000,0.000,-0.036,0.052,0.03557,0.040,0.051,0.03239,2
2965,115614,10,1,0,0,0,0,0,7,0,0,0.040,0.000,0.03260,-0.000,0.000,-0.000,0.000,-0.000,0.000,-0.000,0.000,-0.036,0.052,0.03572,0.040,0.051,0.03245,2
2965,115624,10,1,0,0,0,0,0,7,0,0,0.040,0.000,0.03279,-0.000,0.000,-0.000,0.000,-0.000,0.000,-0.000,0.000,-0.036,0.052,0.03591,0.040,0.051,0.03260,2
2980,115634,10,1,0,0,0,0,0,7,0,0,0.040,0.000,0.03281,-0.000,0.000,-0.000,0.000,-0.000,0.000,-0.000,0.000,-0.036,0.052,0.03593,0.040,0.051,0.03279,2
2980,115644,10,1,0,0,0,0,0,7,0,0,0.040,0.000,0.03279,-0.000,0.000,-0.000,0.000,-0.000,0.000,-0.000,0.000,-0.036,0.052,0.03591,0.040,0.051,0.03281,2
2996,115654,10,1,0,0,0,0,0,7,0,0,0.040,0.080,0.03273,-0.000,0.000,-0.000,0.000,-0.000,0.000,-0.000,0.000,0.044,0.052,0.03585,0.040,0.051,0.03279,2
3011,115664,10,1,0,0,0,0,0,7,0,0,0.040,0.000,0.03259,-0.000,0.000,-0.000,0.000,-0.000,0.000,-0.000,0.000,-0.036,0.052,0.03572,0.120,0.051,0.03273,2
3011,115674,10,1,0,0,0,0,0,7,0,0,0.040,0.000,0.03271,-0.000,0.000,-0.000,0.000,-0.000,0.000,-0.000,0.000,-0.036,0.052,0.03583,0.040,0.051,0.03259,2
3027,115684,10,1,0,0,0,0,0,7,0,0,0.040,0.000,0.03267,-0.000,0.000,-0.000,0.000,-0.000,0.000,-0.000,0.000,-0.036,0.052,0.03579,0.040,0.051,0.03271,2
3042,115694,10,1,0,0,0,0,0,7,0,0,0.040,0.080,0.03292,-0.000,0.000,-0.000,0.000,-0.000,0.000,-0.000,0.000,0.044,0.052,0.03604,0.040,0.051,0.03267,2
3042,115704,10,1,0,0,0,0,0,7,0,0,0.040,0.000,0.03272,-0.000,0.000,-0.000,0.000,-0.000,0.000,-0.000,0.000,-0.036,0.052,0.03584,0.120,0.051,0.03292,2
3058,115714,10,1,0,0,0,0,0,7,0,0,0.040,0.000,0.03281,-0.000,0.000,-0.000,0.000,-0.000,0.000,-0.000,0.000,-0.036,0.052,0.03594,0.040,0.051,0.03272,2
3074,115724,10,1,0,0,0,0,0,7,0,0,0.040,0.000,0.03271,-0.000,0.000,-0.000,0.000,-0.000,0.000,-0.000,0.000,-0.036,0.052,0.03583,0.040,0.051,0.03281,2
3074,115734,10,1,0,0,0,0,0,7,0,0,0.040,0.000,0.03260,-0.000,0.000,-0.000,0.000,-0.000,0.000,-0.000,0.000,-0.036,0.052,0.03572,0.040,0.051,0.03271,2
3089,115744,10,1,0,0,0,0,0,7,0,0,0.040,0.000,0.03285,-0.000,0.000,-0.000,0.000,-0.000,0.000,-0.000,0.000,-0.036,0.052,0.03597,0.040,0.051,0.03260,2
3105,115754,10,1,0,0,0,0,0,7,0,0,0.040,0.080,0.03301,-0.000,0.000,-0.000,0.000,-0.000,0.000,-0.000,0.000,0.044,0.052,0.03613,0.040,0.051,0.03285,2
3105,115764,10,1,0,0,0,0,0,7,0,0,0.040,0.080,0.03276,-0.000,0.000,-0.000,0.000,-0.000,0.000,-0.000,0.000,0.044,0.052,0.03588,0.120,0.051,0.03301,2
3121,115774,10,1,0,0,0,0,0,7,0,0,0.040,0.000,0.03262,-0.000,0.000,-0.000,0.000,-0.000,0.000,-0.000,0.000,-0.036,0.052,0.03575,0.120,0.051,0.03276,2
3121,115784,10,1,0,0,0,0,0,7,0,0,0.040,0.080,0.03231,-0.000,0.000,-0.000,0.000,-0.000,0.000,-0.000,0.000,0.043,0.052,0.03543,0.040,0.051,0.03262,2
3136,115794,10,1,0,0,0,0,0,7,0,0,0.040,0.080,0.03237,-0.000,0.000,-0.000,0.000,-0.000,0.000,-0.000,0.000,0.043,0.052,0.03549,0.119,0.051,0.03231,2
3151,115804,10,1,0,0,0,0,0,7,0,0,0.040,0.080,0.03226,-0.000,0.000,-0.000,0.000,-0.000,0.000,-0.000,0.000,0.043,0.052,0.03539,0.119,0.051,0.03237,2
3151,115814,10,1,0,0,0,0,0,7,0,0,0.040,0.000,0.03205,-0.000,0.000,-0.000,0.000,-0.000,0.000,-0.000,0.000,-0.037,0.052,0.03517,0.119,0.051,0.03226,2
3167,115824,10,1,0,0,0,0,0,7,0,0,0.040,0.000,0.03208,-0.000,0.000,-0.000,0.000,-0.000,0.000,-0.000,0.000,-0.037,0.052,0.03520,0.039,0.051,0.03205,2
3183,115834,10,1,0,0,0,0,0,7,0,0,0.040,0.080,0.03214,-0.000,0.000,-0.000,0.000,-0.000,0.000,-0.000,0.000,0.043,0.052,0.03526,0.039,0.051,0.03208,2
3183,115844,10,1,0,0,0,0,0,7,0,0,0.040,0.000,0.03218,-0.000,0.000,-0.000,0.000,-0.000,0.000,-0.000,0.000,-0.037,0.052,0.03530,0.119,0.051,0.03214,2
3198,115854,10,1,0,0,0,0,0,7,0,0,0.040,0.080,0.03256,-0.000,0.000,-0.000,0.000,-0.000,0.000,-0.000,0.000,0.044,0.052,0.03569,0.039,0.051,0.03218,2
3214,115864,10,1,0,0,0,0,0,7,0,0,0.040,0.000,0.03255,-0.000,0.000,-0.000,0.000,-0.000,0.000,-0.000,0.000,-0.036,0.052,0.03567,0.120,0.051,0.03256,2
3214,115874,10,1,0,0,0,0,0,7,0,0,0.040,0.000,0.03253,-0.000,0.000,-0.000,0.000,-0.000,0.000,-0.000,0.000,-0.036,0.052,0.03565,0.040,0.051,0.03255,2
3230,115884,10,1,0,0,0,0,0,7,0,0,0.040,0.000,0.03251,-0.000,0.000,-0.000,0.000,-0.000,0.000,-0.000,0.000,-0.036,0.052,0.03563,0.040,0.051,0.03253,2
3230,115894,10,1,0,0,0,0,0,7,0,0,0.040,0.000,0.03252,-0.000,0.000,-0.000,0.000,-0.000,0.000,-0.000,0.000,-0.036,0.052,0.03564,0.040,0.051,0.03251,2
3246,115904,10,1,0,0,0,0,0,7,0,0,0.040,0.000,0.03247,-0.000,0.000,-0.000,0.000,-0.000,0.000,-0.000,0.000,-0.036,0.052,0.03560,0.040,0.051,0.03252,2
3261,115914,10,1,0,0,0,0,0,7,0,0,0.040,0.080,0.03274,-0.000,0.000,-0.000,0.000,-0.000,0.000,-0.000,0.000,0.044,0.052,0.03586,0.040,0.051,0.03247,2
3261,115924,10,1,0,0,0,0,0,7,0,0,0.040,0.000,0.03269,-0.000,0.000,-0.000,0.000,-0.000,0.000,-0.000,0.000,-0.036,0.052,0.03582,0.120,0.051,0.03274,2
3277,115934,10,1,0,0,0,0,0,7,0,0,0.040,0.000,0.03287,-0.000,0.000,-0.000,0.000,-0.000,0.000,-0.000,0.000,-0.036,0.052,0.03599,0.040,0.051,0.03269,2
3292,115944,10,1,0,0,0,0,0,7,0,0,0.040,0.000,0.03275,-0.000,0.000,-0.000,0.000,-0.000,0.000,-0.000,0.000,-0.036,0.052,0.03587,0.040,0.051,0.03287,2
3292,115954,10,1,0,0,0,0,0,7,0,0,0.040,0.000,0.03267,-0.000,0.000,-0.000,0.000,-0.000,0.000,-0.000,0.000,-0.036,0.052,0.03579,0.040,0.051,0.03275,2
3309,115964,10,1,0,0,0,0,0,7,0,0,0.040,0.000,0.03254,-0.000,0.000,-0.000,0.000,-0.000,0.000,-0.000,0.000,-0.036,0.052,0.03566,0.040,0.051,0.03267,2
3324,115974,10,1,0,0,0,0,0,7,0,0,0.040,0.000,0.03252,-0.000,0.000,-0.000,0.000,-0.000,0.000,-0.000,0.000,-0.036,0.052,0.03564,0.040,0.051,0.03254,2
3324,115984,10,1,0,0,0,0,0,7,0,0,0.040,0.000,0.03260,-0.000,0.000,-0.000,0.000,-0.000,0.000,-0.000,0.000,-0.036,0.052,0.03572,0.040,0.051,0.03252,2
3340,115994,10,1,0,0,0,0,0,7,0,0,0.040,0.000,0.03252,-0.000,0.000,-0.000,0.000,-0.000,0.000,-0.000,0.000,-0.036,0.052,0.03564,0.040,0.051,0.03260,2
3340,116004,10,1,0,0,0,0,0,7,0,0,0.040,0.000,0.03253,-0.000,0.000,-0.000,0.000,-0.000,0.000,-0.000,0.000,-0.036,0.052,0.03565,0.040,0.051,0.03252,2
3355,116014,10,1,0,0,0,0,0,7,0,0,0.040,0.000,0.03282,-0.000,0.000,-0.000,0.000,-0.000,0.000,-0.000,0.000,-0.036,0.052,0.03594,0.040,0.051,0.03253,2
3371,116024,10,1,0,0,0,0,0,7,0,0,0.040,0.000,0.03284,-0.000,0.000,-0.000,0.000,-0.000,0.000,-0.000,0.000,-0.036,0.052,0.03596,0.040,0.051,0.03282,2
3371,116034,10,1,0,0,0,0,0,7,0,0,0.040,0.080,0.03290,-0.000,0.000,-0.000,0.000,-0.000,0.000,-0.000,0.000,0.044,0.052,0.03602,0.040,0.051,0.03284,2
3386,116044,10,1,0,0,0,0,0,7,0,0,0.040,0.000,0.03296,-0.000,0.000,-0.000,0.000,-0.000,0.000,-0.000,0.000,-0.036,0.052,0.03608,0.120,0.051,0.03290,2
3402,116054,10,1,0,0,0,0,0,7,0,0,0.040,0.000,0.03295,-0.000,0.000,-0.000,0.000,-0.000,0.000,-0.000,0.000,-0.036,0.052,0.03607,0.040,0.051,0.03296,2
3402,116064,10,1,0,0,0,0,0,7,0,0,0.040,0.000,0.03288,-0.000,0.000,-0.000,0.000,-0.000,0.000,-0.000,0.000,-0.036,0.052,0.03600,0.040,0.051,0.03295,2
3418,116074,10,1,0,0,0,0,0,7,0,0,0.040,0.000,0.03253,-0.000,0.000,-0.000,0.000,-0.000,0.000,-0.000,0.000,-0.036,0.052,0.03565,0.040,0.051,0.03288,2
3433,116084,10,1,0,0,0,0,0,7,0,0,0.040,0.000,0.03230,-0.000,0.000,-0.000,0.000,-0.000,0.000,-0.000,0.000,-0.036,0.052,0.03542,0.040,0.051,0.03253,2
3433,116094,10,1,0,0,0,0,0,7,0,0,0.040,0.080,0.03234,-0.000,0.000,-0.000,0.000,-0.000,0.000,-0.000,0.000,0.043,0.052,0.03546,0.039,0.051,0.03230,2
3448,116104,10,1,0,0,0,0,0,7,0,0,0.040,0.080,0.03241,-0.000,0.000,-0.000,0.000,-0.000,0.000,-0.000,0.000,0.043,0.052,0.03553,0.119,0.051,0.03234,2
3464,116114,10,1,0,0,0,0,0,7,0,0,0.040,0.000,0.03262,-0.000,0.000,-0.000,0.000,-0.000,0.000,-0.000,0.000,-0.036,0.052,0.03574,0.119,0.051,0.03241,2
3464,116124,10,1,0,0,0,0,0,7,0,0,0.040,0.000,0.03283,-0.000,0.000,-0.000,0.000,-0.000,0.000,-0.000,0.000,-0.036,0.052,0.03595,0.040,0.051,0.03262,2
3480,116134,10,1,0,0,0,0,0,7,0,0,0.040,0.000,0.03308,-0.000,0.000,-0.000,0.000,-0.000,0.000,-0.000,0.000,-0.036,0.053,0.03620,0.040,0.051,0.03283,2
3480,116144,10,1,0,0,0,0,0,7,0,0,0.040,0.080,0.03298,-0.000,0.000,-0.000,0.000,-0.000,0.000,-0.000,0.000,0.044,0.052,0.03610,0.040,0.051,0.03308,2
3496,116154,10,1,0,0,0,0,0,7,0,0,0.040,0.000,0.03270,-0.000,0.000,-0.000,0.000,-0.000,0.000,-0.000,0.000,-0.036,0.052,0.03582,0.120,0.051,0.03298,2
3512,116164,10,1,0,0,0,0,0,7,0,0,0.040,0.000,0.03261,-0.000,0.000,-0.000,0.000,-0.000,0.000,-0.000,0.000,-0.036,0.052,0.03573,0.040,0.051,0.03270,2
3512,116174,10,1,0,0,0,0,0,7,0,0,0.040,0.080,0.03266,-0.000,0.000,-0.000,0.000,-0.000,0.000,-0.000,0.000,0.044,0.052,0.03578,0.040,0.051,0.03261,2
3527,116184,10,1,0,0,0,0,0,7,0,0,0.040,0.080,0.03248,-0.000,0.000,-0.000,0.000,-0.000,0.000,-0.000,0.000,0.044,0.052,0.03560,0.120,0.051,0.03266,2
3543,116194,10,1,0,0,0,0,0,7,0,0,0.040,0.000,0.03271,-0.000,0.000,-0.000,0.000,-0.000,0.000,-0.000,0.000,-0.036,0.052,0.03583,0.120,0.051,0.03248,2
3543,116204,10,1,0,0,0,0,0,7,0,0,0.040,0.000,0.03295,-0.000,0.000,-0.000,0.000,-0.000,0.000,-0.000,0.000,-0.036,0.052,0.03607,0.040,0.051,0.03271,2
3559,116214,10,1,0,0,0,0,0,7,0,0,0.040,0.000,0.03266,-0.000,0.000,-0.000,0.000,-0.000,0.000,-0.000,0.000,-0.036,0.052,0.03578,0.040,0.051,0.03295,2
3574,116224,10,1,0,0,0,0,0,7,0,0,0.040,0.000,0.03258,-0.000,0.000,-0.000,0.000,-0.000,0.000,-0.000,0.000,-0.036,0.052,0.03570,0.040,0.051,0.03266,2
3574,116234,10,1,0,0,0,0,0,7,0,0,0.040,0.000,0.03255,-0.000,0.000,-0.000,0.000,-0.000,0.000,-0.000,0.000,-0.036,0.052,0.03567,0.040,0.051,0.03258,2
3589,116244,10,1,0,0,0,0,0,7,0,0,0.040,0.080,0.03241,-0.000,0.000,-0.000,0.000,-0.000,0.000,-0.000,0.000,0.043,0.052,0.03553,0.040,0.051,0.03255,2
3604,116254,10,1,0,0,0,0,0,7,0,0,0.040,0.000,0.03248,-0.000,0.000,-0.000,0.000,-0.000,0.000,-0.000,0.000,-0.036,0.052,0.03560,0.119,0.051,0.03241,2
3604,116264,10,1,0,0,0,0,0,7,0,0,0.040,0.000,0.03244,-0.000,0.000,-0.000,0.000,-0.000,0.000,-0.000,0.000,-0.036,0.052,0.03556,0.040,0.051,0.03248,2
3620,116274,10,1,0,0,0,0,0,7,0,0,0.040,0.080,0.03272,-0.000,0.000,-0.000,0.000,-0.000,0.000,-0.000,0.000,0.044,0.052,0.03584,0.040,0.051,0.03244,2
3620,116284,10,1,0,0,0,0,0,7,0,0,0.040,0.000,0.03260,-0.000,0.000,-0.000,0.000,-0.000,0.000,-0.000,0.000,-0.036,0.052,0.03572,0.120,0.051,0.03272,2
3635,116294,10,1,0,0,0,0,0,7,0,0,0.040,0.000,0.03269,-0.000,0.000,-0.000,0.000,-0.000,0.000,-0.000,0.000,-0.036,0.052,0.03581,0.040,0.051,0.03260,2
3650,116304,10,1,0,0,0,0,0,7,0,0,0.040,0.000,0.03255,-0.000,0.000,-0.000,0.000,-0.000,0.000,-0.000,0.000,-0.036,0.052,0.03567,0.040,0.051,0.03269,2
3650,116314,10,1,0,0,0,0,0,7,0,0,0.040,0.080,0.03250,-0.000,0.000,-0.000,0.000,-0.000,0.000,-0.000,0.000,0.044,0.052,0.03562,0.040,0.051,0.03255,2
3666,116324,10,1,0,0,0,0,0,7,0,0,0.040,0.080,0.03240,-0.000,0.000,-0.000,0.000,-0.000,0.000,-0.000,0.000,0.043,0.052,0.03552,0.120,0.051,0.03250,2
3682,116334,10,1,0,0,0,0,0,7,0,0,0.040,0.000,0.03239,-0.000,0.000,-0.000,0.000,-0.000,0.000,-0.000,0.000,-0.036,0.052,0.03551,0.119,0.051,0.03240,2
3682,116344,10,1,0,0,0,0,0,7,0,0,0.040,0.000,0.03243,-0.000,0.000,-0.000,0.000,-0.000,0.000,-0.000,0.000,-0.036,0.052,0.03555,0.040,0.051,0.03239,2
3698,116354,10,1,0,0,0,0,0,7,0,0,0.040,0.000,0.03246,-0.000,0.000,-0.000,0.000,-0.000,0.000,-0.000,0.000,-0.036,0.052,0.03558,0.040,0.051,0.03243,2
3714,116364,10,1,0,0,0,0,0,7,0,0,0.040,0.000,0.03271,-0.000,0.000,-0.000,0.000,-0.000,0.000,-0.000,0.000,-0.036,0.052,0.03583,0.040,0.051,0.03246,2
3714,116374,10,1,0,0,0,0,0,7,0,0,0.040,0.000,0.03282,-0.000,0.000,-0.000,0.000,-0.000,0.000,-0.000,0.000,-0.036,0.052,0.03594,0.040,0.051,0.03271,2
3729,116384,10,1,0,0,0,0,0,7,0,0,0.040,0.000,0.03271,-0.000,0.000,-0.000,0.000,-0.000,0.000,-0.000,0.000,-0.036,0.052,0.03583,0.040,0.051,0.03282,2
3744,116394,10,1,0,0,0,0,0,7,0,0,0.040,0.000,0.03265,-0.000,0.000,-0.000,0.000,-0.000,0.000,-0.000,0.000,-0.036,0.052,0.03577,0.040,0.051,0.03271,2
3744,116404,10,1,0,0,0,0,0,7,0,0,0.040,0.000,0.03253,-0.000,0.000,-0.000,0.000,-0.000,0.000,-0.000,0.000,-0.036,0.052,0.03565,0.040,0.051,0.03265,2
3760,116414,10,1,0,0,0,0,0,7,0,0,0.040,0.000,0.03260,-0.000,0.000,-0.000,0.000,-0.000,0.000,-0.000,0.000,-0.036,0.052,0.03572,0.040,0.051,0.03253,2
3760,116424,10,1,0,0,0,0,0,7,0,0,0.040,0.000,0.03264,-0.000,0.000,-0.000,0.000,-0.000,0.000,-0.000,0.000,-0.036,0.052,0.03576,0.040,0.051,0.03260,2
3775,116434,10,1,0,0,0,0,0,7,0,0,0.040,0.000,0.03246,-0.000,0.000,-0.000,0.000,-0.000,0.000,-0.000,0.000,-0.036,0.052,0.03558,0.040,0.051,0.03264,2
3791,116444,10,1,0,0,0,0,0,7,0,0,0.040,0.000,0.03255,-0.000,0.000,-0.000,0.000,-0.000,0.000,-0.000,0.000,-0.036,0.052,0.03567,0.040,0.051,0.03246,2
3791,116454,10,1,0,0,0,0,0,7,0,0,0.040,0.000,0.03270,-0.000,0.000,-0.000,0.000,-0.000,0.000,-0.000,0.000,-0.036,0.052,0.03582,0.040,0.051,0.03255,2
3806,116464,10,1,0,0,0,0,0,7,0,0,0.040,0.080,0.03297,-0.000,0.000,-0.000,0.000,-0.000,0.000,-0.000,0.000,0.044,0.052,0.03609,0.040,0.051,0.03270,2
3823,116474,10,1,0,0,0,0,0,7,0,0,0.040,0.000,0.03295,-0.000,0.000,-0.000,0.000,-0.000,0.000,-0.000,0.000,-0.036,0.052,0.03607,0.120,0.051,0.03297,2
3823,116484,10,1,0,0,0,0,0,7,0,0,0.040,0.000,0.03289,-0.000,0.000,-0.000,0.000,-0.000,0.000,-0.000,0.000,-0.036,0.052,0.03601,0.040,0.051,0.03295,2
3838,116494,10,1,0,0,0,0,0,7,0,0,0.040,0.080,0.03280,-0.000,0.000,-0.000,0.000,-0.000,0.000,-0.000,0.000,0.044,0.052,0.03592,0.040,0.051,0.03289,2
3854,116504,10,1,0,0,0,0,0,7,0,0,0.040,0.000,0.03287,-0.000,0.000,-0.000,0.000,-0.000,0.000,-0.000,0.000,-0.036,0.052,0.03599,0.120,0.051,0.03280,2
3854,116514,10,1,0,0,0,0,0,7,0,0,0.040,0.080,0.03294,-0.000,0.000,-0.000,0.000,-0.000,0.000,-0.000,0.000,0.044,0.052,0.03606,0.040,0.051,0.03287,2
3869,116524,10,1,0,0,0,0,0,7,0,0,0.040,0.000,0.03281,-0.000,0.000,-0.000,0.000,-0.000,0.000,-0.000,0.000,-0.036,0.052,0.03593,0.120,0.051,0.03294,2
3884,116534,10,1,0,0,0,0,0,7,0,0,0.040,0.000,0.03268,-0.000,0.000,-0.000,0.000,-0.000,0.000,-0.000,0.000,-0.036,0.052,0.03580,0.040,0.051,0.03281,2
3884,116544,10,1,0,0,0,0,0,7,0,0,0.040,0.000,0.03244,-0.000,0.000,-0.000,0.000,-0.000,0.000,-0.000,0.000,-0.036,0.052,0.03556,0.040,0.051,0.03268,2
3900,116554,10,1,0,0,0,0,0,7,0,0,0.040,0.000,0.03253,-0.000,0.000,-0.000,0.000,-0.000,0.000,-0.000,0.000,-0.036,0.052,0.03566,0.040,0.051,0.03244,2
3900,116564,10,1,0,0,0,0,0,7,0,0,0.040,0.000,0.03237,-0.000,0.000,-0.000,0.000,-0.000,0.000,-0.000,0.000,-0.036,0.052,0.03549,0.040,0.051,0.03253,2
3916,116574,10,1,0,0,0,0,0,7,0,0,0.040,0.000,0.03243,-0.000,0.000,-0.000,0.000,-0.000,0.000,-0.000,0.000,-0.036,0.052,0.03555,0.040,0.051,0.03237,2
3932,116584,10,1,0,0,0,0,0,7,0,0,0.040,0.000,0.03263,-0.000,0.000,-0.000,0.000,-0.000,0.000,-0.000,0.000,-0.036,0.052,0.03575,0.040,0.051,0.03243,2
3932,116594,10,1,0,0,0,0,0,7,0,0,0.040,0.080,0.03287,-0.000,0.000,-0.000,0.000,-0.000,0.000,-0.000,0.000,0.044,0.052,0.03599,0.040,0.051,0.03263,2
3947,116604,10,1,0,0,0,0,0,7,0,0,0.040,0.000,0.03274,-0.000,0.000,-0.000,0.000,-0.000,0.000,-0.000,0.000,-0.036,0.052,0.03586,0.120,0.051,0.03287,2
3963,116614,10,1,0,0,0,0,0,7,0,0,0.040,0.000,0.03262,-0.000,0.000,-0.000,0.000,-0.000,0.000,-0.000,0.000,-0.036,0.052,0.03574,0.040,0.051,0.03274,2
3963,116624,10,1,0,0,0,0,0,7,0,0,0.040,0.080,0.03248,-0.000,0.000,-0.000,0.000,-0.000,0.000,-0.000,0.000,0.044,0.052,0.03560,0.040,0.051,0.03262,2
3978,116634,10,1,0,0,0,0,0,7,0,0,0.040,0.000,0.03245,-0.000,0.000,-0.000,0.000,-0.000,0.000,-0.000,0.000,-0.036,0.052,0.03557,0.120,0.051,0.03248,2
3994,116644,10,1,0,0,0,0,0,7,0,0,0.040,0.000,0.03256,-0.000,0.000,-0.000,0.000,-0.000,0.000,-0.000,0.000,-0.036,0.052,0.03569,0.040,0.051,0.03245,2
3994,116654,10,1,0,0,0,0,0,7,0,0,0.040,0.000,0.03257,-0.000,0.000,-0.000,0.000,-0.000,0.000,-0.000,0.000,-0.036,0.052,0.03569,0.040,0.051,0.03256,2
4025,116664,10,1,0,0,0,0,0,7,0,0,0.040,0.000,0.03275,-0.000,0.000,-0.000,0.000,-0.000,0.000,-0.000,0.000,-0.036,0.052,0.03587,0.040,0.051,0.03257,2
4025,116674,10,1,0,0,0,0,0,7,0,0,-0.040,0.080,0.03256,-0.000,0.000,-0.000,0.000,-0.000,0.000,-0.000,0.000,0.044,-0.028,0.03569,0.040,0.051,0.03275,2
4025,116684,10,1,0,0,0,0,0,7,0,0,0.040,0.000,0.03247,-0.000,0.000,-0.000,0.000,-0.000,0.000,-0.000,0.000,-0.036,0.052,0.03559,0.120,-0.029,0.03256,2
4041,116694,10,1,0,0,0,0,0,7,0,0,0.040,0.000,0.03252,-0.000,0.000,-0.000,0.000,-0.000,0.000,-0.000,0.000,-0.036,0.052,0.03564,0.040,0.051,0.03247,2
4041,116704,10,1,0,0,0,0,0,7,0,0,0.040,0.000,0.03235,-0.000,0.000,-0.000,0.000,-0.000,0.000,-0.000,0.000,-0.036,0.052,0.03547,0.040,0.051,0.03252,2
4057,116714,10,1,0,0,0,0,0,7,0,0,0.040,0.000,0.03218,-0.000,0.000,-0.000,0.000,-0.000,0.000,-0.000,0.000,-0.037,0.052,0.03530,0.040,0.051,0.03235,2
4072,116724,10,1,0,0,0,0,0,7,0,0,0.040,0.000,0.03229,-0.000,0.000,-0.000,0.000,-0.000,0.000,-0.000,0.000,-0.037,0.052,0.03541,0.039,0.051,0.03218,2
4072,116734,10,1,0,0,0,0,0,7,0,0,0.040,0.000,0.03245,-0.000,0.000,-0.000,0.000,-0.000,0.000,-0.000,0.000,-0.036,0.052,0.03557,0.039,0.051,0.03229,2
4087,116744,10,1,0,0,0,0,0,7,0,0,0.040,0.000,0.03256,-0.000,0.000,-0.000,0.000,-0.000,0.000,-0.000,0.000,-0.036,0.052,0.03568,0.040,0.051,0.03245,2
4103,116754,10,1,0,0,0,0,0,7,0,0,0.040,0.000,0.03259,-0.000,0.000,-0.000,0.000,-0.000,0.000,-0.000,0.000,-0.036,0.052,0.03571,0.040,0.051,0.03256,2
4103,116764,10,1,0,0,0,0,0,7,0,0,0.040,0.000,0.03259,-0.000,0.000,-0.000,0.000,-0.000,0.000,-0.000,0.000,-0.036,0.052,0.03571,0.040,0.051,0.03259,2
4118,116774,10,1,0,0,0,0,0,7,0,0,0.040,0.000,0.03247,-0.000,0.000,-0.000,0.000,-0.000,0.000,-0.000,0.000,-0.036,0.052,0.03559,0.040,0.051,0.03259,2
4133,116784,10,1,0,0,0,0,0,7,0,0,0.040,0.000,0.03232,-0.000,0.000,-0.000,0.000,-0.000,0.000,-0.000,0.000,-0.036,0.052,0.03544,0.040,0.051,0.03247,2
4133,116794,10,1,0,0,0,0,0,7,0,0,0.040,0.000,0.03218,-0.000,0.000,-0.000,0.000,-0.000,0.000,-0.000,0.000,-0.037,0.052,0.03530,0.040,0.051,0.03232,2
4149,116804,10,1,0,0,0,0,0,7,0,0,0.040,0.000,0.03228,-0.000,0.000,-0.000,0.000,-0.000,0.000,-0.000,0.000,-0.037,0.052,0.03540,0.039,0.051,0.03218,2
4164,116814,10,1,0,0,0,0,0,7,0,0,0.040,0.080,0.03239,-0.000,0.000,-0.000,0.000,-0.000,0.000,-0.000,0.000,0.043,0.052,0.03551,0.039,0.051,0.03228,2
4164,116824,10,1,0,0,0,0,0,7,0,0,0.040,0.000,0.03254,-0.000,0.000,-0.000,0.000,-0.000,0.000,-0.000,0.000,-0.036,0.052,0.03567,0.119,0.051,0.03239,2
4180,116834,10,1,0,0,0,0,0,7,0,0,0.040,0.000,0.03263,-0.000,0.000,-0.000,0.000,-0.000,0.000,-0.000,0.000,-0.036,0.052,0.03575,0.040,0.051,0.03254,2
4180,116844,10,1,0,0,0,0,0,7,0,0,0.040,0.000,0.03293,-0.000,0.000,-0.000,0.000,-0.000,0.000,-0.000,0.000,-0.036,0.052,0.03605,0.040,0.051,0.03263,2
4196,116854,10,1,0,0,0,0,0,7,0,0,0.040,0.000,0.03296,-0.000,0.000,-0.000,0.000,-0.000,0.000,-0.000,0.000,-0.036,0.052,0.03609,0.040,0.051,0.03293,2
4212,116864,10,1,0,0,0,0,0,7,0,0,0.040,0.000,0.03299,-0.000,0.000,-0.000,0.000,-0.000,0.000,-0.000,0.000,-0.036,0.052,0.03611,0.040,0.051,0.03296,2
4212,116874,10,1,0,0,0,0,0,7,0,0,0.040,0.000,0.03314,-0.000,0.000,-0.000,0.000,-0.000,0.000,-0.000,0.000,-0.035,0.053,0.03626,0.040,0.051,0.03299,2
4227,116884,10,1,0,0,0,0,0,7,0,0,0.040,0.000,0.03309,-0.000,0.000,-0.000,0.000,-0.000,0.000,-0.000,0.000,-0.036,0.053,0.03621,0.041,0.051,0.03314,2
4242,116894,10,1,0,0,0,0,0,7,0,0,0.040,0.000,0.03303,-0.000,0.000,-0.000,0.000,-0.000,0.000,-0.000,0.000,-0.036,0.053,0.03615,0.040,0.051,0.03309,2
4242,116904,10,1,0,0,0,0,0,7,0,0,0.040,0.000,0.03301,-0.000,0.000,-0.000,0.000,-0.000,0.000,-0.000,0.000,-0.036,0.053,0.03613,0.040,0.051,0.03303,2
4257,116914,10,1,0,0,0,0,0,7,0,0,0.040,0.080,0.03295,-0.000,0.000,-0.000,0.000,-0.000,0.000,-0.000,0.000,0.044,0.052,0.03607,0.040,0.051,0.03301,2
4272,116924,10,1,0,0,0,0,0,7,0,0,0.040,0.000,0.03311,-0.000,0.000,-0.000,0.000,-0.000,0.000,-0.000,0.000,-0.036,0.053,0.03623,0.120,0.051,0.03295,2
4272,116934,10,1,0,0,0,0,0,7,0,0,0.040,0.080,0.03317,-0.000,0.000,-0.000,0.000,-0.000,0.000,-0.000,0.000,0.044,0.053,0.03629,0.040,0.051,0.03311,2
4288,116944,10,1,0,0,0,0,0,7,0,0,0.040,0.000,0.03278,-0.000,0.000,-0.000,0.000,-0.000,0.000,-0.000,0.000,-0.036,0.052,0.03590,0.120,0.051,0.03317,2
4303,116954,10,1,0,0,0,0,0,7,0,0,0.040,0.000,0.03258,-0.000,0.000,-0.000,0.000,-0.000,0.000,-0.000,0.000,-0.036,0.052,0.03570,0.040,0.051,0.03278,2
4303,116964,10,1,0,0,0,0,0,7,0,0,0.040,0.000,0.03254,-0.000,0.000,-0.000,0.000,-0.000,0.000,-0.000,0.000,-0.036,0.052,0.03566,0.040,0.051,0.03258,2
4319,116974,10,1,0,0,0,0,0,7,0,0,0.040,0.000,0.03280,-0.000,0.000,-0.000,0.000,-0.000,0.000,-0.000,0.000,-0.036,0.052,0.03592,0.040,0.051,0.03254,2
4334,116984,10,1,0,0,0,0,0,7,0,0,0.040,0.000,0.03265,-0.000,0.000,-0.000,0.000,-0.000,0.000,-0.000,0.000,-0.036,0.052,0.03577,0.040,0.051,0.03280,2
4334,116994,10,1,0,0,0,0,0,7,0,0,0.040,0.080,0.03275,-0.000,0.000,-0.000,0.000,-0.000,0.000,-0.000,0.000,0.044,0.052,0.03587,0.040,0.051,0.03265,2
4349,117004,10,1,0,0,0,0,0,7,0,0,0.040,0.000,0.03282,-0.000,0.000,-0.000,0.000,-0.000,0.000,-0.000,0.000,-0.036,0.052,0.03594,0.120,0.051,0.03275,2
4364,117014,10,1,0,0,0,0,0,7,0,0,0.040,0.000,0.03284,-0.000,0.000,-0.000,0.000,-0.000,0.000,-0.000,0.000,-0.036,0.052,0.03596,0.040,0.051,0.03282,2
4364,117024,10,1,0,0,0,0,0,7,0,0,0.040,0.000,0.03263,-0.000,0.000,-0.000,0.000,-0.000,0.000,-0.000,0.000,-0.036,0.052,0.03575,0.040,0.051,0.03284,2
4380,117034,10,1,0,0,0,0,0,7,0,0,0.040,0.000,0.03264,-0.000,0.000,-0.000,0.000,-0.000,0.000,-0.000,0.000,-0.036,0.052,0.03576,0.040,0.051,0.03263,2
4380,117044,10,1,0,0,0,0,0,7,0,0,0.040,0.000,0.03268,-0.000,0.000,-0.000,0.000,-0.000,0.000,-0.000,0.000,-0.036,0.052,0.03580,0.040,0.051,0.03264,2
4395,117054,10,1,0,0,0,0,0,7,0,0,0.040,0.000,0.03254,-0.000,0.000,-0.000,0.000,-0.000,0.000,-0.000,0.000,-0.036,0.052,0.03566,0.040,0.051,0.03268,2
4412,117064,10,1,0,0,0,0,0,7,0,0,0.040,0.000,0.03268,-0.000,0.000,-0.000,0.000,-0.000,0.000,-0.000,0.000,-0.036,0.052,0.03580,0.040,0.051,0.03254,2
4412,117074,10,1,0,0,0,0,0,7,0,0,0.040,0.000,0.03289,-0.000,0.000,-0.000,0.000,-0.000,0.000,-0.000,0.000,-0.036,0.052,0.03601,0.040,0.051,0.03268,2
4428,117084,10,1,0,0,0,0,0,7,0,0,0.040,0.000,0.03288,-0.000,0.000,-0.000,0.000,-0.000,0.000,-0.000,0.000,-0.036,0.052,0.03600,0.040,0.051,0.03289,2
4443,117094,10,1,0,0,0,0,0,7,0,0,0.040,0.000,0.03270,-0.000,0.000,-0.000,0.000,-0.000,0.000,-0.000,0.000,-0.036,0.052,0.03582,0.040,0.051,0.03288,2
4443,117104,10,1,0,0,0,0,0,7,0,0,0.040,0.000,0.03274,-0.000,0.000,-0.000,0.000,-0.000,0.000,-0.000,0.000,-0.036,0.052,0.03586,0.040,0.051,0.03270,2
4458,117114,10,1,0,0,0,0,0,7,0,0,0.040,0.000,0.03257,-0.000,0.000,-0.000,0.000,-0.000,0.000,-0.000,0.000,-0.036,0.052,0.03569,0.040,0.051,0.03274,2
4474,117124,10,1,0,0,0,0,0,7,0,0,0.040,0.080,0.03254,-0.000,0.000,-0.000,0.000,-0.000,0.000,-0.000,0.000,0.044,0.052,0.03566,0.040,0.051,0.03257,2
4474,117134,10,1,0,0,0,0,0,7,0,0,0.040,0.000,0.03264,-0.000,0.000,-0.000,0.000,-0.000,0.000,-0.000,0.000,-0.036,0.052,0.03576,0.120,0.051,0.03254,2
4490,117144,10,1,0,0,0,0,0,7,0,0,0.040,0.080,0.03261,-0.000,0.000,-0.000,0.000,-0.000,0.000,-0.000,0.000,0.044,0.052,0.03574,0.040,0.051,0.03264,2
4505,117154,10,1,0,0,0,0,0,7,0,0,0.040,0.080,0.03244,-0.000,0.000,-0.000,0.000,-0.000,0.000,-0.000,0.000,0.043,0.052,0.03556,0.120,0.051,0.03261,2
4505,117164,10,1,0,0,0,0,0,7,0,0,0.040,0.000,0.03234,-0.000,0.000,-0.000,0.000,-0.000,0.000,-0.000,0.000,-0.036,0.052,0.03546,0.119,0.051,0.03244,2
4520,117174,10,1,0,0,0,0,0,7,0,0,0.040,0.000,0.03252,-0.000,0.000,-0.000,0.000,-0.000,0.000,-0.000,0.000,-0.036,0.052,0.03564,0.040,0.051,0.03234,2
4520,117184,10,1,0,0,0,0,0,7,0,0,0.040,0.000,0.03253,-0.000,0.000,-0.000,0.000,-0.000,0.000,-0.000,0.000,-0.036,0.052,0.03565,0.040,0.051,0.03252,2
4536,117194,10,1,0,0,0,0,0,7,0,0,0.040,0.000,0.03254,-0.000,0.000,-0.000,0.000,-0.000,0.000,-0.000,0.000,-0.036,0.052,0.03566,0.040,0.051,0.03253,2
4551,117204,10,1,0,0,0,0,0,7,0,0,0.040,0.000,0.03272,-0.000,0.000,-0.000,0.000,-0.000,0.000,-0.000,0.000,-0.036,0.052,0.03584,0.040,0.051,0.03254,2
4551,117214,10,1,0,0,0,0,0,7,0,0,0.040,0.080,0.03266,-0.000,0.000,-0.000,0.000,-0.000,0.000,-0.000,0.000,0.044,0.052,0.03578,0.040,0.051,0.03272,2
4567,117224,10,1,0,0,0,0,0,7,0,0,0.040,0.000,0.03249,-0.000,0.000,-0.000,0.000,-0.000,0.000,-0.000,0.000,-0.036,0.052,0.03561,0.120,0.051,0.03266,2
4583,117234,10,1,0,0,0,0,0,7,0,0,0.040,0.080,0.03248,-0.000,0.000,-0.000,0.000,-0.000,0.000,-0.000,0.000,0.044,0.052,0.03560,0.040,0.051,0.03249,2
4583,117244,10,1,0,0,0,0,0,7,0,0,0.040,0.000,0.03251,-0.000,0.000,-0.000,0.000,-0.000,0.000,-0.000,0.000,-0.036,0.052,0.03563,0.120,0.051,0.03248,2
4597,117254,10,1,0,0,0,0,0,7,0,0,0.040,0.000,0.03235,-0.000,0.000,-0.000,0.000,-0.000,0.000,-0.000,0.000,-0.036,0.052,0.03547,0.040,0.051,0.03251,2
4613,117264,10,1,0,0,0,0,0,7,0,0,0.040,0.000,0.03228,-0.000,0.000,-0.000,0.000,-0.000,0.000,-0.000,0.000,-0.037,0.052,0.03541,0.040,0.051,0.03235,2
4613,117274,10,1,0,0,0,0,0,7,0,0,0.040,0.000,0.03232,-0.000,0.000,-0.000,0.000,-0.000,0.000,-0.000,0.000,-0.036,0.052,0.03544,0.039,0.051,0.03228,2
4628,117284,10,1,0,0,0,0,0,7,0,0,0.040,0.000,0.03226,-0.000,0.000,-0.000,0.000,-0.000,0.000,-0.000,0.000,-0.037,0.052,0.03538,0.040,0.051,0.03232,2
4644,117294,10,1,0,0,0,0,0,7,0,0,0.040,0.000,0.03212,-0.000,0.000,-0.000,0.000,-0.000,0.000,-0.000,0.000,-0.037,0.052,0.03524,0.039,0.051,0.03226,2
4644,117304,10,1,0,0,0,0,0,7,0,0,0.040,0.000,0.03217,-0.000,0.000,-0.000,0.000,-0.000,0.000,-0.000,0.000,-0.037,0.052,0.03529,0.039,0.051,0.03212,2
4659,117314,10,1,0,0,0,0,0,7,0,0,0.040,0.000,0.03223,-0.000,0.000,-0.000,0.000,-0.000,0.000,-0.000,0.000,-0.037,0.052,0.03535,0.039,0.051,0.03217,2
4674,117324,10,1,0,0,0,0,0,7,0,0,0.040,0.000,0.03219,-0.000,0.000,-0.000,0.000,-0.000,0.000,-0.000,0.000,-0.037,0.052,0.03531,0.039,0.051,0.03223,2
4674,117334,10,1,0,0,0,0,0,7,0,0,0.040,0.000,0.03237,-0.000,0.000,-0.000,0.000,-0.000,0.000,-0.000,0.000,-0.036,0.052,0.03549,0.039,0.051,0.03219,2
4691,117344,10,1,0,0,0,0,0,7,0,0,0.040,0.000,0.03249,-0.000,0.000,-0.000,0.000,-0.000,0.000,-0.000,0.000,-0.036,0.052,0.03561,0.040,0.051,0.03237,2
4691,117354,10,1,0,0,0,0,0,7,0,0,0.040,0.000,0.03277,-0.000,0.000,-0.000,0.000,-0.000,0.000,-0.000,0.000,-0.036,0.052,0.03589,0.040,0.051,0.03249,2
4705,117364,10,1,0,0,0,0,0,7,0,0,0.040,0.000,0.03301,-0.000,0.000,-0.000,0.000,-0.000,0.000,-0.000,0.000,-0.036,0.052,0.03613,0.040,0.051,0.03277,2
4721,117374,10,1,0,0,0,0,0,7,0,0,0.040,0.000,0.03298,-0.000,0.000,-0.000,0.000,-0.000,0.000,-0.000,0.000,-0.036,0.052,0.03610,0.040,0.051,0.03301,2
4721,117384,10,1,0,0,0,0,0,7,0,0,0.040,0.000,0.03318,-0.000,0.000,-0.000,0.000,-0.000,0.000,-0.000,0.000,-0.035,0.053,0.03630,0.040,0.051,0.03298,2
4736,117394,10,1,0,0,0,0,0,7,0,0,0.040,0.000,0.03299,-0.000,0.000,-0.000,0.000,-0.000,0.000,-0.000,0.000,-0.036,0.052,0.03612,0.041,0.051,0.03318,2
4752,117404,10,1,0,0,0,0,0,7,0,0,0.040,0.000,0.03273,-0.000,0.000,-0.000,0.000,-0.000,0.000,-0.000,0.000,-0.036,0.052,0.03585,0.040,0.051,0.03299,2
4752,117414,10,1,0,0,0,0,0,7,0,0,0.040,0.000,0.03268,-0.000,0.000,-0.000,0.000,-0.000,0.000,-0.000,0.000,-0.036,0.052,0.03581,0.040,0.051,0.03273,2
4767,117424,10,1,0,0,0,0,0,7,0,0,0.040,0.000,0.03261,-0.000,0.000,-0.000,0.000,-0.000,0.000,-0.000,0.000,-0.036,0.052,0.03573,0.040,0.051,0.03268,2
4782,117434,10,1,0,0,0,0,0,7,0,0,0.040,0.000,0.03259,-0.000,0.000,-0.000,0.000,-0.000,0.000,-0.000,0.000,-0.036,0.052,0.03571,0.040,0.051,0.03261,2
4782,117444,10,1,0,0,0,0,0,7,0,0,0.040,0.080,0.03282,-0.000,0.000,-0.000,0.000,-0.000,0.000,-0.000,0.000,0.044,0.052,0.03594,0.040,0.051,0.03259,2
4798,117454,10,1,0,0,0,0,0,7,0,0,0.040,0.000,0.03288,-0.000,0.000,-0.000,0.000,-0.000,0.000,-0.000,0.000,-0.036,0.052,0.03600,0.120,0.051,0.03282,2
4813,117464,10,1,0,0,0,0,0,7,0,0,0.040,0.000,0.03269,-0.000,0.000,-0.000,0.000,-0.000,0.000,-0.000,0.000,-0.036,0.052,0.03581,0.040,0.051,0.03288,2
4813,117474,10,1,0,0,0,0,0,7,0,0,0.040,0.000,0.03271,-0.000,0.000,-0.000,0.000,-0.000,0.000,-0.000,0.000,-0.036,0.052,0.03583,0.040,0.051,0.03269,2
4830,117484,10,1,0,0,0,0,0,7,0,0,0.040,0.000,0.03255,-0.000,0.000,-0.000,0.000,-0.000,0.000,-0.000,0.000,-0.036,0.052,0.03567,0.040,0.051,0.03271,2
4845,117494,10,1,0,0,0,0,0,7,0,0,0.040,0.000,0.03241,-0.000,0.000,-0.000,0.000,-0.000,0.000,-0.000,0.000,-0.036,0.052,0.03554,0.040,0.051,0.03255,2
4845,117504,10,1,0,0,0,0,0,7,0,0,0.040,0.080,0.03246,-0.000,0.000,-0.000,0.000,-0.000,0.000,-0.000,0.000,0.044,0.052,0.03558,0.040,0.051,0.03241,2
4860,117514,10,1,0,0,0,0,0,7,0,0,0.040,0.000,0.03249,-0.000,0.000,-0.000,0.000,-0.000,0.000,-0.000,0.000,-0.036,0.052,0.03561,0.119,0.051,0.03246,2
4860,117524,10,1,0,0,0,0,0,7,0,0,0.040,0.000,0.03243,-0.000,0.000,-0.000,0.000,-0.000,0.000,-0.000,0.000,-0.036,0.052,0.03555,0.040,0.051,0.03249,2
4875,117534,10,1,0,0,0,0,0,7,0,0,0.040,0.080,0.03240,-0.000,0.000,-0.000,0.000,-0.000,0.000,-0.000,0.000,0.043,0.052,0.03552,0.040,0.051,0.03243,2
4907,117544,10,1,0,0,0,0,0,7,0,0,0.040,0.000,0.03249,-0.000,0.000,-0.000,0.000,-0.000,0.000,-0.000,0.000,-0.036,0.052,0.03561,0.119,0.051,0.03240,2
4907,117554,10,1,0,0,0,0,0,7,0,0,0.040,0.080,0.03243,-0.000,0.000,-0.000,0.000,-0.000,0.000,-0.000,0.000,0.043,0.052,0.03555,0.040,0.051,0.03249,2
4907,117564,10,1,0,0,0,0,0,7,0,0,0.040,0.000,0.03212,-0.000,0.000,-0.000,0.000,-0.000,0.000,-0.000,0.000,-0.037,0.052,0.03524,0.119,0.051,0.03243,2
4923,117574,10,1,0,0,0,0,0,7,0,0,0.040,0.000,0.03214,-0.000,0.000,-0.000,0.000,-0.000,0.000,-0.000,0.000,-0.037,0.052,0.03526,0.039,0.051,0.03212,2
4923,117584,10,1,0,0,0,0,0,7,0,0,0.040,0.000,0.03233,-0.000,0.000,-0.000,0.000,-0.000,0.000,-0.000,0.000,-0.036,0.052,0.03545,0.039,0.051,0.03214,2
4940,117594,10,1,0,0,0,0,0,7,0,0,0.040,0.000,0.03239,-0.000,0.000,-0.000,0.000,-0.000,0.000,-0.000,0.000,-0.036,0.052,0.03551,0.040,0.051,0.03233,2
4953,117604,10,1,0,0,0,0,0,7,0,0,0.040,0.000,0.03257,-0.000,0.000,-0.000,0.000,-0.000,0.000,-0.000,0.000,-0.036,0.052,0.03569,0.040,0.051,0.03239,2
4953,117614,10,1,0,0,0,0,0,7,0,0,0.040,0.000,0.03267,-0.000,0.000,-0.000,0.000,-0.000,0.000,-0.000,0.000,-0.036,0.052,0.03579,0.040,0.051,0.03257,2
4969,117624,10,1,0,0,0,0,0,7,0,0,0.040,0.000,0.03284,-0.000,0.000,-0.000,0.000,-0.000,0.000,-0.000,0.000,-0.036,0.052,0.03597,0.040,0.051,0.03267,2
4999,117634,10,1,0,0,0,0,0,7,0,0,0.040,0.000,0.03286,-0.000,0.000,-0.000,0.000,-0.000,0.000,-0.000,0.000,-0.036,0.052,0.03598,0.040,0.051,0.03284,2
4999,117644,10,1,0,0,0,0,0,7,0,0,0.040,0.000,0.03279,-0.000,0.000,-0.000,0.000,-0.000,0.000,-0.000,0.000,-0.036,0.052,0.03591,0.040,0.051,0.03286,2
4999,117654,10,1,0,0,0,0,0,7,0,0,0.040,0.000,0.03284,-0.000,0.000,-0.000,0.000,-0.000,0.000,-0.000,0.000,-0.036,0.052,0.03596,0.040,0.051,0.03279,2
5014,117664,10,1,0,0,0,0,0,7,0,0,0.040,0.000,0.03288,-0.000,0.000,-0.000,0.000,-0.000,0.000,-0.000,0.000,-0.036,0.052,0.03600,0.040,0.051,0.03284,2
5014,117674,10,1,0,0,0,0,0,7,0,0,0.040,0.000,0.03292,-0.000,0.000,-0.000,0.000,-0.000,0.000,-0.000,0.000,-0.036,0.052,0.03604,0.040,0.051,0.03288,2
5030,117684,10,1,0,0,0,0,0,7,0,0,0.040,0.000,0.03267,-0.000,0.000,-0.000,0.000,-0.000,0.000,-0.000,0.000,-0.036,0.052,0.03579,0.040,0.051,0.03292,2
5030,117694,10,1,0,0,0,0,0,7,0,0,0.040,0.000,0.03260,-0.000,0.000,-0.000,0.000,-0.000,0.000,-0.000,0.000,-0.036,0.052,0.03572,0.040,0.051,0.03267,2
5046,117704,10,1,0,0,0,0,0,7,0,0,0.040,0.000,0.03273,-0.000,0.000,-0.000,0.000,-0.000,0.000,-0.000,0.000,-0.036,0.052,0.03585,0.040,0.051,0.03260,2
5061,117714,10,1,0,0,0,0,0,7,0,0,0.040,0.000,0.03252,-0.000,0.000,-0.000,0.000,-0.000,0.000,-0.000,0.000,-0.036,0.052,0.03564,0.040,0.051,0.03273,2
5061,117724,10,1,0,0,0,0,0,7,0,0,0.040,0.080,0.03253,-0.000,0.000,-0.000,0.000,-0.000,0.000,-0.000,0.000,0.044,0.052,0.03565,0.040,0.051,0.03252,2
5077,117734,10,1,0,0,0,0,0,7,0,0,0.040,0.000,0.03249,-0.000,0.000,-0.000,0.000,-0.000,0.000,-0.000,0.000,-0.036,0.052,0.03561,0.120,0.051,0.03253,2
5092,117744,10,1,0,0,0,0,0,7,0,0,0.040,0.080,0.03258,-0.000,0.000,-0.000,0.000,-0.000,0.000,-0.000,0.000,0.044,0.052,0.03570,0.040,0.051,0.03249,2
5092,117754,10,1,0,0,0,0,0,7,0,0,0.040,0.000,0.03260,-0.000,0.000,-0.000,0.000,-0.000,0.000,-0.000,0.000,-0.036,0.052,0.03572,0.120,0.051,0.03258,2
5107,117764,10,1,0,0,0,0,0,7,0,0,0.040,0.000,0.03268,-0.000,0.000,-0.000,0.000,-0.000,0.000,-0.000,0.000,-0.036,0.052,0.03580,0.040,0.051,0.03260,2
5123,117774,10,1,0,0,0,0,0,7,0,0,0.040,0.000,0.03279,-0.000,0.000,-0.000,0.000,-0.000,0.000,-0.000,0.000,-0.036,0.052,0.03591,0.040,0.051,0.03268,2
5123,117784,10,1,0,0,0,0,0,7,0,0,0.040,0.000,0.03288,-0.000,0.000,-0.000,0.000,-0.000,0.000,-0.000,0.000,-0.036,0.052,0.03600,0.040,0.051,0.03279,2
5139,117794,10,1,0,0,0,0,0,7,0,0,0.040,0.000,0.03293,-0.000,0.000,-0.000,0.000,-0.000,0.000,-0.000,0.000,-0.036,0.052,0.03605,0.040,0.051,0.03288,2
5154,117804,10,1,0,0,0,0,0,7,0,0,0.040,0.000,0.03297,-0.000,0.000,-0.000,0.000,-0.000,0.000,-0.000,0.000,-0.036,0.052,0.03609,0.040,0.051,0.03293,2
5154,117814,10,1,0,0,0,0,0,7,0,0,0.040,0.000,0.03282,-0.000,0.000,-0.000,0.000,-0.000,0.000,-0.000,0.000,-0.036,0.052,0.03594,0.040,0.051,0.03297,2
5170,117824,10,1,0,0,0,0,0,7,0,0,0.040,0.000,0.03272,-0.000,0.000,-0.000,0.000,-0.000,0.000,-0.000,0.000,-0.036,0.052,0.03584,0.040,0.051,0.03282,2
5185,117834,10,1,0,0,0,0,0,7,0,0,0.040,0.000,0.03284,-0.000,0.000,-0.000,0.000,-0.000,0.000,-0.000,0.000,-0.036,0.052,0.03596,0.040,0.051,0.03272,2
5185,117844,10,1,0,0,0,0,0,7,0,0,0.040,0.080,0.03272,-0.000,0.000,-0.000,0.000,-0.000,0.000,-0.000,0.000,0.044,0.052,0.03584,0.040,0.051,0.03284,2
5201,117854,10,1,0,0,0,0,0,7,0,0,0.040,0.000,0.03261,-0.000,0.000,-0.000,0.000,-0.000,0.000,-0.000,0.000,-0.036,0.052,0.03573,0.120,0.051,0.03272,2
5201,117864,10,1,0,0,0,0,0,7,0,0,0.040,0.000,0.03267,-0.000,0.000,-0.000,0.000,-0.000,0.000,-0.000,0.000,-0.036,0.052,0.03579,0.040,0.051,0.03261,2
5216,117874,10,1,0,0,0,0,0,7,0,0,0.040,0.000,0.03261,-0.000,0.000,-0.000,0.000,-0.000,0.000,-0.000,0.000,-0.036,0.052,0.03573,0.040,0.051,0.03267,2
5232,117884,10,1,0,0,0,0,0,7,0,0,0.040,0.000,0.03263,-0.000,0.000,-0.000,0.000,-0.000,0.000,-0.000,0.000,-0.036,0.052,0.03575,0.040,0.051,0.03261,2
5232,117894,10,1,0,0,0,0,0,7,0,0,0.040,0.000,0.03266,-0.000,0.000,-0.000,0.000,-0.000,0.000,-0.000,0.000,-0.036,0.052,0.03578,0.040,0.051,0.03263,2
5247,117904,10,1,0,0,0,0,0,7,0,0,0.040,0.080,0.03246,-0.000,0.000,-0.000,0.000,-0.000,0.000,-0.000,0.000,0.043,0.052,0.03558,0.040,0.051,0.03266,2
5262,117914,10,1,0,0,0,0,0,7,0,0,0.040,0.000,0.03235,-0.000,0.000,-0.000,0.000,-0.000,0.000,-0.000,0.000,-0.036,0.052,0.03547,0.119,0.051,0.03246,2
5262,117924,10,1,0,0,0,0,0,7,0,0,0.040,0.000,0.03235,-0.000,0.000,-0.000,0.000,-0.000,0.000,-0.000,0.000,-0.036,0.052,0.03547,0.040,0.051,0.03235,2
5278,117934,10,1,0,0,0,0,0,7,0,0,0.040,0.000,0.03241,-0.000,0.000,-0.000,0.000,-0.000,0.000,-0.000,0.000,-0.036,0.052,0.03553,0.040,0.051,0.03235,2
5295,117944,10,1,0,0,0,0,0,7,0,0,0.040,0.000,0.03256,-0.000,0.000,-0.000,0.000,-0.000,0.000,-0.000,0.000,-0.036,0.052,0.03568,0.040,0.051,0.03241,2
5295,117954,10,1,0,0,0,0,0,7,0,0,0.040,0.000,0.03267,-0.000,0.000,-0.000,0.000,-0.000,0.000,-0.000,0.000,-0.036,0.052,0.03579,0.040,0.051,0.03256,2
5311,117964,10,1,0,0,0,0,0,7,0,0,0.040,0.000,0.03284,-0.000,0.000,-0.000,0.000,-0.000,0.000,-0.000,0.000,-0.036,0.052,0.03596,0.040,0.051,0.03267,2
5311,117974,10,1,0,0,0,0,0,7,0,0,0.040,0.000,0.03267,-0.000,0.000,-0.000,0.000,-0.000,0.000,-0.000,0.000,-0.036,0.052,0.03579,0.040,0.051,0.03284,2
5326,117984,10,1,0,0,0,0,0,7,0,0,0.040,0.000,0.03267,-0.000,0.000,-0.000,0.000,-0.000,0.000,-0.000,0.000,-0.036,0.052,0.03579,0.040,0.051,0.03267,2
5342,117994,10,1,0,0,0,0,0,7,0,0,0.040,0.080,0.03263,-0.000,0.000,-0.000,0.000,-0.000,0.000,-0.000,0.000,0.044,0.052,0.03575,0.040,0.051,0.03267,2
5342,118004,10,1,0,0,0,0,0,7,0,0,0.040,0.000,0.03242,-0.000,0.000,-0.000,0.000,-0.000,0.000,-0.000,0.000,-0.036,0.052,0.03554,0.120,0.051,0.03263,2
5357,118014,10,1,0,0,0,0,0,7,0,0,0.040,0.000,0.03235,-0.000,0.000,-0.000,0.000,-0.000,0.000,-0.000,0.000,-0.036,0.052,0.03548,0.040,0.051,0.03242,2
5374,118024,10,1,0,0,0,0,0,7,0,0,0.040,0.000,0.03252,-0.000,0.000,-0.000,0.000,-0.000,0.000,-0.000,0.000,-0.036,0.052,0.03564,0.040,0.051,0.03235,2
5374,118034,10,1,0,0,0,0,0,7,0,0,0.040,0.000,0.03263,-0.000,0.000,-0.000,0.000,-0.000,0.000,-0.000,0.000,-0.036,0.052,0.03575,0.040,0.051,0.03252,2
5389,118044,10,1,0,0,0,0,0,7,0,0,0.040,0.000,0.03238,-0.000,0.000,-0.000,0.000,-0.000,0.000,-0.000,0.000,-0.036,0.052,0.03551,0.040,0.051,0.03263,2
5404,118054,10,1,0,0,0,0,0,7,0,0,0.040,0.000,0.03238,-0.000,0.000,-0.000,0.000,-0.000,0.000,-0.000,0.000,-0.036,0.052,0.03550,0.040,0.051,0.03238,2
5404,118064,10,1,0,0,0,0,0,7,0,0,0.040,0.000,0.03248,-0.000,0.000,-0.000,0.000,-0.000,0.000,-0.000,0.000,-0.036,0.052,0.03560,0.040,0.051,0.03238,2
5419,118074,10,1,0,0,0,0,0,7,0,0,0.040,0.000,0.03251,-0.000,0.000,-0.000,0.000,-0.000,0.000,-0.000,0.000,-0.036,0.052,0.03563,0.040,0.051,0.03248,2
5434,118084,10,1,0,0,0,0,0,7,0,0,0.040,0.080,0.03235,-0.000,0.000,-0.000,0.000,-0.000,0.000,-0.000,0.000,0.043,0.052,0.03547,0.040,0.051,0.03251,2
5434,118094,10,1,0,0,0,0,0,7,0,0,0.040,0.000,0.03267,-0.000,0.000,-0.000,0.000,-0.000,0.000,-0.000,0.000,-0.036,0.052,0.03579,0.119,0.051,0.03235,2
5450,118104,10,1,0,0,0,0,0,7,0,0,0.040,0.000,0.03278,-0.000,0.000,-0.000,0.000,-0.000,0.000,-0.000,0.000,-0.036,0.052,0.03590,0.040,0.051,0.03267,2
5465,118114,10,1,0,0,0,0,0,7,0,0,0.040,0.000,0.03267,-0.000,0.000,-0.000,0.000,-0.000,0.000,-0.000,0.000,-0.036,0.052,0.03579,0.040,0.051,0.03278,2
5465,118124,10,1,0,0,0,0,0,7,0,0,0.040,0.000,0.03265,-0.000,0.000,-0.000,0.000,-0.000,0.000,-0.000,0.000,-0.036,0.052,0.03577,0.040,0.051,0.03267,2
5480,118134,10,1,0,0,0,0,0,7,0,0,0.040,0.000,0.03253,-0.000,0.000,-0.000,0.000,-0.000,0.000,-0.000,0.000,-0.036,0.052,0.03565,0.040,0.051,0.03265,2
5480,118144,10,1,0,0,0,0,0,7,0,0,0.040,0.080,0.03251,-0.000,0.000,-0.000,0.000,-0.000,0.000,-0.000,0.000,0.044,0.052,0.03563,0.040,0.051,0.03253,2
5497,118154,10,1,0,0,0,0,0,7,0,0,0.040,0.000,0.03238,-0.000,0.000,-0.000,0.000,-0.000,0.000,-0.000,0.000,-0.036,0.052,0.03550,0.120,0.051,0.03251,2
5512,118164,10,1,0,0,0,0,0,7,0,0,0.040,0.000,0.03232,-0.000,0.000,-0.000,0.000,-0.000,0.000,-0.000,0.000,-0.036,0.052,0.03544,0.040,0.051,0.03238,2
5512,118174,10,1,0,0,0,0,0,7,0,0,0.040,0.000,0.03255,-0.000,0.000,-0.000,0.000,-0.000,0.000,-0.000,0.000,-0.036,0.052,0.03567,0.040,0.051,0.03232,2
5528,118184,10,1,0,0,0,0,0,7,0,0,0.040,0.000,0.03274,-0.000,0.000,-0.000,0.000,-0.000,0.000,-0.000,0.000,-0.036,0.052,0.03586,0.040,0.051,0.03255,2
5544,118194,10,1,0,0,0,0,0,7,0,0,0.040,0.000,0.03305,-0.000,0.000,-0.000,0.000,-0.000,0.000,-0.000,0.000,-0.036,0.053,0.03617,0.040,0.051,0.03274,2
5544,118204,10,1,0,0,0,0,0,7,0,0,0.040,0.000,0.03309,-0.000,0.000,-0.000,0.000,-0.000,0.000,-0.000,0.000,-0.036,0.053,0.03621,0.040,0.051,0.03305,2
5559,118214,10,1,0,0,0,0,0,7,0,0,0.040,0.080,0.03295,-0.000,0.000,-0.000,0.000,-0.000,0.000,-0.000,0.000,0.044,0.052,0.03607,0.040,0.051,0.03309,2
5574,118224,10,1,0,0,0,0,0,7,0,0,0.040,0.000,0.03302,-0.000,0.000,-0.000,0.000,-0.000,0.000,-0.000,0.000,-0.036,0.053,0.03614,0.120,0.051,0.03295,2
5574,118234,10,1,0,0,0,0,0,7,0,0,0.040,0.080,0.03299,-0.000,0.000,-0.000,0.000,-0.000,0.000,-0.000,0.000,0.044,0.052,0.03611,0.040,0.051,0.03302,2
5589,118244,10,1,0,0,0,0,0,7,0,0,0.040,0.000,0.03276,-0.000,0.000,-0.000,0.000,-0.000,0.000,-0.000,0.000,-0.036,0.052,0.03588,0.120,0.051,0.03299,2
5606,118254,10,1,0,0,0,0,0,7,0,0,0.040,0.000,0.03246,-0.000,0.000,-0.000,0.000,-0.000,0.000,-0.000,0.000,-0.036,0.052,0.03558,0.040,0.051,0.03276,2
5606,118264,10,1,0,0,0,0,0,7,0,0,0.040,0.000,0.03235,-0.000,0.000,-0.000,0.000,-0.000,0.000,-0.000,0.000,-0.036,0.052,0.03547,0.040,0.051,0.03246,2
5621,118274,10,1,0,0,0,0,0,7,0,0,0.040,0.000,0.03267,-0.000,0.000,-0.000,0.000,-0.000,0.000,-0.000,0.000,-0.036,0.052,0.03579,0.040,0.051,0.03235,2
5621,118284,10,1,0,0,0,0,0,7,0,0,0.040,0.000,0.03278,-0.000,0.000,-0.000,0.000,-0.000,0.000,-0.000,0.000,-0.036,0.052,0.03590,0.040,0.051,0.03267,2
5636,118294,10,1,0,0,0,0,0,7,0,0,0.040,0.000,0.03291,-0.000,0.000,-0.000,0.000,-0.000,0.000,-0.000,0.000,-0.036,0.052,0.03603,0.040,0.051,0.03278,2
5652,118304,10,1,0,0,0,0,0,7,0,0,0.040,0.000,0.03250,-0.000,0.000,-0.000,0.000,-0.000,0.000,-0.000,0.000,-0.036,0.052,0.03562,0.040,0.051,0.03291,2
5652,118314,10,1,0,0,0,0,0,7,0,0,0.040,0.000,0.03232,-0.000,0.000,-0.000,0.000,-0.000,0.000,-0.000,0.000,-0.036,0.052,0.03544,0.040,0.051,0.03250,2
5668,118324,10,1,0,0,0,0,0,7,0,0,0.040,0.080,0.03231,-0.000,0.000,-0.000,0.000,-0.000,0.000,-0.000,0.000,0.043,0.052,0.03543,0.040,0.051,0.03232,2
5684,118334,10,1,0,0,0,0,0,7,0,0,0.040,0.000,0.03227,-0.000,0.000,-0.000,0.000,-0.000,0.000,-0.000,0.000,-0.037,0.052,0.03539,0.119,0.051,0.03231,2
5684,118344,10,1,0,0,0,0,0,7,0,0,0.040,0.000,0.03239,-0.000,0.000,-0.000,0.000,-0.000,0.000,-0.000,0.000,-0.036,0.052,0.03551,0.039,0.051,0.03227,2
5700,118354,10,1,0,0,0,0,0,7,0,0,0.040,0.000,0.03266,-0.000,0.000,-0.000,0.000,-0.000,0.000,-0.000,0.000,-0.036,0.052,0.03578,0.040,0.051,0.03239,2
5715,118364,10,1,0,0,0,0,0,7,0,0,0.040,0.120,0.03273,-0.000,0.000,-0.000,0.000,-0.000,0.000,-0.000,0.000,0.084,0.052,0.03585,0.040,0.051,0.03266,2
5715,118374,10,1,0,0,0,0,0,7,0,0,0.040,0.000,0.03273,-0.000,0.000,-0.000,0.000,-0.000,0.000,-0.000,0.000,-0.036,0.052,0.03585,0.160,0.051,0.03273,2
5730,118384,10,1,0,0,0,0,0,7,0,0,0.040,0.000,0.03257,-0.000,0.000,-0.000,0.000,-0.000,0.000,-0.000,0.000,-0.036,0.052,0.03569,0.040,0.051,0.03273,2
5730,118394,10,1,0,0,0,0,0,7,0,0,0.040,0.080,0.03270,-0.000,0.000,-0.000,0.000,-0.000,0.000,-0.000,0.000,0.044,0.052,0.03582,0.040,0.051,0.03257,2
5746,118404,10,1,0,0,0,0,0,7,0,0,0.040,0.000,0.03273,-0.000,0.000,-0.000,0.000,-0.000,0.000,-0.000,0.000,-0.036,0.052,0.03585,0.120,0.051,0.03270,2
5761,118414,10,1,0,0,0,0,0,7,0,0,0.040,0.000,0.03264,-0.000,0.000,-0.000,0.000,-0.000,0.000,-0.000,0.000,-0.036,0.052,0.03576,0.040,0.051,0.03273,2
5761,118424,10,1,0,0,0,0,0,7,0,0,0.040,0.000,0.03257,-0.000,0.000,-0.000,0.000,-0.000,0.000,-0.000,0.000,-0.036,0.052,0.03569,0.040,0.051,0.03264,2
5777,118434,10,1,0,0,0,0,0,7,0,0,0.040,0.080,0.03266,-0.000,0.000,-0.000,0.000,-0.000,0.000,-0.000,0.000,0.044,0.052,0.03578,0.040,0.051,0.03257,2
5792,118444,10,1,0,0,0,0,0,7,0,0,0.040,0.000,0.03260,-0.000,0.000,-0.000,0.000,-0.000,0.000,-0.000,0.000,-0.036,0.052,0.03572,0.120,0.051,0.03266,2
5792,118454,10,1,0,0,0,0,0,7,0,0,0.040,0.040,0.03262,-0.000,0.000,-0.000,0.000,-0.000,0.000,-0.000,0.000,0.004,0.052,0.03574,0.040,0.051,0.03260,2
5808,118464,10,1,0,0,0,0,0,7,0,0,0.040,0.040,0.03267,-0.000,0.000,-0.000,0.000,-0.000,0.000,-0.000,0.000,0.004,0.052,0.03579,0.080,0.051,0.03262,2
5823,118474,10,1,0,0,0,0,0,7,0,0,0.040,0.040,0.03252,-0.000,0.000,-0.000,0.000,-0.000,0.000,-0.000,0.000,0.004,0.052,0.03564,0.080,0.051,0.03267,2
5823,118484,10,1,0,0,0,0,0,7,0,0,0.040,0.000,0.03245,-0.000,0.000,-0.000,0.000,-0.000,0.000,-0.000,0.000,-0.036,0.052,0.03557,0.080,0.051,0.03252,2
5839,118494,10,1,0,0,0,0,0,7,0,0,0.040,0.000,0.03263,-0.000,0.000,-0.000,0.000,-0.000,0.000,-0.000,0.000,-0.036,0.052,0.03575,0.040,0.051,0.03245,2
5853,118504,10,1,0,0,0,0,0,7,0,0,0.040,0.080,0.03286,-0.000,0.000,-0.000,0.000,-0.000,0.000,-0.000,0.000,0.044,0.052,0.03598,0.040,0.051,0.03263,2
5853,118514,10,1,0,0,0,0,0,7,0,0,0.040,0.000,0.03259,-0.000,0.000,-0.000,0.000,-0.000,0.000,-0.000,0.000,-0.036,0.052,0.03572,0.120,0.051,0.03286,2
5869,118524,10,1,0,0,0,0,0,7,0,0,0.040,0.000,0.03257,-0.000,0.000,-0.000,0.000,-0.000,0.000,-0.000,0.000,-0.036,0.052,0.03569,0.040,0.051,0.03259,2
5885,118534,10,1,0,0,0,0,0,7,0,0,0.040,0.000,0.03257,-0.000,0.000,-0.000,0.000,-0.000,0.000,-0.000,0.000,-0.036,0.052,0.03569,0.040,0.051,0.03257,2
5885,118544,10,1,0,0,0,0,0,7,0,0,0.040,0.000,0.03229,-0.000,0.000,-0.000,0.000,-0.000,0.000,-0.000,0.000,-0.037,0.052,0.03541,0.040,0.051,0.03257,2
5901,118554,10,1,0,0,0,0,0,7,0,0,0.040,0.000,0.03255,-0.000,0.000,-0.000,0.000,-0.000,0.000,-0.000,0.000,-0.036,0.052,0.03567,0.039,0.051,0.03229,2
5901,118564,10,1,0,0,0,0,0,7,0,0,0.040,0.000,0.03276,-0.000,0.000,-0.000,0.000,-0.000,0.000,-0.000,0.000,-0.036,0.052,0.03588,0.040,0.051,0.03255,2
5916,118574,10,1,0,0,0,0,0,7,0,0,0.040,0.000,0.03284,-0.000,0.000,-0.000,0.000,-0.000,0.000,-0.000,0.000,-0.036,0.052,0.03596,0.040,0.051,0.03276,2
5932,118584,10,1,0,0,0,0,0,7,0,0,0.040,0.000,0.03268,-0.000,0.000,-0.000,0.000,-0.000,0.000,-0.000,0.000,-0.036,0.052,0.03580,0.040,0.051,0.03284,2
5932,118594,10,1,0,0,0,0,0,7,0,0,0.040,0.000,0.03274,-0.000,0.000,-0.000,0.000,-0.000,0.000,-0.000,0.000,-0.036,0.052,0.03587,0.040,0.051,0.03268,2
5947,118604,10,1,0,0,0,0,0,7,0,0,0.040,0.000,0.03288,-0.000,0.000,-0.000,0.000,-0.000,0.000,-0.000,0.000,-0.036,0.052,0.03600,0.040,0.051,0.03274,2
5962,118614,10,1,0,0,0,0,0,7,0,0,0.040,0.000,0.03283,-0.000,0.000,-0.000,0.000,-0.000,0.000,-0.000,0.000,-0.036,0.052,0.03595,0.040,0.051,0.03288,2
5962,118624,10,1,0,0,0,0,0,7,0,0,0.040,0.000,0.03327,-0.000,0.000,-0.000,0.000,-0.000,0.000,-0.000,0.000,-0.035,0.053,0.03639,0.040,0.051,0.03283,2
5978,118634,10,1,0,0,0,0,0,7,0,0,0.040,0.080,0.03305,-0.000,0.000,-0.000,0.000,-0.000,0.000,-0.000,0.000,0.044,0.052,0.03617,0.041,0.051,0.03327,2
5994,118644,10,1,0,0,0,0,0,7,0,0,0.040,0.000,0.03304,-0.000,0.000,-0.000,0.000,-0.000,0.000,-0.000,0.000,-0.036,0.053,0.03616,0.120,0.051,0.03305,2
5994,118654,10,1,0,0,0,0,0,7,0,0,0.040,0.000,0.03308,-0.000,0.000,-0.000,0.000,-0.000,0.000,-0.000,0.000,-0.036,0.053,0.03620,0.040,0.051,0.03304,2
6010,118664,10,1,0,0,0,0,0,7,0,0,0.040,0.000,0.03304,-0.000,0.000,-0.000,0.000,-0.000,0.000,-0.000,0.000,-0.036,0.053,0.03616,0.040,0.051,0.03308,2
6010,118674,10,1,0,0,0,0,0,7,0,0,0.040,0.000,0.03306,-0.000,0.000,-0.000,0.000,-0.000,0.000,-0.000,0.000,-0.036,0.053,0.03618,0.040,0.051,0.03304,2
6026,118684,10,1,0,0,0,0,0,7,0,0,0.040,0.000,0.03312,-0.000,0.000,-0.000,0.000,-0.000,0.000,-0.000,0.000,-0.035,0.053,0.03624,0.040,0.051,0.03306,2
6042,118694,10,1,0,0,0,0,0,7,0,0,0.040,0.000,0.03332,-0.000,0.000,-0.000,0.000,-0.000,0.000,-0.000,0.000,-0.035,0.053,0.03644,0.040,0.051,0.03312,2
6042,118704,10,1,0,0,0,0,0,7,0,0,0.040,0.000,0.03323,-0.000,0.000,-0.000,0.000,-0.000,0.000,-0.000,0.000,-0.035,0.053,0.03635,0.041,0.052,0.03332,2
6057,118714,10,1,0,0,0,0,0,7,0,0,0.040,0.000,0.03332,-0.000,0.000,-0.000,0.000,-0.000,0.000,-0.000,0.000,-0.035,0.053,0.03644,0.041,0.051,0.03323,2
6072,118724,10,1,0,0,0,0,0,7,0,0,0.040,0.000,0.03313,-0.000,0.000,-0.000,0.000,-0.000,0.000,-0.000,0.000,-0.035,0.053,0.03625,0.041,0.052,0.03332,2
6072,118734,10,1,0,0,0,0,0,7,0,0,0.040,0.000,0.03301,-0.000,0.000,-0.000,0.000,-0.000,0.000,-0.000,0.000,-0.036,0.053,0.03613,0.041,0.051,0.03313,2
6088,118744,10,1,0,0,0,0,0,7,0,0,0.040,0.000,0.03306,-0.000,0.000,-0.000,0.000,-0.000,0.000,-0.000,0.000,-0.036,0.053,0.03618,0.040,0.051,0.03301,2
6103,118754,10,1,0,0,0,0,0,7,0,0,0.040,0.000,0.03288,-0.000,0.000,-0.000,0.000,-0.000,0.000,-0.000,0.000,-0.036,0.052,0.03600,0.040,0.051,0.03306,2
6103,118764,10,1,0,0,0,0,0,7,0,0,0.040,0.000,0.03269,-0.000,0.000,-0.000,0.000,-0.000,0.000,-0.000,0.000,-0.036,0.052,0.03581,0.040,0.051,0.03288,2
6119,118774,10,1,0,0,0,0,0,7,0,0,0.040,0.000,0.03253,-0.000,0.000,-0.000,0.000,-0.000,0.000,-0.000,0.000,-0.036,0.052,0.03565,0.040,0.051,0.03269,2
6134,118784,10,1,0,0,0,0,0,7,0,0,0.040,0.000,0.03229,-0.000,0.000,-0.000,0.000,-0.000,0.000,-0.000,0.000,-0.037,0.052,0.03541,0.040,0.051,0.03253,2
6134,118794,10,1,0,0,0,0,0,7,0,0,0.040,0.000,0.03230,-0.000,0.000,-0.000,0.000,-0.000,0.000,-0.000,0.000,-0.036,0.052,0.03542,0.039,0.051,0.03229,2
6150,118804,10,1,0,0,0,0,0,7,0,0,0.040,0.000,0.03248,-0.000,0.000,-0.000,0.000,-0.000,0.000,-0.000,0.000,-0.036,0.052,0.03560,0.039,0.051,0.03230,2
6150,118814,10,1,0,0,0,0,0,7,0,0,0.040,0.000,0.03248,-0.000,0.000,-0.000,0.000,-0.000,0.000,-0.000,0.000,-0.036,0.052,0.03560,0.040,0.051,0.03248,2
6166,118824,10,1,0,0,0,0,0,7,0,0,0.040,0.000,0.03263,-0.000,0.000,-0.000,0.000,-0.000,0.000,-0.000,0.000,-0.036,0.052,0.03575,0.040,0.051,0.03248,2
6182,118834,10,1,0,0,0,0,0,7,0,0,0.040,0.000,0.03269,-0.000,0.000,-0.000,0.000,-0.000,0.000,-0.000,0.000,-0.036,0.052,0.03581,0.040,0.051,0.03263,2
6182,118844,10,1,0,0,0,0,0,7,0,0,0.040,0.000,0.03251,-0.000,0.000,-0.000,0.000,-0.000,0.000,-0.000,0.000,-0.036,0.052,0.03563,0.040,0.051,0.03269,2
6197,118854,10,1,0,0,0,0,0,7,0,0,0.040,0.000,0.03253,-0.000,0.000,-0.000,0.000,-0.000,0.000,-0.000,0.000,-0.036,0.052,0.03565,0.040,0.051,0.03251,2
6213,118864,10,1,0,0,0,0,0,7,0,0,0.040,0.000,0.03273,-0.000,0.000,-0.000,0.000,-0.000,0.000,-0.000,0.000,-0.036,0.052,0.03585,0.040,0.051,0.03253,2
6213,118874,10,1,0,0,0,0,0,7,0,0,0.040,0.000,0.03264,-0.000,0.000,-0.000,0.000,-0.000,0.000,-0.000,0.000,-0.036,0.052,0.03576,0.040,0.051,0.03273,2
6229,118884,10,1,0,0,0,0,0,7,0,0,0.040,0.000,0.03269,-0.000,0.000,-0.000,0.000,-0.000,0.000,-0.000,0.000,-0.036,0.052,0.03581,0.040,0.051,0.03264,2
6244,118894,10,1,0,0,0,0,0,7,0,0,0.040,0.000,0.03276,-0.000,0.000,-0.000,0.000,-0.000,0.000,-0.000,0.000,-0.036,0.052,0.03588,0.040,0.051,0.03269,2
6244,118904,10,1,0,0,0,0,0,7,0,0,0.040,0.000,0.03280,-0.000,0.000,-0.000,0.000,-0.000,0.000,-0.000,0.000,-0.036,0.052,0.03592,0.040,0.051,0.03276,2
6260,118914,10,1,0,0,0,0,0,7,0,0,0.040,0.080,0.03296,-0.000,0.000,-0.000,0.000,-0.000,0.000,-0.000,0.000,0.044,0.052,0.03608,0.040,0.051,0.03280,2
6275,118924,10,1,0,0,0,0,0,7,0,0,0.040,0.080,0.03299,-0.000,0.000,-0.000,0.000,-0.000,0.000,-0.000,0.000,0.044,0.052,0.03611,0.120,0.051,0.03296,2
6275,118934,10,1,0,0,0,0,0,7,0,0,0.040,0.000,0.03269,-0.000,0.000,-0.000,0.000,-0.000,0.000,-0.000,0.000,-0.036,0.052,0.03581,0.120,0.051,0.03299,2
6291,118944,10,1,0,0,0,0,0,7,0,0,0.040,0.000,0.03274,-0.000,0.000,-0.000,0.000,-0.000,0.000,-0.000,0.000,-0.036,0.052,0.03586,0.040,0.051,0.03269,2
6291,118954,10,1,0,0,0,0,0,7,0,0,0.040,0.000,0.03260,-0.000,0.000,-0.000,0.000,-0.000,0.000,-0.000,0.000,-0.036,0.052,0.03572,0.040,0.051,0.03274,2
6307,118964,10,1,0,0,0,0,0,7,0,0,0.040,0.000,0.03243,-0.000,0.000,-0.000,0.000,-0.000,0.000,-0.000,0.000,-0.036,0.052,0.03555,0.040,0.051,0.03260,2
6324,118974,10,1,0,0,0,0,0,7,0,0,0.040,0.080,0.03241,-0.000,0.000,-0.000,0.000,-0.000,0.000,-0.000,0.000,0.043,0.052,0.03553,0.040,0.051,0.03243,2
6324,118984,10,1,0,0,0,0,0,7,0,0,0.040,0.000,0.03270,-0.000,0.000,-0.000,0.000,-0.000,0.000,-0.000,0.000,-0.036,0.052,0.03582,0.119,0.051,0.03241,2
6338,118994,10,1,0,0,0,0,0,7,0,0,0.040,0.000,0.03285,-0.000,0.000,-0.000,0.000,-0.000,0.000,-0.000,0.000,-0.036,0.052,0.03597,0.040,0.051,0.03270,2
6354,119004,10,1,0,0,0,0,0,7,0,0,0.040,0.080,0.03297,-0.000,0.000,-0.000,0.000,-0.000,0.000,-0.000,0.000,0.044,0.052,0.03609,0.040,0.051,0.03285,2
6354,119014,10,1,0,0,0,0,0,7,0,0,0.040,0.000,0.03263,-0.000,0.000,-0.000,0.000,-0.000,0.000,-0.000,0.000,-0.036,0.052,0.03575,0.120,0.051,0.03297,2
6369,119024,10,1,0,0,0,0,0,7,0,0,0.040,0.000,0.03272,-0.000,0.000,-0.000,0.000,-0.000,0.000,-0.000,0.000,-0.036,0.052,0.03585,0.040,0.051,0.03263,2
6385,119034,10,1,0,0,0,0,0,7,0,0,0.040,0.080,0.03278,-0.000,0.000,-0.000,0.000,-0.000,0.000,-0.000,0.000,0.044,0.052,0.03590,0.040,0.051,0.03272,2
6385,119044,10,1,0,0,0,0,0,7,0,0,0.040,0.000,0.03276,-0.000,0.000,-0.000,0.000,-0.000,0.000,-0.000,0.000,-0.036,0.052,0.03588,0.120,0.051,0.03278,2
6400,119054,10,1,0,0,0,0,0,7,0,0,0.040,0.000,0.03283,-0.000,0.000,-0.000,0.000,-0.000,0.000,-0.000,0.000,-0.036,0.052,0.03596,0.040,0.051,0.03276,2
6416,119064,10,1,0,0,0,0,0,7,0,0,0.040,0.000,0.03270,-0.000,0.000,-0.000,0.000,-0.000,0.000,-0.000,0.000,-0.036,0.052,0.03582,0.040,0.051,0.03283,2
6416,119074,10,1,0,0,0,0,0,7,0,0,0.040,0.000,0.03255,-0.000,0.000,-0.000,0.000,-0.000,0.000,-0.000,0.000,-0.036,0.052,0.03567,0.040,0.051,0.03270,2
6431,119084,10,1,0,0,0,0,0,7,0,0,0.040,0.000,0.03260,-0.000,0.000,-0.000,0.000,-0.000,0.000,-0.000,0.000,-0.036,0.052,0.03572,0.040,0.051,0.03255,2
6431,119094,10,1,0,0,0,0,0,7,0,0,0.040,0.000,0.03242,-0.000,0.000,-0.000,0.000,-0.000,0.000,-0.000,0.000,-0.036,0.052,0.03555,0.040,0.051,0.03260,2
6447,119104,10,1,0,0,0,0,0,7,0,0,0.040,0.000,0.03237,-0.000,0.000,-0.000,0.000,-0.000,0.000,-0.000,0.000,-0.036,0.052,0.03549,0.040,0.051,0.03242,2
6463,119114,10,1,0,0,0,0,0,7,0,0,0.040,0.000,0.03251,-0.000,0.000,-0.000,0.000,-0.000,0.000,-0.000,0.000,-0.036,0.052,0.03563,0.040,0.051,0.03237,2
6463,119124,10,1,0,0,0,0,0,7,0,0,0.040,0.000,0.03255,-0.000,0.000,-0.000,0.000,-0.000,0.000,-0.000,0.000,-0.036,0.052,0.03567,0.040,0.051,0.03251,2
6479,119134,10,1,0,0,0,0,0,7,0,0,0.040,0.000,0.03255,-0.000,0.000,-0.000,0.000,-0.000,0.000,-0.000,0.000,-0.036,0.052,0.03567,0.040,0.051,0.03255,2
6496,119144,10,1,0,0,0,0,0,7,0,0,0.040,0.000,0.03244,-0.000,0.000,-0.000,0.000,-0.000,0.000,-0.000,0.000,-0.036,0.052,0.03556,0.040,0.051,0.03255,2
6496,119154,10,1,0,0,0,0,0,7,0,0,0.040,0.000,0.03234,-0.000,0.000,-0.000,0.000,-0.000,0.000,-0.000,0.000,-0.036,0.052,0.03546,0.040,0.051,0.03244,2
6511,119164,10,1,0,0,0,0,0,7,0,0,0.040,0.000,0.03241,-0.000,0.000,-0.000,0.000,-0.000,0.000,-0.000,0.000,-0.036,0.052,0.03553,0.040,0.051,0.03234,2
6511,119174,10,1,0,0,0,0,0,7,0,0,0.040,0.000,0.03235,-0.000,0.000,-0.000,0.000,-0.000,0.000,-0.000,0.000,-0.036,0.052,0.03547,0.040,0.051,0.03241,2
6526,119184,10,1,0,0,0,0,0,7,0,0,0.040,0.000,0.03252,-0.000,0.000,-0.000,0.000,-0.000,0.000,-0.000,0.000,-0.036,0.052,0.03564,0.040,0.051,0.03235,2
6543,119194,10,1,0,0,0,0,0,7,0,0,0.040,0.000,0.03274,-0.000,0.000,-0.000,0.000,-0.000,0.000,-0.000,0.000,-0.036,0.052,0.03586,0.040,0.051,0.03252,2
6543,119204,10,1,0,0,0,0,0,7,0,0,0.040,0.000,0.03288,-0.000,0.000,-0.000,0.000,-0.000,0.000,-0.000,0.000,-0.036,0.052,0.03600,0.040,0.051,0.03274,2
6558,119214,10,1,0,0,0,0,0,7,0,0,0.040,0.000,0.03282,-0.000,0.000,-0.000,0.000,-0.000,0.000,-0.000,0.000,-0.036,0.052,0.03594,0.040,0.051,0.03288,2
6574,119224,10,1,0,0,0,0,0,7,0,0,0.040,0.000,0.03277,-0.000,0.000,-0.000,0.000,-0.000,0.000,-0.000,0.000,-0.036,0.052,0.03589,0.040,0.051,0.03282,2
6574,119234,10,1,0,0,0,0,0,7,0,0,0.040,0.000,0.03279,-0.000,0.000,-0.000,0.000,-0.000,0.000,-0.000,0.000,-0.036,0.052,0.03591,0.040,0.051,0.03277,2
6590,119244,10,1,0,0,0,0,0,7,0,0,0.040,0.000,0.03298,-0.000,0.000,-0.000,0.000,-0.000,0.000,-0.000,0.000,-0.036,0.052,0.03610,0.040,0.051,0.03279,2
6604,119254,10,1,0,0,0,0,0,7,0,0,0.040,0.000,0.03309,-0.000,0.000,-0.000,0.000,-0.000,0.000,-0.000,0.000,-0.036,0.053,0.03621,0.040,0.051,0.03298,2
6604,119264,10,1,0,0,0,0,0,7,0,0,0.040,0.000,0.03318,-0.000,0.000,-0.000,0.000,-0.000,0.000,-0.000,0.000,-0.035,0.053,0.03630,0.040,0.051,0.03309,2
6619,119274,10,1,0,0,0,0,0,7,0,0,0.040,0.000,0.03331,-0.000,0.000,-0.000,0.000,-0.000,0.000,-0.000,0.000,-0.035,0.053,0.03643,0.041,0.051,0.03318,2
6634,119284,10,1,0,0,0,0,0,7,0,0,0.040,0.080,0.03354,-0.000,0.000,-0.000,0.000,-0.000,0.000,-0.000,0.000,0.045,0.053,0.03666,0.041,0.052,0.03331,2
6634,119294,10,1,0,0,0,0,0,7,0,0,0.040,0.080,0.03350,-0.000,0.000,-0.000,0.000,-0.000,0.000,-0.000,0.000,0.045,0.053,0.03662,0.121,0.052,0.03354,2
6651,119304,10,1,0,0,0,0,0,7,0,0,0.040,0.000,0.03347,-0.000,0.000,-0.000,0.000,-0.000,0.000,-0.000,0.000,-0.035,0.053,0.03659,0.121,0.052,0.03350,2
6651,119314,10,1,0,0,0,0,0,7,0,0,0.040,0.000,0.03304,-0.000,0.000,-0.000,0.000,-0.000,0.000,-0.000,0.000,-0.036,0.053,0.03616,0.041,0.052,0.03347,2
6666,119324,10,1,0,0,0,0,0,7,0,0,0.040,0.000,0.03306,-0.000,0.000,-0.000,0.000,-0.000,0.000,-0.000,0.000,-0.036,0.053,0.03618,0.040,0.051,0.03304,2
6682,119334,10,1,0,0,0,0,0,7,0,0,0.040,0.000,0.03304,-0.000,0.000,-0.000,0.000,-0.000,0.000,-0.000,0.000,-0.036,0.053,0.03616,0.040,0.051,0.03306,2
6682,119344,10,1,0,0,0,0,0,7,0,0,0.040,0.000,0.03279,-0.000,0.000,-0.000,0.000,-0.000,0.000,-0.000,0.000,-0.036,0.052,0.03591,0.040,0.051,0.03304,2
6697,119354,10,1,0,0,0,0,0,7,0,0,0.040,0.000,0.03283,-0.000,0.000,-0.000,0.000,-0.000,0.000,-0.000,0.000,-0.036,0.052,0.03595,0.040,0.051,0.03279,2
6713,119364,10,1,0,0,0,0,0,7,0,0,0.040,0.000,0.03271,-0.000,0.000,-0.000,0.000,-0.000,0.000,-0.000,0.000,-0.036,0.052,0.03583,0.040,0.051,0.03283,2
6713,119374,10,1,0,0,0,0,0,7,0,0,0.040,0.000,0.03276,-0.000,0.000,-0.000,0.000,-0.000,0.000,-0.000,0.000,-0.036,0.052,0.03588,0.040,0.051,0.03271,2
6728,119384,10,1,0,0,0,0,0,7,0,0,0.040,0.000,0.03281,-0.000,0.000,-0.000,0.000,-0.000,0.000,-0.000,0.000,-0.036,0.052,0.03593,0.040,0.051,0.03276,2
6744,119394,10,1,0,0,0,0,0,7,0,0,0.040,0.000,0.03314,-0.000,0.000,-0.000,0.000,-0.000,0.000,-0.000,0.000,-0.035,0.053,0.03626,0.040,0.051,0.03281,2
6744,119404,10,1,0,0,0,0,0,7,0,0,-0.040,0.080,0.03321,-0.000,0.000,-0.000,0.000,-0.000,0.000,-0.000,0.000,0.044,-0.027,0.03633,0.041,0.051,0.03314,2
6760,119414,10,1,0,0,0,0,0,7,0,0,0.040,0.000,0.03308,-0.000,0.000,-0.000,0.000,-0.000,0.000,-0.000,0.000,-0.036,0.053,0.03620,0.120,-0.028,0.03321,2
6776,119424,10,1,0,0,0,0,0,7,0,0,0.040,0.000,0.03262,-0.000,0.000,-0.000,0.000,-0.000,0.000,-0.000,0.000,-0.036,0.052,0.03574,0.040,0.051,0.03308,2
6776,119434,10,1,0,0,0,0,0,7,0,0,0.040,0.000,0.03268,-0.000,0.000,-0.000,0.000,-0.000,0.000,-0.000,0.000,-0.036,0.052,0.03580,0.040,0.051,0.03262,2
6792,119444,10,1,0,0,0,0,0,7,0,0,0.040,0.000,0.03260,-0.000,0.000,-0.000,0.000,-0.000,0.000,-0.000,0.000,-0.036,0.052,0.03572,0.040,0.051,0.03268,2
6792,119454,10,1,0,0,0,0,0,7,0,0,0.040,0.080,0.03279,-0.000,0.000,-0.000,0.000,-0.000,0.000,-0.000,0.000,0.044,0.052,0.03591,0.040,0.051,0.03260,2
6808,119464,10,1,0,0,0,0,0,7,0,0,0.040,0.000,0.03279,-0.000,0.000,-0.000,0.000,-0.000,0.000,-0.000,0.000,-0.036,0.052,0.03591,0.120,0.051,0.03279,2
6823,119474,10,1,0,0,0,0,0,7,0,0,0.040,0.080,0.03270,-0.000,0.000,-0.000,0.000,-0.000,0.000,-0.000,0.000,0.044,0.052,0.03582,0.040,0.051,0.03279,2
6823,119484,10,1,0,0,0,0,0,7,0,0,0.040,0.080,0.03282,-0.000,0.000,-0.000,0.000,-0.000,0.000,-0.000,0.000,0.044,0.052,0.03594,0.120,0.051,0.03270,2
6838,119494,10,1,0,0,0,0,0,7,0,0,0.040,0.000,0.03285,-0.000,0.000,-0.000,0.000,-0.000,0.000,-0.000,0.000,-0.036,0.052,0.03597,0.120,0.051,0.03282,2
6855,119504,10,1,0,0,0,0,0,7,0,0,0.040,0.000,0.03289,-0.000,0.000,-0.000,0.000,-0.000,0.000,-0.000,0.000,-0.036,0.052,0.03601,0.040,0.051,0.03285,2
6855,119514,10,1,0,0,0,0,0,7,0,0,0.040,0.000,0.03291,-0.000,0.000,-0.000,0.000,-0.000,0.000,-0.000,0.000,-0.036,0.052,0.03603,0.040,0.051,0.03289,2
6869,119524,10,1,0,0,0,0,0,7,0,0,0.040,0.000,0.03282,-0.000,0.000,-0.000,0.000,-0.000,0.000,-0.000,0.000,-0.036,0.052,0.03594,0.040,0.051,0.03291,2
6886,119534,10,1,0,0,0,0,0,7,0,0,0.040,0.000,0.03270,-0.000,0.000,-0.000,0.000,-0.000,0.000,-0.000,0.000,-0.036,0.052,0.03582,0.040,0.051,0.03282,2
6886,119544,10,1,0,0,0,0,0,7,0,0,0.040,0.080,0.03266,-0.000,0.000,-0.000,0.000,-0.000,0.000,-0.000,0.000,0.044,0.052,0.03578,0.040,0.051,0.03270,2
6901,119554,10,1,0,0,0,0,0,7,0,0,0.040,0.000,0.03282,-0.000,0.000,-0.000,0.000,-0.000,0.000,-0.000,0.000,-0.036,0.052,0.03594,0.120,0.051,0.03266,2
6901,119564,10,1,0,0,0,0,0,7,0,0,0.040,0.000,0.03288,-0.000,0.000,-0.000,0.000,-0.000,0.000,-0.000,0.000,-0.036,0.052,0.03600,0.040,0.051,0.03282,2
6916,119574,10,1,0,0,0,0,0,7,0,0,0.040,0.000,0.03276,-0.000,0.000,-0.000,0.000,-0.000,0.000,-0.000,0.000,-0.036,0.052,0.03588,0.040,0.051,0.03288,2
6931,119584,10,1,0,0,0,0,0,7,0,0,0.040,0.000,0.03275,-0.000,0.000,-0.000,0.000,-0.000,0.000,-0.000,0.000,-0.036,0.052,0.03587,0.040,0.051,0.03276,2
6931,119594,10,1,0,0,0,0,0,7,0,0,0.040,0.000,0.03273,-0.000,0.000,-0.000,0.000,-0.000,0.000,-0.000,0.000,-0.036,0.052,0.03585,0.040,0.051,0.03275,2
6947,119604,10,1,0,0,0,0,0,7,0,0,0.040,0.000,0.03259,-0.000,0.000,-0.000,0.000,-0.000,0.000,-0.000,0.000,-0.036,0.052,0.03571,0.040,0.051,0.03273,2
6962,119614,10,1,0,0,0,0,0,7,0,0,0.040,0.000,0.03261,-0.000,0.000,-0.000,0.000,-0.000,0.000,-0.000,0.000,-0.036,0.052,0.03573,0.040,0.051,0.03259,2
6962,119624,10,1,0,0,0,0,0,7,0,0,0.040,0.000,0.03267,-0.000,0.000,-0.000,0.000,-0.000,0.000,-0.000,0.000,-0.036,0.052,0.03579,0.040,0.051,0.03261,2
6978,119634,10,1,0,0,0,0,0,7,0,0,0.040,0.000,0.03277,-0.000,0.000,-0.000,0.000,-0.000,0.000,-0.000,0.000,-0.036,0.052,0.03589,0.040,0.051,0.03267,2
6993,119644,10,1,0,0,0,0,0,7,0,0,0.040,0.080,0.03286,-0.000,0.000,-0.000,0.000,-0.000,0.000,-0.000,0.000,0.044,0.052,0.03598,0.040,0.051,0.03277,2
6993,119654,10,1,0,0,0,0,0,7,0,0,0.040,0.000,0.03284,-0.000,0.000,-0.000,0.000,-0.000,0.000,-0.000,0.000,-0.036,0.052,0.03596,0.120,0.051,0.03286,2
7008,119664,10,1,0,0,0,0,0,7,0,0,0.040,0.000,0.03275,-0.000,0.000,-0.000,0.000,-0.000,0.000,-0.000,0.000,-0.036,0.052,0.03587,0.040,0.051,0.03284,2
7024,119674,10,1,0,0,0,0,0,7,0,0,0.040,0.000,0.03274,-0.000,0.000,-0.000,0.000,-0.000,0.000,-0.000,0.000,-0.036,0.052,0.03586,0.040,0.051,0.03275,2
7024,119684,10,1,0,0,0,0,0,7,0,0,0.040,0.080,0.03272,-0.000,0.000,-0.000,0.000,-0.000,0.000,-0.000,0.000,0.044,0.052,0.03584,0.040,0.051,0.03274,2
7039,119694,10,1,0,0,0,0,0,7,0,0,0.040,0.000,0.03275,-0.000,0.000,-0.000,0.000,-0.000,0.000,-0.000,0.000,-0.036,0.052,0.03587,0.120,0.051,0.03272,2
7055,119704,10,1,0,0,0,0,0,7,0,0,0.040,0.000,0.03266,-0.000,0.000,-0.000,0.000,-0.000,0.000,-0.000,0.000,-0.036,0.052,0.03578,0.040,0.051,0.03275,2
7055,119714,10,1,0,0,0,0,0,7,0,0,0.040,0.080,0.03261,-0.000,0.000,-0.000,0.000,-0.000,0.000,-0.000,0.000,0.044,0.052,0.03573,0.040,0.051,0.03266,2
7071,119724,10,1,0,0,0,0,0,7,0,0,0.040,0.000,0.03263,-0.000,0.000,-0.000,0.000,-0.000,0.000,-0.000,0.000,-0.036,0.052,0.03575,0.120,0.051,0.03261,2
7071,119734,10,1,0,0,0,0,0,7,0,0,0.040,0.000,0.03246,-0.000,0.000,-0.000,0.000,-0.000,0.000,-0.000,0.000,-0.036,0.052,0.03558,0.040,0.051,0.03263,2
7087,119744,10,1,0,0,0,0,0,7,0,0,0.040,0.000,0.03232,-0.000,0.000,-0.000,0.000,-0.000,0.000,-0.000,0.000,-0.036,0.052,0.03544,0.040,0.051,0.03246,2
7102,119754,10,1,0,0,0,0,0,7,0,0,0.040,0.000,0.03234,-0.000,0.000,-0.000,0.000,-0.000,0.000,-0.000,0.000,-0.036,0.052,0.03546,0.040,0.051,0.03232,2
7102,119764,10,1,0,0,0,0,0,7,0,0,0.040,0.000,0.03270,-0.000,0.000,-0.000,0.000,-0.000,0.000,-0.000,0.000,-0.036,0.052,0.03582,0.040,0.051,0.03234,2
7117,119774,10,1,0,0,0,0,0,7,0,0,0.040,0.000,0.03274,-0.000,0.000,-0.000,0.000,-0.000,0.000,-0.000,0.000,-0.036,0.052,0.03586,0.040,0.051,0.03270,2
7133,119784,10,1,0,0,0,0,0,7,0,0,0.040,0.080,0.03284,-0.000,0.000,-0.000,0.000,-0.000,0.000,-0.000,0.000,0.044,0.052,0.03596,0.040,0.051,0.03274,2
7133,119794,10,1,0,0,0,0,0,7,0,0,0.040,0.000,0.03267,-0.000,0.000,-0.000,0.000,-0.000,0.000,-0.000,0.000,-0.036,0.052,0.03579,0.120,0.051,0.03284,2
7148,119804,10,1,0,0,0,0,0,7,0,0,0.040,0.080,0.03263,-0.000,0.000,-0.000,0.000,-0.000,0.000,-0.000,0.000,0.044,0.052,0.03575,0.040,0.051,0.03267,2
7164,119814,10,1,0,0,0,0,0,7,0,0,0.040,0.000,0.03243,-0.000,0.000,-0.000,0.000,-0.000,0.000,-0.000,0.000,-0.036,0.052,0.03555,0.120,0.051,0.03263,2
7164,119824,10,1,0,0,0,0,0,7,0,0,0.040,0.000,0.03237,-0.000,0.000,-0.000,0.000,-0.000,0.000,-0.000,0.000,-0.036,0.052,0.03549,0.040,0.051,0.03243,2
7179,119834,10,1,0,0,0,0,0,7,0,0,0.040,0.080,0.03248,-0.000,0.000,-0.000,0.000,-0.000,0.000,-0.000,0.000,0.044,0.052,0.03560,0.040,0.051,0.03237,2
7194,119844,10,1,0,0,0,0,0,7,0,0,0.040,0.000,0.03261,-0.000,0.000,-0.000,0.000,-0.000,0.000,-0.000,0.000,-0.036,0.052,0.03574,0.120,0.051,0.03248,2
7194,119854,10,1,0,0,0,0,0,7,0,0,0.040,0.000,0.03278,-0.000,0.000,-0.000,0.000,-0.000,0.000,-0.000,0.000,-0.036,0.052,0.03590,0.040,0.051,0.03261,2
7210,119864,10,1,0,0,0,0,0,7,0,0,0.040,0.000,0.03285,-0.000,0.000,-0.000,0.000,-0.000,0.000,-0.000,0.000,-0.036,0.052,0.03597,0.040,0.051,0.03278,2
7210,119874,10,1,0,0,0,0,0,7,0,0,0.040,0.000,0.03305,-0.000,0.000,-0.000,0.000,-0.000,0.000,-0.000,0.000,-0.036,0.053,0.03617,0.040,0.051,0.03285,2
7226,119884,10,1,0,0,0,0,0,7,0,0,0.040,0.000,0.03311,-0.000,0.000,-0.000,0.000,-0.000,0.000,-0.000,0.000,-0.036,0.053,0.03623,0.040,0.051,0.03305,2
7241,119894,10,1,0,0,0,0,0,7,0,0,0.040,0.000,0.03305,-0.000,0.000,-0.000,0.000,-0.000,0.000,-0.000,0.000,-0.036,0.053,0.03617,0.040,0.051,0.03311,2
7241,119904,10,1,0,0,0,0,0,7,0,0,0.040,0.000,0.03283,-0.000,0.000,-0.000,0.000,-0.000,0.000,-0.000,0.000,-0.036,0.052,0.03595,0.040,0.051,0.03305,2
7257,119914,10,1,0,0,0,0,0,7,0,0,0.040,0.000,0.03290,-0.000,0.000,-0.000,0.000,-0.000,0.000,-0.000,0.000,-0.036,0.052,0.03602,0.040,0.051,0.03283,2
7273,119924,10,1,0,0,0,0,0,7,0,0,0.040,0.000,0.03305,-0.000,0.000,-0.000,0.000,-0.000,0.000,-0.000,0.000,-0.036,0.053,0.03618,0.040,0.051,0.03290,2
7273,119934,10,1,0,0,0,0,0,7,0,0,0.040,0.000,0.03304,-0.000,0.000,-0.000,0.000,-0.000,0.000,-0.000,0.000,-0.036,0.053,0.03616,0.040,0.051,0.03305,2
7289,119944,10,1,0,0,0,0,0,7,0,0,0.040,0.080,0.03317,-0.000,0.000,-0.000,0.000,-0.000,0.000,-0.000,0.000,0.044,0.053,0.03629,0.040,0.051,0.03304,2
7304,119954,10,1,0,0,0,0,0,7,0,0,0.040,0.080,0.03313,-0.000,0.000,-0.000,0.000,-0.000,0.000,-0.000,0.000,0.044,0.052,0.03625,0.120,0.051,0.03317,2
7304,119964,10,1,0,0,0,0,0,7,0,0,0.040,0.000,0.03296,-0.000,0.000,-0.000,0.000,-0.000,0.000,-0.000,0.000,-0.036,0.052,0.03608,0.120,0.051,0.03313,2
7319,119974,10,1,0,0,0,0,0,7,0,0,0.040,0.000,0.03299,-0.000,0.000,-0.000,0.000,-0.000,0.000,-0.000,0.000,-0.036,0.052,0.03611,0.040,0.051,0.03296,2
7335,119984,10,1,0,0,0,0,0,7,0,0,0.040,0.000,0.03331,-0.000,0.000,-0.000,0.000,-0.000,0.000,-0.000,0.000,-0.035,0.053,0.03643,0.040,0.051,0.03299,2
7335,119994,10,1,0,0,0,0,0,7,0,0,0.040,0.000,0.03322,-0.000,0.000,-0.000,0.000,-0.000,0.000,-0.000,0.000,-0.035,0.053,0.03634,0.041,0.052,0.03331,2
7350,120004,10,1,0,0,0,0,0,7,0,0,0.040,0.000,0.03319,-0.000,0.000,-0.000,0.000,-0.000,0.000,-0.000,0.000,-0.035,0.053,0.03631,0.041,0.051,0.03322,2
7366,120014,10,1,0,0,0,0,0,7,0,0,0.040,0.000,0.03317,-0.000,0.000,-0.000,0.000,-0.000,0.000,-0.000,0.000,-0.035,0.053,0.03629,0.041,0.051,0.03319,2
7366,120024,10,1,0,0,0,0,0,7,0,0,0.040,0.000,0.03299,-0.000,0.000,-0.000,0.000,-0.000,0.000,-0.000,0.000,-0.036,0.052,0.03611,0.041,0.051,0.03317,2
7381,120034,10,1,0,0,0,0,0,7,0,0,0.040,0.080,0.03305,-0.000,0.000,-0.000,0.000,-0.000,0.000,-0.000,0.000,0.044,0.052,0.03617,0.040,0.051,0.03299,2
7381,120044,10,1,0,0,0,0,0,7,0,0,0.040,0.000,0.03286,-0.000,0.000,-0.000,0.000,-0.000,0.000,-0.000,0.000,-0.036,0.052,0.03598,0.120,0.051,0.03305,2
7397,120054,10,1,0,0,0,0,0,7,0,0,0.040,0.000,0.03279,-0.000,0.000,-0.000,0.000,-0.000,0.000,-0.000,0.000,-0.036,0.052,0.03591,0.040,0.051,0.03286,2
7413,120064,10,1,0,0,0,0,0,7,0,0,0.040,0.000,0.03292,-0.000,0.000,-0.000,0.000,-0.000,0.000,-0.000,0.000,-0.036,0.052,0.03604,0.040,0.051,0.03279,2
7413,120074,10,1,0,0,0,0,0,7,0,0,0.040,0.000,0.03304,-0.000,0.000,-0.000,0.000,-0.000,0.000,-0.000,0.000,-0.036,0.053,0.03616,0.040,0.051,0.03292,2
7428,120084,10,1,0,0,0,0,0,7,0,0,0.040,0.000,0.03307,-0.000,0.000,-0.000,0.000,-0.000,0.000,-0.000,0.000,-0.036,0.053,0.03619,0.040,0.051,0.03304,2
7444,120094,10,1,0,0,0,0,0,7,0,0,0.040,0.000,0.03300,-0.000,0.000,-0.000,0.000,-0.000,0.000,-0.000,0.000,-0.036,0.052,0.03612,0.040,0.051,0.03307,2
7444,120104,10,1,0,0,0,0,0,7,0,0,0.040,0.000,0.03292,-0.000,0.000,-0.000,0.000,-0.000,0.000,-0.000,0.000,-0.036,0.052,0.03604,0.040,0.051,0.03300,2
7459,120114,10,1,0,0,0,0,0,7,0,0,0.040,0.000,0.03245,-0.000,0.000,-0.000,0.000,-0.000,0.000,-0.000,0.000,-0.036,0.052,0.03557,0.040,0.051,0.03292,2
7475,120124,10,1,0,0,0,0,0,7,0,0,0.040,0.000,0.03252,-0.000,0.000,-0.000,0.000,-0.000,0.000,-0.000,0.000,-0.036,0.052,0.03564,0.040,0.051,0.03245,2
7475,120134,10,1,0,0,0,0,0,7,0,0,0.040,0.080,0.03260,-0.000,0.000,-0.000,0.000,-0.000,0.000,-0.000,0.000,0.044,0.052,0.03572,0.040,0.051,0.03252,2
7491,120144,10,1,0,0,0,0,0,7,0,0,0.040,0.000,0.03267,-0.000,0.000,-0.000,0.000,-0.000,0.000,-0.000,0.000,-0.036,0.052,0.03579,0.120,0.051,0.03260,2
7491,120154,10,1,0,0,0,0,0,7,0,0,0.040,0.080,0.03260,-0.000,0.000,-0.000,0.000,-0.000,0.000,-0.000,0.000,0.044,0.052,0.03572,0.040,0.051,0.03267,2
7507,120164,10,1,0,0,0,0,0,7,0,0,0.040,0.000,0.03260,-0.000,0.000,-0.000,0.000,-0.000,0.000,-0.000,0.000,-0.036,0.052,0.03572,0.120,0.051,0.03260,2
7522,120174,10,1,0,0,0,0,0,7,0,0,0.040,0.000,0.03244,-0.000,0.000,-0.000,0.000,-0.000,0.000,-0.000,0.000,-0.036,0.052,0.03556,0.040,0.051,0.03260,2
7522,120184,10,1,0,0,0,0,0,7,0,0,0.040,0.000,0.03226,-0.000,0.000,-0.000,0.000,-0.000,0.000,-0.000,0.000,-0.037,0.052,0.03538,0.040,0.051,0.03244,2
7538,120194,10,1,0,0,0,0,0,7,0,0,0.040,0.000,0.03224,-0.000,0.000,-0.000,0.000,-0.000,0.000,-0.000,0.000,-0.037,0.052,0.03536,0.039,0.051,0.03226,2
7553,120204,10,1,0,0,0,0,0,7,0,0,0.040,0.080,0.03219,-0.000,0.000,-0.000,0.000,-0.000,0.000,-0.000,0.000,0.043,0.052,0.03531,0.039,0.051,0.03224,2
7553,120214,10,1,0,0,0,0,0,7,0,0,0.040,0.000,0.03210,-0.000,0.000,-0.000,0.000,-0.000,0.000,-0.000,0.000,-0.037,0.052,0.03523,0.119,0.051,0.03219,2
7568,120224,10,1,0,0,0,0,0,7,0,0,0.040,0.000,0.03217,-0.000,0.000,-0.000,0.000,-0.000,0.000,-0.000,0.000,-0.037,0.052,0.03529,0.039,0.051,0.03210,2
7584,120234,10,1,0,0,0,0,0,7,0,0,0.040,0.000,0.03233,-0.000,0.000,-0.000,0.000,-0.000,0.000,-0.000,0.000,-0.036,0.052,0.03545,0.039,0.051,0.03217,2
7584,120244,10,1,0,0,0,0,0,7,0,0,0.040,0.000,0.03221,-0.000,0.000,-0.000,0.000,-0.000,0.000,-0.000,0.000,-0.037,0.052,0.03533,0.040,0.051,0.03233,2
7599,120254,10,1,0,0,0,0,0,7,0,0,0.040,0.000,0.03227,-0.000,0.000,-0.000,0.000,-0.000,0.000,-0.000,0.000,-0.037,0.052,0.03539,0.039,0.051,0.03221,2
7615,120264,10,1,0,0,0,0,0,7,0,0,0.040,0.000,0.03233,-0.000,0.000,-0.000,0.000,-0.000,0.000,-0.000,0.000,-0.036,0.052,0.03545,0.039,0.051,0.03227,2
7615,120274,10,1,0,0,0,0,0,7,0,0,0.040,0.000,0.03240,-0.000,0.000,-0.000,0.000,-0.000,0.000,-0.000,0.000,-0.036,0.052,0.03552,0.040,0.051,0.03233,2
7631,120284,10,1,0,0,0,0,0,7,0,0,0.040,0.000,0.03225,-0.000,0.000,-0.000,0.000,-0.000,0.000,-0.000,0.000,-0.037,0.052,0.03537,0.040,0.051,0.03240,2
7631,120294,10,1,0,0,0,0,0,7,0,0,0.040,0.000,0.03232,-0.000,0.000,-0.000,0.000,-0.000,0.000,-0.000,0.000,-0.036,0.052,0.03544,0.039,0.051,0.03225,2
7647,120304,10,1,0,0,0,0,0,7,0,0,0.040,0.000,0.03248,-0.000,0.000,-0.000,0.000,-0.000,0.000,-0.000,0.000,-0.036,0.052,0.03560,0.040,0.051,0.03232,2
7663,120314,10,1,0,0,0,0,0,7,0,0,0.040,0.000,0.03254,-0.000,0.000,-0.000,0.000,-0.000,0.000,-0.000,0.000,-0.036,0.052,0.03566,0.040,0.051,0.03248,2
7663,120324,10,1,0,0,0,0,0,7,0,0,0.040,0.080,0.03260,-0.000,0.000,-0.000,0.000,-0.000,0.000,-0.000,0.000,0.044,0.052,0.03572,0.040,0.051,0.03254,2
7678,120334,10,1,0,0,0,0,0,7,0,0,0.040,0.000,0.03226,-0.000,0.000,-0.000,0.000,-0.000,0.000,-0.000,0.000,-0.037,0.052,0.03538,0.120,0.051,0.03260,2
7694,120344,10,1,0,0,0,0,0,7,0,0,0.040,0.000,0.03228,-0.000,0.000,-0.000,0.000,-0.000,0.000,-0.000,0.000,-0.037,0.052,0.03540,0.039,0.051,0.03226,2
7694,120354,10,1,0,0,0,0,0,7,0,0,0.040,0.000,0.03244,-0.000,0.000,-0.000,0.000,-0.000,0.000,-0.000,0.000,-0.036,0.052,0.03556,0.039,0.051,0.03228,2
7709,120364,10,1,0,0,0,0,0,7,0,0,0.040,0.080,0.03277,-0.000,0.000,-0.000,0.000,-0.000,0.000,-0.000,0.000,0.044,0.052,0.03589,0.040,0.051,0.03244,2
7725,120374,10,1,0,0,0,0,0,7,0,0,0.040,0.000,0.03280,-0.000,0.000,-0.000,0.000,-0.000,0.000,-0.000,0.000,-0.036,0.052,0.03592,0.120,0.051,0.03277,2
7725,120384,10,1,0,0,0,0,0,7,0,0,0.040,0.000,0.03269,-0.000,0.000,-0.000,0.000,-0.000,0.000,-0.000,0.000,-0.036,0.052,0.03581,0.040,0.051,0.03280,2
7741,120394,10,1,0,0,0,0,0,7,0,0,0.040,0.000,0.03278,-0.000,0.000,-0.000,0.000,-0.000,0.000,-0.000,0.000,-0.036,0.052,0.03590,0.040,0.051,0.03269,2
7741,120404,10,1,0,0,0,0,0,7,0,0,0.040,0.080,0.03255,-0.000,0.000,-0.000,0.000,-0.000,0.000,-0.000,0.000,0.044,0.052,0.03568,0.040,0.051,0.03278,2
7757,120414,10,1,0,0,0,0,0,7,0,0,0.040,0.000,0.03261,-0.000,0.000,-0.000,0.000,-0.000,0.000,-0.000,0.000,-0.036,0.052,0.03573,0.120,0.051,0.03255,2
7776,120424,10,1,0,0,0,0,0,7,0,0,0.040,0.080,0.03279,-0.000,0.000,-0.000,0.000,-0.000,0.000,-0.000,0.000,0.044,0.052,0.03591,0.040,0.051,0.03261,2
7776,120434,10,1,0,0,0,0,0,7,0,0,0.040,0.000,0.03273,-0.000,0.000,-0.000,0.000,-0.000,0.000,-0.000,0.000,-0.036,0.052,0.03585,0.120,0.051,0.03279,2
7788,120444,10,1,0,0,0,0,0,7,0,0,0.040,0.000,0.03263,-0.000,0.000,-0.000,0.000,-0.000,0.000,-0.000,0.000,-0.036,0.052,0.03575,0.040,0.051,0.03273,2
7803,120454,10,1,0,0,0,0,0,7,0,0,0.040,0.080,0.03275,-0.000,0.000,-0.000,0.000,-0.000,0.000,-0.000,0.000,0.044,0.052,0.03587,0.040,0.051,0.03263,2
7803,120464,10,1,0,0,0,0,0,7,0,0,0.040,0.000,0.03261,-0.000,0.000,-0.000,0.000,-0.000,0.000,-0.000,0.000,-0.036,0.052,0.03573,0.120,0.051,0.03275,2
7819,120474,10,1,0,0,0,0,0,7,0,0,0.040,0.000,0.03254,-0.000,0.000,-0.000,0.000,-0.000,0.000,-0.000,0.000,-0.036,0.052,0.03566,0.040,0.051,0.03261,2
7834,120484,10,1,0,0,0,0,0,7,0,0,0.040,0.000,0.03246,-0.000,0.000,-0.000,0.000,-0.000,0.000,-0.000,0.000,-0.036,0.052,0.03558,0.040,0.051,0.03254,2
7834,120494,10,1,0,0,0,0,0,7,0,0,0.040,0.080,0.03246,-0.000,0.000,-0.000,0.000,-0.000,0.000,-0.000,0.000,0.044,0.052,0.03558,0.040,0.051,0.03246,2
7850,120504,10,1,0,0,0,0,0,7,0,0,0.040,0.000,0.03239,-0.000,0.000,-0.000,0.000,-0.000,0.000,-0.000,0.000,-0.036,0.052,0.03551,0.119,0.051,0.03246,2
7865,120514,10,1,0,0,0,0,0,7,0,0,0.040,0.000,0.03235,-0.000,0.000,-0.000,0.000,-0.000,0.000,-0.000,0.000,-0.036,0.052,0.03547,0.040,0.051,0.03239,2
7865,120524,10,1,0,0,0,0,0,7,0,0,0.040,0.000,0.03226,-0.000,0.000,-0.000,0.000,-0.000,0.000,-0.000,0.000,-0.037,0.052,0.03538,0.040,0.051,0.03235,2
7881,120534,10,1,0,0,0,0,0,7,0,0,0.040,0.000,0.03241,-0.000,0.000,-0.000,0.000,-0.000,0.000,-0.000,0.000,-0.036,0.052,0.03553,0.039,0.051,0.03226,2
7881,120544,10,1,0,0,0,0,0,7,0,0,0.040,0.000,0.03236,-0.000,0.000,-0.000,0.000,-0.000,0.000,-0.000,0.000,-0.036,0.052,0.03548,0.040,0.051,0.03241,2
7897,120554,10,1,0,0,0,0,0,7,0,0,0.040,0.080,0.03206,-0.000,0.000,-0.000,0.000,-0.000,0.000,-0.000,0.000,0.043,0.052,0.03518,0.040,0.051,0.03236,2
7913,120564,10,1,0,0,0,0,0,7,0,0,0.040,0.000,0.03184,-0.000,0.000,-0.000,0.000,-0.000,0.000,-0.000,0.000,-0.037,0.052,0.03496,0.119,0.051,0.03206,2
7913,120574,10,1,0,0,0,0,0,7,0,0,0.040,0.000,0.03198,-0.000,0.000,-0.000,0.000,-0.000,0.000,-0.000,0.000,-0.037,0.052,0.03510,0.039,0.051,0.03184,2
7928,120584,10,1,0,0,0,0,0,7,0,0,0.040,0.000,0.03203,-0.000,0.000,-0.000,0.000,-0.000,0.000,-0.000,0.000,-0.037,0.052,0.03515,0.039,0.051,0.03198,2
7944,120594,10,1,0,0,0,0,0,7,0,0,0.040,0.000,0.03237,-0.000,0.000,-0.000,0.000,-0.000,0.000,-0.000,0.000,-0.036,0.052,0.03549,0.039,0.051,0.03203,2
7944,120604,10,1,0,0,0,0,0,7,0,0,0.040,0.000,0.03244,-0.000,0.000,-0.000,0.000,-0.000,0.000,-0.000,0.000,-0.036,0.052,0.03556,0.040,0.051,0.03237,2
7959,120614,10,1,0,0,0,0,0,7,0,0,0.040,0.000,0.03247,-0.000,0.000,-0.000,0.000,-0.000,0.000,-0.000,0.000,-0.036,0.052,0.03559,0.040,0.051,0.03244,2
7974,120624,10,1,0,0,0,0,0,7,0,0,0.040,0.000,0.03247,-0.000,0.000,-0.000,0.000,-0.000,0.000,-0.000,0.000,-0.036,0.052,0.03559,0.040,0.051,0.03247,2
7974,120634,10,1,0,0,0,0,0,7,0,0,0.040,0.080,0.03242,-0.000,0.000,-0.000,0.000,-0.000,0.000,-0.000,0.000,0.043,0.052,0.03554,0.040,0.051,0.03247,2
7990,120644,10,1,0,0,0,0,0,7,0,0,0.040,0.000,0.03245,-0.000,0.000,-0.000,0.000,-0.000,0.000,-0.000,0.000,-0.036,0.052,0.03557,0.119,0.051,0.03242,2
8005,120654,10,1,0,0,0,0,0,7,0,0,0.040,0.000,0.03246,-0.000,0.000,-0.000,0.000,-0.000,0.000,-0.000,0.000,-0.036,0.052,0.03558,0.040,0.051,0.03245,2
8005,120664,10,1,0,0,0,0,0,7,0,0,0.040,0.000,0.03263,-0.000,0.000,-0.000,0.000,-0.000,0.000,-0.000,0.000,-0.036,0.052,0.03575,0.040,0.051,0.03246,2
8021,120674,10,1,0,0,0,0,0,7,0,0,0.040,0.000,0.03265,-0.000,0.000,-0.000,0.000,-0.000,0.000,-0.000,0.000,-0.036,0.052,0.03577,0.040,0.051,0.03263,2
8021,120684,10,1,0,0,0,0,0,7,0,0,0.040,0.000,0.03275,-0.000,0.000,-0.000,0.000,-0.000,0.000,-0.000,0.000,-0.036,0.052,0.03587,0.040,0.051,0.03265,2
8036,120694,10,1,0,0,0,0,0,7,0,0,0.040,0.000,0.03266,-0.000,0.000,-0.000,0.000,-0.000,0.000,-0.000,0.000,-0.036,0.052,0.03578,0.040,0.051,0.03275,2
8052,120704,10,1,0,0,0,0,0,7,0,0,0.040,0.080,0.03265,-0.000,0.000,-0.000,0.000,-0.000,0.000,-0.000,0.000,0.044,0.052,0.03577,0.040,0.051,0.03266,2
8052,120714,10,1,0,0,0,0,0,7,0,0,-0.040,0.000,0.03253,-0.000,0.000,-0.000,0.000,-0.000,0.000,-0.000,0.000,-0.036,-0.027,0.03565,0.120,0.051,0.03265,2
8067,120724,10,1,0,0,0,0,0,7,0,0,0.040,0.000,0.03259,-0.000,0.000,-0.000,0.000,-0.000,0.000,-0.000,0.000,-0.036,0.052,0.03571,0.040,-0.029,0.03253,2
8083,120734,10,1,0,0,0,0,0,7,0,0,0.040,0.000,0.03256,-0.000,0.000,-0.000,0.000,-0.000,0.000,-0.000,0.000,-0.036,0.052,0.03568,0.040,0.051,0.03259,2
8083,120744,10,1,0,0,0,0,0,7,0,0,0.040,0.000,0.03260,-0.000,0.000,-0.000,0.000,-0.000,0.000,-0.000,0.000,-0.036,0.052,0.03572,0.040,0.051,0.03256,2
8098,120754,10,1,0,0,0,0,0,7,0,0,0.040,0.000,0.03265,-0.000,0.000,-0.000,0.000,-0.000,0.000,-0.000,0.000,-0.036,0.052,0.03577,0.040,0.051,0.03260,2
8114,120764,10,1,0,0,0,0,0,7,0,0,0.040,0.000,0.03255,-0.000,0.000,-0.000,0.000,-0.000,0.000,-0.000,0.000,-0.036,0.052,0.03567,0.040,0.051,0.03265,2
8114,120774,10,1,0,0,0,0,0,7,0,0,0.040,0.080,0.03255,-0.000,0.000,-0.000,0.000,-0.000,0.000,-0.000,0.000,0.044,0.052,0.03567,0.040,0.051,0.03255,2
8130,120784,10,1,0,0,0,0,0,7,0,0,0.040,0.000,0.03267,-0.000,0.000,-0.000,0.000,-0.000,0.000,-0.000,0.000,-0.036,0.052,0.03579,0.120,0.051,0.03255,2
8146,120794,10,1,0,0,0,0,0,7,0,0,0.040,0.000,0.03244,-0.000,0.000,-0.000,0.000,-0.000,0.000,-0.000,0.000,-0.036,0.052,0.03556,0.040,0.051,0.03267,2
8146,120804,10,1,0,0,0,0,0,7,0,0,0.040,0.080,0.03251,-0.000,0.000,-0.000,0.000,-0.000,0.000,-0.000,0.000,0.044,0.052,0.03563,0.040,0.051,0.03244,2
8161,120814,10,1,0,0,0,0,0,7,0,0,0.040,0.080,0.03249,-0.000,0.000,-0.000,0.000,-0.000,0.000,-0.000,0.000,0.044,0.052,0.03561,0.120,0.051,0.03251,2
8161,120824,10,1,0,0,0,0,0,7,0,0,0.040,0.000,0.03252,-0.000,0.000,-0.000,0.000,-0.000,0.000,-0.000,0.000,-0.036,0.052,0.03564,0.120,0.051,0.03249,2
8177,120834,10,1,0,0,0,0,0,7,0,0,0.040,0.000,0.03247,-0.000,0.000,-0.000,0.000,-0.000,0.000,-0.000,0.000,-0.036,0.052,0.03559,0.040,0.051,0.03252,2
8192,120844,10,1,0,0,0,0,0,7,0,0,0.040,0.000,0.03235,-0.000,0.000,-0.000,0.000,-0.000,0.000,-0.000,0.000,-0.036,0.052,0.03548,0.040,0.051,0.03247,2
8192,120854,10,1,0,0,0,0,0,7,0,0,0.040,0.000,0.03233,-0.000,0.000,-0.000,0.000,-0.000,0.000,-0.000,0.000,-0.036,0.052,0.03545,0.040,0.051,0.03235,2
8208,120864,10,1,0,0,0,0,0,7,0,0,0.040,0.000,0.03242,-0.000,0.000,-0.000,0.000,-0.000,0.000,-0.000,0.000,-0.036,0.052,0.03554,0.040,0.051,0.03233,2
8224,120874,10,1,0,0,0,0,0,7,0,0,0.040,0.000,0.03233,-0.000,0.000,-0.000,0.000,-0.000,0.000,-0.000,0.000,-0.036,0.052,0.03545,0.040,0.051,0.03242,2
8224,120884,10,1,0,0,0,0,0,7,0,0,0.040,0.080,0.03248,-0.000,0.000,-0.000,0.000,-0.000,0.000,-0.000,0.000,0.044,0.052,0.03560,0.040,0.051,0.03233,2
8240,120894,10,1,0,0,0,0,0,7,0,0,0.040,0.000,0.03270,-0.000,0.000,-0.000,0.000,-0.000,0.000,-0.000,0.000,-0.036,0.052,0.03582,0.120,0.051,0.03248,2
8254,120904,10,1,0,0,0,0,0,7,0,0,0.040,0.000,0.03262,-0.000,0.000,-0.000,0.000,-0.000,0.000,-0.000,0.000,-0.036,0.052,0.03574,0.040,0.051,0.03270,2
8254,120914,10,1,0,0,0,0,0,7,0,0,0.040,0.000,0.03261,-0.000,0.000,-0.000,0.000,-0.000,0.000,-0.000,0.000,-0.036,0.052,0.03573,0.040,0.051,0.03262,2
8270,120924,10,1,0,0,0,0,0,7,0,0,0.040,0.000,0.03252,-0.000,0.000,-0.000,0.000,-0.000,0.000,-0.000,0.000,-0.036,0.052,0.03564,0.040,0.051,0.03261,2
8286,120934,10,1,0,0,0,0,0,7,0,0,0.040,0.000,0.03243,-0.000,0.000,-0.000,0.000,-0.000,0.000,-0.000,0.000,-0.036,0.052,0.03556,0.040,0.051,0.03252,2
8286,120944,10,1,0,0,0,0,0,7,0,0,0.040,0.000,0.03243,-0.000,0.000,-0.000,0.000,-0.000,0.000,-0.000,0.000,-0.036,0.052,0.03555,0.040,0.051,0.03243,2
8301,120954,10,1,0,0,0,0,0,7,0,0,0.040,0.000,0.03262,-0.000,0.000,-0.000,0.000,-0.000,0.000,-0.000,0.000,-0.036,0.052,0.03574,0.040,0.051,0.03243,2
8301,120964,10,1,0,0,0,0,0,7,0,0,0.040,0.000,0.03228,-0.000,0.000,-0.000,0.000,-0.000,0.000,-0.000,0.000,-0.037,0.052,0.03540,0.040,0.051,0.03262,2
8316,120974,10,1,0,0,0,0,0,7,0,0,0.040,0.000,0.03220,-0.000,0.000,-0.000,0.000,-0.000,0.000,-0.000,0.000,-0.037,0.052,0.03532,0.039,0.051,0.03228,2
8332,120984,10,1,0,0,0,0,0,7,0,0,0.040,0.000,0.03224,-0.000,0.000,-0.000,0.000,-0.000,0.000,-0.000,0.000,-0.037,0.052,0.03536,0.039,0.051,0.03220,2
8332,120994,10,1,0,0,0,0,0,7,0,0,0.040,0.000,0.03249,-0.000,0.000,-0.000,0.000,-0.000,0.000,-0.000,0.000,-0.036,0.052,0.03561,0.039,0.051,0.03224,2
8347,121004,10,1,0,0,0,0,0,7,0,0,0.040,0.080,0.03250,-0.000,0.000,-0.000,0.000,-0.000,0.000,-0.000,0.000,0.044,0.052,0.03562,0.040,0.051,0.03249,2
8363,121014,10,1,0,0,0,0,0,7,0,0,0.040,0.000,0.03264,-0.000,0.000,-0.000,0.000,-0.000,0.000,-0.000,0.000,-0.036,0.052,0.03576,0.120,0.051,0.03250,2
8363,121024,10,1,0,0,0,0,0,7,0,0,0.040,0.000,0.03262,-0.000,0.000,-0.000,0.000,-0.000,0.000,-0.000,0.000,-0.036,0.052,0.03574,0.040,0.051,0.03264,2
8378,121034,10,1,0,0,0,0,0,7,0,0,0.040,0.000,0.03286,-0.000,0.000,-0.000,0.000,-0.000,0.000,-0.000,0.000,-0.036,0.052,0.03598,0.040,0.051,0.03262,2
8393,121044,10,1,0,0,0,0,0,7,0,0,0.040,0.080,0.03288,-0.000,0.000,-0.000,0.000,-0.000,0.000,-0.000,0.000,0.044,0.052,0.03600,0.040,0.051,0.03286,2
8393,121054,10,1,0,0,0,0,0,7,0,0,0.040,0.080,0.03293,-0.000,0.000,-0.000,0.000,-0.000,0.000,-0.000,0.000,0.044,0.052,0.03605,0.120,0.051,0.03288,2
8410,121064,10,1,0,0,0,0,0,7,0,0,0.040,0.000,0.03270,-0.000,0.000,-0.000,0.000,-0.000,0.000,-0.000,0.000,-0.036,0.052,0.03582,0.120,0.051,0.03293,2
8425,121074,10,1,0,0,0,0,0,7,0,0,0.040,0.000,0.03259,-0.000,0.000,-0.000,0.000,-0.000,0.000,-0.000,0.000,-0.036,0.052,0.03571,0.040,0.051,0.03270,2
8425,121084,10,1,0,0,0,0,0,7,0,0,0.040,0.000,0.03245,-0.000,0.000,-0.000,0.000,-0.000,0.000,-0.000,0.000,-0.036,0.052,0.03557,0.040,0.051,0.03259,2
8441,121094,10,1,0,0,0,0,0,7,0,0,0.040,0.080,0.03244,-0.000,0.000,-0.000,0.000,-0.000,0.000,-0.000,0.000,0.043,0.052,0.03556,0.040,0.051,0.03245,2
8441,121104,10,1,0,0,0,0,0,7,0,0,0.040,0.000,0.03235,-0.000,0.000,-0.000,0.000,-0.000,0.000,-0.000,0.000,-0.036,0.052,0.03547,0.119,0.051,0.03244,2
8456,121114,10,1,0,0,0,0,0,7,0,0,0.040,0.080,0.03229,-0.000,0.000,-0.000,0.000,-0.000,0.000,-0.000,0.000,0.043,0.052,0.03541,0.040,0.051,0.03235,2
8471,121124,10,1,0,0,0,0,0,7,0,0,0.040,0.000,0.03193,-0.000,0.000,-0.000,0.000,-0.000,0.000,-0.000,0.000,-0.037,0.052,0.03505,0.119,0.051,0.03229,2
8471,121134,10,1,0,0,0,0,0,7,0,0,0.040,0.000,0.03216,-0.000,0.000,-0.000,0.000,-0.000,0.000,-0.000,0.000,-0.037,0.052,0.03528,0.039,0.051,0.03193,2
8486,121144,10,1,0,0,0,0,0,7,0,0,0.040,0.000,0.03238,-0.000,0.000,-0.000,0.000,-0.000,0.000,-0.000,0.000,-0.036,0.052,0.03550,0.039,0.051,0.03216,2
8501,121154,10,1,0,0,0,0,0,7,0,0,0.040,0.080,0.03248,-0.000,0.000,-0.000,0.000,-0.000,0.000,-0.000,0.000,0.044,0.052,0.03560,0.040,0.051,0.03238,2
8501,121164,10,1,0,0,0,0,0,7,0,0,0.040,0.080,0.03240,-0.000,0.000,-0.000,0.000,-0.000,0.000,-0.000,0.000,0.043,0.052,0.03552,0.120,0.051,0.03248,2
8517,121174,10,1,0,0,0,0,0,7,0,0,0.040,0.000,0.03247,-0.000,0.000,-0.000,0.000,-0.000,0.000,-0.000,0.000,-0.036,0.052,0.03559,0.119,0.051,0.03240,2
8532,121184,10,1,0,0,0,0,0,7,0,0,0.040,0.000,0.03248,-0.000,0.000,-0.000,0.000,-0.000,0.000,-0.000,0.000,-0.036,0.052,0.03560,0.040,0.051,0.03247,2
8532,121194,10,1,0,0,0,0,0,7,0,0,0.040,0.000,0.03237,-0.000,0.000,-0.000,0.000,-0.000,0.000,-0.000,0.000,-0.036,0.052,0.03549,0.040,0.051,0.03248,2
8548,121204,10,1,0,0,0,0,0,7,0,0,0.040,0.080,0.03248,-0.000,0.000,-0.000,0.000,-0.000,0.000,-0.000,0.000,0.044,0.052,0.03560,0.040,0.051,0.03237,2
8564,121214,10,1,0,0,0,0,0,7,0,0,0.040,0.000,0.03248,-0.000,0.000,-0.000,0.000,-0.000,0.000,-0.000,0.000,-0.036,0.052,0.03560,0.120,0.051,0.03248,2
8564,121224,10,1,0,0,0,0,0,7,0,0,0.040,0.000,0.03267,-0.000,0.000,-0.000,0.000,-0.000,0.000,-0.000,0.000,-0.036,0.052,0.03579,0.040,0.051,0.03248,2
8579,121234,10,1,0,0,0,0,0,7,0,0,0.040,0.000,0.03274,-0.000,0.000,-0.000,0.000,-0.000,0.000,-0.000,0.000,-0.036,0.052,0.03587,0.040,0.051,0.03267,2
8595,121244,10,1,0,0,0,0,0,7,0,0,0.040,0.000,0.03267,-0.000,0.000,-0.000,0.000,-0.000,0.000,-0.000,0.000,-0.036,0.052,0.03579,0.040,0.051,0.03274,2
8595,121254,10,1,0,0,0,0,0,7,0,0,0.040,0.000,0.03268,-0.000,0.000,-0.000,0.000,-0.000,0.000,-0.000,0.000,-0.036,0.052,0.03580,0.040,0.051,0.03267,2
8610,121264,10,1,0,0,0,0,0,7,0,0,0.040,0.000,0.03273,-0.000,0.000,-0.000,0.000,-0.000,0.000,-0.000,0.000,-0.036,0.052,0.03585,0.040,0.051,0.03268,2
8626,121274,10,1,0,0,0,0,0,7,0,0,0.040,0.000,0.03268,-0.000,0.000,-0.000,0.000,-0.000,0.000,-0.000,0.000,-0.036,0.052,0.03580,0.040,0.051,0.03273,2
8626,121284,10,1,0,0,0,0,0,7,0,0,0.040,0.000,0.03272,-0.000,0.000,-0.000,0.000,-0.000,0.000,-0.000,0.000,-0.036,0.052,0.03584,0.040,0.051,0.03268,2
8642,121294,10,1,0,0,0,0,0,7,0,0,0.040,0.000,0.03290,-0.000,0.000,-0.000,0.000,-0.000,0.000,-0.000,0.000,-0.036,0.052,0.03602,0.040,0.051,0.03272,2
8642,121304,10,1,0,0,0,0,0,7,0,0,0.040,0.000,0.03288,-0.000,0.000,-0.000,0.000,-0.000,0.000,-0.000,0.000,-0.036,0.052,0.03600,0.040,0.051,0.03290,2
8657,121314,10,1,0,0,0,0,0,7,0,0,0.040,0.000,0.03265,-0.000,0.000,-0.000,0.000,-0.000,0.000,-0.000,0.000,-0.036,0.052,0.03577,0.040,0.051,0.03288,2
8672,121324,10,1,0,0,0,0,0,7,0,0,0.040,0.000,0.03282,-0.000,0.000,-0.000,0.000,-0.000,0.000,-0.000,0.000,-0.036,0.052,0.03594,0.040,0.051,0.03265,2
8672,121334,10,1,0,0,0,0,0,7,0,0,0.040,0.000,0.03279,-0.000,0.000,-0.000,0.000,-0.000,0.000,-0.000,0.000,-0.036,0.052,0.03591,0.040,0.051,0.03282,2
8703,121344,10,1,0,0,0,0,0,7,0,0,0.040,0.000,0.03270,-0.000,0.000,-0.000,0.000,-0.000,0.000,-0.000,0.000,-0.036,0.052,0.03582,0.040,0.051,0.03279,2
8703,121354,10,1,0,0,0,0,0,7,0,0,0.040,0.000,0.03233,-0.000,0.000,-0.000,0.000,-0.000,0.000,-0.000,0.000,-0.036,0.052,0.03545,0.040,0.051,0.03270,2
8703,121364,10,1,0,0,0,0,0,7,0,0,0.040,0.000,0.03243,-0.000,0.000,-0.000,0.000,-0.000,0.000,-0.000,0.000,-0.036,0.052,0.03556,0.040,0.051,0.03233,2
8720,121374,10,1,0,0,0,0,0,7,0,0,0.040,0.000,0.03252,-0.000,0.000,-0.000,0.000,-0.000,0.000,-0.000,0.000,-0.036,0.052,0.03564,0.040,0.051,0.03243,2
8750,121384,10,1,0,0,0,0,0,7,0,0,0.040,0.000,0.03258,-0.000,0.000,-0.000,0.000,-0.000,0.000,-0.000,0.000,-0.036,0.052,0.03570,0.040,0.051,0.03252,2
8750,121394,10,1,0,0,0,0,0,7,0,0,0.040,0.000,0.03255,-0.000,0.000,-0.000,0.000,-0.000,0.000,-0.000,0.000,-0.036,0.052,0.03567,0.040,0.051,0.03258,2
8750,121404,10,1,0,0,0,0,0,7,0,0,0.040,0.080,0.03275,-0.000,0.000,-0.000,0.000,-0.000,0.000,-0.000,0.000,0.044,0.052,0.03588,0.040,0.051,0.03255,2
8766,121414,10,1,0,0,0,0,0,7,0,0,0.040,0.000,0.03293,-0.000,0.000,-0.000,0.000,-0.000,0.000,-0.000,0.000,-0.036,0.052,0.03605,0.120,0.051,0.03275,2
8766,121424,10,1,0,0,0,0,0,7,0,0,0.040,0.000,0.03340,-0.000,0.000,-0.000,0.000,-0.000,0.000,-0.000,0.000,-0.035,0.053,0.03652,0.040,0.051,0.03293,2
8797,121434,10,1,0,0,0,0,0,7,0,0,0.040,0.000,0.03335,-0.000,0.000,-0.000,0.000,-0.000,0.000,-0.000,0.000,-0.035,0.053,0.03647,0.041,0.052,0.03340,2
8797,121444,10,1,0,0,0,0,0,7,0,0,0.040,0.080,0.03331,-0.000,0.000,-0.000,0.000,-0.000,0.000,-0.000,0.000,0.045,0.053,0.03643,0.041,0.052,0.03335,2
8797,121454,10,1,0,0,0,0,0,7,0,0,0.040,0.000,0.03303,-0.000,0.000,-0.000,0.000,-0.000,0.000,-0.000,0.000,-0.036,0.053,0.03615,0.121,0.051,0.03331,2
8813,121464,10,1,0,0,0,0,0,7,0,0,0.040,0.000,0.03306,-0.000,0.000,-0.000,0.000,-0.000,0.000,-0.000,0.000,-0.036,0.053,0.03618,0.040,0.051,0.03303,2
8813,121474,10,1,0,0,0,0,0,7,0,0,0.040,0.000,0.03339,-0.000,0.000,-0.000,0.000,-0.000,0.000,-0.000,0.000,-0.035,0.053,0.03651,0.040,0.051,0.03306,2
8829,121484,10,1,0,0,0,0,0,7,0,0,0.040,0.000,0.03315,-0.000,0.000,-0.000,0.000,-0.000,0.000,-0.000,0.000,-0.035,0.053,0.03627,0.041,0.052,0.03339,2
8844,121494,10,1,0,0,0,0,0,7,0,0,0.040,0.000,0.03297,-0.000,0.000,-0.000,0.000,-0.000,0.000,-0.000,0.000,-0.036,0.052,0.03609,0.041,0.051,0.03315,2
8844,121504,10,1,0,0,0,0,0,7,0,0,0.040,0.000,0.03285,-0.000,0.000,-0.000,0.000,-0.000,0.000,-0.000,0.000,-0.036,0.052,0.03597,0.040,0.051,0.03297,2
8860,121514,10,1,0,0,0,0,0,7,0,0,0.040,0.000,0.03289,-0.000,0.000,-0.000,0.000,-0.000,0.000,-0.000,0.000,-0.036,0.052,0.03601,0.040,0.051,0.03285,2
8876,121524,10,1,0,0,0,0,0,7,0,0,0.040,0.000,0.03294,-0.000,0.000,-0.000,0.000,-0.000,0.000,-0.000,0.000,-0.036,0.052,0.03606,0.040,0.051,0.03289,2
8876,121534,10,1,0,0,0,0,0,7,0,0,0.040,0.000,0.03293,-0.000,0.000,-0.000,0.000,-0.000,0.000,-0.000,0.000,-0.036,0.052,0.03605,0.040,0.051,0.03294,2
8892,121544,10,1,0,0,0,0,0,7,0,0,0.040,0.000,0.03290,-0.000,0.000,-0.000,0.000,-0.000,0.000,-0.000,0.000,-0.036,0.052,0.03602,0.040,0.051,0.03293,2
8892,121554,10,1,0,0,0,0,0,7,0,0,0.040,0.000,0.03282,-0.000,0.000,-0.000,0.000,-0.000,0.000,-0.000,0.000,-0.036,0.052,0.03594,0.040,0.051,0.03290,2
8908,121564,10,1,0,0,0,0,0,7,0,0,0.040,0.080,0.03266,-0.000,0.000,-0.000,0.000,-0.000,0.000,-0.000,0.000,0.044,0.052,0.03578,0.040,0.051,0.03282,2
8923,121574,10,1,0,0,0,0,0,7,0,0,0.040,0.080,0.03263,-0.000,0.000,-0.000,0.000,-0.000,0.000,-0.000,0.000,0.044,0.052,0.03575,0.120,0.051,0.03266,2
8923,121584,10,1,0,0,0,0,0,7,0,0,0.040,0.000,0.03269,-0.000,0.000,-0.000,0.000,-0.000,0.000,-0.000,0.000,-0.036,0.052,0.03581,0.120,0.051,0.03263,2
8938,121594,10,1,0,0,0,0,0,7,0,0,0.040,0.000,0.03286,-0.000,0.000,-0.000,0.000,-0.000,0.000,-0.000,0.000,-0.036,0.052,0.03598,0.040,0.051,0.03269,2
8954,121604,10,1,0,0,0,0,0,7,0,0,0.040,0.000,0.03266,-0.000,0.000,-0.000,0.000,-0.000,0.000,-0.000,0.000,-0.036,0.052,0.03578,0.040,0.051,0.03286,2
8954,121614,10,1,0,0,0,0,0,7,0,0,0.040,0.000,0.03265,-0.000,0.000,-0.000,0.000,-0.000,0.000,-0.000,0.000,-0.036,0.052,0.03577,0.040,0.051,0.03266,2
8969,121624,10,1,0,0,0,0,0,7,0,0,0.040,0.000,0.03272,-0.000,0.000,-0.000,0.000,-0.000,0.000,-0.000,0.000,-0.036,0.052,0.03584,0.040,0.051,0.03265,2
8985,121634,10,1,0,0,0,0,0,7,0,0,0.040,0.000,0.03275,-0.000,0.000,-0.000,0.000,-0.000,0.000,-0.000,0.000,-0.036,0.052,0.03587,0.040,0.051,0.03272,2
8985,121644,10,1,0,0,0,0,0,7,0,0,0.040,0.000,0.03260,-0.000,0.000,-0.000,0.000,-0.000,0.000,-0.000,0.000,-0.036,0.052,0.03572,0.040,0.051,0.03275,2
9001,121654,10,1,0,0,0,0,0,7,0,0,0.040,0.000,0.03253,-0.000,0.000,-0.000,0.000,-0.000,0.000,-0.000,0.000,-0.036,0.052,0.03565,0.040,0.051,0.03260,2
9001,121664,10,1,0,0,0,0,0,7,0,0,0.040,0.080,0.03267,-0.000,0.000,-0.000,0.000,-0.000,0.000,-0.000,0.000,0.044,0.052,0.03579,0.040,0.051,0.03253,2
9016,121674,10,1,0,0,0,0,0,7,0,0,0.040,0.000,0.03287,-0.000,0.000,-0.000,0.000,-0.000,0.000,-0.000,0.000,-0.036,0.052,0.03599,0.120,0.051,0.03267,2
9032,121684,10,1,0,0,0,0,0,7,0,0,0.040,0.000,0.03305,-0.000,0.000,-0.000,0.000,-0.000,0.000,-0.000,0.000,-0.036,0.053,0.03617,0.040,0.051,0.03287,2
9032,121694,10,1,0,0,0,0,0,7,0,0,0.040,0.080,0.03326,-0.000,0.000,-0.000,0.000,-0.000,0.000,-0.000,0.000,0.044,0.053,0.03638,0.040,0.051,0.03305,2
9048,121704,10,1,0,0,0,0,0,7,0,0,0.040,0.000,0.03337,-0.000,0.000,-0.000,0.000,-0.000,0.000,-0.000,0.000,-0.035,0.053,0.03649,0.120,0.051,0.03326,2
9064,121714,10,1,0,0,0,0,0,7,0,0,0.040,0.080,0.03343,-0.000,0.000,-0.000,0.000,-0.000,0.000,-0.000,0.000,0.045,0.053,0.03655,0.041,0.052,0.03337,2
9064,121724,10,1,0,0,0,0,0,7,0,0,0.040,0.000,0.03333,-0.000,0.000,-0.000,0.000,-0.000,0.000,-0.000,0.000,-0.035,0.053,0.03645,0.121,0.052,0.03343,2
9079,121734,10,1,0,0,0,0,0,7,0,0,0.040,0.080,0.03324,-0.000,0.000,-0.000,0.000,-0.000,0.000,-0.000,0.000,0.044,0.053,0.03636,0.041,0.052,0.03333,2
9094,121744,10,1,0,0,0,0,0,7,0,0,0.040,0.080,0.03296,-0.000,0.000,-0.000,0.000,-0.000,0.000,-0.000,0.000,0.044,0.052,0.03608,0.120,0.051,0.03324,2
9094,121754,10,1,0,0,0,0,0,7,0,0,0.040,0.000,0.03273,-0.000,0.000,-0.000,0.000,-0.000,0.000,-0.000,0.000,-0.036,0.052,0.03585,0.120,0.051,0.03296,2
9110,121764,10,1,0,0,0,0,0,7,0,0,0.040,0.000,0.03271,-0.000,0.000,-0.000,0.000,-0.000,0.000,-0.000,0.000,-0.036,0.052,0.03583,0.040,0.051,0.03273,2
9126,121774,10,1,0,0,0,0,0,7,0,0,0.040,0.000,0.03290,-0.000,0.000,-0.000,0.000,-0.000,0.000,-0.000,0.000,-0.036,0.052,0.03603,0.040,0.051,0.03271,2
9126,121784,10,1,0,0,0,0,0,7,0,0,0.040,0.080,0.03287,-0.000,0.000,-0.000,0.000,-0.000,0.000,-0.000,0.000,0.044,0.052,0.03599,0.040,0.051,0.03290,2
9158,121794,10,1,0,0,0,0,0,7,0,0,0.040,0.000,0.03297,-0.000,0.000,-0.000,0.000,-0.000,0.000,-0.000,0.000,-0.036,0.052,0.03609,0.120,0.051,0.03287,2
9158,121804,10,1,0,0,0,0,0,7,0,0,0.040,0.000,0.03302,-0.000,0.000,-0.000,0.000,-0.000,0.000,-0.000,0.000,-0.036,0.053,0.03614,0.040,0.051,0.03297,2
9158,121814,10,1,0,0,0,0,0,7,0,0,0.040,0.000,0.03302,-0.000,0.000,-0.000,0.000,-0.000,0.000,-0.000,0.000,-0.036,0.053,0.03614,0.040,0.051,0.03302,2
9173,121824,10,1,0,0,0,0,0,7,0,0,0.040,0.080,0.03313,-0.000,0.000,-0.000,0.000,-0.000,0.000,-0.000,0.000,0.044,0.052,0.03625,0.040,0.051,0.03302,2
9173,121834,10,1,0,0,0,0,0,7,0,0,0.040,0.000,0.03309,-0.000,0.000,-0.000,0.000,-0.000,0.000,-0.000,0.000,-0.036,0.053,0.03621,0.120,0.051,0.03313,2
9188,121844,10,1,0,0,0,0,0,7,0,0,0.040,0.000,0.03313,-0.000,0.000,-0.000,0.000,-0.000,0.000,-0.000,0.000,-0.035,0.053,0.03625,0.040,0.051,0.03309,2
9204,121854,10,1,0,0,0,0,0,7,0,0,0.040,0.000,0.03336,-0.000,0.000,-0.000,0.000,-0.000,0.000,-0.000,0.000,-0.035,0.053,0.03648,0.041,0.051,0.03313,2
9204,121864,10,1,0,0,0,0,0,7,0,0,0.040,0.000,0.03326,-0.000,0.000,-0.000,0.000,-0.000,0.000,-0.000,0.000,-0.035,0.053,0.03638,0.041,0.052,0.03336,2
9219,121874,10,1,0,0,0,0,0,7,0,0,0.040,0.000,0.03298,-0.000,0.000,-0.000,0.000,-0.000,0.000,-0.000,0.000,-0.036,0.052,0.03610,0.041,0.051,0.03326,2
9250,121884,10,1,0,0,0,0,0,7,0,0,0.040,0.000,0.03314,-0.000,0.000,-0.000,0.000,-0.000,0.000,-0.000,0.000,-0.035,0.053,0.03626,0.040,0.051,0.03298,2
9250,121894,10,1,0,0,0,0,0,7,0,0,0.040,0.000,0.03296,-0.000,0.000,-0.000,0.000,-0.000,0.000,-0.000,0.000,-0.036,0.052,0.03608,0.041,0.051,0.03314,2
9250,121904,10,1,0,0,0,0,0,7,0,0,0.040,0.000,0.03285,-0.000,0.000,-0.000,0.000,-0.000,0.000,-0.000,0.000,-0.036,0.052,0.03597,0.040,0.051,0.03296,2
9281,121914,10,1,0,0,0,0,0,7,0,0,0.040,0.080,0.03265,-0.000,0.000,-0.000,0.000,-0.000,0.000,-0.000,0.000,0.044,0.052,0.03577,0.040,0.051,0.03285,2
9281,121924,10,1,0,0,0,0,0,7,0,0,0.040,0.080,0.03242,-0.000,0.000,-0.000,0.000,-0.000,0.000,-0.000,0.000,0.043,0.052,0.03554,0.120,0.051,0.03265,2
9281,121934,10,1,0,0,0,0,0,7,0,0,0.040,0.000,0.03245,-0.000,0.000,-0.000,0.000,-0.000,0.000,-0.000,0.000,-0.036,0.052,0.03557,0.119,0.051,0.03242,2
9281,121944,10,1,0,0,0,0,0,7,0,0,0.040,0.000,0.03262,-0.000,0.000,-0.000,0.000,-0.000,0.000,-0.000,0.000,-0.036,0.052,0.03574,0.040,0.051,0.03245,2
9312,121954,10,1,0,0,0,0,0,7,0,0,0.040,0.000,0.03269,-0.000,0.000,-0.000,0.000,-0.000,0.000,-0.000,0.000,-0.036,0.052,0.03581,0.040,0.051,0.03262,2
9312,121964,10,1,0,0,0,0,0,7,0,0,0.040,0.000,0.03260,-0.000,0.000,-0.000,0.000,-0.000,0.000,-0.000,0.000,-0.036,0.052,0.03572,0.040,0.051,0.03269,2
9312,121974,10,1,0,0,0,0,0,7,0,0,0.040,0.000,0.03270,-0.000,0.000,-0.000,0.000,-0.000,0.000,-0.000,0.000,-0.036,0.052,0.03582,0.040,0.051,0.03260,2
9328,121984,10,1,0,0,0,0,0,7,0,0,0.040,0.000,0.03276,-0.000,0.000,-0.000,0.000,-0.000,0.000,-0.000,0.000,-0.036,0.052,0.03588,0.040,0.051,0.03270,2
9359,121994,10,1,0,0,0,0,0,7,0,0,0.040,0.000,0.03293,-0.000,0.000,-0.000,0.000,-0.000,0.000,-0.000,0.000,-0.036,0.052,0.03605,0.040,0.051,0.03276,2
9359,122004,10,1,0,0,0,0,0,7,0,0,0.040,0.000,0.03294,-0.000,0.000,-0.000,0.000,-0.000,0.000,-0.000,0.000,-0.036,0.052,0.03606,0.040,0.051,0.03293,2
9359,122014,10,1,0,0,0,0,0,7,0,0,0.040,0.000,0.03287,-0.000,0.000,-0.000,0.000,-0.000,0.000,-0.000,0.000,-0.036,0.052,0.03599,0.040,0.051,0.03294,2
9390,122024,10,1,0,0,0,0,0,7,0,0,0.040,0.000,0.03303,-0.000,0.000,-0.000,0.000,-0.000,0.000,-0.000,0.000,-0.036,0.053,0.03615,0.040,0.051,0.03287,2
9390,122034,10,1,0,0,0,0,0,7,0,0,0.040,0.000,0.03288,-0.000,0.000,-0.000,0.000,-0.000,0.000,-0.000,0.000,-0.036,0.052,0.03600,0.040,0.051,0.03303,2
9390,122044,10,1,0,0,0,0,0,7,0,0,0.040,0.000,0.03268,-0.000,0.000,-0.000,0.000,-0.000,0.000,-0.000,0.000,-0.036,0.052,0.03580,0.040,0.051,0.03288,2
9421,122054,10,1,0,0,0,0,0,7,0,0,0.040,0.000,0.03256,-0.000,0.000,-0.000,0.000,-0.000,0.000,-0.000,0.000,-0.036,0.052,0.03568,0.040,0.051,0.03268,2
9421,122064,10,1,0,0,0,0,0,7,0,0,0.040,0.000,0.03251,-0.000,0.000,-0.000,0.000,-0.000,0.000,-0.000,0.000,-0.036,0.052,0.03563,0.040,0.051,0.03256,2
9421,122074,10,1,0,0,0,0,0,7,0,0,0.040,0.000,0.03256,-0.000,0.000,-0.000,0.000,-0.000,0.000,-0.000,0.000,-0.036,0.052,0.03568,0.040,0.051,0.03251,2
9421,122084,10,1,0,0,0,0,0,7,0,0,0.040,0.000,0.03256,-0.000,0.000,-0.000,0.000,-0.000,0.000,-0.000,0.000,-0.036,0.052,0.03568,0.040,0.051,0.03256,2
9453,122094,10,1,0,0,0,0,0,7,0,0,0.040,0.000,0.03261,-0.000,0.000,-0.000,0.000,-0.000,0.000,-0.000,0.000,-0.036,0.052,0.03573,0.040,0.051,0.03256,2
9453,122104,10,1,0,0,0,0,0,7,0,0,0.040,0.000,0.03263,-0.000,0.000,-0.000,0.000,-0.000,0.000,-0.000,0.000,-0.036,0.052,0.03575,0.040,0.051,0.03261,2
9453,122114,10,1,0,0,0,0,0,7,0,0,0.040,0.000,0.03260,-0.000,0.000,-0.000,0.000,-0.000,0.000,-0.000,0.000,-0.036,0.052,0.03572,0.040,0.051,0.03263,2
9469,122124,10,1,0,0,0,0,0,7,0,0,0.040,0.000,0.03265,-0.000,0.000,-0.000,0.000,-0.000,0.000,-0.000,0.000,-0.036,0.052,0.03577,0.040,0.051,0.03260,2
9500,122134,10,1,0,0,0,0,0,7,0,0,0.040,0.000,0.03263,-0.000,0.000,-0.000,0.000,-0.000,0.000,-0.000,0.000,-0.036,0.052,0.03575,0.040,0.051,0.03265,2
9500,122144,10,1,0,0,0,0,0,7,0,0,0.040,0.000,0.03246,-0.000,0.000,-0.000,0.000,-0.000,0.000,-0.000,0.000,-0.036,0.052,0.03558,0.040,0.051,0.03263,2
9500,122154,10,1,0,0,0,0,0,7,0,0,0.040,0.000,0.03250,-0.000,0.000,-0.000,0.000,-0.000,0.000,-0.000,0.000,-0.036,0.052,0.03562,0.040,0.051,0.03246,2
9531,122164,10,1,0,0,0,0,0,7,0,0,0.040,0.000,0.03229,-0.000,0.000,-0.000,0.000,-0.000,0.000,-0.000,0.000,-0.037,0.052,0.03541,0.040,0.051,0.03250,2
9531,122174,10,1,0,0,0,0,0,7,0,0,0.040,0.000,0.03218,-0.000,0.000,-0.000,0.000,-0.000,0.000,-0.000,0.000,-0.037,0.052,0.03530,0.039,0.051,0.03229,2
9531,122184,10,1,0,0,0,0,0,7,0,0,0.040,0.080,0.03233,-0.000,0.000,-0.000,0.000,-0.000,0.000,-0.000,0.000,0.043,0.052,0.03545,0.039,0.051,0.03218,2
9531,122194,10,1,0,0,0,0,0,7,0,0,0.040,0.000,0.03222,-0.000,0.000,-0.000,0.000,-0.000,0.000,-0.000,0.000,-0.037,0.052,0.03534,0.119,0.051,0.03233,2
9548,122204,10,1,0,0,0,0,0,7,0,0,0.040,0.000,0.03226,-0.000,0.000,-0.000,0.000,-0.000,0.000,-0.000,0.000,-0.037,0.052,0.03538,0.039,0.051,0.03222,2
9563,122214,10,1,0,0,0,0,0,7,0,0,0.040,0.080,0.03239,-0.000,0.000,-0.000,0.000,-0.000,0.000,-0.000,0.000,0.043,0.052,0.03551,0.039,0.051,0.03226,2
9563,122224,10,1,0,0,0,0,0,7,0,0,0.040,0.080,0.03232,-0.000,0.000,-0.000,0.000,-0.000,0.000,-0.000,0.000,0.043,0.052,0.03544,0.119,0.051,0.03239,2
9579,122234,10,1,0,0,0,0,0,7,0,0,0.040,0.000,0.03242,-0.000,0.000,-0.000,0.000,-0.000,0.000,-0.000,0.000,-0.036,0.052,0.03554,0.119,0.051,0.03232,2
9594,122244,10,1,0,0,0,0,0,7,0,0,0.040,0.000,0.03255,-0.000,0.000,-0.000,0.000,-0.000,0.000,-0.000,0.000,-0.036,0.052,0.03567,0.040,0.051,0.03242,2
9594,122254,10,1,0,0,0,0,0,7,0,0,0.040,0.000,0.03269,-0.000,0.000,-0.000,0.000,-0.000,0.000,-0.000,0.000,-0.036,0.052,0.03581,0.040,0.051,0.03255,2
9611,122264,10,1,0,0,0,0,0,7,0,0,0.040,0.000,0.03287,-0.000,0.000,-0.000,0.000,-0.000,0.000,-0.000,0.000,-0.036,0.052,0.03599,0.040,0.051,0.03269,2
9611,122274,10,1,0,0,0,0,0,7,0,0,0.040,0.080,0.03261,-0.000,0.000,-0.000,0.000,-0.000,0.000,-0.000,0.000,0.044,0.052,0.03573,0.040,0.051,0.03287,2
9626,122284,10,1,0,0,0,0,0,7,0,0,0.040,0.000,0.03239,-0.000,0.000,-0.000,0.000,-0.000,0.000,-0.000,0.000,-0.036,0.052,0.03551,0.120,0.051,0.03261,2
9656,122294,10,1,0,0,0,0,0,7,0,0,0.040,0.000,0.03228,-0.000,0.000,-0.000,0.000,-0.000,0.000,-0.000,0.000,-0.037,0.052,0.03540,0.040,0.051,0.03239,2
9656,122304,10,1,0,0,0,0,0,7,0,0,0.040,0.080,0.03218,-0.000,0.000,-0.000,0.000,-0.000,0.000,-0.000,0.000,0.043,0.052,0.03530,0.039,0.051,0.03228,2
9656,122314,10,1,0,0,0,0,0,7,0,0,0.040,0.000,0.03199,-0.000,0.000,-0.000,0.000,-0.000,0.000,-0.000,0.000,-0.037,0.052,0.03511,0.119,0.051,0.03218,2
9687,122324,10,1,0,0,0,0,0,7,0,0,0.040,0.000,0.03195,-0.000,0.000,-0.000,0.000,-0.000,0.000,-0.000,0.000,-0.037,0.052,0.03507,0.039,0.051,0.03199,2
9687,122334,10,1,0,0,0,0,0,7,0,0,0.040,0.000,0.03191,-0.000,0.000,-0.000,0.000,-0.000,0.000,-0.000,0.000,-0.037,0.052,0.03503,0.039,0.051,0.03195,2
9687,122344,10,1,0,0,0,0,0,7,0,0,0.040,0.000,0.03196,-0.000,0.000,-0.000,0.000,-0.000,0.000,-0.000,0.000,-0.037,0.052,0.03508,0.039,0.051,0.03191,2
9702,122354,10,1,0,0,0,0,0,7,0,0,0.040,0.000,0.03178,-0.000,0.000,-0.000,0.000,-0.000,0.000,-0.000,0.000,-0.037,0.052,0.03490,0.039,0.051,0.03196,2
9702,122364,10,1,0,0,0,0,0,7,0,0,0.040,0.000,0.03196,-0.000,0.000,-0.000,0.000,-0.000,0.000,-0.000,0.000,-0.037,0.052,0.03508,0.039,0.051,0.03178,2
9718,122374,10,1,0,0,0,0,0,7,0,0,0.040,0.000,0.03221,-0.000,0.000,-0.000,0.000,-0.000,0.000,-0.000,0.000,-0.037,0.052,0.03533,0.039,0.051,0.03196,2
9733,122384,10,1,0,0,0,0,0,7,0,0,0.040,0.000,0.03231,-0.000,0.000,-0.000,0.000,-0.000,0.000,-0.000,0.000,-0.036,0.052,0.03543,0.039,0.051,0.03221,2
9733,122394,10,1,0,0,0,0,0,7,0,0,0.040,0.080,0.03228,-0.000,0.000,-0.000,0.000,-0.000,0.000,-0.000,0.000,0.043,0.052,0.03540,0.040,0.051,0.03231,2
9748,122404,10,1,0,0,0,0,0,7,0,0,0.040,0.000,0.03234,-0.000,0.000,-0.000,0.000,-0.000,0.000,-0.000,0.000,-0.036,0.052,0.03546,0.119,0.051,0.03228,2
9764,122414,10,1,0,0,0,0,0,7,0,0,0.040,0.080,0.03243,-0.000,0.000,-0.000,0.000,-0.000,0.000,-0.000,0.000,0.043,0.052,0.03555,0.040,0.051,0.03234,2
9764,122424,10,1,0,0,0,0,0,7,0,0,0.040,0.000,0.03253,-0.000,0.000,-0.000,0.000,-0.000,0.000,-0.000,0.000,-0.036,0.052,0.03565,0.119,0.051,0.03243,2
9780,122434,10,1,0,0,0,0,0,7,0,0,0.040,0.080,0.03247,-0.000,0.000,-0.000,0.000,-0.000,0.000,-0.000,0.000,0.044,0.052,0.03559,0.040,0.051,0.03253,2
9795,122444,10,1,0,0,0,0,0,7,0,0,0.040,0.000,0.03248,-0.000,0.000,-0.000,0.000,-0.000,0.000,-0.000,0.000,-0.036,0.052,0.03560,0.119,0.051,0.03247,2
9795,122454,10,1,0,0,0,0,0,7,0,0,0.040,0.000,0.03234,-0.000,0.000,-0.000,0.000,-0.000,0.000,-0.000,0.000,-0.036,0.052,0.03546,0.040,0.051,0.03248,2
9811,122464,10,1,0,0,0,0,0,7,0,0,0.040,0.000,0.03251,-0.000,0.000,-0.000,0.000,-0.000,0.000,-0.000,0.000,-0.036,0.052,0.03563,0.040,0.051,0.03234,2
9811,122474,10,1,0,0,0,0,0,7,0,0,0.040,0.000,0.03247,-0.000,0.000,-0.000,0.000,-0.000,0.000,-0.000,0.000,-0.036,0.052,0.03559,0.040,0.051,0.03251,2
9826,122484,10,1,0,0,0,0,0,7,0,0,0.040,0.000,0.03241,-0.000,0.000,-0.000,0.000,-0.000,0.000,-0.000,0.000,-0.036,0.052,0.03553,0.040,0.051,0.03247,2
9857,122494,10,1,0,0,0,0,0,7,0,0,0.040,0.000,0.03238,-0.000,0.000,-0.000,0.000,-0.000,0.000,-0.000,0.000,-0.036,0.052,0.03550,0.040,0.051,0.03241,2
9857,122504,10,1,0,0,0,0,0,7,0,0,0.040,0.000,0.03237,-0.000,0.000,-0.000,0.000,-0.000,0.000,-0.000,0.000,-0.036,0.052,0.03549,0.040,0.051,0.03238,2
9857,122514,10,1,0,0,0,0,0,7,0,0,0.040,0.000,0.03223,-0.000,0.000,-0.000,0.000,-0.000,0.000,-0.000,0.000,-0.037,0.052,0.03535,0.040,0.051,0.03237,2
9874,122524,10,1,0,0,0,0,0,7,0,0,0.040,0.000,0.03247,-0.000,0.000,-0.000,0.000,-0.000,0.000,-0.000,0.000,-0.036,0.052,0.03559,0.039,0.051,0.03223,2
9874,122534,10,1,0,0,0,0,0,7,0,0,0.040,0.000,0.03268,-0.000,0.000,-0.000,0.000,-0.000,0.000,-0.000,0.000,-0.036,0.052,0.03580,0.040,0.051,0.03247,2
9905,122544,10,1,0,0,0,0,0,7,0,0,0.040,0.000,0.03259,-0.000,0.000,-0.000,0.000,-0.000,0.000,-0.000,0.000,-0.036,0.052,0.03572,0.040,0.051,0.03268,2
9905,122554,10,1,0,0,0,0,0,7,0,0,0.040,0.000,0.03259,-0.000,0.000,-0.000,0.000,-0.000,0.000,-0.000,0.000,-0.036,0.052,0.03571,0.040,0.051,0.03259,2
9905,122564,10,1,0,0,0,0,0,7,0,0,0.040,0.000,0.03258,-0.000,0.000,-0.000,0.000,-0.000,0.000,-0.000,0.000,-0.036,0.052,0.03570,0.040,0.051,0.03259,2
9936,122574,10,1,0,0,0,0,0,7,0,0,0.040,0.000,0.03254,-0.000,0.000,-0.000,0.000,-0.000,0.000,-0.000,0.000,-0.036,0.052,0.03566,0.040,0.051,0.03258,2
9936,122584,10,1,0,0,0,0,0,7,0,0,0.040,0.000,0.03230,-0.000,0.000,-0.000,0.000,-0.000,0.000,-0.000,0.000,-0.036,0.052,0.03543,0.040,0.051,0.03254,2
9936,122594,10,1,0,0,0,0,0,7,0,0,0.040,0.000,0.03212,-0.000,0.000,-0.000,0.000,-0.000,0.000,-0.000,0.000,-0.037,0.052,0.03524,0.039,0.051,0.03230,2
9951,122604,10,1,0,0,0,0,0,7,0,0,0.040,0.000,0.03215,-0.000,0.000,-0.000,0.000,-0.000,0.000,-0.000,0.000,-0.037,0.052,0.03527,0.039,0.051,0.03212,2
9951,122614,10,1,0,0,0,0,0,7,0,0,0.040,0.000,0.03216,-0.000,0.000,-0.000,0.000,-0.000,0.000,-0.000,0.000,-0.037,0.052,0.03528,0.039,0.051,0.03215,2
9966,122624,10,1,0,0,0,0,0,7,0,0,0.040,0.000,0.03206,-0.000,0.000,-0.000,0.000,-0.000,0.000,-0.000,0.000,-0.037,0.052,0.03518,0.039,0.051,0.03216,2
9982,122634,10,1,0,0,0,0,0,7,0,0,0.040,0.000,0.03223,-0.000,0.000,-0.000,0.000,-0.000,0.000,-0.000,0.000,-0.037,0.052,0.03535,0.039,0.051,0.03206,2
9982,122644,10,1,0,0,0,0,0,7,0,0,0.040,0.000,0.03226,-0.000,0.000,-0.000,0.000,-0.000,0.000,-0.000,0.000,-0.037,0.052,0.03538,0.039,0.051,0.03223,2
9997,122654,10,1,0,0,0,0,0,7,0,0,0.040,0.000,0.03236,-0.000,0.000,-0.000,0.000,-0.000,0.000,-0.000,0.000,-0.036,0.052,0.03548,0.039,0.051,0.03226,2
10013,122664,10,1,0,0,0,0,0,7,0,0,0.040,0.000,0.03246,-0.000,0.000,-0.000,0.000,-0.000,0.000,-0.000,0.000,-0.036,0.052,0.03558,0.040,0.051,0.03236,2
10013,122674,10,1,0,0,0,0,0,7,0,0,0.040,0.000,0.03225,-0.000,0.000,-0.000,0.000,-0.000,0.000,-0.000,0.000,-0.037,0.052,0.03537,0.040,0.051,0.03246,2
10028,122684,10,1,0,0,0,0,0,7,0,0,0.040,0.000,0.03232,-0.000,0.000,-0.000,0.000,-0.000,0.000,-0.000,0.000,-0.036,0.052,0.03544,0.039,0.051,0.03225,2
10044,122694,10,1,0,0,0,0,0,7,0,0,0.040,0.080,0.03230,-0.000,0.000,-0.000,0.000,-0.000,0.000,-0.000,0.000,0.043,0.052,0.03542,0.040,0.051,0.03232,2
10044,122704,10,1,0,0,0,0,0,7,0,0,0.040,0.000,0.03234,-0.000,0.000,-0.000,0.000,-0.000,0.000,-0.000,0.000,-0.036,0.052,0.03546,0.119,0.051,0.03230,2
10059,122714,10,1,0,0,0,0,0,7,0,0,0.040,0.000,0.03258,-0.000,0.000,-0.000,0.000,-0.000,0.000,-0.000,0.000,-0.036,0.052,0.03570,0.040,0.051,0.03234,2
10075,122724,10,1,0,0,0,0,0,7,0,0,0.040,0.000,0.03252,-0.000,0.000,-0.000,0.000,-0.000,0.000,-0.000,0.000,-0.036,0.052,0.03564,0.040,0.051,0.03258,2
10075,122734,10,1,0,0,0,0,0,7,0,0,0.040,0.080,0.03256,-0.000,0.000,-0.000,0.000,-0.000,0.000,-0.000,0.000,0.044,0.052,0.03568,0.040,0.051,0.03252,2
10091,122744,10,1,0,0,0,0,0,7,0,0,0.040,0.000,0.03263,-0.000,0.000,-0.000,0.000,-0.000,0.000,-0.000,0.000,-0.036,0.052,0.03575,0.120,0.051,0.03256,2
10091,122754,10,1,0,0,0,0,0,7,0,0,0.040,0.000,0.03275,-0.000,0.000,-0.000,0.000,-0.000,0.000,-0.000,0.000,-0.036,0.052,0.03587,0.040,0.051,0.03263,2
10107,122764,10,1,0,0,0,0,0,7,0,0,0.040,0.080,0.03265,-0.000,0.000,-0.000,0.000,-0.000,0.000,-0.000,0.000,0.044,0.052,0.03578,0.040,0.051,0.03275,2
10123,122774,10,1,0,0,0,0,0,7,0,0,0.040,0.000,0.03272,-0.000,0.000,-0.000,0.000,-0.000,0.000,-0.000,0.000,-0.036,0.052,0.03584,0.120,0.051,0.03265,2
10123,122784,10,1,0,0,0,0,0,7,0,0,0.040,0.000,0.03281,-0.000,0.000,-0.000,0.000,-0.000,0.000,-0.000,0.000,-0.036,0.052,0.03593,0.040,0.051,0.03272,2
10138,122794,10,1,0,0,0,0,0,7,0,0,0.040,0.000,0.03263,-0.000,0.000,-0.000,0.000,-0.000,0.000,-0.000,0.000,-0.036,0.052,0.03575,0.040,0.051,0.03281,2
10153,122804,10,1,0,0,0,0,0,7,0,0,0.040,0.000,0.03259,-0.000,0.000,-0.000,0.000,-0.000,0.000,-0.000,0.000,-0.036,0.052,0.03571,0.040,0.051,0.03263,2
10153,122814,10,1,0,0,0,0,0,7,0,0,0.040,0.000,0.03228,-0.000,0.000,-0.000,0.000,-0.000,0.000,-0.000,0.000,-0.037,0.052,0.03540,0.040,0.051,0.03259,2
10169,122824,10,1,0,0,0,0,0,7,0,0,0.040,0.000,0.03247,-0.000,0.000,-0.000,0.000,-0.000,0.000,-0.000,0.000,-0.036,0.052,0.03559,0.039,0.051,0.03228,2
10184,122834,10,1,0,0,1,0,0,7,0,0,0.040,0.000,0.03247,-0.000,0.000,-0.000,0.000,-0.000,0.000,-0.000,0.000,-0.036,0.052,0.03559,0.040,0.051,0.03247,0
10184,122844,10,1,0,0,1,0,0,7,0,0,0.040,0.000,0.03256,-0.000,0.000,-0.000,0.000,-0.000,0.000,-0.000,0.000,-0.036,0.052,0.03568,0.040,0.051,0.03247,0
10217,122854,10,1,0,0,1,0,0,7,0,0,0.040,0.000,0.03276,-0.000,0.000,-0.000,0.000,-0.000,0.000,-0.000,0.000,-0.036,0.052,0.03588,0.040,0.051,0.03256,0
10217,122864,10,2,2,0,1,1,0,0,3000,1000,0.040,0.000,0.03271,-0.000,0.000,-0.000,0.000,-0.000,0.000,-0.000,0.000,-0.036,0.052,0.03583,0.040,0.051,0.03276,0
10217,122874,10,2,2,0,1,1,0,0,3000,1000,0.040,0.000,0.03280,-0.000,0.000,-0.000,0.000,-0.000,0.000,-0.000,0.000,-0.036,0.052,0.03592,0.040,0.051,0.03271,0
10231,122884,10,2,2,0,1,1,0,0,3000,1000,0.040,0.000,0.03274,-0.000,1.556,1.037,2.075,-0.000,0.173,-0.000,2.075,-0.036,0.052,0.03586,0.040,0.051,0.03280,0
10231,122894,10,2,2,0,1,1,0,0,3000,1000,0.040,0.000,0.03521,0.824,4.149,2.075,3.112,0.519,0.519,0.519,4.149,-0.033,0.053,0.03833,0.040,0.051,0.03274,0
10247,122904,10,2,2,0,1,1,0,0,3000,1000,0.040,0.080,0.06056,3.357,6.224,3.631,3.631,1.556,1.210,1.037,6.224,0.078,0.062,0.06368,0.043,0.052,0.03521,0
10263,122914,10,2,2,0,1,1,0,0,3000,1000,0.040,0.000,0.10557,5.310,6.743,5.187,4.149,2.593,1.902,1.556,6.743,0.053,0.078,0.10869,0.154,0.061,0.06056,0
10263,122924,10,2,2,0,1,1,0,0,3000,1000,0.040,0.080,0.16807,6.470,7.261,7.261,4.149,3.631,2.766,2.593,7.261,0.209,0.099,0.17119,0.129,0.077,0.10557,0
10278,122934,10,2,2,0,1,1,0,0,3000,1000,0.040,0.040,0.21684,4.578,7.780,9.509,4.668,4.149,3.458,3.112,9.509,0.229,0.116,0.21996,0.285,0.098,0.16807,0
10294,122944,10,2,2,0,1,1,0,0,3000,1000,0.040,0.040,0.25064,3.479,8.299,10.374,5.705,4.149,4.149,4.149,10.374,0.270,0.128,0.25376,0.305,0.115,0.21684,0
10294,122954,10,2,2,0,1,1,0,0,3000,1000,0.465,0.040,0.28309,3.357,9.336,10.374,6.224,4.668,4.841,4.668,10.374,0.312,0.565,0.28621,0.346,0.127,0.25064,0
10309,122964,10,2,2,0,1,1,0,0,3000,1000,0.895,0.000,0.31792,3.693,9.855,10.374,6.743,5.187,5.360,5.705,10.374,0.317,1.007,0.32104,0.388,0.563,0.28309,0
10325,122974,10,2,2,0,1,1,0,0,3000,1000,1.481,0.080,0.35120,2.960,10.374,9.855,7.261,5.705,6.051,6.224,10.892,0.441,1.603,0.35432,0.393,1.006,0.31792,0
10325,122984,10,2,2,0,1,1,0,0,3000,1000,1.906,0.000,0.37712,2.472,10.892,9.855,8.299,6.224,6.397,6.743,10.892,0.396,2.038,0.38024,0.517,1.602,0.35120,0
10341,122994,10,2,2,0,1,1,0,0,3000,1000,2.491,0.000,0.38840,0.793,11.411,9.855,8.818,6.743,6.743,7.261,11.411,0.413,2.627,0.39152,0.472,2.037,0.37712,0
10341,123004,10,2,2,0,1,1,0,0,3000,1000,2.961,0.000,0.38684,-0.671,11.930,10.719,8.818,7.261,7.089,7.780,11.930,0.415,3.096,0.38997,0.489,2.626,0.38840,0
10356,123014,10,2,2,0,1,1,0,0,3000,1000,3.507,0.000,0.37361,-1.526,12.448,10.719,9.855,7.780,7.089,8.299,12.448,0.402,3.637,0.37673,0.491,3.095,0.38684,0
10371,123024,10,2,2,0,1,1,0,0,3000,1000,4.092,0.080,0.37399,0.336,12.967,10.719,9.855,8.299,7.434,8.818,12.967,0.486,4.222,0.37711,0.478,3.636,0.37361,0
10371,123034,10,2,2,0,1,1,0,0,3000,1000,4.673,0.080,0.37248,-0.458,13.486,10.719,10.892,8.818,7.434,9.855,13.486,0.488,4.802,0.37560,0.562,4.220,0.37399,0
10387,123044,10,2,2,0,1,1,0,0,3000,1000,5.103,0.080,0.37387,-0.000,14.004,10.719,11.411,9.336,7.780,9.855,14.004,0.493,5.232,0.37699,0.564,4.801,0.37248,0
10418,123054,10,2,2,0,1,1,0,0,3000,1000,5.648,0.000,0.37610,-0.000,14.523,11.411,11.930,9.855,7.953,10.374,14.523,0.419,5.779,0.37922,0.568,5.231,0.37387,0
10418,123064,10,2,2,0,1,1,0,0,3000,1000,6.118,-0.075,0.38705,1.160,15.560,11.411,12.448,10.374,7.953,10.892,15.560,0.361,6.253,0.39017,0.495,5.778,0.37610,0
10418,123074,10,2,2,0,1,1,0,0,3000,1000,6.663,-0.075,0.40307,2.045,16.079,11.757,12.967,10.892,7.953,11.411,16.079,0.384,6.804,0.40619,0.436,6.252,0.38705,0
10434,123084,10,2,2,0,1,1,0,0,3000,1000,7.284,-0.195,0.43408,3.479,16.598,12.102,14.004,11.411,7.953,11.930,16.598,0.307,7.436,0.43720,0.460,6.803,0.40307,0
10434,123094,10,2,2,0,1,1,0,0,3000,1000,7.754,-0.270,0.47552,3.967,17.116,12.102,14.523,11.411,8.299,12.448,17.116,0.286,7.920,0.47864,0.382,7.435,0.43408,0
10449,123104,10,2,2,0,1,1,0,0,3000,1000,8.259,-0.270,0.51321,3.510,18.154,12.102,15.042,12.448,8.645,12.448,18.154,0.336,8.438,0.51633,0.361,7.919,0.47552,0
10464,123114,10,2,2,0,1,1,0,0,3000,1000,8.844,-0.270,0.54790,3.723,18.672,12.448,15.560,12.448,8.645,12.967,18.672,0.384,9.035,0.55102,0.412,8.437,0.51321,0
10464,123124,10,2,2,0,1,1,0,0,3000,1000,9.469,-0.350,0.58334,3.510,19.191,12.794,16.598,12.967,8.990,13.486,19.191,0.354,9.673,0.58646,0.460,9.034,0.54790,0
10479,123134,10,2,2,0,1,1,0,0,3000,1000,10.050,-0.426,0.61743,3.265,20.228,13.313,17.116,13.486,8.990,14.004,20.228,0.327,10.266,0.62055,0.430,9.672,0.58334,0
10495,123144,10,2,2,0,1,1,0,0,3000,1000,10.635,-0.426,0.64679,3.052,20.747,13.313,17.635,14.004,9.336,14.523,20.747,0.369,10.861,0.64991,0.402,10.265,0.61743,0
10495,123154,10,2,2,0,1,1,0,0,3000,1000,11.300,-0.426,0.67991,3.540,21.266,13.313,18.672,14.523,9.336,15.042,21.266,0.418,11.537,0.68303,0.445,10.860,0.64679,0
10511,123164,10,2,2,0,1,1,0,0,3000,1000,11.921,-0.505,0.70912,2.747,21.784,13.313,19.191,15.042,9.682,16.079,21.784,0.381,12.168,0.71224,0.493,11.536,0.67991,0
10511,123174,10,2,2,0,1,1,0,0,3000,1000,12.506,-0.621,0.73118,1.770,22.822,14.004,20.228,15.560,9.682,16.598,22.822,0.300,12.762,0.73430,0.456,12.167,0.70912,0
10527,123184,10,2,2,0,1,1,0,0,3000,1000,13.171,-0.661,0.74656,1.984,23.859,14.004,20.747,16.598,10.028,17.116,23.859,0.288,13.433,0.74968,0.376,12.761,0.73118,0
10542,123194,10,2,2,0,1,1,0,0,3000,1000,13.947,-0.740,0.77369,3.143,24.378,14.350,21.784,17.116,10.374,17.635,24.378,0.252,14.219,0.77681,0.363,13.432,0.74656,0
10542,123204,10,2,2,0,1,1,0,0,3000,1000,14.647,-0.740,0.80750,3.449,25.415,14.350,22.303,17.635,10.374,18.154,25.415,0.303,14.930,0.81062,0.327,14.218,0.77369,0
10558,123214,10,2,2,0,1,1,0,0,3000,1000,15.547,-0.816,0.84401,3.662,25.934,15.042,23.340,18.154,10.546,19.191,25.934,0.285,15.843,0.84713,0.378,14.929,0.80750,0
10574,123224,10,2,2,0,1,1,0,0,3000,1000,16.287,-0.895,0.90253,4.425,26.971,15.042,24.378,18.672,10.546,19.710,26.971,0.289,16.604,0.90565,0.360,15.842,0.84401,0
10574,123234,10,2,2,0,1,1,0,0,3000,1000,17.103,-0.971,0.94604,4.395,28.009,15.560,25.415,19.710,10.892,20.228,28.009,0.280,17.435,0.94916,0.364,16.603,0.90253,0
10590,123244,10,2,2,0,1,1,0,0,3000,1000,17.999,-1.051,0.98950,4.883,29.046,15.906,26.453,20.228,11.238,20.747,29.046,0.269,18.346,0.99262,0.355,17.434,0.94604,0
10605,123254,10,2,2,0,1,1,0,0,3000,1000,18.898,-1.051,1.04362,5.860,30.083,15.906,27.490,21.266,11.584,21.266,30.083,0.351,19.264,1.04674,0.344,18.345,0.98950,0
10605,123264,10,2,2,0,1,1,0,0,3000,1000,19.754,-1.051,1.10237,6.195,31.121,16.252,28.527,21.784,11.930,22.303,31.121,0.439,20.138,1.10549,0.426,19.263,1.04362,0
10621,123274,10,2,2,0,1,1,0,0,3000,1000,20.689,-1.206,1.16434,6.409,32.158,16.598,29.565,22.822,11.930,22.822,32.158,0.379,21.097,1.16746,0.514,20.137,1.10237,0
10621,123284,10,2,2,0,1,1,0,0,3000,1000,21.780,-1.206,1.22776,6.561,33.195,17.635,31.121,23.340,12.275,23.859,33.195,0.480,22.207,1.23088,0.454,21.096,1.16434,0
10636,123294,10,2,2,0,1,1,0,0,3000,1000,22.831,-1.286,1.29930,7.660,34.751,18.154,32.158,24.378,12.621,24.378,34.751,0.511,23.283,1.30242,0.554,22.206,1.22776,0
10653,123304,10,2,2,0,1,1,0,0,3000,1000,24.001,-1.361,1.37881,8.332,36.307,18.499,33.714,25.415,12.967,25.415,36.307,0.561,24.480,1.38193,0.586,23.282,1.29930,0
10653,123314,10,2,2,0,1,1,0,0,3000,1000,25.012,-1.516,1.46768,9.217,37.345,18.499,35.270,26.453,13.140,25.934,37.345,0.540,25.523,1.47081,0.635,24.479,1.37881,0
10668,123324,10,2,2,0,1,1,0,0,3000,1000,26.102,-1.596,1.55773,8.850,38.901,18.845,36.826,27.490,13.486,26.971,38.901,0.600,26.643,1.56085,0.615,25.521,1.46768,0
10684,123334,10,2,2,0,1,1,0,0,3000,1000,27.233,-1.596,1.64209,8.606,40.457,19.537,38.382,28.009,13.831,27.490,40.457,0.736,27.800,1.64521,0.675,26.642,1.55773,0
10684,123344,10,2,2,0,1,1,0,0,3000,1000,28.483,-1.676,1.72293,8.179,42.013,20.574,39.938,29.565,14.177,28.527,42.013,0.792,29.077,1.72605,0.810,27.799,1.64209,0
10699,123354,10,2,2,0,1,1,0,0,3000,1000,29.609,-1.751,1.80240,8.179,44.088,21.093,41.494,30.602,14.523,29.046,44.088,0.849,30.230,1.80552,0.866,29.076,1.72293,0
10714,123364,10,2,2,0,1,1,0,0,3000,1000,31.054,-1.831,1.88132,8.057,45.644,21.439,43.050,31.639,14.869,30.083,45.644,0.913,31.701,1.88444,0.924,30.229,1.80240,0
10714,123374,10,2,2,0,1,1,0,0,3000,1000,32.380,-1.986,1.95944,8.057,47.200,22.130,45.125,32.677,15.215,30.602,47.200,0.899,33.055,1.96256,0.988,31.700,1.88132,0
10730,123384,10,2,2,0,1,1,0,0,3000,1000,33.780,-2.141,2.04085,8.240,48.756,22.476,46.681,33.714,15.560,31.639,48.756,0.893,34.486,2.04397,0.973,33.054,1.95944,0
10745,123394,10,2,2,0,1,1,0,0,3000,1000,35.146,-2.376,2.12066,7.691,50.830,22.822,48.237,34.751,15.733,32.677,50.830,0.807,35.883,2.12378,0.968,34.484,2.04085,0
10745,123404,10,2,2,0,1,1,0,0,3000,1000,36.507,-2.531,2.19429,7.172,52.386,23.686,49.793,36.307,16.425,33.714,52.386,0.794,37.271,2.19741,0.881,35.882,2.12066,0
10761,123414,10,2,2,0,1,1,0,0,3000,1000,37.948,-2.531,2.26314,7.019,54.461,24.378,51.868,37.345,16.771,34.751,54.461,0.935,38.731,2.26626,0.868,37.270,2.19429,0
10761,123424,10,2,2,0,1,1,0,0,3000,1000,39.508,-2.686,2.33853,7.935,56.017,25.069,53.942,38.382,17.462,35.789,56.017,0.936,40.319,2.34165,1.009,38.730,2.26314,0
10776,123434,10,2,2,0,1,1,0,0,3000,1000,40.989,-2.766,2.41859,8.026,58.092,25.415,55.498,39.419,17.808,36.826,58.092,1.016,41.826,2.42171,1.010,40.318,2.33853,0
10792,123444,10,2,2,0,1,1,0,0,3000,1000,42.469,-2.921,2.50120,8.209,59.648,25.934,57.573,40.975,18.154,37.863,59.648,1.027,43.336,2.50432,1.090,41.825,2.41859,0
10792,123454,10,2,2,0,1,1,0,0,3000,1000,44.065,-2.997,2.58239,7.935,61.723,26.625,59.129,42.013,18.672,38.901,61.723,1.123,44.958,2.58551,1.101,43.335,2.50120,0
10808,123464,10,2,2,0,1,1,0,0,3000,1000,45.626,-3.077,2.66029,7.965,63.279,26.971,61.204,43.050,19.018,39.938,63.279,1.211,46.543,2.66341,1.197,44.957,2.58239,0
10823,123474,10,2,2,0,1,1,0,0,3000,1000,47.457,-3.156,2.73875,7.965,65.353,28.009,63.279,44.606,19.364,40.975,65.353,1.315,48.399,2.74187,1.285,46.542,2.66029,0
10823,123484,10,2,2,0,1,1,0,0,3000,1000,49.053,-3.156,2.82312,8.789,67.428,28.873,65.353,45.644,20.056,42.013,67.428,1.497,50.017,2.82624,1.388,48.398,2.73875,0
10839,123494,10,2,2,0,1,1,0,0,3000,1000,50.688,-3.156,2.91971,10.010,70.021,29.565,67.947,46.681,20.401,43.050,70.021,1.698,51.679,2.92283,1.570,50.016,2.82312,0
10854,123504,10,2,2,0,1,1,0,0,3000,1000,52.714,-3.312,3.02988,11.414,72.096,30.256,70.021,48.237,20.747,44.606,72.096,1.785,53.741,3.03300,1.771,51.678,2.91971,0
10854,123514,10,2,2,0,1,1,0,0,3000,1000,54.545,-3.387,3.15811,13.092,74.171,30.948,72.096,49.274,21.266,46.162,74.171,1.967,55.610,3.16123,1.858,53.740,3.02988,0
10870,123524,10,2,2,0,1,1,0,0,3000,1000,56.416,-3.622,3.30046,14.344,76.764,31.812,74.689,50.830,21.957,47.200,76.764,2.015,57.531,3.30358,2.040,55.609,3.15811,0
10886,123534,10,2,2,0,1,1,0,0,3000,1000,57.937,-3.817,3.45100,15.107,78.839,32.504,76.764,51.868,22.303,49.274,78.839,2.096,59.102,3.45412,2.088,57.530,3.30046,0
10886,123544,10,2,2,0,1,1,0,0,3000,1000,60.002,-3.972,3.60565,15.625,81.432,33.541,79.358,52.905,22.995,50.830,81.432,2.261,61.216,3.60877,2.169,59.101,3.45100,0
10901,123554,10,2,2,0,1,1,0,0,3000,1000,62.144,-4.127,3.76573,15.961,83.507,34.406,81.432,53.942,23.340,52.386,83.507,2.442,63.406,3.76885,2.333,61.215,3.60564,0
10901,123564,10,2,2,0,1,1,0,0,3000,1000,63.939,-4.287,3.92746,16.236,86.100,35.097,84.026,55.498,23.859,53.942,86.100,2.605,65.251,3.93058,2.515,63.405,3.76573,0
10917,123574,10,2,2,0,1,1,0,0,3000,1000,65.770,-4.477,4.08812,15.900,88.175,35.789,86.619,56.536,24.205,55.498,88.175,2.742,67.133,4.09124,2.677,65.250,3.92746,0
10932,123584,10,2,2,0,1,1,0,0,3000,1000,67.716,-4.673,4.24928,15.961,90.768,36.653,88.694,58.092,24.896,56.536,90.768,2.890,69.130,4.25240,2.815,67.132,4.08812,0
10932,123594,10,2,2,0,1,1,0,0,3000,1000,69.627,-4.832,4.40076,15.137,93.362,37.345,91.287,59.129,25.588,58.610,93.362,3.063,71.086,4.40388,2.962,69.129,4.24928,0
10948,123604,10,2,2,0,1,1,0,0,3000,1000,72.433,-5.063,4.54484,14.344,95.955,38.728,93.881,60.167,25.934,60.167,95.955,3.232,73.938,4.54796,3.135,71.085,4.40076,0
10964,123614,10,2,2,0,1,1,0,0,3000,1000,74.614,-5.218,4.68303,13.977,98.549,39.247,95.955,61.204,26.453,61.723,98.549,3.425,76.159,4.68616,3.304,73.937,4.54484,0
10964,123624,10,2,2,0,1,1,0,0,3000,1000,76.485,-5.453,4.81773,13.215,100.623,39.938,98.549,62.760,26.798,63.279,100.623,3.514,78.076,4.82085,3.497,76.158,4.68303,0
10979,123634,10,2,2,0,1,1,0,0,3000,1000,78.391,-5.608,4.94617,12.665,103.217,39.938,101.142,64.316,27.490,64.835,103.217,3.682,80.020,4.94930,3.586,78.075,4.81773,0
10995,123644,10,2,2,0,1,1,0,0,3000,1000,80.382,-5.763,5.06974,12.055,105.291,41.321,103.735,65.872,28.181,66.391,105.291,3.855,82.046,5.07286,3.753,80.019,4.94617,0
10995,123654,10,2,2,0,1,1,0,0,3000,1000,82.288,-5.923,5.18677,11.567,107.885,42.186,105.810,67.947,28.700,67.947,107.885,4.013,83.987,5.18989,3.927,82.045,5.06974,0
11010,123664,10,2,2,0,1,1,0,0,3000,1000,84.083,-6.233,5.30035,11.322,109.960,43.569,108.403,69.503,29.046,70.021,109.960,4.010,85.830,5.30347,4.084,83.986,5.18677,0
11025,123674,10,2,2,0,1,1,0,0,3000,1000,86.185,-6.468,5.41921,12.055,112.553,44.433,110.997,71.059,29.737,71.577,112.553,4.121,87.971,5.42233,4.081,85.829,5.30035,0
11025,123684,10,2,2,0,1,1,0,0,3000,1000,88.135,-6.663,5.54213,12.207,115.146,44.433,113.072,73.133,30.429,73.652,115.146,4.266,89.960,5.54525,4.192,87.971,5.41921,0
11040,123694,10,2,2,0,1,1,0,0,3000,1000,90.081,-6.894,5.66702,12.421,117.740,45.471,115.665,74.689,31.121,75.208,117.740,4.383,91.948,5.67014,4.338,89.959,5.54213,0
11056,123704,10,2,2,0,1,1,0,0,3000,1000,92.067,-7.053,5.79019,12.146,119.814,46.162,117.740,76.246,31.294,76.764,119.814,4.577,93.968,5.79331,4.454,91.947,5.66702,0
11056,123714,10,2,2,0,1,1,0,0,3000,1000,93.783,-7.208,5.91160,11.963,122.926,47.372,120.333,77.802,31.985,78.320,122.926,4.749,95.717,5.91472,4.648,93.967,5.79019,0
11072,123724,10,2,2,0,1,1,0,0,3000,1000,96.004,-7.363,6.03318,12.452,125.520,48.756,122.408,79.876,32.331,80.395,125.520,4.978,97.969,6.03630,4.820,95.716,5.91160,0
11072,123734,10,2,2,0,1,1,0,0,3000,1000,98.110,-7.634,6.16406,13.550,128.113,49.274,125.001,81.432,32.677,81.951,128.113,5.097,100.120,6.16718,5.049,97.968,6.03318,0
11087,123744,10,2,2,0,1,1,0,0,3000,1000,100.096,-7.909,6.30989,14.740,130.188,49.620,127.595,82.988,33.368,83.507,130.188,5.223,102.155,6.31301,5.168,100.119,6.16406,0
11103,123754,10,2,2,0,1,1,0,0,3000,1000,102.042,-8.144,6.45601,14.435,132.263,50.312,130.188,84.544,33.714,85.063,132.263,5.389,104.146,6.45913,5.293,102.155,6.30989,0
11103,123764,10,2,2,0,1,1,0,0,3000,1000,103.837,-8.299,6.59378,13.428,134.856,51.003,132.263,86.100,33.887,86.619,134.856,5.611,105.977,6.59690,5.459,104.146,6.45601,0
11119,123774,10,2,2,0,1,1,0,0,3000,1000,105.708,-8.534,6.71769,12.360,136.931,52.213,134.856,87.656,34.578,88.175,136.931,5.750,107.887,6.72081,5.681,105.976,6.59378,0
11135,123784,10,2,2,0,1,1,0,0,3000,1000,107.694,-8.689,6.83504,11.750,139.524,53.251,136.931,89.212,34.924,89.731,139.524,5.978,109.902,6.83816,5.820,107.887,6.71769,0
11135,123794,10,2,2,0,1,1,0,0,3000,1000,109.370,-8.844,6.95402,12.177,142.117,53.942,139.524,91.287,35.616,91.287,142.117,6.174,111.608,6.95714,6.048,109.901,6.83504,0
11150,123804,10,2,2,0,1,1,0,0,3000,1000,111.666,-9.039,7.08268,12.970,144.192,53.942,141.599,92.843,36.307,93.362,144.192,6.423,113.936,7.08580,6.244,111.607,6.95402,0
11164,123814,10,2,2,0,1,1,0,0,3000,1000,113.497,-9.310,7.21437,12.940,146.267,55.153,143.674,94.399,36.826,94.918,146.267,6.548,115.812,7.21749,6.493,113.935,7.08268,0
11164,123824,10,2,2,0,1,1,0,0,3000,1000,115.488,-9.389,7.33993,12.391,148.860,56.536,146.267,95.955,37.172,96.474,148.860,6.879,117.820,7.34305,6.618,115.811,7.21437,0
11180,123834,10,2,2,0,1,1,0,0,3000,1000,117.279,-9.660,7.52666,12.665,151.454,57.400,148.342,97.511,37.863,98.030,151.454,7.077,119.666,7.52978,6.948,117.820,7.33993,0
11196,123844,10,2,2,0,1,1,0,0,3000,1000,119.265,-9.819,7.66045,13.733,154.047,58.092,150.935,99.067,38.901,99.586,154.047,7.350,121.681,7.66357,7.146,119.666,7.52666,0
11196,123854,10,2,2,0,1,1,0,0,3000,1000,120.940,-10.014,7.80835,15.259,156.122,58.783,153.010,100.623,39.419,101.142,156.122,7.568,123.394,7.81147,7.419,121.680,7.66045,0
11211,123864,10,2,2,0,1,1,0,0,3000,1000,122.851,-10.170,7.96720,15.839,158.715,59.129,155.603,102.179,40.111,102.698,158.715,7.876,125.337,7.97032,7.637,123.394,7.80835,0
11211,123874,10,2,2,0,1,1,0,0,3000,1000,124.527,-10.325,8.12046,15.137,160.790,59.994,157.678,103.735,40.803,104.254,160.790,8.150,127.044,8.12358,7.946,125.336,7.96720,0
11226,123884,10,2,2,0,1,1,0,0,3000,1000,126.433,-10.400,8.26354,14.161,162.865,61.031,160.271,105.291,41.494,105.810,162.865,8.527,128.966,8.26666,8.219,127.044,8.12046,0
11243,123894,10,2,2,0,1,1,0,0,3000,1000,128.149,-10.560,8.39929,13.764,165.458,61.723,162.346,106.847,42.013,107.366,165.458,8.789,130.710,8.40241,8.596,128.966,8.26354,0
11243,123904,10,2,2,0,1,1,0,0,3000,1000,130.019,-10.715,8.52934,12.879,167.533,62.587,164.939,108.403,42.359,108.403,167.533,9.075,132.604,8.53246,8.858,130.709,8.39929,0
11258,123914,10,2,2,0,1,1,0,0,3000,1000,132.201,-10.870,8.65259,12.391,170.126,63.279,167.014,109.960,43.050,109.960,170.126,9.403,134.804,8.65571,9.144,132.604,8.52934,0
11274,123924,10,2,2,0,1,1,0,0,3000,1000,134.151,-11.025,8.77527,12.299,172.201,63.624,169.089,111.516,43.396,111.516,172.201,9.700,136.776,8.77839,9.472,134.804,8.65259,0
11274,123934,10,2,2,0,1,1,0,0,3000,1000,135.942,-11.105,8.89599,12.207,174.794,64.316,171.682,113.072,44.088,113.072,174.794,10.048,138.576,8.89911,9.768,136.775,8.77527,0
11289,123944,10,2,2,0,1,1,0,0,3000,1000,137.658,-11.180,9.00978,11.078,176.869,65.526,173.757,114.628,44.606,114.628,176.869,10.384,140.300,9.01290,10.117,138.576,8.89599,0
11304,123954,10,2,2,0,1,1,0,0,3000,1000,139.564,-11.260,9.11985,11.170,179.462,66.564,175.831,116.184,44.952,116.184,179.462,10.745,142.212,9.12297,10.453,140.300,9.00978,0
11304,123964,10,2,2,0,1,1,0,0,3000,1000,141.475,-11.336,9.23237,11.414,182.056,67.255,178.425,117.740,45.644,117.740,182.056,11.117,144.127,9.23549,10.813,142.212,9.11985,0
11320,123974,10,2,2,0,1,1,0,0,3000,1000,143.421,-11.415,9.34563,11.231,184.130,67.428,180.500,119.296,45.989,119.296,184.130,11.496,146.077,9.34875,11.185,144.127,9.23237,0
11336,123984,10,2,2,0,1,1,0,0,3000,1000,145.021,-11.491,9.45414,10.743,186.205,68.120,182.574,121.370,46.681,120.852,186.205,11.820,147.684,9.45726,11.564,146.077,9.34563,0
11336,123994,10,2,2,0,1,1,0,0,3000,1000,146.772,-11.570,9.56037,10.651,188.280,69.157,184.649,122.926,46.854,122.408,188.280,12.165,149.440,9.56349,11.888,147.684,9.45414,0
11351,124004,10,2,2,0,1,1,0,0,3000,1000,148.568,-11.650,9.66538,10.590,190.873,70.021,187.242,124.482,47.545,123.964,190.873,12.518,151.238,9.66850,12.232,149.439,9.56037,0
11351,124014,10,2,2,0,1,1,0,0,3000,1000,150.434,-11.650,9.77312,10.926,192.948,70.713,189.317,126.038,47.891,125.520,192.948,12.970,153.092,9.77624,12.586,151.238,9.66538,0
11367,124024,10,2,2,0,1,1,0,0,3000,1000,152.190,-11.805,9.89019,12.085,195.541,71.405,191.392,127.595,48.583,127.076,195.541,13.265,154.864,9.89331,13.037,153.092,9.77312,0
11382,124034,10,2,2,0,1,1,0,0,3000,1000,153.825,-11.881,10.01713,12.635,197.616,72.096,193.467,129.151,49.274,128.632,197.616,13.634,156.505,10.02025,13.332,154.864,9.89019,0
11382,124044,10,2,2,0,1,1,0,0,3000,1000,155.811,-11.961,10.14535,12.787,199.691,72.961,196.060,130.707,49.793,130.188,199.691,14.065,158.491,10.14847,13.701,156.505,10.01713,0
11398,124054,10,2,2,0,1,1,0,0,3000,1000,157.332,-12.040,10.27300,12.940,202.284,73.998,198.135,132.263,50.485,131.744,202.284,14.417,160.018,10.27612,14.132,158.491,10.14535,0
11413,124064,10,2,2,0,1,1,0,0,3000,1000,159.123,-12.116,10.40379,13.489,204.359,74.689,200.728,133.819,51.176,133.300,204.359,14.830,161.810,10.40691,14.485,160.018,10.27300,0
11413,124074,10,2,2,0,1,1,0,0,3000,1000,160.759,-12.196,10.54001,13.855,206.433,75.035,202.803,134.856,51.522,134.856,206.433,15.221,163.449,10.54313,14.897,161.810,10.40379,0
11428,124084,10,2,2,0,1,1,0,0,3000,1000,162.594,-12.271,10.67684,13.642,209.027,75.554,204.877,136.412,52.041,136.412,209.027,15.658,165.283,10.67996,15.288,163.449,10.54001,0
11444,124094,10,2,2,0,1,1,0,0,3000,1000,164.385,-12.351,10.81459,13.794,211.102,76.591,207.471,137.968,52.386,137.968,211.102,16.088,167.074,10.81771,15.725,165.283,10.67684,0
11444,124104,10,2,2,0,1,1,0,0,3000,1000,165.906,-12.466,10.94967,13.672,213.176,77.802,209.545,139.524,53.078,139.005,213.176,16.433,168.604,10.95279,16.155,167.073,10.81459,0
11459,124114,10,2,2,0,1,1,0,0,3000,1000,167.892,-12.621,11.08556,13.733,215.770,78.839,212.139,140.561,53.424,140.561,215.770,16.833,170.598,11.08868,16.500,168.604,10.94967,0
11475,124124,10,2,2,0,1,1,0,0,3000,1000,169.918,-12.701,11.22206,14.130,217.844,79.185,214.214,142.117,54.115,142.117,217.844,17.319,172.615,11.22518,16.899,170.598,11.08556,0
11475,124134,10,2,2,0,1,1,0,0,3000,1000,171.864,-12.856,11.36455,14.435,220.438,79.530,216.807,143.674,54.461,143.674,220.438,17.729,174.569,11.36767,17.386,172.615,11.22206,0
11490,124144,10,2,2,0,1,1,0,0,3000,1000,173.775,-12.936,11.50682,14.039,222.512,80.222,218.882,145.230,54.980,145.230,222.512,18.210,176.472,11.50994,17.795,174.569,11.36455,0
11504,124154,10,2,2,0,1,1,0,0,3000,1000,175.721,-13.011,11.64195,13.428,225.106,81.086,220.956,146.786,55.326,146.786,225.106,18.698,178.406,11.64507,18.276,176.471,11.50682,0
11504,124164,10,2,2,0,1,1,0,0,3000,1000,177.436,-13.166,11.77175,13.153,227.181,82.470,223.550,148.342,56.017,148.342,227.181,19.058,180.130,11.77487,18.764,178.406,11.64195,0
11520,124174,10,2,2,0,1,1,0,0,3000,1000,179.307,-13.246,11.90092,13.276,229.774,83.334,225.624,149.898,56.363,149.898,229.774,19.528,181.989,11.90404,19.124,180.130,11.77175,0
11536,124184,10,2,2,0,1,1,0,0,3000,1000,181.178,-13.557,12.03506,13.672,231.849,83.680,228.218,151.454,57.054,151.454,231.849,19.782,183.895,12.03818,19.594,181.989,11.90092,0
11536,124194,10,2,2,0,1,1,0,0,3000,1000,183.124,-13.712,12.17848,14.496,234.442,84.026,230.811,153.010,57.573,153.010,234.442,20.221,185.843,12.18161,19.848,183.895,12.03506,0
11551,124204,10,2,2,0,1,1,0,0,3000,1000,184.764,-13.871,12.32406,14.466,236.517,85.409,232.886,154.566,57.919,154.566,236.517,20.597,187.492,12.32718,20.286,185.843,12.17848,0
11551,124214,10,2,2,0,1,1,0,0,3000,1000,186.555,-13.947,12.46253,13.794,239.110,86.619,235.479,156.122,58.610,156.122,239.110,21.084,189.268,12.46565,20.663,187.492,12.32406,0
11567,124224,10,2,2,0,1,1,0,0,3000,1000,188.466,-14.026,12.59803,13.825,241.185,87.656,237.554,157.678,59.302,158.196,241.185,21.592,191.161,12.60115,21.150,189.268,12.46253,0
11582,124234,10,2,2,0,1,1,0,0,3000,1000,190.452,-14.261,12.73903,14.679,243.778,88.002,240.147,159.234,59.648,160.271,243.778,21.978,193.160,12.74215,21.658,191.161,12.59803,0
11582,124244,10,2,2,0,1,1,0,0,3000,1000,192.243,-14.337,12.89013,15.381,245.853,88.175,242.222,160.790,59.821,161.309,245.853,22.493,194.934,12.89325,22.043,193.160,12.73903,0
11598,124254,10,2,2,0,1,1,0,0,3000,1000,194.269,-14.492,13.04825,15.839,248.446,88.867,244.816,162.346,60.512,163.383,248.446,22.998,196.953,13.05137,22.559,194.934,12.89013,0
11614,124264,10,2,2,0,1,1,0,0,3000,1000,196.060,-14.647,13.20562,15.717,251.040,90.250,247.409,163.902,61.204,164.939,251.040,23.453,198.742,13.20874,23.063,196.953,13.04825,0
11614,124274,10,2,2,0,1,1,0,0,3000,1000,197.891,-14.807,13.35816,15.351,253.633,91.460,249.484,164.939,61.550,166.495,253.633,23.912,200.570,13.36128,23.518,198.742,13.20562,0
11630,124284,10,2,2,0,1,1,0,0,3000,1000,199.762,-14.962,13.50725,15.168,255.708,92.152,252.077,166.495,62.241,167.533,255.708,24.385,202.434,13.51037,23.977,200.570,13.35816,0
11645,124294,10,2,2,0,1,1,0,0,3000,1000,201.397,-15.037,13.66474,16.175,258.301,92.497,254.670,168.051,62.760,169.089,258.301,24.896,204.050,13.66786,24.450,202.434,13.50725,0
11645,124304,10,2,2,0,1,1,0,0,3000,1000,203.503,-15.157,13.83054,16.724,260.895,93.189,257.264,169.607,63.106,170.645,260.895,25.491,206.132,13.83366,24.961,204.050,13.66474,0
11662,124314,10,2,2,0,1,1,0,0,3000,1000,205.454,-15.312,13.99851,16.846,262.969,94.053,259.338,171.163,63.797,172.201,262.969,26.023,208.070,14.00163,25.556,206.132,13.83054,0
11662,124324,10,2,2,0,1,1,0,0,3000,1000,207.360,-15.467,14.16374,16.663,265.563,95.091,261.932,172.719,64.143,173.757,265.563,26.546,209.963,14.16686,26.087,208.070,13.99851,0
11677,124334,10,2,2,0,1,1,0,0,3000,1000,209.191,-15.622,14.33172,17.090,268.156,96.301,264.525,174.275,64.835,175.313,268.156,27.060,211.782,14.33484,26.610,209.964,14.16374,0
11693,124344,10,2,2,0,1,1,0,0,3000,1000,211.141,-15.778,14.50396,17.457,270.749,96.993,267.119,175.831,65.008,176.869,270.749,27.614,213.716,14.50708,27.124,211.783,14.33172,0
11693,124354,10,2,2,0,1,1,0,0,3000,1000,213.167,-15.933,14.68066,18.006,272.824,97.338,269.193,177.388,65.699,178.425,272.824,28.199,215.721,14.68378,27.678,213.716,14.50396,0
11709,124364,10,2,2,0,1,1,0,0,3000,1000,215.114,-16.208,14.85978,18.006,275.417,98.030,271.787,178.944,66.045,179.462,275.417,28.657,217.677,14.86290,28.263,215.721,14.68066,0
11725,124374,10,2,2,0,1,1,0,0,3000,1000,216.909,-16.363,15.03137,17.029,277.492,98.894,273.861,180.500,66.736,181.018,277.492,29.188,219.456,15.03449,28.721,217.678,14.85978,0
11725,124384,10,2,2,0,1,1,0,0,3000,1000,218.775,-16.518,15.19360,16.175,280.086,100.278,276.455,181.537,67.082,182.574,280.086,29.731,221.301,15.19672,29.252,219.456,15.03137,0
11740,124394,10,2,2,0,1,1,0,0,3000,1000,220.881,-16.793,15.34943,15.717,282.679,100.969,279.048,183.612,67.601,184.130,282.679,30.219,223.407,15.35255,29.795,221.302,15.19360,0
11755,124404,10,2,2,0,1,1,0,0,3000,1000,222.947,-16.948,15.50462,15.717,285.272,101.834,281.642,185.168,68.292,185.686,285.272,30.816,225.442,15.50774,30.282,223.408,15.34943,0
11755,124414,10,2,2,0,1,1,0,0,3000,1000,224.933,-17.218,15.65899,15.625,287.347,102.179,283.716,186.724,68.984,187.242,287.347,31.285,227.429,15.66211,30.880,225.442,15.50462,0
11770,124424,10,2,2,0,1,1,0,0,3000,1000,226.804,-17.493,15.81187,15.168,289.940,102.871,286.310,188.280,69.330,189.317,289.940,31.722,229.304,15.81499,31.349,227.429,15.65899,0
11786,124434,10,2,2,0,1,1,0,0,3000,1000,228.750,-17.573,15.95564,14.069,292.015,103.562,288.384,189.836,70.021,190.873,292.015,32.361,231.198,15.95876,31.786,229.305,15.81187,0
11786,124444,10,2,2,0,1,1,0,0,3000,1000,230.740,-17.573,16.14968,12.482,294.090,104.427,290.978,191.392,70.540,192.429,294.090,33.158,233.111,16.15280,32.424,231.199,15.95564,0
11802,124454,10,2,2,0,1,1,0,0,3000,1000,232.726,-17.648,16.26852,11.872,296.165,105.119,293.052,192.948,71.232,193.985,296.165,33.791,235.038,16.27164,33.221,233.111,16.14968,0
11802,124464,10,2,2,0,1,1,0,0,3000,1000,234.362,-17.648,16.38097,11.109,298.758,106.156,295.127,194.504,71.923,195.541,298.758,34.394,236.607,16.38409,33.854,235.039,16.26852,0
11817,124474,10,2,2,0,1,1,0,0,3000,1000,236.273,-17.803,16.48936,10.895,300.833,106.675,297.721,196.060,72.269,197.097,300.833,34.923,238.482,16.49248,34.457,236.608,16.38097,0
11832,124484,10,2,2,0,1,1,0,0,3000,1000,238.144,-17.883,16.60365,11.719,303.426,107.712,300.314,197.616,72.788,198.653,303.426,35.525,240.297,16.60677,34.986,238.483,16.48936,0
11832,124494,10,2,2,0,1,1,0,0,3000,1000,240.050,-17.959,16.72843,12.665,306.019,108.058,302.389,199.172,73.479,200.728,306.019,36.158,242.143,16.73155,35.588,240.298,16.60365,0
11849,124504,10,2,2,0,1,1,0,0,3000,1000,242.000,-17.959,16.85578,12.635,308.094,108.749,304.463,201.247,73.825,202.284,308.094,36.884,244.008,16.85890,36.221,242.143,16.72843,0
11865,124514,10,2,2,0,1,1,0,0,3000,1000,243.712,-18.118,16.97899,12.207,310.169,109.614,308.094,202.803,74.517,203.840,310.169,37.385,245.688,16.98211,36.946,244.008,16.85578,0
11865,124524,10,2,2,0,1,1,0,0,3000,1000,245.543,-18.468,17.09873,12.085,312.762,110.997,310.169,204.359,75.208,205.396,312.762,37.739,247.539,17.10185,37.448,245.689,16.97899,0
11881,124534,10,2,2,0,1,1,0,0,3000,1000,248.118,-18.664,17.22398,12.909,315.356,111.516,311.725,205.915,75.727,206.952,315.356,38.472,250.054,17.22710,37.802,247.540,17.09873,0
11881,124544,10,2,2,0,1,1,0,0,3000,1000,249.985,-18.859,17.36109,14.161,317.430,112.207,314.837,207.471,76.073,208.508,317.430,39.015,251.890,17.36421,38.535,250.055,17.22398,0
11895,124554,10,2,2,0,1,1,0,0,3000,1000,251.935,-18.934,17.50903,14.893,319.505,112.553,317.430,209.027,76.764,210.064,319.505,39.716,253.768,17.51215,39.077,251.891,17.36109,0
11911,124564,10,2,2,0,1,1,0,0,3000,1000,253.531,-19.014,17.65803,14.832,322.098,113.590,320.024,210.583,77.110,211.620,322.098,40.311,255.308,17.66116,39.778,253.769,17.50903,0
11911,124574,10,2,2,0,1,1,0,0,3000,1000,255.557,-19.169,17.80436,14.771,324.173,114.455,322.098,212.139,77.456,213.176,324.173,40.966,257.279,17.80748,40.373,255.309,17.65804,0
11926,124584,10,2,2,0,1,1,0,0,3000,1000,257.428,-19.249,17.94858,14.863,326.766,115.492,324.173,213.695,77.974,214.214,326.766,41.648,259.078,17.95170,41.028,257.280,17.80436,0
11942,124594,10,2,2,0,1,1,0,0,3000,1000,259.259,-19.404,18.09697,15.259,329.360,116.184,326.766,215.251,78.666,215.770,329.360,42.255,260.860,18.10009,41.709,259.079,17.94858,0
11942,124604,10,2,2,0,1,1,0,0,3000,1000,261.245,-19.479,18.25457,16.205,331.953,116.702,329.360,216.807,79.012,217.326,331.953,43.003,262.763,18.25769,42.317,260.861,18.09697,0
11958,124614,10,2,2,0,1,1,0,0,3000,1000,263.155,-19.634,18.41795,16.602,334.028,117.394,331.435,218.363,79.703,218.882,334.028,43.664,264.617,18.42107,43.065,262.764,18.25457,0
11973,124624,10,2,2,0,1,1,0,0,3000,1000,264.676,-19.869,18.58311,16.480,336.621,118.431,334.028,219.400,80.049,220.438,336.621,44.134,266.124,18.58623,43.726,264.618,18.41795,0
11973,124634,10,2,2,0,1,1,0,0,3000,1000,266.622,-19.949,18.74543,16.358,339.215,119.296,336.103,220.956,80.568,221.994,339.215,44.887,267.983,18.74855,44.195,266.125,18.58311,0
11990,124644,10,2,2,0,1,1,0,0,3000,1000,268.493,-20.024,18.90538,16.236,341.808,119.987,338.696,222.512,80.914,223.031,341.808,45.623,269.768,18.90850,44.949,267.985,18.74543,0
12004,124654,10,2,2,0,1,1,0,0,3000,1000,270.364,-20.104,19.06906,16.572,343.883,121.025,341.289,224.068,81.605,224.587,343.883,46.364,271.552,19.07218,45.684,269.769,18.90538,0
12004,124664,10,2,2,0,1,1,0,0,3000,1000,271.924,-20.299,19.23034,16.114,346.476,121.716,343.364,225.624,81.951,226.143,346.476,46.896,273.079,19.23346,46.425,271.553,19.06906,0
12020,124674,10,2,2,0,1,1,0,0,3000,1000,273.986,-20.375,19.38556,15.473,348.551,122.235,345.958,226.662,82.643,227.699,348.551,47.703,275.037,19.38868,46.957,273.080,19.23034,0
12036,124684,10,2,2,0,1,1,0,0,3000,1000,275.936,-20.534,19.53162,14.588,351.144,123.272,348.032,228.218,82.988,229.255,351.144,48.388,276.918,19.53474,47.764,275.039,19.38556,0
12036,124694,10,2,2,0,1,1,0,0,3000,1000,277.767,-20.610,19.67340,14.222,353.738,124.310,350.626,229.774,83.507,230.811,353.738,49.111,278.657,19.67652,48.449,276.920,19.53162,0
12052,124704,10,2,2,0,1,1,0,0,3000,1000,279.558,-20.689,19.81566,14.466,356.331,124.482,353.219,231.330,83.853,232.367,356.331,49.822,280.358,19.81879,49.172,278.658,19.67340,0
12052,124714,10,2,2,0,1,1,0,0,3000,1000,281.469,-20.689,19.95823,14.130,358.406,125.174,355.294,233.405,84.544,233.923,358.406,50.652,282.142,19.96135,49.882,280.359,19.81566,0
12067,124724,10,2,2,0,1,1,0,0,3000,1000,283.415,-20.920,20.09231,13.153,360.480,126.211,357.368,234.961,84.890,235.479,360.480,51.272,284.037,20.09543,50.713,282.143,19.95823,0
12083,124734,10,2,2,0,1,1,0,0,3000,1000,285.326,-21.080,20.21822,12.360,363.074,127.422,359.962,236.517,85.582,237.035,363.074,51.940,285.874,20.22134,51.333,284.039,20.09231,0
12083,124744,10,2,2,0,1,1,0,0,3000,1000,287.001,-21.195,20.34247,12.696,365.667,128.113,362.555,238.073,85.755,238.591,365.667,52.571,287.474,20.34559,52.001,285.876,20.21822,0
12098,124754,10,2,2,0,1,1,0,0,3000,1000,288.947,-21.275,20.47117,12.909,367.742,128.459,364.630,239.629,86.446,240.147,367.742,53.338,289.313,20.47429,52.631,287.475,20.34247,0
12114,124764,10,2,2,0,1,1,0,0,3000,1000,290.978,-21.275,20.60051,12.940,369.817,129.496,367.223,241.185,86.792,241.703,369.817,54.214,291.201,20.60363,53.398,289.315,20.47117,0
12114,124774,10,2,2,0,1,1,0,0,3000,1000,293.119,-21.275,20.72459,12.177,372.410,130.361,369.298,242.741,87.138,243.259,372.410,55.127,293.191,20.72771,54.274,291.203,20.60051,0
12129,124784,10,2,2,0,1,1,0,0,3000,1000,294.870,-21.350,20.84832,12.452,374.485,131.398,371.891,244.297,87.829,244.816,374.485,55.834,294.842,20.85144,55.187,293.193,20.72459,0
12145,124794,10,2,2,0,1,1,0,0,3000,1000,296.586,-21.350,20.97708,13.001,377.078,132.090,373.966,245.853,88.175,246.372,377.078,56.610,296.430,20.98020,55.894,294.844,20.84832,0
12145,124804,10,2,2,0,1,1,0,0,3000,1000,298.417,-21.430,21.11636,14.283,379.672,132.608,376.559,247.409,88.694,247.928,379.672,57.369,298.152,21.11948,56.670,296.432,20.97708,0
12160,124814,10,2,2,0,1,1,0,0,3000,1000,300.247,-21.660,21.26634,15.076,381.746,132.954,378.634,248.965,89.040,249.484,381.746,58.006,299.925,21.26946,57.429,298.154,21.11636,0
12176,124824,10,2,2,0,1,1,0,0,3000,1000,302.198,-21.855,21.41688,14.954,384.340,133.992,381.228,250.521,90.077,251.040,384.340,58.725,301.795,21.42000,58.066,299.927,21.26634,0
12176,124834,10,2,2,0,1,1,0,0,3000,1000,303.874,-22.015,21.56540,14.954,386.414,134.856,383.302,252.077,90.768,252.596,386.414,59.378,303.394,21.56852,58.784,301.797,21.41688,0
12192,124844,10,2,2,0,1,1,0,0,3000,1000,305.585,-22.090,21.71577,15.442,389.008,135.893,385.896,253.114,91.287,253.633,389.008,60.129,304.993,21.71889,59.437,303.396,21.56540,0
12192,124854,10,2,2,0,1,1,0,0,3000,1000,307.185,-22.170,21.87317,16.083,391.082,136.931,388.489,254.670,91.979,255.189,391.082,60.848,306.489,21.87629,60.189,304.996,21.71577,0
12208,124864,10,2,2,0,1,0,0,3,0,0,309.251,-22.325,22.03622,16.633,393.157,137.276,390.564,256.226,92.324,256.745,393.157,61.683,308.441,22.03934,60.908,306.491,21.87317,0
12223,124874,10,2,2,0,1,0,0,3,0,0,310.807,-22.401,22.20161,16.785,395.751,137.795,392.638,257.782,93.016,258.301,395.751,62.408,309.888,22.20473,61.742,308.443,22.03621,0
12223,124884,10,3,3,0,1,1,0,0,1000,3000,312.718,-22.560,22.36228,15.625,396.788,138.141,393.676,258.820,93.016,259.338,396.788,63.188,311.694,22.36540,62.467,309.890,22.20161,0
12238,124894,10,3,3,0,1,1,0,0,1000,3000,314.274,-22.715,22.50189,13.794,397.307,138.141,393.676,259.857,93.016,260.895,397.307,63.814,313.172,22.50501,63.247,311.696,22.36228,0
12253,124904,10,3,3,0,1,1,0,0,1000,3000,315.599,-22.871,22.62807,11.780,397.825,138.487,394.713,262.451,93.881,262.451,397.825,64.339,314.437,22.63119,63.873,313.174,22.50188,0
12253,124914,10,3,3,0,1,1,0,0,1000,3000,317.080,-22.871,22.71801,8.362,398.863,139.178,395.751,265.563,94.918,265.044,398.863,65.023,315.789,22.72113,64.398,314.439,22.62807,0
12269,124924,10,3,3,0,1,1,0,0,1000,3000,318.366,-22.946,22.77450,4.639,399.900,139.870,396.788,269.193,96.128,268.156,399.900,65.522,316.996,22.77762,65.082,315.792,22.71801,0
12284,124934,10,3,3,0,1,1,0,0,1000,3000,319.731,-23.026,22.78869,0.610,401.456,140.389,398.344,272.824,97.165,271.787,401.456,65.995,318.283,22.79181,65.581,316.998,22.77450,0
12284,124944,10,3,3,0,1,1,0,0,1000,3000,321.057,-23.026,22.75989,-4.059,402.493,141.080,399.381,275.936,97.511,275.417,402.493,66.472,319.510,22.76301,66.054,318.286,22.78869,0
12301,124954,10,3,3,0,1,1,0,0,1000,3000,322.418,-23.026,22.68214,-9.095,403.531,142.117,400.937,278.011,97.165,278.530,403.531,66.900,320.777,22.68526,66.531,319.512,22.75989,0
12301,124964,10,3,3,0,1,1,0,0,1000,3000,323.743,-23.026,22.55942,-12.940,405.087,142.636,403.012,279.048,98.203,280.086,405.087,67.255,322.018,22.56254,66.958,320.779,22.68214,0
12317,124974,10,3,3,0,1,1,0,0,1000,3000,325.148,-23.026,22.42244,-14.039,406.124,142.982,404.568,281.123,99.067,281.642,406.124,67.620,323.337,22.42556,67.313,322.021,22.55942,0
12332,124984,10,3,3,0,1,1,0,0,1000,3000,326.509,-23.026,22.28158,-14.039,407.680,142.982,406.124,283.198,100.105,283.198,407.680,67.959,324.615,22.28470,67.678,323.339,22.42244,0
12332,124994,10,3,3,0,1,1,0,0,1000,3000,328.070,-22.946,22.13830,-14.527,408.717,143.328,407.680,284.754,100.450,285.272,408.717,68.442,326.050,22.14142,68.018,324.618,22.28158,0
12347,125004,10,3,3,0,1,1,0,0,1000,3000,329.706,-22.946,21.99144,-14.466,410.273,143.674,409.236,286.828,100.796,287.347,410.273,68.871,327.586,21.99456,68.501,326.052,22.13830,0
12362,125014,10,3,3,0,1,1,0,0,1000,3000,331.146,-22.946,21.85139,-14.100,411.311,144.365,410.792,288.903,101.315,288.903,411.311,69.232,328.941,21.85451,68.930,327.588,21.99144,0
12362,125024,10,3,3,0,1,1,0,0,1000,3000,332.782,-22.946,21.71271,-14.069,412.867,144.711,412.348,290.978,102.352,290.978,412.867,69.664,330.478,21.71583,69.290,328.943,21.85139,0
12379,125034,10,3,3,0,1,1,0,0,1000,3000,334.458,-22.946,21.57167,-14.283,413.904,145.057,413.904,293.052,103.044,293.052,413.904,70.104,332.053,21.57479,69.722,330.480,21.71271,0
12394,125044,10,3,3,0,1,1,0,0,1000,3000,336.134,-22.871,21.42933,-14.252,415.460,145.230,414.942,295.127,103.390,295.127,415.460,70.608,333.602,21.43245,70.162,332.056,21.57167,0
12394,125054,10,3,3,0,1,1,0,0,1000,3000,337.614,-22.871,21.28387,-14.649,416.498,145.921,416.498,297.202,103.735,296.683,416.498,70.964,334.998,21.28699,70.666,333.605,21.42933,0
12409,125064,10,3,3,0,1,1,0,0,1000,3000,339.210,-22.871,21.06688,-14.283,417.535,146.267,418.054,299.277,104.600,298.758,418.054,71.266,336.512,21.07000,71.021,335.001,21.28387,0
12425,125074,10,3,3,0,1,1,0,0,1000,3000,340.771,-22.871,20.93405,-13.062,419.091,146.613,419.091,301.351,105.637,300.833,419.091,71.657,337.983,20.93717,71.323,336.514,21.06688,0
12425,125084,10,3,3,0,1,1,0,0,1000,3000,342.446,-22.791,20.80148,-13.215,420.128,147.304,420.647,303.426,106.502,302.907,420.647,72.161,339.535,20.80460,71.714,337.986,20.93405,0
12440,125094,10,3,3,0,1,1,0,0,1000,3000,344.082,-22.636,20.66939,-13.184,421.684,147.650,421.684,305.501,106.847,305.501,421.684,72.718,341.024,20.67251,72.218,339.538,20.80148,0
12456,125104,10,3,3,0,1,1,0,0,1000,3000,345.563,-22.480,20.54400,-12.543,422.722,147.823,423.240,307.575,107.539,307.575,423.240,73.225,342.368,20.54712,72.775,341.027,20.66939,0
12456,125114,10,3,3,0,1,1,0,0,1000,3000,347.434,-22.285,20.42537,-12.116,424.278,148.514,424.796,309.650,108.231,309.131,424.796,73.913,344.064,20.42849,73.283,342.371,20.54400,0
12472,125124,10,3,3,0,1,1,0,0,1000,3000,349.225,-22.130,20.31215,-11.536,425.315,148.860,425.834,312.244,109.095,311.206,425.834,74.538,345.700,20.31527,73.970,344.067,20.42537,0
12472,125134,10,3,3,0,1,1,0,0,1000,3000,350.900,-21.975,20.19927,-11.048,426.871,149.552,427.390,314.318,110.132,313.800,427.390,75.121,347.230,20.20239,74.595,345.703,20.31215,0
12488,125144,10,3,3,0,1,1,0,0,1000,3000,352.691,-21.740,20.08697,-11.078,427.908,149.898,428.946,316.393,110.824,315.874,428.946,75.816,348.841,20.09009,75.178,347.232,20.19927,0
12503,125154,10,3,3,0,1,1,0,0,1000,3000,354.642,-21.505,19.97438,-11.200,429.465,150.416,429.983,318.468,111.170,317.949,429.983,76.562,350.603,19.97750,75.873,348.843,20.08697,0
12503,125164,10,3,3,0,1,1,0,0,1000,3000,356.318,-21.350,19.86615,-10.956,431.021,150.762,431.539,320.542,111.688,320.024,431.539,77.142,352.135,19.86927,76.619,350.606,19.97438,0
12518,125174,10,3,3,0,1,1,0,0,1000,3000,358.109,-21.195,19.76800,-9.766,432.058,151.454,433.095,322.098,112.034,322.098,433.095,77.771,353.776,19.77112,77.199,352.138,19.86615,0
12533,125184,10,3,3,0,1,1,0,0,1000,3000,359.745,-21.115,19.67910,-8.728,433.614,151.799,434.651,324.173,113.072,324.173,434.651,78.285,355.296,19.68222,77.827,353.779,19.76800,0
12533,125194,10,3,3,0,1,1,0,0,1000,3000,361.500,-20.805,19.59600,-8.209,434.651,152.491,436.207,326.248,113.763,326.248,436.207,79.062,356.852,19.59912,78.342,355.299,19.67910,0
12549,125204,10,3,3,0,1,1,0,0,1000,3000,363.371,-20.725,19.51639,-8.026,436.207,153.010,437.763,328.323,114.282,328.323,437.763,79.663,358.594,19.51951,79.119,356.855,19.59599,0
12564,125214,10,3,3,0,1,1,0,0,1000,3000,364.967,-20.570,19.43802,-8.179,437.245,153.355,439.319,330.397,114.973,330.397,439.319,80.242,360.053,19.44114,79.719,358.597,19.51639,0
12564,125224,10,3,3,0,1,1,0,0,1000,3000,366.953,-20.494,19.35498,-8.454,438.801,154.047,440.875,332.472,115.665,332.472,440.875,80.867,361.908,19.35810,80.298,360.056,19.43802,0
12581,125234,10,3,3,0,1,1,0,0,1000,3000,368.784,-20.415,19.26617,-8.911,440.357,154.739,441.913,334.547,116.357,334.547,441.913,81.436,363.616,19.26929,80.924,361.911,19.35498,0
12596,125244,10,3,3,0,1,1,0,0,1000,3000,370.655,-20.259,19.17631,-9.125,441.394,155.084,443.469,337.140,116.875,336.621,443.469,82.084,365.338,19.17943,81.492,363.619,19.26617,0
12596,125254,10,3,3,0,1,1,0,0,1000,3000,372.485,-20.180,19.09097,-8.606,442.950,155.603,445.025,339.215,117.913,338.696,445.025,82.651,367.047,19.09409,82.140,365.341,19.17631,0
12611,125264,10,3,3,0,1,1,0,0,1000,3000,374.551,-20.104,19.00538,-8.484,444.506,155.949,446.581,341.289,118.950,341.289,446.581,83.288,368.981,19.00850,82.707,367.051,19.09097,0
12611,125274,10,3,3,0,1,1,0,0,1000,3000,376.382,-19.989,18.91556,-8.942,445.543,156.640,448.137,343.364,119.469,343.364,448.137,83.878,370.682,18.91868,83.344,368.985,19.00538,0
12627,125284,10,3,3,0,1,1,0,0,1000,3000,378.253,-19.909,18.82406,-9.278,447.100,156.986,449.693,345.958,120.160,345.439,449.693,84.443,372.432,18.82718,83.934,370.685,18.91556,0
12643,125294,10,3,3,0,1,1,0,0,1000,3000,380.164,-19.829,18.73085,-9.522,448.656,157.678,451.249,347.514,120.506,347.514,451.249,85.015,374.221,18.73397,84.499,372.435,18.82406,0
12643,125304,10,3,3,0,1,1,0,0,1000,3000,382.150,-19.909,18.64229,-9.003,449.693,158.024,452.805,349.588,121.198,349.588,452.805,85.464,376.133,18.64541,85.071,374.224,18.73085,0
12659,125314,10,3,3,0,1,1,0,0,1000,3000,383.825,-19.829,18.55727,-8.515,451.249,158.542,453.842,352.182,122.062,351.663,453.842,85.966,377.701,18.56039,85.519,376.137,18.64229,0
12675,125324,10,3,3,0,1,1,0,0,1000,3000,385.696,-19.829,18.47129,-8.515,452.805,158.888,455.398,354.256,123.099,354.256,455.398,86.451,379.480,18.47441,86.021,377.704,18.55727,0
12675,125334,10,3,3,0,1,1,0,0,1000,3000,387.682,-19.754,18.38111,-9.095,454.361,159.580,456.954,356.331,123.791,356.331,456.954,87.036,381.345,18.38423,86.506,379.483,18.47129,0
12691,125344,10,3,3,0,1,1,0,0,1000,3000,389.593,-19.754,18.28410,-9.919,455.917,160.271,458.510,358.924,124.137,358.406,458.510,87.514,383.164,18.28722,87.091,381.349,18.38111,0
12691,125354,10,3,3,0,1,1,0,0,1000,3000,391.579,-19.754,18.18469,-10.254,457.992,160.617,460.066,360.999,124.655,360.480,460.066,88.009,385.055,18.18781,87.569,383.168,18.28410,0
12706,125364,10,3,3,0,1,1,0,0,1000,3000,393.410,-19.674,18.08339,-10.285,459.548,161.136,461.622,363.074,125.347,362.555,461.622,88.526,386.775,18.08651,88.064,385.059,18.18469,0
12721,125374,10,3,3,0,1,1,0,0,1000,3000,395.356,-19.674,17.98119,-10.163,461.104,161.827,463.179,365.149,126.384,364.630,463.179,88.999,388.631,17.98431,88.581,386.779,18.08339,0
12721,125384,10,3,3,0,1,1,0,0,1000,3000,397.227,-19.599,17.88407,-9.613,462.660,162.173,464.735,367.742,127.249,367.223,464.735,89.524,390.391,17.88719,89.054,388.634,17.98119,0
12737,125394,10,3,3,0,1,1,0,0,1000,3000,399.098,-19.519,17.78271,-10.041,464.216,162.865,466.291,369.817,128.286,369.298,466.291,90.044,392.152,17.78583,89.578,390.395,17.88407,0
12753,125404,10,3,3,0,1,1,0,0,1000,3000,400.733,-19.324,17.67737,-10.559,465.772,163.383,467.847,371.891,128.632,371.373,467.847,90.594,393.655,17.68049,90.098,392.156,17.78271,0
12753,125414,10,3,3,0,1,1,0,0,1000,3000,402.839,-18.934,17.57115,-10.926,467.328,163.729,468.884,373.966,128.978,373.447,468.884,91.469,395.548,17.57427,90.649,393.659,17.67737,0
12769,125424,10,3,3,0,1,1,0,0,1000,3000,404.630,-18.584,17.46668,-10.712,468.884,164.421,470.440,376.559,129.669,375.522,470.440,92.209,397.154,17.46980,91.523,395.552,17.57115,0
12783,125434,10,3,3,0,1,1,0,0,1000,3000,406.230,-18.468,17.36503,-10.498,470.440,165.112,471.996,378.634,130.534,378.115,471.996,92.669,398.650,17.36815,92.263,397.158,17.46668,0
12783,125444,10,3,3,0,1,1,0,0,1000,3000,407.942,-18.313,17.26236,-10.224,471.996,165.458,473.552,380.709,131.225,380.190,473.552,93.196,400.240,17.26548,92.723,398.653,17.36503,0
12799,125454,10,3,3,0,1,1,0,0,1000,3000,409.812,-18.233,17.15937,-10.285,473.552,165.977,475.108,383.302,132.263,382.265,475.108,93.695,402.006,17.16249,93.250,400.244,17.26236,0
12815,125464,10,3,3,0,1,1,0,0,1000,3000,412.814,-17.999,17.05472,-10.559,475.108,166.322,476.664,385.377,133.473,384.858,476.664,94.670,404.808,17.05784,93.749,402.010,17.15937,0
12815,125474,10,3,3,0,1,1,0,0,1000,3000,414.760,-17.803,16.94068,-11.567,476.664,167.014,478.220,387.970,134.164,386.933,478.220,95.280,406.615,16.94380,94.724,404.812,17.05472,0
12830,125484,10,3,3,0,1,1,0,0,1000,3000,416.750,-17.533,16.82012,-12.177,478.220,167.706,479.776,390.045,134.510,389.526,479.776,95.964,408.444,16.82324,95.334,406.619,16.94068,0
12845,125494,10,3,3,0,1,1,0,0,1000,3000,418.657,-17.378,16.69927,-12.391,479.776,168.397,480.814,392.120,134.856,391.601,480.814,96.509,410.226,16.70239,96.018,408.448,16.82012,0
12845,125504,10,3,3,0,1,1,0,0,1000,3000,420.527,-17.183,16.57908,-12.268,481.332,168.570,482.370,394.713,135.720,393.676,482.370,97.079,411.965,16.58220,96.563,410.231,16.69927,0
12861,125514,10,3,3,0,1,1,0,0,1000,3000,422.358,-17.183,16.45852,-12.238,482.888,169.262,483.926,396.788,137.104,395.751,483.926,97.446,413.722,16.46164,97.132,411.969,16.57908,0
12861,125524,10,3,3,0,1,1,0,0,1000,3000,424.229,-17.028,16.33837,-11.994,484.444,169.953,485.482,398.863,137.968,398.344,485.482,97.971,415.474,16.34149,97.500,413.726,16.45852,0
12877,125534,10,3,3,0,1,1,0,0,1000,3000,426.215,-16.908,16.21701,-12.207,486.519,170.299,487.038,401.456,138.660,400.419,487.038,98.488,417.348,16.22013,98.024,415.478,16.33837,0
12892,125544,10,3,3,0,1,1,0,0,1000,3000,428.166,-16.673,16.09748,-12.268,488.075,170.991,488.594,403.531,139.005,402.493,488.594,99.105,419.156,16.10060,98.542,417.352,16.21701,0
12892,125554,10,3,3,0,1,1,0,0,1000,3000,429.917,-16.598,15.97879,-12.116,489.631,171.509,490.150,405.605,139.351,404.568,490.150,99.510,420.819,15.98191,99.158,419.160,16.09748,0
12908,125564,10,3,3,0,1,1,0,0,1000,3000,431.867,-16.478,15.86903,-11.200,491.187,171.855,491.706,407.680,140.216,407.161,491.706,100.021,422.661,15.87215,99.564,420.823,15.97879,0
12924,125574,10,3,3,0,1,1,0,0,1000,3000,433.933,-16.287,15.76807,-10.254,492.743,172.547,493.262,410.273,141.253,409.236,493.262,100.640,424.597,15.77119,100.074,422.666,15.86903,0
12924,125584,10,3,3,0,1,1,0,0,1000,3000,435.879,-16.208,15.67124,-9.583,494.299,172.892,494.818,412.348,142.290,411.311,494.818,101.121,426.448,15.67436,100.693,424.601,15.76807,0
12941,125594,10,3,3,0,1,1,0,0,1000,3000,437.595,-16.052,15.57650,-9.339,495.855,173.584,496.374,414.423,142.809,413.386,496.374,101.612,428.058,15.57962,101.174,426.452,15.67124,0
12941,125604,10,3,3,0,1,1,0,0,1000,3000,439.501,-15.973,15.48307,-9.125,497.411,174.103,497.930,416.498,143.155,415.979,497.930,102.081,429.872,15.48619,101.665,428.062,15.57650,0
12956,125614,10,3,3,0,1,1,0,0,1000,3000,441.336,-15.897,15.39491,-8.850,498.967,174.794,499.486,419.091,143.501,418.054,499.486,102.530,431.620,15.39803,102.133,429.876,15.48307,0
12971,125624,10,3,3,0,1,1,0,0,1000,3000,443.203,-15.897,15.30816,-8.728,501.042,175.140,501.042,421.166,144.538,420.128,501.042,102.914,433.419,15.31128,102.582,431.624,15.39491,0
12971,125634,10,3,3,0,1,1,0,0,1000,3000,445.153,-15.738,15.21908,-8.911,502.598,175.831,502.598,423.240,145.748,422.203,502.598,103.468,435.257,15.22220,102.966,433.423,15.30816,0
12986,125644,10,3,3,0,1,1,0,0,1000,3000,446.749,-15.582,15.12702,-9.278,504.154,176.350,504.154,425.315,146.786,424.796,504.154,103.919,436.755,15.13014,103.521,435.261,15.21908,0
13001,125654,10,3,3,0,1,1,0,0,1000,3000,448.895,-15.467,15.02459,-10.376,506.229,176.696,505.710,427.908,147.477,426.871,506.229,104.458,438.795,15.02771,103.971,436.760,15.12702,0
13001,125664,10,3,3,0,1,1,0,0,1000,3000,451.076,-15.157,14.91011,-11.597,507.785,177.388,507.266,429.983,147.823,428.946,507.785,105.176,440.819,14.91323,104.510,438.799,15.02459,0
13017,125674,10,3,3,0,1,1,0,0,1000,3000,453.177,-15.037,14.73282,-12.146,509.341,178.079,508.822,432.577,148.342,431.539,509.341,105.604,442.816,14.73594,105.228,440.824,14.91010,0
13032,125684,10,3,3,0,1,1,0,0,1000,3000,454.893,-14.962,14.61698,-11.811,510.897,178.771,510.378,434.651,149.379,433.614,510.897,105.965,444.453,14.62011,105.656,442.820,14.73282,0
13032,125694,10,3,3,0,1,1,0,0,1000,3000,456.844,-14.807,14.49936,-11.841,512.972,179.289,511.934,437.245,150.416,435.689,512.972,106.456,446.298,14.50248,106.016,444.457,14.61698,0
13048,125704,10,3,3,0,1,1,0,0,1000,3000,458.790,-14.647,14.37908,-11.872,514.528,179.635,513.490,439.319,151.281,438.282,514.528,106.943,448.139,14.38220,106.508,446.303,14.49936,0
13063,125714,10,3,3,0,1,1,0,0,1000,3000,460.736,-14.572,14.25886,-12.024,516.084,180.327,515.046,441.913,151.972,440.357,516.084,107.345,450.002,14.26198,106.995,448.144,14.37908,0
13063,125724,10,3,3,0,1,1,0,0,1000,3000,462.491,-14.417,14.14000,-12.207,517.640,180.672,516.602,443.987,152.318,442.950,517.640,107.775,451.661,14.14312,107.396,450.006,14.25886,0
13079,125734,10,3,3,0,1,1,0,0,1000,3000,464.438,-14.182,14.01792,-12.604,519.196,181.364,518.158,446.062,153.183,445.025,519.196,108.321,453.486,14.02104,107.826,451.666,14.14000,0
13095,125744,10,3,3,0,1,1,0,0,1000,3000,466.273,-13.987,13.89675,-12.177,520.752,181.883,520.233,448.656,153.874,447.100,520.752,108.800,455.215,13.89987,108.373,453.491,14.01792,0
13095,125754,10,3,3,0,1,1,0,0,1000,3000,468.299,-13.831,13.77496,-12.146,522.308,182.229,521.789,450.730,154.912,449.693,522.308,109.280,457.140,13.77808,108.851,455.220,13.89675,0
13110,125764,10,3,3,0,1,1,0,0,1000,3000,470.325,-13.752,13.65189,-12.177,523.864,182.920,523.345,453.324,155.776,451.768,523.864,109.682,459.083,13.65502,109.331,457.144,13.77496,0
13141,125774,10,3,3,0,1,1,0,0,1000,3000,472.231,-13.521,13.52574,-12.726,525.420,183.266,524.901,455.398,156.122,454.361,525.420,110.194,460.875,13.52886,109.733,459.087,13.65189,0
13141,125784,10,3,3,0,1,1,0,0,1000,3000,474.412,-13.361,13.40200,-12.543,526.976,183.957,526.457,457.992,156.813,456.436,526.976,110.700,462.952,13.40512,110.245,460.880,13.52574,0
13141,125794,10,3,3,0,1,1,0,0,1000,3000,476.247,-13.051,13.27981,-12.543,529.050,184.476,528.013,460.066,157.851,459.029,529.050,111.270,464.659,13.28293,110.751,462.957,13.40200,0
13141,125804,10,3,3,0,1,1,0,0,1000,3000,477.998,-12.856,13.15300,-12.635,530.607,185.168,529.569,462.660,159.061,461.622,530.607,111.700,466.311,13.15612,111.321,464.664,13.27981,0
13157,125814,10,3,3,0,1,1,0,0,1000,3000,479.754,-12.781,13.02403,-12.696,532.163,185.859,531.644,464.735,159.752,463.697,532.163,112.007,467.996,13.02715,111.750,466.316,13.15300,0
13173,125824,10,3,3,0,1,1,0,0,1000,3000,481.700,-12.621,12.89665,-12.726,533.719,186.205,533.200,467.328,160.098,466.291,533.719,112.437,469.848,12.89977,112.057,468.001,13.02403,0
13173,125834,10,3,3,0,1,1,0,0,1000,3000,483.646,-12.426,12.77570,-12.360,535.793,186.724,534.756,469.921,160.444,468.365,535.793,112.907,471.694,12.77882,112.488,469.853,12.89665,0
13189,125844,10,3,3,0,1,1,0,0,1000,3000,485.637,-12.351,12.66071,-11.780,537.349,187.415,536.312,471.996,161.654,470.959,537.349,113.273,473.611,12.66384,112.957,471.699,12.77570,0
13204,125854,10,3,3,0,1,1,0,0,1000,3000,487.703,-12.271,12.54802,-11.444,538.905,188.107,537.868,474.071,162.692,473.033,538.905,113.658,475.601,12.55114,113.323,473.616,12.66072,0
13204,125864,10,3,3,0,1,1,0,0,1000,3000,489.609,-12.271,12.43125,-11.689,540.461,188.798,539.943,476.664,163.556,475.627,540.461,113.923,477.454,12.43437,113.709,475.606,12.54802,0
13220,125874,10,3,3,0,1,1,0,0,1000,3000,491.595,-12.116,12.31135,-11.963,542.017,189.144,541.499,478.739,164.248,477.701,542.017,114.348,479.351,12.31447,113.973,477.459,12.43125,0
13235,125884,10,3,3,0,1,1,0,0,1000,3000,493.741,-12.040,12.19654,-11.689,544.092,189.663,543.055,481.332,164.939,479.776,544.092,114.731,481.422,12.19966,114.398,479.356,12.31135,0
13235,125894,10,3,3,0,1,1,0,0,1000,3000,495.806,-11.805,12.08307,-11.383,545.648,190.354,544.611,483.407,165.977,482.370,545.648,115.252,483.383,12.08619,114.781,481.427,12.19654,0
13251,125904,10,3,3,0,1,1,0,0,1000,3000,497.677,-11.686,11.96943,-11.078,547.204,190.700,546.686,485.482,166.495,484.444,547.204,115.615,485.178,11.97255,115.301,483.388,12.08307,0
13251,125914,10,3,3,0,1,1,0,0,1000,3000,499.623,-11.531,11.85930,-10.804,548.760,191.392,548.242,488.075,167.187,487.038,548.760,116.029,487.040,11.86242,115.664,485.183,11.96943,0
13267,125924,10,3,3,0,1,1,0,0,1000,3000,501.649,-11.415,11.75273,-10.590,550.316,191.910,549.798,490.668,167.878,489.112,550.316,116.421,488.990,11.75585,116.078,487.045,11.85929,0
13282,125934,10,3,3,0,1,1,0,0,1000,3000,503.595,-11.336,11.64742,-10.651,551.872,192.602,551.354,492.743,168.743,491.706,551.872,116.761,490.869,11.65054,116.471,488.995,11.75273,0
13282,125944,10,3,3,0,1,1,0,0,1000,3000,505.311,-11.180,11.53968,-10.926,553.947,192.948,553.428,495.336,169.434,494.299,553.947,117.121,492.508,11.54280,116.810,490.874,11.64742,0
13298,125954,10,3,3,0,1,1,0,0,1000,3000,507.262,-11.025,11.43103,-11.078,555.503,193.639,554.984,497.411,170.126,496.374,555.503,117.524,494.378,11.43415,117.170,492.513,11.53968,0
13329,125964,10,3,3,0,1,1,0,0,1000,3000,509.288,-10.945,11.31842,-11.383,557.578,194.331,556.540,500.005,170.818,498.449,557.578,117.859,496.337,11.32154,117.573,494.383,11.43103,0
13329,125974,10,3,3,0,1,1,0,0,1000,3000,511.274,-10.830,11.20794,-11.292,559.134,194.850,558.096,502.079,171.336,501.042,559.134,118.220,498.251,11.21106,117.908,496.342,11.31842,0
13329,125984,10,3,3,0,1,1,0,0,1000,3000,513.375,-10.750,11.09823,-11.231,560.690,195.195,559.652,504.673,172.374,503.117,560.690,118.566,500.285,11.10135,118.269,498.256,11.20794,0
13359,125994,10,3,3,0,1,1,0,0,1000,3000,515.325,-10.750,10.98941,-11.078,562.764,195.887,561.727,506.747,173.411,505.710,562.764,118.802,502.188,10.99253,118.615,500.291,11.09823,0
13359,126004,10,3,3,0,1,1,0,0,1000,3000,517.272,-10.675,10.87633,-11.322,564.321,196.579,563.283,509.341,174.275,507.785,564.321,119.102,504.072,10.87945,118.851,502.193,10.98941,0
13359,126014,10,3,3,0,1,1,0,0,1000,3000,519.027,-10.675,10.75656,-11.994,565.877,196.924,564.839,511.415,174.967,510.378,565.877,119.280,505.783,10.75968,119.151,504.077,10.87633,0
13391,126024,10,3,3,0,1,1,0,0,1000,3000,520.858,-10.520,10.63371,-12.299,567.433,197.443,566.395,514.009,175.313,512.453,567.433,119.617,507.539,10.63683,119.329,505.788,10.75656,0
13391,126034,10,3,3,0,1,1,0,0,1000,3000,522.999,-10.520,10.51536,-12.085,568.989,198.135,568.470,516.084,176.004,515.046,568.989,119.861,509.629,10.51848,119.666,507.544,10.63371,0
13391,126044,10,3,3,0,1,1,0,0,1000,3000,524.990,-10.440,10.40337,-11.292,570.545,198.826,570.026,518.677,177.215,517.121,570.545,120.159,511.559,10.40649,119.909,509.635,10.51536,0
13391,126054,10,3,3,0,1,1,0,0,1000,3000,526.896,-10.440,10.29417,-10.834,572.101,199.172,571.582,520.752,178.252,519.714,572.101,120.363,513.420,10.29729,120.207,511.564,10.40337,0
13422,126064,10,3,3,0,1,1,0,0,1000,3000,528.962,-10.440,10.18578,-10.773,573.657,199.691,573.138,522.826,179.116,521.789,573.657,120.594,515.440,10.18890,120.411,513.426,10.29417,0
13422,126074,10,3,3,0,1,1,0,0,1000,3000,530.873,-10.440,10.06941,-11.719,575.213,200.382,575.213,525.420,179.462,524.382,575.213,120.783,517.306,10.07253,120.641,515.445,10.18578,0
13422,126084,10,3,3,0,1,1,0,0,1000,3000,532.974,-10.365,9.94539,-12.513,577.287,200.728,576.769,527.494,179.808,526.457,577.287,121.065,519.346,9.94851,120.830,517.311,10.06941,0
13452,126094,10,3,3,0,1,1,0,0,1000,3000,535.040,-10.285,9.82126,-12.696,578.843,201.420,578.325,530.088,180.500,528.532,578.843,121.342,521.350,9.82438,121.113,519.351,9.94539,0
13452,126104,10,3,3,0,1,1,0,0,1000,3000,537.066,-10.205,9.70118,-12.146,580.400,202.111,579.881,532.163,181.537,531.125,580.400,121.612,523.317,9.70430,121.389,521.356,9.82126,0
13452,126114,10,3,3,0,1,1,0,0,1000,3000,539.016,-10.205,9.58171,-11.811,581.956,202.630,581.437,534.756,182.747,533.200,581.956,121.788,525.223,9.58483,121.660,523.323,9.70118,0
13467,126124,10,3,3,0,1,1,0,0,1000,3000,540.922,-10.130,9.46137,-11.811,583.512,202.976,582.993,536.831,183.439,535.793,583.512,122.026,527.074,9.46449,121.836,525.229,9.58171,0
13483,126134,10,3,3,0,1,1,0,0,1000,3000,542.913,-10.050,9.33921,-12.238,585.068,203.667,584.549,539.424,183.785,538.387,585.068,122.276,529.007,9.34233,122.073,527.079,9.46137,0
13483,126144,10,3,3,0,1,1,0,0,1000,3000,544.974,-10.050,9.21896,-12.391,586.624,204.013,586.105,542.017,184.649,540.461,586.624,122.456,531.023,9.22208,122.323,529.012,9.33921,0
13498,126154,10,3,3,0,1,1,0,0,1000,3000,546.965,-9.895,9.09710,-12.543,588.180,204.705,587.661,544.092,185.686,542.536,588.180,122.773,532.946,9.10022,122.504,531.029,9.21896,0
13514,126164,10,3,3,0,1,1,0,0,1000,3000,548.756,-9.819,8.97432,-12.299,589.736,205.223,589.217,546.686,186.724,545.129,589.736,122.974,534.684,8.97744,122.820,532.951,9.09710,0
13514,126174,10,3,3,0,1,1,0,0,1000,3000,550.782,-9.779,8.85109,-12.299,591.292,205.569,591.292,548.760,187.242,547.723,591.292,123.172,536.660,8.85421,123.021,534.689,8.97432,0
13530,126184,10,3,3,0,1,1,0,0,1000,3000,552.848,-9.779,8.73193,-11.933,593.366,206.261,592.848,551.354,188.280,549.798,593.366,123.337,538.682,8.73505,123.219,536.666,8.85109,0
13545,126194,10,3,3,0,1,1,0,0,1000,3000,555.108,-9.624,8.61566,-11.719,594.922,206.606,594.404,553.428,189.317,552.391,594.922,123.685,540.875,8.61878,123.384,538.688,8.73193,0
13545,126204,10,3,3,0,1,1,0,0,1000,3000,557.055,-9.465,8.49949,-11.750,596.478,207.298,595.960,555.503,189.836,554.466,596.478,123.986,542.757,8.50261,123.732,540.881,8.61566,0
13562,126214,10,3,3,0,1,1,0,0,1000,3000,558.846,-9.389,8.38496,-11.628,598.035,207.817,597.516,558.096,190.182,556.540,598.035,124.180,544.499,8.38808,124.033,542.763,8.49949,0
13562,126224,10,3,3,0,1,1,0,0,1000,3000,560.796,-9.274,8.27245,-11.444,599.591,208.162,599.072,560.171,191.219,558.615,599.591,124.435,546.393,8.27557,124.226,544.505,8.38496,0
13593,126234,10,3,3,0,1,1,0,0,1000,3000,562.742,-9.115,8.16287,-10.987,601.147,208.854,600.628,562.246,192.083,560.690,601.147,124.733,548.278,8.16599,124.481,546.399,8.27245,0
13593,126244,10,3,3,0,1,1,0,0,1000,3000,564.183,-8.959,8.05331,-10.895,602.703,209.200,602.184,564.839,193.121,563.283,602.703,124.952,549.663,8.05643,124.779,548.283,8.16287,0
13593,126254,10,3,3,0,1,1,0,0,1000,3000,566.289,-8.844,7.94481,-10.712,604.259,209.891,604.259,566.914,193.467,565.358,604.259,125.223,551.713,7.94793,124.998,549.669,8.05331,0
13623,126264,10,3,3,0,1,1,0,0,1000,3000,568.160,-8.649,7.83474,-10.926,606.333,210.410,605.815,568.989,194.158,567.433,606.333,125.534,553.520,7.83786,125.269,551.719,7.94481,0
13623,126274,10,3,3,0,1,1,0,0,1000,3000,570.146,-8.569,7.72825,-10.834,607.889,210.756,607.371,571.582,194.677,570.026,607.889,125.748,555.458,7.73137,125.580,553.526,7.83474,0
13623,126284,10,3,3,0,1,1,0,0,1000,3000,572.172,-8.494,7.56905,-10.620,609.445,211.447,608.927,573.657,195.714,572.101,609.445,125.893,557.426,7.57217,125.794,555.464,7.72825,0
13640,126294,10,3,3,0,1,1,0,0,1000,3000,574.002,-8.299,7.45782,-11.139,611.001,212.139,610.483,575.731,196.751,574.175,611.001,126.186,559.195,7.46094,125.938,557.432,7.56905,0
13654,126304,10,3,3,0,1,1,0,0,1000,3000,575.913,-8.144,7.33968,-11.872,612.557,212.485,612.039,578.325,197.270,576.769,612.557,126.437,561.048,7.34280,126.231,559.201,7.45782,0
13654,126314,10,3,3,0,1,1,0,0,1000,3000,577.744,-7.984,7.21638,-12.726,614.114,213.003,613.595,580.400,197.962,578.843,614.114,126.673,562.820,7.21950,126.483,561.054,7.33968,0
13670,126324,10,3,3,0,1,1,0,0,1000,3000,579.655,-7.829,7.08355,-13.337,615.670,213.349,615.151,582.474,198.653,581.437,615.670,126.898,564.671,7.08667,126.718,562.826,7.21638,0
13686,126334,10,3,3,0,1,1,0,0,1000,3000,581.561,-7.714,6.94473,-14.130,617.226,214.041,616.707,585.068,199.691,583.512,617.226,127.071,566.521,6.94785,126.943,564.677,7.08355,0
13686,126344,10,3,3,0,1,1,0,0,1000,3000,583.317,-7.558,6.80617,-14.008,618.782,214.732,618.263,587.142,200.555,587.142,618.782,127.261,568.218,6.80929,127.116,566.527,6.94473,0
13702,126354,10,3,3,0,1,1,0,0,1000,3000,585.187,-7.479,6.66328,-14.405,620.338,215.078,619.819,589.736,201.592,589.217,620.338,127.381,570.037,6.66640,127.306,568.224,6.80617,0
13702,126364,10,3,3,0,1,1,0,0,1000,3000,587.094,-7.324,6.51446,-15.046,621.894,215.597,621.375,591.810,202.284,590.254,621.894,127.567,571.882,6.51758,127.426,570.043,6.66328,0
13717,126374,10,3,3,0,1,1,0,0,1000,3000,588.924,-7.089,6.36643,-15.259,623.450,216.288,622.931,594.404,202.457,593.885,623.450,127.821,573.644,6.36955,127.612,571.888,6.51446,0
13734,126384,10,3,3,0,1,1,0,0,1000,3000,590.795,-6.933,6.22065,-14.832,625.006,216.634,624.487,596.478,203.494,595.960,625.006,127.998,575.456,6.22377,127.866,573.650,6.36643,0
13734,126394,10,3,3,0,1,1,0,0,1000,3000,593.836,-6.858,6.07690,-14.588,626.562,216.980,626.043,598.553,204.532,598.553,626.562,128.218,578.440,6.08002,128.042,575.462,6.22065,0
13765,126404,10,3,3,0,1,1,0,0,1000,3000,595.587,-6.623,5.93778,-13.855,628.118,217.671,627.599,601.147,205.050,600.628,628.118,128.461,580.126,5.94090,128.263,578.446,6.07690,0
13765,126414,10,3,3,0,1,1,0,0,1000,3000,597.498,-6.468,5.80415,-13.245,629.674,218.190,629.155,603.221,205.742,602.703,629.674,128.644,581.982,5.80727,128.506,580.133,5.93778,0
13765,126424,10,3,3,0,1,1,0,0,1000,3000,599.214,-6.313,5.67908,-12.604,631.230,218.536,630.192,605.296,206.779,605.296,631.230,128.814,583.645,5.68220,128.688,581.988,5.80415,0
13795,126434,10,3,3,0,1,1,0,0,1000,3000,601.240,-6.233,5.55823,-12.360,632.786,219.227,632.267,607.371,207.471,607.371,632.786,128.941,585.626,5.56135,128.858,583.651,5.67908,0
13795,126444,10,3,3,0,1,1,0,0,1000,3000,602.915,-6.078,5.43914,-11.902,634.342,219.573,633.305,609.964,207.989,609.445,634.342,129.107,587.251,5.44226,128.985,585.632,5.55823,0
13795,126454,10,3,3,0,1,1,0,0,1000,3000,604.786,-5.883,5.31989,-11.780,635.898,220.265,634.861,612.039,209.027,611.520,635.898,129.328,589.068,5.32301,129.151,587.258,5.43914,0
13811,126464,10,3,3,0,1,1,0,0,1000,3000,606.617,-5.728,5.20218,-11.689,637.454,220.438,636.417,614.114,209.718,614.114,637.454,129.503,590.849,5.20530,129.372,589.074,5.31989,0
13811,126474,10,3,3,0,1,1,0,0,1000,3000,608.523,-5.533,5.08521,-11.750,639.010,221.129,637.973,616.707,210.237,616.188,639.010,129.722,592.702,5.08833,129.547,590.855,5.20218,0
13827,126484,10,3,3,0,1,1,0,0,1000,3000,610.434,-5.377,4.97053,-11.292,640.566,221.475,639.529,618.782,210.929,618.263,640.566,129.901,594.564,4.97365,129.766,592.708,5.08521,0
13843,126494,10,3,3,0,1,1,0,0,1000,3000,612.575,-5.298,4.86268,-10.743,642.122,222.167,641.085,620.856,211.620,620.856,642.122,130.030,596.665,4.86580,129.945,594.571,4.97053,0
13843,126504,10,3,3,0,1,1,0,0,1000,3000,614.371,-5.182,4.76177,-10.041,643.678,222.858,642.641,623.450,212.658,622.931,643.678,130.170,598.419,4.76489,130.074,596.671,4.86268,0
13858,126514,10,3,3,0,1,1,0,0,1000,3000,616.241,-5.103,4.66463,-9.766,645.234,223.031,644.197,625.524,213.522,625.006,645.234,130.282,600.253,4.66775,130.213,598.426,4.76177,0
13874,126524,10,3,3,0,1,1,0,0,1000,3000,617.917,-4.832,4.56657,-9.613,646.790,223.723,645.753,627.599,214.214,627.080,646.790,130.564,601.877,4.56969,130.325,600.259,4.66463,0
13874,126534,10,3,3,0,1,1,0,0,1000,3000,619.903,-4.673,4.46759,-9.827,648.346,224.068,647.309,629.674,214.905,629.674,648.346,130.757,603.820,4.47071,130.608,601.884,4.56657,0
13905,126544,10,3,3,0,1,1,0,0,1000,3000,621.734,-4.517,4.36947,-9.796,649.902,224.760,649.384,631.749,215.424,631.749,649.902,130.930,605.608,4.37259,130.800,603.826,4.46759,0
13905,126554,10,3,3,0,1,1,0,0,1000,3000,623.410,-4.442,4.27355,-9.888,651.458,225.452,650.940,633.823,216.115,633.823,651.458,131.013,607.249,4.27667,130.973,605.614,4.36947,0
13905,126564,10,3,3,0,1,1,0,0,1000,3000,625.356,-4.362,4.17682,-9.888,653.533,225.970,652.496,635.898,216.807,635.898,653.533,131.115,609.159,4.17994,131.055,607.255,4.27355,0
13921,126574,10,3,3,0,1,1,0,0,1000,3000,627.111,-4.287,4.08050,-10.010,655.089,226.316,654.052,637.973,217.844,637.973,655.089,131.197,610.879,4.08362,131.158,609.165,4.17682,0
13936,126584,10,3,3,0,1,1,0,0,1000,3000,629.018,-4.207,3.98063,-10.163,656.645,227.008,655.608,640.047,218.363,640.047,656.645,131.287,612.749,3.98375,131.240,610.886,4.08050,0
13936,126594,10,3,3,0,1,1,0,0,1000,3000,630.888,-4.207,3.87508,-10.620,658.201,227.699,657.164,642.122,219.400,642.122,658.201,131.284,614.588,3.87820,131.329,612.755,3.98063,0
13952,126604,10,3,3,0,1,1,0,0,1000,3000,632.799,-4.052,3.76438,-11.231,659.757,228.045,658.720,644.197,219.746,644.715,659.757,131.428,616.454,3.76750,131.326,614.594,3.87508,0
13952,126614,10,3,3,0,1,1,0,0,1000,3000,634.710,-3.972,3.65448,-11.322,661.313,228.564,660.276,646.790,220.438,646.790,661.313,131.495,618.326,3.65760,131.471,616.460,3.76438,0
13983,126624,10,3,3,0,1,1,0,0,1000,3000,636.266,-3.897,3.54414,-11.383,662.869,228.909,661.832,648.865,220.956,648.865,662.869,131.531,619.844,3.54726,131.538,618.332,3.65448,0
13983,126634,10,3,3,0,1,1,0,0,1000,3000,637.786,-3.897,3.43618,-10.743,664.425,229.601,662.869,650.940,221.994,650.940,664.425,131.490,621.332,3.43930,131.574,619.851,3.54414,0
13983,126644,10,3,3,0,1,1,0,0,1000,3000,639.538,-3.817,3.33029,-10.529,665.463,229.947,664.425,653.014,222.685,653.533,665.463,131.542,623.047,3.33342,131.532,621.339,3.43618,0
13999,126654,10,3,3,0,1,1,0,0,1000,3000,641.293,-3.662,3.22272,-10.681,667.019,230.638,665.981,655.089,223.204,655.608,667.019,131.664,624.760,3.22584,131.584,623.053,3.33029,0
14029,126664,10,3,3,0,1,1,0,0,1000,3000,642.969,-3.622,3.10723,-11.628,668.575,231.157,667.537,657.164,223.896,657.682,668.575,131.653,626.399,3.11035,131.706,624.767,3.22272,0
14029,126674,10,3,3,0,1,1,0,0,1000,3000,644.800,-3.547,2.99093,-11.811,670.131,231.503,669.093,659.757,224.587,659.757,670.131,131.682,628.190,2.99405,131.695,626.405,3.10723,0
14029,126684,10,3,3,0,1,1,0,0,1000,3000,646.746,-3.467,2.87433,-11.811,672.205,232.194,670.649,661.832,225.279,661.832,672.205,131.717,630.096,2.87745,131.724,628.196,2.99093,0
14046,126694,10,3,3,0,1,1,0,0,1000,3000,648.812,-3.467,2.75891,-11.689,673.761,232.540,672.205,663.906,226.143,664.425,673.761,131.676,632.126,2.76203,131.759,630.103,2.87433,0
14046,126704,10,3,3,0,1,1,0,0,1000,3000,650.878,-3.387,2.64142,-11.780,675.317,233.232,674.280,665.981,227.181,666.500,675.317,131.707,634.152,2.64454,131.717,632.133,2.75891,0
14062,126714,10,3,3,0,1,1,0,0,1000,3000,652.708,-3.387,2.52313,-11.780,676.873,233.750,675.836,668.575,227.872,668.575,676.873,131.644,635.946,2.52625,131.749,634.158,2.64142,0
14062,126724,10,3,3,0,1,1,0,0,1000,3000,654.814,-3.272,2.40596,-11.841,678.429,234.096,677.392,670.649,228.391,670.649,678.429,131.705,638.010,2.40908,131.685,635.952,2.52313,0
14093,126734,10,3,3,0,1,1,0,0,1000,3000,656.760,-3.192,2.28774,-11.872,679.985,234.788,678.948,673.243,229.082,673.243,679.985,131.718,639.916,2.29086,131.746,638.017,2.40596,0
14093,126744,10,3,3,0,1,1,0,0,1000,3000,658.631,-3.116,2.17498,-11.322,681.542,235.479,680.504,675.317,229.774,675.317,681.542,131.727,641.749,2.17810,131.760,639.923,2.28774,0
14093,126754,10,3,3,0,1,1,0,0,1000,3000,660.307,-3.037,2.06527,-10.895,683.098,235.825,682.060,676.355,230.811,677.911,683.098,131.734,643.387,2.06839,131.768,641.755,2.17498,0
14109,126764,10,3,3,0,1,1,0,0,1000,3000,662.217,-3.037,1.95211,-11.261,684.654,236.344,683.616,679.985,231.676,679.985,684.654,131.661,645.262,1.95523,131.775,643.393,2.06527,0
14139,126774,10,3,3,0,1,1,0,0,1000,3000,664.008,-2.882,1.83406,-11.658,686.210,236.690,685.172,681.023,232.367,682.060,686.210,131.730,647.010,1.83718,131.702,645.268,1.95211,0
14139,126784,10,3,3,0,1,1,0,0,1000,3000,665.955,-2.806,1.71441,-12.024,687.766,237.381,686.728,683.098,233.059,684.654,687.766,131.718,648.916,1.71753,131.771,647.017,1.83406,0
14139,126794,10,3,3,0,1,1,0,0,1000,3000,667.670,-2.726,1.60015,-11.292,689.322,238.073,688.284,685.172,233.405,686.728,689.322,131.707,650.593,1.60327,131.759,648.922,1.71441,0
14170,126804,10,3,3,0,1,1,0,0,1000,3000,669.776,-2.726,1.49322,-10.804,691.396,238.591,689.840,687.766,233.923,688.803,691.396,131.633,652.664,1.49634,131.748,650.599,1.60015,0
14170,126814,10,3,3,0,1,1,0,0,1000,3000,671.842,-2.726,1.39618,-9.796,692.952,238.937,691.396,689.840,234.961,690.878,692.952,131.565,654.698,1.39930,131.673,652.670,1.49322,0
14170,126824,10,3,3,0,1,1,0,0,1000,3000,673.828,-2.726,1.30124,-9.583,694.508,239.629,692.952,691.915,235.998,693.471,694.508,131.496,656.653,1.30436,131.606,654.705,1.39618,0
14185,126834,10,3,3,0,1,1,0,0,1000,3000,675.739,-2.647,1.20210,-9.857,696.064,240.320,694.508,694.508,236.862,695.546,696.064,131.495,658.530,1.20522,131.536,656.660,1.30124,0
14185,126844,10,3,3,0,1,1,0,0,1000,3000,677.530,-2.531,1.09665,-10.498,698.139,241.012,696.583,698.139,237.900,698.139,698.139,131.517,660.284,1.09977,131.535,658.536,1.20210,0
14200,126854,10,3,3,0,1,1,0,0,1000,3000,679.360,-2.531,0.98386,-11.383,699.695,241.531,698.139,700.214,238.246,700.733,700.733,131.412,662.078,0.98698,131.557,660.290,1.09665,0
14216,126864,10,3,3,0,1,1,0,0,1000,3000,681.307,-2.452,0.86562,-11.933,701.251,241.876,699.695,702.807,238.764,702.807,702.807,131.378,663.983,0.86874,131.452,662.084,0.98386,0
14216,126874,10,3,3,0,1,1,0,0,1000,3000,683.177,-2.452,0.74600,-12.452,702.807,242.568,701.251,705.401,239.456,704.882,705.401,131.258,665.814,0.74912,131.418,663.990,0.86562,0
14231,126884,10,3,3,0,1,0,0,3,0,0,685.128,-2.452,0.62535,-12.177,704.363,243.259,703.326,707.475,240.493,706.957,707.475,131.133,667.724,0.62847,131.298,665.821,0.74600,0
14231,126894,10,3,3,0,1,0,0,3,0,0,687.074,-2.376,0.44538,-12.055,705.919,243.605,704.882,708.513,241.703,709.550,709.550,131.007,669.609,0.44850,131.173,667.731,0.62535,0
14246,126904,10,3,3,0,1,0,0,3,0,0,688.905,-2.376,0.33120,-11.628,706.957,243.778,705.919,710.587,241.703,710.587,710.587,130.879,671.401,0.33432,131.046,669.615,0.44538,0
14262,126914,10,3,3,0,1,0,0,3,0,0,690.856,-2.376,0.21201,-12.940,707.994,243.778,706.957,711.106,241.703,711.625,711.625,130.743,673.311,0.21513,130.919,671.407,0.33120,0
14262,126924,10,3,3,0,1,0,0,3,0,0,692.296,-2.376,0.07985,-13.581,709.031,243.778,707.994,711.106,241.703,711.625,711.625,130.585,674.706,0.08297,130.782,673.317,0.21201,0
14278,126934,10,3,3,0,1,0,0,3,0,0,693.777,-2.221,-0.05319,-13.581,710.069,243.778,709.031,711.106,241.703,712.143,712.143,130.578,676.140,-0.05007,130.624,674.712,0.07985,0
14294,126944,10,3,3,0,1,0,0,3,0,0,695.138,-2.026,-0.17806,-12.482,711.106,243.778,710.069,711.625,241.703,712.143,712.143,130.618,677.457,-0.17494,130.617,676.146,-0.05319,0
14294,126954,10,3,3,0,1,0,0,3,0,0,696.348,-1.871,-0.29307,-11.475,712.143,243.778,711.106,711.625,241.703,712.143,712.143,130.628,678.628,-0.28995,130.657,677.464,-0.17806,0
14310,126964,10,3,3,0,1,0,0,3,0,0,697.399,-1.791,-0.38022,-8.057,712.662,243.778,711.625,712.662,241.703,712.662,712.662,130.595,679.648,-0.37710,130.667,678.634,-0.29307,0
14325,126974,10,3,3,0,1,0,0,3,0,0,698.179,-1.711,-0.42572,-3.906,713.699,243.778,712.662,713.699,241.703,713.699,713.699,130.614,680.412,-0.42260,130.634,679.654,-0.38022,0
14325,126984,10,3,3,0,1,0,0,3,0,0,698.724,-1.636,-0.44242,-1.709,714.218,243.778,713.181,714.737,241.703,714.218,714.737,130.665,680.952,-0.43930,130.653,680.418,-0.42572,0
14341,126994,10,3,3,0,1,0,0,3,0,0,699.230,-1.556,-0.44122,0.305,714.737,243.778,713.699,714.737,241.703,715.256,715.256,130.742,681.458,-0.43810,130.704,680.958,-0.44242,0
14357,127004,10,3,3,0,1,0,0,3,0,0,699.580,-1.556,-0.43091,0.610,714.737,243.778,714.218,715.256,241.703,715.256,715.256,130.752,681.812,-0.42779,130.781,681.465,-0.44122,0
14357,127014,10,3,3,0,1,0,0,3,0,0,699.895,-1.556,-0.41949,0.671,715.256,243.778,714.218,715.774,241.703,715.774,715.774,130.764,682.131,-0.41637,130.791,681.818,-0.43091,0
14372,127024,10,3,3,0,1,0,0,3,0,0,700.090,-1.556,-0.40799,0.916,715.774,243.778,714.737,715.774,241.703,715.774,715.774,130.777,682.330,-0.40487,130.803,682.137,-0.41949,0
14372,127034,10,3,3,0,1,0,0,3,0,0,700.165,-1.556,-0.38881,1.801,715.774,243.778,714.737,715.774,241.703,715.774,715.774,130.799,682.412,-0.38569,130.815,682.336,-0.40799,0
14388,127044,10,3,3,0,1,0,0,3,0,0,700.165,-1.596,-0.36654,1.984,715.774,243.778,714.737,715.774,241.703,715.774,715.774,130.787,682.420,-0.36342,130.838,682.419,-0.38881,0
14403,127054,10,3,3,0,1,0,0,3,0,0,700.165,-1.481,-0.34827,1.587,715.774,243.778,714.737,715.774,241.703,715.774,715.774,130.924,682.427,-0.34515,130.825,682.426,-0.36654,0
14403,127064,10,3,3,0,1,0,0,3,0,0,700.165,-1.556,-0.33417,1.526,715.774,243.778,714.737,715.774,241.703,715.774,715.774,130.866,682.432,-0.33105,130.963,682.434,-0.34827,0
14419,127074,10,3,3,0,1,0,0,3,0,0,700.165,-1.481,-0.32645,0.702,715.774,243.778,714.737,715.774,241.703,715.774,715.774,130.951,682.435,-0.32333,130.905,682.438,-0.33417,0
14436,127084,10,3,3,0,1,0,0,3,0,0,700.165,-1.556,-0.33002,-0.458,715.774,243.778,714.737,715.774,241.703,715.774,715.774,130.871,682.433,-0.32690,130.990,682.441,-0.32645,0
14436,127094,10,3,3,0,1,0,0,3,0,0,700.165,-1.556,-0.33514,-0.275,715.774,243.778,714.737,715.774,241.703,715.774,715.774,130.865,682.432,-0.33202,130.910,682.440,-0.33002,0
14451,127104,10,3,3,0,1,0,0,3,0,0,700.165,-1.441,-0.33738,-0.000,715.774,243.778,714.737,715.774,241.703,715.774,715.774,130.977,682.432,-0.33426,130.904,682.438,-0.33514,0
14451,127114,10,3,3,0,1,0,0,3,0,0,700.165,-1.516,-0.33443,0.641,715.774,243.778,714.737,715.774,241.703,715.774,715.774,130.906,682.432,-0.33131,131.016,682.438,-0.33738,0
14482,127124,10,3,3,0,1,0,0,3,0,0,700.165,-1.441,-0.33078,0.641,715.774,243.778,714.737,715.774,241.703,715.774,715.774,130.985,682.434,-0.32766,130.944,682.438,-0.33443,0
14482,127134,10,3,3,0,1,0,0,3,0,0,700.165,-1.516,-0.32408,1.007,715.774,243.778,714.737,715.774,241.703,715.774,715.774,130.918,682.436,-0.32096,131.024,682.440,-0.33078,0
14482,127144,10,3,3,0,1,0,0,3,0,0,700.165,-1.441,-0.31715,0.885,715.774,243.778,714.737,715.774,241.703,715.774,715.774,131.002,682.439,-0.31403,130.957,682.442,-0.32408,0
14498,127154,10,3,3,0,1,0,0,3,0,0,700.090,-1.556,-0.31281,0.580,715.774,243.778,714.737,715.774,241.703,715.256,716.293,130.892,682.364,-0.30969,131.041,682.445,-0.31715,0
14514,127164,10,3,3,0,1,0,0,3,0,0,699.970,-1.441,-0.31129,0.366,715.774,243.778,714.737,715.774,241.703,715.256,716.293,131.010,682.246,-0.30817,130.931,682.370,-0.31281,0
14514,127174,10,3,3,0,1,0,0,3,0,0,699.855,-1.441,-0.31069,0.275,715.774,243.778,714.737,715.774,241.703,715.256,716.293,131.012,682.131,-0.30757,131.049,682.252,-0.31129,0
14529,127184,10,3,3,0,1,0,0,3,0,0,699.775,-1.441,-0.31318,-0.000,715.774,243.778,714.737,715.774,241.703,715.256,716.293,131.009,682.050,-0.31006,131.050,682.137,-0.31069,0
14545,127194,10,3,3,0,1,0,0,3,0,0,699.775,-1.516,-0.31526,-0.000,715.774,243.778,714.737,715.774,241.703,715.256,716.293,130.931,682.049,-0.31214,131.048,682.056,-0.31318,0
14545,127204,10,3,3,0,1,0,0,3,0,0,699.620,-1.516,-0.32007,-0.275,715.774,243.778,714.737,715.774,241.703,715.256,716.293,130.926,681.892,-0.31695,130.970,682.055,-0.31526,0
14561,127214,10,3,3,0,1,0,0,3,0,0,699.620,-1.516,-0.32368,-0.000,715.774,243.778,714.737,715.774,241.703,715.256,716.293,130.922,681.891,-0.32056,130.965,681.898,-0.32007,0
14576,127224,10,3,3,0,1,0,0,3,0,0,699.544,-1.516,-0.32592,-0.000,715.774,243.778,714.737,715.774,241.703,715.256,716.293,130.919,681.815,-0.32280,130.961,681.897,-0.32368,0
14576,127234,10,3,3,0,1,0,0,3,0,0,699.544,-1.516,-0.32816,-0.000,715.774,243.778,714.737,715.774,241.703,715.256,716.293,130.917,681.814,-0.32504,130.958,681.821,-0.32592,0
14592,127244,10,3,3,0,1,0,0,3,0,0,699.544,-1.516,-0.32701,0.336,715.774,243.778,714.737,715.774,241.703,715.256,716.293,130.918,681.814,-0.32389,130.956,681.820,-0.32816,0
14592,127254,10,3,3,0,1,0,0,3,0,0,699.544,-1.441,-0.32781,-0.000,715.774,243.778,714.737,715.774,241.703,715.256,716.293,130.992,681.814,-0.32469,130.957,681.820,-0.32701,0
14607,127264,10,3,3,0,1,0,0,3,0,0,699.544,-1.441,-0.32977,-0.000,715.774,243.778,714.737,715.774,241.703,715.256,716.293,130.990,681.814,-0.32665,131.031,681.820,-0.32781,0
14622,127274,10,3,3,0,1,0,0,3,0,0,699.465,-1.516,-0.33167,-0.244,715.774,243.778,714.737,715.774,241.703,715.256,716.293,130.913,681.733,-0.32855,131.029,681.820,-0.32977,0
14622,127284,10,3,3,0,1,0,0,3,0,0,699.465,-1.516,-0.33402,-0.305,715.774,243.778,714.737,715.774,241.703,715.256,716.293,130.910,681.732,-0.33090,130.952,681.739,-0.33167,0
14638,127294,10,3,3,0,1,0,0,3,0,0,699.465,-1.441,-0.33553,-0.305,715.774,243.778,714.737,715.774,241.703,715.256,716.293,130.983,681.732,-0.33241,130.949,681.738,-0.33402,0
14653,127304,10,3,3,0,1,0,0,3,0,0,699.544,-1.516,-0.33618,-0.244,715.774,243.778,714.737,715.774,241.703,715.256,716.293,130.907,681.811,-0.33306,131.022,681.738,-0.33553,0
14653,127314,10,3,3,0,1,0,0,3,0,0,699.465,-1.516,-0.33419,-0.000,715.774,243.778,714.737,715.774,241.703,715.256,716.293,130.910,681.732,-0.33107,130.946,681.817,-0.33618,0
14669,127324,10,3,3,0,1,0,0,3,0,0,699.465,-1.441,-0.33253,-0.000,715.774,243.778,714.737,715.774,241.703,715.256,716.293,130.987,681.733,-0.32941,130.949,681.738,-0.33419,0
14685,127334,10,3,3,0,1,0,0,3,0,0,699.465,-1.441,-0.33062,-0.000,715.774,243.778,714.737,715.774,241.703,715.256,716.293,130.989,681.733,-0.32750,131.026,681.739,-0.33253,0
14685,127344,10,3,3,0,1,0,0,3,0,0,699.544,-1.516,-0.32928,-0.000,715.774,243.778,714.737,715.774,241.703,715.256,716.293,130.915,681.813,-0.32616,131.028,681.740,-0.33062,0
14700,127354,10,3,3,0,1,0,0,3,0,0,699.544,-1.516,-0.32751,-0.000,715.774,243.778,714.737,715.774,241.703,715.256,716.293,130.917,681.814,-0.32439,130.954,681.819,-0.32928,0
14716,127364,10,3,3,0,1,0,0,3,0,0,699.465,-1.516,-0.32644,-0.000,715.774,243.778,714.737,715.774,241.703,715.256,716.293,130.919,681.735,-0.32332,130.956,681.820,-0.32751,0
14716,127374,10,3,3,0,1,0,0,3,0,0,699.465,-1.516,-0.32655,-0.000,715.774,243.778,714.737,715.774,241.703,715.256,716.293,130.919,681.735,-0.32343,130.958,681.741,-0.32644,0
14731,127384,10,3,3,0,1,0,0,3,0,0,699.465,-1.441,-0.32750,-0.000,715.774,243.778,714.737,715.774,241.703,715.256,716.293,130.993,681.735,-0.32438,130.958,681.741,-0.32655,0
14731,127394,10,3,3,0,1,0,0,3,0,0,699.465,-1.441,-0.32866,-0.000,715.774,243.778,714.737,715.774,241.703,715.256,716.293,130.992,681.734,-0.32554,131.032,681.741,-0.32750,0
14747,127404,10,3,3,0,1,0,0,3,0,0,699.465,-1.516,-0.33013,-0.000,715.774,243.778,714.737,715.774,241.703,715.256,716.293,130.915,681.733,-0.32701,131.031,681.740,-0.32866,0
14763,127414,10,3,3,0,1,0,0,3,0,0,699.465,-1.516,-0.33166,-0.000,715.774,243.778,714.737,715.774,241.703,715.256,716.293,130.913,681.733,-0.32854,130.954,681.739,-0.33013,0
14763,127424,10,3,3,0,1,0,0,3,0,0,699.544,-1.441,-0.33301,-0.000,715.774,243.778,714.737,715.774,241.703,715.256,716.293,130.986,681.812,-0.32989,130.952,681.739,-0.33166,0
14779,127434,10,3,3,0,1,0,0,3,0,0,699.465,-1.441,-0.33367,-0.000,715.774,243.778,714.737,715.774,241.703,715.256,716.293,130.986,681.732,-0.33055,131.025,681.819,-0.33301,0
14795,127444,10,3,3,0,1,0,0,3,0,0,699.544,-1.441,-0.33415,-0.000,715.774,243.778,714.737,715.774,241.703,715.256,716.293,130.985,681.812,-0.33102,131.025,681.739,-0.33367,0
14795,127454,10,3,3,0,1,0,0,3,0,0,699.465,-1.516,-0.33437,-0.000,715.774,243.778,714.737,715.774,241.703,715.256,716.293,130.909,681.732,-0.33125,131.024,681.818,-0.33415,0
14810,127464,10,3,3,0,1,0,0,3,0,0,699.465,-1.441,-0.33413,-0.000,715.774,243.778,714.737,715.774,241.703,715.256,716.293,130.985,681.732,-0.33101,130.948,681.738,-0.33437,0
14826,127474,10,3,3,0,1,0,0,3,0,0,699.544,-1.441,-0.33392,-0.000,715.774,243.778,714.737,715.774,241.703,715.256,716.293,130.985,681.812,-0.33080,131.024,681.738,-0.33413,0
14826,127484,10,3,3,0,1,0,0,3,0,0,699.465,-1.516,-0.33362,-0.000,715.774,243.778,714.737,715.774,241.703,715.256,716.293,130.910,681.732,-0.33050,131.024,681.818,-0.33392,0
14842,127494,10,3,3,0,1,0,0,3,0,0,699.544,-1.441,-0.33309,-0.000,715.774,243.778,714.737,715.774,241.703,715.256,716.293,130.986,681.812,-0.32997,130.949,681.738,-0.33362,0
14842,127504,10,3,3,0,1,0,0,3,0,0,699.465,-1.441,-0.33265,-0.000,715.774,243.778,714.737,715.774,241.703,715.256,716.293,130.987,681.733,-0.32953,131.025,681.819,-0.33309,0
14857,127514,10,3,3,0,1,0,0,3,0,0,699.544,-1.516,-0.33198,-0.000,715.774,243.778,714.737,715.774,241.703,715.256,716.293,130.912,681.812,-0.32886,131.026,681.739,-0.33265,0
14873,127524,10,3,3,0,1,0,0,3,0,0,699.544,-1.441,-0.33128,-0.000,715.774,243.778,714.737,715.774,241.703,715.256,716.293,130.988,681.813,-0.32816,130.951,681.819,-0.33198,0
14873,127534,10,3,3,0,1,0,0,3,0,0,699.465,-1.516,-0.33086,-0.000,715.774,243.778,714.737,715.774,241.703,715.256,716.293,130.914,681.733,-0.32774,131.027,681.819,-0.33128,0
14889,127544,10,3,3,0,1,0,0,3,0,0,699.465,-1.441,-0.33122,-0.000,715.774,243.778,714.737,715.774,241.703,715.256,716.293,130.989,681.733,-0.32810,130.953,681.739,-0.33086,0
14904,127554,10,3,3,0,1,0,0,3,0,0,699.465,-1.516,-0.33183,-0.000,715.774,243.778,714.737,715.774,241.703,715.256,716.293,130.913,681.733,-0.32871,131.028,681.739,-0.33122,0
14904,127564,10,3,3,0,1,0,0,3,0,0,699.465,-1.516,-0.33218,-0.000,715.774,243.778,714.737,715.774,241.703,715.256,716.293,130.912,681.732,-0.32906,130.952,681.739,-0.33183,0
14919,127574,10,3,3,0,1,0,0,3,0,0,699.465,-1.516,-0.33264,-0.000,715.774,243.778,714.737,715.774,241.703,715.256,716.293,130.912,681.732,-0.32952,130.951,681.739,-0.33218,0
14934,127584,10,3,3,0,1,0,0,3,0,0,699.465,-1.441,-0.33300,-0.000,715.774,243.778,714.737,715.774,241.703,715.256,716.293,130.987,681.733,-0.32988,130.951,681.739,-0.33264,0
14934,127594,10,3,3,0,1,0,0,3,0,0,699.465,-1.441,-0.33300,-0.000,715.774,243.778,714.737,715.774,241.703,715.256,716.293,130.987,681.733,-0.32988,131.025,681.739,-0.33300,0
14950,127604,10,3,3,0,1,0,0,3,0,0,699.465,-1.441,-0.33322,-0.000,715.774,243.778,714.737,715.774,241.703,715.256,716.293,130.986,681.733,-0.33010,131.025,681.739,-0.33300,0
14965,127614,10,3,3,0,1,0,0,3,0,0,699.465,-1.441,-0.33330,-0.000,715.774,243.778,714.737,715.774,241.703,715.256,716.293,130.986,681.733,-0.33018,131.025,681.739,-0.33322,0
14965,127624,10,3,3,0,1,0,0,3,0,0,699.544,-1.441,-0.33302,-0.000,715.774,243.778,714.737,715.774,241.703,715.256,716.293,130.986,681.812,-0.32990,131.025,681.739,-0.33330,0
14981,127634,10,3,3,0,1,0,0,3,0,0,699.465,-1.516,-0.33265,-0.000,715.774,243.778,714.737,715.774,241.703,715.256,716.293,130.912,681.732,-0.32953,131.025,681.819,-0.33302,0
14981,127644,10,3,3,0,1,0,0,3,0,0,699.465,-1.441,-0.33248,-0.000,715.774,243.778,714.737,715.774,241.703,715.256,716.293,130.987,681.733,-0.32936,130.951,681.738,-0.33265,0
14997,127654,10,3,3,0,1,0,0,3,0,0,699.465,-1.441,-0.33242,-0.000,715.774,243.778,714.737,715.774,241.703,715.256,716.293,130.987,681.733,-0.32930,131.026,681.739,-0.33248,0
15012,127664,10,3,3,0,1,0,0,3,0,0,699.465,-1.516,-0.33198,-0.000,715.774,243.778,714.737,715.774,241.703,715.256,716.293,130.912,681.733,-0.32885,131.026,681.739,-0.33242,0
15012,127674,10,3,3,0,1,0,0,3,0,0,699.465,-1.516,-0.33162,-0.000,715.774,243.778,714.737,715.774,241.703,715.256,716.293,130.913,681.733,-0.32850,130.951,681.739,-0.33198,0
15028,127684,10,3,3,0,1,0,0,3,0,0,699.465,-1.441,-0.33165,-0.000,715.774,243.778,714.737,715.774,241.703,715.256,716.293,130.988,681.733,-0.32853,130.952,681.739,-0.33162,0
15044,127694,10,3,3,0,1,0,0,3,0,0,699.465,-1.516,-0.33169,-0.000,715.774,243.778,714.737,715.774,241.703,715.256,716.293,130.913,681.733,-0.32857,131.027,681.739,-0.33165,0
15044,127704,10,3,3,0,1,0,0,3,0,0,699.465,-1.516,-0.33175,-0.000,715.774,243.778,714.737,715.774,241.703,715.256,716.293,130.913,681.733,-0.32863,130.952,681.739,-0.33169,0
15060,127714,10,3,3,0,1,0,0,3,0,0,699.465,-1.441,-0.33209,-0.000,715.774,243.778,714.737,715.774,241.703,715.256,716.293,130.988,681.733,-0.32897,130.952,681.739,-0.33175,0
15076,127724,10,3,3,0,1,0,0,3,0,0,699.465,-1.516,-0.33247,-0.000,715.774,243.778,714.737,715.774,241.703,715.256,716.293,130.912,681.732,-0.32935,131.027,681.739,-0.33209,0
15076,127734,10,3,3,0,1,0,0,3,0,0,699.465,-1.441,-0.33277,-0.000,715.774,243.778,714.737,715.774,241.703,715.256,716.293,130.987,681.733,-0.32965,130.951,681.739,-0.33247,0
15090,127744,10,3,3,0,1,0,0,3,0,0,699.544,-1.441,-0.33303,-0.000,715.774,243.778,714.737,715.774,241.703,715.256,716.293,130.986,681.812,-0.32991,131.026,681.739,-0.33277,0
15105,127754,10,3,3,0,1,0,0,3,0,0,699.544,-1.516,-0.33319,-0.000,715.774,243.778,714.737,715.774,241.703,715.256,716.293,130.910,681.812,-0.33007,131.025,681.819,-0.33303,0
15105,127764,10,3,3,0,1,0,0,3,0,0,699.465,-1.441,-0.33300,-0.000,715.774,243.778,714.737,715.774,241.703,715.256,716.293,130.987,681.733,-0.32988,130.949,681.818,-0.33319,0
15122,127774,10,3,3,0,1,0,0,3,0,0,699.465,-1.516,-0.33279,-0.000,715.774,243.778,714.737,715.774,241.703,715.256,716.293,130.911,681.732,-0.32967,131.025,681.739,-0.33300,0
15122,127784,10,3,3,0,1,0,0,3,0,0,699.465,-1.516,-0.33257,-0.000,715.774,243.778,714.737,715.774,241.703,715.256,716.293,130.912,681.732,-0.32945,130.950,681.738,-0.33279,0
15137,127794,10,3,3,0,1,0,0,3,0,0,699.465,-1.441,-0.33237,-0.000,715.774,243.778,714.737,715.774,241.703,715.256,716.293,130.987,681.733,-0.32925,130.951,681.739,-0.33257,0
15152,127804,10,3,3,0,1,0,0,3,0,0,699.465,-1.441,-0.33203,-0.000,715.774,243.778,714.737,715.774,241.703,715.256,716.293,130.988,681.733,-0.32891,131.026,681.739,-0.33237,0
15152,127814,10,3,3,0,1,0,0,3,0,0,699.544,-1.441,-0.33202,-0.000,715.774,243.778,714.737,715.774,241.703,715.256,716.293,130.987,681.813,-0.32890,131.027,681.739,-0.33203,0
15168,127824,10,3,3,0,1,0,0,3,0,0,699.465,-1.516,-0.33215,-0.000,715.774,243.778,714.737,715.774,241.703,715.256,716.293,130.912,681.733,-0.32903,131.026,681.819,-0.33202,0
15184,127834,10,3,3,0,1,0,0,3,0,0,699.544,-1.441,-0.33213,-0.000,715.774,243.778,714.737,715.774,241.703,715.256,716.293,130.987,681.813,-0.32901,130.951,681.739,-0.33215,0
15184,127844,10,3,3,0,1,0,0,3,0,0,699.465,-1.441,-0.33217,-0.000,715.774,243.778,714.737,715.774,241.703,715.256,716.293,130.988,681.733,-0.32905,131.026,681.819,-0.33213,0
15199,127854,10,3,3,0,1,0,0,3,0,0,699.544,-1.516,-0.33229,-0.000,715.774,243.778,714.737,715.774,241.703,715.256,716.293,130.912,681.812,-0.32917,131.026,681.739,-0.33217,0
15215,127864,10,3,3,0,1,0,0,3,0,0,699.544,-1.516,-0.33228,-0.000,715.774,243.778,714.737,715.774,241.703,715.256,716.293,130.912,681.812,-0.32916,130.950,681.818,-0.33229,0
15215,127874,10,3,3,0,1,0,0,3,0,0,699.465,-1.441,-0.33255,-0.000,715.774,243.778,714.737,715.774,241.703,715.256,716.293,130.987,681.733,-0.32943,130.950,681.818,-0.33228,0
15231,127884,10,3,3,0,1,0,0,3,0,0,699.465,-1.441,-0.33290,-0.000,715.774,243.778,714.737,715.774,241.703,715.256,716.293,130.987,681.733,-0.32978,131.026,681.739,-0.33255,0
15246,127894,10,3,3,0,1,0,0,3,0,0,699.465,-1.516,-0.33289,-0.000,715.774,243.778,714.737,715.774,241.703,715.256,716.293,130.911,681.732,-0.32977,131.026,681.739,-0.33290,0
15246,127904,10,3,3,0,1,0,0,3,0,0,699.465,-1.516,-0.33264,-0.000,715.774,243.778,714.737,715.774,241.703,715.256,716.293,130.912,681.732,-0.32951,130.950,681.738,-0.33289,0
15261,127914,10,3,3,0,1,0,0,3,0,0,699.544,-1.441,-0.33275,-0.000,715.774,243.778,714.737,715.774,241.703,715.256,716.293,130.986,681.813,-0.32963,130.951,681.738,-0.33264,0
15261,127924,10,3,3,0,1,0,0,3,0,0,699.465,-1.516,-0.33296,-0.000,715.774,243.778,714.737,715.774,241.703,715.256,716.293,130.911,681.732,-0.32984,131.025,681.819,-0.33275,0
15277,127934,10,3,3,0,1,0,0,3,0,0,699.465,-1.441,-0.33291,-0.000,715.774,243.778,714.737,715.774,241.703,715.256,716.293,130.987,681.733,-0.32979,130.950,681.738,-0.33296,0
15292,127944,10,3,3,0,1,0,0,3,0,0,699.465,-1.516,-0.33269,-0.000,715.774,243.778,714.737,715.774,241.703,715.256,716.293,130.912,681.732,-0.32957,131.026,681.739,-0.33291,0
15292,127954,10,3,3,0,1,0,0,3,0,0,699.465,-1.441,-0.33262,-0.000,715.774,243.778,714.737,715.774,241.703,715.256,716.293,130.987,681.733,-0.32950,130.950,681.738,-0.33269,0
15309,127964,10,3,3,0,1,0,0,3,0,0,699.465,-1.441,-0.33250,-0.000,715.774,243.778,714.737,715.774,241.703,715.256,716.293,130.987,681.733,-0.32938,131.026,681.739,-0.33262,0
15324,127974,10,3,3,0,1,0,0,3,0,0,699.544,-1.516,-0.33233,-0.000,715.774,243.778,714.737,715.774,241.703,715.256,716.293,130.912,681.812,-0.32921,131.026,681.739,-0.33250,0
15324,127984,10,3,3,0,1,0,0,3,0,0,699.465,-1.441,-0.33227,-0.000,715.774,243.778,714.737,715.774,241.703,715.256,716.293,130.987,681.733,-0.32915,130.950,681.818,-0.33233,0
15340,127994,10,3,3,0,1,0,0,3,0,0,699.544,-1.441,-0.33246,-0.000,715.774,243.778,714.737,715.774,241.703,715.256,716.293,130.987,681.813,-0.32933,131.026,681.739,-0.33227,0
15355,128004,10,3,3,0,1,0,0,3,0,0,699.465,-1.516,-0.33239,-0.000,715.774,243.778,714.737,715.774,241.703,715.256,716.293,130.912,681.732,-0.32927,131.026,681.819,-0.33246,0
15355,128014,10,3,3,0,1,0,0,3,0,0,699.465,-1.516,-0.33240,-0.000,715.774,243.778,714.737,715.774,241.703,715.256,716.293,130.912,681.732,-0.32928,130.951,681.739,-0.33239,0
15370,128024,10,3,3,0,1,0,0,3,0,0,699.544,-1.516,-0.33273,-0.000,715.774,243.778,714.737,715.774,241.703,715.256,716.293,130.911,681.812,-0.32961,130.951,681.739,-0.33240,0
15386,128034,10,3,3,0,1,0,0,3,0,0,699.465,-1.516,-0.33270,-0.000,715.774,243.778,714.737,715.774,241.703,715.256,716.293,130.912,681.732,-0.32958,130.950,681.818,-0.33273,0
15386,128044,10,3,3,0,1,0,0,3,0,0,699.465,-1.441,-0.33273,-0.000,715.774,243.778,714.737,715.774,241.703,715.256,716.293,130.987,681.733,-0.32961,130.950,681.738,-0.33270,0
15402,128054,10,3,3,0,1,0,0,3,0,0,699.465,-1.516,-0.33246,-0.000,715.774,243.778,714.737,715.774,241.703,715.256,716.293,130.912,681.732,-0.32934,131.026,681.739,-0.33273,0
15402,128064,10,3,3,0,1,0,0,3,0,0,699.465,-1.441,-0.33257,-0.000,715.774,243.778,714.737,715.774,241.703,715.256,716.293,130.987,681.733,-0.32945,130.951,681.739,-0.33246,0
15417,128074,10,3,3,0,1,0,0,3,0,0,699.465,-1.516,-0.33251,-0.000,715.774,243.778,714.737,715.774,241.703,715.256,716.293,130.912,681.732,-0.32939,131.026,681.739,-0.33257,0
15433,128084,10,3,3,0,1,0,0,3,0,0,699.465,-1.516,-0.33236,-0.000,715.774,243.778,714.737,715.774,241.703,715.256,716.293,130.912,681.732,-0.32924,130.951,681.738,-0.33251,0
15433,128094,10,3,3,0,1,0,0,3,0,0,699.465,-1.516,-0.33275,-0.000,715.774,243.778,714.737,715.774,241.703,715.256,716.293,130.911,681.732,-0.32963,130.951,681.739,-0.33236,0
15449,128104,10,3,3,0,1,0,0,3,0,0,699.465,-1.516,-0.33283,-0.000,715.774,243.778,714.737,715.774,241.703,715.256,716.293,130.911,681.732,-0.32971,130.950,681.738,-0.33275,0
15465,128114,10,3,3,0,1,0,0,3,0,0,699.465,-1.441,-0.33261,-0.000,715.774,243.778,714.737,715.774,241.703,715.256,716.293,130.987,681.733,-0.32949,130.950,681.738,-0.33283,0
15465,128124,10,3,3,0,1,0,0,3,0,0,699.465,-1.441,-0.33239,-0.000,715.774,243.778,714.737,715.774,241.703,715.256,716.293,130.987,681.733,-0.32927,131.026,681.739,-0.33261,0
15481,128134,10,3,3,0,1,0,0,3,0,0,699.544,-1.441,-0.33204,-0.000,715.774,243.778,714.737,715.774,241.703,715.256,716.293,130.987,681.813,-0.32891,131.026,681.739,-0.33239,0
15496,128144,10,3,3,0,1,0,0,3,0,0,699.465,-1.441,-0.33231,-0.000,715.774,243.778,714.737,715.774,241.703,715.256,716.293,130.987,681.733,-0.32919,131.026,681.819,-0.33204,0
15496,128154,10,3,3,0,1,0,0,3,0,0,699.465,-1.441,-0.33243,-0.000,715.774,243.778,714.737,715.774,241.703,715.256,716.293,130.987,681.733,-0.32931,131.026,681.739,-0.33231,0
15512,128164,10,3,3,0,1,0,0,3,0,0,699.544,-1.516,-0.33236,-0.000,715.774,243.778,714.737,715.774,241.703,715.256,716.293,130.911,681.812,-0.32924,131.026,681.739,-0.33243,0
15512,128174,10,3,3,0,1,0,0,3,0,0,699.465,-1.516,-0.33238,-0.000,715.774,243.778,714.737,715.774,241.703,715.256,716.293,130.912,681.732,-0.32926,130.950,681.818,-0.33236,0
15528,128184,10,3,3,0,1,0,0,3,0,0,699.465,-1.441,-0.33213,-0.000,715.774,243.778,714.737,715.774,241.703,715.256,716.293,130.988,681.733,-0.32901,130.951,681.739,-0.33238,0
15544,128194,10,3,3,0,1,0,0,3,0,0,699.465,-1.441,-0.33199,-0.000,715.774,243.778,714.737,715.774,241.703,715.256,716.293,130.988,681.733,-0.32887,131.027,681.739,-0.33213,0
15544,128204,10,3,3,0,1,0,0,3,0,0,699.465,-1.441,-0.33220,-0.000,715.774,243.778,714.737,715.774,241.703,715.256,716.293,130.987,681.733,-0.32908,131.027,681.739,-0.33199,0
15559,128214,10,3,3,0,1,0,0,3,0,0,699.465,-1.441,-0.33190,-0.000,715.774,243.778,714.737,715.774,241.703,715.256,716.293,130.988,681.733,-0.32878,131.026,681.739,-0.33220,0
15574,128224,10,3,3,0,1,0,0,3,0,0,699.465,-1.441,-0.33212,-0.000,715.774,243.778,714.737,715.774,241.703,715.256,716.293,130.988,681.733,-0.32900,131.027,681.739,-0.33190,0
15574,128234,10,3,3,0,1,0,0,3,0,0,699.544,-1.441,-0.33214,-0.000,715.774,243.778,714.737,715.774,241.703,715.256,716.293,130.987,681.813,-0.32902,131.027,681.739,-0.33212,0
15590,128244,10,3,3,0,1,0,0,3,0,0,699.465,-1.516,-0.33197,-0.000,715.774,243.778,714.737,715.774,241.703,715.256,716.293,130.912,681.733,-0.32885,131.026,681.819,-0.33214,0
15605,128254,10,3,3,0,1,0,0,3,0,0,699.465,-1.441,-0.33172,-0.000,715.774,243.778,714.737,715.774,241.703,715.256,716.293,130.988,681.733,-0.32860,130.951,681.739,-0.33197,0
15605,128264,10,3,3,0,1,0,0,3,0,0,699.465,-1.441,-0.33174,-0.000,715.774,243.778,714.737,715.774,241.703,715.256,716.293,130.988,681.733,-0.32862,131.027,681.739,-0.33172,0
15621,128274,10,3,3,0,1,0,0,3,0,0,699.465,-1.516,-0.33196,-0.000,715.774,243.778,714.737,715.774,241.703,715.256,716.293,130.912,681.733,-0.32884,131.027,681.739,-0.33174,0
15636,128284,10,3,3,0,1,0,0,3,0,0,699.465,-1.441,-0.33219,-0.000,715.774,243.778,714.737,715.774,241.703,715.256,716.293,130.988,681.733,-0.32907,130.951,681.739,-0.33196,0
15636,128294,10,3,3,0,1,0,0,3,0,0,699.465,-1.441,-0.33223,-0.000,715.774,243.778,714.737,715.774,241.703,715.256,716.293,130.987,681.733,-0.32911,131.026,681.739,-0.33219,0
15652,128304,10,3,3,0,1,0,0,3,0,0,699.544,-1.441,-0.33240,-0.000,715.774,243.778,714.737,715.774,241.703,715.256,716.293,130.987,681.813,-0.32928,131.026,681.739,-0.33223,0
15652,128314,10,3,3,0,1,0,0,3,0,0,699.544,-1.516,-0.33256,-0.000,715.774,243.778,714.737,715.774,241.703,715.256,716.293,130.911,681.812,-0.32944,131.026,681.819,-0.33240,0
15668,128324,10,3,3,0,1,0,0,3,0,0,699.465,-1.441,-0.33255,-0.000,715.774,243.778,714.737,715.774,241.703,715.256,716.293,130.987,681.733,-0.32943,130.950,681.818,-0.33256,0
15684,128334,10,3,3,0,1,0,0,3,0,0,699.544,-1.441,-0.33265,-0.000,715.774,243.778,714.737,715.774,241.703,715.256,716.293,130.986,681.813,-0.32953,131.026,681.739,-0.33255,0
15684,128344,10,3,3,0,1,0,0,3,0,0,699.544,-1.516,-0.33262,-0.000,715.774,243.778,714.737,715.774,241.703,715.256,716.293,130.911,681.812,-0.32949,131.025,681.819,-0.33265,0
15700,128354,10,3,3,0,1,0,0,3,0,0,699.465,-1.441,-0.33253,-0.000,715.774,243.778,714.737,715.774,241.703,715.256,716.293,130.987,681.733,-0.32941,130.950,681.818,-0.33262,0
15715,128364,10,3,3,0,1,0,0,3,0,0,699.465,-1.516,-0.33258,-0.000,715.774,243.778,714.737,715.774,241.703,715.256,716.293,130.912,681.732,-0.32946,131.026,681.739,-0.33253,0
15715,128374,10,3,3,0,1,0,0,3,0,0,699.465,-1.441,-0.33300,-0.000,715.774,243.778,714.737,715.774,241.703,715.256,716.293,130.987,681.733,-0.32988,130.951,681.738,-0.33258,0
